FlightID,AircraftType,RouteAdherence,LandingQuality,PerformanceRating,ErrorsDetected,WeatherConditions,AirTrafficControlIssues,PilotExperience,FlightDuration,AccidentOccurred
1,A350,0.24,6.9,5.18,No,Fog,No,5.4,3.63,No
2,B737,1.43,1.56,6.53,No,Fog,Yes,7.97,8.63,Yes
3,B787,8.95,2.21,8.86,Yes,Clear,Yes,0.42,1.27,No
4,A380,9.29,2.96,7.92,No,Rain,No,7.92,8.15,No
5,B787,2.41,4.06,0.06,Yes,Clear,No,4.23,5.58,No
6,A350,1.81,5.58,3.96,Yes,Rain,Yes,4.61,6.98,No
7,A320,8.19,3.07,9.96,No,Thunderstorm,No,9.74,6.15,Yes
8,A380,1.32,1.26,0.57,No,Rain,Yes,0.38,3.63,Yes
9,B737,3.0,2.15,7.58,Yes,Thunderstorm,No,8.54,4.4,No
10,A350,6.65,1.66,8.64,Yes,Thunderstorm,Yes,2.99,9.02,No
11,B737,9.88,2.6,7.68,Yes,Rain,Yes,8.09,0.07,No
12,A350,1.52,8.81,4.25,No,Fog,Yes,8.64,8.59,Yes
13,A320,6.35,8.98,0.87,No,Snow,No,9.01,5.78,Yes
14,A380,0.31,3.95,4.72,No,Thunderstorm,No,0.09,6.47,No
15,B787,3.74,4.49,1.2,No,Rain,Yes,6.87,2.62,No
16,B787,4.73,4.15,2.31,No,Snow,No,0.93,3.51,No
17,A380,2.02,6.21,0.64,No,Snow,Yes,3.09,7.26,No
18,B787,3.84,7.15,7.12,No,Snow,Yes,4.5,9.29,No
19,A350,9.7,6.27,8.99,No,Fog,Yes,8.03,7.24,No
20,B787,6.86,9.3,0.59,Yes,Clear,Yes,8.09,1.11,No
21,B737,1.27,1.86,8.02,Yes,Snow,No,5.06,0.15,No
22,A380,8.66,8.43,8.59,No,Snow,Yes,6.72,3.65,Yes
23,A380,4.25,5.22,5.41,Yes,Thunderstorm,Yes,9.91,2.18,No
24,A380,6.63,1.86,7.17,No,Clear,No,9.68,9.04,No
25,A380,4.69,1.11,9.86,No,Rain,Yes,2.93,3.35,Yes
26,B737,1.87,3.59,3.29,No,Thunderstorm,No,7.02,8.51,Yes
27,B737,7.5,0.3,2.19,Yes,Clear,Yes,7.62,3.88,Yes
28,A320,8.05,10.0,6.11,No,Rain,No,8.66,0.29,No
29,A350,1.14,9.7,0.08,Yes,Snow,No,0.81,5.03,No
30,B787,1.63,2.73,2.29,Yes,Clear,No,4.17,6.03,No
31,A320,8.0,6.44,0.71,No,Fog,No,6.96,1.34,No
32,B737,9.95,8.43,8.88,Yes,Rain,Yes,6.42,1.83,Yes
33,A350,2.03,2.44,8.5,Yes,Rain,No,8.96,3.87,Yes
34,A320,9.75,5.32,4.27,No,Fog,Yes,4.08,0.67,No
35,B737,4.25,4.34,7.55,No,Snow,Yes,1.18,4.42,No
36,B737,7.47,7.46,5.77,No,Clear,No,1.88,6.41,No
37,A350,1.23,8.3,9.9,No,Rain,No,3.64,2.86,No
38,B737,3.05,4.59,7.37,No,Fog,No,2.12,6.33,No
39,B737,8.32,8.69,7.73,No,Snow,Yes,2.08,4.68,No
40,A320,8.58,9.51,2.41,Yes,Fog,Yes,0.13,7.71,Yes
41,A350,1.8,2.69,5.01,Yes,Fog,No,8.75,8.94,No
42,A350,7.24,8.92,6.03,Yes,Rain,Yes,7.67,7.96,No
43,B787,2.54,1.97,1.11,No,Rain,No,1.31,0.06,No
44,A380,7.39,8.28,0.04,Yes,Rain,No,1.56,9.27,No
45,A350,4.73,9.04,3.83,No,Snow,Yes,1.21,2.0,No
46,A350,5.5,4.41,5.01,No,Snow,No,8.65,9.14,No
47,A380,7.38,1.46,2.54,No,Thunderstorm,Yes,9.79,6.72,Yes
48,B787,8.29,3.2,3.71,Yes,Fog,No,2.96,5.32,No
49,A320,9.63,2.45,8.48,No,Snow,No,7.21,0.03,No
50,A380,7.7,5.15,2.98,No,Clear,Yes,4.72,4.99,Yes
51,A380,9.35,2.0,8.07,No,Fog,No,6.1,5.55,Yes
52,B737,5.83,4.49,0.87,No,Thunderstorm,Yes,2.53,5.39,Yes
53,B737,4.67,0.42,2.08,Yes,Thunderstorm,Yes,2.8,7.44,No
54,B787,1.74,1.66,1.25,Yes,Thunderstorm,Yes,9.09,3.72,No
55,A380,7.15,2.33,3.98,No,Fog,No,7.54,3.88,Yes
56,A350,1.95,2.14,5.78,Yes,Thunderstorm,No,8.91,8.82,No
57,B787,9.77,2.14,5.91,No,Rain,No,4.09,7.23,Yes
58,A320,7.75,1.34,2.43,No,Clear,Yes,2.54,9.14,Yes
59,A350,6.99,2.65,0.84,No,Snow,No,9.24,7.04,Yes
60,B737,0.19,1.66,1.93,Yes,Clear,No,4.24,7.36,Yes
61,A380,0.82,3.94,5.57,No,Fog,No,3.16,4.62,Yes
62,B737,5.95,9.22,9.84,Yes,Fog,No,5.88,1.04,Yes
63,B787,6.89,7.95,6.48,Yes,Fog,Yes,4.96,0.75,No
64,B787,8.62,1.38,8.06,No,Snow,Yes,7.17,4.68,Yes
65,A380,0.52,3.24,5.84,No,Clear,No,8.28,5.35,Yes
66,B787,8.65,6.8,8.15,Yes,Snow,Yes,9.22,5.63,No
67,A380,1.95,8.07,2.61,Yes,Snow,No,1.57,8.66,Yes
68,A320,6.24,7.65,5.46,No,Thunderstorm,Yes,8.88,0.17,Yes
69,B737,4.57,2.11,6.58,No,Rain,Yes,2.9,5.03,Yes
70,B787,6.48,2.03,4.5,Yes,Clear,No,7.71,9.47,No
71,A320,3.81,4.25,9.11,Yes,Clear,No,7.9,8.77,Yes
72,A380,8.39,9.05,4.86,No,Snow,Yes,4.49,8.01,Yes
73,A320,4.67,2.3,8.9,No,Snow,No,6.39,5.86,Yes
74,B737,1.86,4.13,4.37,No,Rain,Yes,0.48,8.23,Yes
75,A380,2.41,6.13,3.63,Yes,Clear,No,7.48,9.31,Yes
76,A320,0.77,5.09,0.17,No,Thunderstorm,Yes,3.16,4.39,Yes
77,A350,2.91,8.33,1.09,No,Thunderstorm,No,7.22,3.63,Yes
78,B737,1.57,6.27,4.03,No,Clear,No,9.62,0.15,Yes
79,A380,9.0,6.8,9.61,No,Fog,No,7.19,6.38,No
80,A350,9.91,9.59,6.45,No,Rain,Yes,1.97,7.39,No
81,A350,9.31,1.82,4.23,Yes,Snow,Yes,7.09,0.99,No
82,B787,9.82,0.47,6.11,No,Snow,No,8.22,9.36,Yes
83,B787,4.83,7.04,0.16,Yes,Fog,No,5.02,9.22,No
84,B787,0.74,3.8,9.45,No,Clear,Yes,8.48,9.35,No
85,A350,6.9,3.19,4.65,Yes,Fog,Yes,5.45,5.35,Yes
86,A380,3.2,9.07,7.84,No,Snow,Yes,0.04,4.03,No
87,B737,9.68,8.23,6.35,No,Thunderstorm,No,2.6,8.81,No
88,A380,3.81,4.26,7.88,No,Rain,No,3.52,9.06,Yes
89,A380,3.63,1.8,2.41,Yes,Snow,Yes,2.31,3.86,Yes
90,A380,0.42,0.33,3.91,No,Thunderstorm,No,8.85,5.19,No
91,B737,0.34,6.35,8.79,Yes,Rain,Yes,9.27,9.33,No
92,B787,8.06,8.92,4.03,No,Thunderstorm,Yes,1.79,5.05,No
93,A380,4.98,6.7,2.2,Yes,Fog,Yes,5.26,9.36,No
94,A320,8.73,8.11,9.96,Yes,Snow,No,6.94,3.42,Yes
95,B787,0.82,6.19,5.64,No,Clear,Yes,4.41,6.78,No
96,A350,3.27,6.82,8.17,Yes,Fog,Yes,3.48,0.5,No
97,A380,7.49,5.3,0.23,No,Thunderstorm,No,3.3,1.87,Yes
98,A350,9.76,7.29,0.36,Yes,Snow,Yes,1.68,4.99,No
99,A380,7.33,7.34,1.59,No,Rain,No,5.38,5.87,No
100,A380,2.35,0.3,0.89,Yes,Snow,Yes,8.76,4.85,Yes
101,A320,4.16,9.52,1.57,No,Snow,Yes,0.06,2.04,Yes
102,A350,5.04,6.34,9.5,Yes,Clear,Yes,9.86,3.12,No
103,A320,7.05,0.33,5.7,Yes,Fog,Yes,5.14,4.12,Yes
104,B737,3.37,0.14,0.82,No,Fog,Yes,5.48,5.15,No
105,B787,9.3,3.92,1.54,No,Rain,Yes,9.52,1.22,No
106,A320,3.28,8.01,9.17,Yes,Thunderstorm,Yes,6.13,9.77,No
107,B787,5.04,4.89,5.16,No,Thunderstorm,No,1.67,2.72,No
108,B787,2.04,1.46,9.92,Yes,Thunderstorm,Yes,6.4,6.12,No
109,A380,0.0,5.97,2.73,No,Clear,No,6.97,6.09,No
110,B737,6.63,3.16,9.32,Yes,Fog,No,8.51,1.57,No
111,A350,7.67,6.28,9.69,No,Fog,No,0.91,9.15,Yes
112,A380,8.52,7.22,9.86,No,Rain,No,3.95,5.36,Yes
113,B787,2.32,1.84,2.85,Yes,Clear,Yes,7.01,2.68,Yes
114,B737,8.53,6.99,3.2,Yes,Rain,No,6.35,6.48,Yes
115,A320,5.48,3.99,6.22,No,Rain,Yes,6.73,7.2,No
116,A320,7.34,0.1,5.78,Yes,Thunderstorm,No,4.94,6.24,Yes
117,A380,8.18,4.67,4.18,No,Rain,No,3.84,3.01,Yes
118,B737,6.74,3.46,1.55,No,Fog,No,3.59,4.12,No
119,A320,4.71,5.51,5.41,No,Rain,No,8.34,6.82,Yes
120,A380,6.79,5.98,2.97,Yes,Thunderstorm,No,2.65,0.64,No
121,B787,1.53,5.99,6.55,Yes,Snow,Yes,2.13,5.64,No
122,A380,9.32,6.14,8.85,Yes,Snow,Yes,3.48,9.4,No
123,A350,9.29,5.32,8.09,No,Clear,Yes,7.66,4.4,No
124,A350,9.85,2.08,3.77,No,Thunderstorm,Yes,2.55,2.23,No
125,A350,2.56,3.2,6.93,No,Thunderstorm,Yes,2.49,7.48,No
126,A320,7.22,0.9,1.37,Yes,Fog,Yes,8.93,2.97,Yes
127,B737,0.03,5.57,0.04,No,Thunderstorm,No,2.34,2.61,No
128,A380,3.44,2.2,5.36,No,Rain,No,6.08,3.07,No
129,A380,6.82,1.68,1.27,No,Rain,Yes,8.7,3.02,Yes
130,B737,5.86,7.52,5.75,Yes,Thunderstorm,No,6.96,2.92,Yes
131,B787,8.42,2.68,5.59,No,Snow,No,0.61,1.95,Yes
132,A320,2.05,1.78,8.16,Yes,Clear,No,5.37,4.38,Yes
133,A350,6.04,7.47,1.5,No,Snow,No,5.67,1.78,Yes
134,A320,0.73,6.66,9.14,Yes,Fog,Yes,2.96,5.57,No
135,B737,4.25,1.23,4.63,No,Fog,No,0.15,4.68,Yes
136,A350,8.46,3.75,6.11,No,Fog,Yes,9.76,5.2,Yes
137,B787,2.79,6.38,6.79,Yes,Rain,No,9.02,8.73,No
138,B787,7.56,6.33,8.13,No,Clear,Yes,8.52,2.08,No
139,A320,3.27,8.82,0.22,No,Clear,Yes,7.51,7.46,No
140,A350,8.25,9.85,2.59,Yes,Snow,Yes,9.97,8.83,No
141,B787,9.19,2.14,5.69,Yes,Rain,Yes,8.09,6.1,No
142,A380,2.75,3.2,0.02,Yes,Rain,No,4.04,5.54,No
143,A350,7.91,4.84,2.61,Yes,Snow,No,9.37,4.24,Yes
144,B787,7.28,9.29,8.5,Yes,Rain,No,8.71,6.28,Yes
145,A320,2.87,0.96,8.8,No,Snow,No,6.44,7.35,Yes
146,B787,8.4,7.54,3.75,No,Clear,Yes,4.05,7.47,No
147,A350,5.44,3.55,6.55,No,Rain,No,4.19,1.22,Yes
148,A350,4.87,1.47,9.58,No,Clear,Yes,0.69,2.5,No
149,A350,3.5,6.61,8.43,No,Rain,Yes,2.35,5.4,Yes
150,A320,5.39,8.9,2.07,Yes,Clear,No,5.58,7.69,Yes
151,B737,4.48,2.79,9.96,Yes,Snow,Yes,3.7,1.26,No
152,A320,5.55,5.67,9.33,Yes,Snow,No,7.74,4.34,Yes
153,A320,0.57,3.59,0.68,No,Snow,Yes,8.85,9.89,No
154,A380,8.95,4.31,3.72,Yes,Fog,No,8.0,3.45,Yes
155,B737,5.32,5.55,2.14,Yes,Snow,Yes,7.23,4.28,Yes
156,A380,3.58,4.7,8.76,Yes,Fog,Yes,3.62,3.3,No
157,A350,3.84,1.41,3.38,Yes,Rain,No,5.69,4.92,Yes
158,B787,1.72,2.97,4.07,Yes,Thunderstorm,Yes,6.78,3.37,No
159,B787,8.67,4.92,4.66,No,Clear,Yes,7.54,5.38,Yes
160,A320,9.36,7.39,1.22,No,Fog,No,2.16,3.16,No
161,A350,5.98,8.16,8.62,Yes,Rain,Yes,5.29,7.34,No
162,B787,5.32,3.92,7.52,Yes,Clear,Yes,0.97,9.25,Yes
163,B737,8.19,5.93,4.08,Yes,Fog,Yes,1.11,0.93,Yes
164,B737,3.81,0.9,7.79,Yes,Thunderstorm,Yes,4.26,1.29,Yes
165,A380,4.77,9.37,4.14,No,Thunderstorm,No,5.12,8.34,No
166,A320,6.52,1.22,5.04,Yes,Clear,No,7.63,2.81,No
167,B737,2.38,7.69,5.57,Yes,Thunderstorm,No,0.47,9.03,No
168,A320,0.11,6.77,1.86,No,Fog,No,2.17,7.88,Yes
169,B737,5.79,8.89,6.48,No,Thunderstorm,Yes,3.35,4.66,Yes
170,A350,7.05,5.34,1.64,No,Fog,Yes,2.19,8.66,No
171,A350,7.31,9.94,0.51,Yes,Snow,No,0.73,8.35,No
172,A380,5.33,5.83,7.57,Yes,Clear,Yes,0.26,0.11,No
173,A320,4.08,0.36,6.68,No,Snow,Yes,8.15,1.88,No
174,A350,6.25,5.82,3.16,Yes,Thunderstorm,No,9.75,2.32,No
175,A380,2.11,1.14,1.32,Yes,Rain,Yes,3.87,9.95,Yes
176,A350,8.31,4.78,4.61,Yes,Clear,Yes,2.14,8.62,No
177,A350,1.21,0.26,3.01,No,Clear,Yes,5.85,4.81,Yes
178,A380,4.05,7.4,0.25,No,Clear,Yes,1.49,6.53,Yes
179,B737,1.61,7.75,2.73,No,Rain,No,2.38,8.28,No
180,A380,1.78,0.77,9.31,No,Thunderstorm,Yes,1.77,0.6,No
181,B787,6.29,8.96,9.62,Yes,Snow,No,5.3,5.42,No
182,A380,7.68,7.37,6.61,Yes,Snow,No,3.77,6.3,Yes
183,A380,1.87,9.54,9.16,No,Thunderstorm,Yes,6.29,7.02,No
184,A320,6.31,3.84,3.91,No,Fog,No,3.06,6.3,Yes
185,A350,0.6,6.5,3.63,Yes,Thunderstorm,No,0.19,0.74,Yes
186,B787,9.9,6.62,5.83,Yes,Fog,No,5.94,5.32,Yes
187,A350,6.67,0.95,4.57,No,Thunderstorm,Yes,4.68,0.03,No
188,B737,6.62,6.05,7.9,Yes,Thunderstorm,No,8.01,6.34,No
189,A320,2.89,2.08,8.96,No,Clear,Yes,9.37,1.03,Yes
190,B737,8.62,6.56,0.98,No,Rain,Yes,3.38,6.37,Yes
191,B787,4.65,5.61,3.15,Yes,Rain,No,4.53,5.6,No
192,A350,6.43,9.51,1.98,Yes,Rain,No,4.71,3.53,Yes
193,A380,4.97,2.47,0.93,Yes,Thunderstorm,No,4.9,1.66,Yes
194,A320,4.9,2.47,8.46,No,Thunderstorm,No,4.19,4.29,No
195,A320,0.96,9.6,2.37,Yes,Thunderstorm,No,9.13,6.66,Yes
196,A320,7.24,6.62,7.77,Yes,Thunderstorm,Yes,8.61,3.25,No
197,A380,9.71,7.03,8.87,No,Snow,Yes,4.03,0.1,Yes
198,A350,9.07,3.06,8.72,No,Thunderstorm,Yes,2.96,7.0,Yes
199,B737,5.37,7.41,5.57,Yes,Clear,No,4.22,3.06,Yes
200,A380,0.68,8.77,1.42,No,Fog,No,6.85,7.17,No
201,A320,6.48,1.37,8.42,Yes,Thunderstorm,No,7.67,0.7,No
202,A380,6.69,9.08,1.23,Yes,Clear,No,9.35,0.14,No
203,B737,0.1,3.35,2.65,Yes,Rain,No,1.35,0.91,No
204,A350,3.67,1.07,3.86,No,Fog,Yes,9.02,2.84,No
205,B737,1.65,3.04,7.42,Yes,Snow,Yes,8.24,6.64,No
206,B787,5.95,6.82,9.4,No,Thunderstorm,Yes,1.63,4.76,No
207,A380,9.62,0.98,2.62,No,Rain,Yes,5.67,6.98,No
208,A380,9.16,0.23,1.48,No,Snow,No,2.73,5.06,Yes
209,A320,2.48,5.17,6.23,Yes,Rain,Yes,1.02,7.88,Yes
210,A380,0.54,6.83,7.14,No,Rain,Yes,2.89,2.72,No
211,A350,4.56,8.08,1.15,Yes,Fog,No,8.65,8.07,No
212,A320,2.95,2.68,3.0,No,Thunderstorm,No,9.92,2.96,Yes
213,B787,5.73,1.97,6.76,Yes,Rain,No,8.77,7.2,No
214,B737,8.28,0.99,8.97,No,Snow,Yes,5.38,3.75,Yes
215,A320,5.89,8.29,6.2,No,Thunderstorm,Yes,0.45,6.99,No
216,A320,3.64,9.58,7.18,No,Thunderstorm,No,1.92,1.77,Yes
217,B737,9.08,8.52,9.33,No,Rain,Yes,4.21,8.78,No
218,B787,9.21,6.33,6.19,Yes,Clear,No,2.64,7.26,Yes
219,A320,3.64,2.49,4.94,Yes,Thunderstorm,No,1.02,8.91,Yes
220,B787,6.42,5.63,7.59,Yes,Rain,No,6.97,6.7,Yes
221,B787,2.37,2.02,5.89,No,Thunderstorm,Yes,0.32,3.79,No
222,B787,6.06,9.42,1.18,No,Rain,Yes,5.43,0.09,Yes
223,B787,3.34,3.37,2.55,Yes,Clear,Yes,8.14,2.6,No
224,A350,7.87,1.24,7.07,No,Clear,No,1.36,2.36,No
225,A350,3.91,9.42,7.78,Yes,Fog,Yes,2.43,7.94,Yes
226,B737,9.54,2.92,0.18,Yes,Fog,No,9.81,9.85,No
227,A320,7.16,8.62,4.07,No,Clear,No,8.51,6.46,No
228,B787,8.18,8.99,7.89,Yes,Snow,Yes,5.17,4.69,Yes
229,B737,7.79,5.24,2.45,No,Snow,Yes,5.31,6.37,Yes
230,A350,5.01,4.95,3.1,Yes,Fog,Yes,1.79,5.53,Yes
231,B787,5.8,9.25,9.18,Yes,Clear,Yes,9.11,6.2,No
232,A380,4.66,7.0,5.63,Yes,Clear,No,8.53,3.89,Yes
233,A320,3.31,5.43,9.12,Yes,Clear,No,5.16,7.44,No
234,A350,4.47,3.53,1.42,Yes,Thunderstorm,No,6.72,8.0,Yes
235,A350,4.58,1.43,6.42,No,Thunderstorm,No,1.14,0.29,No
236,B737,1.67,2.88,2.56,No,Rain,No,1.78,5.02,No
237,A380,7.17,0.69,2.06,No,Thunderstorm,Yes,2.47,0.5,No
238,B787,8.32,1.67,4.81,Yes,Fog,No,1.66,3.17,Yes
239,A320,7.11,0.97,9.84,No,Clear,No,5.81,5.76,Yes
240,B737,3.31,9.01,7.15,No,Clear,Yes,8.52,7.28,No
241,A320,7.41,4.52,0.66,No,Snow,Yes,3.59,6.89,No
242,B787,2.24,8.48,4.03,No,Fog,No,3.13,0.81,No
243,B737,7.34,6.97,1.77,Yes,Snow,Yes,4.33,6.39,Yes
244,B737,7.43,5.04,3.06,Yes,Snow,No,2.9,8.92,No
245,B787,9.47,0.51,8.31,No,Fog,No,5.7,7.59,Yes
246,A380,1.14,7.31,6.17,No,Clear,No,7.9,2.55,No
247,B737,8.87,2.63,0.49,Yes,Thunderstorm,No,7.46,0.85,Yes
248,A350,5.78,8.42,5.0,No,Snow,Yes,4.28,4.43,Yes
249,B787,5.05,3.02,7.35,Yes,Fog,Yes,8.05,9.68,Yes
250,A320,7.28,9.29,7.16,No,Thunderstorm,No,6.23,1.33,No
251,A350,8.18,6.72,5.44,No,Fog,No,5.85,9.52,No
252,A380,2.67,7.35,2.35,No,Fog,No,1.71,2.93,Yes
253,B787,2.91,6.81,4.52,No,Clear,Yes,1.53,9.57,No
254,B737,8.18,2.53,8.43,Yes,Rain,Yes,4.82,8.06,Yes
255,A350,4.67,1.7,0.63,Yes,Fog,No,0.07,7.81,No
256,A350,8.4,2.5,5.52,No,Thunderstorm,Yes,6.16,5.96,Yes
257,B787,2.52,6.1,9.53,Yes,Thunderstorm,Yes,7.38,6.81,No
258,A320,0.66,2.71,1.26,Yes,Thunderstorm,Yes,1.06,9.4,No
259,B737,1.02,4.46,4.02,Yes,Thunderstorm,No,7.78,3.91,Yes
260,A320,1.88,5.53,5.4,Yes,Rain,No,1.5,1.12,No
261,B737,5.23,4.42,0.26,No,Thunderstorm,Yes,9.92,2.79,No
262,B787,3.25,8.88,6.9,No,Fog,No,1.88,9.64,No
263,A380,7.16,6.44,5.69,No,Clear,No,5.16,7.54,No
264,B787,3.23,7.72,7.59,Yes,Rain,No,4.67,0.59,Yes
265,A320,3.58,9.88,4.3,Yes,Fog,No,7.7,6.72,No
266,A380,9.54,2.2,0.08,Yes,Rain,No,4.92,4.7,Yes
267,B787,3.67,5.16,8.59,Yes,Fog,No,8.19,9.78,No
268,A320,9.6,2.27,9.79,No,Thunderstorm,No,8.53,1.84,No
269,A320,0.78,4.19,5.98,Yes,Snow,No,8.04,6.98,No
270,A350,2.63,0.2,4.85,No,Clear,No,8.69,2.55,No
271,B787,9.8,0.83,6.89,No,Clear,Yes,8.52,9.59,No
272,B787,7.73,9.09,6.38,Yes,Rain,No,5.18,9.73,Yes
273,A320,0.87,6.46,3.55,Yes,Snow,Yes,4.4,4.7,Yes
274,A350,1.33,3.86,8.66,No,Clear,Yes,3.0,7.04,No
275,A320,3.73,4.06,5.25,Yes,Thunderstorm,Yes,9.57,6.48,Yes
276,B787,1.21,1.24,9.16,No,Fog,Yes,2.68,1.92,Yes
277,B737,8.41,2.22,2.32,Yes,Fog,Yes,6.69,4.06,Yes
278,A320,9.46,5.19,4.13,Yes,Thunderstorm,Yes,8.33,1.53,No
279,B737,1.02,5.89,0.31,Yes,Fog,Yes,0.58,4.79,Yes
280,B737,7.48,4.45,4.92,No,Rain,No,2.35,7.28,No
281,A380,5.35,5.04,6.86,No,Clear,Yes,8.44,2.0,No
282,A320,2.58,0.75,4.01,Yes,Rain,Yes,1.2,9.56,Yes
283,B787,3.25,8.39,0.61,No,Thunderstorm,Yes,2.68,5.19,Yes
284,A320,9.92,1.44,7.64,Yes,Thunderstorm,Yes,5.95,1.48,No
285,B737,5.71,7.43,1.88,No,Thunderstorm,No,5.05,9.82,Yes
286,B787,5.58,7.85,7.01,No,Fog,Yes,3.39,2.82,Yes
287,A320,4.79,0.93,0.99,Yes,Thunderstorm,No,5.69,4.38,No
288,B737,6.37,6.54,4.52,Yes,Fog,Yes,8.19,9.88,No
289,A320,0.57,6.83,4.11,Yes,Rain,No,9.62,7.16,Yes
290,A320,1.49,2.49,0.88,No,Snow,No,3.32,8.96,Yes
291,A380,7.42,0.08,4.52,Yes,Clear,Yes,0.11,3.07,No
292,B787,3.41,6.45,9.65,No,Snow,No,6.98,5.06,No
293,A380,7.02,1.83,6.12,No,Snow,Yes,4.75,7.07,Yes
294,A350,6.05,5.58,3.49,No,Fog,No,8.95,0.8,Yes
295,A380,3.17,9.41,5.5,Yes,Fog,No,7.48,7.83,No
296,B787,7.23,1.65,4.0,No,Fog,No,7.78,2.37,No
297,B787,8.75,5.1,9.77,No,Snow,Yes,6.52,6.81,No
298,A380,0.75,3.55,6.64,Yes,Fog,No,7.84,6.74,Yes
299,A380,2.32,7.86,5.73,No,Clear,Yes,3.14,6.54,Yes
300,B787,4.84,1.98,0.65,No,Snow,Yes,4.13,2.39,Yes
301,B787,5.12,0.29,5.08,No,Fog,Yes,9.86,7.63,Yes
302,B787,1.5,8.3,0.86,No,Fog,Yes,9.07,1.73,No
303,B787,7.86,3.71,3.19,No,Thunderstorm,Yes,0.03,6.6,Yes
304,A320,8.33,5.93,5.63,No,Fog,No,3.3,1.79,Yes
305,A350,1.33,9.14,6.12,Yes,Snow,Yes,4.52,5.66,Yes
306,A320,3.23,9.3,6.67,Yes,Snow,No,8.02,9.3,No
307,B787,4.33,8.89,5.42,Yes,Thunderstorm,No,9.21,4.96,No
308,A350,2.55,2.59,2.96,Yes,Rain,Yes,6.66,9.41,Yes
309,A380,0.42,0.09,4.83,No,Rain,No,1.91,4.78,No
310,A320,1.33,6.88,6.94,No,Clear,Yes,2.65,8.26,Yes
311,B737,2.11,8.61,8.61,Yes,Rain,Yes,8.67,1.09,No
312,B787,4.69,9.41,6.65,Yes,Clear,Yes,9.36,2.34,Yes
313,B787,8.67,2.8,4.4,Yes,Clear,No,2.85,2.99,No
314,A350,6.72,8.08,4.83,No,Clear,No,1.03,0.84,No
315,B737,4.06,1.65,2.08,Yes,Snow,Yes,6.7,9.06,No
316,A320,1.85,7.65,6.86,Yes,Rain,No,2.44,3.71,No
317,A350,0.3,9.64,3.87,Yes,Thunderstorm,Yes,9.86,5.97,Yes
318,B787,4.51,0.85,2.5,Yes,Rain,Yes,6.67,5.85,Yes
319,B737,7.45,4.2,6.53,No,Clear,No,5.69,6.4,No
320,A380,3.47,3.45,4.16,Yes,Snow,No,0.88,2.2,No
321,A380,8.76,0.56,1.66,No,Thunderstorm,Yes,2.26,2.35,No
322,B737,1.4,4.29,0.59,Yes,Rain,Yes,9.59,2.02,No
323,B787,3.14,8.01,7.36,No,Clear,Yes,3.57,1.36,No
324,A320,7.23,9.93,0.17,No,Rain,Yes,7.19,6.21,Yes
325,A320,6.16,4.77,0.54,No,Snow,No,7.03,7.28,No
326,A350,6.73,0.87,9.33,Yes,Rain,Yes,6.1,5.46,No
327,A320,5.04,8.72,6.08,No,Fog,No,3.21,1.46,Yes
328,B737,1.58,3.0,1.75,Yes,Snow,No,9.79,0.7,Yes
329,B787,6.97,3.12,3.5,Yes,Thunderstorm,No,2.95,3.26,Yes
330,A350,4.35,1.88,3.94,Yes,Fog,Yes,0.54,6.05,Yes
331,B737,3.41,6.95,4.41,Yes,Clear,Yes,8.31,1.47,No
332,A320,6.83,1.91,4.07,No,Thunderstorm,Yes,0.67,9.66,No
333,B787,4.79,1.29,9.52,No,Fog,No,7.23,7.87,Yes
334,A320,9.3,6.32,6.01,Yes,Thunderstorm,No,2.3,7.18,No
335,A320,7.7,6.87,4.43,No,Clear,Yes,0.56,2.27,Yes
336,B787,6.45,9.27,5.81,Yes,Rain,No,1.93,5.56,Yes
337,A350,6.96,3.1,6.73,No,Fog,No,7.48,6.12,No
338,A350,9.81,9.85,9.9,No,Rain,No,7.43,5.92,Yes
339,B737,2.12,4.15,4.06,No,Clear,Yes,5.37,1.15,Yes
340,A350,2.68,0.99,7.0,No,Clear,No,4.27,7.46,No
341,B787,3.81,1.93,0.48,No,Clear,Yes,2.41,1.92,No
342,A350,8.84,6.2,9.37,Yes,Clear,No,5.03,5.28,No
343,A350,6.99,2.13,0.38,Yes,Clear,No,4.42,5.14,No
344,A320,2.58,6.63,6.28,Yes,Clear,Yes,1.91,6.5,No
345,B787,8.53,3.47,5.95,No,Clear,No,5.79,6.28,No
346,B737,4.76,2.14,4.24,Yes,Fog,Yes,7.11,6.89,No
347,B737,4.71,0.78,9.63,Yes,Fog,No,9.21,3.16,Yes
348,B737,5.41,7.22,4.23,Yes,Thunderstorm,Yes,2.18,4.11,No
349,A350,5.8,3.04,8.62,No,Snow,Yes,9.12,4.76,No
350,A350,8.17,1.07,8.11,No,Thunderstorm,Yes,8.34,3.33,No
351,A380,1.81,8.95,0.41,No,Fog,Yes,5.7,1.45,No
352,A380,6.28,9.03,1.92,Yes,Thunderstorm,Yes,7.4,0.1,No
353,A320,0.38,6.32,8.03,Yes,Fog,Yes,0.37,0.42,Yes
354,A320,4.62,4.44,8.18,No,Fog,No,5.4,5.47,No
355,B737,3.99,1.44,0.71,Yes,Snow,Yes,1.24,7.15,No
356,A350,2.97,7.12,2.91,No,Clear,No,6.36,5.2,Yes
357,A320,6.86,7.71,0.55,No,Rain,No,7.32,9.57,Yes
358,B787,9.61,7.26,9.83,No,Fog,Yes,4.28,3.27,No
359,A320,0.47,6.57,2.12,No,Thunderstorm,No,9.99,7.83,No
360,A320,3.51,4.24,5.8,Yes,Fog,Yes,3.3,1.18,No
361,A380,6.81,1.95,5.34,No,Fog,No,7.9,3.71,Yes
362,B737,4.85,3.3,0.33,No,Snow,No,5.95,5.92,No
363,A320,9.6,0.61,9.71,No,Thunderstorm,Yes,4.63,9.27,No
364,B737,4.71,8.7,5.67,No,Snow,Yes,1.68,3.88,No
365,A350,1.78,9.65,7.87,Yes,Rain,No,2.79,1.78,No
366,A320,7.48,7.1,2.55,Yes,Snow,Yes,6.18,2.18,No
367,A320,4.62,7.03,3.85,No,Snow,No,3.58,2.61,No
368,A380,3.0,0.87,9.84,Yes,Clear,Yes,2.12,8.73,Yes
369,B787,3.22,3.77,7.17,No,Fog,Yes,2.54,3.51,No
370,A380,6.81,7.73,6.86,No,Rain,No,0.02,4.73,Yes
371,B787,7.32,7.61,4.24,No,Fog,Yes,6.12,4.09,No
372,B787,2.85,0.81,8.81,No,Fog,Yes,5.32,6.88,No
373,A350,3.14,2.09,4.64,Yes,Fog,No,3.35,8.25,Yes
374,B737,8.52,2.85,1.67,Yes,Thunderstorm,Yes,8.63,7.4,Yes
375,B787,4.32,0.35,5.77,Yes,Thunderstorm,No,9.17,3.21,Yes
376,A350,6.03,8.67,2.77,No,Fog,Yes,3.05,1.22,Yes
377,A380,2.92,6.25,9.16,Yes,Snow,Yes,1.97,8.77,Yes
378,A320,1.22,0.51,5.35,Yes,Fog,No,4.94,3.03,Yes
379,A320,2.13,7.63,6.45,Yes,Rain,Yes,3.33,4.02,Yes
380,B737,8.26,2.52,2.28,No,Rain,No,3.91,1.44,No
381,A320,1.05,8.83,7.23,Yes,Rain,No,9.13,3.31,No
382,A350,0.91,9.83,4.67,Yes,Rain,No,6.35,9.25,Yes
383,A350,3.4,2.74,0.53,No,Clear,Yes,2.8,2.84,No
384,B737,9.82,7.08,6.06,Yes,Snow,Yes,8.06,9.34,No
385,B737,5.61,5.09,3.01,No,Thunderstorm,Yes,9.41,6.63,No
386,B787,5.71,6.62,9.2,No,Fog,Yes,6.38,9.21,Yes
387,B787,8.76,0.73,3.82,Yes,Fog,No,4.57,8.21,No
388,A320,0.39,0.95,4.22,Yes,Rain,No,2.96,0.18,No
389,A380,8.53,1.07,4.16,Yes,Fog,No,5.55,9.57,No
390,A380,1.77,7.66,7.19,Yes,Fog,No,6.7,1.14,Yes
391,A350,5.49,1.87,5.71,No,Snow,Yes,0.93,9.32,No
392,A320,7.58,3.46,0.53,Yes,Thunderstorm,Yes,4.38,8.01,Yes
393,B787,0.79,7.25,1.98,No,Rain,No,3.53,8.77,No
394,B737,5.74,1.8,2.25,Yes,Snow,Yes,9.17,1.93,Yes
395,B787,6.64,7.99,1.03,No,Fog,Yes,1.33,5.0,Yes
396,B787,4.48,4.61,4.37,No,Snow,No,8.31,1.63,Yes
397,A380,0.02,7.38,7.65,Yes,Rain,No,2.35,8.44,Yes
398,A320,1.35,7.49,7.15,Yes,Thunderstorm,No,1.15,8.33,Yes
399,B787,6.57,5.48,3.2,Yes,Fog,No,1.2,8.02,Yes
400,B787,4.26,6.39,7.26,Yes,Fog,Yes,2.13,5.59,Yes
401,B737,3.45,7.63,4.72,Yes,Fog,No,7.25,0.19,Yes
402,A320,7.61,4.09,6.41,Yes,Rain,Yes,9.16,2.62,Yes
403,B787,7.95,0.28,7.42,No,Snow,Yes,5.07,2.05,Yes
404,A350,7.83,2.58,9.27,No,Snow,Yes,0.57,7.28,No
405,B787,2.68,7.64,5.97,Yes,Thunderstorm,Yes,6.95,2.39,No
406,A380,8.0,9.06,6.42,Yes,Thunderstorm,Yes,0.55,3.88,Yes
407,A380,7.98,5.54,7.07,Yes,Rain,Yes,4.56,7.79,No
408,A320,0.74,5.37,2.38,Yes,Snow,Yes,9.75,8.4,No
409,A320,5.84,0.44,9.67,No,Clear,No,3.07,5.09,No
410,A380,0.32,0.24,7.1,Yes,Fog,Yes,2.61,5.41,Yes
411,B787,8.27,3.1,4.39,No,Thunderstorm,Yes,5.12,6.29,Yes
412,B737,1.35,4.18,2.75,No,Thunderstorm,Yes,4.79,9.87,No
413,A320,2.62,6.91,2.26,No,Snow,No,6.57,6.5,No
414,A320,5.54,0.92,0.14,No,Thunderstorm,Yes,5.29,4.85,Yes
415,B737,6.26,2.0,1.79,No,Thunderstorm,Yes,2.03,4.99,Yes
416,B787,3.28,5.73,8.1,Yes,Rain,Yes,1.03,6.05,No
417,B737,5.84,1.12,1.17,Yes,Snow,Yes,5.43,5.94,Yes
418,A320,2.17,2.34,7.93,Yes,Thunderstorm,Yes,4.42,2.57,No
419,A320,1.12,9.39,6.75,Yes,Thunderstorm,Yes,7.7,0.64,Yes
420,A320,4.91,6.65,9.58,No,Thunderstorm,Yes,1.1,4.28,Yes
421,B737,7.64,3.72,4.87,No,Thunderstorm,Yes,6.01,7.31,No
422,B787,3.53,2.23,8.74,Yes,Clear,Yes,4.94,6.25,Yes
423,A380,0.88,1.44,1.82,Yes,Snow,No,5.26,1.72,No
424,A320,6.83,6.65,9.52,No,Thunderstorm,No,2.26,5.73,No
425,A350,1.52,0.78,6.71,No,Rain,No,9.67,3.56,No
426,B787,6.34,7.24,7.06,Yes,Rain,No,8.52,0.8,No
427,A380,6.17,5.26,6.48,Yes,Rain,No,3.77,7.44,No
428,A350,5.15,3.6,1.88,No,Rain,Yes,9.83,9.29,No
429,A380,6.94,1.91,3.03,Yes,Rain,No,5.32,3.66,Yes
430,A380,6.9,0.69,9.03,No,Rain,Yes,3.83,0.88,No
431,B737,9.09,3.76,2.39,Yes,Fog,Yes,5.77,8.77,Yes
432,A380,9.36,5.59,7.27,No,Clear,No,9.61,5.67,Yes
433,A320,2.68,1.75,5.99,No,Thunderstorm,No,9.68,3.57,No
434,B737,0.31,4.53,9.66,No,Fog,Yes,8.99,6.96,No
435,B787,3.62,1.04,5.42,Yes,Snow,Yes,3.1,5.36,Yes
436,A320,5.18,1.4,2.47,No,Clear,No,1.54,4.4,Yes
437,B787,7.66,4.83,0.35,Yes,Snow,Yes,4.9,1.28,No
438,A350,9.92,2.63,9.43,Yes,Thunderstorm,No,5.39,5.63,Yes
439,A380,0.25,3.07,8.53,Yes,Clear,No,4.29,1.37,No
440,B787,8.87,9.23,0.82,Yes,Thunderstorm,No,4.48,6.82,Yes
441,A380,2.03,6.45,9.55,No,Clear,No,8.64,6.6,Yes
442,B737,5.53,7.12,2.39,No,Rain,No,7.96,9.53,No
443,B737,2.02,6.87,2.62,Yes,Thunderstorm,No,8.21,3.97,No
444,B787,6.43,3.26,7.68,Yes,Thunderstorm,No,6.21,3.69,Yes
445,A320,2.5,5.96,3.07,Yes,Rain,No,9.57,9.69,Yes
446,A350,1.97,3.15,8.38,Yes,Clear,No,1.39,4.41,No
447,A320,0.34,8.82,8.05,Yes,Thunderstorm,Yes,0.11,3.3,Yes
448,A380,5.86,4.51,8.43,Yes,Rain,Yes,8.44,7.61,Yes
449,A380,4.4,3.84,2.43,Yes,Fog,No,9.57,3.41,No
450,A380,9.26,2.42,2.19,No,Clear,Yes,4.98,8.67,No
451,A380,0.11,1.69,5.17,No,Thunderstorm,No,1.36,6.0,Yes
452,B737,6.84,0.52,8.55,No,Fog,Yes,4.47,9.31,No
453,A350,8.67,4.79,5.1,No,Clear,Yes,2.41,3.2,Yes
454,A350,8.69,4.24,4.0,Yes,Fog,No,9.61,2.62,Yes
455,B787,7.55,6.41,9.45,No,Fog,No,5.82,9.59,Yes
456,B787,4.36,4.54,0.3,No,Fog,Yes,7.3,3.02,No
457,B787,5.34,0.52,0.44,No,Fog,Yes,5.84,4.69,No
458,B737,7.68,2.69,0.12,Yes,Rain,Yes,1.3,6.42,Yes
459,B787,3.73,5.63,3.4,Yes,Thunderstorm,Yes,7.68,5.03,No
460,A320,1.13,6.09,4.46,Yes,Clear,No,6.3,7.61,No
461,B737,2.54,1.87,4.72,No,Clear,Yes,1.66,8.36,Yes
462,A380,9.95,3.18,0.98,No,Rain,Yes,7.44,9.95,Yes
463,B787,4.92,3.31,1.48,Yes,Clear,No,0.71,3.91,No
464,A380,7.06,2.47,7.68,Yes,Snow,No,4.02,3.36,Yes
465,B737,0.18,0.75,2.67,No,Thunderstorm,Yes,0.98,8.19,No
466,A320,5.41,5.67,7.6,No,Rain,No,0.17,6.96,Yes
467,A350,7.96,6.11,6.62,No,Snow,Yes,9.33,4.34,No
468,A350,6.94,9.45,2.98,No,Fog,Yes,3.52,0.45,Yes
469,A350,0.03,7.16,3.25,No,Clear,No,8.93,3.14,No
470,A380,2.7,4.74,7.73,Yes,Thunderstorm,No,4.97,1.43,Yes
471,B787,7.2,8.34,7.7,No,Fog,Yes,4.18,7.29,Yes
472,B787,5.0,1.7,6.77,No,Thunderstorm,No,3.31,7.21,Yes
473,A350,9.35,4.99,4.72,No,Clear,Yes,2.69,9.57,Yes
474,A320,2.87,9.49,7.66,Yes,Fog,No,0.92,1.15,No
475,A350,3.34,5.69,6.34,Yes,Fog,Yes,1.75,2.65,No
476,A320,8.36,6.91,7.47,No,Rain,Yes,7.92,2.4,No
477,B737,2.0,9.36,8.14,No,Fog,Yes,1.21,8.45,Yes
478,B787,1.07,4.78,5.19,No,Snow,No,5.67,9.22,No
479,B737,8.03,8.05,3.83,Yes,Fog,No,2.31,5.95,No
480,A350,0.88,3.75,1.17,Yes,Fog,Yes,3.38,8.52,No
481,A320,4.22,7.93,6.03,Yes,Snow,Yes,6.02,7.91,Yes
482,A350,9.05,1.5,5.53,Yes,Fog,Yes,3.13,4.67,Yes
483,A320,6.67,0.25,9.69,Yes,Rain,Yes,4.41,6.99,Yes
484,A380,1.69,8.46,7.23,No,Rain,Yes,1.16,9.36,No
485,A320,5.01,8.83,2.58,Yes,Thunderstorm,No,5.25,0.54,No
486,B737,5.4,8.47,8.14,No,Fog,Yes,4.25,4.58,Yes
487,A380,5.79,4.39,1.27,Yes,Thunderstorm,No,9.24,4.29,No
488,A350,7.56,7.7,3.8,No,Fog,Yes,5.6,0.43,No
489,A320,7.23,6.33,3.46,No,Clear,Yes,1.58,0.17,Yes
490,B737,4.25,0.21,4.18,No,Fog,No,6.67,4.91,Yes
491,B787,0.75,1.59,6.68,No,Snow,Yes,8.12,1.21,No
492,B787,3.28,4.54,9.8,No,Thunderstorm,No,7.45,0.11,No
493,B787,3.0,5.83,3.39,Yes,Rain,No,8.92,4.77,No
494,A320,4.18,7.78,6.09,No,Snow,Yes,4.85,7.13,No
495,B787,9.87,2.85,2.89,No,Fog,Yes,2.02,7.49,Yes
496,A320,1.8,2.08,4.49,Yes,Fog,Yes,8.58,5.43,No
497,B787,7.11,3.32,5.26,No,Snow,No,1.86,4.82,No
498,B787,0.87,7.51,2.04,No,Rain,No,1.22,1.56,No
499,A320,2.59,9.26,9.98,No,Rain,Yes,1.2,9.42,Yes
500,B737,8.95,1.91,5.03,Yes,Thunderstorm,Yes,1.03,4.66,No
501,B787,7.71,7.09,4.84,No,Thunderstorm,Yes,0.18,6.3,Yes
502,B787,8.16,7.4,5.45,No,Clear,Yes,7.85,5.52,Yes
503,B787,6.38,0.76,7.76,No,Thunderstorm,No,3.59,4.27,No
504,B737,1.86,4.53,2.97,Yes,Fog,No,8.78,6.51,Yes
505,B737,0.26,7.42,8.56,No,Fog,Yes,7.73,1.22,No
506,A380,7.08,1.21,0.73,No,Clear,Yes,3.73,3.11,No
507,A350,7.4,7.11,9.46,Yes,Rain,No,3.68,5.87,No
508,A350,2.79,4.59,5.9,No,Rain,No,3.58,6.32,No
509,B787,7.34,5.23,2.76,No,Snow,Yes,6.86,6.55,Yes
510,B787,5.86,4.97,2.77,No,Rain,Yes,1.91,8.16,Yes
511,A380,1.85,0.98,0.54,No,Thunderstorm,Yes,3.24,1.56,Yes
512,A380,3.76,3.66,3.72,No,Thunderstorm,Yes,0.75,9.5,No
513,B787,8.95,1.6,0.77,No,Clear,No,4.94,4.23,Yes
514,B787,0.16,3.12,7.15,No,Thunderstorm,Yes,3.32,6.24,No
515,A350,8.11,6.9,9.56,Yes,Thunderstorm,Yes,1.05,9.26,Yes
516,B737,9.52,8.4,0.36,Yes,Rain,No,1.98,8.36,Yes
517,A320,5.1,0.06,5.33,Yes,Snow,No,9.48,9.68,No
518,B787,8.17,2.79,0.97,Yes,Fog,Yes,6.73,6.96,No
519,A350,2.56,5.57,0.27,Yes,Clear,No,7.13,6.14,Yes
520,B787,5.23,8.05,5.56,Yes,Clear,No,3.94,5.58,No
521,B787,2.03,6.46,9.95,Yes,Snow,No,3.57,4.18,No
522,A350,6.47,8.41,4.22,Yes,Thunderstorm,Yes,5.94,6.56,No
523,A380,5.46,5.56,4.38,Yes,Snow,No,6.33,6.88,Yes
524,B787,4.79,8.7,0.21,No,Rain,Yes,5.13,6.61,Yes
525,A380,5.18,2.57,8.28,Yes,Thunderstorm,No,9.56,5.17,Yes
526,B787,6.87,2.65,6.2,Yes,Rain,Yes,6.26,4.67,No
527,A380,5.75,0.42,6.33,No,Snow,Yes,9.73,2.42,No
528,B787,7.86,2.05,0.78,No,Thunderstorm,Yes,9.07,3.84,Yes
529,B787,5.69,3.44,4.29,Yes,Rain,Yes,5.57,3.05,Yes
530,B787,7.6,1.76,1.53,No,Snow,Yes,4.78,1.53,Yes
531,A380,4.6,0.62,0.2,Yes,Fog,No,5.74,3.6,No
532,A350,5.26,7.97,0.34,No,Rain,Yes,6.0,7.59,Yes
533,A320,6.53,5.06,2.94,No,Thunderstorm,Yes,6.6,7.67,No
534,A350,3.3,7.31,9.98,No,Clear,Yes,8.11,0.92,Yes
535,A380,0.0,2.1,3.54,No,Fog,Yes,8.13,4.27,No
536,A350,3.87,3.25,3.17,Yes,Thunderstorm,No,6.96,7.77,Yes
537,B737,9.65,6.41,0.28,No,Snow,No,6.79,0.71,Yes
538,A350,0.22,0.82,3.6,Yes,Fog,No,3.91,6.23,No
539,A320,4.62,4.5,0.5,Yes,Thunderstorm,Yes,3.77,6.55,Yes
540,A350,3.85,3.66,9.67,Yes,Fog,No,6.51,9.53,Yes
541,A320,3.18,1.98,4.92,Yes,Clear,No,1.58,1.26,No
542,B737,5.64,1.77,6.87,Yes,Snow,No,8.45,1.85,No
543,A320,6.45,0.83,6.59,No,Fog,No,5.67,8.6,No
544,B737,9.62,8.67,4.01,Yes,Fog,Yes,6.95,4.97,No
545,A380,0.61,7.29,3.67,No,Rain,Yes,1.53,0.95,No
546,A350,3.96,3.12,6.73,No,Rain,No,6.12,4.51,No
547,A350,0.28,6.59,1.24,No,Fog,Yes,2.54,7.33,Yes
548,A320,1.65,0.04,0.05,No,Rain,No,5.83,5.81,No
549,A320,9.45,4.92,9.18,Yes,Fog,No,3.22,7.26,No
550,A350,3.09,0.71,3.72,Yes,Clear,Yes,6.0,9.46,No
551,B737,3.52,4.78,0.46,Yes,Thunderstorm,Yes,0.74,5.95,No
552,B787,0.93,5.06,7.57,No,Fog,Yes,5.44,5.24,No
553,A350,4.36,8.26,3.39,No,Snow,No,8.94,4.19,No
554,A320,4.25,6.49,7.4,No,Snow,No,2.83,4.92,Yes
555,B787,2.2,5.27,4.09,Yes,Clear,No,9.27,1.49,No
556,A380,9.23,7.94,0.21,No,Clear,No,5.02,2.06,No
557,A350,6.06,7.44,7.83,No,Snow,No,4.69,3.17,No
558,A380,0.72,6.79,5.75,No,Rain,No,2.5,8.88,Yes
559,A380,4.45,9.28,2.23,Yes,Fog,No,4.48,0.22,Yes
560,B787,7.53,2.3,2.44,No,Fog,No,6.46,0.39,No
561,A380,5.98,6.03,4.12,Yes,Snow,Yes,5.61,2.11,No
562,A380,4.07,0.52,8.68,No,Rain,No,8.02,4.81,Yes
563,A380,3.57,2.92,3.59,No,Snow,Yes,8.68,2.09,No
564,A380,7.34,6.37,7.1,No,Rain,Yes,9.19,0.63,Yes
565,B737,2.55,6.2,0.58,Yes,Snow,No,3.13,5.2,No
566,B787,8.68,2.01,1.05,Yes,Snow,No,6.36,3.79,No
567,A380,8.76,9.58,6.01,Yes,Clear,No,1.51,3.9,No
568,A380,9.06,9.98,4.71,No,Clear,No,0.49,5.61,Yes
569,A380,5.13,1.76,3.46,Yes,Thunderstorm,Yes,9.08,6.28,Yes
570,B737,2.47,4.44,0.29,Yes,Thunderstorm,No,2.21,2.32,Yes
571,A380,4.39,7.72,6.53,No,Fog,Yes,7.81,7.63,Yes
572,A350,7.31,5.06,0.49,No,Clear,Yes,1.48,3.6,No
573,A350,1.38,6.5,0.34,No,Rain,No,4.4,2.31,No
574,B787,9.9,5.8,9.46,Yes,Clear,No,0.1,8.16,No
575,B737,8.89,2.94,1.6,No,Rain,Yes,4.23,5.95,Yes
576,B737,4.68,1.58,1.0,Yes,Thunderstorm,No,1.41,9.26,Yes
577,A350,8.2,3.11,1.95,No,Thunderstorm,Yes,3.53,0.93,No
578,A320,7.41,5.57,4.88,No,Snow,Yes,4.56,9.31,No
579,B737,9.43,9.94,6.09,Yes,Thunderstorm,Yes,3.26,4.09,No
580,A320,6.07,3.05,3.49,Yes,Fog,No,5.06,7.22,Yes
581,A350,1.73,3.13,5.84,Yes,Clear,No,2.65,8.39,Yes
582,B787,5.56,9.87,8.34,Yes,Snow,Yes,3.42,2.3,Yes
583,B787,1.14,7.94,5.86,Yes,Rain,Yes,6.55,2.47,Yes
584,B737,0.59,8.79,5.72,Yes,Fog,Yes,8.35,7.32,No
585,A320,8.06,1.54,2.29,Yes,Clear,No,8.59,1.61,Yes
586,A380,5.04,7.42,8.38,No,Rain,No,8.96,4.67,No
587,B737,8.75,7.46,9.23,No,Rain,Yes,2.41,3.3,No
588,A380,9.43,5.16,6.46,Yes,Fog,Yes,0.82,4.64,No
589,A380,5.04,3.08,7.24,No,Rain,No,5.25,3.92,Yes
590,A380,6.31,6.97,5.23,No,Rain,No,5.42,4.36,Yes
591,A380,5.01,1.35,9.47,Yes,Snow,No,5.76,7.98,No
592,A380,7.66,6.4,9.1,Yes,Fog,Yes,8.28,9.58,Yes
593,B787,9.31,2.13,7.79,No,Rain,No,7.14,7.78,No
594,B737,3.17,7.8,2.7,Yes,Thunderstorm,No,7.49,6.52,Yes
595,A350,9.5,5.34,2.08,No,Fog,Yes,7.05,9.34,Yes
596,B737,2.34,6.56,5.48,Yes,Snow,No,4.42,5.48,Yes
597,A380,4.06,3.72,2.9,Yes,Clear,Yes,3.16,5.29,Yes
598,A320,4.92,9.79,3.55,No,Clear,No,1.43,4.55,Yes
599,A350,0.1,6.89,5.2,Yes,Rain,No,8.51,8.51,No
600,B737,8.67,8.92,1.83,Yes,Snow,Yes,2.38,6.42,No
601,B787,9.08,5.08,8.57,No,Clear,Yes,6.09,9.22,No
602,A380,8.06,6.11,4.41,Yes,Snow,Yes,5.8,2.4,No
603,B787,9.97,4.79,4.84,No,Clear,Yes,6.92,8.12,No
604,B787,8.0,1.92,6.89,Yes,Thunderstorm,No,8.28,7.63,Yes
605,A380,4.5,3.49,4.83,Yes,Thunderstorm,No,5.34,0.52,Yes
606,B787,9.95,4.14,6.1,No,Clear,Yes,8.22,2.23,Yes
607,B737,7.45,7.19,7.32,Yes,Fog,No,4.2,6.97,Yes
608,A320,5.83,3.6,3.53,No,Rain,No,2.73,3.39,Yes
609,A320,4.06,2.28,3.43,Yes,Thunderstorm,No,2.98,7.35,No
610,A380,2.93,0.5,4.01,Yes,Thunderstorm,Yes,3.73,8.85,Yes
611,A350,4.49,9.67,2.05,No,Rain,Yes,3.53,6.54,No
612,A350,9.14,4.19,7.26,No,Clear,No,0.44,9.89,No
613,A380,3.59,7.3,9.45,No,Snow,No,0.25,1.42,Yes
614,B787,3.95,0.53,2.66,No,Snow,Yes,3.94,5.97,No
615,B737,8.67,8.3,0.9,Yes,Rain,Yes,2.73,9.98,No
616,A380,6.61,2.3,2.63,No,Snow,Yes,2.47,1.27,Yes
617,A350,6.28,4.15,1.63,No,Rain,No,7.98,1.6,No
618,B737,5.52,0.5,1.52,Yes,Snow,No,3.9,5.54,No
619,B787,4.73,5.87,7.91,Yes,Fog,Yes,8.91,6.72,Yes
620,A320,4.49,3.3,7.57,Yes,Rain,Yes,5.54,8.0,No
621,B787,0.02,9.03,3.44,No,Clear,No,5.99,2.3,No
622,A320,2.57,7.2,0.8,Yes,Clear,No,0.13,5.61,No
623,A380,5.28,4.38,7.2,Yes,Thunderstorm,No,8.75,0.04,Yes
624,A380,6.87,9.86,9.51,Yes,Fog,No,6.22,3.24,No
625,B737,8.17,9.83,1.38,No,Clear,Yes,8.09,2.01,No
626,B737,5.16,9.96,7.09,Yes,Snow,Yes,9.34,9.03,Yes
627,B787,2.3,9.22,1.78,No,Snow,No,3.86,8.31,Yes
628,A320,1.21,7.0,4.47,Yes,Fog,Yes,2.06,0.69,Yes
629,B787,5.66,6.89,3.58,No,Fog,Yes,9.45,7.22,Yes
630,A350,5.21,3.48,0.6,No,Snow,No,6.01,6.47,No
631,A350,9.58,1.56,3.89,Yes,Rain,Yes,4.3,9.97,Yes
632,A350,8.89,5.86,9.39,No,Thunderstorm,Yes,0.62,1.66,No
633,B787,5.75,0.22,9.66,Yes,Snow,Yes,1.0,0.64,No
634,B737,0.28,2.59,4.31,Yes,Fog,Yes,9.13,1.08,No
635,B787,5.49,6.75,7.02,Yes,Clear,Yes,6.59,0.3,Yes
636,A350,2.21,5.27,6.3,No,Clear,No,7.22,3.15,Yes
637,A380,5.68,5.11,7.4,Yes,Clear,Yes,3.57,0.37,Yes
638,A350,6.24,4.39,3.12,No,Snow,Yes,5.16,2.05,Yes
639,A380,4.16,4.35,6.78,No,Snow,Yes,6.19,1.82,Yes
640,A320,2.13,8.65,8.22,Yes,Fog,No,0.48,9.26,No
641,A320,6.97,2.75,9.68,No,Thunderstorm,No,9.63,9.52,Yes
642,A320,1.54,6.55,3.24,No,Rain,No,6.2,6.85,Yes
643,A320,4.9,0.71,5.46,No,Snow,No,1.36,6.47,No
644,A320,5.54,2.55,6.92,No,Fog,No,3.52,1.11,Yes
645,B737,8.99,9.74,1.87,No,Thunderstorm,No,1.15,2.2,No
646,B787,5.62,8.91,4.26,No,Clear,Yes,6.5,2.21,No
647,B737,6.6,0.01,6.16,Yes,Thunderstorm,Yes,5.86,6.79,Yes
648,A380,0.65,3.0,8.73,Yes,Snow,No,9.02,7.08,No
649,B787,3.43,9.73,1.52,Yes,Snow,No,6.03,7.57,Yes
650,A350,6.22,8.16,7.27,Yes,Snow,Yes,1.3,5.49,No
651,A380,7.18,7.76,8.87,No,Rain,No,1.44,2.1,Yes
652,B737,5.83,1.74,3.88,No,Thunderstorm,No,5.47,2.36,Yes
653,B787,8.23,1.13,4.46,No,Fog,No,7.23,9.27,Yes
654,A320,4.69,3.42,6.79,Yes,Clear,Yes,1.27,3.54,Yes
655,A350,8.96,1.86,6.78,No,Snow,No,6.94,3.05,No
656,B787,5.88,1.76,4.74,Yes,Clear,Yes,5.01,2.86,Yes
657,B787,1.48,2.05,2.22,No,Fog,No,8.32,4.02,No
658,A350,8.86,9.62,3.85,No,Thunderstorm,No,9.18,6.95,Yes
659,A350,8.62,7.28,6.55,Yes,Clear,Yes,6.32,1.82,Yes
660,B737,9.52,6.65,8.21,No,Thunderstorm,Yes,4.24,2.43,Yes
661,A320,8.12,9.66,9.61,Yes,Snow,Yes,7.48,6.77,No
662,A380,5.38,8.04,7.94,Yes,Snow,Yes,1.2,7.38,No
663,A320,4.89,1.14,1.47,No,Fog,No,1.77,2.94,Yes
664,A320,6.25,3.03,9.51,No,Rain,Yes,5.53,4.63,Yes
665,B737,7.1,5.35,3.78,No,Thunderstorm,Yes,6.91,2.57,No
666,A380,6.83,9.89,0.66,No,Clear,Yes,7.67,6.0,Yes
667,B787,0.43,1.36,7.44,No,Thunderstorm,No,8.9,8.67,No
668,B787,3.56,7.04,7.23,No,Rain,No,0.17,9.13,Yes
669,A380,6.54,0.06,5.37,Yes,Thunderstorm,Yes,7.22,5.78,Yes
670,A350,4.65,9.41,7.86,Yes,Thunderstorm,Yes,4.15,2.96,No
671,B737,4.81,2.99,7.82,No,Thunderstorm,Yes,3.8,0.27,No
672,B737,0.88,8.24,3.22,Yes,Thunderstorm,No,5.58,2.67,No
673,B787,6.06,0.98,7.85,Yes,Thunderstorm,Yes,0.4,7.63,No
674,B737,8.73,0.53,6.66,Yes,Thunderstorm,No,6.76,6.21,Yes
675,B787,4.52,2.36,7.12,Yes,Snow,Yes,2.3,1.89,No
676,B737,9.11,1.73,5.84,Yes,Fog,No,0.66,5.05,Yes
677,A320,5.13,4.25,4.43,No,Rain,Yes,6.34,0.43,Yes
678,A320,3.72,7.53,5.08,Yes,Clear,Yes,8.86,4.48,Yes
679,A350,6.45,6.83,4.54,Yes,Fog,Yes,4.39,8.59,No
680,A320,7.62,2.92,6.99,No,Snow,No,5.33,9.1,Yes
681,B787,3.25,7.43,1.8,No,Thunderstorm,No,8.32,8.16,No
682,B787,1.23,1.01,9.18,No,Thunderstorm,No,5.95,2.24,No
683,A350,1.99,1.6,9.51,Yes,Snow,No,3.75,8.93,Yes
684,A380,3.85,7.47,5.26,No,Clear,Yes,9.07,2.6,No
685,A380,2.09,2.25,6.6,Yes,Rain,Yes,9.42,5.18,Yes
686,A380,7.05,7.66,8.15,Yes,Clear,No,4.51,3.84,Yes
687,A380,1.05,7.51,6.68,Yes,Snow,Yes,6.61,9.42,No
688,B787,3.33,7.96,0.98,Yes,Clear,Yes,6.59,5.9,No
689,A380,7.17,4.49,5.85,Yes,Thunderstorm,No,2.77,8.94,Yes
690,B787,3.92,4.18,0.56,Yes,Thunderstorm,Yes,4.33,9.62,Yes
691,A320,7.83,5.01,6.06,Yes,Snow,No,4.68,0.38,No
692,B787,5.48,4.57,9.35,No,Clear,Yes,3.43,2.43,No
693,B737,9.93,7.48,0.76,Yes,Thunderstorm,No,6.87,9.82,Yes
694,A380,1.89,7.72,0.61,No,Clear,Yes,6.37,1.28,No
695,A320,1.6,2.97,5.66,Yes,Thunderstorm,No,3.34,1.26,No
696,A380,3.93,5.65,3.49,No,Thunderstorm,No,4.1,4.78,No
697,B787,2.71,9.62,1.45,Yes,Fog,Yes,8.52,1.62,No
698,B787,4.69,8.71,2.33,Yes,Rain,No,8.25,7.52,No
699,A350,1.98,2.98,2.72,No,Rain,Yes,8.19,7.59,No
700,B787,0.75,6.83,6.27,No,Snow,Yes,0.63,7.86,Yes
701,A380,2.01,4.62,4.17,No,Clear,No,3.82,6.02,Yes
702,B737,6.31,3.4,5.58,No,Rain,Yes,9.5,7.82,No
703,B787,0.92,6.01,9.4,Yes,Thunderstorm,No,1.0,1.19,Yes
704,A320,9.84,3.48,6.38,No,Rain,Yes,4.65,8.66,Yes
705,A380,9.69,7.78,1.21,No,Fog,No,0.14,8.54,No
706,A380,9.36,5.82,0.56,Yes,Fog,No,3.0,9.86,No
707,A350,7.97,2.38,8.45,Yes,Snow,Yes,4.7,0.31,Yes
708,A320,7.63,5.76,8.36,Yes,Fog,Yes,9.19,3.54,No
709,A320,0.05,3.01,1.36,Yes,Snow,No,3.87,4.46,Yes
710,A350,2.92,2.07,5.83,No,Thunderstorm,Yes,3.94,2.55,No
711,B737,3.82,8.88,6.99,Yes,Fog,No,9.25,3.01,No
712,A320,3.24,6.37,6.58,Yes,Clear,Yes,5.5,5.68,No
713,A320,5.19,6.3,7.23,No,Fog,No,5.22,9.6,No
714,B787,9.01,0.89,3.13,No,Clear,Yes,3.49,9.41,No
715,A380,5.92,1.72,8.89,No,Thunderstorm,No,0.59,2.69,Yes
716,A320,5.11,3.73,1.44,Yes,Fog,No,4.22,8.4,No
717,A320,4.92,1.1,6.78,Yes,Thunderstorm,Yes,7.19,7.17,No
718,A320,0.04,6.52,8.96,No,Thunderstorm,Yes,6.52,9.68,Yes
719,A320,9.57,0.51,8.05,Yes,Rain,Yes,0.45,1.28,Yes
720,A320,0.53,8.8,9.24,Yes,Thunderstorm,Yes,3.5,3.97,No
721,A350,7.46,0.11,7.09,No,Fog,No,5.45,5.2,No
722,B787,6.33,3.97,8.52,Yes,Snow,Yes,9.76,1.27,Yes
723,A380,1.8,3.45,7.82,No,Snow,Yes,3.68,2.76,No
724,A380,3.17,0.79,8.47,Yes,Rain,Yes,4.14,4.52,Yes
725,B787,3.9,1.71,9.38,No,Fog,No,3.21,0.1,No
726,B737,2.06,6.35,3.93,No,Fog,No,2.19,8.82,No
727,A320,0.71,9.28,1.53,No,Snow,Yes,4.95,2.5,Yes
728,B787,9.9,7.53,2.56,Yes,Rain,Yes,8.55,2.02,Yes
729,A350,3.47,1.26,5.06,Yes,Rain,Yes,8.16,1.1,Yes
730,A320,5.71,6.05,6.08,No,Snow,No,2.86,1.76,No
731,A350,2.38,8.61,7.59,Yes,Thunderstorm,No,9.68,7.64,No
732,A350,8.14,6.76,2.67,No,Thunderstorm,Yes,2.07,7.96,Yes
733,A380,3.26,1.1,9.95,No,Snow,No,5.5,1.94,No
734,A380,8.62,6.29,3.46,No,Thunderstorm,No,8.08,0.81,No
735,A320,5.09,9.32,3.3,Yes,Rain,Yes,9.19,8.06,No
736,A320,8.71,7.15,5.81,No,Thunderstorm,No,5.56,6.91,No
737,B737,8.15,0.38,8.65,No,Snow,No,4.15,2.54,Yes
738,A320,8.3,7.2,4.0,Yes,Rain,Yes,1.02,3.4,Yes
739,B787,9.06,3.37,4.02,Yes,Snow,Yes,5.0,6.31,No
740,B787,3.16,2.86,8.21,No,Rain,Yes,3.97,6.34,No
741,A380,5.72,7.38,9.13,Yes,Rain,No,7.26,7.17,No
742,A350,8.85,3.81,9.45,No,Rain,No,1.38,6.95,Yes
743,A320,0.8,5.87,6.82,Yes,Rain,No,7.0,9.57,No
744,A350,5.68,7.14,2.02,Yes,Snow,No,5.56,5.15,No
745,A320,9.72,3.92,6.74,No,Clear,No,5.15,6.28,No
746,A380,2.97,7.89,2.42,Yes,Snow,Yes,9.75,7.47,No
747,B787,6.22,9.66,7.0,Yes,Rain,No,6.99,4.45,Yes
748,B787,1.32,4.47,2.88,Yes,Thunderstorm,Yes,2.05,2.67,No
749,A320,3.61,3.46,3.65,Yes,Fog,No,2.31,3.63,Yes
750,A380,2.94,4.91,6.11,Yes,Fog,No,7.78,5.86,No
751,A380,3.96,4.36,5.24,No,Rain,Yes,1.15,4.01,No
752,A350,4.07,0.73,9.65,No,Clear,No,4.4,3.47,No
753,B787,6.57,6.67,9.22,Yes,Fog,No,9.17,8.23,Yes
754,A380,0.77,4.24,2.4,No,Thunderstorm,Yes,3.53,4.55,Yes
755,B737,7.06,2.55,1.04,No,Snow,Yes,9.68,3.69,Yes
756,A350,2.75,0.26,4.59,No,Thunderstorm,Yes,3.59,7.14,Yes
757,A380,1.6,6.19,5.51,Yes,Clear,No,3.5,6.69,No
758,B737,4.02,6.29,8.48,No,Fog,No,9.4,2.77,Yes
759,A350,5.22,6.11,7.95,Yes,Rain,Yes,4.8,2.71,Yes
760,B787,9.1,0.43,0.36,Yes,Fog,No,6.86,3.98,Yes
761,A350,8.09,0.91,4.67,Yes,Snow,Yes,4.59,3.93,Yes
762,A380,8.83,8.2,7.26,No,Fog,Yes,7.41,4.38,Yes
763,B737,2.53,9.22,9.78,Yes,Fog,No,0.76,1.67,Yes
764,B737,5.46,2.02,9.33,Yes,Rain,Yes,8.96,8.98,Yes
765,A350,2.28,6.56,9.0,No,Clear,No,1.35,1.34,Yes
766,B737,8.34,8.89,2.83,Yes,Snow,No,6.09,6.42,Yes
767,B737,9.81,8.42,2.75,No,Rain,No,0.6,9.54,No
768,A380,7.33,1.85,6.08,Yes,Snow,Yes,2.34,1.3,Yes
769,B787,4.74,3.68,6.28,No,Snow,No,7.1,2.06,Yes
770,A320,1.05,1.49,4.93,Yes,Clear,No,1.43,9.48,No
771,A350,3.81,6.26,0.36,Yes,Thunderstorm,No,9.61,8.81,No
772,B787,6.36,0.63,9.86,Yes,Thunderstorm,No,4.53,2.72,Yes
773,B737,3.18,3.14,1.23,No,Fog,No,0.66,5.5,No
774,A320,0.33,5.0,2.04,No,Rain,Yes,1.41,7.73,No
775,A320,8.21,7.94,2.42,Yes,Thunderstorm,Yes,0.2,3.08,Yes
776,B787,2.38,7.42,1.72,No,Fog,Yes,2.81,2.48,No
777,B787,3.08,4.49,3.41,Yes,Rain,Yes,4.42,9.31,No
778,B737,8.31,5.72,1.71,Yes,Clear,Yes,9.39,5.78,Yes
779,A320,0.83,7.85,5.64,No,Thunderstorm,No,3.71,9.43,No
780,A380,7.01,5.25,2.28,No,Fog,No,2.54,1.67,No
781,A380,7.29,3.18,2.16,Yes,Clear,Yes,4.03,7.1,Yes
782,A380,0.6,6.59,2.64,No,Fog,Yes,4.95,4.46,Yes
783,A380,4.15,7.23,3.21,Yes,Rain,No,6.12,3.35,Yes
784,B737,4.35,7.28,6.64,No,Fog,No,0.63,3.58,Yes
785,A320,9.68,0.95,8.67,Yes,Snow,Yes,6.66,8.3,No
786,A320,7.91,7.99,3.76,No,Clear,No,5.64,6.48,No
787,A320,1.79,8.57,0.27,Yes,Fog,Yes,8.7,3.49,Yes
788,B737,3.78,1.99,1.01,Yes,Clear,No,4.07,3.1,Yes
789,A350,3.74,4.16,5.79,Yes,Fog,Yes,2.83,8.9,No
790,A350,5.24,5.1,2.71,Yes,Rain,No,8.39,5.0,Yes
791,B737,1.12,5.63,4.04,Yes,Fog,Yes,6.93,6.74,No
792,A320,5.68,2.89,0.65,Yes,Fog,No,3.77,1.39,No
793,B787,4.69,9.59,4.57,No,Clear,Yes,9.46,2.58,Yes
794,A350,5.71,9.6,8.06,No,Thunderstorm,Yes,2.26,6.26,Yes
795,B787,1.47,1.31,7.77,Yes,Rain,Yes,5.67,7.38,No
796,A350,0.37,5.88,6.15,No,Clear,Yes,6.05,8.74,Yes
797,A320,7.46,3.57,6.92,No,Snow,No,0.61,0.75,No
798,B787,5.48,6.02,1.61,Yes,Clear,No,2.87,7.75,Yes
799,A320,7.99,0.39,4.18,Yes,Thunderstorm,No,8.39,4.07,Yes
800,B787,4.05,3.69,8.4,No,Fog,Yes,0.65,4.12,Yes
801,A380,5.35,8.72,7.26,Yes,Fog,Yes,4.21,7.53,Yes
802,A350,1.58,7.42,0.64,Yes,Snow,No,5.91,2.0,No
803,B787,7.77,5.06,7.69,No,Fog,No,8.94,5.48,No
804,B737,6.93,6.06,8.75,Yes,Clear,No,5.07,1.62,Yes
805,B737,6.34,1.53,4.07,No,Clear,No,6.7,1.3,Yes
806,B737,1.05,8.49,0.02,No,Clear,Yes,3.77,9.76,No
807,B737,9.63,2.07,3.64,Yes,Thunderstorm,No,7.04,7.61,Yes
808,B787,1.28,6.77,1.79,Yes,Rain,No,3.84,9.76,Yes
809,A350,7.17,4.35,7.73,No,Clear,Yes,0.1,4.67,No
810,A320,3.59,8.06,1.27,No,Fog,Yes,8.53,5.85,No
811,B737,8.75,6.08,0.79,Yes,Snow,No,2.2,0.8,Yes
812,A380,1.43,8.92,7.99,Yes,Snow,No,8.08,8.7,Yes
813,B737,8.37,2.49,4.38,No,Rain,Yes,0.8,6.3,No
814,A350,9.48,9.46,4.69,Yes,Rain,Yes,3.67,8.14,Yes
815,B787,6.09,0.69,4.78,No,Fog,No,7.68,2.77,No
816,A380,0.14,0.28,7.45,Yes,Thunderstorm,No,5.17,6.1,No
817,B737,1.78,1.98,4.92,Yes,Thunderstorm,Yes,3.67,0.78,No
818,A350,1.57,3.79,5.27,No,Rain,No,4.8,3.25,Yes
819,A350,9.4,9.37,6.9,No,Snow,Yes,2.18,7.22,No
820,A320,2.56,2.52,1.31,Yes,Fog,No,1.56,2.34,No
821,B787,5.23,5.86,4.12,Yes,Rain,Yes,9.4,1.87,No
822,B737,6.54,6.0,5.65,No,Clear,Yes,0.52,1.02,No
823,B737,7.73,0.4,7.16,Yes,Thunderstorm,No,2.99,9.56,Yes
824,A350,6.86,1.16,8.77,Yes,Rain,No,4.64,5.15,No
825,A320,1.37,6.83,5.97,No,Snow,Yes,5.02,5.4,Yes
826,B737,6.38,1.04,8.48,Yes,Clear,Yes,3.61,7.02,Yes
827,B787,2.72,6.37,9.37,Yes,Thunderstorm,No,2.56,2.71,No
828,B787,5.26,7.25,2.65,Yes,Snow,No,2.02,2.68,Yes
829,A380,9.62,5.13,3.94,No,Rain,Yes,5.49,9.29,No
830,B787,5.22,6.27,1.23,No,Fog,Yes,6.94,7.12,No
831,A320,8.43,5.27,2.98,No,Thunderstorm,Yes,2.07,3.3,No
832,B737,2.19,6.82,3.53,No,Rain,No,0.8,5.14,Yes
833,A320,4.21,5.54,5.66,No,Rain,Yes,2.47,8.92,No
834,A380,0.19,9.85,2.1,Yes,Thunderstorm,Yes,4.47,1.2,Yes
835,A380,4.41,0.04,5.3,Yes,Fog,No,4.51,0.6,No
836,A320,0.43,6.74,5.33,No,Clear,Yes,4.64,7.65,No
837,A350,7.69,8.63,0.8,Yes,Rain,Yes,1.37,3.33,Yes
838,A320,0.63,8.01,8.1,No,Rain,No,4.68,1.96,No
839,A350,0.01,1.59,3.17,Yes,Clear,No,3.02,9.32,Yes
840,A350,0.81,4.32,2.48,No,Clear,No,7.32,2.61,Yes
841,A320,0.26,7.81,10.0,No,Thunderstorm,Yes,1.08,7.24,Yes
842,A320,6.28,9.38,1.95,No,Rain,No,3.91,8.63,No
843,A350,2.8,4.82,9.45,No,Rain,No,7.92,8.27,No
844,B737,6.36,8.08,9.53,No,Fog,No,0.59,3.14,No
845,A320,9.14,3.53,2.7,No,Fog,Yes,9.82,0.46,No
846,B737,7.28,5.08,3.65,No,Thunderstorm,Yes,1.7,5.72,No
847,A380,5.65,6.43,2.71,No,Rain,Yes,3.13,6.65,Yes
848,B787,9.83,8.96,5.09,No,Clear,Yes,3.5,9.72,No
849,B737,1.96,9.94,5.6,No,Fog,Yes,8.17,9.8,Yes
850,B737,8.78,7.54,0.51,Yes,Rain,Yes,6.25,1.2,No
851,B737,1.41,6.74,1.75,No,Fog,Yes,9.92,5.31,No
852,B787,4.96,9.55,2.17,Yes,Thunderstorm,Yes,8.15,5.02,No
853,B787,3.27,6.83,0.74,Yes,Rain,No,4.85,9.97,Yes
854,A350,4.03,8.11,9.88,No,Snow,No,4.63,2.3,No
855,B737,4.28,6.72,0.17,No,Thunderstorm,Yes,6.66,2.84,No
856,A350,2.77,3.63,5.14,Yes,Clear,No,0.91,3.6,Yes
857,B787,1.11,5.27,1.75,No,Clear,No,0.38,3.61,Yes
858,A380,3.88,1.15,7.18,Yes,Rain,No,1.97,7.39,Yes
859,A380,2.89,8.94,4.33,No,Thunderstorm,No,9.8,7.77,No
860,A320,8.01,3.68,4.84,Yes,Snow,Yes,4.01,0.32,No
861,A350,1.85,2.82,0.91,Yes,Clear,Yes,1.07,9.2,Yes
862,B787,6.41,7.65,8.62,No,Rain,Yes,0.66,0.85,No
863,A320,4.73,6.14,8.39,Yes,Rain,Yes,2.9,7.35,No
864,B737,8.8,6.78,0.37,No,Snow,No,9.18,0.28,Yes
865,A320,8.63,6.81,1.01,No,Fog,Yes,8.91,5.69,Yes
866,A350,5.42,9.81,5.67,Yes,Clear,No,3.56,8.38,No
867,A320,7.73,4.72,2.77,No,Rain,Yes,6.62,3.09,Yes
868,A320,5.2,4.84,4.49,No,Thunderstorm,No,1.58,3.22,No
869,B737,1.53,4.29,9.93,Yes,Clear,No,1.79,8.98,Yes
870,B787,9.32,7.4,3.86,No,Thunderstorm,Yes,7.29,9.48,No
871,A350,0.21,5.53,3.59,Yes,Snow,Yes,0.63,3.31,No
872,A350,6.23,6.29,5.88,No,Fog,No,4.44,6.6,No
873,B787,9.95,1.18,7.92,No,Snow,Yes,4.6,1.27,Yes
874,A320,3.59,1.86,1.4,Yes,Thunderstorm,Yes,2.44,9.83,Yes
875,A320,0.09,4.16,4.14,No,Fog,Yes,4.15,2.83,Yes
876,B787,1.99,5.29,8.23,Yes,Clear,Yes,0.31,4.69,No
877,A380,1.72,0.54,4.41,Yes,Clear,Yes,4.29,9.96,Yes
878,B787,3.27,4.01,8.38,No,Clear,No,7.95,9.03,Yes
879,A380,8.12,7.23,0.56,No,Rain,No,0.82,8.56,Yes
880,A380,0.85,8.08,6.0,Yes,Rain,No,9.64,6.36,Yes
881,A380,8.52,8.91,9.06,No,Clear,No,5.0,7.47,Yes
882,A380,8.39,4.37,2.46,No,Thunderstorm,Yes,1.0,4.08,Yes
883,A320,3.45,8.49,9.33,No,Thunderstorm,Yes,5.57,9.39,No
884,A380,7.01,9.39,3.54,Yes,Thunderstorm,No,5.8,9.73,No
885,B737,8.41,6.74,6.68,Yes,Clear,No,3.54,4.37,Yes
886,B787,0.81,9.01,1.76,No,Fog,Yes,2.81,6.77,Yes
887,A350,1.31,4.24,4.09,No,Rain,Yes,3.03,6.62,Yes
888,B787,2.18,3.98,3.65,Yes,Fog,Yes,2.78,3.46,Yes
889,B787,7.53,0.95,8.42,Yes,Thunderstorm,No,7.95,1.07,Yes
890,A350,8.85,1.58,8.31,No,Rain,Yes,2.77,0.8,Yes
891,B737,8.45,4.09,0.25,No,Thunderstorm,Yes,0.26,0.95,Yes
892,B737,1.56,7.19,5.86,Yes,Snow,No,9.6,8.61,Yes
893,B787,2.64,5.91,1.65,Yes,Snow,Yes,6.4,6.31,Yes
894,B737,7.65,2.64,1.44,Yes,Fog,No,5.84,1.11,No
895,B737,9.96,3.93,0.16,Yes,Fog,No,7.67,4.53,Yes
896,B737,6.91,4.27,8.5,Yes,Rain,No,5.63,1.41,Yes
897,A320,6.51,5.58,1.43,No,Thunderstorm,No,6.84,5.05,Yes
898,B737,6.68,6.0,0.85,No,Thunderstorm,Yes,5.91,7.33,No
899,A350,9.53,0.5,9.38,Yes,Fog,Yes,3.87,7.22,Yes
900,A320,0.3,5.44,0.46,Yes,Thunderstorm,No,5.72,8.95,No
901,A320,8.73,3.43,9.28,No,Rain,No,0.28,0.35,Yes
902,A350,4.4,4.07,1.75,Yes,Thunderstorm,Yes,0.13,5.34,Yes
903,A350,4.16,0.72,1.87,Yes,Fog,No,0.61,8.46,No
904,B737,9.39,4.98,8.52,No,Snow,Yes,4.97,1.21,Yes
905,A350,9.6,3.45,1.14,No,Rain,Yes,4.58,4.74,Yes
906,A380,3.82,7.33,2.44,Yes,Clear,No,2.25,9.37,Yes
907,A380,9.72,5.14,2.59,Yes,Clear,No,6.57,4.73,Yes
908,B737,0.09,9.3,6.54,Yes,Fog,Yes,2.63,0.02,No
909,B737,7.53,1.81,2.79,No,Snow,No,0.71,4.08,No
910,B737,3.13,3.29,2.6,Yes,Thunderstorm,Yes,3.16,0.41,No
911,A320,5.16,9.16,2.24,No,Thunderstorm,Yes,2.3,9.22,No
912,A380,2.91,0.73,9.25,No,Rain,No,6.13,6.8,No
913,A350,4.12,0.97,1.66,Yes,Snow,No,9.74,9.86,No
914,B737,1.28,7.36,4.41,No,Clear,No,3.06,3.48,No
915,A320,2.45,2.61,8.54,Yes,Snow,Yes,3.48,7.43,No
916,A380,9.07,9.04,9.57,No,Thunderstorm,Yes,9.4,0.13,Yes
917,A380,9.42,6.61,5.57,No,Fog,Yes,0.84,0.48,No
918,A380,1.74,3.18,4.05,Yes,Clear,Yes,2.71,2.17,No
919,A380,1.75,2.3,5.21,Yes,Fog,No,0.13,4.53,Yes
920,A380,0.06,2.04,7.35,No,Snow,Yes,6.29,1.48,No
921,A350,9.54,2.89,3.71,Yes,Snow,Yes,6.66,0.4,No
922,A320,4.63,5.27,3.76,No,Rain,Yes,6.49,0.18,No
923,A320,9.04,3.12,1.42,No,Clear,No,5.76,9.11,Yes
924,B787,9.18,1.88,7.59,No,Fog,Yes,4.36,4.03,No
925,A380,1.73,4.55,5.08,Yes,Fog,Yes,1.04,1.36,No
926,B737,5.27,0.3,7.31,No,Fog,Yes,0.23,8.17,No
927,B737,0.5,1.82,8.61,No,Fog,Yes,2.52,7.75,No
928,B787,1.98,3.83,1.89,Yes,Snow,No,3.86,1.42,Yes
929,B737,6.77,0.14,2.94,No,Clear,Yes,7.33,4.07,Yes
930,A350,3.48,1.52,5.06,No,Snow,No,3.97,4.59,Yes
931,B787,3.15,9.85,4.2,Yes,Rain,No,5.38,3.49,Yes
932,B737,9.02,9.74,2.25,No,Rain,Yes,3.95,8.43,Yes
933,A320,0.23,1.63,0.5,No,Fog,Yes,2.91,6.17,No
934,A350,5.28,9.86,8.64,No,Clear,Yes,9.82,5.05,No
935,A320,4.1,8.28,8.39,Yes,Snow,No,1.25,6.7,No
936,B787,6.8,3.32,3.54,No,Snow,Yes,1.91,0.46,Yes
937,A320,4.93,8.16,5.05,No,Thunderstorm,Yes,8.12,2.39,Yes
938,B787,5.0,5.76,8.77,No,Snow,No,7.62,7.52,No
939,A320,3.3,2.21,9.74,Yes,Snow,Yes,2.93,3.14,No
940,B737,4.23,0.42,6.56,Yes,Clear,No,1.79,4.64,Yes
941,A320,5.83,1.66,6.37,Yes,Thunderstorm,Yes,4.5,9.36,No
942,B737,1.71,5.97,1.66,No,Thunderstorm,Yes,7.06,4.27,Yes
943,A380,2.99,2.91,3.7,No,Clear,No,6.48,3.01,No
944,A380,5.41,8.24,0.78,No,Fog,Yes,5.19,0.06,Yes
945,A320,6.92,8.09,0.09,No,Thunderstorm,No,6.4,8.75,No
946,B737,3.21,8.36,8.81,Yes,Fog,Yes,7.74,3.93,Yes
947,B787,9.88,3.28,8.68,No,Fog,Yes,2.71,1.6,Yes
948,A350,6.2,8.94,1.87,Yes,Snow,No,5.77,5.99,No
949,A320,7.93,8.84,2.25,No,Snow,No,6.49,9.03,Yes
950,B787,7.41,0.76,2.24,Yes,Fog,No,9.63,4.05,No
951,A320,8.14,8.32,6.61,No,Clear,Yes,5.31,2.11,Yes
952,B787,4.39,8.47,8.44,Yes,Thunderstorm,No,5.7,3.1,Yes
953,B787,5.45,4.27,5.98,No,Snow,Yes,1.54,7.2,Yes
954,A380,8.77,6.19,7.75,Yes,Clear,Yes,1.84,2.94,Yes
955,B737,3.97,7.86,4.13,No,Rain,No,1.46,8.58,No
956,A320,4.32,7.74,8.02,Yes,Clear,Yes,2.36,5.61,No
957,A350,1.4,5.67,2.52,Yes,Clear,No,4.62,7.17,Yes
958,A320,7.43,5.9,3.5,No,Rain,No,5.1,2.34,Yes
959,A320,3.88,5.23,2.88,No,Clear,Yes,0.01,0.01,Yes
960,A350,8.09,1.64,4.59,No,Thunderstorm,Yes,3.66,4.0,No
961,B737,8.89,3.51,9.82,Yes,Snow,No,9.55,0.86,Yes
962,A320,0.76,0.4,6.34,No,Fog,No,7.42,2.76,No
963,A350,9.9,4.82,7.51,Yes,Snow,No,0.4,7.74,No
964,A350,5.48,7.73,9.63,No,Clear,No,6.82,4.09,No
965,A380,3.61,6.17,0.95,Yes,Rain,No,0.12,5.81,No
966,B737,7.18,5.67,4.67,No,Fog,Yes,9.37,3.26,No
967,A350,2.4,2.48,8.24,No,Thunderstorm,Yes,5.98,3.27,No
968,A380,9.98,2.47,0.86,Yes,Thunderstorm,No,4.54,3.87,Yes
969,A320,5.46,3.88,1.78,Yes,Snow,Yes,8.68,1.96,Yes
970,B787,0.44,8.04,7.8,Yes,Thunderstorm,Yes,4.93,2.32,No
971,A320,8.51,5.55,7.22,Yes,Clear,Yes,5.22,0.06,Yes
972,A380,4.65,6.36,4.86,No,Thunderstorm,Yes,4.2,0.63,No
973,B787,0.36,2.81,4.7,No,Thunderstorm,Yes,1.5,7.41,No
974,A380,3.15,7.04,3.33,No,Fog,No,1.33,8.72,Yes
975,A350,9.78,2.41,7.35,No,Fog,Yes,7.66,7.87,Yes
976,B737,6.47,7.29,4.25,No,Thunderstorm,No,8.27,2.08,Yes
977,A350,9.77,4.4,8.42,No,Snow,No,9.46,0.65,No
978,A320,5.55,9.69,1.35,No,Fog,No,7.12,6.49,Yes
979,B787,7.93,9.85,4.83,Yes,Snow,No,8.84,3.53,No
980,A380,7.93,5.14,7.44,No,Fog,Yes,4.87,2.31,Yes
981,B737,1.5,7.25,7.83,No,Snow,No,5.55,2.95,Yes
982,A380,0.67,2.47,3.88,No,Rain,No,4.05,7.96,Yes
983,B787,4.93,6.36,1.81,Yes,Snow,No,7.79,3.79,Yes
984,A380,0.32,8.59,0.79,No,Rain,No,9.4,4.61,Yes
985,A380,6.19,5.71,7.39,Yes,Thunderstorm,No,7.53,0.93,No
986,A350,9.13,8.71,1.38,Yes,Snow,Yes,1.51,1.26,Yes
987,B787,7.84,5.49,6.2,Yes,Clear,Yes,5.09,9.24,Yes
988,B787,4.78,1.57,3.72,Yes,Clear,Yes,9.22,9.53,No
989,A320,9.92,2.72,1.49,No,Snow,No,3.52,7.42,Yes
990,B737,1.37,1.36,6.48,No,Thunderstorm,Yes,3.13,0.68,Yes
991,A380,1.6,5.95,4.76,Yes,Thunderstorm,Yes,0.56,1.01,No
992,B787,6.68,1.72,6.17,No,Rain,Yes,9.28,4.74,No
993,B787,6.04,1.81,1.99,Yes,Thunderstorm,Yes,8.46,7.6,Yes
994,B737,5.66,3.3,5.82,No,Snow,No,6.19,0.75,Yes
995,B737,1.49,2.37,9.51,No,Fog,Yes,3.01,3.44,Yes
996,B737,5.29,4.46,2.61,Yes,Rain,No,5.0,3.42,Yes
997,A380,2.14,0.8,3.13,Yes,Clear,Yes,2.63,5.55,Yes
998,A350,0.12,0.29,8.98,No,Clear,Yes,9.71,0.77,Yes
999,B737,9.4,9.73,5.29,No,Rain,No,7.02,4.98,Yes
1000,B737,6.94,2.11,8.99,No,Clear,No,7.26,4.48,Yes
1001,A380,4.95,2.28,7.43,No,Rain,No,5.45,3.43,No
1002,A320,7.93,5.48,7.34,Yes,Clear,Yes,5.08,5.17,Yes
1003,A350,8.43,6.92,9.91,Yes,Thunderstorm,No,0.5,7.91,Yes
1004,B737,8.8,5.6,3.67,Yes,Clear,No,8.43,7.01,Yes
1005,B737,7.16,10.0,4.26,Yes,Clear,No,3.37,4.73,Yes
1006,A320,1.33,5.92,9.09,Yes,Rain,No,8.42,5.71,No
1007,A320,8.0,8.57,7.38,No,Thunderstorm,No,8.46,8.98,No
1008,A320,4.86,9.81,9.38,No,Rain,Yes,4.12,2.0,No
1009,A350,9.19,3.15,2.86,No,Rain,Yes,0.88,3.91,No
1010,A320,1.22,8.67,0.46,No,Fog,Yes,6.24,6.83,No
1011,B737,8.44,0.99,1.34,Yes,Clear,Yes,6.85,0.65,No
1012,A320,7.08,0.5,6.77,No,Rain,No,8.37,3.13,No
1013,A350,1.43,0.63,4.49,No,Snow,No,0.66,5.26,Yes
1014,A380,5.4,3.82,1.05,Yes,Rain,No,1.9,3.49,No
1015,B737,5.49,6.74,8.17,No,Clear,No,6.42,3.68,No
1016,A380,3.88,5.75,1.04,Yes,Rain,No,4.78,5.87,Yes
1017,A320,0.82,9.69,8.19,No,Thunderstorm,No,8.33,6.98,Yes
1018,B787,1.82,2.6,1.94,Yes,Clear,Yes,7.84,5.75,Yes
1019,A350,5.08,8.0,2.62,Yes,Thunderstorm,No,3.13,2.66,No
1020,A350,4.88,7.91,0.46,Yes,Rain,No,2.01,8.71,Yes
1021,A380,6.05,5.16,5.05,Yes,Thunderstorm,Yes,1.7,8.95,Yes
1022,A320,7.68,3.49,0.95,Yes,Rain,Yes,5.83,4.37,Yes
1023,A320,9.84,1.2,3.74,Yes,Clear,No,8.75,6.62,No
1024,A380,0.29,2.44,3.2,Yes,Clear,No,6.88,0.07,Yes
1025,A320,0.91,7.07,3.75,No,Thunderstorm,Yes,4.55,5.56,Yes
1026,B737,2.6,8.96,7.36,Yes,Snow,No,9.89,7.87,No
1027,A350,8.87,3.01,7.33,Yes,Rain,Yes,9.3,4.99,Yes
1028,B787,4.03,5.9,9.65,Yes,Clear,Yes,2.0,9.46,Yes
1029,A320,3.48,6.15,8.56,No,Snow,No,1.8,8.3,Yes
1030,A320,5.08,4.99,3.1,Yes,Thunderstorm,Yes,8.53,0.45,Yes
1031,B737,5.86,5.11,3.46,No,Clear,No,5.13,7.84,Yes
1032,A320,0.67,6.16,1.07,No,Clear,No,9.03,2.22,Yes
1033,A380,8.01,7.67,0.22,No,Fog,Yes,5.35,2.69,No
1034,A380,7.15,6.7,1.48,Yes,Clear,No,1.62,5.39,Yes
1035,B787,6.65,2.69,1.94,Yes,Fog,Yes,8.74,2.44,No
1036,B737,3.74,8.35,4.47,No,Snow,No,6.54,9.34,No
1037,B737,2.96,3.51,5.13,No,Fog,No,6.61,2.28,Yes
1038,B737,8.69,7.36,1.38,No,Thunderstorm,Yes,6.64,7.63,Yes
1039,A320,1.84,3.18,5.65,No,Snow,Yes,0.3,5.03,No
1040,A320,9.8,9.06,3.44,Yes,Fog,Yes,6.99,8.38,No
1041,B737,2.92,6.8,7.26,No,Rain,No,0.97,4.82,No
1042,B737,8.11,1.08,9.19,Yes,Fog,No,4.42,2.09,Yes
1043,B737,6.73,5.05,3.28,No,Thunderstorm,No,7.67,5.03,Yes
1044,B787,9.19,4.4,3.96,No,Fog,Yes,3.32,0.3,Yes
1045,B787,9.71,7.11,4.88,No,Thunderstorm,No,1.18,0.34,No
1046,A350,5.41,8.74,5.01,Yes,Clear,Yes,9.01,6.07,Yes
1047,A320,9.96,5.8,9.88,No,Clear,No,0.02,7.47,No
1048,B737,4.01,3.55,8.21,No,Clear,No,6.56,6.56,No
1049,B737,0.44,6.18,4.73,Yes,Clear,No,1.0,8.59,Yes
1050,A320,7.22,7.01,0.02,Yes,Clear,Yes,8.53,5.99,No
1051,A350,2.95,8.61,4.88,No,Fog,No,6.89,5.97,Yes
1052,A320,9.06,0.11,0.11,Yes,Clear,Yes,3.48,4.41,Yes
1053,B737,7.17,4.48,2.77,No,Rain,Yes,3.86,4.39,No
1054,B737,1.16,6.36,6.87,Yes,Clear,No,4.42,4.62,Yes
1055,B737,6.11,8.21,3.71,No,Clear,Yes,3.19,7.83,No
1056,B787,4.32,9.57,7.61,No,Rain,No,5.9,1.83,Yes
1057,A380,6.68,0.52,8.19,Yes,Fog,Yes,9.23,1.27,No
1058,A380,6.24,4.77,5.9,Yes,Fog,Yes,8.84,2.6,No
1059,B787,2.47,8.5,9.01,Yes,Snow,No,5.4,7.69,No
1060,B737,8.85,6.67,0.53,No,Fog,No,6.67,7.3,No
1061,B787,1.73,1.28,0.56,Yes,Fog,Yes,2.14,3.67,Yes
1062,B737,2.26,2.97,5.21,No,Clear,No,8.73,7.52,No
1063,A350,4.48,9.36,6.06,No,Snow,No,0.72,9.02,Yes
1064,B787,4.2,3.96,7.91,Yes,Clear,Yes,4.94,8.01,No
1065,A380,6.08,0.54,5.62,No,Snow,No,2.85,0.81,No
1066,B737,0.75,6.34,2.41,Yes,Thunderstorm,No,0.01,6.39,No
1067,A320,6.96,3.48,2.54,No,Thunderstorm,Yes,8.65,0.09,No
1068,B737,2.31,7.36,0.98,Yes,Clear,No,1.76,7.93,Yes
1069,A380,4.22,7.14,9.85,Yes,Rain,No,2.08,9.34,No
1070,B787,3.74,1.04,8.45,Yes,Rain,Yes,2.37,1.08,No
1071,A350,3.58,0.9,1.53,Yes,Rain,No,2.44,2.13,No
1072,B737,7.69,2.05,5.83,No,Clear,Yes,5.57,5.85,Yes
1073,A350,7.39,5.73,5.58,No,Fog,No,1.11,3.81,No
1074,B787,3.11,7.42,0.35,Yes,Rain,Yes,2.02,1.74,No
1075,A350,7.59,6.87,2.41,No,Rain,Yes,2.46,8.72,Yes
1076,B737,5.97,3.02,0.1,Yes,Snow,No,5.59,3.86,Yes
1077,A320,0.44,1.13,8.16,No,Fog,Yes,8.97,2.58,No
1078,A380,5.86,3.36,8.91,No,Clear,No,9.96,4.16,Yes
1079,A380,8.78,6.16,1.38,Yes,Clear,No,8.55,4.1,No
1080,A320,9.21,1.86,7.83,No,Snow,No,4.13,8.06,Yes
1081,B787,2.19,2.03,3.97,No,Snow,No,1.6,9.35,Yes
1082,B787,4.3,6.03,2.92,Yes,Snow,Yes,2.07,9.19,No
1083,A320,7.5,1.55,8.24,Yes,Thunderstorm,No,8.8,9.1,No
1084,A380,4.45,7.46,0.97,No,Snow,Yes,5.66,5.69,No
1085,A350,3.5,0.92,5.2,No,Fog,Yes,6.11,7.78,No
1086,A380,6.32,3.99,4.21,Yes,Snow,No,6.18,1.46,No
1087,B787,3.66,3.63,4.29,No,Clear,No,2.0,0.86,Yes
1088,B737,7.74,2.95,8.92,No,Clear,No,6.8,0.88,Yes
1089,A320,9.03,3.26,4.51,No,Fog,Yes,7.29,6.16,Yes
1090,A380,5.62,0.36,0.47,Yes,Clear,Yes,8.49,9.44,Yes
1091,A380,4.43,1.54,2.12,No,Rain,Yes,9.13,0.32,No
1092,A380,5.02,2.63,1.41,Yes,Clear,No,8.12,4.15,Yes
1093,A320,5.24,8.63,7.36,Yes,Fog,No,1.9,6.65,No
1094,A380,7.14,1.25,8.22,No,Fog,No,7.13,8.19,Yes
1095,A320,4.14,3.44,4.03,No,Snow,No,4.24,0.94,No
1096,B787,2.12,8.69,4.88,Yes,Thunderstorm,Yes,3.46,5.53,No
1097,A320,2.52,4.39,6.79,Yes,Clear,No,7.34,9.69,Yes
1098,B787,5.29,7.4,9.74,No,Clear,Yes,0.77,8.96,Yes
1099,A320,5.75,8.56,6.67,No,Rain,No,6.22,9.85,Yes
1100,A350,4.3,9.27,0.98,Yes,Rain,No,5.03,2.88,No
1101,A320,9.92,9.28,1.34,Yes,Snow,No,1.12,5.82,No
1102,A380,2.99,7.03,6.67,Yes,Clear,No,5.03,1.57,No
1103,A350,7.06,8.13,2.12,Yes,Thunderstorm,Yes,0.71,7.49,No
1104,B787,9.72,7.45,4.82,Yes,Fog,No,2.0,9.9,Yes
1105,A350,2.18,5.35,2.41,No,Fog,No,5.03,1.67,No
1106,B737,1.63,1.83,7.64,Yes,Thunderstorm,Yes,7.83,6.52,Yes
1107,A380,6.64,3.45,2.64,No,Thunderstorm,Yes,9.14,0.42,Yes
1108,B737,1.72,8.5,5.46,Yes,Thunderstorm,Yes,2.13,8.29,Yes
1109,A320,6.94,4.72,0.56,No,Clear,Yes,0.92,3.02,No
1110,A320,6.68,2.25,8.17,No,Fog,Yes,5.68,4.94,No
1111,B787,8.21,9.58,9.89,No,Clear,Yes,0.32,8.43,Yes
1112,A350,6.87,0.63,5.61,No,Thunderstorm,Yes,3.48,2.99,No
1113,B737,8.88,3.84,1.12,No,Snow,No,8.94,5.51,Yes
1114,B737,1.06,7.13,1.64,Yes,Snow,Yes,2.73,9.63,No
1115,A320,2.74,7.87,9.97,No,Fog,No,5.62,7.09,No
1116,B737,8.26,3.35,3.27,No,Rain,Yes,8.26,4.77,No
1117,A380,1.21,9.78,0.43,No,Clear,Yes,3.12,1.9,No
1118,A320,0.2,7.93,9.19,No,Clear,No,9.79,7.36,No
1119,A350,1.93,1.86,3.93,No,Rain,No,6.16,3.26,No
1120,B787,8.71,8.3,4.94,No,Fog,Yes,2.0,5.43,Yes
1121,A350,1.94,8.57,3.1,Yes,Fog,Yes,5.17,8.26,No
1122,A350,9.24,9.8,2.34,Yes,Rain,Yes,5.53,8.89,Yes
1123,B737,5.92,0.06,4.38,No,Rain,No,5.42,6.84,No
1124,A320,1.43,8.88,7.1,No,Fog,No,9.96,4.35,Yes
1125,A320,2.01,4.03,9.46,No,Clear,Yes,0.36,7.85,No
1126,A380,4.71,3.51,4.16,Yes,Thunderstorm,No,9.3,4.78,Yes
1127,B737,8.52,8.94,9.55,Yes,Thunderstorm,Yes,4.09,3.65,Yes
1128,A320,4.1,7.49,3.16,No,Fog,Yes,3.79,1.4,Yes
1129,A320,0.25,1.8,7.85,Yes,Thunderstorm,No,3.26,0.38,Yes
1130,A320,6.11,4.94,3.63,Yes,Fog,No,6.35,8.07,Yes
1131,A350,6.29,1.27,8.75,No,Thunderstorm,No,2.93,8.5,No
1132,A350,2.57,0.9,4.49,No,Snow,No,3.59,6.96,No
1133,A380,9.54,6.0,9.58,Yes,Fog,Yes,9.36,7.12,Yes
1134,B737,6.68,1.64,1.16,No,Clear,Yes,1.67,9.61,No
1135,A380,1.44,0.1,3.11,Yes,Rain,No,7.0,8.47,Yes
1136,A350,3.92,2.36,9.73,Yes,Snow,Yes,0.61,1.57,No
1137,B737,6.48,7.43,3.26,Yes,Thunderstorm,No,4.67,0.76,No
1138,A320,2.95,9.49,8.09,Yes,Thunderstorm,Yes,2.9,8.78,No
1139,A350,8.18,1.25,9.9,Yes,Clear,No,0.42,3.78,No
1140,B787,9.5,8.06,2.22,No,Rain,Yes,1.81,3.45,No
1141,A380,4.15,1.96,9.61,Yes,Clear,No,9.67,0.82,No
1142,A380,3.5,4.75,1.39,Yes,Thunderstorm,Yes,0.57,8.24,No
1143,B737,9.42,9.27,2.11,Yes,Fog,No,2.67,9.5,No
1144,A380,8.19,8.12,6.91,Yes,Rain,No,0.2,1.57,No
1145,A320,7.28,9.28,7.83,Yes,Rain,Yes,7.7,5.41,No
1146,A320,8.04,4.9,7.03,No,Snow,No,9.25,8.18,No
1147,B787,7.37,3.6,3.41,Yes,Thunderstorm,No,7.82,1.56,Yes
1148,A320,9.48,2.24,7.34,No,Rain,No,0.01,0.46,Yes
1149,B787,9.83,3.34,4.25,No,Snow,No,4.07,6.86,Yes
1150,B787,1.09,1.31,4.29,Yes,Clear,No,3.21,7.9,Yes
1151,B737,7.73,6.77,8.34,Yes,Thunderstorm,No,4.59,9.26,No
1152,A350,3.35,5.64,6.33,No,Thunderstorm,No,8.85,6.58,No
1153,A350,0.59,9.71,8.29,No,Thunderstorm,No,2.15,2.73,Yes
1154,A350,2.37,2.37,8.73,No,Snow,No,9.94,1.79,Yes
1155,B787,1.11,2.11,5.48,No,Thunderstorm,Yes,0.14,0.03,Yes
1156,A320,7.58,6.76,1.72,Yes,Fog,Yes,0.39,1.03,Yes
1157,B787,5.39,8.06,4.74,No,Fog,No,8.35,5.09,Yes
1158,A380,7.75,2.29,0.31,No,Fog,Yes,7.51,7.34,No
1159,B737,5.52,9.79,8.06,Yes,Thunderstorm,Yes,10.0,5.25,No
1160,A320,5.39,2.96,7.46,No,Clear,Yes,0.82,3.86,No
1161,A350,8.79,9.7,8.13,Yes,Thunderstorm,No,6.95,5.81,Yes
1162,A380,8.5,6.27,2.02,Yes,Thunderstorm,No,7.69,8.3,No
1163,A320,1.07,4.96,0.99,Yes,Clear,Yes,9.48,2.52,Yes
1164,A350,3.72,5.65,9.28,Yes,Thunderstorm,Yes,9.93,3.82,Yes
1165,A380,0.48,4.91,1.31,Yes,Thunderstorm,No,7.24,7.54,No
1166,A320,8.21,9.53,6.65,No,Thunderstorm,No,4.98,2.08,Yes
1167,B787,9.57,4.62,1.47,No,Thunderstorm,Yes,4.39,2.32,No
1168,A350,5.1,8.21,6.65,No,Thunderstorm,Yes,9.81,9.34,Yes
1169,A350,4.12,5.85,4.04,No,Clear,Yes,8.72,6.9,No
1170,B737,9.62,6.65,7.38,No,Clear,Yes,4.84,0.45,Yes
1171,B787,7.36,9.28,7.05,No,Thunderstorm,No,8.09,3.85,Yes
1172,A350,7.22,2.63,4.94,Yes,Rain,No,6.46,6.17,Yes
1173,A380,2.66,4.7,5.31,No,Clear,No,2.44,2.97,Yes
1174,A350,1.67,0.36,3.34,No,Fog,No,2.02,2.17,No
1175,B737,2.75,2.76,6.61,No,Thunderstorm,No,7.84,3.96,No
1176,B787,1.88,9.74,7.68,Yes,Snow,No,1.9,6.64,Yes
1177,A380,2.18,1.73,4.87,No,Snow,No,1.55,4.16,Yes
1178,A350,2.85,9.19,7.21,Yes,Clear,Yes,1.36,0.25,No
1179,A320,9.2,4.63,7.14,Yes,Thunderstorm,No,5.79,0.02,No
1180,A380,8.79,1.4,3.75,Yes,Rain,No,8.86,1.58,No
1181,A320,3.33,1.93,0.57,No,Snow,No,3.79,0.44,No
1182,B787,3.3,5.8,3.04,Yes,Snow,Yes,5.7,2.21,No
1183,B787,0.74,4.51,3.75,Yes,Thunderstorm,No,7.57,7.17,Yes
1184,B787,5.36,8.53,3.18,No,Fog,No,1.38,1.2,No
1185,A380,9.16,3.38,0.31,Yes,Thunderstorm,No,3.32,2.42,Yes
1186,A380,6.91,4.62,6.15,No,Fog,Yes,8.39,7.55,No
1187,B787,6.75,5.38,4.74,No,Rain,No,1.15,8.38,Yes
1188,B787,3.3,3.12,5.98,Yes,Clear,No,2.42,8.02,No
1189,A380,7.03,2.25,8.8,Yes,Thunderstorm,No,7.01,6.29,Yes
1190,B737,6.2,8.06,2.16,Yes,Fog,Yes,2.87,1.8,No
1191,B737,2.94,1.18,8.13,Yes,Thunderstorm,Yes,0.09,5.13,Yes
1192,A320,8.15,4.53,9.8,No,Clear,No,9.73,0.53,Yes
1193,A380,5.59,8.11,1.99,Yes,Fog,No,9.48,8.28,Yes
1194,B737,7.22,1.87,0.51,No,Rain,No,6.0,5.23,No
1195,A320,5.39,7.19,7.51,Yes,Thunderstorm,No,7.17,8.5,Yes
1196,A380,4.74,9.81,8.69,Yes,Fog,No,3.3,9.55,Yes
1197,A380,9.98,5.47,8.04,Yes,Snow,Yes,7.06,5.85,No
1198,A320,9.78,8.84,1.52,No,Thunderstorm,Yes,6.48,3.87,No
1199,A380,7.01,8.63,6.4,No,Rain,Yes,0.43,0.92,Yes
1200,B787,7.84,9.15,7.2,Yes,Rain,No,3.69,6.15,No
1201,B787,6.52,4.62,7.88,No,Fog,No,2.73,9.51,No
1202,A350,7.35,4.99,4.13,No,Thunderstorm,Yes,7.69,0.05,Yes
1203,A350,0.74,2.37,7.97,Yes,Rain,No,4.61,4.4,No
1204,A350,9.53,3.63,3.8,Yes,Thunderstorm,No,8.47,6.56,No
1205,B737,9.32,9.4,9.26,Yes,Thunderstorm,No,0.3,8.89,No
1206,A350,0.53,9.98,5.21,No,Clear,Yes,2.56,7.16,Yes
1207,B787,1.09,0.47,4.13,No,Snow,Yes,3.96,8.63,Yes
1208,A350,8.22,8.73,5.74,Yes,Rain,No,2.87,3.09,No
1209,B737,1.96,9.62,0.22,No,Snow,Yes,6.97,8.56,Yes
1210,A380,2.25,0.4,8.77,No,Clear,No,0.6,7.29,No
1211,B737,7.47,7.78,9.32,Yes,Snow,Yes,3.04,5.67,No
1212,A320,1.37,9.78,0.87,Yes,Snow,No,4.25,2.31,Yes
1213,A320,5.14,2.9,9.26,No,Clear,No,0.8,1.47,Yes
1214,A320,0.3,2.44,0.37,Yes,Thunderstorm,Yes,6.74,4.08,No
1215,B787,0.71,4.06,6.01,No,Clear,No,0.31,8.97,Yes
1216,B737,9.62,2.63,2.07,Yes,Snow,Yes,7.35,0.41,Yes
1217,A380,6.07,0.55,7.72,No,Clear,Yes,1.7,2.67,Yes
1218,A320,5.17,5.93,5.5,Yes,Fog,Yes,9.8,2.29,No
1219,A320,5.11,1.58,9.3,Yes,Rain,No,3.62,9.27,No
1220,A380,7.41,0.31,0.99,No,Fog,Yes,4.75,0.32,Yes
1221,A350,2.65,1.6,9.5,Yes,Fog,No,5.86,1.26,Yes
1222,A350,9.9,5.18,4.36,Yes,Rain,Yes,3.4,3.71,Yes
1223,B737,7.15,2.48,6.04,No,Thunderstorm,No,9.62,0.28,Yes
1224,A320,1.83,8.44,1.93,Yes,Snow,Yes,3.57,1.46,No
1225,A380,7.52,6.18,2.63,No,Rain,Yes,3.48,6.22,No
1226,B787,4.57,0.62,4.23,No,Rain,No,0.33,6.46,Yes
1227,A320,5.95,0.63,1.75,No,Thunderstorm,Yes,3.88,3.03,Yes
1228,A320,4.38,2.3,9.46,No,Thunderstorm,Yes,5.82,1.02,No
1229,B787,9.25,4.13,4.09,Yes,Clear,No,0.03,2.89,Yes
1230,B737,4.27,1.12,9.33,No,Clear,Yes,4.67,1.99,No
1231,B737,5.37,8.06,2.6,No,Fog,No,7.19,1.97,No
1232,A380,4.61,7.85,0.61,Yes,Snow,No,1.73,5.07,No
1233,A320,1.45,1.95,3.85,Yes,Fog,Yes,8.78,2.33,Yes
1234,A350,7.06,7.49,6.7,Yes,Fog,No,2.95,6.26,No
1235,A350,9.85,7.29,4.85,Yes,Fog,Yes,5.96,3.08,Yes
1236,B787,2.76,5.58,0.71,No,Clear,No,7.6,1.68,Yes
1237,A380,0.9,9.13,7.41,No,Fog,Yes,2.17,0.15,No
1238,A380,5.83,9.1,7.19,Yes,Thunderstorm,Yes,3.49,5.72,Yes
1239,A380,3.87,2.66,5.72,Yes,Clear,No,8.86,9.6,No
1240,B787,4.03,4.25,0.18,No,Clear,Yes,2.91,4.72,Yes
1241,A350,1.35,1.2,7.53,No,Snow,No,7.42,1.27,Yes
1242,A320,7.05,5.49,2.53,No,Rain,Yes,6.85,2.45,Yes
1243,B787,2.13,2.56,1.46,No,Thunderstorm,No,4.6,1.04,Yes
1244,B737,2.37,5.37,3.2,No,Thunderstorm,Yes,7.37,0.3,No
1245,A350,7.0,6.49,2.77,Yes,Thunderstorm,No,1.04,1.0,No
1246,B737,5.49,7.3,7.51,Yes,Snow,No,4.04,9.07,Yes
1247,A320,1.52,7.57,9.08,Yes,Clear,Yes,4.52,0.78,Yes
1248,A320,0.77,3.88,3.77,No,Snow,Yes,8.67,7.68,Yes
1249,A380,3.67,4.7,0.99,Yes,Thunderstorm,Yes,2.09,1.97,No
1250,A350,7.43,4.7,8.16,Yes,Rain,No,2.01,0.14,Yes
1251,A380,6.19,1.28,2.99,No,Thunderstorm,Yes,3.94,1.15,No
1252,A380,3.22,0.99,0.12,Yes,Snow,Yes,0.05,7.64,No
1253,B737,0.68,1.47,6.2,Yes,Rain,Yes,4.04,8.91,Yes
1254,B737,1.54,6.93,7.11,Yes,Rain,Yes,2.41,6.53,Yes
1255,B737,6.78,7.14,7.76,No,Clear,No,2.73,6.34,No
1256,A350,6.9,2.95,1.74,No,Clear,No,2.14,4.03,No
1257,A350,9.89,8.64,9.62,No,Fog,Yes,8.03,4.93,Yes
1258,A380,5.78,9.87,0.81,Yes,Thunderstorm,Yes,8.81,7.64,No
1259,B737,4.4,7.87,5.04,No,Fog,Yes,8.73,1.18,Yes
1260,A380,6.68,8.41,7.38,No,Snow,Yes,9.19,7.47,No
1261,A350,2.38,4.65,0.31,Yes,Fog,Yes,1.6,7.44,No
1262,B737,8.52,0.47,7.37,Yes,Thunderstorm,No,0.01,3.02,Yes
1263,B787,2.97,8.75,3.47,No,Clear,No,1.82,2.4,Yes
1264,A380,0.2,5.34,5.09,Yes,Fog,Yes,2.8,7.39,No
1265,B737,8.66,2.76,9.03,Yes,Rain,No,2.7,8.18,Yes
1266,A380,1.96,8.55,1.38,Yes,Snow,Yes,9.36,8.75,Yes
1267,A380,3.93,1.05,8.4,No,Thunderstorm,No,6.3,2.97,Yes
1268,A380,7.0,8.82,6.97,No,Clear,No,4.54,8.32,No
1269,A380,7.54,7.9,2.09,No,Snow,No,9.63,2.09,Yes
1270,A380,3.17,5.76,1.7,Yes,Rain,Yes,5.01,5.06,No
1271,A350,6.82,0.49,7.29,No,Thunderstorm,No,4.27,4.02,Yes
1272,B787,9.65,1.85,4.57,Yes,Clear,Yes,1.02,4.62,Yes
1273,B737,9.65,6.49,9.94,Yes,Clear,No,6.57,0.64,No
1274,B787,3.86,9.32,1.41,Yes,Snow,No,8.43,6.79,Yes
1275,A320,9.51,4.15,3.45,Yes,Snow,No,9.8,0.2,No
1276,A320,6.78,4.55,7.11,No,Fog,No,4.59,1.06,No
1277,A320,3.27,1.41,6.66,Yes,Snow,No,9.73,4.82,No
1278,B787,9.44,0.3,4.34,Yes,Thunderstorm,Yes,0.14,8.53,No
1279,A350,4.87,1.48,3.05,Yes,Snow,Yes,3.54,2.22,Yes
1280,B737,6.88,1.66,1.87,Yes,Fog,No,7.03,2.57,Yes
1281,B787,9.53,1.39,6.78,No,Snow,No,9.25,9.17,Yes
1282,A320,5.05,5.64,0.92,No,Rain,No,5.14,0.6,No
1283,A320,6.22,7.43,0.88,No,Snow,Yes,2.56,0.89,No
1284,A380,7.81,7.06,3.23,No,Fog,No,1.68,2.41,No
1285,A350,7.02,8.72,7.95,Yes,Thunderstorm,Yes,4.41,0.45,Yes
1286,B737,4.93,5.1,2.23,No,Snow,Yes,0.39,6.23,No
1287,A380,9.67,0.81,6.64,No,Thunderstorm,No,2.59,8.5,No
1288,A350,6.11,2.65,4.09,No,Snow,No,7.03,9.95,Yes
1289,A320,4.64,8.38,8.36,No,Snow,No,5.49,8.99,Yes
1290,A320,3.76,9.49,8.3,Yes,Snow,No,5.37,0.58,Yes
1291,A380,1.41,4.99,4.15,Yes,Clear,Yes,2.18,7.8,No
1292,A380,2.66,6.94,7.4,No,Rain,No,6.85,4.6,Yes
1293,A350,3.37,3.0,9.69,Yes,Rain,Yes,2.5,4.95,No
1294,A350,4.94,1.65,5.43,No,Fog,Yes,1.65,4.99,Yes
1295,A380,7.5,1.62,3.48,Yes,Thunderstorm,No,3.93,4.81,No
1296,B737,9.52,0.63,7.39,No,Clear,No,8.24,6.52,Yes
1297,A320,2.55,7.73,3.59,No,Rain,No,1.64,2.5,Yes
1298,A350,1.38,0.6,4.77,No,Snow,Yes,8.94,5.02,Yes
1299,B737,7.28,4.72,0.82,Yes,Clear,No,0.59,3.15,Yes
1300,B737,9.93,3.94,9.89,No,Thunderstorm,No,6.56,8.61,Yes
1301,A380,0.01,2.9,6.93,Yes,Thunderstorm,Yes,2.32,9.14,Yes
1302,A380,4.19,2.2,0.34,Yes,Snow,Yes,6.17,9.13,Yes
1303,A320,6.12,4.12,1.29,Yes,Rain,No,3.07,5.26,No
1304,B787,5.25,6.64,4.32,Yes,Snow,No,0.88,8.03,No
1305,B737,9.76,6.55,1.68,No,Clear,Yes,7.05,0.16,No
1306,A380,4.72,1.45,4.9,Yes,Snow,No,6.23,2.0,Yes
1307,A350,2.1,9.13,1.83,No,Snow,No,2.1,0.36,Yes
1308,B737,6.06,9.94,7.32,Yes,Clear,Yes,3.37,9.65,Yes
1309,A350,5.66,5.79,1.92,Yes,Thunderstorm,No,7.19,1.07,Yes
1310,B737,7.89,3.12,0.48,Yes,Rain,No,3.07,5.97,Yes
1311,B737,0.85,4.98,9.39,Yes,Clear,Yes,9.82,3.92,Yes
1312,A320,0.13,3.24,5.97,Yes,Snow,No,5.27,6.69,Yes
1313,B737,2.19,9.94,5.53,Yes,Clear,No,8.29,0.94,Yes
1314,A380,2.37,2.67,7.98,Yes,Thunderstorm,Yes,0.04,8.62,No
1315,A320,0.55,1.25,5.7,No,Thunderstorm,Yes,0.71,9.15,No
1316,B787,5.56,1.06,3.74,No,Thunderstorm,No,3.44,2.26,Yes
1317,A320,1.69,6.23,3.94,Yes,Snow,Yes,2.48,1.59,No
1318,B737,3.42,7.84,1.99,Yes,Rain,Yes,7.0,3.95,Yes
1319,A350,6.1,8.7,0.07,Yes,Clear,Yes,7.83,5.93,Yes
1320,A350,4.5,0.95,3.09,No,Rain,Yes,1.52,3.54,No
1321,A350,8.62,3.7,9.41,Yes,Rain,Yes,3.88,0.55,Yes
1322,A380,2.4,7.66,4.03,No,Snow,Yes,5.16,5.86,No
1323,B787,9.81,2.26,3.72,No,Rain,Yes,1.39,6.89,No
1324,A320,6.48,4.82,9.08,Yes,Snow,No,1.1,8.98,No
1325,B737,9.22,4.28,4.1,No,Snow,No,7.56,5.85,Yes
1326,B737,6.19,2.42,3.07,No,Thunderstorm,No,5.93,9.06,Yes
1327,B787,7.23,8.28,9.72,Yes,Fog,Yes,4.72,4.92,No
1328,B787,3.29,8.76,6.54,No,Thunderstorm,Yes,5.73,1.71,No
1329,B737,9.38,2.04,8.57,No,Snow,Yes,6.78,4.36,No
1330,A320,3.0,4.38,4.51,Yes,Rain,Yes,7.4,1.11,Yes
1331,A350,8.34,0.02,8.78,Yes,Thunderstorm,No,3.21,6.96,Yes
1332,A350,7.61,7.84,4.3,Yes,Fog,No,2.09,9.79,No
1333,A380,6.37,2.89,1.52,Yes,Rain,No,7.96,8.19,No
1334,A350,3.36,6.34,6.81,No,Rain,Yes,9.37,7.99,No
1335,A350,4.71,0.42,5.0,No,Fog,Yes,5.24,4.15,Yes
1336,A350,1.49,3.11,1.91,No,Thunderstorm,Yes,6.99,7.13,No
1337,A380,2.9,9.69,6.94,Yes,Clear,Yes,8.1,5.83,No
1338,B787,4.3,5.09,4.53,Yes,Snow,Yes,2.08,7.77,No
1339,A350,0.01,8.44,0.28,Yes,Rain,Yes,7.55,2.45,No
1340,A320,3.64,0.94,0.71,Yes,Clear,Yes,9.09,5.37,No
1341,B787,8.89,8.24,4.64,Yes,Snow,Yes,5.98,5.82,No
1342,B787,6.41,6.67,2.0,No,Clear,No,9.86,8.0,No
1343,A380,0.57,0.12,4.89,Yes,Clear,No,5.89,9.86,Yes
1344,B787,6.1,7.26,3.34,No,Snow,No,6.22,9.83,Yes
1345,A350,9.74,5.58,5.93,Yes,Thunderstorm,Yes,3.23,5.94,No
1346,A380,1.48,7.86,8.83,No,Thunderstorm,No,0.11,9.18,No
1347,B787,3.25,4.22,2.84,No,Clear,Yes,6.75,0.44,No
1348,A350,3.18,1.76,4.45,Yes,Rain,No,4.21,0.04,Yes
1349,A380,7.2,2.85,9.84,No,Clear,Yes,2.98,9.36,No
1350,B787,4.39,3.66,1.96,Yes,Snow,No,1.77,2.86,No
1351,B737,4.2,9.58,6.39,No,Thunderstorm,Yes,3.06,6.35,No
1352,A350,8.09,0.13,7.9,Yes,Snow,Yes,9.8,9.85,Yes
1353,B787,1.79,7.6,3.99,Yes,Rain,Yes,6.48,2.68,No
1354,A320,2.29,3.36,2.2,No,Snow,No,0.07,2.13,No
1355,A380,1.53,8.03,5.88,Yes,Rain,No,2.97,2.01,No
1356,B787,7.8,0.66,6.19,No,Fog,Yes,4.06,8.54,Yes
1357,B787,1.48,7.73,8.13,Yes,Fog,Yes,5.95,9.72,No
1358,B787,9.34,6.96,5.87,No,Snow,Yes,2.43,1.8,Yes
1359,B737,2.45,9.39,5.72,Yes,Fog,Yes,3.11,1.93,No
1360,A320,0.96,6.93,6.87,No,Fog,No,6.45,0.96,Yes
1361,B787,3.47,2.04,4.23,Yes,Snow,No,2.48,6.0,Yes
1362,A320,9.41,3.05,9.01,No,Thunderstorm,Yes,0.33,4.19,No
1363,A320,2.06,0.03,0.69,No,Thunderstorm,No,9.06,6.91,No
1364,A350,3.95,6.16,8.35,Yes,Fog,No,2.08,5.43,Yes
1365,B737,2.47,7.24,9.84,Yes,Fog,No,2.35,5.69,No
1366,A320,1.54,3.44,8.62,No,Thunderstorm,No,7.49,6.57,Yes
1367,A350,6.8,1.63,9.4,Yes,Thunderstorm,Yes,7.25,3.05,No
1368,A380,7.72,2.11,4.73,Yes,Fog,Yes,2.18,5.93,Yes
1369,B737,4.2,8.15,9.72,No,Thunderstorm,No,6.5,5.73,Yes
1370,A350,0.25,4.39,8.85,No,Clear,No,8.5,8.53,Yes
1371,B787,6.12,4.7,3.56,No,Rain,No,7.54,0.14,No
1372,B737,9.67,5.79,8.88,No,Rain,Yes,0.44,5.68,No
1373,B737,1.41,1.48,7.94,Yes,Snow,No,2.95,2.07,No
1374,B787,1.29,0.22,3.89,Yes,Snow,Yes,6.03,6.88,No
1375,B737,5.1,6.57,6.49,No,Rain,Yes,6.97,2.3,Yes
1376,B787,3.83,5.7,6.87,No,Thunderstorm,Yes,1.33,4.39,No
1377,A320,4.97,9.81,7.69,No,Thunderstorm,Yes,8.61,6.14,No
1378,A320,0.2,7.83,8.77,Yes,Rain,Yes,5.81,1.0,Yes
1379,A320,7.92,3.7,8.2,Yes,Fog,Yes,2.39,1.24,Yes
1380,A320,3.3,1.52,1.87,No,Rain,Yes,1.41,3.54,No
1381,A320,8.88,2.89,2.16,No,Snow,Yes,7.66,5.28,Yes
1382,A380,5.15,3.86,3.19,No,Rain,No,3.35,6.86,No
1383,B787,1.29,8.34,0.59,No,Rain,Yes,3.41,8.43,No
1384,B787,4.19,6.38,5.25,Yes,Snow,Yes,6.9,2.41,No
1385,A320,9.16,6.93,6.67,Yes,Rain,Yes,3.81,9.37,No
1386,B737,1.76,7.79,9.85,No,Rain,Yes,1.22,6.09,Yes
1387,B737,1.79,6.2,6.88,No,Fog,No,7.86,3.31,Yes
1388,A320,3.49,6.03,3.73,No,Fog,Yes,8.87,8.37,Yes
1389,B787,7.66,5.97,0.6,Yes,Clear,No,5.46,5.57,Yes
1390,A350,6.0,6.62,3.86,No,Thunderstorm,No,1.61,0.35,Yes
1391,A320,6.4,2.63,3.67,Yes,Clear,No,4.96,9.76,No
1392,B737,0.96,6.72,2.68,Yes,Snow,No,4.93,3.14,Yes
1393,A350,0.78,9.49,8.46,Yes,Snow,No,2.76,8.62,No
1394,B737,7.38,9.17,3.29,Yes,Clear,No,0.51,2.82,Yes
1395,B737,4.76,8.1,1.95,Yes,Clear,No,5.18,3.41,No
1396,A350,7.87,4.85,3.11,Yes,Fog,Yes,3.57,2.99,Yes
1397,A320,8.6,9.72,9.91,Yes,Thunderstorm,Yes,2.91,8.97,Yes
1398,A380,6.35,0.92,6.98,No,Clear,No,2.62,1.58,Yes
1399,A320,4.08,3.66,9.79,No,Clear,No,3.46,1.84,No
1400,A380,3.31,9.07,1.56,No,Clear,Yes,4.12,2.28,Yes
1401,B787,8.0,3.05,3.47,Yes,Snow,Yes,9.32,0.4,No
1402,A320,8.57,1.98,6.34,Yes,Snow,Yes,9.76,4.17,Yes
1403,A320,7.7,1.83,0.79,Yes,Snow,No,2.23,5.26,No
1404,B737,6.29,5.33,5.45,No,Rain,Yes,8.08,8.21,Yes
1405,A380,5.36,8.57,5.05,No,Clear,No,6.82,4.18,No
1406,A350,9.02,5.87,8.81,No,Rain,No,2.91,4.19,No
1407,A350,8.59,1.25,0.29,No,Rain,No,9.34,7.91,No
1408,B787,8.65,8.25,6.71,Yes,Snow,Yes,0.17,6.16,No
1409,A350,7.9,8.47,5.04,No,Thunderstorm,Yes,5.99,8.39,No
1410,B787,6.79,8.6,8.84,No,Fog,Yes,7.53,2.39,No
1411,A380,5.39,7.4,2.7,No,Fog,No,3.19,3.42,No
1412,A380,6.95,6.85,3.2,Yes,Clear,Yes,6.83,1.9,No
1413,A380,5.93,0.85,9.55,No,Snow,No,3.77,7.52,Yes
1414,A380,1.15,5.36,2.11,No,Thunderstorm,Yes,0.88,9.49,Yes
1415,A380,6.65,8.4,6.72,Yes,Thunderstorm,No,1.3,8.65,Yes
1416,A380,7.4,4.02,0.9,No,Thunderstorm,Yes,4.58,0.76,No
1417,B787,3.93,2.56,4.45,No,Clear,No,7.02,0.72,No
1418,B737,5.26,3.5,6.1,No,Clear,Yes,9.57,5.84,No
1419,A350,2.16,6.69,1.19,No,Snow,Yes,8.61,6.21,Yes
1420,A380,3.94,9.13,0.45,No,Fog,No,8.32,1.27,Yes
1421,B787,6.71,7.83,5.01,Yes,Thunderstorm,Yes,2.66,3.91,Yes
1422,A380,2.35,9.19,2.03,Yes,Snow,Yes,5.85,8.75,Yes
1423,B787,8.14,1.86,3.4,No,Fog,Yes,2.69,2.5,Yes
1424,A320,3.55,8.13,5.37,Yes,Clear,No,2.95,7.71,No
1425,B737,2.42,4.98,3.38,Yes,Clear,No,2.61,7.12,No
1426,A380,1.41,7.15,5.96,Yes,Snow,No,8.14,0.81,Yes
1427,A320,3.59,6.06,7.0,No,Thunderstorm,Yes,8.62,9.41,Yes
1428,A320,5.99,8.2,7.11,Yes,Thunderstorm,No,8.68,8.29,Yes
1429,A350,0.78,4.96,5.74,No,Snow,No,5.49,1.11,Yes
1430,A350,9.92,7.58,6.4,No,Snow,Yes,3.45,1.84,No
1431,A350,8.69,7.84,8.88,Yes,Fog,No,8.0,1.17,No
1432,A350,9.92,2.57,7.45,Yes,Snow,Yes,1.27,8.34,No
1433,B787,7.28,8.69,6.05,Yes,Thunderstorm,No,0.03,5.74,Yes
1434,A350,5.65,5.92,9.47,Yes,Clear,Yes,5.71,1.27,Yes
1435,B787,8.99,7.75,1.19,No,Clear,No,5.39,0.87,No
1436,B787,7.8,1.01,3.24,No,Snow,Yes,8.7,7.74,No
1437,A380,5.03,1.43,1.78,Yes,Fog,Yes,4.15,9.39,Yes
1438,B787,3.02,6.2,1.32,Yes,Clear,Yes,5.74,9.16,No
1439,B737,3.97,8.27,1.76,No,Rain,Yes,8.72,5.11,Yes
1440,A350,3.91,1.12,4.88,No,Clear,Yes,5.34,3.73,Yes
1441,B787,6.71,2.33,2.21,Yes,Snow,No,0.04,8.0,No
1442,A380,6.61,6.07,1.87,Yes,Clear,Yes,9.66,2.48,Yes
1443,A380,8.19,8.44,7.99,No,Rain,No,0.55,1.75,Yes
1444,A320,2.21,5.79,2.86,Yes,Fog,No,5.41,3.6,Yes
1445,B737,7.66,7.19,7.47,Yes,Rain,No,2.17,6.17,No
1446,B787,2.76,3.6,6.64,No,Rain,No,0.42,2.91,No
1447,B787,9.28,9.88,5.76,Yes,Thunderstorm,Yes,1.65,3.17,No
1448,B737,7.85,5.2,2.91,No,Snow,No,1.08,8.71,No
1449,A380,1.53,3.05,7.58,No,Thunderstorm,Yes,0.59,6.07,No
1450,A380,9.46,8.2,0.24,Yes,Fog,No,0.45,0.23,No
1451,B737,9.25,9.76,5.31,Yes,Rain,Yes,8.32,9.48,Yes
1452,B787,4.81,5.9,0.97,Yes,Thunderstorm,Yes,5.04,9.12,No
1453,A320,3.55,5.37,8.83,Yes,Thunderstorm,Yes,9.57,3.4,Yes
1454,A320,7.63,0.49,6.05,Yes,Snow,Yes,4.15,1.05,Yes
1455,B787,8.19,2.13,4.57,Yes,Clear,No,7.01,5.46,Yes
1456,A380,1.43,1.99,9.67,No,Thunderstorm,Yes,5.72,1.11,Yes
1457,B737,8.7,7.22,1.27,No,Fog,Yes,3.67,2.73,Yes
1458,B787,0.56,9.64,3.24,No,Thunderstorm,No,3.92,0.24,No
1459,A320,4.6,5.77,7.78,Yes,Fog,Yes,8.75,0.56,No
1460,A320,0.96,6.26,5.79,No,Clear,No,4.65,5.38,No
1461,A350,3.58,2.23,5.81,No,Snow,Yes,9.0,1.94,Yes
1462,A350,4.12,5.79,0.24,No,Snow,No,7.8,6.8,Yes
1463,B737,9.21,6.54,5.7,No,Fog,Yes,5.33,1.97,Yes
1464,A350,0.53,7.95,9.25,Yes,Rain,Yes,3.8,2.44,Yes
1465,A350,8.1,6.59,9.24,No,Rain,Yes,4.22,7.78,No
1466,B737,4.52,2.41,7.99,Yes,Clear,Yes,5.6,8.39,No
1467,A380,3.91,5.4,7.9,No,Snow,No,8.45,2.57,Yes
1468,A320,4.49,0.48,5.71,Yes,Rain,Yes,7.85,4.98,No
1469,A380,9.39,2.84,4.95,Yes,Snow,No,5.37,5.71,Yes
1470,A380,9.31,2.02,6.27,Yes,Snow,Yes,6.57,6.2,No
1471,A350,5.26,6.99,4.95,No,Clear,No,3.88,4.9,Yes
1472,B737,3.69,4.5,2.45,Yes,Rain,No,9.76,0.96,Yes
1473,A320,7.32,4.26,4.25,No,Rain,Yes,1.69,7.5,No
1474,B787,8.22,9.84,5.45,No,Clear,No,3.55,1.3,No
1475,B787,9.75,0.77,3.52,No,Fog,Yes,6.37,5.12,No
1476,B787,3.07,6.96,9.09,Yes,Rain,Yes,7.9,8.79,Yes
1477,B787,9.59,9.52,3.23,No,Rain,No,6.16,2.5,No
1478,A320,0.93,6.93,4.88,Yes,Clear,No,5.94,4.34,Yes
1479,A350,6.54,4.46,6.41,Yes,Thunderstorm,No,8.61,2.58,No
1480,A380,9.58,4.95,4.11,Yes,Snow,Yes,3.08,10.0,No
1481,A380,4.85,4.47,6.85,No,Rain,Yes,4.94,6.31,No
1482,A320,4.73,7.0,6.49,Yes,Snow,Yes,0.57,6.97,Yes
1483,B737,6.85,6.87,5.58,No,Fog,No,7.96,3.91,No
1484,A320,4.83,0.57,8.81,Yes,Thunderstorm,Yes,4.78,6.86,No
1485,A350,3.63,5.59,4.09,No,Clear,Yes,7.81,4.22,No
1486,A380,4.73,9.02,4.67,Yes,Rain,Yes,2.23,8.8,Yes
1487,B737,9.7,0.66,4.64,No,Snow,No,3.6,2.92,No
1488,A350,4.14,7.84,9.07,Yes,Clear,Yes,3.58,3.89,No
1489,B737,2.41,5.48,1.93,Yes,Thunderstorm,No,6.81,7.79,Yes
1490,B737,8.59,2.86,1.88,Yes,Rain,No,6.62,1.76,No
1491,A380,0.1,6.66,9.81,Yes,Thunderstorm,Yes,3.05,1.75,Yes
1492,A350,4.6,8.33,4.94,No,Fog,Yes,4.29,7.58,No
1493,A380,1.39,3.57,0.68,No,Thunderstorm,No,6.45,3.11,Yes
1494,B787,3.75,2.22,5.42,No,Snow,No,6.09,9.67,Yes
1495,A380,9.33,2.47,8.23,Yes,Fog,Yes,9.75,3.61,No
1496,A320,7.69,3.15,4.75,No,Snow,Yes,4.16,6.14,No
1497,A380,9.35,7.72,4.52,Yes,Thunderstorm,No,1.01,3.15,Yes
1498,A320,6.52,9.86,6.04,No,Fog,Yes,9.69,5.21,No
1499,A380,3.56,5.94,4.71,No,Rain,Yes,2.94,7.43,Yes
1500,B737,2.5,0.31,2.05,No,Clear,Yes,0.48,7.06,No
1501,B787,5.41,6.93,4.7,Yes,Rain,Yes,2.7,9.73,No
1502,A350,4.74,9.22,7.54,Yes,Snow,Yes,4.78,5.08,No
1503,B737,9.66,7.99,8.77,No,Thunderstorm,Yes,2.6,3.69,Yes
1504,A380,4.29,6.23,9.28,No,Rain,Yes,8.5,2.9,No
1505,A350,4.38,6.39,8.31,No,Snow,Yes,5.15,2.87,Yes
1506,A320,2.02,5.08,7.26,No,Rain,Yes,4.19,3.65,Yes
1507,B737,1.11,3.56,2.8,No,Thunderstorm,No,1.58,6.77,No
1508,A320,3.36,5.63,3.78,Yes,Snow,No,6.69,0.35,Yes
1509,A380,8.75,7.69,3.16,No,Rain,No,9.15,1.58,Yes
1510,B787,7.69,4.38,8.96,No,Fog,Yes,1.8,0.7,No
1511,A350,2.14,9.88,8.25,Yes,Snow,Yes,1.6,3.91,Yes
1512,A380,9.48,6.42,3.18,Yes,Clear,Yes,1.04,4.28,Yes
1513,B787,3.94,9.88,4.18,No,Snow,No,4.01,6.64,Yes
1514,B787,7.27,1.89,4.85,No,Snow,Yes,1.24,4.79,Yes
1515,B787,4.63,5.45,4.24,No,Thunderstorm,Yes,8.32,6.28,No
1516,A320,7.76,8.66,9.25,Yes,Thunderstorm,No,3.2,4.02,No
1517,A320,2.76,0.63,9.71,No,Rain,Yes,8.8,6.52,No
1518,A320,9.45,1.25,9.66,No,Rain,Yes,1.49,3.5,No
1519,A380,4.21,8.15,5.78,No,Clear,Yes,5.64,8.26,Yes
1520,A380,4.62,5.37,8.1,No,Rain,No,0.46,4.09,No
1521,B737,7.14,9.72,2.93,Yes,Rain,Yes,5.86,6.38,No
1522,A320,6.13,0.18,0.85,Yes,Clear,Yes,4.07,1.84,No
1523,A350,6.77,3.09,8.49,Yes,Fog,No,3.65,2.74,Yes
1524,B737,6.34,5.97,5.13,No,Fog,Yes,6.3,7.26,Yes
1525,A380,7.39,5.22,4.55,No,Rain,Yes,2.81,7.95,Yes
1526,B737,9.2,5.41,1.51,No,Snow,Yes,5.64,1.12,No
1527,B787,7.68,0.18,0.09,No,Snow,Yes,2.34,1.54,Yes
1528,A320,8.81,3.51,1.26,No,Fog,Yes,7.96,0.44,No
1529,A320,3.5,2.35,1.7,No,Snow,Yes,7.19,6.35,Yes
1530,B787,1.91,4.59,7.13,No,Thunderstorm,No,0.83,9.15,No
1531,A320,3.84,9.79,6.78,No,Fog,Yes,8.76,5.49,No
1532,A320,5.73,7.14,9.14,No,Rain,No,9.45,7.58,No
1533,A380,4.96,4.7,2.27,No,Rain,Yes,1.19,4.63,Yes
1534,A350,6.24,4.65,9.08,No,Thunderstorm,Yes,1.18,4.46,No
1535,A380,6.53,5.09,6.26,Yes,Clear,No,8.13,3.65,No
1536,B737,2.73,9.67,7.84,Yes,Rain,Yes,6.8,6.91,Yes
1537,B787,2.87,9.75,7.13,No,Snow,No,1.95,8.84,No
1538,B787,7.98,8.59,9.51,No,Rain,Yes,9.42,7.4,Yes
1539,A350,6.85,0.37,9.72,Yes,Clear,Yes,3.54,9.27,Yes
1540,B737,9.92,5.01,7.06,No,Rain,No,2.82,7.55,No
1541,A380,5.66,3.54,4.31,Yes,Rain,No,8.85,4.35,Yes
1542,A380,1.33,5.08,0.71,Yes,Snow,No,3.04,2.08,Yes
1543,A350,1.48,9.04,2.32,No,Thunderstorm,No,8.71,3.04,No
1544,B787,2.04,5.0,5.55,Yes,Thunderstorm,Yes,4.58,6.45,No
1545,A350,0.11,1.12,0.87,Yes,Rain,Yes,1.97,1.43,Yes
1546,A320,0.06,0.58,5.95,Yes,Thunderstorm,No,4.22,1.37,Yes
1547,A380,4.07,8.45,0.71,No,Snow,No,7.57,3.86,Yes
1548,B737,8.26,5.98,2.92,No,Clear,Yes,7.95,6.9,No
1549,B787,2.67,8.39,1.98,No,Clear,Yes,2.71,8.94,No
1550,A320,2.35,3.82,0.07,No,Rain,Yes,1.01,7.79,No
1551,A380,4.32,7.13,7.69,No,Rain,No,5.48,9.35,No
1552,A320,8.89,2.52,7.19,Yes,Thunderstorm,No,0.39,5.12,Yes
1553,B737,6.55,4.15,4.33,No,Snow,Yes,7.3,5.22,No
1554,A380,3.49,8.46,7.69,Yes,Thunderstorm,Yes,4.01,0.79,No
1555,A380,9.22,9.56,3.03,No,Fog,No,3.91,9.56,No
1556,B737,0.3,2.43,9.47,No,Rain,Yes,4.2,8.63,No
1557,B787,7.65,8.22,9.04,Yes,Rain,No,4.39,7.51,No
1558,A320,2.69,8.09,5.59,Yes,Thunderstorm,No,5.99,3.73,No
1559,A350,8.02,2.97,1.96,Yes,Rain,Yes,9.59,0.22,Yes
1560,B737,3.3,9.51,9.37,Yes,Thunderstorm,Yes,0.73,0.77,Yes
1561,A320,3.09,9.66,7.46,No,Rain,No,9.59,6.78,Yes
1562,A380,6.43,6.14,4.62,No,Fog,Yes,6.19,1.1,No
1563,B787,7.66,6.62,4.49,Yes,Fog,No,7.51,0.74,Yes
1564,A350,8.29,2.69,8.28,No,Thunderstorm,No,6.38,8.93,Yes
1565,A380,1.07,1.91,7.07,No,Thunderstorm,No,7.91,7.16,No
1566,A380,7.56,5.04,0.04,Yes,Thunderstorm,No,2.98,3.84,No
1567,B737,1.45,1.59,0.99,No,Thunderstorm,No,7.86,8.98,No
1568,A320,5.45,1.37,7.88,No,Rain,No,8.95,0.78,No
1569,B737,5.73,9.61,0.24,No,Rain,No,8.32,8.42,No
1570,B787,0.73,6.41,5.97,No,Clear,No,7.33,4.85,No
1571,A350,1.24,4.21,3.82,No,Clear,No,9.03,2.63,No
1572,A380,9.85,0.9,0.53,No,Rain,Yes,7.82,3.89,No
1573,A320,1.88,3.8,5.28,No,Rain,Yes,3.95,6.72,No
1574,A350,8.96,1.34,2.88,No,Rain,Yes,8.96,6.09,Yes
1575,A350,3.89,4.55,6.25,Yes,Fog,Yes,5.03,9.31,Yes
1576,A320,6.55,8.67,5.84,Yes,Snow,No,0.08,1.03,No
1577,A350,4.75,6.57,1.89,Yes,Snow,No,8.68,0.01,Yes
1578,B787,9.82,5.11,8.45,Yes,Snow,No,0.53,5.28,Yes
1579,A350,8.04,5.18,0.19,Yes,Thunderstorm,Yes,5.36,3.2,No
1580,A320,5.84,9.83,8.96,Yes,Fog,No,4.43,7.51,No
1581,B737,1.53,3.38,4.61,No,Snow,Yes,4.11,7.8,No
1582,B787,7.52,2.38,0.09,No,Clear,No,4.54,2.37,Yes
1583,A380,2.48,5.86,9.47,No,Snow,Yes,1.22,1.46,Yes
1584,B787,6.79,1.4,5.84,No,Fog,No,9.19,2.61,Yes
1585,B787,8.21,3.88,7.7,Yes,Snow,No,1.79,6.06,Yes
1586,A380,7.46,6.71,7.9,No,Fog,Yes,3.29,0.35,Yes
1587,B737,0.71,5.82,4.45,Yes,Clear,Yes,9.05,4.08,Yes
1588,A320,2.69,9.85,0.4,Yes,Snow,Yes,6.29,8.01,No
1589,A380,9.86,5.1,8.15,Yes,Rain,Yes,9.73,2.25,Yes
1590,A320,4.48,9.64,7.08,Yes,Rain,Yes,0.83,1.48,No
1591,B787,4.05,3.91,9.31,Yes,Fog,Yes,3.13,1.46,No
1592,B737,6.88,5.27,4.81,Yes,Fog,No,5.64,7.31,No
1593,B737,3.48,2.82,7.9,No,Clear,No,1.48,2.27,Yes
1594,B737,3.51,7.28,4.85,No,Clear,No,6.89,2.47,No
1595,B787,6.74,5.93,3.78,Yes,Thunderstorm,Yes,5.47,2.65,No
1596,A320,3.03,9.89,1.33,No,Fog,No,6.55,7.93,No
1597,A350,8.27,1.14,1.91,Yes,Thunderstorm,No,1.94,6.39,No
1598,A350,3.22,1.19,0.07,Yes,Clear,Yes,6.78,5.42,Yes
1599,B787,3.03,8.91,6.17,No,Fog,No,8.09,3.83,Yes
1600,A350,6.9,2.23,2.07,Yes,Clear,No,5.76,5.26,Yes
1601,B787,6.5,3.81,3.2,Yes,Snow,Yes,0.3,2.01,Yes
1602,A320,7.6,7.15,8.27,Yes,Snow,Yes,2.28,8.48,No
1603,A320,9.16,9.5,5.72,No,Thunderstorm,Yes,3.81,7.53,No
1604,A380,9.96,5.51,4.89,Yes,Thunderstorm,Yes,9.5,1.29,No
1605,B737,3.53,8.76,1.53,No,Clear,Yes,0.72,9.13,Yes
1606,B787,0.06,9.89,4.68,No,Clear,Yes,4.7,0.51,No
1607,B737,2.88,6.49,6.81,No,Clear,No,4.96,6.14,No
1608,B787,3.61,3.48,6.89,Yes,Rain,Yes,4.65,1.47,No
1609,B737,5.51,9.36,9.41,No,Fog,Yes,8.56,8.24,No
1610,B737,4.5,7.05,2.71,Yes,Rain,Yes,9.9,7.46,No
1611,A380,9.57,8.46,3.89,No,Thunderstorm,No,4.87,1.7,No
1612,A380,3.29,8.8,4.54,No,Thunderstorm,Yes,0.47,8.42,No
1613,B787,7.51,4.68,7.08,Yes,Snow,Yes,7.46,7.61,No
1614,B787,6.68,8.15,0.18,Yes,Clear,No,1.42,8.88,Yes
1615,A350,9.73,4.42,3.74,Yes,Thunderstorm,No,9.22,3.16,No
1616,A320,1.7,5.97,3.89,Yes,Fog,No,2.63,1.4,Yes
1617,A320,0.51,1.15,2.48,Yes,Clear,Yes,7.3,9.04,Yes
1618,B737,2.71,7.53,1.09,No,Snow,No,7.47,9.5,No
1619,A320,3.87,2.94,9.7,Yes,Fog,No,1.38,5.02,No
1620,B787,6.57,2.24,6.13,Yes,Thunderstorm,Yes,1.44,4.84,No
1621,A380,2.31,9.12,3.86,No,Fog,No,7.57,4.15,Yes
1622,A350,3.34,6.23,5.86,No,Rain,No,6.32,2.09,Yes
1623,A380,0.05,7.1,9.19,Yes,Fog,Yes,9.78,8.22,Yes
1624,B787,1.93,7.74,8.77,Yes,Clear,No,4.92,4.01,Yes
1625,B737,5.68,8.35,0.4,No,Rain,Yes,2.53,4.52,Yes
1626,B787,3.85,4.31,8.83,No,Thunderstorm,No,4.65,6.49,Yes
1627,B787,8.48,8.61,3.83,No,Snow,Yes,4.95,0.14,Yes
1628,A320,7.79,4.62,2.11,No,Rain,Yes,2.48,5.28,Yes
1629,A320,5.15,4.02,8.53,No,Clear,No,1.94,4.64,No
1630,B737,2.45,9.25,1.72,No,Thunderstorm,No,0.22,0.23,No
1631,A320,7.92,5.26,3.18,No,Fog,No,5.3,9.36,No
1632,A350,9.02,2.63,8.44,Yes,Rain,Yes,0.46,3.1,Yes
1633,B737,3.49,7.23,7.82,Yes,Fog,No,4.26,1.14,Yes
1634,A320,3.85,0.64,9.68,No,Rain,No,9.36,4.81,No
1635,B787,9.18,0.25,3.22,Yes,Fog,Yes,9.48,2.11,No
1636,A350,3.41,6.74,8.73,No,Rain,Yes,8.15,5.99,Yes
1637,A320,3.14,9.65,2.06,Yes,Rain,No,0.42,7.89,No
1638,A380,7.19,0.54,7.57,Yes,Thunderstorm,Yes,5.66,9.43,Yes
1639,B737,6.7,0.49,3.34,Yes,Rain,No,5.44,9.18,Yes
1640,A380,1.41,9.12,0.89,No,Rain,No,5.76,6.63,No
1641,A350,2.36,0.77,9.77,No,Rain,No,5.61,7.01,Yes
1642,A350,5.31,1.28,9.82,No,Fog,Yes,5.51,7.07,No
1643,A380,1.28,7.13,7.17,Yes,Fog,No,8.58,8.87,No
1644,A320,8.01,7.24,5.12,No,Clear,No,5.15,5.01,Yes
1645,A320,6.08,1.37,8.93,No,Thunderstorm,No,5.18,3.81,Yes
1646,B787,1.68,2.22,8.21,No,Rain,Yes,1.08,2.23,No
1647,B737,4.54,7.3,5.24,Yes,Rain,No,4.21,0.81,Yes
1648,B737,8.23,1.19,0.44,Yes,Thunderstorm,No,2.31,6.73,Yes
1649,B737,5.85,2.15,8.38,Yes,Fog,No,2.97,8.08,No
1650,B737,6.27,7.91,1.14,Yes,Snow,No,2.89,1.8,No
1651,A380,6.94,5.11,0.72,Yes,Thunderstorm,Yes,2.99,6.15,Yes
1652,B737,7.44,2.92,6.12,Yes,Rain,No,8.75,8.5,No
1653,A350,8.18,1.92,5.6,No,Snow,No,8.27,1.62,No
1654,B737,9.45,0.01,3.5,No,Fog,Yes,7.62,4.28,Yes
1655,B787,8.44,6.46,3.13,Yes,Clear,No,2.29,0.26,No
1656,B787,6.2,8.89,5.9,Yes,Fog,Yes,5.88,3.5,Yes
1657,A320,0.55,3.44,8.84,Yes,Clear,No,2.56,3.33,Yes
1658,B787,7.83,5.01,1.34,No,Snow,Yes,8.4,7.79,Yes
1659,A380,2.23,6.1,4.8,Yes,Clear,No,8.65,8.42,Yes
1660,A320,2.41,7.55,8.2,Yes,Clear,Yes,9.12,8.53,No
1661,B787,2.5,1.01,8.17,No,Thunderstorm,No,1.43,1.6,Yes
1662,B737,8.14,6.9,9.67,No,Clear,No,7.13,9.22,Yes
1663,B737,8.99,7.57,4.43,Yes,Clear,No,1.89,8.78,Yes
1664,A320,0.36,3.68,5.44,Yes,Clear,No,1.02,9.63,No
1665,A350,5.35,2.19,8.94,Yes,Snow,No,8.65,7.6,No
1666,B737,6.81,7.88,6.39,Yes,Clear,No,1.24,4.21,No
1667,A380,6.36,6.12,7.22,Yes,Rain,Yes,9.38,0.81,No
1668,A350,7.4,4.41,6.53,No,Clear,No,8.58,1.05,No
1669,B787,3.73,1.59,9.28,No,Fog,Yes,5.54,5.56,Yes
1670,A350,9.03,4.54,7.15,No,Snow,No,6.97,9.39,Yes
1671,A320,4.74,1.32,2.85,No,Rain,Yes,2.35,8.7,No
1672,A350,5.62,7.01,9.7,No,Rain,No,1.18,3.57,Yes
1673,A320,4.59,9.23,6.06,No,Rain,Yes,0.01,3.04,No
1674,B787,3.43,4.14,9.14,No,Rain,No,0.04,8.86,Yes
1675,A350,5.15,1.88,6.69,Yes,Thunderstorm,No,8.4,8.39,Yes
1676,A380,5.43,8.39,8.13,No,Rain,No,7.2,1.65,No
1677,A320,3.11,9.34,7.9,Yes,Fog,Yes,8.3,2.94,Yes
1678,A350,6.5,0.6,4.09,No,Snow,No,6.94,0.31,No
1679,B737,2.27,8.64,1.91,Yes,Rain,Yes,2.02,2.14,No
1680,A380,3.89,8.52,2.96,No,Fog,Yes,7.24,6.16,No
1681,A350,3.7,8.7,2.02,No,Rain,No,2.85,1.01,No
1682,A320,1.22,2.75,1.42,Yes,Thunderstorm,No,5.05,4.37,Yes
1683,A350,5.87,2.64,1.74,Yes,Thunderstorm,No,3.87,0.22,No
1684,A350,7.36,9.68,2.29,Yes,Fog,No,9.65,8.28,No
1685,B737,3.58,0.11,8.83,No,Thunderstorm,Yes,5.04,3.09,No
1686,A320,2.71,0.87,1.44,Yes,Rain,No,4.79,1.36,No
1687,A350,5.82,8.28,0.11,Yes,Rain,Yes,2.12,5.39,No
1688,A320,3.47,0.53,6.34,No,Fog,No,8.85,5.86,Yes
1689,A380,8.43,9.85,1.04,No,Fog,Yes,9.67,0.96,No
1690,B787,6.95,8.8,1.67,No,Snow,Yes,6.18,4.87,No
1691,A380,3.95,1.17,1.13,No,Rain,No,1.73,3.64,No
1692,B787,8.46,7.26,6.15,Yes,Fog,No,9.7,4.68,No
1693,B737,6.2,9.61,9.84,No,Clear,No,1.37,9.82,No
1694,B787,3.67,1.43,7.85,No,Thunderstorm,Yes,7.97,4.94,No
1695,A350,2.09,9.11,4.1,Yes,Snow,Yes,3.69,2.08,No
1696,A350,5.09,7.08,4.56,Yes,Snow,No,6.36,7.73,No
1697,A350,5.23,3.4,1.42,No,Clear,Yes,9.5,9.62,No
1698,B737,1.97,0.98,1.45,No,Thunderstorm,No,4.46,1.17,Yes
1699,A320,8.81,9.21,1.11,No,Clear,Yes,2.21,9.01,No
1700,A320,3.73,2.28,0.12,Yes,Clear,Yes,8.69,3.8,Yes
1701,B787,7.83,5.87,7.81,No,Clear,Yes,7.5,3.3,Yes
1702,A350,2.69,5.17,8.83,Yes,Snow,Yes,5.95,9.88,No
1703,B787,8.08,8.64,8.48,Yes,Clear,No,3.36,7.86,Yes
1704,B787,4.65,6.52,8.68,Yes,Thunderstorm,Yes,3.37,2.08,Yes
1705,B737,7.49,1.32,5.67,No,Rain,No,1.48,6.43,Yes
1706,A320,9.82,7.39,4.73,Yes,Clear,Yes,4.75,2.19,No
1707,B787,0.09,5.69,2.08,Yes,Rain,Yes,5.44,0.19,Yes
1708,A320,2.97,4.75,2.09,No,Rain,No,1.85,6.91,Yes
1709,A320,7.03,9.53,0.44,Yes,Snow,No,6.46,2.32,Yes
1710,B787,8.94,5.23,0.75,Yes,Snow,Yes,5.14,1.5,No
1711,B737,7.92,6.89,7.52,No,Thunderstorm,No,3.41,3.87,Yes
1712,A380,1.67,6.61,8.39,No,Snow,Yes,7.16,7.51,No
1713,B737,1.91,7.42,8.59,Yes,Clear,Yes,5.03,1.12,No
1714,A320,8.59,9.18,0.85,No,Rain,Yes,5.06,9.78,No
1715,A320,1.83,0.68,5.09,No,Clear,No,3.3,9.71,Yes
1716,A320,8.02,7.5,3.83,Yes,Fog,No,8.08,5.35,No
1717,B737,3.53,6.37,3.24,No,Rain,Yes,7.23,8.48,Yes
1718,A380,8.36,5.19,9.28,Yes,Rain,Yes,7.05,2.49,No
1719,B787,7.08,5.99,7.86,No,Clear,Yes,4.72,8.28,Yes
1720,B737,0.42,0.27,1.35,No,Fog,No,2.7,6.21,Yes
1721,B787,8.28,5.48,0.71,No,Thunderstorm,Yes,8.83,1.4,Yes
1722,A320,2.87,8.51,3.4,Yes,Fog,Yes,8.92,2.28,No
1723,B787,2.71,8.04,7.86,Yes,Snow,Yes,4.22,8.98,No
1724,B787,8.54,0.6,1.29,No,Clear,No,3.83,2.72,No
1725,B787,2.87,0.44,6.87,No,Fog,No,9.27,2.0,Yes
1726,B787,0.56,5.11,4.68,No,Thunderstorm,Yes,8.38,9.89,Yes
1727,B737,5.54,6.32,9.45,No,Snow,No,2.19,8.0,Yes
1728,B737,7.24,1.89,0.07,Yes,Thunderstorm,No,4.0,3.72,Yes
1729,A380,9.82,5.9,3.28,No,Snow,Yes,1.11,0.94,Yes
1730,B787,9.06,2.84,2.12,No,Rain,No,9.45,0.37,No
1731,A350,3.0,5.22,8.51,Yes,Fog,No,4.64,0.5,No
1732,B787,0.28,0.01,0.28,No,Clear,No,7.12,3.96,No
1733,A380,3.46,9.14,3.17,No,Rain,No,0.06,6.97,Yes
1734,B737,9.75,4.38,4.24,Yes,Clear,No,3.26,7.75,Yes
1735,B737,1.53,1.61,7.96,No,Thunderstorm,No,9.07,4.42,No
1736,A350,1.32,2.66,7.37,No,Snow,No,1.01,9.91,Yes
1737,A380,9.99,1.11,7.2,No,Fog,No,8.15,9.99,Yes
1738,B737,3.07,0.38,8.95,No,Thunderstorm,No,5.42,3.62,Yes
1739,B787,8.04,7.78,1.33,No,Clear,No,2.3,9.93,No
1740,B737,0.88,9.48,9.16,Yes,Thunderstorm,Yes,8.2,7.63,No
1741,B787,5.04,7.71,6.38,No,Clear,Yes,4.2,9.89,Yes
1742,B737,6.28,4.04,2.9,Yes,Clear,No,2.54,8.72,Yes
1743,B737,7.54,1.85,8.77,No,Snow,Yes,2.75,9.56,Yes
1744,A380,9.02,4.62,7.35,Yes,Fog,Yes,9.3,0.06,No
1745,B737,6.27,8.4,2.46,No,Snow,Yes,1.27,1.84,No
1746,B787,2.1,0.54,2.51,No,Fog,Yes,0.71,0.95,Yes
1747,B787,3.45,7.4,6.68,No,Clear,No,1.32,3.67,No
1748,B787,5.67,2.04,0.86,No,Rain,No,9.56,9.69,No
1749,A350,3.45,8.57,6.56,Yes,Snow,No,0.13,4.59,Yes
1750,A320,2.99,5.68,1.99,No,Thunderstorm,Yes,3.3,4.88,Yes
1751,B787,1.37,5.22,7.42,Yes,Rain,No,7.07,4.06,Yes
1752,B737,3.04,3.11,9.15,No,Rain,No,4.73,7.33,No
1753,A350,0.05,5.28,7.98,Yes,Fog,Yes,7.68,9.74,No
1754,B737,7.76,9.69,2.81,No,Thunderstorm,Yes,7.32,5.51,No
1755,B737,1.02,4.84,8.2,No,Snow,Yes,3.6,3.89,Yes
1756,B737,0.49,5.92,0.52,No,Snow,No,2.36,8.48,No
1757,A380,3.23,3.44,0.92,No,Thunderstorm,Yes,0.48,5.06,Yes
1758,A320,5.78,6.15,3.74,No,Clear,Yes,7.63,9.39,Yes
1759,B737,6.04,0.92,4.21,Yes,Clear,No,6.6,7.57,No
1760,B787,1.08,6.69,2.24,No,Fog,No,5.45,2.21,Yes
1761,B737,4.39,5.13,4.76,No,Thunderstorm,No,3.05,3.78,Yes
1762,B737,9.84,4.75,3.16,No,Thunderstorm,Yes,2.39,5.27,No
1763,A380,5.67,9.37,9.9,No,Thunderstorm,Yes,5.64,7.41,Yes
1764,A320,1.59,0.38,1.06,Yes,Clear,No,8.04,4.93,No
1765,A380,5.68,3.85,1.36,No,Thunderstorm,No,5.05,1.57,Yes
1766,A320,5.57,0.78,6.36,Yes,Fog,Yes,1.18,9.96,Yes
1767,B737,3.74,3.64,1.28,No,Snow,No,1.49,1.25,Yes
1768,B787,1.29,7.69,4.38,No,Rain,No,3.86,1.97,No
1769,A350,3.77,1.64,8.06,No,Clear,No,8.67,0.68,No
1770,B787,4.57,4.83,2.32,No,Rain,Yes,9.21,5.45,Yes
1771,A320,9.84,9.02,9.71,Yes,Clear,No,3.63,5.68,No
1772,B737,2.57,5.73,3.16,No,Clear,No,4.36,5.07,No
1773,B787,9.44,6.24,7.34,Yes,Thunderstorm,Yes,10.0,2.4,Yes
1774,B787,5.5,4.8,9.72,No,Fog,No,1.71,4.77,Yes
1775,B787,3.75,0.56,7.52,No,Snow,Yes,5.13,4.74,No
1776,B737,6.54,6.96,0.66,Yes,Snow,No,5.07,5.95,No
1777,A380,7.43,4.1,4.54,Yes,Rain,Yes,5.4,7.36,Yes
1778,A350,2.87,3.37,6.59,Yes,Fog,Yes,4.69,9.06,No
1779,A350,6.25,5.55,3.33,Yes,Thunderstorm,No,4.66,6.35,Yes
1780,B787,5.15,9.55,5.47,No,Clear,No,9.35,2.66,Yes
1781,A320,6.4,3.25,6.44,No,Snow,Yes,7.69,5.06,Yes
1782,A380,5.6,6.65,6.63,Yes,Clear,No,8.25,1.36,No
1783,A380,0.81,1.14,4.43,Yes,Rain,Yes,6.7,6.3,No
1784,B787,1.34,3.65,2.39,No,Fog,No,3.34,1.63,Yes
1785,B787,1.71,7.48,8.04,No,Clear,Yes,5.81,4.94,No
1786,A320,0.96,7.09,1.25,No,Fog,No,3.52,5.23,No
1787,A350,1.5,5.33,2.18,Yes,Thunderstorm,No,1.52,0.96,Yes
1788,B737,3.07,8.19,2.42,Yes,Fog,No,0.25,0.41,No
1789,A350,1.39,2.4,7.23,Yes,Fog,No,0.75,8.8,Yes
1790,B737,8.9,6.92,2.63,Yes,Fog,Yes,9.45,7.36,Yes
1791,A320,3.37,9.94,6.56,No,Snow,No,1.26,7.96,Yes
1792,A350,8.22,2.75,0.96,No,Rain,No,6.25,8.53,Yes
1793,B787,2.36,7.94,3.23,Yes,Thunderstorm,No,2.44,2.49,Yes
1794,B787,6.99,9.85,8.87,No,Clear,Yes,9.35,8.17,No
1795,A320,5.41,0.17,9.94,No,Thunderstorm,Yes,5.02,1.81,Yes
1796,B737,6.7,7.13,6.43,No,Thunderstorm,No,4.26,5.95,No
1797,B787,3.23,7.82,6.73,Yes,Clear,Yes,4.47,9.97,Yes
1798,A320,4.08,0.89,3.24,No,Fog,No,9.83,6.68,Yes
1799,A350,5.35,9.27,9.67,No,Fog,No,8.49,6.35,No
1800,A350,3.04,0.44,4.86,Yes,Rain,Yes,2.81,2.33,No
1801,B737,8.94,4.09,7.23,Yes,Thunderstorm,Yes,4.55,8.97,No
1802,B737,9.8,4.78,9.92,Yes,Clear,No,5.12,7.57,Yes
1803,A380,7.77,2.06,0.07,No,Thunderstorm,No,8.85,7.39,Yes
1804,B737,3.04,1.36,4.33,Yes,Rain,No,3.47,5.12,Yes
1805,B787,7.34,1.02,2.03,Yes,Thunderstorm,No,4.34,6.94,Yes
1806,A350,7.44,6.71,1.61,No,Thunderstorm,No,6.86,7.27,No
1807,A380,2.05,2.23,8.72,No,Fog,Yes,8.91,6.42,Yes
1808,A350,5.12,8.63,7.95,No,Thunderstorm,No,3.4,9.73,No
1809,A320,7.76,6.45,7.43,No,Thunderstorm,No,6.05,5.23,No
1810,B787,9.06,9.27,2.77,Yes,Thunderstorm,No,7.29,3.86,No
1811,B787,2.33,6.9,7.06,Yes,Clear,Yes,1.41,9.91,No
1812,B737,9.18,1.4,5.35,Yes,Rain,Yes,5.61,0.1,Yes
1813,B787,9.53,8.74,8.7,Yes,Rain,No,6.47,8.8,No
1814,B787,9.09,2.36,4.62,Yes,Rain,No,0.29,3.54,No
1815,A380,5.73,3.26,6.32,Yes,Snow,No,3.29,8.1,No
1816,B787,7.58,9.58,6.17,No,Fog,No,5.09,5.94,No
1817,A320,1.5,8.74,2.28,Yes,Rain,Yes,6.51,5.17,Yes
1818,A380,5.99,4.39,7.26,No,Clear,Yes,5.48,6.95,No
1819,A350,7.7,3.96,0.53,Yes,Thunderstorm,Yes,9.96,3.3,Yes
1820,A350,5.4,2.86,8.08,No,Thunderstorm,Yes,9.66,2.51,Yes
1821,A320,9.54,2.03,2.58,No,Snow,No,3.35,5.54,Yes
1822,A320,9.0,4.92,0.27,No,Rain,Yes,1.61,8.02,Yes
1823,A380,2.29,9.35,1.8,No,Clear,No,5.45,6.16,Yes
1824,B737,9.3,0.65,1.73,Yes,Thunderstorm,Yes,1.75,9.25,No
1825,A380,8.7,9.21,5.4,Yes,Rain,Yes,6.72,1.76,No
1826,A380,5.36,1.23,7.31,No,Rain,Yes,0.53,7.6,No
1827,A320,1.7,0.91,6.55,Yes,Thunderstorm,Yes,8.29,1.93,No
1828,B737,9.63,9.14,4.3,Yes,Rain,No,9.59,3.22,Yes
1829,A320,4.2,7.65,3.75,Yes,Fog,No,5.94,8.31,No
1830,B737,0.8,7.23,5.3,No,Thunderstorm,No,3.97,4.7,Yes
1831,A380,9.54,2.76,6.7,No,Snow,No,5.38,0.91,Yes
1832,A350,5.07,4.47,0.53,Yes,Thunderstorm,No,4.01,5.91,No
1833,A350,1.06,9.89,2.12,Yes,Clear,Yes,0.8,3.13,Yes
1834,B787,0.8,8.14,1.98,Yes,Snow,No,9.94,7.43,No
1835,A320,3.37,3.13,7.36,Yes,Fog,No,9.93,7.82,Yes
1836,A380,5.16,5.46,5.15,No,Fog,Yes,4.03,4.85,No
1837,A350,2.47,6.08,1.63,No,Fog,Yes,9.07,3.26,Yes
1838,A350,5.21,6.56,8.76,No,Snow,No,8.38,5.21,Yes
1839,A380,9.88,0.0,8.31,No,Rain,Yes,5.87,6.88,Yes
1840,B787,1.51,9.51,0.57,No,Rain,No,7.61,2.28,No
1841,B737,9.2,3.09,6.9,No,Clear,No,8.66,1.14,No
1842,B787,9.41,0.64,8.78,No,Rain,No,2.14,7.81,No
1843,A320,5.26,8.17,0.88,Yes,Rain,No,8.82,4.81,Yes
1844,A350,5.66,0.87,4.46,Yes,Thunderstorm,Yes,3.81,4.64,Yes
1845,A320,8.67,0.16,3.09,No,Snow,Yes,1.47,6.39,No
1846,B737,8.03,1.04,2.42,Yes,Rain,No,1.35,8.66,Yes
1847,A350,2.65,1.73,9.12,No,Fog,No,9.8,2.49,No
1848,A320,1.65,5.55,3.64,Yes,Thunderstorm,Yes,0.36,2.92,Yes
1849,A350,5.43,5.89,4.2,Yes,Snow,No,6.54,2.58,No
1850,B787,5.53,5.82,1.73,No,Snow,No,4.47,2.5,Yes
1851,A350,6.84,9.84,3.7,Yes,Thunderstorm,No,6.55,1.56,Yes
1852,A380,6.17,5.89,9.68,Yes,Clear,No,8.3,2.75,Yes
1853,B787,3.24,0.74,0.86,Yes,Fog,No,6.37,3.56,No
1854,A350,0.17,3.0,6.72,No,Rain,Yes,6.3,1.84,Yes
1855,B737,4.22,4.58,0.8,Yes,Clear,Yes,3.25,7.25,No
1856,A320,0.64,0.66,1.22,Yes,Fog,Yes,4.36,8.12,No
1857,A320,3.06,5.32,0.84,Yes,Snow,No,0.58,8.77,No
1858,A320,3.06,8.57,1.02,Yes,Snow,Yes,6.37,4.12,No
1859,B737,6.56,2.98,8.96,Yes,Rain,Yes,4.69,8.01,Yes
1860,B737,7.69,9.43,9.98,Yes,Clear,No,9.58,8.44,No
1861,A350,5.43,1.29,4.57,Yes,Thunderstorm,Yes,3.35,7.44,Yes
1862,A320,0.38,6.67,2.52,Yes,Snow,Yes,8.9,0.57,Yes
1863,A380,9.25,4.25,4.89,No,Fog,Yes,0.38,1.89,No
1864,A350,9.59,7.21,4.36,Yes,Rain,Yes,8.89,9.42,Yes
1865,A350,2.05,6.09,0.19,Yes,Fog,No,8.14,0.14,Yes
1866,A320,9.22,2.29,4.29,Yes,Thunderstorm,No,3.85,2.01,No
1867,A350,9.27,4.16,5.19,No,Rain,No,9.52,1.65,No
1868,A320,5.42,6.56,7.27,No,Thunderstorm,No,2.5,3.64,Yes
1869,A350,9.66,0.38,8.36,No,Thunderstorm,No,0.14,8.49,No
1870,A350,4.11,5.3,1.95,No,Clear,No,6.83,0.82,No
1871,A320,8.64,8.0,8.22,Yes,Snow,No,3.23,0.8,No
1872,B737,0.19,3.97,7.93,No,Snow,Yes,5.44,5.59,No
1873,A380,6.22,9.1,3.44,Yes,Clear,No,6.53,4.98,Yes
1874,B787,4.06,6.91,5.82,No,Snow,Yes,1.98,0.65,No
1875,A380,6.6,3.01,6.56,Yes,Fog,No,5.32,0.9,No
1876,B737,6.4,6.93,0.11,Yes,Fog,Yes,7.01,4.46,No
1877,A320,1.26,2.54,2.34,No,Clear,Yes,9.44,9.06,Yes
1878,B787,7.49,8.83,0.01,Yes,Rain,Yes,2.64,6.15,Yes
1879,A380,7.73,9.95,8.43,No,Rain,No,3.31,5.71,Yes
1880,B737,1.16,3.15,6.45,No,Fog,Yes,6.81,3.94,Yes
1881,A380,3.93,8.82,8.02,Yes,Fog,Yes,8.35,1.7,No
1882,A350,3.7,1.33,6.19,Yes,Rain,Yes,0.84,8.93,Yes
1883,B737,6.4,1.11,0.27,No,Thunderstorm,No,9.17,7.61,No
1884,A350,6.89,9.32,1.05,No,Thunderstorm,Yes,9.6,1.85,No
1885,B787,5.63,6.62,4.84,Yes,Thunderstorm,Yes,6.12,7.83,No
1886,A320,0.64,6.22,7.59,No,Snow,No,5.36,5.55,Yes
1887,A320,5.9,6.78,0.08,Yes,Rain,Yes,3.9,8.29,Yes
1888,B787,0.79,8.51,7.33,Yes,Clear,Yes,1.79,8.18,No
1889,A350,0.02,8.77,5.22,Yes,Snow,No,3.7,8.59,No
1890,B787,4.5,3.17,5.79,Yes,Snow,No,9.89,4.71,Yes
1891,A350,4.24,5.47,3.47,No,Snow,No,9.67,4.03,No
1892,B787,2.82,8.45,2.73,Yes,Rain,No,0.89,9.83,Yes
1893,A350,7.89,7.18,1.73,Yes,Thunderstorm,Yes,1.52,6.82,No
1894,B787,1.12,2.65,3.91,No,Snow,Yes,8.87,8.78,No
1895,A320,3.34,2.66,6.43,Yes,Snow,No,5.06,2.26,No
1896,B787,3.7,6.63,9.03,Yes,Clear,No,0.42,0.58,No
1897,A320,2.92,6.19,1.71,No,Snow,Yes,0.5,7.89,No
1898,A320,0.35,5.37,1.05,No,Clear,No,6.42,5.75,Yes
1899,B787,9.14,8.23,8.84,Yes,Snow,Yes,7.67,0.48,No
1900,A380,5.32,2.01,8.19,Yes,Rain,Yes,8.65,9.67,Yes
1901,A380,0.56,9.28,2.77,Yes,Snow,Yes,3.62,9.07,No
1902,B737,7.01,2.82,6.55,No,Fog,No,4.74,4.9,No
1903,A350,3.56,5.79,7.78,No,Clear,Yes,1.86,2.37,Yes
1904,B737,4.81,2.49,8.84,Yes,Thunderstorm,No,0.19,3.91,No
1905,B787,4.5,9.39,5.76,Yes,Rain,No,0.13,6.13,Yes
1906,B787,8.94,2.49,8.36,No,Fog,Yes,9.06,2.71,No
1907,A380,3.4,4.51,4.35,Yes,Clear,No,2.64,8.55,Yes
1908,A350,1.89,7.65,9.14,Yes,Rain,No,5.24,5.64,No
1909,A350,8.08,7.25,1.84,No,Clear,Yes,8.67,8.17,No
1910,A380,2.88,5.98,0.72,No,Fog,Yes,9.05,5.6,No
1911,A380,9.86,6.3,7.7,No,Thunderstorm,Yes,8.14,2.91,Yes
1912,A320,4.3,5.64,0.06,No,Clear,Yes,0.52,8.87,No
1913,A380,7.43,0.15,9.94,Yes,Clear,Yes,0.95,0.66,Yes
1914,A380,3.73,8.79,6.19,No,Clear,Yes,3.24,8.73,No
1915,A350,4.82,0.95,9.27,No,Clear,Yes,8.29,1.39,No
1916,B787,1.61,6.65,5.06,No,Thunderstorm,No,1.06,2.69,No
1917,B737,4.47,2.91,5.83,Yes,Snow,No,6.43,2.86,No
1918,A380,1.48,9.8,3.02,Yes,Snow,No,1.16,0.3,No
1919,B737,4.55,9.86,6.51,Yes,Clear,Yes,3.77,9.65,Yes
1920,A380,8.42,9.81,5.46,Yes,Snow,Yes,7.38,9.91,Yes
1921,B787,0.27,5.99,1.47,Yes,Snow,No,0.48,9.58,No
1922,A320,3.6,6.67,5.09,No,Thunderstorm,No,8.37,4.08,Yes
1923,B787,3.67,8.54,0.07,Yes,Thunderstorm,Yes,1.34,1.65,No
1924,A350,3.21,3.9,9.55,Yes,Snow,Yes,3.75,6.84,No
1925,A320,0.17,1.99,7.86,No,Rain,No,2.72,4.92,Yes
1926,B787,1.23,0.72,7.11,Yes,Thunderstorm,No,6.1,0.52,Yes
1927,B737,9.12,7.2,2.6,No,Rain,Yes,6.75,6.98,No
1928,B787,3.74,7.26,5.01,No,Snow,Yes,4.9,0.07,No
1929,A320,3.09,6.22,7.82,No,Thunderstorm,Yes,8.93,9.92,No
1930,A320,4.02,4.0,2.06,Yes,Clear,No,8.39,7.66,No
1931,A320,0.8,2.45,5.97,Yes,Thunderstorm,No,3.64,4.19,No
1932,B737,2.07,2.42,0.77,No,Rain,Yes,4.24,8.69,Yes
1933,A320,6.37,0.39,2.5,Yes,Fog,No,8.95,2.44,Yes
1934,A320,6.22,5.03,8.42,Yes,Clear,No,8.03,5.87,No
1935,A350,8.19,4.93,7.11,No,Rain,No,2.94,6.71,No
1936,A380,3.59,2.37,4.4,Yes,Clear,Yes,7.63,5.95,No
1937,A380,0.66,6.63,5.98,Yes,Fog,Yes,3.97,5.18,Yes
1938,B787,6.14,8.21,2.38,No,Clear,Yes,8.02,7.39,Yes
1939,A320,2.12,5.13,7.73,No,Rain,No,6.03,5.39,Yes
1940,B787,4.76,2.95,5.93,Yes,Fog,Yes,3.88,4.99,Yes
1941,B787,3.89,9.2,0.56,Yes,Rain,No,9.14,3.91,No
1942,B737,9.64,7.71,1.47,Yes,Snow,No,1.69,0.38,No
1943,B787,7.17,6.23,0.71,No,Fog,Yes,5.14,7.93,Yes
1944,A350,7.15,1.85,4.01,Yes,Snow,No,0.73,2.29,Yes
1945,A320,3.41,1.34,7.23,Yes,Snow,No,6.97,5.53,Yes
1946,A380,8.63,5.77,0.3,No,Fog,No,6.61,1.33,No
1947,A320,3.94,7.06,1.14,No,Rain,No,4.57,1.75,No
1948,A380,9.45,6.73,0.15,Yes,Clear,No,6.47,1.47,No
1949,B787,6.13,9.32,9.51,No,Rain,No,6.6,4.61,No
1950,A350,6.45,2.31,4.03,Yes,Clear,No,8.25,4.19,No
1951,B737,8.84,5.34,2.46,No,Clear,Yes,5.54,4.77,Yes
1952,A350,7.14,5.23,8.69,Yes,Rain,Yes,8.84,9.75,No
1953,A380,2.41,6.0,4.23,No,Snow,No,7.27,0.88,Yes
1954,B787,4.08,4.14,7.13,Yes,Clear,Yes,7.27,6.03,No
1955,B787,3.04,8.03,1.09,No,Rain,No,7.88,3.55,Yes
1956,A350,0.44,1.59,4.29,No,Snow,Yes,9.76,7.49,No
1957,B737,9.87,9.22,1.93,Yes,Thunderstorm,Yes,4.18,4.02,Yes
1958,A380,6.53,7.21,4.31,Yes,Snow,No,7.88,7.94,No
1959,B737,8.95,3.59,8.76,No,Clear,No,9.69,0.28,Yes
1960,A320,3.98,4.48,7.64,Yes,Rain,Yes,6.75,2.48,No
1961,A350,0.36,2.81,9.43,Yes,Thunderstorm,No,3.36,4.6,No
1962,A350,1.17,2.76,6.73,No,Clear,Yes,5.19,0.67,No
1963,A350,2.78,5.73,4.04,Yes,Snow,No,7.2,3.14,No
1964,A320,1.08,6.22,2.33,Yes,Snow,No,7.03,4.55,Yes
1965,A350,2.13,2.91,4.17,Yes,Rain,Yes,8.77,7.94,No
1966,A320,7.4,4.0,1.82,Yes,Fog,No,5.16,2.71,No
1967,A350,6.07,9.5,9.39,Yes,Clear,No,8.93,4.02,No
1968,B787,1.4,4.33,4.01,Yes,Fog,Yes,0.85,7.25,Yes
1969,A320,1.12,8.96,3.92,Yes,Fog,Yes,9.29,6.49,Yes
1970,A320,1.74,5.7,0.3,Yes,Rain,Yes,2.09,5.06,Yes
1971,A320,2.8,4.53,1.56,No,Rain,Yes,4.01,6.55,Yes
1972,A380,6.68,0.28,5.16,No,Thunderstorm,No,8.06,1.41,No
1973,A320,3.26,7.12,0.08,No,Fog,Yes,9.7,3.54,Yes
1974,B737,3.46,5.9,8.19,Yes,Fog,No,6.64,8.8,No
1975,A350,2.02,0.19,2.85,No,Snow,Yes,8.79,3.96,Yes
1976,B737,3.56,7.37,5.56,No,Fog,No,4.25,0.56,No
1977,A320,5.71,8.0,7.84,No,Thunderstorm,No,1.3,2.3,No
1978,A380,5.91,2.86,5.86,Yes,Fog,Yes,3.12,3.89,Yes
1979,B787,2.28,0.79,3.43,Yes,Thunderstorm,No,4.02,2.69,Yes
1980,A350,4.65,6.68,7.31,Yes,Fog,Yes,1.07,5.23,No
1981,B787,5.82,2.15,6.63,No,Thunderstorm,No,3.54,4.17,No
1982,A320,3.45,2.03,2.52,No,Thunderstorm,Yes,5.32,7.27,No
1983,A320,6.86,5.04,9.79,Yes,Snow,No,2.91,9.94,No
1984,B737,1.37,2.76,2.99,Yes,Clear,Yes,4.11,7.2,Yes
1985,A380,9.83,0.26,6.29,No,Clear,No,1.31,0.1,No
1986,A320,2.43,6.65,1.46,No,Clear,No,6.63,1.47,Yes
1987,B737,3.43,1.19,4.6,Yes,Fog,Yes,5.2,5.56,Yes
1988,A350,4.05,7.56,9.75,Yes,Clear,No,6.75,1.43,No
1989,A320,3.67,7.08,8.84,Yes,Rain,No,0.17,7.52,Yes
1990,A320,1.13,9.8,2.74,No,Snow,Yes,2.73,7.28,Yes
1991,B737,4.0,1.1,6.99,No,Rain,Yes,6.25,7.11,Yes
1992,A380,3.89,6.16,2.3,No,Clear,No,9.9,5.92,No
1993,A320,6.77,6.68,5.17,No,Clear,No,1.49,7.84,Yes
1994,B737,9.77,9.4,3.78,Yes,Clear,Yes,3.07,4.72,No
1995,B737,9.91,9.69,4.61,No,Snow,Yes,5.96,3.27,No
1996,A350,8.42,2.32,3.64,No,Fog,Yes,1.05,5.54,No
1997,B787,4.49,2.23,6.82,No,Thunderstorm,No,4.18,7.67,No
1998,A350,1.44,3.02,5.78,Yes,Snow,Yes,9.88,6.58,Yes
1999,A320,2.84,2.25,0.08,No,Fog,Yes,1.85,7.08,Yes
2000,A380,9.57,9.73,3.48,No,Thunderstorm,No,8.32,3.68,Yes
2001,B737,9.5,7.29,8.87,No,Rain,Yes,3.93,0.93,No
2002,B737,6.62,9.93,6.21,Yes,Snow,No,2.85,8.99,Yes
2003,A380,3.25,7.71,3.37,Yes,Rain,Yes,2.22,5.64,No
2004,B787,9.84,7.44,0.83,Yes,Thunderstorm,No,5.03,3.39,No
2005,A380,1.77,7.37,8.4,Yes,Fog,Yes,0.94,8.24,No
2006,B787,8.23,0.99,6.2,Yes,Thunderstorm,No,0.93,1.72,Yes
2007,A350,2.04,1.57,7.22,No,Thunderstorm,No,2.38,4.71,Yes
2008,A380,0.8,0.43,3.9,Yes,Clear,Yes,6.02,6.72,Yes
2009,B737,5.73,5.48,7.58,Yes,Thunderstorm,Yes,0.66,3.93,Yes
2010,A350,7.64,9.55,1.79,Yes,Fog,No,2.26,5.17,Yes
2011,B737,9.68,9.26,1.73,No,Clear,Yes,1.34,5.75,Yes
2012,A350,4.71,0.69,9.9,No,Clear,Yes,2.11,1.59,No
2013,A380,6.52,7.94,2.07,No,Rain,No,7.75,9.57,No
2014,B787,4.99,5.63,2.9,Yes,Clear,No,1.18,1.68,Yes
2015,B737,6.57,8.29,7.87,Yes,Thunderstorm,No,9.83,8.6,No
2016,B787,1.39,6.35,4.8,No,Fog,No,6.2,7.15,No
2017,B787,7.03,8.43,7.07,Yes,Thunderstorm,No,0.52,1.67,No
2018,B737,6.11,1.97,0.54,Yes,Fog,Yes,4.92,7.3,Yes
2019,B737,9.64,1.66,6.58,No,Clear,No,1.69,2.04,Yes
2020,B787,1.73,7.09,0.83,Yes,Rain,No,7.72,4.83,Yes
2021,B787,1.2,9.17,5.78,Yes,Thunderstorm,No,1.55,3.62,Yes
2022,B787,5.21,2.31,7.69,No,Clear,Yes,6.82,2.19,Yes
2023,A380,8.38,7.21,6.68,No,Fog,Yes,9.34,9.54,Yes
2024,A350,8.28,0.14,3.39,Yes,Fog,Yes,1.37,0.06,No
2025,B787,1.35,9.3,3.73,No,Rain,No,1.0,5.94,Yes
2026,B737,4.49,9.98,2.9,Yes,Clear,No,5.62,2.22,Yes
2027,B737,6.51,1.28,3.87,No,Fog,No,8.45,9.74,Yes
2028,A350,8.22,8.18,7.36,No,Snow,Yes,6.19,2.75,Yes
2029,A320,7.64,5.36,9.81,No,Fog,Yes,4.94,2.58,Yes
2030,A350,7.63,3.27,5.94,Yes,Rain,No,4.85,1.7,No
2031,A320,4.98,9.35,2.54,No,Clear,Yes,1.4,4.13,Yes
2032,B787,6.88,5.48,9.47,No,Fog,No,8.28,6.68,No
2033,A380,8.8,7.42,2.52,Yes,Clear,No,5.13,0.43,No
2034,A380,3.26,2.87,0.71,Yes,Thunderstorm,Yes,6.29,4.04,Yes
2035,A380,8.74,2.48,2.38,Yes,Thunderstorm,Yes,9.35,3.78,Yes
2036,A320,4.68,5.66,3.68,Yes,Rain,Yes,1.16,7.07,Yes
2037,B787,9.32,2.27,1.28,Yes,Clear,Yes,5.3,1.98,Yes
2038,B737,2.48,0.4,9.06,No,Snow,Yes,0.48,9.18,Yes
2039,A350,0.17,7.68,2.9,No,Snow,No,4.27,2.06,No
2040,B787,1.28,5.0,0.67,No,Snow,No,1.01,3.77,Yes
2041,A320,9.13,5.6,9.28,No,Snow,Yes,1.45,5.21,Yes
2042,B787,9.61,7.2,7.44,Yes,Fog,No,7.04,3.45,No
2043,A350,7.29,4.83,7.32,Yes,Rain,Yes,4.64,0.15,Yes
2044,A350,3.14,7.22,1.75,Yes,Clear,Yes,7.16,8.07,Yes
2045,B737,4.16,9.05,5.5,Yes,Thunderstorm,No,8.45,6.93,No
2046,B737,9.83,5.78,0.09,Yes,Thunderstorm,No,0.6,4.07,Yes
2047,B737,1.31,9.92,4.59,Yes,Thunderstorm,Yes,4.26,2.26,Yes
2048,A320,9.76,3.89,4.05,Yes,Clear,No,8.52,9.17,No
2049,A350,0.91,6.31,8.71,No,Snow,Yes,5.52,5.0,Yes
2050,A350,2.1,2.24,4.45,Yes,Rain,No,7.82,5.4,Yes
2051,A350,8.78,8.82,5.49,Yes,Thunderstorm,No,1.19,1.38,Yes
2052,A350,6.69,4.43,2.85,Yes,Thunderstorm,Yes,1.89,9.47,No
2053,B737,2.53,7.93,4.49,Yes,Fog,No,3.23,4.53,No
2054,A380,4.87,9.41,0.99,Yes,Snow,No,3.16,4.27,No
2055,A350,0.39,0.5,1.06,No,Thunderstorm,Yes,9.5,4.28,No
2056,B737,5.89,9.29,0.98,No,Clear,No,7.64,4.37,No
2057,B787,8.84,9.9,3.84,No,Snow,Yes,9.86,5.44,No
2058,A350,0.65,9.64,5.72,No,Clear,Yes,1.81,5.63,No
2059,A380,0.37,6.01,0.97,No,Snow,No,9.81,3.69,Yes
2060,B737,4.35,1.59,8.43,Yes,Rain,Yes,8.6,2.69,No
2061,A380,9.17,0.36,2.62,Yes,Snow,No,0.65,1.87,Yes
2062,A380,2.54,4.78,7.57,No,Rain,Yes,8.47,9.08,No
2063,B787,6.29,2.48,9.64,No,Fog,No,9.1,8.41,No
2064,A320,5.5,5.16,1.93,No,Snow,Yes,7.42,1.48,Yes
2065,A350,9.31,3.5,7.61,Yes,Thunderstorm,Yes,4.56,2.23,No
2066,A320,7.76,8.29,8.61,Yes,Rain,No,3.16,4.58,Yes
2067,B787,6.45,9.77,2.4,No,Thunderstorm,No,9.39,5.21,No
2068,A350,9.33,6.95,7.79,Yes,Clear,No,0.78,7.27,No
2069,A350,8.42,5.22,4.13,Yes,Fog,Yes,2.23,8.38,No
2070,B787,4.14,5.94,6.81,No,Clear,Yes,9.16,8.19,Yes
2071,B787,0.74,0.1,7.37,Yes,Snow,Yes,3.64,6.65,No
2072,B737,5.34,6.66,5.84,No,Fog,Yes,0.07,1.42,Yes
2073,A320,9.19,3.27,8.66,Yes,Snow,Yes,3.4,8.15,Yes
2074,B787,4.07,0.18,1.66,Yes,Fog,Yes,8.54,8.86,Yes
2075,B787,9.96,1.16,7.28,Yes,Snow,Yes,4.34,9.76,No
2076,B787,6.45,8.4,5.01,Yes,Clear,Yes,5.7,4.92,No
2077,A380,0.69,3.4,1.14,No,Rain,Yes,2.28,2.33,No
2078,A320,4.37,1.01,1.58,No,Snow,No,8.95,0.63,Yes
2079,B787,1.05,7.15,8.36,No,Rain,No,4.1,3.51,Yes
2080,A350,5.1,8.59,0.02,No,Thunderstorm,Yes,7.79,5.81,Yes
2081,A320,7.11,2.3,1.78,No,Clear,No,8.53,3.89,Yes
2082,A320,3.06,4.01,9.25,Yes,Clear,Yes,6.05,0.08,No
2083,A380,8.76,0.27,5.39,No,Rain,No,3.82,9.79,No
2084,A320,9.39,3.75,6.63,Yes,Rain,No,8.78,7.4,Yes
2085,A380,3.99,4.68,9.58,No,Snow,Yes,5.19,9.16,No
2086,A350,2.8,3.4,0.34,Yes,Thunderstorm,Yes,1.19,8.63,No
2087,A380,7.52,5.83,7.01,Yes,Rain,Yes,6.66,6.86,Yes
2088,B737,9.54,7.38,1.76,No,Fog,No,5.15,4.51,Yes
2089,A380,0.59,0.6,1.88,No,Rain,Yes,5.23,6.41,No
2090,B787,4.68,0.99,6.58,No,Snow,No,3.06,5.51,No
2091,A380,6.01,5.74,1.36,Yes,Clear,No,3.36,6.6,Yes
2092,A350,3.57,4.92,5.33,No,Rain,No,8.22,1.44,No
2093,A320,5.37,5.01,3.86,Yes,Thunderstorm,No,3.51,1.61,No
2094,A380,0.94,6.99,1.01,Yes,Clear,Yes,0.28,0.9,No
2095,B787,7.16,8.07,7.59,No,Clear,No,3.81,2.21,Yes
2096,A380,1.03,8.53,8.93,No,Fog,No,2.12,4.84,No
2097,B737,4.75,5.66,9.56,Yes,Clear,No,5.24,2.09,No
2098,B737,6.71,1.7,3.6,No,Thunderstorm,Yes,3.09,5.72,No
2099,A380,4.93,8.16,1.15,Yes,Clear,No,7.18,7.58,No
2100,A320,8.26,1.8,4.25,Yes,Fog,Yes,0.14,9.97,Yes
2101,B737,2.49,6.65,2.02,Yes,Rain,No,8.31,4.53,No
2102,A380,3.44,6.76,9.0,No,Fog,No,7.36,5.03,Yes
2103,B737,3.98,5.36,1.81,Yes,Thunderstorm,No,7.15,9.34,No
2104,A320,7.95,3.06,1.72,No,Thunderstorm,Yes,6.72,9.25,Yes
2105,B737,3.24,6.2,4.49,No,Fog,Yes,4.51,2.18,Yes
2106,A350,6.26,5.48,8.41,Yes,Thunderstorm,No,6.11,9.97,No
2107,A380,7.45,5.0,6.66,Yes,Clear,No,0.31,0.53,Yes
2108,A320,6.05,8.79,9.46,Yes,Thunderstorm,No,8.48,3.41,No
2109,A350,6.16,9.9,1.64,Yes,Clear,No,7.09,9.27,Yes
2110,A380,6.58,1.36,1.33,No,Clear,Yes,6.69,8.1,No
2111,A320,2.21,5.84,8.38,Yes,Thunderstorm,No,4.23,6.93,No
2112,A380,9.18,2.93,2.73,Yes,Clear,No,6.58,2.85,Yes
2113,A350,1.04,3.15,8.2,No,Snow,No,1.32,3.24,No
2114,B787,9.19,3.32,9.82,Yes,Thunderstorm,No,6.05,6.67,Yes
2115,A350,9.8,1.62,3.74,No,Thunderstorm,No,3.59,2.2,No
2116,B737,0.36,1.96,4.1,No,Thunderstorm,Yes,0.68,4.73,No
2117,A350,0.02,5.81,7.73,No,Thunderstorm,No,9.88,8.91,Yes
2118,A350,6.04,2.34,2.84,Yes,Rain,No,1.45,3.6,Yes
2119,A380,0.5,5.74,9.66,Yes,Snow,No,6.18,5.32,No
2120,B737,3.31,4.11,3.69,No,Clear,No,1.54,4.93,Yes
2121,A380,3.36,8.01,4.76,No,Rain,No,5.22,0.61,Yes
2122,A320,4.89,0.61,6.81,No,Rain,No,5.84,9.19,Yes
2123,A350,5.67,0.94,4.2,Yes,Thunderstorm,Yes,1.16,4.45,Yes
2124,A380,0.51,8.07,9.43,Yes,Thunderstorm,Yes,5.2,0.49,Yes
2125,A350,9.37,4.89,1.16,No,Rain,No,8.72,7.61,No
2126,B737,6.72,9.85,6.75,No,Thunderstorm,No,4.41,5.97,No
2127,B787,1.39,4.42,7.67,Yes,Snow,No,1.51,1.41,Yes
2128,A350,0.83,1.2,5.54,No,Fog,Yes,5.27,2.98,No
2129,A320,3.54,2.47,9.32,No,Rain,Yes,4.01,0.51,Yes
2130,B737,5.45,1.47,9.51,Yes,Rain,Yes,9.98,7.5,Yes
2131,A320,0.3,6.76,6.26,Yes,Thunderstorm,Yes,3.64,1.58,Yes
2132,A380,1.02,5.77,3.73,Yes,Clear,Yes,2.16,3.03,Yes
2133,A350,0.46,5.32,2.32,Yes,Fog,No,2.46,4.26,No
2134,A350,4.86,9.71,2.81,Yes,Rain,Yes,4.59,8.26,No
2135,A320,2.68,3.4,1.47,No,Rain,No,5.08,5.7,Yes
2136,B737,6.44,8.89,4.54,Yes,Thunderstorm,No,6.86,3.89,Yes
2137,A380,9.45,4.82,8.06,No,Clear,Yes,2.95,5.87,Yes
2138,B787,5.43,1.16,2.07,Yes,Clear,No,0.02,6.39,Yes
2139,A350,0.45,9.97,4.06,No,Rain,Yes,5.65,7.97,No
2140,B737,9.63,3.82,4.47,No,Snow,Yes,5.01,2.95,No
2141,B787,5.79,9.64,5.66,No,Thunderstorm,No,7.82,2.77,No
2142,B787,4.78,9.96,8.69,Yes,Clear,No,6.34,6.05,Yes
2143,A380,9.18,9.71,7.84,No,Rain,Yes,5.21,5.87,No
2144,B737,8.89,9.97,0.06,Yes,Thunderstorm,No,3.81,7.8,Yes
2145,B737,5.04,1.24,6.1,No,Clear,Yes,1.79,4.07,Yes
2146,B787,6.81,5.51,3.81,No,Fog,Yes,5.37,1.34,No
2147,A320,7.38,0.35,7.85,No,Fog,Yes,4.42,1.85,No
2148,B737,2.44,3.65,4.9,No,Snow,Yes,6.91,2.02,Yes
2149,A380,1.55,0.38,4.96,Yes,Rain,Yes,5.48,9.03,Yes
2150,B737,0.69,4.61,7.8,Yes,Rain,Yes,6.31,2.51,Yes
2151,A320,4.49,2.96,8.03,Yes,Clear,Yes,1.74,7.9,No
2152,A350,8.43,4.8,6.6,No,Rain,No,6.1,2.07,No
2153,A380,4.84,6.05,8.27,No,Rain,Yes,4.82,8.31,No
2154,B737,9.37,5.33,2.64,Yes,Thunderstorm,No,6.68,6.63,Yes
2155,B787,1.19,0.09,5.6,No,Fog,No,1.34,0.76,No
2156,A320,6.86,1.04,9.81,Yes,Rain,Yes,8.99,2.19,No
2157,A380,9.77,0.18,2.69,Yes,Thunderstorm,Yes,1.25,7.07,No
2158,A380,9.6,7.23,7.13,Yes,Snow,No,7.42,0.7,Yes
2159,A350,5.82,8.76,4.45,No,Snow,Yes,6.5,4.66,Yes
2160,A380,1.06,7.25,9.31,Yes,Clear,Yes,7.17,9.88,Yes
2161,A350,9.17,1.27,4.53,No,Clear,No,5.16,6.24,No
2162,A350,7.78,0.33,0.8,Yes,Thunderstorm,No,2.94,5.14,No
2163,A380,2.74,8.12,9.45,Yes,Rain,Yes,4.34,6.16,No
2164,B737,4.07,8.43,9.61,Yes,Clear,No,6.37,5.81,Yes
2165,B787,3.54,0.26,7.09,No,Thunderstorm,No,3.1,1.16,No
2166,A350,7.09,8.99,4.75,No,Thunderstorm,Yes,4.4,4.87,Yes
2167,A350,3.55,9.58,2.48,Yes,Thunderstorm,Yes,1.69,3.35,Yes
2168,B737,3.02,6.4,2.77,Yes,Clear,No,7.6,4.16,No
2169,B737,2.75,5.44,0.01,Yes,Thunderstorm,Yes,2.77,1.89,No
2170,B737,9.54,9.11,1.12,No,Snow,No,6.42,5.25,No
2171,B787,4.63,9.32,2.97,Yes,Clear,Yes,3.29,7.38,No
2172,A380,1.96,9.82,5.31,No,Clear,No,9.69,3.12,No
2173,B787,9.49,6.11,7.27,Yes,Snow,Yes,5.03,8.42,Yes
2174,A350,3.8,8.65,6.32,No,Fog,Yes,4.26,4.76,No
2175,B787,9.98,4.84,0.59,Yes,Thunderstorm,Yes,7.97,6.63,Yes
2176,B787,7.43,2.35,4.53,Yes,Thunderstorm,No,4.68,3.36,Yes
2177,A380,5.82,7.1,4.5,Yes,Rain,Yes,1.21,8.1,No
2178,A320,9.13,5.27,2.61,No,Snow,No,4.78,3.7,Yes
2179,A320,8.18,0.26,1.49,Yes,Rain,No,9.32,5.15,No
2180,B787,4.38,5.35,4.99,No,Fog,No,5.74,6.99,No
2181,B737,3.01,4.11,8.86,Yes,Fog,No,1.59,2.65,Yes
2182,A320,2.78,8.41,6.96,Yes,Snow,Yes,3.56,1.57,No
2183,A380,0.55,9.73,9.13,Yes,Fog,Yes,6.75,0.05,No
2184,B787,3.69,5.09,6.56,No,Snow,Yes,6.55,6.88,Yes
2185,B787,5.94,7.1,9.62,Yes,Rain,No,4.94,5.48,Yes
2186,B787,0.63,0.89,8.61,No,Snow,No,8.12,4.36,No
2187,A320,4.95,8.69,8.06,No,Snow,No,6.67,2.24,No
2188,A380,2.83,2.01,2.04,No,Rain,Yes,5.35,9.57,Yes
2189,B787,8.94,8.63,6.11,No,Fog,Yes,9.4,0.51,Yes
2190,A320,0.93,8.69,9.5,Yes,Rain,Yes,6.07,3.65,No
2191,A350,4.65,0.96,3.7,No,Snow,Yes,0.08,1.38,Yes
2192,B787,9.35,2.92,2.59,Yes,Clear,No,5.62,3.03,No
2193,A320,0.53,2.81,8.55,Yes,Clear,No,6.26,0.79,Yes
2194,B737,7.17,5.01,3.94,Yes,Thunderstorm,No,8.14,7.14,No
2195,B787,2.83,0.3,3.2,Yes,Rain,No,2.87,7.28,Yes
2196,A380,0.72,0.41,0.11,No,Snow,No,7.55,4.0,No
2197,B787,6.54,6.77,2.18,No,Snow,Yes,0.99,0.02,Yes
2198,A350,1.03,9.44,7.4,Yes,Snow,Yes,7.72,0.23,No
2199,A350,1.44,7.61,5.07,Yes,Fog,No,7.44,3.33,Yes
2200,A380,5.85,7.89,1.43,No,Thunderstorm,No,6.5,9.19,No
2201,A320,0.41,4.9,9.45,No,Clear,No,1.01,4.96,No
2202,B737,0.38,4.06,2.79,Yes,Rain,Yes,6.38,1.08,Yes
2203,A320,0.36,5.43,8.09,Yes,Clear,No,2.3,0.33,Yes
2204,A320,7.1,7.67,0.8,No,Fog,Yes,1.05,4.91,No
2205,A320,6.16,8.04,1.0,Yes,Fog,No,3.39,2.99,Yes
2206,B787,8.78,3.52,0.22,No,Snow,No,7.2,0.32,Yes
2207,B787,5.05,1.65,6.88,No,Clear,No,1.58,9.61,No
2208,B737,0.4,2.87,9.84,No,Snow,No,1.74,5.18,Yes
2209,B787,6.52,7.93,0.3,No,Clear,No,5.18,6.05,Yes
2210,B787,8.39,4.14,6.87,No,Rain,Yes,4.78,7.82,Yes
2211,A350,2.65,1.2,9.62,No,Rain,No,6.72,8.33,No
2212,A380,9.17,6.98,7.16,No,Thunderstorm,No,9.83,4.17,Yes
2213,B737,1.65,9.13,7.42,No,Clear,Yes,9.03,7.02,No
2214,B787,5.35,5.66,9.73,No,Snow,No,8.76,9.17,Yes
2215,B787,6.89,4.54,3.75,No,Fog,No,2.4,7.73,No
2216,B737,7.36,8.66,7.47,Yes,Snow,Yes,4.0,3.23,Yes
2217,B787,2.08,5.56,3.42,No,Clear,No,3.2,0.15,No
2218,B787,8.74,9.64,4.39,No,Rain,Yes,0.16,8.57,No
2219,A380,6.24,1.28,3.35,No,Fog,No,4.63,1.2,Yes
2220,A350,9.92,6.36,8.23,Yes,Clear,Yes,6.06,8.2,Yes
2221,A350,2.17,2.17,6.86,No,Thunderstorm,Yes,9.73,8.58,Yes
2222,A320,4.65,7.51,6.25,No,Clear,Yes,8.24,9.02,Yes
2223,A320,5.99,0.33,9.96,Yes,Fog,Yes,7.07,7.83,Yes
2224,B737,6.24,8.71,1.7,Yes,Fog,Yes,2.45,0.03,Yes
2225,A320,9.54,0.74,6.68,Yes,Snow,Yes,2.37,8.69,Yes
2226,A350,5.73,9.87,0.64,Yes,Clear,Yes,5.06,4.48,Yes
2227,B737,2.85,9.02,3.2,No,Clear,Yes,4.52,1.48,No
2228,A350,9.22,4.97,0.03,Yes,Clear,No,8.59,2.47,No
2229,A320,4.61,7.22,4.62,No,Rain,Yes,5.2,7.92,Yes
2230,A380,1.39,4.03,7.24,No,Fog,Yes,6.95,2.53,Yes
2231,B737,9.53,1.14,9.11,Yes,Clear,Yes,3.47,3.54,Yes
2232,A380,0.47,2.3,3.02,Yes,Thunderstorm,Yes,0.2,9.39,No
2233,A320,8.01,6.58,3.63,Yes,Snow,Yes,8.0,4.94,No
2234,A320,8.75,6.85,0.2,Yes,Snow,No,0.13,8.62,Yes
2235,A320,7.84,0.29,6.77,Yes,Thunderstorm,Yes,5.32,5.3,Yes
2236,B787,8.99,4.68,4.3,Yes,Rain,Yes,5.3,5.26,Yes
2237,B737,8.83,0.74,9.22,Yes,Fog,Yes,1.18,0.38,No
2238,A320,6.23,8.71,9.37,Yes,Clear,Yes,6.95,3.52,Yes
2239,A380,0.8,3.82,7.47,Yes,Rain,Yes,2.3,2.54,No
2240,B737,8.1,7.48,6.41,Yes,Clear,No,6.85,5.97,Yes
2241,A380,4.23,5.15,9.47,Yes,Thunderstorm,Yes,9.52,3.76,No
2242,A380,1.03,2.62,1.09,Yes,Fog,Yes,6.69,9.62,Yes
2243,A320,1.08,3.06,2.08,Yes,Snow,No,7.21,5.59,Yes
2244,A350,4.98,8.25,8.23,Yes,Snow,No,4.84,7.87,Yes
2245,A380,6.15,1.28,0.99,Yes,Fog,No,8.97,8.47,Yes
2246,A320,5.18,4.15,5.89,Yes,Rain,Yes,4.23,4.07,Yes
2247,A320,4.39,8.12,4.4,No,Rain,No,1.57,9.71,Yes
2248,A380,5.31,4.82,7.97,No,Snow,No,3.25,4.72,Yes
2249,B787,3.98,3.8,1.47,No,Clear,No,5.99,2.15,Yes
2250,A380,7.84,7.8,2.23,Yes,Fog,No,2.93,4.08,No
2251,A350,9.55,3.03,3.65,No,Fog,Yes,0.88,0.78,Yes
2252,A320,6.12,0.06,1.01,Yes,Snow,Yes,6.88,1.82,Yes
2253,A320,9.12,9.04,2.09,Yes,Rain,Yes,4.84,2.15,No
2254,B787,9.5,6.16,1.11,No,Clear,No,4.52,2.71,No
2255,B737,1.69,1.9,2.17,Yes,Snow,Yes,5.29,1.27,No
2256,A380,9.16,1.69,0.77,Yes,Clear,Yes,4.85,6.84,Yes
2257,A320,6.59,3.49,6.91,Yes,Thunderstorm,Yes,5.75,1.51,Yes
2258,B737,9.42,4.6,4.56,No,Clear,No,7.6,7.82,Yes
2259,A380,8.86,4.06,6.86,Yes,Rain,No,8.31,5.37,No
2260,A350,1.85,8.91,5.87,Yes,Thunderstorm,No,0.94,5.73,Yes
2261,A350,7.77,1.74,5.0,No,Snow,Yes,1.9,6.22,No
2262,B737,3.56,0.02,0.74,Yes,Clear,No,0.11,2.09,No
2263,A380,5.14,7.14,0.87,Yes,Rain,Yes,7.04,8.37,No
2264,A320,5.51,9.27,0.75,Yes,Clear,No,2.47,2.67,Yes
2265,A380,7.4,6.38,9.7,Yes,Clear,No,1.94,1.91,Yes
2266,A350,7.7,7.27,8.23,Yes,Thunderstorm,No,9.89,4.56,Yes
2267,B737,2.15,0.61,2.73,No,Snow,Yes,6.4,6.64,Yes
2268,B787,5.5,8.16,3.65,Yes,Clear,No,7.5,0.75,Yes
2269,A320,4.32,7.86,7.91,Yes,Fog,Yes,9.07,6.42,Yes
2270,A380,5.82,7.9,6.72,Yes,Thunderstorm,No,8.75,1.3,Yes
2271,A350,0.97,5.87,2.3,Yes,Rain,Yes,2.58,6.07,Yes
2272,B787,6.65,3.66,8.85,Yes,Clear,No,7.57,0.73,Yes
2273,A320,6.59,5.49,0.9,No,Rain,No,3.6,1.12,Yes
2274,B787,4.68,7.59,1.05,Yes,Clear,Yes,0.21,2.92,Yes
2275,A320,6.34,0.02,7.35,No,Clear,No,2.62,8.34,Yes
2276,A350,4.31,3.36,7.88,Yes,Thunderstorm,Yes,1.06,0.74,No
2277,A320,1.59,0.87,0.54,Yes,Fog,No,3.06,4.1,No
2278,A380,0.3,7.74,1.92,No,Rain,No,5.35,8.15,No
2279,A380,4.97,2.05,6.06,No,Fog,Yes,6.58,4.2,No
2280,B737,0.15,0.08,1.13,No,Fog,No,7.94,7.79,Yes
2281,A380,5.44,3.75,3.72,Yes,Rain,Yes,1.77,0.46,No
2282,A350,3.86,4.93,1.48,No,Thunderstorm,Yes,1.01,7.95,No
2283,B787,3.32,6.7,9.62,No,Clear,Yes,6.31,9.91,No
2284,B787,0.39,2.62,0.4,No,Clear,No,0.75,9.24,Yes
2285,A380,5.51,6.04,1.48,No,Fog,No,1.11,6.63,Yes
2286,A380,2.16,3.71,5.13,Yes,Fog,Yes,9.42,0.99,Yes
2287,B737,8.24,2.12,0.07,No,Thunderstorm,No,9.93,6.71,No
2288,A320,6.88,8.78,9.93,No,Fog,No,9.98,7.38,No
2289,A380,0.17,5.6,1.89,Yes,Snow,No,8.46,7.07,No
2290,A380,3.33,0.39,4.96,No,Thunderstorm,Yes,4.52,6.54,Yes
2291,B737,5.17,9.97,9.44,Yes,Fog,Yes,2.55,1.21,No
2292,A380,6.47,0.96,2.75,No,Clear,Yes,7.28,1.78,No
2293,A320,0.25,1.92,6.98,No,Clear,No,6.5,8.3,Yes
2294,A380,4.78,9.51,8.22,No,Clear,Yes,5.2,0.51,No
2295,A350,3.6,3.07,5.35,No,Rain,No,6.24,8.52,No
2296,A350,3.17,1.6,9.95,No,Rain,Yes,5.84,5.18,No
2297,B737,3.69,3.58,0.58,Yes,Thunderstorm,Yes,8.38,3.62,No
2298,B787,1.8,0.73,3.09,Yes,Snow,Yes,6.86,3.01,Yes
2299,B787,0.18,1.01,3.19,Yes,Rain,Yes,6.68,7.11,Yes
2300,B787,8.95,9.25,3.04,Yes,Snow,No,9.66,9.08,No
2301,B737,3.82,6.77,7.84,No,Fog,No,0.18,8.35,Yes
2302,A350,2.66,1.89,9.98,Yes,Clear,Yes,7.02,7.46,No
2303,A320,4.65,2.13,2.2,Yes,Rain,Yes,8.49,7.84,Yes
2304,A350,7.28,8.04,0.15,Yes,Snow,No,6.81,4.29,No
2305,B787,6.06,8.82,6.59,Yes,Rain,Yes,5.07,3.84,Yes
2306,B737,5.01,7.93,0.95,Yes,Rain,Yes,4.1,9.43,Yes
2307,B787,0.45,7.12,5.99,No,Clear,Yes,0.84,4.24,No
2308,A380,4.09,5.65,0.62,No,Fog,Yes,1.27,1.24,No
2309,B787,7.76,6.36,2.44,Yes,Snow,Yes,5.72,8.63,Yes
2310,A350,5.99,5.39,8.54,Yes,Thunderstorm,Yes,4.66,4.73,Yes
2311,A320,7.7,7.99,6.8,No,Rain,Yes,4.89,5.83,Yes
2312,B737,2.43,8.69,1.73,No,Thunderstorm,No,0.21,8.11,No
2313,A350,4.02,1.71,1.51,Yes,Rain,No,4.33,5.2,Yes
2314,B787,2.7,7.49,6.9,No,Clear,Yes,1.39,7.9,Yes
2315,A350,2.29,2.48,6.24,Yes,Clear,No,9.14,8.88,No
2316,B737,8.42,9.26,1.08,Yes,Rain,No,8.03,1.82,Yes
2317,B787,2.35,5.26,1.1,Yes,Snow,Yes,9.82,4.39,Yes
2318,B737,7.1,0.79,8.75,Yes,Clear,No,9.45,6.61,No
2319,B787,0.02,0.19,7.94,Yes,Snow,No,0.57,9.53,Yes
2320,B737,0.27,4.11,3.44,Yes,Rain,No,8.33,7.05,Yes
2321,A380,1.84,1.47,5.23,No,Thunderstorm,Yes,3.12,2.58,Yes
2322,B787,4.11,1.43,4.73,No,Rain,Yes,6.1,4.31,Yes
2323,A320,8.34,6.7,8.97,Yes,Snow,No,1.1,1.46,No
2324,A320,2.54,7.82,9.62,No,Fog,No,3.57,6.2,Yes
2325,A350,5.78,2.7,1.05,Yes,Fog,Yes,4.91,7.49,No
2326,A350,9.13,8.71,0.14,No,Clear,Yes,7.13,6.27,Yes
2327,A320,8.86,7.08,1.29,Yes,Snow,Yes,5.95,5.19,No
2328,A350,6.14,7.26,9.75,No,Rain,Yes,3.03,6.41,No
2329,A350,7.23,5.76,8.7,No,Rain,No,8.87,2.2,Yes
2330,B737,2.37,9.34,3.32,Yes,Clear,No,2.41,5.94,Yes
2331,B737,2.4,2.15,9.43,No,Rain,Yes,0.59,7.89,Yes
2332,A320,5.91,5.05,2.85,Yes,Snow,Yes,9.6,0.86,Yes
2333,B787,9.93,0.75,4.88,Yes,Rain,Yes,8.78,9.25,Yes
2334,A320,2.39,4.71,1.9,No,Fog,Yes,4.58,9.91,Yes
2335,B737,0.36,5.15,3.47,No,Thunderstorm,No,5.34,2.96,Yes
2336,B787,3.53,9.58,9.04,No,Rain,No,3.22,8.84,No
2337,A380,3.03,6.86,7.82,Yes,Clear,No,5.51,7.04,Yes
2338,B787,6.32,7.54,7.86,Yes,Thunderstorm,Yes,2.78,9.58,No
2339,A350,6.29,6.19,5.92,Yes,Fog,Yes,4.98,8.58,Yes
2340,B737,4.27,9.62,2.77,No,Fog,No,2.99,4.98,Yes
2341,B787,5.74,0.3,9.05,Yes,Clear,Yes,0.61,0.64,Yes
2342,A350,0.36,3.64,6.18,Yes,Thunderstorm,No,6.18,5.38,No
2343,A350,2.99,4.72,7.37,Yes,Clear,Yes,1.19,0.06,Yes
2344,A380,7.45,6.82,3.97,Yes,Clear,Yes,3.64,3.37,Yes
2345,B787,4.54,5.28,4.48,No,Rain,Yes,7.47,2.08,Yes
2346,B737,6.46,3.91,9.71,No,Thunderstorm,No,1.93,0.03,No
2347,B737,7.24,0.65,3.64,Yes,Thunderstorm,Yes,8.11,0.52,Yes
2348,A380,8.69,8.52,9.33,No,Snow,Yes,4.78,8.65,No
2349,B787,8.54,7.45,9.49,No,Snow,No,3.25,9.58,Yes
2350,A350,5.6,9.36,0.79,No,Snow,No,4.71,8.11,Yes
2351,B737,5.25,0.63,9.63,Yes,Clear,No,7.12,4.55,Yes
2352,B787,3.17,7.54,7.97,Yes,Rain,Yes,8.77,7.98,No
2353,B737,3.68,1.5,2.5,Yes,Snow,Yes,8.41,5.82,Yes
2354,A380,8.39,7.54,5.65,No,Clear,No,8.06,9.15,No
2355,B787,4.38,4.15,0.58,No,Snow,No,1.25,5.57,No
2356,B737,8.54,8.72,2.16,No,Rain,Yes,6.39,6.17,No
2357,A320,6.46,1.89,4.62,Yes,Thunderstorm,No,5.68,7.86,No
2358,A380,2.97,0.13,8.1,No,Rain,Yes,6.87,5.77,Yes
2359,A320,5.5,7.71,8.95,No,Clear,Yes,0.51,8.92,No
2360,A350,1.1,2.18,7.79,Yes,Fog,No,1.63,4.5,Yes
2361,A380,8.81,6.32,4.78,Yes,Rain,Yes,0.99,5.63,Yes
2362,B787,5.35,6.33,9.26,Yes,Rain,Yes,3.21,7.76,No
2363,A320,7.74,3.38,3.29,No,Rain,No,8.57,8.64,Yes
2364,A320,3.42,0.69,4.29,No,Thunderstorm,No,1.77,7.76,No
2365,B737,9.19,7.05,2.89,Yes,Fog,No,1.9,4.59,Yes
2366,A380,3.36,2.38,5.75,Yes,Clear,No,9.22,0.57,No
2367,A380,0.52,3.14,0.17,No,Rain,No,8.18,0.79,No
2368,B737,7.73,8.95,8.09,Yes,Rain,Yes,3.07,6.03,No
2369,B737,4.36,0.87,0.01,No,Fog,No,0.14,2.73,No
2370,A350,5.76,3.46,5.58,Yes,Thunderstorm,No,7.47,3.04,No
2371,A380,7.59,3.17,3.79,No,Fog,No,0.87,4.38,Yes
2372,A380,5.73,3.59,4.24,No,Clear,No,1.18,9.3,No
2373,A380,7.91,6.12,2.34,No,Rain,No,4.05,3.54,No
2374,B737,6.42,8.29,8.71,Yes,Clear,No,7.33,6.37,Yes
2375,B787,3.71,4.57,8.79,No,Thunderstorm,No,0.02,0.23,Yes
2376,A320,0.14,8.96,2.39,No,Snow,Yes,3.4,5.15,Yes
2377,A350,4.93,1.26,4.1,Yes,Clear,Yes,1.82,8.92,No
2378,B787,5.05,7.78,7.29,No,Snow,No,8.43,8.73,No
2379,A320,8.85,8.38,5.11,No,Fog,No,3.03,5.39,Yes
2380,B787,2.37,9.68,5.32,Yes,Snow,No,1.71,7.58,Yes
2381,B787,8.54,6.24,5.41,Yes,Clear,No,8.26,6.75,No
2382,A380,4.14,6.78,4.17,No,Thunderstorm,No,3.38,7.69,Yes
2383,B737,8.16,0.91,9.73,No,Clear,Yes,4.97,0.08,No
2384,A350,1.02,1.48,7.78,Yes,Thunderstorm,Yes,8.27,5.48,Yes
2385,A380,4.51,8.95,5.05,Yes,Snow,Yes,8.77,0.79,No
2386,B787,9.56,8.06,6.07,No,Thunderstorm,Yes,9.33,8.69,No
2387,A350,1.98,9.55,8.09,No,Rain,Yes,3.71,0.88,Yes
2388,B737,2.48,6.48,7.99,Yes,Clear,No,2.47,6.82,Yes
2389,A320,7.83,6.04,0.48,Yes,Rain,No,9.2,8.27,No
2390,B787,1.47,0.35,8.49,Yes,Clear,Yes,8.45,4.21,Yes
2391,B787,8.99,5.4,9.57,Yes,Fog,Yes,8.35,9.53,Yes
2392,B787,8.7,7.27,3.5,No,Snow,Yes,3.64,0.09,Yes
2393,A320,4.06,2.5,2.13,Yes,Clear,No,1.16,5.54,Yes
2394,A380,3.84,3.24,5.46,No,Fog,No,2.58,3.92,No
2395,A320,1.11,8.55,5.04,Yes,Rain,Yes,9.13,8.44,Yes
2396,A350,9.78,8.76,5.48,No,Clear,No,2.56,8.22,Yes
2397,A380,4.44,0.41,1.83,Yes,Rain,No,7.77,4.59,No
2398,A350,7.7,6.47,6.28,No,Rain,Yes,5.37,7.25,Yes
2399,B787,5.74,0.41,2.94,Yes,Snow,No,8.04,0.82,Yes
2400,B787,7.76,3.1,3.94,Yes,Rain,No,4.78,9.95,No
2401,A380,4.64,8.92,3.62,No,Snow,Yes,7.71,4.89,No
2402,B737,2.73,3.64,6.73,No,Clear,No,5.45,8.37,Yes
2403,A350,9.49,5.78,0.94,No,Clear,No,1.41,5.4,No
2404,B787,5.56,2.07,5.6,No,Snow,No,1.87,1.93,Yes
2405,B787,7.18,1.13,0.19,No,Clear,No,7.13,6.37,No
2406,B737,3.09,6.8,5.43,No,Clear,No,4.07,5.28,Yes
2407,B787,3.78,3.86,7.65,No,Fog,Yes,6.17,3.94,Yes
2408,A320,4.31,4.37,2.15,Yes,Rain,No,5.36,9.66,Yes
2409,B737,0.96,1.0,7.69,No,Snow,No,2.13,9.45,Yes
2410,A380,4.72,6.39,1.36,Yes,Snow,No,0.9,1.12,Yes
2411,A350,2.34,6.05,4.39,Yes,Thunderstorm,No,5.22,6.38,Yes
2412,A350,0.83,2.74,0.75,No,Thunderstorm,Yes,7.45,5.12,Yes
2413,B737,3.21,3.87,3.54,Yes,Snow,Yes,0.63,2.61,Yes
2414,A350,3.53,0.36,5.21,No,Rain,No,4.73,5.45,Yes
2415,B787,9.51,2.74,4.01,Yes,Clear,No,7.38,3.7,No
2416,A380,3.8,4.6,5.97,No,Thunderstorm,No,2.58,3.15,Yes
2417,B787,9.48,6.79,9.87,No,Fog,Yes,1.12,5.76,No
2418,A350,8.08,5.45,4.68,No,Thunderstorm,Yes,7.07,8.56,Yes
2419,B737,6.71,5.92,2.08,Yes,Fog,Yes,4.15,0.21,Yes
2420,A350,3.2,8.14,1.41,No,Rain,Yes,7.46,7.47,Yes
2421,A320,9.47,3.56,4.49,Yes,Clear,No,3.92,4.58,Yes
2422,A350,3.03,4.46,2.21,Yes,Fog,No,8.14,3.57,No
2423,A320,4.35,6.28,4.88,Yes,Thunderstorm,No,2.39,6.99,No
2424,A350,3.12,3.13,5.16,Yes,Thunderstorm,No,9.43,3.99,No
2425,A350,2.94,6.34,0.7,No,Fog,Yes,0.39,4.21,No
2426,B737,3.37,9.5,1.3,Yes,Thunderstorm,No,7.35,2.08,Yes
2427,A320,8.33,8.35,9.26,Yes,Thunderstorm,No,3.92,5.67,No
2428,B787,9.0,2.64,7.66,Yes,Rain,No,1.95,8.33,Yes
2429,A320,1.73,0.41,4.21,No,Snow,Yes,4.36,0.36,Yes
2430,A380,3.71,4.4,4.01,No,Thunderstorm,No,5.65,5.02,No
2431,B787,4.48,1.32,2.39,Yes,Rain,Yes,6.73,2.0,Yes
2432,A320,7.51,3.63,4.69,No,Fog,Yes,6.0,3.89,Yes
2433,A350,9.98,2.43,6.29,Yes,Rain,No,4.1,1.96,No
2434,A320,1.52,1.18,7.47,No,Clear,No,8.36,5.34,No
2435,B787,0.1,3.11,7.25,No,Rain,Yes,8.84,4.08,Yes
2436,A380,4.85,1.63,7.9,Yes,Rain,No,5.73,6.77,No
2437,A320,7.7,8.62,0.63,Yes,Thunderstorm,No,1.51,4.35,Yes
2438,A350,5.69,6.75,6.85,No,Clear,Yes,9.57,5.88,Yes
2439,A320,5.83,3.92,3.11,Yes,Fog,No,3.01,0.2,Yes
2440,A320,7.42,0.6,1.55,No,Snow,No,9.37,3.46,Yes
2441,A380,6.13,4.49,1.5,Yes,Snow,Yes,6.61,6.3,No
2442,A350,6.13,4.95,2.15,No,Rain,Yes,3.76,1.28,Yes
2443,A320,0.11,4.97,5.8,No,Rain,No,6.36,3.7,No
2444,A320,0.08,5.21,9.86,No,Rain,No,8.72,9.1,Yes
2445,A380,2.8,9.9,0.59,No,Rain,No,2.13,7.35,No
2446,B737,7.64,8.61,3.11,Yes,Thunderstorm,No,8.52,9.82,Yes
2447,A320,5.87,7.79,3.41,Yes,Rain,No,7.48,5.0,Yes
2448,A350,4.89,8.07,6.1,No,Thunderstorm,Yes,3.17,1.54,Yes
2449,B787,2.05,8.39,2.67,Yes,Clear,Yes,2.3,2.57,Yes
2450,B737,1.72,9.07,2.2,Yes,Fog,No,9.78,3.82,Yes
2451,A380,0.75,0.28,4.61,Yes,Clear,Yes,2.24,0.53,No
2452,B737,4.87,4.8,6.36,No,Thunderstorm,No,4.06,4.44,Yes
2453,B737,5.45,4.66,9.92,Yes,Clear,Yes,5.28,7.6,No
2454,A350,5.51,3.64,8.25,Yes,Snow,Yes,6.59,6.5,No
2455,A320,4.29,6.25,0.0,No,Rain,No,6.05,9.75,No
2456,A380,5.03,1.71,5.53,Yes,Rain,Yes,7.68,5.86,No
2457,A380,6.71,8.55,2.76,Yes,Thunderstorm,No,7.54,8.83,Yes
2458,B737,7.1,1.86,9.55,Yes,Thunderstorm,Yes,0.46,7.7,Yes
2459,A350,2.39,5.72,2.74,Yes,Fog,Yes,9.22,8.87,Yes
2460,B787,3.89,0.11,6.15,Yes,Thunderstorm,No,8.59,6.45,Yes
2461,A320,5.3,4.59,1.95,No,Snow,No,6.33,9.26,No
2462,A380,4.71,9.08,1.0,Yes,Snow,No,5.93,4.03,No
2463,A380,3.2,5.95,9.38,No,Snow,No,3.87,3.42,Yes
2464,A320,2.53,4.13,2.42,No,Snow,Yes,9.43,3.76,Yes
2465,A380,2.21,6.15,8.11,Yes,Rain,No,3.18,2.33,No
2466,A320,7.04,9.97,0.21,Yes,Thunderstorm,No,2.87,5.79,No
2467,B787,1.27,8.77,9.98,Yes,Rain,Yes,2.06,2.78,No
2468,A380,5.14,1.7,2.0,Yes,Snow,No,7.66,2.4,No
2469,A350,4.36,0.89,0.04,No,Fog,Yes,0.95,9.84,No
2470,A320,2.02,9.23,4.62,No,Snow,No,0.03,9.54,Yes
2471,A380,0.94,4.27,0.01,Yes,Snow,No,4.25,7.82,No
2472,A380,3.13,3.57,3.23,No,Thunderstorm,Yes,4.47,3.93,Yes
2473,A320,3.84,4.35,2.36,Yes,Clear,No,0.75,0.68,Yes
2474,B787,6.41,0.43,8.76,No,Snow,No,3.34,2.4,No
2475,B787,7.21,9.43,1.71,Yes,Snow,Yes,6.15,0.4,No
2476,B787,7.6,4.33,1.27,No,Rain,No,1.04,8.81,Yes
2477,B737,5.86,7.35,5.97,No,Snow,Yes,9.67,7.62,Yes
2478,A320,5.29,8.58,5.04,Yes,Rain,Yes,4.54,6.82,No
2479,A380,8.26,3.81,6.84,No,Fog,Yes,4.15,7.17,Yes
2480,B787,1.48,6.28,9.86,Yes,Rain,Yes,5.66,1.46,Yes
2481,A350,0.18,1.79,0.47,No,Fog,No,6.53,9.67,No
2482,A380,7.07,10.0,7.05,No,Rain,No,2.85,3.59,No
2483,B737,2.38,2.47,2.18,Yes,Fog,No,2.65,0.25,No
2484,A320,6.99,6.89,2.02,No,Fog,No,2.47,2.71,Yes
2485,A380,9.31,0.29,3.83,No,Snow,Yes,9.33,4.68,No
2486,A320,6.83,1.61,6.99,No,Thunderstorm,No,7.18,9.78,Yes
2487,A380,6.58,0.69,4.76,No,Rain,No,3.44,9.9,Yes
2488,B787,3.48,5.33,9.45,No,Rain,Yes,5.21,3.72,Yes
2489,A320,5.48,3.85,9.48,No,Clear,Yes,0.64,5.39,No
2490,B787,2.82,1.49,3.97,No,Thunderstorm,Yes,9.14,8.92,Yes
2491,B737,0.12,0.33,1.6,No,Thunderstorm,No,0.27,9.2,Yes
2492,A380,2.21,3.17,3.11,No,Rain,Yes,5.71,1.86,No
2493,A380,6.98,3.66,6.37,Yes,Clear,No,1.3,9.76,No
2494,A380,8.02,6.66,6.41,No,Thunderstorm,Yes,3.65,9.73,Yes
2495,A350,0.48,6.32,6.74,No,Fog,No,2.27,3.3,Yes
2496,B787,6.07,3.7,3.37,No,Rain,No,2.26,1.13,No
2497,B787,8.56,3.38,9.19,No,Fog,Yes,3.7,6.03,No
2498,A350,7.04,4.16,0.13,Yes,Rain,Yes,6.83,1.13,No
2499,B737,5.12,2.43,0.98,No,Fog,No,3.78,2.51,Yes
2500,A350,2.27,0.17,4.81,Yes,Clear,Yes,7.42,5.27,Yes
2501,A320,8.66,2.35,1.95,No,Fog,No,4.4,0.29,Yes
2502,A380,8.35,7.29,8.62,Yes,Clear,No,3.39,2.34,Yes
2503,A380,9.48,0.26,7.4,No,Thunderstorm,No,8.97,9.48,Yes
2504,A350,9.49,7.86,9.9,No,Snow,Yes,0.46,5.54,Yes
2505,B787,9.6,1.25,8.05,Yes,Thunderstorm,Yes,7.52,4.54,No
2506,A380,3.49,9.0,2.46,No,Clear,Yes,7.11,3.64,No
2507,B787,1.95,5.91,2.46,Yes,Snow,Yes,5.94,8.93,Yes
2508,A380,0.14,7.26,0.93,No,Snow,Yes,0.93,9.59,Yes
2509,A380,8.69,2.4,1.66,Yes,Fog,No,7.33,1.86,Yes
2510,B787,0.17,1.18,2.76,Yes,Snow,Yes,7.82,8.17,No
2511,A320,1.53,5.21,9.62,Yes,Fog,Yes,4.24,6.75,No
2512,B737,7.57,3.09,9.76,No,Clear,Yes,8.39,8.65,No
2513,A380,7.54,7.39,5.76,No,Rain,No,1.45,0.02,No
2514,A320,9.15,7.99,4.08,No,Snow,Yes,6.63,5.31,No
2515,A350,9.03,1.86,7.97,No,Thunderstorm,No,2.3,4.12,Yes
2516,A320,3.98,4.61,8.79,No,Snow,No,3.73,4.67,No
2517,B787,9.74,4.27,7.13,Yes,Snow,No,1.55,8.13,Yes
2518,A380,4.49,0.9,3.98,No,Snow,Yes,9.04,5.44,Yes
2519,A380,2.76,0.22,3.58,Yes,Fog,No,2.7,9.6,No
2520,A380,6.99,6.01,6.91,No,Thunderstorm,Yes,4.85,7.98,No
2521,A350,9.82,3.46,9.46,Yes,Rain,Yes,8.13,5.6,Yes
2522,A350,7.82,6.25,8.84,No,Thunderstorm,Yes,5.47,7.65,No
2523,A350,8.62,7.7,1.81,Yes,Snow,No,5.94,0.56,Yes
2524,A320,3.09,0.17,5.11,No,Clear,Yes,1.43,1.15,No
2525,B737,3.51,5.56,6.92,Yes,Snow,No,2.34,5.12,Yes
2526,B787,0.13,4.12,5.56,Yes,Fog,Yes,2.39,4.77,Yes
2527,A350,3.6,4.37,1.91,Yes,Fog,No,7.17,4.41,No
2528,B737,4.77,2.95,3.61,Yes,Snow,No,6.02,3.5,No
2529,A350,5.31,1.28,2.04,No,Rain,Yes,0.57,3.39,Yes
2530,A380,4.21,2.71,8.69,Yes,Clear,Yes,2.11,0.81,No
2531,B737,4.82,6.48,4.04,Yes,Snow,Yes,5.53,7.65,Yes
2532,B787,0.97,2.6,9.04,No,Clear,No,1.38,1.26,Yes
2533,B787,8.4,8.36,3.7,No,Rain,No,1.95,8.75,No
2534,B737,6.4,6.81,4.17,No,Thunderstorm,Yes,2.89,6.23,Yes
2535,B737,1.91,2.43,2.6,Yes,Snow,Yes,9.35,1.57,Yes
2536,A380,6.34,3.22,3.91,Yes,Snow,Yes,0.76,4.05,Yes
2537,A320,1.73,3.3,3.74,Yes,Clear,No,8.92,2.04,Yes
2538,B787,4.21,5.34,9.02,Yes,Clear,No,1.46,6.75,Yes
2539,B787,6.54,0.46,4.93,No,Rain,No,6.18,5.16,No
2540,A380,6.09,6.22,7.21,No,Fog,No,3.13,3.11,No
2541,A320,9.63,6.84,0.45,No,Snow,Yes,7.79,3.22,No
2542,B787,6.08,7.5,3.76,Yes,Rain,No,5.4,3.32,Yes
2543,B787,0.36,4.26,9.38,No,Rain,No,7.25,5.4,Yes
2544,A320,9.29,3.27,3.95,No,Thunderstorm,No,2.69,5.73,No
2545,A380,7.24,7.11,7.45,Yes,Rain,No,9.52,1.22,No
2546,B737,5.22,3.75,4.3,Yes,Clear,Yes,4.85,3.78,Yes
2547,A320,3.85,2.44,0.39,Yes,Snow,Yes,6.98,6.5,No
2548,A320,0.58,8.12,7.4,No,Thunderstorm,Yes,7.41,1.04,Yes
2549,A380,3.43,8.79,5.38,No,Snow,No,2.31,4.46,Yes
2550,A320,6.93,4.14,4.93,Yes,Thunderstorm,Yes,3.66,4.09,No
2551,B787,5.32,8.52,8.29,Yes,Snow,No,1.11,8.29,Yes
2552,B787,7.35,3.85,6.42,Yes,Snow,No,3.73,4.09,Yes
2553,B737,6.5,8.05,6.09,Yes,Rain,No,8.94,8.76,No
2554,B737,5.98,4.68,3.75,Yes,Rain,No,3.48,3.97,No
2555,B737,2.34,1.45,9.56,No,Thunderstorm,Yes,9.62,9.95,Yes
2556,B787,5.08,2.56,5.17,No,Snow,No,3.55,8.96,Yes
2557,A350,5.05,4.36,3.06,Yes,Thunderstorm,Yes,5.19,6.31,Yes
2558,A320,0.44,5.0,7.18,No,Fog,Yes,2.84,2.54,No
2559,B737,6.55,1.68,8.31,Yes,Fog,Yes,0.54,9.11,No
2560,B787,7.95,6.71,9.04,Yes,Rain,Yes,1.18,4.69,Yes
2561,B737,3.85,7.61,0.5,No,Snow,Yes,3.59,5.48,No
2562,A320,6.75,2.79,8.47,No,Thunderstorm,No,6.52,7.79,No
2563,A320,0.06,9.33,0.72,No,Fog,Yes,1.39,7.96,Yes
2564,A380,8.87,2.96,2.03,No,Snow,Yes,8.59,7.36,No
2565,B737,6.62,8.14,3.26,Yes,Thunderstorm,Yes,0.97,0.9,No
2566,A320,9.39,4.83,0.9,Yes,Clear,No,5.41,0.88,Yes
2567,A320,3.82,8.65,0.17,Yes,Thunderstorm,Yes,6.17,3.51,No
2568,A380,8.22,5.05,5.68,No,Snow,Yes,1.75,0.71,No
2569,A350,6.04,0.83,7.19,No,Fog,No,0.34,8.39,No
2570,A380,4.63,1.55,7.98,No,Rain,No,6.82,7.02,No
2571,B737,9.95,4.91,8.68,Yes,Clear,Yes,6.44,3.32,Yes
2572,A380,1.57,8.89,1.02,Yes,Fog,No,5.0,7.48,Yes
2573,B787,2.66,5.99,8.15,No,Fog,Yes,7.6,2.38,No
2574,A320,1.99,5.77,4.38,No,Snow,No,5.63,2.14,No
2575,A380,1.05,4.68,1.15,No,Clear,Yes,1.59,9.86,No
2576,A350,1.87,0.57,7.28,No,Clear,Yes,1.18,0.95,No
2577,B737,5.92,1.48,1.64,No,Snow,No,4.6,8.27,No
2578,B737,3.19,1.57,2.18,Yes,Clear,Yes,9.12,5.53,No
2579,A350,9.51,5.74,6.94,No,Snow,Yes,6.71,5.23,No
2580,A380,6.69,1.83,6.35,Yes,Clear,No,6.08,7.01,No
2581,A350,2.13,5.35,0.06,Yes,Clear,No,9.16,1.53,No
2582,A320,6.78,4.58,8.59,Yes,Clear,Yes,6.76,6.38,No
2583,B787,6.94,1.49,8.32,No,Snow,Yes,8.98,9.37,No
2584,A350,2.89,1.19,5.66,Yes,Clear,Yes,3.91,1.48,No
2585,A350,3.38,5.36,6.06,Yes,Clear,Yes,3.54,0.42,Yes
2586,B787,1.17,7.22,5.09,Yes,Clear,No,7.81,7.19,No
2587,A320,8.93,0.1,5.46,No,Clear,Yes,1.05,2.0,Yes
2588,B787,9.57,1.95,8.23,No,Clear,No,8.37,8.5,No
2589,A320,5.4,6.72,0.31,Yes,Fog,Yes,0.3,7.69,No
2590,A350,1.71,8.3,9.21,Yes,Rain,No,7.24,5.87,Yes
2591,A320,9.84,9.01,4.86,No,Clear,Yes,7.19,4.89,Yes
2592,B737,6.21,8.3,3.85,Yes,Rain,Yes,5.15,1.88,No
2593,A380,1.56,7.47,0.36,No,Clear,Yes,1.17,7.64,No
2594,B737,6.88,2.21,2.44,Yes,Thunderstorm,Yes,0.3,6.9,No
2595,B737,5.66,6.12,1.09,No,Clear,Yes,1.76,5.74,No
2596,A320,5.94,7.78,4.27,No,Snow,Yes,7.45,3.2,Yes
2597,A350,1.59,5.99,5.8,No,Thunderstorm,Yes,4.44,4.68,Yes
2598,B787,2.99,8.01,1.91,No,Fog,No,6.16,6.05,Yes
2599,A380,6.92,4.0,5.1,Yes,Rain,No,5.1,4.82,Yes
2600,B787,4.71,8.49,1.66,No,Snow,No,3.48,3.08,Yes
2601,A350,3.03,0.14,2.53,Yes,Clear,Yes,7.27,9.92,Yes
2602,A380,2.2,9.55,1.74,Yes,Rain,No,7.14,8.09,Yes
2603,A350,9.95,6.35,5.5,Yes,Rain,Yes,4.43,4.86,Yes
2604,B787,5.89,0.34,0.97,Yes,Fog,Yes,4.47,3.89,Yes
2605,A350,4.4,8.68,6.07,Yes,Rain,No,4.85,6.92,Yes
2606,B787,0.37,8.16,3.72,Yes,Rain,No,6.46,5.18,Yes
2607,B787,5.23,9.25,1.95,Yes,Thunderstorm,No,9.13,9.02,No
2608,A380,4.02,6.29,1.16,No,Thunderstorm,Yes,0.3,9.56,Yes
2609,B737,8.35,4.03,2.74,No,Rain,No,9.38,8.33,No
2610,A350,2.07,7.79,9.37,No,Clear,Yes,2.05,8.68,Yes
2611,B737,1.2,4.42,4.5,No,Snow,No,8.27,9.21,No
2612,A380,3.31,2.2,2.21,No,Thunderstorm,No,7.55,6.05,Yes
2613,A350,5.64,5.45,0.84,No,Fog,No,8.19,9.37,Yes
2614,A320,0.56,7.33,6.5,Yes,Fog,No,3.29,9.5,Yes
2615,B787,4.08,2.06,8.13,Yes,Fog,No,6.74,3.05,No
2616,B787,9.28,5.69,8.68,No,Snow,No,5.16,9.83,Yes
2617,A350,1.11,6.97,7.9,No,Clear,Yes,3.1,8.79,No
2618,B787,8.95,3.68,2.39,No,Fog,Yes,6.84,1.19,Yes
2619,B737,5.16,4.51,3.5,Yes,Thunderstorm,No,2.31,5.08,No
2620,A380,7.97,7.41,4.07,Yes,Clear,No,1.36,3.87,No
2621,A320,4.8,9.84,0.07,Yes,Thunderstorm,Yes,2.32,1.64,Yes
2622,B787,3.38,1.95,6.05,No,Snow,Yes,8.89,1.69,Yes
2623,A380,5.75,3.63,9.55,Yes,Fog,No,5.44,1.92,No
2624,A350,3.45,0.33,8.89,No,Clear,Yes,0.5,1.47,Yes
2625,A350,5.17,6.13,1.75,No,Snow,No,4.19,9.54,No
2626,B787,5.97,3.62,9.69,Yes,Fog,Yes,9.33,1.61,Yes
2627,B737,8.94,4.02,0.68,No,Fog,No,8.8,7.47,Yes
2628,B787,5.03,4.62,9.28,Yes,Thunderstorm,No,6.91,0.62,No
2629,A350,0.63,3.33,1.73,No,Snow,Yes,7.06,2.0,Yes
2630,A320,6.18,5.4,6.55,Yes,Rain,No,9.44,7.33,No
2631,A320,3.24,4.78,6.37,Yes,Thunderstorm,Yes,1.94,0.69,No
2632,B787,4.65,7.75,1.38,No,Snow,No,1.49,0.88,Yes
2633,A350,1.04,8.61,5.4,No,Fog,No,4.86,0.35,No
2634,A350,5.1,4.94,0.41,Yes,Rain,Yes,0.4,6.87,Yes
2635,B787,5.92,8.14,0.22,No,Clear,No,5.35,7.83,Yes
2636,A350,4.88,1.64,0.29,No,Rain,No,3.01,0.83,No
2637,B787,9.11,5.68,6.24,No,Rain,Yes,7.73,0.12,No
2638,A380,2.79,2.09,6.23,No,Snow,No,6.77,6.94,Yes
2639,A380,1.35,5.76,9.01,Yes,Rain,Yes,9.9,9.36,No
2640,A350,0.43,5.67,8.36,No,Snow,Yes,3.54,4.27,Yes
2641,A380,2.93,4.42,3.11,Yes,Snow,Yes,8.0,0.58,Yes
2642,B787,1.9,1.09,9.41,No,Snow,No,5.24,7.2,Yes
2643,A350,4.99,3.0,0.98,No,Fog,No,7.02,7.03,Yes
2644,B787,7.59,6.36,3.29,Yes,Thunderstorm,Yes,6.22,6.02,Yes
2645,B787,9.13,3.56,4.87,No,Thunderstorm,Yes,7.43,8.09,Yes
2646,A320,1.35,7.51,8.27,Yes,Thunderstorm,No,9.41,1.0,No
2647,B737,2.26,3.06,0.34,Yes,Fog,No,6.3,7.28,No
2648,B737,2.95,8.55,2.17,Yes,Thunderstorm,Yes,7.05,9.59,Yes
2649,A320,1.6,1.79,8.51,Yes,Clear,No,0.72,6.04,No
2650,A320,8.48,6.01,1.13,No,Snow,Yes,3.13,6.09,Yes
2651,A350,0.18,7.37,6.46,No,Clear,No,7.18,5.61,No
2652,A320,6.77,5.36,3.72,No,Clear,No,6.1,0.54,No
2653,B787,4.45,5.03,7.34,Yes,Clear,No,7.18,8.15,Yes
2654,A320,4.17,0.34,7.96,Yes,Snow,Yes,6.44,3.18,Yes
2655,A350,8.78,9.73,7.32,No,Fog,No,0.75,9.88,Yes
2656,A320,4.58,9.26,0.48,No,Rain,Yes,8.47,6.22,Yes
2657,A350,4.76,2.04,3.56,Yes,Clear,No,8.0,0.84,Yes
2658,A320,5.79,7.38,8.19,No,Clear,Yes,6.97,0.57,Yes
2659,B737,9.39,8.98,8.7,No,Snow,Yes,3.7,1.96,Yes
2660,A350,4.39,3.96,8.8,No,Rain,Yes,9.32,7.83,Yes
2661,B737,5.93,1.65,9.75,Yes,Snow,Yes,7.03,2.45,No
2662,A350,8.53,6.91,3.02,No,Rain,Yes,5.6,9.98,Yes
2663,A320,0.65,6.12,3.85,Yes,Thunderstorm,Yes,3.27,1.98,No
2664,A380,7.38,7.51,7.61,Yes,Clear,No,6.17,8.45,Yes
2665,A350,1.15,1.71,8.06,No,Thunderstorm,Yes,6.02,4.58,No
2666,A320,3.0,5.56,3.68,Yes,Thunderstorm,Yes,7.24,3.97,Yes
2667,A320,7.75,9.46,8.77,Yes,Fog,Yes,7.97,8.0,Yes
2668,A320,3.22,4.15,8.76,Yes,Rain,Yes,3.33,4.3,Yes
2669,B787,5.07,9.2,0.66,No,Fog,No,4.47,2.56,Yes
2670,B787,4.84,3.92,2.19,No,Snow,No,1.05,8.52,Yes
2671,A350,9.42,7.9,0.88,Yes,Clear,No,3.46,5.94,Yes
2672,B787,1.13,9.46,9.99,Yes,Clear,No,7.19,2.6,Yes
2673,B737,3.69,8.66,3.09,No,Fog,Yes,3.84,6.19,Yes
2674,B737,4.55,4.46,1.26,Yes,Thunderstorm,Yes,6.1,3.72,Yes
2675,B787,7.33,4.4,4.6,No,Clear,No,4.83,9.69,Yes
2676,A350,5.54,9.17,5.22,No,Rain,Yes,8.01,9.43,Yes
2677,B787,5.31,5.58,1.81,No,Fog,No,0.04,0.86,No
2678,B787,2.39,7.82,9.11,Yes,Snow,Yes,6.78,9.07,No
2679,B737,5.42,3.63,5.03,No,Fog,No,9.77,6.91,Yes
2680,B787,2.91,6.21,5.9,No,Fog,Yes,2.84,5.5,No
2681,A350,4.82,0.28,3.36,No,Snow,Yes,4.02,9.46,No
2682,A380,5.31,5.49,8.4,No,Thunderstorm,Yes,6.11,3.2,No
2683,A350,2.66,5.98,4.15,Yes,Fog,Yes,4.34,7.91,Yes
2684,A320,1.45,2.79,4.6,No,Thunderstorm,No,9.13,2.64,Yes
2685,A320,9.39,1.79,3.08,Yes,Clear,No,2.54,8.93,No
2686,B737,1.84,3.35,2.1,No,Snow,Yes,1.83,8.16,Yes
2687,A350,3.15,8.91,9.61,Yes,Fog,Yes,1.49,6.83,Yes
2688,B787,4.52,3.68,0.72,No,Snow,Yes,2.93,9.42,Yes
2689,A320,9.8,8.92,0.04,Yes,Fog,No,1.63,3.96,Yes
2690,A350,2.91,1.29,0.41,Yes,Snow,Yes,6.12,9.53,No
2691,B737,0.99,3.81,2.0,Yes,Fog,Yes,3.14,0.3,Yes
2692,A380,4.51,9.77,0.15,No,Clear,No,2.85,4.35,No
2693,A380,8.85,1.55,0.04,No,Fog,Yes,3.97,4.62,No
2694,B787,4.79,0.11,1.41,Yes,Snow,No,1.75,2.28,No
2695,A350,6.41,1.93,0.13,Yes,Snow,No,3.49,9.72,No
2696,A320,0.74,3.34,8.57,No,Snow,No,3.57,1.48,Yes
2697,A350,6.51,6.53,4.23,Yes,Snow,No,7.54,3.9,No
2698,B737,0.73,2.96,3.1,Yes,Snow,No,1.7,7.82,No
2699,A350,8.06,0.68,1.86,No,Thunderstorm,Yes,8.9,5.63,Yes
2700,B737,8.35,9.78,2.33,No,Rain,No,5.2,7.36,Yes
2701,A350,6.02,7.24,9.37,No,Clear,Yes,9.02,4.7,Yes
2702,B737,3.24,8.22,2.04,No,Rain,No,6.88,3.18,No
2703,B737,1.68,0.86,9.86,No,Snow,Yes,6.82,6.18,No
2704,B787,5.11,1.4,8.1,No,Fog,No,4.34,0.35,Yes
2705,B787,1.96,7.79,2.49,No,Clear,No,7.98,7.79,Yes
2706,B787,2.99,3.72,0.6,Yes,Thunderstorm,Yes,7.11,2.86,No
2707,A320,7.02,0.52,1.84,No,Thunderstorm,No,2.92,8.98,No
2708,A380,9.43,2.28,5.88,No,Thunderstorm,Yes,9.24,9.64,Yes
2709,A350,2.63,2.29,9.32,No,Snow,Yes,9.87,0.74,Yes
2710,B787,4.71,7.0,0.17,No,Snow,No,6.96,7.96,Yes
2711,A380,2.04,4.15,4.22,Yes,Snow,Yes,2.75,4.65,No
2712,A350,7.81,1.09,4.54,No,Snow,No,8.49,2.69,No
2713,A380,4.47,1.44,6.18,Yes,Thunderstorm,Yes,3.79,8.23,No
2714,A350,6.56,5.73,5.11,Yes,Rain,No,3.84,6.99,No
2715,A350,4.15,5.28,6.41,Yes,Rain,No,3.27,6.61,No
2716,A320,7.37,2.07,3.31,No,Rain,Yes,7.78,5.37,No
2717,B737,8.17,5.88,0.11,No,Clear,Yes,8.73,9.27,No
2718,A380,7.27,9.66,0.64,No,Rain,No,7.24,5.97,No
2719,B787,5.61,3.29,0.55,No,Clear,No,7.0,8.81,Yes
2720,A380,9.63,0.75,5.59,No,Clear,No,7.11,3.79,Yes
2721,A380,2.77,2.68,8.33,Yes,Thunderstorm,Yes,4.01,4.04,Yes
2722,B787,2.54,6.4,0.94,Yes,Snow,No,9.66,4.83,No
2723,A380,4.41,7.83,7.07,Yes,Rain,Yes,3.21,0.6,No
2724,B737,4.51,3.08,8.37,No,Snow,Yes,7.29,9.27,Yes
2725,B737,2.93,4.95,4.85,No,Rain,Yes,6.79,1.6,No
2726,B737,3.7,9.45,9.23,Yes,Thunderstorm,Yes,3.33,0.28,No
2727,A350,1.17,7.24,2.84,No,Fog,No,7.47,8.3,Yes
2728,B737,4.96,3.05,6.2,No,Rain,Yes,3.85,7.19,Yes
2729,A320,5.91,7.87,4.0,No,Rain,No,8.69,5.99,Yes
2730,B787,4.47,5.9,3.71,No,Rain,No,5.76,3.88,No
2731,A350,9.06,2.69,4.44,Yes,Snow,Yes,5.2,7.61,Yes
2732,A380,2.15,6.88,2.05,Yes,Snow,Yes,9.81,0.04,Yes
2733,A350,7.04,2.1,5.25,No,Clear,No,0.69,3.74,No
2734,B737,8.83,5.62,7.88,No,Clear,Yes,5.84,5.89,Yes
2735,B737,3.15,8.3,6.49,Yes,Snow,Yes,8.79,2.57,Yes
2736,A350,9.73,6.29,2.15,Yes,Rain,Yes,0.89,4.06,No
2737,A320,2.9,1.83,2.84,No,Fog,No,3.82,1.11,Yes
2738,A350,4.26,5.79,9.87,No,Clear,No,7.99,2.76,No
2739,B787,2.31,4.48,7.29,No,Rain,Yes,2.22,4.47,Yes
2740,A350,5.62,5.3,0.44,Yes,Snow,Yes,7.86,9.25,No
2741,B787,2.23,2.02,1.12,No,Snow,Yes,8.31,0.21,No
2742,B787,2.15,8.13,2.42,Yes,Clear,Yes,7.93,7.45,Yes
2743,B787,1.84,6.68,7.87,No,Fog,Yes,7.11,1.47,No
2744,A320,6.71,2.93,5.08,Yes,Fog,No,6.32,2.45,Yes
2745,B787,2.88,9.45,0.66,No,Snow,No,4.12,9.92,No
2746,A380,9.99,6.23,6.87,No,Clear,No,2.67,1.31,Yes
2747,A350,1.1,4.83,6.22,No,Snow,No,5.3,0.98,Yes
2748,B737,7.39,6.09,3.21,Yes,Rain,Yes,8.94,0.28,No
2749,A380,2.2,8.18,1.82,No,Fog,No,7.23,6.28,Yes
2750,B787,7.56,8.08,7.57,No,Clear,Yes,5.11,2.71,No
2751,A380,1.43,0.46,3.82,Yes,Fog,No,7.35,6.6,No
2752,B737,9.65,5.94,8.12,Yes,Snow,No,2.06,6.24,No
2753,B737,5.42,1.47,1.74,Yes,Rain,Yes,5.41,3.67,No
2754,B787,8.23,7.93,6.63,Yes,Snow,Yes,4.87,4.05,Yes
2755,B787,6.58,3.84,8.56,Yes,Clear,Yes,0.3,4.38,Yes
2756,A350,9.87,2.77,8.55,No,Clear,No,9.6,3.46,No
2757,B787,3.35,5.26,4.25,No,Clear,Yes,7.93,6.42,No
2758,A320,0.14,9.1,8.9,No,Thunderstorm,No,6.61,3.0,Yes
2759,A350,2.92,6.02,2.73,No,Rain,No,3.26,9.38,Yes
2760,A320,3.95,7.92,2.05,Yes,Fog,Yes,3.17,8.19,No
2761,B737,3.44,0.96,0.29,No,Fog,Yes,8.74,7.89,No
2762,A320,6.05,0.93,4.66,Yes,Thunderstorm,Yes,6.02,4.93,Yes
2763,B787,2.42,4.65,9.46,No,Fog,Yes,7.45,1.31,Yes
2764,B787,8.28,7.74,3.14,Yes,Thunderstorm,No,8.59,1.17,Yes
2765,B737,0.98,3.81,9.97,No,Fog,Yes,4.59,4.42,Yes
2766,A380,0.66,4.26,4.17,Yes,Clear,Yes,4.85,0.55,Yes
2767,B737,6.73,6.1,6.9,Yes,Snow,Yes,9.44,8.62,Yes
2768,B737,1.51,3.45,1.79,Yes,Rain,No,5.08,1.88,No
2769,B737,5.47,9.21,9.46,Yes,Fog,Yes,1.45,8.82,No
2770,A380,6.13,2.92,0.17,No,Snow,Yes,4.09,2.9,No
2771,A350,8.04,3.19,0.51,No,Clear,No,3.57,5.77,Yes
2772,A320,7.92,6.99,7.58,No,Clear,Yes,8.9,9.7,No
2773,A380,1.65,1.02,2.7,Yes,Rain,No,9.05,9.72,Yes
2774,A380,9.12,8.53,6.93,No,Snow,No,7.66,0.19,Yes
2775,B737,0.88,8.52,4.89,Yes,Rain,No,2.47,0.21,No
2776,B787,4.26,4.74,3.72,Yes,Thunderstorm,Yes,6.42,3.52,Yes
2777,B787,6.76,3.05,0.73,Yes,Thunderstorm,Yes,2.12,0.6,No
2778,A380,3.62,9.8,5.65,No,Snow,No,4.91,2.12,No
2779,A380,5.63,2.24,7.3,Yes,Fog,Yes,4.67,1.6,No
2780,A320,4.6,0.14,9.11,No,Snow,Yes,7.23,2.38,Yes
2781,A320,9.66,6.54,4.41,No,Fog,No,2.3,0.86,No
2782,A350,6.73,6.83,4.49,Yes,Rain,No,4.06,7.13,Yes
2783,B787,6.06,7.28,6.88,Yes,Rain,No,2.43,9.22,No
2784,A350,4.95,4.94,6.28,No,Clear,Yes,3.31,5.77,No
2785,A350,6.12,8.42,7.65,No,Clear,Yes,6.79,4.7,Yes
2786,B737,1.23,2.51,9.26,Yes,Snow,Yes,7.19,0.76,No
2787,A320,8.7,3.01,3.64,Yes,Clear,Yes,7.46,4.09,Yes
2788,B787,7.99,4.71,1.25,No,Rain,No,8.52,3.61,Yes
2789,A320,7.71,0.71,6.39,Yes,Fog,Yes,6.58,4.07,Yes
2790,A380,7.34,0.75,4.73,No,Rain,Yes,7.6,2.32,No
2791,A350,0.91,9.25,1.74,No,Fog,Yes,9.13,7.5,No
2792,A320,5.02,0.93,8.46,Yes,Snow,No,6.42,5.36,No
2793,B737,5.97,9.9,6.96,No,Clear,Yes,9.13,1.03,No
2794,B737,1.34,7.11,0.99,No,Rain,Yes,0.9,8.03,Yes
2795,A320,9.92,5.56,4.74,No,Rain,Yes,9.39,1.16,Yes
2796,B737,8.16,2.47,5.37,No,Fog,No,7.64,6.35,Yes
2797,B787,1.86,2.51,4.15,No,Fog,Yes,7.61,0.2,No
2798,A320,2.39,9.56,0.75,No,Rain,No,5.84,3.02,Yes
2799,A320,3.42,4.92,3.7,Yes,Clear,No,4.96,4.0,Yes
2800,A350,2.44,7.08,2.25,No,Fog,No,8.69,5.06,Yes
2801,A320,5.33,5.03,9.11,Yes,Thunderstorm,No,5.58,9.56,No
2802,A380,3.12,9.08,3.12,Yes,Fog,No,8.95,2.0,No
2803,A320,3.31,6.48,2.05,Yes,Thunderstorm,Yes,0.12,6.66,No
2804,B737,3.39,8.48,9.37,No,Clear,Yes,4.98,1.3,Yes
2805,B787,8.0,6.72,2.16,Yes,Clear,No,0.03,6.16,Yes
2806,A350,1.11,4.91,0.34,No,Fog,No,4.37,7.18,No
2807,B737,6.24,9.41,7.1,Yes,Rain,Yes,9.21,6.74,No
2808,A320,7.27,5.11,3.28,No,Snow,No,0.48,9.41,Yes
2809,A350,1.3,3.59,7.49,No,Rain,Yes,4.01,3.39,No
2810,A350,0.95,7.26,7.92,No,Rain,Yes,2.44,6.63,Yes
2811,A380,9.47,6.86,0.22,No,Fog,No,7.39,3.02,No
2812,A320,9.39,4.12,8.84,No,Snow,No,7.83,5.36,No
2813,B737,1.1,4.15,7.59,No,Rain,Yes,6.05,7.35,No
2814,A350,2.96,6.25,8.68,No,Fog,No,3.74,2.1,No
2815,B787,7.36,7.38,5.14,Yes,Fog,No,4.66,8.39,No
2816,B737,1.64,9.04,6.13,Yes,Snow,No,5.89,8.21,No
2817,A350,1.49,3.08,3.31,No,Fog,No,6.61,3.13,No
2818,A380,3.86,5.51,6.07,Yes,Fog,Yes,0.9,4.4,Yes
2819,B737,6.15,8.73,9.97,Yes,Clear,Yes,7.58,1.81,Yes
2820,B737,5.54,3.67,8.49,Yes,Clear,Yes,5.91,9.8,Yes
2821,A350,8.6,2.57,6.81,No,Thunderstorm,Yes,9.64,1.2,Yes
2822,A350,1.31,4.42,8.21,No,Thunderstorm,Yes,2.26,9.97,No
2823,A380,7.58,5.88,2.65,Yes,Snow,No,1.94,5.82,No
2824,A350,2.84,2.17,1.64,No,Snow,No,2.81,7.56,Yes
2825,A350,9.99,1.79,2.7,Yes,Snow,No,9.12,1.61,Yes
2826,B737,3.73,3.43,5.33,No,Thunderstorm,No,9.88,2.8,Yes
2827,A380,6.63,7.02,1.59,No,Snow,No,8.96,4.93,No
2828,A320,2.38,0.37,1.09,No,Clear,Yes,2.84,5.01,Yes
2829,B787,8.47,1.0,4.35,No,Clear,Yes,5.0,1.43,No
2830,A380,7.03,2.29,6.62,No,Thunderstorm,No,4.5,7.99,No
2831,A320,7.09,3.73,0.62,Yes,Thunderstorm,Yes,4.49,2.71,Yes
2832,A350,9.21,3.25,9.34,Yes,Clear,No,9.47,1.48,No
2833,A380,8.66,0.7,4.78,No,Rain,No,0.8,4.11,No
2834,A380,2.2,1.56,1.2,Yes,Thunderstorm,Yes,0.27,9.47,Yes
2835,A380,2.72,0.48,7.25,Yes,Clear,No,4.34,7.86,Yes
2836,A380,3.77,9.38,2.09,Yes,Clear,No,3.96,6.8,Yes
2837,A320,3.94,7.26,4.26,No,Fog,No,1.64,1.35,No
2838,B737,8.05,5.47,7.09,No,Thunderstorm,Yes,0.57,4.98,Yes
2839,B737,9.84,4.45,1.49,No,Rain,Yes,0.64,1.31,No
2840,B737,1.73,6.86,4.58,Yes,Fog,No,1.23,4.48,No
2841,B737,3.0,9.14,2.66,No,Thunderstorm,Yes,7.49,5.06,No
2842,A320,9.93,6.88,9.26,Yes,Fog,No,1.41,4.75,No
2843,A350,3.29,0.04,3.62,No,Rain,Yes,8.06,6.43,No
2844,A320,5.36,7.9,4.4,Yes,Fog,Yes,3.78,7.29,No
2845,B737,0.2,6.83,4.99,Yes,Fog,Yes,2.57,6.8,No
2846,B787,4.52,6.34,1.87,No,Thunderstorm,No,2.75,1.28,Yes
2847,A350,9.55,4.59,0.93,Yes,Fog,No,9.65,3.51,No
2848,A320,1.61,8.93,9.68,Yes,Snow,No,9.03,1.14,Yes
2849,A350,8.5,3.55,1.72,Yes,Rain,Yes,2.39,7.39,No
2850,A350,5.61,9.19,3.65,No,Snow,No,3.0,3.61,Yes
2851,A350,8.6,6.18,0.02,No,Snow,No,8.78,9.68,Yes
2852,A380,0.9,2.53,2.14,Yes,Clear,Yes,6.57,5.46,Yes
2853,B787,6.16,6.09,5.53,No,Clear,No,3.49,3.4,Yes
2854,A320,5.65,6.94,2.65,Yes,Fog,No,8.25,8.89,No
2855,B787,2.38,7.37,8.08,No,Snow,Yes,1.24,7.34,Yes
2856,A350,3.71,7.49,8.95,Yes,Fog,No,8.68,6.23,Yes
2857,B787,8.93,6.14,0.09,No,Snow,Yes,0.66,7.0,No
2858,A320,6.39,2.14,8.23,Yes,Snow,Yes,4.19,4.42,Yes
2859,B737,4.93,0.51,7.25,No,Snow,Yes,8.45,7.72,No
2860,B737,1.23,3.73,2.42,Yes,Thunderstorm,Yes,4.53,9.02,Yes
2861,A380,9.26,8.46,4.09,No,Fog,No,0.85,9.99,Yes
2862,A380,7.25,4.2,8.51,Yes,Rain,Yes,3.69,9.49,Yes
2863,A350,3.32,6.17,4.7,No,Snow,Yes,1.16,0.66,No
2864,B787,0.9,8.38,8.57,Yes,Snow,No,9.73,2.37,No
2865,A380,0.64,8.77,7.26,Yes,Thunderstorm,No,0.87,1.96,Yes
2866,A380,7.21,7.33,0.43,Yes,Thunderstorm,No,8.99,6.74,No
2867,A320,5.51,5.02,5.28,No,Thunderstorm,Yes,9.89,0.12,No
2868,B737,4.36,8.32,5.99,No,Clear,Yes,7.29,1.03,No
2869,B737,1.46,6.03,8.45,Yes,Snow,No,7.51,7.84,Yes
2870,A320,0.24,7.41,6.05,Yes,Fog,Yes,6.91,9.48,Yes
2871,B737,2.34,2.45,9.43,No,Rain,Yes,7.75,8.08,Yes
2872,A320,7.36,4.1,0.9,No,Thunderstorm,No,0.89,5.69,No
2873,A320,8.68,0.27,2.2,No,Thunderstorm,Yes,1.54,3.63,No
2874,A320,9.96,0.34,5.67,No,Snow,Yes,8.96,3.66,No
2875,A320,8.67,6.65,3.17,No,Rain,No,7.1,5.69,No
2876,B737,1.62,7.67,10.0,Yes,Fog,Yes,6.42,4.35,Yes
2877,A350,5.3,6.33,8.98,Yes,Fog,No,5.85,2.37,No
2878,B787,8.99,0.33,9.8,No,Snow,No,6.81,7.72,Yes
2879,A350,8.14,8.19,2.28,Yes,Rain,No,2.94,3.34,Yes
2880,B737,6.94,1.78,7.88,No,Rain,Yes,1.76,0.08,No
2881,A350,2.31,2.07,6.56,No,Snow,No,7.35,1.63,Yes
2882,B787,2.27,7.48,7.81,No,Thunderstorm,Yes,1.67,6.54,No
2883,B737,2.17,7.39,4.4,Yes,Rain,Yes,0.52,9.86,Yes
2884,B737,5.22,5.88,6.85,No,Fog,No,2.39,3.39,No
2885,A380,8.02,3.72,6.36,Yes,Snow,Yes,9.14,2.0,No
2886,B787,5.39,0.61,5.56,No,Thunderstorm,Yes,3.04,0.16,Yes
2887,A320,1.8,5.77,9.94,Yes,Fog,No,6.79,2.64,No
2888,B737,6.31,8.37,5.48,No,Snow,No,0.54,3.06,Yes
2889,B787,5.24,2.73,3.35,Yes,Thunderstorm,Yes,1.43,7.52,No
2890,B787,0.82,4.91,2.03,No,Rain,No,3.54,1.29,No
2891,A350,0.56,0.76,7.24,Yes,Fog,Yes,0.19,4.93,Yes
2892,A320,7.32,4.41,9.43,Yes,Clear,Yes,5.23,2.84,Yes
2893,B787,7.23,3.22,6.61,No,Thunderstorm,Yes,8.45,7.64,Yes
2894,A320,7.48,4.42,7.8,No,Rain,No,9.01,6.33,No
2895,B737,2.81,7.0,1.83,No,Thunderstorm,Yes,6.91,4.23,No
2896,A380,0.16,3.25,1.2,No,Fog,No,0.1,0.96,Yes
2897,B737,1.2,9.09,1.55,Yes,Thunderstorm,Yes,0.6,1.44,Yes
2898,B737,7.01,3.21,1.99,No,Snow,No,3.84,0.68,Yes
2899,A380,4.51,3.39,1.89,Yes,Snow,Yes,3.56,3.36,Yes
2900,B737,6.17,3.93,2.14,No,Thunderstorm,Yes,9.91,0.17,Yes
2901,A380,6.77,2.05,0.34,No,Fog,No,4.83,8.32,Yes
2902,A380,8.66,5.73,6.91,Yes,Clear,Yes,9.47,7.38,No
2903,A320,1.75,4.96,8.66,Yes,Clear,Yes,5.71,9.69,No
2904,A350,1.37,6.98,5.12,Yes,Rain,Yes,1.42,8.35,Yes
2905,A320,10.0,8.56,1.97,No,Thunderstorm,Yes,7.56,8.03,Yes
2906,A320,3.51,0.52,3.54,No,Rain,Yes,4.37,2.44,Yes
2907,B737,1.72,9.33,3.89,Yes,Rain,No,2.89,2.08,Yes
2908,A350,5.14,4.12,4.63,Yes,Snow,Yes,4.8,9.25,Yes
2909,A350,5.17,2.56,6.7,Yes,Thunderstorm,Yes,1.49,3.06,No
2910,A380,6.41,9.51,2.59,Yes,Rain,No,2.59,9.32,No
2911,B737,2.08,2.47,6.62,No,Rain,No,9.25,8.27,No
2912,A350,4.3,8.66,9.06,Yes,Fog,No,2.51,6.81,No
2913,A320,7.64,7.98,2.31,Yes,Snow,Yes,3.6,6.69,Yes
2914,A380,4.55,7.39,9.8,Yes,Fog,Yes,6.63,0.87,Yes
2915,A320,2.06,2.21,7.65,Yes,Snow,No,4.44,8.48,No
2916,B737,6.96,8.78,0.85,No,Fog,Yes,5.13,9.2,No
2917,B787,2.17,2.79,1.5,Yes,Thunderstorm,No,0.01,0.43,No
2918,A350,4.62,9.59,4.71,Yes,Thunderstorm,No,9.35,3.5,No
2919,A380,1.32,0.79,7.46,No,Fog,Yes,0.7,9.4,No
2920,A350,2.02,3.57,2.33,Yes,Snow,No,2.35,2.14,No
2921,A350,6.14,4.54,7.4,No,Rain,No,4.03,1.15,No
2922,A320,9.06,6.71,7.05,Yes,Rain,Yes,1.82,6.45,Yes
2923,B787,7.55,2.82,2.13,Yes,Thunderstorm,Yes,1.95,4.0,No
2924,B787,2.61,1.81,7.58,No,Snow,Yes,1.27,9.54,Yes
2925,A350,1.36,0.28,2.33,Yes,Fog,No,0.66,2.78,No
2926,B787,3.14,7.91,6.69,Yes,Clear,No,4.17,1.7,No
2927,A320,3.88,5.87,9.85,Yes,Thunderstorm,No,4.42,8.79,Yes
2928,B737,8.92,6.15,7.98,Yes,Snow,No,7.36,7.79,Yes
2929,A350,0.08,9.49,9.63,Yes,Snow,No,3.32,5.81,Yes
2930,B737,2.2,4.51,4.16,No,Fog,Yes,1.37,4.34,No
2931,B737,6.96,8.62,5.3,Yes,Fog,Yes,9.22,0.35,Yes
2932,A380,1.84,5.0,8.56,No,Thunderstorm,Yes,4.81,6.37,No
2933,A350,0.6,1.25,4.11,Yes,Fog,Yes,2.36,9.6,No
2934,A350,1.02,2.41,7.03,Yes,Thunderstorm,Yes,9.57,8.78,Yes
2935,B787,3.67,0.55,4.89,No,Clear,Yes,8.0,2.65,Yes
2936,A380,4.2,2.07,5.16,Yes,Clear,No,0.81,3.66,No
2937,A350,8.11,4.33,5.56,No,Fog,No,5.37,0.25,Yes
2938,B737,6.13,4.35,8.5,No,Clear,No,1.84,7.12,No
2939,B787,3.03,0.31,7.69,Yes,Fog,Yes,1.69,8.97,No
2940,B787,7.02,8.24,6.55,Yes,Fog,No,0.74,8.6,No
2941,A320,5.95,0.46,5.68,No,Fog,No,6.92,8.23,Yes
2942,A320,2.25,2.01,6.9,Yes,Thunderstorm,No,0.96,8.7,Yes
2943,A350,0.16,8.83,3.6,Yes,Snow,No,0.18,6.68,Yes
2944,A350,9.31,4.33,8.7,Yes,Thunderstorm,No,5.48,7.57,Yes
2945,A350,4.35,4.72,5.96,Yes,Clear,No,2.5,4.09,Yes
2946,B787,0.17,7.09,4.93,Yes,Fog,Yes,6.25,8.95,Yes
2947,A350,2.1,7.7,3.38,No,Rain,No,9.58,2.76,Yes
2948,A320,1.03,1.56,1.69,Yes,Clear,No,1.82,2.15,No
2949,B787,9.2,5.71,1.24,Yes,Clear,Yes,2.73,1.79,No
2950,A380,9.42,0.94,6.53,No,Clear,Yes,9.0,4.34,No
2951,A320,0.62,3.07,8.43,Yes,Rain,Yes,9.67,7.14,No
2952,B787,7.87,4.41,9.68,No,Fog,No,9.15,0.9,No
2953,B737,2.13,2.99,6.0,Yes,Clear,No,0.63,1.82,Yes
2954,A380,0.97,3.31,7.92,Yes,Snow,Yes,0.46,9.96,No
2955,A320,0.3,7.31,9.26,No,Thunderstorm,Yes,0.79,6.48,Yes
2956,B787,6.65,4.14,2.61,No,Snow,Yes,4.31,0.49,Yes
2957,A320,7.5,5.94,2.03,No,Fog,No,9.83,6.81,No
2958,B787,9.46,5.38,7.22,No,Clear,Yes,9.34,5.42,Yes
2959,B787,3.06,4.63,8.44,No,Rain,No,4.68,0.98,No
2960,A380,3.1,5.51,3.52,No,Thunderstorm,No,5.62,3.49,No
2961,A380,0.74,3.78,9.46,Yes,Fog,Yes,4.27,9.78,Yes
2962,A350,9.86,7.83,6.58,Yes,Thunderstorm,Yes,4.08,3.17,No
2963,B737,8.84,1.14,0.2,Yes,Snow,No,3.87,3.38,No
2964,B787,9.43,6.98,6.42,Yes,Clear,No,4.19,0.6,Yes
2965,A320,4.89,9.62,2.52,No,Rain,Yes,1.89,0.86,Yes
2966,A380,6.62,6.82,1.82,Yes,Rain,Yes,1.28,5.18,Yes
2967,B787,5.77,1.14,5.25,Yes,Clear,Yes,7.97,7.81,Yes
2968,B787,0.98,1.1,4.48,Yes,Clear,No,9.4,4.74,No
2969,B787,8.43,5.57,4.82,No,Fog,Yes,2.0,7.16,Yes
2970,B787,1.03,6.6,0.53,No,Clear,No,2.24,9.97,No
2971,A380,3.6,1.51,8.51,No,Clear,Yes,5.75,1.56,No
2972,A350,9.01,2.97,6.69,Yes,Clear,No,1.1,5.07,Yes
2973,A380,9.54,4.02,9.45,No,Rain,No,8.26,1.58,Yes
2974,A350,6.99,1.46,5.04,Yes,Clear,Yes,1.33,0.21,No
2975,B737,9.73,6.93,2.86,Yes,Thunderstorm,Yes,3.96,4.88,No
2976,B737,6.09,7.6,5.11,No,Rain,No,0.54,9.5,Yes
2977,B737,5.12,6.63,4.14,Yes,Rain,Yes,7.01,5.71,No
2978,B737,9.45,7.1,1.0,No,Fog,Yes,3.38,6.69,No
2979,A350,0.15,5.85,6.14,Yes,Thunderstorm,Yes,0.07,0.78,No
2980,A350,1.56,2.55,9.06,No,Clear,Yes,4.48,6.63,Yes
2981,B787,1.18,9.13,1.77,No,Clear,Yes,7.29,5.81,Yes
2982,A380,1.62,0.48,4.76,Yes,Snow,Yes,7.71,4.03,No
2983,A380,5.02,4.91,3.3,No,Clear,Yes,2.67,4.4,Yes
2984,B737,4.44,1.81,2.32,Yes,Rain,No,4.66,2.16,No
2985,B787,2.19,7.46,1.3,No,Clear,Yes,0.66,0.24,Yes
2986,A380,8.0,5.56,2.11,Yes,Rain,No,0.6,8.58,No
2987,A380,4.67,7.42,9.46,Yes,Thunderstorm,Yes,2.34,2.36,No
2988,A350,4.48,6.79,5.63,Yes,Rain,Yes,0.76,3.79,Yes
2989,B737,2.49,1.92,1.14,Yes,Rain,No,0.31,6.05,Yes
2990,A320,0.76,8.39,1.27,No,Snow,Yes,3.93,1.29,Yes
2991,A350,5.29,0.6,6.02,Yes,Snow,No,8.91,1.37,No
2992,B787,9.13,4.24,6.42,No,Snow,Yes,9.48,2.75,Yes
2993,A320,4.49,0.17,3.8,No,Snow,Yes,9.68,7.43,Yes
2994,A380,3.72,9.82,3.24,Yes,Thunderstorm,No,9.55,3.83,No
2995,A350,5.21,0.48,3.79,No,Fog,No,0.39,5.32,No
2996,A380,2.19,5.67,3.06,No,Fog,No,2.17,6.59,Yes
2997,B787,9.76,6.68,3.19,No,Thunderstorm,Yes,6.53,0.94,Yes
2998,B787,4.86,5.65,7.33,No,Rain,No,3.43,2.23,No
2999,A380,9.47,6.9,4.23,No,Snow,No,0.51,6.28,No
3000,B787,2.53,0.5,0.76,Yes,Rain,Yes,1.59,3.54,Yes
3001,A350,6.87,7.38,3.88,Yes,Fog,No,6.18,9.4,No
3002,A380,0.21,0.89,9.65,No,Rain,Yes,9.01,0.66,No
3003,B787,3.2,3.43,3.36,Yes,Fog,Yes,2.18,4.36,Yes
3004,A380,6.19,0.65,7.27,Yes,Rain,Yes,0.7,6.28,No
3005,A320,5.89,2.41,1.66,No,Thunderstorm,Yes,9.67,4.33,No
3006,A380,2.42,0.49,1.64,No,Rain,Yes,8.68,5.7,Yes
3007,B737,4.75,6.17,3.32,No,Thunderstorm,Yes,0.49,2.96,Yes
3008,A380,8.74,3.08,1.11,Yes,Clear,Yes,3.03,1.79,No
3009,B737,4.43,2.99,1.41,Yes,Clear,Yes,3.82,9.5,No
3010,A320,7.2,1.55,4.15,No,Thunderstorm,Yes,9.48,6.16,No
3011,A320,6.23,7.86,4.88,Yes,Rain,No,2.09,8.62,Yes
3012,B787,4.22,8.26,1.76,No,Rain,No,0.55,9.75,No
3013,A350,2.92,0.1,5.44,No,Thunderstorm,No,6.45,5.41,No
3014,B787,2.41,0.47,5.41,Yes,Clear,Yes,3.19,4.49,Yes
3015,B787,9.73,9.3,0.73,Yes,Rain,No,2.94,2.46,No
3016,B737,8.2,5.63,5.44,Yes,Clear,No,0.9,8.25,Yes
3017,A320,2.65,3.23,1.87,Yes,Thunderstorm,Yes,0.84,6.53,Yes
3018,A380,8.72,3.62,6.27,No,Clear,No,8.5,2.22,No
3019,B737,6.19,1.78,6.02,Yes,Rain,No,0.0,2.05,Yes
3020,B787,6.48,5.37,8.18,No,Rain,Yes,8.39,6.38,Yes
3021,A380,6.87,8.73,6.12,Yes,Clear,No,8.66,1.54,No
3022,A380,5.33,5.77,9.28,Yes,Clear,Yes,4.53,0.75,Yes
3023,A380,2.97,9.95,2.54,No,Clear,Yes,7.11,6.56,No
3024,A380,7.16,4.05,4.88,No,Snow,Yes,0.21,8.9,Yes
3025,A380,5.72,6.74,7.04,No,Clear,No,9.96,8.01,No
3026,A350,1.64,8.49,7.27,Yes,Thunderstorm,Yes,4.35,3.33,Yes
3027,A350,4.91,6.07,5.85,Yes,Snow,Yes,2.28,1.56,No
3028,B787,5.77,2.76,1.38,No,Fog,No,3.88,6.61,Yes
3029,A320,2.72,3.42,0.81,No,Snow,Yes,9.05,2.43,No
3030,B787,1.08,1.28,9.43,Yes,Rain,Yes,1.42,7.89,Yes
3031,A320,6.22,4.26,2.35,Yes,Rain,Yes,5.07,6.58,No
3032,A350,1.55,3.04,3.29,Yes,Fog,No,0.56,3.23,No
3033,A320,9.58,8.2,4.41,Yes,Thunderstorm,No,4.31,1.09,Yes
3034,B787,5.71,9.38,3.45,Yes,Thunderstorm,Yes,8.65,7.92,Yes
3035,A350,6.95,7.83,6.94,No,Thunderstorm,No,2.52,7.91,Yes
3036,A350,5.37,6.54,5.0,No,Fog,Yes,1.48,3.75,No
3037,B737,4.66,3.41,5.94,No,Rain,Yes,0.04,4.41,Yes
3038,B737,5.02,6.96,9.94,No,Rain,Yes,5.1,8.48,No
3039,B787,1.66,2.78,8.83,No,Clear,No,5.2,0.68,Yes
3040,A380,0.96,2.79,8.66,Yes,Rain,No,5.29,8.1,Yes
3041,A350,2.12,5.4,0.04,No,Thunderstorm,No,3.49,5.28,No
3042,B787,8.71,0.88,0.68,Yes,Thunderstorm,Yes,6.91,5.54,No
3043,A320,7.85,3.51,6.12,No,Rain,Yes,5.4,2.21,Yes
3044,B787,0.87,0.03,4.43,No,Thunderstorm,Yes,4.05,8.43,Yes
3045,A380,6.86,6.97,5.55,No,Rain,No,3.57,0.02,Yes
3046,A320,9.0,0.74,5.15,No,Rain,No,4.46,5.94,No
3047,A380,5.49,3.16,7.24,No,Fog,Yes,0.65,8.08,Yes
3048,B787,9.5,4.44,2.9,No,Thunderstorm,No,3.53,7.3,No
3049,A350,5.56,3.06,9.97,Yes,Rain,Yes,8.82,0.29,Yes
3050,B787,9.09,0.81,7.34,Yes,Snow,Yes,7.14,9.25,No
3051,A350,4.03,8.43,7.96,No,Clear,Yes,3.82,0.8,No
3052,B737,7.96,8.34,5.56,Yes,Fog,No,8.38,7.07,Yes
3053,A380,7.48,6.28,3.43,Yes,Rain,No,4.06,2.25,Yes
3054,A350,8.13,5.49,4.61,Yes,Rain,Yes,6.27,1.97,Yes
3055,B787,0.27,1.4,9.01,No,Snow,No,3.0,5.32,No
3056,A350,4.35,4.01,0.2,Yes,Rain,No,8.69,1.16,No
3057,B787,7.73,2.8,3.23,Yes,Clear,No,4.13,5.53,Yes
3058,B787,5.04,9.55,4.3,Yes,Clear,No,5.24,2.1,No
3059,B787,8.53,6.63,3.29,Yes,Clear,No,9.27,2.57,No
3060,A320,0.88,2.1,3.19,Yes,Fog,No,0.28,4.86,Yes
3061,A320,1.98,0.11,8.91,No,Fog,Yes,1.83,6.7,No
3062,A380,0.6,1.3,9.59,Yes,Thunderstorm,Yes,9.85,8.96,No
3063,B737,2.74,2.76,4.59,Yes,Clear,No,5.42,6.31,No
3064,A320,2.05,0.76,6.86,Yes,Thunderstorm,No,1.56,6.71,No
3065,A350,2.35,1.59,2.38,Yes,Clear,Yes,5.14,1.18,Yes
3066,B787,2.74,0.7,9.37,No,Rain,Yes,9.99,2.07,Yes
3067,B787,4.68,5.13,2.88,No,Clear,No,1.12,5.81,No
3068,B737,4.3,1.57,8.73,Yes,Fog,No,1.29,3.52,Yes
3069,A380,1.15,1.77,5.27,No,Snow,Yes,4.28,6.23,No
3070,A380,6.53,9.15,7.41,No,Fog,Yes,8.8,6.75,No
3071,A320,3.47,8.79,9.42,No,Snow,No,0.12,0.4,No
3072,B737,7.89,4.15,7.67,No,Snow,No,6.13,9.3,No
3073,A320,3.4,3.19,3.0,Yes,Rain,Yes,1.33,3.1,No
3074,A350,6.41,9.12,0.02,No,Fog,Yes,3.14,8.12,No
3075,B737,1.55,7.93,3.93,No,Rain,No,2.25,3.34,No
3076,B787,6.27,4.68,3.79,No,Rain,Yes,8.58,9.91,Yes
3077,A320,7.79,5.0,7.33,No,Thunderstorm,No,7.39,3.67,No
3078,A350,5.07,5.11,2.52,No,Rain,Yes,1.5,1.04,No
3079,B787,4.25,7.83,7.47,Yes,Rain,Yes,1.33,0.63,No
3080,B737,7.3,8.48,5.58,No,Clear,Yes,8.37,6.93,Yes
3081,B737,7.16,5.8,1.6,No,Snow,Yes,6.59,6.45,Yes
3082,B787,9.08,9.0,3.88,Yes,Thunderstorm,No,1.62,2.91,No
3083,A350,5.13,1.88,1.2,No,Fog,No,5.7,1.01,Yes
3084,B787,6.29,1.01,5.46,Yes,Snow,Yes,9.69,3.33,No
3085,A320,6.52,3.49,8.76,Yes,Rain,Yes,8.8,6.66,No
3086,B737,7.76,7.21,3.01,Yes,Rain,No,4.29,6.24,Yes
3087,A320,2.39,1.48,1.16,Yes,Thunderstorm,Yes,2.63,8.24,Yes
3088,A380,1.04,6.81,9.38,No,Thunderstorm,Yes,3.73,7.4,No
3089,A350,0.27,9.31,0.03,No,Clear,Yes,7.18,9.18,No
3090,B787,4.87,8.34,8.7,Yes,Snow,Yes,7.13,7.44,Yes
3091,B787,8.64,1.65,3.56,No,Fog,No,3.55,4.85,No
3092,A320,7.52,0.89,1.12,Yes,Rain,Yes,5.48,6.31,No
3093,A380,1.86,1.16,8.46,No,Thunderstorm,No,9.15,8.89,No
3094,B787,8.45,8.77,6.29,Yes,Fog,No,0.69,0.94,No
3095,B787,4.23,5.56,0.08,Yes,Clear,Yes,2.0,0.5,Yes
3096,A380,9.67,4.45,0.62,Yes,Thunderstorm,Yes,1.34,8.32,Yes
3097,B737,9.49,1.9,5.5,No,Fog,Yes,3.28,6.15,No
3098,A380,4.36,0.45,2.99,Yes,Rain,No,0.44,3.8,No
3099,B787,7.42,9.33,2.35,Yes,Thunderstorm,No,4.26,5.99,Yes
3100,B737,3.66,1.41,0.64,Yes,Snow,No,4.6,7.03,No
3101,A350,5.02,7.9,3.8,Yes,Snow,Yes,9.08,4.75,No
3102,A320,7.7,4.46,2.78,Yes,Snow,Yes,6.12,9.84,Yes
3103,A380,7.33,2.22,3.42,Yes,Thunderstorm,Yes,4.89,6.53,Yes
3104,A350,2.85,9.2,2.07,Yes,Fog,Yes,1.69,3.93,No
3105,B787,6.24,8.38,3.36,Yes,Thunderstorm,Yes,0.22,0.12,Yes
3106,A380,9.83,6.06,3.22,Yes,Snow,No,6.34,6.19,Yes
3107,A320,9.41,9.66,2.64,No,Thunderstorm,Yes,2.67,0.55,No
3108,B787,0.78,9.7,6.62,Yes,Thunderstorm,No,8.7,2.24,Yes
3109,B737,0.58,8.76,6.0,Yes,Thunderstorm,No,6.74,1.81,Yes
3110,B787,1.09,6.49,2.31,Yes,Thunderstorm,Yes,3.59,0.27,No
3111,A350,5.97,5.68,9.37,Yes,Fog,Yes,6.09,2.33,No
3112,A380,6.11,6.12,7.41,No,Clear,No,1.38,8.72,Yes
3113,A320,1.07,3.09,2.79,Yes,Clear,Yes,7.75,7.57,No
3114,A350,1.29,9.31,2.84,No,Rain,Yes,3.13,7.16,No
3115,A320,4.13,5.33,2.64,Yes,Fog,Yes,1.64,2.78,Yes
3116,A320,6.51,8.94,2.93,No,Rain,Yes,6.21,4.91,Yes
3117,A380,8.64,2.48,8.03,No,Snow,Yes,5.2,1.35,Yes
3118,A320,3.97,1.66,8.71,Yes,Fog,No,7.43,2.1,No
3119,A320,9.13,5.43,0.19,Yes,Fog,Yes,9.99,4.96,Yes
3120,B787,8.65,4.97,2.17,Yes,Snow,Yes,2.24,6.67,Yes
3121,B787,6.86,4.67,7.38,No,Thunderstorm,No,8.17,5.31,No
3122,A380,0.74,0.77,8.65,Yes,Snow,Yes,7.53,7.18,No
3123,B787,7.24,6.66,2.35,No,Clear,Yes,7.46,4.94,Yes
3124,A380,6.77,6.09,3.55,Yes,Rain,Yes,3.17,7.78,Yes
3125,A350,0.27,3.65,9.67,No,Clear,No,1.99,4.98,No
3126,A380,8.86,2.67,1.09,No,Snow,Yes,9.81,9.93,No
3127,A320,5.31,9.47,1.6,No,Fog,Yes,0.35,7.54,No
3128,A380,2.6,8.91,0.94,No,Clear,Yes,8.76,4.95,No
3129,B787,8.21,4.28,5.17,No,Clear,Yes,0.91,4.86,Yes
3130,A350,1.07,4.45,6.33,No,Fog,No,9.72,2.39,No
3131,A350,2.35,8.15,2.55,Yes,Snow,No,9.8,4.02,No
3132,B737,4.73,1.05,0.55,Yes,Snow,Yes,3.44,2.34,No
3133,B787,3.32,5.63,6.33,Yes,Fog,No,1.09,7.98,Yes
3134,B737,2.56,9.25,8.98,Yes,Snow,Yes,0.57,9.42,No
3135,B737,8.56,0.65,8.5,No,Rain,Yes,2.42,0.22,No
3136,B737,9.32,0.42,8.85,No,Snow,Yes,6.72,4.95,No
3137,B737,7.47,4.05,2.93,No,Fog,Yes,7.69,4.58,Yes
3138,B787,4.85,0.36,6.69,No,Snow,Yes,4.53,2.96,No
3139,B787,3.67,9.4,9.52,Yes,Clear,No,8.36,3.0,Yes
3140,A350,3.55,6.95,7.79,Yes,Thunderstorm,No,8.18,6.27,Yes
3141,A350,8.32,5.26,7.12,No,Snow,No,2.48,4.97,Yes
3142,A380,8.53,2.65,0.29,Yes,Rain,Yes,1.73,6.61,Yes
3143,B737,5.35,0.87,1.19,No,Fog,Yes,7.72,7.36,Yes
3144,B737,0.23,8.7,1.06,No,Clear,No,0.26,8.15,Yes
3145,A320,5.37,2.92,4.33,Yes,Fog,No,0.18,5.31,No
3146,A350,3.06,6.05,8.71,Yes,Clear,Yes,8.32,4.89,Yes
3147,B787,1.76,9.53,7.52,No,Thunderstorm,No,2.24,3.58,Yes
3148,A380,0.68,4.06,5.13,Yes,Thunderstorm,Yes,4.42,5.77,No
3149,A320,8.85,6.64,3.6,Yes,Thunderstorm,Yes,0.3,8.3,Yes
3150,A320,4.91,1.85,7.94,Yes,Rain,No,3.24,8.73,No
3151,B737,6.95,6.59,5.57,Yes,Snow,No,5.11,8.46,Yes
3152,A380,1.32,2.05,5.41,No,Clear,No,1.34,2.56,No
3153,B737,7.69,4.9,9.46,Yes,Rain,No,5.55,2.61,Yes
3154,B787,8.0,0.85,5.89,Yes,Rain,Yes,6.89,2.72,No
3155,A350,4.04,5.19,5.94,Yes,Snow,Yes,7.42,0.92,No
3156,A350,5.31,5.29,1.49,No,Fog,No,9.78,5.0,Yes
3157,A380,4.31,2.51,2.45,No,Clear,Yes,4.9,0.95,Yes
3158,B787,4.58,7.75,0.29,No,Snow,No,6.74,0.08,Yes
3159,A380,0.65,9.3,8.93,Yes,Snow,Yes,2.12,6.34,No
3160,B737,4.48,4.62,4.09,Yes,Rain,Yes,8.54,2.78,No
3161,B737,5.87,1.52,9.11,Yes,Clear,No,9.36,6.68,Yes
3162,A350,0.08,9.62,5.24,No,Clear,No,5.16,3.53,No
3163,A320,5.65,5.09,9.88,Yes,Thunderstorm,Yes,5.66,3.82,Yes
3164,A380,2.69,9.92,2.58,Yes,Thunderstorm,No,7.86,9.91,No
3165,B737,3.82,5.09,7.57,Yes,Clear,No,0.65,7.43,No
3166,A350,5.45,0.29,0.57,Yes,Thunderstorm,Yes,2.65,1.78,Yes
3167,A350,8.81,4.29,1.35,No,Thunderstorm,No,4.99,2.17,Yes
3168,A320,6.8,6.56,6.21,No,Snow,Yes,7.12,3.6,No
3169,A380,0.16,5.51,6.28,Yes,Clear,Yes,2.2,8.28,No
3170,B737,2.65,7.69,7.8,No,Clear,Yes,7.29,7.07,Yes
3171,A350,6.76,7.57,0.22,Yes,Snow,No,3.6,5.54,No
3172,B787,5.73,2.51,0.76,No,Thunderstorm,No,0.37,8.67,Yes
3173,B787,9.22,6.8,0.11,Yes,Snow,No,3.94,2.03,No
3174,A320,3.91,0.12,3.09,Yes,Snow,No,6.22,3.16,No
3175,B737,4.66,2.43,1.18,Yes,Fog,Yes,8.56,0.4,Yes
3176,B787,3.48,4.38,4.11,No,Rain,No,0.46,2.18,Yes
3177,A320,8.28,8.86,7.65,No,Snow,Yes,0.62,5.13,No
3178,B737,0.89,3.88,8.5,Yes,Clear,Yes,1.83,2.32,Yes
3179,A320,8.86,2.85,2.41,No,Rain,Yes,4.15,0.31,Yes
3180,A380,5.8,3.39,7.35,No,Rain,No,8.77,8.28,Yes
3181,A320,3.8,6.25,1.47,No,Clear,No,1.27,7.92,Yes
3182,A380,3.76,0.5,9.15,No,Snow,No,5.85,8.59,Yes
3183,B787,1.38,1.84,2.04,No,Fog,No,2.97,1.53,Yes
3184,A350,4.1,7.39,7.93,Yes,Clear,Yes,7.51,1.43,Yes
3185,A320,3.66,2.08,0.26,No,Snow,Yes,9.7,8.24,No
3186,A320,6.3,6.19,9.39,Yes,Rain,Yes,6.9,4.96,No
3187,A350,6.52,0.23,9.66,No,Clear,No,8.01,7.63,No
3188,A320,9.82,5.45,2.09,No,Rain,Yes,4.52,9.22,Yes
3189,A320,6.72,4.68,6.54,Yes,Thunderstorm,Yes,2.54,0.04,No
3190,A350,0.21,5.81,1.88,Yes,Rain,Yes,7.33,2.38,No
3191,A320,0.41,1.51,5.8,Yes,Thunderstorm,No,0.94,7.46,No
3192,B787,3.81,3.77,6.77,No,Clear,Yes,4.75,1.48,Yes
3193,B737,2.84,5.81,0.49,No,Clear,No,1.86,4.23,No
3194,B787,6.19,9.76,0.17,Yes,Thunderstorm,No,7.42,9.06,Yes
3195,A320,3.48,5.0,0.38,No,Rain,No,0.94,1.12,Yes
3196,A350,6.0,3.94,9.22,Yes,Clear,No,0.13,5.53,No
3197,B787,9.85,2.26,1.7,No,Thunderstorm,Yes,2.29,1.65,Yes
3198,A350,8.99,1.98,9.21,No,Fog,No,9.22,1.93,Yes
3199,A320,6.43,2.35,9.88,Yes,Snow,No,5.55,7.58,Yes
3200,A320,2.24,0.57,2.41,Yes,Fog,No,3.13,3.34,Yes
3201,B787,7.23,2.45,7.69,Yes,Thunderstorm,No,5.13,2.73,Yes
3202,B787,6.12,9.2,7.79,No,Thunderstorm,Yes,9.56,1.57,Yes
3203,B787,4.63,6.36,2.4,Yes,Clear,Yes,9.23,8.74,No
3204,A350,9.7,3.08,3.78,No,Rain,Yes,6.87,7.31,No
3205,A350,1.73,3.79,7.02,Yes,Clear,No,9.63,4.57,No
3206,A320,6.57,6.87,0.92,Yes,Rain,Yes,8.39,6.18,No
3207,A380,3.34,0.67,3.73,No,Clear,Yes,8.16,4.77,Yes
3208,A320,8.78,4.48,2.15,Yes,Thunderstorm,No,0.12,2.97,No
3209,B787,6.44,0.18,7.72,Yes,Fog,Yes,1.02,7.29,No
3210,A350,4.94,2.29,0.59,Yes,Clear,Yes,9.32,2.16,Yes
3211,B737,8.79,8.27,8.22,Yes,Clear,Yes,2.21,0.8,No
3212,B737,5.49,9.74,3.28,No,Fog,Yes,5.8,6.06,Yes
3213,A350,2.43,4.16,4.93,Yes,Snow,No,6.12,1.55,Yes
3214,B737,7.25,0.21,0.63,No,Snow,No,4.73,2.48,No
3215,A350,5.16,8.09,8.43,Yes,Thunderstorm,Yes,6.11,0.5,No
3216,A320,3.76,8.14,8.37,Yes,Fog,Yes,0.84,8.02,No
3217,B787,8.45,5.59,5.26,No,Rain,No,5.98,1.4,No
3218,A380,8.3,5.8,8.79,Yes,Rain,No,2.18,9.76,No
3219,B737,6.07,4.95,0.58,No,Clear,Yes,9.38,3.05,Yes
3220,B787,5.97,1.19,7.76,No,Rain,No,5.3,0.38,No
3221,B787,6.03,5.26,5.16,Yes,Rain,Yes,0.94,5.85,Yes
3222,B787,7.4,1.04,5.64,Yes,Thunderstorm,No,0.79,8.24,Yes
3223,A350,2.66,6.77,7.64,No,Rain,Yes,8.13,4.66,Yes
3224,A380,8.52,8.68,6.0,No,Rain,Yes,9.42,5.82,No
3225,A380,5.24,3.99,6.53,No,Snow,Yes,3.61,4.96,No
3226,A380,2.9,9.28,8.73,No,Rain,Yes,2.03,5.44,Yes
3227,B787,0.05,7.01,5.03,Yes,Clear,No,4.82,5.71,No
3228,A320,5.89,0.6,7.06,Yes,Clear,No,2.11,7.79,No
3229,A380,3.08,2.65,6.05,No,Rain,Yes,1.46,8.12,Yes
3230,A380,7.31,4.34,9.9,Yes,Snow,No,4.04,8.18,No
3231,B787,9.2,6.0,4.27,No,Snow,No,4.62,7.66,No
3232,B737,5.74,5.57,1.21,Yes,Fog,No,6.87,2.08,No
3233,B737,2.25,3.97,8.64,Yes,Snow,Yes,5.31,0.54,No
3234,B787,9.14,3.9,9.52,No,Fog,No,5.86,1.34,Yes
3235,A380,1.91,6.98,4.65,No,Thunderstorm,No,5.42,3.27,No
3236,A350,6.76,5.32,9.87,Yes,Fog,No,4.43,4.13,No
3237,A350,1.9,2.23,9.89,Yes,Snow,Yes,1.12,8.6,No
3238,B737,3.77,7.24,0.78,No,Clear,No,5.33,7.35,Yes
3239,B787,4.26,8.7,6.43,Yes,Rain,No,2.83,5.78,Yes
3240,A350,6.06,4.45,9.62,Yes,Rain,No,0.12,7.16,Yes
3241,B737,6.91,7.25,6.63,Yes,Clear,Yes,1.87,8.21,No
3242,A320,1.24,0.24,4.98,Yes,Snow,Yes,2.43,6.51,Yes
3243,B737,5.13,8.27,0.37,No,Clear,No,4.63,6.81,Yes
3244,B737,2.69,9.92,8.43,Yes,Clear,No,0.81,1.86,Yes
3245,A350,7.71,1.71,4.07,No,Rain,No,2.39,8.51,Yes
3246,B787,8.3,4.09,2.64,Yes,Clear,No,3.67,3.79,No
3247,B737,0.48,4.14,5.4,No,Snow,No,6.38,0.15,Yes
3248,A380,3.81,8.86,3.76,No,Snow,Yes,4.56,6.39,Yes
3249,A350,7.47,3.38,8.28,Yes,Clear,Yes,9.96,6.09,Yes
3250,A380,3.34,7.23,6.84,No,Fog,Yes,5.08,7.34,No
3251,A320,2.7,3.42,4.31,Yes,Clear,Yes,5.02,2.29,No
3252,A380,0.97,8.06,6.35,Yes,Snow,No,9.17,7.71,Yes
3253,A380,1.76,3.12,8.35,No,Clear,Yes,4.17,4.66,Yes
3254,A380,2.27,9.01,8.93,Yes,Thunderstorm,Yes,6.94,4.64,Yes
3255,A320,5.2,6.86,1.68,Yes,Rain,Yes,9.49,0.66,No
3256,B737,0.0,6.3,7.25,Yes,Rain,Yes,1.45,4.76,Yes
3257,A350,5.61,8.48,1.59,No,Fog,No,8.26,9.03,Yes
3258,B787,5.39,0.6,9.24,Yes,Rain,Yes,3.28,3.76,Yes
3259,B787,9.32,3.16,0.14,Yes,Fog,No,8.57,2.54,No
3260,B787,9.11,5.18,9.52,Yes,Thunderstorm,Yes,1.35,1.36,Yes
3261,A380,8.94,0.77,2.59,No,Fog,Yes,3.97,6.36,No
3262,A320,0.19,8.83,3.35,No,Thunderstorm,Yes,8.06,2.37,Yes
3263,A320,9.34,2.46,2.58,No,Rain,Yes,4.81,9.76,No
3264,A380,1.1,7.18,4.37,No,Fog,Yes,5.47,5.59,No
3265,B787,8.46,0.33,7.12,No,Snow,No,5.68,6.99,Yes
3266,B787,9.72,6.8,3.89,Yes,Thunderstorm,No,0.87,5.37,Yes
3267,A380,5.74,1.21,4.01,No,Clear,No,1.77,2.66,No
3268,A380,8.64,9.82,8.6,No,Thunderstorm,No,9.88,3.21,No
3269,A350,5.24,5.59,4.64,Yes,Rain,No,9.58,5.32,Yes
3270,A350,8.6,6.74,8.41,Yes,Thunderstorm,No,5.83,3.57,No
3271,A320,5.81,5.66,1.42,Yes,Clear,Yes,9.01,1.85,Yes
3272,B787,5.48,2.24,0.71,Yes,Clear,No,7.59,8.02,No
3273,B737,7.68,6.94,3.85,Yes,Clear,Yes,7.85,0.44,Yes
3274,B787,4.6,4.78,8.64,No,Rain,No,6.78,1.45,No
3275,A320,8.88,9.59,3.98,Yes,Snow,No,1.1,9.48,Yes
3276,A380,2.34,2.51,4.42,No,Clear,Yes,5.56,1.05,No
3277,A350,6.79,1.39,2.03,Yes,Snow,No,6.26,0.97,Yes
3278,A350,4.93,7.57,9.72,Yes,Rain,Yes,2.56,3.53,No
3279,B787,9.58,7.25,1.85,Yes,Rain,No,0.15,8.39,No
3280,A350,9.04,1.78,2.9,Yes,Rain,Yes,1.35,3.95,No
3281,A350,5.33,0.78,0.65,Yes,Snow,Yes,3.43,9.41,No
3282,A320,3.86,9.14,8.4,No,Fog,Yes,2.19,2.59,Yes
3283,A350,7.87,4.36,3.51,No,Fog,Yes,7.43,2.3,Yes
3284,A350,8.94,8.31,6.35,No,Rain,No,3.95,5.05,No
3285,B787,5.09,5.12,8.13,No,Fog,No,5.71,6.56,Yes
3286,A350,2.35,6.48,2.61,No,Fog,No,3.66,5.16,Yes
3287,A380,6.43,1.26,6.8,Yes,Clear,No,8.49,1.47,No
3288,A320,4.06,8.14,7.04,No,Clear,No,8.07,7.82,Yes
3289,A320,7.54,2.13,4.72,No,Fog,No,8.58,4.71,No
3290,A380,9.08,3.91,8.58,Yes,Snow,Yes,1.17,0.34,No
3291,B787,7.15,8.17,5.64,No,Rain,Yes,7.99,7.93,Yes
3292,B737,7.24,2.43,0.05,Yes,Rain,Yes,1.19,5.99,Yes
3293,A350,2.66,7.99,3.6,No,Clear,Yes,1.09,6.58,Yes
3294,A320,8.18,8.66,3.77,No,Snow,No,6.7,3.81,No
3295,A320,2.35,2.79,1.19,No,Clear,No,1.74,4.7,Yes
3296,B737,1.04,9.81,2.68,No,Snow,No,7.43,8.19,Yes
3297,A380,0.38,1.34,2.9,Yes,Thunderstorm,Yes,3.98,5.44,No
3298,A380,7.15,1.51,1.49,Yes,Thunderstorm,No,9.08,6.23,Yes
3299,B737,0.97,5.93,3.22,Yes,Thunderstorm,Yes,8.45,3.32,Yes
3300,A380,2.36,5.01,8.13,No,Rain,No,3.88,7.28,Yes
3301,A320,6.76,7.9,7.92,No,Clear,No,0.82,0.68,Yes
3302,A350,8.51,9.3,2.9,Yes,Fog,Yes,1.41,5.48,Yes
3303,A350,0.58,8.42,5.92,No,Rain,No,2.96,5.9,Yes
3304,A380,4.58,2.76,6.5,Yes,Snow,No,8.73,1.07,No
3305,A380,4.25,4.85,1.68,No,Fog,No,0.0,1.95,No
3306,A380,7.61,8.75,1.94,No,Snow,No,6.93,2.79,Yes
3307,A380,7.26,9.18,7.96,Yes,Thunderstorm,Yes,3.85,4.5,No
3308,A350,5.69,9.81,6.21,No,Snow,No,8.71,6.58,Yes
3309,A380,2.14,9.59,2.79,Yes,Rain,No,0.45,6.2,Yes
3310,A350,9.26,5.3,5.53,Yes,Clear,Yes,9.13,4.49,No
3311,A380,4.86,2.98,7.31,Yes,Rain,Yes,2.52,0.13,Yes
3312,A320,1.95,0.84,7.92,Yes,Thunderstorm,No,7.88,1.59,No
3313,A380,2.77,1.63,1.2,Yes,Thunderstorm,Yes,0.86,3.44,No
3314,A320,1.89,6.64,4.44,No,Thunderstorm,Yes,1.17,6.3,No
3315,B787,8.95,0.38,7.09,Yes,Fog,Yes,8.8,4.27,Yes
3316,A320,8.18,6.99,4.69,Yes,Thunderstorm,No,6.79,8.97,Yes
3317,A380,7.87,5.72,1.07,Yes,Fog,Yes,6.2,2.3,Yes
3318,A380,1.2,7.28,0.72,No,Rain,No,5.29,0.11,No
3319,B737,9.62,2.36,9.88,No,Snow,No,9.25,4.36,No
3320,B787,3.22,3.94,4.99,No,Rain,No,1.29,7.14,No
3321,A350,3.93,2.82,1.81,Yes,Snow,No,7.7,1.96,Yes
3322,A320,8.14,2.85,0.85,Yes,Snow,Yes,7.54,0.64,Yes
3323,A380,3.27,9.35,2.3,No,Rain,Yes,2.0,3.0,Yes
3324,B737,8.2,4.71,9.57,Yes,Thunderstorm,Yes,8.03,3.38,Yes
3325,B787,1.42,9.14,6.36,No,Rain,Yes,3.52,3.61,No
3326,A320,0.62,8.28,1.75,Yes,Clear,No,6.56,0.58,No
3327,B787,9.14,9.51,0.65,No,Fog,No,1.4,1.17,No
3328,B737,5.69,5.95,6.49,No,Thunderstorm,No,8.18,6.05,No
3329,B737,9.35,7.6,2.28,Yes,Snow,Yes,2.2,4.55,Yes
3330,A350,8.98,1.65,9.3,No,Clear,Yes,4.76,1.41,Yes
3331,A380,9.23,9.47,3.12,No,Rain,Yes,9.63,1.83,No
3332,A350,2.36,8.67,7.17,Yes,Clear,Yes,5.4,0.09,Yes
3333,A320,6.51,1.82,3.98,No,Thunderstorm,No,8.72,5.56,Yes
3334,B737,6.48,3.39,3.54,Yes,Thunderstorm,Yes,4.23,4.81,Yes
3335,A380,0.28,5.85,3.75,No,Clear,Yes,9.22,7.59,No
3336,A350,1.25,5.32,4.83,Yes,Fog,Yes,8.51,3.52,Yes
3337,A320,2.01,1.24,2.55,Yes,Clear,No,3.52,3.15,No
3338,A380,9.04,6.36,4.3,Yes,Thunderstorm,Yes,1.8,2.31,No
3339,A320,8.54,6.32,5.37,Yes,Thunderstorm,No,0.06,8.17,Yes
3340,A380,6.33,4.64,2.9,Yes,Snow,No,3.88,7.12,No
3341,B787,7.7,7.82,0.39,No,Fog,Yes,5.27,4.01,Yes
3342,B737,3.08,6.27,5.78,Yes,Snow,Yes,2.97,2.99,Yes
3343,A320,0.53,9.17,4.85,Yes,Snow,No,5.18,3.57,No
3344,A350,0.28,2.06,4.24,No,Snow,Yes,0.77,3.84,Yes
3345,A350,3.94,7.13,5.19,Yes,Rain,Yes,9.26,1.87,No
3346,B737,1.06,4.05,7.72,No,Rain,No,6.89,6.3,No
3347,A380,9.14,7.84,0.52,No,Snow,Yes,0.02,2.83,No
3348,A380,0.4,1.13,5.85,No,Fog,Yes,2.94,6.01,No
3349,B737,4.42,6.73,9.35,No,Thunderstorm,Yes,9.32,0.56,Yes
3350,A320,7.67,4.55,5.19,Yes,Thunderstorm,No,7.56,2.62,No
3351,B787,5.6,6.82,6.53,Yes,Snow,No,2.17,3.3,No
3352,A320,3.2,2.54,7.84,No,Clear,No,6.49,1.73,Yes
3353,A320,6.48,5.34,6.38,Yes,Snow,Yes,9.47,1.32,Yes
3354,B787,7.7,9.49,5.68,No,Fog,Yes,0.45,1.83,No
3355,A380,9.46,9.0,6.98,No,Thunderstorm,No,6.6,9.73,No
3356,B737,6.05,8.57,0.33,No,Thunderstorm,No,6.08,2.48,Yes
3357,B737,1.58,1.54,5.91,Yes,Snow,Yes,7.6,3.02,No
3358,B787,6.77,1.41,8.98,Yes,Clear,Yes,7.28,2.88,Yes
3359,A350,4.11,7.73,7.45,No,Fog,No,3.92,1.48,No
3360,A380,0.92,4.14,0.76,No,Thunderstorm,No,0.91,2.62,No
3361,A380,9.73,7.07,2.59,No,Rain,Yes,7.61,1.77,Yes
3362,B737,5.22,6.5,7.36,Yes,Clear,No,2.23,8.19,Yes
3363,A320,9.76,1.14,2.11,No,Fog,Yes,7.03,1.96,No
3364,B787,6.36,9.2,1.87,Yes,Thunderstorm,No,7.32,4.57,No
3365,A380,9.44,3.88,7.67,Yes,Rain,No,1.5,7.72,Yes
3366,B737,1.36,1.79,1.09,Yes,Clear,No,1.45,6.25,Yes
3367,B737,6.64,4.08,1.32,Yes,Fog,Yes,4.16,6.29,Yes
3368,B787,8.69,9.78,7.68,Yes,Snow,Yes,3.54,2.43,No
3369,B787,8.35,2.4,3.48,No,Rain,No,4.57,7.96,Yes
3370,B737,0.36,1.91,5.61,No,Fog,No,2.6,9.63,Yes
3371,A380,2.25,9.46,2.24,Yes,Thunderstorm,No,4.39,4.25,No
3372,B737,0.21,8.12,6.61,No,Thunderstorm,Yes,4.01,0.2,Yes
3373,B787,4.79,9.88,5.15,Yes,Thunderstorm,No,4.53,9.91,Yes
3374,A380,7.76,5.41,6.52,No,Thunderstorm,Yes,7.28,9.67,No
3375,A350,4.1,5.68,6.06,No,Fog,Yes,0.57,1.64,Yes
3376,A380,5.86,0.74,7.89,Yes,Thunderstorm,Yes,0.96,5.58,Yes
3377,B787,9.83,2.37,3.2,No,Snow,No,5.12,4.22,Yes
3378,B787,3.37,0.22,5.87,Yes,Snow,Yes,8.63,4.53,No
3379,A320,9.84,7.61,4.85,Yes,Thunderstorm,No,7.59,3.06,No
3380,A380,5.93,9.3,8.82,Yes,Fog,No,8.67,3.34,Yes
3381,A380,5.84,2.51,5.67,Yes,Thunderstorm,No,0.76,8.7,Yes
3382,B737,0.13,2.49,6.63,No,Thunderstorm,No,1.65,6.15,No
3383,B787,8.51,7.03,2.91,No,Fog,Yes,0.1,5.49,No
3384,A320,5.43,4.97,0.93,No,Rain,No,6.13,0.09,No
3385,A320,0.63,3.04,0.54,No,Clear,Yes,1.3,5.56,Yes
3386,B787,5.82,8.98,5.98,No,Thunderstorm,Yes,7.69,7.98,Yes
3387,A320,7.46,5.62,1.17,No,Thunderstorm,Yes,1.14,6.96,No
3388,B787,8.4,4.5,8.02,Yes,Fog,Yes,2.64,8.47,No
3389,B737,2.69,6.3,3.45,No,Rain,Yes,8.74,0.67,No
3390,A380,5.09,6.01,2.64,Yes,Thunderstorm,No,2.78,2.25,Yes
3391,A380,8.32,6.05,1.32,No,Snow,Yes,9.13,3.38,Yes
3392,A380,5.77,6.81,6.68,No,Fog,No,4.41,9.9,No
3393,A320,0.8,5.76,1.35,No,Rain,Yes,2.8,3.0,No
3394,A350,8.87,9.0,3.34,Yes,Snow,No,5.78,8.42,No
3395,B787,7.62,0.91,3.55,Yes,Fog,No,0.85,3.84,Yes
3396,B787,9.86,4.47,1.44,No,Clear,No,3.38,1.25,No
3397,A380,6.63,8.26,9.18,No,Clear,No,2.71,2.76,No
3398,B737,4.3,6.75,8.33,No,Snow,Yes,4.41,7.11,Yes
3399,A380,2.19,0.88,3.38,No,Clear,No,7.08,2.32,No
3400,A380,9.64,8.01,4.3,Yes,Clear,Yes,6.23,9.28,Yes
3401,A320,8.02,7.52,1.53,Yes,Rain,Yes,3.16,4.13,No
3402,B737,8.63,1.42,2.01,Yes,Snow,No,5.39,9.36,Yes
3403,B737,1.0,4.95,9.37,Yes,Thunderstorm,Yes,1.37,5.65,No
3404,A350,0.63,5.05,9.74,Yes,Snow,No,4.23,3.53,No
3405,B737,3.54,1.04,1.9,No,Snow,Yes,1.96,4.66,No
3406,A380,2.71,7.99,0.35,Yes,Rain,No,4.83,0.29,No
3407,B787,7.77,1.12,8.47,Yes,Snow,No,7.46,5.89,No
3408,B737,4.2,4.34,5.87,Yes,Rain,Yes,7.4,3.22,No
3409,B787,2.78,7.55,9.57,Yes,Clear,No,8.8,0.8,No
3410,A350,7.53,9.28,2.41,No,Rain,No,0.85,6.71,Yes
3411,B737,1.52,4.38,3.02,Yes,Snow,Yes,0.96,3.07,No
3412,B737,3.48,2.72,7.1,Yes,Fog,Yes,6.63,9.67,No
3413,B787,7.86,2.52,4.75,Yes,Thunderstorm,Yes,6.51,2.44,No
3414,B737,1.92,8.6,3.24,Yes,Thunderstorm,Yes,5.22,0.97,Yes
3415,A320,3.75,5.82,6.45,No,Snow,No,2.9,6.25,No
3416,B787,8.6,7.72,6.59,Yes,Fog,No,4.51,4.14,No
3417,A320,0.07,2.69,6.0,No,Rain,Yes,4.55,8.12,Yes
3418,A350,5.86,9.29,4.69,Yes,Fog,Yes,3.75,7.19,Yes
3419,B737,6.86,9.63,0.83,No,Fog,Yes,6.51,5.91,No
3420,A380,7.24,7.44,3.2,No,Rain,Yes,6.18,8.74,Yes
3421,A320,3.74,5.17,4.01,No,Clear,No,1.61,5.77,Yes
3422,A350,1.48,2.73,2.03,No,Clear,Yes,0.11,9.02,No
3423,A350,2.27,7.92,4.3,No,Rain,No,1.48,2.06,No
3424,A380,4.39,3.54,8.68,Yes,Fog,Yes,8.41,4.49,No
3425,B737,5.27,7.45,9.97,No,Clear,Yes,7.61,4.51,No
3426,B737,4.88,9.08,0.03,Yes,Clear,Yes,7.48,8.11,No
3427,A320,0.07,4.06,5.6,No,Rain,Yes,9.5,5.18,No
3428,B787,5.37,0.78,3.25,Yes,Clear,Yes,2.85,1.82,No
3429,A320,7.31,9.2,7.9,Yes,Rain,No,1.27,9.27,Yes
3430,A380,3.71,0.63,0.76,No,Fog,No,4.47,0.51,Yes
3431,A320,8.69,0.31,8.06,Yes,Thunderstorm,No,2.1,5.61,Yes
3432,A320,2.86,7.5,7.17,Yes,Rain,Yes,2.58,7.14,No
3433,B737,1.68,0.73,5.08,Yes,Snow,Yes,2.35,8.58,Yes
3434,B787,2.07,6.21,4.72,No,Fog,Yes,6.41,3.97,No
3435,A350,0.62,8.11,4.12,Yes,Clear,No,9.51,2.63,No
3436,A380,1.26,7.8,1.4,Yes,Snow,No,2.36,0.1,Yes
3437,A380,3.55,2.86,1.59,Yes,Snow,No,6.95,1.61,Yes
3438,B787,0.17,3.74,0.8,No,Snow,No,1.45,7.96,Yes
3439,B787,5.54,3.55,6.24,No,Thunderstorm,No,7.13,5.06,No
3440,B737,9.74,6.05,3.25,No,Snow,No,1.02,4.05,No
3441,A380,6.79,3.97,9.38,Yes,Thunderstorm,Yes,8.08,9.34,Yes
3442,B787,9.51,2.4,6.87,Yes,Fog,Yes,4.01,4.97,Yes
3443,A380,2.9,3.18,3.49,Yes,Fog,No,5.78,6.12,Yes
3444,B787,5.14,9.31,6.5,No,Thunderstorm,No,0.16,6.42,Yes
3445,A380,9.08,6.25,2.76,No,Rain,No,4.75,5.13,Yes
3446,B787,7.46,3.32,7.72,Yes,Rain,Yes,3.66,1.98,No
3447,A380,5.22,2.42,9.79,No,Thunderstorm,Yes,5.46,8.86,Yes
3448,A350,5.01,1.47,4.38,No,Thunderstorm,No,3.66,2.25,Yes
3449,A320,7.84,0.95,1.97,No,Snow,Yes,2.94,1.79,No
3450,B737,6.75,3.94,2.42,Yes,Thunderstorm,No,4.03,5.03,No
3451,B787,6.24,8.25,7.08,No,Snow,No,8.09,0.98,No
3452,B787,0.53,7.24,8.82,Yes,Thunderstorm,No,3.89,9.53,Yes
3453,A320,7.98,2.38,6.51,Yes,Fog,Yes,2.42,8.96,Yes
3454,B787,9.12,5.84,1.71,No,Thunderstorm,No,5.66,5.57,No
3455,A350,1.88,8.94,0.95,No,Clear,Yes,5.71,8.98,Yes
3456,A350,6.6,9.55,1.28,No,Thunderstorm,Yes,5.29,5.7,Yes
3457,B737,6.9,7.44,8.76,Yes,Fog,No,9.23,2.1,Yes
3458,B787,0.68,8.5,0.83,No,Thunderstorm,Yes,4.03,7.27,Yes
3459,A380,2.78,9.0,8.86,No,Rain,Yes,8.4,1.67,Yes
3460,A320,3.37,4.41,9.96,Yes,Fog,No,2.5,9.15,No
3461,A350,1.0,2.3,6.62,Yes,Clear,No,7.22,6.68,No
3462,A380,6.43,0.97,3.79,No,Thunderstorm,No,8.76,9.9,Yes
3463,A320,8.36,5.08,5.31,Yes,Rain,Yes,0.12,3.19,Yes
3464,B737,1.67,9.93,0.27,Yes,Rain,No,8.31,7.08,Yes
3465,A380,1.08,1.57,3.64,No,Clear,Yes,6.11,7.97,Yes
3466,A380,0.9,5.98,0.72,Yes,Rain,No,1.76,9.42,Yes
3467,A380,0.41,7.42,5.77,Yes,Fog,No,3.12,9.51,No
3468,B737,6.93,7.07,9.9,No,Snow,No,4.15,5.85,No
3469,B787,5.23,7.99,8.3,No,Snow,Yes,9.21,6.42,No
3470,B787,0.89,7.57,4.87,No,Fog,No,2.13,9.56,Yes
3471,B737,9.83,8.41,2.8,No,Clear,Yes,8.46,1.96,Yes
3472,A380,9.31,7.16,8.7,No,Clear,Yes,6.31,2.01,No
3473,A320,2.8,0.34,2.59,Yes,Fog,Yes,7.08,6.77,No
3474,A380,4.47,4.7,1.49,No,Clear,No,1.6,7.8,Yes
3475,A350,5.36,6.81,9.84,Yes,Rain,No,7.45,5.09,Yes
3476,A320,7.18,9.03,9.39,No,Fog,Yes,5.29,2.37,Yes
3477,A350,7.05,8.39,8.42,No,Fog,No,4.5,3.16,No
3478,A320,0.27,1.8,5.78,Yes,Fog,No,2.97,1.55,No
3479,B737,3.93,9.13,7.9,Yes,Thunderstorm,No,8.98,0.52,No
3480,B787,3.3,4.81,6.73,Yes,Thunderstorm,No,3.68,0.45,Yes
3481,A380,9.85,0.59,2.47,No,Clear,Yes,8.14,9.01,Yes
3482,B787,7.18,6.38,5.68,Yes,Snow,Yes,3.82,1.57,No
3483,A320,9.73,9.3,0.62,Yes,Rain,No,5.81,3.76,Yes
3484,A320,0.76,9.69,3.71,No,Snow,Yes,5.04,5.94,Yes
3485,B737,3.41,8.16,3.59,Yes,Rain,No,9.98,3.16,Yes
3486,B737,0.63,4.17,0.66,No,Thunderstorm,Yes,4.59,1.58,No
3487,A350,2.64,8.28,6.96,Yes,Thunderstorm,No,6.2,9.08,No
3488,B787,8.19,4.48,2.77,No,Thunderstorm,No,4.82,5.35,No
3489,A350,3.08,4.81,7.83,Yes,Thunderstorm,Yes,9.92,9.39,Yes
3490,A350,4.5,0.3,9.52,No,Snow,No,3.27,6.84,No
3491,A320,8.58,3.15,3.18,No,Clear,No,6.36,7.0,Yes
3492,B737,1.21,8.75,1.16,No,Snow,Yes,2.8,2.54,Yes
3493,B787,0.58,4.8,0.15,Yes,Thunderstorm,No,3.71,5.57,No
3494,A320,4.93,2.39,4.2,Yes,Fog,No,6.04,5.53,Yes
3495,A350,6.2,2.45,0.17,No,Fog,No,8.78,7.44,No
3496,A380,1.54,5.26,1.4,No,Thunderstorm,Yes,6.31,3.5,No
3497,A320,1.75,5.67,3.55,Yes,Thunderstorm,Yes,2.07,8.32,No
3498,A380,1.77,9.48,9.29,Yes,Clear,Yes,9.0,4.47,Yes
3499,A320,8.68,6.12,8.68,Yes,Fog,No,0.14,1.73,Yes
3500,A380,9.2,8.11,2.32,Yes,Thunderstorm,Yes,9.38,3.14,Yes
3501,B787,0.12,4.51,4.27,No,Clear,No,4.63,6.22,Yes
3502,A320,6.67,6.28,5.88,Yes,Clear,No,2.25,1.11,Yes
3503,A350,6.86,0.25,5.24,No,Fog,No,1.17,5.55,Yes
3504,B787,2.7,7.5,8.05,No,Thunderstorm,Yes,6.11,8.23,Yes
3505,A350,8.21,5.49,6.59,No,Snow,No,5.55,7.56,No
3506,A320,0.05,6.49,8.99,No,Thunderstorm,No,4.1,6.11,No
3507,A320,7.04,8.75,9.85,No,Rain,Yes,7.93,6.65,No
3508,A380,9.6,5.0,6.07,Yes,Rain,Yes,0.61,3.89,Yes
3509,A320,5.11,3.42,1.51,Yes,Rain,Yes,6.51,6.61,No
3510,A350,8.53,3.87,0.67,No,Fog,No,0.84,2.18,No
3511,A350,7.88,0.19,3.66,Yes,Snow,No,1.09,3.48,No
3512,A350,7.48,7.99,6.71,Yes,Rain,No,4.83,0.28,Yes
3513,B737,7.63,5.37,5.36,Yes,Clear,No,9.29,6.32,Yes
3514,A350,6.5,5.6,0.86,No,Fog,Yes,0.61,9.56,No
3515,B737,4.17,2.37,2.69,No,Fog,Yes,1.99,0.08,Yes
3516,A380,5.51,5.32,8.22,Yes,Snow,No,5.96,9.74,Yes
3517,A380,2.17,5.74,9.59,Yes,Snow,Yes,3.16,2.86,No
3518,A350,5.32,3.27,2.43,No,Clear,No,3.9,2.92,No
3519,B737,3.68,2.7,6.83,No,Rain,No,7.7,6.77,No
3520,B787,3.3,9.69,9.67,Yes,Thunderstorm,No,6.59,7.12,No
3521,A380,0.86,0.84,0.47,Yes,Snow,No,5.04,2.02,Yes
3522,A320,1.72,5.85,9.04,No,Clear,No,2.54,7.83,Yes
3523,B737,9.04,2.55,5.35,Yes,Thunderstorm,No,9.95,2.65,Yes
3524,A380,3.03,9.47,4.55,No,Rain,Yes,5.13,4.58,No
3525,A380,9.17,3.52,4.38,Yes,Fog,Yes,9.15,4.58,No
3526,A350,4.93,2.55,9.57,Yes,Rain,Yes,4.53,9.95,Yes
3527,A380,9.05,0.33,9.35,No,Clear,No,4.81,5.94,Yes
3528,B787,7.36,4.58,7.58,Yes,Snow,Yes,6.37,9.07,No
3529,B787,6.06,0.38,0.98,Yes,Clear,Yes,7.46,4.41,No
3530,A380,4.96,9.87,5.92,Yes,Clear,Yes,0.47,4.21,No
3531,A320,2.9,8.0,4.89,Yes,Rain,Yes,5.24,6.68,Yes
3532,A350,3.2,7.91,3.05,No,Thunderstorm,No,0.59,2.84,No
3533,A380,0.09,1.97,3.54,Yes,Snow,Yes,2.86,0.45,Yes
3534,B787,0.13,8.56,5.21,Yes,Thunderstorm,Yes,1.75,7.82,Yes
3535,B787,6.79,3.3,6.94,Yes,Snow,No,0.81,8.53,No
3536,A320,4.2,0.32,0.96,No,Thunderstorm,Yes,1.95,3.02,Yes
3537,A380,8.02,5.61,6.73,No,Clear,No,2.74,5.68,Yes
3538,A380,0.63,7.57,6.47,No,Fog,Yes,5.13,9.27,Yes
3539,A320,3.88,7.02,6.68,No,Rain,Yes,6.58,1.49,Yes
3540,B787,4.81,2.73,8.03,Yes,Thunderstorm,No,6.69,3.39,Yes
3541,A320,2.91,7.16,0.54,Yes,Fog,No,7.25,7.8,No
3542,A380,8.62,9.8,4.81,Yes,Clear,No,8.63,8.55,Yes
3543,A320,9.87,4.13,8.21,No,Fog,Yes,2.66,7.72,No
3544,A380,4.26,6.37,6.0,No,Fog,Yes,7.34,5.44,Yes
3545,A350,3.12,3.62,1.22,Yes,Thunderstorm,Yes,4.73,1.01,No
3546,B787,6.43,4.21,2.34,No,Fog,No,9.65,1.47,Yes
3547,A350,1.53,3.36,6.74,No,Thunderstorm,No,8.22,8.1,No
3548,A320,4.29,5.48,1.1,No,Thunderstorm,Yes,4.65,3.03,Yes
3549,A320,2.33,5.37,2.96,Yes,Snow,Yes,7.38,7.72,Yes
3550,A350,2.72,6.22,1.04,No,Fog,No,4.07,0.18,No
3551,B737,4.59,5.83,0.75,Yes,Rain,No,0.38,6.45,No
3552,A350,8.74,4.26,5.98,No,Clear,Yes,5.06,7.84,Yes
3553,A350,6.53,6.97,3.19,No,Clear,Yes,7.53,4.17,No
3554,A380,2.52,5.99,5.42,Yes,Fog,Yes,1.54,2.88,No
3555,A380,7.65,6.34,4.93,Yes,Rain,No,3.56,6.13,Yes
3556,A350,9.72,4.18,6.27,Yes,Rain,No,8.15,9.55,No
3557,B737,3.15,8.0,5.16,No,Clear,Yes,2.87,7.68,No
3558,B737,0.27,2.77,3.11,Yes,Clear,No,4.91,6.05,No
3559,B787,3.35,5.73,5.03,No,Rain,Yes,4.59,8.19,No
3560,B737,1.26,2.43,9.14,Yes,Snow,Yes,4.28,8.42,Yes
3561,B787,5.43,9.45,1.07,Yes,Rain,Yes,9.34,5.83,No
3562,A380,4.74,6.44,4.04,Yes,Clear,Yes,4.84,6.55,Yes
3563,B787,0.09,7.33,0.46,Yes,Snow,Yes,5.3,4.47,Yes
3564,A320,2.5,9.61,7.43,No,Clear,No,5.47,3.49,No
3565,A350,1.79,5.72,7.15,No,Rain,Yes,9.03,3.75,Yes
3566,A350,4.71,3.37,0.27,Yes,Clear,No,7.51,2.55,Yes
3567,A380,1.07,2.87,2.84,No,Thunderstorm,No,1.78,7.14,No
3568,A380,3.6,7.13,7.87,No,Snow,No,4.98,5.0,No
3569,A350,4.42,6.67,5.6,No,Clear,No,2.79,6.06,Yes
3570,B787,0.71,0.12,6.32,No,Fog,No,9.7,7.34,No
3571,A350,6.95,1.41,0.01,Yes,Thunderstorm,Yes,9.65,4.95,Yes
3572,B737,3.84,7.45,9.13,Yes,Rain,Yes,0.4,1.83,Yes
3573,A380,0.57,1.08,6.45,Yes,Snow,No,5.88,9.4,No
3574,A320,4.91,8.85,9.93,No,Fog,No,0.61,4.21,No
3575,A380,0.41,0.03,1.28,Yes,Rain,No,6.21,3.65,No
3576,A380,6.05,1.98,9.87,Yes,Clear,No,0.25,3.5,Yes
3577,A380,5.88,2.85,2.09,No,Clear,No,1.91,3.3,No
3578,A350,9.84,2.82,1.87,No,Snow,Yes,9.52,8.01,Yes
3579,B737,5.96,3.73,2.86,No,Clear,No,3.05,5.7,No
3580,B737,4.42,9.5,2.25,Yes,Thunderstorm,No,1.42,7.22,Yes
3581,A320,5.15,4.9,5.74,Yes,Thunderstorm,No,5.92,1.33,No
3582,B737,7.65,5.81,2.78,No,Fog,Yes,3.87,5.52,No
3583,A380,1.85,6.34,3.05,No,Clear,Yes,0.5,1.89,Yes
3584,A320,2.04,4.79,0.74,No,Thunderstorm,No,5.16,2.08,No
3585,A320,4.7,5.05,1.4,Yes,Clear,No,7.89,9.14,No
3586,A350,5.53,1.04,4.27,Yes,Clear,No,10.0,0.7,Yes
3587,A320,5.17,3.63,2.5,Yes,Snow,Yes,7.36,9.69,No
3588,A320,0.24,2.71,1.18,No,Rain,Yes,1.0,5.57,Yes
3589,A380,8.55,4.24,1.38,No,Clear,Yes,2.48,2.57,No
3590,A380,7.25,4.03,3.11,Yes,Clear,Yes,5.72,0.38,Yes
3591,B737,0.93,8.33,2.07,Yes,Rain,No,6.72,4.58,Yes
3592,B787,5.47,4.01,9.68,No,Clear,Yes,3.28,2.99,No
3593,A320,9.92,9.89,2.32,Yes,Fog,Yes,5.7,1.32,Yes
3594,B737,4.23,0.67,7.0,No,Snow,Yes,2.58,5.46,No
3595,B787,8.73,8.97,7.27,No,Thunderstorm,Yes,4.19,1.37,Yes
3596,A320,1.08,4.9,5.08,No,Snow,Yes,5.82,6.41,Yes
3597,B787,6.12,0.22,5.06,Yes,Thunderstorm,Yes,5.93,3.97,No
3598,A350,0.76,2.56,1.85,No,Fog,Yes,7.88,5.56,Yes
3599,B737,6.65,2.86,6.93,No,Thunderstorm,No,4.74,9.25,No
3600,B787,1.67,6.74,8.49,No,Fog,Yes,0.95,7.15,Yes
3601,B737,4.43,1.08,5.83,No,Snow,Yes,0.95,5.41,Yes
3602,A320,1.48,4.82,5.08,No,Thunderstorm,No,7.89,1.46,No
3603,B737,7.51,3.7,1.31,No,Thunderstorm,Yes,2.13,8.99,Yes
3604,A380,8.76,9.32,4.33,Yes,Thunderstorm,Yes,9.37,9.91,Yes
3605,A380,4.17,2.63,4.47,No,Clear,No,7.56,9.44,No
3606,A320,9.97,3.6,5.59,Yes,Thunderstorm,No,0.06,7.56,No
3607,A380,7.22,7.62,5.67,Yes,Snow,No,0.77,7.95,No
3608,A380,2.65,4.8,3.47,Yes,Thunderstorm,No,1.76,4.47,Yes
3609,B737,5.14,1.61,9.37,No,Thunderstorm,Yes,5.72,6.15,No
3610,B737,7.27,9.61,3.37,Yes,Fog,No,5.09,5.43,No
3611,A320,8.74,7.51,6.45,No,Clear,Yes,3.15,8.81,Yes
3612,B737,1.72,1.63,6.75,No,Thunderstorm,No,7.04,8.64,No
3613,A380,8.83,7.02,2.07,No,Snow,No,8.9,6.51,Yes
3614,A350,0.45,6.13,2.37,No,Clear,No,7.24,4.68,Yes
3615,B787,1.94,2.8,8.52,No,Rain,Yes,2.79,5.38,Yes
3616,A380,1.16,5.46,1.61,Yes,Clear,No,1.64,9.4,No
3617,A380,9.99,0.07,5.73,No,Snow,No,8.58,8.65,No
3618,B787,8.76,6.07,6.56,No,Thunderstorm,No,8.81,4.06,No
3619,A380,3.89,2.58,9.87,No,Fog,Yes,0.04,6.16,No
3620,A380,1.74,1.23,7.86,Yes,Fog,No,3.27,5.06,No
3621,A350,3.04,8.21,7.15,No,Thunderstorm,Yes,1.49,2.52,No
3622,A380,2.7,1.14,1.32,No,Snow,Yes,4.1,6.18,Yes
3623,A380,0.19,3.17,5.51,Yes,Thunderstorm,No,1.53,7.04,No
3624,A350,7.21,4.46,2.54,No,Snow,Yes,3.85,6.7,Yes
3625,A320,6.73,3.53,3.8,Yes,Fog,No,3.58,0.31,No
3626,A350,8.74,9.97,6.38,Yes,Fog,Yes,2.87,6.9,No
3627,A320,7.32,7.27,2.9,No,Rain,Yes,6.29,4.39,Yes
3628,B787,4.76,6.34,0.78,No,Thunderstorm,No,4.29,9.09,Yes
3629,A380,8.56,9.28,1.76,No,Clear,Yes,7.96,0.07,No
3630,A350,8.97,0.5,0.06,Yes,Clear,No,5.28,3.63,Yes
3631,B787,8.65,9.46,5.96,No,Snow,No,3.06,4.95,Yes
3632,A350,3.8,5.7,5.6,No,Rain,Yes,5.7,6.96,Yes
3633,B787,7.3,9.49,1.48,Yes,Snow,No,7.53,4.07,No
3634,B737,5.88,6.12,6.54,No,Rain,No,9.39,5.87,No
3635,A350,2.69,4.99,9.95,No,Thunderstorm,No,0.15,2.37,Yes
3636,B737,2.72,4.47,9.99,No,Rain,No,6.92,4.67,Yes
3637,B787,6.68,8.72,3.59,Yes,Rain,No,6.6,5.62,No
3638,B787,5.22,5.95,6.21,Yes,Thunderstorm,Yes,0.84,8.58,Yes
3639,A380,5.16,5.24,8.02,Yes,Fog,Yes,1.82,9.31,No
3640,A380,2.78,4.77,2.96,No,Thunderstorm,Yes,2.73,8.55,No
3641,A380,6.17,4.43,5.17,Yes,Snow,No,7.85,7.36,No
3642,A350,9.93,1.94,4.7,Yes,Fog,No,9.58,3.34,Yes
3643,A350,1.52,5.73,6.41,Yes,Clear,Yes,0.54,4.86,No
3644,B787,9.39,9.13,7.2,No,Clear,No,8.51,2.98,No
3645,A320,5.5,4.16,9.45,Yes,Thunderstorm,Yes,9.88,2.17,No
3646,A350,9.24,9.53,5.88,No,Rain,Yes,5.56,5.74,Yes
3647,B787,2.15,4.7,9.99,No,Rain,Yes,4.93,6.75,No
3648,A350,6.03,8.62,3.38,No,Fog,No,0.33,4.35,No
3649,A380,9.71,1.13,1.04,No,Thunderstorm,No,5.1,4.33,Yes
3650,A320,8.44,1.4,5.71,No,Clear,No,6.02,1.57,No
3651,B787,3.94,9.72,9.83,Yes,Clear,Yes,4.3,6.14,No
3652,A350,4.91,4.02,6.48,No,Snow,No,6.53,6.63,No
3653,A320,5.38,7.37,9.12,Yes,Thunderstorm,Yes,3.87,0.08,No
3654,B737,4.6,5.67,8.21,Yes,Fog,Yes,4.88,7.45,No
3655,A320,1.92,4.98,9.68,Yes,Thunderstorm,Yes,1.04,9.51,Yes
3656,A320,4.29,7.16,1.25,No,Snow,Yes,7.56,1.89,Yes
3657,B737,2.59,8.37,8.76,Yes,Fog,No,7.23,8.18,Yes
3658,B787,4.43,8.23,8.21,No,Snow,Yes,7.87,7.96,No
3659,B737,3.53,3.44,1.97,Yes,Snow,Yes,9.95,3.87,No
3660,B737,2.45,3.98,8.6,No,Rain,Yes,7.64,0.51,No
3661,A350,7.95,5.08,5.63,Yes,Rain,No,8.14,6.28,Yes
3662,B787,1.2,9.97,2.52,Yes,Rain,No,6.63,6.03,Yes
3663,A380,6.71,0.81,7.5,Yes,Thunderstorm,Yes,7.98,7.92,Yes
3664,A350,2.66,10.0,8.09,Yes,Thunderstorm,Yes,6.68,7.35,Yes
3665,A380,3.24,2.05,4.49,Yes,Clear,Yes,9.31,7.27,No
3666,A350,1.77,9.59,5.59,No,Fog,No,7.62,5.36,No
3667,A380,5.72,9.9,5.92,Yes,Rain,Yes,8.5,4.84,Yes
3668,A350,9.27,2.04,9.51,No,Clear,Yes,0.93,1.62,No
3669,B787,2.04,6.86,6.4,Yes,Fog,Yes,7.67,0.17,No
3670,B737,0.17,8.51,0.19,No,Thunderstorm,Yes,4.38,3.03,No
3671,B737,4.45,6.63,7.9,Yes,Fog,No,7.1,0.5,Yes
3672,A380,5.16,1.62,4.22,Yes,Clear,Yes,4.13,9.01,Yes
3673,B737,3.4,8.68,2.3,Yes,Snow,No,7.23,5.11,Yes
3674,A320,1.51,5.95,8.27,Yes,Fog,Yes,4.2,4.83,No
3675,B787,6.33,6.73,5.92,No,Clear,Yes,8.57,0.48,No
3676,B787,2.71,5.74,1.57,Yes,Rain,Yes,8.35,4.58,No
3677,A320,4.32,8.32,6.18,Yes,Clear,Yes,9.82,6.32,No
3678,A320,7.52,6.57,6.64,Yes,Rain,No,0.81,1.4,No
3679,B787,2.13,0.49,7.74,Yes,Fog,No,2.2,0.07,Yes
3680,B737,8.89,4.84,7.87,No,Rain,Yes,9.83,0.68,Yes
3681,A380,2.21,2.58,9.81,No,Rain,Yes,1.75,3.86,No
3682,B787,5.1,5.85,5.78,Yes,Snow,Yes,2.82,0.28,Yes
3683,A350,6.1,7.95,2.65,No,Fog,No,7.26,3.06,Yes
3684,A380,3.82,1.82,2.44,No,Thunderstorm,No,2.12,4.72,No
3685,A350,4.73,9.51,2.25,Yes,Fog,Yes,9.95,9.33,Yes
3686,B787,6.28,7.66,4.89,Yes,Thunderstorm,No,4.87,3.82,No
3687,A380,9.84,2.04,9.52,No,Fog,No,8.74,7.79,Yes
3688,A320,3.67,3.47,4.57,Yes,Rain,No,4.43,6.32,No
3689,B787,2.83,4.24,9.16,Yes,Snow,Yes,2.73,1.44,No
3690,B737,3.46,6.35,8.09,No,Snow,No,4.37,0.39,Yes
3691,B787,3.93,4.52,0.78,No,Thunderstorm,No,8.49,3.49,No
3692,B737,1.4,8.97,8.18,Yes,Fog,Yes,5.67,9.4,Yes
3693,A350,9.97,2.9,5.77,No,Rain,Yes,2.07,4.29,No
3694,B737,7.72,2.98,3.12,Yes,Rain,Yes,0.99,1.76,Yes
3695,B787,9.97,8.53,5.3,Yes,Thunderstorm,No,6.3,1.79,No
3696,A320,0.64,3.8,5.69,No,Clear,No,3.05,7.19,No
3697,B787,4.24,6.81,2.95,Yes,Fog,No,3.94,8.87,No
3698,B737,0.48,2.76,8.46,No,Snow,No,9.66,3.15,No
3699,A320,0.89,5.54,6.81,No,Snow,No,9.59,5.04,No
3700,A380,9.59,2.49,0.57,Yes,Snow,Yes,4.0,3.51,No
3701,B787,3.24,5.52,2.62,Yes,Thunderstorm,Yes,2.79,5.61,No
3702,B737,1.11,1.79,0.98,No,Fog,No,2.64,7.2,No
3703,A380,3.91,7.21,0.3,No,Rain,Yes,7.98,0.11,Yes
3704,B787,9.91,8.01,4.12,No,Rain,No,9.7,1.31,No
3705,B737,4.74,2.01,1.71,No,Snow,No,2.6,4.02,No
3706,A380,7.7,0.63,9.94,No,Thunderstorm,No,8.11,3.4,Yes
3707,A380,0.39,8.01,2.84,No,Thunderstorm,No,4.38,8.72,No
3708,B737,4.14,6.34,4.19,Yes,Rain,Yes,5.02,2.09,Yes
3709,A350,0.56,7.58,6.41,Yes,Snow,No,1.71,5.52,Yes
3710,A380,0.98,5.14,6.32,No,Rain,No,9.19,8.86,No
3711,A380,3.82,2.03,2.51,Yes,Clear,No,3.72,7.14,Yes
3712,A350,1.05,3.0,5.63,Yes,Snow,No,2.85,2.9,Yes
3713,A350,6.01,0.44,3.99,No,Thunderstorm,Yes,6.49,4.63,Yes
3714,B787,4.48,8.96,9.23,No,Thunderstorm,No,8.03,0.63,No
3715,B787,6.14,2.86,2.68,No,Clear,Yes,9.64,4.52,Yes
3716,B737,7.63,1.33,6.59,Yes,Rain,Yes,0.0,8.42,No
3717,A350,5.05,0.36,1.69,Yes,Rain,No,7.89,4.36,No
3718,B787,8.58,8.54,0.39,No,Thunderstorm,No,8.24,2.85,Yes
3719,B737,4.45,7.86,7.72,Yes,Clear,No,5.88,2.55,No
3720,A380,7.29,9.22,1.88,No,Thunderstorm,Yes,2.25,8.98,No
3721,A320,7.27,1.35,6.6,No,Rain,Yes,9.05,8.04,Yes
3722,B787,8.8,7.38,4.8,No,Clear,Yes,6.07,7.39,Yes
3723,A320,2.2,5.43,8.14,Yes,Rain,Yes,4.85,3.35,No
3724,B737,5.62,9.4,3.41,Yes,Rain,No,0.9,1.85,Yes
3725,A380,3.7,5.98,0.46,No,Snow,Yes,7.65,5.31,No
3726,A320,9.98,9.58,0.65,Yes,Clear,No,7.11,3.24,No
3727,A320,3.96,5.46,8.59,Yes,Snow,No,7.31,5.33,Yes
3728,A380,2.27,2.49,5.97,Yes,Rain,Yes,0.19,2.64,Yes
3729,A380,3.2,3.75,0.51,No,Thunderstorm,Yes,6.31,7.47,Yes
3730,B787,0.04,4.51,8.83,No,Fog,Yes,7.31,9.64,Yes
3731,B737,2.92,8.27,7.28,No,Clear,Yes,1.45,8.49,No
3732,A380,9.82,0.15,0.54,Yes,Rain,No,8.09,4.4,No
3733,B737,0.71,7.36,9.72,Yes,Fog,No,2.07,0.49,Yes
3734,B787,2.98,4.0,7.67,No,Clear,No,0.18,6.91,Yes
3735,A350,6.12,4.51,9.94,No,Thunderstorm,No,8.05,1.44,No
3736,B787,1.78,6.49,8.25,No,Thunderstorm,Yes,5.75,9.87,Yes
3737,A320,8.5,9.66,6.7,No,Fog,No,9.03,2.39,Yes
3738,B737,0.14,6.84,1.53,No,Thunderstorm,Yes,4.54,3.19,Yes
3739,B737,8.49,6.57,5.13,No,Thunderstorm,Yes,3.81,1.05,No
3740,B787,4.14,8.37,6.16,No,Thunderstorm,No,6.19,3.27,No
3741,A320,2.9,4.66,5.66,No,Rain,Yes,5.36,6.14,No
3742,A320,5.67,0.02,6.82,No,Fog,Yes,4.29,3.55,Yes
3743,A350,6.58,4.25,0.89,Yes,Fog,Yes,6.16,0.43,Yes
3744,A320,3.99,1.21,6.49,Yes,Thunderstorm,No,8.05,1.03,No
3745,A380,6.89,5.48,0.73,No,Thunderstorm,Yes,7.76,0.1,Yes
3746,A350,6.74,1.59,0.24,No,Thunderstorm,No,4.87,1.0,No
3747,A350,4.23,5.36,1.51,Yes,Clear,Yes,2.04,9.46,Yes
3748,B737,9.57,6.91,3.51,Yes,Snow,No,5.23,7.72,No
3749,B737,1.53,3.02,1.79,No,Clear,No,2.71,3.94,Yes
3750,B787,8.3,7.55,3.99,Yes,Snow,No,6.43,8.9,Yes
3751,A380,0.59,7.55,5.68,No,Snow,Yes,7.12,8.85,No
3752,B737,3.34,5.59,8.01,No,Snow,No,1.7,3.94,No
3753,A380,8.27,9.99,8.92,No,Fog,Yes,5.75,7.21,Yes
3754,A320,2.3,1.54,3.79,Yes,Thunderstorm,No,3.57,3.34,No
3755,A350,1.81,4.02,0.12,No,Thunderstorm,No,7.58,6.48,Yes
3756,B737,6.95,7.29,3.3,Yes,Fog,No,1.66,1.67,Yes
3757,A380,0.89,5.15,9.89,No,Rain,No,9.13,1.18,No
3758,A350,0.66,0.95,2.63,No,Clear,No,7.51,3.06,Yes
3759,A320,6.8,0.22,6.8,Yes,Rain,Yes,8.76,3.8,No
3760,B787,0.45,7.91,1.44,Yes,Rain,Yes,2.49,7.15,No
3761,A380,6.92,5.38,5.17,Yes,Rain,Yes,3.01,0.02,No
3762,B787,9.35,5.23,9.04,No,Clear,Yes,5.49,8.35,Yes
3763,B787,3.73,4.36,5.28,No,Rain,No,4.08,1.91,No
3764,A380,0.15,3.63,9.84,No,Clear,No,9.27,8.19,Yes
3765,B787,6.06,1.13,0.08,No,Fog,Yes,3.76,4.85,Yes
3766,A350,2.94,5.42,1.34,Yes,Thunderstorm,Yes,0.26,2.88,No
3767,B787,0.36,0.64,2.52,No,Thunderstorm,Yes,4.4,3.73,Yes
3768,A320,3.43,7.67,4.89,Yes,Fog,Yes,4.79,3.9,Yes
3769,B737,4.0,8.74,7.62,Yes,Rain,No,1.14,7.73,Yes
3770,A320,1.69,8.34,4.53,Yes,Thunderstorm,No,6.77,1.24,Yes
3771,A350,3.43,5.05,9.13,Yes,Thunderstorm,No,6.88,5.77,No
3772,B787,1.55,8.11,2.76,No,Fog,No,8.44,2.46,Yes
3773,A320,3.8,2.27,0.81,Yes,Clear,Yes,0.64,3.79,No
3774,A380,8.78,8.25,3.89,Yes,Fog,Yes,5.23,0.8,No
3775,A320,3.73,3.29,5.97,Yes,Rain,No,6.85,6.37,No
3776,B737,7.17,2.83,0.77,No,Snow,No,4.59,8.48,Yes
3777,A380,1.48,9.74,7.68,No,Snow,No,4.46,1.75,No
3778,A350,2.09,6.59,8.29,Yes,Fog,Yes,1.92,3.43,Yes
3779,A380,3.06,9.74,7.0,Yes,Snow,Yes,5.75,1.87,Yes
3780,B787,5.42,2.41,5.86,No,Fog,Yes,5.23,1.6,No
3781,A350,4.28,3.72,5.99,Yes,Clear,Yes,7.45,8.89,No
3782,A350,1.61,0.97,6.25,No,Snow,No,5.16,7.71,Yes
3783,B787,6.96,6.03,9.99,No,Snow,Yes,4.48,4.17,No
3784,B787,2.44,1.53,5.39,No,Rain,Yes,0.18,3.44,Yes
3785,B737,5.66,8.37,0.2,Yes,Snow,No,7.68,7.61,No
3786,A350,1.34,8.14,0.61,Yes,Thunderstorm,Yes,2.56,0.55,Yes
3787,A320,0.71,6.95,7.76,Yes,Snow,No,1.41,6.49,No
3788,A380,4.53,1.47,9.73,No,Fog,Yes,9.01,6.58,Yes
3789,B787,6.1,9.47,0.88,Yes,Clear,Yes,1.74,3.96,No
3790,B787,7.28,0.17,2.38,No,Snow,Yes,0.19,6.59,Yes
3791,B787,1.16,9.05,9.99,Yes,Clear,Yes,5.67,4.51,No
3792,A320,6.96,4.2,9.65,Yes,Clear,Yes,9.65,4.56,No
3793,B737,9.8,9.1,6.74,No,Clear,No,0.7,6.11,No
3794,A380,2.76,1.71,7.41,No,Thunderstorm,Yes,5.18,8.56,No
3795,A320,8.97,4.93,5.25,No,Clear,No,1.6,1.44,No
3796,A320,0.81,9.5,9.16,No,Fog,No,1.92,9.51,No
3797,B737,7.59,8.53,2.27,Yes,Snow,No,9.04,1.44,No
3798,B737,8.57,5.02,6.53,Yes,Fog,No,9.34,6.39,No
3799,A320,7.17,1.45,0.34,No,Snow,No,2.36,8.93,No
3800,B737,8.06,6.88,1.91,No,Clear,No,2.34,3.71,No
3801,A350,7.7,0.6,0.87,Yes,Thunderstorm,Yes,3.96,2.44,Yes
3802,B787,5.17,0.17,4.08,Yes,Snow,Yes,7.18,6.89,No
3803,A380,8.51,3.63,7.31,No,Fog,Yes,4.67,2.59,No
3804,B787,5.35,5.79,9.51,No,Rain,Yes,4.15,9.8,Yes
3805,A350,7.77,7.11,2.93,No,Thunderstorm,No,5.37,2.52,No
3806,B787,2.43,9.18,0.75,Yes,Clear,No,8.34,8.55,Yes
3807,B737,4.74,9.31,4.6,Yes,Snow,Yes,4.7,2.78,Yes
3808,A380,9.66,6.37,7.33,No,Fog,Yes,2.5,5.04,No
3809,A320,7.34,5.35,6.63,No,Thunderstorm,No,2.41,0.99,No
3810,A380,4.54,6.57,7.32,No,Fog,No,3.06,2.39,Yes
3811,A320,2.52,7.15,2.01,Yes,Thunderstorm,Yes,8.77,9.36,Yes
3812,B787,1.39,2.66,6.31,Yes,Fog,Yes,0.23,3.38,Yes
3813,A320,0.34,9.77,6.29,No,Snow,No,5.26,6.0,Yes
3814,A350,9.56,2.14,3.37,No,Rain,No,7.6,5.49,No
3815,A380,6.98,8.66,9.84,No,Thunderstorm,No,6.67,0.67,No
3816,A380,4.37,8.23,3.58,Yes,Rain,No,6.62,2.66,Yes
3817,A350,8.71,5.09,0.53,Yes,Fog,No,2.2,3.67,Yes
3818,B787,9.61,2.3,0.94,No,Rain,No,3.05,2.18,Yes
3819,A350,0.52,2.75,5.03,No,Thunderstorm,No,8.63,0.99,No
3820,B737,7.79,2.2,8.28,Yes,Clear,No,2.92,5.4,Yes
3821,B787,3.32,1.85,1.65,Yes,Rain,Yes,2.19,1.32,Yes
3822,A350,8.74,3.47,7.94,Yes,Thunderstorm,No,1.64,1.16,Yes
3823,A380,2.07,6.71,0.82,No,Rain,Yes,1.74,2.2,No
3824,A380,5.92,4.58,1.14,Yes,Snow,Yes,5.42,3.2,No
3825,B787,6.52,1.9,1.38,No,Rain,Yes,1.75,8.67,No
3826,B737,0.34,2.65,9.79,No,Rain,Yes,0.2,1.77,Yes
3827,A380,1.74,2.83,0.25,No,Fog,No,5.96,2.04,Yes
3828,B787,2.01,7.98,7.12,No,Snow,Yes,7.93,5.03,No
3829,B787,9.38,2.26,7.98,No,Snow,No,3.02,6.72,Yes
3830,A380,3.56,3.83,4.3,No,Fog,Yes,7.83,3.91,No
3831,B787,1.72,9.5,3.28,Yes,Thunderstorm,Yes,9.89,6.96,No
3832,A350,7.0,7.69,2.17,Yes,Thunderstorm,Yes,1.9,5.26,Yes
3833,A380,7.1,3.17,4.27,Yes,Thunderstorm,Yes,1.03,7.15,Yes
3834,A350,2.13,1.71,7.36,No,Fog,Yes,3.46,2.36,Yes
3835,A380,6.93,4.76,1.35,Yes,Clear,No,4.51,3.18,No
3836,B787,0.03,9.36,3.45,Yes,Clear,Yes,3.71,2.48,No
3837,A380,0.05,0.51,5.08,Yes,Clear,No,7.97,8.89,Yes
3838,A350,1.6,9.58,5.27,Yes,Fog,No,8.6,4.69,No
3839,B737,9.17,1.3,6.09,No,Clear,No,0.5,2.04,No
3840,B787,3.76,4.62,0.92,No,Fog,No,8.01,8.36,No
3841,A320,9.58,3.66,3.75,Yes,Snow,Yes,8.36,7.21,No
3842,A320,3.61,3.39,9.55,No,Fog,Yes,3.92,1.67,Yes
3843,A350,4.15,0.57,4.09,No,Clear,No,8.72,3.25,No
3844,A380,9.83,2.93,1.46,No,Clear,No,2.38,7.14,Yes
3845,B787,7.39,3.14,3.34,Yes,Fog,No,9.89,6.87,No
3846,A350,5.79,6.69,6.34,Yes,Clear,No,8.84,7.71,Yes
3847,A320,7.8,6.97,9.49,No,Thunderstorm,Yes,5.42,5.03,No
3848,A320,0.52,1.33,8.53,No,Fog,No,7.52,2.4,No
3849,A320,0.85,0.84,2.59,Yes,Thunderstorm,No,5.74,3.2,No
3850,A380,4.21,9.71,4.2,Yes,Fog,Yes,4.5,7.94,No
3851,B787,1.81,1.01,2.57,Yes,Rain,No,9.99,1.98,Yes
3852,A380,3.95,4.43,5.1,No,Rain,No,6.39,2.67,No
3853,A350,9.47,2.22,9.58,No,Rain,Yes,9.95,6.0,No
3854,B787,2.35,3.42,7.52,No,Thunderstorm,No,0.21,5.16,Yes
3855,B787,0.28,1.34,1.16,No,Thunderstorm,No,2.49,1.4,No
3856,B737,3.5,0.42,7.15,Yes,Snow,No,6.41,5.96,No
3857,A350,3.75,8.56,1.27,Yes,Thunderstorm,No,9.87,3.99,No
3858,A380,7.77,2.62,0.38,Yes,Fog,Yes,0.99,8.27,Yes
3859,A320,1.17,8.02,1.64,No,Clear,No,9.48,2.14,No
3860,A350,3.96,4.28,4.79,No,Fog,No,1.2,3.58,No
3861,B737,2.79,1.78,0.63,Yes,Snow,Yes,4.03,6.47,Yes
3862,A380,7.13,5.75,6.0,Yes,Clear,No,8.71,0.29,Yes
3863,B737,2.13,2.55,3.64,Yes,Thunderstorm,Yes,6.67,4.49,No
3864,A320,0.83,2.52,6.74,Yes,Fog,Yes,2.73,0.55,No
3865,A320,9.63,5.5,6.0,No,Fog,No,9.63,5.7,Yes
3866,B787,4.41,4.6,9.0,No,Clear,No,1.96,3.06,No
3867,A320,0.01,3.09,1.76,Yes,Clear,No,4.84,3.2,No
3868,B787,8.7,0.29,9.08,No,Thunderstorm,No,3.76,8.58,Yes
3869,B737,7.45,3.35,4.76,Yes,Fog,Yes,1.68,6.17,No
3870,A350,8.18,9.64,1.1,Yes,Rain,Yes,1.26,2.66,No
3871,A380,3.51,9.04,9.6,Yes,Clear,No,7.76,4.5,Yes
3872,A350,6.87,7.59,9.53,No,Thunderstorm,Yes,2.37,0.57,No
3873,A350,9.29,3.21,2.79,Yes,Clear,No,0.01,5.7,No
3874,B787,3.39,5.28,0.25,Yes,Clear,No,0.84,4.48,No
3875,B787,1.29,6.73,2.54,No,Snow,No,6.36,7.9,Yes
3876,A350,8.49,8.39,5.03,No,Thunderstorm,Yes,4.11,8.55,No
3877,B787,5.35,3.0,4.06,No,Snow,No,0.88,0.03,No
3878,B737,4.21,3.16,9.23,Yes,Snow,No,9.27,9.42,Yes
3879,B737,6.09,1.63,3.19,Yes,Fog,Yes,6.24,3.2,Yes
3880,B737,2.42,6.76,2.99,No,Thunderstorm,Yes,7.38,8.46,No
3881,A320,8.99,6.29,7.19,No,Rain,No,1.48,9.08,No
3882,A380,8.14,5.08,4.46,No,Thunderstorm,Yes,8.22,0.14,Yes
3883,B737,0.8,9.97,1.5,No,Thunderstorm,No,0.03,1.84,Yes
3884,B787,0.18,5.5,2.82,No,Clear,No,5.82,0.66,No
3885,A350,1.35,8.28,9.51,Yes,Thunderstorm,Yes,0.65,6.27,No
3886,B787,2.03,6.1,8.17,Yes,Rain,No,9.87,4.05,Yes
3887,A350,6.99,2.15,5.46,Yes,Snow,Yes,3.05,5.47,Yes
3888,A350,1.12,1.12,6.17,No,Fog,No,4.79,3.23,No
3889,A320,9.47,9.26,4.79,Yes,Thunderstorm,Yes,3.6,4.86,Yes
3890,A350,8.95,8.03,0.82,Yes,Snow,Yes,6.19,0.83,No
3891,B787,1.47,5.87,5.3,Yes,Clear,Yes,7.71,8.63,Yes
3892,A350,4.3,1.0,0.76,Yes,Rain,No,0.29,0.68,No
3893,A350,0.45,1.65,6.56,Yes,Rain,Yes,3.1,9.48,No
3894,B787,1.98,5.29,5.65,Yes,Fog,No,5.98,9.88,No
3895,B737,8.7,3.67,9.72,No,Fog,Yes,9.32,4.74,No
3896,A380,4.27,7.51,1.28,Yes,Rain,No,7.94,3.7,Yes
3897,A380,1.51,1.07,6.68,No,Rain,No,1.94,8.39,No
3898,A320,7.18,4.97,8.55,No,Clear,Yes,9.39,4.32,Yes
3899,B737,4.4,9.19,9.34,No,Rain,Yes,7.0,0.32,Yes
3900,A350,3.63,9.84,7.75,No,Thunderstorm,Yes,9.69,4.61,No
3901,A320,5.48,1.88,8.35,No,Thunderstorm,Yes,2.4,6.07,Yes
3902,A350,4.21,4.11,8.76,No,Rain,No,4.19,1.0,No
3903,B737,3.32,5.82,1.57,No,Rain,No,3.74,5.75,Yes
3904,A380,8.35,4.33,3.18,Yes,Rain,No,2.0,0.72,No
3905,A380,8.17,3.32,1.13,No,Fog,Yes,2.02,9.94,No
3906,B737,7.14,5.28,3.73,Yes,Fog,No,3.99,5.18,No
3907,B737,1.14,4.31,8.01,No,Snow,No,3.94,9.8,No
3908,B787,9.39,4.8,2.81,Yes,Clear,No,3.84,2.84,Yes
3909,A320,6.89,4.85,4.92,No,Snow,No,1.71,1.27,No
3910,B737,6.98,3.42,2.33,Yes,Rain,Yes,8.3,6.98,No
3911,B787,6.61,9.41,4.68,No,Rain,No,7.2,1.35,No
3912,B787,7.28,8.12,0.81,Yes,Snow,No,0.25,7.16,No
3913,B787,6.86,1.36,4.49,Yes,Snow,Yes,3.48,7.25,No
3914,A350,3.81,2.39,5.38,No,Thunderstorm,No,0.88,1.05,Yes
3915,A380,9.79,5.85,2.04,Yes,Snow,Yes,2.95,4.22,Yes
3916,A350,0.14,9.46,9.01,Yes,Snow,No,8.38,6.05,No
3917,A320,6.73,6.19,1.52,Yes,Rain,No,7.88,4.1,No
3918,A320,5.24,6.49,0.9,Yes,Clear,Yes,5.13,0.55,Yes
3919,B737,2.97,6.27,2.01,Yes,Thunderstorm,Yes,0.2,5.65,Yes
3920,B737,8.31,9.58,1.09,No,Fog,Yes,1.45,4.11,Yes
3921,A380,9.78,4.09,4.07,Yes,Fog,No,9.04,6.77,No
3922,A380,9.13,2.36,8.78,No,Rain,No,6.84,0.68,No
3923,B787,0.06,5.78,3.57,No,Rain,No,3.83,3.98,Yes
3924,B737,7.24,1.66,0.78,Yes,Fog,No,4.48,0.97,Yes
3925,A380,0.13,5.4,9.91,Yes,Thunderstorm,Yes,6.41,9.84,Yes
3926,A320,4.59,5.15,2.91,No,Clear,No,7.21,2.21,No
3927,A350,5.49,0.48,1.0,Yes,Fog,Yes,7.15,0.9,Yes
3928,A350,6.78,0.73,7.0,Yes,Rain,No,0.4,9.35,No
3929,A320,7.88,0.64,3.47,Yes,Rain,No,6.73,7.64,Yes
3930,B737,2.2,0.36,6.98,No,Thunderstorm,No,6.35,6.06,No
3931,A320,0.28,6.43,3.04,No,Fog,Yes,5.31,4.39,No
3932,B737,1.19,1.83,0.73,Yes,Thunderstorm,No,9.51,0.91,No
3933,A320,8.66,9.66,6.58,No,Rain,No,3.31,5.9,No
3934,B787,6.46,9.48,7.51,Yes,Fog,No,3.02,7.96,Yes
3935,A320,8.15,1.64,3.7,No,Rain,No,6.27,4.91,Yes
3936,B787,2.47,6.4,8.08,No,Fog,No,1.63,4.88,No
3937,A350,5.24,6.91,4.04,No,Thunderstorm,No,0.25,1.3,No
3938,B737,8.06,4.02,4.94,Yes,Fog,Yes,3.64,4.61,No
3939,A320,1.39,4.09,2.85,No,Clear,No,4.68,1.64,Yes
3940,B737,9.35,6.89,2.32,No,Clear,No,7.27,3.32,Yes
3941,A320,4.36,4.37,9.55,No,Thunderstorm,No,3.24,4.33,Yes
3942,B787,8.1,9.6,3.12,Yes,Snow,No,2.15,7.22,Yes
3943,B737,2.76,9.91,0.96,Yes,Thunderstorm,Yes,4.94,5.64,Yes
3944,A380,9.15,9.04,7.99,No,Clear,No,6.54,0.93,Yes
3945,B787,2.84,0.94,4.89,No,Thunderstorm,No,6.01,3.25,No
3946,A350,9.73,4.14,2.61,No,Fog,No,8.87,8.04,Yes
3947,A380,2.04,5.08,0.81,No,Fog,No,4.98,6.22,Yes
3948,A380,9.87,6.66,7.68,Yes,Snow,Yes,7.94,7.67,Yes
3949,A380,8.49,9.5,2.99,No,Thunderstorm,No,5.26,6.76,No
3950,A320,8.38,4.97,3.31,No,Clear,No,8.84,2.18,Yes
3951,A380,6.5,3.37,8.47,Yes,Clear,No,3.05,4.33,No
3952,B737,2.16,0.0,4.87,No,Snow,Yes,7.07,7.47,Yes
3953,A320,8.12,9.05,9.16,No,Clear,Yes,6.04,8.9,No
3954,A350,5.93,9.61,0.06,No,Rain,No,6.54,6.21,No
3955,A320,5.72,3.9,8.09,No,Fog,Yes,9.48,1.79,Yes
3956,A320,6.91,6.19,2.31,Yes,Rain,Yes,3.29,0.98,Yes
3957,B737,6.25,7.24,9.24,Yes,Rain,Yes,1.29,4.28,No
3958,A380,9.24,2.2,8.6,Yes,Rain,No,0.25,2.61,No
3959,A380,1.8,6.41,2.76,Yes,Thunderstorm,No,2.32,7.79,No
3960,A320,7.32,1.62,4.18,Yes,Snow,No,1.94,1.31,Yes
3961,A380,4.55,3.31,9.61,Yes,Snow,Yes,6.26,5.31,Yes
3962,A320,0.62,2.14,1.83,Yes,Rain,No,9.85,3.06,Yes
3963,A380,3.84,1.61,8.32,Yes,Thunderstorm,Yes,5.38,9.67,No
3964,A350,6.09,4.66,6.41,Yes,Clear,No,4.07,2.46,No
3965,A350,7.88,7.83,1.23,Yes,Fog,Yes,9.28,1.78,Yes
3966,B737,6.92,2.82,1.46,No,Clear,No,5.76,1.9,Yes
3967,A320,6.59,8.63,2.4,Yes,Fog,Yes,9.28,7.21,No
3968,B787,5.66,7.03,7.41,Yes,Snow,No,4.12,1.64,Yes
3969,B737,7.08,2.16,8.54,No,Snow,Yes,1.21,7.58,Yes
3970,B737,4.31,5.28,2.24,Yes,Fog,Yes,1.64,1.95,Yes
3971,A380,5.83,1.52,1.42,Yes,Clear,No,2.2,7.29,No
3972,B737,4.6,5.25,2.86,Yes,Fog,No,0.9,5.68,No
3973,B787,0.97,4.21,4.94,Yes,Snow,No,3.83,9.03,Yes
3974,A350,2.74,5.97,2.69,No,Rain,No,4.4,1.64,Yes
3975,B787,8.12,8.85,9.38,No,Snow,Yes,8.92,8.82,No
3976,B737,6.63,3.54,5.3,No,Snow,No,3.57,4.82,Yes
3977,A380,5.11,1.31,4.76,No,Thunderstorm,Yes,1.97,0.16,No
3978,A350,2.48,2.36,9.72,No,Thunderstorm,Yes,7.16,6.88,Yes
3979,A320,8.65,5.76,3.43,Yes,Clear,Yes,3.12,1.2,No
3980,B737,7.73,8.04,2.34,Yes,Clear,No,6.98,3.13,Yes
3981,A380,8.84,9.52,1.31,Yes,Clear,No,8.5,6.01,No
3982,A380,9.45,9.5,5.33,Yes,Rain,No,6.26,1.21,No
3983,A320,2.44,9.04,8.01,Yes,Clear,Yes,5.38,6.77,No
3984,B787,9.14,9.03,2.4,No,Fog,Yes,4.5,5.42,No
3985,A380,1.22,9.43,2.87,No,Clear,No,4.55,3.35,No
3986,B787,3.11,9.15,3.31,Yes,Snow,No,0.32,8.81,Yes
3987,A350,2.59,4.11,6.41,Yes,Clear,No,8.27,3.72,Yes
3988,B787,7.49,6.7,3.54,Yes,Snow,No,1.87,1.15,No
3989,B737,7.23,6.38,4.3,Yes,Snow,Yes,7.8,0.81,No
3990,A320,6.18,7.61,7.72,Yes,Rain,No,3.58,8.04,Yes
3991,A320,4.73,8.61,4.63,No,Thunderstorm,Yes,8.01,3.08,Yes
3992,A320,5.82,9.7,9.83,No,Clear,Yes,1.1,5.42,Yes
3993,A350,0.24,9.06,0.62,No,Rain,Yes,5.66,1.59,No
3994,A380,1.09,9.41,1.04,No,Fog,Yes,8.05,2.3,Yes
3995,A320,1.99,0.21,8.44,Yes,Clear,No,6.12,6.12,Yes
3996,A350,2.8,3.06,7.91,Yes,Thunderstorm,Yes,6.46,6.81,Yes
3997,B737,9.37,8.9,6.8,No,Thunderstorm,Yes,5.82,3.28,Yes
3998,A380,0.22,4.48,1.69,Yes,Clear,Yes,2.39,1.46,No
3999,A380,6.98,9.26,4.74,No,Rain,No,4.49,3.69,Yes
4000,B737,6.76,1.02,7.45,Yes,Fog,Yes,2.87,6.99,Yes
4001,A320,4.13,1.74,1.04,No,Thunderstorm,Yes,3.4,0.66,No
4002,A320,0.22,2.53,9.3,Yes,Fog,No,1.16,6.52,Yes
4003,A380,9.41,2.28,7.51,Yes,Rain,No,3.31,4.57,No
4004,A320,6.59,9.3,8.05,No,Rain,Yes,4.07,4.22,No
4005,A380,0.84,2.77,6.09,No,Fog,No,0.33,5.48,No
4006,A350,5.27,6.98,2.85,Yes,Snow,Yes,5.33,6.81,Yes
4007,A380,8.91,1.11,7.8,Yes,Fog,No,7.52,4.13,Yes
4008,B737,3.18,5.63,2.61,Yes,Fog,No,5.33,4.0,No
4009,B737,7.84,2.25,4.01,No,Rain,Yes,1.86,5.52,Yes
4010,B737,4.28,0.96,9.26,Yes,Fog,Yes,3.75,0.61,Yes
4011,A350,1.98,5.4,9.12,Yes,Fog,Yes,0.23,3.17,No
4012,A320,0.42,8.61,3.37,No,Rain,Yes,1.91,6.48,No
4013,B737,4.59,9.49,7.3,No,Clear,No,3.68,9.47,Yes
4014,A350,7.0,5.03,8.07,No,Snow,No,5.88,0.79,No
4015,B787,2.69,4.73,2.93,Yes,Thunderstorm,No,4.08,2.32,No
4016,A320,6.96,3.17,9.42,Yes,Fog,No,4.87,8.33,Yes
4017,A320,1.07,0.18,7.75,Yes,Fog,No,8.77,6.19,No
4018,A350,3.53,6.78,0.5,No,Thunderstorm,No,3.42,7.61,No
4019,A350,5.03,9.53,0.78,Yes,Rain,No,5.57,6.27,Yes
4020,A380,0.63,4.98,2.38,Yes,Thunderstorm,No,6.3,5.46,No
4021,B787,4.55,8.53,1.72,Yes,Snow,No,7.75,3.91,Yes
4022,B787,5.58,8.24,5.51,No,Snow,Yes,2.28,7.89,Yes
4023,A380,9.89,1.76,1.43,Yes,Snow,Yes,4.74,3.14,No
4024,B787,4.08,5.84,5.98,Yes,Thunderstorm,Yes,0.05,9.48,Yes
4025,A380,1.12,4.29,9.41,No,Snow,No,7.46,5.67,No
4026,A380,7.82,1.97,1.12,No,Fog,No,3.4,3.68,No
4027,B787,7.97,1.22,1.04,Yes,Fog,No,1.24,9.95,Yes
4028,B737,0.28,1.32,7.94,No,Snow,No,1.58,1.75,Yes
4029,B737,4.07,5.95,2.07,No,Thunderstorm,No,3.25,3.5,Yes
4030,A380,2.91,0.27,9.32,Yes,Clear,Yes,4.6,6.64,Yes
4031,A320,5.06,1.24,7.75,Yes,Snow,Yes,4.84,5.42,No
4032,B787,2.83,9.29,1.13,Yes,Clear,No,3.28,1.25,No
4033,A320,7.22,2.24,1.73,Yes,Fog,Yes,2.68,5.71,No
4034,A320,4.22,5.89,6.05,Yes,Snow,Yes,5.31,0.07,Yes
4035,A320,2.84,1.9,7.87,No,Thunderstorm,Yes,9.82,4.5,No
4036,A320,2.35,6.57,6.04,No,Clear,No,4.23,4.56,Yes
4037,B737,9.18,2.77,8.3,Yes,Rain,Yes,3.62,3.06,No
4038,A350,4.9,7.85,5.09,No,Fog,Yes,0.49,5.44,Yes
4039,B737,7.67,8.15,2.56,No,Clear,No,2.68,8.85,Yes
4040,A320,6.48,5.83,9.83,Yes,Thunderstorm,No,2.86,2.27,No
4041,A350,1.47,7.25,1.7,Yes,Rain,No,7.02,1.08,Yes
4042,A320,8.16,5.7,7.29,Yes,Fog,No,8.95,2.69,Yes
4043,A350,8.4,1.04,9.42,No,Rain,Yes,6.63,3.68,Yes
4044,A350,3.23,3.34,3.09,Yes,Fog,No,6.03,1.56,Yes
4045,A350,7.4,1.72,3.82,Yes,Snow,No,4.73,9.9,No
4046,A350,3.68,6.04,9.68,No,Clear,No,8.58,3.19,No
4047,B737,0.77,0.0,3.33,Yes,Clear,Yes,5.22,1.93,No
4048,B787,7.6,3.13,8.86,Yes,Rain,No,3.11,0.93,No
4049,B787,2.14,1.54,0.08,No,Fog,No,4.2,5.85,Yes
4050,B737,2.15,4.21,6.93,Yes,Snow,No,7.01,0.74,No
4051,B737,7.07,0.77,7.88,No,Snow,No,4.23,2.81,Yes
4052,B737,3.32,4.32,7.16,No,Fog,Yes,9.57,3.5,Yes
4053,B787,5.16,0.94,0.76,Yes,Rain,No,5.35,6.26,Yes
4054,A350,9.28,7.87,5.99,No,Clear,Yes,8.33,0.48,Yes
4055,B787,0.79,9.35,3.3,No,Snow,Yes,5.26,4.64,No
4056,B737,9.91,3.35,4.11,Yes,Rain,Yes,2.58,7.89,Yes
4057,A380,0.61,3.68,5.34,No,Rain,No,7.86,2.1,No
4058,B737,8.13,1.51,4.82,Yes,Thunderstorm,No,4.26,6.63,Yes
4059,A380,6.64,1.52,5.34,Yes,Snow,No,5.53,4.44,No
4060,A350,6.11,5.85,4.36,No,Thunderstorm,No,0.6,3.54,Yes
4061,B737,2.61,8.29,8.38,No,Thunderstorm,Yes,3.21,7.71,No
4062,A350,2.82,2.94,9.33,Yes,Clear,Yes,3.77,2.57,Yes
4063,A350,6.04,6.12,6.26,No,Rain,Yes,2.48,0.38,No
4064,B737,6.36,0.52,8.29,Yes,Rain,No,0.58,6.13,Yes
4065,A320,2.93,6.03,1.51,Yes,Fog,Yes,0.65,6.04,No
4066,A320,4.79,9.25,1.89,No,Rain,No,8.09,8.95,No
4067,B737,5.74,1.02,7.55,Yes,Thunderstorm,No,1.2,6.2,Yes
4068,B737,4.26,1.69,0.74,Yes,Snow,No,4.86,4.03,No
4069,A380,4.78,1.92,5.38,No,Thunderstorm,No,9.85,5.73,No
4070,B787,1.22,5.1,9.8,No,Fog,Yes,4.23,1.68,No
4071,A320,6.35,6.43,2.55,Yes,Thunderstorm,No,5.36,3.69,Yes
4072,A350,7.24,5.35,2.74,Yes,Rain,No,9.15,4.48,Yes
4073,B737,3.53,7.99,7.49,No,Snow,No,2.46,6.48,No
4074,B737,1.55,9.16,0.95,Yes,Rain,Yes,3.74,7.87,No
4075,B737,3.68,4.13,2.77,No,Rain,Yes,5.54,6.49,No
4076,A380,3.7,9.43,5.62,No,Rain,No,4.74,3.24,No
4077,A350,6.51,2.78,1.61,No,Clear,Yes,9.79,0.99,Yes
4078,A380,3.84,2.14,0.52,Yes,Rain,No,5.96,8.39,Yes
4079,B737,9.63,4.73,4.11,No,Fog,No,8.39,7.16,Yes
4080,B737,6.09,1.42,2.78,No,Fog,No,5.64,7.6,Yes
4081,B787,6.72,0.77,9.98,Yes,Snow,No,8.24,7.83,Yes
4082,B737,3.4,2.34,6.2,No,Clear,Yes,0.58,9.84,Yes
4083,A320,2.97,7.26,1.57,No,Fog,No,0.99,9.83,Yes
4084,B737,1.47,5.89,9.75,Yes,Clear,Yes,4.56,2.36,Yes
4085,B787,5.51,6.44,9.68,No,Thunderstorm,Yes,5.39,6.63,No
4086,A320,7.8,6.41,0.17,Yes,Snow,No,2.37,2.16,No
4087,A350,1.66,4.89,5.09,Yes,Thunderstorm,Yes,6.91,7.25,Yes
4088,A380,7.26,7.38,1.15,No,Rain,Yes,4.45,7.6,Yes
4089,B787,1.02,4.72,4.08,Yes,Thunderstorm,No,5.11,4.22,Yes
4090,A320,6.47,1.11,2.18,Yes,Rain,No,9.05,7.33,Yes
4091,B737,8.4,7.22,1.13,No,Clear,Yes,8.73,3.31,Yes
4092,A350,3.29,4.41,1.82,No,Thunderstorm,Yes,8.19,5.3,No
4093,B787,6.96,5.36,4.81,No,Clear,No,1.84,6.63,Yes
4094,B737,8.28,1.65,1.36,No,Snow,No,8.65,0.54,No
4095,A380,9.12,1.32,6.23,Yes,Snow,No,9.11,7.99,Yes
4096,B737,6.53,0.19,9.36,Yes,Fog,No,8.15,7.86,No
4097,A380,5.47,5.59,6.32,Yes,Rain,No,3.63,6.91,Yes
4098,B787,5.3,5.11,0.75,No,Fog,Yes,6.31,7.72,No
4099,A380,2.97,1.04,0.18,No,Rain,No,1.07,0.61,Yes
4100,B737,9.41,7.48,2.39,Yes,Thunderstorm,No,7.48,6.09,Yes
4101,B787,9.35,6.87,0.46,Yes,Thunderstorm,No,0.48,0.01,No
4102,B737,6.68,1.65,4.45,Yes,Clear,No,2.18,4.07,Yes
4103,B737,3.6,4.51,4.75,No,Thunderstorm,No,6.96,0.22,No
4104,A380,8.6,3.73,3.34,No,Rain,Yes,7.47,7.3,Yes
4105,A320,1.9,7.46,0.29,No,Thunderstorm,Yes,7.42,4.29,No
4106,A380,9.12,5.17,2.05,No,Fog,Yes,5.75,3.5,Yes
4107,B737,5.41,0.1,6.45,Yes,Thunderstorm,No,6.32,1.36,Yes
4108,A320,9.67,9.5,2.15,No,Snow,No,0.31,8.34,No
4109,B737,3.35,2.8,3.97,Yes,Snow,No,4.6,9.14,No
4110,A350,3.32,0.03,0.22,No,Clear,No,4.46,6.67,No
4111,A350,5.85,4.43,7.13,Yes,Thunderstorm,No,6.71,3.41,Yes
4112,B737,5.17,5.66,3.73,Yes,Snow,No,7.31,9.01,No
4113,A380,5.09,3.41,2.65,Yes,Snow,No,4.06,9.96,No
4114,A380,4.78,1.66,6.97,No,Fog,No,1.25,9.91,Yes
4115,A380,7.7,8.84,6.54,Yes,Fog,Yes,5.21,8.18,No
4116,B787,8.42,5.66,8.05,No,Thunderstorm,Yes,3.24,3.57,Yes
4117,A380,7.0,7.21,5.49,No,Clear,Yes,4.76,3.79,No
4118,A320,0.47,9.74,6.45,No,Fog,Yes,3.6,9.22,No
4119,A350,7.05,8.5,7.11,Yes,Snow,Yes,3.93,7.41,Yes
4120,B737,3.8,0.26,8.77,No,Fog,Yes,3.58,7.77,No
4121,B787,2.38,8.34,8.76,No,Thunderstorm,Yes,0.1,8.15,No
4122,A320,4.02,3.22,0.15,Yes,Rain,Yes,0.19,8.97,No
4123,A350,6.75,2.0,0.1,No,Rain,Yes,3.61,4.28,Yes
4124,A380,9.12,9.81,4.42,No,Rain,No,3.09,1.81,Yes
4125,B787,4.43,8.27,5.52,Yes,Clear,No,6.49,5.49,No
4126,A320,2.15,7.48,2.62,No,Fog,Yes,4.61,2.82,No
4127,A350,6.99,8.95,1.17,No,Snow,No,7.47,7.01,Yes
4128,B787,1.76,9.13,3.91,Yes,Fog,No,8.56,4.69,Yes
4129,A380,1.52,8.0,7.04,Yes,Thunderstorm,No,6.37,4.15,Yes
4130,B787,1.72,0.89,5.36,Yes,Thunderstorm,No,6.77,4.5,Yes
4131,B787,3.81,3.46,8.21,Yes,Clear,No,2.72,5.88,No
4132,A320,1.2,6.49,3.18,No,Fog,No,3.25,6.46,Yes
4133,B787,4.86,10.0,4.02,No,Snow,Yes,9.97,1.46,No
4134,B737,6.37,8.75,9.95,No,Snow,Yes,8.42,7.63,Yes
4135,A350,7.59,3.16,7.62,Yes,Clear,No,2.63,6.51,Yes
4136,B787,9.75,1.83,8.24,No,Fog,No,4.92,1.89,Yes
4137,B737,3.01,5.95,4.17,Yes,Rain,No,7.62,5.53,No
4138,A380,2.97,5.1,7.69,Yes,Thunderstorm,Yes,1.25,6.87,Yes
4139,A320,2.96,2.08,9.02,Yes,Rain,Yes,3.03,6.7,Yes
4140,A380,1.27,8.47,7.53,No,Clear,No,6.87,8.78,Yes
4141,B737,7.71,3.39,8.49,Yes,Fog,No,2.22,8.57,Yes
4142,A350,7.8,5.47,4.87,Yes,Clear,Yes,3.01,8.78,No
4143,A320,9.96,6.09,5.02,Yes,Snow,No,7.96,3.88,No
4144,A320,6.16,5.79,6.63,No,Clear,No,4.12,6.16,No
4145,A320,3.83,3.72,8.19,Yes,Snow,No,7.07,0.78,No
4146,A380,8.24,8.95,9.29,No,Clear,No,8.65,0.11,No
4147,B737,0.37,0.65,7.14,No,Clear,No,7.7,1.99,No
4148,B737,8.56,2.28,2.84,Yes,Thunderstorm,No,9.82,1.16,Yes
4149,B737,5.43,1.61,9.08,Yes,Clear,Yes,3.06,8.42,No
4150,A380,9.81,4.74,2.89,No,Thunderstorm,Yes,3.16,6.16,Yes
4151,B737,1.29,1.56,4.27,Yes,Thunderstorm,Yes,3.8,0.03,No
4152,A320,8.5,5.23,7.05,Yes,Thunderstorm,No,7.93,9.57,No
4153,B737,8.29,8.94,7.08,Yes,Thunderstorm,Yes,0.3,2.96,No
4154,A320,1.6,7.44,4.36,Yes,Fog,Yes,6.87,6.66,Yes
4155,B787,5.96,1.95,8.07,Yes,Clear,No,3.59,5.1,Yes
4156,B737,4.62,7.14,5.66,No,Snow,No,1.05,8.46,Yes
4157,A380,3.66,0.47,0.61,Yes,Rain,Yes,9.7,7.22,Yes
4158,B787,5.56,9.34,3.54,Yes,Clear,Yes,6.44,1.97,Yes
4159,A380,8.52,3.72,2.12,Yes,Snow,Yes,0.24,3.84,Yes
4160,A320,2.13,4.01,1.61,No,Snow,Yes,6.16,2.31,Yes
4161,B737,0.41,1.59,2.18,Yes,Rain,Yes,9.7,1.3,Yes
4162,A350,7.12,6.43,0.72,Yes,Fog,No,5.83,3.21,No
4163,B787,3.51,1.35,7.66,No,Fog,Yes,0.26,1.94,No
4164,A350,0.21,1.67,8.05,No,Clear,No,7.39,7.71,Yes
4165,A380,7.03,6.91,6.16,Yes,Fog,Yes,6.07,6.4,Yes
4166,B737,5.52,0.22,1.91,No,Fog,Yes,9.92,3.21,Yes
4167,A320,1.97,1.09,4.34,Yes,Clear,Yes,5.91,2.99,Yes
4168,A320,2.87,1.12,8.1,No,Thunderstorm,No,1.83,6.7,No
4169,A380,7.48,1.5,1.72,Yes,Snow,No,1.08,6.17,Yes
4170,A350,1.11,3.72,7.21,No,Snow,No,7.63,0.2,No
4171,A350,0.04,4.84,7.44,Yes,Snow,Yes,7.88,2.98,Yes
4172,A380,9.79,6.43,8.1,No,Fog,Yes,7.07,6.7,Yes
4173,A350,2.79,8.76,5.25,Yes,Thunderstorm,No,7.94,2.16,No
4174,B737,6.04,3.29,5.47,Yes,Snow,Yes,0.92,5.06,No
4175,A350,6.77,4.17,8.81,No,Thunderstorm,No,9.66,1.39,Yes
4176,B737,7.64,8.07,5.36,No,Clear,Yes,7.38,4.55,No
4177,A380,3.17,2.76,0.71,Yes,Snow,Yes,8.09,1.18,No
4178,B787,5.04,0.81,5.16,Yes,Fog,Yes,8.0,0.17,No
4179,A380,0.3,6.55,3.6,Yes,Rain,Yes,5.86,7.32,Yes
4180,A380,5.31,6.39,8.86,Yes,Thunderstorm,No,3.2,8.34,No
4181,B737,0.16,7.56,0.6,No,Rain,Yes,2.65,4.62,Yes
4182,A320,1.02,5.94,6.31,No,Rain,No,3.03,6.41,Yes
4183,A320,5.55,6.12,4.77,No,Snow,No,4.22,0.86,Yes
4184,A350,8.44,1.22,4.83,Yes,Clear,No,8.73,3.09,Yes
4185,A350,4.9,4.29,9.87,No,Thunderstorm,Yes,7.82,8.56,No
4186,A380,9.9,2.66,8.01,No,Fog,No,6.86,4.26,Yes
4187,A350,8.01,6.54,9.76,Yes,Fog,Yes,5.45,6.79,Yes
4188,B787,8.81,6.59,7.76,No,Rain,No,6.09,7.29,No
4189,A380,8.38,3.78,4.77,Yes,Fog,No,4.71,9.99,No
4190,A380,6.5,8.01,6.82,Yes,Thunderstorm,No,9.51,0.19,No
4191,A320,4.28,1.5,4.17,No,Rain,No,2.45,9.02,No
4192,A380,8.04,7.29,2.88,Yes,Snow,Yes,6.29,7.9,No
4193,A320,6.66,0.64,1.59,No,Clear,No,1.68,4.08,Yes
4194,A320,2.6,1.78,6.94,No,Rain,Yes,5.07,0.72,No
4195,B787,7.29,8.98,8.02,No,Snow,Yes,4.62,1.44,No
4196,B787,3.86,7.35,5.96,Yes,Fog,Yes,1.55,4.42,Yes
4197,A380,9.3,8.6,6.9,No,Thunderstorm,Yes,4.73,7.11,No
4198,A320,8.44,8.59,7.88,Yes,Clear,No,4.59,0.21,Yes
4199,B737,3.94,0.35,9.13,No,Clear,No,3.75,6.26,Yes
4200,A380,5.47,9.06,9.98,No,Thunderstorm,Yes,1.57,8.57,Yes
4201,B737,9.76,2.11,2.73,Yes,Clear,Yes,4.79,4.83,Yes
4202,A350,2.17,8.29,8.87,Yes,Clear,Yes,4.8,6.77,No
4203,A320,4.99,4.25,7.26,No,Rain,No,4.53,4.2,No
4204,A350,2.42,8.61,9.0,Yes,Fog,Yes,1.69,9.62,No
4205,B787,3.99,6.97,3.64,Yes,Snow,Yes,0.67,4.44,Yes
4206,B737,7.31,0.53,5.86,No,Clear,No,7.46,5.98,Yes
4207,A380,4.15,8.41,8.96,Yes,Clear,No,2.63,3.14,Yes
4208,B787,6.65,1.47,5.75,Yes,Fog,No,9.45,8.93,Yes
4209,B787,3.95,7.5,8.75,No,Fog,No,1.44,0.56,No
4210,A380,2.54,6.63,9.45,Yes,Thunderstorm,Yes,3.8,7.21,Yes
4211,A320,3.87,5.08,9.27,Yes,Snow,Yes,4.59,5.5,No
4212,B787,6.05,7.74,5.63,No,Clear,No,4.34,0.81,Yes
4213,A380,8.82,7.89,2.46,No,Clear,Yes,7.48,8.34,Yes
4214,A320,3.77,0.13,8.02,No,Fog,No,5.32,7.05,Yes
4215,A350,6.3,3.6,8.68,No,Fog,Yes,5.93,7.49,Yes
4216,A320,7.81,8.62,0.62,Yes,Fog,Yes,6.1,6.33,No
4217,A320,9.69,9.68,2.24,Yes,Thunderstorm,Yes,8.75,7.7,No
4218,B737,1.17,3.12,9.6,Yes,Clear,Yes,0.37,0.28,No
4219,A350,0.6,0.39,3.69,Yes,Clear,Yes,9.51,3.27,No
4220,A320,2.8,1.55,8.52,Yes,Clear,Yes,9.75,9.38,Yes
4221,B737,7.48,0.7,5.39,Yes,Thunderstorm,Yes,3.59,2.38,Yes
4222,B787,2.58,9.81,8.8,Yes,Rain,No,0.1,9.76,No
4223,A350,3.75,4.14,5.8,No,Thunderstorm,Yes,8.57,1.71,No
4224,B737,9.39,1.54,4.47,Yes,Rain,Yes,1.54,1.14,No
4225,B737,8.8,4.11,7.65,Yes,Snow,No,2.79,3.6,No
4226,A350,2.42,4.73,7.18,No,Clear,No,2.15,1.39,Yes
4227,A350,4.79,5.16,1.69,No,Fog,Yes,9.46,1.4,No
4228,A380,2.65,5.6,2.64,No,Thunderstorm,No,5.15,9.07,Yes
4229,B737,4.31,3.15,6.89,Yes,Fog,Yes,5.47,9.27,Yes
4230,B787,6.32,0.72,7.57,No,Rain,Yes,7.8,7.91,Yes
4231,A350,5.85,5.66,1.31,Yes,Clear,Yes,2.88,5.65,Yes
4232,B787,9.05,1.08,8.82,Yes,Snow,No,7.99,3.72,Yes
4233,B787,1.6,8.0,0.89,Yes,Snow,No,0.89,9.64,Yes
4234,A320,5.21,9.84,8.15,No,Snow,Yes,7.71,5.05,Yes
4235,B737,3.21,0.4,0.17,No,Clear,No,9.84,3.89,Yes
4236,A350,5.51,1.42,8.01,No,Rain,No,0.51,5.06,No
4237,A320,1.64,5.44,5.86,No,Rain,Yes,8.44,2.4,Yes
4238,A380,5.72,8.3,0.54,No,Fog,Yes,4.22,3.69,Yes
4239,B787,3.38,9.03,4.3,No,Thunderstorm,Yes,8.65,5.06,Yes
4240,A320,2.29,0.5,6.53,No,Clear,Yes,6.49,3.27,Yes
4241,A320,2.94,2.7,7.34,No,Snow,Yes,2.58,6.57,No
4242,A380,0.26,0.74,7.01,Yes,Fog,No,8.19,1.57,No
4243,A350,4.75,3.25,5.12,No,Clear,No,4.71,4.3,Yes
4244,A350,3.06,7.39,0.54,Yes,Rain,Yes,9.99,0.06,Yes
4245,A350,3.17,4.83,7.32,Yes,Rain,Yes,2.14,6.55,Yes
4246,A380,6.68,4.31,3.41,Yes,Rain,No,4.01,2.68,Yes
4247,B737,5.82,2.54,9.64,No,Thunderstorm,Yes,5.09,2.28,No
4248,B787,9.95,5.11,6.9,Yes,Rain,Yes,6.62,2.12,No
4249,B787,2.64,4.21,2.18,Yes,Clear,Yes,5.49,3.52,No
4250,A350,3.42,9.64,7.25,No,Fog,Yes,5.26,7.45,No
4251,A380,4.97,6.54,3.81,No,Fog,Yes,2.09,5.49,Yes
4252,B787,2.24,0.73,9.75,No,Clear,No,7.39,7.62,Yes
4253,A320,7.02,1.99,4.6,No,Thunderstorm,Yes,8.56,8.06,No
4254,A350,2.01,4.24,2.52,No,Rain,No,0.83,6.3,No
4255,A380,6.19,0.52,0.36,No,Rain,Yes,6.46,3.02,No
4256,A380,6.14,8.25,2.35,Yes,Rain,Yes,3.9,5.03,No
4257,A380,7.91,1.95,2.74,No,Snow,No,2.92,8.84,Yes
4258,A320,1.5,7.24,9.66,Yes,Fog,No,2.66,8.44,Yes
4259,A320,9.44,8.8,3.29,No,Rain,No,1.48,8.74,Yes
4260,B737,8.68,8.06,7.11,Yes,Fog,Yes,1.08,9.79,Yes
4261,B737,9.31,5.62,7.4,Yes,Thunderstorm,No,9.8,7.89,No
4262,A380,2.19,9.67,1.45,No,Snow,No,1.71,6.48,Yes
4263,A320,4.39,2.84,2.96,No,Snow,Yes,0.94,5.88,Yes
4264,A380,2.74,4.68,7.07,Yes,Fog,Yes,3.95,2.03,Yes
4265,B737,9.77,4.0,4.69,No,Snow,Yes,1.46,5.18,No
4266,A350,0.26,5.51,7.58,No,Clear,Yes,8.98,8.58,Yes
4267,A380,6.09,3.86,6.27,Yes,Rain,Yes,5.04,8.36,No
4268,A320,8.34,1.81,6.39,Yes,Clear,Yes,9.16,1.77,No
4269,B787,1.75,9.97,7.22,Yes,Fog,No,0.55,9.58,Yes
4270,B737,0.3,5.18,8.08,No,Snow,No,6.73,2.4,Yes
4271,B787,9.57,3.45,1.15,No,Snow,Yes,7.51,3.86,Yes
4272,A350,7.9,6.12,1.01,No,Fog,No,6.36,5.5,Yes
4273,A380,3.69,8.44,0.84,No,Thunderstorm,Yes,4.74,4.18,No
4274,B737,0.53,6.87,1.44,Yes,Rain,Yes,9.99,1.15,Yes
4275,B787,5.08,3.82,1.47,Yes,Thunderstorm,Yes,9.59,2.66,No
4276,A380,3.07,1.94,8.89,Yes,Clear,No,9.47,1.33,No
4277,A380,2.28,7.8,6.62,Yes,Rain,No,2.84,5.52,No
4278,A320,4.45,4.6,8.12,No,Clear,Yes,6.26,0.79,No
4279,B737,1.83,6.62,1.84,No,Fog,Yes,2.57,1.58,Yes
4280,A350,0.83,6.17,6.39,Yes,Thunderstorm,Yes,0.11,7.28,Yes
4281,B737,3.61,5.85,0.73,Yes,Rain,No,8.58,7.76,Yes
4282,B787,6.97,9.01,9.66,No,Thunderstorm,No,9.55,7.84,Yes
4283,B787,0.91,2.41,2.53,No,Clear,No,1.22,4.83,No
4284,B787,4.01,4.71,0.74,Yes,Rain,No,1.37,0.32,Yes
4285,B787,1.39,7.17,7.85,No,Snow,Yes,3.26,6.19,No
4286,A380,3.96,7.15,2.37,No,Snow,Yes,7.19,2.44,No
4287,A350,4.49,4.72,4.85,Yes,Fog,Yes,6.44,6.05,Yes
4288,B787,3.53,4.5,1.63,No,Thunderstorm,No,1.26,3.96,Yes
4289,B787,5.21,0.31,1.01,No,Rain,No,9.96,6.34,Yes
4290,A350,6.5,5.65,3.01,Yes,Clear,No,5.38,2.75,No
4291,A380,4.01,0.55,4.26,No,Thunderstorm,No,5.13,7.27,No
4292,A320,4.12,4.2,2.51,No,Snow,Yes,9.93,1.98,Yes
4293,A320,4.48,8.89,6.27,Yes,Snow,No,9.63,1.56,No
4294,A380,1.21,6.84,3.6,No,Snow,Yes,1.03,4.07,No
4295,A380,3.03,0.84,1.47,No,Fog,No,2.84,4.79,No
4296,A380,4.4,2.56,8.58,No,Snow,Yes,3.25,5.87,No
4297,A350,1.55,8.32,6.6,No,Rain,No,9.45,1.78,Yes
4298,B737,9.7,3.46,8.22,No,Fog,No,4.81,5.61,Yes
4299,A320,8.56,1.22,2.0,Yes,Rain,No,5.81,4.66,No
4300,B787,3.33,2.13,6.46,Yes,Fog,Yes,3.59,7.13,No
4301,A350,6.49,2.89,9.56,Yes,Snow,No,1.07,8.43,Yes
4302,A320,2.86,4.21,2.4,Yes,Rain,Yes,6.23,4.63,No
4303,A320,9.4,5.08,3.5,No,Clear,No,5.18,7.61,Yes
4304,A320,2.69,0.91,5.73,Yes,Fog,Yes,9.8,7.95,Yes
4305,A380,5.8,1.09,6.29,Yes,Rain,Yes,9.81,0.47,Yes
4306,A350,6.71,9.37,0.75,No,Snow,Yes,7.84,0.3,Yes
4307,A350,9.92,3.62,8.34,Yes,Thunderstorm,No,5.59,5.39,Yes
4308,A320,1.13,8.76,0.86,Yes,Clear,Yes,5.22,2.99,Yes
4309,A380,7.16,4.9,8.64,No,Rain,No,6.05,8.56,No
4310,A320,3.44,2.95,9.5,No,Snow,Yes,0.68,0.33,Yes
4311,B787,0.91,1.03,0.63,No,Thunderstorm,No,4.57,1.3,No
4312,A350,4.36,3.7,6.99,Yes,Snow,No,6.72,6.7,Yes
4313,B737,7.28,4.06,6.46,No,Clear,Yes,3.11,4.21,Yes
4314,B737,2.22,7.16,8.87,Yes,Clear,No,6.47,6.51,No
4315,B737,2.65,4.88,4.38,No,Thunderstorm,Yes,9.14,2.81,Yes
4316,A350,9.77,0.15,0.84,Yes,Rain,Yes,7.1,8.22,No
4317,A320,8.53,5.14,8.68,Yes,Snow,Yes,0.53,2.33,Yes
4318,A320,1.04,6.26,9.05,Yes,Clear,Yes,6.47,9.69,Yes
4319,A380,3.56,3.98,5.9,No,Clear,No,6.81,9.63,Yes
4320,A380,7.94,1.06,1.64,No,Fog,No,8.93,6.17,Yes
4321,A350,5.77,0.56,8.13,Yes,Clear,Yes,9.16,7.68,Yes
4322,B737,8.04,3.58,0.78,No,Thunderstorm,No,8.13,5.53,No
4323,A350,0.79,4.22,5.62,Yes,Thunderstorm,No,4.37,5.2,No
4324,B737,1.35,9.3,8.77,No,Fog,Yes,0.59,4.55,Yes
4325,A380,1.16,6.85,8.14,Yes,Fog,Yes,6.39,2.25,No
4326,B787,6.15,3.64,0.31,No,Fog,No,3.76,9.15,Yes
4327,B737,7.72,9.39,1.14,No,Rain,No,4.53,8.86,Yes
4328,A350,7.21,1.47,3.11,No,Thunderstorm,No,5.9,1.45,No
4329,A380,6.65,9.03,1.12,Yes,Thunderstorm,No,7.26,4.63,Yes
4330,B737,8.44,7.36,3.45,Yes,Thunderstorm,Yes,4.97,5.25,Yes
4331,A320,9.9,8.22,0.99,Yes,Rain,Yes,0.25,0.87,Yes
4332,B737,5.29,3.19,6.37,Yes,Fog,Yes,3.28,8.1,No
4333,A320,0.92,3.7,7.86,No,Clear,No,1.69,0.9,Yes
4334,B737,6.59,4.02,8.63,Yes,Clear,No,7.67,2.79,Yes
4335,A350,6.54,1.74,8.72,Yes,Rain,No,1.79,9.65,No
4336,A350,0.56,0.91,5.34,Yes,Snow,No,0.07,6.14,No
4337,A380,7.73,7.15,7.08,Yes,Thunderstorm,Yes,7.75,4.59,No
4338,A350,9.0,7.98,5.38,No,Clear,No,6.6,0.61,Yes
4339,A320,2.53,3.9,3.9,Yes,Clear,Yes,0.7,3.5,Yes
4340,A380,4.41,7.92,5.7,No,Snow,Yes,8.91,2.68,No
4341,A350,5.86,8.82,7.63,Yes,Clear,No,3.39,5.46,No
4342,A320,9.04,2.44,8.35,No,Clear,No,8.1,1.82,Yes
4343,B787,8.9,8.56,5.3,No,Fog,Yes,6.26,8.81,No
4344,A320,8.75,4.45,9.59,Yes,Clear,No,8.86,8.4,Yes
4345,B787,2.28,4.87,9.5,Yes,Fog,No,9.08,7.17,Yes
4346,B737,8.59,5.05,7.66,No,Fog,No,5.08,4.13,No
4347,B737,2.88,5.49,4.98,Yes,Fog,No,5.16,2.43,No
4348,A320,8.0,5.38,0.53,No,Snow,Yes,6.13,1.38,Yes
4349,B737,4.1,6.07,7.53,Yes,Thunderstorm,No,7.03,9.41,Yes
4350,A380,7.84,1.51,4.05,Yes,Thunderstorm,No,4.9,8.72,Yes
4351,A350,2.78,3.66,9.24,No,Fog,No,8.99,8.75,Yes
4352,B787,1.38,0.27,8.61,Yes,Thunderstorm,Yes,6.23,1.21,Yes
4353,B737,1.27,5.7,6.78,No,Clear,No,6.58,0.13,Yes
4354,B737,8.72,1.64,8.77,No,Clear,Yes,1.41,4.25,No
4355,A350,0.15,5.86,2.76,No,Clear,No,8.71,0.64,No
4356,B787,4.33,0.67,6.96,Yes,Fog,No,8.73,1.57,No
4357,A320,7.53,9.62,1.79,No,Clear,Yes,1.22,9.54,Yes
4358,B787,6.97,8.03,1.49,Yes,Rain,No,5.1,2.62,Yes
4359,B787,9.83,6.11,2.2,No,Thunderstorm,No,0.09,7.37,No
4360,A320,1.14,5.03,2.74,Yes,Clear,Yes,0.06,2.29,Yes
4361,B787,8.2,4.86,1.21,No,Thunderstorm,Yes,4.79,0.9,Yes
4362,A320,4.64,8.65,6.24,No,Thunderstorm,No,8.58,2.02,No
4363,B787,6.87,5.58,1.27,Yes,Fog,Yes,3.61,1.82,No
4364,A380,9.94,9.31,9.21,No,Fog,No,4.13,3.48,Yes
4365,A380,7.14,1.41,7.86,No,Clear,No,1.54,4.22,Yes
4366,B787,0.06,6.59,0.3,Yes,Clear,Yes,3.9,4.66,No
4367,B737,6.5,7.41,3.82,No,Snow,No,5.42,5.81,No
4368,A320,9.42,2.92,6.81,Yes,Snow,Yes,0.92,9.0,No
4369,B787,4.05,8.02,8.41,Yes,Snow,No,5.61,1.24,Yes
4370,A320,0.95,7.59,6.46,Yes,Thunderstorm,No,4.26,7.67,Yes
4371,A350,1.68,0.59,6.28,No,Fog,Yes,9.27,4.56,Yes
4372,B737,3.62,4.42,5.95,No,Rain,No,0.29,0.76,No
4373,B737,2.4,5.56,4.74,Yes,Rain,Yes,8.71,5.49,Yes
4374,B737,7.7,5.12,0.73,Yes,Fog,No,4.97,5.08,No
4375,A320,9.91,3.55,1.17,No,Rain,No,7.92,1.91,No
4376,A320,5.91,9.84,7.97,No,Rain,Yes,2.31,8.74,Yes
4377,A320,8.72,6.04,5.28,No,Fog,No,2.0,0.69,No
4378,B787,3.09,7.44,5.48,Yes,Fog,Yes,3.48,3.75,No
4379,A320,9.15,0.78,3.44,No,Clear,No,7.74,7.49,No
4380,A350,6.86,5.5,5.75,No,Clear,Yes,0.66,3.04,Yes
4381,A320,1.23,6.86,6.42,No,Snow,Yes,9.28,7.4,Yes
4382,B787,2.03,8.62,6.89,No,Clear,No,5.6,5.77,Yes
4383,B787,2.21,4.75,6.37,No,Rain,No,7.57,2.31,Yes
4384,A320,4.61,0.38,4.76,No,Clear,Yes,5.7,3.58,No
4385,A380,4.65,9.44,2.79,No,Snow,No,5.16,9.48,No
4386,A350,8.31,4.31,4.1,No,Snow,No,5.98,3.05,Yes
4387,A350,8.06,0.77,7.24,Yes,Thunderstorm,No,4.8,6.56,No
4388,A380,7.52,0.33,0.81,Yes,Rain,No,4.38,0.56,No
4389,B737,3.72,0.17,2.0,Yes,Clear,Yes,2.93,5.91,Yes
4390,A350,7.45,7.04,1.55,Yes,Snow,No,9.87,2.46,Yes
4391,B737,0.09,9.33,6.2,Yes,Fog,Yes,7.59,4.2,No
4392,B737,6.15,8.72,7.28,Yes,Fog,Yes,0.36,4.92,Yes
4393,B737,0.09,7.32,4.45,No,Clear,Yes,3.1,8.35,No
4394,A320,3.25,1.21,7.69,Yes,Clear,No,4.04,9.9,No
4395,A350,8.33,7.62,9.01,Yes,Thunderstorm,No,6.89,6.41,No
4396,B787,9.08,0.97,2.7,No,Snow,No,6.08,4.04,No
4397,B787,6.81,2.85,9.56,Yes,Snow,No,0.62,6.38,Yes
4398,B787,0.71,3.45,1.41,Yes,Thunderstorm,No,1.96,6.55,Yes
4399,B737,1.45,1.88,2.74,Yes,Fog,No,3.53,3.97,No
4400,B787,2.19,4.5,1.47,No,Snow,No,4.18,7.09,Yes
4401,A380,2.17,5.35,1.28,No,Rain,Yes,8.76,5.33,Yes
4402,A320,2.66,3.07,3.91,Yes,Rain,No,7.34,4.82,Yes
4403,A320,2.15,6.71,4.38,Yes,Rain,No,5.15,7.45,No
4404,A320,8.66,2.82,0.56,Yes,Thunderstorm,Yes,0.84,4.03,No
4405,B787,6.29,9.56,9.94,Yes,Thunderstorm,No,7.28,5.85,Yes
4406,B737,2.62,6.28,2.28,No,Fog,Yes,2.21,3.46,No
4407,A350,2.71,5.53,6.46,Yes,Rain,Yes,5.67,7.27,Yes
4408,A320,3.85,0.05,7.12,No,Thunderstorm,Yes,8.4,7.79,Yes
4409,A320,3.69,2.87,8.77,Yes,Thunderstorm,Yes,3.8,6.09,No
4410,A320,7.62,3.56,7.78,No,Snow,No,7.96,6.12,No
4411,A350,3.63,9.86,6.03,Yes,Thunderstorm,Yes,4.98,6.26,No
4412,A320,0.05,6.0,2.32,No,Snow,Yes,1.36,7.08,Yes
4413,B787,1.81,0.68,8.82,No,Rain,No,7.28,4.96,Yes
4414,A350,1.82,6.32,0.28,Yes,Fog,No,0.63,9.62,Yes
4415,B787,9.36,9.58,5.0,No,Rain,Yes,9.93,1.36,No
4416,A350,3.75,9.28,1.17,No,Thunderstorm,No,0.52,0.92,No
4417,B787,7.29,8.67,9.21,Yes,Rain,No,7.27,7.75,Yes
4418,A380,0.51,9.59,0.56,Yes,Thunderstorm,No,9.28,3.28,Yes
4419,A320,6.94,8.5,8.39,No,Snow,Yes,7.75,8.32,Yes
4420,B787,8.82,6.84,0.07,Yes,Thunderstorm,No,1.55,8.93,No
4421,B737,2.04,9.09,6.17,Yes,Fog,No,6.64,6.25,No
4422,A320,7.42,2.62,7.24,Yes,Rain,Yes,4.19,7.32,No
4423,B787,9.21,7.67,4.93,No,Rain,Yes,9.03,2.22,Yes
4424,A350,0.7,5.28,1.51,No,Clear,Yes,8.94,1.9,Yes
4425,B737,1.1,2.12,7.62,Yes,Clear,No,6.11,9.44,Yes
4426,A350,9.0,6.63,8.8,Yes,Fog,Yes,1.34,7.8,Yes
4427,B787,1.25,2.04,3.99,Yes,Thunderstorm,No,5.87,4.18,Yes
4428,A350,3.07,9.08,9.07,Yes,Snow,Yes,3.0,0.8,No
4429,B737,2.5,6.17,5.52,No,Snow,Yes,9.77,9.34,No
4430,B737,4.2,3.49,1.53,Yes,Fog,Yes,7.91,1.95,No
4431,A380,2.38,2.8,9.56,No,Thunderstorm,No,9.2,4.84,No
4432,B737,9.0,8.97,5.08,No,Clear,Yes,0.94,8.87,Yes
4433,B787,6.48,2.07,1.59,No,Rain,Yes,0.63,2.55,Yes
4434,B787,7.9,0.18,0.08,Yes,Clear,No,2.56,8.62,Yes
4435,B737,1.09,8.62,7.29,Yes,Thunderstorm,Yes,2.76,2.18,No
4436,A320,4.95,3.38,0.04,No,Fog,No,5.84,2.48,No
4437,B787,9.05,4.49,8.99,Yes,Fog,No,6.02,4.94,Yes
4438,B737,7.84,6.74,1.16,No,Thunderstorm,No,0.16,2.97,No
4439,A380,5.16,7.28,9.54,No,Clear,No,6.41,7.41,No
4440,A380,2.5,7.45,1.48,No,Snow,No,3.61,7.84,No
4441,A380,4.0,4.52,1.09,No,Clear,Yes,8.33,1.18,No
4442,A350,9.73,4.36,0.5,Yes,Fog,No,4.38,4.73,Yes
4443,A320,4.2,9.74,1.35,Yes,Clear,No,0.81,7.65,Yes
4444,A320,3.29,5.35,4.7,Yes,Clear,Yes,5.81,6.43,Yes
4445,A320,5.84,7.57,5.89,Yes,Thunderstorm,Yes,1.96,2.16,No
4446,B737,0.18,1.99,2.87,No,Snow,Yes,2.3,7.42,Yes
4447,A380,6.43,1.11,0.84,No,Clear,No,6.34,7.32,No
4448,A320,9.72,9.86,1.21,No,Thunderstorm,Yes,0.47,1.77,No
4449,A380,2.89,7.08,5.8,No,Fog,No,1.77,3.08,No
4450,A380,2.01,3.94,8.61,Yes,Rain,Yes,6.36,9.58,Yes
4451,A320,9.98,2.38,3.28,Yes,Fog,Yes,2.01,6.73,Yes
4452,B737,9.51,0.51,9.75,Yes,Thunderstorm,Yes,1.58,2.74,No
4453,B787,4.16,3.72,1.79,No,Snow,Yes,8.27,8.39,Yes
4454,A320,4.64,1.16,0.32,No,Clear,Yes,2.4,8.95,Yes
4455,A350,5.97,4.37,1.1,Yes,Fog,No,1.49,0.57,Yes
4456,B737,1.4,3.47,5.95,No,Fog,No,8.2,5.92,Yes
4457,B737,0.22,2.29,4.46,No,Fog,Yes,8.78,9.41,No
4458,A350,5.37,7.08,3.06,No,Fog,Yes,0.77,8.63,Yes
4459,B787,1.6,2.63,9.96,Yes,Thunderstorm,Yes,8.72,3.84,Yes
4460,A350,5.3,6.38,6.35,No,Fog,Yes,4.79,7.32,Yes
4461,B787,7.17,6.19,9.37,No,Thunderstorm,Yes,1.27,2.43,No
4462,B737,1.36,2.12,1.19,No,Clear,Yes,4.76,6.45,Yes
4463,A380,7.32,1.4,4.34,No,Rain,Yes,2.55,8.26,Yes
4464,A380,2.82,2.79,5.08,No,Clear,No,7.98,5.17,Yes
4465,A380,0.9,6.49,0.63,No,Rain,Yes,6.48,0.82,No
4466,A320,0.39,5.17,7.32,Yes,Clear,No,2.3,9.35,No
4467,B787,3.3,7.94,9.88,No,Thunderstorm,No,2.09,2.64,Yes
4468,A380,3.27,5.61,1.61,Yes,Rain,No,1.59,8.18,Yes
4469,A350,4.9,4.08,4.35,Yes,Clear,Yes,3.1,3.16,Yes
4470,A320,5.4,4.23,4.29,Yes,Fog,Yes,3.58,0.88,Yes
4471,B737,3.15,7.01,1.92,No,Snow,No,9.5,5.98,Yes
4472,A380,5.21,1.7,7.03,No,Rain,Yes,7.83,4.93,Yes
4473,A320,4.79,9.96,5.41,No,Clear,No,0.84,7.85,No
4474,A350,9.38,1.75,1.17,No,Clear,Yes,3.05,8.05,Yes
4475,B787,5.37,0.47,9.31,No,Thunderstorm,No,4.41,8.93,Yes
4476,B787,4.03,9.71,4.6,Yes,Thunderstorm,Yes,3.36,2.78,Yes
4477,B737,5.18,7.51,9.65,No,Clear,No,5.52,3.83,Yes
4478,B737,9.29,2.09,4.98,Yes,Clear,No,3.3,3.89,Yes
4479,A350,2.9,4.93,9.31,No,Fog,No,2.12,8.36,Yes
4480,A380,5.0,6.69,7.37,Yes,Fog,No,5.94,2.28,No
4481,A380,6.12,1.0,3.31,Yes,Rain,No,3.34,7.21,Yes
4482,A320,1.85,6.21,6.76,No,Thunderstorm,Yes,7.32,0.6,Yes
4483,B737,8.73,0.3,0.07,Yes,Snow,No,2.64,1.84,Yes
4484,B787,0.44,2.26,4.53,Yes,Clear,No,8.95,2.51,No
4485,A350,1.08,3.03,2.64,Yes,Rain,No,2.81,2.59,Yes
4486,B787,6.75,9.48,6.62,Yes,Rain,Yes,0.1,3.82,No
4487,A350,0.42,5.91,0.68,No,Thunderstorm,Yes,2.31,3.84,No
4488,A350,6.02,6.9,6.5,Yes,Snow,Yes,6.04,1.6,No
4489,A320,3.11,9.85,3.34,No,Snow,No,4.69,3.21,Yes
4490,A350,2.41,8.81,3.91,No,Fog,No,8.19,9.41,Yes
4491,B737,6.49,5.57,3.05,Yes,Snow,No,2.16,5.04,Yes
4492,A320,3.21,7.31,5.28,Yes,Rain,No,3.23,3.14,Yes
4493,A320,5.74,0.74,8.41,Yes,Fog,Yes,4.86,6.54,No
4494,A350,5.67,2.51,4.34,No,Rain,Yes,7.56,1.42,No
4495,B737,5.1,5.25,8.0,Yes,Snow,No,7.4,5.39,No
4496,A320,2.97,2.54,0.81,No,Rain,Yes,5.84,5.71,Yes
4497,A380,1.38,7.34,6.57,Yes,Thunderstorm,No,9.69,9.45,Yes
4498,A320,6.82,7.72,5.89,No,Thunderstorm,Yes,9.23,1.64,No
4499,A380,7.9,5.72,7.3,No,Clear,No,2.45,6.44,Yes
4500,B787,0.64,3.93,9.88,Yes,Clear,No,1.41,4.84,Yes
4501,A380,6.36,9.7,2.06,Yes,Thunderstorm,No,1.86,6.84,No
4502,B787,2.28,3.2,6.04,No,Snow,No,0.93,0.25,No
4503,B737,0.54,7.8,0.95,No,Snow,No,9.1,5.38,Yes
4504,B787,6.5,6.97,9.06,No,Snow,No,1.55,9.01,No
4505,A350,0.46,0.77,5.81,No,Clear,No,4.5,4.67,Yes
4506,B737,2.56,9.39,2.55,Yes,Snow,No,0.93,2.24,Yes
4507,A320,1.79,0.35,8.08,Yes,Rain,Yes,3.49,1.14,No
4508,B787,3.28,1.06,2.78,Yes,Snow,Yes,2.95,6.89,Yes
4509,A350,2.72,0.18,7.2,No,Rain,No,3.1,7.44,No
4510,B787,6.84,9.35,2.37,No,Snow,Yes,7.8,9.8,No
4511,B737,3.91,5.97,0.64,Yes,Fog,Yes,0.62,9.98,No
4512,B737,1.12,9.4,6.75,No,Thunderstorm,No,9.66,9.56,No
4513,A380,4.46,4.7,2.37,No,Snow,Yes,4.67,1.16,No
4514,A350,3.38,4.95,1.88,Yes,Fog,No,1.75,0.39,Yes
4515,A320,0.31,7.42,4.6,No,Thunderstorm,No,7.94,4.4,Yes
4516,A320,4.96,8.18,2.6,Yes,Snow,No,6.3,0.84,Yes
4517,B787,1.64,4.19,8.05,Yes,Rain,No,4.13,8.31,Yes
4518,A380,4.98,4.82,0.75,No,Snow,Yes,3.96,0.08,Yes
4519,A350,5.81,9.78,9.28,Yes,Snow,Yes,0.25,9.41,No
4520,A350,6.79,8.53,7.11,Yes,Clear,Yes,3.82,3.3,Yes
4521,A320,9.51,2.73,8.8,No,Clear,No,1.42,5.04,Yes
4522,A350,8.63,0.77,0.22,No,Fog,No,3.04,6.19,No
4523,A320,8.08,8.89,3.75,No,Snow,No,2.73,5.22,No
4524,A380,4.05,9.56,5.61,Yes,Fog,Yes,8.5,9.23,No
4525,A350,3.62,9.45,9.21,No,Snow,No,2.13,7.4,Yes
4526,B737,0.67,8.27,2.0,No,Thunderstorm,No,6.73,2.61,No
4527,B787,3.71,1.8,4.04,Yes,Thunderstorm,Yes,1.62,6.54,Yes
4528,A350,6.06,7.71,0.68,Yes,Fog,No,4.12,7.46,No
4529,A320,8.61,1.61,1.47,No,Fog,Yes,6.65,0.09,Yes
4530,B787,5.38,9.83,8.08,Yes,Rain,Yes,3.4,4.24,No
4531,A320,7.57,2.3,1.89,Yes,Rain,Yes,7.16,7.21,Yes
4532,B737,8.4,9.03,9.6,No,Fog,Yes,2.06,3.49,No
4533,A380,1.49,8.93,8.54,No,Thunderstorm,No,5.69,8.94,No
4534,B737,5.53,8.53,9.07,Yes,Snow,No,6.56,4.45,No
4535,A320,6.42,6.07,9.25,Yes,Clear,No,8.46,1.64,No
4536,B737,4.35,0.59,4.22,Yes,Thunderstorm,No,3.84,1.18,No
4537,A380,6.17,2.54,3.01,No,Clear,No,1.19,8.21,No
4538,A320,0.05,8.27,9.5,Yes,Rain,Yes,7.14,5.02,No
4539,B787,3.92,9.04,8.2,Yes,Snow,No,4.25,1.44,Yes
4540,A320,3.4,0.61,9.63,Yes,Fog,No,9.95,1.61,Yes
4541,A380,4.5,7.5,2.32,No,Thunderstorm,No,6.69,6.32,Yes
4542,A380,7.07,7.32,7.03,Yes,Snow,No,0.46,4.83,No
4543,B787,8.87,9.71,6.19,No,Fog,No,5.6,1.47,No
4544,A320,2.21,6.96,4.01,Yes,Thunderstorm,No,2.84,7.88,Yes
4545,B737,9.68,0.11,2.36,Yes,Snow,Yes,8.49,2.39,No
4546,A320,7.89,2.78,7.82,No,Snow,No,6.22,2.38,Yes
4547,B787,1.25,5.21,5.18,No,Thunderstorm,No,7.4,1.19,Yes
4548,A380,1.86,8.13,8.27,No,Fog,No,3.22,9.26,No
4549,A350,4.14,1.02,7.25,No,Thunderstorm,Yes,0.25,3.39,Yes
4550,B787,5.31,1.04,1.48,No,Rain,Yes,1.52,2.27,Yes
4551,B737,4.02,1.75,6.0,No,Fog,Yes,8.67,0.67,No
4552,B737,9.65,9.47,1.78,No,Thunderstorm,Yes,0.33,9.86,Yes
4553,A380,0.58,6.02,5.21,No,Snow,Yes,1.83,9.74,No
4554,A320,6.89,9.13,9.05,No,Thunderstorm,No,0.73,2.53,Yes
4555,B787,5.56,6.17,8.1,No,Snow,Yes,2.44,6.26,No
4556,A350,2.65,0.91,6.28,No,Thunderstorm,Yes,2.05,6.98,No
4557,B787,6.57,3.85,8.28,Yes,Clear,No,4.15,8.44,No
4558,B737,5.39,1.87,2.3,Yes,Fog,No,1.62,4.43,Yes
4559,A380,4.17,5.12,5.0,Yes,Fog,Yes,5.88,6.89,Yes
4560,A320,4.34,8.13,3.88,Yes,Clear,Yes,0.54,2.19,No
4561,A380,5.37,1.26,4.99,Yes,Thunderstorm,Yes,4.12,7.59,Yes
4562,B787,7.52,4.91,6.55,No,Rain,Yes,6.79,8.15,No
4563,B737,6.92,9.24,2.9,Yes,Thunderstorm,No,1.92,9.13,No
4564,A350,4.19,4.46,4.14,Yes,Thunderstorm,Yes,2.2,8.65,Yes
4565,A380,5.26,9.96,8.8,Yes,Rain,Yes,2.17,2.93,Yes
4566,B787,4.18,8.92,8.69,No,Thunderstorm,Yes,0.5,3.57,No
4567,A350,3.72,9.84,4.05,No,Fog,Yes,6.07,8.08,Yes
4568,B787,6.0,7.33,9.36,Yes,Clear,Yes,7.33,0.39,No
4569,B737,8.11,9.6,1.97,Yes,Clear,No,8.89,1.35,Yes
4570,A350,4.27,4.93,8.37,Yes,Clear,No,2.14,1.38,No
4571,A320,6.69,9.08,9.64,Yes,Snow,Yes,0.63,4.35,Yes
4572,A350,5.16,9.74,9.69,No,Clear,Yes,4.95,9.38,No
4573,A320,3.88,9.71,1.89,No,Clear,Yes,4.4,0.15,No
4574,B737,8.9,7.58,6.68,Yes,Fog,No,1.22,5.71,No
4575,B737,4.68,6.97,8.45,Yes,Fog,No,1.39,7.9,No
4576,A320,0.29,0.47,3.36,No,Fog,No,0.79,6.9,Yes
4577,B787,2.26,6.06,7.09,No,Clear,No,8.52,1.24,Yes
4578,A320,7.52,0.11,7.39,No,Thunderstorm,No,9.45,6.75,Yes
4579,B737,8.48,6.4,5.07,No,Rain,No,1.03,5.47,No
4580,A320,6.7,0.33,4.89,No,Snow,Yes,4.29,0.76,Yes
4581,A320,4.38,9.37,7.01,Yes,Thunderstorm,No,5.43,9.9,Yes
4582,A380,4.85,3.14,6.57,No,Rain,No,3.73,3.32,Yes
4583,B737,2.65,4.65,2.58,Yes,Clear,Yes,7.43,2.14,Yes
4584,A320,7.95,2.32,7.95,Yes,Rain,Yes,0.72,8.09,No
4585,A380,3.27,5.18,9.65,No,Thunderstorm,No,6.91,0.51,Yes
4586,A380,5.9,7.21,2.64,Yes,Rain,No,0.98,3.66,Yes
4587,A320,3.94,1.61,5.18,No,Rain,Yes,6.53,3.58,No
4588,A320,2.02,3.44,0.04,Yes,Fog,Yes,8.65,9.85,No
4589,A320,2.51,8.21,4.56,Yes,Rain,Yes,6.07,9.44,No
4590,A380,2.0,1.8,5.11,No,Clear,No,6.13,8.22,Yes
4591,B787,7.1,8.9,3.93,Yes,Clear,Yes,6.65,8.55,No
4592,B787,2.46,5.13,2.02,No,Snow,No,2.93,3.0,No
4593,A350,0.48,0.33,1.7,Yes,Thunderstorm,No,4.38,6.15,Yes
4594,B737,2.48,8.47,9.69,Yes,Snow,No,3.02,9.42,Yes
4595,B787,3.12,5.26,0.11,No,Rain,Yes,3.41,2.07,No
4596,A380,8.24,6.74,9.5,No,Clear,Yes,1.66,4.15,No
4597,A350,7.64,6.78,10.0,No,Clear,No,1.6,2.0,No
4598,A350,9.63,7.55,7.49,Yes,Rain,No,6.61,2.46,Yes
4599,A380,1.62,9.57,4.83,No,Rain,Yes,7.96,8.92,Yes
4600,A320,5.04,8.39,6.99,Yes,Clear,Yes,3.65,4.72,No
4601,A350,0.28,8.64,3.76,Yes,Snow,Yes,9.74,9.38,Yes
4602,A350,9.05,5.34,0.6,No,Snow,Yes,8.25,7.04,Yes
4603,B787,6.07,6.68,4.38,No,Rain,No,0.97,7.38,Yes
4604,B787,3.44,5.24,8.34,Yes,Rain,Yes,5.87,3.84,No
4605,B787,2.24,9.41,0.73,Yes,Thunderstorm,Yes,6.62,7.75,No
4606,A350,5.03,1.8,4.75,Yes,Clear,Yes,4.59,1.59,No
4607,A320,0.17,5.59,8.29,No,Fog,Yes,4.56,5.88,No
4608,A380,0.04,8.76,0.2,Yes,Snow,Yes,0.42,3.03,Yes
4609,B787,0.91,6.57,6.07,Yes,Snow,Yes,3.83,5.17,Yes
4610,B737,4.74,7.1,1.32,No,Clear,Yes,2.84,2.89,Yes
4611,A380,3.7,2.56,7.78,Yes,Fog,Yes,4.0,4.34,Yes
4612,B787,0.98,6.63,5.55,No,Fog,No,5.95,1.66,Yes
4613,B787,6.26,7.17,7.23,No,Rain,Yes,7.88,8.98,Yes
4614,A320,2.87,6.04,9.51,Yes,Fog,No,1.79,5.65,No
4615,B787,2.94,3.91,7.18,No,Fog,Yes,1.42,4.87,Yes
4616,A350,4.36,2.86,6.69,Yes,Fog,Yes,5.8,0.39,No
4617,A380,5.39,8.73,5.51,Yes,Fog,No,3.97,2.47,Yes
4618,B787,0.79,0.01,0.54,Yes,Fog,No,0.69,4.31,Yes
4619,B737,9.22,0.73,9.15,Yes,Rain,No,3.3,3.36,No
4620,A320,0.61,4.13,2.63,Yes,Snow,No,2.68,1.71,Yes
4621,B737,2.93,7.96,7.86,No,Thunderstorm,Yes,1.87,6.54,Yes
4622,A320,5.09,7.78,3.59,Yes,Thunderstorm,Yes,3.32,3.41,Yes
4623,B737,7.23,4.61,9.54,Yes,Clear,No,2.3,8.04,Yes
4624,A350,3.31,9.08,5.83,No,Fog,Yes,3.07,4.57,No
4625,A380,3.67,5.53,4.5,No,Rain,Yes,1.09,8.16,Yes
4626,A320,0.03,0.65,1.45,No,Clear,Yes,8.7,1.35,Yes
4627,B787,9.75,6.03,4.06,No,Fog,No,9.35,6.8,No
4628,B737,7.21,9.38,4.23,Yes,Thunderstorm,Yes,1.78,7.93,No
4629,A380,4.46,8.45,0.24,No,Fog,Yes,8.34,5.65,Yes
4630,A350,9.81,4.89,2.94,Yes,Fog,No,1.62,6.84,No
4631,A320,9.13,3.02,6.75,Yes,Fog,No,8.63,5.09,Yes
4632,B737,8.59,9.25,0.96,Yes,Fog,No,7.67,1.01,No
4633,A320,0.14,6.59,7.92,No,Thunderstorm,Yes,9.42,3.0,Yes
4634,B787,5.65,4.67,4.79,No,Thunderstorm,Yes,8.42,5.3,No
4635,A350,7.97,1.4,7.27,No,Fog,No,3.96,6.72,No
4636,A350,8.66,9.51,7.02,Yes,Thunderstorm,No,2.58,1.07,Yes
4637,A380,6.85,6.84,5.03,Yes,Snow,No,4.56,7.82,Yes
4638,B737,6.71,6.03,8.02,Yes,Thunderstorm,Yes,9.8,9.67,No
4639,B737,9.16,2.51,2.2,Yes,Thunderstorm,Yes,7.03,1.8,No
4640,A380,3.08,0.38,8.8,No,Clear,Yes,7.52,6.47,No
4641,A320,1.72,2.4,7.45,No,Rain,Yes,1.58,7.91,No
4642,A320,3.45,8.38,4.14,No,Fog,No,4.46,4.05,Yes
4643,A320,6.99,4.93,8.22,Yes,Snow,No,3.53,2.55,Yes
4644,A350,1.94,4.82,8.29,No,Thunderstorm,No,1.7,4.12,No
4645,B737,4.61,1.38,8.27,Yes,Snow,Yes,9.74,4.81,Yes
4646,B737,0.33,2.74,0.62,No,Clear,Yes,5.73,4.46,Yes
4647,A380,3.47,9.26,7.02,No,Rain,Yes,3.09,9.6,Yes
4648,A380,3.44,8.72,2.42,No,Snow,Yes,6.69,6.35,Yes
4649,B737,4.94,2.41,0.39,No,Snow,No,3.46,3.81,Yes
4650,A320,8.04,2.58,5.17,No,Snow,No,7.19,9.39,Yes
4651,A320,7.95,9.95,5.25,No,Fog,Yes,8.94,1.53,No
4652,A350,1.08,3.36,4.85,No,Fog,No,9.37,1.04,No
4653,B787,7.91,9.14,2.55,No,Rain,Yes,7.38,6.55,No
4654,B787,1.12,5.04,9.65,Yes,Snow,Yes,7.99,7.15,Yes
4655,A350,5.63,8.5,7.84,No,Rain,Yes,5.04,7.25,No
4656,A380,1.84,0.85,0.9,No,Fog,Yes,2.12,7.27,No
4657,B737,3.03,1.38,5.73,Yes,Clear,Yes,2.05,5.08,Yes
4658,A320,4.12,0.56,6.92,No,Clear,No,6.9,6.52,Yes
4659,A350,1.55,1.65,3.36,No,Snow,Yes,1.19,0.62,No
4660,B787,7.05,2.37,7.74,No,Clear,No,4.2,7.91,Yes
4661,B737,8.72,0.98,5.57,No,Fog,No,5.14,9.54,No
4662,A380,7.29,3.9,5.42,Yes,Rain,Yes,9.44,5.8,Yes
4663,A320,3.91,8.27,0.67,Yes,Fog,Yes,8.48,2.55,Yes
4664,A320,4.06,2.15,5.42,No,Clear,Yes,5.84,6.92,No
4665,B737,7.87,5.05,8.65,No,Thunderstorm,No,0.3,0.35,Yes
4666,B737,1.27,9.47,7.29,Yes,Clear,No,5.0,4.99,No
4667,A350,9.68,2.04,9.35,No,Thunderstorm,No,7.31,0.53,Yes
4668,A380,8.19,7.11,2.25,Yes,Thunderstorm,No,6.26,2.29,Yes
4669,B737,8.56,8.56,4.65,Yes,Rain,Yes,4.1,8.55,No
4670,B737,9.34,9.0,7.07,Yes,Thunderstorm,Yes,2.31,4.8,Yes
4671,B787,4.03,0.45,2.71,No,Fog,No,2.61,0.07,Yes
4672,B787,6.1,9.96,5.58,No,Clear,Yes,7.85,1.86,No
4673,B737,5.72,4.6,4.08,Yes,Fog,No,8.78,7.67,Yes
4674,B737,8.88,4.09,0.03,No,Snow,Yes,3.31,4.76,Yes
4675,A350,4.64,6.88,2.48,No,Thunderstorm,No,2.09,0.77,No
4676,A380,8.93,0.07,8.27,Yes,Snow,No,5.06,1.6,Yes
4677,A380,1.19,3.86,8.84,No,Clear,No,8.29,8.15,No
4678,B787,6.07,3.7,2.53,Yes,Clear,Yes,9.46,5.33,Yes
4679,A380,0.18,4.17,7.09,No,Thunderstorm,Yes,6.98,6.37,Yes
4680,B787,6.81,8.51,2.47,Yes,Fog,Yes,5.53,6.13,No
4681,A380,7.26,4.11,4.02,No,Fog,Yes,0.11,9.45,Yes
4682,B787,4.32,5.96,5.15,No,Thunderstorm,Yes,9.52,3.73,Yes
4683,A380,3.0,2.43,1.71,No,Fog,Yes,5.14,0.4,No
4684,A350,1.88,0.56,5.71,No,Thunderstorm,Yes,7.74,0.24,Yes
4685,A380,1.98,4.16,2.18,Yes,Rain,Yes,0.69,4.79,Yes
4686,A350,6.89,8.59,5.99,No,Thunderstorm,No,5.24,4.31,No
4687,A350,5.62,5.5,4.9,No,Snow,No,0.45,8.37,Yes
4688,B787,8.16,5.62,4.55,No,Clear,No,3.58,1.61,Yes
4689,B737,3.51,3.02,6.67,Yes,Fog,Yes,7.52,0.74,Yes
4690,B787,5.37,1.0,7.1,Yes,Rain,No,7.0,0.24,Yes
4691,A350,6.47,1.24,5.05,Yes,Snow,No,0.6,5.8,No
4692,A380,1.18,0.83,3.37,No,Fog,No,0.99,0.17,Yes
4693,B787,8.55,0.84,1.6,Yes,Thunderstorm,Yes,0.92,0.86,Yes
4694,B787,4.21,6.56,1.29,Yes,Fog,No,0.34,1.8,Yes
4695,A380,7.62,4.54,7.41,Yes,Rain,No,0.67,1.66,Yes
4696,A380,4.68,4.53,6.16,No,Thunderstorm,Yes,8.82,6.48,No
4697,A380,4.22,2.37,2.13,No,Thunderstorm,No,7.67,7.53,No
4698,A350,1.04,0.77,9.82,No,Snow,No,1.69,1.89,Yes
4699,A380,4.72,0.09,1.1,No,Snow,Yes,5.21,4.41,Yes
4700,A380,6.86,9.4,8.75,No,Fog,No,9.68,8.05,No
4701,A380,4.04,5.56,9.61,No,Fog,Yes,8.57,8.9,No
4702,B787,0.42,3.33,7.44,Yes,Thunderstorm,No,4.09,8.1,Yes
4703,B787,1.16,8.04,3.07,No,Clear,Yes,1.94,2.99,No
4704,A380,7.48,4.7,1.33,No,Snow,No,5.48,2.26,No
4705,A320,7.16,6.22,4.89,Yes,Thunderstorm,No,7.81,6.49,No
4706,A380,5.41,8.56,6.59,Yes,Rain,Yes,0.84,6.12,No
4707,B737,8.49,6.5,9.59,Yes,Clear,Yes,9.58,7.98,Yes
4708,B737,6.96,5.92,9.38,No,Rain,Yes,4.02,7.56,No
4709,B787,4.9,2.32,0.79,No,Clear,No,3.49,3.78,No
4710,B787,0.42,0.57,3.74,Yes,Rain,Yes,8.98,8.51,Yes
4711,B737,3.75,7.98,5.27,Yes,Clear,No,0.89,3.73,Yes
4712,B737,3.64,0.15,6.74,Yes,Thunderstorm,No,1.97,5.38,Yes
4713,B737,7.21,3.63,9.01,No,Snow,Yes,1.26,6.99,Yes
4714,B737,4.25,3.28,7.2,No,Fog,No,0.95,9.76,No
4715,B737,5.36,9.91,8.63,Yes,Fog,No,4.88,4.88,Yes
4716,B787,8.27,7.62,9.45,No,Thunderstorm,No,1.13,8.59,Yes
4717,B737,9.54,7.15,3.53,No,Clear,No,7.37,7.33,No
4718,A380,5.57,0.6,4.85,Yes,Clear,No,9.82,2.31,Yes
4719,A350,1.28,4.05,7.29,Yes,Rain,No,7.92,2.38,Yes
4720,A320,6.76,4.42,7.06,Yes,Rain,Yes,7.7,3.62,Yes
4721,A350,8.73,4.98,1.39,Yes,Clear,Yes,3.38,1.52,Yes
4722,A350,4.8,1.66,1.05,Yes,Fog,No,0.4,8.43,Yes
4723,A320,6.65,3.74,6.42,No,Clear,No,2.52,7.24,No
4724,B787,5.94,3.48,1.23,No,Thunderstorm,No,3.79,1.92,No
4725,B737,0.65,9.59,2.31,No,Clear,Yes,1.21,1.12,No
4726,B737,6.29,3.57,1.27,Yes,Snow,No,7.42,4.86,No
4727,B787,8.62,4.73,2.59,Yes,Thunderstorm,No,0.19,9.11,Yes
4728,A320,9.04,9.71,7.6,No,Rain,No,9.88,8.23,Yes
4729,A380,3.88,8.04,4.1,No,Rain,No,0.6,7.66,Yes
4730,A320,9.81,9.68,4.83,Yes,Thunderstorm,No,3.33,2.29,No
4731,B787,7.17,0.56,6.74,No,Snow,No,5.08,3.44,Yes
4732,B737,2.66,2.28,1.78,No,Fog,Yes,7.73,9.3,Yes
4733,A380,3.56,1.22,9.24,Yes,Clear,No,9.92,0.12,Yes
4734,A350,2.36,7.91,6.66,Yes,Rain,No,0.8,2.86,No
4735,B737,3.93,1.88,4.61,No,Thunderstorm,No,1.49,6.86,No
4736,B737,2.11,3.96,9.71,Yes,Rain,No,5.61,8.19,Yes
4737,A350,0.57,2.63,9.18,Yes,Rain,Yes,4.54,3.83,No
4738,B737,7.15,6.74,5.73,Yes,Snow,No,3.02,4.11,Yes
4739,A350,8.0,6.22,7.42,No,Clear,Yes,3.86,8.17,No
4740,A380,2.81,7.49,1.79,No,Snow,No,2.22,5.41,Yes
4741,B787,4.77,7.08,8.23,Yes,Fog,Yes,4.08,9.09,Yes
4742,A320,6.52,2.56,3.16,No,Thunderstorm,Yes,3.57,1.62,No
4743,A380,4.71,5.81,1.75,No,Thunderstorm,No,4.04,0.91,No
4744,B787,7.92,2.29,8.16,Yes,Fog,Yes,4.64,3.39,Yes
4745,B787,1.77,3.74,0.39,No,Clear,Yes,6.87,7.46,Yes
4746,A320,5.16,9.67,8.92,No,Snow,Yes,8.15,8.52,No
4747,B787,5.12,7.27,8.22,No,Rain,Yes,1.38,2.99,No
4748,A350,8.62,9.72,6.43,Yes,Thunderstorm,No,9.13,0.06,No
4749,A380,5.72,5.36,6.48,Yes,Fog,No,0.13,1.03,Yes
4750,A350,8.42,5.45,1.82,No,Clear,No,7.2,2.39,Yes
4751,A380,3.17,2.3,1.39,Yes,Snow,Yes,1.16,1.36,Yes
4752,A380,9.96,4.08,8.98,Yes,Clear,Yes,7.68,2.27,No
4753,B787,1.21,5.85,4.23,No,Thunderstorm,Yes,1.47,0.92,No
4754,B737,4.97,1.21,8.74,No,Rain,Yes,4.75,0.23,Yes
4755,A380,1.76,7.82,3.45,Yes,Snow,Yes,7.99,5.73,No
4756,B737,5.32,4.72,1.24,No,Fog,Yes,4.13,6.4,Yes
4757,B737,6.01,0.12,6.27,No,Rain,Yes,7.22,3.21,No
4758,A380,2.32,6.51,9.01,Yes,Clear,No,5.88,0.5,Yes
4759,A320,6.1,8.12,6.03,Yes,Snow,Yes,4.28,6.11,Yes
4760,A320,2.7,6.85,1.4,No,Snow,Yes,5.7,6.97,Yes
4761,A320,6.22,5.75,2.67,No,Thunderstorm,No,1.78,0.52,No
4762,A350,0.86,4.74,1.29,No,Clear,Yes,7.95,4.9,No
4763,A350,3.57,5.98,1.74,No,Thunderstorm,Yes,8.33,1.32,No
4764,A350,8.67,1.36,1.89,Yes,Rain,No,5.8,7.37,No
4765,B787,1.51,9.27,1.58,Yes,Thunderstorm,Yes,8.4,5.2,No
4766,A380,0.89,4.59,0.55,Yes,Clear,No,6.97,4.43,Yes
4767,B737,8.55,5.89,2.17,Yes,Snow,No,6.73,5.3,No
4768,A350,9.21,7.19,7.47,No,Snow,Yes,3.88,2.14,Yes
4769,A320,0.31,3.45,7.16,No,Clear,No,8.61,2.95,Yes
4770,A320,6.43,0.08,0.56,Yes,Thunderstorm,No,1.97,3.23,No
4771,A380,4.29,5.29,0.03,Yes,Snow,No,0.1,7.91,No
4772,B787,7.51,6.71,5.76,No,Fog,No,2.58,0.47,No
4773,A320,6.44,1.94,9.17,Yes,Thunderstorm,No,0.56,7.97,Yes
4774,A380,2.91,9.72,7.36,Yes,Snow,No,3.58,5.21,Yes
4775,A320,9.76,1.02,0.61,Yes,Clear,Yes,2.93,3.46,Yes
4776,A320,8.88,8.13,5.08,Yes,Snow,Yes,1.88,6.72,Yes
4777,A320,6.93,7.56,6.55,Yes,Fog,Yes,5.32,9.99,No
4778,A320,7.89,5.93,7.11,No,Clear,No,6.79,0.84,No
4779,A320,2.99,8.69,8.14,No,Clear,Yes,3.11,6.47,No
4780,B737,9.73,0.99,7.31,Yes,Clear,Yes,1.23,7.3,No
4781,A320,8.4,8.21,4.9,Yes,Clear,Yes,7.53,8.74,No
4782,A320,7.13,5.41,8.44,No,Snow,Yes,5.07,1.79,No
4783,A320,1.16,8.23,3.5,No,Fog,Yes,9.55,3.56,No
4784,A350,3.17,1.84,3.89,No,Rain,Yes,5.07,8.55,Yes
4785,A350,4.31,3.58,7.82,Yes,Clear,No,5.13,5.02,No
4786,A380,3.35,1.29,8.6,No,Fog,Yes,9.35,5.39,Yes
4787,A320,2.16,5.51,5.42,Yes,Fog,Yes,8.45,0.92,No
4788,A350,6.7,4.33,8.27,No,Thunderstorm,Yes,7.29,7.19,Yes
4789,B787,1.88,8.93,7.87,No,Snow,Yes,1.62,6.13,Yes
4790,B737,3.41,6.66,2.6,No,Rain,No,3.38,7.34,No
4791,B737,1.93,1.26,0.23,Yes,Clear,No,0.88,5.86,No
4792,A380,0.97,6.95,3.29,No,Fog,No,7.38,5.97,No
4793,B737,2.87,7.55,7.78,Yes,Snow,Yes,0.31,5.96,Yes
4794,A380,4.51,9.44,1.86,Yes,Snow,Yes,3.42,2.79,No
4795,B737,7.55,1.37,5.62,Yes,Rain,No,6.14,6.94,Yes
4796,A320,7.35,2.43,6.72,Yes,Thunderstorm,Yes,8.38,6.04,No
4797,B737,9.74,7.83,7.31,Yes,Thunderstorm,Yes,2.0,4.91,No
4798,B737,7.49,9.59,9.65,No,Rain,No,7.26,6.87,No
4799,A350,8.77,9.14,0.32,Yes,Rain,No,1.39,9.54,No
4800,B737,7.14,7.2,7.65,No,Snow,Yes,4.68,0.46,No
4801,A350,8.46,4.43,7.51,Yes,Fog,Yes,3.62,8.81,Yes
4802,A380,4.93,6.87,2.68,No,Fog,No,4.84,8.15,Yes
4803,B787,0.35,5.27,4.61,Yes,Clear,Yes,1.9,9.9,No
4804,A380,1.8,9.91,2.62,Yes,Rain,Yes,7.0,5.72,Yes
4805,B737,8.43,9.67,0.94,No,Thunderstorm,Yes,1.54,7.43,Yes
4806,B737,2.62,9.32,1.68,No,Fog,Yes,1.14,8.38,Yes
4807,B737,9.55,8.43,5.36,Yes,Fog,No,0.16,5.79,Yes
4808,B737,3.23,6.63,7.7,No,Clear,No,2.8,6.35,Yes
4809,A320,6.57,3.35,2.16,No,Snow,No,0.56,5.29,No
4810,B737,0.44,1.16,8.75,Yes,Snow,No,4.89,2.41,No
4811,B737,9.8,4.47,4.15,Yes,Clear,Yes,2.34,4.46,No
4812,A380,9.24,6.96,4.45,Yes,Snow,Yes,1.07,7.5,Yes
4813,B787,5.08,8.12,3.63,Yes,Thunderstorm,Yes,4.37,5.3,No
4814,A380,6.59,8.73,1.13,Yes,Clear,Yes,1.5,7.48,No
4815,B737,0.7,0.5,3.53,No,Snow,No,9.16,6.15,Yes
4816,A380,5.89,1.72,9.19,Yes,Rain,No,7.03,0.55,No
4817,A320,0.9,9.91,1.07,Yes,Fog,Yes,1.73,1.65,No
4818,A320,4.68,3.36,2.94,Yes,Fog,No,2.12,1.17,Yes
4819,B737,1.66,6.62,4.27,Yes,Clear,Yes,2.41,2.04,No
4820,B787,6.94,7.36,5.75,No,Fog,No,0.75,1.27,Yes
4821,A350,7.98,5.51,8.22,Yes,Snow,No,5.4,0.72,No
4822,A350,2.04,0.95,5.86,Yes,Rain,No,1.74,0.56,Yes
4823,B787,4.25,3.49,5.69,Yes,Rain,No,7.9,7.34,No
4824,B737,2.47,6.29,9.48,Yes,Fog,Yes,5.6,3.98,No
4825,B787,0.82,8.56,1.48,No,Fog,No,0.53,8.71,No
4826,A320,3.44,4.89,1.46,Yes,Snow,Yes,6.04,4.98,Yes
4827,A350,9.69,3.53,5.51,No,Snow,No,5.01,9.41,Yes
4828,A350,7.1,8.53,4.44,No,Snow,Yes,9.39,9.42,Yes
4829,A350,6.69,8.45,7.33,Yes,Fog,Yes,7.23,8.57,No
4830,A350,5.43,1.41,9.48,Yes,Fog,Yes,8.0,6.91,Yes
4831,B737,8.93,1.65,3.17,No,Clear,Yes,1.6,0.48,Yes
4832,B737,8.19,3.11,9.07,Yes,Thunderstorm,No,4.88,5.43,Yes
4833,A350,6.02,9.41,8.5,No,Snow,Yes,4.27,5.22,Yes
4834,A350,2.34,1.56,4.0,No,Snow,Yes,9.55,6.3,No
4835,B787,3.56,4.3,1.4,No,Rain,Yes,7.08,7.31,Yes
4836,A320,7.57,2.29,4.77,Yes,Thunderstorm,Yes,5.06,4.76,No
4837,A350,2.11,5.71,7.25,No,Thunderstorm,No,6.58,3.58,Yes
4838,A320,5.94,1.94,0.94,Yes,Rain,No,2.65,3.92,Yes
4839,A380,6.83,3.7,8.67,Yes,Rain,Yes,2.83,5.32,No
4840,A320,0.02,1.28,2.48,No,Clear,No,7.17,8.9,No
4841,A320,7.79,6.03,5.45,No,Rain,Yes,1.44,3.03,Yes
4842,A320,8.66,7.3,2.23,No,Fog,Yes,8.17,3.23,Yes
4843,A380,2.24,7.16,3.34,Yes,Snow,Yes,1.39,5.79,Yes
4844,A380,1.91,8.79,4.34,Yes,Thunderstorm,No,7.56,3.24,No
4845,A350,4.16,0.7,2.74,Yes,Rain,No,8.86,6.7,Yes
4846,A380,3.88,2.62,3.99,Yes,Clear,No,1.69,5.65,No
4847,B737,0.72,7.8,8.27,Yes,Rain,Yes,8.22,3.86,No
4848,A350,6.86,8.45,8.23,No,Thunderstorm,Yes,5.06,9.3,No
4849,B787,5.39,3.49,5.16,No,Snow,No,4.74,0.5,Yes
4850,B787,7.54,5.92,9.24,No,Rain,Yes,7.87,1.61,Yes
4851,A380,4.33,4.47,7.73,No,Rain,No,0.21,6.79,No
4852,B787,7.43,0.24,4.47,Yes,Clear,No,9.56,7.25,Yes
4853,A320,4.03,3.18,2.94,Yes,Snow,No,1.64,4.82,No
4854,A350,2.68,2.6,7.76,Yes,Snow,Yes,9.51,1.58,No
4855,B737,9.92,3.38,9.3,Yes,Thunderstorm,No,2.38,3.87,Yes
4856,B787,2.26,4.69,3.06,Yes,Thunderstorm,Yes,6.67,8.21,Yes
4857,A320,6.08,4.69,3.07,No,Clear,No,9.09,5.07,No
4858,B737,4.84,2.97,1.36,No,Snow,Yes,2.59,8.28,Yes
4859,B787,4.7,8.29,8.88,Yes,Fog,No,2.13,2.27,Yes
4860,A320,8.28,7.62,3.69,No,Fog,Yes,5.02,1.61,No
4861,A380,7.86,8.72,0.66,Yes,Fog,No,8.69,3.84,No
4862,A350,7.95,9.84,3.98,Yes,Rain,Yes,7.79,7.82,Yes
4863,A320,0.58,4.81,3.41,Yes,Clear,Yes,7.68,0.3,No
4864,A350,4.55,1.5,7.85,No,Fog,Yes,3.71,9.3,No
4865,B787,0.14,3.27,8.11,No,Thunderstorm,No,1.14,6.64,Yes
4866,A380,7.26,8.61,2.85,No,Thunderstorm,Yes,1.13,1.32,Yes
4867,B787,1.11,1.72,8.86,Yes,Fog,Yes,8.34,1.26,No
4868,B787,6.45,1.53,1.95,Yes,Fog,Yes,9.15,1.95,Yes
4869,A380,7.56,6.9,8.78,Yes,Thunderstorm,No,5.98,1.72,Yes
4870,B787,2.63,3.25,4.88,No,Clear,Yes,9.16,8.22,No
4871,B737,5.55,1.51,0.72,Yes,Rain,No,3.93,3.6,Yes
4872,A380,2.78,3.05,1.56,No,Snow,Yes,4.21,7.7,Yes
4873,A350,0.06,8.42,7.67,No,Thunderstorm,Yes,9.86,8.4,No
4874,A380,9.69,2.93,2.14,No,Clear,No,4.05,7.86,No
4875,B787,3.15,9.06,6.16,Yes,Thunderstorm,Yes,0.2,8.45,Yes
4876,A350,5.4,4.43,7.81,Yes,Snow,Yes,2.27,6.31,No
4877,A380,4.51,7.11,7.51,Yes,Fog,Yes,0.16,3.86,Yes
4878,A320,7.05,4.49,7.22,Yes,Fog,No,1.39,3.91,Yes
4879,A320,8.05,5.66,5.84,Yes,Snow,Yes,8.19,2.7,No
4880,B737,6.14,7.78,7.2,Yes,Snow,No,1.5,6.23,Yes
4881,A380,7.18,2.23,5.52,No,Snow,Yes,5.55,4.75,Yes
4882,A350,4.94,5.19,7.17,No,Clear,No,3.07,0.87,No
4883,A380,3.81,0.85,2.38,No,Clear,Yes,5.37,3.24,No
4884,A380,7.68,6.4,0.97,No,Clear,Yes,9.58,9.56,Yes
4885,A320,4.81,0.06,0.74,Yes,Fog,No,4.06,6.27,No
4886,A320,6.95,2.89,3.03,Yes,Rain,No,1.53,7.99,Yes
4887,B787,7.57,4.42,7.71,No,Fog,No,7.93,0.1,No
4888,B787,8.26,2.67,6.6,No,Snow,Yes,4.78,2.05,Yes
4889,B787,2.85,2.05,8.45,No,Thunderstorm,No,0.26,5.87,Yes
4890,A320,0.18,4.56,0.57,No,Thunderstorm,No,8.66,3.58,Yes
4891,A320,5.27,7.54,2.7,Yes,Clear,No,2.13,0.37,No
4892,A380,5.97,4.35,8.41,No,Fog,Yes,7.73,2.0,No
4893,A350,0.05,2.8,7.26,No,Rain,Yes,0.37,6.89,Yes
4894,A320,5.95,3.55,1.56,Yes,Fog,Yes,8.87,2.2,No
4895,B737,0.29,6.5,9.4,Yes,Snow,Yes,0.27,8.14,Yes
4896,A320,6.51,3.23,6.2,No,Clear,Yes,2.55,5.02,Yes
4897,A320,0.13,2.58,7.03,No,Fog,Yes,7.58,1.61,No
4898,B737,4.73,4.1,6.16,No,Clear,Yes,2.5,0.77,Yes
4899,B787,8.78,7.87,4.12,Yes,Fog,Yes,6.86,3.07,No
4900,B787,5.63,5.05,0.66,Yes,Clear,Yes,5.58,5.59,No
4901,A380,8.94,4.72,7.4,No,Snow,No,9.18,4.1,No
4902,A320,8.77,3.36,3.37,Yes,Rain,No,0.71,2.5,No
4903,B737,8.45,1.71,8.76,No,Snow,Yes,6.98,4.23,Yes
4904,B787,6.72,3.17,8.02,No,Clear,No,7.42,4.92,Yes
4905,A350,4.77,4.35,4.13,Yes,Thunderstorm,No,8.91,6.92,Yes
4906,B737,3.9,6.57,4.45,Yes,Fog,Yes,0.28,6.11,No
4907,A320,3.52,1.64,9.47,Yes,Thunderstorm,No,6.62,4.79,No
4908,A320,7.46,2.26,9.43,No,Fog,No,4.5,6.31,No
4909,A380,5.6,5.49,6.27,No,Rain,Yes,7.45,6.46,Yes
4910,A350,0.19,3.2,6.09,No,Fog,No,2.9,8.29,No
4911,B737,8.43,8.56,1.21,No,Rain,No,0.34,3.39,No
4912,A350,3.17,7.24,9.89,No,Snow,No,8.81,0.67,No
4913,B737,4.38,8.81,3.2,Yes,Thunderstorm,Yes,5.12,3.88,Yes
4914,A350,2.83,4.34,1.76,No,Clear,No,1.6,3.94,No
4915,A320,3.48,5.86,8.39,No,Snow,Yes,9.18,4.64,Yes
4916,A350,6.71,9.24,2.74,No,Thunderstorm,No,1.73,9.54,No
4917,B787,7.46,7.12,0.31,No,Rain,No,6.44,2.66,Yes
4918,B737,7.29,2.61,2.87,No,Rain,No,4.54,1.68,Yes
4919,B787,1.81,7.01,3.56,No,Thunderstorm,Yes,5.75,8.49,No
4920,A380,5.14,2.84,6.76,Yes,Snow,Yes,9.43,3.99,Yes
4921,A320,4.43,0.8,0.11,No,Clear,No,7.67,9.23,No
4922,B787,4.79,0.88,8.89,Yes,Fog,Yes,2.9,5.04,No
4923,B737,4.25,3.36,5.47,Yes,Clear,Yes,4.89,9.52,No
4924,A320,7.85,4.66,5.71,No,Rain,No,6.06,5.16,Yes
4925,A380,6.73,4.6,6.8,Yes,Snow,Yes,8.39,1.92,Yes
4926,B787,9.57,1.83,3.75,Yes,Fog,Yes,6.89,7.81,Yes
4927,A380,1.14,7.9,5.38,No,Thunderstorm,No,5.47,6.77,No
4928,B737,8.52,5.55,9.33,No,Thunderstorm,No,7.95,7.98,Yes
4929,B787,5.45,0.24,8.19,No,Snow,No,5.27,8.71,No
4930,A350,1.11,6.91,3.23,No,Fog,Yes,1.82,1.92,No
4931,A380,8.58,1.26,7.64,No,Clear,No,1.87,7.32,No
4932,A350,1.02,4.08,3.95,Yes,Rain,No,2.0,5.93,Yes
4933,B737,4.73,6.8,7.42,Yes,Clear,Yes,8.3,4.35,No
4934,B737,8.67,0.0,1.87,No,Rain,No,0.02,8.2,Yes
4935,A350,1.21,2.33,0.41,Yes,Thunderstorm,No,4.67,6.27,No
4936,B787,8.17,6.18,0.17,No,Fog,Yes,3.89,0.95,Yes
4937,A350,5.56,6.88,1.66,No,Snow,Yes,5.75,2.05,Yes
4938,B787,9.33,2.58,6.9,Yes,Thunderstorm,No,7.53,0.86,No
4939,A380,4.13,8.3,7.09,No,Thunderstorm,No,5.73,8.37,No
4940,A350,7.45,3.37,2.75,No,Thunderstorm,Yes,8.06,6.2,No
4941,B787,4.16,2.5,2.6,Yes,Clear,No,4.08,0.84,No
4942,A380,9.19,2.86,8.82,No,Fog,No,1.42,9.88,No
4943,A380,7.75,7.34,6.22,Yes,Snow,Yes,7.83,3.5,Yes
4944,B787,2.73,5.29,1.32,No,Snow,No,7.36,4.86,No
4945,A350,2.21,7.68,2.05,Yes,Fog,Yes,2.15,2.93,Yes
4946,B787,4.92,9.65,6.66,No,Snow,Yes,7.75,8.5,No
4947,A320,5.78,5.48,1.5,No,Fog,Yes,0.61,4.22,No
4948,A380,9.55,2.02,8.17,No,Rain,No,1.91,7.06,No
4949,A320,7.48,5.68,1.54,Yes,Clear,No,7.75,1.58,No
4950,B787,1.0,1.69,2.89,Yes,Rain,Yes,0.06,9.35,No
4951,A320,9.3,6.01,7.98,No,Fog,Yes,3.51,6.34,Yes
4952,B787,7.38,3.23,0.61,Yes,Clear,No,8.11,4.93,Yes
4953,A380,4.28,4.9,5.59,Yes,Snow,No,3.55,5.52,No
4954,B787,3.25,0.57,1.67,Yes,Fog,No,9.87,7.94,No
4955,A380,1.94,8.91,4.11,Yes,Rain,Yes,1.89,6.6,Yes
4956,A320,5.7,0.19,6.75,Yes,Clear,No,4.09,6.55,Yes
4957,B737,2.15,3.89,2.9,Yes,Fog,Yes,0.75,8.38,No
4958,B737,3.16,7.13,3.82,No,Rain,Yes,4.61,5.14,Yes
4959,A350,4.67,4.19,5.2,No,Rain,Yes,4.99,9.46,No
4960,A350,0.01,0.04,4.37,No,Clear,No,6.24,7.97,Yes
4961,A350,0.79,7.68,5.11,No,Fog,No,0.91,5.21,No
4962,B737,8.93,4.01,8.51,Yes,Thunderstorm,No,0.62,5.72,No
4963,A350,9.97,6.0,3.22,No,Fog,No,9.38,2.46,Yes
4964,A350,1.24,9.92,8.91,Yes,Snow,Yes,6.42,1.85,Yes
4965,A320,8.01,5.26,0.84,No,Fog,Yes,3.38,4.51,Yes
4966,A350,1.09,6.94,7.95,No,Clear,No,1.66,9.7,Yes
4967,A380,4.02,7.93,9.91,Yes,Clear,Yes,6.69,2.54,Yes
4968,B787,1.7,4.25,2.87,No,Clear,Yes,2.42,1.7,Yes
4969,A320,1.25,9.4,5.41,No,Rain,Yes,5.7,6.26,Yes
4970,A350,9.01,6.35,9.94,No,Rain,Yes,1.65,7.61,Yes
4971,A350,6.52,3.08,5.02,Yes,Thunderstorm,No,5.69,1.67,No
4972,A380,8.77,2.36,4.68,Yes,Fog,Yes,7.54,7.8,No
4973,A320,8.37,1.28,3.03,Yes,Snow,Yes,9.0,1.48,No
4974,B737,5.37,0.27,2.38,No,Rain,Yes,5.09,5.97,No
4975,B737,5.99,2.68,1.4,Yes,Rain,Yes,7.62,6.73,Yes
4976,A350,3.47,7.47,1.23,Yes,Rain,Yes,8.0,4.94,No
4977,B737,0.39,9.0,6.26,Yes,Thunderstorm,No,1.44,1.4,No
4978,B787,4.08,7.48,8.58,Yes,Thunderstorm,Yes,8.29,9.93,No
4979,B787,7.78,7.19,4.77,No,Snow,Yes,0.18,9.78,No
4980,B737,5.66,1.51,7.55,Yes,Fog,No,7.07,4.55,Yes
4981,B787,8.53,6.39,4.96,Yes,Clear,Yes,2.79,3.92,Yes
4982,A320,7.3,5.23,9.19,Yes,Rain,Yes,2.65,0.03,Yes
4983,A350,7.85,1.67,5.36,No,Clear,No,1.47,7.85,Yes
4984,A350,5.1,1.34,8.63,Yes,Rain,Yes,6.94,7.12,No
4985,A380,4.32,3.41,9.61,No,Rain,No,0.84,6.93,Yes
4986,B787,3.3,5.32,7.45,No,Thunderstorm,Yes,8.98,4.42,Yes
4987,B737,5.52,7.16,8.09,No,Rain,Yes,3.63,9.04,Yes
4988,B787,3.56,8.66,7.06,No,Fog,No,4.87,8.54,Yes
4989,A350,6.44,9.15,9.23,No,Fog,No,8.19,3.5,Yes
4990,A320,9.92,1.87,1.86,No,Fog,Yes,0.57,0.66,Yes
4991,A380,5.56,3.58,2.53,No,Clear,No,0.86,1.24,No
4992,A350,6.64,7.76,5.27,Yes,Rain,Yes,3.18,0.43,Yes
4993,B787,0.22,1.1,0.72,No,Clear,Yes,1.47,1.0,No
4994,A350,8.87,2.01,8.31,Yes,Fog,Yes,2.49,0.44,No
4995,B787,8.14,6.14,2.24,No,Rain,No,2.35,5.55,Yes
4996,A380,7.48,9.26,9.49,No,Snow,Yes,2.72,6.44,Yes
4997,B787,9.2,8.04,3.2,Yes,Clear,No,1.96,2.97,No
4998,A320,4.74,7.19,4.63,Yes,Thunderstorm,No,0.62,6.68,No
4999,B737,0.37,2.97,1.33,Yes,Rain,No,5.41,3.24,Yes
5000,A350,1.34,9.79,2.91,Yes,Rain,Yes,4.01,0.15,Yes
5001,A350,3.39,7.6,6.53,No,Fog,No,9.63,9.59,Yes
5002,A350,4.32,1.29,2.97,Yes,Rain,Yes,7.44,2.44,No
5003,A350,5.37,4.75,7.16,Yes,Thunderstorm,Yes,3.66,8.22,Yes
5004,A350,8.75,8.09,7.97,Yes,Rain,Yes,2.45,7.62,No
5005,B787,7.45,1.67,0.2,Yes,Clear,No,2.83,6.69,Yes
5006,A320,6.18,4.74,9.01,No,Rain,Yes,9.71,8.86,No
5007,B787,6.91,9.72,5.05,Yes,Snow,Yes,5.55,9.86,Yes
5008,A320,6.83,4.7,1.53,Yes,Thunderstorm,No,9.76,9.85,No
5009,B787,7.13,3.57,8.54,Yes,Snow,No,5.27,1.46,No
5010,A320,1.99,2.3,1.89,No,Thunderstorm,Yes,5.79,1.12,No
5011,B737,8.28,5.45,4.04,No,Rain,No,6.98,8.54,Yes
5012,A320,3.7,3.57,5.44,Yes,Thunderstorm,Yes,7.52,9.93,No
5013,B737,7.65,4.33,8.78,Yes,Rain,No,8.16,3.03,No
5014,A320,3.23,0.1,8.99,No,Clear,No,6.18,4.85,No
5015,A350,1.76,9.82,6.72,Yes,Rain,Yes,9.52,9.32,No
5016,B787,7.97,1.22,8.22,No,Clear,No,3.99,2.03,Yes
5017,A380,1.72,6.48,8.07,Yes,Thunderstorm,No,8.23,5.74,No
5018,B737,6.96,4.79,2.65,Yes,Snow,Yes,6.92,7.96,No
5019,A320,4.14,0.94,1.86,Yes,Clear,Yes,0.35,9.23,No
5020,B787,4.2,7.81,5.06,Yes,Thunderstorm,No,4.53,2.98,Yes
5021,A350,6.53,4.99,8.56,Yes,Rain,Yes,1.94,7.61,No
5022,A380,3.05,9.54,9.24,No,Fog,Yes,4.27,0.73,Yes
5023,A350,2.13,4.15,0.35,Yes,Clear,Yes,9.05,9.23,Yes
5024,A320,2.02,3.97,9.65,Yes,Fog,Yes,1.74,3.35,Yes
5025,A350,6.92,6.58,9.66,No,Snow,No,2.7,1.71,Yes
5026,A320,2.16,1.22,9.31,No,Fog,Yes,6.63,2.67,Yes
5027,A350,9.2,0.48,7.46,No,Snow,No,3.99,5.54,Yes
5028,A350,5.8,3.35,3.69,No,Snow,Yes,8.57,1.32,Yes
5029,B737,4.11,9.11,4.66,No,Snow,No,3.04,2.36,Yes
5030,B737,0.19,1.76,3.51,No,Thunderstorm,Yes,7.26,3.92,No
5031,A380,8.42,8.27,2.59,Yes,Thunderstorm,Yes,2.72,8.05,Yes
5032,A320,1.24,8.27,0.41,No,Fog,Yes,9.35,2.94,No
5033,A380,0.83,2.09,8.27,Yes,Rain,No,0.2,3.43,No
5034,B787,8.66,0.19,8.09,Yes,Rain,Yes,2.44,4.77,Yes
5035,A380,9.5,8.14,8.69,No,Fog,Yes,0.18,2.53,No
5036,B787,6.14,9.04,8.7,No,Thunderstorm,Yes,6.09,3.94,Yes
5037,A380,8.01,7.33,7.34,Yes,Rain,Yes,7.09,4.03,Yes
5038,A320,9.18,2.95,8.73,No,Thunderstorm,No,9.54,9.21,Yes
5039,B787,2.35,2.98,0.08,Yes,Clear,Yes,8.84,3.19,No
5040,B737,7.85,4.1,6.06,No,Thunderstorm,Yes,0.45,6.84,Yes
5041,B787,7.37,8.19,3.24,No,Fog,No,4.42,0.25,No
5042,B787,7.08,8.94,9.92,Yes,Snow,No,5.72,0.1,No
5043,A320,9.03,4.58,6.23,No,Fog,Yes,7.97,8.18,No
5044,A350,4.3,9.36,7.59,Yes,Snow,No,5.2,6.08,No
5045,A380,2.97,5.35,5.06,No,Clear,Yes,1.1,3.25,Yes
5046,B787,4.66,9.48,1.35,No,Rain,Yes,4.26,8.66,No
5047,A320,1.61,1.19,1.81,Yes,Fog,No,4.02,9.11,No
5048,A350,2.83,6.13,1.05,No,Clear,No,8.27,3.91,Yes
5049,A380,2.01,8.54,3.81,Yes,Thunderstorm,Yes,6.63,6.42,No
5050,A320,8.92,0.27,1.13,No,Rain,Yes,1.48,9.24,Yes
5051,B737,1.78,3.32,5.26,Yes,Thunderstorm,No,0.3,3.73,No
5052,A320,6.34,8.66,0.6,Yes,Snow,No,5.52,7.25,Yes
5053,B787,5.43,8.62,7.84,No,Thunderstorm,No,3.81,4.06,No
5054,A350,1.76,7.07,1.56,No,Thunderstorm,No,6.15,0.23,No
5055,A350,3.31,2.92,3.15,Yes,Rain,Yes,1.49,1.38,No
5056,A350,7.53,4.27,3.81,Yes,Snow,Yes,2.34,2.41,Yes
5057,A350,8.42,8.04,9.1,Yes,Clear,No,7.49,7.49,No
5058,A350,9.46,7.15,9.07,No,Rain,Yes,5.95,7.3,No
5059,B787,5.83,3.14,9.99,No,Clear,Yes,4.09,1.5,No
5060,A350,1.41,4.82,3.52,Yes,Thunderstorm,Yes,8.91,2.34,Yes
5061,A320,6.45,9.4,6.42,Yes,Snow,Yes,0.0,6.88,Yes
5062,A320,5.69,1.4,2.97,Yes,Clear,Yes,5.55,9.01,Yes
5063,B787,4.95,2.67,4.48,No,Rain,No,0.05,1.51,Yes
5064,A320,1.78,8.92,4.96,Yes,Snow,No,0.03,4.63,No
5065,B787,3.28,8.5,0.37,No,Snow,Yes,8.3,8.86,Yes
5066,B787,9.53,2.3,1.29,Yes,Rain,No,0.47,7.95,No
5067,B737,0.31,8.79,5.24,Yes,Rain,No,8.45,9.1,No
5068,A320,6.49,5.05,3.97,Yes,Clear,No,2.81,4.3,No
5069,A380,0.99,7.24,6.2,Yes,Fog,Yes,7.68,9.72,Yes
5070,A380,0.65,8.02,9.19,No,Snow,Yes,8.11,7.32,Yes
5071,A380,0.79,2.88,5.65,Yes,Rain,Yes,3.73,8.94,Yes
5072,A350,7.29,4.64,8.84,No,Snow,Yes,9.8,9.16,No
5073,B737,7.66,5.81,0.96,No,Thunderstorm,Yes,7.54,7.98,No
5074,B737,5.68,1.67,5.05,Yes,Rain,Yes,5.12,9.13,Yes
5075,A320,9.08,3.72,2.65,Yes,Thunderstorm,Yes,1.95,1.84,Yes
5076,A320,4.46,8.41,0.49,Yes,Rain,Yes,1.69,2.51,No
5077,A350,2.09,0.11,5.04,No,Fog,No,5.08,3.42,No
5078,B787,0.67,9.39,3.83,No,Snow,Yes,7.34,3.05,Yes
5079,A320,8.56,0.27,8.4,No,Snow,No,3.22,8.68,Yes
5080,B737,0.31,4.44,7.08,Yes,Fog,Yes,4.01,2.4,Yes
5081,A380,6.54,7.17,1.56,Yes,Snow,No,2.99,5.34,No
5082,A320,6.73,0.5,7.67,Yes,Clear,No,1.82,7.88,No
5083,B737,5.76,8.06,0.52,Yes,Fog,Yes,9.88,4.17,Yes
5084,B737,0.74,0.53,9.06,Yes,Fog,No,1.26,2.07,No
5085,A350,5.36,6.95,9.52,Yes,Fog,Yes,2.73,9.25,Yes
5086,A350,7.69,0.55,3.79,No,Clear,Yes,9.53,1.4,No
5087,A320,5.95,8.85,5.95,Yes,Fog,No,3.14,0.11,No
5088,A380,8.62,9.04,3.5,No,Rain,No,4.17,0.37,No
5089,A350,3.27,6.77,9.22,No,Fog,No,5.42,4.85,No
5090,A350,6.85,3.91,2.33,Yes,Fog,No,3.06,8.69,No
5091,A380,5.77,2.67,0.91,Yes,Thunderstorm,No,5.98,5.81,Yes
5092,A380,7.82,2.56,0.87,Yes,Thunderstorm,No,6.51,7.94,No
5093,B787,2.86,7.97,2.01,Yes,Rain,No,4.4,6.76,No
5094,B787,9.62,9.84,7.81,No,Fog,Yes,0.1,0.6,No
5095,B787,0.04,5.47,0.68,Yes,Thunderstorm,Yes,1.41,1.05,Yes
5096,B737,7.68,5.9,8.31,Yes,Fog,Yes,1.28,4.07,No
5097,A320,1.1,7.46,7.74,No,Thunderstorm,No,6.66,7.71,Yes
5098,A350,4.9,8.81,8.87,No,Fog,Yes,1.38,1.6,Yes
5099,B787,3.14,0.97,7.97,No,Snow,Yes,5.0,7.02,Yes
5100,A350,5.21,0.61,1.47,Yes,Thunderstorm,Yes,1.44,0.65,Yes
5101,A320,5.48,9.39,8.46,No,Snow,No,1.54,7.64,No
5102,A320,9.35,0.7,2.6,Yes,Clear,No,1.79,3.73,No
5103,A380,6.17,3.77,7.53,Yes,Clear,Yes,3.26,6.98,No
5104,A350,0.79,5.07,6.62,Yes,Fog,No,0.21,3.14,No
5105,A380,9.97,3.95,2.07,Yes,Fog,Yes,8.75,4.25,No
5106,B737,7.93,3.21,8.23,Yes,Rain,No,8.45,5.4,No
5107,A380,4.17,9.93,2.26,Yes,Clear,Yes,0.33,3.23,No
5108,B787,1.04,2.42,8.26,No,Clear,Yes,5.54,1.57,No
5109,A380,8.83,2.7,3.94,No,Rain,Yes,2.46,8.43,No
5110,B737,4.96,3.15,9.54,No,Clear,Yes,4.84,2.76,No
5111,A320,2.01,2.54,6.28,Yes,Thunderstorm,Yes,6.08,1.93,No
5112,A350,8.78,1.03,5.13,Yes,Snow,No,3.24,5.73,No
5113,B737,8.42,6.98,4.23,No,Thunderstorm,No,2.89,2.07,Yes
5114,A380,5.54,0.64,5.89,No,Rain,Yes,7.4,0.8,Yes
5115,A350,2.5,9.82,1.88,No,Fog,No,3.62,7.49,Yes
5116,B787,6.8,5.22,2.02,No,Clear,Yes,9.42,0.9,No
5117,A380,0.15,2.12,6.31,No,Snow,No,2.3,5.98,No
5118,A380,2.74,9.21,7.16,No,Clear,No,9.71,2.94,No
5119,A350,7.87,2.71,7.15,Yes,Thunderstorm,No,8.46,6.11,No
5120,A320,1.99,2.33,0.43,Yes,Rain,Yes,6.98,1.41,Yes
5121,B737,7.02,1.27,8.93,Yes,Snow,No,3.17,1.84,No
5122,A350,3.83,8.73,0.13,No,Fog,Yes,8.04,4.96,No
5123,A350,7.48,8.8,0.27,Yes,Snow,Yes,6.46,2.67,Yes
5124,A380,4.17,5.18,2.66,Yes,Clear,No,0.36,6.64,Yes
5125,B737,7.83,3.44,1.73,Yes,Clear,No,4.17,9.28,No
5126,A320,6.21,8.39,9.25,No,Snow,No,6.8,0.5,Yes
5127,A350,4.33,2.09,3.62,Yes,Rain,No,1.96,8.89,No
5128,A380,6.65,1.26,2.95,No,Clear,Yes,2.96,1.51,Yes
5129,A350,1.13,7.58,8.19,Yes,Clear,Yes,1.37,9.71,No
5130,A380,8.68,2.18,6.54,No,Clear,Yes,3.33,6.79,Yes
5131,A350,9.1,1.51,6.39,Yes,Thunderstorm,No,9.99,8.79,No
5132,A320,5.55,4.34,0.88,No,Fog,Yes,0.47,1.04,Yes
5133,A320,7.22,3.79,9.68,No,Rain,No,3.27,2.04,Yes
5134,A380,8.64,2.39,2.98,No,Snow,Yes,5.07,7.27,No
5135,A380,1.54,9.09,0.08,Yes,Rain,Yes,3.19,3.86,No
5136,A350,5.12,8.43,5.2,Yes,Clear,No,1.17,7.84,No
5137,A320,3.02,9.53,9.63,No,Thunderstorm,Yes,2.62,4.77,Yes
5138,A380,2.01,1.96,8.68,No,Snow,Yes,3.51,7.3,Yes
5139,B737,0.78,4.39,2.18,No,Snow,No,1.62,6.5,Yes
5140,A320,3.94,3.74,8.93,No,Thunderstorm,No,5.1,4.9,No
5141,A350,3.34,3.66,5.02,No,Rain,No,1.06,5.05,No
5142,A380,7.34,9.63,5.01,No,Thunderstorm,Yes,9.54,3.19,No
5143,A380,7.1,5.49,5.95,No,Fog,No,0.34,1.04,Yes
5144,B737,8.6,8.14,9.27,No,Fog,No,3.0,0.55,No
5145,B737,6.72,4.46,6.93,Yes,Thunderstorm,No,1.37,8.78,Yes
5146,A320,6.12,7.66,3.3,Yes,Rain,No,4.16,4.17,Yes
5147,A380,0.02,6.96,5.63,No,Rain,Yes,6.61,7.67,Yes
5148,A320,5.96,5.24,5.67,No,Rain,No,1.79,3.17,No
5149,A380,8.34,3.75,8.47,No,Fog,No,8.09,7.78,No
5150,B787,0.72,7.89,1.21,No,Rain,No,0.29,6.18,Yes
5151,A350,8.49,9.12,5.08,Yes,Rain,No,6.96,9.55,No
5152,A350,5.58,0.21,6.85,Yes,Fog,Yes,3.52,0.49,No
5153,B787,2.58,9.14,5.1,No,Thunderstorm,No,6.74,8.4,Yes
5154,A350,3.43,6.28,0.5,Yes,Snow,No,3.38,7.03,Yes
5155,A320,6.3,7.87,8.15,No,Clear,Yes,2.8,2.2,No
5156,B737,9.76,8.71,3.28,No,Rain,No,5.29,2.68,No
5157,A350,5.42,3.84,5.9,Yes,Rain,Yes,8.83,4.99,No
5158,A320,7.65,7.98,0.03,No,Fog,No,8.78,7.05,No
5159,B737,6.55,6.86,1.83,Yes,Rain,No,8.25,9.53,No
5160,A380,4.61,1.91,4.11,Yes,Snow,No,8.15,2.58,Yes
5161,B787,9.34,4.68,9.37,Yes,Snow,Yes,4.96,9.08,No
5162,A380,0.77,2.98,2.76,No,Fog,No,0.76,7.02,Yes
5163,B787,0.34,5.3,0.15,Yes,Thunderstorm,No,7.48,3.43,No
5164,A320,8.89,0.72,3.91,No,Thunderstorm,No,4.55,5.04,Yes
5165,A380,0.73,8.87,7.19,Yes,Fog,Yes,0.11,2.45,Yes
5166,A320,5.79,9.8,9.94,Yes,Thunderstorm,Yes,7.85,7.0,Yes
5167,A380,9.07,4.87,4.04,No,Fog,Yes,3.57,8.22,No
5168,A350,2.91,2.3,1.35,No,Snow,Yes,9.5,2.32,Yes
5169,A380,2.63,7.23,0.02,No,Snow,No,4.08,8.28,No
5170,A350,5.14,2.47,5.26,No,Snow,No,9.11,4.73,No
5171,B737,6.26,9.54,5.61,Yes,Thunderstorm,Yes,6.16,1.32,No
5172,B787,5.27,8.38,6.9,No,Snow,Yes,5.09,9.33,Yes
5173,A320,1.46,4.36,8.64,No,Fog,No,7.51,5.74,No
5174,A320,7.67,0.43,1.72,No,Thunderstorm,No,2.69,5.37,No
5175,A350,0.69,3.58,8.96,No,Snow,No,3.5,2.3,No
5176,B737,3.58,7.77,0.27,Yes,Thunderstorm,Yes,3.93,3.7,No
5177,B787,6.08,2.66,0.77,No,Clear,Yes,9.82,8.69,No
5178,B787,4.84,6.94,2.23,Yes,Fog,Yes,8.96,4.19,Yes
5179,A350,3.1,7.08,9.1,No,Clear,No,4.16,3.7,Yes
5180,B787,9.72,3.59,2.37,Yes,Fog,Yes,8.16,3.45,Yes
5181,A380,8.9,5.04,5.64,Yes,Thunderstorm,No,2.03,4.31,No
5182,B737,1.55,3.99,6.57,No,Snow,Yes,3.79,8.39,No
5183,A380,6.24,7.47,4.87,No,Fog,Yes,0.85,3.97,Yes
5184,A350,3.38,3.7,7.0,No,Thunderstorm,Yes,9.32,1.98,No
5185,A350,8.75,0.65,8.69,No,Clear,Yes,1.81,8.55,Yes
5186,A350,5.67,5.06,0.09,No,Clear,Yes,2.22,9.95,Yes
5187,A380,3.74,6.17,3.32,Yes,Clear,Yes,0.98,1.88,No
5188,A320,9.76,8.35,3.4,No,Fog,Yes,8.13,4.43,Yes
5189,A380,3.16,9.51,1.39,Yes,Clear,No,6.08,9.65,No
5190,A320,8.36,5.46,9.19,No,Clear,Yes,5.08,8.21,Yes
5191,A320,5.66,4.7,5.23,No,Fog,Yes,5.6,5.43,No
5192,A320,1.48,9.44,1.28,No,Snow,No,0.58,1.64,No
5193,B737,2.35,0.55,8.55,No,Clear,Yes,5.8,3.68,Yes
5194,A320,0.27,6.52,5.82,Yes,Clear,No,5.87,9.69,Yes
5195,A380,4.8,7.53,3.03,No,Clear,No,0.74,1.19,No
5196,B737,7.45,0.86,3.8,Yes,Snow,Yes,8.28,4.52,No
5197,B787,3.42,4.68,1.64,No,Snow,Yes,0.53,2.9,Yes
5198,B737,6.2,1.4,8.44,Yes,Fog,Yes,3.36,4.02,Yes
5199,A350,2.71,5.76,0.91,Yes,Thunderstorm,No,1.56,5.47,Yes
5200,B787,2.98,8.47,3.44,No,Fog,No,9.74,5.12,No
5201,B787,1.82,4.34,7.94,No,Thunderstorm,Yes,0.77,5.43,Yes
5202,A320,8.71,0.02,6.03,Yes,Clear,No,8.07,2.8,No
5203,A320,5.18,1.93,4.19,No,Clear,Yes,9.75,0.53,Yes
5204,B737,6.03,3.56,1.1,No,Thunderstorm,Yes,7.05,1.85,Yes
5205,A350,6.54,5.67,1.19,Yes,Thunderstorm,No,0.2,7.05,Yes
5206,A350,4.62,6.6,5.94,No,Rain,No,3.21,6.37,No
5207,A320,8.83,5.71,2.74,Yes,Snow,No,6.46,0.53,No
5208,A350,3.78,5.23,6.14,No,Snow,Yes,2.45,8.07,No
5209,A320,7.01,6.58,5.06,Yes,Clear,No,0.47,1.78,Yes
5210,A350,1.85,8.59,4.76,Yes,Snow,Yes,7.76,5.05,Yes
5211,A380,1.19,9.5,3.76,Yes,Snow,Yes,8.53,7.87,No
5212,A350,8.8,5.57,6.14,No,Clear,No,1.11,0.24,Yes
5213,B787,3.31,6.45,5.63,Yes,Clear,No,5.66,9.44,Yes
5214,A380,0.17,4.32,9.02,Yes,Fog,No,0.63,4.0,No
5215,A320,5.79,4.64,4.64,Yes,Snow,Yes,2.5,3.98,No
5216,B787,3.42,7.22,8.71,Yes,Clear,No,5.87,4.52,Yes
5217,B787,7.21,7.12,9.54,Yes,Clear,No,7.14,3.52,Yes
5218,B737,9.72,0.56,9.36,No,Fog,Yes,2.15,6.61,Yes
5219,B787,3.35,3.03,2.61,No,Fog,No,0.42,7.35,No
5220,B787,7.77,9.68,5.22,Yes,Fog,No,3.74,8.42,No
5221,A350,7.1,8.91,2.17,No,Fog,No,8.82,5.68,No
5222,A350,6.04,7.9,6.88,Yes,Fog,No,1.98,2.91,No
5223,A320,4.34,9.22,5.98,No,Clear,Yes,4.38,0.4,Yes
5224,A320,2.17,7.13,5.76,No,Clear,No,6.77,0.17,No
5225,A350,0.35,1.12,6.07,Yes,Thunderstorm,No,2.92,5.22,No
5226,B737,3.19,2.38,3.35,Yes,Fog,Yes,9.67,7.8,Yes
5227,A380,0.8,2.23,2.58,Yes,Snow,No,9.47,0.74,No
5228,B737,2.73,7.41,5.17,No,Snow,No,6.51,2.87,No
5229,B737,8.31,9.26,0.25,No,Snow,No,9.17,8.74,Yes
5230,A350,3.1,3.32,5.64,Yes,Fog,Yes,5.03,5.01,Yes
5231,A320,3.15,6.86,1.51,No,Clear,Yes,6.28,3.27,Yes
5232,A380,3.46,4.19,6.77,Yes,Snow,Yes,0.61,7.55,Yes
5233,A350,1.13,3.71,9.31,No,Thunderstorm,No,1.49,6.13,No
5234,A380,6.55,8.24,1.68,Yes,Clear,Yes,0.1,9.7,Yes
5235,A320,9.87,0.68,8.04,No,Fog,Yes,7.4,5.37,No
5236,A350,5.19,9.14,3.54,No,Thunderstorm,No,8.71,9.49,No
5237,A320,6.46,0.98,2.11,No,Snow,Yes,3.94,1.8,No
5238,A350,9.97,6.9,9.66,Yes,Clear,Yes,4.1,6.21,Yes
5239,B787,3.17,2.64,4.31,Yes,Clear,Yes,6.53,6.73,No
5240,B737,1.22,4.04,7.51,Yes,Clear,Yes,7.26,7.68,Yes
5241,B737,2.6,6.84,9.79,No,Clear,Yes,9.38,1.89,No
5242,B737,7.41,1.32,9.4,No,Fog,Yes,7.68,4.74,No
5243,A380,6.73,5.12,5.6,Yes,Fog,No,4.99,7.97,No
5244,B737,8.82,7.2,5.59,Yes,Fog,Yes,2.93,2.46,Yes
5245,A380,6.83,4.37,3.99,No,Thunderstorm,Yes,9.14,5.82,No
5246,B787,7.05,2.14,5.75,No,Snow,Yes,8.79,5.33,No
5247,A350,5.78,7.56,4.6,No,Fog,Yes,4.42,0.64,No
5248,A320,5.53,6.51,2.09,No,Rain,Yes,6.02,7.84,No
5249,A380,9.73,6.21,7.64,Yes,Fog,No,9.02,0.39,No
5250,B737,0.46,9.77,6.64,Yes,Rain,No,8.13,8.2,Yes
5251,B787,0.34,3.04,10.0,Yes,Thunderstorm,Yes,1.98,8.23,Yes
5252,B787,8.04,6.94,8.74,Yes,Snow,No,9.79,8.97,Yes
5253,A380,6.88,6.61,2.39,No,Clear,Yes,2.8,1.58,No
5254,A380,5.03,8.33,1.85,Yes,Rain,Yes,2.93,4.38,No
5255,A380,8.94,7.67,1.58,No,Rain,No,5.74,2.52,No
5256,B787,3.36,0.93,0.72,Yes,Clear,No,7.61,9.79,Yes
5257,B737,1.95,5.26,4.55,Yes,Clear,No,7.93,5.38,No
5258,A380,7.53,5.0,8.39,Yes,Fog,No,9.89,5.32,Yes
5259,B787,6.1,5.45,1.71,No,Thunderstorm,No,8.03,8.83,No
5260,A320,6.5,5.06,4.68,Yes,Snow,Yes,8.13,3.01,Yes
5261,A380,7.86,4.06,6.4,No,Rain,Yes,1.26,8.55,Yes
5262,B787,0.79,8.47,6.21,Yes,Thunderstorm,No,7.27,8.48,No
5263,A350,9.54,7.47,5.48,No,Thunderstorm,No,0.94,2.29,No
5264,B737,0.97,1.23,6.89,No,Rain,Yes,6.11,1.15,Yes
5265,B737,6.68,9.89,0.73,Yes,Rain,No,0.67,1.15,Yes
5266,B737,2.37,2.57,3.66,No,Clear,Yes,2.49,4.48,Yes
5267,A350,6.91,2.88,0.59,No,Fog,Yes,9.69,7.02,No
5268,B787,7.98,7.31,0.83,No,Fog,No,7.97,1.45,No
5269,A350,1.86,3.25,2.41,Yes,Fog,Yes,6.64,3.49,Yes
5270,B737,4.81,7.91,7.44,No,Rain,No,1.35,4.07,No
5271,A320,9.04,3.52,1.29,No,Rain,No,6.53,3.77,No
5272,A350,5.58,7.57,4.05,No,Snow,No,4.06,9.98,No
5273,A350,6.27,8.34,7.19,Yes,Clear,No,0.33,8.64,Yes
5274,B737,3.33,5.69,5.28,No,Thunderstorm,Yes,6.06,5.14,No
5275,A320,7.83,2.4,2.97,No,Clear,Yes,3.0,5.48,Yes
5276,A380,7.09,2.45,5.58,No,Snow,No,0.54,0.63,Yes
5277,B737,5.19,4.13,3.41,Yes,Snow,No,5.36,2.01,No
5278,B737,8.73,2.46,2.82,Yes,Clear,No,8.51,5.5,No
5279,A350,1.34,2.32,1.08,Yes,Clear,No,5.72,1.95,No
5280,A320,7.18,9.28,6.04,No,Rain,No,6.56,9.77,No
5281,A380,6.94,4.35,1.48,Yes,Rain,Yes,1.26,9.32,Yes
5282,A320,3.68,5.24,3.09,Yes,Rain,Yes,7.99,1.45,Yes
5283,A380,9.78,1.2,4.07,Yes,Clear,Yes,5.79,9.02,No
5284,A380,2.25,9.95,7.98,Yes,Clear,Yes,3.49,4.84,No
5285,A320,8.91,3.23,1.24,No,Snow,No,2.8,5.56,Yes
5286,A350,1.52,5.44,2.82,No,Clear,No,3.6,3.06,No
5287,A380,5.59,4.02,4.72,No,Fog,No,6.02,3.59,Yes
5288,A380,9.98,4.95,4.31,No,Thunderstorm,No,3.12,8.98,No
5289,B787,3.24,6.39,6.0,No,Rain,Yes,0.3,7.07,Yes
5290,A380,9.8,6.59,0.09,Yes,Thunderstorm,Yes,5.7,0.39,Yes
5291,A380,9.11,9.82,5.49,Yes,Rain,No,9.67,8.69,Yes
5292,A380,5.89,7.06,9.83,No,Thunderstorm,No,1.42,0.41,No
5293,A380,2.25,1.25,0.62,No,Thunderstorm,Yes,0.34,6.57,Yes
5294,A380,7.85,4.57,7.82,No,Rain,No,0.84,9.64,No
5295,A380,6.53,5.7,7.98,No,Clear,Yes,1.89,4.35,Yes
5296,A350,1.39,3.88,0.33,No,Thunderstorm,Yes,5.5,2.31,Yes
5297,A380,0.13,5.49,8.11,No,Thunderstorm,Yes,0.65,8.34,Yes
5298,A380,4.65,8.43,0.55,No,Rain,No,2.24,9.95,No
5299,A380,3.9,2.57,2.77,No,Rain,Yes,3.04,3.54,Yes
5300,A380,6.61,2.27,7.85,Yes,Fog,Yes,9.12,5.95,No
5301,B737,9.4,3.9,6.73,No,Fog,Yes,0.54,4.83,No
5302,A380,8.83,1.12,1.99,No,Fog,No,6.99,3.7,No
5303,A350,1.19,8.62,6.09,Yes,Clear,No,3.83,0.27,No
5304,A320,8.69,8.21,9.86,No,Snow,Yes,5.73,7.67,No
5305,B787,0.47,5.24,7.68,No,Rain,No,0.18,0.34,No
5306,B787,8.47,4.79,4.47,Yes,Thunderstorm,No,9.64,0.47,Yes
5307,B787,3.26,4.59,7.36,Yes,Snow,No,7.41,9.23,Yes
5308,B787,8.33,5.3,1.77,No,Thunderstorm,No,3.5,2.1,No
5309,A380,8.05,5.41,1.7,Yes,Snow,No,7.89,5.1,No
5310,A350,5.18,0.41,4.27,Yes,Thunderstorm,Yes,8.1,7.84,No
5311,B787,5.82,4.75,3.24,Yes,Rain,Yes,9.34,5.43,No
5312,A350,6.08,8.81,8.96,No,Thunderstorm,No,4.62,3.08,Yes
5313,A380,9.38,1.92,4.04,No,Fog,Yes,3.52,6.42,No
5314,A350,5.35,5.39,1.41,No,Fog,Yes,4.71,3.39,No
5315,A380,6.42,9.12,5.99,No,Fog,Yes,5.44,3.25,Yes
5316,A350,6.7,7.16,8.23,Yes,Clear,Yes,8.87,3.58,No
5317,B787,9.57,4.62,2.73,No,Rain,No,5.1,2.63,No
5318,A320,9.08,9.42,2.99,Yes,Rain,Yes,1.8,5.17,Yes
5319,B787,7.49,7.5,3.89,No,Thunderstorm,No,1.98,1.3,No
5320,A320,7.42,3.66,5.56,Yes,Thunderstorm,No,8.56,9.03,Yes
5321,B787,7.22,5.91,8.3,No,Clear,No,6.84,4.14,No
5322,A380,5.11,9.54,3.84,Yes,Thunderstorm,Yes,0.21,8.93,No
5323,A380,9.33,6.86,1.29,No,Thunderstorm,Yes,7.07,8.34,Yes
5324,A380,5.65,9.08,5.55,Yes,Thunderstorm,Yes,8.64,0.38,Yes
5325,A320,3.27,0.45,0.07,No,Clear,No,7.07,6.85,Yes
5326,B737,3.82,3.3,0.03,Yes,Clear,No,1.12,0.41,No
5327,A320,4.12,0.66,9.53,No,Thunderstorm,Yes,9.89,4.9,No
5328,A320,1.72,9.09,7.7,Yes,Rain,No,9.43,8.39,No
5329,A320,6.78,7.27,0.57,Yes,Clear,Yes,7.37,3.04,No
5330,A350,2.46,0.86,0.07,Yes,Snow,No,5.16,9.19,No
5331,B787,9.23,2.61,8.91,No,Snow,No,4.38,7.86,No
5332,A380,1.73,0.59,0.89,No,Clear,No,8.26,6.09,No
5333,A320,2.0,9.92,4.72,Yes,Rain,No,7.94,0.98,Yes
5334,A320,3.79,1.84,1.5,No,Fog,No,2.51,3.84,Yes
5335,B737,8.93,7.28,9.67,No,Thunderstorm,Yes,5.92,1.09,No
5336,A380,6.39,9.45,5.0,No,Rain,No,4.13,6.68,No
5337,A380,5.07,1.39,2.88,No,Fog,Yes,3.96,7.64,No
5338,B737,5.77,0.25,9.75,Yes,Thunderstorm,Yes,0.18,1.02,Yes
5339,A350,1.39,5.37,7.46,No,Clear,Yes,2.11,2.87,No
5340,A320,2.86,4.18,6.55,Yes,Clear,Yes,9.58,5.23,No
5341,B737,2.22,5.64,5.43,No,Fog,Yes,7.55,5.33,Yes
5342,A350,9.45,3.63,1.61,Yes,Fog,No,7.95,9.52,No
5343,A320,8.85,4.23,3.61,No,Rain,Yes,1.02,4.28,No
5344,A320,6.05,9.24,7.97,No,Clear,Yes,1.36,8.36,Yes
5345,B787,6.86,1.01,6.96,No,Clear,Yes,6.79,4.52,Yes
5346,B787,1.18,2.15,8.45,No,Snow,No,6.92,6.93,No
5347,A350,4.81,2.57,6.4,Yes,Fog,No,8.51,9.59,Yes
5348,B787,5.07,1.78,3.75,No,Clear,No,5.62,8.46,Yes
5349,B787,3.59,5.83,6.28,No,Thunderstorm,No,5.31,8.81,Yes
5350,B737,3.01,7.09,2.55,No,Rain,Yes,8.01,7.69,No
5351,B787,2.63,0.11,6.91,No,Rain,No,0.38,4.36,No
5352,B737,3.89,0.27,0.2,No,Snow,No,3.1,4.9,No
5353,A320,8.67,3.26,8.55,Yes,Thunderstorm,Yes,0.34,2.97,Yes
5354,B737,0.51,7.26,4.71,No,Thunderstorm,No,0.53,1.03,Yes
5355,A350,3.78,0.37,1.23,Yes,Snow,Yes,0.58,2.21,Yes
5356,A380,0.79,3.55,1.55,Yes,Thunderstorm,No,7.45,0.36,Yes
5357,A320,4.74,0.47,1.45,Yes,Clear,Yes,8.61,7.93,Yes
5358,A380,5.36,2.06,8.17,No,Fog,Yes,1.64,2.25,No
5359,A350,0.51,3.75,0.9,No,Rain,No,9.88,6.54,No
5360,A320,1.41,0.24,8.22,Yes,Rain,Yes,5.35,4.7,No
5361,B737,6.42,4.32,0.11,Yes,Snow,Yes,2.04,7.93,Yes
5362,B737,2.67,4.14,5.47,No,Rain,No,3.06,9.24,Yes
5363,B787,8.83,1.49,9.18,Yes,Rain,No,1.18,4.08,Yes
5364,B787,1.35,8.69,5.6,No,Fog,No,4.35,2.62,No
5365,B737,8.89,3.09,5.26,Yes,Snow,No,3.42,6.07,Yes
5366,B737,2.98,5.65,5.09,No,Thunderstorm,Yes,6.64,7.57,No
5367,A350,3.99,0.55,8.63,No,Snow,Yes,2.14,8.53,No
5368,A380,3.9,1.87,3.37,No,Clear,No,2.06,0.95,Yes
5369,A320,9.23,8.6,2.98,Yes,Snow,No,9.77,0.47,No
5370,A320,5.14,7.9,3.2,No,Clear,Yes,9.44,7.78,No
5371,A350,9.6,2.26,9.68,Yes,Clear,No,5.47,8.57,Yes
5372,A380,0.58,4.98,1.77,No,Thunderstorm,Yes,3.12,2.81,No
5373,A350,1.77,4.04,2.9,No,Thunderstorm,No,0.23,6.78,Yes
5374,A320,0.79,6.73,4.16,Yes,Thunderstorm,No,9.61,3.69,Yes
5375,B737,5.0,1.96,0.94,Yes,Clear,No,5.66,1.12,Yes
5376,B737,6.77,0.78,3.15,No,Rain,No,8.81,9.03,Yes
5377,A380,2.37,8.95,7.43,No,Snow,No,9.41,9.28,No
5378,A320,8.84,3.15,1.49,Yes,Thunderstorm,No,4.33,6.43,Yes
5379,A350,5.79,2.2,3.06,Yes,Thunderstorm,Yes,9.83,7.02,Yes
5380,A350,2.35,7.04,2.08,No,Fog,Yes,0.86,1.33,No
5381,B787,0.56,9.79,8.59,No,Thunderstorm,Yes,0.58,6.78,No
5382,A350,0.34,9.27,7.63,No,Snow,No,8.62,5.3,Yes
5383,A380,2.46,7.44,8.4,Yes,Thunderstorm,No,9.75,6.04,No
5384,A380,1.89,8.14,2.22,Yes,Snow,No,3.67,1.31,No
5385,B787,2.12,6.88,1.91,No,Rain,No,2.28,9.64,Yes
5386,A380,4.1,9.31,9.66,Yes,Thunderstorm,Yes,0.29,4.71,Yes
5387,A320,1.16,8.59,5.08,Yes,Rain,Yes,0.56,6.7,Yes
5388,B737,5.89,5.42,6.76,Yes,Clear,Yes,8.6,8.59,No
5389,A350,0.88,1.53,1.75,No,Fog,No,5.53,2.69,Yes
5390,B787,7.81,5.69,3.12,No,Snow,No,9.44,0.18,Yes
5391,A320,2.56,9.49,6.45,No,Rain,No,8.94,1.1,Yes
5392,B737,0.74,7.9,1.21,No,Rain,Yes,4.68,2.41,No
5393,A320,9.67,4.53,0.44,No,Fog,No,5.74,2.96,Yes
5394,A320,8.41,7.15,5.48,No,Thunderstorm,No,4.68,0.12,Yes
5395,A350,6.88,8.89,5.56,Yes,Snow,Yes,9.63,2.28,Yes
5396,A320,0.86,3.19,8.6,No,Rain,No,7.28,3.92,Yes
5397,A380,8.05,5.11,6.78,No,Rain,No,3.31,2.77,No
5398,B737,7.04,9.8,4.27,No,Clear,Yes,5.63,1.92,Yes
5399,B737,8.02,7.22,7.07,Yes,Rain,Yes,9.87,1.47,Yes
5400,A350,6.37,2.96,7.6,Yes,Snow,Yes,2.3,6.63,Yes
5401,B737,0.71,6.08,5.22,No,Thunderstorm,No,9.85,0.59,No
5402,B787,8.34,0.78,5.0,No,Snow,No,9.98,8.2,Yes
5403,A380,3.39,5.59,7.3,Yes,Fog,No,6.98,5.54,No
5404,A380,4.94,1.15,1.74,No,Snow,No,8.82,8.74,No
5405,B737,7.78,6.67,2.87,No,Thunderstorm,Yes,1.6,8.27,No
5406,B787,9.36,8.66,5.95,No,Snow,No,4.14,4.62,No
5407,A350,2.68,9.83,8.04,Yes,Thunderstorm,Yes,1.21,1.5,No
5408,A350,2.89,6.67,1.79,No,Snow,No,6.66,8.44,Yes
5409,A380,0.03,5.98,4.82,No,Snow,No,6.09,0.6,No
5410,A320,6.99,9.29,6.04,Yes,Snow,Yes,4.38,0.77,Yes
5411,A350,8.5,0.89,2.03,No,Rain,Yes,5.72,3.09,No
5412,A320,1.99,5.32,4.26,Yes,Thunderstorm,Yes,2.59,4.36,Yes
5413,B737,6.63,5.42,3.69,Yes,Thunderstorm,No,1.38,9.78,Yes
5414,A320,9.91,9.65,0.51,Yes,Snow,No,0.41,9.65,No
5415,B787,1.56,8.05,9.72,No,Clear,Yes,5.1,6.83,No
5416,A350,5.92,7.8,3.08,Yes,Fog,No,4.9,9.67,No
5417,B737,1.45,5.79,4.74,Yes,Clear,Yes,0.45,9.21,No
5418,A380,2.02,4.41,0.58,No,Thunderstorm,Yes,8.47,3.54,Yes
5419,A380,7.0,2.43,4.95,No,Fog,Yes,6.31,4.55,Yes
5420,B787,1.04,9.51,9.89,Yes,Snow,Yes,1.53,0.38,Yes
5421,A350,9.84,4.99,5.68,Yes,Thunderstorm,Yes,8.97,2.44,No
5422,A380,3.89,0.73,7.59,Yes,Thunderstorm,Yes,0.06,0.08,No
5423,B787,8.78,5.27,6.29,Yes,Clear,No,6.49,3.22,No
5424,B787,3.02,9.77,0.57,Yes,Thunderstorm,Yes,7.76,3.31,Yes
5425,B737,7.17,2.03,4.52,No,Thunderstorm,No,3.44,2.76,Yes
5426,B787,9.36,8.41,1.56,Yes,Clear,No,1.44,8.62,No
5427,A320,7.12,7.53,9.69,No,Snow,No,8.76,3.46,Yes
5428,B737,7.88,0.58,6.33,Yes,Rain,No,4.8,3.45,No
5429,A350,3.65,1.76,3.8,No,Rain,Yes,6.01,5.63,Yes
5430,B737,8.9,1.3,7.82,No,Rain,Yes,4.86,4.46,Yes
5431,B787,1.9,9.87,8.16,Yes,Snow,Yes,3.58,5.93,Yes
5432,B787,3.68,8.44,4.0,No,Rain,Yes,4.42,2.5,No
5433,A320,4.14,0.69,5.02,No,Fog,Yes,0.68,9.49,Yes
5434,A320,9.84,4.85,7.92,Yes,Thunderstorm,No,1.01,0.56,No
5435,B787,2.52,8.93,5.37,No,Snow,Yes,8.12,8.54,No
5436,A380,6.47,2.33,0.47,No,Clear,Yes,5.4,1.39,Yes
5437,A320,9.6,0.1,7.5,Yes,Clear,No,9.41,0.84,No
5438,A350,3.62,2.51,6.9,Yes,Fog,No,0.16,4.84,Yes
5439,A320,7.7,2.41,5.06,No,Clear,Yes,4.77,1.21,No
5440,A380,6.24,1.14,7.4,No,Fog,Yes,2.56,7.63,No
5441,A380,2.35,2.04,8.64,Yes,Snow,No,2.23,8.69,Yes
5442,B737,4.59,4.36,1.55,Yes,Clear,No,6.12,1.03,No
5443,A320,8.5,5.6,2.09,Yes,Clear,Yes,1.61,5.06,Yes
5444,A350,0.41,1.6,6.03,Yes,Thunderstorm,No,6.16,6.59,Yes
5445,A380,8.76,2.08,8.28,No,Fog,No,1.98,6.84,Yes
5446,A320,4.85,0.66,1.95,No,Clear,No,4.98,0.12,No
5447,B737,3.54,4.73,4.17,Yes,Thunderstorm,Yes,8.05,6.61,No
5448,A320,9.84,0.49,6.46,No,Clear,Yes,1.76,2.79,No
5449,A380,8.77,0.19,7.7,No,Snow,Yes,1.76,8.66,No
5450,A380,4.6,9.38,8.35,Yes,Thunderstorm,No,0.71,8.16,Yes
5451,A380,1.18,0.73,5.9,No,Fog,No,0.67,8.38,Yes
5452,A320,6.67,5.13,5.77,No,Clear,Yes,9.93,5.64,Yes
5453,A350,3.16,4.66,7.64,No,Fog,No,0.04,1.43,Yes
5454,B737,2.12,9.75,0.37,Yes,Fog,Yes,7.97,1.65,Yes
5455,B737,4.14,3.28,8.02,Yes,Snow,No,9.58,6.35,Yes
5456,B787,8.81,8.35,3.56,Yes,Rain,No,8.85,7.16,No
5457,B737,7.0,8.03,8.96,No,Rain,Yes,4.9,9.22,No
5458,A320,8.74,6.15,9.76,Yes,Clear,No,3.49,5.83,Yes
5459,B787,7.27,4.41,2.87,Yes,Rain,No,7.97,4.35,No
5460,A320,9.24,0.6,9.63,Yes,Snow,No,1.44,5.94,Yes
5461,A350,3.66,1.21,0.73,Yes,Snow,Yes,7.11,5.64,No
5462,A320,6.23,0.81,6.84,No,Fog,Yes,5.23,4.48,No
5463,A320,4.92,6.48,0.75,Yes,Clear,No,2.79,4.86,No
5464,A320,7.33,2.09,8.6,No,Thunderstorm,No,9.53,5.89,Yes
5465,A320,5.02,7.07,2.2,Yes,Snow,No,6.04,9.18,Yes
5466,A380,5.9,0.87,9.51,Yes,Fog,No,5.6,2.66,No
5467,A380,8.56,3.44,5.23,Yes,Thunderstorm,No,2.25,7.61,Yes
5468,B737,6.31,8.48,1.41,Yes,Clear,Yes,8.94,5.44,No
5469,A350,6.1,2.43,2.65,Yes,Fog,No,8.28,4.58,No
5470,A350,6.18,3.44,5.08,No,Clear,No,5.36,2.73,No
5471,A320,4.23,5.16,4.84,No,Thunderstorm,Yes,7.3,7.51,Yes
5472,A320,2.59,3.12,0.77,No,Snow,No,6.56,6.28,No
5473,A320,6.68,7.02,7.96,Yes,Snow,Yes,0.76,6.16,No
5474,A320,7.79,5.9,0.67,No,Fog,No,3.96,5.53,No
5475,A380,5.4,1.84,9.39,Yes,Thunderstorm,No,0.51,4.95,No
5476,A350,3.95,6.63,7.72,Yes,Thunderstorm,Yes,9.81,8.24,Yes
5477,B737,8.09,0.3,2.47,Yes,Thunderstorm,Yes,2.55,1.95,Yes
5478,A380,4.62,7.71,6.85,Yes,Fog,No,5.55,6.43,Yes
5479,B787,7.56,7.89,4.15,Yes,Snow,No,1.97,3.33,Yes
5480,A350,8.92,2.81,5.49,No,Snow,No,2.02,3.94,No
5481,A320,7.18,0.52,6.78,Yes,Rain,No,0.79,2.64,Yes
5482,A380,6.04,6.6,4.18,No,Fog,Yes,8.49,8.26,No
5483,A320,3.93,9.71,3.12,No,Clear,Yes,0.42,6.41,No
5484,B737,3.84,2.23,6.92,No,Rain,No,6.95,7.9,Yes
5485,B787,5.56,2.45,8.34,Yes,Clear,No,8.86,1.07,No
5486,B787,3.98,4.37,7.41,No,Fog,Yes,9.53,2.51,No
5487,A380,8.07,1.65,8.92,No,Snow,Yes,3.34,4.99,No
5488,A350,6.72,4.36,6.84,Yes,Snow,No,4.81,1.22,No
5489,A380,0.64,9.6,2.33,Yes,Clear,Yes,6.18,6.12,No
5490,B737,4.64,3.31,6.84,Yes,Clear,No,7.62,2.68,Yes
5491,B787,1.61,9.57,8.85,Yes,Fog,No,8.46,3.31,Yes
5492,A380,3.82,2.74,5.4,Yes,Rain,No,5.87,8.53,No
5493,A350,2.23,9.87,0.7,Yes,Snow,No,1.58,2.0,Yes
5494,B787,6.44,4.39,9.95,Yes,Rain,No,4.76,3.86,Yes
5495,A350,7.32,5.63,1.83,Yes,Thunderstorm,Yes,8.17,0.36,No
5496,B737,7.17,3.06,6.29,Yes,Snow,No,9.77,6.99,Yes
5497,A380,3.25,2.26,4.18,Yes,Rain,Yes,6.25,7.13,Yes
5498,B787,4.42,4.36,2.37,Yes,Fog,Yes,8.15,9.25,No
5499,A320,8.19,2.41,7.06,No,Fog,Yes,5.93,6.3,Yes
5500,A350,9.83,0.99,2.61,No,Clear,No,7.07,8.33,Yes
5501,A380,8.81,6.43,4.94,Yes,Fog,Yes,1.24,4.89,Yes
5502,B737,9.61,5.46,3.06,No,Fog,Yes,9.5,2.99,Yes
5503,A350,3.6,5.92,4.1,Yes,Thunderstorm,Yes,9.5,7.0,No
5504,B787,6.07,0.61,2.15,Yes,Rain,No,5.53,3.33,Yes
5505,A380,1.61,0.6,6.82,Yes,Clear,No,9.14,7.38,Yes
5506,A320,9.03,0.9,8.97,No,Clear,No,6.43,5.94,Yes
5507,A350,1.21,3.82,7.64,No,Fog,Yes,8.21,6.26,Yes
5508,A350,0.59,0.88,2.84,No,Rain,No,7.38,2.03,Yes
5509,B737,6.45,3.6,5.17,Yes,Thunderstorm,Yes,5.43,7.42,No
5510,A350,7.1,0.96,1.7,No,Rain,Yes,4.76,3.91,No
5511,A350,6.74,5.8,6.8,No,Snow,No,1.93,9.85,No
5512,A380,4.46,7.09,2.52,Yes,Snow,Yes,8.98,7.32,No
5513,A380,3.39,6.32,7.59,Yes,Thunderstorm,Yes,6.26,2.67,Yes
5514,B787,5.52,3.67,5.52,Yes,Thunderstorm,No,4.08,1.68,Yes
5515,B787,3.56,5.89,1.56,Yes,Snow,No,0.08,3.96,Yes
5516,A380,4.3,4.58,4.58,Yes,Clear,No,6.77,3.85,Yes
5517,B737,8.87,3.9,4.42,No,Rain,No,3.05,4.77,No
5518,A320,8.21,3.63,8.88,No,Thunderstorm,No,7.77,0.87,Yes
5519,A350,7.94,0.13,2.17,No,Fog,No,7.17,2.24,No
5520,A350,0.48,7.7,4.05,Yes,Snow,No,5.2,9.32,No
5521,A320,7.43,0.76,7.45,No,Rain,Yes,2.36,8.15,Yes
5522,A320,0.8,0.38,5.8,Yes,Rain,No,5.98,6.96,No
5523,A350,7.54,4.61,5.99,No,Clear,No,2.57,0.75,Yes
5524,A380,4.19,6.48,3.71,Yes,Snow,Yes,7.45,6.09,Yes
5525,B737,2.9,7.59,8.28,Yes,Snow,Yes,5.59,5.36,No
5526,A380,0.25,5.13,4.08,No,Fog,No,9.64,1.4,Yes
5527,A380,7.69,9.35,3.03,No,Snow,Yes,4.17,9.66,Yes
5528,B787,4.78,3.37,2.28,Yes,Clear,No,0.73,7.08,No
5529,B737,0.13,0.73,4.16,Yes,Clear,No,4.6,1.84,No
5530,B737,0.79,3.45,2.01,Yes,Snow,Yes,9.1,3.91,No
5531,A350,9.1,7.34,1.17,No,Fog,No,0.14,6.45,Yes
5532,B787,9.03,6.11,7.43,No,Clear,No,2.1,7.19,No
5533,B737,8.31,7.94,2.39,No,Snow,Yes,6.66,8.07,No
5534,B787,4.9,0.13,4.09,No,Clear,No,4.27,6.28,No
5535,A350,2.26,2.29,2.82,No,Fog,Yes,7.23,8.06,Yes
5536,B787,1.24,9.4,9.44,No,Snow,Yes,4.66,3.76,Yes
5537,B787,7.25,7.55,8.37,Yes,Clear,Yes,8.75,1.51,No
5538,B737,2.65,3.71,0.87,No,Snow,Yes,7.05,7.89,Yes
5539,A350,8.07,8.69,9.57,No,Snow,Yes,1.82,6.5,No
5540,A320,1.21,2.12,4.78,No,Rain,No,8.84,8.12,Yes
5541,A320,7.05,5.33,8.48,Yes,Fog,Yes,6.07,1.42,No
5542,A320,7.87,7.36,9.72,Yes,Thunderstorm,No,6.85,1.14,Yes
5543,A380,7.72,3.52,6.88,Yes,Thunderstorm,Yes,4.43,9.68,No
5544,A350,1.98,8.56,8.34,No,Snow,No,5.95,2.66,Yes
5545,A350,4.91,1.37,4.75,No,Fog,Yes,8.88,7.54,No
5546,B737,2.31,7.55,4.27,No,Fog,No,1.04,5.79,Yes
5547,A380,3.93,9.66,7.59,Yes,Rain,Yes,8.85,0.54,Yes
5548,B737,7.6,2.8,1.36,No,Snow,Yes,9.82,8.16,Yes
5549,B787,2.82,8.43,0.77,No,Rain,Yes,2.11,8.44,Yes
5550,A380,0.36,8.58,8.77,No,Fog,No,6.87,5.32,Yes
5551,A380,8.46,5.43,9.23,No,Fog,Yes,5.67,0.86,Yes
5552,B737,0.17,7.75,7.87,Yes,Snow,Yes,5.61,6.0,Yes
5553,A350,6.65,7.95,2.36,No,Thunderstorm,No,5.6,8.35,No
5554,A350,8.57,1.01,7.53,No,Fog,No,4.28,0.21,Yes
5555,A350,0.58,1.64,3.99,No,Snow,No,6.08,5.03,Yes
5556,B737,2.68,0.58,6.25,Yes,Thunderstorm,No,6.77,7.33,No
5557,A350,5.91,3.89,1.17,Yes,Rain,No,7.39,1.05,No
5558,B737,2.69,8.81,3.52,No,Snow,Yes,9.42,1.04,No
5559,B787,4.29,6.8,1.25,No,Snow,No,6.71,4.73,No
5560,B787,5.77,0.1,5.94,No,Thunderstorm,Yes,8.45,8.16,Yes
5561,A380,2.32,3.08,8.94,Yes,Clear,Yes,3.36,9.81,Yes
5562,B737,9.07,3.89,4.74,Yes,Rain,No,4.71,3.99,Yes
5563,B737,2.0,2.11,1.86,No,Thunderstorm,No,3.67,7.57,No
5564,A380,8.41,6.14,5.78,Yes,Rain,No,5.04,0.89,No
5565,B737,5.18,8.39,2.21,Yes,Rain,No,5.37,9.56,Yes
5566,A380,4.91,1.45,6.74,No,Thunderstorm,No,9.79,7.61,No
5567,A320,8.32,7.95,7.9,Yes,Clear,No,4.81,3.8,No
5568,B737,5.35,3.93,2.54,Yes,Rain,No,4.84,3.72,No
5569,A380,3.55,2.24,2.72,No,Thunderstorm,Yes,6.59,3.71,No
5570,B737,4.16,4.53,7.39,No,Thunderstorm,Yes,6.73,8.61,Yes
5571,A380,2.8,5.85,4.84,No,Rain,No,9.92,2.14,Yes
5572,B787,1.97,0.37,9.41,Yes,Rain,Yes,8.62,0.68,No
5573,B737,3.55,3.51,1.15,Yes,Clear,Yes,8.65,5.51,No
5574,B737,6.9,6.12,2.84,No,Thunderstorm,Yes,9.71,0.89,No
5575,B737,9.46,2.13,6.58,No,Snow,Yes,3.02,0.93,No
5576,A350,4.67,2.5,6.29,Yes,Rain,Yes,3.41,7.83,Yes
5577,A320,0.4,0.71,8.86,No,Thunderstorm,Yes,2.69,0.1,No
5578,A380,8.83,2.97,0.67,Yes,Thunderstorm,No,7.47,3.4,No
5579,A380,3.32,0.47,1.16,Yes,Thunderstorm,Yes,0.47,1.84,No
5580,A380,5.49,2.08,7.38,Yes,Snow,Yes,8.33,4.09,Yes
5581,B787,4.79,7.95,3.55,No,Snow,Yes,8.31,4.65,No
5582,A320,2.46,1.38,1.34,Yes,Clear,No,4.79,7.65,No
5583,B787,4.47,0.58,7.67,No,Thunderstorm,No,2.08,6.46,No
5584,B737,7.68,6.82,8.64,Yes,Fog,No,3.26,1.29,No
5585,A320,8.23,2.4,4.06,No,Fog,No,0.03,4.04,No
5586,B737,4.6,7.28,1.74,No,Thunderstorm,Yes,8.7,9.44,No
5587,A350,4.39,6.88,6.12,No,Fog,No,9.22,8.21,Yes
5588,B737,3.47,7.52,8.42,Yes,Fog,Yes,1.66,2.76,Yes
5589,B787,8.97,4.87,9.59,Yes,Fog,Yes,4.75,1.3,Yes
5590,A350,9.32,7.83,7.77,No,Rain,Yes,4.38,1.76,No
5591,A350,7.87,1.0,9.73,No,Thunderstorm,Yes,7.7,3.72,No
5592,B787,7.31,8.6,9.62,No,Clear,Yes,1.69,5.84,Yes
5593,B737,7.55,6.43,3.47,No,Fog,No,6.07,6.6,Yes
5594,A350,6.65,5.14,5.04,Yes,Fog,No,4.17,2.98,Yes
5595,A320,1.36,7.8,7.05,No,Rain,Yes,6.9,4.73,Yes
5596,A320,9.94,0.36,2.69,Yes,Fog,Yes,7.68,5.76,Yes
5597,A320,4.59,8.46,3.11,Yes,Fog,Yes,9.3,0.37,Yes
5598,A320,0.07,3.42,9.83,Yes,Rain,No,4.07,1.72,No
5599,A380,2.59,5.57,8.7,No,Rain,No,2.44,3.24,Yes
5600,A350,1.28,8.01,1.65,Yes,Thunderstorm,No,3.82,9.16,No
5601,A380,3.83,7.2,8.37,Yes,Clear,No,8.45,1.91,No
5602,B787,5.72,3.25,6.52,Yes,Clear,Yes,5.72,7.17,No
5603,B737,5.48,3.2,5.33,No,Clear,No,3.66,3.73,Yes
5604,B787,5.25,0.79,9.36,Yes,Rain,Yes,6.35,4.34,No
5605,B787,3.59,5.54,6.37,No,Fog,No,6.19,8.21,Yes
5606,A350,4.41,3.43,9.04,No,Thunderstorm,Yes,5.97,8.54,No
5607,A320,3.26,3.81,8.12,Yes,Clear,No,7.27,0.35,Yes
5608,A320,4.74,3.68,1.55,Yes,Clear,No,0.87,4.11,Yes
5609,B787,6.66,9.15,6.76,No,Snow,Yes,7.06,9.6,Yes
5610,B737,3.41,5.05,4.58,Yes,Clear,No,3.81,7.03,Yes
5611,B787,0.84,5.31,6.53,Yes,Rain,No,7.48,2.9,Yes
5612,B737,4.33,3.61,7.84,Yes,Rain,No,3.37,7.06,Yes
5613,B787,2.29,3.24,0.72,Yes,Rain,Yes,0.81,6.5,Yes
5614,B787,4.21,4.5,8.58,Yes,Clear,Yes,5.56,4.66,No
5615,A380,1.15,0.77,4.83,No,Rain,No,0.14,9.11,No
5616,A320,3.25,0.26,4.49,No,Fog,No,9.86,8.92,Yes
5617,A380,2.33,4.24,4.88,Yes,Snow,No,1.95,6.42,No
5618,A350,9.99,8.25,4.37,No,Thunderstorm,Yes,9.93,3.9,Yes
5619,A350,7.57,6.47,9.84,No,Rain,Yes,5.8,3.7,No
5620,A380,3.73,8.16,8.26,Yes,Fog,No,3.21,9.53,Yes
5621,B787,3.85,0.53,9.49,No,Thunderstorm,No,2.76,7.63,Yes
5622,B787,3.91,3.19,8.4,No,Fog,Yes,6.61,8.58,Yes
5623,A350,7.19,9.91,1.64,No,Thunderstorm,No,8.03,8.57,Yes
5624,B787,5.2,9.18,0.47,No,Snow,No,9.74,0.71,Yes
5625,A380,5.02,6.42,0.64,No,Rain,No,5.43,9.61,No
5626,A380,1.17,8.16,4.37,No,Fog,Yes,1.99,2.13,No
5627,B737,9.19,0.07,3.17,Yes,Clear,No,5.14,8.89,No
5628,A380,6.37,8.99,1.03,No,Rain,Yes,2.89,8.25,Yes
5629,A320,7.69,8.88,9.67,Yes,Clear,Yes,2.03,0.26,No
5630,A380,9.08,0.96,8.83,Yes,Rain,No,5.18,4.27,Yes
5631,B787,3.95,8.0,7.48,No,Thunderstorm,Yes,9.86,0.82,Yes
5632,B737,2.73,4.71,4.61,No,Fog,Yes,0.19,9.78,Yes
5633,B737,4.13,7.34,7.22,Yes,Rain,No,9.22,8.74,No
5634,A320,2.26,2.58,3.9,No,Rain,No,5.45,7.07,Yes
5635,B787,9.29,6.98,6.67,No,Snow,Yes,0.5,0.41,No
5636,A350,1.11,7.73,9.83,No,Clear,Yes,9.54,2.31,No
5637,A320,3.97,1.56,5.42,No,Rain,Yes,8.43,9.38,Yes
5638,B737,1.41,4.03,8.6,Yes,Fog,Yes,2.5,3.01,Yes
5639,B737,7.14,8.4,0.07,Yes,Rain,No,8.88,2.44,No
5640,A320,8.45,6.4,9.2,Yes,Fog,Yes,8.29,7.27,No
5641,A380,3.63,0.97,5.6,Yes,Fog,No,0.56,7.73,Yes
5642,B737,0.66,9.27,8.62,Yes,Snow,Yes,4.33,1.81,Yes
5643,B787,5.21,9.59,6.98,Yes,Snow,No,8.24,0.37,Yes
5644,B787,7.9,6.35,4.59,No,Thunderstorm,Yes,1.88,1.08,No
5645,B737,9.38,2.12,6.85,No,Snow,No,2.18,6.02,Yes
5646,A320,6.86,1.63,6.46,No,Rain,Yes,5.99,3.24,Yes
5647,B737,0.9,9.17,9.69,No,Clear,No,2.02,9.1,Yes
5648,A320,3.61,9.79,5.37,No,Snow,No,1.03,9.57,Yes
5649,A350,5.38,9.31,4.14,Yes,Thunderstorm,No,1.0,9.27,Yes
5650,B787,0.7,1.93,6.5,Yes,Fog,No,3.97,0.41,No
5651,A350,0.59,0.3,4.57,No,Snow,Yes,3.96,6.71,No
5652,B787,7.67,5.92,3.69,No,Thunderstorm,No,9.91,7.01,Yes
5653,B787,6.43,9.05,4.04,Yes,Clear,Yes,8.15,4.48,No
5654,B737,1.79,0.33,2.15,Yes,Thunderstorm,No,3.76,1.15,Yes
5655,A350,4.3,5.45,8.64,Yes,Rain,No,9.9,3.25,No
5656,B737,9.37,5.61,9.64,No,Thunderstorm,No,1.72,6.78,No
5657,B787,1.77,1.92,4.98,Yes,Clear,Yes,9.29,3.13,Yes
5658,A320,0.32,7.82,7.87,Yes,Fog,No,4.86,8.86,Yes
5659,B787,0.92,1.19,8.86,Yes,Thunderstorm,No,8.94,9.5,No
5660,A320,6.26,5.29,3.3,Yes,Snow,Yes,0.35,5.58,Yes
5661,A380,7.71,3.26,0.19,No,Clear,Yes,9.57,1.34,No
5662,A320,0.62,3.36,9.0,Yes,Rain,Yes,1.34,1.29,Yes
5663,A380,8.45,7.19,5.99,No,Snow,Yes,4.41,7.86,No
5664,A380,9.93,6.22,8.33,No,Snow,No,6.37,5.72,No
5665,A380,5.4,9.43,9.13,No,Snow,No,0.86,8.57,No
5666,A320,0.33,5.14,8.12,Yes,Rain,No,0.02,5.13,No
5667,A320,0.62,0.33,7.96,Yes,Fog,No,7.37,9.34,No
5668,B737,2.35,7.74,9.93,No,Thunderstorm,No,4.5,7.02,Yes
5669,A350,6.76,9.33,3.05,No,Fog,Yes,6.8,6.3,No
5670,A380,3.65,6.93,0.81,Yes,Snow,Yes,6.84,4.62,Yes
5671,B737,5.13,2.31,0.16,Yes,Snow,No,1.68,3.03,No
5672,A320,9.76,4.32,6.43,No,Fog,No,7.7,2.69,Yes
5673,A320,8.55,5.72,8.35,Yes,Snow,No,3.39,1.9,No
5674,A350,5.95,8.15,7.31,Yes,Thunderstorm,Yes,9.35,7.94,Yes
5675,B737,9.82,0.68,2.02,Yes,Rain,No,5.77,8.5,Yes
5676,B737,6.37,3.28,6.81,Yes,Fog,Yes,1.39,7.21,No
5677,B787,0.19,9.96,8.71,Yes,Clear,No,7.84,6.57,Yes
5678,A380,6.99,9.78,8.32,No,Snow,No,6.96,7.44,No
5679,A380,4.76,1.32,3.44,No,Snow,Yes,7.14,9.92,Yes
5680,A380,1.87,3.55,5.44,Yes,Rain,No,4.35,7.87,Yes
5681,B737,9.33,5.86,2.52,No,Rain,No,2.42,0.95,Yes
5682,A350,1.34,0.8,6.63,No,Fog,Yes,1.09,1.22,No
5683,A380,9.83,1.3,4.81,Yes,Thunderstorm,No,6.86,4.06,Yes
5684,A350,5.58,5.04,2.45,No,Fog,Yes,8.02,0.55,No
5685,A320,1.66,3.0,7.59,No,Fog,Yes,1.22,5.79,No
5686,A320,6.92,6.41,1.32,Yes,Fog,Yes,6.77,4.5,No
5687,B737,9.36,4.57,8.04,No,Thunderstorm,Yes,9.89,8.59,Yes
5688,A380,3.67,6.64,7.49,No,Rain,No,9.27,5.86,Yes
5689,A350,1.5,6.44,6.31,Yes,Clear,Yes,2.89,7.17,No
5690,B787,3.4,9.32,6.07,No,Clear,No,0.12,9.46,Yes
5691,B787,6.11,8.58,6.0,Yes,Rain,Yes,8.77,2.02,Yes
5692,B787,5.5,6.55,0.53,No,Clear,Yes,7.42,5.51,No
5693,B787,7.19,6.27,5.39,Yes,Clear,Yes,4.55,2.27,Yes
5694,A320,5.72,7.42,7.42,Yes,Snow,No,9.04,0.29,No
5695,A350,4.71,5.71,5.56,Yes,Rain,No,8.08,1.04,Yes
5696,B787,1.71,2.87,7.4,Yes,Clear,Yes,4.03,8.79,Yes
5697,A350,0.2,9.07,9.34,Yes,Rain,Yes,4.82,2.54,No
5698,A320,8.04,3.77,1.63,No,Thunderstorm,No,2.26,8.18,No
5699,A320,4.57,3.09,0.28,Yes,Rain,No,6.78,8.47,No
5700,A350,8.02,1.09,6.11,No,Rain,No,2.23,0.93,Yes
5701,A350,8.99,8.24,6.8,Yes,Rain,Yes,3.54,0.43,No
5702,A320,2.31,3.12,4.39,No,Snow,No,3.72,4.92,Yes
5703,B737,1.29,6.94,9.64,Yes,Snow,Yes,6.59,1.14,Yes
5704,A320,1.01,0.93,2.35,No,Rain,Yes,9.11,5.58,No
5705,A350,5.37,8.4,9.7,No,Thunderstorm,Yes,9.9,0.86,Yes
5706,A350,0.86,5.5,8.28,Yes,Fog,Yes,8.46,9.69,Yes
5707,A320,0.08,2.13,5.83,No,Snow,No,2.1,9.47,Yes
5708,A350,4.37,2.7,5.21,No,Fog,Yes,4.8,4.4,No
5709,B737,4.71,7.36,9.35,No,Thunderstorm,Yes,2.72,4.76,Yes
5710,A350,5.52,4.63,9.94,Yes,Fog,Yes,9.01,7.37,Yes
5711,A320,7.04,7.57,3.16,Yes,Snow,No,9.01,9.4,No
5712,A320,3.68,2.93,9.64,Yes,Rain,No,2.86,9.34,Yes
5713,B787,4.54,5.66,9.98,Yes,Clear,Yes,5.4,7.43,Yes
5714,A320,5.96,0.56,6.4,Yes,Rain,Yes,0.58,2.08,Yes
5715,B737,9.43,6.98,6.42,Yes,Fog,Yes,8.92,1.67,No
5716,A320,1.07,1.38,8.04,Yes,Clear,No,0.7,8.69,Yes
5717,B787,7.38,1.81,4.27,No,Rain,No,8.56,3.03,No
5718,B737,3.12,4.72,5.88,No,Rain,Yes,6.89,5.5,No
5719,B737,0.01,5.36,4.75,Yes,Snow,No,4.73,2.09,No
5720,A380,2.72,8.56,0.93,No,Snow,Yes,9.22,6.03,Yes
5721,B787,5.16,7.74,5.41,Yes,Rain,No,7.99,0.92,Yes
5722,A320,0.26,6.24,1.82,No,Thunderstorm,Yes,3.28,2.45,No
5723,A350,3.83,3.7,8.89,Yes,Rain,Yes,0.53,8.11,Yes
5724,B737,0.95,6.3,8.75,No,Clear,Yes,7.53,1.44,No
5725,A320,2.17,2.47,4.09,No,Thunderstorm,No,9.35,0.65,No
5726,A380,9.41,3.21,3.86,Yes,Fog,Yes,7.5,6.28,Yes
5727,B787,8.44,0.27,6.92,Yes,Fog,No,8.32,0.66,No
5728,A320,4.78,6.17,5.13,Yes,Clear,Yes,4.25,5.29,Yes
5729,B787,8.29,0.57,3.91,No,Rain,Yes,3.24,4.78,Yes
5730,B737,4.73,5.47,7.29,No,Snow,No,4.43,7.96,Yes
5731,A380,1.77,2.05,2.87,Yes,Fog,Yes,9.11,3.24,Yes
5732,B787,4.42,7.51,0.67,No,Thunderstorm,Yes,4.76,1.29,No
5733,A380,7.22,6.56,1.81,No,Thunderstorm,Yes,8.97,4.8,No
5734,B737,5.48,4.21,5.78,No,Snow,No,8.62,1.52,Yes
5735,A350,1.16,9.51,3.4,No,Snow,No,5.93,3.27,Yes
5736,A320,1.98,1.59,1.24,Yes,Snow,Yes,5.63,7.83,No
5737,A320,9.68,5.3,1.78,Yes,Snow,No,8.76,4.1,No
5738,A350,8.53,3.21,4.1,No,Thunderstorm,No,2.5,9.02,Yes
5739,A320,2.38,3.16,4.67,No,Fog,Yes,0.31,1.28,Yes
5740,A350,8.55,6.4,9.06,Yes,Snow,No,4.77,8.79,Yes
5741,A320,7.2,0.36,2.34,Yes,Snow,Yes,1.91,9.9,No
5742,A350,9.85,3.39,9.35,No,Snow,Yes,7.83,8.95,Yes
5743,A320,9.5,4.04,5.87,Yes,Rain,Yes,2.86,7.22,No
5744,A380,5.24,1.5,0.81,Yes,Snow,No,9.59,7.97,Yes
5745,B737,9.54,6.62,1.05,Yes,Clear,No,6.13,0.09,Yes
5746,A320,6.7,6.9,4.66,No,Thunderstorm,No,8.56,0.11,Yes
5747,A320,3.57,8.65,5.73,Yes,Fog,No,6.58,2.83,Yes
5748,B787,7.84,3.54,5.87,No,Fog,Yes,2.91,8.66,No
5749,A350,1.11,1.61,6.75,Yes,Fog,No,9.47,1.42,Yes
5750,A350,6.96,8.71,8.68,Yes,Clear,No,3.27,3.11,No
5751,A380,5.85,4.8,1.52,No,Rain,Yes,9.98,6.03,Yes
5752,A350,6.76,2.14,9.78,Yes,Thunderstorm,No,5.52,0.03,No
5753,B737,9.23,3.06,5.9,No,Rain,Yes,2.79,6.11,No
5754,B737,7.11,0.07,1.36,No,Rain,No,3.7,7.25,Yes
5755,B737,1.62,4.21,8.71,Yes,Rain,Yes,6.96,7.14,No
5756,A320,7.96,3.98,4.95,No,Snow,No,4.43,2.61,Yes
5757,A350,9.67,0.5,7.84,No,Fog,No,8.96,9.45,No
5758,A350,8.19,6.53,8.42,Yes,Clear,No,5.37,6.07,No
5759,A380,7.52,5.16,4.84,No,Clear,Yes,9.17,0.57,Yes
5760,B787,5.59,8.17,5.57,Yes,Snow,Yes,4.02,7.15,Yes
5761,A350,2.55,9.46,3.05,No,Fog,No,2.31,4.67,Yes
5762,B787,7.71,2.89,6.02,Yes,Thunderstorm,No,4.38,1.02,No
5763,B787,7.48,0.61,1.88,No,Snow,No,4.32,2.37,Yes
5764,A350,7.73,7.29,0.94,No,Clear,No,3.21,0.14,Yes
5765,A380,6.59,7.99,0.17,Yes,Clear,No,5.4,2.23,No
5766,A320,0.34,2.89,8.7,Yes,Clear,No,7.63,5.7,Yes
5767,A380,1.92,5.8,5.97,Yes,Fog,No,4.67,7.74,No
5768,B787,2.04,7.44,6.88,Yes,Thunderstorm,No,6.33,6.43,No
5769,A380,6.45,2.33,3.5,No,Thunderstorm,Yes,3.76,9.41,No
5770,A320,1.84,3.07,6.13,Yes,Rain,No,8.9,5.53,Yes
5771,B787,9.78,2.98,5.22,Yes,Fog,No,1.79,5.8,Yes
5772,B787,7.35,0.81,2.97,No,Clear,Yes,4.27,0.05,No
5773,B737,4.74,8.22,5.85,Yes,Clear,Yes,9.15,9.21,Yes
5774,B737,4.67,1.88,8.93,Yes,Rain,Yes,0.12,6.88,No
5775,A320,0.56,2.84,0.69,Yes,Rain,Yes,0.97,5.68,No
5776,A350,7.69,2.14,5.71,Yes,Snow,No,7.75,7.73,No
5777,A380,2.14,6.48,1.86,No,Rain,No,8.87,0.84,Yes
5778,B737,5.46,0.83,7.82,Yes,Rain,No,1.1,8.65,Yes
5779,A380,4.55,9.62,1.3,No,Fog,No,7.23,2.58,No
5780,A380,9.99,0.17,3.09,No,Snow,Yes,9.82,7.79,Yes
5781,B787,3.91,1.36,5.55,Yes,Rain,Yes,2.28,5.45,Yes
5782,A380,8.05,6.85,5.91,Yes,Fog,No,3.58,5.2,Yes
5783,B787,7.85,5.82,9.25,Yes,Snow,Yes,7.33,7.62,Yes
5784,A350,5.88,5.46,5.43,Yes,Snow,No,6.59,7.08,Yes
5785,A320,0.04,4.92,9.09,Yes,Thunderstorm,No,4.65,5.02,Yes
5786,B787,1.96,8.91,1.25,No,Clear,Yes,3.14,1.15,Yes
5787,B787,8.61,6.91,5.65,Yes,Fog,Yes,5.26,7.29,Yes
5788,B787,0.75,7.82,0.25,No,Fog,No,3.36,4.89,Yes
5789,A380,2.18,6.39,0.28,No,Clear,No,8.99,1.71,Yes
5790,A380,1.27,7.64,6.97,No,Clear,No,2.99,4.63,No
5791,A350,9.74,6.98,6.78,Yes,Rain,No,8.3,1.86,No
5792,B787,2.08,5.74,2.77,No,Clear,No,7.93,0.91,No
5793,B737,8.62,5.55,5.74,Yes,Clear,No,4.2,7.38,No
5794,A380,3.1,0.15,0.59,No,Thunderstorm,No,4.95,0.32,No
5795,B787,6.59,4.24,1.59,Yes,Fog,No,6.47,7.24,Yes
5796,A350,9.22,3.15,8.1,No,Snow,No,1.36,8.83,Yes
5797,A350,4.52,5.44,5.87,No,Snow,Yes,9.08,7.45,No
5798,B737,1.11,2.49,0.18,No,Snow,No,0.27,1.38,No
5799,A380,9.15,9.38,8.29,No,Snow,No,4.12,8.25,Yes
5800,B737,2.31,1.85,8.21,No,Snow,No,2.0,3.22,No
5801,B787,1.08,0.16,0.57,No,Snow,Yes,2.95,9.14,Yes
5802,A320,7.95,3.74,5.49,Yes,Rain,Yes,4.56,6.15,Yes
5803,B737,8.67,9.8,8.29,No,Clear,Yes,7.81,5.89,Yes
5804,A380,5.13,7.87,3.96,Yes,Fog,Yes,6.43,3.17,No
5805,A350,1.36,1.52,2.08,No,Thunderstorm,Yes,9.34,3.44,Yes
5806,B787,9.06,4.09,0.1,No,Rain,Yes,8.86,9.7,No
5807,B787,8.44,1.01,1.55,Yes,Clear,No,6.79,3.06,No
5808,A320,0.68,0.2,3.18,No,Snow,Yes,9.13,4.08,Yes
5809,A380,0.93,5.15,1.38,Yes,Fog,No,2.49,0.66,Yes
5810,A320,2.98,6.47,5.74,No,Clear,No,9.3,4.51,Yes
5811,A350,2.73,9.19,2.41,No,Fog,No,4.39,8.72,Yes
5812,A320,6.11,7.74,3.41,No,Fog,No,5.67,0.51,Yes
5813,B787,8.68,2.75,1.15,Yes,Clear,No,6.97,7.77,No
5814,A350,6.67,4.38,2.63,No,Snow,No,9.38,4.29,Yes
5815,B737,0.4,1.46,9.92,Yes,Rain,No,7.54,1.38,No
5816,B737,9.48,8.18,4.63,Yes,Rain,No,7.95,0.45,No
5817,A320,3.95,7.25,4.2,Yes,Snow,Yes,4.4,3.8,Yes
5818,B737,5.73,9.15,5.75,Yes,Fog,Yes,8.41,8.36,Yes
5819,A380,2.21,6.9,5.87,Yes,Rain,Yes,6.19,6.99,No
5820,A320,9.73,9.26,0.1,No,Clear,No,3.04,3.68,Yes
5821,A380,3.53,4.49,8.23,No,Thunderstorm,Yes,0.88,7.84,Yes
5822,B737,0.08,1.43,3.47,No,Thunderstorm,Yes,8.51,3.73,Yes
5823,A320,2.6,5.07,3.34,Yes,Thunderstorm,No,3.13,9.6,No
5824,A320,0.53,5.82,5.69,No,Rain,No,9.3,7.13,No
5825,A380,8.55,5.85,9.95,No,Clear,No,4.16,1.16,No
5826,A380,9.86,6.72,5.28,No,Rain,Yes,5.67,1.04,No
5827,A350,3.82,4.02,0.5,No,Rain,Yes,7.02,7.28,Yes
5828,A380,8.31,3.84,8.35,No,Fog,No,4.17,1.36,Yes
5829,B737,7.96,9.57,4.43,No,Snow,Yes,8.21,8.8,Yes
5830,B737,6.4,9.68,9.32,Yes,Thunderstorm,No,5.92,9.97,No
5831,B737,5.19,4.18,8.61,No,Snow,Yes,6.21,8.53,No
5832,A350,5.5,2.22,1.76,No,Rain,No,9.28,5.63,Yes
5833,A350,7.72,5.35,1.26,No,Rain,Yes,8.07,1.32,No
5834,A380,9.35,4.98,8.35,No,Clear,Yes,7.91,4.36,Yes
5835,A320,5.03,1.12,2.67,Yes,Fog,Yes,5.66,7.96,No
5836,B737,6.62,0.28,7.63,No,Fog,No,4.62,2.87,Yes
5837,A320,7.34,8.32,6.14,No,Clear,No,4.7,6.34,No
5838,A350,3.77,9.55,0.16,No,Thunderstorm,Yes,9.49,6.81,Yes
5839,B737,9.32,8.63,1.93,No,Snow,No,1.38,9.63,Yes
5840,A350,6.88,3.75,5.17,Yes,Clear,No,6.7,9.76,Yes
5841,A380,7.57,5.99,4.87,Yes,Clear,Yes,1.93,0.72,Yes
5842,B787,2.58,3.81,5.2,Yes,Fog,Yes,2.14,9.23,Yes
5843,B737,4.95,4.47,7.86,Yes,Clear,Yes,0.44,1.02,Yes
5844,A350,2.41,1.31,8.06,Yes,Snow,No,8.73,6.8,No
5845,B787,5.96,2.66,2.17,No,Fog,No,7.2,0.74,Yes
5846,A320,1.82,4.52,2.19,No,Fog,No,0.89,3.86,Yes
5847,A380,2.43,6.95,4.52,No,Snow,Yes,3.87,8.22,Yes
5848,A350,0.86,1.19,2.52,No,Clear,No,9.52,1.56,No
5849,A350,1.91,1.67,0.97,Yes,Thunderstorm,Yes,6.65,3.13,No
5850,A320,8.22,5.34,0.66,Yes,Clear,Yes,3.18,3.77,Yes
5851,A320,5.25,2.24,0.25,Yes,Rain,Yes,1.82,7.24,Yes
5852,B737,8.59,3.97,6.4,No,Clear,No,2.08,8.2,Yes
5853,A320,5.87,4.02,9.06,Yes,Rain,Yes,4.43,7.17,No
5854,A350,8.98,4.51,8.19,Yes,Clear,No,3.17,3.5,Yes
5855,A320,9.35,0.99,5.56,Yes,Snow,Yes,8.79,9.83,Yes
5856,A350,6.79,6.08,1.16,No,Thunderstorm,Yes,7.68,9.38,No
5857,B787,6.73,8.8,3.09,No,Rain,No,0.03,6.36,No
5858,B787,5.85,2.89,7.46,No,Fog,No,1.69,9.19,No
5859,B787,1.8,6.95,8.5,Yes,Thunderstorm,No,3.12,6.71,Yes
5860,A380,9.77,7.13,2.81,Yes,Thunderstorm,No,8.27,1.08,No
5861,A350,1.03,2.12,3.09,No,Fog,Yes,3.28,2.18,No
5862,B787,8.13,9.13,7.16,Yes,Rain,No,8.97,3.3,No
5863,A380,7.6,3.89,4.3,No,Snow,No,8.58,5.15,Yes
5864,B737,1.93,7.57,3.96,Yes,Fog,Yes,1.09,7.14,No
5865,A320,0.27,2.6,2.14,Yes,Snow,No,8.25,6.86,No
5866,B787,3.2,2.11,9.68,Yes,Thunderstorm,Yes,4.17,0.89,Yes
5867,B787,2.16,3.44,1.01,No,Fog,Yes,6.06,9.75,No
5868,A320,4.2,0.57,3.21,No,Clear,No,7.26,8.06,Yes
5869,A320,8.21,2.88,7.41,No,Rain,Yes,8.9,0.3,Yes
5870,A380,9.56,6.66,6.69,Yes,Clear,Yes,5.02,8.6,Yes
5871,A320,4.6,8.96,7.17,No,Snow,No,1.0,0.08,No
5872,B737,1.53,7.43,7.75,No,Snow,Yes,8.02,1.35,Yes
5873,B737,9.63,4.92,6.26,No,Thunderstorm,Yes,2.95,9.65,No
5874,B737,7.1,5.02,8.73,No,Snow,No,5.9,5.75,Yes
5875,B737,9.29,1.25,2.87,No,Thunderstorm,Yes,1.54,5.5,No
5876,B737,4.3,0.34,8.81,No,Snow,Yes,2.0,7.39,No
5877,A350,4.38,5.02,9.21,Yes,Thunderstorm,No,4.71,7.92,No
5878,B737,8.84,1.81,8.33,Yes,Thunderstorm,Yes,9.02,8.54,Yes
5879,B787,4.62,2.73,7.58,No,Fog,No,9.13,7.15,No
5880,B737,3.88,5.82,8.24,Yes,Fog,No,6.16,3.26,Yes
5881,B737,8.05,1.53,3.09,No,Fog,Yes,2.76,9.64,Yes
5882,B787,6.87,9.44,5.32,Yes,Rain,No,8.64,9.12,No
5883,A350,1.96,5.81,5.41,Yes,Clear,No,4.0,7.2,Yes
5884,B787,7.45,9.72,1.13,No,Clear,Yes,4.38,2.82,No
5885,A380,9.03,2.28,6.21,Yes,Snow,No,5.68,2.62,No
5886,B737,6.9,0.16,4.76,No,Clear,Yes,3.69,4.25,Yes
5887,B787,9.85,4.24,2.15,Yes,Clear,No,4.45,8.94,Yes
5888,B787,5.81,3.4,1.22,No,Clear,No,9.25,9.14,Yes
5889,B737,6.91,9.42,5.2,No,Fog,No,9.65,9.3,Yes
5890,A320,8.61,1.32,8.56,No,Snow,No,8.98,3.01,No
5891,A350,9.47,2.22,6.34,Yes,Clear,No,6.33,1.07,No
5892,A320,0.54,0.31,6.54,Yes,Rain,Yes,1.08,6.39,Yes
5893,A320,8.23,9.42,4.3,No,Thunderstorm,Yes,1.01,4.3,No
5894,B737,3.35,7.71,9.38,Yes,Clear,No,8.21,5.97,No
5895,B787,1.61,0.56,1.63,Yes,Fog,No,2.72,1.28,Yes
5896,B787,5.37,9.2,9.08,No,Fog,Yes,3.99,9.5,Yes
5897,B737,1.09,1.0,1.74,No,Thunderstorm,No,0.74,2.33,Yes
5898,A380,8.39,3.75,0.16,Yes,Thunderstorm,Yes,1.22,2.57,No
5899,B737,4.8,1.63,7.24,No,Thunderstorm,Yes,1.67,8.85,Yes
5900,A320,4.52,6.95,3.58,Yes,Clear,Yes,8.83,1.3,No
5901,A350,5.06,0.76,2.36,No,Snow,Yes,9.7,8.75,Yes
5902,A350,1.42,1.25,9.23,Yes,Clear,No,5.12,5.41,No
5903,A380,3.65,7.61,2.56,Yes,Snow,Yes,0.11,1.39,No
5904,A350,0.53,5.63,5.04,No,Snow,Yes,9.44,6.27,Yes
5905,A380,1.68,7.93,7.45,No,Fog,Yes,7.39,6.4,Yes
5906,B737,0.85,1.6,1.29,Yes,Clear,No,5.87,8.25,No
5907,B787,0.83,0.16,9.21,No,Snow,Yes,8.04,4.66,No
5908,A380,2.97,6.57,2.08,Yes,Clear,Yes,2.55,7.77,No
5909,A320,4.55,4.26,7.45,No,Clear,Yes,1.42,0.49,Yes
5910,B737,0.32,3.36,5.39,No,Fog,Yes,0.74,8.21,No
5911,A350,4.27,8.39,4.5,No,Fog,Yes,1.06,2.07,Yes
5912,A320,0.95,9.08,6.58,No,Clear,Yes,4.79,1.86,No
5913,A350,4.75,1.05,8.67,No,Rain,Yes,4.93,4.87,No
5914,B737,2.57,6.42,3.15,No,Snow,No,3.17,1.0,Yes
5915,A350,1.6,3.75,0.45,Yes,Fog,Yes,6.4,1.05,Yes
5916,B787,5.97,7.69,9.19,Yes,Fog,Yes,6.48,4.33,Yes
5917,A320,8.51,7.21,1.77,Yes,Fog,No,8.32,0.53,Yes
5918,A320,9.13,7.31,6.99,No,Clear,No,0.1,5.4,No
5919,B737,2.27,3.13,6.6,No,Fog,Yes,3.79,5.77,No
5920,A350,5.13,7.9,6.9,Yes,Thunderstorm,Yes,7.2,4.77,No
5921,A320,5.91,6.46,8.23,No,Thunderstorm,No,9.89,5.7,No
5922,B737,7.53,7.06,0.54,Yes,Thunderstorm,Yes,6.41,4.4,Yes
5923,A350,5.36,7.23,8.96,Yes,Thunderstorm,No,6.05,7.73,Yes
5924,A320,8.23,0.54,7.49,Yes,Fog,Yes,1.93,5.52,Yes
5925,A380,2.9,9.92,3.27,No,Snow,Yes,1.74,9.43,Yes
5926,B737,9.28,0.5,7.32,Yes,Clear,Yes,0.86,0.72,Yes
5927,A320,1.65,1.55,8.4,No,Rain,Yes,9.79,0.73,No
5928,B787,6.94,6.83,1.49,No,Rain,Yes,5.32,6.28,No
5929,A350,5.58,1.99,8.06,No,Snow,Yes,2.25,6.81,Yes
5930,A320,7.88,0.69,0.09,Yes,Thunderstorm,Yes,6.24,4.52,Yes
5931,A350,5.07,9.71,3.49,No,Snow,Yes,2.18,1.83,No
5932,B737,1.91,1.44,5.74,No,Thunderstorm,Yes,6.6,2.44,No
5933,B787,6.31,7.34,7.62,No,Fog,Yes,3.36,8.83,No
5934,B787,6.42,7.22,0.94,No,Rain,Yes,7.13,7.43,Yes
5935,B737,8.98,8.66,8.45,Yes,Clear,No,9.79,2.4,No
5936,B737,1.66,4.67,2.92,Yes,Fog,Yes,6.51,6.58,Yes
5937,A320,2.57,1.36,6.33,Yes,Fog,Yes,0.91,5.66,Yes
5938,B787,5.18,3.41,0.11,No,Rain,No,2.97,9.34,No
5939,B737,1.85,6.4,4.17,No,Rain,No,7.27,8.07,No
5940,A350,2.99,5.55,5.5,Yes,Snow,Yes,4.22,7.99,No
5941,B737,5.93,1.1,1.54,No,Clear,Yes,4.9,7.41,No
5942,A380,3.7,3.69,5.62,No,Snow,Yes,0.55,1.22,No
5943,B737,8.74,1.87,5.49,No,Fog,Yes,6.93,8.87,Yes
5944,A350,5.45,6.28,4.27,Yes,Rain,No,1.13,0.49,Yes
5945,B787,5.62,6.68,9.34,No,Thunderstorm,Yes,1.64,4.02,No
5946,B787,9.07,2.34,9.95,No,Clear,No,7.06,4.42,Yes
5947,A350,2.25,6.46,4.38,Yes,Rain,No,4.4,6.66,Yes
5948,A380,2.21,2.58,5.86,Yes,Rain,Yes,0.18,6.73,Yes
5949,A320,4.06,7.96,7.62,No,Rain,Yes,5.76,5.62,Yes
5950,A350,9.27,5.06,4.84,Yes,Clear,Yes,8.63,4.33,No
5951,A350,4.22,4.91,1.11,Yes,Snow,No,5.91,3.01,No
5952,A380,5.82,5.07,4.37,No,Rain,Yes,2.95,1.9,Yes
5953,A350,8.24,6.51,1.42,No,Rain,No,7.59,0.9,No
5954,B737,2.88,1.05,2.37,Yes,Fog,Yes,9.36,0.35,No
5955,A320,7.4,0.01,7.37,Yes,Snow,No,8.26,7.93,No
5956,B787,6.16,3.45,8.58,Yes,Fog,No,3.62,2.7,No
5957,A380,4.19,1.95,3.16,No,Clear,No,3.09,7.12,Yes
5958,A320,2.51,0.91,4.19,No,Snow,No,6.67,8.44,Yes
5959,B787,3.98,6.55,1.83,Yes,Thunderstorm,Yes,9.27,8.26,No
5960,B737,8.51,6.7,7.31,Yes,Clear,Yes,5.37,6.9,No
5961,A380,2.23,5.41,6.14,No,Fog,Yes,5.61,9.46,No
5962,A350,9.3,8.6,5.52,Yes,Thunderstorm,Yes,8.38,1.66,No
5963,A380,5.95,9.43,9.85,Yes,Clear,No,4.59,5.25,Yes
5964,A320,6.16,5.38,9.84,No,Fog,Yes,4.05,9.53,Yes
5965,B787,5.7,3.36,5.16,No,Clear,Yes,3.52,9.08,No
5966,A380,0.97,6.37,4.82,No,Clear,No,1.74,7.84,No
5967,B787,4.48,6.73,9.65,No,Thunderstorm,Yes,3.69,2.42,Yes
5968,A350,1.9,4.24,5.05,Yes,Fog,Yes,3.88,9.74,No
5969,A380,4.45,1.95,6.12,Yes,Rain,No,4.57,3.73,Yes
5970,A350,1.44,5.68,3.25,No,Clear,No,3.26,0.22,No
5971,A320,3.41,5.11,7.08,No,Clear,No,3.1,9.57,Yes
5972,B787,8.75,5.52,6.27,Yes,Fog,Yes,6.46,4.02,Yes
5973,A320,7.3,7.33,7.05,Yes,Thunderstorm,Yes,4.27,3.59,No
5974,B787,1.55,9.32,1.57,No,Snow,Yes,8.5,3.61,Yes
5975,A320,7.17,4.59,8.38,No,Fog,No,3.7,3.52,No
5976,A350,2.77,7.72,6.07,No,Fog,Yes,4.34,8.37,Yes
5977,A320,0.88,2.54,9.98,No,Clear,No,5.55,4.62,Yes
5978,A350,7.06,9.97,0.5,Yes,Snow,No,4.64,0.72,No
5979,A350,8.83,2.77,9.61,Yes,Fog,No,9.14,1.25,No
5980,B737,2.46,6.13,7.49,Yes,Fog,No,2.68,5.07,No
5981,B737,3.65,9.42,8.97,No,Clear,Yes,1.35,2.52,Yes
5982,B737,8.17,9.16,9.9,No,Snow,Yes,5.28,6.8,Yes
5983,A350,0.64,8.02,9.01,Yes,Fog,No,0.73,3.84,No
5984,A380,0.51,6.26,0.46,Yes,Rain,Yes,0.12,3.1,Yes
5985,B737,6.65,2.49,2.73,Yes,Snow,Yes,3.3,2.83,No
5986,B737,5.5,5.33,9.98,No,Snow,No,6.7,6.45,Yes
5987,B737,5.56,1.69,7.47,No,Snow,No,6.24,3.17,No
5988,A380,2.05,3.06,1.09,No,Clear,Yes,6.78,9.86,No
5989,A320,8.24,0.58,6.31,Yes,Snow,No,4.36,5.14,No
5990,A350,8.06,0.06,5.54,Yes,Snow,No,0.44,4.06,No
5991,A320,5.33,4.4,0.89,No,Rain,No,5.82,4.58,No
5992,B737,6.41,2.11,3.29,No,Fog,No,0.14,0.42,No
5993,A350,7.14,4.61,6.17,Yes,Snow,Yes,9.64,6.28,Yes
5994,A320,8.63,0.56,6.83,Yes,Snow,Yes,6.01,6.64,Yes
5995,B787,4.51,7.54,6.64,No,Thunderstorm,Yes,1.09,3.05,Yes
5996,B787,8.25,8.82,3.53,Yes,Rain,Yes,6.35,3.22,Yes
5997,A320,1.58,1.07,5.13,Yes,Rain,No,5.78,6.64,No
5998,B737,1.77,0.08,8.32,No,Thunderstorm,No,9.44,2.43,Yes
5999,B787,1.67,6.55,1.48,Yes,Thunderstorm,Yes,9.94,2.46,Yes
6000,A350,0.37,6.47,5.05,No,Snow,Yes,8.19,5.71,Yes
6001,A320,7.89,2.43,9.0,No,Clear,No,5.37,4.06,Yes
6002,B737,4.98,2.22,3.76,Yes,Snow,Yes,0.95,5.88,Yes
6003,A350,7.94,4.75,9.93,Yes,Rain,Yes,7.24,2.26,Yes
6004,B787,1.63,9.61,8.1,Yes,Fog,Yes,7.95,8.43,Yes
6005,B737,2.81,3.31,0.32,No,Thunderstorm,Yes,4.71,8.32,No
6006,A380,1.68,6.1,2.29,No,Thunderstorm,Yes,3.94,2.33,Yes
6007,B787,6.85,2.14,9.09,Yes,Rain,Yes,0.62,4.99,No
6008,A380,2.2,9.94,2.25,No,Thunderstorm,No,1.91,9.76,No
6009,A320,7.84,7.89,4.65,Yes,Rain,No,4.8,2.92,Yes
6010,A350,5.75,4.75,5.88,Yes,Fog,No,2.18,4.11,No
6011,B737,9.8,8.34,8.1,No,Snow,No,1.94,9.16,No
6012,A380,7.42,8.15,8.8,No,Clear,No,7.23,9.97,Yes
6013,A320,3.65,3.42,4.08,No,Snow,Yes,5.19,8.94,No
6014,A350,3.51,7.12,1.55,Yes,Snow,Yes,2.09,5.77,Yes
6015,A350,3.44,1.16,7.2,No,Rain,Yes,6.95,3.06,No
6016,A380,6.64,0.91,4.64,No,Snow,Yes,5.89,2.63,No
6017,A350,0.76,0.09,0.96,Yes,Rain,No,1.2,1.52,No
6018,B737,5.22,0.48,4.33,Yes,Snow,Yes,8.3,2.79,Yes
6019,A320,1.71,2.01,1.96,Yes,Clear,No,2.37,3.33,Yes
6020,A320,3.95,4.83,2.45,No,Snow,No,4.69,3.8,Yes
6021,A380,9.27,2.72,8.8,Yes,Fog,Yes,5.65,6.29,Yes
6022,B737,6.47,2.39,3.44,Yes,Snow,Yes,4.56,1.59,Yes
6023,B787,5.96,9.26,3.41,Yes,Fog,No,2.87,0.73,No
6024,A380,7.8,7.53,1.52,No,Snow,Yes,7.0,7.44,Yes
6025,A380,8.53,2.67,6.81,No,Clear,No,1.73,8.17,Yes
6026,A320,5.68,9.84,3.32,Yes,Snow,No,8.05,3.05,Yes
6027,A380,5.14,4.23,4.23,No,Thunderstorm,Yes,2.02,5.61,Yes
6028,A350,2.29,8.0,0.52,Yes,Clear,Yes,3.84,7.57,No
6029,B737,8.55,9.6,0.06,No,Thunderstorm,Yes,0.06,3.34,Yes
6030,B737,9.21,7.87,4.5,No,Thunderstorm,No,3.37,6.07,No
6031,B737,2.8,4.11,3.25,Yes,Snow,Yes,4.9,9.36,No
6032,A350,9.9,5.4,4.45,Yes,Fog,No,7.62,9.39,Yes
6033,B737,3.24,1.27,6.63,Yes,Thunderstorm,Yes,6.17,6.18,Yes
6034,B787,1.23,9.28,3.46,No,Rain,No,1.49,8.0,No
6035,A320,6.15,9.04,1.64,No,Fog,Yes,5.16,6.54,No
6036,B787,3.34,2.53,0.61,No,Snow,Yes,4.66,7.02,No
6037,B787,4.45,2.44,9.74,No,Thunderstorm,No,7.81,0.26,No
6038,B737,6.12,2.85,4.01,No,Fog,No,9.31,4.8,Yes
6039,A350,6.36,2.66,2.76,No,Rain,No,6.9,6.4,No
6040,B737,9.32,9.16,3.28,No,Fog,No,9.64,4.16,Yes
6041,B787,9.17,8.92,3.4,No,Snow,No,3.0,2.94,No
6042,A350,6.48,2.53,1.06,Yes,Thunderstorm,Yes,2.06,2.74,Yes
6043,A350,8.58,4.81,9.14,Yes,Clear,Yes,9.89,4.59,No
6044,A350,9.08,9.04,8.73,No,Snow,No,3.55,1.36,No
6045,A380,1.53,1.73,3.76,Yes,Thunderstorm,Yes,2.3,3.77,No
6046,B737,5.35,6.19,5.82,Yes,Rain,Yes,4.3,0.58,No
6047,A350,6.37,3.27,6.81,Yes,Clear,No,6.62,7.58,No
6048,A320,2.05,6.0,0.13,Yes,Clear,Yes,7.41,3.18,No
6049,A320,6.47,7.98,4.66,Yes,Fog,No,7.13,9.83,Yes
6050,B787,3.8,1.51,3.08,Yes,Snow,Yes,0.03,9.46,Yes
6051,B787,0.28,7.0,9.53,No,Rain,No,6.13,7.72,No
6052,B737,5.76,9.55,7.97,Yes,Clear,Yes,4.9,8.11,Yes
6053,B737,0.02,9.38,9.05,No,Clear,No,9.33,4.17,No
6054,A350,6.9,9.45,5.52,No,Rain,Yes,7.03,7.63,Yes
6055,A350,9.53,7.69,3.82,No,Rain,Yes,6.72,3.92,Yes
6056,A320,4.58,3.7,7.19,No,Clear,No,7.28,1.95,No
6057,A350,5.25,2.04,8.18,No,Rain,No,6.97,9.93,Yes
6058,B787,3.79,5.48,4.22,Yes,Clear,No,0.64,9.3,No
6059,A350,4.25,8.1,1.58,Yes,Snow,Yes,7.65,3.21,No
6060,A380,0.5,8.69,7.28,Yes,Clear,No,8.17,6.62,No
6061,A320,3.98,9.66,1.46,No,Rain,No,3.76,4.88,Yes
6062,A320,7.62,4.41,5.75,No,Thunderstorm,Yes,5.12,2.3,Yes
6063,A350,3.99,6.49,3.79,Yes,Fog,No,7.61,6.55,No
6064,A350,1.27,0.74,6.1,Yes,Rain,Yes,1.74,9.49,No
6065,A320,3.71,8.44,0.14,Yes,Fog,No,8.53,3.77,No
6066,B787,0.58,5.68,8.97,No,Clear,No,1.82,2.36,No
6067,A350,4.97,7.22,8.27,Yes,Clear,No,1.25,9.82,Yes
6068,B737,5.96,6.53,3.71,No,Clear,Yes,7.67,5.63,No
6069,A380,6.23,5.02,6.38,Yes,Clear,No,9.71,4.16,No
6070,A350,6.0,4.93,3.07,Yes,Clear,No,3.73,5.6,No
6071,A380,6.87,3.39,7.01,No,Clear,No,1.74,5.02,No
6072,A320,0.89,8.28,5.09,No,Fog,Yes,0.22,1.77,Yes
6073,A350,7.24,0.88,6.87,No,Snow,No,4.07,1.64,No
6074,A320,4.42,3.75,9.3,No,Fog,No,5.58,5.24,No
6075,B787,9.03,0.91,4.39,Yes,Snow,No,4.62,8.09,No
6076,A320,0.24,3.79,1.56,No,Snow,Yes,5.84,1.95,Yes
6077,B787,0.45,3.2,0.81,Yes,Thunderstorm,No,1.74,7.86,No
6078,A320,6.03,4.62,1.38,Yes,Fog,No,6.37,0.13,No
6079,A320,9.48,8.61,9.69,Yes,Snow,No,6.38,1.56,Yes
6080,B787,6.92,6.77,3.91,No,Rain,No,6.94,1.0,Yes
6081,A380,1.42,2.16,7.26,Yes,Clear,Yes,9.13,9.25,No
6082,A320,5.54,1.59,4.29,No,Clear,No,9.05,4.41,Yes
6083,A320,0.88,0.4,5.5,Yes,Fog,Yes,5.91,6.64,Yes
6084,B737,4.49,9.45,6.77,No,Thunderstorm,Yes,4.02,0.93,Yes
6085,A320,0.16,0.24,1.07,Yes,Clear,Yes,9.09,0.52,Yes
6086,B737,8.13,7.67,9.92,Yes,Clear,Yes,2.01,7.44,Yes
6087,A350,3.03,2.6,1.29,No,Thunderstorm,No,6.28,2.34,Yes
6088,A320,1.96,7.02,5.03,No,Clear,Yes,6.38,9.08,Yes
6089,B787,2.03,3.57,7.31,No,Clear,No,6.68,3.21,Yes
6090,A350,2.21,1.47,4.63,Yes,Fog,No,4.61,7.37,No
6091,B737,9.55,4.06,9.61,Yes,Rain,Yes,7.28,1.96,Yes
6092,A320,7.8,4.99,4.4,Yes,Thunderstorm,Yes,9.86,6.34,Yes
6093,A320,6.76,6.0,8.82,No,Rain,Yes,3.56,3.23,Yes
6094,A350,3.0,0.98,8.52,No,Clear,No,8.1,7.22,Yes
6095,A350,5.2,5.28,2.4,Yes,Thunderstorm,Yes,8.95,0.88,No
6096,B787,3.96,1.03,8.78,Yes,Snow,No,0.77,2.96,Yes
6097,A320,6.51,5.64,4.89,No,Fog,Yes,6.72,1.09,No
6098,B787,1.81,4.05,0.15,Yes,Clear,Yes,7.15,9.88,No
6099,B787,4.13,5.72,2.34,Yes,Fog,No,4.86,6.11,No
6100,A350,5.53,2.85,6.55,No,Snow,No,7.44,2.49,Yes
6101,B737,4.3,3.63,2.97,No,Thunderstorm,Yes,1.49,5.55,No
6102,A350,2.46,8.1,6.44,Yes,Clear,No,3.14,0.66,Yes
6103,A380,1.76,4.8,7.03,No,Thunderstorm,No,4.51,7.9,No
6104,A350,0.39,0.87,3.43,No,Clear,No,5.35,0.78,No
6105,A350,4.35,8.66,7.72,No,Clear,No,2.55,3.94,Yes
6106,A350,5.67,4.75,2.81,No,Snow,Yes,8.64,1.55,Yes
6107,B737,1.31,3.33,8.49,No,Clear,Yes,1.53,3.47,No
6108,A380,7.57,1.65,0.93,Yes,Thunderstorm,No,8.29,7.57,No
6109,B787,3.18,5.21,5.23,No,Thunderstorm,No,6.6,6.04,No
6110,B787,1.42,0.95,1.14,Yes,Snow,No,9.0,4.5,Yes
6111,A350,6.79,6.97,8.74,Yes,Rain,No,3.01,8.65,Yes
6112,B737,6.87,4.32,9.27,No,Rain,No,9.16,8.51,No
6113,A320,7.3,7.82,3.01,Yes,Rain,Yes,7.82,2.05,No
6114,A350,6.89,0.71,5.54,No,Clear,Yes,3.84,9.33,Yes
6115,B787,9.62,8.74,1.12,Yes,Thunderstorm,Yes,5.0,9.61,No
6116,B787,5.91,3.68,9.05,Yes,Clear,No,7.64,4.97,No
6117,A320,5.3,2.62,5.9,Yes,Clear,Yes,2.99,7.61,No
6118,A350,0.83,4.99,8.5,No,Snow,No,2.15,3.47,No
6119,A350,0.23,5.04,6.49,Yes,Fog,Yes,4.45,3.95,No
6120,B737,1.22,0.8,4.11,No,Clear,No,2.07,0.05,No
6121,B737,1.01,6.62,9.55,Yes,Fog,No,4.37,9.97,Yes
6122,B737,6.43,3.13,7.55,Yes,Fog,Yes,6.45,3.93,Yes
6123,A320,8.64,2.37,9.0,No,Snow,No,6.55,8.8,Yes
6124,B737,3.46,5.69,3.66,No,Thunderstorm,Yes,0.04,2.31,No
6125,A380,9.44,1.13,3.03,Yes,Snow,No,6.13,8.69,Yes
6126,B737,4.1,8.49,1.57,No,Thunderstorm,Yes,1.16,8.63,No
6127,B737,3.86,0.78,0.48,No,Clear,Yes,2.03,9.34,Yes
6128,B787,5.48,2.96,9.67,No,Clear,No,1.16,7.7,No
6129,A380,8.45,7.52,9.02,Yes,Thunderstorm,No,8.1,5.98,No
6130,A350,0.38,0.39,9.39,Yes,Fog,No,9.63,3.23,No
6131,B737,0.83,6.73,5.43,No,Thunderstorm,Yes,9.37,6.57,No
6132,A380,5.69,4.21,7.52,Yes,Clear,No,9.66,5.97,Yes
6133,B787,9.46,5.52,0.54,No,Fog,No,6.52,0.31,No
6134,B737,0.96,1.92,5.72,No,Rain,No,2.78,6.92,Yes
6135,A320,0.38,0.28,9.38,Yes,Snow,Yes,5.25,1.04,Yes
6136,B737,6.46,9.33,2.86,No,Thunderstorm,Yes,0.87,3.98,No
6137,A350,0.12,1.87,4.6,No,Rain,No,1.93,2.12,No
6138,A350,6.96,7.02,6.07,No,Fog,Yes,9.52,1.49,No
6139,A380,9.3,9.43,8.23,Yes,Thunderstorm,Yes,7.73,0.85,No
6140,A320,3.25,0.23,0.6,No,Thunderstorm,Yes,5.66,6.62,Yes
6141,B787,6.17,6.21,5.56,No,Thunderstorm,No,4.16,9.61,Yes
6142,B787,4.24,1.26,3.66,No,Rain,No,9.6,3.54,Yes
6143,A380,7.85,1.88,7.66,Yes,Thunderstorm,Yes,8.58,3.62,Yes
6144,B787,2.94,3.36,9.96,Yes,Clear,Yes,9.23,9.13,Yes
6145,A380,9.96,1.3,3.95,Yes,Rain,Yes,7.0,3.48,Yes
6146,A380,6.07,7.21,0.27,Yes,Rain,Yes,2.82,9.07,No
6147,B737,9.69,0.31,1.98,Yes,Snow,No,5.63,0.19,No
6148,B787,8.48,8.28,1.45,Yes,Snow,Yes,3.33,8.82,No
6149,A350,2.47,5.53,4.51,Yes,Clear,No,9.48,5.99,No
6150,A320,3.63,1.68,5.01,No,Clear,No,1.13,3.65,Yes
6151,B737,4.25,2.76,6.04,Yes,Thunderstorm,Yes,1.35,0.22,Yes
6152,A380,7.28,5.17,4.85,No,Clear,Yes,6.03,9.1,No
6153,A350,2.14,5.44,7.42,No,Thunderstorm,No,1.85,5.84,No
6154,A350,7.19,2.41,3.4,Yes,Clear,Yes,9.42,1.15,No
6155,A350,6.13,5.05,1.22,Yes,Rain,No,0.81,6.0,Yes
6156,A320,6.82,3.48,9.11,No,Fog,Yes,0.53,2.5,No
6157,B787,9.99,6.8,2.11,No,Snow,Yes,8.88,5.2,Yes
6158,A320,8.18,8.32,2.69,Yes,Fog,Yes,8.77,4.03,No
6159,A350,2.7,0.19,6.54,No,Snow,Yes,5.24,1.43,Yes
6160,A380,8.14,4.74,1.61,Yes,Fog,No,7.98,9.34,Yes
6161,A380,5.06,2.69,6.88,Yes,Thunderstorm,No,7.82,5.47,No
6162,A350,1.61,7.73,0.68,No,Thunderstorm,No,3.57,5.28,No
6163,B787,5.99,7.49,8.58,No,Clear,No,6.62,6.71,Yes
6164,A320,8.01,3.15,3.24,Yes,Rain,Yes,9.23,8.91,No
6165,A350,1.37,0.31,3.28,Yes,Snow,No,0.62,2.9,No
6166,B737,2.17,6.73,9.81,No,Thunderstorm,Yes,8.37,6.99,No
6167,A350,0.08,7.93,1.08,No,Clear,Yes,6.84,8.03,Yes
6168,B787,2.99,9.57,9.24,Yes,Snow,No,2.79,7.45,Yes
6169,B737,0.2,6.26,2.18,Yes,Rain,Yes,8.19,3.49,No
6170,A320,3.39,3.43,5.42,Yes,Rain,Yes,3.64,8.59,Yes
6171,B737,4.76,5.57,2.68,Yes,Rain,No,8.27,7.13,Yes
6172,B787,5.05,2.02,7.91,Yes,Fog,Yes,1.09,0.63,Yes
6173,A380,0.0,6.88,2.38,Yes,Snow,No,9.59,5.14,Yes
6174,A380,3.36,4.2,2.55,No,Thunderstorm,Yes,3.68,5.56,No
6175,A350,8.23,3.66,8.26,Yes,Thunderstorm,Yes,2.84,5.04,No
6176,A380,5.42,1.9,0.86,Yes,Clear,No,3.5,0.86,No
6177,B737,5.08,2.97,0.95,Yes,Fog,Yes,6.62,1.96,Yes
6178,A380,1.6,2.33,0.34,No,Snow,No,2.21,6.64,Yes
6179,A320,0.95,0.77,2.71,Yes,Clear,No,6.34,7.34,Yes
6180,B787,1.13,7.88,1.83,Yes,Fog,No,8.19,0.97,No
6181,B787,9.44,7.58,0.2,Yes,Fog,No,6.77,4.82,Yes
6182,B787,1.33,6.5,4.75,No,Clear,No,1.83,5.05,No
6183,A320,4.4,2.73,9.52,No,Rain,No,8.76,1.21,No
6184,A320,4.99,3.06,9.04,Yes,Fog,No,3.21,4.85,No
6185,A320,2.93,4.16,2.19,No,Snow,No,3.32,2.24,Yes
6186,B737,1.12,3.43,6.66,Yes,Thunderstorm,Yes,0.98,4.98,Yes
6187,B737,7.38,5.07,6.51,No,Clear,No,5.12,6.84,Yes
6188,A350,6.25,0.58,1.42,No,Rain,No,8.16,1.64,Yes
6189,A350,7.63,9.73,3.77,Yes,Fog,Yes,7.3,4.47,No
6190,B787,9.02,5.61,7.69,Yes,Rain,Yes,0.34,9.63,No
6191,B787,0.01,6.37,2.45,Yes,Rain,No,8.02,0.84,Yes
6192,B737,3.98,8.57,1.48,No,Rain,No,1.98,6.9,Yes
6193,A380,8.21,1.65,7.49,Yes,Fog,Yes,1.68,0.21,Yes
6194,A320,6.95,1.91,5.22,No,Snow,Yes,3.33,5.12,No
6195,B737,9.49,4.65,4.66,No,Fog,Yes,6.49,1.27,Yes
6196,B737,7.73,2.25,2.42,No,Clear,Yes,1.03,1.87,Yes
6197,A380,7.08,8.98,6.73,Yes,Fog,No,7.47,2.0,No
6198,A320,5.7,5.83,0.81,No,Clear,No,2.5,6.54,Yes
6199,B737,2.83,2.14,2.11,No,Rain,No,1.93,2.64,No
6200,A320,9.11,9.87,6.68,Yes,Thunderstorm,Yes,8.78,8.77,Yes
6201,B787,5.19,5.72,3.76,Yes,Snow,Yes,1.28,6.94,No
6202,B737,1.84,8.0,8.66,No,Snow,Yes,0.6,0.15,No
6203,A380,1.86,4.63,4.16,No,Fog,Yes,2.66,8.71,Yes
6204,A350,0.36,0.33,2.83,No,Snow,Yes,6.34,7.22,No
6205,A380,5.89,2.24,1.03,Yes,Clear,No,7.39,0.53,No
6206,A350,1.71,9.17,1.32,No,Snow,No,1.68,1.64,No
6207,B787,1.93,8.08,9.33,Yes,Fog,Yes,8.26,2.51,Yes
6208,A320,0.62,8.67,0.33,No,Thunderstorm,No,6.84,5.34,No
6209,A350,5.8,7.97,0.47,No,Clear,Yes,3.1,0.68,No
6210,B787,4.32,7.52,3.67,Yes,Thunderstorm,No,6.36,1.91,Yes
6211,A380,0.16,5.03,4.2,Yes,Snow,No,1.75,1.37,Yes
6212,A350,3.96,5.13,8.65,Yes,Fog,Yes,9.31,7.94,Yes
6213,A380,6.85,0.05,7.53,No,Clear,Yes,1.9,4.78,No
6214,A380,8.19,5.62,5.5,Yes,Fog,Yes,8.88,6.41,Yes
6215,B787,4.07,9.54,5.85,Yes,Rain,Yes,1.59,0.67,No
6216,B737,7.32,9.49,4.12,Yes,Clear,Yes,8.74,4.12,No
6217,B737,4.97,2.5,3.0,Yes,Snow,Yes,8.42,7.78,No
6218,A320,1.92,4.16,1.78,No,Rain,Yes,9.08,5.32,No
6219,B787,8.91,4.39,4.74,Yes,Thunderstorm,No,1.35,8.61,Yes
6220,B737,5.64,5.44,1.96,Yes,Clear,No,8.17,4.54,Yes
6221,A380,0.54,1.19,8.79,No,Clear,Yes,9.15,2.73,Yes
6222,A350,5.68,5.89,4.08,Yes,Clear,Yes,6.53,8.82,No
6223,A380,4.38,0.47,3.67,No,Fog,No,0.45,2.98,Yes
6224,B787,5.56,1.76,5.02,Yes,Fog,Yes,2.09,9.37,Yes
6225,A320,7.76,3.06,3.34,Yes,Snow,No,7.69,4.48,Yes
6226,A380,5.96,9.56,1.98,Yes,Thunderstorm,Yes,9.97,9.83,Yes
6227,A380,7.44,1.54,0.32,No,Snow,No,9.37,4.38,Yes
6228,B787,4.57,5.17,5.05,No,Snow,Yes,8.14,7.19,No
6229,A320,7.62,0.11,6.69,Yes,Fog,No,2.5,8.89,Yes
6230,A350,0.59,8.85,7.96,Yes,Fog,No,1.02,3.55,No
6231,A350,8.24,5.45,3.89,Yes,Snow,No,9.99,3.49,Yes
6232,A320,9.98,0.55,3.08,No,Snow,No,4.06,6.5,No
6233,A350,7.5,2.89,4.08,Yes,Snow,Yes,4.44,1.01,Yes
6234,B737,3.72,1.36,1.44,No,Thunderstorm,No,1.23,7.97,No
6235,A350,4.9,0.21,2.2,Yes,Thunderstorm,No,9.5,8.66,Yes
6236,A380,0.05,7.58,2.1,Yes,Snow,No,4.0,7.94,Yes
6237,A320,1.62,8.12,4.75,No,Fog,No,2.3,3.44,Yes
6238,B737,2.74,1.27,6.98,Yes,Fog,Yes,7.2,3.79,Yes
6239,B737,3.45,6.49,4.44,No,Thunderstorm,Yes,7.91,1.31,No
6240,A380,2.78,6.21,6.42,Yes,Snow,Yes,1.2,0.07,No
6241,A350,0.71,1.0,9.41,No,Fog,Yes,1.67,2.08,No
6242,B787,4.18,9.46,4.87,No,Fog,Yes,3.7,1.51,No
6243,A350,2.54,9.36,9.42,No,Clear,Yes,2.41,7.23,No
6244,A380,3.13,2.97,5.15,Yes,Clear,No,6.01,3.43,Yes
6245,B737,9.43,0.02,3.13,Yes,Thunderstorm,No,3.19,0.17,Yes
6246,A380,0.08,4.55,6.84,Yes,Fog,Yes,4.73,9.97,Yes
6247,A350,1.47,4.54,9.0,Yes,Thunderstorm,Yes,9.9,0.82,No
6248,B787,5.47,9.21,6.72,No,Rain,No,4.25,4.41,No
6249,A350,1.31,1.24,4.93,No,Snow,Yes,4.66,3.46,Yes
6250,B787,6.8,8.54,9.49,No,Rain,No,9.0,7.45,No
6251,B737,9.15,1.18,9.6,No,Clear,No,6.62,3.18,Yes
6252,A380,4.67,9.14,3.92,Yes,Thunderstorm,Yes,4.68,3.81,No
6253,B737,6.8,7.21,0.32,Yes,Rain,Yes,4.59,5.72,Yes
6254,A380,8.25,1.87,5.72,No,Clear,No,6.04,5.87,No
6255,A380,4.55,6.92,1.98,No,Snow,No,6.43,6.98,Yes
6256,A320,3.77,0.05,9.63,Yes,Fog,Yes,4.97,9.7,No
6257,A380,4.46,0.01,7.54,No,Snow,Yes,0.8,8.43,No
6258,A380,8.51,8.76,6.24,No,Fog,Yes,0.16,4.18,No
6259,A320,2.57,1.64,1.02,Yes,Fog,Yes,8.68,7.2,No
6260,A380,0.88,8.06,9.14,No,Fog,No,1.09,3.69,No
6261,A350,3.7,4.53,6.47,Yes,Fog,No,9.64,0.91,No
6262,B787,3.4,4.04,9.68,Yes,Thunderstorm,Yes,4.23,6.62,No
6263,A380,0.7,5.33,9.54,Yes,Thunderstorm,No,5.0,3.04,Yes
6264,B787,6.37,2.65,6.95,Yes,Fog,No,0.83,0.38,No
6265,A350,5.06,3.31,1.95,No,Fog,No,8.29,9.53,Yes
6266,B787,4.74,0.47,2.39,No,Rain,Yes,5.11,0.64,No
6267,A320,4.59,7.3,9.64,Yes,Fog,No,2.34,8.94,No
6268,A320,5.06,6.9,1.7,Yes,Fog,Yes,3.55,6.16,No
6269,B737,7.82,6.78,3.48,No,Rain,Yes,6.03,2.85,No
6270,B787,7.67,6.75,6.97,No,Rain,Yes,3.42,9.48,Yes
6271,A380,0.45,7.94,4.07,No,Clear,Yes,3.21,4.18,No
6272,B787,1.19,1.67,9.07,No,Thunderstorm,No,9.15,4.53,Yes
6273,B737,6.9,2.59,7.8,Yes,Fog,No,4.83,8.72,Yes
6274,B737,5.83,7.99,1.8,Yes,Rain,Yes,4.01,3.98,Yes
6275,B737,1.2,9.56,1.3,No,Snow,No,5.82,0.06,No
6276,A350,8.11,5.09,5.08,No,Fog,No,5.15,9.87,No
6277,A350,9.76,8.74,4.28,No,Clear,No,2.23,1.58,Yes
6278,A320,8.03,3.65,3.89,Yes,Clear,Yes,4.6,0.26,No
6279,A380,6.12,5.81,6.03,Yes,Thunderstorm,Yes,5.77,1.83,No
6280,A350,4.86,9.55,5.85,No,Rain,No,5.07,8.61,Yes
6281,A320,2.72,7.29,8.46,No,Fog,Yes,3.86,1.28,No
6282,B737,3.44,2.65,2.17,No,Snow,Yes,0.67,5.21,No
6283,A380,0.03,9.31,7.14,No,Snow,No,6.19,0.15,Yes
6284,B737,7.46,5.14,1.94,No,Thunderstorm,Yes,0.28,7.43,No
6285,A320,4.77,8.78,3.45,Yes,Snow,No,6.22,8.04,No
6286,B787,1.86,0.21,0.78,No,Thunderstorm,Yes,3.41,7.68,Yes
6287,B737,7.48,9.76,8.63,No,Rain,Yes,2.1,6.83,Yes
6288,B787,2.02,5.55,3.05,Yes,Clear,Yes,3.05,7.44,Yes
6289,B787,0.3,6.73,5.2,No,Snow,Yes,3.93,1.74,No
6290,A350,9.33,2.43,6.94,No,Rain,Yes,1.62,0.53,No
6291,B737,8.96,3.52,1.22,Yes,Rain,Yes,2.59,7.3,Yes
6292,A380,6.78,5.94,6.55,No,Clear,No,7.36,0.87,Yes
6293,B787,0.65,3.18,7.31,No,Rain,No,7.55,2.48,No
6294,A320,2.63,6.11,0.79,Yes,Snow,Yes,2.46,3.42,Yes
6295,B787,7.56,5.12,0.6,Yes,Thunderstorm,No,0.97,6.74,Yes
6296,B737,7.72,8.45,9.17,Yes,Fog,Yes,8.06,8.97,No
6297,A320,3.26,1.37,3.64,Yes,Clear,No,0.23,2.9,Yes
6298,A350,1.1,2.06,5.95,Yes,Clear,Yes,9.37,3.2,Yes
6299,B737,5.77,2.92,8.08,No,Snow,Yes,2.69,4.26,No
6300,B787,7.02,2.2,3.89,No,Fog,Yes,3.3,2.96,Yes
6301,A350,9.9,7.29,4.75,Yes,Snow,No,2.88,9.68,Yes
6302,A350,1.43,2.54,9.55,Yes,Thunderstorm,No,8.73,2.21,No
6303,A320,1.34,8.22,9.09,No,Fog,Yes,8.09,3.27,Yes
6304,B737,7.23,1.05,4.9,Yes,Rain,No,0.26,5.89,No
6305,B737,0.99,6.13,2.72,No,Fog,No,9.38,9.87,Yes
6306,B737,0.46,0.12,5.12,No,Fog,Yes,0.35,8.66,No
6307,A320,3.85,5.66,9.22,No,Thunderstorm,No,9.65,1.8,Yes
6308,B737,0.46,0.87,1.02,Yes,Rain,No,7.61,4.87,Yes
6309,A380,3.66,8.28,3.34,No,Thunderstorm,Yes,1.9,5.97,Yes
6310,A320,5.65,9.42,1.97,No,Fog,No,2.68,6.77,Yes
6311,A380,1.79,0.11,8.5,Yes,Rain,Yes,8.09,7.02,Yes
6312,A380,5.3,7.01,2.17,Yes,Clear,Yes,0.57,8.97,No
6313,A350,9.72,3.79,6.35,No,Rain,Yes,0.22,9.11,Yes
6314,A320,3.17,9.72,3.85,No,Clear,Yes,6.49,8.47,Yes
6315,A350,5.03,5.93,8.94,Yes,Fog,Yes,5.42,6.99,No
6316,A380,2.38,4.93,7.21,Yes,Rain,No,7.39,1.86,No
6317,A320,5.6,0.85,1.29,No,Snow,Yes,7.72,1.32,No
6318,A380,4.31,3.87,1.7,No,Snow,Yes,7.55,4.73,No
6319,A380,0.02,9.45,5.58,No,Clear,Yes,7.8,9.02,Yes
6320,B737,2.27,7.71,0.31,No,Rain,Yes,8.42,7.52,No
6321,A320,0.4,4.32,0.06,Yes,Fog,No,6.48,7.07,Yes
6322,A350,7.26,0.26,6.21,Yes,Snow,Yes,8.33,9.52,No
6323,A350,2.4,8.9,8.96,Yes,Fog,No,5.42,4.34,Yes
6324,A350,1.85,7.88,9.48,No,Clear,Yes,3.23,3.9,Yes
6325,A350,8.39,8.91,0.43,No,Fog,Yes,2.39,4.48,Yes
6326,A350,0.97,6.73,4.9,No,Snow,No,1.58,4.01,No
6327,B787,6.77,9.15,4.55,Yes,Fog,No,8.16,6.22,Yes
6328,A380,0.44,4.98,0.02,Yes,Clear,Yes,3.83,6.48,Yes
6329,A350,9.86,5.05,9.33,Yes,Thunderstorm,No,8.07,2.34,Yes
6330,B737,2.33,3.77,8.86,Yes,Clear,No,5.57,3.66,No
6331,A350,4.55,7.09,4.77,Yes,Rain,Yes,3.67,0.25,No
6332,A380,4.65,0.06,1.22,No,Rain,Yes,9.05,9.08,Yes
6333,A320,8.25,7.93,5.26,Yes,Snow,No,2.45,3.95,Yes
6334,B787,1.38,9.43,8.36,No,Thunderstorm,No,5.71,3.38,No
6335,A380,9.57,5.45,8.59,Yes,Clear,No,3.0,7.94,No
6336,B737,3.77,3.26,1.1,No,Thunderstorm,Yes,6.37,0.66,No
6337,B787,8.41,8.91,2.65,Yes,Thunderstorm,No,4.92,8.06,Yes
6338,B787,4.56,6.36,6.38,No,Fog,Yes,7.08,6.87,Yes
6339,B737,9.42,9.07,2.28,Yes,Rain,No,3.25,0.65,Yes
6340,A380,5.22,1.72,7.76,Yes,Clear,No,2.3,3.1,Yes
6341,A350,9.98,8.95,8.47,No,Snow,Yes,1.32,5.52,Yes
6342,A350,0.41,8.83,4.73,No,Clear,No,0.2,3.22,Yes
6343,A380,3.83,6.35,9.82,Yes,Fog,Yes,4.14,7.65,Yes
6344,A350,8.09,0.35,3.33,Yes,Fog,Yes,6.45,4.17,Yes
6345,A380,2.89,8.2,9.86,Yes,Snow,No,6.7,1.69,Yes
6346,B737,4.06,7.0,6.42,Yes,Thunderstorm,Yes,7.32,2.89,Yes
6347,A380,1.8,9.51,6.6,No,Fog,Yes,2.57,3.61,Yes
6348,A320,4.55,6.48,9.83,Yes,Snow,Yes,3.24,7.18,No
6349,B787,7.46,3.14,2.81,No,Clear,Yes,1.09,6.86,No
6350,B787,4.43,1.55,4.53,Yes,Rain,No,0.13,4.71,Yes
6351,A320,1.05,1.8,7.38,No,Clear,Yes,3.59,9.93,No
6352,A320,1.86,4.72,8.18,Yes,Rain,No,4.77,7.63,No
6353,B737,1.03,0.07,4.74,No,Rain,Yes,2.14,3.94,Yes
6354,A350,3.95,5.52,1.26,No,Clear,Yes,3.49,1.54,No
6355,B787,2.91,5.27,9.51,Yes,Rain,Yes,8.84,9.21,Yes
6356,B787,1.16,2.17,3.78,No,Fog,Yes,9.4,4.23,Yes
6357,A350,9.87,9.43,6.22,No,Thunderstorm,No,2.76,4.23,No
6358,B787,1.43,4.21,4.55,Yes,Thunderstorm,No,8.34,2.43,Yes
6359,B737,8.34,0.45,6.81,Yes,Fog,Yes,7.11,2.2,No
6360,B737,1.35,9.27,6.49,No,Snow,Yes,7.56,7.3,Yes
6361,A380,7.76,4.32,4.79,Yes,Clear,Yes,1.94,6.37,Yes
6362,B787,9.87,9.63,1.49,No,Fog,Yes,9.19,4.23,Yes
6363,B737,3.86,5.59,1.37,No,Rain,No,8.48,6.58,Yes
6364,A380,9.45,8.28,2.56,Yes,Fog,No,3.32,2.41,No
6365,A320,2.08,3.09,2.31,No,Thunderstorm,No,8.84,2.28,Yes
6366,B737,7.54,0.88,0.62,No,Clear,No,5.43,8.2,No
6367,B737,1.77,9.09,9.3,No,Fog,Yes,2.71,0.58,Yes
6368,A350,7.79,0.74,7.37,No,Snow,No,2.58,4.26,Yes
6369,B787,1.03,6.63,1.88,Yes,Fog,No,8.88,8.36,No
6370,A380,5.71,4.77,6.19,No,Thunderstorm,Yes,7.68,1.84,Yes
6371,A350,7.11,7.95,5.87,Yes,Clear,Yes,9.58,8.43,Yes
6372,B737,5.39,9.22,6.08,Yes,Rain,Yes,5.04,9.76,No
6373,A320,1.64,0.71,2.54,No,Clear,No,5.25,3.62,No
6374,B787,9.49,4.41,4.29,Yes,Thunderstorm,No,9.26,9.23,No
6375,A320,1.36,2.29,2.6,Yes,Thunderstorm,Yes,5.27,6.98,Yes
6376,A380,4.45,1.26,4.81,No,Rain,Yes,9.67,5.76,No
6377,B787,8.09,0.1,0.88,Yes,Thunderstorm,Yes,0.95,8.85,No
6378,B787,5.37,0.38,0.34,Yes,Thunderstorm,No,1.73,1.44,Yes
6379,B737,4.3,2.16,8.8,No,Clear,No,7.68,7.92,Yes
6380,A350,8.74,6.81,5.74,No,Fog,Yes,6.56,8.67,Yes
6381,A350,7.65,0.12,5.14,Yes,Rain,No,4.91,1.01,Yes
6382,A350,0.08,7.67,4.38,No,Thunderstorm,No,1.06,5.88,Yes
6383,A350,7.19,7.02,3.54,Yes,Clear,Yes,2.79,5.1,No
6384,A380,2.67,2.23,4.62,No,Snow,Yes,5.18,9.83,Yes
6385,A320,2.95,8.28,6.61,No,Snow,No,8.17,4.29,Yes
6386,B737,5.02,6.6,0.51,No,Fog,Yes,0.67,1.55,Yes
6387,B737,6.86,5.62,4.33,Yes,Thunderstorm,No,8.81,7.82,No
6388,B787,6.07,5.26,8.6,No,Clear,Yes,1.52,9.07,No
6389,A320,0.56,3.5,8.35,Yes,Snow,No,2.46,9.4,No
6390,A320,3.63,9.9,6.73,No,Thunderstorm,Yes,3.96,8.21,No
6391,A350,2.24,9.06,6.42,Yes,Rain,Yes,5.31,2.48,No
6392,A380,2.32,6.08,4.94,No,Clear,Yes,6.39,2.68,No
6393,A350,2.68,4.74,5.72,Yes,Thunderstorm,Yes,3.24,3.11,No
6394,A350,6.46,0.13,7.21,No,Snow,Yes,1.07,6.89,No
6395,A320,0.79,3.49,6.95,No,Fog,No,9.18,6.22,No
6396,B787,4.39,9.81,9.61,Yes,Fog,Yes,0.65,0.89,No
6397,A350,3.73,8.85,3.68,Yes,Thunderstorm,Yes,1.36,5.99,No
6398,A380,0.58,3.5,5.47,No,Fog,Yes,0.83,6.71,No
6399,A350,1.87,2.76,6.13,No,Snow,Yes,4.56,3.6,Yes
6400,B787,2.11,0.41,9.88,No,Thunderstorm,Yes,4.86,3.84,Yes
6401,A320,9.95,1.85,9.37,No,Rain,No,6.41,7.81,Yes
6402,A380,2.5,5.92,3.37,Yes,Snow,No,6.69,5.56,No
6403,A380,3.61,4.48,2.91,Yes,Clear,Yes,8.67,8.96,No
6404,A320,0.41,7.85,8.46,Yes,Clear,No,0.01,2.24,Yes
6405,A320,0.74,3.29,9.5,No,Snow,Yes,5.54,4.7,No
6406,A350,6.65,6.4,1.56,Yes,Thunderstorm,No,6.0,1.6,Yes
6407,B787,2.6,6.72,8.57,Yes,Fog,No,7.26,3.33,No
6408,A350,3.9,6.64,5.53,No,Snow,Yes,2.48,1.73,No
6409,A380,8.66,3.01,2.72,Yes,Snow,Yes,1.08,0.33,Yes
6410,A350,3.8,8.86,2.57,Yes,Thunderstorm,Yes,3.03,7.64,No
6411,B737,1.81,2.02,0.4,Yes,Rain,Yes,8.79,6.74,No
6412,A320,2.24,8.58,3.7,Yes,Clear,Yes,9.8,8.75,Yes
6413,A320,3.8,6.66,6.99,Yes,Fog,No,7.14,9.96,Yes
6414,B737,7.46,1.74,3.45,Yes,Thunderstorm,No,2.55,3.31,Yes
6415,A350,8.84,7.83,7.48,No,Fog,No,5.33,4.36,No
6416,A350,0.04,0.78,1.87,No,Thunderstorm,Yes,6.45,3.4,No
6417,A350,3.13,6.75,8.3,No,Thunderstorm,Yes,1.46,1.09,No
6418,A350,1.04,0.3,6.87,No,Snow,Yes,6.19,2.17,No
6419,B737,8.0,4.2,5.8,No,Clear,No,6.41,8.23,No
6420,A350,4.77,4.54,6.26,No,Thunderstorm,Yes,1.49,4.11,No
6421,A380,3.45,8.37,4.77,No,Clear,Yes,1.2,3.65,No
6422,B737,7.46,3.65,3.09,No,Clear,No,4.29,8.68,No
6423,B787,0.92,7.58,0.29,No,Snow,Yes,8.42,9.82,No
6424,B737,1.71,9.9,8.63,Yes,Thunderstorm,Yes,9.18,7.42,Yes
6425,B737,9.7,9.02,1.68,No,Clear,No,9.64,6.04,Yes
6426,A380,1.42,5.93,0.08,Yes,Thunderstorm,Yes,1.77,1.71,No
6427,A320,5.41,3.76,1.91,No,Snow,Yes,7.21,6.75,No
6428,A350,9.79,6.91,3.85,Yes,Fog,Yes,8.25,4.79,Yes
6429,A350,7.02,4.96,0.86,No,Rain,Yes,2.43,8.98,No
6430,A380,7.47,0.85,9.3,No,Rain,Yes,0.32,1.42,Yes
6431,B787,9.2,3.09,9.29,No,Clear,Yes,9.76,5.35,Yes
6432,B737,3.75,6.64,3.98,No,Rain,Yes,1.52,0.21,Yes
6433,A380,3.08,5.71,4.57,No,Rain,Yes,3.47,2.93,Yes
6434,B787,3.36,4.06,0.14,No,Snow,Yes,0.33,4.75,Yes
6435,B787,7.18,6.75,4.37,No,Snow,Yes,8.93,7.65,No
6436,B787,5.22,7.61,8.37,Yes,Thunderstorm,Yes,7.71,7.72,Yes
6437,B787,7.62,6.64,7.25,Yes,Snow,Yes,3.38,4.18,No
6438,A320,7.22,0.66,7.43,No,Thunderstorm,Yes,1.37,1.86,Yes
6439,A350,3.9,1.85,5.86,Yes,Rain,No,5.67,0.04,No
6440,B787,9.6,1.58,5.83,No,Snow,No,5.57,8.96,Yes
6441,A320,5.7,5.75,7.05,Yes,Clear,No,3.91,8.5,Yes
6442,A320,6.63,6.38,8.99,Yes,Thunderstorm,No,8.32,8.31,Yes
6443,A350,8.87,2.83,0.2,No,Rain,Yes,0.17,2.57,No
6444,A380,3.57,5.14,3.25,No,Thunderstorm,Yes,9.96,4.38,Yes
6445,A320,7.33,9.32,4.13,Yes,Thunderstorm,No,9.45,2.74,Yes
6446,A350,3.1,6.98,4.7,No,Rain,Yes,5.71,3.04,No
6447,A380,5.27,5.94,8.62,No,Fog,No,5.73,10.0,Yes
6448,B787,2.18,3.88,6.68,No,Snow,No,1.79,0.82,No
6449,A320,2.74,1.85,8.77,Yes,Fog,No,2.5,5.14,Yes
6450,A380,0.71,0.19,8.15,No,Thunderstorm,No,0.6,7.07,Yes
6451,B737,1.43,5.21,1.53,No,Clear,Yes,0.21,9.5,Yes
6452,A380,7.24,2.77,3.63,No,Clear,Yes,4.05,4.08,No
6453,A350,4.47,7.98,1.37,No,Clear,Yes,5.83,8.39,No
6454,A380,1.07,4.73,0.72,No,Snow,No,5.17,4.71,No
6455,A350,4.23,6.21,4.95,Yes,Snow,Yes,5.4,2.76,No
6456,A380,8.18,6.15,7.89,Yes,Clear,Yes,7.5,1.2,Yes
6457,A380,7.91,6.66,9.55,Yes,Thunderstorm,Yes,8.77,5.38,Yes
6458,A350,7.26,5.82,4.23,Yes,Snow,No,3.58,2.29,Yes
6459,A350,3.38,1.09,0.32,Yes,Rain,No,5.9,7.27,No
6460,A350,5.84,6.48,5.15,Yes,Rain,Yes,4.44,7.46,No
6461,A350,2.0,0.93,3.77,No,Clear,Yes,4.69,7.55,Yes
6462,B737,8.15,9.42,0.79,No,Thunderstorm,Yes,8.33,6.92,No
6463,B737,8.6,2.18,1.79,No,Clear,Yes,8.62,0.91,No
6464,A350,9.32,0.94,9.57,No,Rain,No,1.99,0.98,Yes
6465,A320,9.51,0.55,4.04,No,Rain,No,2.75,0.14,No
6466,B787,6.32,7.53,9.93,No,Clear,Yes,4.27,8.18,Yes
6467,A380,3.31,6.75,7.35,No,Rain,No,5.3,7.07,No
6468,B737,5.44,2.15,7.71,Yes,Rain,No,7.43,1.51,Yes
6469,A350,2.28,0.31,0.85,Yes,Snow,Yes,4.06,0.11,Yes
6470,A350,1.28,8.69,0.3,Yes,Snow,Yes,4.11,3.6,Yes
6471,B787,6.61,5.26,9.78,No,Rain,No,4.33,8.53,No
6472,A380,7.55,5.49,9.36,Yes,Thunderstorm,Yes,7.42,5.88,Yes
6473,A380,2.91,4.61,2.71,No,Rain,No,6.79,3.2,Yes
6474,B737,3.23,8.6,3.07,No,Fog,No,7.64,6.6,No
6475,B737,8.92,4.79,2.03,No,Clear,Yes,3.72,1.34,No
6476,B737,9.66,9.05,8.81,No,Fog,Yes,4.61,7.72,No
6477,A350,9.26,3.95,4.57,No,Snow,Yes,9.46,2.14,No
6478,B737,0.6,6.03,3.73,Yes,Fog,Yes,9.21,1.07,Yes
6479,A380,7.27,3.37,2.25,No,Snow,Yes,5.17,0.57,No
6480,B737,8.89,2.27,2.63,No,Clear,Yes,2.69,4.56,Yes
6481,B737,9.2,5.0,1.62,No,Fog,No,6.35,1.45,No
6482,A350,4.45,4.57,5.06,Yes,Clear,No,4.78,1.43,Yes
6483,A320,4.07,9.91,7.05,Yes,Rain,Yes,7.15,2.26,Yes
6484,B737,0.99,0.83,6.15,Yes,Fog,Yes,0.53,1.24,No
6485,A380,5.01,8.67,6.12,Yes,Snow,No,8.53,2.71,Yes
6486,A380,2.54,1.56,2.19,No,Snow,No,3.29,4.71,No
6487,A380,9.12,8.75,4.29,No,Snow,Yes,2.42,6.36,No
6488,B787,0.8,8.81,0.22,Yes,Snow,Yes,5.66,10.0,Yes
6489,A320,1.45,6.37,2.71,No,Clear,No,4.72,6.68,Yes
6490,A350,5.78,8.55,8.26,Yes,Snow,No,6.11,7.39,Yes
6491,A350,3.92,1.94,3.53,Yes,Rain,Yes,7.76,3.77,No
6492,B737,5.92,3.98,9.64,No,Thunderstorm,No,8.84,1.13,No
6493,B787,4.23,5.21,1.69,Yes,Thunderstorm,No,4.98,6.35,Yes
6494,A350,4.04,5.69,2.35,No,Snow,No,4.56,3.62,Yes
6495,B737,4.43,4.5,1.64,Yes,Snow,Yes,0.78,7.71,No
6496,A380,3.37,6.25,9.52,Yes,Rain,No,7.97,9.15,Yes
6497,A350,7.27,8.96,7.2,Yes,Snow,No,8.23,0.56,No
6498,A380,9.64,8.4,5.21,No,Thunderstorm,Yes,5.0,4.79,No
6499,A320,9.93,6.35,5.84,Yes,Thunderstorm,No,0.46,3.98,No
6500,B787,1.84,4.46,0.86,Yes,Thunderstorm,No,4.0,0.34,Yes
6501,A380,4.32,4.08,3.75,Yes,Snow,No,5.95,2.86,No
6502,A350,0.37,3.04,5.54,Yes,Snow,No,5.37,8.89,Yes
6503,A380,1.09,3.1,4.62,No,Rain,Yes,5.03,1.43,No
6504,B737,9.39,1.77,5.51,No,Thunderstorm,Yes,0.76,7.31,No
6505,A380,0.9,4.08,0.45,No,Rain,No,1.73,7.61,Yes
6506,B737,7.49,6.47,5.7,Yes,Thunderstorm,Yes,6.14,8.08,Yes
6507,A320,1.49,0.34,4.89,Yes,Thunderstorm,No,3.17,3.92,No
6508,A350,6.22,1.31,9.86,Yes,Thunderstorm,Yes,3.93,2.51,No
6509,A320,4.41,5.32,5.89,Yes,Snow,No,1.47,4.08,Yes
6510,B737,9.19,0.22,7.71,No,Rain,No,9.89,8.44,Yes
6511,A320,8.11,8.49,8.79,No,Snow,No,8.69,0.72,No
6512,B737,4.32,8.52,4.17,Yes,Thunderstorm,Yes,4.22,1.12,No
6513,B737,8.32,4.91,8.29,Yes,Thunderstorm,Yes,9.54,7.84,Yes
6514,B787,9.13,0.35,3.57,Yes,Snow,No,8.17,2.06,Yes
6515,A380,5.2,1.3,5.54,Yes,Thunderstorm,No,8.15,8.36,Yes
6516,B737,2.91,3.29,6.87,Yes,Rain,Yes,3.42,8.43,Yes
6517,A350,5.32,1.68,0.97,No,Clear,Yes,9.17,9.88,Yes
6518,A380,4.28,7.03,0.39,No,Fog,No,4.02,6.25,No
6519,A320,9.24,4.62,8.84,No,Snow,Yes,5.81,5.17,No
6520,A320,8.2,5.77,8.51,No,Snow,Yes,0.31,4.69,Yes
6521,A320,2.02,7.27,1.75,Yes,Clear,Yes,9.93,1.4,Yes
6522,A350,1.27,3.82,2.46,Yes,Clear,No,3.15,1.52,No
6523,A380,6.28,7.11,2.53,Yes,Thunderstorm,No,9.66,5.52,Yes
6524,A380,3.36,1.62,4.63,Yes,Snow,No,3.91,6.28,No
6525,A380,4.39,8.68,2.7,Yes,Rain,No,7.38,9.77,No
6526,B737,3.36,2.5,3.94,Yes,Clear,Yes,5.41,8.87,Yes
6527,A350,6.67,2.51,0.35,Yes,Clear,Yes,7.85,4.49,No
6528,A380,0.31,2.62,5.7,Yes,Snow,Yes,2.35,8.16,Yes
6529,A380,3.47,0.58,2.43,Yes,Rain,No,4.7,6.2,No
6530,A380,4.16,2.91,9.59,Yes,Snow,No,4.95,5.6,No
6531,A380,6.44,9.74,6.61,Yes,Thunderstorm,No,3.62,6.9,No
6532,A380,7.28,1.52,8.33,Yes,Snow,No,0.42,0.79,Yes
6533,B787,7.66,5.02,1.02,Yes,Snow,No,2.34,7.34,Yes
6534,A320,1.94,1.6,0.95,No,Rain,No,1.69,5.69,Yes
6535,B737,3.59,3.9,9.18,Yes,Rain,No,3.39,2.14,Yes
6536,B737,6.25,1.11,4.9,Yes,Clear,No,5.03,2.97,No
6537,B787,3.92,2.8,9.42,Yes,Clear,Yes,2.37,5.06,Yes
6538,A320,2.74,1.14,2.91,Yes,Snow,No,2.07,0.56,No
6539,B787,5.34,1.31,1.2,No,Snow,Yes,9.57,6.94,No
6540,B787,3.58,2.54,4.15,Yes,Clear,No,5.01,7.0,Yes
6541,B737,9.94,7.13,5.3,No,Snow,Yes,6.99,9.52,No
6542,B737,3.79,8.16,8.87,No,Snow,No,3.74,8.25,No
6543,A350,7.86,8.69,0.22,Yes,Clear,No,7.04,6.68,Yes
6544,B787,2.01,5.09,9.78,Yes,Clear,No,2.33,4.25,No
6545,B787,2.4,6.47,7.35,No,Rain,Yes,7.07,7.71,No
6546,B787,1.47,5.86,6.64,No,Thunderstorm,No,6.53,4.95,No
6547,A320,5.7,4.32,6.84,Yes,Snow,Yes,0.71,3.14,No
6548,A380,8.99,4.28,0.67,No,Fog,Yes,0.58,3.31,No
6549,A320,2.36,5.24,5.22,No,Thunderstorm,No,4.04,8.07,No
6550,A350,0.31,5.72,6.4,Yes,Rain,No,1.68,2.6,No
6551,A350,1.74,3.97,7.5,No,Snow,Yes,1.18,3.43,No
6552,A320,7.51,8.76,2.1,No,Thunderstorm,Yes,3.85,4.83,No
6553,B787,2.23,4.59,8.59,Yes,Clear,Yes,4.02,0.37,Yes
6554,A320,4.68,8.52,4.11,Yes,Rain,Yes,3.46,0.15,Yes
6555,A320,9.96,7.69,8.97,Yes,Clear,Yes,1.43,8.11,No
6556,A320,4.57,6.39,3.4,Yes,Thunderstorm,No,9.51,9.65,No
6557,B787,8.61,8.04,5.07,No,Thunderstorm,Yes,7.74,2.43,Yes
6558,B737,1.75,9.89,0.06,No,Thunderstorm,No,2.98,9.58,Yes
6559,A380,5.95,1.56,6.32,No,Rain,Yes,7.03,4.69,No
6560,B737,6.66,0.1,1.28,No,Rain,Yes,6.41,7.02,Yes
6561,A320,9.6,9.03,2.66,No,Clear,Yes,8.07,0.04,Yes
6562,A350,6.58,6.91,5.71,No,Fog,No,4.9,3.03,Yes
6563,A380,9.46,4.67,0.1,Yes,Fog,Yes,4.46,7.07,No
6564,A350,5.46,1.15,8.34,Yes,Thunderstorm,Yes,1.51,9.0,Yes
6565,A320,4.81,7.3,1.74,No,Thunderstorm,No,0.97,7.12,No
6566,A380,0.4,8.78,1.66,Yes,Fog,Yes,2.35,3.03,No
6567,B787,4.02,3.41,0.51,Yes,Thunderstorm,Yes,4.34,2.67,No
6568,B737,1.34,2.97,7.14,No,Clear,No,6.26,4.78,Yes
6569,A380,0.49,0.8,4.75,Yes,Thunderstorm,Yes,8.75,4.08,No
6570,A380,1.99,7.93,1.84,No,Fog,Yes,4.26,4.09,No
6571,A380,8.7,8.82,1.29,No,Rain,Yes,5.16,7.02,No
6572,A350,3.81,6.94,8.34,No,Clear,No,7.18,1.1,No
6573,A380,5.16,7.22,3.42,Yes,Clear,Yes,0.06,3.95,No
6574,B787,8.68,6.89,0.28,Yes,Snow,Yes,8.57,6.53,Yes
6575,A320,5.49,9.24,5.35,Yes,Rain,Yes,8.74,0.34,Yes
6576,B737,4.29,2.44,0.29,No,Fog,No,5.92,1.68,Yes
6577,B787,5.35,8.01,2.86,Yes,Fog,No,8.12,6.88,Yes
6578,A380,1.63,9.24,5.82,Yes,Thunderstorm,No,6.36,3.39,No
6579,A350,3.85,9.03,5.97,No,Thunderstorm,Yes,3.07,8.75,Yes
6580,A380,5.13,4.76,8.67,Yes,Clear,Yes,4.33,7.46,No
6581,B787,2.29,1.41,9.03,No,Snow,No,3.82,7.46,Yes
6582,A350,0.65,0.32,2.09,Yes,Fog,Yes,4.63,5.26,No
6583,A320,8.89,8.75,4.87,No,Clear,Yes,2.61,4.31,No
6584,B737,3.35,5.27,9.82,Yes,Snow,Yes,8.56,5.26,No
6585,A350,7.7,1.3,9.26,No,Snow,Yes,3.04,7.76,No
6586,A380,6.43,3.32,5.5,Yes,Thunderstorm,Yes,5.09,3.13,No
6587,A320,2.59,1.33,0.01,No,Snow,Yes,1.33,0.32,No
6588,A320,0.24,1.7,4.84,Yes,Fog,Yes,3.15,5.52,No
6589,B787,1.3,2.47,9.16,Yes,Thunderstorm,No,2.57,5.45,No
6590,B737,8.31,5.95,3.01,Yes,Fog,No,8.43,0.66,No
6591,B737,8.95,9.38,3.48,No,Clear,No,1.6,1.82,Yes
6592,A350,0.97,6.97,8.22,No,Rain,Yes,5.14,7.78,Yes
6593,A350,8.15,3.96,8.82,No,Thunderstorm,Yes,6.62,5.36,Yes
6594,B737,1.23,5.88,1.33,No,Thunderstorm,No,3.36,5.01,No
6595,A350,7.36,8.42,7.28,No,Clear,No,0.0,3.17,Yes
6596,B737,1.22,0.17,2.45,Yes,Fog,No,7.44,5.93,Yes
6597,B787,5.0,2.56,4.99,Yes,Fog,Yes,8.62,2.92,Yes
6598,B787,6.6,2.54,8.5,No,Snow,Yes,8.65,9.21,Yes
6599,A380,8.84,2.41,7.18,Yes,Thunderstorm,No,1.09,7.01,No
6600,A320,6.36,3.72,3.32,No,Clear,Yes,0.38,4.32,No
6601,A320,8.99,4.92,1.31,No,Rain,Yes,1.13,7.11,No
6602,B787,6.27,1.2,2.49,No,Thunderstorm,Yes,1.97,4.87,No
6603,A320,1.29,2.89,9.27,No,Snow,Yes,6.25,0.18,No
6604,B737,4.17,1.64,7.42,No,Fog,Yes,2.39,9.25,Yes
6605,A380,8.34,0.53,1.57,No,Snow,No,4.63,1.0,No
6606,B737,3.57,7.75,0.14,No,Rain,Yes,9.67,9.39,Yes
6607,A350,6.36,7.72,4.39,Yes,Rain,Yes,6.51,1.51,Yes
6608,B787,1.88,5.73,3.11,Yes,Clear,No,7.92,9.4,No
6609,B737,8.8,7.41,5.91,No,Clear,Yes,3.99,0.02,Yes
6610,A380,1.71,5.36,7.96,No,Rain,Yes,0.52,1.65,Yes
6611,A380,9.67,6.0,7.27,Yes,Clear,No,8.07,3.09,No
6612,B787,4.14,4.62,4.43,Yes,Clear,Yes,6.19,2.27,Yes
6613,A320,1.8,3.41,2.3,Yes,Thunderstorm,No,0.18,2.71,No
6614,A320,7.4,0.21,2.34,Yes,Rain,No,4.82,8.19,Yes
6615,A350,4.57,0.68,1.19,Yes,Rain,No,5.57,7.08,No
6616,A320,6.85,7.04,0.64,Yes,Rain,Yes,3.8,7.1,Yes
6617,B787,4.1,9.17,0.7,Yes,Thunderstorm,No,7.93,4.47,Yes
6618,A320,9.71,7.28,4.7,Yes,Fog,Yes,1.32,7.44,Yes
6619,A320,9.05,5.1,0.08,Yes,Rain,Yes,4.61,9.34,Yes
6620,B787,0.71,2.52,7.56,No,Fog,Yes,6.38,7.57,Yes
6621,A350,8.16,8.96,4.74,Yes,Snow,Yes,8.1,5.91,No
6622,A380,8.84,4.79,0.14,No,Fog,No,8.69,2.7,Yes
6623,A350,1.56,3.87,6.05,Yes,Clear,Yes,2.79,1.64,Yes
6624,A380,7.76,8.91,4.56,Yes,Snow,No,7.62,2.65,No
6625,A350,3.56,8.09,9.53,Yes,Fog,No,2.83,8.85,No
6626,A320,1.28,2.94,2.11,No,Rain,No,5.6,7.64,No
6627,B737,3.11,6.9,2.99,No,Thunderstorm,No,2.51,1.97,Yes
6628,A380,0.31,3.74,4.4,Yes,Snow,Yes,0.35,2.05,Yes
6629,A320,0.95,0.53,4.88,Yes,Fog,Yes,6.79,1.1,Yes
6630,B787,6.04,4.66,3.19,No,Snow,Yes,6.16,8.6,No
6631,A320,4.02,2.72,0.24,Yes,Thunderstorm,No,6.89,4.78,Yes
6632,B787,6.64,9.93,2.07,No,Snow,No,3.0,7.01,No
6633,A320,7.38,6.5,3.33,Yes,Thunderstorm,No,5.54,6.96,No
6634,B737,0.21,8.06,8.01,No,Snow,No,7.5,0.15,No
6635,B737,1.44,7.61,4.42,Yes,Fog,Yes,0.52,6.36,Yes
6636,A350,7.41,1.23,9.52,Yes,Thunderstorm,Yes,2.23,4.64,No
6637,B787,7.4,5.94,1.81,No,Clear,No,1.51,3.12,Yes
6638,B787,5.27,9.97,9.22,Yes,Snow,No,9.38,9.76,No
6639,B787,0.66,1.97,7.0,No,Thunderstorm,Yes,5.64,2.58,Yes
6640,B737,9.8,7.27,4.62,Yes,Rain,Yes,1.03,8.71,No
6641,A380,5.79,3.85,4.91,No,Rain,Yes,1.0,5.24,Yes
6642,B737,7.5,9.89,4.63,Yes,Rain,Yes,6.72,1.48,Yes
6643,B737,6.15,8.89,4.4,No,Snow,No,9.3,8.96,No
6644,B737,8.34,9.32,7.1,No,Snow,Yes,3.53,5.63,No
6645,B737,7.33,2.92,8.62,Yes,Fog,No,0.63,8.3,No
6646,A350,4.98,0.57,0.46,Yes,Fog,Yes,9.69,9.42,No
6647,A350,1.77,1.51,4.86,Yes,Clear,No,0.08,1.92,Yes
6648,A320,8.5,2.67,0.53,Yes,Clear,No,3.18,5.72,Yes
6649,A380,2.04,2.68,8.99,Yes,Snow,Yes,1.19,5.14,Yes
6650,B737,1.9,2.04,8.91,Yes,Fog,Yes,8.02,7.88,No
6651,A320,9.83,7.87,3.76,Yes,Thunderstorm,No,2.42,8.31,No
6652,A380,2.64,4.46,6.75,Yes,Snow,Yes,1.6,7.54,Yes
6653,B787,4.53,0.99,3.99,No,Thunderstorm,No,8.91,7.41,No
6654,A320,0.54,2.89,6.56,Yes,Rain,Yes,5.44,7.19,No
6655,B787,6.14,5.16,4.25,No,Thunderstorm,Yes,5.42,1.29,No
6656,B787,9.25,7.49,2.44,Yes,Rain,No,5.38,8.22,No
6657,A380,3.94,6.45,6.25,No,Snow,No,8.62,6.19,Yes
6658,A350,4.85,9.86,3.05,Yes,Rain,No,1.36,5.55,No
6659,B787,2.63,5.42,1.47,No,Thunderstorm,Yes,6.05,7.19,No
6660,A380,2.35,2.66,5.7,No,Fog,Yes,0.5,4.56,Yes
6661,A320,3.21,8.51,5.02,No,Snow,No,7.7,3.51,Yes
6662,A320,2.67,2.57,2.11,Yes,Rain,Yes,9.87,5.36,Yes
6663,A320,1.25,8.25,3.97,Yes,Snow,No,8.64,2.89,Yes
6664,B787,0.39,0.4,0.92,Yes,Snow,Yes,5.27,3.98,No
6665,B787,8.91,8.78,1.21,No,Fog,No,6.73,6.85,No
6666,A350,8.26,9.23,0.17,No,Thunderstorm,Yes,5.76,1.36,No
6667,A320,9.79,5.54,8.2,Yes,Clear,No,2.27,8.81,Yes
6668,A380,6.27,0.5,7.97,Yes,Snow,Yes,9.33,4.1,Yes
6669,B787,8.36,1.73,1.79,Yes,Thunderstorm,Yes,7.9,2.94,Yes
6670,B787,4.57,1.36,6.07,Yes,Snow,Yes,0.57,4.19,No
6671,B787,3.32,6.91,7.71,Yes,Fog,No,8.83,1.33,No
6672,A380,4.22,8.33,4.23,Yes,Thunderstorm,No,5.74,2.99,Yes
6673,A320,5.4,1.41,3.21,No,Fog,Yes,3.07,0.48,No
6674,B737,1.16,2.89,2.19,Yes,Rain,Yes,0.4,7.61,No
6675,B787,4.05,3.73,6.81,Yes,Snow,No,9.71,7.85,No
6676,B787,3.31,4.65,4.49,Yes,Snow,Yes,7.47,3.69,Yes
6677,A380,6.38,2.08,2.06,Yes,Snow,No,3.12,7.83,Yes
6678,B737,8.35,9.76,4.28,No,Fog,No,3.75,1.25,No
6679,A350,3.32,0.85,4.72,Yes,Thunderstorm,No,8.84,9.14,No
6680,B737,9.08,7.81,3.36,Yes,Snow,Yes,4.02,6.79,No
6681,A320,3.58,2.16,1.27,No,Clear,No,0.47,5.34,Yes
6682,B737,5.34,8.02,8.39,No,Rain,No,5.31,5.84,No
6683,B737,1.35,8.21,2.9,Yes,Clear,Yes,5.66,6.51,No
6684,B737,7.41,9.89,3.09,Yes,Snow,Yes,2.41,8.17,Yes
6685,A380,3.44,6.54,7.19,No,Rain,Yes,4.6,1.03,No
6686,A350,9.72,3.24,1.81,No,Clear,No,4.75,7.11,No
6687,A320,4.72,5.21,7.88,No,Thunderstorm,No,8.86,2.01,Yes
6688,A350,8.21,7.5,0.89,Yes,Snow,Yes,8.66,9.41,Yes
6689,A380,6.42,9.82,6.19,Yes,Clear,No,6.92,6.0,Yes
6690,A350,9.33,5.2,1.59,No,Clear,No,7.04,9.67,Yes
6691,A350,9.35,3.32,9.9,Yes,Snow,No,5.21,9.95,Yes
6692,A380,8.18,0.18,8.93,Yes,Clear,No,4.36,7.63,Yes
6693,B787,6.21,8.42,1.96,Yes,Snow,Yes,2.79,3.61,No
6694,A350,6.39,5.58,1.35,No,Clear,No,3.4,2.99,Yes
6695,B787,0.52,0.7,6.8,No,Rain,Yes,7.0,2.28,No
6696,A320,2.99,8.16,1.77,No,Rain,Yes,0.59,0.2,Yes
6697,B787,3.46,2.58,5.38,No,Thunderstorm,No,5.94,4.95,Yes
6698,A380,7.57,0.44,1.75,Yes,Fog,No,0.03,6.68,No
6699,A320,4.12,6.07,3.13,Yes,Clear,Yes,4.56,3.45,Yes
6700,B737,5.28,2.07,9.07,Yes,Rain,Yes,4.88,4.07,Yes
6701,B737,2.42,3.17,0.16,No,Fog,No,2.57,9.77,No
6702,A350,2.88,3.42,9.23,Yes,Snow,Yes,6.99,5.9,Yes
6703,A380,7.25,9.41,7.15,Yes,Rain,No,3.9,7.49,Yes
6704,A350,1.24,1.07,6.23,No,Fog,Yes,9.2,5.95,Yes
6705,A380,7.77,7.99,3.39,Yes,Fog,Yes,1.26,5.19,Yes
6706,A380,4.23,9.06,1.64,Yes,Clear,Yes,7.6,5.61,Yes
6707,A320,9.73,0.09,0.47,No,Snow,No,0.35,7.89,Yes
6708,B787,4.41,7.89,4.5,No,Thunderstorm,Yes,5.11,5.17,No
6709,A320,9.13,6.18,8.78,No,Thunderstorm,No,9.43,1.82,No
6710,B787,9.36,3.71,0.22,No,Clear,No,7.41,5.44,No
6711,A350,4.59,8.63,9.68,Yes,Fog,Yes,3.92,5.04,No
6712,B787,6.95,1.95,7.11,Yes,Snow,No,8.8,9.59,No
6713,B737,0.31,6.48,8.9,No,Thunderstorm,Yes,1.92,2.37,Yes
6714,A350,0.48,2.84,4.39,Yes,Fog,Yes,2.61,7.05,Yes
6715,A350,6.68,2.18,0.53,No,Fog,No,4.29,1.28,Yes
6716,B737,8.02,4.3,5.87,No,Rain,Yes,3.33,6.03,No
6717,A350,1.11,4.73,4.52,No,Rain,Yes,0.95,1.47,Yes
6718,B737,0.46,4.93,2.61,No,Fog,No,1.58,9.43,No
6719,B737,3.39,0.55,8.28,Yes,Rain,No,0.05,2.41,Yes
6720,A350,4.52,4.4,5.62,Yes,Thunderstorm,No,8.68,8.9,Yes
6721,A380,8.28,6.36,0.18,No,Thunderstorm,Yes,4.04,4.87,No
6722,B787,0.93,1.19,3.74,Yes,Thunderstorm,Yes,6.26,9.32,No
6723,B787,3.2,5.53,9.28,Yes,Rain,No,4.6,3.58,No
6724,A350,0.97,9.58,6.85,No,Rain,Yes,9.1,2.58,No
6725,B787,2.99,6.46,1.2,No,Snow,Yes,7.48,9.33,Yes
6726,B787,4.85,2.72,7.89,No,Thunderstorm,Yes,5.7,4.16,No
6727,B737,2.51,5.12,2.37,Yes,Thunderstorm,No,8.93,3.3,Yes
6728,B737,0.89,2.95,2.48,No,Thunderstorm,No,1.01,5.54,Yes
6729,A380,6.72,7.6,9.13,Yes,Fog,Yes,1.72,7.82,No
6730,B737,9.03,3.47,8.46,Yes,Rain,Yes,4.98,9.6,Yes
6731,A380,2.66,6.84,7.35,Yes,Clear,No,0.53,2.51,No
6732,B787,1.58,0.3,6.49,No,Fog,No,4.99,1.75,Yes
6733,B737,9.29,3.01,3.0,No,Fog,Yes,1.58,0.13,Yes
6734,A320,7.1,4.49,3.72,No,Fog,No,2.66,7.29,Yes
6735,A380,3.89,8.22,3.68,Yes,Fog,No,7.59,1.21,No
6736,A320,2.26,1.61,0.55,No,Clear,No,1.61,6.28,No
6737,A320,8.78,8.4,3.56,No,Fog,No,3.09,9.95,No
6738,A380,6.98,9.92,9.16,Yes,Rain,No,5.81,3.75,Yes
6739,B787,4.77,8.82,9.35,Yes,Clear,No,3.01,2.31,Yes
6740,A320,0.93,8.09,0.03,No,Snow,Yes,6.8,2.29,No
6741,A320,9.26,6.67,8.42,No,Fog,Yes,4.77,4.59,Yes
6742,A350,1.02,3.99,8.81,Yes,Snow,Yes,3.03,6.07,Yes
6743,A320,7.84,2.95,6.15,No,Rain,Yes,6.34,5.68,Yes
6744,A350,2.25,7.54,1.78,Yes,Snow,No,7.66,1.83,Yes
6745,B737,6.05,8.4,4.04,Yes,Clear,Yes,6.93,0.93,No
6746,A320,5.58,4.21,1.92,No,Snow,No,1.31,1.23,No
6747,A380,5.1,7.16,0.67,Yes,Snow,Yes,4.48,6.23,Yes
6748,A380,8.32,0.69,8.56,Yes,Rain,Yes,6.92,3.49,Yes
6749,B737,8.55,0.19,5.96,Yes,Fog,Yes,2.21,9.72,No
6750,A320,5.61,3.5,9.88,No,Rain,Yes,6.91,3.17,Yes
6751,A380,8.04,7.21,3.03,Yes,Thunderstorm,Yes,2.55,9.8,Yes
6752,B737,8.58,6.51,4.74,Yes,Rain,Yes,2.85,2.32,No
6753,A350,1.28,3.77,2.96,No,Clear,No,2.12,4.22,Yes
6754,B737,9.43,3.69,3.57,No,Thunderstorm,No,9.39,0.32,Yes
6755,A350,5.5,7.99,0.41,No,Thunderstorm,Yes,0.78,7.16,No
6756,B737,9.59,6.13,9.1,Yes,Snow,Yes,6.21,9.44,No
6757,A350,3.06,4.19,1.42,Yes,Fog,No,4.18,4.11,Yes
6758,A350,8.73,2.53,0.36,Yes,Clear,No,1.32,0.66,Yes
6759,A380,4.2,8.99,4.28,Yes,Rain,Yes,8.84,6.41,No
6760,B737,7.61,6.59,6.03,Yes,Clear,Yes,0.31,4.51,Yes
6761,B737,9.52,1.51,8.0,No,Thunderstorm,Yes,5.14,4.71,No
6762,B737,2.96,5.48,3.09,No,Rain,No,1.29,9.36,No
6763,B787,0.21,4.88,4.18,No,Fog,No,1.79,6.13,No
6764,A380,5.03,8.28,2.18,Yes,Fog,Yes,6.65,2.99,Yes
6765,B787,7.13,1.67,9.52,Yes,Fog,No,2.49,6.36,Yes
6766,B737,6.14,4.15,8.18,Yes,Clear,Yes,2.99,6.06,No
6767,A320,6.89,6.09,4.71,No,Fog,Yes,2.09,2.6,Yes
6768,B737,4.3,7.45,2.33,Yes,Thunderstorm,Yes,4.66,0.59,Yes
6769,B787,0.35,1.54,0.9,No,Thunderstorm,No,5.56,6.88,Yes
6770,B737,3.04,6.18,0.26,No,Thunderstorm,No,9.32,1.28,No
6771,B737,2.72,4.82,6.03,No,Clear,Yes,5.37,6.7,Yes
6772,A350,5.82,2.42,0.06,Yes,Rain,Yes,8.19,4.36,No
6773,A320,2.83,4.68,6.66,No,Fog,No,7.76,1.03,Yes
6774,B787,5.92,8.46,4.28,Yes,Thunderstorm,Yes,3.86,0.66,Yes
6775,A350,4.6,4.88,8.08,No,Clear,No,8.74,6.62,No
6776,A350,1.04,1.37,3.43,Yes,Clear,Yes,3.64,5.37,Yes
6777,A320,7.24,2.16,9.64,No,Rain,No,6.09,4.18,No
6778,B787,6.79,3.25,4.99,Yes,Fog,No,7.53,1.88,No
6779,A320,7.68,0.49,3.85,No,Snow,Yes,8.28,7.34,Yes
6780,A320,0.04,4.94,9.56,No,Snow,No,9.09,2.09,Yes
6781,B737,9.78,3.52,4.51,No,Rain,No,8.93,6.22,Yes
6782,B787,0.15,9.46,4.61,Yes,Fog,No,2.37,9.71,Yes
6783,A320,2.09,3.14,6.26,No,Clear,No,8.46,9.46,No
6784,B737,2.1,0.07,7.63,Yes,Snow,Yes,5.59,0.54,No
6785,A380,4.48,5.8,6.97,No,Fog,Yes,8.75,6.51,Yes
6786,A320,7.69,0.05,6.8,No,Snow,No,0.82,5.55,No
6787,B737,6.26,8.05,3.09,Yes,Fog,Yes,6.03,8.23,No
6788,A350,9.38,5.16,9.37,No,Rain,No,1.86,8.64,Yes
6789,B787,2.04,7.39,6.95,Yes,Fog,Yes,9.13,9.26,No
6790,A380,3.3,0.97,4.99,Yes,Snow,Yes,3.53,4.67,No
6791,B787,9.5,5.46,2.35,No,Clear,Yes,0.22,4.65,No
6792,A320,4.07,4.95,4.62,No,Clear,Yes,1.06,1.94,Yes
6793,B787,7.55,2.76,0.57,Yes,Clear,Yes,9.82,1.47,Yes
6794,B787,1.15,1.76,5.16,No,Thunderstorm,No,8.14,5.71,No
6795,A350,0.75,3.38,9.46,Yes,Thunderstorm,No,8.03,0.63,No
6796,B737,7.29,4.17,4.13,No,Snow,No,1.73,3.32,No
6797,A350,7.02,3.46,7.12,No,Fog,No,8.49,5.27,No
6798,A380,5.3,6.14,7.19,No,Thunderstorm,Yes,2.43,0.36,Yes
6799,A320,1.66,6.23,3.85,Yes,Clear,No,2.69,2.49,No
6800,B737,4.77,2.97,4.71,No,Rain,No,6.37,0.2,Yes
6801,B737,5.25,5.43,1.56,Yes,Rain,Yes,7.55,4.61,Yes
6802,A350,9.28,4.61,8.47,No,Rain,No,5.9,9.91,Yes
6803,B737,4.8,9.81,3.02,Yes,Rain,Yes,8.38,3.12,No
6804,B787,8.34,1.7,2.25,Yes,Rain,No,1.13,8.35,Yes
6805,B787,0.41,0.98,4.27,No,Clear,Yes,5.99,7.42,No
6806,A350,8.15,5.81,6.29,No,Thunderstorm,Yes,5.07,0.94,Yes
6807,A320,0.35,3.77,0.83,No,Fog,Yes,9.98,9.21,No
6808,B787,0.76,6.63,3.18,Yes,Fog,No,7.98,1.36,Yes
6809,A320,5.91,7.41,3.37,Yes,Fog,No,1.24,1.93,No
6810,A380,1.99,1.29,4.73,Yes,Snow,Yes,8.21,9.71,Yes
6811,A320,6.04,3.38,9.32,No,Thunderstorm,No,8.6,3.27,Yes
6812,A350,4.11,2.25,9.47,No,Clear,No,6.35,5.32,No
6813,B787,1.61,3.1,0.58,Yes,Clear,No,6.31,4.47,Yes
6814,A320,5.94,5.47,3.85,No,Snow,Yes,7.95,6.46,No
6815,A350,3.12,1.35,2.8,Yes,Clear,No,3.85,2.14,Yes
6816,B737,4.09,2.27,1.66,Yes,Thunderstorm,No,1.87,5.08,No
6817,A380,2.11,8.05,0.66,No,Thunderstorm,Yes,3.9,0.61,No
6818,A320,2.31,1.82,0.92,Yes,Snow,Yes,7.7,4.07,Yes
6819,B787,9.02,2.49,4.76,Yes,Clear,Yes,6.77,2.86,Yes
6820,B787,1.46,7.48,4.6,Yes,Thunderstorm,Yes,1.97,4.98,No
6821,B787,7.9,9.71,3.4,Yes,Thunderstorm,No,1.6,7.09,No
6822,B787,2.65,4.52,4.43,No,Rain,Yes,2.53,0.6,Yes
6823,A380,1.72,1.75,3.94,No,Thunderstorm,Yes,9.8,3.66,Yes
6824,A320,3.97,0.31,0.12,No,Snow,No,7.73,6.26,No
6825,A350,7.59,5.21,2.58,No,Rain,Yes,2.32,6.27,Yes
6826,A380,3.13,5.92,5.45,Yes,Snow,No,1.92,6.64,Yes
6827,B787,7.68,3.32,3.42,No,Thunderstorm,No,4.88,10.0,No
6828,B737,1.5,5.94,6.24,No,Clear,Yes,1.67,2.74,No
6829,B787,0.69,6.21,3.19,Yes,Snow,No,9.1,2.42,Yes
6830,A380,1.49,6.31,2.02,No,Fog,Yes,9.53,8.15,No
6831,B737,2.79,7.42,5.34,No,Clear,Yes,6.57,4.31,Yes
6832,A380,9.62,8.37,9.94,No,Clear,Yes,1.78,4.37,No
6833,A350,8.97,8.11,8.84,Yes,Snow,No,1.7,9.05,Yes
6834,A380,3.61,7.72,0.4,Yes,Clear,No,5.66,1.87,No
6835,A380,5.58,5.69,3.22,Yes,Clear,Yes,2.03,9.29,Yes
6836,A350,1.56,6.75,8.86,No,Clear,No,8.63,2.27,No
6837,A380,0.51,9.98,4.96,No,Clear,Yes,3.16,7.17,Yes
6838,A320,8.69,6.0,5.74,No,Fog,No,5.78,7.26,No
6839,A380,5.35,1.4,6.81,Yes,Fog,No,8.3,0.45,Yes
6840,B737,0.95,7.68,0.74,No,Clear,No,9.96,1.03,No
6841,A320,5.55,1.17,2.0,No,Thunderstorm,Yes,9.6,5.65,Yes
6842,A380,9.14,7.38,5.9,Yes,Snow,No,9.66,5.16,Yes
6843,B737,2.2,0.43,3.8,No,Rain,No,3.56,6.89,No
6844,B787,5.56,4.42,4.91,Yes,Thunderstorm,No,0.44,6.55,No
6845,B787,8.94,6.07,3.2,No,Thunderstorm,No,8.02,3.0,Yes
6846,A380,0.78,4.76,5.44,No,Clear,No,1.86,3.22,No
6847,B787,8.61,8.58,1.55,No,Clear,No,0.58,6.39,No
6848,B787,2.21,6.72,1.31,Yes,Thunderstorm,Yes,6.95,0.95,No
6849,B737,3.39,2.48,7.63,No,Snow,No,6.71,3.47,Yes
6850,B787,1.37,9.72,8.89,No,Thunderstorm,Yes,9.24,9.64,No
6851,A320,0.01,7.41,4.16,Yes,Clear,Yes,7.23,3.11,Yes
6852,B787,2.71,2.39,6.73,No,Snow,Yes,1.77,7.97,Yes
6853,A320,9.6,1.99,3.47,Yes,Clear,Yes,9.86,2.84,No
6854,A320,3.91,8.54,8.41,No,Thunderstorm,Yes,4.61,8.4,No
6855,A320,0.9,6.1,6.89,Yes,Clear,No,7.45,3.1,No
6856,B737,1.68,8.63,3.11,Yes,Fog,Yes,8.5,4.14,Yes
6857,A320,9.65,5.19,5.83,No,Fog,Yes,3.28,1.41,No
6858,A380,7.42,7.11,8.05,Yes,Fog,Yes,1.02,7.0,Yes
6859,B787,7.78,4.91,0.74,No,Rain,No,5.91,1.42,Yes
6860,A320,7.67,3.71,2.78,No,Fog,Yes,5.62,6.13,Yes
6861,A320,1.94,9.34,5.66,No,Fog,Yes,5.9,4.08,Yes
6862,B737,2.23,9.34,2.09,Yes,Clear,No,5.61,6.76,Yes
6863,A320,4.03,8.74,7.85,Yes,Fog,No,3.03,6.97,Yes
6864,B737,0.97,0.57,4.7,No,Clear,Yes,8.72,4.5,Yes
6865,A320,8.7,6.58,6.07,No,Clear,No,4.99,0.18,Yes
6866,B787,8.16,0.76,0.98,Yes,Thunderstorm,Yes,5.07,9.92,Yes
6867,A380,6.18,0.01,6.33,No,Fog,No,6.74,3.09,Yes
6868,A380,9.46,2.99,0.47,No,Thunderstorm,Yes,4.64,7.22,Yes
6869,B787,7.79,5.86,2.84,Yes,Thunderstorm,Yes,7.16,8.99,Yes
6870,A320,2.82,2.07,2.22,Yes,Fog,No,7.13,7.27,No
6871,A380,2.01,7.51,9.54,No,Rain,Yes,6.61,8.82,Yes
6872,A380,3.02,3.39,5.81,No,Fog,Yes,7.26,4.67,No
6873,A320,3.36,0.4,4.31,Yes,Snow,Yes,0.35,1.87,No
6874,A350,7.58,8.32,9.38,No,Clear,Yes,2.89,7.13,No
6875,B787,9.95,3.08,5.61,Yes,Snow,Yes,8.9,7.69,No
6876,A320,7.54,3.31,4.46,No,Clear,Yes,6.67,1.27,Yes
6877,B737,2.62,3.98,6.75,No,Clear,Yes,6.34,4.38,Yes
6878,B787,0.11,6.91,3.02,Yes,Fog,No,6.17,2.4,No
6879,B737,6.84,6.44,5.02,No,Clear,Yes,9.13,0.22,No
6880,B787,4.62,5.44,6.79,No,Clear,No,9.74,1.17,No
6881,A380,6.36,6.56,9.3,Yes,Clear,No,0.26,7.74,No
6882,A380,9.57,0.2,8.91,Yes,Clear,No,6.99,8.64,No
6883,A350,8.53,3.35,5.81,Yes,Thunderstorm,No,0.09,6.84,Yes
6884,A350,5.76,8.51,4.39,No,Thunderstorm,Yes,6.18,5.73,No
6885,A380,1.34,0.23,6.66,No,Thunderstorm,Yes,4.82,7.66,No
6886,B787,0.61,1.37,2.09,No,Thunderstorm,Yes,4.23,3.64,Yes
6887,A320,4.25,5.67,4.61,Yes,Snow,No,1.98,1.98,No
6888,B737,4.97,5.88,7.2,Yes,Snow,Yes,3.62,0.9,Yes
6889,A350,7.13,6.25,5.49,No,Thunderstorm,Yes,2.36,2.51,Yes
6890,A320,2.85,6.84,3.22,Yes,Thunderstorm,Yes,7.17,7.51,No
6891,A350,1.38,3.39,5.49,No,Thunderstorm,Yes,2.02,9.2,Yes
6892,B787,7.25,0.64,9.23,No,Clear,Yes,2.93,3.43,No
6893,B787,6.07,4.84,6.78,No,Snow,Yes,9.52,7.96,Yes
6894,A350,1.74,7.76,5.57,No,Fog,No,7.21,7.27,Yes
6895,A350,2.11,1.23,8.63,Yes,Fog,No,7.78,5.19,Yes
6896,A320,1.84,7.31,3.12,No,Clear,Yes,0.16,4.2,No
6897,B737,5.78,2.39,9.25,Yes,Snow,Yes,8.58,0.27,No
6898,A320,2.27,9.31,2.73,Yes,Fog,No,4.89,8.95,Yes
6899,A320,9.25,8.47,5.67,No,Snow,No,6.45,0.44,No
6900,B787,2.53,4.46,2.32,No,Fog,Yes,1.91,7.17,No
6901,A350,0.06,6.46,6.49,Yes,Clear,No,9.32,5.97,Yes
6902,B737,0.41,8.6,2.34,Yes,Rain,No,1.9,4.65,No
6903,A350,5.2,7.14,2.2,Yes,Thunderstorm,Yes,9.05,6.78,Yes
6904,A350,6.64,4.17,0.37,No,Snow,No,8.23,7.02,No
6905,B787,8.66,4.08,8.46,Yes,Rain,Yes,9.74,3.35,No
6906,A380,5.62,4.8,3.52,Yes,Rain,No,5.31,3.08,No
6907,A320,7.8,7.58,8.04,No,Clear,No,5.48,0.33,Yes
6908,B787,0.74,7.58,9.47,No,Clear,Yes,1.46,5.84,Yes
6909,A350,2.59,1.88,3.89,Yes,Snow,No,6.92,0.03,No
6910,A320,2.85,7.97,8.21,Yes,Snow,No,1.98,6.88,Yes
6911,A350,9.15,3.3,9.46,No,Clear,No,5.88,0.26,Yes
6912,B737,9.23,8.8,0.68,No,Fog,No,0.75,0.25,Yes
6913,B737,7.29,4.73,0.06,Yes,Fog,Yes,0.75,7.87,No
6914,B787,8.23,7.11,0.7,No,Fog,Yes,3.19,9.73,No
6915,B787,3.39,2.48,9.41,Yes,Snow,Yes,3.85,4.85,Yes
6916,B787,6.94,4.39,1.75,No,Fog,Yes,1.87,6.29,No
6917,A350,1.66,2.66,1.58,No,Fog,No,0.22,9.74,Yes
6918,A350,4.53,3.63,0.38,No,Rain,Yes,7.7,0.74,No
6919,A350,5.88,9.87,3.61,Yes,Fog,No,0.65,3.53,No
6920,A350,1.66,0.1,6.1,Yes,Fog,No,9.35,5.34,Yes
6921,B737,9.63,6.1,5.94,No,Snow,Yes,3.7,2.8,Yes
6922,B737,9.12,8.23,4.31,No,Rain,Yes,2.51,2.05,Yes
6923,B787,0.18,1.4,3.17,No,Fog,Yes,6.92,1.44,Yes
6924,B787,6.91,3.15,5.2,Yes,Fog,No,6.1,0.86,Yes
6925,A320,6.35,6.13,8.44,No,Fog,Yes,2.18,0.41,Yes
6926,A350,6.52,2.87,9.36,Yes,Clear,No,8.46,3.5,Yes
6927,B737,2.26,5.29,7.64,No,Thunderstorm,Yes,2.64,4.32,Yes
6928,B737,8.2,2.05,0.44,Yes,Rain,No,1.89,0.62,No
6929,A380,3.97,7.65,8.37,No,Clear,Yes,8.38,9.47,Yes
6930,A320,5.66,0.26,9.59,No,Snow,Yes,5.15,4.3,No
6931,A320,7.58,2.29,7.39,Yes,Snow,No,3.52,1.47,No
6932,A380,4.76,2.61,4.54,No,Snow,Yes,3.43,7.42,Yes
6933,A350,8.95,3.36,4.14,Yes,Thunderstorm,Yes,8.15,2.08,Yes
6934,A320,1.93,0.74,5.16,No,Snow,No,1.78,5.87,No
6935,A320,4.81,6.22,0.95,Yes,Clear,No,8.47,9.93,No
6936,A320,9.78,0.73,1.03,No,Fog,No,6.12,4.9,Yes
6937,A320,8.84,3.57,2.72,No,Fog,No,6.63,5.18,No
6938,B737,7.94,6.52,4.37,Yes,Thunderstorm,Yes,5.3,9.57,No
6939,B787,0.33,4.31,8.36,No,Thunderstorm,No,6.39,8.43,No
6940,A320,0.8,2.88,5.21,No,Fog,No,2.97,4.94,Yes
6941,A320,7.26,8.27,7.09,Yes,Rain,No,8.63,2.76,No
6942,B787,4.44,3.19,4.35,Yes,Snow,Yes,4.29,8.28,Yes
6943,A320,6.91,9.3,9.67,No,Snow,No,6.77,7.03,No
6944,A380,9.04,7.8,0.88,No,Thunderstorm,Yes,5.29,7.95,Yes
6945,A350,4.49,3.89,3.24,Yes,Fog,Yes,3.82,3.48,Yes
6946,B787,7.09,3.7,8.1,No,Fog,Yes,1.76,1.36,No
6947,A350,5.98,4.13,2.87,No,Snow,No,8.48,6.4,Yes
6948,A350,0.52,0.33,3.6,Yes,Rain,Yes,3.53,9.91,No
6949,A320,1.75,4.0,5.46,Yes,Rain,Yes,4.85,8.03,No
6950,B737,4.27,3.94,7.15,No,Snow,Yes,9.71,6.53,No
6951,B737,0.92,6.46,7.16,No,Thunderstorm,No,4.98,2.7,Yes
6952,B737,7.59,2.0,7.49,Yes,Fog,Yes,9.54,8.61,Yes
6953,B787,8.01,8.78,1.42,No,Snow,No,9.93,3.69,Yes
6954,A350,1.93,7.59,8.26,No,Clear,No,3.84,9.64,Yes
6955,A350,1.53,8.33,4.52,Yes,Thunderstorm,Yes,1.26,4.19,Yes
6956,B737,3.39,1.55,2.38,No,Clear,No,1.39,2.21,Yes
6957,A350,3.99,3.22,8.59,Yes,Snow,No,5.37,6.9,No
6958,A320,7.7,9.88,8.26,Yes,Thunderstorm,Yes,9.39,9.87,No
6959,A320,0.78,5.18,6.16,Yes,Thunderstorm,No,7.79,3.05,Yes
6960,B737,8.23,6.01,0.24,Yes,Clear,No,0.49,6.96,No
6961,B737,5.01,7.86,3.24,Yes,Snow,No,2.38,0.02,No
6962,A350,6.58,6.64,8.33,Yes,Fog,No,2.68,0.72,No
6963,A320,8.89,4.09,0.24,No,Fog,Yes,1.84,5.18,No
6964,B787,3.1,8.89,6.85,Yes,Clear,No,8.83,3.04,No
6965,B787,7.35,3.9,9.34,Yes,Thunderstorm,Yes,0.22,7.15,No
6966,B737,2.95,0.15,9.32,Yes,Fog,No,0.38,3.38,Yes
6967,B737,8.9,9.88,2.83,Yes,Fog,Yes,5.05,0.97,No
6968,A380,9.34,6.22,8.65,Yes,Fog,Yes,0.05,6.73,No
6969,A350,6.48,6.58,1.95,Yes,Clear,Yes,3.62,5.76,No
6970,B787,0.05,5.94,7.99,No,Rain,No,4.06,9.39,No
6971,A320,9.52,3.64,6.72,No,Rain,Yes,1.18,1.8,No
6972,B787,9.76,1.6,4.37,No,Rain,Yes,9.45,8.2,No
6973,B737,4.79,3.0,3.73,No,Clear,Yes,9.0,1.29,No
6974,B737,8.33,0.29,3.73,No,Fog,Yes,5.78,4.05,Yes
6975,A320,7.83,2.73,3.19,Yes,Fog,No,5.32,0.92,Yes
6976,B737,7.37,0.82,4.38,Yes,Fog,Yes,5.62,8.4,No
6977,A320,3.12,3.89,1.58,Yes,Snow,No,1.42,1.91,Yes
6978,A350,4.09,2.85,3.37,Yes,Clear,Yes,9.38,5.63,Yes
6979,B737,0.83,0.2,1.53,Yes,Snow,Yes,3.33,4.89,No
6980,A320,2.22,5.45,6.53,No,Clear,No,5.25,6.61,Yes
6981,A380,8.8,3.82,1.59,Yes,Thunderstorm,No,0.24,1.38,No
6982,B737,7.14,2.01,9.07,No,Fog,No,3.51,4.02,Yes
6983,A380,7.54,8.87,6.11,Yes,Rain,Yes,3.64,0.07,No
6984,B787,3.25,9.27,7.56,Yes,Rain,Yes,2.49,2.36,No
6985,A320,4.92,6.97,3.53,No,Clear,Yes,7.34,9.21,Yes
6986,B737,3.9,9.32,4.28,No,Fog,No,4.35,5.12,No
6987,B737,1.39,8.82,2.64,No,Snow,Yes,3.65,8.63,Yes
6988,B787,4.52,4.9,5.94,No,Clear,Yes,2.46,1.65,Yes
6989,B737,3.35,8.66,3.41,Yes,Snow,No,2.77,3.01,No
6990,A350,9.85,2.55,4.6,Yes,Rain,No,2.57,8.61,Yes
6991,A320,1.38,2.33,3.05,Yes,Snow,Yes,7.59,2.99,Yes
6992,A350,7.31,6.92,2.87,No,Clear,Yes,4.66,1.4,No
6993,A320,4.18,0.42,7.8,Yes,Snow,Yes,1.64,4.66,Yes
6994,A350,6.67,3.07,4.0,No,Fog,Yes,8.21,0.16,No
6995,B737,8.85,4.03,7.0,Yes,Rain,No,2.04,2.01,Yes
6996,A350,1.45,5.04,5.86,Yes,Rain,Yes,7.16,9.46,Yes
6997,A380,2.66,4.19,1.14,Yes,Thunderstorm,No,6.3,0.73,No
6998,A380,9.45,5.92,5.54,Yes,Clear,No,8.89,3.87,No
6999,B787,3.1,7.75,4.1,No,Thunderstorm,No,0.34,4.99,No
7000,A350,3.01,0.56,5.22,No,Fog,Yes,3.93,9.94,No
7001,A320,2.11,3.67,8.07,Yes,Rain,No,2.8,7.9,Yes
7002,A380,2.21,7.22,2.05,Yes,Rain,Yes,7.9,4.02,Yes
7003,B737,4.27,8.43,2.21,No,Rain,Yes,8.7,7.16,No
7004,B737,2.6,9.48,8.41,No,Fog,Yes,9.6,6.58,No
7005,B787,1.76,9.95,1.86,No,Snow,Yes,9.58,3.19,No
7006,A380,8.13,7.58,2.65,Yes,Clear,Yes,1.53,4.73,Yes
7007,A380,0.54,4.25,9.39,Yes,Rain,No,3.95,6.02,No
7008,B787,6.14,8.42,8.64,No,Thunderstorm,Yes,5.08,4.74,Yes
7009,A320,9.97,5.99,2.91,Yes,Thunderstorm,Yes,8.63,9.69,Yes
7010,B787,5.78,4.23,8.01,No,Clear,No,3.32,4.93,Yes
7011,A380,6.11,9.91,9.87,No,Fog,Yes,5.59,7.69,Yes
7012,B737,6.98,3.37,0.55,Yes,Fog,Yes,7.93,9.85,Yes
7013,A320,3.85,4.1,8.83,Yes,Fog,No,4.01,3.24,No
7014,A320,8.32,4.06,8.8,No,Clear,No,1.82,6.5,No
7015,B737,1.48,8.14,3.55,No,Rain,No,4.47,0.7,No
7016,A350,7.94,3.05,8.32,Yes,Rain,No,3.89,2.97,No
7017,B787,1.19,5.67,9.74,Yes,Clear,Yes,7.78,1.84,Yes
7018,A320,9.28,7.15,1.66,No,Fog,Yes,2.18,0.95,Yes
7019,A380,6.77,8.85,7.17,No,Snow,No,0.36,8.22,Yes
7020,A320,7.27,6.03,8.75,Yes,Clear,No,5.25,9.56,No
7021,A320,4.45,3.98,0.19,Yes,Snow,No,1.33,1.18,Yes
7022,A380,4.51,6.19,8.86,Yes,Rain,No,2.55,1.91,No
7023,B737,9.43,8.33,5.97,Yes,Thunderstorm,No,1.77,8.05,No
7024,B737,6.67,7.73,9.59,Yes,Snow,No,7.3,8.56,Yes
7025,B737,1.26,1.13,2.09,No,Clear,Yes,5.15,1.82,No
7026,A320,1.33,7.45,5.51,No,Rain,Yes,6.78,1.91,Yes
7027,A350,1.56,8.76,0.48,No,Clear,Yes,4.32,6.95,No
7028,A320,5.65,6.29,4.98,Yes,Snow,No,4.51,6.03,No
7029,A350,4.17,5.13,4.84,Yes,Thunderstorm,No,4.03,8.64,No
7030,A320,2.8,0.12,6.13,Yes,Snow,No,1.3,3.56,No
7031,B787,5.27,7.37,9.28,No,Fog,Yes,8.0,5.65,No
7032,B787,1.97,4.72,6.73,Yes,Fog,Yes,9.43,7.32,No
7033,A320,0.89,3.94,5.25,No,Thunderstorm,Yes,9.49,0.86,Yes
7034,B737,1.99,4.91,1.83,Yes,Thunderstorm,Yes,0.61,8.73,No
7035,A380,9.63,5.1,7.05,Yes,Rain,No,4.95,3.18,Yes
7036,A320,9.1,9.25,9.48,Yes,Snow,No,9.18,3.72,Yes
7037,B787,8.97,2.29,3.05,No,Clear,Yes,5.87,7.34,No
7038,A380,6.75,0.91,3.06,No,Fog,No,6.35,7.12,No
7039,A380,2.6,9.21,5.03,Yes,Rain,Yes,5.83,3.41,No
7040,B787,3.45,6.74,1.63,Yes,Thunderstorm,No,4.34,1.97,No
7041,B787,6.17,0.96,2.86,Yes,Clear,No,5.21,2.6,Yes
7042,A380,4.61,3.66,7.51,Yes,Fog,No,9.09,0.07,No
7043,A320,2.05,7.42,8.52,No,Clear,Yes,0.76,4.79,No
7044,A350,4.45,8.41,8.54,Yes,Fog,No,1.67,6.59,Yes
7045,A380,4.66,5.65,1.85,Yes,Clear,No,5.44,1.35,Yes
7046,A350,7.7,0.83,2.79,Yes,Thunderstorm,No,7.71,8.48,Yes
7047,A320,3.28,4.98,2.59,No,Snow,Yes,7.9,6.29,Yes
7048,B737,3.57,9.48,5.38,No,Thunderstorm,No,2.54,8.1,Yes
7049,A350,2.52,8.87,8.34,Yes,Fog,Yes,4.12,2.31,No
7050,B787,5.04,4.88,2.34,Yes,Clear,Yes,1.32,5.51,Yes
7051,A320,4.71,5.33,1.19,Yes,Fog,Yes,2.34,4.34,No
7052,A380,6.1,1.18,9.25,No,Thunderstorm,Yes,3.04,0.04,Yes
7053,A380,0.71,4.6,3.0,Yes,Clear,No,7.22,6.91,Yes
7054,B787,0.91,3.81,4.03,Yes,Thunderstorm,No,1.44,0.82,No
7055,A320,0.68,3.14,2.94,No,Clear,No,7.93,4.05,Yes
7056,B737,1.58,5.82,4.09,No,Fog,No,6.44,8.47,Yes
7057,A320,9.2,8.62,0.97,No,Clear,No,0.48,3.36,Yes
7058,B737,9.0,9.8,1.22,No,Fog,Yes,8.35,5.18,No
7059,A350,8.59,5.49,1.23,Yes,Fog,No,3.05,6.82,Yes
7060,A380,6.04,1.13,0.8,No,Rain,No,7.85,6.65,Yes
7061,A380,5.31,0.7,3.48,No,Thunderstorm,No,1.41,4.74,Yes
7062,A320,1.95,0.05,5.23,No,Clear,Yes,7.65,4.8,No
7063,A320,8.17,9.68,9.25,Yes,Thunderstorm,No,4.1,9.92,No
7064,B737,5.31,0.74,0.68,No,Thunderstorm,No,8.74,5.69,Yes
7065,A380,0.04,1.46,5.42,Yes,Clear,No,5.27,7.67,Yes
7066,B737,6.13,4.01,4.32,No,Clear,No,7.37,8.97,No
7067,B787,5.76,0.25,6.9,Yes,Clear,No,9.31,1.08,Yes
7068,B737,6.29,1.87,4.68,Yes,Thunderstorm,Yes,0.67,4.39,No
7069,A380,3.12,6.21,4.8,No,Rain,No,5.41,6.41,Yes
7070,A320,3.93,9.28,9.36,No,Fog,No,8.49,0.7,No
7071,A380,8.31,2.64,9.3,No,Clear,Yes,2.03,6.6,No
7072,B737,6.95,1.43,8.42,Yes,Clear,No,0.12,4.34,Yes
7073,B787,8.48,0.8,8.93,Yes,Rain,No,7.14,4.56,No
7074,A350,4.4,1.98,0.53,Yes,Rain,Yes,8.69,7.42,Yes
7075,A350,3.03,0.87,1.58,No,Clear,Yes,5.3,9.67,No
7076,B787,5.26,0.11,6.84,No,Rain,Yes,0.89,5.33,No
7077,B737,9.8,6.99,7.34,No,Rain,Yes,9.3,2.39,Yes
7078,A380,9.95,7.02,9.34,Yes,Thunderstorm,Yes,4.14,8.45,No
7079,B787,6.23,7.73,9.04,Yes,Fog,No,3.6,9.25,No
7080,A350,3.1,3.57,6.13,Yes,Thunderstorm,Yes,0.33,6.03,Yes
7081,A320,9.4,5.48,6.53,Yes,Rain,No,0.63,6.57,No
7082,B737,0.66,7.23,7.07,Yes,Thunderstorm,No,0.24,8.2,Yes
7083,B737,2.26,6.82,4.17,No,Thunderstorm,No,7.24,4.7,No
7084,B787,8.28,6.32,7.3,No,Snow,No,4.94,1.73,Yes
7085,A350,1.65,2.55,9.44,Yes,Rain,No,5.09,9.86,No
7086,B787,4.38,9.31,6.82,No,Snow,Yes,2.6,5.01,Yes
7087,A350,0.54,7.42,8.73,Yes,Fog,Yes,8.29,5.6,No
7088,B737,0.12,3.95,5.69,Yes,Snow,No,3.35,1.88,Yes
7089,B787,1.68,1.35,6.15,Yes,Clear,No,8.84,1.35,No
7090,B737,4.03,8.33,1.21,Yes,Clear,Yes,8.61,2.03,No
7091,A380,5.23,5.55,4.28,Yes,Rain,No,3.38,3.6,No
7092,B737,1.89,5.57,7.91,Yes,Clear,No,2.71,8.79,Yes
7093,A350,8.39,9.95,9.55,Yes,Thunderstorm,Yes,6.87,8.88,Yes
7094,A350,6.3,5.19,8.07,No,Snow,Yes,4.4,7.36,No
7095,A320,9.65,3.92,9.71,No,Clear,Yes,6.49,0.52,No
7096,B787,1.19,6.58,5.51,Yes,Thunderstorm,Yes,8.31,5.54,Yes
7097,B787,8.25,3.56,1.51,Yes,Snow,Yes,7.02,1.22,No
7098,A350,5.53,5.79,5.53,No,Clear,No,8.91,6.97,Yes
7099,B787,7.96,5.27,1.82,Yes,Snow,No,2.68,5.51,Yes
7100,A320,5.96,7.1,4.86,Yes,Clear,No,7.85,8.88,No
7101,B787,1.14,5.82,2.98,No,Snow,No,4.92,8.86,Yes
7102,B737,3.71,0.47,8.29,No,Clear,Yes,3.29,6.18,No
7103,A350,6.08,4.61,7.79,Yes,Fog,No,1.34,9.32,Yes
7104,B787,7.92,5.14,2.79,No,Snow,Yes,8.39,0.66,Yes
7105,B787,4.65,4.35,8.26,Yes,Thunderstorm,No,9.29,9.58,Yes
7106,A320,5.29,7.86,0.36,Yes,Clear,No,9.11,0.71,No
7107,A350,7.43,0.89,9.95,Yes,Rain,Yes,4.01,0.26,No
7108,B737,6.19,6.07,0.62,No,Snow,No,1.02,8.0,No
7109,B787,7.42,3.44,8.55,No,Fog,Yes,2.41,9.17,Yes
7110,A350,4.18,8.81,3.8,Yes,Fog,No,3.41,2.86,Yes
7111,B737,9.72,4.09,9.43,Yes,Snow,Yes,2.58,8.2,No
7112,A350,1.83,5.54,5.75,No,Snow,No,3.62,8.5,No
7113,B787,9.24,4.56,0.5,No,Fog,Yes,0.99,4.89,Yes
7114,A380,4.39,7.89,3.06,Yes,Fog,No,1.28,9.82,Yes
7115,A380,7.15,9.39,1.94,No,Fog,Yes,6.49,3.65,No
7116,A320,6.08,4.94,6.25,No,Rain,No,5.8,1.28,No
7117,A320,7.65,9.44,0.9,No,Thunderstorm,No,7.52,6.26,No
7118,A350,3.77,8.32,0.6,Yes,Fog,Yes,8.14,0.51,Yes
7119,A380,4.14,9.83,7.98,No,Rain,No,0.23,8.8,No
7120,A350,2.98,7.11,8.72,Yes,Fog,Yes,7.38,5.61,No
7121,A320,9.63,4.2,4.84,Yes,Clear,Yes,5.75,5.08,Yes
7122,A380,2.98,1.6,1.2,No,Clear,Yes,8.58,6.82,Yes
7123,A350,0.78,9.2,0.89,No,Thunderstorm,No,3.09,4.85,No
7124,A320,6.38,10.0,1.99,Yes,Clear,Yes,7.17,4.68,Yes
7125,A320,9.22,0.95,9.89,No,Snow,Yes,5.53,4.27,No
7126,A320,3.67,4.56,7.86,No,Thunderstorm,No,0.61,7.47,Yes
7127,B787,5.57,9.5,4.39,Yes,Rain,Yes,7.92,6.39,No
7128,A350,4.14,5.82,8.49,Yes,Thunderstorm,No,1.67,3.52,Yes
7129,A350,0.08,2.39,2.9,No,Clear,Yes,6.51,5.26,Yes
7130,B787,8.62,6.91,3.26,Yes,Fog,Yes,3.73,9.1,Yes
7131,B737,2.29,8.65,1.53,No,Thunderstorm,Yes,2.23,2.71,Yes
7132,B787,5.57,0.97,0.3,Yes,Thunderstorm,Yes,5.35,8.53,No
7133,A380,0.09,9.5,9.97,Yes,Fog,Yes,2.12,1.0,No
7134,A380,0.02,6.39,9.31,Yes,Clear,Yes,6.99,4.9,No
7135,A380,2.42,7.21,3.73,Yes,Fog,No,0.44,9.55,Yes
7136,B737,1.48,6.11,0.7,No,Snow,Yes,5.75,9.9,Yes
7137,A320,1.91,7.36,4.48,Yes,Snow,No,8.71,7.71,Yes
7138,B787,8.94,2.6,3.18,Yes,Fog,No,3.27,2.79,Yes
7139,B737,5.68,8.74,9.48,No,Clear,Yes,1.95,4.61,No
7140,A380,2.66,2.0,0.27,No,Fog,Yes,2.37,8.28,No
7141,A350,3.2,7.48,1.49,No,Clear,Yes,1.26,0.97,Yes
7142,A350,8.97,8.0,6.8,Yes,Clear,No,6.59,4.68,Yes
7143,B737,9.63,8.67,9.44,Yes,Clear,No,4.09,8.13,No
7144,B737,6.71,2.91,4.48,No,Snow,No,3.47,8.91,Yes
7145,A320,3.73,5.5,2.38,No,Thunderstorm,No,3.7,1.46,No
7146,B787,9.1,7.86,7.99,Yes,Snow,Yes,7.95,2.61,Yes
7147,B737,3.37,7.39,7.27,Yes,Fog,No,7.48,0.3,No
7148,A380,1.85,4.72,4.65,Yes,Clear,No,1.58,7.77,No
7149,A350,3.54,1.16,5.86,Yes,Rain,Yes,8.84,7.63,No
7150,A320,1.65,5.89,9.4,Yes,Thunderstorm,Yes,4.57,0.35,Yes
7151,B737,5.32,0.85,6.2,Yes,Snow,Yes,0.94,0.62,No
7152,A350,9.42,7.73,1.76,No,Snow,No,9.42,8.33,No
7153,B787,8.46,4.73,2.65,No,Rain,No,6.34,1.09,No
7154,A350,3.02,7.53,7.38,No,Fog,Yes,3.05,4.92,No
7155,A320,4.06,7.46,1.56,Yes,Clear,No,1.68,4.94,Yes
7156,A350,3.78,4.4,4.35,No,Fog,Yes,8.02,7.51,No
7157,B787,0.0,8.45,1.27,Yes,Rain,Yes,0.77,7.24,No
7158,B787,7.82,7.63,0.5,No,Thunderstorm,Yes,5.37,7.73,No
7159,A350,8.23,0.01,4.74,No,Rain,No,2.97,6.76,Yes
7160,B787,1.19,2.78,6.28,Yes,Rain,Yes,6.59,4.99,Yes
7161,B787,7.99,9.12,9.39,Yes,Fog,Yes,7.23,2.59,Yes
7162,B737,8.98,6.43,0.14,No,Snow,Yes,5.5,6.25,No
7163,B787,8.05,9.24,0.18,No,Fog,No,0.7,9.57,Yes
7164,B737,9.23,2.89,1.51,No,Snow,No,5.67,3.81,Yes
7165,A320,0.63,4.83,2.31,Yes,Clear,Yes,3.67,2.66,No
7166,A320,6.69,4.92,7.4,No,Rain,Yes,7.61,5.65,No
7167,A320,1.29,1.62,8.57,Yes,Snow,No,2.59,2.08,No
7168,A320,2.16,9.3,4.32,No,Rain,Yes,4.06,4.41,No
7169,A380,2.78,4.25,5.93,No,Snow,Yes,8.06,7.59,Yes
7170,B787,8.29,5.79,9.67,Yes,Snow,Yes,6.34,6.2,No
7171,A320,6.17,1.01,3.46,No,Clear,No,1.55,5.2,No
7172,B737,0.9,1.18,9.2,No,Thunderstorm,Yes,5.63,3.85,No
7173,A380,4.47,7.76,4.9,No,Clear,No,6.54,8.07,No
7174,B737,7.57,5.04,8.38,Yes,Rain,No,2.6,4.76,No
7175,A380,6.86,7.4,7.34,Yes,Clear,No,7.82,6.72,No
7176,A350,2.74,0.32,0.86,Yes,Fog,No,8.73,0.01,No
7177,A350,6.49,8.36,6.91,Yes,Clear,Yes,6.11,8.2,Yes
7178,B787,5.9,3.16,2.74,No,Thunderstorm,No,7.69,0.76,No
7179,A320,0.13,7.26,2.88,Yes,Fog,No,3.91,9.29,Yes
7180,A380,5.65,2.96,9.4,No,Snow,Yes,5.48,7.87,No
7181,B737,0.87,0.03,1.2,No,Thunderstorm,No,2.76,3.34,No
7182,A350,8.15,8.23,5.69,Yes,Thunderstorm,No,6.28,9.04,No
7183,A320,6.4,2.98,4.18,Yes,Rain,Yes,3.34,8.1,Yes
7184,A320,8.65,1.29,3.38,Yes,Snow,Yes,9.98,3.95,No
7185,B737,6.43,2.94,5.63,No,Fog,No,8.01,7.85,Yes
7186,A350,9.09,5.56,6.02,Yes,Clear,No,9.01,7.42,No
7187,A320,1.26,9.43,0.61,No,Thunderstorm,No,7.22,9.07,No
7188,A320,5.93,8.11,6.71,No,Snow,No,3.82,0.17,Yes
7189,A320,7.53,9.96,0.0,Yes,Rain,No,7.07,6.07,Yes
7190,B737,9.04,6.93,8.37,No,Fog,Yes,5.82,5.13,Yes
7191,B787,4.42,5.68,4.93,Yes,Thunderstorm,No,1.45,6.12,No
7192,B787,1.25,9.45,5.59,Yes,Snow,Yes,8.82,9.89,No
7193,A380,8.89,7.21,7.14,Yes,Snow,No,7.77,4.05,No
7194,A380,8.43,2.02,5.12,Yes,Rain,Yes,3.63,7.44,Yes
7195,A320,2.62,1.77,0.99,No,Rain,Yes,6.52,5.1,No
7196,A380,4.51,8.31,3.36,No,Thunderstorm,No,6.35,5.58,Yes
7197,A320,8.45,5.3,6.14,No,Thunderstorm,No,0.89,9.77,No
7198,A320,6.25,6.06,1.9,No,Rain,No,4.26,5.16,No
7199,B737,3.54,4.07,8.02,Yes,Rain,No,4.95,1.17,No
7200,A320,8.49,0.45,5.53,No,Snow,No,3.1,0.19,Yes
7201,A380,9.57,7.75,9.82,Yes,Snow,Yes,8.22,6.8,Yes
7202,A380,2.07,1.67,6.11,No,Rain,Yes,5.16,3.9,No
7203,A350,2.95,5.11,8.93,No,Snow,Yes,3.55,4.18,No
7204,A380,2.98,9.61,1.4,No,Snow,No,1.92,5.25,No
7205,B787,7.1,7.71,9.79,No,Rain,No,1.23,5.49,No
7206,A350,9.96,1.78,9.96,Yes,Rain,No,7.89,4.52,Yes
7207,B737,2.18,2.69,8.75,Yes,Rain,No,3.29,9.55,Yes
7208,B787,2.35,2.25,2.02,No,Thunderstorm,No,2.05,6.82,Yes
7209,B737,5.38,2.85,3.95,No,Rain,Yes,2.24,9.73,No
7210,A320,9.06,9.06,7.21,No,Rain,Yes,3.63,1.75,Yes
7211,A320,4.01,9.94,2.51,No,Rain,Yes,4.82,8.02,Yes
7212,B787,9.93,7.55,5.38,No,Snow,Yes,7.89,7.74,No
7213,A350,0.14,7.45,3.54,No,Rain,Yes,4.35,9.21,No
7214,A320,5.65,6.09,0.5,Yes,Clear,Yes,3.86,8.22,No
7215,B737,4.28,7.54,7.48,No,Clear,No,3.89,3.75,No
7216,A380,7.57,3.26,3.13,Yes,Thunderstorm,No,0.13,4.53,No
7217,A350,7.57,9.83,1.95,Yes,Clear,No,5.8,1.32,No
7218,A320,7.22,8.67,2.37,No,Thunderstorm,No,9.31,8.16,Yes
7219,A380,9.56,4.21,0.37,Yes,Clear,No,8.65,8.44,No
7220,A320,4.52,7.32,6.35,No,Fog,Yes,7.55,8.71,No
7221,A320,0.68,1.62,8.12,No,Snow,Yes,2.63,0.33,Yes
7222,A320,2.58,1.82,3.25,Yes,Clear,Yes,0.99,7.46,No
7223,A350,7.8,2.13,3.06,Yes,Thunderstorm,Yes,1.56,2.04,Yes
7224,B737,6.25,0.53,5.66,No,Thunderstorm,Yes,5.28,8.61,Yes
7225,B787,8.61,0.42,8.24,No,Clear,Yes,9.71,6.87,Yes
7226,A350,5.72,0.23,8.73,No,Fog,No,2.34,5.2,No
7227,A350,1.99,6.63,2.78,No,Clear,Yes,9.9,3.0,No
7228,B787,4.21,9.77,3.0,No,Rain,Yes,7.06,7.49,Yes
7229,B787,0.62,4.65,9.19,Yes,Snow,Yes,1.99,7.12,No
7230,A320,1.66,9.83,5.76,No,Snow,No,9.84,9.23,No
7231,B737,6.27,8.23,5.86,No,Snow,No,8.35,0.3,No
7232,A320,4.23,8.34,9.99,No,Snow,No,3.16,9.4,Yes
7233,B737,2.27,4.92,8.09,Yes,Clear,Yes,2.38,6.19,Yes
7234,A380,7.8,6.09,8.42,Yes,Snow,Yes,3.94,8.76,No
7235,A380,4.34,3.17,5.2,No,Snow,No,4.44,2.31,Yes
7236,A350,3.48,1.23,0.44,Yes,Thunderstorm,No,6.61,5.25,Yes
7237,A380,2.0,2.63,8.04,Yes,Rain,No,5.91,8.09,Yes
7238,A350,7.03,3.68,6.33,No,Rain,No,5.06,1.11,Yes
7239,A380,6.28,1.64,2.0,Yes,Rain,Yes,4.23,1.16,No
7240,A320,4.48,1.44,2.49,No,Snow,No,9.92,0.75,Yes
7241,A350,4.29,1.53,1.73,No,Snow,No,7.53,3.98,No
7242,B787,2.58,6.58,3.29,Yes,Rain,Yes,3.89,9.7,No
7243,A380,9.22,9.46,4.25,Yes,Fog,No,4.73,7.83,Yes
7244,A350,5.04,7.99,2.3,No,Rain,Yes,0.41,1.48,Yes
7245,A320,3.61,3.9,4.73,No,Rain,No,6.34,3.88,No
7246,A320,4.27,3.82,9.6,No,Clear,Yes,7.87,9.14,Yes
7247,B737,9.33,0.08,8.78,Yes,Clear,Yes,3.56,9.32,Yes
7248,A320,9.03,6.7,1.6,Yes,Clear,No,0.97,5.07,No
7249,B787,0.55,6.52,4.69,Yes,Snow,No,5.38,7.3,Yes
7250,A380,5.02,5.58,8.92,No,Thunderstorm,Yes,6.56,9.53,No
7251,B787,2.71,5.81,6.43,Yes,Thunderstorm,Yes,1.73,7.01,Yes
7252,A380,2.31,3.12,5.61,No,Snow,No,7.76,7.15,Yes
7253,A380,4.79,7.71,7.67,Yes,Clear,Yes,7.69,3.0,No
7254,A320,1.13,3.61,3.94,No,Clear,Yes,7.26,9.86,Yes
7255,A350,7.8,3.67,3.59,Yes,Thunderstorm,No,4.51,2.46,No
7256,A350,3.11,0.42,7.4,Yes,Snow,Yes,1.89,9.4,No
7257,A380,1.47,9.19,0.08,Yes,Snow,Yes,4.21,7.19,Yes
7258,B737,8.15,4.27,0.33,No,Snow,Yes,3.5,3.81,No
7259,A380,6.32,8.39,3.59,Yes,Fog,Yes,0.12,9.43,Yes
7260,B787,0.86,2.37,8.89,Yes,Thunderstorm,No,3.95,9.04,Yes
7261,A380,7.95,5.39,2.4,Yes,Snow,Yes,5.28,4.67,Yes
7262,A350,4.31,4.0,9.23,No,Rain,Yes,4.74,6.32,No
7263,A350,6.22,8.79,6.74,Yes,Clear,Yes,9.33,2.07,No
7264,A380,5.59,1.62,9.59,No,Thunderstorm,No,1.84,3.27,Yes
7265,B787,0.57,5.66,4.12,Yes,Clear,Yes,2.17,4.52,No
7266,A380,8.45,1.31,5.76,No,Thunderstorm,Yes,2.54,9.73,No
7267,B737,0.8,4.6,5.94,No,Rain,Yes,5.91,4.45,Yes
7268,A320,5.74,0.83,1.29,Yes,Clear,No,0.8,5.28,Yes
7269,A320,4.5,4.88,0.41,No,Fog,No,7.4,4.68,Yes
7270,B737,0.95,9.66,2.56,Yes,Fog,No,7.01,9.57,Yes
7271,A380,4.77,7.36,1.95,Yes,Snow,Yes,5.29,2.99,No
7272,B787,1.9,4.58,2.74,No,Thunderstorm,No,9.72,1.62,Yes
7273,A350,2.87,2.82,8.2,No,Rain,Yes,8.87,4.18,Yes
7274,A320,3.43,8.65,2.24,No,Fog,Yes,2.63,4.44,Yes
7275,B787,8.55,0.67,0.96,Yes,Snow,Yes,2.64,6.1,Yes
7276,A320,6.49,2.23,4.02,Yes,Fog,No,2.31,6.71,No
7277,A320,8.35,9.91,4.85,Yes,Snow,Yes,7.5,7.02,Yes
7278,A380,6.03,0.01,7.53,Yes,Fog,Yes,7.27,9.49,No
7279,B737,9.14,1.12,7.74,Yes,Snow,No,9.45,4.43,Yes
7280,B737,0.17,1.25,7.08,Yes,Thunderstorm,No,6.03,5.24,Yes
7281,B737,9.6,2.93,3.73,No,Rain,Yes,6.49,7.59,Yes
7282,A320,8.3,7.09,7.23,Yes,Rain,Yes,7.96,3.32,Yes
7283,B787,7.04,9.15,8.04,Yes,Clear,Yes,1.07,8.68,No
7284,B787,3.33,5.67,4.98,Yes,Thunderstorm,Yes,1.5,4.27,No
7285,A380,1.66,3.63,9.96,No,Clear,No,8.41,2.4,Yes
7286,B787,5.18,1.4,4.43,Yes,Rain,Yes,8.09,7.39,Yes
7287,B787,9.37,6.76,7.64,No,Rain,Yes,4.05,7.08,No
7288,A320,6.56,1.14,3.52,Yes,Fog,No,6.84,1.67,Yes
7289,B737,0.69,9.57,6.07,No,Snow,Yes,8.11,9.02,No
7290,A350,6.57,1.95,6.27,Yes,Rain,No,2.92,1.56,No
7291,A350,9.47,7.71,9.08,Yes,Fog,Yes,5.14,3.74,No
7292,B787,0.77,8.18,9.41,Yes,Fog,Yes,6.1,5.74,Yes
7293,A320,1.28,7.04,1.7,No,Snow,Yes,3.25,4.63,No
7294,A380,6.31,0.14,1.9,No,Clear,Yes,6.54,8.37,No
7295,A350,3.63,7.69,8.89,Yes,Snow,No,9.94,8.1,Yes
7296,A320,6.19,7.11,4.18,No,Clear,Yes,5.63,0.73,Yes
7297,A380,4.69,3.54,6.55,Yes,Rain,Yes,4.95,6.26,No
7298,B787,2.44,4.29,9.24,No,Clear,No,0.87,9.67,No
7299,A350,8.97,8.07,8.97,Yes,Rain,No,2.38,3.76,Yes
7300,A380,7.88,8.79,0.79,Yes,Fog,No,1.34,6.46,No
7301,B737,2.26,4.16,3.32,Yes,Clear,Yes,3.14,3.91,No
7302,A350,4.26,7.01,1.08,No,Clear,Yes,6.11,4.11,No
7303,A320,7.89,1.04,0.66,No,Rain,Yes,5.46,3.9,No
7304,A380,8.75,6.81,2.5,Yes,Snow,Yes,6.59,1.6,No
7305,B737,2.93,1.03,6.97,No,Snow,No,1.59,1.63,No
7306,A380,4.02,9.63,0.62,No,Clear,Yes,7.22,0.37,Yes
7307,B737,6.73,7.77,8.89,No,Thunderstorm,No,1.26,6.25,No
7308,A350,0.72,1.19,4.78,Yes,Fog,No,2.14,1.84,Yes
7309,A320,7.77,9.75,3.72,Yes,Clear,Yes,1.04,3.73,Yes
7310,A380,0.25,3.26,5.45,No,Snow,Yes,2.4,8.59,No
7311,A380,6.83,8.45,0.25,No,Clear,Yes,5.27,4.74,Yes
7312,A320,8.84,4.09,2.74,Yes,Clear,No,7.13,2.28,Yes
7313,A320,1.08,6.81,5.53,Yes,Rain,No,6.27,3.82,Yes
7314,A350,7.45,6.17,8.42,Yes,Thunderstorm,Yes,5.75,2.05,Yes
7315,A320,7.05,8.75,4.39,No,Clear,No,0.62,2.48,No
7316,B787,8.76,6.02,4.75,No,Snow,Yes,3.05,1.13,Yes
7317,B787,6.35,2.71,3.66,No,Fog,Yes,6.72,8.86,Yes
7318,A350,8.97,2.54,3.05,Yes,Rain,Yes,3.33,9.42,Yes
7319,B737,0.02,7.74,4.11,No,Clear,No,5.35,3.04,No
7320,A320,6.97,0.95,8.05,No,Snow,No,9.31,3.29,Yes
7321,B787,1.45,1.81,8.45,No,Fog,Yes,7.01,7.9,Yes
7322,A380,3.03,8.53,6.07,Yes,Rain,No,3.38,4.41,Yes
7323,B737,1.31,3.52,2.2,Yes,Thunderstorm,Yes,3.04,8.57,No
7324,A320,1.51,1.3,8.81,No,Rain,No,1.33,7.9,Yes
7325,A320,8.85,3.88,1.01,No,Rain,Yes,2.69,4.82,Yes
7326,B787,6.29,8.14,2.37,No,Thunderstorm,No,0.74,5.3,Yes
7327,B787,8.4,6.58,6.96,No,Fog,Yes,9.12,5.93,No
7328,A380,1.03,0.04,3.5,No,Snow,Yes,1.4,1.77,No
7329,A380,7.42,2.41,6.9,No,Rain,Yes,2.84,4.24,Yes
7330,A320,9.73,1.62,1.32,Yes,Clear,Yes,2.92,4.24,No
7331,A380,3.42,1.46,8.9,No,Rain,No,6.02,5.68,Yes
7332,B787,5.26,7.22,4.0,No,Clear,Yes,1.26,3.83,No
7333,A350,6.23,9.99,3.13,No,Fog,No,1.5,4.38,Yes
7334,B737,9.58,9.86,7.46,Yes,Rain,Yes,7.06,4.74,Yes
7335,B737,2.62,6.59,4.81,No,Snow,No,4.4,9.52,Yes
7336,B737,0.09,2.89,1.3,Yes,Snow,No,5.58,8.68,No
7337,A380,9.45,7.49,2.06,Yes,Fog,No,7.22,3.3,No
7338,A320,9.08,3.03,5.98,No,Rain,Yes,0.82,7.51,Yes
7339,A380,4.42,9.96,2.41,No,Fog,No,5.07,7.7,No
7340,A350,8.69,4.37,6.59,No,Fog,No,2.37,2.1,Yes
7341,B787,7.92,2.07,2.01,No,Snow,No,2.88,0.69,No
7342,A350,7.92,9.39,0.84,No,Clear,Yes,3.01,8.29,No
7343,A350,5.16,7.08,7.31,Yes,Clear,Yes,5.99,0.82,No
7344,B737,5.54,9.97,1.37,No,Rain,Yes,8.39,1.03,Yes
7345,B787,3.09,1.54,1.01,No,Thunderstorm,Yes,3.92,9.01,Yes
7346,A350,2.27,7.41,4.05,Yes,Rain,No,2.31,6.14,No
7347,A350,3.31,0.57,6.25,No,Clear,No,5.83,0.93,No
7348,B737,2.59,9.96,2.71,Yes,Fog,Yes,1.35,6.93,No
7349,B787,8.37,4.25,7.48,No,Rain,No,1.09,5.3,Yes
7350,A350,3.05,0.09,8.99,Yes,Fog,No,6.98,1.28,No
7351,A320,8.71,1.92,5.15,No,Snow,No,8.18,3.91,No
7352,A320,4.84,8.28,6.67,No,Fog,No,5.38,5.4,Yes
7353,A380,0.44,4.34,9.38,No,Clear,Yes,5.7,8.73,Yes
7354,A320,1.77,6.14,3.55,No,Thunderstorm,No,1.29,0.12,Yes
7355,A380,0.78,2.77,0.51,No,Clear,Yes,9.53,2.21,Yes
7356,A320,8.72,5.6,3.44,No,Rain,No,6.62,5.6,Yes
7357,B787,2.91,6.1,5.84,No,Fog,Yes,1.06,7.32,Yes
7358,A380,9.14,0.51,1.39,Yes,Clear,No,9.66,8.6,No
7359,A380,2.02,2.16,7.49,Yes,Rain,No,8.12,2.34,No
7360,A350,2.66,3.73,1.65,No,Clear,No,8.5,7.85,Yes
7361,B737,2.94,5.15,2.82,Yes,Clear,No,6.07,8.0,No
7362,B787,0.32,6.26,4.61,No,Rain,Yes,5.5,3.55,Yes
7363,B787,8.3,2.29,3.31,Yes,Fog,Yes,8.77,4.41,No
7364,A350,6.42,2.56,8.82,Yes,Rain,No,0.78,2.05,No
7365,A380,6.09,8.2,2.11,Yes,Fog,Yes,4.9,4.74,Yes
7366,B787,9.59,8.5,6.73,Yes,Fog,Yes,9.03,0.66,No
7367,A380,3.34,4.27,8.27,Yes,Snow,No,5.5,8.63,No
7368,A380,6.4,3.74,0.37,Yes,Clear,Yes,6.09,9.38,No
7369,B737,3.38,6.77,5.18,Yes,Thunderstorm,No,0.48,6.42,Yes
7370,B737,4.11,5.43,1.31,Yes,Fog,Yes,8.58,2.44,No
7371,A350,7.93,5.33,8.15,Yes,Fog,Yes,9.78,7.39,No
7372,A380,6.74,3.7,6.75,No,Rain,No,0.22,3.45,No
7373,A320,7.91,0.37,4.07,Yes,Fog,No,3.1,9.89,No
7374,A320,5.85,6.26,4.13,No,Rain,No,2.56,6.81,No
7375,B737,8.41,6.58,7.05,Yes,Fog,Yes,2.88,1.42,Yes
7376,B787,9.17,1.45,7.53,No,Thunderstorm,No,7.66,7.09,No
7377,A380,0.88,1.58,0.14,No,Rain,Yes,6.98,1.56,Yes
7378,B787,2.47,3.58,6.87,Yes,Snow,Yes,4.74,7.08,Yes
7379,A350,4.27,2.9,2.6,No,Rain,No,4.76,8.31,Yes
7380,B787,8.87,5.71,5.6,Yes,Fog,No,7.73,2.94,Yes
7381,A350,2.68,4.38,3.08,Yes,Snow,Yes,0.06,1.42,Yes
7382,B737,8.93,0.32,1.16,No,Clear,Yes,2.05,4.27,No
7383,A350,6.08,6.24,6.42,Yes,Thunderstorm,No,1.99,1.26,No
7384,A350,1.96,6.46,8.97,Yes,Snow,Yes,3.24,4.8,Yes
7385,A350,8.01,4.46,4.1,Yes,Rain,No,4.49,5.06,Yes
7386,B737,5.8,1.91,4.43,Yes,Rain,Yes,5.05,7.37,No
7387,B737,5.58,3.89,6.73,No,Fog,No,1.83,9.43,Yes
7388,A380,5.89,8.62,2.37,No,Fog,Yes,2.23,0.72,Yes
7389,B737,7.18,3.65,1.03,Yes,Clear,No,4.11,6.68,No
7390,B737,4.23,4.46,3.62,Yes,Snow,No,0.4,5.63,No
7391,A380,7.03,0.22,0.66,No,Fog,Yes,0.58,9.29,Yes
7392,A380,2.77,4.17,6.18,Yes,Rain,Yes,7.18,4.58,No
7393,A350,8.61,9.39,2.92,No,Fog,Yes,8.59,0.07,Yes
7394,B737,5.33,5.14,7.88,Yes,Rain,No,9.16,7.31,No
7395,B737,4.74,7.72,5.02,No,Snow,No,8.98,9.63,No
7396,B787,5.09,4.24,6.04,Yes,Rain,No,9.01,7.79,No
7397,A380,6.04,3.55,3.27,Yes,Clear,No,2.81,7.49,No
7398,A380,6.16,5.41,8.25,No,Snow,Yes,7.11,8.23,Yes
7399,B737,1.28,6.86,2.56,No,Fog,No,3.17,7.38,No
7400,A350,8.73,9.19,9.95,No,Thunderstorm,No,6.38,5.81,No
7401,A380,1.61,9.53,9.95,No,Snow,Yes,4.8,7.19,No
7402,A350,2.4,9.76,4.73,Yes,Snow,Yes,2.86,8.44,No
7403,B787,8.97,3.9,5.79,Yes,Thunderstorm,No,9.41,5.22,No
7404,A350,6.49,2.11,5.42,Yes,Clear,Yes,0.28,2.5,No
7405,B737,5.01,6.88,1.02,No,Fog,Yes,4.66,5.63,Yes
7406,B737,7.48,5.04,4.47,Yes,Thunderstorm,No,9.63,8.83,Yes
7407,A320,9.36,6.34,2.47,Yes,Fog,No,6.31,8.78,Yes
7408,A350,6.09,5.44,3.28,Yes,Snow,Yes,6.0,9.08,Yes
7409,A320,7.9,7.44,0.3,No,Fog,No,8.33,2.56,No
7410,A350,9.03,4.04,6.62,No,Clear,Yes,6.33,8.72,No
7411,B787,4.23,6.72,0.45,Yes,Snow,Yes,7.42,8.91,Yes
7412,A380,6.12,9.54,2.91,No,Thunderstorm,Yes,2.13,0.71,Yes
7413,A350,2.39,3.02,9.97,No,Thunderstorm,Yes,5.61,5.11,No
7414,A380,4.92,9.47,2.89,Yes,Thunderstorm,Yes,7.19,1.99,No
7415,A320,0.57,0.19,3.01,No,Clear,Yes,3.5,7.38,No
7416,A320,4.86,4.79,2.78,Yes,Thunderstorm,No,8.7,2.92,Yes
7417,A320,6.45,5.49,5.1,No,Rain,Yes,0.18,1.76,No
7418,B787,4.55,6.23,5.86,No,Snow,No,2.87,9.59,No
7419,A350,3.59,1.69,9.25,No,Rain,Yes,4.14,5.9,Yes
7420,B737,4.79,6.02,4.78,Yes,Clear,No,1.13,7.38,No
7421,B737,8.82,0.49,8.77,Yes,Clear,Yes,6.27,1.63,Yes
7422,A350,0.6,8.27,1.43,Yes,Rain,Yes,7.9,7.45,No
7423,A350,3.16,1.73,2.39,No,Rain,Yes,2.4,7.59,Yes
7424,B787,5.41,1.24,5.44,No,Fog,Yes,7.61,1.76,Yes
7425,A380,3.47,6.31,1.77,No,Clear,No,2.19,6.18,Yes
7426,A350,1.09,5.29,6.18,No,Rain,No,6.06,2.05,Yes
7427,A320,0.16,6.77,4.56,Yes,Snow,No,6.45,6.89,Yes
7428,B787,3.81,0.17,5.43,No,Rain,Yes,9.63,1.71,No
7429,A320,9.51,5.01,3.99,Yes,Clear,No,0.27,9.43,Yes
7430,A380,1.1,7.55,7.08,No,Thunderstorm,Yes,9.47,5.52,Yes
7431,B737,8.33,2.33,2.49,No,Fog,No,3.27,3.21,Yes
7432,A320,8.49,1.96,5.55,No,Fog,No,4.54,0.28,Yes
7433,B737,6.96,9.95,0.11,No,Clear,Yes,6.4,1.08,No
7434,A320,3.54,9.13,1.65,Yes,Thunderstorm,No,4.93,3.22,Yes
7435,B787,2.52,6.3,5.21,Yes,Rain,No,0.1,4.77,No
7436,A350,7.58,6.84,2.86,No,Rain,Yes,5.05,7.8,No
7437,A380,5.8,8.82,8.92,Yes,Rain,Yes,5.83,5.8,Yes
7438,B737,2.57,9.9,2.32,No,Clear,No,9.72,4.63,No
7439,A350,1.52,9.66,9.0,Yes,Fog,Yes,1.15,0.61,No
7440,A320,8.71,4.5,1.96,No,Rain,Yes,3.93,8.65,No
7441,A320,0.57,7.6,1.93,No,Clear,Yes,1.96,1.2,Yes
7442,A380,8.62,1.98,2.02,Yes,Snow,Yes,8.85,6.27,No
7443,B737,1.57,9.05,5.49,Yes,Fog,No,5.22,4.43,Yes
7444,A350,3.4,8.24,4.13,Yes,Fog,No,6.79,0.96,No
7445,B737,2.43,1.08,3.7,No,Snow,Yes,0.9,1.61,Yes
7446,A350,9.49,6.8,8.42,Yes,Snow,No,0.09,7.35,No
7447,B787,8.89,3.17,8.77,Yes,Thunderstorm,No,0.55,0.11,Yes
7448,B787,3.54,2.02,4.95,Yes,Rain,No,3.04,1.9,No
7449,A380,8.1,5.5,4.89,Yes,Snow,No,6.35,1.37,Yes
7450,B787,5.47,0.08,7.32,Yes,Fog,No,1.09,1.85,No
7451,B787,8.0,0.38,7.03,No,Rain,Yes,3.34,2.51,Yes
7452,B787,9.56,0.29,3.24,Yes,Fog,Yes,5.73,1.68,Yes
7453,B787,6.19,1.22,1.0,No,Clear,Yes,7.61,5.02,Yes
7454,A350,3.6,7.04,0.36,Yes,Clear,Yes,2.55,0.12,No
7455,A320,1.45,1.44,3.7,Yes,Thunderstorm,No,2.38,9.25,Yes
7456,A350,1.05,7.8,9.15,No,Fog,No,6.23,2.13,Yes
7457,A350,9.95,3.84,1.73,Yes,Thunderstorm,Yes,5.94,1.1,No
7458,A380,2.12,7.33,3.85,Yes,Fog,Yes,8.11,5.52,Yes
7459,A350,2.34,5.54,1.54,Yes,Clear,Yes,1.34,9.03,Yes
7460,A380,8.67,0.61,8.16,No,Clear,Yes,1.26,3.97,Yes
7461,A320,2.28,5.17,2.51,Yes,Rain,No,8.76,1.51,No
7462,B737,1.09,4.78,3.52,No,Snow,No,2.11,7.26,No
7463,A380,6.21,9.39,7.65,Yes,Thunderstorm,No,8.78,9.89,No
7464,A380,3.55,0.33,0.44,Yes,Rain,Yes,7.82,4.62,No
7465,A350,0.19,5.15,9.38,No,Rain,No,5.93,9.47,Yes
7466,B737,7.22,6.1,2.8,Yes,Thunderstorm,No,4.96,3.43,No
7467,A380,1.8,8.69,7.03,No,Thunderstorm,Yes,6.83,6.97,Yes
7468,B787,4.26,3.5,3.22,No,Clear,No,7.92,4.94,No
7469,A380,0.18,8.39,1.49,Yes,Thunderstorm,Yes,9.51,8.02,No
7470,A320,8.14,2.52,3.09,No,Rain,No,4.88,6.49,No
7471,A350,4.62,1.3,5.36,Yes,Rain,No,1.27,5.57,No
7472,A350,9.0,4.13,5.14,Yes,Clear,No,4.07,6.06,Yes
7473,B787,1.87,0.8,2.84,Yes,Rain,No,9.61,7.08,Yes
7474,B787,4.92,0.42,8.07,No,Clear,No,8.06,2.46,No
7475,A380,1.77,8.94,0.94,Yes,Rain,Yes,8.42,3.66,Yes
7476,A380,3.72,7.2,0.91,Yes,Snow,Yes,7.94,4.4,Yes
7477,B737,9.4,9.84,7.51,Yes,Thunderstorm,No,3.12,9.33,Yes
7478,A380,2.16,0.52,0.45,No,Thunderstorm,Yes,3.67,8.45,Yes
7479,B737,6.49,7.35,3.52,No,Thunderstorm,No,6.11,5.52,Yes
7480,A320,1.55,6.69,0.45,No,Clear,Yes,8.3,1.84,No
7481,B787,7.02,6.38,3.43,Yes,Thunderstorm,No,1.02,1.78,Yes
7482,A380,1.72,3.63,0.18,Yes,Clear,Yes,8.82,9.22,Yes
7483,A350,6.39,2.14,9.24,No,Snow,No,2.52,2.22,Yes
7484,B787,3.43,7.8,8.38,Yes,Snow,Yes,9.09,8.41,No
7485,A380,4.58,1.67,9.73,Yes,Clear,Yes,2.08,6.68,Yes
7486,B787,3.49,2.4,9.89,No,Clear,No,9.71,0.52,Yes
7487,A380,5.8,3.53,7.52,Yes,Fog,No,9.83,2.4,Yes
7488,B787,9.4,6.49,0.22,No,Fog,Yes,1.2,5.56,Yes
7489,A350,3.7,3.65,2.41,No,Rain,No,6.98,2.32,No
7490,B787,5.55,7.85,6.03,Yes,Snow,No,0.25,6.08,No
7491,A320,8.7,8.66,5.53,Yes,Snow,Yes,1.51,8.74,Yes
7492,B737,7.51,8.15,5.9,No,Clear,Yes,8.58,3.48,Yes
7493,B737,3.9,9.96,7.4,No,Snow,No,8.85,9.11,No
7494,B787,0.57,1.38,0.35,Yes,Clear,No,1.89,2.23,Yes
7495,B787,9.33,0.05,8.17,No,Thunderstorm,Yes,6.59,5.66,Yes
7496,A320,8.4,1.91,1.94,No,Clear,Yes,2.49,1.46,No
7497,B737,8.2,0.78,2.98,No,Thunderstorm,No,8.55,5.08,No
7498,A380,8.18,8.53,3.78,Yes,Fog,No,5.48,3.3,No
7499,A320,4.15,2.23,0.46,No,Fog,Yes,3.0,8.56,Yes
7500,B737,9.1,4.02,3.47,Yes,Clear,Yes,2.63,5.62,No
7501,A350,9.5,3.87,5.12,No,Clear,No,6.19,6.18,Yes
7502,A320,4.98,6.82,6.2,No,Rain,No,7.73,1.88,Yes
7503,B787,4.93,7.47,4.92,Yes,Clear,No,9.85,1.38,No
7504,B787,1.86,6.29,1.65,Yes,Fog,Yes,1.6,2.46,Yes
7505,B737,8.53,3.83,9.43,No,Fog,Yes,0.25,4.8,Yes
7506,B787,5.15,9.72,4.53,No,Rain,Yes,0.69,7.14,Yes
7507,A380,5.03,5.01,9.93,Yes,Thunderstorm,No,6.84,4.46,No
7508,A380,6.45,2.27,9.71,No,Thunderstorm,No,7.34,0.47,Yes
7509,B787,1.36,9.04,8.95,No,Rain,Yes,7.83,0.21,No
7510,B787,1.61,5.69,8.83,Yes,Clear,No,9.33,8.45,Yes
7511,A350,2.78,3.31,2.78,Yes,Rain,No,7.51,0.86,Yes
7512,A380,2.46,8.51,3.22,Yes,Clear,No,6.95,8.58,No
7513,B737,9.39,8.88,3.47,Yes,Rain,Yes,6.37,3.94,Yes
7514,B737,2.44,9.82,5.43,Yes,Clear,No,3.91,8.89,No
7515,A320,1.64,4.04,3.2,No,Thunderstorm,Yes,4.68,4.99,Yes
7516,B787,3.06,5.71,5.84,No,Thunderstorm,Yes,9.46,4.09,No
7517,B737,3.42,0.52,7.8,Yes,Clear,Yes,1.4,3.46,Yes
7518,A380,4.58,5.76,1.01,No,Rain,Yes,3.52,5.73,Yes
7519,A320,1.23,3.78,2.0,No,Snow,Yes,1.63,6.46,Yes
7520,B737,0.53,9.75,1.83,Yes,Snow,No,5.59,1.62,No
7521,B787,7.35,6.23,9.05,No,Snow,Yes,6.45,2.37,No
7522,A380,4.65,4.1,5.86,No,Snow,Yes,4.96,3.04,Yes
7523,A380,7.7,5.37,6.99,No,Fog,No,1.84,8.45,No
7524,B787,8.11,8.37,5.71,No,Clear,Yes,8.17,0.3,Yes
7525,B787,3.86,5.62,0.31,Yes,Thunderstorm,Yes,7.67,9.87,No
7526,A380,5.36,4.32,1.24,No,Thunderstorm,Yes,7.24,2.2,Yes
7527,B737,5.86,9.13,3.69,No,Snow,Yes,4.18,3.49,Yes
7528,B737,1.62,8.17,4.48,No,Thunderstorm,Yes,4.97,1.84,Yes
7529,A320,5.84,2.15,2.67,No,Fog,No,0.95,9.09,No
7530,B787,0.24,5.16,2.95,Yes,Snow,Yes,0.38,4.93,Yes
7531,A380,8.67,8.69,0.63,No,Rain,Yes,5.98,7.54,Yes
7532,A320,7.51,0.68,1.08,No,Thunderstorm,No,5.6,5.27,Yes
7533,A380,2.67,8.35,0.14,No,Fog,Yes,6.36,8.29,Yes
7534,A380,2.17,4.12,4.53,No,Fog,No,9.57,5.24,No
7535,A380,1.75,1.42,8.46,No,Snow,Yes,3.2,8.6,Yes
7536,B787,7.06,7.25,5.03,Yes,Snow,No,4.32,8.08,No
7537,A320,0.01,4.6,3.28,No,Thunderstorm,Yes,3.47,7.78,No
7538,A380,6.59,4.92,2.35,No,Fog,No,2.04,0.19,Yes
7539,B787,1.38,2.72,5.0,Yes,Clear,No,3.75,0.13,Yes
7540,B737,0.86,3.23,1.05,Yes,Rain,No,8.1,8.36,Yes
7541,B737,2.57,8.61,1.17,No,Snow,No,0.96,5.55,No
7542,A380,8.39,8.62,7.87,Yes,Clear,Yes,9.06,2.69,Yes
7543,A320,5.64,3.16,5.94,Yes,Thunderstorm,No,3.34,5.1,No
7544,A320,7.28,7.71,3.77,Yes,Rain,Yes,7.76,7.95,No
7545,B737,1.3,7.45,8.9,Yes,Thunderstorm,Yes,5.78,0.62,No
7546,B787,1.73,1.12,1.11,No,Rain,No,4.12,9.47,Yes
7547,A380,0.7,3.24,5.55,Yes,Clear,No,1.54,0.84,No
7548,A350,5.61,6.9,2.35,Yes,Fog,No,6.45,6.39,No
7549,B737,8.75,0.18,2.51,Yes,Clear,Yes,5.46,3.58,Yes
7550,A320,6.27,5.39,7.95,No,Rain,Yes,5.89,0.08,Yes
7551,A320,3.19,8.79,7.17,Yes,Clear,Yes,3.42,1.76,No
7552,A380,9.15,3.36,6.32,No,Rain,No,0.1,4.45,No
7553,A380,8.03,1.47,8.62,No,Snow,Yes,0.97,7.91,Yes
7554,B737,4.41,3.14,3.87,Yes,Thunderstorm,Yes,8.61,8.46,No
7555,A350,5.01,8.45,8.72,Yes,Snow,Yes,1.74,7.43,No
7556,A380,8.49,9.68,4.46,No,Rain,No,9.86,1.74,No
7557,A350,1.92,7.21,1.43,No,Fog,No,1.85,6.12,Yes
7558,A350,5.27,4.3,0.63,No,Clear,No,3.86,2.49,No
7559,A350,1.53,4.38,0.18,Yes,Clear,No,2.19,7.37,No
7560,A350,1.23,5.25,8.34,Yes,Thunderstorm,No,4.51,3.25,No
7561,B737,4.26,2.31,1.31,Yes,Thunderstorm,No,5.55,8.32,No
7562,A380,1.45,0.71,0.46,No,Fog,Yes,6.44,6.87,Yes
7563,B787,2.07,5.6,6.56,Yes,Snow,Yes,4.1,5.95,No
7564,B737,2.43,3.25,7.95,No,Rain,No,7.95,0.61,Yes
7565,A320,8.86,8.15,8.84,Yes,Snow,No,8.55,5.83,No
7566,A380,4.06,6.19,3.02,Yes,Rain,Yes,3.58,2.52,No
7567,A320,0.62,3.36,1.32,No,Clear,Yes,2.04,9.16,Yes
7568,B737,1.2,1.99,4.92,No,Snow,No,3.6,4.27,Yes
7569,A320,4.35,4.16,1.62,Yes,Clear,Yes,2.59,2.83,Yes
7570,B737,10.0,8.48,5.41,No,Snow,Yes,6.95,6.75,No
7571,B787,6.68,6.35,1.16,No,Thunderstorm,Yes,8.0,7.41,No
7572,B737,9.8,7.41,2.78,Yes,Thunderstorm,Yes,5.2,8.47,Yes
7573,B787,1.38,10.0,8.54,No,Thunderstorm,Yes,2.5,1.76,No
7574,B787,0.98,0.92,6.64,No,Thunderstorm,No,6.11,3.21,Yes
7575,A380,0.22,3.08,1.52,No,Clear,No,2.65,5.19,Yes
7576,A320,6.38,0.97,6.69,Yes,Clear,Yes,0.71,4.94,No
7577,B787,4.29,9.51,0.03,Yes,Thunderstorm,No,0.75,7.04,No
7578,A350,4.24,7.28,2.08,Yes,Fog,No,1.9,8.02,No
7579,A380,0.07,3.46,6.97,Yes,Fog,No,4.63,1.54,No
7580,A320,8.82,9.89,3.42,No,Snow,Yes,8.93,9.17,Yes
7581,A320,6.44,0.01,7.35,No,Thunderstorm,Yes,7.68,9.97,Yes
7582,B787,0.17,3.46,4.79,No,Clear,Yes,6.92,7.19,Yes
7583,B787,2.31,5.65,9.27,Yes,Fog,Yes,6.09,9.36,Yes
7584,A350,4.51,0.1,3.28,Yes,Snow,Yes,1.64,7.23,No
7585,A380,2.13,9.47,9.53,No,Snow,No,4.41,6.4,No
7586,A320,7.8,8.4,6.54,Yes,Snow,No,5.57,4.3,Yes
7587,A350,1.15,6.88,4.18,Yes,Fog,No,2.54,5.38,No
7588,A320,3.12,6.16,1.2,Yes,Rain,No,4.11,9.82,No
7589,A320,3.55,9.2,2.41,No,Thunderstorm,Yes,9.43,2.78,No
7590,B787,9.1,0.97,5.65,No,Rain,Yes,1.03,5.55,No
7591,B787,6.92,4.4,6.83,Yes,Thunderstorm,No,6.06,0.74,No
7592,A320,3.28,1.56,5.23,No,Snow,No,8.87,2.95,Yes
7593,B787,7.12,2.36,4.44,No,Thunderstorm,Yes,4.57,4.59,No
7594,A350,8.34,1.17,9.02,Yes,Clear,No,5.95,3.63,No
7595,B787,5.73,1.26,1.07,Yes,Thunderstorm,Yes,7.88,6.34,Yes
7596,B737,1.87,9.36,5.86,No,Thunderstorm,No,6.91,0.78,Yes
7597,A350,3.38,3.29,6.1,No,Snow,No,6.53,1.81,No
7598,A380,4.81,8.11,7.32,No,Thunderstorm,No,8.58,0.95,Yes
7599,A350,9.22,3.2,0.58,Yes,Clear,Yes,5.82,8.93,Yes
7600,A350,8.05,5.29,0.61,No,Rain,No,5.15,4.13,No
7601,B787,5.03,4.4,8.77,No,Fog,No,4.08,3.98,No
7602,A380,8.54,5.51,1.67,Yes,Snow,Yes,4.55,7.55,No
7603,A320,5.9,4.2,9.66,No,Thunderstorm,Yes,6.57,0.46,No
7604,A320,3.92,2.06,0.86,No,Thunderstorm,Yes,3.59,8.36,No
7605,B737,6.09,8.86,9.22,Yes,Rain,Yes,4.6,1.77,No
7606,A350,1.99,1.56,0.75,No,Snow,No,5.34,9.19,No
7607,B787,7.1,6.44,1.47,Yes,Rain,Yes,6.99,1.07,No
7608,A320,0.33,1.6,9.68,Yes,Snow,Yes,2.28,4.8,No
7609,A350,5.24,7.26,6.42,No,Rain,Yes,8.4,0.69,No
7610,A350,8.17,3.79,2.54,No,Clear,Yes,1.8,1.95,Yes
7611,A380,9.07,1.46,2.19,Yes,Clear,Yes,6.73,2.56,No
7612,A380,2.46,8.16,5.54,No,Rain,Yes,9.89,8.39,No
7613,A320,4.16,4.27,3.08,Yes,Clear,No,2.52,6.79,Yes
7614,A320,7.14,2.68,8.45,No,Snow,Yes,7.07,4.85,Yes
7615,A350,8.37,3.23,7.84,No,Clear,No,9.95,6.62,Yes
7616,A320,0.68,4.5,4.03,Yes,Rain,Yes,6.56,9.79,No
7617,B737,6.28,2.22,0.75,No,Clear,Yes,9.39,1.17,No
7618,A350,8.53,4.0,6.11,Yes,Thunderstorm,No,7.17,7.85,Yes
7619,A380,4.23,6.48,9.01,No,Rain,Yes,0.47,1.0,Yes
7620,A350,1.16,3.35,3.8,Yes,Fog,No,4.64,1.62,Yes
7621,B737,5.33,7.17,3.9,No,Thunderstorm,Yes,6.44,1.71,No
7622,A350,6.6,7.53,6.92,No,Snow,No,3.84,6.55,Yes
7623,A320,2.16,6.3,7.72,Yes,Fog,Yes,7.08,7.76,Yes
7624,B737,2.95,1.06,8.56,Yes,Fog,No,1.61,8.52,Yes
7625,A380,6.99,6.53,2.03,No,Rain,Yes,4.92,4.97,Yes
7626,A320,8.46,2.64,5.77,Yes,Fog,No,1.56,3.58,Yes
7627,B787,0.2,4.89,3.05,Yes,Fog,Yes,9.66,4.85,No
7628,A380,7.55,5.47,2.5,Yes,Clear,Yes,0.11,1.18,Yes
7629,B787,6.67,4.6,4.02,Yes,Clear,Yes,9.86,2.99,Yes
7630,B737,9.32,7.44,6.55,No,Rain,No,9.49,9.15,Yes
7631,A380,8.59,3.88,9.26,Yes,Thunderstorm,Yes,7.79,0.73,Yes
7632,A350,1.32,8.68,0.88,No,Snow,No,7.77,7.44,No
7633,A380,9.7,6.58,0.41,No,Rain,No,8.1,1.76,Yes
7634,A380,0.47,1.26,9.48,Yes,Fog,Yes,9.26,8.53,No
7635,B787,8.23,8.11,2.15,Yes,Clear,No,8.45,2.47,Yes
7636,A320,3.54,2.9,5.66,Yes,Thunderstorm,Yes,6.54,5.63,Yes
7637,A350,5.63,4.97,5.45,No,Snow,No,2.52,8.61,Yes
7638,B737,7.32,5.61,8.39,Yes,Clear,Yes,4.51,3.27,Yes
7639,B737,0.31,8.86,0.28,Yes,Fog,No,2.02,6.91,No
7640,A380,6.58,4.55,9.91,Yes,Snow,Yes,1.63,8.68,Yes
7641,A380,9.77,7.48,9.31,Yes,Clear,Yes,5.85,3.5,No
7642,A320,7.15,8.74,7.38,Yes,Thunderstorm,Yes,8.85,3.07,No
7643,A320,9.38,8.04,0.26,No,Fog,No,9.7,5.27,No
7644,B787,4.52,6.49,8.33,Yes,Thunderstorm,No,9.13,2.21,Yes
7645,A320,6.72,6.39,3.67,No,Clear,No,4.76,1.8,Yes
7646,B737,7.38,0.06,1.16,Yes,Snow,No,3.05,1.36,No
7647,B787,7.34,7.3,3.94,Yes,Rain,No,7.01,2.96,Yes
7648,A380,0.66,6.38,7.14,Yes,Thunderstorm,No,4.18,2.69,No
7649,A380,2.47,9.64,3.43,No,Thunderstorm,No,1.34,9.7,No
7650,A380,6.83,1.7,4.27,No,Thunderstorm,No,0.74,7.97,No
7651,B787,4.14,2.89,6.23,No,Clear,No,6.63,8.55,No
7652,A320,9.98,7.98,4.65,Yes,Rain,No,4.99,8.38,Yes
7653,A350,1.7,0.35,2.33,No,Clear,No,6.84,4.57,Yes
7654,A320,6.84,8.22,6.57,Yes,Thunderstorm,Yes,6.63,7.96,Yes
7655,A350,1.38,7.69,3.72,Yes,Rain,Yes,1.14,0.1,No
7656,A350,6.2,5.33,0.59,No,Rain,Yes,6.42,5.67,Yes
7657,A380,3.04,8.59,0.48,No,Clear,No,0.05,9.25,No
7658,B787,9.63,3.8,7.35,No,Fog,Yes,7.37,5.96,Yes
7659,B787,3.43,8.78,7.27,Yes,Thunderstorm,No,8.44,5.11,Yes
7660,B787,8.48,1.69,9.93,No,Snow,No,6.48,1.93,No
7661,A320,5.23,2.01,7.18,Yes,Rain,No,8.67,5.73,Yes
7662,A350,2.45,4.61,4.4,No,Snow,Yes,5.14,1.14,Yes
7663,A350,1.03,6.04,1.52,No,Thunderstorm,Yes,2.0,4.08,Yes
7664,A380,2.9,2.23,3.14,No,Rain,No,3.35,4.8,No
7665,B787,9.37,9.1,1.33,Yes,Clear,Yes,2.68,2.42,Yes
7666,A350,1.24,2.14,0.01,Yes,Fog,No,3.92,5.67,Yes
7667,A320,1.89,3.13,4.88,No,Thunderstorm,No,7.14,8.42,No
7668,B787,5.23,9.55,6.75,Yes,Snow,No,2.31,3.42,No
7669,A380,9.43,8.89,3.3,Yes,Rain,No,8.86,3.32,Yes
7670,A320,7.55,5.97,7.5,No,Snow,Yes,5.78,1.63,Yes
7671,B737,8.32,0.29,9.74,Yes,Fog,Yes,9.46,5.74,Yes
7672,A380,4.99,4.77,5.61,No,Rain,Yes,7.87,1.94,Yes
7673,A350,9.69,8.62,6.3,Yes,Thunderstorm,No,1.49,2.34,Yes
7674,B737,3.51,8.59,0.94,No,Rain,Yes,0.67,3.32,Yes
7675,A380,4.69,5.62,7.03,No,Clear,Yes,6.46,1.74,No
7676,B787,7.57,3.87,0.99,No,Thunderstorm,Yes,7.56,8.27,No
7677,A380,2.69,1.73,5.64,Yes,Thunderstorm,No,0.57,3.09,Yes
7678,A350,4.23,9.13,9.17,No,Thunderstorm,No,2.72,3.47,No
7679,B787,2.28,6.3,2.6,No,Clear,No,5.74,4.83,No
7680,A350,6.56,3.65,8.81,No,Clear,Yes,6.43,9.52,Yes
7681,A350,2.94,7.02,0.82,Yes,Fog,Yes,6.81,9.3,Yes
7682,A320,0.62,2.12,9.67,No,Fog,Yes,9.2,1.98,No
7683,A380,6.02,4.59,8.73,Yes,Thunderstorm,Yes,7.98,6.93,No
7684,B737,8.82,1.31,3.41,No,Fog,No,8.22,9.23,Yes
7685,A320,6.86,0.84,3.63,No,Rain,No,0.43,2.42,Yes
7686,A380,7.1,4.88,3.66,No,Rain,Yes,0.14,1.75,Yes
7687,A350,1.36,9.76,3.26,No,Thunderstorm,No,5.05,2.49,Yes
7688,A350,1.23,9.01,2.92,No,Thunderstorm,No,1.91,9.64,Yes
7689,A380,0.5,0.63,8.16,No,Rain,Yes,4.42,4.75,Yes
7690,B737,3.9,3.25,2.91,No,Thunderstorm,No,4.76,6.71,No
7691,B787,9.34,4.2,8.1,No,Rain,No,7.51,7.47,Yes
7692,A320,1.53,0.96,6.6,Yes,Rain,No,0.4,4.44,No
7693,B737,2.39,3.72,8.7,Yes,Thunderstorm,Yes,5.1,8.76,Yes
7694,B787,3.42,4.53,7.21,No,Snow,Yes,5.41,9.24,No
7695,B787,4.48,2.59,6.78,Yes,Fog,No,9.27,5.72,No
7696,B737,7.15,7.21,5.66,No,Clear,No,3.4,7.23,No
7697,A320,9.23,6.7,8.82,Yes,Rain,No,5.55,0.72,Yes
7698,B787,3.93,1.81,0.75,No,Fog,No,5.07,5.49,No
7699,B787,3.12,2.67,8.87,Yes,Clear,No,9.51,0.16,No
7700,A320,7.72,2.77,2.13,Yes,Snow,Yes,7.76,9.33,Yes
7701,A350,5.8,6.43,7.38,Yes,Thunderstorm,Yes,7.68,4.93,No
7702,B787,1.77,0.26,2.69,No,Snow,No,6.42,7.81,No
7703,A380,0.02,9.24,4.25,No,Rain,Yes,6.66,8.62,Yes
7704,A380,3.94,4.71,0.86,Yes,Thunderstorm,No,6.03,6.92,Yes
7705,A380,1.9,4.35,9.36,Yes,Snow,No,4.82,9.45,No
7706,A320,3.57,6.84,5.11,Yes,Fog,Yes,7.77,7.2,Yes
7707,A380,0.38,3.62,1.94,No,Snow,Yes,6.14,0.82,No
7708,A350,8.23,8.72,7.46,Yes,Fog,Yes,7.53,5.99,No
7709,A320,2.26,5.03,9.77,Yes,Rain,Yes,8.71,9.53,No
7710,B787,4.8,8.61,4.23,No,Snow,Yes,3.68,7.89,Yes
7711,A320,4.43,5.4,4.35,Yes,Snow,Yes,9.37,5.1,Yes
7712,B737,3.29,2.76,1.31,No,Fog,Yes,4.45,0.55,Yes
7713,B787,9.27,4.19,1.52,Yes,Snow,No,1.56,5.18,Yes
7714,A320,5.06,9.09,0.49,No,Snow,No,0.91,6.91,Yes
7715,B737,9.26,1.82,5.23,No,Rain,Yes,8.43,1.18,Yes
7716,B737,5.49,4.52,5.16,Yes,Clear,Yes,7.69,7.5,Yes
7717,A350,3.47,3.52,6.96,No,Thunderstorm,Yes,2.06,0.02,Yes
7718,A350,1.91,4.75,1.68,Yes,Thunderstorm,Yes,8.48,6.55,No
7719,A380,8.08,9.89,8.05,No,Clear,Yes,0.26,6.3,No
7720,A380,2.47,4.97,5.27,Yes,Rain,No,8.5,0.79,No
7721,B737,6.69,4.13,4.74,No,Rain,No,7.4,4.61,Yes
7722,A320,2.36,6.24,7.02,Yes,Rain,Yes,3.57,1.45,Yes
7723,A350,8.7,1.52,2.59,Yes,Thunderstorm,Yes,0.43,8.74,No
7724,A320,5.25,1.09,5.32,No,Clear,No,1.94,5.16,No
7725,B787,3.76,8.7,7.68,No,Thunderstorm,No,3.31,5.56,No
7726,B737,8.11,4.68,1.7,Yes,Thunderstorm,No,1.93,4.49,No
7727,A320,1.73,7.62,4.12,No,Fog,No,8.88,4.5,Yes
7728,A380,1.59,0.85,4.26,No,Rain,No,7.66,6.54,Yes
7729,A380,2.99,3.29,6.52,No,Clear,Yes,7.86,1.87,Yes
7730,A380,4.73,9.79,0.58,Yes,Thunderstorm,No,5.28,6.62,Yes
7731,B787,5.57,8.79,3.64,Yes,Thunderstorm,No,1.06,4.65,No
7732,A320,1.0,9.38,6.36,Yes,Fog,Yes,5.43,9.51,Yes
7733,B737,1.11,8.95,4.49,No,Fog,No,9.08,6.22,Yes
7734,A350,2.14,0.14,4.26,No,Rain,No,2.89,8.41,No
7735,A380,5.47,1.36,5.52,No,Thunderstorm,No,3.4,3.77,Yes
7736,B787,1.87,0.92,1.3,Yes,Rain,No,7.06,2.93,Yes
7737,B737,8.82,2.64,0.02,No,Rain,Yes,7.3,7.37,Yes
7738,A320,6.54,2.91,5.0,Yes,Rain,Yes,6.23,2.27,Yes
7739,B737,9.18,0.6,2.09,Yes,Rain,Yes,9.95,0.03,Yes
7740,B737,5.48,9.8,2.62,Yes,Thunderstorm,Yes,0.51,8.84,No
7741,A380,8.93,6.01,4.54,No,Fog,No,0.46,9.66,Yes
7742,A380,2.33,5.09,3.77,No,Clear,Yes,0.18,6.69,Yes
7743,B787,3.1,2.5,2.68,No,Rain,No,6.21,8.17,No
7744,B737,2.19,6.43,9.33,Yes,Clear,No,4.76,2.91,Yes
7745,A380,9.74,0.58,1.68,No,Thunderstorm,No,5.79,9.57,Yes
7746,A320,0.16,4.04,7.73,Yes,Clear,No,7.36,0.72,No
7747,B737,6.45,0.06,9.01,Yes,Thunderstorm,No,7.19,3.69,Yes
7748,A380,6.52,5.65,2.78,No,Rain,Yes,8.08,9.96,Yes
7749,A350,3.22,7.34,5.03,Yes,Thunderstorm,No,9.06,5.18,Yes
7750,A320,1.1,1.89,6.62,Yes,Thunderstorm,Yes,8.34,5.07,Yes
7751,B787,1.63,6.18,8.31,No,Snow,Yes,0.83,7.82,No
7752,B787,0.37,4.34,5.15,Yes,Thunderstorm,No,4.51,6.79,Yes
7753,A320,5.66,1.31,0.6,No,Rain,Yes,5.65,3.34,Yes
7754,B787,8.53,6.38,0.13,No,Rain,No,8.05,8.87,Yes
7755,B787,5.89,7.54,8.95,Yes,Rain,Yes,6.5,2.44,No
7756,B787,4.48,0.6,9.58,No,Thunderstorm,Yes,0.42,5.98,No
7757,A320,1.53,2.94,3.85,No,Thunderstorm,Yes,6.25,0.42,No
7758,B787,8.35,7.67,8.46,Yes,Clear,No,6.95,2.48,Yes
7759,A350,1.17,2.88,2.88,No,Rain,Yes,6.29,6.93,Yes
7760,A320,5.05,1.39,0.52,No,Snow,No,7.03,5.75,No
7761,B737,9.37,2.05,2.57,No,Snow,Yes,3.38,6.75,No
7762,B737,2.58,2.38,7.45,Yes,Thunderstorm,No,6.32,2.83,No
7763,B737,3.68,1.9,2.74,Yes,Fog,Yes,2.02,5.34,No
7764,A350,0.39,3.5,6.77,No,Clear,No,8.07,1.81,Yes
7765,A380,4.92,9.47,6.36,Yes,Fog,No,6.43,6.92,Yes
7766,A350,7.1,9.26,3.28,Yes,Fog,No,5.76,2.11,Yes
7767,A380,2.17,2.34,7.91,Yes,Snow,No,7.91,3.22,No
7768,A350,8.97,8.16,8.03,Yes,Rain,No,5.49,0.57,Yes
7769,A380,2.26,9.8,8.13,Yes,Thunderstorm,No,7.95,7.61,Yes
7770,A350,2.54,8.92,2.53,Yes,Snow,Yes,5.56,0.15,No
7771,A380,7.02,2.51,2.45,Yes,Rain,No,0.5,8.25,No
7772,B737,0.74,7.08,6.96,Yes,Fog,Yes,3.7,8.54,Yes
7773,A350,7.49,9.93,5.41,Yes,Rain,No,9.71,6.82,Yes
7774,A380,5.04,1.06,0.98,No,Fog,No,5.53,7.26,No
7775,A350,2.58,9.21,3.96,Yes,Thunderstorm,No,9.52,0.63,No
7776,A320,1.23,0.6,8.94,Yes,Thunderstorm,Yes,3.69,7.23,Yes
7777,B737,9.9,9.15,4.87,Yes,Snow,Yes,5.57,0.03,No
7778,A350,3.99,1.59,5.73,Yes,Thunderstorm,No,2.62,1.31,No
7779,B737,1.12,1.92,1.41,No,Thunderstorm,No,9.34,9.43,Yes
7780,B737,2.05,6.43,7.19,Yes,Fog,Yes,4.55,0.4,No
7781,A320,7.54,3.99,2.3,No,Thunderstorm,Yes,5.26,9.06,Yes
7782,A380,4.17,6.96,3.9,Yes,Snow,No,6.69,9.93,No
7783,A320,5.98,9.43,4.04,Yes,Rain,No,6.22,8.69,Yes
7784,A320,5.28,8.7,2.29,Yes,Clear,No,5.06,4.35,No
7785,B787,5.69,3.4,5.83,Yes,Rain,No,3.26,9.12,Yes
7786,B737,1.17,1.13,4.56,Yes,Thunderstorm,No,4.72,5.54,No
7787,B737,1.81,6.57,9.1,No,Clear,No,7.24,1.18,No
7788,B737,8.61,4.39,5.58,No,Clear,Yes,4.77,1.68,No
7789,B737,3.48,5.4,4.48,Yes,Thunderstorm,Yes,5.32,7.95,No
7790,A320,1.93,4.04,7.45,Yes,Snow,Yes,9.05,2.89,Yes
7791,B787,3.38,3.22,7.12,No,Clear,Yes,3.0,0.31,No
7792,A320,3.57,8.78,0.07,No,Snow,No,4.77,8.05,No
7793,A380,5.2,9.76,9.58,No,Fog,Yes,9.1,2.14,Yes
7794,B737,7.92,6.79,0.71,No,Thunderstorm,No,6.13,8.81,No
7795,A380,4.79,2.32,8.7,No,Fog,No,9.11,1.87,Yes
7796,B787,5.44,3.43,6.66,No,Rain,Yes,7.02,5.75,Yes
7797,B737,2.92,8.98,6.92,No,Thunderstorm,No,1.06,6.25,Yes
7798,B787,1.94,5.08,0.7,Yes,Rain,Yes,8.61,3.51,No
7799,A350,1.4,5.95,6.27,Yes,Fog,No,6.2,8.71,Yes
7800,B737,9.26,2.41,2.12,No,Fog,No,5.82,6.88,No
7801,A350,0.5,2.33,9.34,Yes,Fog,Yes,4.29,4.45,Yes
7802,A350,1.6,3.02,7.64,Yes,Thunderstorm,No,8.49,9.64,Yes
7803,A320,8.09,1.47,8.23,Yes,Fog,Yes,1.75,7.7,Yes
7804,A320,2.11,9.02,6.03,Yes,Fog,Yes,7.44,4.98,No
7805,A320,8.18,8.15,0.37,No,Fog,Yes,3.11,1.8,No
7806,A380,6.64,8.97,8.83,No,Thunderstorm,Yes,0.32,9.17,Yes
7807,A350,4.88,6.05,2.63,Yes,Snow,Yes,2.71,7.73,No
7808,A320,0.27,9.76,7.63,Yes,Clear,No,4.66,7.23,Yes
7809,B737,3.53,4.86,0.73,Yes,Clear,Yes,3.95,9.75,No
7810,B787,1.79,1.24,3.09,No,Fog,No,4.61,3.44,Yes
7811,B737,5.59,3.09,9.62,Yes,Snow,No,5.01,9.32,Yes
7812,B787,7.73,1.37,3.57,Yes,Fog,Yes,8.6,8.51,No
7813,A380,7.88,4.96,9.74,Yes,Fog,No,1.21,0.91,Yes
7814,A380,2.81,1.94,3.18,Yes,Thunderstorm,No,4.77,8.09,No
7815,B737,5.52,1.47,6.57,Yes,Thunderstorm,Yes,4.53,8.08,No
7816,A380,1.69,9.76,6.34,No,Snow,Yes,2.99,0.34,Yes
7817,A320,4.41,6.65,1.45,No,Clear,Yes,6.27,2.58,Yes
7818,A320,6.39,8.03,7.29,Yes,Clear,Yes,5.68,1.21,Yes
7819,B787,6.66,4.16,0.1,No,Fog,No,3.73,6.73,No
7820,B787,6.14,5.67,1.32,Yes,Rain,No,3.54,2.21,No
7821,A320,9.15,6.79,2.26,No,Snow,Yes,9.06,1.66,No
7822,B787,2.95,0.48,0.71,No,Thunderstorm,Yes,1.06,6.99,Yes
7823,B737,7.15,9.7,4.98,No,Fog,Yes,2.45,6.4,Yes
7824,B737,6.27,0.03,8.34,Yes,Fog,Yes,1.98,6.33,Yes
7825,B737,9.96,3.44,9.74,Yes,Clear,No,9.51,8.33,No
7826,A350,7.6,3.56,4.65,Yes,Snow,Yes,9.72,8.69,Yes
7827,B737,0.95,9.37,0.16,No,Rain,No,8.3,9.24,Yes
7828,A320,4.27,0.31,4.88,No,Rain,Yes,3.16,4.76,No
7829,B787,5.37,3.05,1.6,No,Snow,No,9.1,0.6,Yes
7830,B787,6.61,4.28,4.34,No,Snow,Yes,0.04,7.37,No
7831,A350,8.38,9.85,1.44,Yes,Snow,No,0.87,7.9,No
7832,A320,4.26,4.25,7.92,Yes,Snow,Yes,3.44,5.97,No
7833,B787,8.82,7.01,3.43,No,Fog,No,5.67,6.84,Yes
7834,A350,9.72,1.43,6.61,Yes,Fog,No,9.69,7.0,Yes
7835,A380,0.2,2.01,2.18,Yes,Rain,No,2.95,4.96,No
7836,A350,6.85,0.71,8.74,Yes,Thunderstorm,Yes,5.74,2.93,Yes
7837,B787,2.3,0.85,4.1,No,Rain,Yes,8.5,7.67,Yes
7838,B787,2.68,9.98,5.47,No,Thunderstorm,Yes,6.75,1.16,No
7839,A320,4.3,7.81,9.48,Yes,Rain,Yes,1.98,5.17,Yes
7840,B787,7.92,7.82,1.87,Yes,Rain,No,9.22,7.0,Yes
7841,B737,4.83,2.14,4.09,Yes,Rain,No,5.04,0.42,No
7842,A380,2.97,3.45,5.69,Yes,Thunderstorm,No,7.53,2.75,Yes
7843,B787,5.86,9.52,2.21,Yes,Snow,No,0.94,0.75,No
7844,A350,3.55,7.08,6.09,No,Fog,Yes,6.16,4.51,Yes
7845,B787,6.11,6.16,4.18,Yes,Rain,Yes,2.81,3.76,No
7846,A350,0.19,9.8,4.11,Yes,Fog,Yes,6.93,8.83,Yes
7847,B737,5.73,4.06,4.16,No,Clear,No,3.0,7.26,Yes
7848,B737,4.19,4.15,7.88,Yes,Fog,No,0.55,6.96,No
7849,A350,0.21,9.21,1.77,No,Clear,No,4.42,0.82,No
7850,B787,6.09,6.38,0.47,No,Thunderstorm,Yes,5.28,8.35,No
7851,A380,6.5,2.9,7.24,No,Fog,No,1.59,5.09,Yes
7852,A350,0.26,7.16,5.08,Yes,Thunderstorm,Yes,3.41,7.2,No
7853,B787,4.48,3.61,1.43,Yes,Snow,No,5.29,7.86,No
7854,B787,0.46,2.55,3.87,No,Rain,No,3.92,2.71,Yes
7855,A320,4.09,9.09,7.36,No,Fog,Yes,4.46,9.21,Yes
7856,A350,2.22,8.68,3.93,Yes,Rain,No,3.96,7.09,Yes
7857,B787,0.16,2.29,0.39,No,Snow,Yes,3.47,5.29,No
7858,A380,7.43,8.18,4.47,No,Rain,Yes,9.38,2.17,Yes
7859,A350,4.05,2.8,9.98,Yes,Fog,No,5.64,3.85,No
7860,A350,1.41,4.5,6.86,No,Snow,No,8.24,9.82,Yes
7861,A380,0.75,8.39,0.56,No,Thunderstorm,No,4.05,6.33,No
7862,B737,9.57,9.46,8.28,No,Fog,No,6.7,9.79,Yes
7863,A320,2.28,2.56,6.52,Yes,Snow,No,8.02,3.9,No
7864,A380,2.15,7.35,6.57,Yes,Rain,Yes,8.1,8.0,Yes
7865,A320,2.94,2.99,6.78,No,Thunderstorm,Yes,0.04,5.04,No
7866,A380,2.46,1.6,0.56,No,Rain,Yes,4.93,6.04,No
7867,B737,9.45,1.85,1.03,Yes,Fog,No,2.83,8.23,Yes
7868,A380,8.56,5.88,8.84,Yes,Fog,Yes,8.87,8.8,Yes
7869,A320,7.53,7.46,3.61,Yes,Thunderstorm,No,0.46,5.32,Yes
7870,A380,9.2,5.77,2.31,No,Thunderstorm,Yes,4.79,3.61,No
7871,A350,3.64,8.28,0.5,No,Rain,Yes,0.51,4.28,Yes
7872,A320,7.47,6.64,0.98,No,Rain,No,9.0,4.98,No
7873,B737,6.92,6.13,9.92,Yes,Clear,Yes,6.61,1.27,No
7874,A380,0.28,8.88,0.11,Yes,Snow,No,9.49,0.15,No
7875,A350,0.14,9.21,6.83,No,Rain,No,1.48,5.83,No
7876,A320,3.88,9.48,6.09,Yes,Thunderstorm,Yes,3.38,1.66,No
7877,A320,1.14,1.84,5.09,No,Fog,No,9.28,4.83,No
7878,B737,8.41,7.29,7.09,No,Snow,No,5.83,5.25,Yes
7879,B737,9.37,8.02,1.85,Yes,Thunderstorm,Yes,4.2,9.02,No
7880,A350,9.43,6.32,3.85,No,Clear,No,4.88,3.29,No
7881,A350,7.12,0.84,0.63,No,Fog,No,5.14,4.45,No
7882,A320,4.05,9.77,2.27,No,Thunderstorm,No,5.74,7.66,No
7883,B737,2.03,1.56,8.18,No,Snow,Yes,3.95,8.16,No
7884,A350,0.63,5.42,1.74,No,Snow,No,6.55,4.26,Yes
7885,A320,3.88,6.59,7.91,No,Thunderstorm,No,6.11,8.1,No
7886,B737,3.66,6.04,3.44,Yes,Snow,Yes,2.45,1.78,Yes
7887,A350,3.04,1.28,4.35,Yes,Fog,No,3.24,6.44,No
7888,A380,6.64,4.44,0.0,Yes,Thunderstorm,Yes,6.66,5.72,Yes
7889,A350,4.91,6.85,1.11,Yes,Rain,No,5.53,8.14,Yes
7890,A380,6.77,5.31,5.78,Yes,Thunderstorm,Yes,8.65,0.3,No
7891,B787,5.7,5.77,1.57,No,Rain,No,2.81,9.58,No
7892,A350,7.6,5.69,2.28,No,Fog,Yes,4.22,1.36,No
7893,B737,0.13,8.98,1.59,Yes,Thunderstorm,Yes,2.55,7.1,Yes
7894,A350,5.37,2.32,5.27,Yes,Snow,Yes,7.82,2.98,Yes
7895,A350,4.97,6.63,0.27,Yes,Fog,No,6.9,8.79,No
7896,A380,9.32,0.58,4.32,No,Fog,No,1.03,3.26,No
7897,A380,8.53,4.77,3.76,Yes,Snow,No,3.24,5.16,Yes
7898,B787,6.92,1.03,0.07,No,Rain,Yes,8.75,8.99,No
7899,B737,8.59,1.11,3.25,Yes,Snow,No,3.76,5.08,No
7900,B787,5.86,8.31,0.55,No,Rain,No,9.01,4.57,No
7901,A320,2.32,9.55,9.36,Yes,Snow,Yes,0.79,7.02,No
7902,B737,7.91,3.11,4.64,No,Rain,No,3.91,8.5,No
7903,B737,2.71,3.38,2.52,No,Snow,No,9.81,2.39,Yes
7904,A350,3.91,2.13,2.13,Yes,Thunderstorm,No,9.11,6.88,Yes
7905,B787,5.73,4.89,7.28,Yes,Rain,No,3.43,5.72,Yes
7906,B787,2.92,1.27,3.5,Yes,Thunderstorm,No,9.6,7.21,No
7907,A380,1.5,9.97,9.7,Yes,Snow,Yes,7.62,6.56,Yes
7908,B737,4.81,7.2,9.2,Yes,Rain,Yes,7.26,0.84,No
7909,A320,1.7,4.61,0.28,No,Snow,Yes,4.88,9.59,No
7910,B787,4.01,8.61,1.03,Yes,Snow,Yes,4.81,3.31,Yes
7911,A350,7.39,8.99,4.52,No,Clear,No,3.25,0.5,Yes
7912,B737,7.53,3.19,0.53,No,Clear,No,5.95,5.58,No
7913,B737,0.62,3.6,4.99,Yes,Thunderstorm,No,0.07,7.36,Yes
7914,B737,0.53,0.43,4.68,No,Fog,Yes,7.6,1.26,Yes
7915,B787,3.22,9.47,0.81,Yes,Snow,No,5.41,7.55,Yes
7916,A320,5.88,2.09,6.35,No,Snow,Yes,9.99,7.4,Yes
7917,A380,6.17,8.1,2.35,No,Snow,No,8.65,4.44,No
7918,A320,7.32,2.16,3.48,No,Snow,Yes,0.89,5.74,No
7919,A320,4.49,7.41,8.95,Yes,Fog,No,7.76,3.16,Yes
7920,B737,1.12,2.48,2.65,Yes,Rain,No,6.21,7.08,No
7921,B787,6.76,5.97,1.0,No,Clear,Yes,7.16,2.29,Yes
7922,A380,6.9,6.25,4.38,Yes,Clear,No,4.58,4.6,No
7923,B737,8.95,7.85,0.82,No,Clear,No,0.83,5.33,Yes
7924,A380,1.77,5.75,7.64,Yes,Fog,Yes,3.7,2.45,Yes
7925,A320,2.67,8.95,9.82,No,Thunderstorm,No,9.62,4.37,No
7926,B737,9.29,3.29,3.91,Yes,Clear,No,4.65,2.56,Yes
7927,A380,4.35,9.71,0.41,Yes,Fog,No,8.92,2.02,No
7928,B787,4.08,5.4,6.86,Yes,Clear,No,4.02,8.88,Yes
7929,A350,0.05,8.71,4.75,No,Snow,No,4.15,7.53,No
7930,A380,0.27,8.33,7.6,No,Fog,Yes,6.05,6.38,No
7931,B737,3.97,1.2,1.54,Yes,Clear,Yes,2.94,1.96,No
7932,A380,3.48,5.15,9.93,Yes,Clear,No,1.88,1.54,Yes
7933,B737,5.56,0.06,2.58,No,Thunderstorm,Yes,5.64,0.16,Yes
7934,B787,9.49,4.11,9.67,Yes,Fog,Yes,2.87,0.27,Yes
7935,A350,8.53,5.73,1.86,Yes,Fog,Yes,3.37,4.92,No
7936,A350,6.66,5.31,8.53,No,Snow,No,7.23,7.24,Yes
7937,B737,3.85,8.05,6.02,No,Snow,No,2.7,8.04,No
7938,B737,5.34,6.88,2.21,Yes,Clear,Yes,7.47,9.76,No
7939,A320,8.61,4.16,9.98,No,Clear,Yes,7.61,1.01,No
7940,A350,7.25,7.68,8.33,Yes,Clear,Yes,0.18,8.43,Yes
7941,A380,7.19,9.05,8.04,Yes,Clear,No,8.57,6.66,Yes
7942,B787,6.7,3.25,6.49,Yes,Clear,No,1.85,5.43,No
7943,A320,2.86,6.38,9.26,Yes,Rain,No,7.35,9.08,No
7944,B737,7.33,5.17,1.84,No,Snow,Yes,1.35,8.86,No
7945,B737,2.47,0.04,5.47,No,Fog,No,8.39,3.26,No
7946,A380,9.49,1.31,2.11,No,Rain,No,7.7,8.51,No
7947,A380,1.74,4.02,4.48,No,Snow,Yes,2.74,8.23,Yes
7948,A320,4.62,8.32,3.29,No,Fog,No,8.26,0.21,No
7949,B737,0.09,7.53,1.55,No,Clear,Yes,8.56,5.92,No
7950,B737,6.55,5.54,4.0,Yes,Clear,No,7.8,7.12,No
7951,B787,3.8,7.77,0.22,No,Snow,No,6.16,0.12,No
7952,B737,4.84,6.26,6.8,No,Thunderstorm,No,5.57,7.94,Yes
7953,A320,9.41,9.27,8.94,No,Fog,Yes,1.54,3.07,No
7954,A350,6.54,6.52,4.09,Yes,Clear,No,7.79,8.45,No
7955,A380,3.55,2.6,0.65,No,Snow,Yes,4.85,7.92,No
7956,B787,8.47,5.64,3.94,No,Rain,Yes,5.34,4.77,Yes
7957,B787,8.3,7.91,0.33,No,Thunderstorm,No,2.86,8.61,Yes
7958,B787,4.07,1.52,0.07,Yes,Rain,No,0.94,3.74,Yes
7959,A350,9.46,4.75,1.19,No,Fog,No,3.66,0.82,Yes
7960,B737,9.26,8.99,1.49,No,Clear,No,0.23,8.86,No
7961,A380,5.52,7.46,1.79,No,Snow,Yes,2.74,7.63,Yes
7962,B737,9.89,5.3,0.75,No,Thunderstorm,No,0.36,1.89,No
7963,A380,1.24,3.85,8.02,Yes,Thunderstorm,No,4.12,0.03,No
7964,A380,3.98,6.51,4.53,Yes,Snow,Yes,4.07,0.33,Yes
7965,A380,4.92,8.81,1.56,Yes,Snow,Yes,4.49,5.61,Yes
7966,B737,8.11,2.24,9.55,Yes,Thunderstorm,No,0.72,1.06,Yes
7967,A380,6.51,0.03,6.55,No,Thunderstorm,Yes,3.15,6.26,Yes
7968,B787,3.96,7.55,2.5,No,Snow,No,3.31,2.01,Yes
7969,A320,5.18,8.04,4.69,Yes,Rain,No,6.02,2.61,No
7970,B737,2.74,2.79,9.54,No,Rain,Yes,8.15,4.94,No
7971,B737,9.84,9.56,6.3,Yes,Rain,No,3.15,5.93,No
7972,A380,5.61,0.12,7.34,Yes,Snow,No,7.32,9.65,No
7973,B787,9.22,7.29,6.06,No,Clear,Yes,6.39,8.13,No
7974,A350,7.66,7.01,4.31,Yes,Snow,No,1.43,6.23,Yes
7975,A380,4.3,5.07,7.94,Yes,Rain,Yes,1.01,7.53,Yes
7976,B737,8.8,4.37,7.23,No,Rain,No,3.75,1.98,Yes
7977,B737,7.84,3.58,6.77,Yes,Thunderstorm,No,4.73,0.9,No
7978,A320,8.9,6.81,5.05,No,Thunderstorm,Yes,5.68,3.55,Yes
7979,B737,6.45,6.87,1.0,Yes,Snow,Yes,1.56,4.3,Yes
7980,B787,1.41,8.94,1.48,No,Clear,No,3.04,1.51,No
7981,A380,0.96,4.3,3.48,No,Snow,Yes,0.65,7.35,Yes
7982,B787,3.74,3.31,4.87,No,Rain,Yes,4.48,0.88,No
7983,A380,9.09,3.98,6.92,No,Fog,No,0.41,5.53,No
7984,A350,0.74,8.2,8.01,Yes,Rain,Yes,1.28,6.07,No
7985,B787,6.62,6.68,3.13,No,Thunderstorm,No,7.49,6.97,Yes
7986,A350,2.33,5.23,6.72,No,Clear,No,4.4,6.32,No
7987,B787,3.96,2.19,5.44,Yes,Clear,Yes,1.07,4.43,Yes
7988,A320,4.41,7.45,7.2,Yes,Fog,Yes,3.93,3.32,Yes
7989,A350,9.64,7.49,9.21,No,Fog,No,4.68,2.9,No
7990,B737,0.55,7.16,7.05,Yes,Thunderstorm,No,4.9,1.3,No
7991,B737,5.8,2.32,4.41,Yes,Snow,Yes,5.91,8.61,Yes
7992,B787,0.44,2.72,3.86,No,Rain,Yes,8.56,4.84,Yes
7993,A350,9.84,9.12,4.95,No,Fog,Yes,7.05,8.41,No
7994,A350,1.75,1.71,7.9,No,Snow,Yes,10.0,5.37,Yes
7995,B737,8.14,8.38,1.14,Yes,Thunderstorm,Yes,9.53,7.02,No
7996,B787,7.44,7.11,0.55,No,Snow,No,7.68,7.11,Yes
7997,B737,5.08,8.39,3.24,Yes,Snow,Yes,0.55,0.26,No
7998,B737,2.24,5.05,4.11,Yes,Thunderstorm,No,6.61,9.34,Yes
7999,A320,7.05,8.24,2.89,No,Thunderstorm,Yes,8.21,0.12,No
8000,A320,6.77,8.59,8.5,Yes,Fog,No,0.96,9.21,Yes
8001,B787,7.23,2.85,1.4,No,Snow,No,2.33,6.16,No
8002,A350,9.45,4.65,8.06,Yes,Snow,No,0.3,3.22,Yes
8003,B737,3.51,7.61,9.89,No,Rain,No,1.12,4.09,Yes
8004,B787,6.14,1.97,9.42,No,Fog,Yes,9.62,7.13,Yes
8005,A350,8.71,1.48,1.61,No,Fog,Yes,9.95,3.61,Yes
8006,B737,3.31,2.49,4.61,Yes,Clear,Yes,8.69,6.82,Yes
8007,B787,0.92,1.91,6.57,Yes,Fog,Yes,8.28,7.93,No
8008,A380,3.3,6.71,7.8,No,Rain,Yes,8.93,8.95,No
8009,A320,5.87,3.48,2.4,Yes,Fog,No,3.04,1.21,No
8010,B787,7.62,7.98,1.72,No,Thunderstorm,No,4.41,5.47,No
8011,A380,9.02,6.65,3.48,Yes,Fog,No,5.43,5.74,Yes
8012,A320,2.52,2.43,0.73,No,Fog,Yes,8.66,7.74,No
8013,B737,4.59,6.06,9.03,Yes,Snow,Yes,0.42,1.12,No
8014,B737,4.83,5.47,3.5,No,Thunderstorm,Yes,2.99,4.31,No
8015,A380,9.68,1.24,9.41,Yes,Fog,No,3.41,7.66,No
8016,B737,5.98,0.74,4.41,No,Clear,Yes,1.57,1.37,No
8017,A320,4.45,4.16,6.58,No,Fog,No,1.89,8.27,Yes
8018,A350,6.66,4.15,4.8,Yes,Clear,Yes,8.2,7.67,Yes
8019,B787,6.14,7.75,8.55,Yes,Rain,No,4.39,0.7,Yes
8020,B787,1.36,4.28,2.46,No,Fog,No,8.46,9.17,No
8021,B787,4.16,0.12,5.91,No,Thunderstorm,Yes,2.42,1.97,No
8022,B737,2.29,8.84,4.04,Yes,Thunderstorm,Yes,4.92,7.07,Yes
8023,A350,9.9,7.18,6.9,Yes,Rain,No,4.34,4.51,Yes
8024,A380,6.36,3.35,7.84,No,Thunderstorm,Yes,3.08,5.62,No
8025,B737,1.39,7.26,2.56,Yes,Thunderstorm,No,6.43,3.13,Yes
8026,A380,9.66,7.43,6.53,Yes,Thunderstorm,No,3.54,9.81,Yes
8027,B737,2.65,8.91,9.23,No,Fog,No,6.81,7.05,No
8028,A380,2.31,2.52,4.92,No,Thunderstorm,No,1.1,7.16,No
8029,A380,9.93,3.56,2.87,No,Fog,No,5.91,9.49,Yes
8030,B737,1.39,3.34,5.86,No,Snow,Yes,6.43,1.1,No
8031,B787,7.0,5.05,5.97,Yes,Clear,No,8.51,8.7,No
8032,A320,4.42,4.17,2.68,Yes,Rain,No,9.33,7.91,No
8033,A380,8.43,6.33,2.11,Yes,Clear,Yes,7.73,0.86,No
8034,B737,4.5,7.41,2.97,No,Clear,Yes,2.85,8.8,No
8035,B737,2.12,1.16,9.93,Yes,Fog,Yes,9.26,0.54,Yes
8036,A320,9.36,4.34,6.94,No,Snow,Yes,2.53,7.14,No
8037,B787,4.39,7.17,4.43,Yes,Clear,No,2.71,0.9,No
8038,B737,8.65,7.13,0.54,Yes,Fog,Yes,0.92,4.73,No
8039,A380,3.39,4.63,9.12,No,Clear,No,8.92,6.57,No
8040,A320,6.51,2.77,9.37,Yes,Thunderstorm,No,2.05,5.68,Yes
8041,B737,3.42,3.73,8.86,Yes,Thunderstorm,Yes,7.07,6.83,Yes
8042,A350,4.11,4.97,6.58,Yes,Thunderstorm,Yes,4.91,8.31,No
8043,A320,6.02,9.46,1.8,Yes,Fog,Yes,8.77,0.31,Yes
8044,A350,1.06,3.97,6.01,No,Snow,Yes,3.03,4.39,Yes
8045,B787,3.13,5.59,7.41,Yes,Clear,Yes,8.83,8.02,No
8046,A350,9.54,0.54,4.61,Yes,Rain,No,2.78,3.18,Yes
8047,A380,8.75,1.0,5.39,No,Clear,Yes,1.64,3.38,No
8048,B787,5.38,1.0,2.78,No,Fog,No,5.68,7.99,No
8049,B737,9.02,6.69,6.56,No,Rain,Yes,5.39,0.99,No
8050,B737,5.08,7.55,8.51,Yes,Rain,No,0.11,1.63,No
8051,B737,4.3,2.88,3.83,No,Rain,Yes,9.21,9.0,No
8052,B737,8.84,2.96,4.43,Yes,Thunderstorm,No,8.82,1.0,Yes
8053,B737,0.92,7.35,6.4,No,Fog,Yes,1.15,1.19,Yes
8054,A380,6.02,2.97,4.11,No,Rain,No,9.46,5.09,Yes
8055,B737,6.91,6.56,4.71,No,Fog,Yes,9.56,5.2,No
8056,B787,8.24,0.8,5.58,Yes,Clear,Yes,2.86,2.63,Yes
8057,B787,4.32,9.06,2.0,Yes,Rain,No,6.77,6.26,No
8058,A380,4.98,3.42,8.2,No,Fog,No,1.07,8.08,No
8059,B737,5.54,7.18,3.53,Yes,Thunderstorm,No,9.78,6.61,Yes
8060,A350,5.7,1.85,0.79,No,Thunderstorm,No,0.02,5.82,No
8061,A380,1.95,1.01,0.23,No,Snow,Yes,5.85,0.68,No
8062,A350,6.53,5.2,5.02,No,Snow,No,2.11,3.84,Yes
8063,A350,6.56,0.98,2.17,No,Thunderstorm,Yes,0.36,3.72,Yes
8064,A380,7.28,0.67,6.39,Yes,Thunderstorm,No,0.46,3.07,No
8065,B737,1.87,3.71,1.39,No,Snow,No,1.81,6.83,Yes
8066,A320,8.36,6.39,6.88,No,Snow,No,8.68,5.73,No
8067,A320,9.13,4.64,1.97,Yes,Clear,Yes,2.47,4.81,Yes
8068,B737,6.04,2.05,7.25,Yes,Rain,Yes,2.96,1.68,Yes
8069,A350,3.37,6.77,8.93,Yes,Thunderstorm,Yes,6.76,1.36,Yes
8070,A320,4.74,3.86,9.07,Yes,Snow,Yes,7.66,1.09,No
8071,A380,9.04,1.22,9.02,No,Snow,Yes,2.76,0.38,Yes
8072,A350,0.93,1.52,6.76,No,Clear,Yes,6.13,6.12,Yes
8073,A380,9.42,7.0,4.84,Yes,Snow,No,3.96,9.71,No
8074,B787,2.6,0.54,3.01,Yes,Thunderstorm,No,1.53,3.13,Yes
8075,A350,0.1,3.85,7.14,Yes,Fog,Yes,5.06,0.22,No
8076,B737,4.32,7.32,9.3,No,Rain,No,1.36,6.6,No
8077,A380,7.01,8.46,6.48,Yes,Fog,Yes,1.3,7.49,No
8078,A350,6.69,0.98,2.36,Yes,Rain,No,3.65,0.76,Yes
8079,A320,8.77,6.07,0.51,No,Fog,Yes,5.49,0.35,No
8080,B787,5.18,9.13,2.36,No,Snow,No,7.16,2.76,Yes
8081,A380,9.07,4.23,5.13,Yes,Rain,Yes,7.46,4.62,Yes
8082,B737,6.19,8.49,2.32,Yes,Snow,No,2.97,5.83,No
8083,A350,8.95,8.83,4.86,Yes,Fog,Yes,1.81,9.47,No
8084,A350,7.09,3.32,0.24,Yes,Rain,No,3.78,2.68,Yes
8085,A350,2.24,3.96,7.66,No,Snow,No,0.54,6.17,No
8086,B787,0.19,4.52,5.5,No,Snow,Yes,0.54,2.04,Yes
8087,A380,1.28,7.55,5.49,Yes,Fog,No,8.45,7.53,Yes
8088,B787,5.13,1.96,4.53,No,Rain,Yes,8.18,6.72,Yes
8089,A350,4.98,9.97,4.62,Yes,Rain,No,3.26,9.86,No
8090,A320,6.87,5.07,4.31,Yes,Clear,Yes,5.1,5.15,Yes
8091,A320,1.69,5.23,3.73,Yes,Thunderstorm,No,3.74,5.94,Yes
8092,A350,9.99,6.19,3.07,No,Rain,No,6.04,0.95,Yes
8093,B787,2.95,5.04,5.83,Yes,Clear,No,5.98,0.66,No
8094,A350,9.67,9.02,0.21,Yes,Rain,No,6.04,9.6,Yes
8095,A380,0.93,9.77,1.63,Yes,Fog,No,4.9,3.04,No
8096,A320,9.32,3.87,4.21,No,Clear,No,0.45,0.93,No
8097,B737,9.78,5.64,3.67,No,Rain,No,3.4,3.52,No
8098,A380,5.94,6.89,7.06,Yes,Fog,Yes,2.46,7.45,Yes
8099,A320,5.36,2.95,2.71,Yes,Fog,No,7.97,8.64,No
8100,A320,9.69,2.88,6.63,Yes,Clear,No,5.02,7.65,No
8101,A320,6.64,7.02,0.93,No,Snow,Yes,2.76,9.17,Yes
8102,B787,7.51,1.08,0.15,No,Thunderstorm,Yes,9.7,8.15,Yes
8103,B787,6.56,0.41,4.55,Yes,Fog,No,4.8,4.1,Yes
8104,B787,7.01,8.74,0.11,No,Snow,Yes,2.31,1.16,No
8105,B737,2.67,3.82,4.74,Yes,Clear,No,2.05,3.92,No
8106,B787,6.43,0.87,3.43,Yes,Snow,Yes,2.01,4.84,Yes
8107,A350,0.6,0.81,8.47,Yes,Fog,No,5.21,9.22,Yes
8108,A320,1.65,3.37,6.81,No,Thunderstorm,Yes,7.02,3.59,Yes
8109,A320,1.95,4.51,4.4,Yes,Rain,Yes,6.18,8.76,Yes
8110,A320,4.99,1.8,8.89,No,Fog,Yes,4.04,0.48,Yes
8111,A320,1.87,8.53,7.77,No,Rain,Yes,8.88,9.83,No
8112,B787,6.25,0.99,6.38,No,Fog,No,8.37,8.61,Yes
8113,A350,6.08,1.39,6.67,Yes,Fog,Yes,3.53,8.04,No
8114,B787,9.64,3.82,0.42,Yes,Snow,Yes,6.79,6.05,Yes
8115,B737,1.41,5.07,9.69,No,Fog,Yes,0.01,8.46,Yes
8116,A320,9.51,6.0,2.54,No,Rain,Yes,0.71,9.15,Yes
8117,B787,4.1,1.48,6.6,Yes,Rain,No,1.1,6.76,Yes
8118,A320,9.36,2.5,9.95,No,Fog,Yes,5.77,5.42,No
8119,A320,5.97,9.7,0.4,Yes,Clear,Yes,3.59,5.65,Yes
8120,B787,4.08,9.18,7.73,Yes,Snow,No,9.45,9.98,Yes
8121,A320,0.98,6.05,6.56,No,Rain,No,2.73,8.33,Yes
8122,A320,5.62,0.47,4.72,Yes,Snow,No,7.03,8.89,No
8123,A350,3.91,9.72,9.38,Yes,Clear,No,0.3,3.12,Yes
8124,B787,1.47,7.99,6.61,Yes,Clear,Yes,9.6,9.66,No
8125,B787,5.79,3.21,4.0,Yes,Thunderstorm,Yes,4.27,4.63,Yes
8126,A320,6.98,8.02,6.67,No,Thunderstorm,Yes,5.95,7.35,Yes
8127,B737,2.56,4.93,4.96,Yes,Fog,No,5.8,1.32,Yes
8128,B737,7.56,2.41,5.83,Yes,Clear,Yes,0.34,8.26,Yes
8129,A350,5.43,3.67,6.29,No,Thunderstorm,No,0.65,1.41,No
8130,B737,1.07,9.85,8.31,No,Snow,Yes,3.55,3.01,Yes
8131,A350,8.86,0.59,3.04,No,Clear,No,7.94,5.2,No
8132,B787,1.79,3.31,5.54,Yes,Fog,No,2.69,1.57,Yes
8133,B737,4.76,4.36,2.95,Yes,Rain,Yes,6.02,7.62,No
8134,A380,9.71,5.82,3.63,Yes,Snow,Yes,4.48,0.44,Yes
8135,A320,1.15,5.66,8.16,No,Rain,No,0.83,3.31,Yes
8136,A380,3.36,4.31,1.35,No,Fog,Yes,0.11,0.13,No
8137,B737,8.45,9.44,5.04,No,Rain,Yes,5.89,4.18,No
8138,B787,4.5,6.88,9.59,No,Snow,No,8.97,2.95,Yes
8139,A350,1.55,7.19,5.89,No,Thunderstorm,Yes,2.92,6.71,No
8140,A320,3.5,4.41,9.32,Yes,Thunderstorm,Yes,7.71,3.61,Yes
8141,A380,7.3,0.67,1.22,No,Clear,Yes,2.5,6.15,No
8142,A320,0.12,5.37,4.95,No,Rain,Yes,6.34,0.26,Yes
8143,A380,5.68,6.95,1.43,Yes,Clear,Yes,5.21,0.22,No
8144,B787,4.55,4.78,0.07,No,Clear,No,5.98,5.42,Yes
8145,A350,6.77,2.01,4.33,No,Snow,No,9.31,1.58,Yes
8146,A350,6.98,6.93,6.58,Yes,Clear,No,9.54,9.3,No
8147,A350,4.53,0.38,6.94,No,Clear,No,1.95,5.25,No
8148,A350,8.78,1.07,7.3,Yes,Fog,Yes,8.58,3.55,No
8149,A380,7.67,7.25,3.76,No,Thunderstorm,Yes,7.32,5.32,Yes
8150,A380,5.05,6.56,4.28,Yes,Snow,Yes,5.96,0.13,No
8151,B737,1.45,3.0,6.23,Yes,Rain,No,1.3,4.77,No
8152,A320,9.35,1.3,3.95,No,Snow,Yes,7.18,7.31,Yes
8153,B787,7.0,3.17,7.21,Yes,Clear,No,8.72,0.18,No
8154,A350,3.9,8.74,2.61,No,Clear,No,6.88,1.08,Yes
8155,B737,3.21,0.25,5.43,Yes,Rain,Yes,5.6,1.32,Yes
8156,B787,6.41,2.56,9.33,No,Clear,Yes,2.82,4.36,Yes
8157,A350,4.6,8.89,6.65,Yes,Snow,Yes,8.52,8.86,No
8158,B787,1.57,3.9,7.48,No,Rain,No,3.05,6.97,Yes
8159,A380,2.23,6.67,9.69,Yes,Rain,Yes,1.19,8.75,No
8160,A320,0.03,1.84,5.98,No,Rain,No,5.86,9.44,Yes
8161,A320,5.21,3.04,6.89,Yes,Thunderstorm,No,7.03,1.97,Yes
8162,A320,4.04,3.79,8.1,No,Fog,Yes,3.94,4.39,No
8163,B787,0.47,9.88,7.69,No,Clear,Yes,1.13,0.77,No
8164,A320,7.85,8.2,9.86,No,Thunderstorm,No,0.7,0.07,No
8165,A350,5.64,8.28,2.6,No,Rain,Yes,0.02,6.15,Yes
8166,A350,7.03,1.35,6.36,No,Thunderstorm,No,0.67,9.11,Yes
8167,A350,9.34,1.16,0.39,No,Fog,No,4.63,0.73,No
8168,B787,6.29,0.36,6.32,Yes,Rain,Yes,3.09,3.65,No
8169,A320,7.46,7.91,0.34,No,Clear,No,0.33,3.2,No
8170,A320,1.21,8.54,2.32,Yes,Snow,No,1.88,2.89,Yes
8171,B787,9.04,7.89,8.12,Yes,Thunderstorm,Yes,0.5,8.04,No
8172,A320,7.1,6.97,7.72,No,Rain,No,9.39,6.51,Yes
8173,A350,6.32,9.69,0.71,Yes,Rain,Yes,5.21,3.5,No
8174,A320,4.13,1.94,0.27,Yes,Clear,Yes,3.23,4.02,No
8175,B737,9.35,9.0,1.15,Yes,Fog,No,9.27,5.17,No
8176,B787,0.92,5.4,9.42,No,Clear,Yes,0.83,1.03,Yes
8177,B787,3.65,7.44,7.45,Yes,Snow,Yes,8.2,4.41,Yes
8178,B787,9.22,1.5,2.28,No,Clear,Yes,5.5,2.39,No
8179,B787,3.59,0.47,2.96,No,Clear,No,0.1,9.22,No
8180,B787,5.9,5.98,6.31,No,Thunderstorm,Yes,7.65,0.51,Yes
8181,B787,1.91,2.09,5.63,No,Fog,Yes,5.69,0.85,Yes
8182,B737,5.07,7.81,6.13,Yes,Fog,Yes,6.82,6.97,No
8183,B737,1.6,1.46,9.44,Yes,Snow,Yes,2.76,9.69,No
8184,A380,8.82,7.99,6.87,No,Fog,No,6.14,6.24,Yes
8185,A380,2.05,0.25,4.29,Yes,Rain,Yes,6.3,3.48,No
8186,A320,4.37,9.02,1.4,Yes,Snow,Yes,8.76,0.09,Yes
8187,A380,4.98,7.86,1.02,No,Snow,Yes,5.64,8.12,Yes
8188,A380,1.84,3.59,0.24,Yes,Fog,No,0.58,9.45,No
8189,B787,8.74,8.1,0.55,Yes,Rain,No,6.39,2.93,No
8190,B737,7.03,4.99,6.68,Yes,Rain,No,8.27,6.92,No
8191,A320,6.08,0.19,5.53,Yes,Thunderstorm,No,9.02,3.23,No
8192,A350,7.89,3.26,8.68,Yes,Snow,Yes,9.4,0.44,Yes
8193,A350,5.11,4.95,4.06,No,Thunderstorm,No,3.96,9.86,No
8194,B787,5.86,7.53,0.86,No,Rain,Yes,7.86,5.42,No
8195,B787,8.49,6.1,7.2,No,Clear,Yes,3.1,0.67,Yes
8196,B787,3.29,5.14,9.15,No,Snow,No,2.31,9.31,No
8197,A380,7.17,0.62,3.08,No,Clear,No,6.96,3.51,Yes
8198,A350,3.77,4.31,5.22,No,Clear,Yes,8.29,3.92,Yes
8199,A350,3.55,9.7,8.36,No,Rain,No,9.27,9.27,No
8200,A320,6.22,1.53,9.77,No,Rain,Yes,5.11,3.79,No
8201,B737,8.22,3.53,7.57,Yes,Clear,Yes,4.63,3.92,Yes
8202,A380,3.46,0.4,0.93,Yes,Rain,No,9.45,3.32,Yes
8203,A320,4.5,3.07,6.4,Yes,Rain,Yes,9.91,0.51,Yes
8204,A320,1.01,7.79,1.76,No,Thunderstorm,No,9.77,8.13,Yes
8205,B737,1.03,1.42,6.45,Yes,Thunderstorm,No,3.26,1.82,No
8206,B737,3.32,6.52,7.71,No,Fog,No,1.15,1.1,No
8207,A350,7.65,3.93,3.5,No,Snow,No,8.93,6.18,No
8208,A350,3.4,6.71,7.72,No,Thunderstorm,No,9.48,2.08,No
8209,B787,0.74,9.87,7.26,No,Rain,Yes,7.22,7.86,Yes
8210,A320,0.27,8.82,0.05,Yes,Thunderstorm,Yes,3.9,7.73,Yes
8211,A380,8.53,8.4,3.4,Yes,Rain,No,2.09,5.55,Yes
8212,A350,8.78,4.22,5.91,No,Snow,No,2.77,8.66,No
8213,A380,8.05,8.82,7.6,Yes,Rain,No,4.82,9.74,Yes
8214,A380,1.72,6.81,1.51,No,Thunderstorm,No,8.52,6.98,Yes
8215,B787,6.09,7.78,6.49,No,Fog,Yes,1.46,0.83,No
8216,A380,5.8,3.46,3.6,No,Rain,Yes,0.89,3.67,No
8217,B737,8.12,5.35,4.74,No,Clear,No,8.29,6.93,Yes
8218,B787,4.73,1.06,8.33,Yes,Thunderstorm,No,0.8,2.3,No
8219,B737,6.99,1.52,2.54,No,Thunderstorm,No,6.86,8.42,No
8220,A320,6.79,0.21,1.18,No,Thunderstorm,Yes,0.75,5.93,Yes
8221,A320,7.74,7.28,2.58,Yes,Clear,Yes,5.96,9.66,Yes
8222,A380,6.9,0.61,6.02,No,Rain,Yes,7.29,5.95,No
8223,A380,3.86,7.77,5.65,No,Fog,Yes,5.27,5.05,Yes
8224,A350,4.97,7.02,7.52,No,Rain,Yes,6.24,5.51,Yes
8225,B787,4.37,5.66,5.85,No,Rain,No,9.66,3.15,No
8226,A380,8.74,2.46,1.6,Yes,Thunderstorm,No,2.86,6.6,No
8227,A320,4.68,0.6,9.18,Yes,Rain,Yes,2.49,2.48,No
8228,A380,7.89,3.93,0.97,No,Clear,Yes,5.99,5.17,No
8229,A320,8.09,8.04,9.15,No,Fog,No,2.06,1.62,Yes
8230,A380,1.46,1.24,9.01,Yes,Snow,No,3.39,8.72,No
8231,A380,1.68,0.81,7.43,Yes,Thunderstorm,Yes,6.04,7.85,Yes
8232,A380,7.0,9.95,9.99,Yes,Thunderstorm,Yes,7.58,2.32,No
8233,A320,5.95,9.68,9.27,No,Rain,Yes,1.25,6.12,Yes
8234,B787,0.57,6.85,5.1,No,Thunderstorm,No,2.86,4.99,No
8235,A350,4.28,3.59,5.19,Yes,Clear,No,6.12,3.24,No
8236,B787,6.55,8.8,9.88,No,Thunderstorm,Yes,0.51,3.36,Yes
8237,A350,2.79,6.96,1.53,No,Thunderstorm,Yes,1.29,3.23,Yes
8238,A320,8.73,2.21,7.92,No,Fog,Yes,6.65,4.86,Yes
8239,B787,4.22,0.9,9.41,No,Thunderstorm,No,2.54,7.76,Yes
8240,A380,0.47,0.57,1.02,Yes,Fog,Yes,2.62,1.95,No
8241,A350,1.96,9.02,6.63,Yes,Clear,No,8.39,7.4,No
8242,A320,0.48,5.72,4.88,Yes,Snow,No,0.14,3.7,No
8243,A320,6.6,3.72,9.09,No,Rain,Yes,2.28,4.82,No
8244,A380,8.25,6.25,9.02,No,Clear,No,2.91,6.97,Yes
8245,A380,4.69,2.03,6.63,Yes,Fog,No,0.25,5.25,Yes
8246,B737,9.53,3.25,2.83,Yes,Snow,No,1.93,9.51,No
8247,A380,5.97,8.56,2.9,Yes,Clear,No,1.81,7.01,No
8248,A350,4.91,3.96,6.7,Yes,Rain,No,8.46,8.6,Yes
8249,A320,9.87,8.79,5.96,Yes,Snow,No,3.48,1.59,No
8250,B787,1.34,2.31,4.34,Yes,Snow,Yes,7.53,3.96,No
8251,A320,7.61,4.64,6.83,Yes,Fog,No,7.01,7.53,Yes
8252,B787,3.45,1.94,4.52,No,Thunderstorm,Yes,2.87,8.89,No
8253,A380,0.61,4.72,9.67,Yes,Rain,Yes,5.36,3.87,Yes
8254,A380,8.84,2.69,6.16,Yes,Fog,Yes,3.29,6.93,Yes
8255,A350,4.65,1.6,8.54,No,Clear,No,5.43,6.25,Yes
8256,A350,7.22,2.21,5.93,Yes,Fog,Yes,6.17,9.17,No
8257,A380,8.49,9.06,2.98,Yes,Snow,No,2.76,3.57,Yes
8258,A350,6.42,3.22,0.18,No,Snow,Yes,1.0,0.95,Yes
8259,B737,5.07,5.49,1.66,Yes,Snow,No,4.48,6.82,No
8260,B787,5.56,5.86,8.7,No,Clear,No,2.14,5.73,No
8261,A350,8.68,6.24,1.63,Yes,Thunderstorm,No,4.54,0.33,Yes
8262,A350,3.87,1.43,3.16,Yes,Fog,No,7.17,5.27,No
8263,A320,8.21,8.87,5.26,Yes,Rain,Yes,7.59,9.84,No
8264,B737,9.46,9.76,9.59,No,Thunderstorm,No,6.33,2.74,Yes
8265,A380,4.15,3.02,8.22,No,Fog,No,0.38,5.17,No
8266,A320,6.64,2.47,8.69,No,Thunderstorm,No,1.59,2.38,No
8267,A350,0.58,8.46,7.07,No,Snow,No,9.4,0.72,Yes
8268,A350,5.88,3.28,5.06,Yes,Rain,No,9.03,5.08,No
8269,A350,3.69,2.14,9.57,No,Clear,No,9.35,5.4,No
8270,A350,4.22,8.4,6.37,Yes,Thunderstorm,Yes,1.99,6.99,No
8271,B787,2.99,6.95,6.17,No,Thunderstorm,Yes,1.21,8.89,No
8272,A380,2.64,0.79,8.3,Yes,Snow,Yes,8.21,8.47,Yes
8273,B737,6.44,2.77,3.68,Yes,Clear,Yes,9.08,1.34,Yes
8274,A380,7.83,9.59,3.09,Yes,Snow,No,3.88,8.63,Yes
8275,B737,1.74,1.46,3.44,No,Snow,No,2.75,5.39,No
8276,A350,1.24,6.93,2.34,Yes,Thunderstorm,Yes,6.48,0.86,No
8277,B737,3.45,5.38,6.61,Yes,Rain,No,6.94,9.48,No
8278,B737,6.18,7.87,1.17,Yes,Rain,No,4.71,0.79,No
8279,A350,2.93,2.66,2.63,Yes,Snow,No,8.01,3.05,Yes
8280,A380,6.39,4.15,0.84,Yes,Rain,No,0.62,2.01,Yes
8281,A350,2.07,8.12,5.46,No,Fog,Yes,0.03,6.51,No
8282,A320,0.69,0.3,3.02,No,Snow,Yes,0.88,0.68,No
8283,A320,5.07,9.06,2.4,No,Fog,No,1.31,9.85,No
8284,A350,5.0,5.16,4.04,Yes,Snow,No,6.29,0.11,No
8285,A320,1.47,2.02,4.63,No,Clear,No,1.81,8.46,Yes
8286,A350,2.78,2.23,2.5,Yes,Snow,No,7.93,7.83,Yes
8287,B787,8.61,9.74,2.88,Yes,Rain,No,5.0,2.67,No
8288,A350,4.2,6.82,0.24,Yes,Snow,Yes,7.68,1.34,Yes
8289,B737,7.22,3.14,7.55,No,Snow,Yes,8.07,2.99,Yes
8290,B787,8.22,9.43,8.4,Yes,Thunderstorm,No,8.9,9.91,No
8291,A380,1.14,5.53,9.65,Yes,Fog,Yes,0.04,1.53,No
8292,B787,3.38,2.81,9.32,No,Clear,Yes,0.72,6.6,No
8293,A380,6.43,6.87,0.13,No,Thunderstorm,Yes,8.81,2.09,Yes
8294,A320,6.66,2.94,4.84,Yes,Rain,No,2.6,3.59,No
8295,A350,1.34,4.28,8.58,No,Thunderstorm,Yes,0.8,0.4,Yes
8296,A320,2.35,2.42,6.41,Yes,Rain,No,8.21,2.2,No
8297,A380,3.15,7.64,9.84,Yes,Thunderstorm,Yes,0.74,0.08,Yes
8298,B737,7.39,3.82,7.28,No,Rain,Yes,9.84,4.79,No
8299,A380,0.43,3.82,5.7,No,Clear,No,1.84,1.67,No
8300,A320,3.31,4.55,1.22,No,Snow,No,3.77,6.58,No
8301,B787,4.2,9.91,1.52,No,Clear,Yes,8.59,4.41,No
8302,A380,6.6,8.97,8.86,Yes,Rain,No,9.57,2.66,No
8303,B737,4.65,3.03,4.92,Yes,Snow,No,8.93,2.41,Yes
8304,B737,0.62,1.62,6.6,Yes,Fog,No,2.52,7.13,No
8305,A350,2.52,2.89,3.73,No,Clear,No,4.14,9.75,Yes
8306,A320,8.83,0.59,2.93,No,Fog,Yes,8.09,0.54,Yes
8307,A320,2.25,4.31,6.4,Yes,Snow,Yes,1.11,4.09,No
8308,A350,8.04,1.64,9.73,Yes,Fog,Yes,0.6,0.25,No
8309,B737,1.99,6.85,4.62,No,Rain,No,4.13,4.51,Yes
8310,B787,0.01,0.1,2.39,No,Fog,No,7.63,7.04,No
8311,B787,5.88,5.51,9.68,Yes,Thunderstorm,No,5.4,1.62,Yes
8312,B787,7.13,3.5,1.38,No,Rain,Yes,9.96,6.16,No
8313,A380,8.34,9.66,7.85,Yes,Clear,Yes,6.14,2.84,Yes
8314,A350,5.61,3.14,0.62,No,Rain,No,2.09,2.3,No
8315,A350,9.66,0.63,4.81,No,Clear,No,6.43,7.8,No
8316,A380,7.1,1.87,4.6,No,Fog,No,4.38,7.9,Yes
8317,A350,3.87,7.05,7.55,No,Snow,No,4.97,9.55,Yes
8318,B787,8.05,1.36,4.25,No,Clear,Yes,4.35,7.77,Yes
8319,A320,6.51,7.69,2.63,Yes,Thunderstorm,Yes,1.01,3.27,Yes
8320,B787,1.99,0.55,2.65,No,Clear,No,7.12,2.7,No
8321,B737,2.71,6.48,4.7,No,Snow,No,2.43,0.55,Yes
8322,B787,4.18,2.16,9.76,Yes,Rain,Yes,8.1,0.7,No
8323,A350,8.86,9.87,3.83,No,Thunderstorm,Yes,8.7,9.01,No
8324,A380,1.8,6.93,9.47,No,Clear,Yes,0.31,9.89,Yes
8325,A380,7.65,9.71,0.19,No,Thunderstorm,No,7.17,7.65,Yes
8326,B737,9.71,3.1,4.28,Yes,Snow,Yes,8.6,9.71,No
8327,A320,8.67,0.86,4.65,Yes,Fog,Yes,7.18,5.84,No
8328,A380,1.86,5.98,0.64,No,Snow,No,3.88,4.61,Yes
8329,A320,0.02,6.35,5.82,Yes,Rain,Yes,2.53,6.07,Yes
8330,A380,3.81,5.79,9.3,Yes,Clear,Yes,4.41,8.77,Yes
8331,B737,4.46,7.86,2.63,No,Thunderstorm,No,6.57,4.98,No
8332,A380,5.15,9.19,3.66,Yes,Clear,No,6.91,0.14,Yes
8333,A380,1.22,1.3,3.85,Yes,Fog,Yes,7.26,0.31,Yes
8334,B737,0.61,1.69,7.0,No,Clear,No,1.15,4.0,Yes
8335,B787,9.29,9.13,8.39,Yes,Fog,No,8.01,5.21,Yes
8336,A350,5.9,1.98,6.3,No,Fog,No,6.37,0.46,No
8337,A350,7.56,7.84,7.81,No,Fog,Yes,8.28,4.74,Yes
8338,B787,1.02,0.2,5.73,No,Thunderstorm,No,2.59,6.41,No
8339,A320,6.37,8.71,2.29,No,Thunderstorm,No,5.03,5.85,No
8340,A350,6.38,3.64,4.87,Yes,Fog,No,4.73,8.26,Yes
8341,B787,3.57,5.82,5.78,No,Clear,No,8.89,9.0,No
8342,B787,9.31,9.82,7.03,Yes,Thunderstorm,No,8.1,5.83,No
8343,A320,2.57,3.61,1.98,No,Clear,Yes,4.34,2.21,Yes
8344,A350,3.44,1.5,1.96,Yes,Snow,Yes,9.0,6.22,No
8345,A320,1.6,6.19,9.93,No,Snow,No,5.5,7.26,No
8346,A350,4.21,8.03,2.96,Yes,Rain,No,6.81,8.4,No
8347,A350,5.36,0.79,9.46,Yes,Clear,No,8.46,9.22,Yes
8348,B737,1.77,3.55,1.07,No,Rain,No,8.56,4.07,Yes
8349,B787,7.74,1.67,2.13,Yes,Rain,No,3.27,1.09,No
8350,B787,2.71,8.18,1.93,Yes,Clear,Yes,2.88,7.9,No
8351,B787,3.53,4.49,7.71,Yes,Rain,No,3.5,4.91,No
8352,A350,3.9,9.71,5.58,No,Snow,Yes,1.6,1.72,Yes
8353,B787,6.0,0.15,0.9,Yes,Fog,Yes,6.43,9.34,No
8354,B787,1.4,4.47,0.44,No,Clear,Yes,4.61,7.64,No
8355,B787,3.05,0.47,3.59,No,Thunderstorm,Yes,7.06,5.34,Yes
8356,B787,0.06,4.18,9.87,No,Fog,No,1.92,2.15,Yes
8357,A350,7.52,1.36,8.21,No,Thunderstorm,Yes,7.55,3.65,No
8358,A350,2.98,9.54,3.78,Yes,Thunderstorm,Yes,0.11,4.07,Yes
8359,A380,6.21,3.74,1.87,No,Clear,Yes,0.98,0.12,No
8360,B737,7.48,6.72,4.53,No,Clear,Yes,3.23,2.16,Yes
8361,A320,5.61,4.87,1.0,No,Rain,Yes,0.5,0.62,No
8362,B787,6.42,9.09,9.03,Yes,Fog,No,3.7,1.85,Yes
8363,A350,5.48,6.12,0.1,No,Snow,Yes,1.84,4.6,No
8364,B787,2.57,5.1,1.46,Yes,Thunderstorm,Yes,6.1,6.39,No
8365,A380,7.6,2.86,9.84,Yes,Thunderstorm,Yes,5.09,1.0,Yes
8366,B737,2.86,5.27,6.67,Yes,Snow,Yes,8.14,8.23,No
8367,A350,8.62,8.16,1.92,No,Snow,No,7.63,8.47,No
8368,B737,0.07,2.92,1.66,No,Fog,No,9.15,7.99,No
8369,B737,8.58,9.28,9.92,Yes,Fog,No,9.67,8.31,No
8370,B787,0.45,8.12,6.07,Yes,Snow,Yes,2.62,7.84,Yes
8371,A320,0.91,9.56,6.33,Yes,Fog,Yes,4.23,8.36,Yes
8372,A380,1.77,3.35,7.98,No,Snow,Yes,2.62,3.17,No
8373,A350,2.47,5.55,1.16,Yes,Snow,No,2.27,1.99,Yes
8374,A320,4.58,5.27,2.22,Yes,Snow,No,6.84,9.79,No
8375,B787,3.88,6.63,9.0,No,Clear,No,5.37,5.86,No
8376,A350,6.06,0.84,7.49,No,Thunderstorm,Yes,3.14,9.59,No
8377,A350,1.38,1.95,0.55,No,Snow,Yes,6.86,0.85,Yes
8378,B737,2.73,8.67,2.45,No,Snow,Yes,2.39,9.91,Yes
8379,A320,7.06,0.09,3.89,Yes,Fog,Yes,1.18,6.89,No
8380,A350,5.31,6.2,0.39,Yes,Clear,Yes,4.28,3.16,No
8381,A320,3.99,8.42,5.32,No,Rain,Yes,0.64,0.6,No
8382,A380,8.46,1.89,4.25,No,Thunderstorm,Yes,0.52,6.22,No
8383,A320,4.16,3.59,2.21,No,Thunderstorm,Yes,8.99,8.93,Yes
8384,B787,7.24,1.73,4.3,No,Rain,Yes,0.84,4.02,No
8385,A350,9.65,4.77,3.44,No,Snow,Yes,6.26,1.2,No
8386,B787,3.06,9.05,6.86,Yes,Rain,No,8.11,9.49,No
8387,A380,4.36,1.26,1.53,No,Clear,No,3.21,3.37,Yes
8388,B737,3.79,0.58,9.91,Yes,Clear,Yes,3.74,1.31,No
8389,A350,4.26,3.07,2.38,Yes,Snow,No,1.87,0.76,No
8390,B737,4.81,7.11,5.89,No,Thunderstorm,Yes,0.69,8.44,Yes
8391,A380,2.02,4.82,2.03,No,Fog,No,0.15,8.14,Yes
8392,A350,5.78,4.87,0.45,Yes,Snow,No,8.63,6.74,No
8393,A380,7.22,7.46,1.26,Yes,Fog,No,4.3,8.24,No
8394,A380,4.41,5.19,0.22,Yes,Snow,No,2.63,9.57,Yes
8395,A350,3.89,4.91,3.66,Yes,Thunderstorm,No,4.99,0.55,No
8396,B737,8.96,4.18,0.99,Yes,Snow,No,0.43,6.96,Yes
8397,B737,6.53,4.91,2.66,No,Fog,No,6.33,7.93,Yes
8398,A350,9.44,3.21,6.04,Yes,Clear,No,5.39,2.88,No
8399,B737,8.51,4.87,5.06,No,Rain,No,4.05,1.84,Yes
8400,B737,3.35,0.2,2.81,No,Fog,No,2.09,8.96,No
8401,A320,0.86,9.28,6.61,No,Rain,No,7.47,3.69,Yes
8402,B737,5.47,9.39,7.14,Yes,Fog,No,3.9,2.0,No
8403,A350,2.65,4.25,1.87,Yes,Fog,No,7.38,4.88,Yes
8404,A380,6.14,6.89,3.5,Yes,Clear,No,1.07,2.62,No
8405,A350,1.47,3.03,5.33,Yes,Clear,No,7.71,0.69,No
8406,A350,6.71,6.72,3.79,Yes,Clear,Yes,2.83,3.14,No
8407,A380,2.35,7.53,0.25,No,Thunderstorm,Yes,9.99,6.93,Yes
8408,B737,7.56,0.73,5.3,No,Rain,Yes,3.09,9.28,Yes
8409,A380,8.03,1.14,7.75,Yes,Thunderstorm,Yes,7.34,5.6,Yes
8410,B737,7.03,0.58,5.91,Yes,Thunderstorm,No,1.6,9.37,Yes
8411,A320,6.2,7.25,9.13,Yes,Snow,No,6.17,6.13,Yes
8412,B787,0.27,0.59,4.07,Yes,Fog,No,8.69,2.82,Yes
8413,A320,8.02,8.73,5.43,Yes,Snow,Yes,1.44,5.88,Yes
8414,B737,2.28,8.75,2.28,No,Clear,No,3.8,6.84,Yes
8415,B737,5.26,1.93,9.94,No,Rain,No,8.68,1.03,No
8416,A320,5.15,7.69,9.91,No,Thunderstorm,Yes,5.67,2.73,Yes
8417,A320,6.74,9.39,3.35,No,Clear,Yes,9.17,9.4,No
8418,A320,6.18,4.95,4.64,Yes,Thunderstorm,Yes,0.79,2.04,Yes
8419,B787,7.81,1.73,0.62,Yes,Thunderstorm,No,8.39,3.26,Yes
8420,B787,5.89,4.12,7.92,No,Snow,No,2.65,4.4,No
8421,A380,5.59,4.84,0.49,No,Thunderstorm,Yes,5.86,8.68,No
8422,A320,6.05,3.56,3.97,No,Rain,No,7.56,8.86,Yes
8423,A320,5.72,6.61,1.95,Yes,Clear,Yes,1.71,4.15,Yes
8424,A350,4.86,9.28,4.2,Yes,Fog,No,10.0,9.9,Yes
8425,A350,9.66,7.97,5.6,Yes,Rain,No,8.63,0.43,Yes
8426,A320,8.31,5.94,1.95,Yes,Thunderstorm,Yes,9.28,4.87,No
8427,A350,7.5,4.74,2.6,No,Fog,No,9.04,2.11,No
8428,A320,6.83,1.96,7.53,No,Fog,No,5.71,2.31,Yes
8429,B737,5.4,2.84,8.27,No,Snow,Yes,9.7,2.77,No
8430,A380,6.24,5.35,6.32,Yes,Rain,Yes,3.63,6.65,Yes
8431,A350,1.88,2.06,8.33,No,Snow,No,3.65,1.84,No
8432,A350,7.31,1.91,5.77,No,Thunderstorm,No,5.63,9.35,No
8433,A380,4.99,5.77,4.24,No,Rain,Yes,8.65,2.58,No
8434,A320,4.76,7.76,9.92,No,Snow,Yes,5.23,7.2,Yes
8435,A350,6.73,1.42,3.87,No,Snow,Yes,5.57,9.46,No
8436,A320,0.4,8.63,9.98,No,Thunderstorm,Yes,7.89,9.83,No
8437,A380,2.11,6.39,4.46,Yes,Snow,No,8.88,0.48,Yes
8438,B787,4.83,2.9,2.85,Yes,Fog,Yes,3.2,2.72,Yes
8439,B737,0.8,0.61,7.13,Yes,Rain,Yes,3.13,2.58,No
8440,A380,6.17,3.97,6.36,Yes,Snow,No,5.34,0.24,Yes
8441,A320,7.17,8.43,5.29,No,Rain,Yes,1.17,8.83,No
8442,B787,7.03,6.87,6.44,No,Snow,Yes,4.82,7.38,Yes
8443,A380,8.13,4.81,8.81,Yes,Fog,No,8.96,5.77,No
8444,A380,4.28,0.97,8.58,No,Clear,No,6.12,9.66,Yes
8445,A320,7.92,4.79,8.35,Yes,Snow,No,4.17,7.92,Yes
8446,A350,0.26,1.38,7.51,No,Fog,No,7.3,7.9,Yes
8447,A320,5.43,2.19,3.08,Yes,Snow,Yes,6.48,9.89,Yes
8448,A350,4.04,4.68,5.36,Yes,Snow,No,3.36,8.26,Yes
8449,B737,1.06,7.83,7.71,Yes,Fog,No,0.03,4.75,No
8450,A350,5.71,4.96,1.06,No,Fog,No,7.84,2.91,Yes
8451,A380,4.55,3.59,5.26,Yes,Thunderstorm,No,7.23,9.67,Yes
8452,A320,4.94,2.64,5.82,Yes,Fog,Yes,6.52,0.76,Yes
8453,B787,5.21,2.48,4.24,Yes,Thunderstorm,No,0.57,1.16,No
8454,B737,8.47,4.06,9.78,Yes,Fog,No,2.07,4.73,Yes
8455,B787,2.25,9.32,0.43,Yes,Snow,Yes,4.43,1.22,No
8456,B737,4.77,4.24,8.55,No,Thunderstorm,Yes,7.26,8.81,No
8457,B787,5.88,4.06,9.72,No,Fog,Yes,6.31,4.07,Yes
8458,A350,3.82,9.08,8.16,Yes,Rain,No,1.86,4.5,Yes
8459,B787,0.32,7.87,2.07,Yes,Clear,Yes,0.18,3.64,No
8460,A320,1.37,7.99,4.16,Yes,Thunderstorm,No,0.62,1.46,Yes
8461,A320,1.75,4.86,8.28,No,Rain,No,6.61,7.33,No
8462,B737,6.12,6.9,6.46,No,Thunderstorm,No,2.52,0.2,No
8463,B787,2.09,7.26,9.06,Yes,Clear,Yes,8.89,9.91,Yes
8464,A350,7.98,6.88,0.79,No,Snow,Yes,3.16,7.78,Yes
8465,A380,4.11,2.1,4.49,Yes,Snow,Yes,2.56,5.82,No
8466,A320,4.83,6.65,4.74,Yes,Clear,No,8.17,3.58,No
8467,B737,6.8,0.6,7.65,No,Snow,Yes,7.78,5.95,No
8468,A320,0.42,0.09,8.16,No,Rain,Yes,7.43,2.94,No
8469,A380,6.55,9.14,7.86,Yes,Thunderstorm,No,3.68,0.24,No
8470,A320,7.3,3.4,3.01,Yes,Clear,No,0.66,7.04,No
8471,A320,4.41,6.18,7.21,No,Snow,No,8.17,2.09,No
8472,B737,5.63,9.8,1.19,No,Snow,No,2.21,2.78,Yes
8473,B737,0.24,7.02,8.95,Yes,Rain,Yes,4.7,1.77,No
8474,A380,9.83,7.18,7.01,No,Rain,Yes,6.29,8.25,No
8475,B787,0.75,10.0,8.46,No,Rain,Yes,3.59,2.47,No
8476,B787,7.42,1.54,8.49,No,Fog,Yes,8.82,7.11,Yes
8477,A350,5.45,8.35,4.41,Yes,Thunderstorm,Yes,3.91,2.72,No
8478,A380,6.49,4.44,1.35,Yes,Snow,No,6.19,3.93,Yes
8479,A350,7.2,5.62,3.12,No,Snow,Yes,0.65,4.85,No
8480,A380,3.01,4.6,7.05,Yes,Fog,No,4.57,7.33,Yes
8481,A320,9.77,5.13,3.14,Yes,Rain,No,6.44,6.64,Yes
8482,B737,3.24,0.51,2.34,Yes,Fog,No,5.84,4.66,No
8483,A380,7.93,8.29,8.34,No,Snow,No,0.51,6.64,Yes
8484,A380,6.05,6.82,3.84,Yes,Clear,No,6.93,6.69,Yes
8485,B737,3.53,7.44,0.22,Yes,Thunderstorm,No,7.26,5.48,No
8486,A320,1.04,4.79,8.54,No,Snow,Yes,9.56,2.43,Yes
8487,B787,6.25,8.89,3.83,No,Thunderstorm,No,5.52,0.99,Yes
8488,A320,2.31,1.55,8.13,No,Clear,Yes,8.17,5.93,No
8489,B737,1.02,3.41,5.62,No,Fog,Yes,7.79,2.96,Yes
8490,B737,5.93,1.76,0.37,Yes,Rain,Yes,2.72,9.11,No
8491,B787,0.01,5.93,7.42,Yes,Snow,No,1.85,1.6,No
8492,B737,8.53,7.02,2.42,Yes,Snow,No,8.14,6.48,Yes
8493,A380,6.74,1.69,6.23,Yes,Fog,No,0.67,9.28,No
8494,B737,4.2,7.77,8.2,No,Fog,No,0.72,4.95,No
8495,A350,1.35,5.23,5.5,No,Fog,Yes,6.78,6.17,Yes
8496,A320,7.94,5.32,9.73,No,Thunderstorm,Yes,9.26,7.18,No
8497,A320,1.54,4.96,3.29,Yes,Snow,No,1.69,2.87,No
8498,B737,2.85,3.29,2.52,No,Thunderstorm,Yes,3.94,3.42,Yes
8499,A320,2.21,6.23,2.63,No,Snow,Yes,6.55,3.68,Yes
8500,A320,6.33,1.51,6.8,No,Thunderstorm,Yes,7.45,5.9,Yes
8501,B787,7.35,7.88,4.12,Yes,Fog,No,1.67,8.48,Yes
8502,B737,6.68,0.44,2.93,Yes,Thunderstorm,No,3.91,1.1,Yes
8503,B737,4.47,2.06,2.91,No,Thunderstorm,Yes,9.18,5.84,Yes
8504,B787,1.77,0.17,2.21,No,Snow,Yes,3.05,7.0,Yes
8505,B787,2.78,9.57,7.1,Yes,Rain,No,0.59,0.3,No
8506,A350,8.73,8.08,8.8,No,Rain,No,3.71,1.14,No
8507,B787,7.14,5.3,1.65,Yes,Clear,No,4.53,9.69,Yes
8508,B787,6.44,4.04,6.21,No,Thunderstorm,Yes,4.34,7.22,Yes
8509,B787,6.86,0.0,2.35,No,Clear,No,3.55,9.76,No
8510,A320,7.14,6.32,9.18,No,Clear,No,6.38,2.62,Yes
8511,B787,9.68,9.73,1.72,Yes,Thunderstorm,Yes,6.19,9.7,No
8512,B737,4.12,5.74,2.65,Yes,Snow,Yes,6.04,6.82,Yes
8513,A380,4.32,6.01,3.43,No,Snow,No,5.48,9.28,No
8514,B787,7.31,6.12,3.23,No,Snow,Yes,7.09,7.15,Yes
8515,B787,0.78,7.82,5.54,Yes,Snow,No,4.62,7.77,No
8516,A380,9.5,0.25,8.15,Yes,Rain,Yes,9.09,8.84,No
8517,B737,4.99,5.04,5.86,Yes,Fog,Yes,8.22,5.35,Yes
8518,B787,3.85,1.71,9.81,No,Rain,No,8.42,3.23,Yes
8519,A350,5.65,3.16,9.75,No,Fog,Yes,6.42,0.32,Yes
8520,A320,1.49,2.19,3.2,No,Thunderstorm,Yes,9.51,9.18,No
8521,B787,6.11,2.73,2.25,No,Fog,Yes,1.0,2.84,No
8522,A320,7.03,7.48,4.64,No,Clear,No,2.55,7.75,No
8523,A380,6.0,5.65,1.68,Yes,Rain,Yes,7.85,1.73,No
8524,A380,6.88,0.92,3.59,No,Thunderstorm,No,6.93,6.44,Yes
8525,B787,1.11,8.37,5.0,No,Snow,Yes,6.05,1.1,No
8526,A380,4.23,6.62,4.06,Yes,Rain,Yes,4.24,8.45,Yes
8527,A350,0.16,6.09,8.18,Yes,Clear,Yes,9.48,1.86,Yes
8528,A380,1.24,3.17,8.92,No,Fog,Yes,1.76,1.86,No
8529,A320,6.27,8.27,3.57,No,Rain,Yes,9.33,1.65,No
8530,B737,3.75,8.09,0.68,No,Clear,No,8.39,3.59,No
8531,B737,0.89,1.57,2.49,No,Thunderstorm,No,9.02,9.89,Yes
8532,A380,2.78,8.62,9.76,Yes,Fog,No,10.0,5.29,No
8533,A320,8.34,5.19,7.83,Yes,Fog,Yes,3.99,6.59,Yes
8534,B737,9.36,3.33,5.61,No,Snow,No,0.22,8.24,No
8535,A380,7.39,9.42,3.79,Yes,Snow,No,4.16,9.82,Yes
8536,B737,4.19,5.66,4.66,Yes,Clear,No,7.01,7.58,Yes
8537,B737,0.94,6.03,8.29,Yes,Fog,No,0.58,3.89,No
8538,B787,4.67,6.48,0.65,Yes,Thunderstorm,No,8.3,5.24,Yes
8539,B737,1.19,3.53,3.36,No,Thunderstorm,No,4.37,2.37,Yes
8540,A320,0.68,1.0,9.52,No,Clear,Yes,0.36,0.85,Yes
8541,A380,1.52,3.65,8.09,Yes,Rain,Yes,0.61,0.35,Yes
8542,B737,5.55,4.33,8.23,No,Snow,Yes,8.76,8.78,Yes
8543,B787,4.98,6.5,1.23,No,Clear,Yes,6.18,5.93,No
8544,A380,1.86,3.1,1.95,No,Fog,Yes,1.96,1.49,No
8545,B787,3.13,9.63,8.19,Yes,Thunderstorm,No,6.41,2.18,Yes
8546,A380,5.8,6.16,4.31,No,Snow,No,6.41,5.67,Yes
8547,B787,7.01,8.74,2.2,Yes,Rain,No,5.61,3.05,No
8548,A350,6.18,7.26,9.97,Yes,Snow,Yes,6.09,4.07,No
8549,A320,8.93,7.43,2.28,Yes,Rain,Yes,2.94,8.38,Yes
8550,B737,8.73,6.38,4.48,No,Rain,No,6.42,8.52,Yes
8551,A380,2.07,9.16,8.04,No,Thunderstorm,No,4.96,4.05,Yes
8552,A380,8.1,0.94,3.36,Yes,Thunderstorm,No,7.46,9.14,Yes
8553,A380,3.56,2.15,2.55,Yes,Thunderstorm,No,2.49,7.51,Yes
8554,A350,7.32,8.45,7.04,Yes,Rain,No,6.6,6.87,Yes
8555,A380,2.23,1.2,1.5,Yes,Thunderstorm,No,1.71,9.19,Yes
8556,A350,6.72,3.99,4.53,Yes,Thunderstorm,Yes,3.11,0.19,No
8557,B787,7.2,9.8,8.95,No,Fog,No,3.04,7.63,Yes
8558,B737,5.95,4.16,4.5,Yes,Clear,Yes,7.51,7.84,Yes
8559,A350,6.87,6.24,2.39,No,Thunderstorm,Yes,2.7,4.75,No
8560,A320,6.03,4.62,1.15,No,Thunderstorm,No,1.78,3.8,No
8561,A350,0.51,9.96,2.62,Yes,Thunderstorm,Yes,7.38,1.96,No
8562,A320,6.45,8.48,4.61,Yes,Rain,Yes,6.81,2.89,No
8563,B787,5.32,9.0,5.1,No,Snow,No,4.31,1.47,Yes
8564,A320,2.83,1.08,0.08,Yes,Clear,Yes,3.77,3.95,Yes
8565,A320,4.41,7.65,6.71,Yes,Clear,No,5.72,7.89,No
8566,A380,6.19,2.75,2.81,No,Fog,No,2.72,1.19,No
8567,A380,2.28,6.11,0.32,No,Rain,No,2.63,2.71,Yes
8568,A320,3.95,2.56,0.76,Yes,Rain,No,9.57,6.56,Yes
8569,A350,8.74,6.03,5.22,No,Fog,No,6.18,4.62,Yes
8570,A380,0.48,0.92,3.91,No,Snow,No,6.13,0.15,Yes
8571,A320,0.16,7.81,1.76,No,Fog,No,8.82,6.56,No
8572,B787,2.52,8.82,1.12,Yes,Rain,No,8.8,1.96,No
8573,B737,5.41,9.21,1.83,No,Thunderstorm,No,9.83,3.12,No
8574,A350,1.66,8.97,1.94,Yes,Fog,Yes,5.45,7.32,Yes
8575,A380,4.7,6.92,3.59,No,Snow,No,2.87,2.82,Yes
8576,B737,1.37,3.5,5.37,No,Clear,Yes,6.07,0.53,Yes
8577,B737,7.99,3.74,6.86,No,Snow,No,7.31,7.48,No
8578,A350,3.54,9.76,8.12,No,Thunderstorm,No,3.43,0.8,No
8579,B737,4.03,7.2,7.55,No,Fog,Yes,3.37,6.0,No
8580,A350,6.31,8.35,0.52,No,Clear,Yes,4.17,3.97,No
8581,A380,8.47,2.64,6.68,No,Rain,Yes,7.44,2.09,No
8582,A350,8.24,1.97,9.63,No,Rain,Yes,7.32,2.69,Yes
8583,A350,4.97,6.33,9.33,No,Clear,Yes,8.08,7.79,No
8584,A320,7.39,4.55,0.86,Yes,Rain,No,0.73,3.27,Yes
8585,B787,3.7,6.25,6.16,Yes,Thunderstorm,Yes,9.84,4.14,Yes
8586,B787,4.56,5.97,7.58,No,Fog,No,5.92,2.65,No
8587,B787,1.96,9.06,5.2,Yes,Fog,No,7.89,6.22,No
8588,B737,5.66,0.08,7.3,No,Fog,No,0.79,2.14,Yes
8589,A350,2.67,4.68,6.47,No,Fog,No,6.48,5.64,No
8590,A380,1.82,0.17,3.24,Yes,Clear,Yes,1.5,4.48,Yes
8591,B787,2.67,4.76,0.9,No,Thunderstorm,No,7.51,1.21,Yes
8592,A380,1.73,9.01,3.69,Yes,Fog,Yes,3.64,5.91,Yes
8593,A320,4.29,9.94,7.21,Yes,Thunderstorm,Yes,2.73,6.39,Yes
8594,A350,5.07,4.43,0.99,Yes,Fog,No,5.22,3.18,Yes
8595,A380,0.22,3.96,1.51,No,Fog,No,2.04,1.26,No
8596,A350,0.24,4.65,9.73,No,Thunderstorm,No,9.75,9.15,No
8597,A380,3.94,5.35,8.29,Yes,Fog,No,4.05,6.65,No
8598,B737,3.08,0.25,0.92,Yes,Fog,No,7.63,0.94,Yes
8599,B787,0.14,3.76,2.51,No,Snow,No,4.45,3.85,Yes
8600,A320,0.02,1.68,2.11,Yes,Fog,Yes,0.19,1.09,No
8601,A320,0.77,1.57,5.95,No,Thunderstorm,No,4.24,0.36,No
8602,A380,3.82,2.0,3.73,Yes,Fog,No,5.04,1.99,No
8603,A320,4.64,1.95,3.51,Yes,Fog,No,0.8,1.36,No
8604,B787,3.17,7.98,8.48,Yes,Snow,Yes,1.93,2.43,Yes
8605,A350,9.06,8.65,2.76,No,Thunderstorm,Yes,7.96,6.11,Yes
8606,A350,5.2,5.73,5.54,Yes,Clear,Yes,2.1,8.22,Yes
8607,B737,5.39,0.57,3.17,No,Fog,No,5.66,4.44,Yes
8608,A380,3.73,8.26,6.55,No,Fog,Yes,1.46,5.52,No
8609,A320,3.42,4.52,3.87,No,Fog,Yes,8.0,4.01,Yes
8610,A350,2.78,2.43,7.93,Yes,Fog,Yes,7.25,5.35,No
8611,B737,5.19,3.81,3.38,No,Clear,Yes,5.18,2.75,Yes
8612,A350,2.24,5.93,0.04,No,Thunderstorm,Yes,6.6,0.21,Yes
8613,A350,9.48,5.0,3.3,No,Thunderstorm,No,0.56,2.63,Yes
8614,A320,1.94,1.12,5.47,Yes,Rain,Yes,7.78,1.9,Yes
8615,A350,7.42,5.34,4.71,Yes,Fog,Yes,9.93,7.34,No
8616,B787,6.56,6.81,9.41,No,Snow,Yes,5.1,0.4,No
8617,B787,7.02,4.13,3.16,Yes,Thunderstorm,Yes,8.3,9.03,No
8618,A380,9.95,1.52,3.35,No,Snow,Yes,4.07,1.22,Yes
8619,B737,6.15,7.81,2.98,Yes,Thunderstorm,No,4.59,6.41,Yes
8620,A320,3.65,4.65,9.47,No,Clear,Yes,0.09,5.15,Yes
8621,A350,9.24,3.55,3.18,Yes,Fog,Yes,4.88,9.18,Yes
8622,B737,8.7,7.69,5.54,No,Rain,Yes,5.39,7.93,No
8623,A320,6.39,1.06,1.99,No,Fog,No,9.83,9.34,Yes
8624,A350,5.55,0.19,9.36,No,Rain,Yes,1.24,6.55,Yes
8625,A380,9.05,4.83,4.67,Yes,Clear,Yes,4.06,9.64,Yes
8626,A350,7.51,0.33,5.65,Yes,Snow,Yes,4.8,3.29,Yes
8627,A350,5.94,8.68,8.01,No,Fog,No,2.73,1.36,Yes
8628,B737,0.15,5.99,3.82,Yes,Fog,No,8.55,1.04,No
8629,B737,7.19,4.96,0.26,No,Clear,No,3.69,4.75,Yes
8630,B787,6.09,6.54,2.44,Yes,Thunderstorm,Yes,7.88,2.78,No
8631,B787,9.08,7.35,1.6,No,Snow,Yes,1.8,3.83,No
8632,B737,6.78,8.51,9.24,Yes,Clear,Yes,4.77,0.43,No
8633,A320,6.56,2.44,4.4,Yes,Clear,No,6.43,2.11,No
8634,A380,6.45,3.65,6.6,Yes,Thunderstorm,Yes,3.91,2.2,No
8635,A350,8.45,8.98,3.56,Yes,Rain,No,1.97,8.71,Yes
8636,A350,9.71,9.04,3.02,No,Snow,Yes,6.97,6.26,Yes
8637,A380,1.2,1.83,1.6,No,Rain,Yes,5.66,6.41,Yes
8638,B787,6.24,9.32,5.14,Yes,Fog,Yes,2.57,7.22,Yes
8639,B737,4.73,8.53,0.14,No,Snow,No,6.14,1.8,No
8640,B737,0.51,3.52,3.74,Yes,Snow,No,0.16,7.46,No
8641,B787,4.06,7.82,5.99,Yes,Clear,Yes,7.45,1.45,No
8642,B737,5.26,6.07,5.87,Yes,Rain,No,3.75,4.98,No
8643,A350,6.6,5.88,1.41,No,Clear,Yes,8.38,3.64,Yes
8644,B737,3.08,9.96,8.48,Yes,Fog,Yes,2.59,6.4,No
8645,A350,8.01,1.53,4.04,No,Snow,No,7.89,4.07,No
8646,B787,3.81,1.19,2.19,Yes,Clear,No,7.72,3.11,No
8647,A320,9.38,2.13,0.76,Yes,Clear,No,8.61,9.68,No
8648,B787,6.18,1.7,4.6,No,Fog,No,2.12,0.02,Yes
8649,B737,0.4,4.97,2.74,No,Snow,Yes,8.82,8.11,No
8650,A380,3.84,3.1,5.78,Yes,Snow,No,2.34,6.39,Yes
8651,A380,2.94,9.4,4.19,Yes,Fog,No,9.31,1.96,No
8652,A320,2.0,7.45,5.64,Yes,Snow,No,9.11,1.46,Yes
8653,A350,2.68,2.72,3.66,No,Fog,Yes,3.03,3.29,Yes
8654,B737,4.2,4.43,7.86,Yes,Rain,Yes,3.34,7.88,Yes
8655,A350,4.91,4.69,7.38,No,Clear,No,6.46,4.89,No
8656,A320,1.72,1.94,2.43,Yes,Rain,Yes,9.28,5.19,No
8657,A380,3.69,3.79,0.51,Yes,Thunderstorm,Yes,8.83,2.38,Yes
8658,A350,7.03,1.1,5.82,Yes,Rain,No,2.96,5.0,No
8659,A380,9.11,2.1,9.77,No,Fog,Yes,9.42,3.88,Yes
8660,A380,0.91,6.3,8.82,No,Fog,No,5.23,8.15,No
8661,B737,5.5,2.06,1.46,No,Thunderstorm,Yes,4.0,3.11,No
8662,B787,4.82,6.34,2.23,No,Clear,No,3.8,7.79,No
8663,A380,8.66,2.73,5.5,Yes,Clear,No,8.44,7.17,No
8664,B737,6.54,9.04,1.68,Yes,Fog,Yes,7.4,7.97,Yes
8665,B787,2.64,1.79,7.67,Yes,Rain,Yes,1.65,9.17,No
8666,A320,8.29,4.07,7.89,No,Fog,No,6.32,8.51,No
8667,B787,9.55,8.13,4.25,Yes,Rain,Yes,1.84,6.27,Yes
8668,A350,7.29,3.99,2.82,Yes,Snow,No,7.56,6.25,No
8669,B737,3.57,7.72,7.77,Yes,Fog,Yes,4.4,0.92,No
8670,A350,5.45,4.6,8.29,No,Rain,No,0.02,9.15,Yes
8671,A380,4.44,7.67,7.74,No,Snow,No,0.95,9.89,No
8672,B737,0.84,0.09,0.36,No,Fog,Yes,0.12,1.96,Yes
8673,B737,0.14,0.37,6.09,No,Thunderstorm,Yes,6.02,6.62,No
8674,A320,1.82,8.63,8.82,Yes,Fog,Yes,1.35,0.63,No
8675,A320,2.23,7.59,0.78,No,Clear,Yes,6.5,2.91,No
8676,A320,4.77,1.72,3.16,No,Fog,Yes,0.6,1.03,No
8677,B787,0.43,4.64,4.7,No,Rain,No,6.93,8.6,No
8678,B737,2.19,0.09,5.28,Yes,Snow,Yes,1.25,3.73,Yes
8679,B787,3.18,5.03,7.19,Yes,Rain,No,7.97,4.92,No
8680,B787,0.1,8.13,1.49,Yes,Snow,Yes,9.13,1.76,Yes
8681,A350,3.28,4.94,4.05,No,Thunderstorm,Yes,0.41,9.78,Yes
8682,B787,9.82,8.55,4.88,No,Snow,No,3.46,8.49,No
8683,B787,3.15,0.27,2.59,No,Snow,Yes,4.28,3.96,Yes
8684,B737,0.04,3.55,2.19,Yes,Fog,Yes,6.11,5.31,Yes
8685,B737,8.71,0.1,1.29,Yes,Clear,No,6.68,2.33,Yes
8686,B737,4.09,2.04,5.78,Yes,Rain,No,1.07,1.76,No
8687,A380,7.88,6.16,3.19,No,Clear,No,2.32,7.75,No
8688,B737,8.65,7.57,6.6,No,Fog,Yes,8.77,3.15,No
8689,B737,1.67,2.51,3.07,Yes,Thunderstorm,Yes,0.96,7.23,Yes
8690,A320,2.18,1.16,9.53,No,Thunderstorm,No,4.39,9.74,Yes
8691,B787,3.89,6.04,1.08,No,Rain,No,1.04,3.43,Yes
8692,A320,3.47,9.87,8.22,No,Thunderstorm,No,7.42,8.66,Yes
8693,B737,7.69,7.42,6.01,Yes,Fog,Yes,1.53,5.7,Yes
8694,B737,9.09,8.59,0.7,No,Thunderstorm,Yes,6.68,9.7,No
8695,B737,3.48,4.86,7.29,Yes,Thunderstorm,No,5.83,4.1,Yes
8696,A350,1.82,8.18,4.52,Yes,Fog,No,9.7,4.77,Yes
8697,A320,9.6,0.28,3.49,Yes,Rain,Yes,5.3,3.96,Yes
8698,A350,6.08,4.4,2.72,Yes,Fog,No,7.46,9.94,Yes
8699,A380,0.91,9.81,2.87,No,Snow,No,3.26,6.7,No
8700,B787,1.86,4.63,3.79,No,Thunderstorm,Yes,4.51,9.7,No
8701,B787,4.89,7.42,2.95,No,Fog,No,4.49,4.21,Yes
8702,A350,5.54,6.39,9.47,Yes,Snow,No,4.49,7.82,Yes
8703,A350,3.2,8.1,5.34,Yes,Clear,Yes,5.63,5.68,No
8704,A380,5.48,5.31,4.18,No,Snow,No,1.48,1.95,Yes
8705,A320,8.19,9.61,1.8,No,Fog,No,3.51,5.02,Yes
8706,A350,0.59,2.93,6.58,No,Snow,Yes,8.71,9.73,Yes
8707,B787,0.39,0.25,6.86,No,Clear,Yes,6.0,4.91,Yes
8708,A350,0.23,4.35,2.35,No,Thunderstorm,No,9.2,7.29,Yes
8709,B737,5.94,6.81,6.74,No,Thunderstorm,Yes,3.29,1.43,Yes
8710,A380,3.6,2.54,3.03,No,Thunderstorm,No,9.63,4.08,No
8711,B787,7.3,2.77,4.81,No,Snow,No,0.44,7.54,No
8712,A380,0.07,2.68,2.26,No,Rain,Yes,1.87,4.24,No
8713,A380,7.94,2.68,7.93,Yes,Snow,No,1.99,6.87,Yes
8714,A380,3.2,2.13,4.45,No,Clear,No,3.61,2.09,No
8715,B787,3.49,1.39,7.05,No,Rain,No,4.48,7.96,Yes
8716,A320,0.93,2.41,2.31,Yes,Thunderstorm,Yes,4.26,1.7,Yes
8717,A320,0.29,5.52,6.89,No,Clear,Yes,8.77,8.19,Yes
8718,B737,5.07,6.39,5.43,No,Clear,No,9.95,5.74,No
8719,A350,8.66,1.46,9.44,No,Fog,Yes,8.17,8.38,No
8720,A380,4.47,9.97,7.19,Yes,Rain,No,0.84,2.91,No
8721,A380,8.96,0.61,1.71,No,Thunderstorm,Yes,3.85,7.43,No
8722,B737,1.64,3.12,3.31,No,Rain,No,3.96,2.11,No
8723,B737,9.77,8.33,6.74,No,Snow,Yes,5.5,0.67,No
8724,B787,6.78,3.45,4.76,Yes,Clear,No,2.32,4.62,Yes
8725,A320,0.89,5.54,8.83,Yes,Clear,Yes,4.43,1.04,No
8726,A320,0.91,1.85,5.31,No,Rain,No,9.28,8.96,Yes
8727,B787,3.92,6.38,9.64,Yes,Snow,Yes,0.79,0.88,No
8728,B787,2.56,7.81,1.53,Yes,Rain,No,4.28,2.43,No
8729,A320,7.62,4.54,7.86,No,Snow,Yes,1.61,4.94,No
8730,A320,4.02,6.56,0.87,Yes,Snow,No,5.52,7.09,No
8731,B737,4.18,7.46,4.67,No,Rain,Yes,3.58,5.71,No
8732,A350,1.42,0.68,4.03,No,Rain,No,8.05,1.78,Yes
8733,B787,5.36,5.18,1.12,Yes,Fog,No,6.3,6.67,Yes
8734,A350,2.65,9.43,8.97,No,Rain,Yes,9.04,0.65,No
8735,A380,9.64,2.92,4.83,No,Thunderstorm,Yes,4.71,3.6,Yes
8736,B787,1.95,1.57,2.61,No,Clear,Yes,6.28,5.27,Yes
8737,B787,1.0,0.76,4.64,Yes,Clear,No,0.15,5.23,Yes
8738,A350,1.97,7.6,0.13,Yes,Clear,No,1.37,0.05,Yes
8739,B737,3.56,7.75,1.97,No,Thunderstorm,Yes,2.69,7.92,No
8740,A380,0.37,5.7,2.09,No,Thunderstorm,Yes,2.79,6.51,Yes
8741,A350,0.35,1.41,5.55,Yes,Clear,No,8.2,3.18,Yes
8742,B787,9.61,0.65,4.22,Yes,Snow,No,0.89,2.6,Yes
8743,A320,1.54,6.93,6.0,Yes,Fog,Yes,8.64,9.04,Yes
8744,B737,8.02,4.52,6.76,No,Clear,Yes,2.51,3.18,Yes
8745,A350,8.27,4.19,7.65,No,Rain,No,1.61,9.35,Yes
8746,A320,8.63,8.57,7.97,Yes,Fog,No,5.33,5.56,Yes
8747,B787,8.76,7.63,7.86,No,Thunderstorm,No,6.06,9.78,Yes
8748,A350,8.85,1.88,1.94,Yes,Snow,No,4.38,4.94,Yes
8749,A380,7.51,9.31,0.23,Yes,Fog,No,2.31,7.01,No
8750,A380,4.79,6.49,9.07,Yes,Clear,Yes,7.74,7.19,Yes
8751,A350,3.77,4.72,3.39,Yes,Clear,Yes,1.73,9.75,Yes
8752,B737,4.59,9.19,3.09,Yes,Thunderstorm,No,7.75,5.73,Yes
8753,A380,7.08,6.43,1.35,Yes,Fog,No,9.58,6.85,Yes
8754,B787,2.39,3.38,8.92,No,Rain,Yes,8.55,0.9,Yes
8755,B737,4.95,4.54,2.63,No,Thunderstorm,No,7.1,2.74,Yes
8756,A320,0.18,3.88,9.97,Yes,Rain,Yes,2.53,9.63,Yes
8757,B737,3.25,9.87,1.87,Yes,Snow,Yes,4.29,9.86,No
8758,B737,3.59,9.91,3.72,No,Fog,Yes,2.43,8.14,Yes
8759,A380,8.14,3.51,2.77,No,Thunderstorm,Yes,1.0,4.39,Yes
8760,A380,9.3,2.47,5.35,Yes,Thunderstorm,No,5.55,8.91,No
8761,B787,5.47,0.96,9.12,No,Rain,No,5.49,6.33,Yes
8762,B737,4.86,7.94,0.19,No,Thunderstorm,Yes,7.99,4.12,Yes
8763,A380,9.58,5.18,8.47,No,Thunderstorm,No,0.71,5.49,No
8764,A320,1.89,3.26,6.52,No,Rain,Yes,2.97,4.51,No
8765,A320,2.4,1.4,6.6,Yes,Snow,No,0.87,1.7,Yes
8766,B787,9.84,6.06,5.8,Yes,Snow,Yes,0.31,2.09,No
8767,A380,4.41,3.54,4.74,Yes,Thunderstorm,No,6.43,1.34,Yes
8768,A380,8.98,1.21,4.4,No,Rain,Yes,6.03,7.29,Yes
8769,B737,9.88,9.55,6.8,Yes,Snow,No,3.66,5.51,No
8770,A350,0.34,4.83,1.34,No,Fog,No,1.34,2.66,No
8771,B787,5.74,2.92,1.14,Yes,Clear,Yes,6.73,8.5,Yes
8772,A320,3.81,6.93,6.85,Yes,Snow,No,2.11,9.15,Yes
8773,B737,1.56,5.15,2.57,Yes,Fog,Yes,2.45,2.67,Yes
8774,A350,5.53,1.05,1.23,No,Snow,Yes,0.64,8.58,Yes
8775,A380,7.26,9.76,9.39,No,Clear,No,7.3,1.01,No
8776,B787,8.68,2.04,0.33,No,Rain,No,2.02,7.67,No
8777,B787,7.01,2.67,2.99,No,Rain,Yes,7.97,3.54,Yes
8778,A350,4.61,4.76,8.23,No,Fog,Yes,4.76,6.34,No
8779,A380,8.5,8.86,0.11,Yes,Clear,Yes,4.94,5.4,No
8780,A320,4.24,8.21,1.35,Yes,Snow,Yes,3.48,3.37,No
8781,B787,8.92,1.8,2.78,Yes,Snow,No,4.42,5.0,Yes
8782,B737,7.25,3.62,6.52,No,Snow,Yes,1.04,3.97,No
8783,B787,2.13,5.61,8.87,No,Thunderstorm,Yes,8.71,7.06,Yes
8784,A350,8.42,0.31,6.57,Yes,Fog,Yes,3.58,1.41,Yes
8785,A320,6.82,7.89,9.7,No,Rain,No,3.21,4.65,No
8786,A380,4.97,4.49,1.33,Yes,Clear,No,2.5,8.07,No
8787,B787,2.07,4.34,4.13,No,Clear,No,7.1,7.85,No
8788,B787,8.53,9.04,9.36,Yes,Rain,Yes,9.9,1.41,Yes
8789,B787,2.8,0.95,4.18,Yes,Snow,Yes,6.04,7.87,Yes
8790,B787,8.02,3.31,8.74,Yes,Clear,Yes,4.16,7.49,Yes
8791,A320,2.82,2.47,6.41,No,Fog,Yes,9.28,2.97,Yes
8792,B787,3.83,2.58,6.31,No,Snow,Yes,0.25,2.21,No
8793,A320,8.69,9.15,6.48,No,Rain,No,2.44,8.14,No
8794,B737,9.27,5.91,7.98,Yes,Clear,No,0.83,2.11,Yes
8795,A350,7.32,9.02,3.65,No,Clear,Yes,2.08,2.25,No
8796,B737,9.7,2.35,2.29,No,Snow,No,8.81,3.51,Yes
8797,A320,1.79,7.23,7.79,Yes,Rain,Yes,7.74,4.76,Yes
8798,A380,0.62,7.27,1.83,No,Rain,No,1.17,2.19,No
8799,A350,3.6,4.64,6.49,No,Fog,No,7.4,5.72,No
8800,A320,8.55,0.03,3.82,Yes,Clear,No,8.42,6.23,No
8801,A380,2.91,9.44,5.49,Yes,Fog,No,5.54,5.0,Yes
8802,A380,0.92,2.34,4.69,Yes,Rain,No,3.51,9.2,No
8803,A380,0.95,6.73,7.1,No,Snow,Yes,2.94,2.52,Yes
8804,A320,4.67,6.66,2.38,Yes,Clear,Yes,5.53,4.31,Yes
8805,A380,8.52,5.8,6.16,No,Snow,No,2.99,2.94,No
8806,A380,4.36,6.71,1.02,Yes,Fog,Yes,2.1,3.34,No
8807,A350,9.89,6.15,7.49,No,Clear,No,2.24,4.39,Yes
8808,A380,3.23,5.86,3.4,No,Clear,Yes,7.61,9.15,No
8809,A350,9.35,5.67,3.05,Yes,Fog,No,8.49,2.21,No
8810,A380,5.58,1.42,7.26,No,Rain,No,2.19,7.36,No
8811,B787,4.54,5.81,4.1,Yes,Rain,No,5.11,3.87,No
8812,B737,6.05,5.67,5.18,No,Rain,No,1.52,7.75,Yes
8813,A320,4.37,5.33,6.41,No,Snow,Yes,7.52,0.18,No
8814,A380,0.44,5.17,0.99,Yes,Snow,No,5.0,5.61,No
8815,A380,6.4,8.29,1.5,Yes,Fog,No,0.48,9.75,No
8816,B737,0.95,0.77,3.78,Yes,Snow,No,5.54,3.14,No
8817,B787,3.31,3.37,5.68,Yes,Rain,No,5.2,7.44,Yes
8818,A350,2.12,3.52,2.96,No,Thunderstorm,Yes,5.98,9.64,No
8819,A350,6.03,2.1,0.4,No,Snow,No,1.87,8.38,No
8820,A350,9.9,9.3,5.23,Yes,Fog,Yes,8.92,2.75,Yes
8821,B787,0.97,5.76,0.89,Yes,Snow,No,6.29,5.83,Yes
8822,A380,7.18,7.74,4.09,No,Snow,No,4.09,7.57,Yes
8823,B737,4.5,5.54,0.55,Yes,Rain,Yes,0.63,5.37,Yes
8824,A350,1.63,2.51,8.35,Yes,Snow,Yes,5.81,6.99,Yes
8825,A350,5.91,3.34,6.62,No,Snow,No,3.87,2.8,Yes
8826,A320,3.04,1.74,8.39,No,Rain,No,6.19,9.38,No
8827,B787,1.62,0.73,5.07,No,Fog,No,3.79,2.51,No
8828,A320,1.9,2.62,6.37,No,Rain,Yes,6.42,9.86,Yes
8829,A320,2.16,0.71,4.76,Yes,Snow,No,3.91,7.31,No
8830,B787,5.81,4.43,9.13,Yes,Snow,No,0.72,9.2,No
8831,B787,1.48,8.68,6.08,No,Rain,Yes,0.34,3.11,No
8832,A380,8.37,5.7,7.7,No,Snow,No,9.97,1.8,Yes
8833,A380,1.69,4.33,7.95,Yes,Clear,Yes,3.45,4.13,No
8834,B737,7.24,4.72,1.66,Yes,Clear,Yes,7.58,3.97,Yes
8835,B787,7.73,8.93,0.06,Yes,Thunderstorm,Yes,4.04,1.08,No
8836,A380,9.96,4.92,3.12,Yes,Thunderstorm,No,9.41,3.39,No
8837,B737,2.17,2.76,9.06,No,Fog,No,2.31,2.35,Yes
8838,A380,0.84,3.64,7.15,Yes,Clear,Yes,3.51,1.24,Yes
8839,A380,5.75,1.85,8.52,Yes,Thunderstorm,Yes,7.49,3.38,No
8840,B787,6.94,1.84,2.5,Yes,Thunderstorm,Yes,7.35,0.24,Yes
8841,A320,3.14,6.8,5.77,No,Rain,No,2.23,9.07,Yes
8842,A350,2.66,1.21,3.64,No,Thunderstorm,No,3.26,0.2,Yes
8843,A350,0.1,0.76,3.55,Yes,Clear,No,6.57,7.27,Yes
8844,A380,8.75,7.85,9.34,Yes,Thunderstorm,Yes,6.63,6.37,Yes
8845,B737,4.92,2.16,4.67,Yes,Thunderstorm,Yes,2.61,0.7,Yes
8846,A380,4.74,2.97,6.35,No,Thunderstorm,No,4.9,5.96,Yes
8847,A320,2.77,9.29,7.94,No,Fog,Yes,6.08,5.45,Yes
8848,A320,3.4,1.5,1.71,Yes,Snow,Yes,2.77,2.76,No
8849,B737,7.69,0.49,3.22,No,Thunderstorm,No,5.89,4.36,No
8850,A380,2.31,8.11,4.74,No,Snow,Yes,1.18,0.68,Yes
8851,B787,6.93,2.48,1.63,No,Thunderstorm,Yes,0.13,3.38,Yes
8852,B737,0.56,5.39,7.58,Yes,Thunderstorm,No,4.52,0.13,No
8853,A380,7.4,4.82,8.71,Yes,Snow,No,8.48,4.03,Yes
8854,A320,9.0,0.63,9.11,No,Clear,No,8.44,3.92,Yes
8855,B737,0.42,6.68,1.45,No,Snow,No,0.22,4.06,No
8856,A380,8.9,9.63,1.49,No,Fog,No,2.34,3.17,No
8857,B787,9.72,0.65,1.26,No,Thunderstorm,Yes,3.37,7.43,No
8858,A350,1.01,0.35,7.58,Yes,Fog,Yes,9.0,2.85,Yes
8859,A320,6.14,7.23,8.16,No,Snow,Yes,0.61,0.94,Yes
8860,A320,9.67,6.21,7.06,No,Clear,No,0.17,7.57,Yes
8861,B737,7.09,9.59,9.76,No,Snow,No,4.59,5.64,No
8862,A380,6.37,8.36,0.51,Yes,Thunderstorm,Yes,9.87,1.2,No
8863,A380,9.85,9.57,0.78,No,Fog,No,3.35,8.32,Yes
8864,A380,1.88,1.47,0.43,No,Snow,Yes,3.87,6.32,No
8865,A380,2.44,6.52,6.18,Yes,Rain,No,6.42,7.31,No
8866,A320,7.64,7.08,3.61,Yes,Clear,No,2.89,8.95,No
8867,A350,3.88,4.27,0.48,Yes,Fog,Yes,6.52,4.2,Yes
8868,B787,3.76,4.76,1.46,No,Snow,No,3.73,3.48,No
8869,A320,8.69,7.54,9.13,Yes,Clear,No,9.61,5.76,Yes
8870,A380,8.54,3.41,4.25,No,Rain,Yes,7.81,1.06,No
8871,B787,9.63,1.52,1.48,Yes,Rain,Yes,2.51,8.63,Yes
8872,B787,8.11,6.09,0.52,No,Thunderstorm,Yes,6.33,0.3,Yes
8873,A380,0.69,6.28,1.47,No,Fog,Yes,8.42,7.68,No
8874,B737,1.13,4.26,6.52,No,Snow,Yes,1.0,9.62,Yes
8875,A350,2.17,2.11,1.49,Yes,Thunderstorm,No,2.08,3.86,Yes
8876,A350,0.16,6.48,5.22,Yes,Clear,Yes,4.81,9.14,Yes
8877,B737,4.51,2.69,3.98,Yes,Clear,No,7.62,7.72,No
8878,A380,5.89,8.91,2.58,No,Snow,No,6.44,0.36,No
8879,B737,9.48,2.76,4.52,No,Thunderstorm,No,7.41,8.89,No
8880,B787,4.08,9.81,4.1,No,Snow,No,8.18,0.83,Yes
8881,A320,0.05,0.95,5.18,No,Thunderstorm,No,1.6,9.8,Yes
8882,B787,8.63,7.68,7.08,No,Thunderstorm,Yes,1.64,5.0,Yes
8883,B737,0.07,4.39,2.33,No,Thunderstorm,No,2.57,5.43,Yes
8884,A380,6.04,0.33,6.94,No,Fog,Yes,9.39,8.75,Yes
8885,B787,0.78,7.66,7.73,No,Snow,Yes,5.38,2.83,No
8886,B787,8.36,9.09,2.43,Yes,Clear,Yes,8.0,4.22,Yes
8887,B787,3.07,3.35,8.39,No,Snow,No,7.65,4.8,Yes
8888,A350,2.18,6.91,8.93,Yes,Snow,Yes,7.64,3.07,Yes
8889,A350,6.51,5.43,3.26,Yes,Snow,No,5.83,0.87,Yes
8890,B787,5.74,2.28,3.22,Yes,Snow,No,5.49,8.97,Yes
8891,A350,7.8,3.15,2.85,Yes,Thunderstorm,Yes,0.87,1.13,Yes
8892,A380,5.58,8.12,9.67,No,Thunderstorm,No,5.58,4.52,Yes
8893,B737,3.22,5.52,4.32,Yes,Thunderstorm,Yes,1.61,3.81,No
8894,B787,9.58,8.02,1.57,Yes,Fog,Yes,2.11,6.35,No
8895,A320,2.2,2.18,0.9,Yes,Thunderstorm,No,0.17,3.88,Yes
8896,A350,8.9,0.58,3.03,No,Thunderstorm,Yes,1.93,1.69,No
8897,A320,3.01,8.23,8.71,No,Snow,No,3.44,2.33,Yes
8898,B737,6.58,2.02,5.06,No,Rain,Yes,7.77,9.96,Yes
8899,A380,8.59,4.81,1.94,Yes,Snow,No,2.81,2.34,Yes
8900,A350,9.41,2.89,4.83,Yes,Rain,Yes,2.17,3.2,No
8901,B737,7.29,5.84,0.51,Yes,Rain,No,3.72,5.56,No
8902,A380,3.43,0.8,3.63,Yes,Snow,Yes,8.55,1.19,No
8903,B737,5.55,8.15,2.8,No,Clear,Yes,5.06,1.53,Yes
8904,A350,6.39,2.05,7.45,No,Thunderstorm,No,4.34,4.44,Yes
8905,A350,5.68,1.89,7.28,No,Clear,No,5.3,0.69,No
8906,B737,3.73,2.76,9.07,No,Thunderstorm,Yes,2.55,8.16,Yes
8907,A320,9.78,9.22,2.57,No,Clear,No,3.19,5.7,Yes
8908,B787,0.72,7.58,6.98,Yes,Thunderstorm,Yes,2.51,9.21,No
8909,A350,7.31,5.68,2.02,No,Fog,No,0.47,2.32,No
8910,B787,0.23,8.2,3.93,Yes,Clear,No,4.79,5.74,Yes
8911,A350,9.27,3.59,1.26,No,Rain,No,8.2,2.53,Yes
8912,A350,5.98,4.11,1.72,No,Rain,No,0.98,2.55,No
8913,A380,8.75,4.99,1.99,No,Snow,Yes,8.52,4.21,Yes
8914,A350,5.58,0.95,4.85,No,Rain,Yes,2.34,3.65,No
8915,B737,1.86,7.39,8.85,Yes,Clear,Yes,4.06,8.5,Yes
8916,B787,4.6,4.46,2.35,Yes,Rain,Yes,3.18,2.25,No
8917,B787,7.32,9.87,7.81,Yes,Clear,No,8.7,1.99,Yes
8918,B737,7.93,0.39,4.35,No,Clear,Yes,2.09,4.38,No
8919,A350,6.37,8.74,6.04,No,Clear,No,7.45,0.22,Yes
8920,A380,2.65,7.42,8.17,Yes,Rain,Yes,8.94,8.69,Yes
8921,B787,7.54,5.35,4.07,Yes,Rain,No,9.01,3.41,No
8922,A380,9.09,0.3,7.36,Yes,Thunderstorm,Yes,4.63,2.05,Yes
8923,A380,7.11,8.76,9.26,Yes,Snow,Yes,1.69,3.49,No
8924,A380,5.41,1.92,5.6,No,Thunderstorm,Yes,4.01,1.22,No
8925,B737,0.77,7.18,0.75,Yes,Clear,No,0.4,0.29,Yes
8926,A350,7.68,8.78,6.28,No,Clear,Yes,4.62,3.43,No
8927,B737,8.26,7.66,2.14,No,Clear,Yes,3.04,1.62,No
8928,A350,9.4,7.03,5.28,No,Rain,Yes,2.48,3.57,Yes
8929,B787,0.32,9.99,8.94,Yes,Clear,Yes,1.71,8.64,Yes
8930,A350,3.96,2.72,5.7,Yes,Rain,Yes,5.06,8.99,No
8931,A380,7.19,1.78,8.01,Yes,Thunderstorm,No,8.6,6.38,Yes
8932,B737,4.59,3.75,1.28,Yes,Thunderstorm,No,3.01,8.87,No
8933,A380,9.08,2.58,5.65,Yes,Thunderstorm,No,5.75,6.85,Yes
8934,A380,6.72,6.69,8.09,No,Clear,Yes,8.55,2.93,No
8935,B787,6.88,8.08,1.84,No,Clear,Yes,3.41,0.57,No
8936,B787,5.99,2.86,4.9,No,Thunderstorm,No,3.88,4.49,Yes
8937,B737,9.25,4.26,3.58,Yes,Fog,No,5.87,3.43,Yes
8938,A350,7.59,5.45,0.48,No,Snow,No,2.66,1.46,No
8939,B787,4.44,4.43,5.49,No,Snow,Yes,5.33,8.64,No
8940,A320,4.57,0.69,1.72,No,Thunderstorm,No,0.1,7.94,Yes
8941,B787,7.08,1.87,1.64,Yes,Thunderstorm,Yes,8.6,3.4,No
8942,A350,6.28,4.04,8.66,Yes,Fog,Yes,9.6,8.3,No
8943,B737,7.18,0.06,4.51,Yes,Clear,Yes,4.78,0.1,Yes
8944,B787,6.3,3.67,4.29,Yes,Rain,No,0.66,0.6,Yes
8945,A320,1.54,4.39,8.92,No,Fog,Yes,8.21,0.26,No
8946,A380,1.23,4.76,0.84,Yes,Snow,No,8.93,4.85,No
8947,A320,5.93,0.42,6.78,No,Clear,Yes,9.0,2.3,Yes
8948,A320,1.89,0.21,0.38,No,Clear,No,8.29,7.63,No
8949,B787,3.83,5.24,6.93,Yes,Clear,No,1.29,9.1,Yes
8950,B737,2.72,5.33,8.99,No,Clear,No,7.94,5.82,No
8951,A380,6.62,1.72,3.06,No,Fog,No,0.9,4.47,Yes
8952,A380,2.72,9.44,6.67,Yes,Thunderstorm,Yes,7.74,7.91,Yes
8953,A350,1.82,9.79,7.21,Yes,Snow,Yes,2.62,0.6,No
8954,B787,3.13,1.18,7.64,No,Clear,No,9.65,9.5,No
8955,A380,0.62,0.38,1.22,Yes,Clear,No,8.45,5.76,Yes
8956,A380,2.19,3.04,7.56,No,Rain,Yes,4.11,5.68,No
8957,A350,8.02,3.4,7.93,Yes,Clear,No,0.46,7.41,Yes
8958,B787,3.98,7.76,0.42,No,Rain,Yes,5.9,5.54,Yes
8959,A380,5.44,1.53,5.13,Yes,Clear,Yes,2.18,8.27,Yes
8960,B737,8.31,5.21,7.23,No,Rain,Yes,0.8,3.64,Yes
8961,A320,4.39,9.16,1.4,Yes,Snow,No,6.9,9.1,No
8962,B737,4.11,6.92,1.71,Yes,Thunderstorm,Yes,8.15,1.01,Yes
8963,A350,0.3,0.23,8.13,Yes,Thunderstorm,No,1.04,3.89,Yes
8964,A320,5.63,8.89,2.67,Yes,Fog,Yes,1.11,7.94,Yes
8965,A320,6.97,7.71,4.63,Yes,Thunderstorm,Yes,7.08,5.98,Yes
8966,A380,6.6,3.28,9.66,No,Snow,Yes,2.2,5.3,No
8967,A380,1.57,2.03,0.51,No,Thunderstorm,Yes,5.7,2.76,Yes
8968,A380,2.49,2.37,5.63,Yes,Thunderstorm,No,7.64,1.37,Yes
8969,A380,9.91,6.41,8.19,No,Fog,Yes,7.97,0.95,No
8970,A350,7.52,3.53,9.96,Yes,Snow,Yes,1.22,7.79,No
8971,B787,4.91,2.55,5.79,Yes,Clear,No,5.39,4.3,No
8972,A350,9.0,8.66,2.17,Yes,Clear,No,4.42,5.58,No
8973,A320,2.65,4.35,0.26,No,Rain,Yes,3.28,1.76,Yes
8974,A320,4.83,6.81,7.84,Yes,Rain,No,6.49,0.97,Yes
8975,B787,5.36,5.41,0.84,Yes,Clear,Yes,7.7,8.68,No
8976,A320,8.34,8.58,6.59,Yes,Fog,Yes,8.15,0.46,Yes
8977,B787,4.23,5.93,8.03,Yes,Clear,Yes,9.93,0.24,No
8978,A320,9.67,9.85,3.45,No,Snow,Yes,6.85,4.02,No
8979,B787,0.79,7.15,0.85,No,Thunderstorm,Yes,1.46,7.04,No
8980,B787,3.69,0.94,9.18,No,Snow,Yes,8.87,2.63,Yes
8981,A350,2.04,9.7,0.73,No,Thunderstorm,No,0.16,8.99,No
8982,A350,4.25,6.32,5.43,No,Snow,No,4.34,4.13,Yes
8983,B737,4.2,8.82,8.83,No,Clear,No,2.37,8.84,Yes
8984,A350,0.21,6.41,9.62,Yes,Fog,Yes,7.88,2.11,No
8985,A350,1.88,9.52,4.42,No,Clear,No,5.86,1.7,Yes
8986,B787,5.93,4.8,9.17,Yes,Rain,Yes,8.56,7.21,Yes
8987,B737,4.27,7.05,1.84,No,Fog,Yes,5.09,8.16,Yes
8988,A320,0.34,3.23,9.44,No,Snow,Yes,8.68,1.13,Yes
8989,A350,3.02,6.33,6.55,Yes,Clear,Yes,5.03,0.38,Yes
8990,B737,5.24,8.37,1.65,Yes,Thunderstorm,Yes,6.41,2.62,No
8991,A380,1.52,0.44,3.09,No,Thunderstorm,No,4.65,5.2,No
8992,A380,9.41,6.4,6.52,No,Clear,Yes,3.13,8.86,Yes
8993,B787,5.67,8.14,7.04,No,Thunderstorm,No,4.38,7.97,No
8994,A320,0.2,7.35,8.28,No,Thunderstorm,No,3.15,4.76,Yes
8995,A350,3.4,2.87,3.61,No,Clear,No,0.3,5.21,Yes
8996,B737,9.23,6.94,4.32,Yes,Rain,Yes,3.74,9.34,Yes
8997,B737,7.81,5.41,3.73,No,Snow,No,9.06,2.11,Yes
8998,A320,5.63,7.3,3.25,No,Rain,No,7.94,7.16,Yes
8999,B787,4.71,7.06,7.78,No,Snow,No,4.72,4.2,No
9000,A350,9.68,1.38,3.28,No,Clear,No,6.07,7.2,Yes
9001,A350,7.86,9.14,1.81,Yes,Snow,Yes,5.29,6.57,Yes
9002,B737,5.05,4.7,9.04,No,Rain,No,0.78,5.09,Yes
9003,A320,6.98,3.33,2.41,Yes,Fog,No,4.99,5.26,No
9004,A380,4.49,4.3,0.49,Yes,Snow,Yes,5.99,5.46,Yes
9005,A350,7.35,6.28,2.02,Yes,Rain,No,3.12,0.06,Yes
9006,B737,2.45,0.69,9.02,Yes,Snow,No,2.66,4.12,Yes
9007,B737,4.79,7.94,8.66,No,Thunderstorm,Yes,4.78,4.75,No
9008,B787,7.04,2.81,9.01,Yes,Fog,No,9.77,5.43,Yes
9009,B737,4.85,4.38,9.28,Yes,Clear,Yes,9.17,6.91,Yes
9010,B737,3.98,8.79,4.15,No,Thunderstorm,No,6.86,0.76,No
9011,B787,9.44,7.85,6.97,No,Rain,No,5.18,7.49,Yes
9012,B787,3.11,4.77,9.35,Yes,Fog,Yes,5.09,1.39,No
9013,B787,0.41,7.55,3.11,Yes,Rain,No,5.12,4.82,No
9014,A320,7.93,8.45,3.9,Yes,Rain,No,6.76,3.83,Yes
9015,A380,9.42,4.63,1.17,No,Clear,Yes,9.37,6.13,Yes
9016,A350,1.92,6.34,3.86,Yes,Rain,Yes,3.69,9.29,No
9017,A350,5.12,8.77,4.19,No,Snow,Yes,3.94,4.23,No
9018,B737,7.03,9.43,3.92,Yes,Thunderstorm,Yes,5.37,8.18,Yes
9019,A380,5.44,2.16,4.59,Yes,Snow,Yes,8.76,4.47,No
9020,A380,3.16,6.75,1.74,No,Clear,No,5.26,2.34,No
9021,A380,0.25,7.84,1.45,No,Fog,Yes,4.82,1.31,No
9022,B737,4.38,4.67,0.23,Yes,Rain,No,0.63,6.77,Yes
9023,A380,0.78,3.74,2.04,Yes,Snow,Yes,2.14,9.53,No
9024,B737,1.49,2.31,7.79,Yes,Thunderstorm,No,4.13,5.43,Yes
9025,A380,3.68,8.7,7.6,No,Snow,No,2.69,2.33,Yes
9026,B737,9.07,2.16,0.62,Yes,Clear,No,3.97,7.44,Yes
9027,A380,5.9,5.14,1.83,No,Rain,Yes,2.32,3.42,Yes
9028,A380,8.81,6.18,3.25,No,Snow,No,7.03,5.51,No
9029,A380,7.36,7.41,0.19,No,Rain,Yes,9.37,5.74,Yes
9030,B787,5.88,9.33,3.16,No,Clear,No,0.67,6.11,Yes
9031,A380,0.31,0.54,1.87,No,Fog,Yes,3.4,6.03,Yes
9032,A320,6.94,0.73,5.73,No,Fog,No,2.99,5.82,No
9033,B787,1.64,4.4,2.14,No,Snow,Yes,2.13,5.16,Yes
9034,B787,5.21,8.34,4.51,No,Thunderstorm,No,7.43,1.12,No
9035,A380,6.56,8.61,1.37,No,Snow,Yes,5.7,2.95,Yes
9036,A320,3.39,3.99,8.68,No,Snow,Yes,2.26,7.95,No
9037,B737,0.41,2.48,8.23,No,Fog,Yes,1.71,4.31,Yes
9038,A380,4.34,0.77,4.6,Yes,Thunderstorm,Yes,2.97,8.73,Yes
9039,B737,2.86,3.96,8.3,Yes,Thunderstorm,No,8.84,3.71,No
9040,B787,1.69,0.23,7.48,Yes,Clear,No,1.64,0.76,Yes
9041,B737,6.42,4.06,0.0,No,Thunderstorm,No,5.68,0.07,No
9042,A320,7.76,2.62,2.65,Yes,Snow,Yes,3.73,4.9,No
9043,A350,2.47,8.28,9.34,No,Rain,Yes,5.33,5.62,No
9044,B787,9.59,9.83,3.43,No,Fog,No,8.12,0.4,No
9045,B737,5.27,0.43,5.15,Yes,Fog,No,5.91,0.74,No
9046,A350,2.07,5.27,2.71,No,Fog,No,6.53,4.85,No
9047,A380,0.25,8.01,3.77,No,Rain,No,8.41,1.04,No
9048,A380,9.5,0.13,6.2,Yes,Thunderstorm,No,3.45,2.33,Yes
9049,B787,9.9,4.91,3.53,No,Clear,Yes,9.29,2.41,No
9050,B737,9.01,3.64,9.35,Yes,Snow,Yes,0.63,6.13,No
9051,A320,4.9,2.66,6.99,No,Thunderstorm,No,7.33,7.39,Yes
9052,A380,5.11,7.43,9.09,Yes,Snow,No,4.24,6.47,No
9053,B737,3.57,2.2,5.03,Yes,Clear,No,3.69,4.64,No
9054,A320,5.32,9.48,3.99,No,Thunderstorm,Yes,8.55,9.03,No
9055,A380,8.97,5.7,9.3,Yes,Thunderstorm,Yes,0.32,2.57,No
9056,B787,8.71,3.7,7.06,No,Thunderstorm,No,7.17,4.66,Yes
9057,A320,0.42,3.96,4.17,No,Clear,No,9.8,7.32,Yes
9058,B787,3.81,3.11,8.91,No,Thunderstorm,No,9.78,9.7,Yes
9059,B787,6.19,6.98,0.59,No,Fog,Yes,4.46,0.96,Yes
9060,B787,4.44,2.86,8.77,Yes,Clear,No,4.07,7.24,No
9061,A350,8.86,5.09,0.9,No,Clear,No,1.35,8.06,Yes
9062,A320,4.83,6.43,4.21,Yes,Fog,No,3.28,0.87,No
9063,A350,8.32,7.54,6.12,Yes,Thunderstorm,Yes,3.35,2.44,No
9064,A320,2.86,2.42,7.4,Yes,Thunderstorm,No,2.23,1.29,Yes
9065,A350,5.83,3.86,9.52,Yes,Snow,No,8.02,8.4,Yes
9066,A320,6.98,0.99,2.44,Yes,Thunderstorm,Yes,4.0,8.64,Yes
9067,B787,8.01,7.28,1.71,Yes,Clear,No,6.54,6.32,No
9068,A350,7.17,4.16,4.0,No,Clear,No,1.65,1.6,Yes
9069,A380,3.25,2.19,2.58,Yes,Fog,No,9.17,0.54,Yes
9070,B787,10.0,6.1,6.25,No,Snow,Yes,3.56,6.72,No
9071,A380,4.16,5.63,2.13,No,Fog,Yes,1.97,9.17,Yes
9072,B737,7.16,8.46,9.93,No,Snow,No,1.46,1.62,No
9073,B737,4.43,9.71,2.44,No,Thunderstorm,Yes,5.65,6.21,Yes
9074,A320,0.79,4.32,1.31,Yes,Rain,No,5.76,3.16,Yes
9075,B787,7.12,2.47,1.47,Yes,Clear,Yes,1.43,3.49,No
9076,B737,1.88,3.13,5.48,No,Clear,No,5.46,3.54,Yes
9077,A350,9.57,4.53,1.67,Yes,Clear,Yes,4.14,4.41,No
9078,B737,2.24,3.81,1.32,No,Clear,Yes,5.12,3.43,No
9079,B787,9.04,3.61,5.63,Yes,Thunderstorm,Yes,1.0,6.89,Yes
9080,B787,8.42,3.82,7.54,No,Rain,No,8.25,9.96,Yes
9081,A320,4.94,9.93,1.59,Yes,Snow,Yes,9.58,9.84,No
9082,A350,8.29,8.89,0.24,Yes,Clear,Yes,0.62,1.07,Yes
9083,A380,1.23,7.53,6.39,Yes,Thunderstorm,Yes,3.04,6.62,No
9084,B787,1.28,5.89,0.8,Yes,Fog,Yes,6.12,3.14,Yes
9085,B737,9.17,2.63,6.95,Yes,Clear,No,2.55,8.93,Yes
9086,A380,3.3,4.41,5.55,Yes,Thunderstorm,No,3.04,4.92,Yes
9087,B787,9.37,1.37,3.8,No,Clear,Yes,4.94,2.75,No
9088,A350,3.6,9.17,8.43,Yes,Fog,Yes,9.42,1.08,Yes
9089,B787,0.14,2.45,6.22,No,Fog,Yes,9.74,8.06,No
9090,B787,5.54,5.45,2.24,Yes,Clear,Yes,6.95,3.99,No
9091,A320,7.79,2.79,0.18,No,Clear,No,9.77,5.8,Yes
9092,A320,2.52,8.07,4.06,No,Fog,No,8.64,7.01,Yes
9093,B737,3.81,7.5,0.82,No,Snow,No,7.35,2.14,Yes
9094,B787,2.35,1.84,2.89,No,Thunderstorm,No,8.06,7.26,Yes
9095,B737,0.1,5.17,2.07,Yes,Thunderstorm,Yes,8.77,1.54,Yes
9096,A320,2.79,8.37,4.76,No,Thunderstorm,No,0.39,1.14,No
9097,A320,5.83,2.25,9.92,Yes,Snow,Yes,9.67,4.3,No
9098,A350,0.36,2.39,0.08,No,Clear,Yes,9.07,2.16,Yes
9099,A380,8.67,2.28,6.32,No,Fog,No,1.02,4.21,No
9100,A320,4.68,8.36,0.11,No,Fog,No,5.77,6.47,Yes
9101,A350,6.47,9.4,1.48,No,Thunderstorm,No,8.15,0.85,No
9102,B737,3.65,1.01,0.33,No,Clear,Yes,3.55,2.86,No
9103,B737,2.0,8.07,4.72,No,Fog,No,3.97,7.14,Yes
9104,A320,3.24,6.81,6.48,No,Snow,Yes,2.52,1.45,No
9105,A320,9.6,2.58,1.62,Yes,Rain,No,9.71,4.02,Yes
9106,A350,2.36,3.67,3.1,No,Fog,No,8.61,1.98,Yes
9107,A350,7.24,6.0,6.48,No,Clear,No,6.74,3.34,No
9108,B737,8.89,7.66,1.29,No,Clear,No,0.54,4.6,No
9109,B787,1.58,0.63,3.93,No,Thunderstorm,Yes,3.63,7.06,No
9110,A380,7.11,2.07,3.72,Yes,Clear,No,6.41,2.77,Yes
9111,A350,9.42,7.22,0.99,No,Clear,Yes,8.39,7.93,No
9112,A380,3.64,5.51,1.52,Yes,Fog,No,4.82,0.01,Yes
9113,B737,1.73,6.27,8.09,Yes,Clear,No,5.68,7.3,No
9114,A350,5.24,4.77,4.44,Yes,Fog,No,4.18,3.68,Yes
9115,A380,7.86,3.01,4.76,No,Fog,Yes,5.12,9.9,Yes
9116,B787,6.88,6.99,6.06,No,Thunderstorm,No,0.51,0.94,No
9117,A320,5.32,3.15,0.4,Yes,Snow,Yes,4.37,8.42,Yes
9118,B737,6.93,6.41,5.19,No,Rain,No,0.62,7.86,No
9119,B787,1.26,9.76,0.68,Yes,Snow,No,5.41,1.54,Yes
9120,A320,6.2,1.7,0.14,No,Thunderstorm,No,0.94,9.09,No
9121,A380,8.2,0.27,4.09,Yes,Clear,Yes,1.6,8.9,Yes
9122,B737,9.55,2.66,1.36,Yes,Fog,Yes,8.04,5.91,No
9123,A320,3.41,4.72,8.79,Yes,Rain,No,8.62,4.11,Yes
9124,A350,9.73,5.36,1.56,Yes,Thunderstorm,No,5.52,1.79,No
9125,B737,6.55,7.41,3.37,Yes,Snow,No,8.66,5.5,Yes
9126,B787,6.47,1.78,4.18,Yes,Thunderstorm,Yes,5.66,5.98,Yes
9127,A380,2.14,5.18,5.2,No,Clear,No,8.05,4.62,No
9128,A380,6.21,1.83,8.37,No,Fog,No,9.12,7.75,No
9129,A380,7.44,0.11,8.52,No,Rain,Yes,8.66,4.18,No
9130,A350,4.62,0.99,8.21,Yes,Rain,Yes,8.85,2.1,Yes
9131,A380,5.43,7.67,1.82,Yes,Clear,Yes,2.39,8.72,Yes
9132,B787,2.2,3.65,3.72,No,Rain,No,4.1,2.49,Yes
9133,A350,6.95,5.89,0.5,Yes,Fog,No,5.75,6.38,Yes
9134,A380,9.4,6.87,1.19,No,Thunderstorm,Yes,2.63,1.8,No
9135,B787,6.61,4.72,2.58,No,Rain,Yes,5.73,0.54,No
9136,B737,7.35,1.49,8.9,No,Fog,No,0.09,4.65,No
9137,A350,2.35,7.54,0.01,Yes,Clear,No,9.96,3.05,No
9138,A350,8.36,4.66,4.41,Yes,Rain,Yes,0.04,6.8,No
9139,B737,7.53,2.1,3.22,No,Fog,Yes,1.42,8.87,No
9140,B787,0.65,5.82,8.56,Yes,Rain,Yes,9.22,1.0,Yes
9141,B737,9.15,7.39,9.66,No,Thunderstorm,Yes,6.04,0.03,Yes
9142,B737,3.11,5.78,5.42,Yes,Snow,Yes,9.1,3.55,Yes
9143,B737,7.87,9.77,9.32,Yes,Clear,No,9.76,5.32,No
9144,A320,9.96,2.45,1.6,Yes,Fog,No,7.82,3.42,Yes
9145,A350,9.51,2.13,3.95,Yes,Snow,No,4.93,0.58,Yes
9146,B787,8.49,1.2,4.82,No,Fog,Yes,8.81,9.26,Yes
9147,A380,3.94,7.99,2.37,Yes,Snow,No,2.89,4.63,Yes
9148,A350,8.77,9.76,2.42,No,Thunderstorm,No,3.08,5.53,No
9149,A380,9.42,8.88,7.99,No,Thunderstorm,No,1.85,2.82,No
9150,A350,9.52,2.44,6.91,No,Thunderstorm,Yes,5.95,3.49,No
9151,B737,2.36,2.43,3.5,Yes,Fog,No,3.34,9.64,Yes
9152,A350,6.75,3.74,5.05,No,Rain,Yes,5.92,1.97,No
9153,A350,4.27,6.67,9.41,No,Clear,Yes,6.33,9.85,Yes
9154,A350,3.76,3.34,0.87,No,Fog,No,5.23,5.98,No
9155,A380,2.62,8.26,8.15,No,Fog,Yes,1.48,7.76,No
9156,B787,8.61,8.26,9.27,No,Snow,No,9.2,7.88,No
9157,A350,7.54,5.04,2.66,Yes,Rain,Yes,7.73,2.69,No
9158,A380,1.16,1.4,2.35,Yes,Rain,Yes,1.15,5.57,No
9159,A320,9.98,4.55,5.42,Yes,Fog,Yes,9.06,8.93,Yes
9160,A380,2.39,9.72,8.4,Yes,Fog,Yes,7.42,7.45,Yes
9161,B737,7.1,9.69,9.71,Yes,Fog,Yes,2.97,7.86,Yes
9162,A350,8.33,3.61,5.97,Yes,Rain,No,2.03,2.62,No
9163,A350,4.98,5.17,9.68,Yes,Snow,Yes,5.14,7.61,No
9164,B737,2.3,7.13,7.88,Yes,Clear,Yes,2.07,8.06,Yes
9165,B737,8.64,7.61,2.59,No,Thunderstorm,Yes,8.53,7.58,No
9166,A320,0.61,9.23,0.74,Yes,Clear,Yes,6.2,8.1,Yes
9167,A350,7.24,1.19,2.54,No,Rain,Yes,5.83,2.78,No
9168,B737,3.25,7.64,2.58,No,Rain,No,9.29,5.54,No
9169,B787,7.01,4.96,2.3,No,Snow,Yes,2.05,6.78,No
9170,B737,7.05,6.41,3.33,No,Clear,No,3.2,8.19,No
9171,A380,2.39,2.43,9.45,No,Fog,Yes,7.66,7.62,No
9172,A320,2.18,4.75,1.58,Yes,Rain,No,4.41,4.1,No
9173,A350,5.99,6.68,6.12,No,Fog,No,7.7,1.87,Yes
9174,A380,0.28,7.99,4.39,Yes,Thunderstorm,Yes,8.21,3.18,No
9175,B737,3.09,3.48,9.6,No,Snow,No,9.24,2.58,No
9176,B787,0.21,1.32,0.71,Yes,Snow,Yes,5.15,4.75,No
9177,B737,9.35,0.35,5.15,No,Snow,No,2.24,9.13,Yes
9178,A320,7.45,2.04,3.65,Yes,Rain,Yes,6.05,2.49,Yes
9179,B737,4.15,8.15,2.34,Yes,Thunderstorm,Yes,2.76,7.96,No
9180,A380,5.75,8.57,2.61,No,Fog,Yes,0.05,6.89,No
9181,A350,3.15,9.86,3.75,No,Snow,Yes,8.75,6.44,No
9182,B787,0.5,6.05,1.57,Yes,Rain,Yes,8.42,9.48,Yes
9183,B737,7.84,3.83,7.06,Yes,Rain,Yes,1.77,2.09,No
9184,B787,7.89,6.57,4.23,Yes,Thunderstorm,No,9.84,1.34,Yes
9185,A350,4.15,9.38,5.81,Yes,Clear,Yes,9.23,6.57,Yes
9186,A320,2.46,0.65,0.16,No,Fog,Yes,9.95,0.43,Yes
9187,B787,5.02,7.18,8.5,No,Clear,Yes,2.11,2.51,Yes
9188,A380,7.4,7.61,1.05,No,Rain,Yes,2.54,0.01,No
9189,A380,8.09,3.8,7.6,Yes,Snow,Yes,0.28,1.94,Yes
9190,B737,3.3,6.34,4.06,No,Clear,No,1.24,3.73,Yes
9191,A350,0.57,6.66,7.14,Yes,Snow,No,6.56,4.55,Yes
9192,A320,6.53,2.03,8.77,Yes,Snow,No,6.93,5.35,No
9193,B737,0.0,0.8,6.61,No,Fog,No,8.63,8.64,No
9194,A350,8.02,9.98,9.4,No,Fog,Yes,1.15,3.93,Yes
9195,B787,7.62,9.38,9.84,No,Thunderstorm,No,4.83,0.63,No
9196,A320,7.42,4.45,4.2,No,Clear,Yes,9.35,8.76,No
9197,A350,4.4,1.87,6.57,Yes,Rain,No,2.76,8.5,Yes
9198,A350,9.4,1.99,6.85,No,Thunderstorm,No,2.72,8.38,No
9199,A380,6.08,4.43,7.79,No,Clear,No,7.85,2.3,Yes
9200,A380,5.13,4.89,3.66,No,Fog,Yes,2.68,7.87,Yes
9201,B737,3.95,9.27,5.27,No,Clear,No,6.32,3.66,No
9202,B737,8.14,1.24,3.26,No,Snow,No,5.61,4.16,No
9203,A350,1.11,2.96,2.22,No,Clear,No,2.65,7.63,Yes
9204,A380,3.58,9.5,1.24,Yes,Fog,No,3.3,0.1,Yes
9205,B737,6.91,5.76,1.87,No,Clear,Yes,9.36,0.99,Yes
9206,A380,1.75,0.99,5.83,No,Snow,No,9.05,3.12,Yes
9207,A380,1.01,1.1,4.52,Yes,Thunderstorm,No,2.88,9.75,Yes
9208,A350,3.39,2.72,8.44,No,Clear,Yes,7.65,3.96,Yes
9209,B737,7.3,0.71,6.63,No,Fog,Yes,8.37,9.54,No
9210,B787,3.99,0.82,3.18,No,Rain,Yes,1.03,4.04,Yes
9211,B737,4.45,1.27,7.71,Yes,Rain,Yes,4.41,6.13,Yes
9212,B737,3.32,0.8,5.94,Yes,Clear,No,7.87,4.43,Yes
9213,B737,0.71,7.44,9.79,Yes,Thunderstorm,Yes,7.94,6.62,Yes
9214,B787,2.49,2.99,7.54,No,Thunderstorm,No,1.75,1.14,Yes
9215,A350,9.15,7.53,2.77,No,Clear,Yes,4.06,7.02,No
9216,B787,4.88,6.49,2.08,Yes,Thunderstorm,No,6.76,7.0,No
9217,B787,6.17,0.02,0.04,No,Thunderstorm,No,8.82,2.83,Yes
9218,B787,0.39,6.91,2.91,No,Thunderstorm,Yes,4.58,8.65,No
9219,B737,6.76,9.1,2.52,No,Clear,No,3.32,8.16,No
9220,A350,3.8,5.05,3.65,No,Snow,Yes,5.26,9.84,No
9221,B787,5.36,6.96,6.33,Yes,Thunderstorm,No,7.8,1.39,No
9222,B787,0.33,4.31,2.94,No,Clear,No,7.41,3.54,Yes
9223,B737,9.96,2.78,3.53,No,Thunderstorm,No,8.14,7.45,Yes
9224,A320,5.09,0.54,8.85,No,Rain,Yes,5.26,9.53,Yes
9225,B737,3.94,4.83,9.27,No,Clear,Yes,0.88,7.89,No
9226,A350,3.74,8.6,2.56,Yes,Fog,Yes,0.78,8.22,Yes
9227,B737,2.23,6.03,5.46,Yes,Snow,No,5.4,4.19,No
9228,B787,8.28,9.68,0.64,Yes,Fog,Yes,4.82,9.54,Yes
9229,B737,2.73,1.72,2.43,Yes,Thunderstorm,Yes,7.43,1.52,No
9230,B737,3.15,1.39,8.38,Yes,Rain,Yes,3.52,1.61,Yes
9231,B787,3.63,7.19,8.25,No,Fog,Yes,6.13,4.72,No
9232,B737,9.94,7.88,1.85,No,Clear,No,4.7,5.29,Yes
9233,A380,7.08,1.1,6.84,No,Clear,Yes,0.03,7.92,Yes
9234,A320,6.61,7.97,9.39,No,Thunderstorm,No,0.95,8.67,Yes
9235,A380,5.03,9.25,8.05,Yes,Thunderstorm,Yes,0.66,1.29,No
9236,B737,8.81,4.47,2.74,Yes,Thunderstorm,No,6.52,6.6,No
9237,A380,5.02,1.43,2.31,No,Thunderstorm,Yes,3.2,4.16,Yes
9238,A380,0.02,9.32,1.73,Yes,Fog,Yes,6.92,4.8,Yes
9239,A350,6.37,8.85,6.46,Yes,Fog,No,7.54,5.98,Yes
9240,A350,7.77,2.57,1.08,Yes,Thunderstorm,Yes,7.3,1.03,Yes
9241,A350,1.92,1.27,0.56,No,Fog,Yes,4.31,3.91,Yes
9242,A320,9.59,1.74,5.2,No,Rain,Yes,2.16,6.02,Yes
9243,B787,1.88,8.26,4.32,Yes,Thunderstorm,Yes,4.86,3.2,No
9244,A350,5.89,0.19,4.58,No,Clear,Yes,6.03,5.09,No
9245,B737,6.59,6.52,2.42,No,Rain,Yes,8.15,7.58,Yes
9246,A320,2.95,9.29,4.73,Yes,Fog,Yes,2.07,2.18,Yes
9247,A350,7.8,7.55,4.71,Yes,Rain,Yes,4.73,7.41,No
9248,A350,8.16,6.33,8.79,Yes,Rain,Yes,5.75,4.03,Yes
9249,B737,2.39,7.61,7.25,Yes,Fog,No,6.9,7.91,No
9250,B787,7.0,4.2,2.17,Yes,Fog,No,0.33,7.72,No
9251,A320,3.43,3.87,5.88,No,Clear,No,9.21,6.59,Yes
9252,A320,5.48,5.84,8.88,No,Thunderstorm,No,6.84,8.1,No
9253,A380,0.14,7.72,6.77,Yes,Snow,Yes,7.22,7.13,No
9254,A320,5.17,7.7,9.86,Yes,Rain,Yes,5.54,1.23,No
9255,B787,7.75,4.0,9.89,Yes,Rain,Yes,3.83,0.31,Yes
9256,B787,5.13,5.1,4.22,No,Rain,No,9.84,9.11,No
9257,B787,2.58,4.24,4.47,Yes,Thunderstorm,No,0.34,0.13,No
9258,A350,2.28,6.27,5.71,No,Rain,Yes,6.19,8.96,No
9259,B737,2.45,6.8,9.42,No,Rain,Yes,1.85,4.96,No
9260,A320,9.86,1.46,7.53,No,Snow,No,0.25,0.47,No
9261,A320,5.61,7.55,9.62,No,Fog,Yes,7.84,6.98,No
9262,B737,6.11,9.03,2.23,No,Fog,No,2.63,8.0,Yes
9263,A320,5.46,9.19,6.98,No,Clear,Yes,7.24,5.86,Yes
9264,B787,4.34,7.59,8.22,Yes,Snow,No,1.22,9.97,No
9265,B787,2.58,0.15,2.59,No,Thunderstorm,Yes,7.59,0.73,Yes
9266,A380,6.58,5.34,4.87,Yes,Snow,No,7.68,1.27,Yes
9267,B787,1.99,6.04,1.91,No,Thunderstorm,No,7.27,4.71,No
9268,B737,3.96,3.21,5.4,No,Rain,Yes,8.22,6.7,Yes
9269,A350,8.97,7.04,9.1,No,Snow,No,8.73,1.57,No
9270,B737,7.04,5.57,3.3,No,Fog,Yes,1.62,6.65,No
9271,A320,2.97,9.46,7.65,Yes,Fog,No,2.65,5.19,No
9272,A320,5.93,6.67,0.72,No,Rain,Yes,8.55,6.97,Yes
9273,B737,1.44,4.14,8.7,Yes,Rain,Yes,4.21,2.4,No
9274,B787,2.81,4.53,9.95,No,Snow,Yes,4.38,2.07,Yes
9275,B787,5.66,8.47,7.49,No,Rain,No,3.1,6.64,Yes
9276,A320,4.88,5.48,0.28,Yes,Fog,Yes,6.88,4.81,No
9277,B787,5.33,7.57,8.47,No,Snow,Yes,6.18,7.22,Yes
9278,B737,3.21,2.26,5.7,No,Snow,Yes,0.36,8.67,Yes
9279,A380,1.23,5.2,2.22,Yes,Fog,Yes,4.62,8.74,Yes
9280,A380,5.69,2.95,5.99,No,Clear,No,4.69,5.72,Yes
9281,B737,9.69,4.71,1.31,Yes,Thunderstorm,No,8.29,5.21,Yes
9282,A320,4.49,5.66,0.15,Yes,Rain,No,2.53,1.87,No
9283,B737,6.94,6.08,7.25,Yes,Fog,No,6.29,0.19,No
9284,A380,4.91,0.72,1.25,No,Rain,Yes,0.19,6.63,Yes
9285,A380,5.51,2.88,3.02,Yes,Snow,Yes,7.07,2.13,No
9286,A380,9.3,9.74,7.58,Yes,Thunderstorm,No,6.24,0.29,Yes
9287,A350,7.76,4.43,7.56,Yes,Clear,Yes,4.55,3.22,Yes
9288,A350,5.75,6.2,6.37,Yes,Clear,No,7.53,7.19,No
9289,B737,7.78,0.41,1.93,Yes,Clear,Yes,2.24,4.43,Yes
9290,B787,2.08,5.89,1.53,Yes,Clear,Yes,6.39,5.45,Yes
9291,A350,1.85,1.72,6.18,No,Clear,Yes,5.17,4.72,Yes
9292,B787,9.31,0.88,6.41,Yes,Clear,Yes,3.88,7.02,Yes
9293,A350,6.26,5.36,3.45,No,Rain,No,2.96,4.26,No
9294,A350,2.95,3.6,6.37,Yes,Fog,No,6.54,6.84,Yes
9295,A380,3.92,9.34,4.92,No,Clear,Yes,6.63,2.72,No
9296,A350,1.78,0.19,7.49,Yes,Rain,No,2.09,8.7,No
9297,B737,6.47,1.31,6.26,No,Snow,No,4.27,7.91,Yes
9298,A350,1.4,0.22,9.44,Yes,Clear,Yes,0.51,2.07,No
9299,A380,4.4,2.99,5.27,Yes,Thunderstorm,Yes,7.2,6.83,No
9300,B737,2.07,7.24,7.41,No,Thunderstorm,No,0.63,6.74,Yes
9301,A350,3.32,0.92,5.79,No,Fog,Yes,2.11,6.69,No
9302,A350,4.87,3.44,5.21,No,Snow,Yes,3.5,0.17,Yes
9303,A380,7.04,3.44,4.74,Yes,Thunderstorm,Yes,1.86,8.3,Yes
9304,A350,3.59,2.97,5.84,Yes,Rain,No,8.07,5.2,No
9305,A350,0.32,8.31,9.14,Yes,Fog,Yes,3.94,5.82,Yes
9306,A380,0.13,4.17,3.93,No,Fog,Yes,0.03,0.11,No
9307,B737,7.79,5.61,5.95,Yes,Fog,Yes,0.47,8.19,No
9308,A350,6.28,2.22,5.41,Yes,Rain,No,0.1,9.15,Yes
9309,A350,6.78,9.19,8.6,No,Fog,No,9.95,6.64,Yes
9310,A320,7.87,0.61,8.04,No,Snow,Yes,0.85,2.38,Yes
9311,B737,3.63,9.64,7.07,No,Rain,Yes,7.39,1.96,Yes
9312,A350,4.93,5.17,1.27,Yes,Snow,No,4.23,5.39,No
9313,A320,2.33,4.32,1.04,Yes,Rain,No,7.39,2.24,Yes
9314,A320,3.73,5.44,4.18,Yes,Snow,No,9.96,7.13,Yes
9315,A350,3.19,5.38,0.25,No,Snow,Yes,7.62,7.53,No
9316,A380,6.0,2.49,8.74,Yes,Clear,No,3.31,6.04,Yes
9317,B787,8.58,3.02,5.26,Yes,Thunderstorm,No,4.15,3.5,Yes
9318,A350,4.81,6.98,5.62,Yes,Rain,No,7.67,4.58,No
9319,B787,4.12,1.98,9.65,Yes,Thunderstorm,Yes,2.53,2.04,No
9320,A320,6.68,5.19,8.32,Yes,Clear,Yes,7.15,0.27,Yes
9321,B787,5.19,9.54,3.83,No,Snow,No,4.3,3.61,Yes
9322,A380,3.7,5.09,5.91,No,Rain,Yes,7.05,9.02,No
9323,A350,9.14,4.01,7.47,No,Fog,No,1.43,8.1,Yes
9324,A320,3.58,4.74,9.26,Yes,Clear,Yes,0.03,9.86,Yes
9325,B737,0.25,5.75,9.64,Yes,Rain,Yes,6.75,3.92,Yes
9326,A320,3.78,0.8,3.48,Yes,Fog,No,7.2,1.06,Yes
9327,B737,2.05,1.55,2.62,No,Thunderstorm,No,5.54,7.81,No
9328,B787,4.26,3.3,7.35,Yes,Rain,Yes,7.85,9.61,No
9329,B787,8.16,4.4,7.89,No,Snow,No,8.76,0.82,Yes
9330,B787,9.68,6.93,8.78,No,Fog,No,0.09,1.93,Yes
9331,A380,6.74,9.2,6.29,No,Fog,Yes,6.84,5.04,Yes
9332,A350,7.38,9.34,8.06,No,Thunderstorm,No,9.37,9.01,No
9333,A320,3.24,7.48,7.66,No,Thunderstorm,No,6.05,7.91,Yes
9334,B787,8.04,3.11,4.8,No,Snow,Yes,0.96,4.12,No
9335,B737,9.88,6.22,7.66,Yes,Thunderstorm,No,5.07,8.26,No
9336,B737,5.49,6.81,2.42,No,Snow,No,6.95,4.2,No
9337,B787,0.47,3.67,6.83,No,Clear,No,5.4,2.36,No
9338,B737,6.0,9.69,3.4,Yes,Thunderstorm,Yes,4.11,7.1,No
9339,A350,2.84,3.66,7.37,No,Snow,No,1.55,0.66,Yes
9340,B737,2.76,9.43,1.54,No,Rain,Yes,3.99,2.18,No
9341,B787,1.75,2.67,6.97,No,Clear,Yes,0.19,7.69,Yes
9342,A320,7.31,5.95,8.35,No,Rain,No,3.08,9.97,No
9343,A320,3.2,0.22,5.73,Yes,Snow,No,8.31,0.56,Yes
9344,A350,0.73,4.83,3.74,Yes,Fog,Yes,3.0,0.24,Yes
9345,B787,5.62,6.7,2.16,Yes,Fog,No,4.81,5.12,Yes
9346,A320,3.82,2.15,0.16,Yes,Rain,No,0.9,5.79,Yes
9347,A380,2.91,8.64,2.81,No,Rain,No,0.82,8.07,Yes
9348,A320,2.3,7.37,9.19,No,Rain,Yes,1.88,9.89,Yes
9349,A350,4.44,7.73,1.41,Yes,Thunderstorm,No,7.94,0.43,Yes
9350,A350,2.06,7.32,1.34,Yes,Rain,No,2.73,6.11,No
9351,B737,5.56,9.62,9.46,Yes,Thunderstorm,Yes,8.64,0.97,No
9352,B737,3.36,1.32,9.46,No,Snow,Yes,3.08,9.02,Yes
9353,A320,9.07,8.18,3.27,No,Thunderstorm,No,9.4,4.92,Yes
9354,A380,3.45,5.03,9.3,Yes,Rain,Yes,7.9,2.08,Yes
9355,B787,0.96,0.39,5.16,No,Fog,Yes,1.53,0.71,No
9356,B737,5.62,0.24,1.96,No,Clear,Yes,8.91,4.94,No
9357,B737,8.56,1.95,8.46,Yes,Clear,No,4.17,6.6,No
9358,B737,9.62,1.18,8.99,No,Snow,Yes,1.16,7.07,Yes
9359,A350,5.27,3.82,3.08,No,Clear,No,0.89,5.62,Yes
9360,A380,7.72,5.32,2.78,No,Fog,No,2.37,6.76,No
9361,A350,6.52,3.37,9.79,No,Fog,Yes,9.3,5.05,No
9362,A350,0.39,2.01,1.58,No,Thunderstorm,No,9.77,8.63,Yes
9363,A380,2.64,4.74,1.83,No,Snow,No,0.76,5.38,No
9364,A320,2.17,7.01,3.92,Yes,Snow,No,5.86,2.92,No
9365,B787,8.56,6.35,1.46,Yes,Snow,No,1.58,7.39,Yes
9366,A380,2.4,1.85,3.15,No,Fog,No,4.33,2.76,No
9367,B737,5.58,0.72,6.79,Yes,Thunderstorm,Yes,1.7,5.5,No
9368,A320,8.62,0.93,3.91,No,Thunderstorm,Yes,1.35,0.47,Yes
9369,A350,0.24,1.84,2.95,Yes,Thunderstorm,No,0.67,5.57,Yes
9370,A380,8.29,9.38,1.84,No,Rain,Yes,0.17,6.97,Yes
9371,A380,6.45,2.27,1.15,Yes,Rain,No,6.29,0.87,No
9372,A380,1.17,0.03,6.45,No,Snow,No,7.67,4.46,No
9373,B787,1.64,1.73,3.21,No,Clear,No,5.83,9.48,Yes
9374,B787,1.32,9.46,1.76,No,Thunderstorm,Yes,6.64,6.15,No
9375,B787,0.91,8.77,8.4,Yes,Fog,No,4.1,8.42,No
9376,B737,2.46,1.79,0.66,Yes,Thunderstorm,No,5.57,3.12,No
9377,B787,5.77,0.47,2.92,No,Thunderstorm,No,3.23,3.87,Yes
9378,B737,2.05,6.33,2.14,Yes,Fog,No,1.82,8.96,Yes
9379,A380,5.27,1.93,7.55,Yes,Fog,Yes,6.88,9.06,No
9380,A380,9.89,6.72,6.81,No,Rain,No,6.07,4.88,Yes
9381,B787,1.5,6.13,5.33,No,Snow,No,4.44,8.39,Yes
9382,A380,4.31,0.02,8.84,No,Rain,Yes,1.77,8.92,No
9383,B787,3.68,4.61,6.88,Yes,Thunderstorm,No,9.5,7.71,No
9384,A380,4.05,3.54,1.4,No,Thunderstorm,No,6.19,8.23,Yes
9385,A350,6.3,8.05,2.84,No,Snow,No,3.0,7.36,No
9386,A320,9.42,5.22,9.87,Yes,Fog,Yes,6.16,7.66,No
9387,A380,3.73,8.72,6.47,Yes,Clear,No,2.99,3.85,Yes
9388,A350,2.72,6.88,9.23,No,Fog,No,7.93,7.76,No
9389,B737,0.28,5.71,3.76,No,Fog,No,3.48,3.51,No
9390,A380,7.27,5.96,0.79,No,Clear,Yes,6.81,7.76,Yes
9391,A320,4.8,3.44,4.9,No,Thunderstorm,Yes,6.94,6.92,Yes
9392,A350,9.8,1.6,6.98,No,Fog,No,9.6,9.06,No
9393,A350,9.05,0.62,0.23,No,Snow,Yes,4.98,1.46,No
9394,A380,1.45,5.63,5.28,Yes,Thunderstorm,No,1.09,5.01,Yes
9395,B787,8.66,7.02,9.62,No,Clear,No,2.85,6.67,No
9396,A380,4.08,7.46,2.92,Yes,Fog,No,6.59,8.12,Yes
9397,A380,9.45,3.99,4.78,No,Snow,No,9.58,8.56,No
9398,B787,7.01,1.46,9.37,No,Fog,Yes,5.87,5.2,Yes
9399,B787,0.2,7.08,1.97,No,Fog,No,6.74,5.17,Yes
9400,A320,1.02,7.64,7.52,No,Rain,No,9.98,5.98,No
9401,A320,6.56,6.59,3.3,Yes,Snow,Yes,4.0,1.36,Yes
9402,A320,6.15,9.74,6.08,No,Snow,No,6.4,2.38,No
9403,A320,4.35,7.28,5.67,Yes,Rain,No,2.18,9.7,No
9404,A320,9.86,3.58,3.56,No,Thunderstorm,No,0.19,2.24,Yes
9405,A350,8.33,5.43,3.2,No,Rain,No,8.86,9.3,No
9406,B737,6.14,0.97,0.97,Yes,Clear,No,1.96,3.15,Yes
9407,A320,5.32,9.72,9.08,No,Clear,Yes,4.73,4.09,No
9408,B737,8.05,9.23,1.14,Yes,Clear,No,1.21,2.43,No
9409,A320,0.67,8.28,0.1,No,Clear,Yes,8.14,2.47,No
9410,B787,3.98,2.36,8.76,Yes,Thunderstorm,Yes,0.21,9.05,No
9411,A350,0.81,6.38,6.4,Yes,Snow,Yes,2.74,1.71,Yes
9412,B737,5.79,4.82,6.7,Yes,Thunderstorm,No,0.28,3.45,No
9413,A380,0.92,5.48,0.37,Yes,Snow,Yes,4.21,8.7,No
9414,A380,1.86,9.09,8.77,Yes,Thunderstorm,No,1.95,1.95,Yes
9415,B737,7.73,1.52,4.04,No,Clear,No,5.4,2.96,No
9416,A350,1.52,1.48,9.01,No,Rain,Yes,6.89,6.79,Yes
9417,A320,2.98,7.41,9.9,No,Snow,Yes,2.33,6.16,No
9418,A380,9.53,7.6,8.2,No,Snow,No,3.5,9.93,No
9419,B787,6.68,3.22,4.12,No,Rain,No,4.76,7.93,Yes
9420,B787,3.49,6.75,9.12,No,Thunderstorm,Yes,5.57,8.4,Yes
9421,A380,3.22,5.82,0.95,No,Rain,Yes,8.64,6.3,Yes
9422,A380,8.11,5.58,8.76,No,Thunderstorm,No,7.7,6.78,Yes
9423,A350,1.62,9.32,8.25,No,Fog,Yes,2.98,1.23,Yes
9424,A350,6.3,9.3,9.04,No,Fog,Yes,3.85,8.16,No
9425,B787,7.27,7.68,0.12,Yes,Rain,No,0.93,4.32,Yes
9426,B787,6.05,4.95,9.1,Yes,Rain,No,3.99,6.8,No
9427,A320,8.71,2.61,1.51,No,Clear,Yes,9.45,2.58,No
9428,A380,4.81,9.01,4.43,No,Snow,Yes,0.82,7.31,Yes
9429,A350,0.39,7.15,8.53,No,Fog,Yes,6.7,7.12,No
9430,A320,3.06,8.5,9.21,Yes,Snow,Yes,5.68,2.31,Yes
9431,A380,5.93,6.38,4.43,Yes,Clear,Yes,2.52,8.52,No
9432,B737,2.06,1.99,9.88,No,Thunderstorm,No,2.1,6.29,Yes
9433,B737,9.69,4.95,4.33,No,Fog,Yes,4.65,6.59,Yes
9434,B787,0.68,4.28,2.74,No,Thunderstorm,No,8.28,5.94,No
9435,A350,7.11,9.52,1.75,No,Rain,Yes,0.48,7.16,Yes
9436,A350,5.61,8.25,7.29,No,Rain,No,6.05,1.32,No
9437,A320,5.71,3.51,7.52,No,Fog,Yes,6.96,2.75,No
9438,A380,3.88,2.84,9.03,Yes,Thunderstorm,No,7.08,8.19,Yes
9439,A320,0.47,5.16,7.04,No,Clear,No,0.51,9.51,No
9440,A380,0.49,8.02,3.18,Yes,Rain,Yes,0.01,4.04,No
9441,B737,8.41,2.5,8.88,No,Snow,No,6.77,7.94,Yes
9442,B787,8.62,4.87,8.46,No,Snow,Yes,0.47,6.51,Yes
9443,B737,2.56,2.06,6.44,Yes,Rain,No,3.13,2.86,Yes
9444,B737,1.26,1.13,1.2,Yes,Clear,Yes,0.14,3.99,Yes
9445,A350,7.43,3.55,7.95,No,Snow,No,3.05,5.28,Yes
9446,B737,4.62,9.62,4.39,No,Snow,No,2.78,6.77,No
9447,B787,6.63,6.11,1.38,Yes,Fog,No,0.78,1.79,No
9448,A380,8.96,9.48,4.56,Yes,Thunderstorm,Yes,5.33,5.37,No
9449,A350,9.94,9.94,8.02,No,Rain,No,1.98,3.53,Yes
9450,A380,7.0,7.68,8.43,No,Fog,Yes,2.26,2.22,Yes
9451,B787,0.89,7.76,6.91,No,Clear,No,1.83,0.72,Yes
9452,A380,5.65,1.75,0.84,Yes,Fog,Yes,1.56,1.82,Yes
9453,A350,9.75,9.0,0.97,Yes,Thunderstorm,No,8.68,6.8,Yes
9454,B737,3.93,4.23,1.53,No,Snow,No,4.55,6.84,Yes
9455,B787,3.09,0.33,6.52,Yes,Thunderstorm,No,6.3,7.43,No
9456,A380,4.64,5.68,3.94,No,Fog,No,5.02,1.66,Yes
9457,A320,1.64,0.21,3.52,Yes,Clear,No,5.73,6.36,No
9458,A350,4.36,3.12,3.83,Yes,Snow,No,0.18,0.07,No
9459,B787,6.07,8.35,3.15,No,Snow,Yes,9.91,8.03,Yes
9460,B787,2.16,4.75,9.99,No,Thunderstorm,Yes,8.25,2.63,Yes
9461,A380,0.43,1.79,6.45,No,Snow,Yes,6.65,9.01,No
9462,A380,8.47,9.3,2.03,Yes,Fog,No,6.65,6.5,No
9463,B737,4.45,5.61,4.81,No,Clear,No,9.99,7.78,No
9464,B737,0.35,4.08,6.1,Yes,Rain,Yes,8.92,1.36,Yes
9465,A380,0.55,4.08,3.03,No,Thunderstorm,Yes,8.69,0.4,Yes
9466,A380,2.5,4.4,3.19,Yes,Fog,Yes,3.25,7.87,No
9467,B787,6.1,1.63,4.87,No,Snow,Yes,1.64,2.87,No
9468,B787,6.5,8.39,5.0,Yes,Clear,No,3.92,0.53,No
9469,A350,5.71,6.18,6.23,No,Snow,No,3.61,5.73,Yes
9470,B787,1.56,5.67,3.71,No,Thunderstorm,No,8.88,4.05,No
9471,A350,6.34,4.06,1.88,Yes,Snow,Yes,9.61,9.48,Yes
9472,B787,1.67,4.88,9.35,No,Rain,Yes,9.54,9.75,No
9473,A320,9.25,6.48,5.65,Yes,Thunderstorm,No,4.72,0.94,Yes
9474,B737,9.14,3.92,0.24,No,Clear,Yes,3.33,2.19,No
9475,B787,8.59,0.07,6.11,Yes,Thunderstorm,No,4.97,9.33,No
9476,A380,8.96,3.62,7.24,No,Thunderstorm,Yes,0.46,3.58,No
9477,A380,1.08,0.76,3.7,Yes,Rain,Yes,2.12,2.31,No
9478,B737,9.63,6.07,5.08,No,Fog,Yes,0.94,2.87,Yes
9479,B787,8.29,3.6,7.4,No,Snow,No,0.51,5.33,No
9480,B787,7.42,5.28,1.06,Yes,Thunderstorm,No,6.0,7.21,Yes
9481,A380,1.72,4.35,8.65,No,Rain,Yes,3.08,7.37,Yes
9482,A350,8.66,0.12,4.04,Yes,Thunderstorm,Yes,3.52,4.84,No
9483,B787,8.36,4.44,4.04,No,Rain,No,0.1,6.19,Yes
9484,A320,7.94,3.25,6.67,Yes,Fog,Yes,3.14,7.99,No
9485,B787,9.52,6.99,3.75,No,Snow,Yes,5.77,6.95,No
9486,A350,3.72,0.74,5.29,Yes,Snow,No,5.84,6.66,Yes
9487,B787,0.32,1.06,7.86,No,Rain,Yes,6.18,2.54,Yes
9488,A320,6.05,9.18,9.15,Yes,Fog,Yes,6.97,6.98,No
9489,B787,8.1,9.29,0.18,Yes,Snow,Yes,2.59,3.18,Yes
9490,B787,1.47,6.06,9.24,Yes,Thunderstorm,Yes,8.19,1.79,Yes
9491,B787,0.55,6.53,9.64,No,Thunderstorm,No,1.83,1.24,No
9492,A380,1.61,9.85,9.39,Yes,Thunderstorm,No,7.74,4.93,Yes
9493,B737,2.82,3.12,9.46,No,Thunderstorm,No,8.34,9.78,No
9494,A320,6.14,4.68,7.68,Yes,Thunderstorm,Yes,7.04,3.36,Yes
9495,A380,5.99,0.36,5.2,Yes,Thunderstorm,No,3.52,3.96,No
9496,A320,9.12,1.09,4.36,Yes,Rain,Yes,7.79,6.5,Yes
9497,A320,0.01,9.98,1.11,No,Clear,Yes,1.62,9.75,Yes
9498,A380,0.32,6.09,6.29,No,Rain,No,7.91,6.77,Yes
9499,B787,7.11,9.54,5.43,Yes,Rain,No,8.22,1.7,Yes
9500,A380,1.93,8.75,9.13,Yes,Rain,Yes,5.54,8.72,No
9501,A320,6.63,3.06,0.94,Yes,Snow,Yes,1.26,1.9,No
9502,A380,3.56,5.08,3.57,Yes,Clear,Yes,5.6,8.94,No
9503,A320,3.24,4.68,2.2,No,Fog,Yes,8.65,1.51,Yes
9504,B787,4.13,7.53,5.27,Yes,Fog,No,4.94,2.85,Yes
9505,A350,0.61,7.08,5.5,Yes,Rain,Yes,7.31,0.08,Yes
9506,B737,1.0,6.41,5.24,No,Clear,No,7.13,5.09,Yes
9507,A320,5.08,7.42,7.88,No,Rain,Yes,9.82,5.22,No
9508,A350,7.94,3.66,0.99,No,Thunderstorm,No,7.3,3.65,No
9509,B787,3.76,8.6,4.66,Yes,Fog,No,8.17,0.18,Yes
9510,A350,4.3,8.05,6.17,Yes,Fog,No,7.24,2.74,No
9511,B787,5.21,8.7,4.65,Yes,Snow,No,8.93,3.2,Yes
9512,A320,1.24,6.68,3.61,Yes,Clear,Yes,3.38,4.74,Yes
9513,A350,1.09,4.25,0.37,No,Fog,Yes,9.31,1.6,Yes
9514,B787,0.18,3.16,8.86,Yes,Clear,Yes,7.55,8.96,Yes
9515,A380,5.07,4.96,9.43,No,Thunderstorm,Yes,6.68,2.77,No
9516,A380,8.12,9.76,2.69,No,Clear,Yes,0.27,3.83,Yes
9517,B787,8.75,8.73,3.21,Yes,Snow,No,0.68,2.36,Yes
9518,A350,8.59,4.84,2.42,Yes,Rain,No,0.14,2.22,Yes
9519,A350,3.3,7.07,2.64,No,Fog,No,3.88,0.78,No
9520,B787,9.09,9.48,2.46,Yes,Clear,No,0.95,8.69,Yes
9521,A350,8.94,7.86,3.46,No,Clear,Yes,0.88,2.17,Yes
9522,A320,3.24,3.79,8.14,No,Snow,Yes,7.08,8.34,No
9523,A380,7.65,7.13,8.38,Yes,Snow,Yes,5.35,0.55,No
9524,A320,6.61,0.68,3.5,No,Clear,Yes,1.02,2.07,Yes
9525,A380,0.61,5.29,4.08,Yes,Clear,Yes,4.54,0.19,Yes
9526,B737,0.09,6.42,7.36,Yes,Fog,Yes,2.07,1.16,No
9527,A350,5.41,1.11,4.74,Yes,Fog,Yes,8.39,4.38,No
9528,B737,2.27,2.55,4.33,Yes,Rain,No,5.49,8.32,Yes
9529,B737,7.86,0.9,1.07,No,Snow,Yes,1.76,8.8,No
9530,A380,7.76,0.59,8.3,No,Snow,No,5.11,0.57,No
9531,A350,9.8,0.93,8.07,No,Snow,No,9.95,5.65,Yes
9532,A380,2.66,4.39,5.76,Yes,Clear,No,9.66,1.47,Yes
9533,A380,9.33,0.5,2.47,No,Thunderstorm,Yes,4.84,0.31,Yes
9534,A350,4.97,9.76,0.76,No,Rain,No,8.98,8.24,Yes
9535,B737,5.1,5.75,6.89,No,Snow,No,6.09,3.88,No
9536,A320,2.71,5.27,4.54,No,Rain,Yes,4.9,1.71,Yes
9537,A350,5.56,8.47,5.09,Yes,Rain,Yes,3.97,9.77,No
9538,B737,6.12,7.49,2.09,No,Snow,No,0.96,9.49,No
9539,B787,8.17,8.67,7.61,No,Clear,No,1.53,7.47,No
9540,A350,2.54,0.7,3.74,No,Snow,Yes,9.4,5.83,No
9541,B787,9.44,1.2,9.72,Yes,Thunderstorm,Yes,6.99,5.81,Yes
9542,B737,2.24,3.9,3.51,Yes,Clear,Yes,9.63,5.38,No
9543,B737,4.53,5.06,8.04,Yes,Clear,Yes,1.28,2.39,Yes
9544,A380,7.87,2.19,9.51,No,Fog,Yes,2.87,4.16,No
9545,A380,9.94,0.04,8.49,No,Snow,Yes,6.45,3.88,No
9546,B787,0.52,2.3,8.19,Yes,Snow,Yes,4.58,2.36,No
9547,B737,9.52,7.76,3.44,Yes,Snow,No,2.19,2.52,No
9548,A380,5.03,1.44,1.94,No,Clear,No,2.49,3.42,No
9549,A380,1.92,4.06,2.35,Yes,Fog,No,8.79,5.05,No
9550,A380,9.42,5.72,7.13,No,Clear,No,9.24,0.48,Yes
9551,A380,8.73,0.64,7.28,Yes,Fog,Yes,7.85,4.31,Yes
9552,B787,5.39,4.16,6.61,No,Rain,No,4.58,1.82,Yes
9553,A320,5.91,1.45,0.88,Yes,Fog,Yes,9.62,9.7,No
9554,B787,6.11,9.22,8.42,Yes,Thunderstorm,Yes,1.85,0.37,No
9555,A350,1.72,2.53,9.2,No,Rain,No,0.45,0.54,Yes
9556,A380,4.19,0.22,8.71,No,Clear,No,3.01,0.2,Yes
9557,A350,7.14,7.3,6.85,Yes,Snow,Yes,3.22,7.12,Yes
9558,A380,2.56,0.28,2.6,No,Thunderstorm,Yes,5.67,2.83,Yes
9559,B737,0.92,2.97,1.1,Yes,Thunderstorm,Yes,0.9,5.76,Yes
9560,A350,5.77,4.25,7.07,Yes,Snow,Yes,5.85,7.04,Yes
9561,A380,7.78,0.84,6.93,Yes,Snow,Yes,9.39,5.8,Yes
9562,A350,7.85,9.06,1.83,Yes,Fog,No,7.55,8.48,No
9563,A380,6.77,2.43,4.73,Yes,Rain,Yes,8.35,4.82,Yes
9564,B787,8.06,4.04,6.56,No,Thunderstorm,Yes,3.08,0.57,Yes
9565,A350,6.39,8.62,1.54,No,Snow,Yes,5.89,5.06,Yes
9566,B737,8.45,3.42,9.27,Yes,Rain,No,1.85,8.68,Yes
9567,A320,6.96,2.87,8.7,No,Fog,No,5.16,0.61,Yes
9568,B737,4.13,4.62,0.86,No,Rain,Yes,5.76,3.1,Yes
9569,A320,8.57,4.18,0.9,No,Fog,No,9.03,0.63,No
9570,B787,7.05,3.66,9.16,Yes,Clear,Yes,7.12,6.12,Yes
9571,A320,1.76,9.84,3.44,No,Thunderstorm,No,4.17,6.75,No
9572,A350,6.26,6.93,9.57,Yes,Thunderstorm,No,4.62,4.73,Yes
9573,B787,2.62,8.2,0.48,Yes,Clear,Yes,3.9,2.51,Yes
9574,A320,0.37,2.44,5.75,Yes,Fog,No,9.61,1.12,Yes
9575,B737,1.28,6.53,3.85,No,Clear,Yes,2.12,9.19,No
9576,B737,2.82,3.37,0.48,Yes,Thunderstorm,No,7.86,8.32,No
9577,A320,6.21,1.05,5.21,No,Fog,No,2.7,1.2,No
9578,B737,5.0,2.52,6.8,No,Thunderstorm,Yes,0.38,6.2,No
9579,A380,1.3,3.56,9.94,No,Fog,No,5.39,6.06,Yes
9580,A320,1.1,3.02,6.62,Yes,Clear,No,4.39,1.65,Yes
9581,B787,2.19,2.64,0.51,No,Clear,Yes,3.29,8.71,Yes
9582,B737,2.67,0.35,8.14,No,Thunderstorm,No,4.02,6.63,Yes
9583,B787,5.34,0.52,3.88,No,Thunderstorm,No,7.5,9.56,Yes
9584,A350,2.81,0.29,9.54,Yes,Rain,Yes,4.09,2.99,Yes
9585,A380,2.98,8.8,5.37,Yes,Snow,Yes,3.68,6.76,No
9586,B787,2.63,8.07,0.44,No,Snow,Yes,1.67,2.29,Yes
9587,A320,4.07,6.13,3.92,Yes,Rain,Yes,3.32,6.2,No
9588,A320,8.19,2.04,7.18,No,Clear,No,0.35,9.97,Yes
9589,A320,4.15,3.19,2.45,Yes,Snow,Yes,7.93,6.45,Yes
9590,A380,0.35,9.41,2.8,Yes,Thunderstorm,No,2.53,2.92,Yes
9591,A350,7.5,3.69,3.56,Yes,Clear,Yes,8.93,6.43,No
9592,B787,4.69,5.02,0.59,Yes,Rain,Yes,3.5,6.65,Yes
9593,B787,1.79,3.69,4.78,No,Snow,No,9.9,6.62,No
9594,B737,0.71,6.17,8.24,No,Thunderstorm,Yes,6.21,9.97,Yes
9595,B737,0.32,7.19,3.38,Yes,Snow,No,3.49,2.08,No
9596,B737,3.01,0.91,4.41,Yes,Clear,No,6.48,0.4,No
9597,A350,4.94,2.48,9.89,No,Snow,Yes,5.93,7.79,Yes
9598,A350,3.96,6.38,9.66,Yes,Snow,Yes,0.44,6.93,No
9599,A380,2.99,6.66,1.3,Yes,Thunderstorm,No,5.0,9.22,No
9600,B787,1.82,5.64,0.18,No,Fog,No,8.37,4.16,Yes
9601,B737,9.08,8.2,0.47,Yes,Clear,No,3.36,3.5,Yes
9602,B737,2.76,9.73,4.3,Yes,Snow,No,3.35,1.32,No
9603,B737,5.66,3.87,10.0,Yes,Thunderstorm,Yes,5.74,8.62,Yes
9604,A380,4.95,4.12,7.33,No,Clear,No,5.12,5.18,No
9605,B737,0.76,3.26,8.75,No,Clear,No,6.96,0.06,No
9606,B787,2.63,0.84,0.09,No,Snow,No,8.47,8.39,No
9607,B787,2.78,7.1,3.3,No,Snow,No,9.83,6.07,Yes
9608,A380,9.16,9.34,7.67,Yes,Snow,No,6.5,3.04,No
9609,A320,7.51,0.24,4.72,No,Fog,No,8.54,9.08,Yes
9610,A320,6.97,4.21,7.09,Yes,Thunderstorm,Yes,3.16,8.39,Yes
9611,A320,6.52,8.7,0.54,Yes,Clear,Yes,6.28,5.09,Yes
9612,A380,3.3,3.72,4.48,No,Rain,Yes,8.5,2.09,Yes
9613,A380,3.12,2.29,3.4,Yes,Thunderstorm,Yes,4.64,2.15,Yes
9614,B737,5.03,1.05,2.7,No,Rain,No,5.25,9.28,Yes
9615,A380,8.19,0.59,8.22,No,Fog,Yes,4.06,7.18,No
9616,A380,0.15,2.02,6.11,No,Fog,Yes,2.9,5.57,Yes
9617,B737,5.77,1.82,7.09,Yes,Thunderstorm,No,0.62,7.13,Yes
9618,A350,7.57,7.76,8.47,Yes,Thunderstorm,Yes,5.61,2.62,No
9619,A320,1.7,6.75,0.31,Yes,Rain,No,5.49,7.43,No
9620,A380,4.3,4.55,0.58,Yes,Clear,Yes,2.58,5.15,No
9621,A320,5.33,2.09,4.84,Yes,Thunderstorm,No,8.83,1.46,Yes
9622,B737,6.64,1.06,9.68,Yes,Thunderstorm,Yes,1.95,9.88,Yes
9623,A320,9.2,9.76,4.92,No,Rain,Yes,6.33,7.06,Yes
9624,B787,1.34,8.51,6.41,Yes,Rain,Yes,3.61,0.57,No
9625,B737,3.9,8.12,0.84,Yes,Clear,No,7.71,1.52,Yes
9626,A380,5.36,4.0,9.86,No,Snow,Yes,5.82,9.49,Yes
9627,B737,5.96,3.62,2.81,No,Fog,No,2.44,0.28,No
9628,A380,3.59,3.75,6.39,Yes,Fog,Yes,2.87,3.18,Yes
9629,B737,4.13,8.4,3.53,Yes,Rain,Yes,0.39,0.95,Yes
9630,A320,8.25,3.02,9.85,No,Clear,No,2.86,6.99,No
9631,A380,6.06,2.96,5.43,Yes,Snow,No,3.24,5.31,No
9632,A320,8.91,3.3,1.75,No,Thunderstorm,No,6.09,6.13,No
9633,A350,9.91,8.87,0.09,No,Fog,No,5.99,1.06,Yes
9634,B737,9.13,6.65,9.62,Yes,Thunderstorm,Yes,1.8,7.82,Yes
9635,B737,9.82,1.55,5.09,Yes,Clear,Yes,2.15,2.06,Yes
9636,A380,0.63,8.39,0.32,No,Rain,Yes,5.21,3.75,Yes
9637,A350,7.01,9.52,1.92,Yes,Snow,No,2.45,0.92,No
9638,A350,1.82,9.5,3.62,No,Fog,Yes,5.15,2.64,Yes
9639,A380,9.69,5.34,0.11,Yes,Rain,No,8.77,6.49,No
9640,A380,7.79,1.27,9.76,No,Clear,Yes,8.2,5.68,No
9641,A350,0.05,4.59,0.4,No,Clear,No,5.84,1.31,Yes
9642,B737,5.24,9.92,6.42,Yes,Clear,No,6.79,2.74,No
9643,B737,2.65,0.13,7.2,No,Clear,No,2.43,2.12,No
9644,B737,8.82,8.33,8.52,Yes,Thunderstorm,Yes,7.6,9.1,No
9645,B737,6.46,0.59,1.3,Yes,Clear,Yes,0.89,7.78,No
9646,A350,7.34,8.76,2.75,No,Fog,Yes,4.57,5.43,No
9647,B737,1.56,1.04,6.34,Yes,Fog,Yes,6.34,3.48,No
9648,A350,6.42,0.0,3.94,Yes,Snow,Yes,2.96,9.09,Yes
9649,A350,1.83,3.87,6.42,Yes,Snow,Yes,9.36,4.79,No
9650,A350,5.66,5.82,6.02,Yes,Clear,No,4.13,6.24,Yes
9651,A380,7.31,8.21,2.76,No,Thunderstorm,No,9.22,9.54,Yes
9652,B787,1.61,2.06,8.54,No,Fog,Yes,9.12,8.1,Yes
9653,A350,2.53,9.61,5.18,Yes,Clear,No,9.21,2.59,Yes
9654,B737,5.14,1.34,9.89,No,Snow,No,2.75,8.18,No
9655,A320,2.87,2.06,3.63,No,Thunderstorm,Yes,6.79,7.15,Yes
9656,A380,1.03,8.85,0.76,No,Clear,No,2.41,5.68,No
9657,B737,7.39,5.6,8.34,No,Rain,No,7.73,0.5,No
9658,A320,9.64,0.64,1.92,No,Rain,No,9.93,1.41,Yes
9659,A320,9.95,6.72,1.66,No,Clear,No,4.65,2.97,Yes
9660,A320,5.21,5.23,7.04,Yes,Fog,No,6.94,9.23,Yes
9661,B737,9.15,2.64,7.88,No,Snow,Yes,1.74,7.19,No
9662,A320,2.49,5.5,4.87,Yes,Thunderstorm,No,5.74,3.58,Yes
9663,B787,2.57,0.36,4.94,Yes,Thunderstorm,No,4.76,6.76,Yes
9664,B737,5.44,0.44,6.58,Yes,Fog,Yes,3.82,6.88,No
9665,A350,0.67,8.31,1.13,No,Clear,Yes,1.36,0.72,Yes
9666,A350,8.13,7.49,1.65,No,Rain,Yes,6.07,2.72,Yes
9667,A350,5.15,9.91,1.08,Yes,Snow,No,1.82,4.27,Yes
9668,B787,6.38,6.91,6.52,Yes,Fog,No,6.74,7.65,No
9669,A320,6.28,3.39,0.19,Yes,Fog,Yes,6.73,8.79,No
9670,B737,0.59,2.78,4.17,Yes,Rain,No,7.6,3.3,No
9671,A350,4.63,0.03,9.81,Yes,Snow,Yes,4.73,0.05,Yes
9672,B737,5.54,9.12,7.68,Yes,Clear,Yes,8.33,7.33,No
9673,A320,0.03,4.56,7.59,No,Rain,No,9.95,6.93,No
9674,A350,6.92,4.34,2.81,No,Clear,Yes,8.78,4.77,Yes
9675,A320,8.93,5.65,4.6,No,Clear,Yes,7.74,1.98,Yes
9676,A320,3.37,3.37,6.69,Yes,Fog,Yes,8.61,3.3,No
9677,B737,0.79,8.89,2.44,Yes,Clear,Yes,9.72,1.95,Yes
9678,A350,3.34,2.68,3.29,Yes,Fog,No,8.09,2.22,Yes
9679,A350,1.43,7.05,2.97,No,Clear,Yes,7.31,7.37,Yes
9680,A320,0.01,6.85,9.74,Yes,Thunderstorm,Yes,8.35,6.3,No
9681,B787,9.34,1.1,9.53,No,Rain,Yes,0.56,2.22,Yes
9682,A380,7.85,4.74,4.51,Yes,Clear,No,2.91,0.38,No
9683,A350,3.25,3.47,4.08,No,Clear,No,7.38,0.84,Yes
9684,A380,8.35,6.64,2.86,No,Rain,No,4.79,6.36,Yes
9685,B737,1.81,3.47,5.84,Yes,Snow,No,3.72,7.04,Yes
9686,B787,7.03,8.76,8.22,No,Fog,No,9.19,1.24,Yes
9687,A350,8.45,3.26,0.56,Yes,Clear,No,5.12,3.71,No
9688,B787,4.05,7.99,0.31,Yes,Snow,No,0.28,7.05,No
9689,A380,2.41,3.07,4.87,No,Fog,Yes,4.44,1.82,No
9690,A350,7.61,1.66,1.14,Yes,Thunderstorm,Yes,5.12,7.93,Yes
9691,A350,7.25,3.66,0.37,No,Clear,No,6.52,2.77,Yes
9692,A350,3.26,6.5,1.82,Yes,Clear,Yes,9.56,3.65,No
9693,A350,8.32,4.25,5.39,Yes,Fog,No,0.42,7.52,Yes
9694,A380,1.82,5.38,9.84,No,Rain,Yes,6.63,2.11,Yes
9695,B787,4.76,1.98,4.91,No,Clear,Yes,2.76,5.22,Yes
9696,B787,3.16,3.8,6.01,No,Fog,Yes,5.74,2.93,Yes
9697,A350,5.29,3.95,3.84,Yes,Rain,Yes,6.97,5.14,No
9698,B737,8.01,4.83,1.62,No,Fog,No,8.05,4.17,Yes
9699,B737,8.51,8.96,0.78,No,Clear,No,5.8,3.63,No
9700,A350,8.06,7.69,0.82,Yes,Snow,Yes,5.22,8.89,No
9701,B737,2.32,8.7,8.1,Yes,Fog,No,7.7,2.42,No
9702,A320,1.21,6.08,0.76,No,Fog,Yes,9.63,1.48,Yes
9703,A380,1.16,9.55,1.57,Yes,Clear,Yes,1.85,6.72,No
9704,A350,2.79,6.75,8.01,Yes,Snow,Yes,1.43,7.42,No
9705,B737,5.56,3.78,4.21,No,Thunderstorm,Yes,2.46,7.85,No
9706,A380,2.72,1.69,6.9,Yes,Rain,No,4.0,3.72,Yes
9707,A350,0.75,7.15,4.55,No,Snow,Yes,0.72,9.79,Yes
9708,A350,1.16,8.17,7.56,No,Rain,Yes,3.88,9.49,No
9709,B737,4.52,1.98,3.3,No,Clear,No,4.62,8.33,No
9710,B787,4.73,4.04,0.6,Yes,Fog,Yes,5.9,1.32,No
9711,A320,3.85,9.84,7.3,Yes,Snow,No,7.69,6.62,Yes
9712,B737,1.98,2.09,0.5,Yes,Snow,No,5.14,2.75,Yes
9713,A320,9.98,7.44,8.92,No,Clear,Yes,1.15,5.6,No
9714,B737,2.68,4.99,4.39,Yes,Clear,No,8.72,2.02,No
9715,A380,5.95,2.91,7.23,No,Clear,No,9.57,0.66,Yes
9716,A380,2.64,9.74,4.22,No,Fog,Yes,6.09,3.79,No
9717,B787,9.38,5.67,6.54,Yes,Snow,Yes,9.42,3.7,No
9718,B787,5.13,4.2,1.65,Yes,Fog,No,3.23,6.79,No
9719,A320,7.19,7.08,7.99,Yes,Fog,Yes,8.75,2.27,Yes
9720,A320,2.64,5.44,6.09,Yes,Thunderstorm,Yes,2.57,1.5,Yes
9721,B737,2.44,0.47,1.35,No,Snow,No,6.46,6.2,No
9722,B787,7.79,0.21,1.96,No,Clear,Yes,1.54,4.5,No
9723,B787,4.22,6.06,9.12,No,Rain,Yes,1.29,6.37,Yes
9724,A350,8.92,8.39,0.14,Yes,Fog,Yes,1.03,1.16,Yes
9725,A320,9.81,1.51,3.78,No,Clear,No,9.66,1.37,No
9726,B737,9.29,4.82,4.52,No,Fog,No,7.17,0.79,Yes
9727,A380,2.91,0.19,5.2,No,Snow,No,7.59,8.78,Yes
9728,B737,9.91,0.72,6.76,No,Fog,Yes,5.6,4.68,Yes
9729,A320,9.27,4.47,4.48,No,Clear,No,6.6,6.34,Yes
9730,A380,8.92,4.3,6.45,Yes,Rain,No,1.94,0.54,Yes
9731,B737,8.3,9.38,7.02,Yes,Snow,No,9.35,3.38,Yes
9732,A350,0.52,4.97,7.83,No,Snow,Yes,3.34,7.53,No
9733,A320,6.83,2.73,3.33,Yes,Rain,Yes,3.6,6.74,Yes
9734,B787,2.23,5.8,0.61,No,Clear,No,0.56,1.48,Yes
9735,A380,6.89,8.91,5.6,No,Rain,Yes,7.51,7.78,No
9736,A380,8.04,6.03,2.12,No,Snow,No,6.44,9.21,Yes
9737,A350,7.28,7.08,9.09,No,Fog,No,4.06,6.08,No
9738,B787,0.1,1.99,4.55,Yes,Rain,Yes,6.89,5.93,Yes
9739,B737,8.97,0.67,7.47,Yes,Fog,Yes,7.08,5.55,Yes
9740,B787,7.56,2.6,4.74,Yes,Rain,Yes,4.82,2.15,No
9741,B737,2.47,0.03,7.41,Yes,Rain,No,4.52,5.73,No
9742,B787,7.86,5.36,4.93,Yes,Clear,Yes,4.4,9.55,No
9743,A380,0.67,2.04,7.93,No,Clear,No,2.18,8.36,No
9744,A350,8.99,0.05,4.13,Yes,Snow,Yes,5.35,6.9,No
9745,B737,1.12,4.78,1.97,Yes,Snow,Yes,3.84,8.4,Yes
9746,B737,1.02,1.1,0.67,Yes,Clear,Yes,0.11,8.9,No
9747,A320,0.45,4.52,9.47,Yes,Thunderstorm,No,7.16,0.96,Yes
9748,A350,5.75,8.11,5.08,Yes,Fog,No,2.31,2.33,No
9749,B787,0.51,2.8,0.9,No,Fog,No,7.07,3.97,Yes
9750,A320,9.25,7.73,8.89,No,Thunderstorm,No,4.17,2.73,No
9751,B737,1.54,0.49,1.72,No,Rain,Yes,2.88,1.26,No
9752,A350,7.86,9.45,3.04,Yes,Fog,No,9.88,1.82,No
9753,B737,5.04,2.64,0.35,Yes,Thunderstorm,Yes,4.19,6.84,No
9754,A350,1.85,6.15,2.11,No,Snow,No,0.6,1.96,Yes
9755,B737,0.27,7.71,9.13,No,Rain,Yes,0.12,5.64,No
9756,A350,6.78,3.21,7.4,Yes,Thunderstorm,Yes,1.81,8.71,No
9757,B737,4.55,8.64,2.86,Yes,Clear,Yes,3.78,4.21,Yes
9758,B737,5.78,6.03,3.42,No,Rain,No,5.51,1.24,Yes
9759,B737,2.94,8.1,1.29,Yes,Fog,No,3.61,1.22,No
9760,A350,9.64,6.8,2.58,Yes,Snow,No,7.13,8.23,Yes
9761,B737,4.9,9.84,6.04,Yes,Fog,Yes,6.07,1.71,Yes
9762,B737,2.01,9.35,3.45,No,Thunderstorm,Yes,9.01,9.9,Yes
9763,B787,7.9,3.25,5.97,No,Rain,Yes,9.7,8.51,No
9764,B737,7.55,6.85,8.86,Yes,Rain,Yes,4.23,4.51,Yes
9765,A320,3.62,7.58,5.67,No,Snow,No,3.84,6.54,Yes
9766,B787,6.35,4.64,9.46,Yes,Clear,Yes,2.34,3.02,Yes
9767,B737,7.25,1.1,1.41,Yes,Fog,No,5.19,4.24,Yes
9768,A380,9.95,8.82,5.66,Yes,Snow,Yes,2.44,4.78,Yes
9769,A320,1.45,7.86,4.84,Yes,Snow,No,1.41,8.09,Yes
9770,B787,2.93,3.91,7.55,No,Fog,No,3.97,8.9,Yes
9771,A350,2.87,4.89,7.66,Yes,Snow,Yes,1.37,9.89,No
9772,B737,8.7,4.55,3.37,Yes,Rain,Yes,5.23,6.71,No
9773,A380,9.85,5.74,2.46,Yes,Rain,No,2.41,1.28,No
9774,B787,6.4,7.05,6.37,No,Fog,Yes,4.93,6.14,No
9775,A380,9.31,2.76,8.89,Yes,Snow,No,4.72,0.17,Yes
9776,A320,3.78,1.74,9.91,No,Fog,No,4.04,0.31,Yes
9777,A350,7.46,7.4,2.11,No,Fog,No,7.03,9.44,No
9778,B737,7.2,0.88,5.74,No,Clear,Yes,5.79,0.92,Yes
9779,A380,9.3,0.84,4.48,No,Rain,No,1.16,3.27,No
9780,B787,8.54,8.7,9.37,Yes,Fog,Yes,6.6,2.61,Yes
9781,A380,2.0,2.02,2.29,No,Fog,No,9.8,2.88,Yes
9782,A380,5.95,9.53,5.59,No,Fog,Yes,6.52,6.87,Yes
9783,A320,2.48,4.79,8.48,Yes,Clear,Yes,0.54,5.56,No
9784,A380,8.19,3.19,3.61,No,Clear,No,4.72,3.23,Yes
9785,A320,5.93,6.54,0.86,Yes,Snow,Yes,3.5,3.96,No
9786,B787,1.02,3.21,5.75,Yes,Clear,No,5.84,2.46,Yes
9787,B787,3.81,6.03,3.0,No,Snow,No,2.32,1.73,Yes
9788,A320,2.96,2.34,1.01,No,Fog,No,6.43,4.52,No
9789,A320,8.36,0.6,3.61,No,Rain,No,4.85,3.14,No
9790,A380,4.03,7.45,3.56,Yes,Snow,No,7.82,9.93,Yes
9791,B737,6.27,3.03,4.2,Yes,Thunderstorm,No,3.76,5.03,Yes
9792,A380,0.53,9.35,6.79,No,Rain,Yes,6.67,5.87,No
9793,A350,9.34,1.92,3.03,No,Snow,No,4.52,4.06,No
9794,A320,3.72,3.92,5.24,No,Fog,No,6.58,1.69,No
9795,A350,2.85,1.98,2.89,No,Fog,Yes,4.56,5.51,Yes
9796,B787,4.73,5.68,1.43,No,Fog,Yes,5.28,2.78,Yes
9797,B787,2.74,2.0,9.19,No,Clear,No,2.83,7.72,No
9798,B737,0.77,3.02,5.53,Yes,Rain,No,2.35,9.16,Yes
9799,B737,0.39,1.87,4.67,No,Rain,No,9.59,4.98,No
9800,B787,0.58,6.87,4.28,Yes,Clear,No,1.7,7.38,No
9801,A320,6.68,8.4,9.13,Yes,Thunderstorm,No,6.42,2.21,Yes
9802,A320,3.57,5.8,2.69,No,Clear,Yes,6.01,4.58,No
9803,A350,1.44,0.23,7.03,No,Fog,Yes,5.23,0.04,No
9804,A350,3.61,1.78,0.45,No,Rain,No,3.05,0.65,Yes
9805,A380,2.57,0.47,4.83,No,Fog,No,5.76,3.19,No
9806,B737,5.32,5.56,2.82,Yes,Fog,Yes,8.5,4.85,No
9807,B787,9.57,5.17,0.94,Yes,Fog,Yes,1.04,0.05,Yes
9808,A320,2.23,9.91,2.02,No,Rain,No,2.99,0.44,No
9809,B787,7.24,9.48,7.72,No,Snow,Yes,7.24,5.88,No
9810,A350,4.13,6.21,3.52,Yes,Rain,No,3.02,2.92,No
9811,A320,8.24,3.44,9.8,Yes,Snow,No,7.27,7.02,No
9812,B737,6.47,6.36,4.81,No,Rain,Yes,2.67,5.54,Yes
9813,A350,3.63,2.91,5.87,No,Clear,Yes,8.45,0.34,No
9814,B787,9.47,8.44,4.35,Yes,Thunderstorm,No,0.39,5.15,No
9815,A380,1.99,5.08,4.59,Yes,Thunderstorm,No,1.77,4.41,Yes
9816,A320,9.59,1.3,3.62,Yes,Snow,No,9.44,6.34,No
9817,B737,1.83,3.38,7.78,No,Fog,Yes,4.97,8.47,Yes
9818,B737,4.82,2.87,2.54,Yes,Snow,Yes,5.92,9.94,No
9819,A380,7.46,8.51,7.07,Yes,Thunderstorm,Yes,5.26,3.84,No
9820,B787,8.88,5.35,7.36,No,Fog,Yes,8.77,6.18,Yes
9821,B737,0.27,4.91,7.05,Yes,Fog,Yes,0.22,0.08,No
9822,A350,2.61,7.19,1.1,No,Thunderstorm,Yes,8.47,5.01,No
9823,B737,9.02,8.68,7.08,Yes,Clear,Yes,2.78,2.4,No
9824,A350,9.4,0.53,9.11,Yes,Snow,Yes,9.67,6.58,No
9825,B787,4.39,6.75,8.35,Yes,Snow,Yes,4.66,8.55,No
9826,A320,8.38,0.21,6.91,Yes,Rain,No,7.73,4.92,Yes
9827,B737,0.03,0.42,8.14,Yes,Clear,No,0.08,1.21,No
9828,B737,6.64,7.58,8.58,No,Clear,Yes,8.36,5.17,No
9829,B737,0.5,0.71,3.09,Yes,Fog,Yes,7.01,1.78,Yes
9830,B787,4.02,0.08,6.03,No,Clear,No,6.1,0.65,Yes
9831,B787,0.92,1.02,1.24,No,Snow,No,4.27,3.81,Yes
9832,A380,7.56,3.05,6.66,No,Thunderstorm,Yes,6.34,8.25,No
9833,B737,9.05,1.81,7.19,No,Clear,No,4.1,3.24,No
9834,B787,6.93,1.07,4.9,No,Snow,No,4.12,5.16,Yes
9835,A380,3.89,0.32,0.1,No,Clear,No,8.6,8.65,Yes
9836,A320,9.12,5.52,3.04,Yes,Fog,Yes,5.64,6.96,No
9837,B737,4.45,4.38,4.9,No,Snow,Yes,4.76,1.07,No
9838,A320,4.65,3.66,4.12,No,Thunderstorm,No,2.85,9.63,No
9839,A350,5.99,9.37,5.42,Yes,Thunderstorm,No,9.71,0.63,No
9840,A350,5.31,6.19,2.09,Yes,Clear,No,4.3,3.0,Yes
9841,A320,9.56,5.08,7.13,Yes,Fog,No,6.6,4.8,Yes
9842,A380,4.18,3.17,2.68,No,Rain,Yes,6.21,8.75,Yes
9843,B787,1.36,3.06,3.76,No,Thunderstorm,Yes,3.27,0.2,No
9844,A350,3.51,7.3,3.83,Yes,Rain,No,7.14,5.19,No
9845,B737,7.47,6.73,8.82,No,Clear,No,2.44,2.24,Yes
9846,A320,4.8,7.97,3.3,Yes,Clear,Yes,5.17,8.32,No
9847,A350,9.06,7.94,4.24,Yes,Snow,No,9.53,0.84,No
9848,A320,1.65,8.94,6.55,Yes,Snow,No,9.7,3.21,Yes
9849,A320,5.39,9.56,7.4,Yes,Rain,Yes,7.84,7.65,Yes
9850,A350,3.19,8.64,6.47,Yes,Snow,Yes,9.01,7.14,No
9851,A380,7.75,6.35,8.37,No,Snow,No,3.3,4.87,No
9852,B737,5.46,7.88,4.94,No,Rain,Yes,5.73,7.56,Yes
9853,A380,8.22,4.19,7.56,Yes,Clear,No,6.32,3.97,Yes
9854,A350,4.52,0.37,8.56,Yes,Rain,Yes,5.23,2.46,Yes
9855,B787,7.14,8.67,1.35,No,Thunderstorm,No,0.39,0.84,Yes
9856,B787,4.02,5.41,7.33,No,Rain,Yes,3.67,0.54,Yes
9857,A350,0.99,4.71,3.76,No,Rain,No,8.05,7.91,No
9858,B737,3.96,7.27,3.59,Yes,Fog,No,9.67,8.05,No
9859,A320,4.18,2.04,6.89,Yes,Snow,No,1.31,4.68,Yes
9860,A350,1.73,2.39,6.12,Yes,Clear,No,5.56,6.11,Yes
9861,B787,1.04,1.73,7.3,Yes,Fog,No,6.17,3.85,No
9862,A350,3.37,6.09,8.32,Yes,Clear,No,6.94,0.03,Yes
9863,A380,3.14,2.86,5.88,No,Rain,No,2.15,3.24,Yes
9864,A380,4.78,3.08,0.72,No,Snow,Yes,4.83,9.19,Yes
9865,A380,8.22,7.81,8.1,No,Fog,No,1.43,2.02,No
9866,B737,9.56,2.09,6.1,No,Thunderstorm,Yes,0.73,7.34,No
9867,A350,1.38,1.01,0.65,Yes,Fog,No,6.7,1.51,Yes
9868,A380,4.38,8.11,0.56,Yes,Thunderstorm,Yes,4.37,5.78,No
9869,A350,6.6,9.32,1.78,No,Thunderstorm,No,1.48,7.19,No
9870,A380,5.23,7.21,2.08,Yes,Fog,No,5.03,4.05,No
9871,B787,7.78,3.5,3.54,Yes,Clear,No,0.9,8.87,Yes
9872,A380,5.4,1.48,2.4,Yes,Clear,No,8.08,1.61,No
9873,B737,6.43,2.36,4.05,Yes,Snow,Yes,6.35,5.16,No
9874,B737,1.29,4.4,7.63,Yes,Rain,Yes,5.02,1.45,No
9875,A320,6.72,6.38,6.99,Yes,Thunderstorm,Yes,2.79,1.01,Yes
9876,B787,0.81,2.54,2.52,Yes,Rain,No,4.98,0.81,No
9877,A380,3.68,6.35,8.25,Yes,Snow,Yes,6.54,2.8,No
9878,B787,1.48,1.5,1.34,Yes,Rain,Yes,3.45,7.29,Yes
9879,B787,1.96,5.84,8.89,Yes,Thunderstorm,No,5.18,5.29,Yes
9880,A320,1.99,2.62,0.24,Yes,Rain,Yes,0.1,4.44,No
9881,A320,8.88,4.96,0.83,Yes,Snow,Yes,3.75,3.78,Yes
9882,B737,8.19,2.04,0.37,No,Rain,Yes,0.18,6.86,Yes
9883,A380,5.46,9.79,1.79,Yes,Clear,No,6.32,4.3,No
9884,A320,2.56,5.25,5.12,Yes,Clear,No,5.7,7.51,Yes
9885,A320,0.03,4.22,3.72,No,Snow,Yes,0.28,6.06,Yes
9886,A350,5.39,8.55,3.5,Yes,Rain,Yes,0.84,1.91,Yes
9887,B737,9.17,5.21,0.41,Yes,Snow,No,7.06,6.29,No
9888,A320,1.24,9.97,9.24,No,Thunderstorm,Yes,7.09,2.92,Yes
9889,A380,1.98,9.4,2.98,No,Rain,No,7.31,0.93,Yes
9890,A350,7.6,9.3,0.52,No,Thunderstorm,Yes,9.33,2.56,Yes
9891,B787,7.14,4.24,4.26,No,Thunderstorm,No,5.71,4.3,No
9892,A350,3.23,6.41,4.43,No,Snow,Yes,4.87,3.42,Yes
9893,B787,8.44,7.84,6.79,Yes,Clear,Yes,3.98,2.18,Yes
9894,A350,6.82,0.39,4.58,Yes,Snow,No,0.08,6.8,No
9895,B787,7.28,4.2,9.31,Yes,Thunderstorm,Yes,2.57,9.45,No
9896,A350,5.15,9.61,9.55,No,Fog,No,8.54,2.97,Yes
9897,A320,7.53,8.18,5.4,Yes,Snow,Yes,0.36,5.4,No
9898,A320,8.47,5.21,9.56,Yes,Fog,Yes,5.47,7.5,No
9899,B787,0.73,3.38,2.56,No,Clear,No,2.19,2.44,Yes
9900,A320,9.52,9.3,7.1,Yes,Rain,Yes,6.83,7.15,No
9901,B787,9.18,0.73,9.88,No,Thunderstorm,No,9.23,2.48,No
9902,A350,7.2,4.22,9.82,No,Fog,Yes,7.94,4.54,No
9903,A380,8.5,7.33,6.72,No,Thunderstorm,No,4.55,2.5,No
9904,A350,7.79,8.66,6.54,No,Thunderstorm,No,7.0,3.37,No
9905,B737,5.22,4.77,1.95,Yes,Clear,No,2.16,2.87,Yes
9906,A350,6.21,1.31,8.89,Yes,Thunderstorm,Yes,5.87,0.76,No
9907,B787,9.71,2.58,9.02,No,Thunderstorm,No,2.03,5.64,Yes
9908,B787,9.61,1.72,6.24,Yes,Thunderstorm,No,0.11,0.42,Yes
9909,A380,6.25,3.76,4.69,Yes,Thunderstorm,Yes,9.1,5.29,No
9910,A380,8.51,7.13,8.35,Yes,Clear,Yes,8.14,3.96,No
9911,A380,8.29,4.64,0.07,No,Fog,No,9.49,5.71,Yes
9912,A320,0.4,4.83,3.29,Yes,Rain,No,4.47,6.59,Yes
9913,B737,9.12,0.07,0.67,Yes,Rain,No,4.18,6.57,No
9914,A350,9.12,1.92,8.9,Yes,Rain,Yes,5.1,7.65,No
9915,B787,0.26,5.15,5.89,Yes,Rain,No,3.24,2.03,No
9916,B737,9.73,9.16,1.57,Yes,Clear,No,1.69,7.8,Yes
9917,B787,0.14,2.83,5.32,Yes,Clear,Yes,0.1,0.54,No
9918,A320,9.89,5.86,9.78,Yes,Fog,Yes,1.67,3.98,No
9919,A350,9.94,5.7,8.96,Yes,Thunderstorm,Yes,6.03,7.41,Yes
9920,A350,0.05,9.25,2.86,Yes,Thunderstorm,No,9.06,3.89,Yes
9921,A350,8.19,5.07,9.61,Yes,Thunderstorm,No,6.87,5.19,Yes
9922,A380,5.17,2.43,9.71,No,Clear,Yes,1.25,8.71,Yes
9923,A350,2.27,0.34,9.25,No,Fog,No,7.08,4.87,No
9924,B737,1.48,3.38,9.08,No,Snow,No,7.5,2.95,No
9925,A320,0.59,0.4,9.89,No,Thunderstorm,Yes,9.88,7.13,Yes
9926,A320,9.48,3.94,7.21,No,Fog,Yes,0.4,4.83,No
9927,A380,9.67,5.38,3.66,No,Rain,Yes,0.55,2.07,No
9928,B787,7.94,7.99,1.12,No,Fog,No,5.79,2.48,No
9929,A380,6.42,1.6,9.96,No,Rain,No,2.61,1.05,No
9930,B737,8.18,6.18,6.22,No,Fog,Yes,0.14,4.71,Yes
9931,A320,6.9,9.9,9.46,Yes,Thunderstorm,No,2.21,0.17,No
9932,B787,4.22,2.46,4.64,No,Snow,Yes,0.3,3.72,Yes
9933,A380,0.18,2.88,1.96,Yes,Fog,Yes,5.94,5.12,Yes
9934,A380,4.57,1.76,3.54,Yes,Thunderstorm,Yes,7.79,5.19,Yes
9935,A350,0.32,5.02,5.54,Yes,Snow,No,4.89,6.24,No
9936,A380,8.95,1.82,6.87,No,Fog,No,1.82,4.06,Yes
9937,A350,3.17,0.4,3.45,Yes,Rain,No,0.35,9.48,No
9938,B737,9.03,0.52,2.34,No,Rain,Yes,8.65,8.3,Yes
9939,B787,1.76,1.75,2.83,No,Thunderstorm,Yes,7.43,0.19,No
9940,B787,4.86,5.63,3.37,Yes,Fog,No,9.53,1.82,No
9941,B787,0.49,2.3,6.75,No,Thunderstorm,No,3.6,6.08,Yes
9942,A380,6.45,0.42,5.77,No,Clear,Yes,8.72,1.21,Yes
9943,A320,4.88,1.77,4.38,No,Clear,No,4.58,5.91,Yes
9944,B787,8.47,4.09,7.91,No,Clear,Yes,7.61,8.98,No
9945,B787,7.14,2.62,4.85,Yes,Clear,No,3.45,6.51,Yes
9946,B787,8.47,8.41,8.96,Yes,Rain,Yes,4.49,5.21,No
9947,B787,8.78,1.08,5.84,Yes,Snow,No,1.83,2.02,Yes
9948,A320,6.74,1.15,0.27,No,Thunderstorm,Yes,3.62,8.07,Yes
9949,B737,4.49,7.66,4.6,No,Clear,Yes,9.42,5.11,Yes
9950,B787,2.62,1.73,1.93,Yes,Rain,No,9.32,8.4,No
9951,A380,1.92,9.44,2.81,Yes,Snow,Yes,1.72,8.64,No
9952,A350,0.81,2.74,0.24,Yes,Rain,Yes,2.61,1.43,No
9953,A380,9.17,1.18,2.08,Yes,Clear,No,8.69,0.81,Yes
9954,A350,8.86,7.7,3.97,Yes,Fog,Yes,0.63,7.2,Yes
9955,A380,4.33,6.6,3.96,No,Fog,Yes,8.1,7.11,No
9956,A380,3.71,7.79,5.61,Yes,Fog,No,8.72,6.54,No
9957,B787,1.6,5.19,0.72,Yes,Rain,No,8.86,7.08,No
9958,A380,9.11,6.06,1.03,Yes,Clear,No,5.03,6.79,No
9959,A350,7.06,8.07,5.8,No,Snow,Yes,4.35,4.99,Yes
9960,A320,1.11,0.85,6.9,Yes,Snow,No,1.29,6.35,Yes
9961,A380,1.67,9.14,3.21,Yes,Clear,No,5.17,4.69,Yes
9962,B737,9.18,4.61,2.88,No,Snow,Yes,0.55,6.24,No
9963,A380,4.91,9.03,4.07,Yes,Thunderstorm,No,9.88,7.95,Yes
9964,A350,8.88,2.52,1.38,No,Fog,No,4.52,5.13,No
9965,B737,2.38,6.75,2.73,No,Thunderstorm,Yes,1.29,0.44,Yes
9966,A320,6.5,8.88,2.14,Yes,Rain,Yes,2.86,2.59,Yes
9967,A380,3.89,4.49,4.84,No,Snow,Yes,1.51,0.53,No
9968,A380,2.29,7.54,3.29,No,Clear,No,3.68,5.24,No
9969,A380,9.12,6.04,9.81,Yes,Fog,Yes,0.15,10.0,Yes
9970,B787,2.66,8.76,8.15,No,Rain,No,5.36,0.44,No
9971,A380,3.92,4.35,9.59,No,Clear,Yes,8.27,3.24,No
9972,A320,5.35,5.74,9.17,No,Fog,Yes,0.08,1.65,Yes
9973,A350,3.19,5.47,1.04,No,Thunderstorm,No,8.19,8.97,No
9974,B737,8.14,5.65,4.81,Yes,Thunderstorm,No,4.47,3.78,Yes
9975,A380,5.76,3.42,1.49,No,Fog,Yes,4.67,1.97,Yes
9976,B787,5.99,2.97,8.42,No,Snow,No,9.27,0.25,Yes
9977,A350,0.05,4.65,1.46,No,Fog,No,2.18,3.87,Yes
9978,B737,8.22,6.3,4.11,Yes,Rain,No,2.97,6.85,No
9979,A350,1.93,6.89,1.03,Yes,Thunderstorm,No,4.13,8.7,No
9980,A320,4.05,5.36,0.94,No,Snow,No,4.22,2.06,No
9981,A350,0.74,7.25,0.86,No,Thunderstorm,No,5.44,1.61,Yes
9982,B737,8.78,2.35,3.54,Yes,Snow,Yes,6.11,0.85,Yes
9983,A320,7.7,0.0,7.13,No,Snow,Yes,2.47,6.67,No
9984,A380,9.21,1.55,3.26,No,Clear,Yes,6.85,9.41,No
9985,A350,4.57,8.53,9.9,Yes,Snow,No,3.81,2.78,No
9986,B787,6.25,5.79,0.02,No,Rain,Yes,6.96,9.19,Yes
9987,B737,4.44,5.66,5.13,Yes,Thunderstorm,Yes,6.71,7.68,Yes
9988,A350,4.96,3.65,5.68,Yes,Thunderstorm,Yes,6.47,2.3,No
9989,B787,4.85,8.87,5.67,Yes,Thunderstorm,Yes,4.27,2.95,No
9990,A350,7.06,8.85,7.3,No,Thunderstorm,Yes,8.25,8.1,Yes
9991,A320,9.09,3.82,9.98,No,Clear,Yes,4.91,9.65,No
9992,B737,8.85,9.84,1.46,No,Snow,No,2.03,8.39,Yes
9993,A350,8.77,9.59,3.05,No,Thunderstorm,Yes,5.43,8.21,Yes
9994,A350,7.39,5.28,7.09,No,Fog,No,2.17,1.74,No
9995,A380,3.73,0.88,6.93,No,Fog,Yes,3.66,2.63,No
9996,B787,4.74,3.62,1.19,Yes,Snow,Yes,8.55,4.55,Yes
9997,A350,6.12,2.56,0.8,No,Rain,Yes,2.03,4.22,Yes
9998,B787,8.4,6.29,2.62,Yes,Clear,Yes,8.75,3.39,Yes
9999,B787,9.68,4.8,3.11,No,Snow,Yes,9.91,6.31,Yes
10000,B737,7.86,8.09,0.13,No,Thunderstorm,Yes,1.21,9.48,Yes
