aircraft_id,waypoint,latitude,longitude,timestamp,altitude,speed,distance_to_waypoint
ICAO24_00029,WP007,-57.826286,-139.50474,2024-11-02 05:12:32.539171,22433,569,0.585
ICAO24_00027,WP002,-55.087878,-57.667012,2024-11-02 17:37:32.539171,17225,592,0.773
ICAO24_00004,WP002,-55.087878,-57.667012,2024-11-02 04:38:32.539171,11855,504,0.408
ICAO24_00019,WP005,-69.270295,56.503761,2024-11-02 07:12:32.539171,38984,281,0.022
ICAO24_00016,WP003,21.930152,112.390543,2024-11-02 08:13:32.539171,28697,528,0.198
ICAO24_00029,WP004,-20.25543,-120.320141,2024-11-02 05:07:32.539171,19971,366,0.284
ICAO24_00020,WP002,-55.087878,-57.667012,2024-11-01 20:38:32.539171,7292,273,0.513
ICAO24_00045,WP002,-55.087878,-57.667012,2024-11-01 22:00:32.539171,34184,558,0.396
ICAO24_00043,WP004,-20.25543,-120.320141,2024-11-02 15:52:32.539171,16358,467,0.9
ICAO24_00013,WP002,-55.087878,-57.667012,2024-11-02 18:44:32.539171,23841,558,0.293
ICAO24_00036,WP009,69.053744,93.717509,2024-11-01 22:07:32.539171,20774,207,0.223
ICAO24_00009,WP007,-57.826286,-139.50474,2024-11-02 10:40:32.539171,20227,514,0.307
ICAO24_00003,WP006,59.415864,-177.561983,2024-11-01 02:31:32.539337,17831,488,0.79
ICAO24_00048,WP002,-55.087878,-57.667012,2024-11-01 06:22:32.539337,37436,291,0.253
ICAO24_00023,WP004,-20.25543,-120.320141,2024-11-01 07:52:32.539337,29404,249,0.424
ICAO24_00020,WP001,-35.646962,143.047845,2024-11-01 10:53:32.539337,29406,439,0.362
ICAO24_00027,WP007,-57.826286,-139.50474,2024-11-01 03:00:32.539337,28141,506,0.098
ICAO24_00041,WP003,21.930152,112.390543,2024-11-01 15:03:32.539337,23463,250,0.613
ICAO24_00032,WP005,-69.270295,56.503761,2024-11-01 00:22:32.539337,5011,565,0.269
ICAO24_00017,WP005,-69.270295,56.503761,2024-11-01 08:01:32.539337,7038,520,0.526
ICAO24_00004,WP008,52.744615,-89.590645,2024-11-01 00:38:32.539337,39296,251,0.075
ICAO24_00027,WP005,-69.270295,56.503761,2024-11-01 19:18:32.539337,36323,268,0.468
ICAO24_00019,WP006,59.415864,-177.561983,2024-10-31 23:49:32.539337,12423,422,0.535
ICAO24_00010,WP007,-57.826286,-139.50474,2024-11-01 00:03:32.539337,10956,528,0.187
ICAO24_00040,WP009,69.053744,93.717509,2024-11-01 05:39:32.539337,22186,315,0.423
ICAO24_00013,WP006,59.415864,-177.561983,2024-10-31 15:11:32.539449,15949,459,0.311
ICAO24_00026,WP006,59.415864,-177.561983,2024-10-30 20:26:32.539449,16285,534,0.559
ICAO24_00000,WP003,21.930152,112.390543,2024-10-31 03:56:32.539449,32206,504,0.538
ICAO24_00046,WP009,69.053744,93.717509,2024-10-31 13:39:32.539449,11762,540,0.584
ICAO24_00033,WP005,-69.270295,56.503761,2024-10-30 23:22:32.539449,21777,329,0.604
ICAO24_00029,WP006,59.415864,-177.561983,2024-10-31 03:32:32.539449,30989,434,0.984
ICAO24_00026,WP009,69.053744,93.717509,2024-10-31 18:17:32.539449,18193,311,0.724
ICAO24_00044,WP003,21.930152,112.390543,2024-10-31 11:08:32.539449,26659,346,0.378
ICAO24_00027,WP005,-69.270295,56.503761,2024-10-30 17:19:32.539506,21937,493,0.942
ICAO24_00049,WP007,-57.826286,-139.50474,2024-10-30 09:50:32.539506,39635,352,0.762
ICAO24_00003,WP005,-69.270295,56.503761,2024-10-30 04:09:32.539506,10574,567,0.237
ICAO24_00007,WP000,-84.632821,-38.478015,2024-10-30 15:29:32.539506,7034,565,0.545
ICAO24_00034,WP000,-84.632821,-38.478015,2024-10-29 21:24:32.539506,8339,201,0.442
ICAO24_00041,WP009,69.053744,93.717509,2024-10-30 12:49:32.539506,25916,205,0.321
ICAO24_00020,WP003,21.930152,112.390543,2024-10-30 13:18:32.539506,20483,359,0.981
ICAO24_00049,WP005,-69.270295,56.503761,2024-10-29 23:08:32.539506,9710,403,0.659
ICAO24_00028,WP001,-35.646962,143.047845,2024-10-29 19:20:32.539566,28108,364,0.097
ICAO24_00039,WP003,21.930152,112.390543,2024-10-29 13:48:32.539566,19928,546,0.97
ICAO24_00045,WP006,59.415864,-177.561983,2024-10-28 21:40:32.539566,20226,512,0.18
ICAO24_00046,WP006,59.415864,-177.561983,2024-10-29 01:51:32.539566,8230,521,0.553
ICAO24_00020,WP008,52.744615,-89.590645,2024-10-28 23:42:32.539566,13582,274,0.846
ICAO24_00043,WP009,69.053744,93.717509,2024-10-28 17:17:32.539616,7582,240,0.187
ICAO24_00040,WP004,-20.25543,-120.320141,2024-10-27 21:06:32.539616,37432,289,0.851
ICAO24_00046,WP002,-55.087878,-57.667012,2024-10-28 19:42:32.539616,7246,489,0.733
ICAO24_00002,WP005,-69.270295,56.503761,2024-10-28 09:28:32.539616,16533,577,0.951
ICAO24_00022,WP005,-69.270295,56.503761,2024-10-28 00:18:32.539616,37791,305,0.825
ICAO24_00032,WP007,-57.826286,-139.50474,2024-10-28 08:40:32.539616,24648,469,0.336
ICAO24_00001,WP003,21.930152,112.390543,2024-10-28 09:53:32.539616,22446,497,0.606
ICAO24_00021,WP003,21.930152,112.390543,2024-10-28 03:49:32.539616,34989,295,0.107
ICAO24_00004,WP008,52.744615,-89.590645,2024-10-28 15:04:32.539616,36489,247,0.167
ICAO24_00022,WP002,-55.087878,-57.667012,2024-10-27 21:13:32.539616,4417,404,0.6
ICAO24_00001,WP008,52.744615,-89.590645,2024-10-28 10:41:32.539616,8572,498,0.47
ICAO24_00001,WP003,21.930152,112.390543,2024-10-27 20:02:32.539616,3789,335,0.807
ICAO24_00015,WP003,21.930152,112.390543,2024-10-28 09:05:32.539616,38908,304,0.399
ICAO24_00046,WP005,-69.270295,56.503761,2024-10-28 03:15:32.539616,27720,450,0.485
ICAO24_00030,WP006,59.415864,-177.561983,2024-10-28 01:37:32.539616,4746,389,0.694
ICAO24_00021,WP007,-57.826286,-139.50474,2024-10-28 11:02:32.539616,37050,353,0.506
ICAO24_00038,WP003,21.930152,112.390543,2024-10-27 11:38:32.539751,37291,396,0.425
ICAO24_00011,WP006,59.415864,-177.561983,2024-10-27 08:15:32.539751,9151,392,0.346
ICAO24_00000,WP002,-55.087878,-57.667012,2024-10-27 07:08:32.539751,38038,367,0.87
ICAO24_00009,WP007,-57.826286,-139.50474,2024-10-27 07:54:32.539751,33870,589,0.157
ICAO24_00007,WP001,-35.646962,143.047845,2024-10-27 18:32:32.539751,33848,244,0.499
ICAO24_00012,WP007,-57.826286,-139.50474,2024-10-27 11:35:32.539751,37714,509,0.024
ICAO24_00017,WP005,-69.270295,56.503761,2024-10-27 00:30:32.539751,22354,214,0.808
ICAO24_00043,WP003,21.930152,112.390543,2024-10-27 09:39:32.539751,28702,355,0.082
ICAO24_00037,WP003,21.930152,112.390543,2024-10-27 03:56:32.539751,20315,256,0.52
ICAO24_00041,WP002,-55.087878,-57.667012,2024-10-26 20:58:32.539751,16076,312,0.233
ICAO24_00012,WP004,-20.25543,-120.320141,2024-10-27 01:18:32.539751,11098,561,0.085
ICAO24_00004,WP009,69.053744,93.717509,2024-10-26 21:37:32.539751,17006,215,0.211
ICAO24_00013,WP000,-84.632821,-38.478015,2024-10-27 09:13:32.539751,15001,293,0.029
ICAO24_00012,WP006,59.415864,-177.561983,2024-10-27 17:24:32.539751,22386,207,0.349
ICAO24_00049,WP003,21.930152,112.390543,2024-10-27 00:23:32.539751,7595,569,0.641
ICAO24_00045,WP009,69.053744,93.717509,2024-10-27 14:45:32.539751,31282,425,0.62
ICAO24_00013,WP004,-20.25543,-120.320141,2024-10-27 18:31:32.539751,32496,546,0.359
ICAO24_00042,WP008,52.744615,-89.590645,2024-10-26 22:35:32.539751,39545,550,0.9
ICAO24_00041,WP001,-35.646962,143.047845,2024-10-26 17:54:32.539888,15430,496,0.809
ICAO24_00003,WP008,52.744615,-89.590645,2024-10-26 12:53:32.539888,10217,252,0.292
ICAO24_00010,WP001,-35.646962,143.047845,2024-10-26 18:16:32.539888,32602,434,0.912
ICAO24_00004,WP007,-57.826286,-139.50474,2024-10-25 19:54:32.539888,22140,402,0.828
ICAO24_00033,WP005,-69.270295,56.503761,2024-10-26 09:23:32.539888,27629,359,0.062
ICAO24_00041,WP005,-69.270295,56.503761,2024-10-25 20:54:32.539888,26273,418,0.88
ICAO24_00023,WP007,-57.826286,-139.50474,2024-10-26 05:23:32.539888,30274,530,0.632
ICAO24_00015,WP008,52.744615,-89.590645,2024-10-26 13:25:32.539888,31569,202,0.342
ICAO24_00006,WP007,-57.826286,-139.50474,2024-10-26 17:36:32.539888,4143,205,0.408
ICAO24_00021,WP008,52.744615,-89.590645,2024-10-26 08:53:32.539888,23530,471,0.267
ICAO24_00014,WP001,-35.646962,143.047845,2024-10-26 02:12:32.539888,26053,335,0.461
ICAO24_00040,WP001,-35.646962,143.047845,2024-10-26 05:18:32.539888,11432,201,0.051
ICAO24_00018,WP003,21.930152,112.390543,2024-10-26 02:05:32.539888,34957,296,0.513
ICAO24_00006,WP009,69.053744,93.717509,2024-10-26 06:03:32.539888,15006,316,0.032
ICAO24_00033,WP001,-35.646962,143.047845,2024-10-26 14:02:32.539888,11878,456,0.409
ICAO24_00045,WP007,-57.826286,-139.50474,2024-10-26 18:08:32.539888,26877,344,0.634
ICAO24_00027,WP009,69.053744,93.717509,2024-10-25 23:51:32.539888,3322,331,0.815
ICAO24_00009,WP004,-20.25543,-120.320141,2024-10-25 21:49:32.539888,31712,425,0.809
ICAO24_00049,WP005,-69.270295,56.503761,2024-10-26 17:14:32.539888,16346,282,0.225
ICAO24_00006,WP009,69.053744,93.717509,2024-10-25 01:03:32.540028,26651,503,0.175
ICAO24_00040,WP002,-55.087878,-57.667012,2024-10-25 02:53:32.540028,34579,448,0.113
ICAO24_00038,WP003,21.930152,112.390543,2024-10-25 04:51:32.540028,5664,391,0.219
ICAO24_00020,WP006,59.415864,-177.561983,2024-10-25 11:05:32.540028,25385,522,0.455
ICAO24_00021,WP002,-55.087878,-57.667012,2024-10-24 22:41:32.540028,26887,587,0.202
ICAO24_00025,WP003,21.930152,112.390543,2024-10-25 15:58:32.540028,14953,427,0.942
ICAO24_00038,WP003,21.930152,112.390543,2024-10-25 07:08:32.540028,34429,425,0.487
ICAO24_00007,WP008,52.744615,-89.590645,2024-10-25 07:26:32.540028,20823,360,0.269
ICAO24_00031,WP001,-35.646962,143.047845,2024-10-24 22:02:32.540028,29883,478,0.11
ICAO24_00047,WP001,-35.646962,143.047845,2024-10-25 18:54:32.540028,12602,435,0.545
ICAO24_00016,WP009,69.053744,93.717509,2024-10-25 15:07:32.540028,15183,463,0.449
ICAO24_00023,WP004,-20.25543,-120.320141,2024-10-25 07:00:32.540028,8379,272,0.166
ICAO24_00012,WP005,-69.270295,56.503761,2024-10-24 22:41:32.540028,14808,299,0.868
ICAO24_00033,WP004,-20.25543,-120.320141,2024-10-25 09:26:32.540028,34513,209,0.578
ICAO24_00013,WP005,-69.270295,56.503761,2024-10-25 16:12:32.540028,4444,262,0.517
ICAO24_00041,WP005,-69.270295,56.503761,2024-10-25 12:30:32.540028,21350,281,0.186
ICAO24_00002,WP007,-57.826286,-139.50474,2024-10-24 21:59:32.540028,21720,218,0.537
ICAO24_00013,WP002,-55.087878,-57.667012,2024-10-25 09:04:32.540028,28931,549,0.859
ICAO24_00011,WP006,59.415864,-177.561983,2024-10-23 22:40:32.540176,18761,470,0.866
ICAO24_00005,WP004,-20.25543,-120.320141,2024-10-24 12:23:32.540176,25443,201,0.159
ICAO24_00000,WP002,-55.087878,-57.667012,2024-10-24 18:36:32.540176,29406,532,0.196
ICAO24_00036,WP009,69.053744,93.717509,2024-10-24 08:21:32.540176,22573,430,0.894
ICAO24_00035,WP008,52.744615,-89.590645,2024-10-23 23:26:32.540176,7429,334,0.477
ICAO24_00048,WP000,-84.632821,-38.478015,2024-10-23 23:29:32.540176,4141,514,0.031
ICAO24_00013,WP003,21.930152,112.390543,2024-10-24 12:56:32.540176,36562,367,0.405
ICAO24_00039,WP009,69.053744,93.717509,2024-10-24 14:33:32.540176,9309,442,0.82
ICAO24_00035,WP009,69.053744,93.717509,2024-10-24 06:10:32.540176,23146,417,0.715
ICAO24_00016,WP004,-20.25543,-120.320141,2024-10-23 21:42:32.540176,31712,443,0.02
ICAO24_00045,WP003,21.930152,112.390543,2024-10-23 20:42:32.540176,12197,306,0.346
ICAO24_00045,WP002,-55.087878,-57.667012,2024-10-24 12:10:32.540176,28811,414,0.952
ICAO24_00021,WP006,59.415864,-177.561983,2024-10-24 12:05:32.540176,6533,596,0.279
ICAO24_00020,WP004,-20.25543,-120.320141,2024-10-24 05:41:32.540176,14846,484,0.844
ICAO24_00003,WP009,69.053744,93.717509,2024-10-24 14:55:32.540176,27426,549,0.829
ICAO24_00024,WP009,69.053744,93.717509,2024-10-23 11:40:32.540278,16773,307,0.963
ICAO24_00011,WP008,52.744615,-89.590645,2024-10-23 17:00:32.540278,35111,532,0.901
ICAO24_00016,WP008,52.744615,-89.590645,2024-10-23 18:16:32.540278,6907,322,0.952
ICAO24_00014,WP001,-35.646962,143.047845,2024-10-23 02:45:32.540278,38325,469,0.5
ICAO24_00004,WP008,52.744615,-89.590645,2024-10-23 11:16:32.540278,38926,226,0.658
ICAO24_00032,WP006,59.415864,-177.561983,2024-10-22 22:21:32.540278,8279,384,0.851
ICAO24_00002,WP004,-20.25543,-120.320141,2024-10-23 02:33:32.540278,14737,350,0.549
ICAO24_00012,WP005,-69.270295,56.503761,2024-10-23 14:13:32.540278,8986,583,0.469
ICAO24_00042,WP009,69.053744,93.717509,2024-10-22 20:07:32.540278,13604,333,0.378
ICAO24_00032,WP009,69.053744,93.717509,2024-10-23 12:48:32.540278,25713,516,0.218
ICAO24_00017,WP009,69.053744,93.717509,2024-10-23 01:03:32.540278,29789,564,0.801
ICAO24_00026,WP003,21.930152,112.390543,2024-10-23 05:00:32.540278,35506,583,0.88
ICAO24_00021,WP000,-84.632821,-38.478015,2024-10-23 08:16:32.540278,31413,279,0.17
ICAO24_00035,WP008,52.744615,-89.590645,2024-10-23 15:32:32.540278,5604,411,0.576
ICAO24_00006,WP009,69.053744,93.717509,2024-10-23 02:21:32.540278,22794,242,0.587
ICAO24_00013,WP008,52.744615,-89.590645,2024-10-23 06:17:32.540278,4801,563,0.943
ICAO24_00042,WP004,-20.25543,-120.320141,2024-10-23 05:37:32.540278,39230,349,0.661
ICAO24_00046,WP006,59.415864,-177.561983,2024-10-22 10:56:32.540420,11798,509,0.132
ICAO24_00010,WP005,-69.270295,56.503761,2024-10-22 00:44:32.540420,10643,280,0.773
ICAO24_00003,WP008,52.744615,-89.590645,2024-10-22 03:26:32.540420,22163,460,0.807
ICAO24_00024,WP001,-35.646962,143.047845,2024-10-22 03:02:32.540420,32684,407,0.786
ICAO24_00014,WP002,-55.087878,-57.667012,2024-10-22 07:58:32.540420,14050,212,0.923
ICAO24_00022,WP002,-55.087878,-57.667012,2024-10-21 22:41:32.540420,36314,547,0.051
ICAO24_00034,WP004,-20.25543,-120.320141,2024-10-22 07:08:32.540420,29304,266,0.34
ICAO24_00034,WP009,69.053744,93.717509,2024-10-22 14:20:32.540420,39508,562,0.971
ICAO24_00025,WP002,-55.087878,-57.667012,2024-10-22 14:18:32.540420,35419,501,0.101
ICAO24_00032,WP004,-20.25543,-120.320141,2024-10-22 04:49:32.540420,25556,494,0.789
ICAO24_00015,WP001,-35.646962,143.047845,2024-10-21 21:17:32.540420,37564,283,0.487
ICAO24_00000,WP003,21.930152,112.390543,2024-10-21 23:03:32.540420,37727,448,0.415
ICAO24_00036,WP007,-57.826286,-139.50474,2024-10-22 13:00:32.540420,6178,600,0.961
ICAO24_00032,WP004,-20.25543,-120.320141,2024-10-22 15:43:32.540420,7665,580,0.372
ICAO24_00010,WP008,52.744615,-89.590645,2024-10-21 20:32:32.540420,8095,253,0.668
ICAO24_00018,WP002,-55.087878,-57.667012,2024-10-22 05:33:32.540420,14563,586,0.412
ICAO24_00011,WP001,-35.646962,143.047845,2024-10-21 08:24:32.540565,11597,479,0.385
ICAO24_00009,WP006,59.415864,-177.561983,2024-10-21 09:16:32.540565,8967,512,0.445
ICAO24_00022,WP002,-55.087878,-57.667012,2024-10-20 22:11:32.540565,4163,578,0.799
ICAO24_00045,WP009,69.053744,93.717509,2024-10-21 08:45:32.540565,35768,318,0.533
ICAO24_00003,WP006,59.415864,-177.561983,2024-10-21 17:55:32.540565,24662,318,0.881
ICAO24_00013,WP001,-35.646962,143.047845,2024-10-21 08:57:32.540565,18815,362,0.515
ICAO24_00002,WP001,-35.646962,143.047845,2024-10-21 17:16:32.540565,9538,207,0.525
ICAO24_00024,WP005,-69.270295,56.503761,2024-10-21 04:53:32.540565,17030,246,0.455
ICAO24_00000,WP009,69.053744,93.717509,2024-10-20 23:35:32.540565,26115,583,0.583
ICAO24_00016,WP005,-69.270295,56.503761,2024-10-21 02:08:32.540565,19860,551,0.275
ICAO24_00035,WP007,-57.826286,-139.50474,2024-10-21 14:05:32.540565,38262,572,0.526
ICAO24_00011,WP005,-69.270295,56.503761,2024-10-20 08:54:32.540645,34107,221,0.721
ICAO24_00044,WP002,-55.087878,-57.667012,2024-10-20 02:00:32.540645,19045,424,0.049
ICAO24_00037,WP003,21.930152,112.390543,2024-10-20 11:55:32.540645,8922,376,0.056
ICAO24_00042,WP008,52.744615,-89.590645,2024-10-20 18:47:32.540645,36990,207,0.992
ICAO24_00003,WP004,-20.25543,-120.320141,2024-10-20 06:53:32.540645,16242,349,0.351
ICAO24_00000,WP006,59.415864,-177.561983,2024-10-20 12:24:32.540645,25226,506,0.781
ICAO24_00006,WP003,21.930152,112.390543,2024-10-20 08:12:32.540645,11791,488,0.684
ICAO24_00007,WP002,-55.087878,-57.667012,2024-10-20 14:35:32.540645,13902,426,0.545
ICAO24_00028,WP002,-55.087878,-57.667012,2024-10-20 02:08:32.540645,32988,227,0.258
ICAO24_00015,WP006,59.415864,-177.561983,2024-10-20 06:24:32.540645,11644,284,0.084
ICAO24_00020,WP005,-69.270295,56.503761,2024-10-20 15:23:32.540645,27682,560,0.434
ICAO24_00043,WP008,52.744615,-89.590645,2024-10-20 15:24:32.540645,10771,244,0.55
ICAO24_00019,WP009,69.053744,93.717509,2024-10-20 07:53:32.540645,33623,239,0.513
ICAO24_00015,WP006,59.415864,-177.561983,2024-10-20 05:27:32.540645,22425,513,0.002
ICAO24_00009,WP007,-57.826286,-139.50474,2024-10-19 21:20:32.540645,17312,568,0.365
ICAO24_00004,WP005,-69.270295,56.503761,2024-10-19 18:32:32.540772,10682,203,0.49
ICAO24_00012,WP003,21.930152,112.390543,2024-10-19 11:26:32.540772,32073,278,0.332
ICAO24_00028,WP002,-55.087878,-57.667012,2024-10-19 04:08:32.540772,9311,556,0.176
ICAO24_00015,WP005,-69.270295,56.503761,2024-10-19 04:58:32.540772,16406,505,0.627
ICAO24_00022,WP004,-20.25543,-120.320141,2024-10-18 20:38:32.540772,9225,306,0.641
ICAO24_00008,WP007,-57.826286,-139.50474,2024-10-18 23:51:32.540772,19301,522,0.376
ICAO24_00002,WP006,59.415864,-177.561983,2024-10-19 18:03:32.540772,8486,336,0.432
ICAO24_00004,WP004,-20.25543,-120.320141,2024-10-19 03:15:32.540772,13130,311,0.48
ICAO24_00011,WP008,52.744615,-89.590645,2024-10-19 15:06:32.540772,7695,475,0.606
ICAO24_00044,WP003,21.930152,112.390543,2024-10-19 07:37:32.540772,30216,235,0.038
ICAO24_00029,WP002,-55.087878,-57.667012,2024-10-17 21:00:32.540848,9854,502,0.378
ICAO24_00045,WP007,-57.826286,-139.50474,2024-10-18 18:08:32.540848,24150,465,0.056
ICAO24_00021,WP001,-35.646962,143.047845,2024-10-18 13:08:32.540848,26526,315,0.179
ICAO24_00034,WP007,-57.826286,-139.50474,2024-10-18 12:29:32.540848,23124,508,0.517
ICAO24_00020,WP000,-84.632821,-38.478015,2024-10-18 09:35:32.540848,19083,336,0.295
ICAO24_00031,WP001,-35.646962,143.047845,2024-10-18 19:39:32.540848,37039,448,0.783
ICAO24_00042,WP003,21.930152,112.390543,2024-10-18 05:11:32.540848,22720,315,0.758
ICAO24_00001,WP000,-84.632821,-38.478015,2024-10-18 00:52:32.540848,17169,440,0.2
ICAO24_00002,WP009,69.053744,93.717509,2024-10-18 15:45:32.540848,19043,231,0.023
ICAO24_00043,WP001,-35.646962,143.047845,2024-10-18 04:29:32.540848,5111,392,0.231
ICAO24_00038,WP005,-69.270295,56.503761,2024-10-18 13:44:32.540848,10097,540,0.408
ICAO24_00033,WP000,-84.632821,-38.478015,2024-10-18 10:34:32.540848,9778,209,0.932
ICAO24_00039,WP005,-69.270295,56.503761,2024-10-17 15:53:32.540941,9659,456,0.66
ICAO24_00006,WP005,-69.270295,56.503761,2024-10-17 10:07:32.540941,6370,550,0.315
ICAO24_00000,WP001,-35.646962,143.047845,2024-10-17 02:02:32.540941,3829,251,0.078
ICAO24_00045,WP009,69.053744,93.717509,2024-10-17 15:58:32.540941,8081,286,0.963
ICAO24_00013,WP004,-20.25543,-120.320141,2024-10-17 04:14:32.540941,23767,430,0.592
ICAO24_00040,WP006,59.415864,-177.561983,2024-10-17 17:18:32.540941,27431,287,0.923
ICAO24_00020,WP006,59.415864,-177.561983,2024-10-17 00:42:32.540941,11669,365,0.396
ICAO24_00009,WP006,59.415864,-177.561983,2024-10-17 12:55:32.540941,19993,488,0.367
ICAO24_00005,WP009,69.053744,93.717509,2024-10-17 16:26:32.540941,39887,532,0.842
ICAO24_00004,WP005,-69.270295,56.503761,2024-10-17 18:16:32.540941,9439,206,0.691
ICAO24_00033,WP004,-20.25543,-120.320141,2024-10-16 23:47:32.540941,13214,579,0.179
ICAO24_00006,WP000,-84.632821,-38.478015,2024-10-16 16:15:32.541034,6112,304,0.378
ICAO24_00000,WP005,-69.270295,56.503761,2024-10-16 16:18:32.541034,30645,281,0.063
ICAO24_00005,WP004,-20.25543,-120.320141,2024-10-16 17:14:32.541034,15331,516,0.469
ICAO24_00021,WP003,21.930152,112.390543,2024-10-16 07:19:32.541034,6281,220,0.259
ICAO24_00035,WP000,-84.632821,-38.478015,2024-10-16 12:00:32.541034,39108,443,0.218
ICAO24_00034,WP007,-57.826286,-139.50474,2024-10-16 11:50:32.541034,12422,232,0.058
ICAO24_00036,WP005,-69.270295,56.503761,2024-10-16 14:26:32.541034,34068,276,0.762
ICAO24_00043,WP007,-57.826286,-139.50474,2024-10-16 16:56:32.541034,32006,476,0.462
ICAO24_00021,WP009,69.053744,93.717509,2024-10-14 23:43:32.541091,37944,515,0.94
ICAO24_00012,WP008,52.744615,-89.590645,2024-10-15 06:12:32.541091,28876,379,0.675
ICAO24_00016,WP000,-84.632821,-38.478015,2024-10-15 19:34:32.541091,7165,542,0.599
ICAO24_00021,WP003,21.930152,112.390543,2024-10-15 04:26:32.541091,6778,354,0.061
ICAO24_00001,WP007,-57.826286,-139.50474,2024-10-14 21:01:32.541091,31960,400,0.559
ICAO24_00022,WP004,-20.25543,-120.320141,2024-10-14 23:32:32.541091,16690,421,0.303
ICAO24_00012,WP000,-84.632821,-38.478015,2024-10-14 22:12:32.541091,14081,267,0.076
ICAO24_00031,WP001,-35.646962,143.047845,2024-10-15 14:53:32.541091,17572,573,0.023
ICAO24_00018,WP000,-84.632821,-38.478015,2024-10-14 21:14:32.541091,10430,221,0.078
ICAO24_00015,WP006,59.415864,-177.561983,2024-10-15 10:34:32.541091,20156,457,0.767
ICAO24_00011,WP008,52.744615,-89.590645,2024-10-15 17:02:32.541091,26162,394,0.266
ICAO24_00007,WP004,-20.25543,-120.320141,2024-10-15 16:39:32.541091,4295,540,0.961
ICAO24_00021,WP001,-35.646962,143.047845,2024-10-14 22:16:32.541091,23247,239,0.599
ICAO24_00011,WP002,-55.087878,-57.667012,2024-10-15 03:14:32.541091,6001,562,0.153
ICAO24_00034,WP006,59.415864,-177.561983,2024-10-15 07:02:32.541091,12879,260,0.243
ICAO24_00008,WP002,-55.087878,-57.667012,2024-10-14 22:36:32.541091,6664,411,0.466
ICAO24_00005,WP009,69.053744,93.717509,2024-10-15 02:17:32.541091,12304,508,0.185
ICAO24_00009,WP007,-57.826286,-139.50474,2024-10-15 13:30:32.541091,17987,389,0.428
ICAO24_00017,WP005,-69.270295,56.503761,2024-10-14 23:38:32.541091,17222,593,0.797
ICAO24_00000,WP003,21.930152,112.390543,2024-10-14 02:33:32.541253,24019,292,0.537
ICAO24_00012,WP002,-55.087878,-57.667012,2024-10-14 11:44:32.541253,32833,551,0.177
ICAO24_00022,WP008,52.744615,-89.590645,2024-10-14 04:13:32.541253,16962,465,0.46
ICAO24_00004,WP003,21.930152,112.390543,2024-10-14 04:31:32.541253,8246,515,0.594
ICAO24_00032,WP009,69.053744,93.717509,2024-10-13 22:31:32.541253,25318,297,0.268
ICAO24_00015,WP008,52.744615,-89.590645,2024-10-14 18:46:32.541253,29050,491,0.783
ICAO24_00025,WP009,69.053744,93.717509,2024-10-13 22:47:32.541253,23803,217,0.301
ICAO24_00025,WP002,-55.087878,-57.667012,2024-10-13 23:46:32.541253,24749,356,0.668
ICAO24_00028,WP003,21.930152,112.390543,2024-10-14 07:52:32.541253,21606,211,0.861
ICAO24_00028,WP009,69.053744,93.717509,2024-10-14 19:20:32.541253,31885,391,0.397
ICAO24_00006,WP003,21.930152,112.390543,2024-10-14 00:58:32.541253,19193,540,0.731
ICAO24_00003,WP009,69.053744,93.717509,2024-10-14 12:27:32.541253,4711,499,0.105
ICAO24_00048,WP006,59.415864,-177.561983,2024-10-14 16:01:32.541253,11769,249,0.608
ICAO24_00040,WP001,-35.646962,143.047845,2024-10-14 10:27:32.541253,36647,417,0.258
ICAO24_00000,WP006,59.415864,-177.561983,2024-10-14 04:37:32.541253,39254,201,0.934
ICAO24_00022,WP003,21.930152,112.390543,2024-10-14 02:15:32.541253,10445,523,0.912
ICAO24_00019,WP001,-35.646962,143.047845,2024-10-14 09:15:32.541253,26350,569,0.106
ICAO24_00022,WP004,-20.25543,-120.320141,2024-10-14 15:03:32.541253,37105,420,0.534
ICAO24_00044,WP001,-35.646962,143.047845,2024-10-12 21:01:32.541405,8418,246,0.943
ICAO24_00015,WP009,69.053744,93.717509,2024-10-13 08:31:32.541405,13447,583,0.07
ICAO24_00043,WP003,21.930152,112.390543,2024-10-13 08:28:32.541405,23810,502,0.162
ICAO24_00040,WP000,-84.632821,-38.478015,2024-10-13 07:52:32.541405,15228,397,0.5
ICAO24_00020,WP002,-55.087878,-57.667012,2024-10-13 13:54:32.541405,5456,342,0.576
ICAO24_00011,WP007,-57.826286,-139.50474,2024-10-12 06:22:32.541466,30179,356,0.149
ICAO24_00024,WP007,-57.826286,-139.50474,2024-10-11 20:22:32.541466,17022,493,0.053
ICAO24_00035,WP006,59.415864,-177.561983,2024-10-12 05:44:32.541466,20672,344,0.223
ICAO24_00045,WP002,-55.087878,-57.667012,2024-10-12 06:05:32.541466,7087,362,0.036
ICAO24_00008,WP003,21.930152,112.390543,2024-10-11 20:39:32.541466,31633,399,0.581
ICAO24_00041,WP007,-57.826286,-139.50474,2024-10-12 02:11:32.541466,30728,453,0.277
ICAO24_00047,WP005,-69.270295,56.503761,2024-10-12 03:46:32.541466,19690,454,0.313
ICAO24_00000,WP005,-69.270295,56.503761,2024-10-12 07:09:32.541466,36670,401,0.082
ICAO24_00018,WP003,21.930152,112.390543,2024-10-12 19:27:32.541466,17384,207,0.623
ICAO24_00004,WP007,-57.826286,-139.50474,2024-10-12 03:49:32.541466,17199,276,0.424
ICAO24_00023,WP007,-57.826286,-139.50474,2024-10-12 10:46:32.541466,6484,340,0.579
ICAO24_00011,WP002,-55.087878,-57.667012,2024-10-12 09:26:32.541466,4027,423,0.314
ICAO24_00030,WP006,59.415864,-177.561983,2024-10-12 14:30:32.541466,13216,542,0.34
ICAO24_00048,WP002,-55.087878,-57.667012,2024-10-10 20:38:32.541624,15069,270,0.876
ICAO24_00041,WP008,52.744615,-89.590645,2024-10-11 04:32:32.541624,10454,245,0.254
ICAO24_00017,WP003,21.930152,112.390543,2024-10-11 11:44:32.541624,3290,509,0.511
ICAO24_00001,WP003,21.930152,112.390543,2024-10-11 00:34:32.541624,32445,231,0.384
ICAO24_00020,WP009,69.053744,93.717509,2024-10-11 19:40:32.541624,5682,504,0.355
ICAO24_00009,WP008,52.744615,-89.590645,2024-10-10 23:05:32.541624,11806,507,0.349
ICAO24_00049,WP000,-84.632821,-38.478015,2024-10-11 12:26:32.541624,12270,375,0.238
ICAO24_00037,WP007,-57.826286,-139.50474,2024-10-11 02:49:32.541624,6783,210,0.38
ICAO24_00008,WP003,21.930152,112.390543,2024-10-11 15:30:32.541624,4044,353,0.084
ICAO24_00024,WP006,59.415864,-177.561983,2024-10-11 15:12:32.541624,18734,565,0.072
ICAO24_00006,WP009,69.053744,93.717509,2024-10-11 04:21:32.541624,4396,457,0.658
ICAO24_00003,WP009,69.053744,93.717509,2024-10-09 22:43:32.541756,33563,251,0.931
ICAO24_00026,WP001,-35.646962,143.047845,2024-10-09 23:31:32.541756,19801,441,0.379
ICAO24_00025,WP008,52.744615,-89.590645,2024-10-10 08:38:32.541756,17875,226,0.767
ICAO24_00002,WP001,-35.646962,143.047845,2024-10-10 19:34:32.541756,25625,538,0.513
ICAO24_00009,WP004,-20.25543,-120.320141,2024-10-10 14:18:32.541756,24467,482,0.842
ICAO24_00012,WP007,-57.826286,-139.50474,2024-10-10 13:22:32.541756,30060,491,0.585
ICAO24_00040,WP004,-20.25543,-120.320141,2024-10-10 17:38:32.541756,39934,461,0.481
ICAO24_00010,WP005,-69.270295,56.503761,2024-10-10 04:54:32.541756,5154,407,0.838
ICAO24_00013,WP001,-35.646962,143.047845,2024-10-10 12:06:32.541756,15173,318,0.401
ICAO24_00037,WP000,-84.632821,-38.478015,2024-10-10 05:42:32.541756,6831,220,0.221
ICAO24_00048,WP006,59.415864,-177.561983,2024-10-10 09:12:32.541756,35581,442,0.17
ICAO24_00037,WP005,-69.270295,56.503761,2024-10-09 06:41:32.541950,23428,240,0.928
ICAO24_00039,WP005,-69.270295,56.503761,2024-10-09 17:25:32.541950,8515,528,0.618
ICAO24_00001,WP007,-57.826286,-139.50474,2024-10-08 22:56:32.541950,33229,483,0.377
ICAO24_00001,WP004,-20.25543,-120.320141,2024-10-09 06:33:32.541950,37635,388,0.702
ICAO24_00000,WP003,21.930152,112.390543,2024-10-09 15:51:32.541950,19505,550,0.869
ICAO24_00042,WP008,52.744615,-89.590645,2024-10-09 11:17:32.541950,38585,517,0.958
ICAO24_00006,WP002,-55.087878,-57.667012,2024-10-09 13:05:32.541950,6249,338,0.079
ICAO24_00004,WP009,69.053744,93.717509,2024-10-09 10:56:32.541950,4282,360,0.956
ICAO24_00048,WP003,21.930152,112.390543,2024-10-09 03:24:32.541950,28917,426,0.484
ICAO24_00027,WP005,-69.270295,56.503761,2024-10-09 06:49:32.541950,23496,270,0.658
ICAO24_00044,WP007,-57.826286,-139.50474,2024-10-08 21:02:32.541950,38367,221,0.643
ICAO24_00010,WP000,-84.632821,-38.478015,2024-10-09 09:11:32.541950,31198,540,0.349
ICAO24_00047,WP003,21.930152,112.390543,2024-10-09 07:21:32.541950,27111,520,0.19
ICAO24_00046,WP001,-35.646962,143.047845,2024-10-09 09:23:32.541950,31563,577,0.073
ICAO24_00010,WP003,21.930152,112.390543,2024-10-09 11:22:32.541950,28258,295,0.505
ICAO24_00000,WP008,52.744615,-89.590645,2024-10-09 10:03:32.541950,39279,588,0.676
ICAO24_00027,WP003,21.930152,112.390543,2024-10-08 08:37:32.542128,31299,380,0.179
ICAO24_00016,WP004,-20.25543,-120.320141,2024-10-08 11:19:32.542128,31448,520,0.421
ICAO24_00028,WP004,-20.25543,-120.320141,2024-10-08 19:20:32.542128,24383,484,0.005
ICAO24_00033,WP003,21.930152,112.390543,2024-10-08 12:30:32.542128,27581,274,0.205
ICAO24_00020,WP007,-57.826286,-139.50474,2024-10-08 07:57:32.542128,18874,386,0.61
ICAO24_00001,WP009,69.053744,93.717509,2024-10-08 17:28:32.542128,28175,567,0.388
ICAO24_00016,WP001,-35.646962,143.047845,2024-10-07 21:45:32.542128,5994,549,0.379
ICAO24_00025,WP006,59.415864,-177.561983,2024-10-08 02:14:32.542128,21556,224,0.748
ICAO24_00023,WP003,21.930152,112.390543,2024-10-08 08:46:32.542128,35008,214,0.033
ICAO24_00036,WP003,21.930152,112.390543,2024-10-08 00:53:32.542128,8882,418,0.347
ICAO24_00048,WP007,-57.826286,-139.50474,2024-10-08 09:17:32.542128,5657,236,0.552
ICAO24_00045,WP006,59.415864,-177.561983,2024-10-08 03:10:32.542128,3621,479,0.989
ICAO24_00048,WP005,-69.270295,56.503761,2024-10-07 05:12:32.542266,24756,413,0.206
ICAO24_00018,WP000,-84.632821,-38.478015,2024-10-07 15:51:32.542266,13409,239,0.312
ICAO24_00004,WP009,69.053744,93.717509,2024-10-07 13:45:32.542266,7612,410,0.146
ICAO24_00015,WP003,21.930152,112.390543,2024-10-07 13:01:32.542266,31471,218,0.612
ICAO24_00024,WP000,-84.632821,-38.478015,2024-10-07 17:10:32.542266,24994,291,0.88
ICAO24_00022,WP007,-57.826286,-139.50474,2024-10-07 12:34:32.542266,31334,583,0.076
ICAO24_00047,WP000,-84.632821,-38.478015,2024-10-07 14:23:32.542266,22462,413,0.63
ICAO24_00032,WP001,-35.646962,143.047845,2024-10-07 06:52:32.542266,27869,381,0.643
ICAO24_00038,WP005,-69.270295,56.503761,2024-10-07 18:37:32.542266,4354,356,0.02
ICAO24_00009,WP004,-20.25543,-120.320141,2024-10-06 00:15:32.542365,9196,374,0.193
ICAO24_00004,WP000,-84.632821,-38.478015,2024-10-06 15:36:32.542365,24691,506,0.143
ICAO24_00035,WP001,-35.646962,143.047845,2024-10-06 13:24:32.542365,15224,523,0.021
ICAO24_00036,WP008,52.744615,-89.590645,2024-10-06 08:34:32.542365,36511,465,0.082
ICAO24_00039,WP004,-20.25543,-120.320141,2024-10-06 01:21:32.542365,29368,265,0.712
ICAO24_00000,WP007,-57.826286,-139.50474,2024-10-04 20:56:32.542421,10681,234,0.823
ICAO24_00013,WP005,-69.270295,56.503761,2024-10-04 21:01:32.542421,6009,543,0.444
ICAO24_00000,WP003,21.930152,112.390543,2024-10-05 01:58:32.542421,16143,360,0.583
ICAO24_00030,WP001,-35.646962,143.047845,2024-10-05 12:27:32.542421,11487,535,0.053
ICAO24_00024,WP003,21.930152,112.390543,2024-10-05 02:36:32.542421,12349,542,0.479
ICAO24_00036,WP005,-69.270295,56.503761,2024-10-04 19:59:32.542421,25121,330,0.88
ICAO24_00030,WP000,-84.632821,-38.478015,2024-10-05 00:09:32.542421,8372,379,0.158
ICAO24_00042,WP009,69.053744,93.717509,2024-10-05 19:12:32.542421,19972,337,0.841
ICAO24_00038,WP001,-35.646962,143.047845,2024-10-05 02:21:32.542421,29213,308,0.699
ICAO24_00014,WP001,-35.646962,143.047845,2024-10-05 10:57:32.542421,9687,256,0.136
ICAO24_00009,WP008,52.744615,-89.590645,2024-10-05 04:45:32.542421,11123,458,0.296
ICAO24_00022,WP008,52.744615,-89.590645,2024-10-05 00:33:32.542421,30403,285,0.006
ICAO24_00018,WP006,59.415864,-177.561983,2024-10-05 06:20:32.542421,6694,579,0.105
ICAO24_00030,WP005,-69.270295,56.503761,2024-10-05 10:05:32.542421,13399,311,0.547
ICAO24_00016,WP009,69.053744,93.717509,2024-10-04 22:35:32.542421,18583,399,0.425
ICAO24_00003,WP001,-35.646962,143.047845,2024-10-05 07:41:32.542421,38177,451,0.007
ICAO24_00021,WP003,21.930152,112.390543,2024-10-05 07:22:32.542421,37559,434,0.922
ICAO24_00025,WP009,69.053744,93.717509,2024-10-05 17:28:32.542421,29551,238,0.823
ICAO24_00029,WP001,-35.646962,143.047845,2024-10-04 08:52:32.542625,27064,412,0.229
ICAO24_00049,WP004,-20.25543,-120.320141,2024-10-04 07:37:32.542625,23753,342,0.325
ICAO24_00002,WP000,-84.632821,-38.478015,2024-10-04 16:57:32.542625,18880,349,0.467
ICAO24_00005,WP002,-55.087878,-57.667012,2024-10-04 09:37:32.542625,36937,343,0.392
ICAO24_00013,WP008,52.744615,-89.590645,2024-10-03 20:03:32.542625,19076,556,0.786
ICAO24_00036,WP001,-35.646962,143.047845,2024-10-03 21:35:32.542625,9109,506,0.989
ICAO24_00017,WP005,-69.270295,56.503761,2024-10-04 15:30:32.542625,36505,433,0.127
ICAO24_00030,WP002,-55.087878,-57.667012,2024-10-04 02:13:32.542625,30576,513,0.48
ICAO24_00024,WP005,-69.270295,56.503761,2024-10-03 20:44:32.542625,5605,476,0.831
ICAO24_00041,WP001,-35.646962,143.047845,2024-10-04 12:08:32.542625,7709,414,0.58
ICAO24_00002,WP003,21.930152,112.390543,2024-10-04 07:27:32.542625,36421,576,0.243
ICAO24_00047,WP009,69.053744,93.717509,2024-10-04 12:09:32.542625,22034,599,0.36
ICAO24_00044,WP003,21.930152,112.390543,2024-10-04 02:20:32.542625,26469,285,0.114
ICAO24_00048,WP000,-84.632821,-38.478015,2024-10-04 06:51:32.542625,20461,400,0.889
ICAO24_00042,WP004,-20.25543,-120.320141,2024-10-04 06:30:32.542625,17411,407,0.485
ICAO24_00004,WP001,-35.646962,143.047845,2024-10-04 00:32:32.542625,4124,262,0.212
ICAO24_00024,WP004,-20.25543,-120.320141,2024-10-04 11:20:32.542625,29977,407,0.723
ICAO24_00045,WP008,52.744615,-89.590645,2024-10-04 02:33:32.542625,26843,543,0.643
ICAO24_00018,WP007,-57.826286,-139.50474,2024-10-03 17:55:32.542823,10961,316,0.244
ICAO24_00047,WP001,-35.646962,143.047845,2024-10-03 01:21:32.542823,14099,466,0.257
ICAO24_00018,WP001,-35.646962,143.047845,2024-10-03 17:10:32.542823,33739,213,0.89
ICAO24_00023,WP005,-69.270295,56.503761,2024-10-02 21:06:32.542823,3737,347,0.665
ICAO24_00031,WP007,-57.826286,-139.50474,2024-10-03 00:13:32.542823,29035,371,0.825
ICAO24_00043,WP003,21.930152,112.390543,2024-10-03 04:07:32.542823,36531,333,0.14
ICAO24_00045,WP001,-35.646962,143.047845,2024-10-03 14:00:32.542823,18127,473,0.708
ICAO24_00017,WP002,-55.087878,-57.667012,2024-10-03 18:13:32.542823,6378,233,0.161
ICAO24_00015,WP002,-55.087878,-57.667012,2024-10-02 20:32:32.542823,26813,503,0.845
ICAO24_00042,WP006,59.415864,-177.561983,2024-10-03 08:00:32.542823,14345,522,0.425
ICAO24_00004,WP004,-20.25543,-120.320141,2024-10-03 19:22:32.542823,9114,596,0.033
ICAO24_00035,WP000,-84.632821,-38.478015,2024-10-02 21:34:32.542823,8229,316,0.369
ICAO24_00034,WP009,69.053744,93.717509,2024-10-02 21:29:32.542823,3623,408,0.521
ICAO24_00009,WP006,59.415864,-177.561983,2024-10-03 16:31:32.542823,28932,566,0.697
ICAO24_00040,WP008,52.744615,-89.590645,2024-10-03 19:15:32.542823,36463,485,0.627
ICAO24_00017,WP006,59.415864,-177.561983,2024-10-03 14:02:32.542823,24364,288,0.513
ICAO24_00044,WP002,-55.087878,-57.667012,2024-10-03 12:15:32.542823,15440,262,0.79
ICAO24_00021,WP007,-57.826286,-139.50474,2024-10-02 02:23:32.543040,9915,247,0.535
ICAO24_00006,WP005,-69.270295,56.503761,2024-10-01 22:49:32.543040,27441,373,0.908
ICAO24_00026,WP009,69.053744,93.717509,2024-10-02 13:43:32.543040,33353,372,0.454
ICAO24_00047,WP006,59.415864,-177.561983,2024-10-02 04:07:32.543040,21105,385,0.967
ICAO24_00043,WP000,-84.632821,-38.478015,2024-10-02 10:13:32.543040,25004,293,0.699
ICAO24_00041,WP004,-20.25543,-120.320141,2024-10-02 13:07:32.543040,16689,558,0.44
ICAO24_00002,WP006,59.415864,-177.561983,2024-10-02 04:10:32.543040,4477,264,0.748
ICAO24_00044,WP002,-55.087878,-57.667012,2024-10-02 11:25:32.543040,5186,372,0.482
ICAO24_00006,WP006,59.415864,-177.561983,2024-10-02 06:08:32.543040,28625,494,0.964
ICAO24_00010,WP007,-57.826286,-139.50474,2024-10-02 16:32:32.543040,38016,579,0.134
ICAO24_00016,WP009,69.053744,93.717509,2024-10-02 10:47:32.543040,16061,218,0.086
ICAO24_00039,WP005,-69.270295,56.503761,2024-10-01 23:42:32.543040,37110,407,0.02
ICAO24_00041,WP004,-20.25543,-120.320141,2024-10-02 00:28:32.543040,4086,434,0.411
ICAO24_00044,WP004,-20.25543,-120.320141,2024-10-02 18:02:32.543040,20572,420,0.413
ICAO24_00041,WP002,-55.087878,-57.667012,2024-10-02 10:07:32.543040,39225,510,0.536
ICAO24_00014,WP004,-20.25543,-120.320141,2024-10-02 11:14:32.543040,23146,360,0.657
ICAO24_00043,WP007,-57.826286,-139.50474,2024-10-02 11:44:32.543040,11562,587,0.393
ICAO24_00018,WP000,-84.632821,-38.478015,2024-10-02 15:48:32.543040,17554,374,0.08
ICAO24_00011,WP008,52.744615,-89.590645,2024-09-30 20:35:32.543266,15848,598,0.63
ICAO24_00037,WP002,-55.087878,-57.667012,2024-10-01 15:50:32.543266,13400,554,0.626
ICAO24_00012,WP000,-84.632821,-38.478015,2024-10-01 19:09:32.543266,21624,598,0.2
ICAO24_00007,WP002,-55.087878,-57.667012,2024-10-01 07:40:32.543266,17638,462,0.614
ICAO24_00024,WP007,-57.826286,-139.50474,2024-10-01 13:15:32.543266,30406,523,0.696
ICAO24_00037,WP004,-20.25543,-120.320141,2024-10-01 08:28:32.543266,7646,455,0.936
ICAO24_00049,WP000,-84.632821,-38.478015,2024-10-01 06:28:32.543266,37313,407,0.184
ICAO24_00040,WP004,-20.25543,-120.320141,2024-10-01 18:21:32.543266,8619,585,0.622
ICAO24_00001,WP003,21.930152,112.390543,2024-10-01 00:05:32.543266,19025,449,0.249
ICAO24_00007,WP002,-55.087878,-57.667012,2024-09-30 20:04:32.543266,36693,362,0.573
ICAO24_00004,WP007,-57.826286,-139.50474,2024-10-01 12:11:32.543266,27308,445,0.922
ICAO24_00023,WP004,-20.25543,-120.320141,2024-09-30 03:27:32.543388,34018,397,0.303
ICAO24_00023,WP005,-69.270295,56.503761,2024-09-30 16:10:32.543388,26318,505,0.071
ICAO24_00038,WP006,59.415864,-177.561983,2024-09-30 04:30:32.543388,3171,390,0.071
ICAO24_00046,WP000,-84.632821,-38.478015,2024-09-30 04:04:32.543388,16060,570,0.865
ICAO24_00018,WP009,69.053744,93.717509,2024-09-29 23:26:32.543388,3979,247,0.159
ICAO24_00010,WP007,-57.826286,-139.50474,2024-09-30 12:49:32.543388,8954,429,0.356
ICAO24_00044,WP007,-57.826286,-139.50474,2024-09-29 21:08:32.543388,31973,305,0.672
ICAO24_00032,WP008,52.744615,-89.590645,2024-09-30 09:47:32.543388,33830,312,0.953
ICAO24_00020,WP006,59.415864,-177.561983,2024-09-30 05:26:32.543388,16828,588,0.584
ICAO24_00019,WP001,-35.646962,143.047845,2024-09-29 01:59:32.543477,19267,574,0.297
ICAO24_00010,WP002,-55.087878,-57.667012,2024-09-29 07:26:32.543477,20413,358,0.064
ICAO24_00013,WP005,-69.270295,56.503761,2024-09-28 21:07:32.543477,38199,531,0.902
ICAO24_00017,WP004,-20.25543,-120.320141,2024-09-29 15:53:32.543477,20007,594,0.401
ICAO24_00026,WP003,21.930152,112.390543,2024-09-29 14:48:32.543477,5429,288,0.862
ICAO24_00000,WP008,52.744615,-89.590645,2024-09-29 11:39:32.543477,24980,403,0.274
ICAO24_00049,WP003,21.930152,112.390543,2024-09-29 06:03:32.543477,20396,285,0.021
ICAO24_00029,WP005,-69.270295,56.503761,2024-09-28 01:06:32.543551,38293,524,0.048
ICAO24_00012,WP004,-20.25543,-120.320141,2024-09-28 12:01:32.543551,13695,336,0.538
ICAO24_00001,WP001,-35.646962,143.047845,2024-09-28 19:42:32.543551,4224,326,0.206
ICAO24_00009,WP006,59.415864,-177.561983,2024-09-28 00:16:32.543551,26115,415,0.348
ICAO24_00012,WP006,59.415864,-177.561983,2024-09-28 09:24:32.543551,39464,549,0.089
ICAO24_00024,WP004,-20.25543,-120.320141,2024-09-28 08:34:32.543551,8505,458,0.177
ICAO24_00028,WP008,52.744615,-89.590645,2024-09-28 03:24:32.543551,31346,445,0.202
ICAO24_00021,WP006,59.415864,-177.561983,2024-09-28 09:02:32.543551,22316,230,0.706
ICAO24_00004,WP002,-55.087878,-57.667012,2024-09-28 05:10:32.543551,19250,350,0.592
ICAO24_00027,WP001,-35.646962,143.047845,2024-09-27 21:34:32.543551,16156,452,0.86
ICAO24_00008,WP002,-55.087878,-57.667012,2024-09-28 01:06:32.543551,24485,379,0.802
ICAO24_00030,WP006,59.415864,-177.561983,2024-09-28 17:06:32.543551,17675,266,0.084
ICAO24_00033,WP008,52.744615,-89.590645,2024-09-28 13:32:32.543551,12091,410,0.603
ICAO24_00003,WP002,-55.087878,-57.667012,2024-09-28 13:52:32.543551,13210,237,0.054
ICAO24_00015,WP008,52.744615,-89.590645,2024-09-28 03:37:32.543551,19370,377,0.507
ICAO24_00025,WP002,-55.087878,-57.667012,2024-09-27 02:11:32.543730,7320,253,0.248
ICAO24_00036,WP006,59.415864,-177.561983,2024-09-27 16:40:32.543730,30865,211,0.997
ICAO24_00010,WP006,59.415864,-177.561983,2024-09-27 04:56:32.543730,39090,232,0.319
ICAO24_00029,WP006,59.415864,-177.561983,2024-09-27 08:34:32.543730,19044,224,0.22
ICAO24_00014,WP006,59.415864,-177.561983,2024-09-27 17:23:32.543730,9362,235,0.329
ICAO24_00011,WP002,-55.087878,-57.667012,2024-09-27 05:05:32.543730,17262,566,0.386
ICAO24_00013,WP003,21.930152,112.390543,2024-09-27 00:44:32.543730,31192,589,0.716
ICAO24_00042,WP007,-57.826286,-139.50474,2024-09-27 15:48:32.543730,4837,291,0.858
ICAO24_00036,WP006,59.415864,-177.561983,2024-09-27 13:52:32.543730,26432,501,0.194
ICAO24_00004,WP003,21.930152,112.390543,2024-09-27 18:50:32.543730,38401,515,0.835
ICAO24_00006,WP009,69.053744,93.717509,2024-09-26 06:37:32.543840,27026,233,0.853
ICAO24_00034,WP000,-84.632821,-38.478015,2024-09-26 13:19:32.543840,6456,464,0.79
ICAO24_00005,WP000,-84.632821,-38.478015,2024-09-26 04:22:32.543840,32532,396,0.399
ICAO24_00015,WP009,69.053744,93.717509,2024-09-26 02:21:32.543840,36136,327,0.964
ICAO24_00033,WP007,-57.826286,-139.50474,2024-09-26 14:22:32.543840,13604,581,0.345
ICAO24_00007,WP005,-69.270295,56.503761,2024-09-26 03:07:32.543840,33386,228,0.626
ICAO24_00010,WP007,-57.826286,-139.50474,2024-09-26 00:27:32.543840,25455,343,0.504
ICAO24_00022,WP009,69.053744,93.717509,2024-09-26 07:05:32.543840,33573,332,0.107
ICAO24_00043,WP003,21.930152,112.390543,2024-09-26 06:32:32.543840,23809,548,0.092
ICAO24_00036,WP003,21.930152,112.390543,2024-09-26 09:03:32.543840,38809,475,0.279
ICAO24_00028,WP003,21.930152,112.390543,2024-09-26 08:07:32.543840,36361,316,0.876
ICAO24_00047,WP007,-57.826286,-139.50474,2024-09-26 09:58:32.543840,4380,511,0.132
ICAO24_00031,WP005,-69.270295,56.503761,2024-09-25 04:16:32.543981,5475,549,0.194
ICAO24_00006,WP002,-55.087878,-57.667012,2024-09-24 22:37:32.543981,22879,570,0.413
ICAO24_00008,WP001,-35.646962,143.047845,2024-09-25 15:57:32.543981,22103,514,0.099
ICAO24_00025,WP001,-35.646962,143.047845,2024-09-25 13:32:32.543981,7833,278,0.207
ICAO24_00014,WP006,59.415864,-177.561983,2024-09-25 16:33:32.543981,38313,380,0.175
ICAO24_00041,WP003,21.930152,112.390543,2024-09-25 07:36:32.543981,24772,545,0.508
ICAO24_00009,WP003,21.930152,112.390543,2024-09-25 18:15:32.543981,22733,482,0.045
ICAO24_00005,WP005,-69.270295,56.503761,2024-09-25 19:20:32.543981,22412,575,0.324
ICAO24_00023,WP000,-84.632821,-38.478015,2024-09-25 10:57:32.543981,20240,352,0.788
ICAO24_00046,WP002,-55.087878,-57.667012,2024-09-25 07:32:32.543981,28184,426,0.461
ICAO24_00027,WP002,-55.087878,-57.667012,2024-09-25 07:00:32.543981,5056,509,0.559
ICAO24_00040,WP005,-69.270295,56.503761,2024-09-24 23:00:32.543981,30835,544,0.548
ICAO24_00039,WP001,-35.646962,143.047845,2024-09-25 14:51:32.543981,19710,364,0.857
ICAO24_00011,WP008,52.744615,-89.590645,2024-09-24 23:59:32.543981,10671,455,0.931
ICAO24_00009,WP004,-20.25543,-120.320141,2024-09-24 05:40:32.544152,15606,433,0.89
ICAO24_00033,WP003,21.930152,112.390543,2024-09-24 03:47:32.544152,28561,488,0.073
ICAO24_00036,WP006,59.415864,-177.561983,2024-09-24 04:03:32.544152,15254,245,0.913
ICAO24_00020,WP006,59.415864,-177.561983,2024-09-24 00:46:32.544152,37077,344,0.443
ICAO24_00011,WP009,69.053744,93.717509,2024-09-23 20:27:32.544152,22904,450,0.732
ICAO24_00048,WP004,-20.25543,-120.320141,2024-09-24 15:23:32.544152,33201,324,0.409
ICAO24_00005,WP009,69.053744,93.717509,2024-09-24 06:44:32.544152,27301,573,0.319
ICAO24_00046,WP009,69.053744,93.717509,2024-09-23 13:26:32.544234,7514,496,0.978
ICAO24_00018,WP003,21.930152,112.390543,2024-09-23 18:41:32.544234,3686,598,0.155
ICAO24_00047,WP003,21.930152,112.390543,2024-09-23 06:46:32.544234,28875,400,0.485
ICAO24_00026,WP000,-84.632821,-38.478015,2024-09-23 10:48:32.544234,22728,559,0.394
ICAO24_00017,WP007,-57.826286,-139.50474,2024-09-23 01:10:32.544234,35012,330,0.438
ICAO24_00028,WP000,-84.632821,-38.478015,2024-09-23 04:33:32.544234,23547,401,0.827
ICAO24_00049,WP004,-20.25543,-120.320141,2024-09-23 19:31:32.544234,8658,537,0.221
ICAO24_00044,WP004,-20.25543,-120.320141,2024-09-23 02:28:32.544234,5155,232,0.772
ICAO24_00045,WP008,52.744615,-89.590645,2024-09-23 11:59:32.544234,18598,348,0.47
ICAO24_00048,WP001,-35.646962,143.047845,2024-09-23 03:55:32.544234,11325,380,0.517
ICAO24_00004,WP006,59.415864,-177.561983,2024-09-21 22:13:32.544341,4964,392,0.143
ICAO24_00010,WP005,-69.270295,56.503761,2024-09-22 09:57:32.544341,15492,226,0.442
ICAO24_00002,WP002,-55.087878,-57.667012,2024-09-22 11:45:32.544341,13184,408,0.166
ICAO24_00000,WP004,-20.25543,-120.320141,2024-09-22 02:53:32.544341,18817,427,0.818
ICAO24_00032,WP009,69.053744,93.717509,2024-09-22 11:13:32.544341,27872,459,0.381
ICAO24_00016,WP008,52.744615,-89.590645,2024-09-22 08:17:32.544341,12607,595,0.972
ICAO24_00030,WP003,21.930152,112.390543,2024-09-22 08:52:32.544341,27662,233,0.038
ICAO24_00006,WP004,-20.25543,-120.320141,2024-09-22 14:58:32.544341,10568,588,0.571
ICAO24_00021,WP004,-20.25543,-120.320141,2024-09-22 07:00:32.544341,20448,250,0.953
ICAO24_00013,WP008,52.744615,-89.590645,2024-09-22 05:25:32.544341,16611,570,0.813
ICAO24_00020,WP008,52.744615,-89.590645,2024-09-22 12:12:32.544341,5404,534,0.771
ICAO24_00031,WP000,-84.632821,-38.478015,2024-09-22 13:12:32.544341,27339,556,0.009
ICAO24_00020,WP002,-55.087878,-57.667012,2024-09-22 04:03:32.544341,28620,503,0.188
ICAO24_00043,WP003,21.930152,112.390543,2024-09-21 23:14:32.544341,29426,279,0.596
ICAO24_00042,WP004,-20.25543,-120.320141,2024-09-22 17:50:32.544341,27918,559,0.408
ICAO24_00024,WP000,-84.632821,-38.478015,2024-09-22 10:48:32.544341,33822,526,0.553
ICAO24_00011,WP005,-69.270295,56.503761,2024-09-21 15:54:32.544507,16863,576,0.345
ICAO24_00032,WP005,-69.270295,56.503761,2024-09-21 17:02:32.544507,22812,455,0.046
ICAO24_00025,WP004,-20.25543,-120.320141,2024-09-20 21:09:32.544507,36409,592,0.836
ICAO24_00019,WP004,-20.25543,-120.320141,2024-09-21 05:11:32.544507,3108,449,0.515
ICAO24_00033,WP003,21.930152,112.390543,2024-09-21 10:58:32.544507,36304,221,0.198
ICAO24_00025,WP003,21.930152,112.390543,2024-09-21 10:41:32.544507,3068,257,0.526
ICAO24_00001,WP002,-55.087878,-57.667012,2024-09-20 14:01:32.544574,17844,318,0.654
ICAO24_00012,WP006,59.415864,-177.561983,2024-09-20 11:53:32.544574,30157,468,0.851
ICAO24_00013,WP002,-55.087878,-57.667012,2024-09-20 04:45:32.544574,27884,431,0.73
ICAO24_00021,WP008,52.744615,-89.590645,2024-09-20 08:10:32.544574,29073,395,0.493
ICAO24_00049,WP002,-55.087878,-57.667012,2024-09-20 01:34:32.544574,12998,522,0.38
ICAO24_00040,WP001,-35.646962,143.047845,2024-09-20 19:43:32.544574,26798,238,0.264
ICAO24_00001,WP008,52.744615,-89.590645,2024-09-20 17:56:32.544574,11430,358,0.69
ICAO24_00024,WP000,-84.632821,-38.478015,2024-09-19 21:28:32.544574,22507,518,0.59
ICAO24_00037,WP002,-55.087878,-57.667012,2024-09-19 22:19:32.544574,37001,352,0.837
ICAO24_00009,WP009,69.053744,93.717509,2024-09-20 13:34:32.544574,34106,247,0.153
ICAO24_00023,WP005,-69.270295,56.503761,2024-09-20 05:28:32.544574,3030,486,0.435
ICAO24_00002,WP004,-20.25543,-120.320141,2024-09-20 00:31:32.544574,29718,527,0.96
ICAO24_00027,WP007,-57.826286,-139.50474,2024-09-19 20:16:32.544574,21196,460,0.853
ICAO24_00028,WP006,59.415864,-177.561983,2024-09-20 06:44:32.544574,38854,443,0.129
ICAO24_00015,WP008,52.744615,-89.590645,2024-09-20 10:29:32.544574,25755,265,0.677
ICAO24_00012,WP008,52.744615,-89.590645,2024-09-20 01:57:32.544574,8438,571,0.892
ICAO24_00043,WP003,21.930152,112.390543,2024-09-20 09:18:32.544574,20450,446,0.978
ICAO24_00031,WP002,-55.087878,-57.667012,2024-09-19 12:36:32.544837,32627,401,0.982
ICAO24_00003,WP001,-35.646962,143.047845,2024-09-19 17:13:32.544837,13590,509,0.324
ICAO24_00034,WP009,69.053744,93.717509,2024-09-19 09:34:32.544837,32325,586,0.129
ICAO24_00037,WP002,-55.087878,-57.667012,2024-09-19 03:29:32.544837,18040,327,0.525
ICAO24_00030,WP006,59.415864,-177.561983,2024-09-18 21:56:32.544837,10470,334,0.95
ICAO24_00045,WP008,52.744615,-89.590645,2024-09-19 15:51:32.544837,5175,217,0.738
ICAO24_00022,WP006,59.415864,-177.561983,2024-09-19 08:34:32.544837,11776,284,0.069
ICAO24_00023,WP004,-20.25543,-120.320141,2024-09-18 08:14:32.544915,14679,443,0.166
ICAO24_00033,WP005,-69.270295,56.503761,2024-09-18 16:56:32.544915,9461,554,0.681
ICAO24_00042,WP008,52.744615,-89.590645,2024-09-18 15:15:32.544915,37453,330,0.81
ICAO24_00028,WP008,52.744615,-89.590645,2024-09-18 14:00:32.544915,7329,347,0.813
ICAO24_00019,WP004,-20.25543,-120.320141,2024-09-18 18:58:32.544915,3872,567,0.668
ICAO24_00029,WP003,21.930152,112.390543,2024-09-18 19:21:32.544915,37959,436,0.922
ICAO24_00017,WP005,-69.270295,56.503761,2024-09-18 07:43:32.544915,27361,390,0.095
ICAO24_00000,WP000,-84.632821,-38.478015,2024-09-18 08:57:32.544915,6087,333,0.979
ICAO24_00004,WP008,52.744615,-89.590645,2024-09-18 07:36:32.544915,35361,463,0.875
ICAO24_00002,WP006,59.415864,-177.561983,2024-09-18 00:46:32.544915,37719,378,0.275
ICAO24_00031,WP005,-69.270295,56.503761,2024-09-18 08:27:32.544915,33061,448,0.613
ICAO24_00023,WP001,-35.646962,143.047845,2024-09-18 01:35:32.544915,12582,255,0.735
ICAO24_00020,WP001,-35.646962,143.047845,2024-09-18 16:15:32.544915,35158,208,0.706
ICAO24_00046,WP000,-84.632821,-38.478015,2024-09-18 18:09:32.544915,8795,583,0.516
ICAO24_00024,WP003,21.930152,112.390543,2024-09-18 19:15:32.544915,32142,523,0.672
ICAO24_00019,WP009,69.053744,93.717509,2024-09-18 14:51:32.544915,33807,207,0.249
ICAO24_00007,WP000,-84.632821,-38.478015,2024-09-18 03:04:32.544915,18717,397,0.912
ICAO24_00002,WP004,-20.25543,-120.320141,2024-09-18 03:07:32.544915,33096,561,0.857
ICAO24_00042,WP000,-84.632821,-38.478015,2024-09-18 13:22:32.544915,17633,318,0.579
ICAO24_00015,WP002,-55.087878,-57.667012,2024-09-17 05:29:32.545119,17839,244,0.486
ICAO24_00046,WP004,-20.25543,-120.320141,2024-09-17 08:55:32.545119,19091,209,0.936
ICAO24_00018,WP001,-35.646962,143.047845,2024-09-16 23:04:32.545119,15495,278,0.082
ICAO24_00015,WP002,-55.087878,-57.667012,2024-09-17 06:09:32.545119,9083,471,0.759
ICAO24_00029,WP004,-20.25543,-120.320141,2024-09-17 08:13:32.545119,28100,595,0.078
ICAO24_00023,WP004,-20.25543,-120.320141,2024-09-16 19:54:32.545119,24167,352,0.06
ICAO24_00046,WP006,59.415864,-177.561983,2024-09-16 21:30:32.545119,19003,422,0.691
ICAO24_00013,WP003,21.930152,112.390543,2024-09-17 06:39:32.545119,34385,392,0.548
ICAO24_00021,WP005,-69.270295,56.503761,2024-09-17 16:02:32.545119,8979,354,0.466
ICAO24_00047,WP009,69.053744,93.717509,2024-09-17 06:23:32.545119,7765,380,0.901
ICAO24_00002,WP003,21.930152,112.390543,2024-09-17 19:52:32.545119,36209,332,0.278
ICAO24_00024,WP002,-55.087878,-57.667012,2024-09-17 05:59:32.545119,37977,208,0.731
ICAO24_00031,WP007,-57.826286,-139.50474,2024-09-17 10:11:32.545119,6661,578,0.536
ICAO24_00005,WP005,-69.270295,56.503761,2024-09-17 11:45:32.545119,24695,583,0.708
ICAO24_00036,WP003,21.930152,112.390543,2024-09-16 16:24:32.545283,27325,245,0.784
ICAO24_00042,WP008,52.744615,-89.590645,2024-09-16 12:52:32.545283,12157,242,0.891
ICAO24_00002,WP005,-69.270295,56.503761,2024-09-15 21:09:32.545283,36025,578,0.598
ICAO24_00000,WP009,69.053744,93.717509,2024-09-16 07:48:32.545283,28612,550,0.941
ICAO24_00035,WP001,-35.646962,143.047845,2024-09-16 00:31:32.545283,15549,403,0.527
ICAO24_00042,WP001,-35.646962,143.047845,2024-09-16 12:59:32.545283,6970,239,0.145
ICAO24_00004,WP003,21.930152,112.390543,2024-09-16 12:24:32.545283,38622,324,0.125
ICAO24_00012,WP005,-69.270295,56.503761,2024-09-16 07:52:32.545283,12304,273,0.579
ICAO24_00006,WP000,-84.632821,-38.478015,2024-09-15 20:39:32.545283,8636,376,0.389
ICAO24_00012,WP007,-57.826286,-139.50474,2024-09-16 18:57:32.545283,24355,292,0.745
ICAO24_00001,WP003,21.930152,112.390543,2024-09-16 19:26:32.545283,31790,354,0.295
ICAO24_00030,WP001,-35.646962,143.047845,2024-09-16 18:52:32.545283,18987,382,0.197
ICAO24_00041,WP002,-55.087878,-57.667012,2024-09-16 17:22:32.545283,33810,570,0.706
ICAO24_00020,WP008,52.744615,-89.590645,2024-09-16 07:22:32.545283,24729,470,0.792
ICAO24_00038,WP001,-35.646962,143.047845,2024-09-14 21:20:32.545433,6020,240,0.248
ICAO24_00003,WP005,-69.270295,56.503761,2024-09-15 17:42:32.545433,38009,266,0.579
ICAO24_00017,WP003,21.930152,112.390543,2024-09-15 08:36:32.545433,18326,274,0.421
ICAO24_00011,WP004,-20.25543,-120.320141,2024-09-15 03:51:32.545433,28305,400,0.357
ICAO24_00045,WP002,-55.087878,-57.667012,2024-09-15 05:15:32.545433,12198,583,0.784
ICAO24_00000,WP002,-55.087878,-57.667012,2024-09-15 01:55:32.545433,28272,533,0.099
ICAO24_00001,WP007,-57.826286,-139.50474,2024-09-15 03:33:32.545433,32888,488,0.922
ICAO24_00032,WP009,69.053744,93.717509,2024-09-14 20:22:32.545433,21083,388,0.485
ICAO24_00001,WP002,-55.087878,-57.667012,2024-09-15 03:43:32.545433,29244,230,0.797
ICAO24_00035,WP001,-35.646962,143.047845,2024-09-15 08:11:32.545433,37703,592,0.594
ICAO24_00047,WP004,-20.25543,-120.320141,2024-09-15 11:56:32.545433,17913,429,0.369
ICAO24_00000,WP007,-57.826286,-139.50474,2024-09-15 00:49:32.545433,22838,281,0.5
ICAO24_00046,WP003,21.930152,112.390543,2024-09-15 11:46:32.545433,23025,458,0.915
ICAO24_00011,WP001,-35.646962,143.047845,2024-09-15 11:40:32.545433,14182,258,0.771
ICAO24_00040,WP000,-84.632821,-38.478015,2024-09-15 05:12:32.545433,37372,498,0.771
ICAO24_00005,WP000,-84.632821,-38.478015,2024-09-15 19:49:32.545433,12219,449,0.398
ICAO24_00018,WP000,-84.632821,-38.478015,2024-09-14 23:44:32.545433,36257,498,0.558
ICAO24_00016,WP005,-69.270295,56.503761,2024-09-14 20:33:32.545433,5539,452,0.011
ICAO24_00004,WP008,52.744615,-89.590645,2024-09-15 14:23:32.545433,12615,409,0.722
ICAO24_00002,WP000,-84.632821,-38.478015,2024-09-14 21:05:32.545433,14021,252,0.099
ICAO24_00039,WP003,21.930152,112.390543,2024-09-14 14:15:32.545642,3850,464,0.406
ICAO24_00008,WP004,-20.25543,-120.320141,2024-09-14 16:00:32.545642,9627,256,0.113
ICAO24_00019,WP004,-20.25543,-120.320141,2024-09-14 08:56:32.545642,19992,502,0.477
ICAO24_00009,WP009,69.053744,93.717509,2024-09-14 14:10:32.545642,29936,437,0.863
ICAO24_00026,WP002,-55.087878,-57.667012,2024-09-14 10:01:32.545642,13310,208,0.724
ICAO24_00000,WP009,69.053744,93.717509,2024-09-14 08:13:32.545642,19142,529,0.421
ICAO24_00026,WP002,-55.087878,-57.667012,2024-09-14 15:02:32.545642,37116,462,0.844
ICAO24_00028,WP001,-35.646962,143.047845,2024-09-14 10:35:32.545642,3640,583,0.258
ICAO24_00038,WP002,-55.087878,-57.667012,2024-09-14 01:47:32.545642,10347,474,0.355
ICAO24_00048,WP005,-69.270295,56.503761,2024-09-14 10:36:32.545642,39529,539,0.878
ICAO24_00046,WP009,69.053744,93.717509,2024-09-13 22:55:32.545642,36190,430,0.724
ICAO24_00033,WP002,-55.087878,-57.667012,2024-09-14 03:45:32.545642,32901,425,0.625
ICAO24_00017,WP009,69.053744,93.717509,2024-09-13 21:38:32.545642,25205,289,0.309
ICAO24_00028,WP005,-69.270295,56.503761,2024-09-14 03:08:32.545642,35045,434,0.009
ICAO24_00023,WP009,69.053744,93.717509,2024-09-14 17:57:32.545642,3934,571,0.102
ICAO24_00015,WP001,-35.646962,143.047845,2024-09-14 15:33:32.545642,7437,599,0.861
ICAO24_00000,WP003,21.930152,112.390543,2024-09-14 11:42:32.545642,38718,329,0.131
ICAO24_00038,WP005,-69.270295,56.503761,2024-09-14 00:39:32.545642,32780,360,0.762
ICAO24_00007,WP009,69.053744,93.717509,2024-09-14 05:13:32.545642,32561,592,0.427
ICAO24_00008,WP008,52.744615,-89.590645,2024-09-13 18:54:32.546198,39632,330,0.225
ICAO24_00027,WP000,-84.632821,-38.478015,2024-09-12 21:42:32.546198,38762,433,0.432
ICAO24_00001,WP005,-69.270295,56.503761,2024-09-13 07:34:32.546198,38005,422,0.308
ICAO24_00018,WP008,52.744615,-89.590645,2024-09-13 03:44:32.546198,17880,303,0.384
ICAO24_00006,WP003,21.930152,112.390543,2024-09-13 00:10:32.546198,3394,404,0.352
ICAO24_00025,WP009,69.053744,93.717509,2024-09-13 02:11:32.546198,32728,277,0.863
ICAO24_00009,WP006,59.415864,-177.561983,2024-09-13 04:15:32.546198,31455,351,0.323
ICAO24_00044,WP005,-69.270295,56.503761,2024-09-13 03:28:32.546198,5754,458,0.633
ICAO24_00046,WP000,-84.632821,-38.478015,2024-09-12 00:20:32.546298,4367,598,0.061
ICAO24_00031,WP005,-69.270295,56.503761,2024-09-12 09:24:32.546298,24361,348,0.314
ICAO24_00003,WP006,59.415864,-177.561983,2024-09-12 10:22:32.546298,27417,293,0.135
ICAO24_00017,WP002,-55.087878,-57.667012,2024-09-12 16:34:32.546298,30307,544,0.033
ICAO24_00022,WP007,-57.826286,-139.50474,2024-09-12 10:24:32.546298,28949,222,0.485
ICAO24_00046,WP003,21.930152,112.390543,2024-09-12 18:37:32.546298,17537,342,0.308
ICAO24_00038,WP004,-20.25543,-120.320141,2024-09-11 15:39:32.546381,18923,550,0.62
ICAO24_00023,WP004,-20.25543,-120.320141,2024-09-11 13:50:32.546381,3382,559,0.39
ICAO24_00025,WP009,69.053744,93.717509,2024-09-11 12:02:32.546381,8730,468,0.777
ICAO24_00047,WP004,-20.25543,-120.320141,2024-09-11 16:12:32.546381,20544,230,0.48
ICAO24_00004,WP005,-69.270295,56.503761,2024-09-11 16:00:32.546381,14342,236,0.525
ICAO24_00026,WP000,-84.632821,-38.478015,2024-09-11 15:43:32.546381,5167,434,0.006
ICAO24_00010,WP009,69.053744,93.717509,2024-09-11 03:16:32.546381,15620,571,0.317
ICAO24_00035,WP005,-69.270295,56.503761,2024-09-11 04:21:32.546381,20947,248,0.968
ICAO24_00006,WP002,-55.087878,-57.667012,2024-09-11 08:09:32.546381,37514,516,0.846
ICAO24_00036,WP004,-20.25543,-120.320141,2024-09-11 15:13:32.546381,15406,229,0.252
ICAO24_00022,WP004,-20.25543,-120.320141,2024-09-11 16:47:32.546381,11206,251,0.501
ICAO24_00026,WP007,-57.826286,-139.50474,2024-09-11 00:40:32.546381,21103,269,0.597
ICAO24_00021,WP002,-55.087878,-57.667012,2024-09-11 06:44:32.546381,3081,220,0.601
ICAO24_00038,WP006,59.415864,-177.561983,2024-09-11 09:24:32.546381,18709,512,0.575
ICAO24_00027,WP004,-20.25543,-120.320141,2024-09-11 00:57:32.546381,24607,241,0.887
ICAO24_00026,WP001,-35.646962,143.047845,2024-09-11 09:35:32.546381,7185,302,0.517
ICAO24_00002,WP009,69.053744,93.717509,2024-09-11 07:39:32.546381,12797,376,0.497
ICAO24_00028,WP000,-84.632821,-38.478015,2024-09-11 15:57:32.546381,39824,346,0.425
ICAO24_00006,WP003,21.930152,112.390543,2024-09-10 20:05:32.546381,31594,255,0.364
ICAO24_00013,WP004,-20.25543,-120.320141,2024-09-11 13:42:32.546381,5942,591,0.976
ICAO24_00038,WP002,-55.087878,-57.667012,2024-09-10 05:29:32.546561,32576,216,0.463
ICAO24_00010,WP009,69.053744,93.717509,2024-09-10 17:28:32.546561,23753,566,0.328
ICAO24_00013,WP002,-55.087878,-57.667012,2024-09-09 22:07:32.546561,34505,435,0.738
ICAO24_00022,WP009,69.053744,93.717509,2024-09-10 06:11:32.546561,33987,241,0.375
ICAO24_00042,WP009,69.053744,93.717509,2024-09-09 22:27:32.546561,16660,241,0.613
ICAO24_00027,WP003,21.930152,112.390543,2024-09-10 00:19:32.546561,30438,280,0.665
ICAO24_00011,WP000,-84.632821,-38.478015,2024-09-10 03:52:32.546561,24083,205,0.16
ICAO24_00011,WP003,21.930152,112.390543,2024-09-10 16:35:32.546561,33461,249,0.282
ICAO24_00028,WP003,21.930152,112.390543,2024-09-10 11:15:32.546561,19741,374,0.342
ICAO24_00008,WP001,-35.646962,143.047845,2024-09-10 13:35:32.546561,18964,245,0.867
ICAO24_00002,WP001,-35.646962,143.047845,2024-09-10 01:40:32.546561,25997,318,0.217
ICAO24_00039,WP002,-55.087878,-57.667012,2024-09-10 09:26:32.546561,4864,230,0.005
ICAO24_00030,WP001,-35.646962,143.047845,2024-09-10 00:08:32.546561,25205,210,0.679
ICAO24_00010,WP007,-57.826286,-139.50474,2024-09-09 20:40:32.546561,37868,203,0.054
ICAO24_00014,WP009,69.053744,93.717509,2024-09-10 04:07:32.546561,37231,211,0.429
ICAO24_00030,WP005,-69.270295,56.503761,2024-09-09 21:15:32.546561,16762,312,0.272
ICAO24_00004,WP002,-55.087878,-57.667012,2024-09-10 14:57:32.546561,11534,229,0.701
ICAO24_00040,WP000,-84.632821,-38.478015,2024-09-10 09:16:32.546561,8104,524,0.784
ICAO24_00043,WP006,59.415864,-177.561983,2024-09-10 09:05:32.546561,38946,327,0.048
ICAO24_00005,WP008,52.744615,-89.590645,2024-09-09 10:38:32.546724,35697,569,0.425
ICAO24_00008,WP007,-57.826286,-139.50474,2024-09-09 03:57:32.546724,12339,211,0.275
ICAO24_00039,WP002,-55.087878,-57.667012,2024-09-09 13:01:32.546724,8369,599,0.31
ICAO24_00015,WP001,-35.646962,143.047845,2024-09-09 12:45:32.546724,21236,478,0.288
ICAO24_00015,WP003,21.930152,112.390543,2024-09-09 04:45:32.546724,23765,314,0.978
ICAO24_00000,WP005,-69.270295,56.503761,2024-09-08 20:29:32.546724,8193,337,0.33
ICAO24_00048,WP003,21.930152,112.390543,2024-09-08 21:07:32.546724,7613,327,0.441
ICAO24_00015,WP001,-35.646962,143.047845,2024-09-09 06:56:32.546724,3284,380,0.77
ICAO24_00016,WP009,69.053744,93.717509,2024-09-09 06:10:32.546724,18399,403,0.942
ICAO24_00043,WP002,-55.087878,-57.667012,2024-09-09 13:51:32.546724,17933,384,0.536
ICAO24_00048,WP009,69.053744,93.717509,2024-09-08 15:38:32.546805,12093,389,0.099
ICAO24_00009,WP002,-55.087878,-57.667012,2024-09-08 18:30:32.546805,19783,222,0.537
ICAO24_00049,WP005,-69.270295,56.503761,2024-09-08 10:03:32.546805,17406,458,0.201
ICAO24_00040,WP008,52.744615,-89.590645,2024-09-08 05:20:32.546805,17849,457,0.908
ICAO24_00040,WP007,-57.826286,-139.50474,2024-09-08 05:52:32.546805,24606,427,0.373
ICAO24_00031,WP003,21.930152,112.390543,2024-09-08 12:46:32.546805,37890,252,0.326
ICAO24_00000,WP008,52.744615,-89.590645,2024-09-08 13:02:32.546805,31073,444,0.262
ICAO24_00012,WP001,-35.646962,143.047845,2024-09-07 12:05:32.546861,36650,220,0.651
ICAO24_00040,WP004,-20.25543,-120.320141,2024-09-07 14:59:32.546861,14983,231,0.717
ICAO24_00040,WP002,-55.087878,-57.667012,2024-09-07 04:25:32.546861,14950,436,0.487
ICAO24_00005,WP007,-57.826286,-139.50474,2024-09-07 07:34:32.546861,3818,596,0.301
ICAO24_00015,WP004,-20.25543,-120.320141,2024-09-06 22:58:32.546861,26122,273,0.434
ICAO24_00044,WP008,52.744615,-89.590645,2024-09-07 05:53:32.546861,5859,548,0.378
ICAO24_00011,WP005,-69.270295,56.503761,2024-09-06 20:32:32.546861,29347,406,0.292
ICAO24_00031,WP007,-57.826286,-139.50474,2024-09-07 14:08:32.546861,13077,594,0.343
ICAO24_00004,WP008,52.744615,-89.590645,2024-09-07 00:19:32.546861,9180,299,0.631
ICAO24_00047,WP004,-20.25543,-120.320141,2024-09-07 02:47:32.546861,17402,412,0.781
ICAO24_00047,WP009,69.053744,93.717509,2024-09-07 17:48:32.546861,22830,225,0.708
ICAO24_00037,WP004,-20.25543,-120.320141,2024-09-07 13:41:32.546861,12109,266,0.556
ICAO24_00031,WP003,21.930152,112.390543,2024-09-07 12:56:32.546861,35051,282,0.515
ICAO24_00013,WP001,-35.646962,143.047845,2024-09-07 08:27:32.546861,18551,202,0.363
ICAO24_00033,WP002,-55.087878,-57.667012,2024-09-07 07:48:32.546861,34773,273,0.699
ICAO24_00019,WP004,-20.25543,-120.320141,2024-09-07 19:12:32.546861,8441,549,0.382
ICAO24_00028,WP004,-20.25543,-120.320141,2024-09-07 02:47:32.546861,28584,487,0.056
ICAO24_00025,WP009,69.053744,93.717509,2024-09-07 12:47:32.546861,27918,337,0.022
ICAO24_00048,WP004,-20.25543,-120.320141,2024-09-07 15:25:32.546861,37825,368,0.289
ICAO24_00002,WP009,69.053744,93.717509,2024-09-06 02:51:32.546997,34751,322,0.056
ICAO24_00040,WP007,-57.826286,-139.50474,2024-09-06 01:43:32.546997,12622,533,0.611
ICAO24_00044,WP001,-35.646962,143.047845,2024-09-06 05:42:32.546997,22150,468,0.757
ICAO24_00023,WP003,21.930152,112.390543,2024-09-06 12:40:32.546997,38382,458,0.407
ICAO24_00002,WP004,-20.25543,-120.320141,2024-09-06 13:39:32.546997,8880,217,0.661
ICAO24_00026,WP001,-35.646962,143.047845,2024-09-05 23:30:32.546997,14063,254,0.992
ICAO24_00017,WP005,-69.270295,56.503761,2024-09-06 12:16:32.546997,7832,562,0.736
ICAO24_00000,WP007,-57.826286,-139.50474,2024-09-06 00:08:32.546997,20436,273,0.613
ICAO24_00006,WP003,21.930152,112.390543,2024-09-05 06:36:32.547056,33772,492,0.543
ICAO24_00010,WP001,-35.646962,143.047845,2024-09-05 17:48:32.547056,7597,366,0.167
ICAO24_00040,WP009,69.053744,93.717509,2024-09-04 21:02:32.547056,14524,426,0.449
ICAO24_00011,WP008,52.744615,-89.590645,2024-09-05 14:54:32.547056,10698,225,0.983
ICAO24_00039,WP007,-57.826286,-139.50474,2024-09-05 06:22:32.547056,22173,560,0.729
ICAO24_00033,WP003,21.930152,112.390543,2024-09-05 16:31:32.547056,9408,577,0.199
ICAO24_00024,WP003,21.930152,112.390543,2024-09-04 21:04:32.547056,24926,564,0.813
ICAO24_00008,WP006,59.415864,-177.561983,2024-09-04 23:35:32.547056,28941,499,0.566
ICAO24_00002,WP007,-57.826286,-139.50474,2024-09-05 05:56:32.547056,10182,324,0.501
ICAO24_00017,WP003,21.930152,112.390543,2024-09-05 02:17:32.547056,11717,570,0.634
ICAO24_00009,WP001,-35.646962,143.047845,2024-09-05 12:34:32.547056,29640,443,0.103
ICAO24_00020,WP003,21.930152,112.390543,2024-09-04 02:56:32.547147,16932,580,0.811
ICAO24_00031,WP006,59.415864,-177.561983,2024-09-04 00:47:32.547147,35574,235,0.972
ICAO24_00022,WP003,21.930152,112.390543,2024-09-04 11:26:32.547147,12836,303,0.791
ICAO24_00011,WP003,21.930152,112.390543,2024-09-04 02:26:32.547147,33723,365,0.173
ICAO24_00025,WP001,-35.646962,143.047845,2024-09-04 14:25:32.547147,29958,314,0.294
ICAO24_00036,WP006,59.415864,-177.561983,2024-09-04 03:19:32.547147,11910,277,0.625
ICAO24_00021,WP001,-35.646962,143.047845,2024-09-04 05:15:32.547147,17093,582,0.09
ICAO24_00015,WP007,-57.826286,-139.50474,2024-09-04 05:20:32.547147,5753,204,0.018
ICAO24_00019,WP003,21.930152,112.390543,2024-09-04 14:58:32.547147,7810,334,0.305
ICAO24_00034,WP002,-55.087878,-57.667012,2024-09-03 23:47:32.547147,11035,480,0.627
ICAO24_00000,WP002,-55.087878,-57.667012,2024-09-03 21:27:32.547147,19934,553,0.602
ICAO24_00023,WP006,59.415864,-177.561983,2024-09-04 07:56:32.547147,18554,236,0.777
ICAO24_00013,WP000,-84.632821,-38.478015,2024-09-03 23:17:32.547147,7736,429,0.787
ICAO24_00026,WP003,21.930152,112.390543,2024-09-04 18:56:32.547147,5037,530,0.636
ICAO24_00038,WP006,59.415864,-177.561983,2024-09-03 23:40:32.547147,12128,248,0.141
ICAO24_00013,WP007,-57.826286,-139.50474,2024-09-04 06:46:32.547147,12716,460,0.813
ICAO24_00011,WP006,59.415864,-177.561983,2024-09-04 03:23:32.547147,21630,503,0.677
ICAO24_00038,WP007,-57.826286,-139.50474,2024-09-04 08:25:32.547147,5471,418,0.887
ICAO24_00007,WP006,59.415864,-177.561983,2024-09-04 02:51:32.547147,18032,343,0.385
ICAO24_00004,WP000,-84.632821,-38.478015,2024-09-04 08:51:32.547147,27267,499,0.107
ICAO24_00012,WP006,59.415864,-177.561983,2024-09-03 08:12:32.547345,17380,535,0.985
ICAO24_00012,WP003,21.930152,112.390543,2024-09-03 06:30:32.547345,34408,476,0.789
ICAO24_00004,WP004,-20.25543,-120.320141,2024-09-03 00:45:32.547345,33776,475,0.212
ICAO24_00020,WP000,-84.632821,-38.478015,2024-09-03 14:20:32.547345,26777,214,0.27
ICAO24_00031,WP005,-69.270295,56.503761,2024-09-03 00:43:32.547345,11255,251,0.121
ICAO24_00035,WP002,-55.087878,-57.667012,2024-09-03 03:08:32.547345,11796,462,0.259
ICAO24_00028,WP007,-57.826286,-139.50474,2024-09-02 18:31:32.547395,32117,367,0.796
ICAO24_00020,WP008,52.744615,-89.590645,2024-09-02 01:18:32.547395,20769,581,0.271
ICAO24_00020,WP002,-55.087878,-57.667012,2024-09-02 00:41:32.547395,36740,240,0.179
ICAO24_00015,WP006,59.415864,-177.561983,2024-09-02 12:36:32.547395,14288,474,1.0
ICAO24_00027,WP004,-20.25543,-120.320141,2024-09-02 02:13:32.547395,26851,280,0.92
ICAO24_00005,WP001,-35.646962,143.047845,2024-09-02 02:30:32.547395,13516,522,0.379
ICAO24_00028,WP003,21.930152,112.390543,2024-09-02 15:35:32.547395,31651,492,0.951
ICAO24_00034,WP005,-69.270295,56.503761,2024-09-01 20:56:32.547395,24508,281,0.83
ICAO24_00025,WP001,-35.646962,143.047845,2024-09-02 00:38:32.547395,29040,473,0.277
ICAO24_00025,WP000,-84.632821,-38.478015,2024-09-01 21:57:32.547395,5908,572,0.79
ICAO24_00022,WP005,-69.270295,56.503761,2024-09-02 07:09:32.547395,39983,280,0.141
ICAO24_00004,WP009,69.053744,93.717509,2024-09-02 15:52:32.547395,23456,401,0.85
ICAO24_00007,WP007,-57.826286,-139.50474,2024-09-02 02:14:32.547395,18771,357,0.843
ICAO24_00001,WP005,-69.270295,56.503761,2024-09-02 15:12:32.547395,26211,359,0.956
ICAO24_00011,WP001,-35.646962,143.047845,2024-09-02 06:54:32.547395,24702,321,0.484
ICAO24_00031,WP004,-20.25543,-120.320141,2024-09-02 08:47:32.547395,7964,249,0.959
ICAO24_00038,WP004,-20.25543,-120.320141,2024-09-02 09:36:32.547395,9722,200,0.654
ICAO24_00038,WP000,-84.632821,-38.478015,2024-09-02 18:12:32.547395,25132,233,0.138
ICAO24_00005,WP005,-69.270295,56.503761,2024-09-02 02:45:32.547395,24149,374,0.653
ICAO24_00031,WP006,59.415864,-177.561983,2024-09-01 18:43:32.547537,8190,486,0.707
ICAO24_00003,WP006,59.415864,-177.561983,2024-09-01 07:21:32.547537,7956,284,0.842
ICAO24_00031,WP000,-84.632821,-38.478015,2024-09-01 19:53:32.547537,23400,588,0.265
ICAO24_00046,WP008,52.744615,-89.590645,2024-09-01 16:11:32.547537,8759,456,0.218
ICAO24_00046,WP008,52.744615,-89.590645,2024-09-01 19:39:32.547537,16213,235,0.127
ICAO24_00011,WP000,-84.632821,-38.478015,2024-09-01 00:18:32.547537,22082,452,0.092
ICAO24_00017,WP004,-20.25543,-120.320141,2024-08-31 20:59:32.547537,26638,377,0.537
ICAO24_00016,WP006,59.415864,-177.561983,2024-09-01 05:55:32.547537,33804,501,0.896
ICAO24_00008,WP006,59.415864,-177.561983,2024-08-31 20:58:32.547537,27506,465,0.272
ICAO24_00012,WP008,52.744615,-89.590645,2024-09-01 09:54:32.547537,18126,586,0.726
ICAO24_00036,WP007,-57.826286,-139.50474,2024-08-31 02:25:32.547610,7307,517,0.598
ICAO24_00004,WP003,21.930152,112.390543,2024-08-31 03:15:32.547610,25035,297,0.049
ICAO24_00025,WP009,69.053744,93.717509,2024-08-31 05:16:32.547610,17877,221,0.803
ICAO24_00047,WP003,21.930152,112.390543,2024-08-31 04:56:32.547610,10840,389,0.981
ICAO24_00038,WP007,-57.826286,-139.50474,2024-08-31 16:23:32.547610,3051,571,0.575
ICAO24_00025,WP000,-84.632821,-38.478015,2024-08-31 04:50:32.547610,23391,416,0.546
ICAO24_00017,WP006,59.415864,-177.561983,2024-08-31 17:24:32.547610,13003,470,0.056
ICAO24_00013,WP008,52.744615,-89.590645,2024-08-31 19:20:32.547610,16037,321,0.912
ICAO24_00002,WP006,59.415864,-177.561983,2024-08-31 01:56:32.547610,13107,587,0.775
ICAO24_00018,WP000,-84.632821,-38.478015,2024-08-31 18:03:32.547610,30371,412,0.274
ICAO24_00008,WP007,-57.826286,-139.50474,2024-08-31 18:59:32.547610,19361,459,0.366
ICAO24_00016,WP001,-35.646962,143.047845,2024-08-30 21:57:32.547610,33904,461,0.837
ICAO24_00021,WP000,-84.632821,-38.478015,2024-08-31 08:34:32.547610,11023,265,0.601
ICAO24_00018,WP005,-69.270295,56.503761,2024-08-31 10:57:32.547610,23606,361,0.291
ICAO24_00000,WP006,59.415864,-177.561983,2024-08-31 00:20:32.547610,30508,471,0.01
ICAO24_00016,WP007,-57.826286,-139.50474,2024-08-31 03:29:32.547610,21088,235,0.275
ICAO24_00019,WP005,-69.270295,56.503761,2024-08-29 20:17:32.547721,22877,389,0.618
ICAO24_00033,WP000,-84.632821,-38.478015,2024-08-30 16:16:32.547721,3274,265,0.089
ICAO24_00008,WP003,21.930152,112.390543,2024-08-30 11:47:32.547721,35003,489,0.486
ICAO24_00013,WP008,52.744615,-89.590645,2024-08-30 18:01:32.547721,24179,375,0.429
ICAO24_00020,WP005,-69.270295,56.503761,2024-08-30 01:11:32.547721,3192,517,0.919
ICAO24_00028,WP001,-35.646962,143.047845,2024-08-30 13:56:32.547721,15382,265,0.749
ICAO24_00000,WP007,-57.826286,-139.50474,2024-08-30 19:43:32.547721,36016,354,0.416
ICAO24_00043,WP005,-69.270295,56.503761,2024-08-30 00:23:32.547721,18948,278,0.481
ICAO24_00001,WP005,-69.270295,56.503761,2024-08-30 09:54:32.547721,33861,409,0.858
ICAO24_00039,WP006,59.415864,-177.561983,2024-08-30 00:27:32.547721,5010,343,0.463
ICAO24_00035,WP007,-57.826286,-139.50474,2024-08-29 19:56:32.547721,6313,316,0.973
ICAO24_00011,WP007,-57.826286,-139.50474,2024-08-30 04:23:32.547721,19399,237,0.516
ICAO24_00033,WP006,59.415864,-177.561983,2024-08-30 04:55:32.547721,3333,494,0.675
ICAO24_00006,WP004,-20.25543,-120.320141,2024-08-30 02:09:32.547721,20858,349,0.454
ICAO24_00035,WP001,-35.646962,143.047845,2024-08-29 21:22:32.547721,17281,430,0.137
ICAO24_00002,WP009,69.053744,93.717509,2024-08-30 15:06:32.547721,6426,347,0.884
ICAO24_00019,WP006,59.415864,-177.561983,2024-08-30 07:19:32.547721,8741,365,0.411
ICAO24_00003,WP005,-69.270295,56.503761,2024-08-28 23:55:32.547873,27917,594,0.927
ICAO24_00028,WP009,69.053744,93.717509,2024-08-29 14:24:32.547873,25480,226,0.54
ICAO24_00036,WP004,-20.25543,-120.320141,2024-08-29 03:21:32.547873,30479,299,0.682
ICAO24_00010,WP002,-55.087878,-57.667012,2024-08-28 23:31:32.547873,9812,204,0.686
ICAO24_00042,WP002,-55.087878,-57.667012,2024-08-29 11:01:32.547873,3622,582,0.505
ICAO24_00010,WP001,-35.646962,143.047845,2024-08-28 22:07:32.547873,17933,414,0.318
ICAO24_00012,WP009,69.053744,93.717509,2024-08-28 20:22:32.547873,15854,529,0.031
ICAO24_00024,WP009,69.053744,93.717509,2024-08-29 12:56:32.547873,6518,292,0.275
ICAO24_00018,WP000,-84.632821,-38.478015,2024-08-29 02:13:32.547873,19657,500,0.617
ICAO24_00005,WP003,21.930152,112.390543,2024-08-29 15:45:32.547873,25648,409,0.98
ICAO24_00018,WP004,-20.25543,-120.320141,2024-08-28 23:35:32.547873,6571,565,0.49
ICAO24_00036,WP005,-69.270295,56.503761,2024-08-28 04:37:32.547951,4439,277,0.44
ICAO24_00015,WP002,-55.087878,-57.667012,2024-08-28 06:55:32.547951,4284,517,0.771
ICAO24_00043,WP008,52.744615,-89.590645,2024-08-28 17:03:32.547951,7332,453,0.674
ICAO24_00004,WP001,-35.646962,143.047845,2024-08-28 16:03:32.547951,4064,213,0.805
ICAO24_00009,WP009,69.053744,93.717509,2024-08-27 23:15:32.547951,15295,546,0.829
ICAO24_00010,WP004,-20.25543,-120.320141,2024-08-28 17:31:32.547951,36356,326,0.607
ICAO24_00018,WP001,-35.646962,143.047845,2024-08-26 20:29:32.548000,28300,243,0.738
ICAO24_00000,WP009,69.053744,93.717509,2024-08-27 10:01:32.548000,22913,405,0.392
ICAO24_00011,WP002,-55.087878,-57.667012,2024-08-27 10:28:32.548000,26794,507,0.372
ICAO24_00014,WP000,-84.632821,-38.478015,2024-08-27 12:04:32.548000,38048,331,0.748
ICAO24_00017,WP006,59.415864,-177.561983,2024-08-27 12:39:32.548000,38961,422,0.628
ICAO24_00037,WP001,-35.646962,143.047845,2024-08-27 07:28:32.548000,14526,314,0.753
ICAO24_00022,WP007,-57.826286,-139.50474,2024-08-27 19:10:32.548000,4452,595,0.772
ICAO24_00035,WP007,-57.826286,-139.50474,2024-08-27 15:53:32.548000,35701,529,0.571
ICAO24_00033,WP003,21.930152,112.390543,2024-08-27 08:27:32.548000,26391,455,0.062
ICAO24_00018,WP003,21.930152,112.390543,2024-08-27 09:02:32.548000,22125,378,0.516
ICAO24_00004,WP002,-55.087878,-57.667012,2024-08-27 10:02:32.548000,21512,495,0.301
ICAO24_00048,WP008,52.744615,-89.590645,2024-08-26 22:01:32.548000,3283,285,0.427
ICAO24_00013,WP004,-20.25543,-120.320141,2024-08-27 11:03:32.548000,4583,575,0.256
ICAO24_00001,WP009,69.053744,93.717509,2024-08-27 11:44:32.548000,9508,480,0.998
ICAO24_00012,WP000,-84.632821,-38.478015,2024-08-26 23:38:32.548000,31486,278,0.034
ICAO24_00029,WP005,-69.270295,56.503761,2024-08-27 00:34:32.548000,30603,431,0.368
ICAO24_00026,WP005,-69.270295,56.503761,2024-08-26 08:36:32.548114,12052,277,0.092
ICAO24_00039,WP000,-84.632821,-38.478015,2024-08-26 11:01:32.548114,9895,308,0.358
ICAO24_00022,WP005,-69.270295,56.503761,2024-08-26 15:14:32.548114,31287,451,0.598
ICAO24_00043,WP008,52.744615,-89.590645,2024-08-26 08:58:32.548114,36268,203,0.357
ICAO24_00036,WP004,-20.25543,-120.320141,2024-08-26 00:18:32.548114,18374,280,0.22
ICAO24_00034,WP008,52.744615,-89.590645,2024-08-26 06:36:32.548114,26808,386,0.557
ICAO24_00013,WP006,59.415864,-177.561983,2024-08-26 19:01:32.548114,20104,274,0.367
ICAO24_00049,WP002,-55.087878,-57.667012,2024-08-26 03:29:32.548114,6716,585,0.79
ICAO24_00000,WP001,-35.646962,143.047845,2024-08-26 10:35:32.548114,36524,305,0.853
ICAO24_00000,WP006,59.415864,-177.561983,2024-08-25 21:41:32.548114,4136,593,0.27
ICAO24_00043,WP000,-84.632821,-38.478015,2024-08-26 12:46:32.548114,34292,319,0.995
ICAO24_00020,WP007,-57.826286,-139.50474,2024-08-24 20:18:32.548192,15553,323,0.392
ICAO24_00023,WP004,-20.25543,-120.320141,2024-08-25 15:46:32.548192,39840,342,0.051
ICAO24_00001,WP003,21.930152,112.390543,2024-08-25 06:22:32.548192,28387,383,0.455
ICAO24_00042,WP003,21.930152,112.390543,2024-08-25 02:17:32.548192,21345,403,0.311
ICAO24_00043,WP004,-20.25543,-120.320141,2024-08-25 15:54:32.548192,12772,241,0.893
ICAO24_00027,WP008,52.744615,-89.590645,2024-08-25 18:37:32.548192,22397,467,0.001
ICAO24_00035,WP000,-84.632821,-38.478015,2024-08-24 06:42:32.548253,7470,416,0.226
ICAO24_00034,WP006,59.415864,-177.561983,2024-08-24 00:08:32.548253,27964,507,0.787
ICAO24_00037,WP006,59.415864,-177.561983,2024-08-24 13:58:32.548253,36614,336,0.566
ICAO24_00007,WP006,59.415864,-177.561983,2024-08-24 11:25:32.548253,39733,406,0.691
ICAO24_00037,WP003,21.930152,112.390543,2024-08-24 19:36:32.548253,18345,394,0.174
ICAO24_00042,WP007,-57.826286,-139.50474,2024-08-24 13:05:32.548253,34331,305,0.801
ICAO24_00017,WP004,-20.25543,-120.320141,2024-08-23 07:29:32.548322,24292,436,0.675
ICAO24_00038,WP000,-84.632821,-38.478015,2024-08-23 13:17:32.548322,24151,356,0.158
ICAO24_00009,WP002,-55.087878,-57.667012,2024-08-23 16:35:32.548322,20807,452,0.854
ICAO24_00044,WP000,-84.632821,-38.478015,2024-08-23 07:44:32.548322,34412,323,0.236
ICAO24_00002,WP008,52.744615,-89.590645,2024-08-23 03:28:32.548322,31288,520,0.554
ICAO24_00035,WP000,-84.632821,-38.478015,2024-08-23 04:01:32.548322,3965,558,0.263
ICAO24_00049,WP007,-57.826286,-139.50474,2024-08-23 11:10:32.548322,9524,496,0.654
ICAO24_00046,WP000,-84.632821,-38.478015,2024-08-23 03:44:32.548322,26989,408,0.793
ICAO24_00018,WP002,-55.087878,-57.667012,2024-08-23 08:13:32.548322,30490,424,0.974
ICAO24_00036,WP007,-57.826286,-139.50474,2024-08-23 13:46:32.548322,36050,388,0.596
ICAO24_00021,WP000,-84.632821,-38.478015,2024-08-22 21:19:32.548322,16248,201,0.838
ICAO24_00021,WP005,-69.270295,56.503761,2024-08-23 18:53:32.548322,12611,414,0.668
ICAO24_00021,WP002,-55.087878,-57.667012,2024-08-23 09:05:32.548322,31517,263,0.004
ICAO24_00014,WP009,69.053744,93.717509,2024-08-23 09:17:32.548322,34482,499,0.966
ICAO24_00045,WP001,-35.646962,143.047845,2024-08-23 13:45:32.548322,23228,542,0.951
ICAO24_00035,WP005,-69.270295,56.503761,2024-08-23 03:37:32.548322,27973,298,0.552
ICAO24_00015,WP002,-55.087878,-57.667012,2024-08-23 09:58:32.548322,27686,294,0.538
ICAO24_00048,WP004,-20.25543,-120.320141,2024-08-22 22:12:32.548322,34664,517,0.679
ICAO24_00010,WP002,-55.087878,-57.667012,2024-08-22 22:54:32.548322,24165,598,0.997
ICAO24_00018,WP003,21.930152,112.390543,2024-08-22 08:54:32.548486,19639,551,0.363
ICAO24_00002,WP006,59.415864,-177.561983,2024-08-22 05:43:32.548486,8335,334,0.958
ICAO24_00013,WP008,52.744615,-89.590645,2024-08-22 03:18:32.548486,26769,231,0.843
ICAO24_00028,WP004,-20.25543,-120.320141,2024-08-22 12:40:32.548486,19850,481,0.828
ICAO24_00014,WP002,-55.087878,-57.667012,2024-08-22 13:46:32.548486,25749,274,0.052
ICAO24_00012,WP003,21.930152,112.390543,2024-08-22 12:28:32.548486,12959,282,0.669
ICAO24_00015,WP003,21.930152,112.390543,2024-08-20 19:59:32.548537,7956,415,0.403
ICAO24_00039,WP006,59.415864,-177.561983,2024-08-20 19:58:32.548537,37638,465,0.163
ICAO24_00039,WP005,-69.270295,56.503761,2024-08-20 23:49:32.548537,28758,403,0.91
ICAO24_00028,WP008,52.744615,-89.590645,2024-08-21 04:27:32.548537,28780,434,0.622
ICAO24_00049,WP002,-55.087878,-57.667012,2024-08-20 20:11:32.548537,27832,550,0.685
ICAO24_00037,WP004,-20.25543,-120.320141,2024-08-21 19:23:32.548537,25888,556,0.999
ICAO24_00028,WP003,21.930152,112.390543,2024-08-21 08:25:32.548537,34654,200,0.904
ICAO24_00041,WP004,-20.25543,-120.320141,2024-08-20 20:42:32.548537,22543,593,0.661
ICAO24_00009,WP008,52.744615,-89.590645,2024-08-21 15:27:32.548537,36870,219,0.856
ICAO24_00034,WP008,52.744615,-89.590645,2024-08-21 03:07:32.548537,29183,400,0.301
ICAO24_00010,WP002,-55.087878,-57.667012,2024-08-20 01:16:32.548606,5097,233,0.963
ICAO24_00048,WP000,-84.632821,-38.478015,2024-08-20 01:38:32.548606,35504,396,0.71
ICAO24_00029,WP009,69.053744,93.717509,2024-08-19 23:41:32.548606,15084,504,0.707
ICAO24_00023,WP007,-57.826286,-139.50474,2024-08-20 04:23:32.548606,36894,307,0.834
ICAO24_00046,WP004,-20.25543,-120.320141,2024-08-20 06:49:32.548606,18239,420,0.06
ICAO24_00026,WP003,21.930152,112.390543,2024-08-19 23:49:32.548606,11107,280,0.16
ICAO24_00037,WP003,21.930152,112.390543,2024-08-20 16:16:32.548606,25894,517,0.662
ICAO24_00023,WP000,-84.632821,-38.478015,2024-08-19 09:04:32.548658,17081,557,0.103
ICAO24_00015,WP004,-20.25543,-120.320141,2024-08-19 06:54:32.548658,4452,221,0.28
ICAO24_00035,WP009,69.053744,93.717509,2024-08-19 15:15:32.548658,20908,491,0.932
ICAO24_00007,WP000,-84.632821,-38.478015,2024-08-19 17:55:32.548658,27821,537,0.423
ICAO24_00003,WP004,-20.25543,-120.320141,2024-08-19 08:55:32.548658,16700,234,0.709
ICAO24_00011,WP003,21.930152,112.390543,2024-08-18 23:55:32.548658,25007,464,0.093
ICAO24_00020,WP005,-69.270295,56.503761,2024-08-19 17:15:32.548658,18867,541,0.432
ICAO24_00028,WP007,-57.826286,-139.50474,2024-08-19 04:18:32.548658,16189,243,0.83
ICAO24_00044,WP009,69.053744,93.717509,2024-08-19 07:54:32.548658,19788,436,0.951
ICAO24_00014,WP002,-55.087878,-57.667012,2024-08-19 00:32:32.548658,31504,348,0.516
ICAO24_00032,WP004,-20.25543,-120.320141,2024-08-19 17:27:32.548658,6595,510,0.119
ICAO24_00007,WP001,-35.646962,143.047845,2024-08-19 19:37:32.548658,28457,343,0.732
ICAO24_00021,WP008,52.744615,-89.590645,2024-08-19 06:16:32.548658,22060,402,0.411
ICAO24_00018,WP003,21.930152,112.390543,2024-08-18 21:10:32.548658,14732,536,0.993
ICAO24_00046,WP004,-20.25543,-120.320141,2024-08-19 01:12:32.548658,17304,286,0.722
ICAO24_00049,WP009,69.053744,93.717509,2024-08-18 09:06:32.548765,19010,305,0.087
ICAO24_00042,WP008,52.744615,-89.590645,2024-08-18 17:53:32.548765,31177,416,0.729
ICAO24_00028,WP003,21.930152,112.390543,2024-08-18 04:42:32.548765,22005,508,0.964
ICAO24_00016,WP005,-69.270295,56.503761,2024-08-18 04:45:32.548765,8345,270,0.114
ICAO24_00004,WP001,-35.646962,143.047845,2024-08-18 12:33:32.548765,12938,320,0.88
ICAO24_00034,WP003,21.930152,112.390543,2024-08-17 22:02:32.548765,26107,407,0.793
ICAO24_00028,WP008,52.744615,-89.590645,2024-08-17 22:13:32.548765,15425,556,0.019
ICAO24_00029,WP000,-84.632821,-38.478015,2024-08-18 01:33:32.548765,4507,239,0.549
ICAO24_00019,WP004,-20.25543,-120.320141,2024-08-18 05:02:32.548765,7354,427,0.711
ICAO24_00003,WP003,21.930152,112.390543,2024-08-18 11:08:32.548765,24740,430,0.918
ICAO24_00045,WP007,-57.826286,-139.50474,2024-08-18 09:17:32.548765,15106,455,0.627
ICAO24_00025,WP002,-55.087878,-57.667012,2024-08-18 06:50:32.548765,19499,455,0.165
ICAO24_00032,WP005,-69.270295,56.503761,2024-08-18 02:50:32.548765,3798,584,0.157
ICAO24_00007,WP003,21.930152,112.390543,2024-08-18 09:10:32.548765,22435,484,0.631
ICAO24_00013,WP009,69.053744,93.717509,2024-08-17 01:38:32.548873,22255,220,0.242
ICAO24_00027,WP000,-84.632821,-38.478015,2024-08-17 13:09:32.548873,36562,387,0.464
ICAO24_00043,WP005,-69.270295,56.503761,2024-08-17 03:58:32.548873,9224,245,0.173
ICAO24_00012,WP008,52.744615,-89.590645,2024-08-17 08:48:32.548873,36616,575,0.803
ICAO24_00020,WP005,-69.270295,56.503761,2024-08-17 08:44:32.548873,32192,489,0.695
ICAO24_00029,WP002,-55.087878,-57.667012,2024-08-17 15:23:32.548873,21229,284,0.581
ICAO24_00000,WP007,-57.826286,-139.50474,2024-08-17 08:10:32.548873,37494,472,0.872
ICAO24_00007,WP007,-57.826286,-139.50474,2024-08-17 02:19:32.548873,30968,568,0.791
ICAO24_00031,WP009,69.053744,93.717509,2024-08-17 13:42:32.548873,38518,364,0.367
ICAO24_00000,WP000,-84.632821,-38.478015,2024-08-17 03:38:32.548873,34446,576,0.055
ICAO24_00008,WP002,-55.087878,-57.667012,2024-08-16 22:12:32.548873,5208,205,0.671
ICAO24_00039,WP009,69.053744,93.717509,2024-08-17 07:30:32.548873,19040,567,0.984
ICAO24_00005,WP009,69.053744,93.717509,2024-08-17 13:22:32.548873,20097,260,0.297
ICAO24_00021,WP007,-57.826286,-139.50474,2024-08-17 00:01:32.548873,33043,446,0.285
ICAO24_00008,WP007,-57.826286,-139.50474,2024-08-17 06:18:32.548873,11968,304,0.545
ICAO24_00004,WP009,69.053744,93.717509,2024-08-17 05:02:32.548873,9893,217,0.838
ICAO24_00003,WP003,21.930152,112.390543,2024-08-17 12:56:32.548873,34228,336,0.791
ICAO24_00049,WP000,-84.632821,-38.478015,2024-08-17 14:02:32.548873,22074,532,0.649
ICAO24_00012,WP003,21.930152,112.390543,2024-08-17 05:18:32.548873,14701,400,0.092
ICAO24_00034,WP008,52.744615,-89.590645,2024-08-15 22:26:32.549041,9909,587,0.87
ICAO24_00048,WP003,21.930152,112.390543,2024-08-16 04:17:32.549041,32827,228,0.845
ICAO24_00046,WP009,69.053744,93.717509,2024-08-16 18:56:32.549041,15640,315,0.966
ICAO24_00042,WP007,-57.826286,-139.50474,2024-08-16 01:22:32.549041,5145,273,0.37
ICAO24_00044,WP003,21.930152,112.390543,2024-08-16 03:18:32.549041,29213,262,0.266
ICAO24_00043,WP008,52.744615,-89.590645,2024-08-16 00:27:32.549041,36330,517,0.234
ICAO24_00046,WP009,69.053744,93.717509,2024-08-16 03:14:32.549041,32288,206,0.739
ICAO24_00032,WP000,-84.632821,-38.478015,2024-08-15 20:19:32.549041,26568,596,0.068
ICAO24_00040,WP004,-20.25543,-120.320141,2024-08-16 09:33:32.549041,10264,321,0.801
ICAO24_00020,WP000,-84.632821,-38.478015,2024-08-16 05:42:32.549041,12073,257,0.686
ICAO24_00027,WP002,-55.087878,-57.667012,2024-08-16 07:03:32.549041,17060,267,0.529
ICAO24_00041,WP001,-35.646962,143.047845,2024-08-16 14:05:32.549041,36602,210,0.632
ICAO24_00030,WP004,-20.25543,-120.320141,2024-08-16 07:36:32.549041,39879,591,0.548
ICAO24_00004,WP008,52.744615,-89.590645,2024-08-15 07:43:32.549143,33934,251,0.744
ICAO24_00036,WP000,-84.632821,-38.478015,2024-08-15 07:13:32.549143,37628,216,0.924
ICAO24_00008,WP006,59.415864,-177.561983,2024-08-15 11:40:32.549143,15587,382,0.067
ICAO24_00049,WP000,-84.632821,-38.478015,2024-08-15 13:13:32.549143,36548,595,0.235
ICAO24_00032,WP006,59.415864,-177.561983,2024-08-15 11:06:32.549143,23551,542,0.731
ICAO24_00000,WP003,21.930152,112.390543,2024-08-15 09:45:32.549143,24612,228,0.691
ICAO24_00016,WP005,-69.270295,56.503761,2024-08-14 23:09:32.549143,7923,325,0.818
ICAO24_00000,WP004,-20.25543,-120.320141,2024-08-14 21:26:32.549143,18351,281,0.015
ICAO24_00046,WP000,-84.632821,-38.478015,2024-08-13 21:07:32.549200,32112,204,0.695
ICAO24_00002,WP004,-20.25543,-120.320141,2024-08-14 00:00:32.549200,35351,484,0.348
ICAO24_00020,WP001,-35.646962,143.047845,2024-08-14 00:04:32.549200,16122,581,0.153
ICAO24_00049,WP007,-57.826286,-139.50474,2024-08-14 17:17:32.549200,32199,359,0.439
ICAO24_00001,WP002,-55.087878,-57.667012,2024-08-14 16:33:32.549200,32286,348,0.314
ICAO24_00005,WP003,21.930152,112.390543,2024-08-14 00:56:32.549200,3760,405,0.556
ICAO24_00043,WP004,-20.25543,-120.320141,2024-08-14 00:44:32.549200,29976,400,0.28
ICAO24_00040,WP000,-84.632821,-38.478015,2024-08-14 13:07:32.549200,24432,534,0.051
ICAO24_00047,WP008,52.744615,-89.590645,2024-08-13 17:02:32.549256,32264,247,0.025
ICAO24_00034,WP004,-20.25543,-120.320141,2024-08-12 20:26:32.549256,21522,384,0.352
ICAO24_00000,WP001,-35.646962,143.047845,2024-08-13 04:37:32.549256,5459,389,0.163
ICAO24_00011,WP002,-55.087878,-57.667012,2024-08-13 02:56:32.549256,30635,596,0.768
ICAO24_00006,WP000,-84.632821,-38.478015,2024-08-13 19:27:32.549256,39944,418,0.121
ICAO24_00015,WP007,-57.826286,-139.50474,2024-08-13 13:17:32.549256,17153,503,0.135
ICAO24_00026,WP008,52.744615,-89.590645,2024-08-13 04:45:32.549256,5612,559,0.036
ICAO24_00008,WP004,-20.25543,-120.320141,2024-08-13 00:34:32.549256,12200,448,0.968
ICAO24_00031,WP008,52.744615,-89.590645,2024-08-13 10:25:32.549256,7885,392,0.894
ICAO24_00023,WP007,-57.826286,-139.50474,2024-08-13 14:36:32.549256,11901,500,0.502
ICAO24_00034,WP007,-57.826286,-139.50474,2024-08-13 06:58:32.549256,24123,229,0.496
ICAO24_00031,WP009,69.053744,93.717509,2024-08-13 12:05:32.549256,13921,299,0.275
ICAO24_00042,WP008,52.744615,-89.590645,2024-08-13 17:16:32.549256,14780,481,0.559
ICAO24_00024,WP005,-69.270295,56.503761,2024-08-13 18:50:32.549256,19991,395,0.093
ICAO24_00022,WP001,-35.646962,143.047845,2024-08-13 09:07:32.549256,6209,270,0.56
ICAO24_00048,WP000,-84.632821,-38.478015,2024-08-13 07:18:32.549256,10491,306,0.645
ICAO24_00001,WP004,-20.25543,-120.320141,2024-08-13 07:44:32.549256,9125,519,0.824
ICAO24_00036,WP000,-84.632821,-38.478015,2024-08-12 18:09:32.549422,19985,600,0.945
ICAO24_00040,WP000,-84.632821,-38.478015,2024-08-12 19:09:32.549422,15809,226,0.77
ICAO24_00015,WP001,-35.646962,143.047845,2024-08-12 13:18:32.549422,17657,410,0.76
ICAO24_00025,WP002,-55.087878,-57.667012,2024-08-11 20:45:32.549422,26036,334,0.836
ICAO24_00016,WP005,-69.270295,56.503761,2024-08-12 00:07:32.549422,15165,308,0.987
ICAO24_00028,WP004,-20.25543,-120.320141,2024-08-12 17:21:32.549422,10895,431,0.606
ICAO24_00016,WP006,59.415864,-177.561983,2024-08-12 11:28:32.549422,14006,553,0.792
ICAO24_00026,WP007,-57.826286,-139.50474,2024-08-12 16:51:32.549422,11629,589,0.674
ICAO24_00001,WP007,-57.826286,-139.50474,2024-08-12 01:05:32.549422,15497,299,0.384
ICAO24_00025,WP007,-57.826286,-139.50474,2024-08-12 10:58:32.549422,14894,470,0.561
ICAO24_00045,WP000,-84.632821,-38.478015,2024-08-12 01:59:32.549422,38596,241,0.209
ICAO24_00013,WP006,59.415864,-177.561983,2024-08-12 03:34:32.549422,3986,336,0.922
ICAO24_00046,WP006,59.415864,-177.561983,2024-08-12 15:43:32.549422,17327,524,0.182
ICAO24_00048,WP009,69.053744,93.717509,2024-08-12 02:53:32.549422,16138,437,0.197
ICAO24_00028,WP006,59.415864,-177.561983,2024-08-12 05:27:32.549422,26990,406,0.294
ICAO24_00017,WP009,69.053744,93.717509,2024-08-12 05:25:32.549422,14306,214,0.696
ICAO24_00043,WP008,52.744615,-89.590645,2024-08-12 08:39:32.549422,9967,373,0.659
ICAO24_00015,WP009,69.053744,93.717509,2024-08-12 08:46:32.549422,25663,303,0.524
ICAO24_00021,WP001,-35.646962,143.047845,2024-08-11 10:08:32.549566,20939,356,0.333
ICAO24_00027,WP009,69.053744,93.717509,2024-08-11 05:05:32.549566,33517,480,0.293
ICAO24_00033,WP004,-20.25543,-120.320141,2024-08-11 06:28:32.549566,21383,434,0.933
ICAO24_00012,WP009,69.053744,93.717509,2024-08-10 23:27:32.549566,20473,415,0.556
ICAO24_00043,WP000,-84.632821,-38.478015,2024-08-11 01:39:32.549566,33544,324,0.332
ICAO24_00017,WP007,-57.826286,-139.50474,2024-08-11 17:05:32.549566,26172,544,0.097
ICAO24_00023,WP002,-55.087878,-57.667012,2024-08-11 07:38:32.549566,6722,311,0.425
ICAO24_00016,WP005,-69.270295,56.503761,2024-08-11 09:41:32.549566,33059,434,0.745
ICAO24_00041,WP002,-55.087878,-57.667012,2024-08-10 07:14:32.549631,11449,223,0.376
ICAO24_00015,WP001,-35.646962,143.047845,2024-08-10 18:41:32.549631,11748,324,0.505
ICAO24_00013,WP004,-20.25543,-120.320141,2024-08-10 04:51:32.549631,28439,234,0.952
ICAO24_00046,WP003,21.930152,112.390543,2024-08-09 22:00:32.549631,19080,510,0.678
ICAO24_00011,WP003,21.930152,112.390543,2024-08-10 17:04:32.549631,13310,388,0.699
ICAO24_00012,WP009,69.053744,93.717509,2024-08-10 18:40:32.549631,26386,293,0.927
ICAO24_00035,WP005,-69.270295,56.503761,2024-08-09 22:06:32.549631,7410,508,0.081
ICAO24_00042,WP007,-57.826286,-139.50474,2024-08-10 11:22:32.549631,38517,464,0.963
ICAO24_00000,WP002,-55.087878,-57.667012,2024-08-10 13:20:32.549631,10818,224,0.515
ICAO24_00040,WP001,-35.646962,143.047845,2024-08-10 08:42:32.549631,26911,521,0.934
ICAO24_00009,WP007,-57.826286,-139.50474,2024-08-10 18:02:32.549631,4734,598,0.059
ICAO24_00045,WP003,21.930152,112.390543,2024-08-09 22:24:32.549631,38520,393,0.545
ICAO24_00022,WP008,52.744615,-89.590645,2024-08-09 12:53:32.549718,3830,556,0.56
ICAO24_00047,WP006,59.415864,-177.561983,2024-08-09 11:32:32.549718,7773,327,0.675
ICAO24_00031,WP006,59.415864,-177.561983,2024-08-09 10:06:32.549718,14714,440,0.844
ICAO24_00003,WP009,69.053744,93.717509,2024-08-09 14:41:32.549718,39060,262,0.118
ICAO24_00037,WP004,-20.25543,-120.320141,2024-08-09 18:57:32.549718,5687,593,0.378
ICAO24_00038,WP004,-20.25543,-120.320141,2024-08-08 14:46:32.549754,9926,375,0.341
ICAO24_00035,WP007,-57.826286,-139.50474,2024-08-08 07:05:32.549754,34416,324,0.146
ICAO24_00042,WP008,52.744615,-89.590645,2024-08-08 18:00:32.549754,25792,230,0.125
ICAO24_00018,WP009,69.053744,93.717509,2024-08-08 06:35:32.549754,20646,415,0.951
ICAO24_00036,WP006,59.415864,-177.561983,2024-08-08 18:55:32.549754,30072,520,0.222
ICAO24_00049,WP007,-57.826286,-139.50474,2024-08-08 16:32:32.549754,6358,320,0.759
ICAO24_00023,WP002,-55.087878,-57.667012,2024-08-08 09:03:32.549754,39114,482,0.945
ICAO24_00031,WP004,-20.25543,-120.320141,2024-08-08 13:14:32.549754,36086,283,0.958
ICAO24_00011,WP008,52.744615,-89.590645,2024-08-07 01:43:32.549816,20732,442,0.068
ICAO24_00032,WP007,-57.826286,-139.50474,2024-08-07 01:25:32.549816,5427,512,0.86
ICAO24_00025,WP005,-69.270295,56.503761,2024-08-06 21:32:32.549816,39956,321,0.04
ICAO24_00045,WP007,-57.826286,-139.50474,2024-08-07 09:45:32.549816,23732,204,0.569
ICAO24_00046,WP009,69.053744,93.717509,2024-08-06 21:20:32.549816,18973,538,0.267
ICAO24_00033,WP008,52.744615,-89.590645,2024-08-07 02:13:32.549816,32950,441,0.302
ICAO24_00047,WP006,59.415864,-177.561983,2024-08-07 05:21:32.549816,6064,518,0.406
ICAO24_00007,WP003,21.930152,112.390543,2024-08-07 10:02:32.549816,10092,558,0.556
ICAO24_00032,WP007,-57.826286,-139.50474,2024-08-06 06:23:32.549919,3747,529,0.285
ICAO24_00039,WP004,-20.25543,-120.320141,2024-08-06 00:06:32.549919,16099,469,0.594
ICAO24_00049,WP007,-57.826286,-139.50474,2024-08-06 11:42:32.549919,18982,486,0.846
ICAO24_00003,WP001,-35.646962,143.047845,2024-08-05 20:39:32.549919,23555,473,0.584
ICAO24_00034,WP007,-57.826286,-139.50474,2024-08-06 15:25:32.549919,17213,309,0.96
ICAO24_00014,WP008,52.744615,-89.590645,2024-08-06 10:45:32.549919,7208,377,0.416
ICAO24_00037,WP005,-69.270295,56.503761,2024-08-06 11:54:32.549919,7133,236,0.485
ICAO24_00017,WP004,-20.25543,-120.320141,2024-08-06 13:36:32.549919,19484,520,0.919
ICAO24_00004,WP009,69.053744,93.717509,2024-08-06 18:01:32.549919,3369,355,0.083
ICAO24_00026,WP003,21.930152,112.390543,2024-08-06 05:47:32.549919,36289,584,0.684
ICAO24_00016,WP000,-84.632821,-38.478015,2024-08-05 22:17:32.549919,16218,462,0.267
ICAO24_00001,WP005,-69.270295,56.503761,2024-08-06 05:50:32.549919,19129,299,0.605
ICAO24_00033,WP007,-57.826286,-139.50474,2024-08-06 10:35:32.549919,5430,574,0.748
ICAO24_00026,WP005,-69.270295,56.503761,2024-08-04 21:11:32.550059,16629,384,0.283
ICAO24_00035,WP004,-20.25543,-120.320141,2024-08-04 23:38:32.550059,29425,552,0.839
ICAO24_00042,WP006,59.415864,-177.561983,2024-08-05 13:05:32.550059,25650,200,0.997
ICAO24_00013,WP003,21.930152,112.390543,2024-08-05 14:31:32.550059,32260,587,0.473
ICAO24_00000,WP005,-69.270295,56.503761,2024-08-05 11:48:32.550059,28815,600,0.585
ICAO24_00025,WP004,-20.25543,-120.320141,2024-08-05 18:17:32.550059,15793,535,0.598
ICAO24_00040,WP001,-35.646962,143.047845,2024-08-05 06:47:32.550059,25168,332,0.708
ICAO24_00004,WP007,-57.826286,-139.50474,2024-08-05 02:29:32.550059,30359,546,0.041
ICAO24_00048,WP002,-55.087878,-57.667012,2024-08-05 02:01:32.550059,3052,320,0.802
ICAO24_00025,WP002,-55.087878,-57.667012,2024-08-05 08:14:32.550059,5670,525,0.936
ICAO24_00003,WP005,-69.270295,56.503761,2024-08-05 11:23:32.550059,29285,322,0.974
ICAO24_00023,WP003,21.930152,112.390543,2024-08-05 15:08:32.550059,38164,232,0.192
ICAO24_00028,WP009,69.053744,93.717509,2024-08-04 23:20:32.550059,5424,481,0.84
ICAO24_00036,WP009,69.053744,93.717509,2024-08-05 03:21:32.550059,18486,250,0.643
ICAO24_00031,WP001,-35.646962,143.047845,2024-08-05 04:47:32.550059,24202,446,0.456
ICAO24_00017,WP003,21.930152,112.390543,2024-08-04 20:52:32.550059,19312,258,0.335
ICAO24_00010,WP001,-35.646962,143.047845,2024-08-03 23:58:32.550234,5867,383,0.571
ICAO24_00049,WP005,-69.270295,56.503761,2024-08-04 09:54:32.550234,38969,379,0.719
ICAO24_00039,WP005,-69.270295,56.503761,2024-08-04 16:17:32.550234,4229,380,0.641
ICAO24_00022,WP004,-20.25543,-120.320141,2024-08-04 18:54:32.550234,10105,490,0.409
ICAO24_00027,WP002,-55.087878,-57.667012,2024-08-04 17:11:32.550234,17335,244,0.162
ICAO24_00032,WP007,-57.826286,-139.50474,2024-08-04 06:55:32.550234,13369,397,0.528
ICAO24_00016,WP002,-55.087878,-57.667012,2024-08-04 05:34:32.550234,23701,334,0.995
ICAO24_00036,WP006,59.415864,-177.561983,2024-08-04 09:49:32.550234,3073,273,0.987
ICAO24_00020,WP006,59.415864,-177.561983,2024-08-04 19:52:32.550234,23789,589,0.808
ICAO24_00024,WP003,21.930152,112.390543,2024-08-04 10:15:32.550234,26892,487,0.36
ICAO24_00027,WP001,-35.646962,143.047845,2024-08-04 15:50:32.550234,5659,204,0.044
ICAO24_00011,WP003,21.930152,112.390543,2024-08-04 00:01:32.550234,38252,264,0.287
ICAO24_00036,WP003,21.930152,112.390543,2024-08-03 22:42:32.550234,38839,542,0.013
ICAO24_00023,WP000,-84.632821,-38.478015,2024-08-04 04:51:32.550234,5344,314,0.31
ICAO24_00048,WP007,-57.826286,-139.50474,2024-08-04 05:09:32.550234,19845,472,0.718
ICAO24_00017,WP001,-35.646962,143.047845,2024-08-04 01:23:32.550234,23820,273,0.801
ICAO24_00016,WP009,69.053744,93.717509,2024-08-04 17:23:32.550234,9679,433,0.673
ICAO24_00047,WP006,59.415864,-177.561983,2024-08-03 18:21:32.550426,32307,590,0.826
ICAO24_00035,WP001,-35.646962,143.047845,2024-08-03 18:41:32.550426,28004,200,0.05
ICAO24_00008,WP006,59.415864,-177.561983,2024-08-03 05:07:32.550426,3767,573,0.716
ICAO24_00045,WP009,69.053744,93.717509,2024-08-03 14:07:32.550426,11018,544,0.86
ICAO24_00034,WP009,69.053744,93.717509,2024-08-03 00:03:32.550426,32351,575,0.571
ICAO24_00004,WP008,52.744615,-89.590645,2024-08-02 21:25:32.550426,8329,566,0.693
ICAO24_00003,WP008,52.744615,-89.590645,2024-08-03 13:05:32.550426,31940,333,0.46
ICAO24_00028,WP001,-35.646962,143.047845,2024-08-03 06:47:32.550426,13314,479,0.451
ICAO24_00029,WP002,-55.087878,-57.667012,2024-08-03 02:45:32.550426,7915,288,0.321
ICAO24_00031,WP000,-84.632821,-38.478015,2024-08-02 22:43:32.550426,38394,341,0.024
ICAO24_00015,WP004,-20.25543,-120.320141,2024-08-03 03:14:32.550426,24391,533,0.847
ICAO24_00040,WP000,-84.632821,-38.478015,2024-08-03 09:26:32.550426,19092,549,0.693
ICAO24_00021,WP002,-55.087878,-57.667012,2024-08-03 13:15:32.550426,18397,558,0.483
ICAO24_00041,WP006,59.415864,-177.561983,2024-08-03 06:19:32.550426,21842,580,0.933
ICAO24_00027,WP001,-35.646962,143.047845,2024-08-03 05:45:32.550426,17130,425,0.912
ICAO24_00028,WP003,21.930152,112.390543,2024-08-03 07:54:32.550426,37345,361,0.108
ICAO24_00006,WP004,-20.25543,-120.320141,2024-08-03 02:08:32.550426,32473,234,0.32
ICAO24_00021,WP001,-35.646962,143.047845,2024-08-03 00:55:32.550426,4157,300,0.411
ICAO24_00027,WP005,-69.270295,56.503761,2024-08-03 07:11:32.550426,10690,234,0.226
ICAO24_00035,WP009,69.053744,93.717509,2024-08-02 04:56:32.550634,12389,528,0.174
ICAO24_00021,WP004,-20.25543,-120.320141,2024-08-02 09:46:32.550634,39555,459,0.998
ICAO24_00029,WP003,21.930152,112.390543,2024-08-01 22:43:32.550634,19972,314,0.144
ICAO24_00023,WP004,-20.25543,-120.320141,2024-08-02 19:10:32.550634,29616,233,0.679
ICAO24_00032,WP007,-57.826286,-139.50474,2024-08-02 02:57:32.550634,24161,417,0.042
ICAO24_00034,WP009,69.053744,93.717509,2024-08-02 02:36:32.550634,31019,473,0.298
ICAO24_00007,WP003,21.930152,112.390543,2024-08-02 05:01:32.550634,12326,209,0.956
ICAO24_00029,WP001,-35.646962,143.047845,2024-08-02 19:31:32.550634,3498,545,0.317
ICAO24_00014,WP008,52.744615,-89.590645,2024-08-02 05:10:32.550634,10515,433,0.165
ICAO24_00040,WP009,69.053744,93.717509,2024-08-02 18:09:32.550634,36026,307,0.306
ICAO24_00029,WP007,-57.826286,-139.50474,2024-07-31 21:48:32.550770,10113,472,0.409
ICAO24_00015,WP001,-35.646962,143.047845,2024-08-01 13:58:32.550770,9171,422,0.803
ICAO24_00033,WP007,-57.826286,-139.50474,2024-08-01 09:12:32.550770,8349,268,0.124
ICAO24_00035,WP004,-20.25543,-120.320141,2024-08-01 12:30:32.550770,15329,378,0.381
ICAO24_00003,WP004,-20.25543,-120.320141,2024-08-01 17:41:32.550770,20923,292,0.597
ICAO24_00009,WP009,69.053744,93.717509,2024-08-01 00:26:32.550770,38293,433,0.725
ICAO24_00016,WP004,-20.25543,-120.320141,2024-08-01 17:53:32.550770,17410,449,0.537
ICAO24_00015,WP002,-55.087878,-57.667012,2024-08-01 14:22:32.550770,28879,399,0.408
ICAO24_00032,WP000,-84.632821,-38.478015,2024-08-01 15:40:32.550770,31132,243,0.666
ICAO24_00027,WP003,21.930152,112.390543,2024-08-01 12:23:32.550770,37968,300,0.311
ICAO24_00016,WP004,-20.25543,-120.320141,2024-08-01 19:31:32.550770,11900,263,0.297
ICAO24_00042,WP005,-69.270295,56.503761,2024-08-01 05:42:32.550770,10008,440,0.77
ICAO24_00039,WP009,69.053744,93.717509,2024-08-01 09:53:32.550770,19823,562,0.622
ICAO24_00036,WP007,-57.826286,-139.50474,2024-08-01 07:40:32.550770,17699,385,0.895
ICAO24_00030,WP005,-69.270295,56.503761,2024-08-01 13:52:32.550770,7420,367,0.055
ICAO24_00011,WP002,-55.087878,-57.667012,2024-08-01 10:34:32.550770,4120,455,0.22
ICAO24_00046,WP009,69.053744,93.717509,2024-08-01 14:53:32.550770,37828,395,0.615
ICAO24_00024,WP008,52.744615,-89.590645,2024-08-01 09:14:32.550770,4089,251,0.679
ICAO24_00040,WP003,21.930152,112.390543,2024-08-01 06:14:32.550770,38670,295,0.892
ICAO24_00011,WP005,-69.270295,56.503761,2024-08-01 03:23:32.550770,27874,571,0.58
ICAO24_00039,WP000,-84.632821,-38.478015,2024-07-31 02:47:32.550995,13475,317,0.024
ICAO24_00048,WP005,-69.270295,56.503761,2024-07-31 07:40:32.550995,10027,526,0.842
ICAO24_00020,WP006,59.415864,-177.561983,2024-07-31 18:15:32.550995,32768,208,0.268
ICAO24_00042,WP002,-55.087878,-57.667012,2024-07-31 06:38:32.550995,8001,311,0.245
ICAO24_00007,WP002,-55.087878,-57.667012,2024-07-31 12:03:32.550995,22528,421,0.87
ICAO24_00045,WP008,52.744615,-89.590645,2024-07-30 23:33:32.550995,16615,455,0.346
ICAO24_00016,WP009,69.053744,93.717509,2024-07-31 17:30:32.550995,33039,455,0.841
ICAO24_00006,WP003,21.930152,112.390543,2024-07-31 11:49:32.550995,5198,284,0.097
ICAO24_00044,WP002,-55.087878,-57.667012,2024-07-31 00:58:32.550995,36112,451,0.319
ICAO24_00003,WP004,-20.25543,-120.320141,2024-07-31 07:48:32.550995,19243,257,0.967
ICAO24_00047,WP005,-69.270295,56.503761,2024-07-30 20:02:32.550995,39319,556,0.373
ICAO24_00022,WP004,-20.25543,-120.320141,2024-07-31 09:15:32.550995,28013,434,0.516
ICAO24_00048,WP007,-57.826286,-139.50474,2024-07-30 17:04:32.551130,13672,295,0.156
ICAO24_00015,WP002,-55.087878,-57.667012,2024-07-30 10:48:32.551130,12482,334,0.393
ICAO24_00000,WP006,59.415864,-177.561983,2024-07-30 00:08:32.551130,14116,563,0.555
ICAO24_00015,WP008,52.744615,-89.590645,2024-07-30 14:59:32.551130,27726,574,0.619
ICAO24_00005,WP008,52.744615,-89.590645,2024-07-30 02:04:32.551130,30322,201,0.074
ICAO24_00040,WP004,-20.25543,-120.320141,2024-07-30 03:47:32.551130,25901,415,0.083
ICAO24_00001,WP001,-35.646962,143.047845,2024-07-30 02:29:32.551130,31464,499,0.228
ICAO24_00049,WP005,-69.270295,56.503761,2024-07-29 19:55:32.551130,36802,329,0.543
ICAO24_00022,WP001,-35.646962,143.047845,2024-07-30 10:28:32.551130,32464,420,0.196
ICAO24_00010,WP007,-57.826286,-139.50474,2024-07-30 07:07:32.551130,18732,600,0.821
ICAO24_00022,WP007,-57.826286,-139.50474,2024-07-30 06:07:32.551130,34286,536,0.384
ICAO24_00019,WP000,-84.632821,-38.478015,2024-07-30 08:21:32.551130,36405,506,0.978
ICAO24_00044,WP005,-69.270295,56.503761,2024-07-29 23:09:32.551130,32982,458,0.995
ICAO24_00048,WP007,-57.826286,-139.50474,2024-07-30 13:10:32.551130,8583,554,0.499
ICAO24_00009,WP006,59.415864,-177.561983,2024-07-30 17:05:32.551130,31224,377,0.929
ICAO24_00032,WP009,69.053744,93.717509,2024-07-30 09:19:32.551130,38007,362,0.873
ICAO24_00043,WP004,-20.25543,-120.320141,2024-07-30 10:34:32.551130,30277,577,0.016
ICAO24_00028,WP004,-20.25543,-120.320141,2024-07-30 07:05:32.551130,11400,512,0.215
ICAO24_00016,WP002,-55.087878,-57.667012,2024-07-29 00:25:32.551326,17934,483,0.706
ICAO24_00034,WP004,-20.25543,-120.320141,2024-07-29 08:02:32.551326,29685,341,0.048
ICAO24_00017,WP004,-20.25543,-120.320141,2024-07-29 06:30:32.551326,17582,323,0.68
ICAO24_00017,WP000,-84.632821,-38.478015,2024-07-29 12:33:32.551326,35222,516,0.051
ICAO24_00001,WP006,59.415864,-177.561983,2024-07-29 09:38:32.551326,12328,554,0.483
ICAO24_00036,WP009,69.053744,93.717509,2024-07-29 11:27:32.551326,38086,426,0.343
ICAO24_00021,WP005,-69.270295,56.503761,2024-07-28 22:20:32.551326,19606,222,0.543
ICAO24_00024,WP005,-69.270295,56.503761,2024-07-28 20:01:32.551326,19496,335,0.197
ICAO24_00029,WP008,52.744615,-89.590645,2024-07-29 05:30:32.551326,11250,419,0.287
ICAO24_00029,WP001,-35.646962,143.047845,2024-07-29 16:15:32.551326,31246,225,0.497
ICAO24_00007,WP007,-57.826286,-139.50474,2024-07-29 13:48:32.551326,5997,518,0.617
ICAO24_00027,WP008,52.744615,-89.590645,2024-07-29 16:04:32.551326,11484,204,0.274
ICAO24_00028,WP007,-57.826286,-139.50474,2024-07-28 20:43:32.551326,12138,273,0.77
ICAO24_00035,WP007,-57.826286,-139.50474,2024-07-29 16:32:32.551326,25115,223,0.068
ICAO24_00019,WP000,-84.632821,-38.478015,2024-07-28 21:44:32.551326,27074,597,0.339
ICAO24_00041,WP008,52.744615,-89.590645,2024-07-29 12:14:32.551326,32837,269,0.492
ICAO24_00010,WP001,-35.646962,143.047845,2024-07-29 04:27:32.551326,3301,282,0.23
ICAO24_00009,WP007,-57.826286,-139.50474,2024-07-29 09:10:32.551326,28914,345,0.094
ICAO24_00039,WP005,-69.270295,56.503761,2024-07-29 14:45:32.551326,9896,333,0.105
ICAO24_00011,WP006,59.415864,-177.561983,2024-07-29 19:19:32.551326,20834,314,0.544
ICAO24_00045,WP001,-35.646962,143.047845,2024-07-28 06:49:32.551551,6853,475,0.078
ICAO24_00015,WP009,69.053744,93.717509,2024-07-28 00:00:32.551551,10329,236,0.36
ICAO24_00009,WP001,-35.646962,143.047845,2024-07-28 12:48:32.551551,26279,302,0.982
ICAO24_00000,WP005,-69.270295,56.503761,2024-07-28 03:14:32.551551,37413,595,0.558
ICAO24_00021,WP007,-57.826286,-139.50474,2024-07-28 12:47:32.551551,29997,389,0.817
ICAO24_00030,WP006,59.415864,-177.561983,2024-07-28 19:18:32.551551,11047,350,0.712
ICAO24_00031,WP002,-55.087878,-57.667012,2024-07-27 00:34:32.551665,4049,437,0.084
ICAO24_00006,WP003,21.930152,112.390543,2024-07-26 22:39:32.551665,18990,558,0.157
ICAO24_00047,WP002,-55.087878,-57.667012,2024-07-27 04:32:32.551665,23816,441,0.65
ICAO24_00011,WP005,-69.270295,56.503761,2024-07-27 04:00:32.551665,11784,207,0.845
ICAO24_00013,WP007,-57.826286,-139.50474,2024-07-27 12:42:32.551665,29334,215,0.581
ICAO24_00020,WP009,69.053744,93.717509,2024-07-27 15:03:32.551665,7142,516,0.211
ICAO24_00025,WP003,21.930152,112.390543,2024-07-27 01:41:32.551665,10199,326,0.261
ICAO24_00022,WP002,-55.087878,-57.667012,2024-07-27 11:36:32.551665,7070,256,0.68
ICAO24_00015,WP003,21.930152,112.390543,2024-07-26 22:28:32.551665,23694,339,0.937
ICAO24_00035,WP006,59.415864,-177.561983,2024-07-27 00:59:32.551665,39963,226,0.828
ICAO24_00005,WP003,21.930152,112.390543,2024-07-27 04:46:32.551665,18575,455,0.502
ICAO24_00007,WP006,59.415864,-177.561983,2024-07-27 15:29:32.551665,20335,264,0.687
ICAO24_00027,WP001,-35.646962,143.047845,2024-07-26 23:22:32.551665,36799,562,0.741
ICAO24_00028,WP003,21.930152,112.390543,2024-07-27 09:56:32.551665,39271,489,0.924
ICAO24_00006,WP006,59.415864,-177.561983,2024-07-27 19:41:32.551665,21196,358,0.061
ICAO24_00013,WP006,59.415864,-177.561983,2024-07-26 20:58:32.551665,20846,524,0.396
ICAO24_00002,WP008,52.744615,-89.590645,2024-07-26 22:35:32.551665,13238,418,0.155
ICAO24_00007,WP007,-57.826286,-139.50474,2024-07-27 06:26:32.551665,35873,427,0.181
ICAO24_00046,WP002,-55.087878,-57.667012,2024-07-27 14:16:32.551665,7452,531,0.818
ICAO24_00027,WP006,59.415864,-177.561983,2024-07-27 13:31:32.551665,34949,404,0.781
ICAO24_00008,WP008,52.744615,-89.590645,2024-07-26 06:07:32.551913,11398,456,0.299
ICAO24_00038,WP003,21.930152,112.390543,2024-07-25 20:20:32.551913,15191,563,0.203
ICAO24_00046,WP002,-55.087878,-57.667012,2024-07-26 18:46:32.551913,28883,283,0.442
ICAO24_00005,WP000,-84.632821,-38.478015,2024-07-26 14:02:32.551913,7114,288,0.955
ICAO24_00033,WP009,69.053744,93.717509,2024-07-26 16:47:32.551913,25996,390,0.685
ICAO24_00001,WP005,-69.270295,56.503761,2024-07-26 19:18:32.551913,19445,390,0.045
ICAO24_00025,WP003,21.930152,112.390543,2024-07-26 06:01:32.551913,6392,334,0.753
ICAO24_00039,WP002,-55.087878,-57.667012,2024-07-26 13:26:32.551913,32290,548,0.623
ICAO24_00026,WP002,-55.087878,-57.667012,2024-07-26 13:50:32.551913,3792,424,0.833
ICAO24_00041,WP006,59.415864,-177.561983,2024-07-25 22:38:32.551913,31909,442,0.417
ICAO24_00003,WP006,59.415864,-177.561983,2024-07-26 00:33:32.551913,33992,435,0.501
ICAO24_00014,WP001,-35.646962,143.047845,2024-07-26 14:52:32.551913,35181,545,0.232
ICAO24_00048,WP004,-20.25543,-120.320141,2024-07-26 02:17:32.551913,37281,450,0.954
ICAO24_00046,WP000,-84.632821,-38.478015,2024-07-25 08:33:32.552055,9805,427,0.046
ICAO24_00024,WP001,-35.646962,143.047845,2024-07-25 01:58:32.552055,13499,467,0.468
ICAO24_00002,WP007,-57.826286,-139.50474,2024-07-25 11:17:32.552055,20702,538,0.764
ICAO24_00011,WP008,52.744615,-89.590645,2024-07-25 04:03:32.552055,6422,425,0.219
ICAO24_00000,WP005,-69.270295,56.503761,2024-07-25 11:30:32.552055,39639,552,0.299
ICAO24_00031,WP002,-55.087878,-57.667012,2024-07-25 12:14:32.552055,16624,408,0.704
ICAO24_00043,WP008,52.744615,-89.590645,2024-07-25 19:08:32.552055,16124,592,0.139
ICAO24_00033,WP006,59.415864,-177.561983,2024-07-25 10:23:32.552055,25313,304,0.217
ICAO24_00004,WP007,-57.826286,-139.50474,2024-07-25 00:02:32.552055,11600,565,0.835
ICAO24_00013,WP006,59.415864,-177.561983,2024-07-25 19:08:32.552055,15033,565,0.594
ICAO24_00021,WP007,-57.826286,-139.50474,2024-07-25 02:25:32.552055,16654,582,0.188
ICAO24_00045,WP006,59.415864,-177.561983,2024-07-25 00:20:32.552055,38852,400,0.98
ICAO24_00035,WP005,-69.270295,56.503761,2024-07-25 07:47:32.552055,3804,222,0.566
ICAO24_00010,WP003,21.930152,112.390543,2024-07-25 05:34:32.552055,24528,514,0.673
ICAO24_00011,WP000,-84.632821,-38.478015,2024-07-25 00:08:32.552055,30957,430,0.413
ICAO24_00030,WP002,-55.087878,-57.667012,2024-07-25 00:41:32.552055,4002,289,0.999
ICAO24_00016,WP003,21.930152,112.390543,2024-07-25 02:15:32.552055,18976,486,0.815
ICAO24_00015,WP006,59.415864,-177.561983,2024-07-24 22:43:32.552055,33756,505,0.309
ICAO24_00047,WP005,-69.270295,56.503761,2024-07-24 18:05:32.552276,11471,451,0.915
ICAO24_00033,WP002,-55.087878,-57.667012,2024-07-24 11:00:32.552276,22312,279,0.073
ICAO24_00049,WP002,-55.087878,-57.667012,2024-07-24 14:22:32.552276,37772,288,0.629
ICAO24_00012,WP009,69.053744,93.717509,2024-07-24 10:19:32.552276,15170,404,0.796
ICAO24_00037,WP001,-35.646962,143.047845,2024-07-24 14:33:32.552276,13683,275,0.526
ICAO24_00017,WP001,-35.646962,143.047845,2024-07-23 13:26:32.552328,4715,418,0.998
ICAO24_00016,WP007,-57.826286,-139.50474,2024-07-22 23:33:32.552328,17114,268,0.548
ICAO24_00000,WP008,52.744615,-89.590645,2024-07-22 22:09:32.552328,21064,277,0.878
ICAO24_00033,WP005,-69.270295,56.503761,2024-07-23 17:03:32.552328,37886,389,0.502
ICAO24_00013,WP009,69.053744,93.717509,2024-07-23 05:25:32.552328,31494,214,0.042
ICAO24_00049,WP005,-69.270295,56.503761,2024-07-23 05:32:32.552328,10394,558,0.102
ICAO24_00040,WP000,-84.632821,-38.478015,2024-07-23 12:15:32.552328,33822,473,0.996
ICAO24_00038,WP002,-55.087878,-57.667012,2024-07-22 21:31:32.552328,15720,541,0.119
ICAO24_00008,WP004,-20.25543,-120.320141,2024-07-23 07:59:32.552328,21247,375,0.175
ICAO24_00016,WP002,-55.087878,-57.667012,2024-07-23 16:46:32.552328,19881,368,0.814
ICAO24_00021,WP006,59.415864,-177.561983,2024-07-23 10:04:32.552328,18549,294,0.567
ICAO24_00017,WP003,21.930152,112.390543,2024-07-23 17:12:32.552328,35821,392,0.059
ICAO24_00036,WP003,21.930152,112.390543,2024-07-23 03:16:32.552328,12933,472,0.3
ICAO24_00025,WP005,-69.270295,56.503761,2024-07-22 22:29:32.552328,14370,450,0.242
ICAO24_00029,WP009,69.053744,93.717509,2024-07-22 06:59:32.552465,6427,438,0.994
ICAO24_00019,WP008,52.744615,-89.590645,2024-07-22 14:22:32.552465,27227,527,0.364
ICAO24_00034,WP003,21.930152,112.390543,2024-07-21 22:08:32.552465,39318,259,0.462
ICAO24_00049,WP003,21.930152,112.390543,2024-07-21 22:27:32.552465,35362,521,0.788
ICAO24_00017,WP000,-84.632821,-38.478015,2024-07-21 20:58:32.552465,17950,286,0.845
ICAO24_00013,WP005,-69.270295,56.503761,2024-07-22 05:48:32.552465,13630,405,0.528
ICAO24_00016,WP000,-84.632821,-38.478015,2024-07-22 09:22:32.552465,3739,437,0.315
ICAO24_00039,WP007,-57.826286,-139.50474,2024-07-22 16:40:32.552465,12264,372,0.879
ICAO24_00009,WP009,69.053744,93.717509,2024-07-22 08:46:32.552465,16375,360,0.944
ICAO24_00044,WP002,-55.087878,-57.667012,2024-07-22 14:49:32.552465,13792,371,0.421
ICAO24_00036,WP009,69.053744,93.717509,2024-07-22 18:49:32.552465,22959,536,0.611
ICAO24_00038,WP003,21.930152,112.390543,2024-07-22 19:46:32.552465,24306,436,0.661
ICAO24_00035,WP008,52.744615,-89.590645,2024-07-22 02:56:32.552465,17563,236,0.717
ICAO24_00038,WP006,59.415864,-177.561983,2024-07-22 03:19:32.552465,29605,447,0.544
ICAO24_00045,WP007,-57.826286,-139.50474,2024-07-22 15:45:32.552465,12208,241,0.087
ICAO24_00031,WP000,-84.632821,-38.478015,2024-07-22 00:32:32.552465,31712,234,0.969
ICAO24_00005,WP002,-55.087878,-57.667012,2024-07-22 16:48:32.552465,39285,454,0.981
ICAO24_00021,WP004,-20.25543,-120.320141,2024-07-22 09:18:32.552465,26631,426,0.974
ICAO24_00042,WP000,-84.632821,-38.478015,2024-07-22 18:20:32.552465,38480,393,0.323
ICAO24_00015,WP003,21.930152,112.390543,2024-07-22 04:55:32.552465,32914,329,0.298
ICAO24_00012,WP000,-84.632821,-38.478015,2024-07-21 02:05:32.552726,23710,267,0.626
ICAO24_00027,WP001,-35.646962,143.047845,2024-07-20 21:03:32.552726,28549,458,0.933
ICAO24_00001,WP001,-35.646962,143.047845,2024-07-21 09:45:32.552726,16926,277,0.203
ICAO24_00008,WP002,-55.087878,-57.667012,2024-07-21 12:01:32.552726,11978,589,0.671
ICAO24_00023,WP009,69.053744,93.717509,2024-07-21 09:47:32.552726,18242,461,0.023
ICAO24_00036,WP005,-69.270295,56.503761,2024-07-21 05:32:32.552726,30295,570,0.035
ICAO24_00018,WP008,52.744615,-89.590645,2024-07-21 03:25:32.552726,33852,421,0.626
ICAO24_00030,WP002,-55.087878,-57.667012,2024-07-21 10:41:32.552726,9870,359,0.615
ICAO24_00017,WP005,-69.270295,56.503761,2024-07-21 19:10:32.552726,17793,376,0.539
ICAO24_00021,WP006,59.415864,-177.561983,2024-07-21 12:05:32.552726,24731,489,0.08
ICAO24_00027,WP006,59.415864,-177.561983,2024-07-21 07:33:32.552726,11732,227,0.827
ICAO24_00019,WP007,-57.826286,-139.50474,2024-07-20 03:09:32.552885,5747,220,0.329
ICAO24_00001,WP005,-69.270295,56.503761,2024-07-20 11:42:32.552885,26684,489,0.745
ICAO24_00014,WP004,-20.25543,-120.320141,2024-07-20 14:15:32.552885,36181,239,0.799
ICAO24_00001,WP003,21.930152,112.390543,2024-07-20 19:44:32.552885,13517,219,0.123
ICAO24_00029,WP006,59.415864,-177.561983,2024-07-20 07:33:32.552885,9439,270,0.922
ICAO24_00043,WP005,-69.270295,56.503761,2024-07-20 01:32:32.552885,28560,279,0.959
ICAO24_00044,WP002,-55.087878,-57.667012,2024-07-20 18:48:32.552885,28976,355,0.528
ICAO24_00008,WP002,-55.087878,-57.667012,2024-07-20 06:51:32.552885,32318,332,0.481
ICAO24_00040,WP009,69.053744,93.717509,2024-07-20 09:51:32.552885,36879,361,0.939
ICAO24_00017,WP000,-84.632821,-38.478015,2024-07-19 20:56:32.552885,15288,508,0.202
ICAO24_00034,WP006,59.415864,-177.561983,2024-07-20 06:40:32.552885,15782,457,0.844
ICAO24_00006,WP003,21.930152,112.390543,2024-07-20 12:53:32.552885,8914,203,0.114
ICAO24_00018,WP003,21.930152,112.390543,2024-07-20 16:54:32.552885,22810,316,0.32
ICAO24_00007,WP008,52.744615,-89.590645,2024-07-20 06:51:32.552885,31381,398,0.19
ICAO24_00014,WP001,-35.646962,143.047845,2024-07-20 06:25:32.552885,28679,284,0.889
ICAO24_00018,WP005,-69.270295,56.503761,2024-07-20 04:35:32.552885,13413,532,0.661
ICAO24_00014,WP006,59.415864,-177.561983,2024-07-19 21:35:32.552885,14917,583,0.539
ICAO24_00004,WP007,-57.826286,-139.50474,2024-07-19 21:28:32.552885,37942,370,0.071
ICAO24_00017,WP002,-55.087878,-57.667012,2024-07-20 13:48:32.552885,26787,470,0.074
ICAO24_00024,WP005,-69.270295,56.503761,2024-07-19 23:17:32.552885,28532,294,0.315
ICAO24_00048,WP003,21.930152,112.390543,2024-07-19 01:23:32.553052,12307,374,0.149
ICAO24_00011,WP007,-57.826286,-139.50474,2024-07-19 01:55:32.553052,15744,219,0.969
ICAO24_00016,WP009,69.053744,93.717509,2024-07-18 22:32:32.553052,8051,245,0.458
ICAO24_00044,WP005,-69.270295,56.503761,2024-07-18 22:44:32.553052,11018,223,0.57
ICAO24_00035,WP003,21.930152,112.390543,2024-07-19 00:38:32.553052,4851,523,0.77
ICAO24_00031,WP000,-84.632821,-38.478015,2024-07-19 13:52:32.553052,38412,464,0.222
ICAO24_00010,WP000,-84.632821,-38.478015,2024-07-19 01:45:32.553052,27377,497,0.525
ICAO24_00048,WP001,-35.646962,143.047845,2024-07-19 12:44:32.553052,10356,384,0.238
ICAO24_00035,WP006,59.415864,-177.561983,2024-07-19 03:10:32.553052,26562,351,0.36
ICAO24_00033,WP007,-57.826286,-139.50474,2024-07-19 11:20:32.553052,11558,462,0.438
ICAO24_00012,WP008,52.744615,-89.590645,2024-07-19 02:44:32.553052,4878,408,0.428
ICAO24_00001,WP004,-20.25543,-120.320141,2024-07-19 10:19:32.553052,26841,379,0.528
ICAO24_00018,WP002,-55.087878,-57.667012,2024-07-19 05:40:32.553052,17036,582,0.43
ICAO24_00026,WP002,-55.087878,-57.667012,2024-07-19 12:38:32.553052,39480,385,0.285
ICAO24_00001,WP009,69.053744,93.717509,2024-07-19 13:14:32.553052,30759,237,0.679
ICAO24_00032,WP007,-57.826286,-139.50474,2024-07-18 20:06:32.553052,14403,402,0.337
ICAO24_00048,WP005,-69.270295,56.503761,2024-07-18 21:49:32.553052,7853,268,0.841
ICAO24_00049,WP006,59.415864,-177.561983,2024-07-19 17:18:32.553052,27530,573,0.481
ICAO24_00029,WP005,-69.270295,56.503761,2024-07-19 18:14:32.553052,29800,518,0.19
ICAO24_00012,WP004,-20.25543,-120.320141,2024-07-18 11:28:32.553229,9530,508,0.982
ICAO24_00040,WP003,21.930152,112.390543,2024-07-18 11:06:32.553229,3230,233,0.104
ICAO24_00016,WP008,52.744615,-89.590645,2024-07-18 02:45:32.553229,10321,323,0.291
ICAO24_00012,WP006,59.415864,-177.561983,2024-07-18 17:34:32.553229,34022,322,0.461
ICAO24_00024,WP004,-20.25543,-120.320141,2024-07-17 22:44:32.553229,21647,204,0.29
ICAO24_00012,WP001,-35.646962,143.047845,2024-07-18 19:44:32.553229,16498,467,0.95
ICAO24_00018,WP002,-55.087878,-57.667012,2024-07-18 18:39:32.553229,11954,459,0.887
ICAO24_00031,WP003,21.930152,112.390543,2024-07-18 08:18:32.553229,7891,278,0.812
ICAO24_00016,WP000,-84.632821,-38.478015,2024-07-18 09:07:32.553229,11138,483,0.129
ICAO24_00026,WP002,-55.087878,-57.667012,2024-07-18 11:03:32.553229,35238,459,0.358
ICAO24_00027,WP007,-57.826286,-139.50474,2024-07-18 13:04:32.553229,13052,535,0.852
ICAO24_00016,WP000,-84.632821,-38.478015,2024-07-17 23:52:32.553229,21998,367,0.822
ICAO24_00048,WP005,-69.270295,56.503761,2024-07-18 05:46:32.553229,32401,483,0.461
ICAO24_00004,WP007,-57.826286,-139.50474,2024-07-18 03:21:32.553229,37521,475,0.439
ICAO24_00031,WP001,-35.646962,143.047845,2024-07-18 12:48:32.553229,21820,458,0.281
ICAO24_00046,WP008,52.744615,-89.590645,2024-07-17 16:39:32.553354,3810,293,0.378
ICAO24_00037,WP001,-35.646962,143.047845,2024-07-17 08:29:32.553354,29302,249,0.379
ICAO24_00030,WP004,-20.25543,-120.320141,2024-07-16 21:37:32.553354,31259,417,0.212
ICAO24_00049,WP008,52.744615,-89.590645,2024-07-17 07:13:32.553354,25581,421,0.001
ICAO24_00010,WP008,52.744615,-89.590645,2024-07-17 12:55:32.553354,37695,223,0.705
ICAO24_00030,WP000,-84.632821,-38.478015,2024-07-17 02:59:32.553354,27056,392,0.185
ICAO24_00017,WP002,-55.087878,-57.667012,2024-07-17 17:40:32.553354,23127,326,0.939
ICAO24_00026,WP000,-84.632821,-38.478015,2024-07-16 16:42:32.553421,24522,346,0.736
ICAO24_00034,WP006,59.415864,-177.561983,2024-07-16 09:07:32.553421,16947,515,0.295
ICAO24_00018,WP001,-35.646962,143.047845,2024-07-16 14:49:32.553421,4202,279,0.682
ICAO24_00049,WP006,59.415864,-177.561983,2024-07-16 06:02:32.553421,39718,369,0.51
ICAO24_00011,WP000,-84.632821,-38.478015,2024-07-16 18:19:32.553421,29073,441,0.749
ICAO24_00020,WP009,69.053744,93.717509,2024-07-16 02:30:32.553421,5499,240,0.94
ICAO24_00048,WP003,21.930152,112.390543,2024-07-16 00:16:32.553421,16991,585,0.211
ICAO24_00006,WP005,-69.270295,56.503761,2024-07-15 20:09:32.553421,9561,525,0.16
ICAO24_00003,WP004,-20.25543,-120.320141,2024-07-16 09:22:32.553421,13216,395,0.56
ICAO24_00046,WP005,-69.270295,56.503761,2024-07-16 06:01:32.553421,34040,325,0.579
ICAO24_00031,WP001,-35.646962,143.047845,2024-07-15 23:36:32.553421,10664,536,0.708
ICAO24_00006,WP001,-35.646962,143.047845,2024-07-16 08:22:32.553421,23983,445,0.186
ICAO24_00027,WP001,-35.646962,143.047845,2024-07-16 00:00:32.553421,38423,431,0.141
ICAO24_00028,WP007,-57.826286,-139.50474,2024-07-15 09:36:32.553519,17272,563,0.023
ICAO24_00019,WP002,-55.087878,-57.667012,2024-07-15 13:49:32.553519,3869,305,0.957
ICAO24_00041,WP000,-84.632821,-38.478015,2024-07-14 20:31:32.553519,5592,332,0.334
ICAO24_00012,WP005,-69.270295,56.503761,2024-07-15 04:17:32.553519,4661,423,0.957
ICAO24_00018,WP008,52.744615,-89.590645,2024-07-15 17:02:32.553519,20579,560,0.987
ICAO24_00033,WP003,21.930152,112.390543,2024-07-15 09:07:32.553519,29032,201,0.6
ICAO24_00024,WP006,59.415864,-177.561983,2024-07-15 12:18:32.553519,25338,233,0.293
ICAO24_00009,WP008,52.744615,-89.590645,2024-07-15 17:19:32.553519,3928,299,0.452
ICAO24_00036,WP005,-69.270295,56.503761,2024-07-15 12:56:32.553519,6384,360,0.096
ICAO24_00007,WP004,-20.25543,-120.320141,2024-07-15 08:52:32.553519,34626,256,0.778
ICAO24_00039,WP009,69.053744,93.717509,2024-07-13 23:48:32.553635,7018,559,0.952
ICAO24_00037,WP005,-69.270295,56.503761,2024-07-14 12:37:32.553635,7888,397,0.332
ICAO24_00044,WP004,-20.25543,-120.320141,2024-07-14 12:22:32.553635,12165,449,0.209
ICAO24_00018,WP003,21.930152,112.390543,2024-07-13 23:01:32.553635,13099,304,0.804
ICAO24_00017,WP009,69.053744,93.717509,2024-07-14 03:38:32.553635,13735,392,0.574
ICAO24_00026,WP003,21.930152,112.390543,2024-07-14 12:24:32.553635,16243,256,0.312
ICAO24_00047,WP002,-55.087878,-57.667012,2024-07-13 21:01:32.553635,36649,545,0.358
ICAO24_00020,WP007,-57.826286,-139.50474,2024-07-14 12:26:32.553635,30145,346,0.553
ICAO24_00015,WP008,52.744615,-89.590645,2024-07-14 06:51:32.553635,7587,388,0.07
ICAO24_00024,WP000,-84.632821,-38.478015,2024-07-14 09:34:32.553635,4188,533,0.362
ICAO24_00010,WP004,-20.25543,-120.320141,2024-07-13 21:23:32.553635,6176,560,0.073
ICAO24_00043,WP000,-84.632821,-38.478015,2024-07-14 13:38:32.553635,5326,561,0.845
ICAO24_00019,WP008,52.744615,-89.590645,2024-07-13 16:52:32.553754,28101,482,0.172
ICAO24_00002,WP008,52.744615,-89.590645,2024-07-13 16:00:32.553754,8622,554,0.341
ICAO24_00031,WP000,-84.632821,-38.478015,2024-07-12 21:08:32.553754,12640,362,0.787
ICAO24_00025,WP002,-55.087878,-57.667012,2024-07-13 13:33:32.553754,30230,283,0.34
ICAO24_00018,WP006,59.415864,-177.561983,2024-07-13 08:46:32.553754,26661,290,0.687
ICAO24_00013,WP008,52.744615,-89.590645,2024-07-12 18:00:32.553797,14897,374,0.922
ICAO24_00002,WP004,-20.25543,-120.320141,2024-07-11 23:58:32.553797,6254,205,0.881
ICAO24_00003,WP008,52.744615,-89.590645,2024-07-12 09:49:32.553797,25738,545,0.323
ICAO24_00048,WP006,59.415864,-177.561983,2024-07-12 14:13:32.553797,37604,512,0.582
ICAO24_00048,WP008,52.744615,-89.590645,2024-07-12 04:25:32.553797,15483,249,0.831
ICAO24_00029,WP000,-84.632821,-38.478015,2024-07-12 14:26:32.553797,37355,440,0.469
ICAO24_00043,WP007,-57.826286,-139.50474,2024-07-12 00:10:32.553797,9539,567,0.709
ICAO24_00029,WP006,59.415864,-177.561983,2024-07-12 06:13:32.553797,31453,387,0.001
ICAO24_00036,WP002,-55.087878,-57.667012,2024-07-11 21:59:32.553797,28956,576,0.965
ICAO24_00042,WP004,-20.25543,-120.320141,2024-07-11 21:55:32.553797,3236,542,0.674
ICAO24_00010,WP005,-69.270295,56.503761,2024-07-12 00:54:32.553797,25786,501,0.328
ICAO24_00044,WP006,59.415864,-177.561983,2024-07-12 13:44:32.553797,16349,279,0.05
ICAO24_00044,WP008,52.744615,-89.590645,2024-07-12 06:41:32.553797,5702,272,0.027
ICAO24_00024,WP004,-20.25543,-120.320141,2024-07-12 16:05:32.553797,30335,221,0.872
ICAO24_00022,WP002,-55.087878,-57.667012,2024-07-12 07:39:32.553797,3487,587,0.186
ICAO24_00045,WP005,-69.270295,56.503761,2024-07-12 14:20:32.553797,10925,381,0.624
ICAO24_00018,WP008,52.744615,-89.590645,2024-07-12 19:36:32.553797,39493,524,0.491
ICAO24_00029,WP009,69.053744,93.717509,2024-07-12 02:43:32.553797,39041,425,0.695
ICAO24_00046,WP009,69.053744,93.717509,2024-07-12 17:23:32.553797,33074,512,0.007
ICAO24_00036,WP009,69.053744,93.717509,2024-07-12 00:09:32.553797,6093,237,0.793
ICAO24_00001,WP009,69.053744,93.717509,2024-07-11 02:28:32.558537,15233,442,0.525
ICAO24_00047,WP003,21.930152,112.390543,2024-07-11 00:48:32.558537,38345,354,0.216
ICAO24_00014,WP001,-35.646962,143.047845,2024-07-11 10:56:32.558537,23267,224,0.392
ICAO24_00020,WP008,52.744615,-89.590645,2024-07-10 21:07:32.558537,31640,561,0.833
ICAO24_00032,WP005,-69.270295,56.503761,2024-07-11 12:46:32.558537,16159,275,0.846
ICAO24_00006,WP002,-55.087878,-57.667012,2024-07-11 03:00:32.558537,10122,529,0.454
ICAO24_00043,WP008,52.744615,-89.590645,2024-07-11 15:00:32.558537,4827,441,0.729
ICAO24_00041,WP006,59.415864,-177.561983,2024-07-11 00:41:32.558537,36581,548,0.533
ICAO24_00004,WP008,52.744615,-89.590645,2024-07-11 18:19:32.558537,29698,566,0.525
ICAO24_00001,WP005,-69.270295,56.503761,2024-07-11 07:55:32.558537,33303,248,0.766
ICAO24_00043,WP007,-57.826286,-139.50474,2024-07-11 19:01:32.558537,29170,521,0.799
ICAO24_00022,WP005,-69.270295,56.503761,2024-07-11 14:09:32.558537,31325,515,0.863
ICAO24_00017,WP005,-69.270295,56.503761,2024-07-10 20:59:32.558537,16893,479,0.581
ICAO24_00012,WP006,59.415864,-177.561983,2024-07-11 11:58:32.558537,17015,329,0.932
ICAO24_00018,WP004,-20.25543,-120.320141,2024-07-10 21:25:32.558537,9646,599,0.032
ICAO24_00008,WP002,-55.087878,-57.667012,2024-07-10 20:10:32.558537,33117,467,0.699
ICAO24_00002,WP009,69.053744,93.717509,2024-07-11 07:02:32.558537,14885,316,0.311
ICAO24_00032,WP007,-57.826286,-139.50474,2024-07-11 14:40:32.558537,13174,278,0.853
ICAO24_00004,WP007,-57.826286,-139.50474,2024-07-11 02:54:32.558537,22738,433,0.382
ICAO24_00005,WP001,-35.646962,143.047845,2024-07-10 17:11:32.558730,7868,437,0.925
ICAO24_00049,WP008,52.744615,-89.590645,2024-07-09 23:27:32.558730,11286,367,0.546
ICAO24_00038,WP007,-57.826286,-139.50474,2024-07-10 08:02:32.558730,23550,540,0.146
ICAO24_00010,WP005,-69.270295,56.503761,2024-07-09 23:35:32.558730,38002,551,0.342
ICAO24_00005,WP007,-57.826286,-139.50474,2024-07-10 12:25:32.558730,20870,267,0.364
ICAO24_00013,WP008,52.744615,-89.590645,2024-07-08 20:47:32.558767,37757,443,0.451
ICAO24_00022,WP001,-35.646962,143.047845,2024-07-08 23:43:32.558767,35265,381,0.302
ICAO24_00046,WP008,52.744615,-89.590645,2024-07-09 12:48:32.558767,36730,527,0.996
ICAO24_00042,WP003,21.930152,112.390543,2024-07-08 20:13:32.558767,8238,277,0.014
ICAO24_00045,WP008,52.744615,-89.590645,2024-07-09 06:00:32.558767,16026,203,0.147
ICAO24_00032,WP007,-57.826286,-139.50474,2024-07-09 09:47:32.558767,10332,288,0.125
ICAO24_00022,WP004,-20.25543,-120.320141,2024-07-09 02:56:32.558767,16861,398,0.041
ICAO24_00017,WP001,-35.646962,143.047845,2024-07-09 01:12:32.558767,36294,538,0.707
ICAO24_00026,WP002,-55.087878,-57.667012,2024-07-09 14:56:32.558767,34708,532,0.666
ICAO24_00039,WP009,69.053744,93.717509,2024-07-09 00:52:32.558767,25517,528,0.336
ICAO24_00017,WP007,-57.826286,-139.50474,2024-07-09 11:43:32.558767,15664,503,0.969
ICAO24_00044,WP008,52.744615,-89.590645,2024-07-09 17:05:32.558767,27293,589,0.193
ICAO24_00032,WP000,-84.632821,-38.478015,2024-07-09 18:30:32.558767,18404,400,0.312
ICAO24_00037,WP001,-35.646962,143.047845,2024-07-09 05:58:32.558767,10549,483,0.849
ICAO24_00016,WP006,59.415864,-177.561983,2024-07-09 12:38:32.558767,29433,581,0.038
ICAO24_00011,WP002,-55.087878,-57.667012,2024-07-09 17:14:32.558767,23399,318,0.724
ICAO24_00002,WP000,-84.632821,-38.478015,2024-07-08 08:23:32.558906,20793,330,0.825
ICAO24_00015,WP004,-20.25543,-120.320141,2024-07-08 16:41:32.558906,27194,574,0.689
ICAO24_00045,WP003,21.930152,112.390543,2024-07-08 03:57:32.558906,4073,505,0.504
ICAO24_00005,WP008,52.744615,-89.590645,2024-07-08 16:00:32.558906,9120,305,0.75
ICAO24_00033,WP002,-55.087878,-57.667012,2024-07-08 16:20:32.558906,7625,248,0.607
ICAO24_00034,WP007,-57.826286,-139.50474,2024-07-08 08:29:32.558906,35505,362,0.996
ICAO24_00049,WP005,-69.270295,56.503761,2024-07-08 09:14:32.558906,17625,274,0.152
ICAO24_00028,WP006,59.415864,-177.561983,2024-07-08 02:11:32.558906,14974,323,0.666
ICAO24_00010,WP004,-20.25543,-120.320141,2024-07-08 08:06:32.558906,28017,324,0.98
ICAO24_00004,WP005,-69.270295,56.503761,2024-07-08 15:56:32.558906,24156,222,0.174
ICAO24_00019,WP003,21.930152,112.390543,2024-07-08 07:42:32.558906,17788,375,0.546
ICAO24_00031,WP000,-84.632821,-38.478015,2024-07-08 19:46:32.558906,21430,286,0.877
ICAO24_00033,WP000,-84.632821,-38.478015,2024-07-08 17:42:32.558906,8509,462,0.519
ICAO24_00045,WP003,21.930152,112.390543,2024-07-07 05:42:32.559001,3358,417,0.36
ICAO24_00040,WP003,21.930152,112.390543,2024-07-07 15:02:32.559001,35210,332,0.72
ICAO24_00028,WP006,59.415864,-177.561983,2024-07-07 12:30:32.559001,34155,526,0.537
ICAO24_00003,WP001,-35.646962,143.047845,2024-07-06 21:37:32.559001,15129,303,0.401
ICAO24_00015,WP005,-69.270295,56.503761,2024-07-07 17:04:32.559001,31210,562,0.556
ICAO24_00010,WP000,-84.632821,-38.478015,2024-07-07 02:09:32.559001,13693,593,0.635
ICAO24_00013,WP002,-55.087878,-57.667012,2024-07-07 19:29:32.559001,3942,254,0.295
ICAO24_00013,WP004,-20.25543,-120.320141,2024-07-06 22:56:32.559001,27733,516,0.683
ICAO24_00027,WP006,59.415864,-177.561983,2024-07-07 01:42:32.559001,15104,568,0.525
ICAO24_00006,WP008,52.744615,-89.590645,2024-07-07 11:54:32.559001,25851,560,0.115
ICAO24_00011,WP004,-20.25543,-120.320141,2024-07-07 15:15:32.559001,25009,592,0.54
ICAO24_00020,WP002,-55.087878,-57.667012,2024-07-07 14:58:32.559001,27558,433,0.719
ICAO24_00025,WP005,-69.270295,56.503761,2024-07-07 13:39:32.559001,19072,209,0.448
ICAO24_00014,WP009,69.053744,93.717509,2024-07-07 12:00:32.559001,37379,447,0.769
ICAO24_00011,WP007,-57.826286,-139.50474,2024-07-07 00:41:32.559001,39858,566,0.199
ICAO24_00013,WP001,-35.646962,143.047845,2024-07-06 22:04:32.559001,13323,264,0.786
ICAO24_00042,WP008,52.744615,-89.590645,2024-07-06 01:11:32.559158,25827,309,0.702
ICAO24_00005,WP009,69.053744,93.717509,2024-07-05 20:18:32.559158,12547,301,0.462
ICAO24_00047,WP000,-84.632821,-38.478015,2024-07-06 16:55:32.559158,20832,355,0.659
ICAO24_00020,WP001,-35.646962,143.047845,2024-07-06 17:08:32.559158,29441,396,0.136
ICAO24_00017,WP005,-69.270295,56.503761,2024-07-06 07:15:32.559158,8141,422,0.103
ICAO24_00034,WP000,-84.632821,-38.478015,2024-07-06 02:30:32.559158,32431,278,0.303
ICAO24_00039,WP003,21.930152,112.390543,2024-07-06 01:41:32.559158,23894,553,0.18
ICAO24_00016,WP000,-84.632821,-38.478015,2024-07-06 07:44:32.559158,37165,343,0.547
ICAO24_00047,WP006,59.415864,-177.561983,2024-07-06 05:51:32.559158,37160,219,0.652
ICAO24_00048,WP005,-69.270295,56.503761,2024-07-06 14:10:32.559158,5049,503,0.1
ICAO24_00007,WP007,-57.826286,-139.50474,2024-07-05 21:31:32.559158,10795,297,0.337
ICAO24_00040,WP003,21.930152,112.390543,2024-07-05 20:09:32.559158,3636,484,0.689
ICAO24_00028,WP008,52.744615,-89.590645,2024-07-06 06:05:32.559158,37669,389,0.222
ICAO24_00020,WP001,-35.646962,143.047845,2024-07-06 18:03:32.559158,3306,356,0.367
ICAO24_00029,WP003,21.930152,112.390543,2024-07-05 12:04:32.559319,36134,599,0.93
ICAO24_00003,WP009,69.053744,93.717509,2024-07-04 23:38:32.559319,6240,295,0.869
ICAO24_00030,WP003,21.930152,112.390543,2024-07-05 04:58:32.559319,5899,314,0.565
ICAO24_00046,WP003,21.930152,112.390543,2024-07-05 14:26:32.559319,11791,483,0.831
ICAO24_00036,WP005,-69.270295,56.503761,2024-07-05 07:06:32.559319,9954,236,0.459
ICAO24_00043,WP002,-55.087878,-57.667012,2024-07-05 12:08:32.559319,23077,355,0.196
ICAO24_00032,WP001,-35.646962,143.047845,2024-07-05 07:31:32.559319,34503,455,0.467
ICAO24_00004,WP004,-20.25543,-120.320141,2024-07-05 12:36:32.559319,28767,399,0.513
ICAO24_00002,WP006,59.415864,-177.561983,2024-07-05 04:45:32.559319,35359,544,0.443
ICAO24_00042,WP004,-20.25543,-120.320141,2024-07-05 12:06:32.559319,4340,429,0.659
ICAO24_00000,WP005,-69.270295,56.503761,2024-07-05 02:55:32.559319,34581,462,0.696
ICAO24_00005,WP000,-84.632821,-38.478015,2024-07-05 14:27:32.559319,8375,448,0.406
ICAO24_00030,WP006,59.415864,-177.561983,2024-07-05 14:46:32.559319,3426,381,0.756
ICAO24_00016,WP004,-20.25543,-120.320141,2024-07-05 10:04:32.559319,9703,466,0.462
ICAO24_00037,WP006,59.415864,-177.561983,2024-07-04 15:27:32.559456,31692,492,0.617
ICAO24_00000,WP000,-84.632821,-38.478015,2024-07-04 06:00:32.559456,14727,440,0.116
ICAO24_00001,WP001,-35.646962,143.047845,2024-07-04 11:38:32.559456,21700,362,0.949
ICAO24_00012,WP001,-35.646962,143.047845,2024-07-04 19:15:32.559456,29070,449,0.25
ICAO24_00026,WP008,52.744615,-89.590645,2024-07-04 03:53:32.559456,8793,499,0.358
ICAO24_00009,WP005,-69.270295,56.503761,2024-07-04 03:08:32.559456,23585,344,0.852
ICAO24_00028,WP006,59.415864,-177.561983,2024-07-04 01:06:32.559456,19430,380,0.095
ICAO24_00011,WP002,-55.087878,-57.667012,2024-07-04 10:48:32.559456,5100,412,0.534
ICAO24_00013,WP000,-84.632821,-38.478015,2024-07-04 00:09:32.559456,18921,532,0.086
ICAO24_00041,WP005,-69.270295,56.503761,2024-07-03 10:58:32.559520,34797,575,0.053
ICAO24_00048,WP001,-35.646962,143.047845,2024-07-03 05:38:32.559520,33043,244,0.76
ICAO24_00001,WP009,69.053744,93.717509,2024-07-03 07:57:32.559520,29768,467,0.351
ICAO24_00006,WP001,-35.646962,143.047845,2024-07-03 04:21:32.559520,35015,413,0.647
ICAO24_00002,WP007,-57.826286,-139.50474,2024-07-03 01:59:32.559520,27821,201,0.6
ICAO24_00039,WP009,69.053744,93.717509,2024-07-03 09:19:32.559520,7023,344,0.295
ICAO24_00016,WP000,-84.632821,-38.478015,2024-07-02 02:17:32.559579,14668,268,0.399
ICAO24_00018,WP009,69.053744,93.717509,2024-07-02 02:51:32.559579,27802,569,0.512
ICAO24_00045,WP001,-35.646962,143.047845,2024-07-02 13:10:32.559579,22724,211,0.175
ICAO24_00022,WP005,-69.270295,56.503761,2024-07-02 09:59:32.559579,32854,391,0.694
ICAO24_00031,WP000,-84.632821,-38.478015,2024-07-02 09:40:32.559579,34919,539,0.082
ICAO24_00043,WP005,-69.270295,56.503761,2024-07-02 01:36:32.559579,22235,260,0.482
ICAO24_00034,WP001,-35.646962,143.047845,2024-07-02 01:12:32.559579,23870,501,0.877
ICAO24_00039,WP009,69.053744,93.717509,2024-07-02 15:19:32.559579,26748,493,0.818
ICAO24_00004,WP006,59.415864,-177.561983,2024-07-01 22:40:32.559579,14398,566,0.26
ICAO24_00000,WP008,52.744615,-89.590645,2024-07-02 03:14:32.559579,34148,205,0.876
ICAO24_00047,WP007,-57.826286,-139.50474,2024-07-02 07:59:32.559579,15811,429,0.065
ICAO24_00028,WP007,-57.826286,-139.50474,2024-07-02 13:01:32.559579,4867,266,0.438
ICAO24_00034,WP008,52.744615,-89.590645,2024-07-02 07:22:32.559579,36056,244,0.222
ICAO24_00035,WP001,-35.646962,143.047845,2024-07-02 05:42:32.559579,33827,482,0.751
ICAO24_00035,WP008,52.744615,-89.590645,2024-07-02 05:00:32.559579,36465,277,0.87
ICAO24_00009,WP008,52.744615,-89.590645,2024-07-02 14:53:32.559579,18687,363,0.153
ICAO24_00037,WP003,21.930152,112.390543,2024-07-02 13:34:32.559579,22626,549,0.252
ICAO24_00003,WP000,-84.632821,-38.478015,2024-07-01 12:51:32.559739,33167,422,0.013
ICAO24_00040,WP001,-35.646962,143.047845,2024-06-30 23:43:32.559739,10482,303,0.632
ICAO24_00019,WP001,-35.646962,143.047845,2024-07-01 18:40:32.559739,33586,387,0.909
ICAO24_00011,WP000,-84.632821,-38.478015,2024-07-01 13:53:32.559739,12229,574,0.518
ICAO24_00041,WP002,-55.087878,-57.667012,2024-07-01 19:29:32.559739,26034,288,0.953
ICAO24_00009,WP009,69.053744,93.717509,2024-07-01 12:58:32.559739,12336,552,0.327
ICAO24_00025,WP006,59.415864,-177.561983,2024-07-01 02:23:32.559739,16997,452,0.564
ICAO24_00014,WP001,-35.646962,143.047845,2024-06-30 21:32:32.559739,5483,436,0.604
ICAO24_00042,WP003,21.930152,112.390543,2024-07-01 09:11:32.559739,5444,257,0.261
ICAO24_00011,WP008,52.744615,-89.590645,2024-07-01 05:19:32.559739,33149,504,0.113
ICAO24_00002,WP002,-55.087878,-57.667012,2024-07-01 17:02:32.559739,39438,227,0.632
ICAO24_00044,WP009,69.053744,93.717509,2024-07-01 17:19:32.559739,30454,306,0.68
ICAO24_00000,WP007,-57.826286,-139.50474,2024-07-01 10:12:32.559739,37299,308,0.934
ICAO24_00049,WP002,-55.087878,-57.667012,2024-07-01 15:57:32.559739,5365,366,0.749
ICAO24_00006,WP007,-57.826286,-139.50474,2024-07-01 14:47:32.559739,20709,340,0.564
ICAO24_00038,WP005,-69.270295,56.503761,2024-07-01 01:21:32.559739,14635,321,0.964
ICAO24_00041,WP004,-20.25543,-120.320141,2024-07-01 01:05:32.559739,10548,554,0.781
ICAO24_00037,WP000,-84.632821,-38.478015,2024-06-30 16:23:32.559882,9791,501,0.927
ICAO24_00022,WP009,69.053744,93.717509,2024-06-30 06:42:32.559882,39879,414,0.854
ICAO24_00023,WP008,52.744615,-89.590645,2024-06-30 07:17:32.559882,15088,352,0.616
ICAO24_00027,WP004,-20.25543,-120.320141,2024-06-30 15:24:32.559882,33082,315,0.047
ICAO24_00006,WP004,-20.25543,-120.320141,2024-06-30 13:58:32.559882,4761,422,0.609
ICAO24_00046,WP000,-84.632821,-38.478015,2024-06-30 06:54:32.559882,30423,226,0.917
ICAO24_00000,WP009,69.053744,93.717509,2024-06-30 05:24:32.559882,9682,469,0.535
ICAO24_00006,WP009,69.053744,93.717509,2024-06-30 15:58:32.559882,30887,379,0.238
ICAO24_00022,WP004,-20.25543,-120.320141,2024-06-30 10:26:32.559882,6601,296,0.967
ICAO24_00011,WP005,-69.270295,56.503761,2024-06-30 06:52:32.559882,38222,486,0.969
ICAO24_00020,WP003,21.930152,112.390543,2024-06-30 18:41:32.559882,24583,295,0.922
ICAO24_00009,WP002,-55.087878,-57.667012,2024-06-29 17:27:32.559981,28212,293,0.585
ICAO24_00000,WP000,-84.632821,-38.478015,2024-06-29 13:28:32.559981,36232,253,0.169
ICAO24_00015,WP006,59.415864,-177.561983,2024-06-29 11:27:32.559981,33087,325,0.003
ICAO24_00035,WP000,-84.632821,-38.478015,2024-06-29 00:05:32.559981,39009,441,0.183
ICAO24_00022,WP002,-55.087878,-57.667012,2024-06-29 19:09:32.559981,12960,438,0.989
ICAO24_00047,WP000,-84.632821,-38.478015,2024-06-28 22:28:32.559981,34980,203,0.606
ICAO24_00025,WP009,69.053744,93.717509,2024-06-29 13:07:32.559981,17305,478,0.02
ICAO24_00032,WP005,-69.270295,56.503761,2024-06-29 17:33:32.559981,8526,497,0.176
ICAO24_00011,WP005,-69.270295,56.503761,2024-06-28 22:13:32.559981,19630,450,0.866
ICAO24_00006,WP007,-57.826286,-139.50474,2024-06-28 02:51:32.560049,34035,538,0.041
ICAO24_00035,WP000,-84.632821,-38.478015,2024-06-28 01:42:32.560049,12110,543,0.229
ICAO24_00002,WP003,21.930152,112.390543,2024-06-28 02:12:32.560049,26679,228,0.015
ICAO24_00012,WP006,59.415864,-177.561983,2024-06-28 17:05:32.560049,20504,416,0.487
ICAO24_00044,WP007,-57.826286,-139.50474,2024-06-28 10:34:32.560049,23146,519,0.711
ICAO24_00011,WP000,-84.632821,-38.478015,2024-06-28 06:15:32.560049,26783,494,0.991
ICAO24_00003,WP000,-84.632821,-38.478015,2024-06-28 06:24:32.560049,31542,489,0.707
ICAO24_00014,WP000,-84.632821,-38.478015,2024-06-28 00:34:32.560049,28053,543,0.999
ICAO24_00029,WP001,-35.646962,143.047845,2024-06-28 19:50:32.560049,5929,212,0.322
ICAO24_00033,WP009,69.053744,93.717509,2024-06-28 19:52:32.560049,17679,380,0.057
ICAO24_00029,WP005,-69.270295,56.503761,2024-06-28 14:30:32.560049,25034,361,0.24
ICAO24_00006,WP005,-69.270295,56.503761,2024-06-28 09:46:32.560049,31267,500,0.307
ICAO24_00044,WP006,59.415864,-177.561983,2024-06-28 04:03:32.560049,37476,264,0.57
ICAO24_00007,WP005,-69.270295,56.503761,2024-06-28 04:51:32.560049,30180,318,0.803
ICAO24_00014,WP005,-69.270295,56.503761,2024-06-28 14:07:32.560049,16797,230,0.506
ICAO24_00044,WP008,52.744615,-89.590645,2024-06-27 22:03:32.560049,14255,398,0.717
ICAO24_00004,WP006,59.415864,-177.561983,2024-06-28 15:25:32.560049,8118,572,0.223
ICAO24_00031,WP007,-57.826286,-139.50474,2024-06-28 18:50:32.560049,7078,533,0.928
ICAO24_00033,WP009,69.053744,93.717509,2024-06-28 09:41:32.560049,14061,214,0.96
ICAO24_00040,WP006,59.415864,-177.561983,2024-06-28 15:45:32.560049,3391,598,0.678
ICAO24_00019,WP003,21.930152,112.390543,2024-06-27 02:16:32.560213,5103,458,0.638
ICAO24_00047,WP001,-35.646962,143.047845,2024-06-27 11:53:32.560213,22087,293,0.51
ICAO24_00001,WP007,-57.826286,-139.50474,2024-06-27 15:19:32.560213,34576,207,0.438
ICAO24_00010,WP004,-20.25543,-120.320141,2024-06-27 13:19:32.560213,27966,504,0.883
ICAO24_00014,WP005,-69.270295,56.503761,2024-06-27 05:31:32.560213,38577,278,0.385
ICAO24_00016,WP007,-57.826286,-139.50474,2024-06-27 03:17:32.560213,25370,422,0.632
ICAO24_00006,WP001,-35.646962,143.047845,2024-06-27 16:21:32.560213,15643,580,0.359
ICAO24_00017,WP004,-20.25543,-120.320141,2024-06-27 04:16:32.560213,24753,411,0.994
ICAO24_00036,WP004,-20.25543,-120.320141,2024-06-27 17:42:32.560213,10109,353,0.053
ICAO24_00019,WP006,59.415864,-177.561983,2024-06-27 14:40:32.560213,10397,257,0.281
ICAO24_00035,WP009,69.053744,93.717509,2024-06-26 21:50:32.560213,27514,296,0.607
ICAO24_00034,WP003,21.930152,112.390543,2024-06-27 05:08:32.560213,18316,594,0.468
ICAO24_00048,WP002,-55.087878,-57.667012,2024-06-26 22:55:32.560213,19143,265,0.459
ICAO24_00035,WP003,21.930152,112.390543,2024-06-26 21:18:32.560213,25311,321,0.234
ICAO24_00001,WP003,21.930152,112.390543,2024-06-26 08:24:32.560312,39422,508,0.323
ICAO24_00047,WP002,-55.087878,-57.667012,2024-06-26 14:43:32.560312,28494,561,0.39
ICAO24_00021,WP003,21.930152,112.390543,2024-06-25 22:25:32.560312,19437,250,0.263
ICAO24_00039,WP005,-69.270295,56.503761,2024-06-25 19:55:32.560312,4044,213,0.81
ICAO24_00042,WP000,-84.632821,-38.478015,2024-06-26 02:36:32.560312,16110,568,0.008
ICAO24_00012,WP000,-84.632821,-38.478015,2024-06-26 17:55:32.560312,30630,311,0.12
ICAO24_00034,WP008,52.744615,-89.590645,2024-06-26 13:15:32.560312,15544,406,0.385
ICAO24_00015,WP004,-20.25543,-120.320141,2024-06-26 11:18:32.560312,19609,374,0.67
ICAO24_00041,WP004,-20.25543,-120.320141,2024-06-26 09:39:32.560312,14556,334,0.635
ICAO24_00011,WP005,-69.270295,56.503761,2024-06-26 10:13:32.560312,38743,396,0.575
ICAO24_00005,WP007,-57.826286,-139.50474,2024-06-26 16:07:32.560312,8846,483,0.913
ICAO24_00012,WP007,-57.826286,-139.50474,2024-06-26 04:20:32.560312,28332,312,0.821
ICAO24_00023,WP005,-69.270295,56.503761,2024-06-26 00:27:32.560312,23303,472,0.832
ICAO24_00005,WP003,21.930152,112.390543,2024-06-25 22:33:32.560312,36914,577,0.217
ICAO24_00023,WP004,-20.25543,-120.320141,2024-06-26 13:13:32.560312,8627,369,0.077
ICAO24_00048,WP001,-35.646962,143.047845,2024-06-26 03:40:32.560312,37720,363,0.541
ICAO24_00006,WP009,69.053744,93.717509,2024-06-26 04:32:32.560312,9513,235,0.958
ICAO24_00035,WP007,-57.826286,-139.50474,2024-06-26 01:51:32.560312,9945,330,0.017
ICAO24_00011,WP007,-57.826286,-139.50474,2024-06-26 08:13:32.560312,6015,570,0.17
ICAO24_00042,WP009,69.053744,93.717509,2024-06-25 16:43:32.560477,31359,284,0.071
ICAO24_00007,WP004,-20.25543,-120.320141,2024-06-25 15:52:32.560477,8731,390,0.18
ICAO24_00017,WP005,-69.270295,56.503761,2024-06-25 15:10:32.560477,8605,296,0.434
ICAO24_00009,WP006,59.415864,-177.561983,2024-06-25 14:56:32.560477,17455,480,0.312
ICAO24_00047,WP002,-55.087878,-57.667012,2024-06-25 04:49:32.560477,20835,394,0.026
ICAO24_00043,WP000,-84.632821,-38.478015,2024-06-25 00:56:32.560477,35713,481,0.484
ICAO24_00042,WP003,21.930152,112.390543,2024-06-24 22:32:32.560477,29929,285,0.451
ICAO24_00008,WP008,52.744615,-89.590645,2024-06-24 15:24:32.560541,12838,461,0.747
ICAO24_00037,WP003,21.930152,112.390543,2024-06-24 04:50:32.560541,27491,315,0.793
ICAO24_00034,WP003,21.930152,112.390543,2024-06-24 17:18:32.560541,30255,482,0.966
ICAO24_00015,WP007,-57.826286,-139.50474,2024-06-24 10:47:32.560541,13255,538,0.001
ICAO24_00034,WP008,52.744615,-89.590645,2024-06-24 01:05:32.560541,15966,470,0.72
ICAO24_00040,WP008,52.744615,-89.590645,2024-06-24 11:06:32.560541,9708,568,0.755
ICAO24_00019,WP005,-69.270295,56.503761,2024-06-23 23:36:32.560541,9404,425,0.658
ICAO24_00048,WP004,-20.25543,-120.320141,2024-06-24 09:44:32.560541,11684,350,0.358
ICAO24_00004,WP000,-84.632821,-38.478015,2024-06-24 01:56:32.560541,10054,291,0.144
ICAO24_00016,WP009,69.053744,93.717509,2024-06-24 04:04:32.560541,27717,221,0.383
ICAO24_00030,WP000,-84.632821,-38.478015,2024-06-24 04:55:32.560541,31618,559,0.405
ICAO24_00035,WP006,59.415864,-177.561983,2024-06-24 19:26:32.560541,10009,337,0.647
ICAO24_00031,WP009,69.053744,93.717509,2024-06-23 23:41:32.560541,20356,292,0.456
ICAO24_00031,WP000,-84.632821,-38.478015,2024-06-22 21:47:32.560659,30749,304,0.864
ICAO24_00019,WP005,-69.270295,56.503761,2024-06-23 05:29:32.560659,24475,398,0.36
ICAO24_00043,WP001,-35.646962,143.047845,2024-06-23 18:25:32.560659,19975,512,0.026
ICAO24_00028,WP009,69.053744,93.717509,2024-06-23 09:29:32.560659,9857,318,0.728
ICAO24_00020,WP004,-20.25543,-120.320141,2024-06-23 01:06:32.560659,11526,293,0.124
ICAO24_00019,WP009,69.053744,93.717509,2024-06-22 22:37:32.560659,13545,401,0.278
ICAO24_00029,WP008,52.744615,-89.590645,2024-06-23 00:29:32.560659,9265,369,0.118
ICAO24_00047,WP002,-55.087878,-57.667012,2024-06-22 05:38:32.560717,14749,508,0.376
ICAO24_00016,WP004,-20.25543,-120.320141,2024-06-22 02:39:32.560717,37446,211,0.529
ICAO24_00002,WP008,52.744615,-89.590645,2024-06-22 18:16:32.560717,7647,593,0.475
ICAO24_00003,WP004,-20.25543,-120.320141,2024-06-22 04:18:32.560717,27102,357,0.806
ICAO24_00004,WP007,-57.826286,-139.50474,2024-06-22 11:14:32.560717,28539,223,0.966
ICAO24_00031,WP003,21.930152,112.390543,2024-06-22 17:25:32.560717,33678,594,0.297
ICAO24_00001,WP005,-69.270295,56.503761,2024-06-22 03:49:32.560717,4578,250,0.515
ICAO24_00028,WP009,69.053744,93.717509,2024-06-22 16:39:32.560717,38918,519,0.919
ICAO24_00034,WP008,52.744615,-89.590645,2024-06-22 02:18:32.560717,13943,345,0.188
ICAO24_00031,WP003,21.930152,112.390543,2024-06-22 14:08:32.560717,22406,368,0.282
ICAO24_00008,WP000,-84.632821,-38.478015,2024-06-22 17:43:32.560717,29013,307,0.417
ICAO24_00027,WP006,59.415864,-177.561983,2024-06-22 00:20:32.560717,17850,477,0.386
ICAO24_00014,WP000,-84.632821,-38.478015,2024-06-21 15:21:32.560831,16370,597,0.774
ICAO24_00042,WP004,-20.25543,-120.320141,2024-06-21 00:01:32.560831,37559,445,0.856
ICAO24_00015,WP004,-20.25543,-120.320141,2024-06-21 02:01:32.560831,6731,402,0.758
ICAO24_00013,WP002,-55.087878,-57.667012,2024-06-21 01:34:32.560831,7908,599,0.303
ICAO24_00019,WP009,69.053744,93.717509,2024-06-20 21:57:32.560831,33838,326,0.994
ICAO24_00023,WP009,69.053744,93.717509,2024-06-21 12:52:32.560831,27426,484,0.587
ICAO24_00045,WP000,-84.632821,-38.478015,2024-06-21 04:01:32.560831,23612,566,0.605
ICAO24_00027,WP005,-69.270295,56.503761,2024-06-21 07:05:32.560831,32559,464,0.833
ICAO24_00012,WP005,-69.270295,56.503761,2024-06-20 20:23:32.560831,28832,380,0.307
ICAO24_00048,WP006,59.415864,-177.561983,2024-06-20 22:58:32.560831,33488,395,0.466
ICAO24_00025,WP003,21.930152,112.390543,2024-06-20 22:21:32.560831,27899,236,0.073
ICAO24_00033,WP007,-57.826286,-139.50474,2024-06-21 15:08:32.560831,34091,220,0.947
ICAO24_00039,WP004,-20.25543,-120.320141,2024-06-21 08:44:32.560831,13069,247,0.614
ICAO24_00012,WP005,-69.270295,56.503761,2024-06-21 05:50:32.560831,18274,354,0.998
ICAO24_00027,WP000,-84.632821,-38.478015,2024-06-21 16:00:32.560831,6529,530,0.204
ICAO24_00029,WP000,-84.632821,-38.478015,2024-06-21 06:06:32.560831,22377,587,0.918
ICAO24_00044,WP003,21.930152,112.390543,2024-06-21 14:11:32.560831,36292,547,0.806
ICAO24_00034,WP006,59.415864,-177.561983,2024-06-20 13:48:32.560958,34322,544,0.601
ICAO24_00038,WP000,-84.632821,-38.478015,2024-06-19 22:00:32.560958,37721,450,0.143
ICAO24_00038,WP008,52.744615,-89.590645,2024-06-20 12:03:32.560958,18658,370,0.948
ICAO24_00001,WP003,21.930152,112.390543,2024-06-20 04:23:32.560958,30941,573,0.776
ICAO24_00026,WP008,52.744615,-89.590645,2024-06-20 19:36:32.560958,3531,574,0.572
ICAO24_00036,WP002,-55.087878,-57.667012,2024-06-20 14:46:32.560958,10021,485,0.974
ICAO24_00000,WP001,-35.646962,143.047845,2024-06-20 04:42:32.560958,4013,319,0.3
ICAO24_00046,WP005,-69.270295,56.503761,2024-06-20 03:11:32.560958,11179,384,0.514
ICAO24_00005,WP006,59.415864,-177.561983,2024-06-20 03:33:32.560958,13736,548,0.456
ICAO24_00022,WP008,52.744615,-89.590645,2024-06-20 05:24:32.560958,39818,493,0.95
ICAO24_00003,WP008,52.744615,-89.590645,2024-06-20 00:53:32.560958,14724,396,0.726
ICAO24_00013,WP005,-69.270295,56.503761,2024-06-20 00:57:32.560958,33501,205,0.587
ICAO24_00007,WP000,-84.632821,-38.478015,2024-06-19 20:18:32.560958,15980,469,0.379
ICAO24_00049,WP005,-69.270295,56.503761,2024-06-20 10:05:32.560958,5061,258,0.143
ICAO24_00038,WP005,-69.270295,56.503761,2024-06-20 10:32:32.560958,33329,281,0.019
ICAO24_00002,WP003,21.930152,112.390543,2024-06-20 06:41:32.560958,12186,378,0.099
ICAO24_00036,WP009,69.053744,93.717509,2024-06-19 20:57:32.560958,32561,445,0.842
ICAO24_00032,WP003,21.930152,112.390543,2024-06-19 23:39:32.560958,29582,287,0.495
ICAO24_00042,WP004,-20.25543,-120.320141,2024-06-19 15:10:32.561108,18978,598,0.154
ICAO24_00027,WP000,-84.632821,-38.478015,2024-06-19 09:13:32.561108,8452,220,0.382
ICAO24_00023,WP004,-20.25543,-120.320141,2024-06-19 01:11:32.561108,37002,296,0.997
ICAO24_00048,WP009,69.053744,93.717509,2024-06-19 05:08:32.561108,32895,464,0.189
ICAO24_00002,WP004,-20.25543,-120.320141,2024-06-19 17:57:32.561108,17159,302,0.463
ICAO24_00024,WP008,52.744615,-89.590645,2024-06-19 14:34:32.561108,19526,459,0.534
ICAO24_00024,WP002,-55.087878,-57.667012,2024-06-19 10:31:32.561108,38653,242,0.596
ICAO24_00028,WP005,-69.270295,56.503761,2024-06-18 22:33:32.561108,20557,279,0.55
ICAO24_00017,WP004,-20.25543,-120.320141,2024-06-19 16:28:32.561108,20156,388,0.227
ICAO24_00036,WP007,-57.826286,-139.50474,2024-06-19 11:04:32.561108,26228,361,0.69
ICAO24_00041,WP001,-35.646962,143.047845,2024-06-19 06:57:32.561108,14193,273,0.193
ICAO24_00014,WP000,-84.632821,-38.478015,2024-06-18 19:36:32.561190,33376,484,0.922
ICAO24_00042,WP008,52.744615,-89.590645,2024-06-18 01:23:32.561190,39667,352,0.645
ICAO24_00038,WP005,-69.270295,56.503761,2024-06-18 15:07:32.561190,39702,467,0.577
ICAO24_00000,WP007,-57.826286,-139.50474,2024-06-18 18:27:32.561190,3216,513,0.463
ICAO24_00006,WP001,-35.646962,143.047845,2024-06-18 11:00:32.561190,11185,598,0.3
ICAO24_00006,WP007,-57.826286,-139.50474,2024-06-18 01:42:32.561190,34473,600,0.727
ICAO24_00038,WP006,59.415864,-177.561983,2024-06-18 18:27:32.561190,22252,471,0.385
ICAO24_00022,WP009,69.053744,93.717509,2024-06-17 20:22:32.561190,7619,531,0.479
ICAO24_00028,WP006,59.415864,-177.561983,2024-06-18 14:59:32.561190,23233,375,0.084
ICAO24_00042,WP009,69.053744,93.717509,2024-06-18 00:10:32.561190,18132,235,0.704
ICAO24_00021,WP003,21.930152,112.390543,2024-06-18 16:49:32.561190,20493,351,0.898
ICAO24_00013,WP008,52.744615,-89.590645,2024-06-18 03:02:32.561190,29252,231,0.31
ICAO24_00022,WP004,-20.25543,-120.320141,2024-06-18 06:39:32.561190,18362,203,0.103
ICAO24_00015,WP002,-55.087878,-57.667012,2024-06-18 10:03:32.561190,24502,325,0.304
ICAO24_00039,WP002,-55.087878,-57.667012,2024-06-18 00:57:32.561190,28853,429,0.564
ICAO24_00008,WP006,59.415864,-177.561983,2024-06-18 18:54:32.561190,13801,265,0.577
ICAO24_00023,WP006,59.415864,-177.561983,2024-06-18 09:15:32.561190,14508,223,0.117
ICAO24_00029,WP000,-84.632821,-38.478015,2024-06-18 08:58:32.561190,23013,244,0.589
ICAO24_00002,WP001,-35.646962,143.047845,2024-06-17 00:59:32.561350,22069,492,0.988
ICAO24_00013,WP007,-57.826286,-139.50474,2024-06-17 08:24:32.561350,13060,224,0.742
ICAO24_00031,WP006,59.415864,-177.561983,2024-06-17 00:56:32.561350,8318,530,0.487
ICAO24_00047,WP008,52.744615,-89.590645,2024-06-17 04:37:32.561350,30337,533,0.113
ICAO24_00008,WP005,-69.270295,56.503761,2024-06-17 00:44:32.561350,27985,577,0.358
ICAO24_00007,WP001,-35.646962,143.047845,2024-06-17 15:36:32.561350,24304,331,0.624
ICAO24_00000,WP005,-69.270295,56.503761,2024-06-16 21:11:32.561350,17482,233,0.712
ICAO24_00033,WP008,52.744615,-89.590645,2024-06-17 07:23:32.561350,9231,435,0.576
ICAO24_00044,WP000,-84.632821,-38.478015,2024-06-17 16:59:32.561350,25397,378,0.542
ICAO24_00038,WP000,-84.632821,-38.478015,2024-06-17 04:40:32.561350,39567,308,0.677
ICAO24_00036,WP006,59.415864,-177.561983,2024-06-17 09:24:32.561350,5144,583,0.899
ICAO24_00032,WP006,59.415864,-177.561983,2024-06-16 20:26:32.561350,26810,356,0.24
ICAO24_00044,WP007,-57.826286,-139.50474,2024-06-17 19:18:32.561350,13534,517,0.95
ICAO24_00030,WP009,69.053744,93.717509,2024-06-17 00:43:32.561350,35347,572,0.87
ICAO24_00016,WP009,69.053744,93.717509,2024-06-17 13:53:32.561350,33210,582,0.456
ICAO24_00010,WP008,52.744615,-89.590645,2024-06-17 14:54:32.561350,13365,519,0.245
ICAO24_00043,WP000,-84.632821,-38.478015,2024-06-17 13:00:32.561350,14310,216,0.358
ICAO24_00039,WP008,52.744615,-89.590645,2024-06-17 15:53:32.561350,18272,571,0.524
ICAO24_00048,WP007,-57.826286,-139.50474,2024-06-17 06:03:32.561350,13100,502,0.873
ICAO24_00023,WP004,-20.25543,-120.320141,2024-06-15 22:17:32.561516,19264,532,0.881
ICAO24_00047,WP002,-55.087878,-57.667012,2024-06-16 13:48:32.561516,7731,299,0.857
ICAO24_00029,WP000,-84.632821,-38.478015,2024-06-16 02:40:32.561516,21534,236,0.079
ICAO24_00012,WP007,-57.826286,-139.50474,2024-06-16 07:33:32.561516,19008,312,0.114
ICAO24_00006,WP000,-84.632821,-38.478015,2024-06-16 07:04:32.561516,20362,343,0.247
ICAO24_00041,WP004,-20.25543,-120.320141,2024-06-16 19:44:32.561516,3115,385,0.695
ICAO24_00001,WP009,69.053744,93.717509,2024-06-16 13:27:32.561516,27109,352,0.431
ICAO24_00011,WP009,69.053744,93.717509,2024-06-15 23:27:32.561516,17045,581,0.106
ICAO24_00022,WP002,-55.087878,-57.667012,2024-06-16 03:34:32.561516,27239,300,0.833
ICAO24_00029,WP003,21.930152,112.390543,2024-06-16 19:11:32.561516,3035,539,0.61
ICAO24_00008,WP005,-69.270295,56.503761,2024-06-16 07:37:32.561516,29535,261,0.919
ICAO24_00038,WP000,-84.632821,-38.478015,2024-06-16 08:39:32.561516,16593,261,0.194
ICAO24_00037,WP000,-84.632821,-38.478015,2024-06-16 04:20:32.561516,18473,449,0.629
ICAO24_00012,WP002,-55.087878,-57.667012,2024-06-16 19:51:32.561516,16607,490,0.309
ICAO24_00000,WP009,69.053744,93.717509,2024-06-16 15:48:32.561516,32800,352,0.491
ICAO24_00033,WP005,-69.270295,56.503761,2024-06-16 19:00:32.561516,29000,568,0.155
ICAO24_00039,WP007,-57.826286,-139.50474,2024-06-16 02:47:32.561516,18360,436,0.645
ICAO24_00020,WP008,52.744615,-89.590645,2024-06-16 01:33:32.561516,15787,527,0.91
ICAO24_00049,WP007,-57.826286,-139.50474,2024-06-16 03:21:32.561516,26405,381,0.256
ICAO24_00032,WP008,52.744615,-89.590645,2024-06-15 01:37:32.561666,33069,236,0.248
ICAO24_00040,WP004,-20.25543,-120.320141,2024-06-15 13:51:32.561666,26128,276,0.935
ICAO24_00034,WP005,-69.270295,56.503761,2024-06-15 01:22:32.561666,10508,551,0.197
ICAO24_00001,WP006,59.415864,-177.561983,2024-06-14 21:22:32.561666,32274,428,0.012
ICAO24_00001,WP008,52.744615,-89.590645,2024-06-15 06:19:32.561666,21858,271,0.555
ICAO24_00018,WP001,-35.646962,143.047845,2024-06-15 08:05:32.561666,5517,351,0.111
ICAO24_00048,WP005,-69.270295,56.503761,2024-06-15 04:07:32.561666,26616,582,0.305
ICAO24_00020,WP002,-55.087878,-57.667012,2024-06-15 15:39:32.561666,25076,287,0.309
ICAO24_00007,WP000,-84.632821,-38.478015,2024-06-15 16:01:32.561666,19747,396,0.536
ICAO24_00026,WP005,-69.270295,56.503761,2024-06-15 01:25:32.561666,5874,558,0.299
ICAO24_00016,WP002,-55.087878,-57.667012,2024-06-14 23:47:32.561666,19143,228,0.541
ICAO24_00038,WP004,-20.25543,-120.320141,2024-06-15 02:27:32.561666,39788,326,0.335
ICAO24_00026,WP009,69.053744,93.717509,2024-06-15 15:08:32.561666,14500,452,0.477
ICAO24_00040,WP005,-69.270295,56.503761,2024-06-15 05:46:32.561666,4597,204,0.038
ICAO24_00029,WP009,69.053744,93.717509,2024-06-15 10:39:32.561666,14250,273,0.106
ICAO24_00038,WP001,-35.646962,143.047845,2024-06-14 06:03:32.561800,19697,369,0.905
ICAO24_00007,WP003,21.930152,112.390543,2024-06-14 18:47:32.561800,17386,253,0.379
ICAO24_00004,WP003,21.930152,112.390543,2024-06-14 16:57:32.561800,16041,401,0.809
ICAO24_00048,WP000,-84.632821,-38.478015,2024-06-14 00:57:32.561800,25702,222,0.33
ICAO24_00010,WP006,59.415864,-177.561983,2024-06-13 23:16:32.561800,23849,404,0.59
ICAO24_00003,WP005,-69.270295,56.503761,2024-06-14 19:10:32.561800,36680,528,0.965
ICAO24_00028,WP003,21.930152,112.390543,2024-06-13 20:32:32.561800,17044,254,0.392
ICAO24_00037,WP008,52.744615,-89.590645,2024-06-14 06:20:32.561800,39029,259,0.242
ICAO24_00039,WP003,21.930152,112.390543,2024-06-14 05:48:32.561800,35185,438,0.297
ICAO24_00038,WP008,52.744615,-89.590645,2024-06-13 23:51:32.561800,10657,536,0.348
ICAO24_00021,WP000,-84.632821,-38.478015,2024-06-14 09:56:32.561800,34270,346,0.907
ICAO24_00001,WP002,-55.087878,-57.667012,2024-06-14 18:21:32.561800,37204,252,0.829
ICAO24_00029,WP004,-20.25543,-120.320141,2024-06-14 01:38:32.561800,34325,455,0.641
ICAO24_00018,WP008,52.744615,-89.590645,2024-06-14 19:52:32.561800,20267,268,0.509
ICAO24_00032,WP005,-69.270295,56.503761,2024-06-13 23:09:32.561800,4638,340,0.292
ICAO24_00008,WP002,-55.087878,-57.667012,2024-06-12 23:16:32.562144,30594,438,0.102
ICAO24_00043,WP002,-55.087878,-57.667012,2024-06-13 13:30:32.562144,7122,505,0.126
ICAO24_00041,WP006,59.415864,-177.561983,2024-06-13 03:08:32.562144,22078,579,0.753
ICAO24_00014,WP006,59.415864,-177.561983,2024-06-13 19:02:32.562144,25689,360,0.649
ICAO24_00034,WP008,52.744615,-89.590645,2024-06-13 01:23:32.562144,18118,315,0.409
ICAO24_00007,WP000,-84.632821,-38.478015,2024-06-13 11:52:32.562144,19424,288,0.547
ICAO24_00032,WP001,-35.646962,143.047845,2024-06-13 09:17:32.562144,28024,290,0.619
ICAO24_00033,WP004,-20.25543,-120.320141,2024-06-12 23:58:32.562144,21711,279,0.915
ICAO24_00013,WP001,-35.646962,143.047845,2024-06-13 06:39:32.562144,3065,489,0.992
ICAO24_00002,WP000,-84.632821,-38.478015,2024-06-13 11:51:32.562144,25320,333,0.086
ICAO24_00034,WP007,-57.826286,-139.50474,2024-06-13 01:50:32.562144,24426,576,0.128
ICAO24_00020,WP004,-20.25543,-120.320141,2024-06-13 08:45:32.562144,39062,274,0.821
ICAO24_00021,WP004,-20.25543,-120.320141,2024-06-13 10:16:32.562144,21786,409,0.844
ICAO24_00029,WP004,-20.25543,-120.320141,2024-06-13 03:03:32.562144,28956,344,0.599
ICAO24_00012,WP005,-69.270295,56.503761,2024-06-13 12:06:32.562144,29616,349,0.853
ICAO24_00015,WP002,-55.087878,-57.667012,2024-06-12 19:57:32.562144,28748,597,0.995
ICAO24_00047,WP005,-69.270295,56.503761,2024-06-13 19:15:32.562144,7195,278,0.964
ICAO24_00043,WP005,-69.270295,56.503761,2024-06-13 16:26:32.562144,19826,553,0.704
ICAO24_00031,WP000,-84.632821,-38.478015,2024-06-13 02:06:32.562144,6314,303,0.821
ICAO24_00005,WP001,-35.646962,143.047845,2024-06-13 09:23:32.562144,8361,234,0.052
ICAO24_00016,WP005,-69.270295,56.503761,2024-06-12 13:29:32.562379,11772,528,0.751
ICAO24_00039,WP008,52.744615,-89.590645,2024-06-12 00:57:32.562379,35672,364,0.062
ICAO24_00049,WP005,-69.270295,56.503761,2024-06-11 20:09:32.562379,38965,343,0.449
ICAO24_00028,WP004,-20.25543,-120.320141,2024-06-12 00:38:32.562379,22044,391,0.266
ICAO24_00016,WP004,-20.25543,-120.320141,2024-06-12 05:16:32.562379,8116,287,0.326
ICAO24_00031,WP001,-35.646962,143.047845,2024-06-12 09:16:32.562379,25848,376,0.419
ICAO24_00042,WP000,-84.632821,-38.478015,2024-06-11 22:24:32.562379,4959,473,0.187
ICAO24_00049,WP000,-84.632821,-38.478015,2024-06-11 06:52:32.562456,25099,367,0.069
ICAO24_00000,WP000,-84.632821,-38.478015,2024-06-11 04:51:32.562456,34529,452,0.251
ICAO24_00035,WP000,-84.632821,-38.478015,2024-06-11 12:56:32.562456,15658,243,0.288
ICAO24_00000,WP008,52.744615,-89.590645,2024-06-11 09:53:32.562456,14772,505,0.977
ICAO24_00034,WP004,-20.25543,-120.320141,2024-06-10 21:15:32.562456,26401,284,0.664
ICAO24_00012,WP008,52.744615,-89.590645,2024-06-10 23:02:32.562456,32283,457,0.041
ICAO24_00011,WP001,-35.646962,143.047845,2024-06-11 15:06:32.562456,19586,343,0.823
ICAO24_00005,WP004,-20.25543,-120.320141,2024-06-11 12:22:32.562456,39881,309,0.109
ICAO24_00006,WP002,-55.087878,-57.667012,2024-06-11 02:57:32.562456,4082,212,0.911
ICAO24_00006,WP007,-57.826286,-139.50474,2024-06-11 18:09:32.562456,33487,596,0.307
ICAO24_00000,WP008,52.744615,-89.590645,2024-06-11 03:01:32.562456,4460,278,0.812
ICAO24_00013,WP002,-55.087878,-57.667012,2024-06-11 03:23:32.562456,29305,221,0.361
ICAO24_00049,WP002,-55.087878,-57.667012,2024-06-10 21:57:32.562456,7163,287,0.108
ICAO24_00006,WP007,-57.826286,-139.50474,2024-06-11 16:17:32.562456,13793,234,0.609
ICAO24_00026,WP000,-84.632821,-38.478015,2024-06-11 00:31:32.562456,36155,290,0.214
ICAO24_00042,WP003,21.930152,112.390543,2024-06-10 21:33:32.562456,37283,397,0.448
ICAO24_00040,WP006,59.415864,-177.561983,2024-06-10 21:58:32.562456,3666,525,0.957
ICAO24_00041,WP006,59.415864,-177.561983,2024-06-10 09:26:32.562676,29444,387,0.793
ICAO24_00037,WP001,-35.646962,143.047845,2024-06-10 13:09:32.562676,27032,276,0.107
ICAO24_00013,WP004,-20.25543,-120.320141,2024-06-10 06:47:32.562676,30428,377,0.744
ICAO24_00044,WP001,-35.646962,143.047845,2024-06-10 08:43:32.562676,24654,378,0.656
ICAO24_00016,WP003,21.930152,112.390543,2024-06-10 10:08:32.562676,22356,280,0.968
ICAO24_00043,WP001,-35.646962,143.047845,2024-06-10 00:48:32.562676,26637,231,0.478
ICAO24_00030,WP008,52.744615,-89.590645,2024-06-09 00:55:32.562743,30585,463,0.6
ICAO24_00022,WP006,59.415864,-177.561983,2024-06-09 09:53:32.562743,13012,357,0.97
ICAO24_00037,WP002,-55.087878,-57.667012,2024-06-09 08:07:32.562743,14310,215,0.005
ICAO24_00006,WP005,-69.270295,56.503761,2024-06-08 21:31:32.562743,13453,455,0.337
ICAO24_00004,WP002,-55.087878,-57.667012,2024-06-09 13:33:32.562743,35560,502,0.174
ICAO24_00034,WP009,69.053744,93.717509,2024-06-09 19:05:32.562743,9467,232,0.223
ICAO24_00011,WP000,-84.632821,-38.478015,2024-06-08 07:37:32.562821,35815,227,0.92
ICAO24_00020,WP009,69.053744,93.717509,2024-06-08 14:28:32.562821,9722,210,0.699
ICAO24_00031,WP007,-57.826286,-139.50474,2024-06-08 14:19:32.562821,37732,451,0.284
ICAO24_00000,WP003,21.930152,112.390543,2024-06-07 22:01:32.562821,33004,458,0.511
ICAO24_00012,WP005,-69.270295,56.503761,2024-06-07 20:04:32.562821,17613,369,0.525
ICAO24_00044,WP009,69.053744,93.717509,2024-06-07 22:19:32.562821,24018,209,0.29
ICAO24_00039,WP005,-69.270295,56.503761,2024-06-08 16:54:32.562821,12818,490,0.952
ICAO24_00023,WP004,-20.25543,-120.320141,2024-06-08 04:00:32.562821,19551,338,0.568
ICAO24_00040,WP003,21.930152,112.390543,2024-06-08 09:29:32.562821,28686,245,0.205
ICAO24_00045,WP009,69.053744,93.717509,2024-06-08 16:21:32.562821,27728,344,0.529
ICAO24_00018,WP006,59.415864,-177.561983,2024-06-07 17:41:32.562943,25479,588,0.385
ICAO24_00002,WP003,21.930152,112.390543,2024-06-07 03:22:32.562943,17517,282,0.529
ICAO24_00028,WP009,69.053744,93.717509,2024-06-07 15:57:32.562943,33403,414,0.355
ICAO24_00025,WP007,-57.826286,-139.50474,2024-06-07 09:27:32.562943,35878,537,0.078
ICAO24_00046,WP009,69.053744,93.717509,2024-06-07 14:31:32.562943,31191,274,0.961
ICAO24_00037,WP007,-57.826286,-139.50474,2024-06-07 08:24:32.562943,32931,454,0.274
ICAO24_00031,WP004,-20.25543,-120.320141,2024-06-07 18:22:32.562943,29704,544,0.733
ICAO24_00027,WP009,69.053744,93.717509,2024-06-07 12:58:32.562943,19366,480,0.103
ICAO24_00029,WP001,-35.646962,143.047845,2024-06-07 12:17:32.562943,12011,279,0.582
ICAO24_00030,WP006,59.415864,-177.561983,2024-06-07 15:49:32.562943,24685,289,0.399
ICAO24_00011,WP006,59.415864,-177.561983,2024-06-07 18:49:32.562943,6379,485,0.427
ICAO24_00017,WP009,69.053744,93.717509,2024-06-07 01:52:32.562943,32198,595,0.838
ICAO24_00008,WP004,-20.25543,-120.320141,2024-06-07 19:27:32.562943,21317,351,0.939
ICAO24_00033,WP009,69.053744,93.717509,2024-06-07 01:18:32.562943,31380,493,0.977
ICAO24_00040,WP006,59.415864,-177.561983,2024-06-07 07:15:32.562943,13931,382,0.971
ICAO24_00032,WP004,-20.25543,-120.320141,2024-06-07 17:29:32.562943,19694,322,0.232
ICAO24_00015,WP002,-55.087878,-57.667012,2024-06-06 10:30:32.563139,12678,432,0.317
ICAO24_00047,WP009,69.053744,93.717509,2024-06-06 03:44:32.563139,9477,496,0.312
ICAO24_00026,WP003,21.930152,112.390543,2024-06-06 04:35:32.563139,18101,291,0.434
ICAO24_00045,WP003,21.930152,112.390543,2024-06-06 09:05:32.563139,12116,442,0.084
ICAO24_00041,WP004,-20.25543,-120.320141,2024-06-05 23:44:32.563139,37022,560,0.074
ICAO24_00022,WP004,-20.25543,-120.320141,2024-06-06 04:08:32.563139,5859,262,0.257
ICAO24_00024,WP004,-20.25543,-120.320141,2024-06-06 01:34:32.563139,3519,462,0.487
ICAO24_00013,WP005,-69.270295,56.503761,2024-06-05 04:06:32.563260,28344,383,0.959
ICAO24_00031,WP001,-35.646962,143.047845,2024-06-05 10:05:32.563260,14548,422,0.705
ICAO24_00009,WP006,59.415864,-177.561983,2024-06-04 21:18:32.563260,22298,593,0.613
ICAO24_00030,WP006,59.415864,-177.561983,2024-06-05 10:05:32.563260,39448,364,0.133
ICAO24_00002,WP007,-57.826286,-139.50474,2024-06-05 03:40:32.563260,31192,570,0.948
ICAO24_00000,WP002,-55.087878,-57.667012,2024-06-05 07:15:32.563260,30063,224,0.656
ICAO24_00026,WP005,-69.270295,56.503761,2024-06-05 04:12:32.563260,28181,260,0.826
ICAO24_00049,WP008,52.744615,-89.590645,2024-06-04 22:34:32.563260,33912,468,0.005
ICAO24_00038,WP003,21.930152,112.390543,2024-06-04 21:32:32.563260,5075,541,0.609
ICAO24_00014,WP006,59.415864,-177.561983,2024-06-05 04:57:32.563260,13006,507,0.757
ICAO24_00044,WP006,59.415864,-177.561983,2024-06-05 13:05:32.563260,3503,240,0.268
ICAO24_00021,WP003,21.930152,112.390543,2024-06-04 20:20:32.563260,11973,317,0.406
ICAO24_00016,WP007,-57.826286,-139.50474,2024-06-05 15:15:32.563260,5977,387,0.23
ICAO24_00028,WP003,21.930152,112.390543,2024-06-05 13:33:32.563260,17497,421,0.625
ICAO24_00040,WP000,-84.632821,-38.478015,2024-06-04 02:00:32.563433,23153,407,0.442
ICAO24_00022,WP007,-57.826286,-139.50474,2024-06-04 09:33:32.563433,12431,505,0.555
ICAO24_00005,WP002,-55.087878,-57.667012,2024-06-04 05:51:32.563433,36863,593,0.141
ICAO24_00035,WP004,-20.25543,-120.320141,2024-06-04 16:28:32.563433,38859,408,0.203
ICAO24_00014,WP007,-57.826286,-139.50474,2024-06-03 22:39:32.563433,20567,502,0.683
ICAO24_00033,WP001,-35.646962,143.047845,2024-06-04 07:32:32.563433,16985,252,0.091
ICAO24_00038,WP000,-84.632821,-38.478015,2024-06-04 16:28:32.563433,37487,248,0.644
ICAO24_00045,WP006,59.415864,-177.561983,2024-06-04 14:35:32.563433,22195,295,0.828
ICAO24_00014,WP006,59.415864,-177.561983,2024-06-04 01:14:32.563433,18510,221,0.278
ICAO24_00025,WP008,52.744615,-89.590645,2024-06-04 04:30:32.563433,21936,557,0.199
ICAO24_00028,WP002,-55.087878,-57.667012,2024-06-04 14:04:32.563433,30357,585,0.914
ICAO24_00026,WP000,-84.632821,-38.478015,2024-06-04 08:11:32.563433,3222,375,0.007
ICAO24_00005,WP002,-55.087878,-57.667012,2024-06-04 12:42:32.563433,38634,284,0.315
ICAO24_00023,WP000,-84.632821,-38.478015,2024-06-04 18:37:32.563433,35492,230,0.436
ICAO24_00020,WP000,-84.632821,-38.478015,2024-06-03 21:05:32.563433,39249,282,0.669
ICAO24_00037,WP000,-84.632821,-38.478015,2024-06-04 04:55:32.563433,25277,406,0.245
ICAO24_00030,WP007,-57.826286,-139.50474,2024-06-03 23:45:32.563433,35474,316,0.199
ICAO24_00021,WP009,69.053744,93.717509,2024-06-03 17:46:32.563583,34988,397,0.764
ICAO24_00048,WP003,21.930152,112.390543,2024-06-03 09:09:32.563583,16350,252,0.403
ICAO24_00037,WP006,59.415864,-177.561983,2024-06-03 10:37:32.563583,4174,511,0.007
ICAO24_00016,WP005,-69.270295,56.503761,2024-06-03 10:27:32.563583,30214,352,0.059
ICAO24_00017,WP005,-69.270295,56.503761,2024-06-02 22:37:32.563583,35230,471,0.456
ICAO24_00039,WP006,59.415864,-177.561983,2024-06-02 21:57:32.563583,6247,459,0.385
ICAO24_00011,WP005,-69.270295,56.503761,2024-06-03 09:13:32.563583,34310,359,0.614
ICAO24_00048,WP007,-57.826286,-139.50474,2024-06-03 09:57:32.563583,39936,417,0.849
ICAO24_00006,WP000,-84.632821,-38.478015,2024-06-03 17:42:32.563583,7138,370,0.11
ICAO24_00045,WP008,52.744615,-89.590645,2024-06-03 06:23:32.563583,8097,397,0.26
ICAO24_00017,WP005,-69.270295,56.503761,2024-06-03 09:58:32.563583,11910,596,0.838
ICAO24_00023,WP007,-57.826286,-139.50474,2024-06-03 01:10:32.563583,13547,357,0.94
ICAO24_00002,WP009,69.053744,93.717509,2024-06-03 17:17:32.563583,3439,507,0.493
ICAO24_00028,WP000,-84.632821,-38.478015,2024-06-02 20:05:32.563583,29761,265,0.129
ICAO24_00027,WP003,21.930152,112.390543,2024-06-02 01:52:32.563687,23616,252,0.158
ICAO24_00014,WP001,-35.646962,143.047845,2024-06-02 00:50:32.563687,10095,329,0.481
ICAO24_00043,WP009,69.053744,93.717509,2024-06-02 05:51:32.563687,12133,463,0.719
ICAO24_00005,WP008,52.744615,-89.590645,2024-06-02 13:11:32.563687,29211,304,0.643
ICAO24_00031,WP006,59.415864,-177.561983,2024-06-02 04:28:32.563687,30159,233,0.75
ICAO24_00031,WP001,-35.646962,143.047845,2024-06-02 17:12:32.563687,32989,250,0.534
ICAO24_00025,WP007,-57.826286,-139.50474,2024-06-02 08:15:32.563687,37752,331,0.185
ICAO24_00002,WP003,21.930152,112.390543,2024-06-02 04:27:32.563687,39104,568,0.758
ICAO24_00017,WP009,69.053744,93.717509,2024-06-02 11:20:32.563687,35370,426,0.956
ICAO24_00005,WP000,-84.632821,-38.478015,2024-06-02 11:59:32.563687,39923,465,0.54
ICAO24_00038,WP007,-57.826286,-139.50474,2024-06-02 15:36:32.563687,26413,247,0.742
ICAO24_00025,WP008,52.744615,-89.590645,2024-06-02 16:40:32.563687,13676,442,0.237
ICAO24_00011,WP009,69.053744,93.717509,2024-06-02 14:47:32.563687,15695,470,0.091
ICAO24_00004,WP007,-57.826286,-139.50474,2024-06-02 04:06:32.563687,31158,254,0.671
ICAO24_00000,WP000,-84.632821,-38.478015,2024-06-02 09:30:32.563687,35276,449,0.084
ICAO24_00038,WP008,52.744615,-89.590645,2024-05-31 22:32:32.563791,28219,291,0.244
ICAO24_00046,WP008,52.744615,-89.590645,2024-06-01 16:32:32.563791,15873,367,0.92
ICAO24_00007,WP001,-35.646962,143.047845,2024-06-01 10:29:32.563791,10333,437,0.689
ICAO24_00025,WP003,21.930152,112.390543,2024-06-01 10:04:32.563791,19635,583,0.568
ICAO24_00043,WP005,-69.270295,56.503761,2024-05-31 23:01:32.563791,31983,579,0.556
ICAO24_00042,WP002,-55.087878,-57.667012,2024-06-01 01:12:32.563791,15745,564,0.726
ICAO24_00039,WP002,-55.087878,-57.667012,2024-06-01 05:16:32.563791,16131,319,0.744
ICAO24_00022,WP007,-57.826286,-139.50474,2024-06-01 08:57:32.563791,39034,398,0.715
ICAO24_00033,WP007,-57.826286,-139.50474,2024-06-01 11:40:32.563791,37992,444,0.006
ICAO24_00048,WP001,-35.646962,143.047845,2024-05-31 20:35:32.563791,30348,282,0.5
ICAO24_00030,WP006,59.415864,-177.561983,2024-06-01 08:58:32.563791,15976,522,0.007
ICAO24_00041,WP000,-84.632821,-38.478015,2024-06-01 14:54:32.563791,30298,535,0.8
ICAO24_00004,WP009,69.053744,93.717509,2024-06-01 12:23:32.563791,13231,431,0.98
ICAO24_00009,WP004,-20.25543,-120.320141,2024-06-01 08:52:32.563791,20526,306,0.721
ICAO24_00030,WP009,69.053744,93.717509,2024-06-01 05:49:32.563791,13196,208,0.148
ICAO24_00030,WP006,59.415864,-177.561983,2024-06-01 15:11:32.563791,6523,515,0.541
ICAO24_00001,WP007,-57.826286,-139.50474,2024-06-01 00:51:32.563791,6306,542,0.933
ICAO24_00000,WP003,21.930152,112.390543,2024-06-01 01:14:32.563791,20150,202,0.484
ICAO24_00031,WP008,52.744615,-89.590645,2024-05-31 23:39:32.563791,6934,226,0.514
ICAO24_00026,WP006,59.415864,-177.561983,2024-06-01 05:26:32.563791,23036,456,0.398
ICAO24_00048,WP007,-57.826286,-139.50474,2024-05-30 22:09:32.563959,34622,580,0.758
ICAO24_00034,WP003,21.930152,112.390543,2024-05-31 00:53:32.563959,13498,588,0.254
ICAO24_00030,WP001,-35.646962,143.047845,2024-05-30 21:57:32.563959,37504,200,0.32
ICAO24_00018,WP006,59.415864,-177.561983,2024-05-30 20:43:32.563959,33167,391,0.489
ICAO24_00037,WP008,52.744615,-89.590645,2024-05-31 15:25:32.563959,17351,480,0.411
ICAO24_00046,WP008,52.744615,-89.590645,2024-05-30 22:05:32.563959,3719,489,0.258
ICAO24_00040,WP002,-55.087878,-57.667012,2024-05-31 08:57:32.563959,23886,201,0.977
ICAO24_00005,WP007,-57.826286,-139.50474,2024-05-30 23:25:32.563959,30480,282,0.187
ICAO24_00037,WP000,-84.632821,-38.478015,2024-05-31 13:14:32.563959,33641,359,0.565
ICAO24_00026,WP006,59.415864,-177.561983,2024-05-31 08:12:32.563959,21390,325,0.801
ICAO24_00049,WP007,-57.826286,-139.50474,2024-05-31 15:25:32.563959,31601,334,0.022
ICAO24_00032,WP007,-57.826286,-139.50474,2024-05-30 21:58:32.563959,24243,488,0.146
ICAO24_00017,WP007,-57.826286,-139.50474,2024-05-31 04:06:32.563959,22877,373,0.85
ICAO24_00036,WP002,-55.087878,-57.667012,2024-05-30 20:38:32.563959,6472,470,0.501
ICAO24_00047,WP000,-84.632821,-38.478015,2024-05-31 18:32:32.563959,17795,481,0.064
ICAO24_00008,WP009,69.053744,93.717509,2024-05-31 11:40:32.563959,12559,429,0.613
ICAO24_00025,WP003,21.930152,112.390543,2024-05-30 16:20:32.564068,8442,534,0.873
ICAO24_00028,WP003,21.930152,112.390543,2024-05-30 08:59:32.564068,14077,354,0.98
ICAO24_00035,WP000,-84.632821,-38.478015,2024-05-30 05:21:32.564068,39418,332,0.837
ICAO24_00018,WP004,-20.25543,-120.320141,2024-05-30 09:56:32.564068,12295,272,0.832
ICAO24_00043,WP000,-84.632821,-38.478015,2024-05-30 07:39:32.564068,27984,494,0.819
ICAO24_00011,WP002,-55.087878,-57.667012,2024-05-30 14:32:32.564068,24062,399,0.092
ICAO24_00037,WP008,52.744615,-89.590645,2024-05-30 11:29:32.564068,8968,287,0.083
ICAO24_00039,WP003,21.930152,112.390543,2024-05-30 06:18:32.564068,18905,430,0.644
ICAO24_00039,WP001,-35.646962,143.047845,2024-05-30 19:39:32.564068,8901,430,0.635
ICAO24_00017,WP009,69.053744,93.717509,2024-05-30 07:40:32.564068,3265,253,0.148
ICAO24_00044,WP007,-57.826286,-139.50474,2024-05-30 07:34:32.564068,28049,205,0.188
ICAO24_00015,WP005,-69.270295,56.503761,2024-05-28 23:17:32.564159,29762,574,0.85
ICAO24_00014,WP008,52.744615,-89.590645,2024-05-29 12:36:32.564159,8472,434,0.21
ICAO24_00026,WP003,21.930152,112.390543,2024-05-29 15:07:32.564159,35944,510,0.12
ICAO24_00034,WP009,69.053744,93.717509,2024-05-28 22:37:32.564159,23195,260,0.275
ICAO24_00041,WP005,-69.270295,56.503761,2024-05-29 04:57:32.564159,12551,304,0.571
ICAO24_00042,WP006,59.415864,-177.561983,2024-05-29 00:38:32.564159,22960,438,0.366
ICAO24_00028,WP007,-57.826286,-139.50474,2024-05-29 14:27:32.564159,28922,490,0.351
ICAO24_00022,WP000,-84.632821,-38.478015,2024-05-29 10:49:32.564159,20432,588,0.842
ICAO24_00013,WP009,69.053744,93.717509,2024-05-29 06:41:32.564159,14301,340,0.48
ICAO24_00028,WP004,-20.25543,-120.320141,2024-05-29 18:07:32.564159,38618,510,0.597
ICAO24_00005,WP006,59.415864,-177.561983,2024-05-28 22:34:32.564159,28328,351,0.159
ICAO24_00046,WP007,-57.826286,-139.50474,2024-05-29 01:10:32.564159,22431,410,0.96
ICAO24_00041,WP009,69.053744,93.717509,2024-05-29 03:25:32.564159,16777,403,0.416
ICAO24_00009,WP009,69.053744,93.717509,2024-05-27 21:10:32.564246,17014,339,0.3
ICAO24_00038,WP000,-84.632821,-38.478015,2024-05-28 04:13:32.564246,16539,268,0.908
ICAO24_00035,WP003,21.930152,112.390543,2024-05-28 16:55:32.564246,13938,383,0.153
ICAO24_00019,WP003,21.930152,112.390543,2024-05-27 23:48:32.564246,36614,496,0.766
ICAO24_00024,WP005,-69.270295,56.503761,2024-05-27 22:14:32.564246,28825,550,0.886
ICAO24_00015,WP007,-57.826286,-139.50474,2024-05-28 00:53:32.564246,29607,252,0.261
ICAO24_00011,WP008,52.744615,-89.590645,2024-05-28 04:25:32.564246,15067,541,0.481
ICAO24_00000,WP008,52.744615,-89.590645,2024-05-28 13:26:32.564246,15951,401,0.33
ICAO24_00028,WP002,-55.087878,-57.667012,2024-05-27 22:40:32.564246,39328,411,0.032
ICAO24_00027,WP009,69.053744,93.717509,2024-05-28 19:29:32.564246,30418,317,0.415
ICAO24_00015,WP006,59.415864,-177.561983,2024-05-28 16:19:32.564246,7888,230,0.794
ICAO24_00030,WP008,52.744615,-89.590645,2024-05-28 00:25:32.564246,32995,421,0.626
ICAO24_00014,WP002,-55.087878,-57.667012,2024-05-28 13:53:32.564246,15639,352,0.611
ICAO24_00034,WP003,21.930152,112.390543,2024-05-28 14:09:32.564246,9650,398,0.659
ICAO24_00041,WP000,-84.632821,-38.478015,2024-05-28 11:26:32.564246,30090,326,0.576
ICAO24_00032,WP008,52.744615,-89.590645,2024-05-28 13:22:32.564246,8174,415,0.377
ICAO24_00011,WP006,59.415864,-177.561983,2024-05-28 16:16:32.564246,10324,448,0.523
ICAO24_00046,WP003,21.930152,112.390543,2024-05-28 18:26:32.564246,33560,432,0.644
ICAO24_00033,WP006,59.415864,-177.561983,2024-05-27 23:51:32.564246,36679,406,0.597
ICAO24_00045,WP001,-35.646962,143.047845,2024-05-27 10:31:32.564382,37388,272,0.34
ICAO24_00008,WP008,52.744615,-89.590645,2024-05-27 14:56:32.564382,9806,213,0.158
ICAO24_00036,WP001,-35.646962,143.047845,2024-05-27 19:19:32.564382,24261,227,0.041
ICAO24_00010,WP000,-84.632821,-38.478015,2024-05-27 15:25:32.564382,38263,409,0.296
ICAO24_00008,WP001,-35.646962,143.047845,2024-05-27 05:51:32.564382,22299,470,0.754
ICAO24_00022,WP002,-55.087878,-57.667012,2024-05-27 06:00:32.564382,21371,527,0.052
ICAO24_00039,WP000,-84.632821,-38.478015,2024-05-27 00:33:32.564382,12806,412,0.133
ICAO24_00039,WP006,59.415864,-177.561983,2024-05-27 17:12:32.564382,36463,539,0.368
ICAO24_00043,WP004,-20.25543,-120.320141,2024-05-26 22:00:32.564382,12379,315,0.087
ICAO24_00010,WP004,-20.25543,-120.320141,2024-05-27 19:23:32.564382,24947,300,0.509
ICAO24_00039,WP005,-69.270295,56.503761,2024-05-26 22:11:32.564382,38043,297,0.589
ICAO24_00007,WP006,59.415864,-177.561983,2024-05-25 22:41:32.564491,22390,387,0.385
ICAO24_00008,WP006,59.415864,-177.561983,2024-05-26 19:20:32.564491,6424,330,0.161
ICAO24_00007,WP001,-35.646962,143.047845,2024-05-26 19:26:32.564491,13980,236,0.667
ICAO24_00029,WP000,-84.632821,-38.478015,2024-05-26 16:03:32.564491,16496,224,0.164
ICAO24_00012,WP007,-57.826286,-139.50474,2024-05-25 19:59:32.564491,5818,384,0.093
ICAO24_00010,WP000,-84.632821,-38.478015,2024-05-26 17:32:32.564491,19175,466,0.584
ICAO24_00036,WP009,69.053744,93.717509,2024-05-26 07:30:32.564491,32821,358,0.533
ICAO24_00023,WP006,59.415864,-177.561983,2024-05-26 09:23:32.564491,8908,520,0.741
ICAO24_00033,WP008,52.744615,-89.590645,2024-05-26 13:45:32.564491,13174,583,0.94
ICAO24_00044,WP007,-57.826286,-139.50474,2024-05-25 23:30:32.564491,35197,257,0.768
ICAO24_00045,WP000,-84.632821,-38.478015,2024-05-26 05:54:32.564491,26525,409,0.127
ICAO24_00006,WP000,-84.632821,-38.478015,2024-05-26 00:24:32.564491,14827,296,0.879
ICAO24_00002,WP003,21.930152,112.390543,2024-05-24 21:05:32.564599,18359,274,0.358
ICAO24_00039,WP003,21.930152,112.390543,2024-05-24 23:20:32.564599,35728,422,0.515
ICAO24_00014,WP008,52.744615,-89.590645,2024-05-25 04:01:32.564599,9035,444,0.304
ICAO24_00026,WP007,-57.826286,-139.50474,2024-05-25 06:18:32.564599,23357,373,0.019
ICAO24_00036,WP008,52.744615,-89.590645,2024-05-25 04:18:32.564599,14735,584,0.882
ICAO24_00033,WP003,21.930152,112.390543,2024-05-24 23:32:32.564599,14026,429,0.475
ICAO24_00027,WP009,69.053744,93.717509,2024-05-25 02:17:32.564599,7500,284,0.673
ICAO24_00028,WP004,-20.25543,-120.320141,2024-05-25 07:28:32.564599,20266,316,0.949
ICAO24_00023,WP002,-55.087878,-57.667012,2024-05-24 20:50:32.564599,32890,356,0.727
ICAO24_00022,WP006,59.415864,-177.561983,2024-05-25 04:19:32.564599,10698,339,0.826
ICAO24_00034,WP009,69.053744,93.717509,2024-05-25 04:43:32.564599,28638,465,0.372
ICAO24_00018,WP004,-20.25543,-120.320141,2024-05-25 16:47:32.564599,3159,440,0.846
ICAO24_00007,WP009,69.053744,93.717509,2024-05-24 00:25:32.564710,31276,283,0.98
ICAO24_00016,WP006,59.415864,-177.561983,2024-05-24 18:12:32.564710,39444,345,0.477
ICAO24_00004,WP003,21.930152,112.390543,2024-05-24 06:24:32.564710,14017,232,0.376
ICAO24_00028,WP003,21.930152,112.390543,2024-05-24 07:59:32.564710,10576,390,0.111
ICAO24_00031,WP001,-35.646962,143.047845,2024-05-24 07:08:32.564710,39067,586,0.44
ICAO24_00020,WP003,21.930152,112.390543,2024-05-24 03:40:32.564710,12417,250,0.252
ICAO24_00035,WP002,-55.087878,-57.667012,2024-05-24 14:41:32.564710,25089,416,0.787
ICAO24_00007,WP001,-35.646962,143.047845,2024-05-24 02:20:32.564710,6731,309,0.6
ICAO24_00005,WP002,-55.087878,-57.667012,2024-05-23 10:23:32.564768,30201,298,0.504
ICAO24_00020,WP004,-20.25543,-120.320141,2024-05-23 08:48:32.564768,8997,424,0.039
ICAO24_00021,WP009,69.053744,93.717509,2024-05-23 00:41:32.564768,4317,200,0.477
ICAO24_00025,WP005,-69.270295,56.503761,2024-05-23 01:27:32.564768,21880,554,0.1
ICAO24_00046,WP006,59.415864,-177.561983,2024-05-23 15:03:32.564768,17240,590,0.071
ICAO24_00011,WP001,-35.646962,143.047845,2024-05-23 15:00:32.564768,15129,433,0.121
ICAO24_00049,WP009,69.053744,93.717509,2024-05-22 09:59:32.564810,7618,296,0.728
ICAO24_00039,WP009,69.053744,93.717509,2024-05-22 04:13:32.564810,10687,553,0.875
ICAO24_00017,WP000,-84.632821,-38.478015,2024-05-21 23:05:32.564810,33412,321,0.533
ICAO24_00049,WP009,69.053744,93.717509,2024-05-22 04:55:32.564810,3441,334,0.433
ICAO24_00047,WP002,-55.087878,-57.667012,2024-05-22 05:10:32.564810,39652,409,0.883
ICAO24_00031,WP000,-84.632821,-38.478015,2024-05-21 20:12:32.564810,30728,579,0.325
ICAO24_00025,WP002,-55.087878,-57.667012,2024-05-22 10:04:32.564810,19894,398,0.053
ICAO24_00039,WP004,-20.25543,-120.320141,2024-05-22 10:32:32.564810,35538,243,0.588
ICAO24_00038,WP004,-20.25543,-120.320141,2024-05-22 00:01:32.564810,32749,361,0.124
ICAO24_00007,WP008,52.744615,-89.590645,2024-05-22 07:37:32.564810,35937,261,0.679
ICAO24_00017,WP000,-84.632821,-38.478015,2024-05-22 03:08:32.564810,32170,453,0.739
ICAO24_00032,WP003,21.930152,112.390543,2024-05-21 22:18:32.564810,5558,203,0.334
ICAO24_00010,WP002,-55.087878,-57.667012,2024-05-22 18:59:32.564810,35044,349,0.665
ICAO24_00001,WP004,-20.25543,-120.320141,2024-05-22 07:11:32.564810,30715,271,0.729
ICAO24_00013,WP002,-55.087878,-57.667012,2024-05-22 12:24:32.564810,6632,501,0.266
ICAO24_00012,WP009,69.053744,93.717509,2024-05-22 19:09:32.564810,24861,253,0.858
ICAO24_00045,WP009,69.053744,93.717509,2024-05-22 02:27:32.564810,27105,313,0.371
ICAO24_00015,WP004,-20.25543,-120.320141,2024-05-22 03:52:32.564810,19286,270,0.946
ICAO24_00044,WP001,-35.646962,143.047845,2024-05-22 07:30:32.564810,32151,282,0.736
ICAO24_00002,WP009,69.053744,93.717509,2024-05-22 07:22:32.564810,7561,539,0.522
ICAO24_00021,WP006,59.415864,-177.561983,2024-05-21 07:55:32.564948,28610,600,0.669
ICAO24_00032,WP002,-55.087878,-57.667012,2024-05-21 00:27:32.564948,34157,426,0.417
ICAO24_00023,WP006,59.415864,-177.561983,2024-05-21 18:23:32.564948,38127,312,0.677
ICAO24_00021,WP001,-35.646962,143.047845,2024-05-20 22:37:32.564948,22546,242,0.027
ICAO24_00018,WP004,-20.25543,-120.320141,2024-05-21 18:46:32.564948,17968,576,0.014
ICAO24_00035,WP005,-69.270295,56.503761,2024-05-21 00:49:32.564948,14275,413,0.281
ICAO24_00038,WP003,21.930152,112.390543,2024-05-21 11:35:32.564948,19508,497,0.054
ICAO24_00009,WP008,52.744615,-89.590645,2024-05-21 03:14:32.564948,16859,562,0.02
ICAO24_00025,WP006,59.415864,-177.561983,2024-05-21 03:27:32.564948,27668,457,0.921
ICAO24_00026,WP004,-20.25543,-120.320141,2024-05-21 04:48:32.564948,30586,292,0.55
ICAO24_00006,WP009,69.053744,93.717509,2024-05-21 08:52:32.564948,21504,268,0.578
ICAO24_00020,WP008,52.744615,-89.590645,2024-05-21 00:23:32.564948,15685,445,0.763
ICAO24_00013,WP000,-84.632821,-38.478015,2024-05-21 17:38:32.564948,28984,377,0.972
ICAO24_00019,WP008,52.744615,-89.590645,2024-05-19 22:46:32.565043,7756,594,0.005
ICAO24_00038,WP006,59.415864,-177.561983,2024-05-20 08:09:32.565043,5501,265,0.326
ICAO24_00049,WP005,-69.270295,56.503761,2024-05-20 09:19:32.565043,5783,577,0.457
ICAO24_00011,WP000,-84.632821,-38.478015,2024-05-20 04:56:32.565043,26167,392,0.978
ICAO24_00008,WP002,-55.087878,-57.667012,2024-05-19 23:30:32.565043,23982,589,0.598
ICAO24_00027,WP004,-20.25543,-120.320141,2024-05-19 20:41:32.565043,31447,546,0.49
ICAO24_00022,WP001,-35.646962,143.047845,2024-05-20 15:56:32.565043,5580,480,0.27
ICAO24_00046,WP009,69.053744,93.717509,2024-05-20 12:09:32.565043,36524,504,0.193
ICAO24_00005,WP000,-84.632821,-38.478015,2024-05-20 00:03:32.565043,27723,255,0.693
ICAO24_00030,WP005,-69.270295,56.503761,2024-05-19 20:41:32.565043,24053,530,0.867
ICAO24_00012,WP009,69.053744,93.717509,2024-05-20 11:18:32.565043,17999,399,0.359
ICAO24_00049,WP000,-84.632821,-38.478015,2024-05-20 01:31:32.565043,11173,317,0.194
ICAO24_00020,WP003,21.930152,112.390543,2024-05-20 06:01:32.565043,37690,284,0.244
ICAO24_00025,WP000,-84.632821,-38.478015,2024-05-19 20:48:32.565043,26187,266,0.201
ICAO24_00016,WP000,-84.632821,-38.478015,2024-05-20 01:53:32.565043,9473,582,0.04
ICAO24_00036,WP005,-69.270295,56.503761,2024-05-20 06:00:32.565043,16324,534,0.784
ICAO24_00035,WP009,69.053744,93.717509,2024-05-19 04:09:32.565155,17065,281,0.321
ICAO24_00044,WP004,-20.25543,-120.320141,2024-05-19 07:08:32.565155,22087,536,0.366
ICAO24_00031,WP008,52.744615,-89.590645,2024-05-18 19:54:32.565155,17197,346,0.01
ICAO24_00002,WP007,-57.826286,-139.50474,2024-05-19 12:42:32.565155,21024,513,0.404
ICAO24_00044,WP003,21.930152,112.390543,2024-05-19 12:25:32.565155,38295,251,0.219
ICAO24_00045,WP009,69.053744,93.717509,2024-05-19 04:00:32.565155,36690,319,0.297
ICAO24_00016,WP000,-84.632821,-38.478015,2024-05-19 13:14:32.565155,37023,301,0.683
ICAO24_00009,WP002,-55.087878,-57.667012,2024-05-19 02:01:32.565155,19419,514,0.555
ICAO24_00027,WP004,-20.25543,-120.320141,2024-05-19 03:31:32.565155,9368,418,0.802
ICAO24_00030,WP002,-55.087878,-57.667012,2024-05-18 22:26:32.565155,7054,201,0.999
ICAO24_00033,WP003,21.930152,112.390543,2024-05-19 11:02:32.565155,13762,404,0.441
ICAO24_00047,WP004,-20.25543,-120.320141,2024-05-19 08:02:32.565155,15984,448,0.971
ICAO24_00044,WP008,52.744615,-89.590645,2024-05-18 20:20:32.565155,12756,408,0.297
ICAO24_00049,WP009,69.053744,93.717509,2024-05-19 11:49:32.565155,8048,328,0.051
ICAO24_00045,WP005,-69.270295,56.503761,2024-05-19 16:01:32.565155,5855,384,0.815
ICAO24_00031,WP007,-57.826286,-139.50474,2024-05-19 14:55:32.565155,29454,422,0.987
ICAO24_00011,WP001,-35.646962,143.047845,2024-05-18 14:50:32.565282,36105,201,0.69
ICAO24_00005,WP006,59.415864,-177.561983,2024-05-18 03:25:32.565282,22031,489,0.609
ICAO24_00000,WP004,-20.25543,-120.320141,2024-05-18 11:48:32.565282,30621,510,0.937
ICAO24_00049,WP004,-20.25543,-120.320141,2024-05-18 08:59:32.565282,23040,463,0.958
ICAO24_00010,WP002,-55.087878,-57.667012,2024-05-18 18:24:32.565282,20041,359,0.001
ICAO24_00023,WP008,52.744615,-89.590645,2024-05-17 00:48:32.565321,14538,313,0.845
ICAO24_00043,WP004,-20.25543,-120.320141,2024-05-17 15:56:32.565321,17787,415,0.613
ICAO24_00044,WP002,-55.087878,-57.667012,2024-05-16 20:25:32.565321,27152,561,0.846
ICAO24_00006,WP008,52.744615,-89.590645,2024-05-17 04:57:32.565321,36341,430,0.399
ICAO24_00032,WP005,-69.270295,56.503761,2024-05-16 22:36:32.565321,36407,551,0.083
ICAO24_00031,WP007,-57.826286,-139.50474,2024-05-17 03:09:32.565321,19021,525,0.805
ICAO24_00038,WP002,-55.087878,-57.667012,2024-05-17 01:30:32.565321,9030,451,0.962
ICAO24_00010,WP009,69.053744,93.717509,2024-05-17 18:26:32.565321,34305,296,0.676
ICAO24_00025,WP002,-55.087878,-57.667012,2024-05-16 20:55:32.565321,32074,466,0.039
ICAO24_00024,WP004,-20.25543,-120.320141,2024-05-17 17:26:32.565321,16212,473,0.611
ICAO24_00039,WP007,-57.826286,-139.50474,2024-05-16 22:29:32.565321,19057,597,0.156
ICAO24_00005,WP007,-57.826286,-139.50474,2024-05-17 10:01:32.565321,7411,370,0.2
ICAO24_00015,WP007,-57.826286,-139.50474,2024-05-17 09:52:32.565321,20677,206,0.58
ICAO24_00044,WP007,-57.826286,-139.50474,2024-05-17 00:43:32.565321,24899,313,0.013
ICAO24_00039,WP008,52.744615,-89.590645,2024-05-17 08:11:32.565321,4811,307,0.837
ICAO24_00017,WP002,-55.087878,-57.667012,2024-05-17 02:54:32.565321,5746,513,0.732
ICAO24_00048,WP003,21.930152,112.390543,2024-05-17 06:10:32.565321,25503,393,0.828
ICAO24_00024,WP005,-69.270295,56.503761,2024-05-17 13:46:32.565321,11642,397,0.335
ICAO24_00039,WP009,69.053744,93.717509,2024-05-17 13:31:32.565321,23387,458,0.459
ICAO24_00049,WP008,52.744615,-89.590645,2024-05-17 03:31:32.565321,26479,253,0.263
ICAO24_00036,WP001,-35.646962,143.047845,2024-05-15 21:46:32.565460,21619,494,0.144
ICAO24_00013,WP009,69.053744,93.717509,2024-05-16 07:51:32.565460,12312,294,0.87
ICAO24_00002,WP009,69.053744,93.717509,2024-05-16 18:02:32.565460,22382,282,0.316
ICAO24_00038,WP006,59.415864,-177.561983,2024-05-16 19:04:32.565460,24870,227,0.541
ICAO24_00010,WP000,-84.632821,-38.478015,2024-05-16 11:15:32.565460,6477,319,0.669
ICAO24_00041,WP008,52.744615,-89.590645,2024-05-16 07:38:32.565460,7927,209,0.957
ICAO24_00026,WP005,-69.270295,56.503761,2024-05-16 04:40:32.565460,6533,340,0.373
ICAO24_00039,WP004,-20.25543,-120.320141,2024-05-16 06:25:32.565460,32889,290,0.624
ICAO24_00031,WP003,21.930152,112.390543,2024-05-16 11:43:32.565460,35320,260,0.852
ICAO24_00036,WP005,-69.270295,56.503761,2024-05-16 10:05:32.565460,27367,201,0.36
ICAO24_00012,WP000,-84.632821,-38.478015,2024-05-16 19:48:32.565460,23585,384,0.525
ICAO24_00043,WP007,-57.826286,-139.50474,2024-05-16 03:12:32.565460,25638,574,0.263
ICAO24_00047,WP002,-55.087878,-57.667012,2024-05-16 12:27:32.565460,19614,260,0.002
ICAO24_00004,WP001,-35.646962,143.047845,2024-05-16 09:19:32.565460,28541,439,0.031
ICAO24_00043,WP000,-84.632821,-38.478015,2024-05-16 07:25:32.565460,35126,256,0.339
ICAO24_00019,WP001,-35.646962,143.047845,2024-05-16 15:04:32.565460,38760,485,0.773
ICAO24_00026,WP009,69.053744,93.717509,2024-05-16 01:33:32.565460,6999,550,0.575
ICAO24_00039,WP008,52.744615,-89.590645,2024-05-16 12:38:32.565460,4363,546,0.219
ICAO24_00025,WP004,-20.25543,-120.320141,2024-05-15 07:23:32.565582,15767,385,0.683
ICAO24_00047,WP004,-20.25543,-120.320141,2024-05-14 23:57:32.565582,38467,446,0.57
ICAO24_00022,WP001,-35.646962,143.047845,2024-05-15 11:51:32.565582,36873,353,0.954
ICAO24_00011,WP006,59.415864,-177.561983,2024-05-15 03:24:32.565582,15454,447,0.242
ICAO24_00017,WP005,-69.270295,56.503761,2024-05-15 01:40:32.565582,22712,438,0.285
ICAO24_00042,WP007,-57.826286,-139.50474,2024-05-15 05:12:32.565582,23195,313,0.656
ICAO24_00003,WP009,69.053744,93.717509,2024-05-15 19:24:32.565582,24822,317,0.212
ICAO24_00008,WP007,-57.826286,-139.50474,2024-05-15 15:33:32.565582,16914,207,0.825
ICAO24_00033,WP000,-84.632821,-38.478015,2024-05-15 02:14:32.565582,33321,269,0.256
ICAO24_00017,WP009,69.053744,93.717509,2024-05-15 07:33:32.565582,36063,405,0.81
ICAO24_00045,WP004,-20.25543,-120.320141,2024-05-15 12:24:32.565582,16301,531,0.882
ICAO24_00040,WP008,52.744615,-89.590645,2024-05-14 23:48:32.565582,33372,233,0.54
ICAO24_00003,WP004,-20.25543,-120.320141,2024-05-15 14:09:32.565582,27504,390,0.865
ICAO24_00038,WP008,52.744615,-89.590645,2024-05-15 07:29:32.565582,5865,276,0.867
ICAO24_00041,WP007,-57.826286,-139.50474,2024-05-15 17:53:32.565582,25397,315,0.5
ICAO24_00045,WP007,-57.826286,-139.50474,2024-05-15 14:51:32.565582,32449,360,0.912
ICAO24_00032,WP001,-35.646962,143.047845,2024-05-14 19:56:32.565582,21359,591,0.419
ICAO24_00005,WP003,21.930152,112.390543,2024-05-14 05:21:32.565721,16945,289,0.457
ICAO24_00022,WP008,52.744615,-89.590645,2024-05-14 01:29:32.565721,12548,592,0.324
ICAO24_00038,WP008,52.744615,-89.590645,2024-05-13 22:17:32.565721,34144,362,0.648
ICAO24_00034,WP003,21.930152,112.390543,2024-05-14 00:18:32.565721,25645,368,0.485
ICAO24_00043,WP006,59.415864,-177.561983,2024-05-14 10:30:32.565721,9287,387,0.051
ICAO24_00012,WP008,52.744615,-89.590645,2024-05-14 18:11:32.565721,22594,252,0.132
ICAO24_00003,WP005,-69.270295,56.503761,2024-05-14 10:34:32.565721,34668,477,0.04
ICAO24_00020,WP008,52.744615,-89.590645,2024-05-14 06:48:32.565721,11192,508,0.882
ICAO24_00049,WP003,21.930152,112.390543,2024-05-14 11:29:32.565721,35453,345,0.141
ICAO24_00018,WP000,-84.632821,-38.478015,2024-05-14 08:32:32.565721,24598,234,0.724
ICAO24_00032,WP001,-35.646962,143.047845,2024-05-14 01:32:32.565721,7243,465,0.479
ICAO24_00049,WP004,-20.25543,-120.320141,2024-05-13 23:44:32.565721,17411,535,0.754
ICAO24_00013,WP007,-57.826286,-139.50474,2024-05-14 14:01:32.565721,4213,453,0.005
ICAO24_00001,WP008,52.744615,-89.590645,2024-05-13 13:04:32.565812,21582,478,0.477
ICAO24_00001,WP009,69.053744,93.717509,2024-05-12 20:44:32.565812,22279,489,0.62
ICAO24_00044,WP003,21.930152,112.390543,2024-05-13 07:14:32.565812,17167,408,0.924
ICAO24_00026,WP003,21.930152,112.390543,2024-05-12 23:40:32.565812,24956,448,0.019
ICAO24_00047,WP003,21.930152,112.390543,2024-05-13 04:36:32.565812,28768,335,0.126
ICAO24_00008,WP003,21.930152,112.390543,2024-05-13 11:34:32.565812,7928,315,0.587
ICAO24_00035,WP000,-84.632821,-38.478015,2024-05-12 20:07:32.565812,17002,441,0.089
ICAO24_00002,WP003,21.930152,112.390543,2024-05-13 16:03:32.565812,28537,353,0.619
ICAO24_00041,WP008,52.744615,-89.590645,2024-05-12 15:06:32.566022,30929,382,0.174
ICAO24_00041,WP008,52.744615,-89.590645,2024-05-11 22:13:32.566022,15105,362,0.286
ICAO24_00004,WP008,52.744615,-89.590645,2024-05-11 22:31:32.566022,36058,213,0.983
ICAO24_00017,WP008,52.744615,-89.590645,2024-05-12 17:12:32.566022,10040,396,0.19
ICAO24_00016,WP001,-35.646962,143.047845,2024-05-12 19:23:32.566022,13384,267,0.051
ICAO24_00037,WP000,-84.632821,-38.478015,2024-05-12 17:32:32.566022,3327,352,0.595
ICAO24_00031,WP006,59.415864,-177.561983,2024-05-11 20:45:32.566022,21473,286,0.262
ICAO24_00039,WP007,-57.826286,-139.50474,2024-05-11 23:27:32.566022,22704,344,0.808
ICAO24_00034,WP009,69.053744,93.717509,2024-05-12 18:44:32.566022,37435,481,0.958
ICAO24_00042,WP005,-69.270295,56.503761,2024-05-11 20:13:32.566022,21780,466,0.607
ICAO24_00004,WP002,-55.087878,-57.667012,2024-05-12 07:39:32.566022,14083,420,0.746
ICAO24_00031,WP008,52.744615,-89.590645,2024-05-12 14:31:32.566022,36584,395,0.884
ICAO24_00011,WP003,21.930152,112.390543,2024-05-12 10:26:32.566022,4928,598,0.231
ICAO24_00004,WP007,-57.826286,-139.50474,2024-05-12 11:05:32.566022,25449,365,0.484
ICAO24_00040,WP009,69.053744,93.717509,2024-05-12 08:31:32.566022,25477,346,0.419
ICAO24_00019,WP003,21.930152,112.390543,2024-05-12 01:36:32.566022,10607,330,0.873
ICAO24_00022,WP008,52.744615,-89.590645,2024-05-12 08:45:32.566022,29714,487,0.226
ICAO24_00012,WP001,-35.646962,143.047845,2024-05-12 04:38:32.566022,36558,326,0.294
ICAO24_00027,WP004,-20.25543,-120.320141,2024-05-12 09:27:32.566022,29080,264,0.004
ICAO24_00030,WP000,-84.632821,-38.478015,2024-05-12 18:58:32.566022,16571,451,0.758
ICAO24_00028,WP007,-57.826286,-139.50474,2024-05-11 08:57:32.566166,14915,501,0.718
ICAO24_00046,WP005,-69.270295,56.503761,2024-05-11 11:51:32.566166,32606,549,0.242
ICAO24_00021,WP009,69.053744,93.717509,2024-05-11 00:46:32.566166,33266,432,0.4
ICAO24_00020,WP006,59.415864,-177.561983,2024-05-10 19:57:32.566166,3095,555,0.848
ICAO24_00006,WP003,21.930152,112.390543,2024-05-11 18:51:32.566166,12049,513,0.42
ICAO24_00020,WP008,52.744615,-89.590645,2024-05-11 04:57:32.566166,30879,400,0.701
ICAO24_00043,WP000,-84.632821,-38.478015,2024-05-11 11:04:32.566166,8210,265,0.396
ICAO24_00009,WP003,21.930152,112.390543,2024-05-11 14:37:32.566166,10514,475,0.365
ICAO24_00013,WP009,69.053744,93.717509,2024-05-11 15:00:32.566166,31749,545,0.395
ICAO24_00016,WP008,52.744615,-89.590645,2024-05-10 20:01:32.566166,10051,589,0.405
ICAO24_00002,WP001,-35.646962,143.047845,2024-05-11 19:20:32.566166,33712,594,0.345
ICAO24_00041,WP008,52.744615,-89.590645,2024-05-11 15:29:32.566166,13270,291,0.911
ICAO24_00006,WP002,-55.087878,-57.667012,2024-05-10 22:52:32.566166,36879,516,0.407
ICAO24_00002,WP002,-55.087878,-57.667012,2024-05-11 14:16:32.566166,29015,366,0.728
ICAO24_00028,WP009,69.053744,93.717509,2024-05-11 08:52:32.566166,18717,427,0.249
ICAO24_00019,WP000,-84.632821,-38.478015,2024-05-10 03:57:32.566285,34747,465,0.432
ICAO24_00048,WP002,-55.087878,-57.667012,2024-05-10 11:25:32.566285,35298,218,0.953
ICAO24_00040,WP006,59.415864,-177.561983,2024-05-10 08:17:32.566285,11495,475,0.681
ICAO24_00014,WP001,-35.646962,143.047845,2024-05-10 00:52:32.566285,21460,460,0.927
ICAO24_00029,WP007,-57.826286,-139.50474,2024-05-09 23:34:32.566285,3780,446,0.057
ICAO24_00024,WP009,69.053744,93.717509,2024-05-10 01:39:32.566285,34584,359,0.863
ICAO24_00029,WP009,69.053744,93.717509,2024-05-10 19:30:32.566285,10103,297,0.393
ICAO24_00030,WP002,-55.087878,-57.667012,2024-05-10 12:48:32.566285,5944,534,0.318
ICAO24_00009,WP002,-55.087878,-57.667012,2024-05-10 17:29:32.566285,9977,579,0.36
ICAO24_00046,WP008,52.744615,-89.590645,2024-05-10 12:04:32.566285,24672,369,0.946
ICAO24_00011,WP008,52.744615,-89.590645,2024-05-10 05:06:32.566285,22617,452,0.013
ICAO24_00031,WP000,-84.632821,-38.478015,2024-05-10 19:37:32.566285,37836,547,0.509
ICAO24_00015,WP009,69.053744,93.717509,2024-05-10 15:56:32.566285,36722,463,0.721
ICAO24_00049,WP006,59.415864,-177.561983,2024-05-10 15:16:32.566285,21020,575,0.13
ICAO24_00021,WP001,-35.646962,143.047845,2024-05-10 04:54:32.566285,24192,356,0.289
ICAO24_00041,WP007,-57.826286,-139.50474,2024-05-08 21:16:32.566389,21601,377,0.677
ICAO24_00015,WP007,-57.826286,-139.50474,2024-05-09 08:39:32.566389,30799,254,0.638
ICAO24_00003,WP008,52.744615,-89.590645,2024-05-08 21:31:32.566389,11681,252,0.715
ICAO24_00023,WP006,59.415864,-177.561983,2024-05-08 23:49:32.566389,15661,502,0.136
ICAO24_00036,WP001,-35.646962,143.047845,2024-05-09 10:33:32.566389,5737,578,0.525
ICAO24_00019,WP008,52.744615,-89.590645,2024-05-09 06:45:32.566389,33171,598,0.601
ICAO24_00015,WP004,-20.25543,-120.320141,2024-05-09 04:35:32.566389,5810,364,0.401
ICAO24_00037,WP006,59.415864,-177.561983,2024-05-09 12:11:32.566389,14600,420,0.484
ICAO24_00018,WP008,52.744615,-89.590645,2024-05-08 06:22:32.566443,34679,581,0.938
ICAO24_00039,WP006,59.415864,-177.561983,2024-05-08 07:51:32.566443,21359,308,0.545
ICAO24_00028,WP002,-55.087878,-57.667012,2024-05-08 09:01:32.566443,31915,275,0.756
ICAO24_00029,WP006,59.415864,-177.561983,2024-05-08 01:50:32.566443,22002,439,0.102
ICAO24_00033,WP001,-35.646962,143.047845,2024-05-08 15:24:32.566443,9735,476,0.801
ICAO24_00000,WP004,-20.25543,-120.320141,2024-05-07 23:00:32.566443,9908,522,0.033
ICAO24_00008,WP003,21.930152,112.390543,2024-05-08 07:20:32.566443,19940,430,0.793
ICAO24_00038,WP008,52.744615,-89.590645,2024-05-07 20:11:32.566443,22981,267,0.218
ICAO24_00007,WP009,69.053744,93.717509,2024-05-08 06:45:32.566443,5601,507,0.573
ICAO24_00033,WP004,-20.25543,-120.320141,2024-05-08 16:15:32.566443,32934,231,0.798
ICAO24_00017,WP000,-84.632821,-38.478015,2024-05-08 06:32:32.566443,27999,429,0.44
ICAO24_00029,WP008,52.744615,-89.590645,2024-05-08 08:49:32.566443,21068,206,0.354
ICAO24_00032,WP006,59.415864,-177.561983,2024-05-08 16:33:32.566443,9907,550,0.543
ICAO24_00034,WP006,59.415864,-177.561983,2024-05-08 07:18:32.566443,8584,519,0.315
ICAO24_00013,WP008,52.744615,-89.590645,2024-05-08 16:48:32.566443,5173,573,0.129
ICAO24_00008,WP007,-57.826286,-139.50474,2024-05-08 11:08:32.566443,36794,304,0.6
ICAO24_00030,WP005,-69.270295,56.503761,2024-05-08 10:31:32.566443,13448,482,0.197
ICAO24_00047,WP007,-57.826286,-139.50474,2024-05-08 17:08:32.566443,35992,429,0.607
ICAO24_00023,WP003,21.930152,112.390543,2024-05-07 06:45:32.566580,26167,450,0.081
ICAO24_00038,WP005,-69.270295,56.503761,2024-05-07 16:13:32.566580,3151,284,0.85
ICAO24_00036,WP005,-69.270295,56.503761,2024-05-07 09:13:32.566580,23441,436,0.758
ICAO24_00045,WP001,-35.646962,143.047845,2024-05-07 16:38:32.566580,28957,296,0.936
ICAO24_00037,WP007,-57.826286,-139.50474,2024-05-07 11:10:32.566580,6994,318,0.56
ICAO24_00044,WP000,-84.632821,-38.478015,2024-05-07 13:57:32.566580,20180,424,0.325
ICAO24_00045,WP007,-57.826286,-139.50474,2024-05-07 12:33:32.566580,11577,435,0.238
ICAO24_00034,WP008,52.744615,-89.590645,2024-05-07 14:21:32.566580,25765,531,0.069
ICAO24_00017,WP005,-69.270295,56.503761,2024-05-07 18:55:32.566580,37851,207,0.013
ICAO24_00000,WP009,69.053744,93.717509,2024-05-06 00:06:32.566654,16755,442,0.971
ICAO24_00048,WP000,-84.632821,-38.478015,2024-05-06 04:31:32.566654,4440,282,0.481
ICAO24_00011,WP004,-20.25543,-120.320141,2024-05-06 09:17:32.566654,7128,513,0.026
ICAO24_00019,WP004,-20.25543,-120.320141,2024-05-06 09:04:32.566654,13833,571,0.65
ICAO24_00044,WP000,-84.632821,-38.478015,2024-05-06 13:59:32.566654,5648,341,0.95
ICAO24_00023,WP000,-84.632821,-38.478015,2024-05-06 05:09:32.566654,25339,272,0.618
ICAO24_00012,WP004,-20.25543,-120.320141,2024-05-06 03:41:32.566654,25738,459,0.863
ICAO24_00025,WP001,-35.646962,143.047845,2024-05-06 00:31:32.566654,24322,315,0.753
ICAO24_00037,WP006,59.415864,-177.561983,2024-05-05 22:28:32.566654,25945,275,0.529
ICAO24_00027,WP003,21.930152,112.390543,2024-05-06 10:42:32.566654,16164,236,0.645
ICAO24_00002,WP005,-69.270295,56.503761,2024-05-06 01:23:32.566654,19276,311,0.268
ICAO24_00010,WP008,52.744615,-89.590645,2024-05-06 06:08:32.566654,28494,264,0.646
ICAO24_00003,WP006,59.415864,-177.561983,2024-05-05 19:44:32.566760,10114,470,0.069
ICAO24_00022,WP002,-55.087878,-57.667012,2024-05-05 16:20:32.566760,36022,285,0.104
ICAO24_00029,WP003,21.930152,112.390543,2024-05-05 17:33:32.566760,25743,358,0.493
ICAO24_00042,WP009,69.053744,93.717509,2024-05-05 01:23:32.566760,18785,436,0.685
ICAO24_00049,WP006,59.415864,-177.561983,2024-05-05 06:13:32.566760,26033,341,0.441
ICAO24_00005,WP007,-57.826286,-139.50474,2024-05-05 05:08:32.566760,8207,404,0.591
ICAO24_00036,WP007,-57.826286,-139.50474,2024-05-05 15:06:32.566760,28477,455,0.437
ICAO24_00031,WP005,-69.270295,56.503761,2024-05-05 17:09:32.566760,17226,210,0.614
ICAO24_00031,WP002,-55.087878,-57.667012,2024-05-05 16:49:32.566760,30471,293,0.226
ICAO24_00026,WP009,69.053744,93.717509,2024-05-04 14:01:32.566827,3043,295,0.31
ICAO24_00040,WP001,-35.646962,143.047845,2024-05-04 01:05:32.566827,12660,275,0.923
ICAO24_00014,WP003,21.930152,112.390543,2024-05-04 06:57:32.566827,18069,400,0.966
ICAO24_00003,WP000,-84.632821,-38.478015,2024-05-04 13:45:32.566827,27988,333,0.765
ICAO24_00003,WP003,21.930152,112.390543,2024-05-03 20:48:32.566827,34980,558,0.845
ICAO24_00038,WP007,-57.826286,-139.50474,2024-05-04 06:55:32.566827,35034,522,0.996
ICAO24_00027,WP001,-35.646962,143.047845,2024-05-04 06:51:32.566827,20120,374,0.099
ICAO24_00047,WP007,-57.826286,-139.50474,2024-05-04 17:45:32.566827,28104,579,0.985
ICAO24_00027,WP005,-69.270295,56.503761,2024-05-04 17:58:32.566827,21597,427,0.791
ICAO24_00027,WP009,69.053744,93.717509,2024-05-04 01:55:32.566827,20866,308,0.058
ICAO24_00011,WP003,21.930152,112.390543,2024-05-04 05:44:32.566827,4867,503,0.655
ICAO24_00047,WP007,-57.826286,-139.50474,2024-05-04 04:19:32.566827,36953,505,0.429
ICAO24_00026,WP002,-55.087878,-57.667012,2024-05-04 13:45:32.566827,22765,457,0.979
ICAO24_00036,WP002,-55.087878,-57.667012,2024-05-04 16:35:32.566827,39976,403,0.92
ICAO24_00041,WP001,-35.646962,143.047845,2024-05-03 05:34:32.566956,13765,392,0.441
ICAO24_00041,WP007,-57.826286,-139.50474,2024-05-03 06:10:32.566956,8915,422,0.306
ICAO24_00018,WP009,69.053744,93.717509,2024-05-03 02:54:32.566956,11748,594,0.332
ICAO24_00015,WP009,69.053744,93.717509,2024-05-03 05:58:32.566956,3853,570,0.51
ICAO24_00040,WP000,-84.632821,-38.478015,2024-05-02 22:47:32.566956,18571,380,0.351
ICAO24_00001,WP005,-69.270295,56.503761,2024-05-03 03:55:32.566956,5575,378,0.324
ICAO24_00024,WP001,-35.646962,143.047845,2024-05-03 19:18:32.566956,3994,413,0.398
ICAO24_00018,WP004,-20.25543,-120.320141,2024-05-03 06:46:32.566956,16509,374,0.122
ICAO24_00018,WP008,52.744615,-89.590645,2024-05-02 22:21:32.566956,35900,311,0.27
ICAO24_00014,WP005,-69.270295,56.503761,2024-05-03 15:18:32.566956,27556,436,0.213
ICAO24_00005,WP008,52.744615,-89.590645,2024-05-02 23:39:32.566956,34432,588,0.536
ICAO24_00032,WP005,-69.270295,56.503761,2024-05-03 18:06:32.566956,6673,253,0.116
ICAO24_00042,WP001,-35.646962,143.047845,2024-05-03 09:11:32.566956,28013,287,0.948
ICAO24_00032,WP008,52.744615,-89.590645,2024-05-03 18:27:32.566956,34458,497,0.731
ICAO24_00040,WP008,52.744615,-89.590645,2024-05-03 12:51:32.566956,4149,277,0.795
ICAO24_00015,WP003,21.930152,112.390543,2024-05-02 20:42:32.566956,33511,364,0.23
ICAO24_00043,WP009,69.053744,93.717509,2024-05-02 20:55:32.566956,16608,600,0.285
ICAO24_00031,WP000,-84.632821,-38.478015,2024-05-03 07:27:32.566956,39503,263,0.222
ICAO24_00011,WP008,52.744615,-89.590645,2024-05-03 16:29:32.566956,15996,566,0.582
ICAO24_00012,WP001,-35.646962,143.047845,2024-05-03 06:03:32.566956,12222,419,0.546
ICAO24_00046,WP003,21.930152,112.390543,2024-05-02 03:37:32.567102,26611,360,0.069
ICAO24_00019,WP006,59.415864,-177.561983,2024-05-02 19:03:32.567102,33048,359,0.148
ICAO24_00047,WP004,-20.25543,-120.320141,2024-05-02 10:47:32.567102,22033,547,0.065
ICAO24_00013,WP007,-57.826286,-139.50474,2024-05-02 17:24:32.567102,21130,297,0.566
ICAO24_00037,WP008,52.744615,-89.590645,2024-05-02 05:51:32.567102,5522,371,0.89
ICAO24_00003,WP002,-55.087878,-57.667012,2024-05-02 14:24:32.567102,10218,207,0.013
ICAO24_00014,WP005,-69.270295,56.503761,2024-05-02 02:54:32.567102,38819,273,0.307
ICAO24_00019,WP008,52.744615,-89.590645,2024-05-02 15:11:32.567102,10875,544,0.62
ICAO24_00024,WP006,59.415864,-177.561983,2024-05-02 17:05:32.567102,16056,296,0.174
ICAO24_00015,WP005,-69.270295,56.503761,2024-05-01 23:18:32.567102,9115,248,0.028
ICAO24_00033,WP000,-84.632821,-38.478015,2024-05-02 11:48:32.567102,30372,241,0.985
ICAO24_00015,WP006,59.415864,-177.561983,2024-05-01 01:47:32.567191,14372,255,0.779
ICAO24_00039,WP004,-20.25543,-120.320141,2024-05-01 19:43:32.567191,15940,504,0.689
ICAO24_00021,WP007,-57.826286,-139.50474,2024-05-01 12:43:32.567191,31321,278,0.983
ICAO24_00017,WP005,-69.270295,56.503761,2024-05-01 00:15:32.567191,38257,200,0.314
ICAO24_00019,WP001,-35.646962,143.047845,2024-05-01 10:24:32.567191,16492,382,0.599
ICAO24_00018,WP001,-35.646962,143.047845,2024-05-01 00:50:32.567191,20800,442,0.045
ICAO24_00024,WP008,52.744615,-89.590645,2024-05-01 14:19:32.567191,25960,371,0.896
ICAO24_00048,WP005,-69.270295,56.503761,2024-05-01 09:47:32.567191,12353,466,0.282
ICAO24_00030,WP000,-84.632821,-38.478015,2024-05-01 02:32:32.567191,30652,237,0.983
ICAO24_00029,WP005,-69.270295,56.503761,2024-05-01 16:06:32.567191,24124,432,0.695
ICAO24_00021,WP006,59.415864,-177.561983,2024-05-01 04:00:32.567191,7988,345,0.403
ICAO24_00014,WP000,-84.632821,-38.478015,2024-05-01 08:31:32.567191,10384,219,0.449
ICAO24_00032,WP002,-55.087878,-57.667012,2024-05-01 19:31:32.567191,36713,331,0.752
ICAO24_00007,WP000,-84.632821,-38.478015,2024-04-30 09:38:32.567287,23501,307,0.6
ICAO24_00037,WP000,-84.632821,-38.478015,2024-04-30 00:38:32.567287,8155,276,0.657
ICAO24_00010,WP009,69.053744,93.717509,2024-04-30 19:39:32.567287,35870,210,0.59
ICAO24_00037,WP001,-35.646962,143.047845,2024-04-30 01:04:32.567287,23784,532,0.409
ICAO24_00012,WP004,-20.25543,-120.320141,2024-04-30 10:22:32.567287,21733,499,0.854
ICAO24_00009,WP009,69.053744,93.717509,2024-04-30 02:40:32.567287,30563,204,0.218
ICAO24_00021,WP006,59.415864,-177.561983,2024-04-30 09:25:32.567287,18655,259,0.919
ICAO24_00022,WP001,-35.646962,143.047845,2024-04-29 23:53:32.567287,4535,592,0.182
ICAO24_00047,WP008,52.744615,-89.590645,2024-04-30 18:20:32.567287,28121,256,0.561
ICAO24_00017,WP001,-35.646962,143.047845,2024-04-30 07:10:32.567287,34425,339,0.86
ICAO24_00013,WP006,59.415864,-177.561983,2024-04-30 04:34:32.567287,21197,534,0.664
ICAO24_00008,WP004,-20.25543,-120.320141,2024-04-29 02:01:32.567379,39379,526,0.882
ICAO24_00008,WP002,-55.087878,-57.667012,2024-04-29 01:25:32.567379,8286,480,0.143
ICAO24_00041,WP008,52.744615,-89.590645,2024-04-29 10:55:32.567379,20360,247,0.387
ICAO24_00042,WP000,-84.632821,-38.478015,2024-04-29 04:24:32.567379,15221,319,0.579
ICAO24_00047,WP003,21.930152,112.390543,2024-04-29 07:42:32.567379,25266,590,0.403
ICAO24_00035,WP003,21.930152,112.390543,2024-04-29 18:19:32.567379,22313,536,0.134
ICAO24_00026,WP004,-20.25543,-120.320141,2024-04-29 19:25:32.567379,30380,392,0.189
ICAO24_00039,WP004,-20.25543,-120.320141,2024-04-29 17:57:32.567379,37229,313,0.157
ICAO24_00018,WP006,59.415864,-177.561983,2024-04-28 22:58:32.567379,28079,377,0.668
ICAO24_00048,WP004,-20.25543,-120.320141,2024-04-29 17:51:32.567379,13210,556,0.642
ICAO24_00036,WP002,-55.087878,-57.667012,2024-04-28 06:34:32.567446,37238,332,0.283
ICAO24_00020,WP001,-35.646962,143.047845,2024-04-27 23:11:32.567446,39785,429,0.594
ICAO24_00048,WP005,-69.270295,56.503761,2024-04-28 17:14:32.567446,20196,283,0.571
ICAO24_00042,WP004,-20.25543,-120.320141,2024-04-28 15:45:32.567446,36988,215,0.741
ICAO24_00014,WP003,21.930152,112.390543,2024-04-28 11:10:32.567446,13485,546,0.239
ICAO24_00029,WP003,21.930152,112.390543,2024-04-28 03:17:32.567446,37824,313,0.019
ICAO24_00041,WP006,59.415864,-177.561983,2024-04-28 07:13:32.567446,36669,572,0.906
ICAO24_00000,WP005,-69.270295,56.503761,2024-04-27 21:11:32.567446,9316,503,0.527
ICAO24_00029,WP006,59.415864,-177.561983,2024-04-27 22:11:32.567446,38588,582,0.195
ICAO24_00039,WP005,-69.270295,56.503761,2024-04-28 10:20:32.567446,33612,433,0.186
ICAO24_00023,WP001,-35.646962,143.047845,2024-04-28 02:43:32.567446,21950,397,0.287
ICAO24_00035,WP005,-69.270295,56.503761,2024-04-27 21:34:32.567446,33161,269,0.319
ICAO24_00006,WP009,69.053744,93.717509,2024-04-27 20:38:32.567446,15772,295,0.811
ICAO24_00007,WP001,-35.646962,143.047845,2024-04-28 07:44:32.567446,21110,298,0.466
ICAO24_00018,WP007,-57.826286,-139.50474,2024-04-28 07:31:32.567446,19671,222,0.395
ICAO24_00020,WP005,-69.270295,56.503761,2024-04-28 13:27:32.567446,24768,276,0.918
ICAO24_00017,WP007,-57.826286,-139.50474,2024-04-27 01:52:32.567563,14510,247,0.235
ICAO24_00044,WP001,-35.646962,143.047845,2024-04-27 02:40:32.567563,36134,418,0.529
ICAO24_00002,WP003,21.930152,112.390543,2024-04-26 23:15:32.567563,15919,203,0.207
ICAO24_00003,WP004,-20.25543,-120.320141,2024-04-27 15:37:32.567563,8652,333,0.784
ICAO24_00017,WP007,-57.826286,-139.50474,2024-04-27 18:15:32.567563,33866,525,0.602
ICAO24_00000,WP003,21.930152,112.390543,2024-04-27 18:29:32.567563,32414,277,0.384
ICAO24_00043,WP003,21.930152,112.390543,2024-04-27 03:42:32.567563,32406,499,0.359
ICAO24_00029,WP006,59.415864,-177.561983,2024-04-27 00:18:32.567563,7187,552,0.233
ICAO24_00043,WP009,69.053744,93.717509,2024-04-27 06:40:32.567563,24046,458,0.827
ICAO24_00038,WP003,21.930152,112.390543,2024-04-26 21:33:32.567563,21254,584,0.881
ICAO24_00036,WP001,-35.646962,143.047845,2024-04-27 00:50:32.567563,36627,529,0.192
ICAO24_00004,WP001,-35.646962,143.047845,2024-04-26 23:10:32.567563,11833,528,0.559
ICAO24_00038,WP006,59.415864,-177.561983,2024-04-27 14:20:32.567563,29465,418,0.526
ICAO24_00028,WP001,-35.646962,143.047845,2024-04-27 19:18:32.567563,39051,529,0.363
ICAO24_00046,WP005,-69.270295,56.503761,2024-04-27 18:42:32.567563,10123,291,0.975
ICAO24_00043,WP000,-84.632821,-38.478015,2024-04-27 05:39:32.567563,19734,331,0.51
ICAO24_00021,WP004,-20.25543,-120.320141,2024-04-26 21:35:32.567563,16795,546,0.306
ICAO24_00014,WP000,-84.632821,-38.478015,2024-04-26 21:14:32.567563,34706,278,0.306
ICAO24_00013,WP004,-20.25543,-120.320141,2024-04-26 23:36:32.567563,30039,514,0.239
ICAO24_00007,WP001,-35.646962,143.047845,2024-04-27 08:44:32.567563,9827,227,0.929
ICAO24_00003,WP003,21.930152,112.390543,2024-04-26 13:28:32.567700,15079,508,0.804
ICAO24_00016,WP008,52.744615,-89.590645,2024-04-26 06:16:32.567700,16964,440,0.027
ICAO24_00019,WP006,59.415864,-177.561983,2024-04-26 10:13:32.567700,34879,435,0.369
ICAO24_00037,WP003,21.930152,112.390543,2024-04-26 07:51:32.567700,17288,305,0.538
ICAO24_00010,WP000,-84.632821,-38.478015,2024-04-25 21:42:32.567700,5302,225,0.831
ICAO24_00025,WP008,52.744615,-89.590645,2024-04-26 19:43:32.567700,38683,469,0.912
ICAO24_00025,WP002,-55.087878,-57.667012,2024-04-25 09:54:32.567745,33966,545,0.342
ICAO24_00028,WP002,-55.087878,-57.667012,2024-04-25 02:12:32.567745,4736,383,0.021
ICAO24_00032,WP004,-20.25543,-120.320141,2024-04-25 07:47:32.567745,29182,259,0.212
ICAO24_00021,WP004,-20.25543,-120.320141,2024-04-25 01:25:32.567745,10415,484,0.716
ICAO24_00022,WP000,-84.632821,-38.478015,2024-04-25 04:30:32.567745,5992,356,0.058
ICAO24_00046,WP005,-69.270295,56.503761,2024-04-23 20:54:32.567784,14072,303,0.337
ICAO24_00001,WP008,52.744615,-89.590645,2024-04-24 00:29:32.567784,22805,427,0.247
ICAO24_00045,WP002,-55.087878,-57.667012,2024-04-24 12:14:32.567784,34524,462,0.316
ICAO24_00013,WP005,-69.270295,56.503761,2024-04-23 21:29:32.567784,34175,599,0.869
ICAO24_00004,WP007,-57.826286,-139.50474,2024-04-24 09:01:32.567784,35791,587,0.863
ICAO24_00031,WP005,-69.270295,56.503761,2024-04-24 09:59:32.567784,6946,269,0.06
ICAO24_00042,WP002,-55.087878,-57.667012,2024-04-24 09:44:32.567784,34924,242,0.762
ICAO24_00034,WP003,21.930152,112.390543,2024-04-23 22:17:32.567784,18207,214,0.786
ICAO24_00047,WP005,-69.270295,56.503761,2024-04-24 13:52:32.567784,32587,578,0.741
ICAO24_00005,WP009,69.053744,93.717509,2024-04-24 10:50:32.567784,34386,470,0.498
ICAO24_00032,WP002,-55.087878,-57.667012,2024-04-23 20:51:32.567784,20522,310,0.043
ICAO24_00027,WP003,21.930152,112.390543,2024-04-24 01:47:32.567784,20808,236,0.424
ICAO24_00026,WP006,59.415864,-177.561983,2024-04-24 14:45:32.567784,15895,498,0.597
ICAO24_00044,WP000,-84.632821,-38.478015,2024-04-23 23:43:32.567784,34436,399,0.777
ICAO24_00030,WP004,-20.25543,-120.320141,2024-04-24 07:20:32.567784,5934,212,0.379
ICAO24_00010,WP003,21.930152,112.390543,2024-04-24 12:48:32.567784,28687,435,0.445
ICAO24_00006,WP001,-35.646962,143.047845,2024-04-24 10:45:32.567784,27704,319,0.088
ICAO24_00044,WP004,-20.25543,-120.320141,2024-04-23 21:17:32.567784,28426,269,0.213
ICAO24_00029,WP001,-35.646962,143.047845,2024-04-24 02:42:32.567784,18460,345,0.803
ICAO24_00041,WP005,-69.270295,56.503761,2024-04-24 02:47:32.567784,17716,250,0.96
ICAO24_00046,WP008,52.744615,-89.590645,2024-04-23 07:15:32.567939,10888,542,0.761
ICAO24_00040,WP007,-57.826286,-139.50474,2024-04-23 15:54:32.567939,31504,245,0.885
ICAO24_00046,WP003,21.930152,112.390543,2024-04-22 21:14:32.567939,39109,210,0.623
ICAO24_00016,WP001,-35.646962,143.047845,2024-04-22 21:29:32.567939,21047,375,0.288
ICAO24_00001,WP004,-20.25543,-120.320141,2024-04-23 16:11:32.567939,30332,579,0.079
ICAO24_00006,WP009,69.053744,93.717509,2024-04-23 07:57:32.567939,20743,476,0.79
ICAO24_00048,WP002,-55.087878,-57.667012,2024-04-23 14:41:32.567939,12690,323,0.936
ICAO24_00037,WP001,-35.646962,143.047845,2024-04-23 06:17:32.567939,30508,457,0.739
ICAO24_00011,WP009,69.053744,93.717509,2024-04-23 04:49:32.567939,27368,310,0.616
ICAO24_00043,WP009,69.053744,93.717509,2024-04-23 11:44:32.567939,36789,200,0.429
ICAO24_00012,WP000,-84.632821,-38.478015,2024-04-23 11:24:32.567939,12985,551,0.174
ICAO24_00034,WP007,-57.826286,-139.50474,2024-04-22 23:58:32.567939,21752,216,0.33
ICAO24_00044,WP007,-57.826286,-139.50474,2024-04-23 15:04:32.567939,8023,399,0.017
ICAO24_00023,WP003,21.930152,112.390543,2024-04-23 08:57:32.567939,18612,473,0.913
ICAO24_00028,WP004,-20.25543,-120.320141,2024-04-22 22:24:32.567939,39057,213,0.21
ICAO24_00025,WP009,69.053744,93.717509,2024-04-23 13:45:32.567939,19954,554,0.318
ICAO24_00032,WP007,-57.826286,-139.50474,2024-04-23 00:37:32.567939,39020,549,0.166
ICAO24_00043,WP004,-20.25543,-120.320141,2024-04-23 09:17:32.567939,6558,464,0.787
ICAO24_00039,WP000,-84.632821,-38.478015,2024-04-23 10:02:32.567939,39956,372,0.864
ICAO24_00019,WP006,59.415864,-177.561983,2024-04-21 22:55:32.568076,21863,428,0.187
ICAO24_00046,WP005,-69.270295,56.503761,2024-04-22 01:57:32.568076,14464,308,0.272
ICAO24_00019,WP009,69.053744,93.717509,2024-04-22 19:23:32.568076,11418,200,0.086
ICAO24_00013,WP005,-69.270295,56.503761,2024-04-22 16:00:32.568076,4915,455,0.974
ICAO24_00001,WP002,-55.087878,-57.667012,2024-04-21 21:31:32.568076,28441,468,0.398
ICAO24_00047,WP001,-35.646962,143.047845,2024-04-22 14:21:32.568076,10293,521,0.451
ICAO24_00037,WP003,21.930152,112.390543,2024-04-22 17:39:32.568076,19785,291,0.791
ICAO24_00027,WP008,52.744615,-89.590645,2024-04-22 10:56:32.568076,15800,288,0.177
ICAO24_00002,WP004,-20.25543,-120.320141,2024-04-22 16:05:32.568076,27075,519,0.476
ICAO24_00044,WP008,52.744615,-89.590645,2024-04-22 08:45:32.568076,37115,528,0.504
ICAO24_00048,WP003,21.930152,112.390543,2024-04-22 15:51:32.568076,27787,364,0.435
ICAO24_00028,WP002,-55.087878,-57.667012,2024-04-22 18:21:32.568076,6331,425,0.864
ICAO24_00032,WP004,-20.25543,-120.320141,2024-04-21 14:04:32.568182,13894,372,0.241
ICAO24_00047,WP007,-57.826286,-139.50474,2024-04-21 07:55:32.568182,39300,300,0.858
ICAO24_00042,WP003,21.930152,112.390543,2024-04-20 23:56:32.568182,33589,285,0.108
ICAO24_00021,WP005,-69.270295,56.503761,2024-04-20 22:08:32.568182,8468,353,0.92
ICAO24_00007,WP000,-84.632821,-38.478015,2024-04-21 05:13:32.568182,39351,290,0.749
ICAO24_00019,WP000,-84.632821,-38.478015,2024-04-21 13:22:32.568182,10255,333,0.012
ICAO24_00009,WP005,-69.270295,56.503761,2024-04-21 02:32:32.568182,29101,453,0.922
ICAO24_00040,WP003,21.930152,112.390543,2024-04-21 13:30:32.568182,35808,261,0.112
ICAO24_00001,WP001,-35.646962,143.047845,2024-04-21 14:03:32.568182,12797,216,0.124
ICAO24_00007,WP007,-57.826286,-139.50474,2024-04-21 05:02:32.568182,27456,426,0.663
ICAO24_00015,WP001,-35.646962,143.047845,2024-04-21 18:47:32.568182,16908,510,0.336
ICAO24_00012,WP000,-84.632821,-38.478015,2024-04-21 16:05:32.568182,28710,517,0.984
ICAO24_00038,WP007,-57.826286,-139.50474,2024-04-20 21:07:32.568182,28782,202,0.114
ICAO24_00029,WP003,21.930152,112.390543,2024-04-20 23:26:32.568182,12439,510,0.045
ICAO24_00023,WP009,69.053744,93.717509,2024-04-20 21:58:32.568182,13507,578,0.678
ICAO24_00024,WP004,-20.25543,-120.320141,2024-04-21 12:23:32.568182,6506,322,0.439
ICAO24_00028,WP009,69.053744,93.717509,2024-04-21 19:46:32.568182,27181,452,0.886
ICAO24_00048,WP000,-84.632821,-38.478015,2024-04-21 19:09:32.568182,14705,403,0.684
ICAO24_00034,WP007,-57.826286,-139.50474,2024-04-20 09:41:32.568319,8026,553,0.211
ICAO24_00030,WP009,69.053744,93.717509,2024-04-20 10:37:32.568319,35597,337,0.049
ICAO24_00013,WP005,-69.270295,56.503761,2024-04-20 12:57:32.568319,33569,369,0.122
ICAO24_00026,WP008,52.744615,-89.590645,2024-04-20 00:41:32.568319,6632,474,0.996
ICAO24_00027,WP006,59.415864,-177.561983,2024-04-19 20:46:32.568319,11056,214,0.681
ICAO24_00023,WP008,52.744615,-89.590645,2024-04-20 01:00:32.568319,31052,409,0.267
ICAO24_00004,WP001,-35.646962,143.047845,2024-04-20 08:20:32.568319,4206,488,0.21
ICAO24_00029,WP004,-20.25543,-120.320141,2024-04-19 01:45:32.568370,19022,364,0.593
ICAO24_00004,WP009,69.053744,93.717509,2024-04-19 12:44:32.568370,30522,597,0.126
ICAO24_00045,WP002,-55.087878,-57.667012,2024-04-19 13:43:32.568370,25974,586,0.832
ICAO24_00014,WP001,-35.646962,143.047845,2024-04-19 05:30:32.568370,10739,573,0.091
ICAO24_00022,WP003,21.930152,112.390543,2024-04-19 05:09:32.568370,38652,342,0.97
ICAO24_00036,WP006,59.415864,-177.561983,2024-04-18 20:04:32.568370,23875,415,0.11
ICAO24_00022,WP005,-69.270295,56.503761,2024-04-19 07:14:32.568370,24182,241,0.804
ICAO24_00042,WP006,59.415864,-177.561983,2024-04-19 19:05:32.568370,23109,412,0.956
ICAO24_00034,WP003,21.930152,112.390543,2024-04-19 17:34:32.568370,13132,309,0.375
ICAO24_00030,WP001,-35.646962,143.047845,2024-04-19 03:14:32.568370,26224,303,0.432
ICAO24_00049,WP009,69.053744,93.717509,2024-04-19 12:16:32.568370,7514,523,0.431
ICAO24_00041,WP009,69.053744,93.717509,2024-04-19 10:55:32.568370,5047,515,0.188
ICAO24_00040,WP005,-69.270295,56.503761,2024-04-19 18:00:32.568370,23931,350,0.442
ICAO24_00022,WP003,21.930152,112.390543,2024-04-19 18:11:32.568370,34432,352,0.375
ICAO24_00048,WP000,-84.632821,-38.478015,2024-04-18 05:43:32.568481,12680,467,0.489
ICAO24_00039,WP008,52.744615,-89.590645,2024-04-18 03:55:32.568481,22234,460,0.406
ICAO24_00045,WP005,-69.270295,56.503761,2024-04-18 16:52:32.568481,4070,216,0.675
ICAO24_00007,WP006,59.415864,-177.561983,2024-04-18 18:21:32.568481,15044,427,0.233
ICAO24_00047,WP000,-84.632821,-38.478015,2024-04-17 22:55:32.568481,3725,524,0.906
ICAO24_00031,WP004,-20.25543,-120.320141,2024-04-18 11:34:32.568481,13147,223,0.321
ICAO24_00033,WP002,-55.087878,-57.667012,2024-04-18 12:36:32.568481,17104,548,0.499
ICAO24_00047,WP004,-20.25543,-120.320141,2024-04-18 00:47:32.568481,34032,593,0.322
ICAO24_00045,WP001,-35.646962,143.047845,2024-04-18 06:53:32.568481,14896,435,0.911
ICAO24_00008,WP004,-20.25543,-120.320141,2024-04-18 01:07:32.568481,11220,330,0.819
ICAO24_00024,WP005,-69.270295,56.503761,2024-04-18 18:05:32.568481,27744,264,0.047
ICAO24_00039,WP007,-57.826286,-139.50474,2024-04-17 20:42:32.568481,32198,549,0.276
ICAO24_00029,WP005,-69.270295,56.503761,2024-04-17 22:29:32.568481,38771,507,0.376
ICAO24_00019,WP006,59.415864,-177.561983,2024-04-18 01:49:32.568481,32005,596,0.117
ICAO24_00034,WP006,59.415864,-177.561983,2024-04-18 02:34:32.568481,37494,464,0.839
ICAO24_00003,WP006,59.415864,-177.561983,2024-04-18 17:30:32.568481,21728,321,0.353
ICAO24_00009,WP007,-57.826286,-139.50474,2024-04-18 08:04:32.568481,20107,313,0.006
ICAO24_00016,WP005,-69.270295,56.503761,2024-04-18 12:38:32.568481,20857,529,0.738
ICAO24_00021,WP009,69.053744,93.717509,2024-04-17 16:44:32.568615,17268,501,0.831
ICAO24_00038,WP004,-20.25543,-120.320141,2024-04-17 09:20:32.568615,24496,512,0.58
ICAO24_00024,WP001,-35.646962,143.047845,2024-04-17 15:36:32.568615,31555,379,0.552
ICAO24_00036,WP007,-57.826286,-139.50474,2024-04-17 08:52:32.568615,5232,447,0.889
ICAO24_00024,WP004,-20.25543,-120.320141,2024-04-17 06:31:32.568615,10757,544,0.745
ICAO24_00022,WP009,69.053744,93.717509,2024-04-17 09:56:32.568615,20341,266,0.447
ICAO24_00003,WP000,-84.632821,-38.478015,2024-04-17 02:01:32.568615,39354,575,0.47
ICAO24_00005,WP007,-57.826286,-139.50474,2024-04-17 08:28:32.568615,32247,307,0.404
ICAO24_00034,WP006,59.415864,-177.561983,2024-04-17 07:49:32.568615,34590,516,0.175
ICAO24_00019,WP004,-20.25543,-120.320141,2024-04-17 09:31:32.568615,16214,311,0.419
ICAO24_00022,WP008,52.744615,-89.590645,2024-04-16 00:32:32.568683,13652,313,0.417
ICAO24_00031,WP005,-69.270295,56.503761,2024-04-16 15:34:32.568683,8065,218,0.008
ICAO24_00014,WP000,-84.632821,-38.478015,2024-04-16 03:12:32.568683,29880,454,0.067
ICAO24_00026,WP002,-55.087878,-57.667012,2024-04-16 12:14:32.568683,23687,552,0.481
ICAO24_00035,WP008,52.744615,-89.590645,2024-04-16 10:25:32.568683,25086,447,0.839
ICAO24_00037,WP001,-35.646962,143.047845,2024-04-16 09:07:32.568683,11820,472,0.736
ICAO24_00038,WP000,-84.632821,-38.478015,2024-04-15 23:46:32.568683,16007,556,0.887
ICAO24_00012,WP000,-84.632821,-38.478015,2024-04-16 15:08:32.568683,21558,217,0.905
ICAO24_00019,WP006,59.415864,-177.561983,2024-04-16 07:36:32.568683,7470,435,0.047
ICAO24_00024,WP008,52.744615,-89.590645,2024-04-16 04:37:32.568683,4827,394,0.565
ICAO24_00009,WP008,52.744615,-89.590645,2024-04-16 00:02:32.568683,30962,237,0.555
ICAO24_00044,WP008,52.744615,-89.590645,2024-04-16 04:33:32.568683,34927,582,0.775
ICAO24_00001,WP009,69.053744,93.717509,2024-04-16 17:17:32.568683,25004,438,0.909
ICAO24_00035,WP003,21.930152,112.390543,2024-04-16 00:10:32.568683,10929,320,0.84
ICAO24_00009,WP006,59.415864,-177.561983,2024-04-16 13:27:32.568683,24901,457,0.985
ICAO24_00041,WP003,21.930152,112.390543,2024-04-14 20:26:32.569499,31985,438,0.316
ICAO24_00001,WP009,69.053744,93.717509,2024-04-15 00:14:32.569499,39271,435,0.695
ICAO24_00041,WP005,-69.270295,56.503761,2024-04-15 06:28:32.569499,12277,244,0.509
ICAO24_00021,WP000,-84.632821,-38.478015,2024-04-15 06:26:32.569499,19031,523,0.466
ICAO24_00035,WP006,59.415864,-177.561983,2024-04-15 05:14:32.569499,26664,289,0.604
ICAO24_00049,WP007,-57.826286,-139.50474,2024-04-14 22:27:32.569499,9521,261,0.317
ICAO24_00008,WP009,69.053744,93.717509,2024-04-15 00:15:32.569499,6136,244,0.016
ICAO24_00013,WP005,-69.270295,56.503761,2024-04-14 02:15:32.569563,21028,571,0.512
ICAO24_00013,WP008,52.744615,-89.590645,2024-04-14 13:25:32.569563,13227,304,0.051
ICAO24_00049,WP006,59.415864,-177.561983,2024-04-14 19:07:32.569563,17221,284,0.418
ICAO24_00032,WP002,-55.087878,-57.667012,2024-04-14 00:29:32.569563,32189,552,0.589
ICAO24_00015,WP002,-55.087878,-57.667012,2024-04-14 11:28:32.569563,11616,215,0.447
ICAO24_00002,WP001,-35.646962,143.047845,2024-04-14 05:02:32.569563,27635,543,0.706
ICAO24_00043,WP007,-57.826286,-139.50474,2024-04-14 07:42:32.569563,36251,547,0.695
ICAO24_00035,WP005,-69.270295,56.503761,2024-04-13 23:43:32.569563,5344,457,0.148
ICAO24_00048,WP000,-84.632821,-38.478015,2024-04-14 00:23:32.569563,5785,480,0.348
ICAO24_00049,WP006,59.415864,-177.561983,2024-04-14 07:53:32.569563,5286,405,0.324
ICAO24_00031,WP006,59.415864,-177.561983,2024-04-14 10:08:32.569563,28677,548,0.608
ICAO24_00020,WP003,21.930152,112.390543,2024-04-13 08:27:32.569657,35610,227,0.271
ICAO24_00008,WP003,21.930152,112.390543,2024-04-13 11:27:32.569657,3513,412,0.143
ICAO24_00009,WP008,52.744615,-89.590645,2024-04-13 08:05:32.569657,22137,568,0.961
ICAO24_00003,WP001,-35.646962,143.047845,2024-04-13 19:51:32.569657,25231,212,0.64
ICAO24_00007,WP008,52.744615,-89.590645,2024-04-13 16:10:32.569657,18600,257,0.183
ICAO24_00049,WP002,-55.087878,-57.667012,2024-04-13 09:12:32.569657,11167,447,0.374
ICAO24_00028,WP001,-35.646962,143.047845,2024-04-13 15:24:32.569657,30586,552,0.545
ICAO24_00041,WP004,-20.25543,-120.320141,2024-04-12 20:35:32.569657,27165,424,0.178
ICAO24_00036,WP002,-55.087878,-57.667012,2024-04-13 02:11:32.569657,29839,442,0.565
ICAO24_00037,WP004,-20.25543,-120.320141,2024-04-13 08:11:32.569657,25133,434,0.387
ICAO24_00041,WP003,21.930152,112.390543,2024-04-13 08:13:32.569657,4100,288,0.163
ICAO24_00021,WP007,-57.826286,-139.50474,2024-04-13 14:13:32.569657,9208,303,0.212
ICAO24_00019,WP007,-57.826286,-139.50474,2024-04-13 12:37:32.569657,15360,320,0.26
ICAO24_00013,WP006,59.415864,-177.561983,2024-04-13 00:22:32.569657,34784,265,0.095
ICAO24_00022,WP001,-35.646962,143.047845,2024-04-13 14:17:32.569657,26800,231,0.772
ICAO24_00043,WP004,-20.25543,-120.320141,2024-04-12 23:43:32.569657,18621,489,0.521
ICAO24_00048,WP009,69.053744,93.717509,2024-04-12 21:03:32.569657,4444,335,0.727
ICAO24_00009,WP004,-20.25543,-120.320141,2024-04-13 13:56:32.569657,22746,304,0.773
ICAO24_00024,WP003,21.930152,112.390543,2024-04-12 14:06:32.569793,8633,582,0.739
ICAO24_00030,WP006,59.415864,-177.561983,2024-04-12 12:27:32.569793,13644,291,0.917
ICAO24_00027,WP009,69.053744,93.717509,2024-04-12 02:07:32.569793,16394,546,0.264
ICAO24_00029,WP001,-35.646962,143.047845,2024-04-11 20:30:32.569793,9283,510,0.467
ICAO24_00022,WP003,21.930152,112.390543,2024-04-11 23:19:32.569793,22912,462,0.831
ICAO24_00009,WP005,-69.270295,56.503761,2024-04-11 14:24:32.569831,14433,356,0.603
ICAO24_00023,WP000,-84.632821,-38.478015,2024-04-11 12:29:32.569831,10283,574,0.25
ICAO24_00032,WP002,-55.087878,-57.667012,2024-04-11 16:06:32.569831,15868,351,0.407
ICAO24_00009,WP007,-57.826286,-139.50474,2024-04-10 20:20:32.569831,36887,483,0.016
ICAO24_00042,WP009,69.053744,93.717509,2024-04-11 19:21:32.569831,12859,430,0.9
ICAO24_00047,WP000,-84.632821,-38.478015,2024-04-11 08:17:32.569831,32468,228,0.09
ICAO24_00013,WP007,-57.826286,-139.50474,2024-04-11 02:06:32.569831,37873,371,0.017
ICAO24_00014,WP006,59.415864,-177.561983,2024-04-11 11:22:32.569831,26414,381,0.931
ICAO24_00048,WP001,-35.646962,143.047845,2024-04-10 22:31:32.569831,15304,516,0.069
ICAO24_00011,WP001,-35.646962,143.047845,2024-04-11 04:41:32.569831,23953,344,0.996
ICAO24_00004,WP008,52.744615,-89.590645,2024-04-11 05:14:32.569831,25514,234,0.214
ICAO24_00035,WP004,-20.25543,-120.320141,2024-04-11 07:33:32.569831,23849,533,0.322
ICAO24_00003,WP003,21.930152,112.390543,2024-04-10 20:44:32.569831,15917,529,0.667
ICAO24_00018,WP001,-35.646962,143.047845,2024-04-11 16:08:32.569831,18419,353,0.679
ICAO24_00042,WP000,-84.632821,-38.478015,2024-04-10 23:36:32.569831,3932,435,0.396
ICAO24_00020,WP006,59.415864,-177.561983,2024-04-11 01:23:32.569831,36444,342,0.131
ICAO24_00036,WP008,52.744615,-89.590645,2024-04-10 21:31:32.569831,4061,400,0.835
ICAO24_00040,WP009,69.053744,93.717509,2024-04-11 12:04:32.569831,34342,395,0.365
ICAO24_00005,WP003,21.930152,112.390543,2024-04-11 18:59:32.569831,9471,498,0.195
ICAO24_00029,WP008,52.744615,-89.590645,2024-04-10 11:37:32.570143,38454,324,0.986
ICAO24_00044,WP007,-57.826286,-139.50474,2024-04-10 06:45:32.570143,5735,231,0.381
ICAO24_00047,WP002,-55.087878,-57.667012,2024-04-10 04:40:32.570143,31827,256,0.262
ICAO24_00000,WP000,-84.632821,-38.478015,2024-04-09 20:58:32.570143,29882,561,0.867
ICAO24_00016,WP005,-69.270295,56.503761,2024-04-10 04:34:32.570143,13157,458,0.621
ICAO24_00022,WP002,-55.087878,-57.667012,2024-04-10 02:45:32.570143,24947,396,0.211
ICAO24_00045,WP009,69.053744,93.717509,2024-04-10 06:28:32.570143,35171,250,0.933
ICAO24_00041,WP005,-69.270295,56.503761,2024-04-10 05:17:32.570143,24818,415,0.521
ICAO24_00029,WP007,-57.826286,-139.50474,2024-04-10 14:06:32.570143,10328,265,0.131
ICAO24_00000,WP009,69.053744,93.717509,2024-04-10 08:47:32.570143,37928,200,0.512
ICAO24_00022,WP005,-69.270295,56.503761,2024-04-10 05:01:32.570143,11576,270,0.878
ICAO24_00001,WP002,-55.087878,-57.667012,2024-04-10 13:47:32.570143,33599,547,0.129
ICAO24_00035,WP008,52.744615,-89.590645,2024-04-08 20:05:32.570229,14497,320,0.705
ICAO24_00040,WP005,-69.270295,56.503761,2024-04-09 09:10:32.570229,3629,589,0.247
ICAO24_00025,WP006,59.415864,-177.561983,2024-04-09 12:00:32.570229,34651,376,0.466
ICAO24_00026,WP001,-35.646962,143.047845,2024-04-09 07:12:32.570229,16105,524,0.401
ICAO24_00039,WP004,-20.25543,-120.320141,2024-04-09 16:56:32.570229,3689,439,0.711
ICAO24_00007,WP003,21.930152,112.390543,2024-04-09 08:03:32.570229,16616,576,0.736
ICAO24_00038,WP003,21.930152,112.390543,2024-04-09 05:47:32.570229,29644,366,0.805
ICAO24_00045,WP009,69.053744,93.717509,2024-04-08 22:38:32.570229,4079,465,0.573
ICAO24_00019,WP005,-69.270295,56.503761,2024-04-08 23:50:32.570229,9970,517,0.43
ICAO24_00036,WP007,-57.826286,-139.50474,2024-04-08 15:28:32.570292,25141,272,0.817
ICAO24_00022,WP003,21.930152,112.390543,2024-04-08 19:13:32.570292,21062,245,0.484
ICAO24_00014,WP009,69.053744,93.717509,2024-04-07 22:14:32.570292,25051,515,0.772
ICAO24_00049,WP004,-20.25543,-120.320141,2024-04-08 07:05:32.570292,26826,453,0.82
ICAO24_00048,WP001,-35.646962,143.047845,2024-04-08 18:32:32.570292,6128,580,0.597
ICAO24_00013,WP005,-69.270295,56.503761,2024-04-07 22:35:32.570292,6257,437,0.974
ICAO24_00015,WP002,-55.087878,-57.667012,2024-04-08 01:32:32.570292,6851,568,0.83
ICAO24_00026,WP006,59.415864,-177.561983,2024-04-08 13:42:32.570292,14983,326,0.562
ICAO24_00009,WP004,-20.25543,-120.320141,2024-04-08 18:34:32.570292,9107,504,0.657
ICAO24_00003,WP002,-55.087878,-57.667012,2024-04-08 03:16:32.570292,14700,553,0.841
ICAO24_00035,WP004,-20.25543,-120.320141,2024-04-08 09:51:32.570292,37171,473,0.692
ICAO24_00034,WP001,-35.646962,143.047845,2024-04-07 03:31:32.570371,27878,332,0.394
ICAO24_00035,WP007,-57.826286,-139.50474,2024-04-07 16:50:32.570371,35575,402,0.483
ICAO24_00044,WP007,-57.826286,-139.50474,2024-04-07 00:11:32.570371,11935,303,0.233
ICAO24_00017,WP000,-84.632821,-38.478015,2024-04-07 16:08:32.570371,6399,462,0.174
ICAO24_00032,WP003,21.930152,112.390543,2024-04-06 21:45:32.570371,21311,385,0.662
ICAO24_00000,WP001,-35.646962,143.047845,2024-04-06 21:11:32.570371,37896,477,0.099
ICAO24_00030,WP003,21.930152,112.390543,2024-04-07 00:11:32.570371,32964,303,0.268
ICAO24_00042,WP007,-57.826286,-139.50474,2024-04-07 09:30:32.570371,27425,518,0.951
ICAO24_00048,WP008,52.744615,-89.590645,2024-04-06 21:37:32.570371,19318,591,0.434
ICAO24_00046,WP005,-69.270295,56.503761,2024-04-06 23:03:32.570371,12461,207,0.646
ICAO24_00047,WP008,52.744615,-89.590645,2024-04-07 00:12:32.570371,24801,250,0.334
ICAO24_00043,WP000,-84.632821,-38.478015,2024-04-07 06:47:32.570371,9454,485,0.688
ICAO24_00019,WP003,21.930152,112.390543,2024-04-07 11:08:32.570371,10009,536,0.822
ICAO24_00044,WP003,21.930152,112.390543,2024-04-07 08:28:32.570371,30288,524,0.037
ICAO24_00000,WP001,-35.646962,143.047845,2024-04-07 09:26:32.570371,29592,401,0.047
ICAO24_00001,WP005,-69.270295,56.503761,2024-04-07 00:55:32.570371,20062,528,0.31
ICAO24_00012,WP003,21.930152,112.390543,2024-04-07 00:00:32.570371,16784,414,0.425
ICAO24_00014,WP006,59.415864,-177.561983,2024-04-06 23:20:32.570371,10324,436,0.846
ICAO24_00047,WP001,-35.646962,143.047845,2024-04-06 18:46:32.570508,11231,462,0.254
ICAO24_00031,WP006,59.415864,-177.561983,2024-04-05 23:40:32.570508,38631,222,0.636
ICAO24_00010,WP008,52.744615,-89.590645,2024-04-06 18:06:32.570508,36372,509,0.218
ICAO24_00048,WP001,-35.646962,143.047845,2024-04-06 12:03:32.570508,36764,413,0.449
ICAO24_00032,WP005,-69.270295,56.503761,2024-04-06 04:13:32.570508,9419,513,0.336
ICAO24_00034,WP007,-57.826286,-139.50474,2024-04-06 04:28:32.570508,10537,355,0.207
ICAO24_00043,WP008,52.744615,-89.590645,2024-04-05 12:45:32.570552,25696,253,0.983
ICAO24_00007,WP008,52.744615,-89.590645,2024-04-05 02:58:32.570552,19346,440,0.084
ICAO24_00024,WP004,-20.25543,-120.320141,2024-04-05 02:19:32.570552,11728,533,0.836
ICAO24_00005,WP002,-55.087878,-57.667012,2024-04-05 14:11:32.570552,23806,468,0.834
ICAO24_00024,WP008,52.744615,-89.590645,2024-04-05 10:59:32.570552,36992,600,0.019
ICAO24_00037,WP005,-69.270295,56.503761,2024-04-05 17:55:32.570552,28707,568,0.694
ICAO24_00011,WP006,59.415864,-177.561983,2024-04-05 05:53:32.570552,8226,266,0.276
ICAO24_00037,WP002,-55.087878,-57.667012,2024-04-05 00:25:32.570552,20817,428,0.178
ICAO24_00008,WP001,-35.646962,143.047845,2024-04-05 05:49:32.570552,34541,598,0.407
ICAO24_00035,WP007,-57.826286,-139.50474,2024-04-05 14:58:32.570552,23527,274,0.253
ICAO24_00031,WP008,52.744615,-89.590645,2024-04-05 17:02:32.570552,38247,370,0.939
ICAO24_00023,WP006,59.415864,-177.561983,2024-04-05 02:52:32.570552,35747,459,0.089
ICAO24_00024,WP007,-57.826286,-139.50474,2024-04-05 02:57:32.570552,6651,542,0.934
ICAO24_00042,WP004,-20.25543,-120.320141,2024-04-05 11:04:32.570552,15134,477,0.893
ICAO24_00027,WP001,-35.646962,143.047845,2024-04-05 10:56:32.570552,26830,551,0.382
ICAO24_00018,WP000,-84.632821,-38.478015,2024-04-05 19:20:32.570552,30725,423,0.301
ICAO24_00023,WP009,69.053744,93.717509,2024-04-05 08:31:32.570552,18251,549,0.934
ICAO24_00021,WP008,52.744615,-89.590645,2024-04-05 06:45:32.570552,19216,332,0.647
ICAO24_00031,WP000,-84.632821,-38.478015,2024-04-05 12:49:32.570552,39786,458,0.895
ICAO24_00047,WP009,69.053744,93.717509,2024-04-03 23:45:32.570681,38885,564,0.833
ICAO24_00044,WP005,-69.270295,56.503761,2024-04-04 02:57:32.570681,31586,448,0.376
ICAO24_00018,WP008,52.744615,-89.590645,2024-04-04 18:40:32.570681,30822,577,0.653
ICAO24_00013,WP007,-57.826286,-139.50474,2024-04-04 02:57:32.570681,27079,245,0.663
ICAO24_00015,WP002,-55.087878,-57.667012,2024-04-04 07:46:32.570681,34987,284,0.089
ICAO24_00016,WP002,-55.087878,-57.667012,2024-04-04 09:35:32.570681,15386,595,0.935
ICAO24_00035,WP008,52.744615,-89.590645,2024-04-03 21:57:32.570681,32940,287,0.98
ICAO24_00031,WP000,-84.632821,-38.478015,2024-04-04 17:39:32.570681,4883,450,0.371
ICAO24_00031,WP002,-55.087878,-57.667012,2024-04-04 00:22:32.570681,36049,212,0.758
ICAO24_00021,WP006,59.415864,-177.561983,2024-04-04 18:38:32.570681,13084,274,0.113
ICAO24_00038,WP002,-55.087878,-57.667012,2024-04-03 21:41:32.570681,16887,263,0.854
ICAO24_00022,WP000,-84.632821,-38.478015,2024-04-03 16:13:32.570769,3336,586,0.391
ICAO24_00016,WP004,-20.25543,-120.320141,2024-04-03 04:19:32.570769,7522,268,0.002
ICAO24_00005,WP006,59.415864,-177.561983,2024-04-03 03:27:32.570769,27960,511,0.567
ICAO24_00035,WP007,-57.826286,-139.50474,2024-04-03 13:09:32.570769,8847,366,0.3
ICAO24_00012,WP005,-69.270295,56.503761,2024-04-03 18:25:32.570769,33960,411,0.023
ICAO24_00031,WP005,-69.270295,56.503761,2024-04-03 12:02:32.570769,31022,259,0.895
ICAO24_00008,WP001,-35.646962,143.047845,2024-04-02 22:17:32.570769,16174,363,0.789
ICAO24_00022,WP004,-20.25543,-120.320141,2024-04-03 06:16:32.570769,3475,351,0.577
ICAO24_00024,WP009,69.053744,93.717509,2024-04-03 00:44:32.570769,10310,443,0.137
ICAO24_00019,WP008,52.744615,-89.590645,2024-04-03 10:37:32.570769,30092,533,0.105
ICAO24_00040,WP000,-84.632821,-38.478015,2024-04-02 21:24:32.570769,21124,439,0.949
ICAO24_00012,WP001,-35.646962,143.047845,2024-04-03 05:09:32.570769,9550,244,0.351
ICAO24_00029,WP009,69.053744,93.717509,2024-04-03 06:38:32.570769,28255,415,0.958
ICAO24_00019,WP006,59.415864,-177.561983,2024-04-02 12:42:32.570859,17499,217,0.024
ICAO24_00042,WP002,-55.087878,-57.667012,2024-04-01 22:41:32.570859,10924,276,0.004
ICAO24_00032,WP005,-69.270295,56.503761,2024-04-02 14:27:32.570859,30849,548,0.227
ICAO24_00029,WP003,21.930152,112.390543,2024-04-02 10:26:32.570859,14562,509,0.405
ICAO24_00045,WP002,-55.087878,-57.667012,2024-04-02 13:11:32.570859,14044,463,0.892
ICAO24_00026,WP006,59.415864,-177.561983,2024-04-02 13:21:32.570859,4779,301,0.315
ICAO24_00002,WP002,-55.087878,-57.667012,2024-04-02 08:53:32.570859,11656,321,0.645
ICAO24_00005,WP002,-55.087878,-57.667012,2024-04-02 03:44:32.570859,13410,285,0.202
ICAO24_00027,WP007,-57.826286,-139.50474,2024-04-01 21:11:32.570859,16597,262,0.674
ICAO24_00005,WP007,-57.826286,-139.50474,2024-04-01 21:44:32.570859,10973,217,0.05
ICAO24_00012,WP000,-84.632821,-38.478015,2024-03-31 23:26:32.570926,29107,415,0.554
ICAO24_00019,WP001,-35.646962,143.047845,2024-04-01 19:20:32.570926,15319,543,0.264
ICAO24_00030,WP001,-35.646962,143.047845,2024-04-01 06:56:32.570926,12552,449,0.593
ICAO24_00003,WP006,59.415864,-177.561983,2024-03-31 22:00:32.570926,34498,567,0.869
ICAO24_00024,WP009,69.053744,93.717509,2024-04-01 01:08:32.570926,6235,296,0.243
ICAO24_00000,WP006,59.415864,-177.561983,2024-04-01 10:07:32.570926,5663,344,0.131
ICAO24_00003,WP003,21.930152,112.390543,2024-03-31 21:09:32.570926,12277,238,0.464
ICAO24_00032,WP006,59.415864,-177.561983,2024-04-01 17:24:32.570926,18168,211,0.079
ICAO24_00029,WP008,52.744615,-89.590645,2024-04-01 06:37:32.570926,34188,251,0.402
ICAO24_00020,WP006,59.415864,-177.561983,2024-04-01 18:17:32.570926,19883,361,0.981
ICAO24_00033,WP007,-57.826286,-139.50474,2024-04-01 11:20:32.570926,21163,560,0.732
ICAO24_00017,WP009,69.053744,93.717509,2024-04-01 10:01:32.570926,18492,366,0.69
ICAO24_00008,WP004,-20.25543,-120.320141,2024-04-01 17:16:32.570926,32270,502,0.028
ICAO24_00048,WP003,21.930152,112.390543,2024-04-01 10:07:32.570926,28424,208,0.548
ICAO24_00009,WP005,-69.270295,56.503761,2024-04-01 19:21:32.570926,37090,550,0.674
ICAO24_00040,WP001,-35.646962,143.047845,2024-03-31 21:17:32.570926,16232,516,0.395
ICAO24_00046,WP005,-69.270295,56.503761,2024-04-01 04:20:32.570926,10652,321,0.872
ICAO24_00041,WP004,-20.25543,-120.320141,2024-03-31 13:34:32.571093,20331,342,0.655
ICAO24_00049,WP008,52.744615,-89.590645,2024-03-31 12:08:32.571093,8982,265,0.098
ICAO24_00034,WP008,52.744615,-89.590645,2024-03-30 20:54:32.571093,35969,576,0.378
ICAO24_00039,WP006,59.415864,-177.561983,2024-03-31 15:22:32.571093,22266,510,0.639
ICAO24_00021,WP008,52.744615,-89.590645,2024-03-31 04:49:32.571093,3504,355,0.537
ICAO24_00043,WP007,-57.826286,-139.50474,2024-03-31 04:00:32.571093,31882,287,0.473
ICAO24_00048,WP007,-57.826286,-139.50474,2024-03-31 15:16:32.571093,14295,553,0.168
ICAO24_00022,WP008,52.744615,-89.590645,2024-03-30 22:36:32.571093,21299,538,0.746
ICAO24_00001,WP006,59.415864,-177.561983,2024-03-31 13:59:32.571093,32477,338,0.249
ICAO24_00048,WP007,-57.826286,-139.50474,2024-03-31 08:15:32.571093,39625,504,0.431
ICAO24_00024,WP004,-20.25543,-120.320141,2024-03-31 01:53:32.571093,5673,594,0.366
ICAO24_00007,WP008,52.744615,-89.590645,2024-03-30 23:17:32.571093,15640,531,0.692
ICAO24_00030,WP001,-35.646962,143.047845,2024-03-31 15:47:32.571093,32703,251,0.721
ICAO24_00021,WP005,-69.270295,56.503761,2024-03-31 18:41:32.571093,3859,372,0.365
ICAO24_00045,WP004,-20.25543,-120.320141,2024-03-31 14:50:32.571093,9184,292,0.362
ICAO24_00031,WP003,21.930152,112.390543,2024-03-31 14:40:32.571093,32731,579,0.707
ICAO24_00001,WP004,-20.25543,-120.320141,2024-03-30 20:26:32.571093,16252,402,0.312
ICAO24_00017,WP002,-55.087878,-57.667012,2024-03-31 03:06:32.571093,35547,320,0.535
ICAO24_00025,WP007,-57.826286,-139.50474,2024-03-31 18:16:32.571093,37401,307,0.288
ICAO24_00045,WP009,69.053744,93.717509,2024-03-30 04:29:32.571226,32013,239,0.516
ICAO24_00033,WP003,21.930152,112.390543,2024-03-30 19:35:32.571226,7276,302,0.157
ICAO24_00034,WP008,52.744615,-89.590645,2024-03-30 09:15:32.571226,33815,538,0.906
ICAO24_00026,WP008,52.744615,-89.590645,2024-03-29 20:16:32.571226,29775,372,0.779
ICAO24_00028,WP000,-84.632821,-38.478015,2024-03-30 05:25:32.571226,5930,264,0.402
ICAO24_00037,WP004,-20.25543,-120.320141,2024-03-30 08:09:32.571226,8672,433,0.114
ICAO24_00011,WP004,-20.25543,-120.320141,2024-03-30 08:59:32.571226,30902,331,0.593
ICAO24_00020,WP003,21.930152,112.390543,2024-03-30 05:48:32.571226,34019,482,0.564
ICAO24_00043,WP002,-55.087878,-57.667012,2024-03-30 06:14:32.571226,9262,336,0.653
ICAO24_00009,WP001,-35.646962,143.047845,2024-03-30 05:47:32.571226,13289,412,0.246
ICAO24_00036,WP004,-20.25543,-120.320141,2024-03-30 07:32:32.571226,23065,532,0.224
ICAO24_00013,WP004,-20.25543,-120.320141,2024-03-30 07:13:32.571226,25219,252,0.773
ICAO24_00036,WP005,-69.270295,56.503761,2024-03-30 04:37:32.571226,3249,200,0.519
ICAO24_00042,WP005,-69.270295,56.503761,2024-03-30 16:03:32.571226,36522,594,0.833
ICAO24_00047,WP007,-57.826286,-139.50474,2024-03-29 05:29:32.571325,15040,240,0.218
ICAO24_00037,WP001,-35.646962,143.047845,2024-03-29 08:11:32.571325,27862,380,0.148
ICAO24_00041,WP003,21.930152,112.390543,2024-03-29 11:03:32.571325,32265,314,0.307
ICAO24_00003,WP006,59.415864,-177.561983,2024-03-29 18:56:32.571325,34681,256,0.554
ICAO24_00014,WP001,-35.646962,143.047845,2024-03-29 04:44:32.571325,34552,233,0.424
ICAO24_00037,WP004,-20.25543,-120.320141,2024-03-29 10:28:32.571325,24916,349,0.045
ICAO24_00046,WP002,-55.087878,-57.667012,2024-03-29 19:36:32.571325,12775,521,0.235
ICAO24_00028,WP000,-84.632821,-38.478015,2024-03-29 11:02:32.571325,18803,437,0.529
ICAO24_00040,WP008,52.744615,-89.590645,2024-03-29 08:48:32.571325,12264,401,0.819
ICAO24_00002,WP007,-57.826286,-139.50474,2024-03-28 23:18:32.571325,35272,260,0.974
ICAO24_00021,WP008,52.744615,-89.590645,2024-03-29 04:24:32.571325,31208,446,0.848
ICAO24_00015,WP000,-84.632821,-38.478015,2024-03-29 03:06:32.571325,16350,415,0.274
ICAO24_00023,WP008,52.744615,-89.590645,2024-03-28 23:31:32.571325,28511,564,0.198
ICAO24_00003,WP003,21.930152,112.390543,2024-03-28 20:12:32.571325,4009,585,0.384
ICAO24_00025,WP006,59.415864,-177.561983,2024-03-29 02:08:32.571325,38029,579,0.002
ICAO24_00029,WP009,69.053744,93.717509,2024-03-29 18:45:32.571325,32521,253,0.658
ICAO24_00036,WP003,21.930152,112.390543,2024-03-29 03:44:32.571325,26034,307,0.897
ICAO24_00014,WP007,-57.826286,-139.50474,2024-03-29 02:25:32.571325,5587,332,0.846
ICAO24_00007,WP001,-35.646962,143.047845,2024-03-28 23:37:32.571325,7922,425,0.51
ICAO24_00015,WP008,52.744615,-89.590645,2024-03-28 21:49:32.571325,18984,213,0.253
ICAO24_00040,WP009,69.053744,93.717509,2024-03-27 23:27:32.571500,24795,307,0.95
ICAO24_00008,WP002,-55.087878,-57.667012,2024-03-28 13:02:32.571500,16562,600,0.527
ICAO24_00033,WP005,-69.270295,56.503761,2024-03-28 02:51:32.571500,36604,213,0.281
ICAO24_00032,WP008,52.744615,-89.590645,2024-03-28 13:20:32.571500,32238,555,0.051
ICAO24_00033,WP005,-69.270295,56.503761,2024-03-28 17:23:32.571500,9202,331,0.986
ICAO24_00008,WP005,-69.270295,56.503761,2024-03-28 09:53:32.571500,19057,476,0.636
ICAO24_00039,WP003,21.930152,112.390543,2024-03-28 07:21:32.571500,24368,505,0.479
ICAO24_00038,WP005,-69.270295,56.503761,2024-03-27 08:01:32.571551,16564,389,0.226
ICAO24_00019,WP008,52.744615,-89.590645,2024-03-27 10:28:32.571551,30751,346,0.959
ICAO24_00020,WP007,-57.826286,-139.50474,2024-03-27 09:14:32.571551,39756,246,0.345
ICAO24_00019,WP003,21.930152,112.390543,2024-03-27 16:41:32.571551,10732,585,0.334
ICAO24_00005,WP006,59.415864,-177.561983,2024-03-27 04:10:32.571551,4694,235,0.574
ICAO24_00043,WP007,-57.826286,-139.50474,2024-03-27 17:18:32.571551,15108,282,0.715
ICAO24_00013,WP003,21.930152,112.390543,2024-03-27 03:46:32.571551,39255,350,0.017
ICAO24_00002,WP008,52.744615,-89.590645,2024-03-27 07:33:32.571551,3831,337,0.159
ICAO24_00039,WP001,-35.646962,143.047845,2024-03-27 13:40:32.571551,33931,267,0.943
ICAO24_00043,WP001,-35.646962,143.047845,2024-03-26 20:41:32.571551,37384,208,0.48
ICAO24_00045,WP004,-20.25543,-120.320141,2024-03-27 16:57:32.571551,36367,428,0.568
ICAO24_00040,WP000,-84.632821,-38.478015,2024-03-26 20:21:32.571551,18859,576,0.017
ICAO24_00033,WP008,52.744615,-89.590645,2024-03-27 16:35:32.571551,17034,566,0.235
ICAO24_00012,WP007,-57.826286,-139.50474,2024-03-27 02:01:32.571551,19300,348,0.284
ICAO24_00013,WP005,-69.270295,56.503761,2024-03-26 21:19:32.571551,34990,447,0.924
ICAO24_00022,WP009,69.053744,93.717509,2024-03-26 22:32:32.571551,23185,349,0.402
ICAO24_00012,WP009,69.053744,93.717509,2024-03-26 12:44:32.571666,38272,581,0.393
ICAO24_00029,WP006,59.415864,-177.561983,2024-03-25 21:21:32.571666,20305,446,0.671
ICAO24_00017,WP007,-57.826286,-139.50474,2024-03-26 12:30:32.571666,31930,501,0.681
ICAO24_00020,WP005,-69.270295,56.503761,2024-03-26 00:34:32.571666,29596,420,0.099
ICAO24_00018,WP002,-55.087878,-57.667012,2024-03-25 23:47:32.571666,19831,458,0.904
ICAO24_00017,WP005,-69.270295,56.503761,2024-03-25 15:15:32.571704,4265,279,0.649
ICAO24_00023,WP009,69.053744,93.717509,2024-03-25 04:04:32.571704,38728,216,0.955
ICAO24_00025,WP005,-69.270295,56.503761,2024-03-25 13:26:32.571704,31847,378,0.616
ICAO24_00007,WP007,-57.826286,-139.50474,2024-03-25 01:26:32.571704,29967,525,0.065
ICAO24_00027,WP008,52.744615,-89.590645,2024-03-25 04:45:32.571704,36247,560,0.084
ICAO24_00026,WP008,52.744615,-89.590645,2024-03-25 13:39:32.571704,27564,544,0.883
ICAO24_00014,WP002,-55.087878,-57.667012,2024-03-25 13:41:32.571704,8636,578,0.649
ICAO24_00018,WP005,-69.270295,56.503761,2024-03-25 09:25:32.571704,4052,378,0.357
ICAO24_00035,WP008,52.744615,-89.590645,2024-03-25 02:03:32.571704,7902,310,0.865
ICAO24_00032,WP005,-69.270295,56.503761,2024-03-25 10:08:32.571704,38860,211,0.754
ICAO24_00039,WP008,52.744615,-89.590645,2024-03-24 21:49:32.571704,21522,588,0.179
ICAO24_00021,WP003,21.930152,112.390543,2024-03-25 08:19:32.571704,30377,208,0.332
ICAO24_00020,WP001,-35.646962,143.047845,2024-03-23 21:12:32.571786,17345,528,0.161
ICAO24_00018,WP007,-57.826286,-139.50474,2024-03-24 02:12:32.571786,39937,460,0.651
ICAO24_00037,WP008,52.744615,-89.590645,2024-03-24 02:35:32.571786,19189,488,0.827
ICAO24_00021,WP007,-57.826286,-139.50474,2024-03-24 08:01:32.571786,3205,392,0.812
ICAO24_00040,WP005,-69.270295,56.503761,2024-03-24 04:19:32.571786,3955,210,0.242
ICAO24_00039,WP002,-55.087878,-57.667012,2024-03-24 00:36:32.571786,16568,492,0.963
ICAO24_00024,WP004,-20.25543,-120.320141,2024-03-24 06:24:32.571786,26876,553,0.678
ICAO24_00022,WP001,-35.646962,143.047845,2024-03-23 11:56:32.571837,20287,271,0.795
ICAO24_00034,WP002,-55.087878,-57.667012,2024-03-23 18:54:32.571837,6502,346,0.551
ICAO24_00012,WP001,-35.646962,143.047845,2024-03-23 09:45:32.571837,22748,361,0.132
ICAO24_00037,WP006,59.415864,-177.561983,2024-03-23 02:36:32.571837,35425,287,0.859
ICAO24_00031,WP007,-57.826286,-139.50474,2024-03-23 15:26:32.571837,21587,299,0.203
ICAO24_00029,WP008,52.744615,-89.590645,2024-03-23 04:59:32.571837,24410,428,0.308
ICAO24_00009,WP004,-20.25543,-120.320141,2024-03-23 02:42:32.571837,21513,565,0.557
ICAO24_00021,WP003,21.930152,112.390543,2024-03-23 01:58:32.571837,8438,269,0.945
ICAO24_00016,WP008,52.744615,-89.590645,2024-03-22 20:20:32.571837,36241,544,0.539
ICAO24_00038,WP002,-55.087878,-57.667012,2024-03-23 09:06:32.571837,38530,461,0.02
ICAO24_00000,WP009,69.053744,93.717509,2024-03-23 16:42:32.571837,38644,587,0.764
ICAO24_00025,WP008,52.744615,-89.590645,2024-03-22 16:34:32.571911,3212,536,0.316
ICAO24_00031,WP009,69.053744,93.717509,2024-03-22 18:05:32.571911,35525,406,0.731
ICAO24_00048,WP006,59.415864,-177.561983,2024-03-22 14:59:32.571911,7022,224,0.46
ICAO24_00014,WP000,-84.632821,-38.478015,2024-03-22 04:14:32.571911,13931,386,0.793
ICAO24_00002,WP002,-55.087878,-57.667012,2024-03-21 23:33:32.571911,8028,596,0.94
ICAO24_00016,WP004,-20.25543,-120.320141,2024-03-22 04:41:32.571911,38553,512,0.346
ICAO24_00046,WP008,52.744615,-89.590645,2024-03-22 14:14:32.571911,12253,418,0.723
ICAO24_00033,WP004,-20.25543,-120.320141,2024-03-22 05:21:32.571911,38833,481,0.868
ICAO24_00032,WP001,-35.646962,143.047845,2024-03-21 23:01:32.571911,27340,485,0.251
ICAO24_00041,WP003,21.930152,112.390543,2024-03-22 04:13:32.571911,18355,355,0.588
ICAO24_00019,WP009,69.053744,93.717509,2024-03-21 23:43:32.571911,30827,211,0.656
ICAO24_00004,WP008,52.744615,-89.590645,2024-03-21 23:00:32.571911,29927,241,0.994
ICAO24_00018,WP008,52.744615,-89.590645,2024-03-21 16:18:32.571995,10882,239,0.862
ICAO24_00007,WP003,21.930152,112.390543,2024-03-21 13:33:32.571995,38650,218,0.903
ICAO24_00024,WP008,52.744615,-89.590645,2024-03-21 19:29:32.571995,7190,547,0.582
ICAO24_00031,WP008,52.744615,-89.590645,2024-03-20 23:14:32.571995,23092,303,0.451
ICAO24_00003,WP007,-57.826286,-139.50474,2024-03-21 17:10:32.571995,28461,279,0.038
ICAO24_00002,WP003,21.930152,112.390543,2024-03-21 12:49:32.571995,9104,591,0.754
ICAO24_00029,WP003,21.930152,112.390543,2024-03-20 21:23:32.571995,38435,423,0.194
ICAO24_00046,WP001,-35.646962,143.047845,2024-03-21 10:11:32.571995,19713,413,0.892
ICAO24_00022,WP003,21.930152,112.390543,2024-03-21 17:49:32.571995,25312,565,0.825
ICAO24_00014,WP005,-69.270295,56.503761,2024-03-20 21:08:32.571995,22549,391,0.121
ICAO24_00029,WP006,59.415864,-177.561983,2024-03-21 04:32:32.571995,8318,426,0.74
ICAO24_00032,WP001,-35.646962,143.047845,2024-03-21 00:52:32.571995,26336,525,0.533
ICAO24_00020,WP001,-35.646962,143.047845,2024-03-21 06:20:32.571995,34054,592,0.019
ICAO24_00035,WP008,52.744615,-89.590645,2024-03-21 10:25:32.571995,28540,435,0.166
ICAO24_00018,WP007,-57.826286,-139.50474,2024-03-21 16:39:32.571995,14208,338,0.893
ICAO24_00012,WP000,-84.632821,-38.478015,2024-03-20 19:59:32.571995,4693,473,0.468
ICAO24_00040,WP007,-57.826286,-139.50474,2024-03-20 04:45:32.572144,25718,468,0.281
ICAO24_00004,WP003,21.930152,112.390543,2024-03-20 05:20:32.572144,32901,467,0.24
ICAO24_00048,WP004,-20.25543,-120.320141,2024-03-19 22:32:32.572144,27916,540,0.918
ICAO24_00012,WP004,-20.25543,-120.320141,2024-03-20 03:39:32.572144,38360,396,0.52
ICAO24_00049,WP004,-20.25543,-120.320141,2024-03-19 20:36:32.572144,9006,298,0.724
ICAO24_00029,WP007,-57.826286,-139.50474,2024-03-20 18:26:32.572144,16717,460,0.877
ICAO24_00021,WP007,-57.826286,-139.50474,2024-03-20 15:17:32.572144,22432,361,0.625
ICAO24_00001,WP000,-84.632821,-38.478015,2024-03-20 01:40:32.572144,18714,397,0.51
ICAO24_00017,WP002,-55.087878,-57.667012,2024-03-20 11:33:32.572144,37633,494,0.01
ICAO24_00028,WP003,21.930152,112.390543,2024-03-19 22:15:32.572144,23422,310,0.324
ICAO24_00047,WP001,-35.646962,143.047845,2024-03-20 10:33:32.572144,20556,381,0.243
ICAO24_00017,WP002,-55.087878,-57.667012,2024-03-19 05:58:32.572219,23997,474,0.982
ICAO24_00010,WP003,21.930152,112.390543,2024-03-18 21:26:32.572219,12854,213,0.291
ICAO24_00038,WP007,-57.826286,-139.50474,2024-03-19 11:31:32.572219,7623,527,0.224
ICAO24_00020,WP008,52.744615,-89.590645,2024-03-18 22:56:32.572219,32745,230,0.055
ICAO24_00027,WP001,-35.646962,143.047845,2024-03-19 14:02:32.572219,24927,298,0.764
ICAO24_00022,WP002,-55.087878,-57.667012,2024-03-18 21:20:32.572219,14960,532,0.174
ICAO24_00021,WP001,-35.646962,143.047845,2024-03-19 00:15:32.572219,23074,523,0.825
ICAO24_00009,WP004,-20.25543,-120.320141,2024-03-19 07:41:32.572219,22414,267,0.004
ICAO24_00014,WP001,-35.646962,143.047845,2024-03-19 12:52:32.572219,25530,574,0.16
ICAO24_00017,WP001,-35.646962,143.047845,2024-03-18 22:46:32.572219,6569,229,0.742
ICAO24_00012,WP002,-55.087878,-57.667012,2024-03-19 10:42:32.572219,35728,473,0.334
ICAO24_00044,WP001,-35.646962,143.047845,2024-03-19 16:45:32.572219,38486,484,0.929
ICAO24_00032,WP000,-84.632821,-38.478015,2024-03-19 00:47:32.572219,22008,404,0.1
ICAO24_00026,WP001,-35.646962,143.047845,2024-03-19 01:49:32.572219,11936,374,0.481
ICAO24_00015,WP001,-35.646962,143.047845,2024-03-19 05:18:32.572219,37929,376,0.125
ICAO24_00015,WP007,-57.826286,-139.50474,2024-03-18 09:45:32.572325,32399,296,0.515
ICAO24_00043,WP001,-35.646962,143.047845,2024-03-17 21:38:32.572325,13554,236,0.424
ICAO24_00036,WP005,-69.270295,56.503761,2024-03-18 04:37:32.572325,32316,350,0.206
ICAO24_00047,WP004,-20.25543,-120.320141,2024-03-17 22:16:32.572325,39204,440,0.266
ICAO24_00031,WP000,-84.632821,-38.478015,2024-03-18 05:11:32.572325,26441,336,0.067
ICAO24_00007,WP005,-69.270295,56.503761,2024-03-18 17:21:32.572325,39335,529,0.257
ICAO24_00043,WP000,-84.632821,-38.478015,2024-03-18 01:22:32.572325,21641,403,0.212
ICAO24_00036,WP005,-69.270295,56.503761,2024-03-18 07:15:32.572325,25646,561,0.44
ICAO24_00016,WP001,-35.646962,143.047845,2024-03-18 19:10:32.572325,13931,334,0.738
ICAO24_00024,WP004,-20.25543,-120.320141,2024-03-17 15:51:32.572399,21450,554,0.756
ICAO24_00031,WP006,59.415864,-177.561983,2024-03-17 11:51:32.572399,25740,477,0.378
ICAO24_00027,WP007,-57.826286,-139.50474,2024-03-17 00:58:32.572399,17896,271,0.02
ICAO24_00017,WP001,-35.646962,143.047845,2024-03-16 20:42:32.572399,11191,358,0.412
ICAO24_00040,WP008,52.744615,-89.590645,2024-03-16 21:56:32.572399,36485,473,0.523
ICAO24_00044,WP009,69.053744,93.717509,2024-03-17 16:58:32.572399,23435,286,0.737
ICAO24_00004,WP004,-20.25543,-120.320141,2024-03-17 15:38:32.572399,25336,210,0.898
ICAO24_00032,WP005,-69.270295,56.503761,2024-03-17 18:55:32.572399,11332,239,1.0
ICAO24_00039,WP008,52.744615,-89.590645,2024-03-17 16:39:32.572399,13709,229,0.4
ICAO24_00044,WP002,-55.087878,-57.667012,2024-03-17 15:46:32.572399,5249,595,0.329
ICAO24_00017,WP008,52.744615,-89.590645,2024-03-16 22:11:32.572399,30191,547,0.624
ICAO24_00011,WP005,-69.270295,56.503761,2024-03-17 15:04:32.572399,30742,418,0.368
ICAO24_00043,WP002,-55.087878,-57.667012,2024-03-17 09:52:32.572399,14903,221,0.524
ICAO24_00042,WP000,-84.632821,-38.478015,2024-03-17 19:46:32.572399,24144,375,0.905
ICAO24_00030,WP005,-69.270295,56.503761,2024-03-17 11:24:32.572399,12408,219,0.65
ICAO24_00013,WP006,59.415864,-177.561983,2024-03-17 12:49:32.572399,15310,442,0.065
ICAO24_00044,WP000,-84.632821,-38.478015,2024-03-17 01:36:32.572399,13476,312,0.999
ICAO24_00034,WP002,-55.087878,-57.667012,2024-03-17 04:17:32.572399,35072,474,0.631
ICAO24_00013,WP000,-84.632821,-38.478015,2024-03-17 04:49:32.572399,4635,325,0.792
ICAO24_00043,WP003,21.930152,112.390543,2024-03-17 19:24:32.572399,32302,347,0.751
ICAO24_00032,WP005,-69.270295,56.503761,2024-03-16 19:02:32.572549,19846,334,0.177
ICAO24_00008,WP009,69.053744,93.717509,2024-03-16 06:30:32.572549,31295,301,0.916
ICAO24_00036,WP001,-35.646962,143.047845,2024-03-15 22:52:32.572549,36319,321,0.29
ICAO24_00014,WP009,69.053744,93.717509,2024-03-16 00:46:32.572549,10762,514,0.236
ICAO24_00048,WP008,52.744615,-89.590645,2024-03-16 16:12:32.572549,38229,572,0.186
ICAO24_00012,WP001,-35.646962,143.047845,2024-03-15 20:17:32.572549,22614,531,0.054
ICAO24_00044,WP003,21.930152,112.390543,2024-03-16 11:27:32.572549,18804,366,0.321
ICAO24_00016,WP003,21.930152,112.390543,2024-03-16 16:10:32.572549,14904,553,0.954
ICAO24_00038,WP005,-69.270295,56.503761,2024-03-16 10:41:32.572549,9900,279,0.503
ICAO24_00000,WP004,-20.25543,-120.320141,2024-03-16 05:00:32.572549,18912,414,0.276
ICAO24_00029,WP002,-55.087878,-57.667012,2024-03-16 04:43:32.572549,28143,584,0.798
ICAO24_00022,WP003,21.930152,112.390543,2024-03-16 11:05:32.572549,16779,254,0.098
ICAO24_00004,WP009,69.053744,93.717509,2024-03-16 16:18:32.572549,34142,209,0.223
ICAO24_00023,WP000,-84.632821,-38.478015,2024-03-15 23:53:32.572549,25396,212,0.196
ICAO24_00042,WP004,-20.25543,-120.320141,2024-03-16 07:53:32.572549,28921,430,0.477
ICAO24_00027,WP007,-57.826286,-139.50474,2024-03-15 13:36:32.572654,8598,508,0.835
ICAO24_00024,WP008,52.744615,-89.590645,2024-03-15 10:26:32.572654,18312,354,0.078
ICAO24_00040,WP008,52.744615,-89.590645,2024-03-15 08:33:32.572654,6671,322,0.822
ICAO24_00023,WP001,-35.646962,143.047845,2024-03-15 10:03:32.572654,33376,498,0.507
ICAO24_00029,WP001,-35.646962,143.047845,2024-03-15 08:47:32.572654,12765,254,0.681
ICAO24_00011,WP009,69.053744,93.717509,2024-03-14 23:09:32.572654,27574,388,0.058
ICAO24_00044,WP002,-55.087878,-57.667012,2024-03-15 10:59:32.572654,13350,251,0.49
ICAO24_00020,WP007,-57.826286,-139.50474,2024-03-15 07:09:32.572654,3051,388,0.884
ICAO24_00002,WP007,-57.826286,-139.50474,2024-03-14 22:51:32.572654,13989,327,0.3
ICAO24_00024,WP005,-69.270295,56.503761,2024-03-15 02:25:32.572654,18874,225,0.885
ICAO24_00004,WP008,52.744615,-89.590645,2024-03-14 20:10:32.572654,11238,256,0.269
ICAO24_00022,WP003,21.930152,112.390543,2024-03-15 13:30:32.572654,25840,562,0.126
ICAO24_00019,WP009,69.053744,93.717509,2024-03-14 23:59:32.572654,35068,597,0.483
ICAO24_00033,WP007,-57.826286,-139.50474,2024-03-15 05:56:32.572654,25798,220,0.557
ICAO24_00016,WP003,21.930152,112.390543,2024-03-14 18:51:32.572748,9985,493,0.862
ICAO24_00021,WP008,52.744615,-89.590645,2024-03-13 20:37:32.572748,37069,321,0.607
ICAO24_00028,WP002,-55.087878,-57.667012,2024-03-14 04:10:32.572748,17293,594,0.913
ICAO24_00045,WP008,52.744615,-89.590645,2024-03-14 17:36:32.572748,34986,437,0.145
ICAO24_00040,WP000,-84.632821,-38.478015,2024-03-14 09:29:32.572748,23058,347,0.135
ICAO24_00004,WP002,-55.087878,-57.667012,2024-03-14 09:34:32.572748,9841,416,0.909
ICAO24_00019,WP009,69.053744,93.717509,2024-03-14 04:21:32.572748,35970,588,0.389
ICAO24_00024,WP002,-55.087878,-57.667012,2024-03-14 16:06:32.572748,23612,460,0.752
ICAO24_00020,WP003,21.930152,112.390543,2024-03-14 17:17:32.572748,14887,527,0.342
ICAO24_00047,WP001,-35.646962,143.047845,2024-03-14 15:50:32.572748,11078,443,0.443
ICAO24_00040,WP002,-55.087878,-57.667012,2024-03-14 16:31:32.572748,37696,259,0.013
ICAO24_00013,WP001,-35.646962,143.047845,2024-03-13 05:53:32.572828,5047,315,0.969
ICAO24_00042,WP002,-55.087878,-57.667012,2024-03-13 19:28:32.572828,18219,219,0.371
ICAO24_00045,WP004,-20.25543,-120.320141,2024-03-13 04:21:32.572828,30494,420,0.545
ICAO24_00036,WP000,-84.632821,-38.478015,2024-03-13 18:32:32.572828,22105,583,0.974
ICAO24_00014,WP001,-35.646962,143.047845,2024-03-13 18:59:32.572828,30615,594,0.203
ICAO24_00030,WP003,21.930152,112.390543,2024-03-13 05:35:32.572828,5001,409,0.089
ICAO24_00002,WP002,-55.087878,-57.667012,2024-03-13 17:18:32.572828,8694,395,0.901
ICAO24_00042,WP007,-57.826286,-139.50474,2024-03-13 10:50:32.572828,27863,497,0.671
ICAO24_00004,WP003,21.930152,112.390543,2024-03-13 05:27:32.572828,21210,549,0.558
ICAO24_00025,WP008,52.744615,-89.590645,2024-03-13 17:02:32.572828,30045,410,0.187
ICAO24_00025,WP008,52.744615,-89.590645,2024-03-13 06:25:32.572828,20953,226,0.491
ICAO24_00028,WP005,-69.270295,56.503761,2024-03-13 07:06:32.572828,25980,303,0.509
ICAO24_00035,WP005,-69.270295,56.503761,2024-03-13 17:00:32.572828,23272,324,0.004
ICAO24_00033,WP009,69.053744,93.717509,2024-03-13 03:56:32.572828,39742,388,0.776
ICAO24_00016,WP007,-57.826286,-139.50474,2024-03-12 17:29:32.572927,4375,414,0.202
ICAO24_00002,WP002,-55.087878,-57.667012,2024-03-12 07:58:32.572927,6818,440,0.013
ICAO24_00040,WP003,21.930152,112.390543,2024-03-12 08:05:32.572927,28441,497,0.936
ICAO24_00034,WP006,59.415864,-177.561983,2024-03-12 09:42:32.572927,13377,286,0.619
ICAO24_00014,WP006,59.415864,-177.561983,2024-03-12 15:38:32.572927,38132,349,0.521
ICAO24_00031,WP003,21.930152,112.390543,2024-03-12 02:48:32.572927,15801,412,0.722
ICAO24_00000,WP001,-35.646962,143.047845,2024-03-12 07:02:32.572927,18688,481,0.632
ICAO24_00038,WP005,-69.270295,56.503761,2024-03-12 10:20:32.572927,20252,456,0.788
ICAO24_00022,WP006,59.415864,-177.561983,2024-03-12 15:54:32.572927,12416,501,0.524
ICAO24_00027,WP000,-84.632821,-38.478015,2024-03-11 23:07:32.572927,4628,233,0.247
ICAO24_00045,WP000,-84.632821,-38.478015,2024-03-12 14:36:32.572927,25996,390,0.001
ICAO24_00039,WP003,21.930152,112.390543,2024-03-12 03:48:32.572927,23995,406,0.0
ICAO24_00030,WP008,52.744615,-89.590645,2024-03-12 12:15:32.572927,10599,566,0.038
ICAO24_00005,WP004,-20.25543,-120.320141,2024-03-12 18:32:32.572927,17159,562,0.753
ICAO24_00035,WP007,-57.826286,-139.50474,2024-03-12 12:00:32.572927,23966,445,0.604
ICAO24_00043,WP007,-57.826286,-139.50474,2024-03-12 15:02:32.572927,30452,450,0.749
ICAO24_00040,WP006,59.415864,-177.561983,2024-03-12 02:30:32.572927,5724,484,0.415
ICAO24_00024,WP006,59.415864,-177.561983,2024-03-12 14:00:32.572927,27946,523,0.729
ICAO24_00027,WP004,-20.25543,-120.320141,2024-03-12 03:22:32.572927,26965,473,0.716
ICAO24_00007,WP004,-20.25543,-120.320141,2024-03-12 07:49:32.572927,39341,420,0.768
ICAO24_00010,WP008,52.744615,-89.590645,2024-03-11 00:31:32.573064,17716,461,0.09
ICAO24_00029,WP007,-57.826286,-139.50474,2024-03-10 21:08:32.573064,4698,364,0.341
ICAO24_00041,WP002,-55.087878,-57.667012,2024-03-10 23:34:32.573064,34450,399,0.308
ICAO24_00026,WP005,-69.270295,56.503761,2024-03-11 12:48:32.573064,5966,303,0.141
ICAO24_00046,WP008,52.744615,-89.590645,2024-03-11 02:05:32.573064,30200,282,0.519
ICAO24_00028,WP002,-55.087878,-57.667012,2024-03-11 15:14:32.573064,28915,323,0.436
ICAO24_00026,WP009,69.053744,93.717509,2024-03-11 06:54:32.573064,5758,383,0.735
ICAO24_00039,WP005,-69.270295,56.503761,2024-03-11 07:24:32.573064,10794,296,0.351
ICAO24_00000,WP001,-35.646962,143.047845,2024-03-11 13:37:32.573064,12711,232,0.643
ICAO24_00012,WP007,-57.826286,-139.50474,2024-03-11 02:18:32.573064,28017,406,0.237
ICAO24_00009,WP006,59.415864,-177.561983,2024-03-11 15:47:32.573064,5175,324,0.601
ICAO24_00011,WP000,-84.632821,-38.478015,2024-03-09 23:40:32.573168,37395,283,0.931
ICAO24_00013,WP004,-20.25543,-120.320141,2024-03-10 09:09:32.573168,19681,593,0.043
ICAO24_00020,WP005,-69.270295,56.503761,2024-03-10 08:54:32.573168,31539,422,0.435
ICAO24_00026,WP008,52.744615,-89.590645,2024-03-10 01:39:32.573168,20093,509,0.896
ICAO24_00014,WP000,-84.632821,-38.478015,2024-03-10 04:59:32.573168,25529,329,0.454
ICAO24_00045,WP000,-84.632821,-38.478015,2024-03-10 14:28:32.573168,17186,331,0.083
ICAO24_00018,WP002,-55.087878,-57.667012,2024-03-09 20:57:32.573168,27508,570,0.297
ICAO24_00049,WP002,-55.087878,-57.667012,2024-03-10 16:37:32.573168,30469,457,0.386
ICAO24_00016,WP002,-55.087878,-57.667012,2024-03-10 19:27:32.573168,33391,540,0.47
ICAO24_00000,WP002,-55.087878,-57.667012,2024-03-09 20:17:32.573168,37789,203,0.011
ICAO24_00029,WP005,-69.270295,56.503761,2024-03-09 02:06:32.573256,29707,410,0.326
ICAO24_00004,WP008,52.744615,-89.590645,2024-03-09 08:36:32.573256,3285,241,0.214
ICAO24_00027,WP008,52.744615,-89.590645,2024-03-09 05:43:32.573256,29494,520,0.341
ICAO24_00040,WP007,-57.826286,-139.50474,2024-03-09 06:31:32.573256,22498,476,0.463
ICAO24_00003,WP009,69.053744,93.717509,2024-03-09 02:30:32.573256,25942,332,0.387
ICAO24_00032,WP001,-35.646962,143.047845,2024-03-09 19:04:32.573256,20060,326,0.32
ICAO24_00016,WP004,-20.25543,-120.320141,2024-03-09 11:21:32.573256,22907,262,0.355
ICAO24_00049,WP001,-35.646962,143.047845,2024-03-09 15:02:32.573256,38655,381,0.128
ICAO24_00028,WP001,-35.646962,143.047845,2024-03-09 06:33:32.573256,24661,568,0.313
ICAO24_00022,WP009,69.053744,93.717509,2024-03-09 06:05:32.573256,37890,582,0.566
ICAO24_00018,WP005,-69.270295,56.503761,2024-03-09 04:34:32.573256,14605,547,0.557
ICAO24_00041,WP007,-57.826286,-139.50474,2024-03-08 21:19:32.573256,27216,541,0.671
ICAO24_00012,WP005,-69.270295,56.503761,2024-03-08 21:07:32.573256,8634,343,0.185
ICAO24_00011,WP006,59.415864,-177.561983,2024-03-08 21:01:32.573256,32038,577,0.16
ICAO24_00046,WP009,69.053744,93.717509,2024-03-08 14:14:32.573353,38078,301,0.486
ICAO24_00041,WP004,-20.25543,-120.320141,2024-03-08 03:49:32.573353,24707,217,0.266
ICAO24_00002,WP008,52.744615,-89.590645,2024-03-07 23:52:32.573353,15689,297,0.248
ICAO24_00031,WP008,52.744615,-89.590645,2024-03-08 16:29:32.573353,37491,364,0.724
ICAO24_00014,WP001,-35.646962,143.047845,2024-03-07 23:54:32.573353,10551,437,0.963
ICAO24_00002,WP007,-57.826286,-139.50474,2024-03-08 14:29:32.573353,29373,424,0.638
ICAO24_00015,WP002,-55.087878,-57.667012,2024-03-07 20:54:32.573353,37732,307,0.027
ICAO24_00037,WP001,-35.646962,143.047845,2024-03-08 04:32:32.573353,38243,294,0.005
ICAO24_00039,WP001,-35.646962,143.047845,2024-03-08 19:20:32.573353,7827,338,0.85
ICAO24_00036,WP001,-35.646962,143.047845,2024-03-08 18:52:32.573353,22020,226,0.64
ICAO24_00005,WP007,-57.826286,-139.50474,2024-03-08 06:05:32.573353,25035,543,0.8
ICAO24_00045,WP006,59.415864,-177.561983,2024-03-08 05:16:32.573353,8416,454,0.399
ICAO24_00022,WP006,59.415864,-177.561983,2024-03-08 08:04:32.573353,27345,323,0.992
ICAO24_00020,WP004,-20.25543,-120.320141,2024-03-08 12:24:32.573353,11510,528,0.145
ICAO24_00012,WP005,-69.270295,56.503761,2024-03-08 06:35:32.573353,25538,234,0.95
ICAO24_00035,WP006,59.415864,-177.561983,2024-03-07 22:41:32.573353,28279,438,0.116
ICAO24_00004,WP000,-84.632821,-38.478015,2024-03-08 01:47:32.573353,39779,343,0.86
ICAO24_00035,WP005,-69.270295,56.503761,2024-03-08 15:50:32.573353,28179,270,0.95
ICAO24_00040,WP007,-57.826286,-139.50474,2024-03-07 13:39:32.573483,4929,442,0.757
ICAO24_00041,WP006,59.415864,-177.561983,2024-03-07 05:49:32.573483,32351,309,0.415
ICAO24_00048,WP006,59.415864,-177.561983,2024-03-07 14:52:32.573483,38864,478,0.814
ICAO24_00035,WP000,-84.632821,-38.478015,2024-03-06 23:11:32.573483,8318,582,0.893
ICAO24_00016,WP004,-20.25543,-120.320141,2024-03-07 05:12:32.573483,36560,284,0.555
ICAO24_00011,WP009,69.053744,93.717509,2024-03-07 15:47:32.573483,35147,440,0.837
ICAO24_00015,WP000,-84.632821,-38.478015,2024-03-07 07:46:32.573483,25001,422,0.448
ICAO24_00015,WP005,-69.270295,56.503761,2024-03-07 14:15:32.573483,13718,414,0.093
ICAO24_00004,WP006,59.415864,-177.561983,2024-03-06 20:44:32.573483,12187,431,0.691
ICAO24_00039,WP000,-84.632821,-38.478015,2024-03-07 01:15:32.573483,23509,313,0.045
ICAO24_00013,WP006,59.415864,-177.561983,2024-03-06 20:21:32.573483,23958,453,0.722
ICAO24_00008,WP004,-20.25543,-120.320141,2024-03-06 12:12:32.573557,21982,476,0.633
ICAO24_00030,WP001,-35.646962,143.047845,2024-03-06 09:51:32.573557,7498,541,0.762
ICAO24_00041,WP006,59.415864,-177.561983,2024-03-06 17:24:32.573557,3261,279,0.203
ICAO24_00044,WP006,59.415864,-177.561983,2024-03-06 06:38:32.573557,39334,474,0.242
ICAO24_00043,WP003,21.930152,112.390543,2024-03-06 12:13:32.573557,11407,594,0.737
ICAO24_00032,WP001,-35.646962,143.047845,2024-03-06 11:15:32.573557,15610,445,0.154
ICAO24_00001,WP007,-57.826286,-139.50474,2024-03-06 03:06:32.573557,3284,393,0.005
ICAO24_00040,WP003,21.930152,112.390543,2024-03-06 02:20:32.573557,9131,523,0.574
ICAO24_00009,WP003,21.930152,112.390543,2024-03-06 08:12:32.573557,16211,453,0.485
ICAO24_00045,WP003,21.930152,112.390543,2024-03-06 16:39:32.573557,21558,584,0.127
ICAO24_00010,WP009,69.053744,93.717509,2024-03-06 05:18:32.573557,32162,347,0.294
ICAO24_00003,WP002,-55.087878,-57.667012,2024-03-06 09:28:32.573557,27662,482,0.943
ICAO24_00045,WP004,-20.25543,-120.320141,2024-03-06 04:20:32.573557,20288,262,0.458
ICAO24_00017,WP005,-69.270295,56.503761,2024-03-05 23:36:32.573557,12111,222,0.514
ICAO24_00044,WP005,-69.270295,56.503761,2024-03-06 12:31:32.573557,18121,399,0.924
ICAO24_00037,WP002,-55.087878,-57.667012,2024-03-06 06:11:32.573557,6866,520,0.645
ICAO24_00026,WP003,21.930152,112.390543,2024-03-05 23:50:32.573557,20670,476,0.545
ICAO24_00026,WP002,-55.087878,-57.667012,2024-03-06 01:00:32.573557,33805,488,0.642
ICAO24_00043,WP004,-20.25543,-120.320141,2024-03-05 04:42:32.573693,25640,546,0.18
ICAO24_00022,WP007,-57.826286,-139.50474,2024-03-04 23:24:32.573693,34342,303,0.863
ICAO24_00036,WP004,-20.25543,-120.320141,2024-03-05 12:24:32.573693,34436,452,0.621
ICAO24_00030,WP005,-69.270295,56.503761,2024-03-05 00:45:32.573693,36638,201,0.032
ICAO24_00043,WP003,21.930152,112.390543,2024-03-05 08:05:32.573693,26058,514,0.757
ICAO24_00043,WP009,69.053744,93.717509,2024-03-05 00:15:32.573693,5159,478,0.873
ICAO24_00045,WP001,-35.646962,143.047845,2024-03-05 02:50:32.573693,39967,334,0.696
ICAO24_00018,WP004,-20.25543,-120.320141,2024-03-05 04:03:32.573693,34633,526,0.9
ICAO24_00004,WP002,-55.087878,-57.667012,2024-03-05 09:33:32.573693,14683,540,0.597
ICAO24_00011,WP004,-20.25543,-120.320141,2024-03-05 13:26:32.573693,3579,207,0.249
ICAO24_00008,WP001,-35.646962,143.047845,2024-03-05 01:06:32.573693,39815,344,0.956
ICAO24_00020,WP006,59.415864,-177.561983,2024-03-05 02:53:32.573693,35392,387,0.847
ICAO24_00049,WP002,-55.087878,-57.667012,2024-03-04 03:10:32.573782,12802,314,0.504
ICAO24_00031,WP007,-57.826286,-139.50474,2024-03-04 04:45:32.573782,38825,275,0.324
ICAO24_00029,WP000,-84.632821,-38.478015,2024-03-04 17:41:32.573782,9894,254,0.744
ICAO24_00004,WP000,-84.632821,-38.478015,2024-03-03 23:38:32.573782,38552,226,0.461
ICAO24_00003,WP006,59.415864,-177.561983,2024-03-03 22:40:32.573782,23759,253,0.485
ICAO24_00030,WP006,59.415864,-177.561983,2024-03-04 04:21:32.573782,33556,531,0.411
ICAO24_00040,WP006,59.415864,-177.561983,2024-03-04 17:59:32.573782,20723,419,0.165
ICAO24_00036,WP001,-35.646962,143.047845,2024-03-03 23:22:32.573782,17191,233,0.844
ICAO24_00041,WP001,-35.646962,143.047845,2024-03-04 14:51:32.573782,7885,495,0.979
ICAO24_00031,WP008,52.744615,-89.590645,2024-03-04 14:23:32.573782,30891,352,0.77
ICAO24_00047,WP001,-35.646962,143.047845,2024-03-04 06:29:32.573782,27751,572,0.557
ICAO24_00042,WP007,-57.826286,-139.50474,2024-03-04 07:38:32.573782,28106,345,0.863
ICAO24_00002,WP004,-20.25543,-120.320141,2024-03-04 07:38:32.573782,19748,211,0.659
ICAO24_00037,WP006,59.415864,-177.561983,2024-03-04 07:01:32.573782,12320,324,0.39
ICAO24_00004,WP000,-84.632821,-38.478015,2024-03-03 10:25:32.573983,15761,351,0.418
ICAO24_00026,WP008,52.744615,-89.590645,2024-03-03 14:36:32.573983,27793,214,0.216
ICAO24_00032,WP003,21.930152,112.390543,2024-03-03 11:39:32.573983,31532,380,0.104
ICAO24_00020,WP001,-35.646962,143.047845,2024-03-03 01:00:32.573983,25119,597,0.788
ICAO24_00010,WP004,-20.25543,-120.320141,2024-03-03 01:20:32.573983,23856,555,0.834
ICAO24_00028,WP006,59.415864,-177.561983,2024-03-03 12:34:32.573983,27174,241,0.995
ICAO24_00045,WP009,69.053744,93.717509,2024-03-03 08:54:32.573983,17242,466,0.825
ICAO24_00002,WP003,21.930152,112.390543,2024-03-02 20:07:32.573983,13733,269,0.353
ICAO24_00023,WP002,-55.087878,-57.667012,2024-03-03 17:41:32.573983,8609,238,0.456
ICAO24_00028,WP003,21.930152,112.390543,2024-03-03 02:07:32.573983,7309,301,0.442
ICAO24_00049,WP005,-69.270295,56.503761,2024-03-02 10:01:32.574054,34813,286,0.102
ICAO24_00000,WP003,21.930152,112.390543,2024-03-02 14:01:32.574054,11579,565,0.17
ICAO24_00002,WP007,-57.826286,-139.50474,2024-03-02 03:20:32.574054,13080,347,0.469
ICAO24_00014,WP007,-57.826286,-139.50474,2024-03-01 21:57:32.574054,20919,528,0.313
ICAO24_00013,WP008,52.744615,-89.590645,2024-03-02 11:08:32.574054,6331,321,0.723
ICAO24_00030,WP000,-84.632821,-38.478015,2024-03-02 08:00:32.574054,36114,477,0.769
ICAO24_00010,WP002,-55.087878,-57.667012,2024-03-01 11:24:32.574099,9205,369,0.807
ICAO24_00033,WP000,-84.632821,-38.478015,2024-02-29 23:12:32.574099,8831,337,0.995
ICAO24_00026,WP004,-20.25543,-120.320141,2024-03-01 15:18:32.574099,27045,475,0.837
ICAO24_00027,WP005,-69.270295,56.503761,2024-03-01 08:12:32.574099,3448,224,0.431
ICAO24_00031,WP007,-57.826286,-139.50474,2024-03-01 01:32:32.574099,15110,547,0.81
ICAO24_00035,WP008,52.744615,-89.590645,2024-03-01 00:24:32.574099,20233,388,0.57
ICAO24_00034,WP003,21.930152,112.390543,2024-03-01 09:28:32.574099,12932,361,0.69
ICAO24_00037,WP007,-57.826286,-139.50474,2024-03-01 06:49:32.574099,22679,396,0.439
ICAO24_00037,WP003,21.930152,112.390543,2024-03-01 07:24:32.574099,12611,485,0.604
ICAO24_00012,WP002,-55.087878,-57.667012,2024-03-01 00:59:32.574099,19701,266,0.304
ICAO24_00002,WP008,52.744615,-89.590645,2024-02-28 21:35:32.574167,12044,439,0.927
ICAO24_00027,WP008,52.744615,-89.590645,2024-02-29 02:09:32.574167,5907,589,0.543
ICAO24_00000,WP004,-20.25543,-120.320141,2024-02-28 23:10:32.574167,4305,451,0.55
ICAO24_00014,WP009,69.053744,93.717509,2024-02-28 20:16:32.574167,32981,213,0.668
ICAO24_00035,WP006,59.415864,-177.561983,2024-02-29 11:21:32.574167,16807,388,0.713
ICAO24_00014,WP000,-84.632821,-38.478015,2024-02-28 19:57:32.574167,11564,421,0.407
ICAO24_00040,WP008,52.744615,-89.590645,2024-02-29 00:09:32.574167,37360,400,0.155
ICAO24_00043,WP007,-57.826286,-139.50474,2024-02-29 17:48:32.574167,28529,539,0.871
ICAO24_00028,WP001,-35.646962,143.047845,2024-02-29 07:57:32.574167,37731,452,0.598
ICAO24_00031,WP009,69.053744,93.717509,2024-02-29 18:37:32.574167,10032,361,0.539
ICAO24_00044,WP006,59.415864,-177.561983,2024-02-27 20:38:32.574274,27706,443,0.823
ICAO24_00009,WP006,59.415864,-177.561983,2024-02-28 08:37:32.574274,34512,595,0.431
ICAO24_00038,WP000,-84.632821,-38.478015,2024-02-28 13:40:32.574274,25926,396,0.429
ICAO24_00041,WP001,-35.646962,143.047845,2024-02-27 22:01:32.574274,17772,352,0.477
ICAO24_00017,WP007,-57.826286,-139.50474,2024-02-28 13:49:32.574274,31799,459,0.869
ICAO24_00003,WP003,21.930152,112.390543,2024-02-28 04:51:32.574274,29557,418,0.418
ICAO24_00047,WP001,-35.646962,143.047845,2024-02-28 00:25:32.574274,29442,540,0.4
ICAO24_00000,WP002,-55.087878,-57.667012,2024-02-28 01:31:32.574274,19913,269,0.82
ICAO24_00028,WP006,59.415864,-177.561983,2024-02-28 15:01:32.574274,26847,437,0.964
ICAO24_00024,WP005,-69.270295,56.503761,2024-02-28 14:13:32.574274,4163,368,0.28
ICAO24_00037,WP004,-20.25543,-120.320141,2024-02-28 11:00:32.574274,20718,248,0.852
ICAO24_00000,WP006,59.415864,-177.561983,2024-02-28 15:17:32.574274,15964,479,0.792
ICAO24_00027,WP004,-20.25543,-120.320141,2024-02-27 08:05:32.574391,8038,481,0.222
ICAO24_00001,WP006,59.415864,-177.561983,2024-02-27 04:23:32.574391,7346,502,0.048
ICAO24_00015,WP002,-55.087878,-57.667012,2024-02-27 14:42:32.574391,28833,578,0.298
ICAO24_00014,WP000,-84.632821,-38.478015,2024-02-27 10:00:32.574391,24026,321,0.494
ICAO24_00000,WP007,-57.826286,-139.50474,2024-02-27 11:18:32.574391,7424,213,0.725
ICAO24_00016,WP003,21.930152,112.390543,2024-02-27 00:00:32.574391,9291,430,0.965
ICAO24_00047,WP003,21.930152,112.390543,2024-02-26 20:28:32.574391,22068,592,0.267
ICAO24_00019,WP006,59.415864,-177.561983,2024-02-26 20:07:32.574391,8731,463,0.554
ICAO24_00027,WP002,-55.087878,-57.667012,2024-02-26 21:14:32.574391,22956,418,0.574
ICAO24_00003,WP004,-20.25543,-120.320141,2024-02-26 06:11:32.574455,3455,203,0.952
ICAO24_00014,WP003,21.930152,112.390543,2024-02-26 09:00:32.574455,9058,445,0.998
ICAO24_00047,WP008,52.744615,-89.590645,2024-02-26 14:37:32.574455,34340,551,0.105
ICAO24_00020,WP001,-35.646962,143.047845,2024-02-26 15:35:32.574455,15078,488,0.926
ICAO24_00037,WP007,-57.826286,-139.50474,2024-02-26 18:29:32.574455,4114,560,0.589
ICAO24_00037,WP008,52.744615,-89.590645,2024-02-26 15:58:32.574455,32893,453,0.3
ICAO24_00021,WP000,-84.632821,-38.478015,2024-02-26 09:35:32.574455,28483,597,0.147
ICAO24_00001,WP002,-55.087878,-57.667012,2024-02-25 06:54:32.574506,36703,348,0.444
ICAO24_00016,WP000,-84.632821,-38.478015,2024-02-25 05:46:32.574506,25097,545,0.857
ICAO24_00019,WP005,-69.270295,56.503761,2024-02-25 04:37:32.574506,30314,321,0.898
ICAO24_00029,WP004,-20.25543,-120.320141,2024-02-24 20:26:32.574506,7579,318,0.573
ICAO24_00026,WP002,-55.087878,-57.667012,2024-02-25 16:08:32.574506,36635,349,0.576
ICAO24_00016,WP005,-69.270295,56.503761,2024-02-25 17:49:32.574506,37808,536,0.667
ICAO24_00031,WP000,-84.632821,-38.478015,2024-02-24 20:39:32.574506,17214,206,0.328
ICAO24_00026,WP003,21.930152,112.390543,2024-02-25 15:36:32.574506,24326,318,0.321
ICAO24_00028,WP009,69.053744,93.717509,2024-02-24 18:53:32.574565,21112,406,0.95
ICAO24_00002,WP006,59.415864,-177.561983,2024-02-24 02:17:32.574565,36099,433,0.529
ICAO24_00036,WP002,-55.087878,-57.667012,2024-02-24 00:35:32.574565,30529,570,0.397
ICAO24_00046,WP003,21.930152,112.390543,2024-02-24 11:30:32.574565,5410,271,0.628
ICAO24_00007,WP004,-20.25543,-120.320141,2024-02-24 16:10:32.574565,34924,543,0.458
ICAO24_00044,WP008,52.744615,-89.590645,2024-02-24 07:21:32.574565,14672,394,0.622
ICAO24_00019,WP007,-57.826286,-139.50474,2024-02-24 19:30:32.574565,11353,423,0.279
ICAO24_00019,WP001,-35.646962,143.047845,2024-02-24 08:55:32.574565,34705,485,0.662
ICAO24_00011,WP002,-55.087878,-57.667012,2024-02-24 19:01:32.574565,38120,578,0.487
ICAO24_00017,WP001,-35.646962,143.047845,2024-02-22 20:54:32.574626,13879,419,0.478
ICAO24_00041,WP003,21.930152,112.390543,2024-02-23 16:34:32.574626,14558,243,0.693
ICAO24_00049,WP005,-69.270295,56.503761,2024-02-23 00:22:32.574626,36757,495,0.282
ICAO24_00021,WP008,52.744615,-89.590645,2024-02-23 04:08:32.574626,38796,483,0.992
ICAO24_00006,WP001,-35.646962,143.047845,2024-02-23 04:37:32.574626,39418,267,0.382
ICAO24_00047,WP008,52.744615,-89.590645,2024-02-23 05:03:32.574626,25559,535,0.801
ICAO24_00042,WP001,-35.646962,143.047845,2024-02-22 09:31:32.574672,29017,226,0.638
ICAO24_00014,WP000,-84.632821,-38.478015,2024-02-22 14:38:32.574672,29387,319,0.51
ICAO24_00042,WP008,52.744615,-89.590645,2024-02-22 15:26:32.574672,30021,222,0.103
ICAO24_00003,WP006,59.415864,-177.561983,2024-02-22 01:45:32.574672,33507,429,0.094
ICAO24_00047,WP002,-55.087878,-57.667012,2024-02-22 15:00:32.574672,4151,268,0.896
ICAO24_00021,WP002,-55.087878,-57.667012,2024-02-22 01:17:32.574672,25128,268,0.394
ICAO24_00046,WP007,-57.826286,-139.50474,2024-02-22 12:44:32.574672,27025,302,0.707
ICAO24_00003,WP006,59.415864,-177.561983,2024-02-21 11:01:32.574734,18024,329,0.824
ICAO24_00045,WP005,-69.270295,56.503761,2024-02-21 06:48:32.574734,35212,357,0.805
ICAO24_00034,WP006,59.415864,-177.561983,2024-02-21 08:12:32.574734,15032,533,0.192
ICAO24_00000,WP006,59.415864,-177.561983,2024-02-21 13:13:32.574734,3551,401,0.925
ICAO24_00007,WP003,21.930152,112.390543,2024-02-20 20:09:32.574734,16064,278,0.932
ICAO24_00042,WP009,69.053744,93.717509,2024-02-21 18:31:32.574734,12665,367,0.722
ICAO24_00035,WP005,-69.270295,56.503761,2024-02-20 23:28:32.574734,24295,339,0.566
ICAO24_00022,WP001,-35.646962,143.047845,2024-02-20 23:59:32.574734,14197,314,0.652
ICAO24_00034,WP008,52.744615,-89.590645,2024-02-21 00:59:32.574734,27561,388,0.866
ICAO24_00031,WP004,-20.25543,-120.320141,2024-02-21 05:35:32.574734,34860,255,0.506
ICAO24_00008,WP006,59.415864,-177.561983,2024-02-21 10:32:32.574734,39849,471,0.347
ICAO24_00010,WP000,-84.632821,-38.478015,2024-02-21 08:45:32.574734,9512,361,0.809
ICAO24_00035,WP002,-55.087878,-57.667012,2024-02-21 13:28:32.574734,9215,559,0.322
ICAO24_00031,WP006,59.415864,-177.561983,2024-02-21 01:09:32.574734,13927,549,0.319
ICAO24_00005,WP004,-20.25543,-120.320141,2024-02-21 16:11:32.574734,21464,467,0.351
ICAO24_00014,WP009,69.053744,93.717509,2024-02-20 22:43:32.574734,17748,232,0.524
ICAO24_00049,WP003,21.930152,112.390543,2024-02-21 17:22:32.574734,22099,600,0.03
ICAO24_00030,WP009,69.053744,93.717509,2024-02-21 03:16:32.574734,32038,372,0.72
ICAO24_00023,WP000,-84.632821,-38.478015,2024-02-21 00:52:32.574734,25264,509,0.898
ICAO24_00003,WP009,69.053744,93.717509,2024-02-21 03:28:32.574734,34347,351,0.939
ICAO24_00018,WP007,-57.826286,-139.50474,2024-02-20 11:56:32.574871,7369,490,0.274
ICAO24_00037,WP009,69.053744,93.717509,2024-02-20 00:46:32.574871,32178,569,0.992
ICAO24_00013,WP006,59.415864,-177.561983,2024-02-19 21:15:32.574871,24567,478,0.348
ICAO24_00004,WP005,-69.270295,56.503761,2024-02-20 14:52:32.574871,32041,203,0.182
ICAO24_00029,WP007,-57.826286,-139.50474,2024-02-20 11:04:32.574871,27039,459,0.051
ICAO24_00015,WP000,-84.632821,-38.478015,2024-02-20 03:41:32.574871,34976,246,0.318
ICAO24_00018,WP003,21.930152,112.390543,2024-02-20 07:25:32.574871,14189,435,0.441
ICAO24_00003,WP006,59.415864,-177.561983,2024-02-20 02:05:32.574871,24477,426,0.361
ICAO24_00041,WP004,-20.25543,-120.320141,2024-02-19 12:39:32.574926,30725,225,0.348
ICAO24_00032,WP006,59.415864,-177.561983,2024-02-18 23:29:32.574926,18365,302,0.356
ICAO24_00015,WP000,-84.632821,-38.478015,2024-02-19 01:21:32.574926,28488,529,0.347
ICAO24_00049,WP007,-57.826286,-139.50474,2024-02-19 04:06:32.574926,14297,556,0.936
ICAO24_00040,WP008,52.744615,-89.590645,2024-02-19 12:52:32.574926,18872,401,0.755
ICAO24_00004,WP007,-57.826286,-139.50474,2024-02-19 17:12:32.574926,38828,415,0.853
ICAO24_00009,WP002,-55.087878,-57.667012,2024-02-19 05:16:32.574926,22023,442,0.544
ICAO24_00045,WP000,-84.632821,-38.478015,2024-02-18 23:11:32.574926,3707,220,0.327
ICAO24_00012,WP008,52.744615,-89.590645,2024-02-19 05:01:32.574926,20719,501,0.15
ICAO24_00000,WP009,69.053744,93.717509,2024-02-18 20:07:32.574926,3301,499,0.414
ICAO24_00046,WP004,-20.25543,-120.320141,2024-02-19 00:35:32.574926,17938,363,0.384
ICAO24_00026,WP000,-84.632821,-38.478015,2024-02-19 18:26:32.574926,10619,421,0.144
ICAO24_00026,WP007,-57.826286,-139.50474,2024-02-18 02:12:32.575041,10262,514,0.857
ICAO24_00040,WP000,-84.632821,-38.478015,2024-02-17 20:10:32.575041,39420,489,0.092
ICAO24_00014,WP005,-69.270295,56.503761,2024-02-18 12:11:32.575041,22246,372,0.255
ICAO24_00036,WP004,-20.25543,-120.320141,2024-02-17 21:56:32.575041,8290,209,0.503
ICAO24_00039,WP006,59.415864,-177.561983,2024-02-17 23:33:32.575041,8400,419,0.33
ICAO24_00006,WP000,-84.632821,-38.478015,2024-02-18 13:36:32.575041,36672,445,0.105
ICAO24_00028,WP008,52.744615,-89.590645,2024-02-18 15:43:32.575041,38274,588,0.366
ICAO24_00017,WP001,-35.646962,143.047845,2024-02-18 00:31:32.575041,27264,291,0.271
ICAO24_00043,WP008,52.744615,-89.590645,2024-02-17 17:23:32.575099,21675,431,0.396
ICAO24_00009,WP006,59.415864,-177.561983,2024-02-17 18:57:32.575099,17846,210,0.913
ICAO24_00047,WP004,-20.25543,-120.320141,2024-02-17 17:39:32.575099,37002,532,0.859
ICAO24_00009,WP006,59.415864,-177.561983,2024-02-17 13:51:32.575099,3670,584,0.574
ICAO24_00021,WP004,-20.25543,-120.320141,2024-02-17 06:52:32.575099,22185,572,0.193
ICAO24_00022,WP006,59.415864,-177.561983,2024-02-17 15:11:32.575099,32566,215,0.762
ICAO24_00013,WP006,59.415864,-177.561983,2024-02-17 05:12:32.575099,4132,374,0.427
ICAO24_00025,WP006,59.415864,-177.561983,2024-02-17 17:07:32.575099,14562,600,0.142
ICAO24_00000,WP003,21.930152,112.390543,2024-02-17 19:50:32.575099,17434,485,0.8
ICAO24_00015,WP009,69.053744,93.717509,2024-02-17 12:09:32.575099,16007,493,0.652
ICAO24_00039,WP007,-57.826286,-139.50474,2024-02-17 16:13:32.575099,35366,374,0.092
ICAO24_00030,WP001,-35.646962,143.047845,2024-02-17 04:51:32.575099,8307,468,0.997
ICAO24_00012,WP005,-69.270295,56.503761,2024-02-17 12:14:32.575099,22851,600,0.939
ICAO24_00028,WP009,69.053744,93.717509,2024-02-17 18:38:32.575099,20482,427,0.348
ICAO24_00045,WP004,-20.25543,-120.320141,2024-02-16 20:19:32.575099,16706,537,0.758
ICAO24_00013,WP007,-57.826286,-139.50474,2024-02-17 07:26:32.575099,26528,393,0.501
ICAO24_00037,WP006,59.415864,-177.561983,2024-02-17 07:56:32.575099,8004,260,0.084
ICAO24_00004,WP004,-20.25543,-120.320141,2024-02-17 01:35:32.575099,18099,470,0.295
ICAO24_00003,WP004,-20.25543,-120.320141,2024-02-16 19:13:32.575223,12985,412,0.737
ICAO24_00039,WP009,69.053744,93.717509,2024-02-16 18:10:32.575223,18046,219,0.379
ICAO24_00033,WP006,59.415864,-177.561983,2024-02-16 15:30:32.575223,22673,508,0.37
ICAO24_00014,WP000,-84.632821,-38.478015,2024-02-15 22:06:32.575223,19868,392,0.577
ICAO24_00045,WP003,21.930152,112.390543,2024-02-16 00:31:32.575223,31115,275,0.56
ICAO24_00024,WP005,-69.270295,56.503761,2024-02-16 16:13:32.575223,6105,482,0.115
ICAO24_00015,WP000,-84.632821,-38.478015,2024-02-16 04:01:32.575223,4678,427,0.957
ICAO24_00036,WP008,52.744615,-89.590645,2024-02-15 04:07:32.575271,5496,297,0.396
ICAO24_00045,WP006,59.415864,-177.561983,2024-02-14 23:35:32.575271,6807,388,0.064
ICAO24_00023,WP004,-20.25543,-120.320141,2024-02-15 16:31:32.575271,23301,307,0.059
ICAO24_00029,WP000,-84.632821,-38.478015,2024-02-15 16:17:32.575271,13787,583,0.601
ICAO24_00000,WP007,-57.826286,-139.50474,2024-02-15 13:34:32.575271,29141,219,0.135
ICAO24_00002,WP005,-69.270295,56.503761,2024-02-15 18:50:32.575271,32748,345,0.024
ICAO24_00020,WP004,-20.25543,-120.320141,2024-02-15 04:48:32.575271,12717,428,0.228
ICAO24_00041,WP004,-20.25543,-120.320141,2024-02-14 19:15:32.575347,14232,247,0.443
ICAO24_00028,WP000,-84.632821,-38.478015,2024-02-14 19:32:32.575347,29503,527,0.765
ICAO24_00027,WP007,-57.826286,-139.50474,2024-02-14 05:10:32.575347,23323,490,0.494
ICAO24_00020,WP008,52.744615,-89.590645,2024-02-14 19:17:32.575347,21541,255,0.825
ICAO24_00012,WP008,52.744615,-89.590645,2024-02-14 11:41:32.575347,20634,572,0.074
ICAO24_00045,WP005,-69.270295,56.503761,2024-02-14 16:13:32.575347,20249,377,0.446
ICAO24_00046,WP001,-35.646962,143.047845,2024-02-14 06:18:32.575347,4817,423,0.481
ICAO24_00008,WP001,-35.646962,143.047845,2024-02-13 04:34:32.575416,4087,280,0.098
ICAO24_00036,WP007,-57.826286,-139.50474,2024-02-13 17:48:32.575416,19579,251,0.065
ICAO24_00008,WP005,-69.270295,56.503761,2024-02-13 06:56:32.575416,25298,353,0.001
ICAO24_00027,WP008,52.744615,-89.590645,2024-02-12 23:52:32.575416,25785,552,0.613
ICAO24_00035,WP002,-55.087878,-57.667012,2024-02-13 15:05:32.575416,22856,589,0.089
ICAO24_00047,WP005,-69.270295,56.503761,2024-02-13 10:47:32.575416,3115,466,0.975
ICAO24_00011,WP005,-69.270295,56.503761,2024-02-12 14:52:32.575458,33220,510,0.867
ICAO24_00047,WP002,-55.087878,-57.667012,2024-02-12 00:41:32.575458,11682,600,0.713
ICAO24_00005,WP003,21.930152,112.390543,2024-02-12 02:08:32.575458,36507,351,0.972
ICAO24_00024,WP009,69.053744,93.717509,2024-02-11 20:49:32.575458,12663,251,0.887
ICAO24_00019,WP006,59.415864,-177.561983,2024-02-12 10:04:32.575458,9373,373,0.509
ICAO24_00008,WP006,59.415864,-177.561983,2024-02-12 05:18:32.575458,16841,235,0.069
ICAO24_00015,WP002,-55.087878,-57.667012,2024-02-11 23:12:32.575458,36643,276,0.143
ICAO24_00029,WP009,69.053744,93.717509,2024-02-12 18:09:32.575458,28020,289,0.526
ICAO24_00044,WP004,-20.25543,-120.320141,2024-02-12 01:03:32.575458,32585,236,0.168
ICAO24_00017,WP002,-55.087878,-57.667012,2024-02-12 18:42:32.575458,39612,237,0.048
ICAO24_00031,WP000,-84.632821,-38.478015,2024-02-12 04:07:32.575458,33011,384,0.424
ICAO24_00014,WP000,-84.632821,-38.478015,2024-02-12 11:19:32.575458,25696,274,0.865
ICAO24_00025,WP000,-84.632821,-38.478015,2024-02-11 22:17:32.575458,33279,369,0.112
ICAO24_00018,WP006,59.415864,-177.561983,2024-02-12 06:01:32.575458,11863,285,0.056
ICAO24_00007,WP008,52.744615,-89.590645,2024-02-12 11:51:32.575458,6771,384,0.457
ICAO24_00017,WP002,-55.087878,-57.667012,2024-02-12 18:58:32.575458,8719,533,0.999
ICAO24_00024,WP001,-35.646962,143.047845,2024-02-12 05:49:32.575458,24795,462,0.408
ICAO24_00028,WP006,59.415864,-177.561983,2024-02-12 15:44:32.575458,4980,441,0.792
ICAO24_00038,WP003,21.930152,112.390543,2024-02-11 22:26:32.575458,35411,259,0.177
ICAO24_00030,WP008,52.744615,-89.590645,2024-02-12 11:58:32.575458,23249,472,0.377
ICAO24_00020,WP004,-20.25543,-120.320141,2024-02-11 18:57:32.575596,11127,226,0.57
ICAO24_00000,WP002,-55.087878,-57.667012,2024-02-11 10:03:32.575596,6524,267,0.308
ICAO24_00043,WP008,52.744615,-89.590645,2024-02-10 21:06:32.575596,11020,230,0.701
ICAO24_00008,WP002,-55.087878,-57.667012,2024-02-10 22:31:32.575596,37903,310,0.869
ICAO24_00015,WP005,-69.270295,56.503761,2024-02-11 02:21:32.575596,11993,338,0.835
ICAO24_00002,WP007,-57.826286,-139.50474,2024-02-11 12:45:32.575596,31494,237,0.169
ICAO24_00005,WP006,59.415864,-177.561983,2024-02-11 14:46:32.575596,7402,428,0.565
ICAO24_00046,WP008,52.744615,-89.590645,2024-02-11 12:13:32.575596,10806,503,0.359
ICAO24_00037,WP001,-35.646962,143.047845,2024-02-11 11:28:32.575596,4996,388,0.829
ICAO24_00018,WP007,-57.826286,-139.50474,2024-02-10 21:03:32.575596,14654,302,0.821
ICAO24_00037,WP005,-69.270295,56.503761,2024-02-11 09:26:32.575596,18764,347,0.65
ICAO24_00036,WP000,-84.632821,-38.478015,2024-02-11 16:04:32.575596,24791,491,0.695
ICAO24_00038,WP008,52.744615,-89.590645,2024-02-10 14:37:32.575683,35383,565,0.456
ICAO24_00021,WP004,-20.25543,-120.320141,2024-02-09 21:41:32.575683,26988,372,0.869
ICAO24_00015,WP003,21.930152,112.390543,2024-02-10 02:38:32.575683,25538,249,0.693
ICAO24_00000,WP006,59.415864,-177.561983,2024-02-09 23:05:32.575683,13407,521,0.373
ICAO24_00036,WP007,-57.826286,-139.50474,2024-02-09 21:21:32.575683,35856,290,0.158
ICAO24_00037,WP008,52.744615,-89.590645,2024-02-10 19:39:32.575683,14389,362,0.29
ICAO24_00020,WP006,59.415864,-177.561983,2024-02-09 22:03:32.575683,3000,300,0.96
ICAO24_00017,WP003,21.930152,112.390543,2024-02-10 00:29:32.575683,36462,383,0.342
ICAO24_00022,WP008,52.744615,-89.590645,2024-02-10 13:58:32.575683,7664,546,0.049
ICAO24_00003,WP006,59.415864,-177.561983,2024-02-10 10:43:32.575683,14639,580,0.852
ICAO24_00029,WP009,69.053744,93.717509,2024-02-10 01:47:32.575683,9605,277,0.275
ICAO24_00024,WP002,-55.087878,-57.667012,2024-02-10 03:15:32.575683,35713,331,0.58
ICAO24_00009,WP001,-35.646962,143.047845,2024-02-10 03:16:32.575683,9058,341,0.296
ICAO24_00007,WP005,-69.270295,56.503761,2024-02-09 22:49:32.575683,24231,522,0.413
ICAO24_00016,WP001,-35.646962,143.047845,2024-02-10 01:54:32.575683,17807,283,0.125
ICAO24_00007,WP007,-57.826286,-139.50474,2024-02-10 13:34:32.575683,13424,415,0.829
ICAO24_00047,WP005,-69.270295,56.503761,2024-02-10 00:45:32.575683,18175,363,0.114
ICAO24_00030,WP001,-35.646962,143.047845,2024-02-10 04:17:32.575683,30838,558,0.773
ICAO24_00028,WP006,59.415864,-177.561983,2024-02-09 23:09:32.575683,18094,513,0.29
ICAO24_00031,WP002,-55.087878,-57.667012,2024-02-10 00:15:32.575683,31293,390,0.03
ICAO24_00029,WP005,-69.270295,56.503761,2024-02-09 09:06:32.575833,27235,577,0.13
ICAO24_00009,WP007,-57.826286,-139.50474,2024-02-09 11:53:32.575833,31210,369,0.022
ICAO24_00029,WP000,-84.632821,-38.478015,2024-02-08 20:29:32.575833,13293,219,0.171
ICAO24_00019,WP008,52.744615,-89.590645,2024-02-09 14:45:32.575833,22495,567,0.409
ICAO24_00025,WP008,52.744615,-89.590645,2024-02-09 11:26:32.575833,15400,474,0.756
ICAO24_00031,WP008,52.744615,-89.590645,2024-02-08 21:13:32.575833,17002,218,0.845
ICAO24_00047,WP006,59.415864,-177.561983,2024-02-09 08:29:32.575833,28714,220,0.267
ICAO24_00001,WP005,-69.270295,56.503761,2024-02-09 00:06:32.575833,32267,515,0.901
ICAO24_00041,WP001,-35.646962,143.047845,2024-02-09 12:31:32.575833,20356,285,0.74
ICAO24_00008,WP005,-69.270295,56.503761,2024-02-09 10:48:32.575833,27906,554,0.426
ICAO24_00044,WP009,69.053744,93.717509,2024-02-08 21:57:32.575833,33842,374,0.467
ICAO24_00014,WP008,52.744615,-89.590645,2024-02-09 14:59:32.575833,20676,241,0.368
ICAO24_00001,WP000,-84.632821,-38.478015,2024-02-09 16:59:32.575833,32042,406,0.351
ICAO24_00010,WP005,-69.270295,56.503761,2024-02-09 18:04:32.575833,7603,496,0.581
ICAO24_00048,WP007,-57.826286,-139.50474,2024-02-09 13:04:32.575833,19234,449,0.857
ICAO24_00045,WP005,-69.270295,56.503761,2024-02-09 16:35:32.575833,28800,295,0.993
ICAO24_00045,WP003,21.930152,112.390543,2024-02-09 08:42:32.575833,36084,469,0.607
ICAO24_00024,WP004,-20.25543,-120.320141,2024-02-08 08:41:32.575954,4987,338,0.123
ICAO24_00026,WP006,59.415864,-177.561983,2024-02-08 17:36:32.575954,21515,319,0.653
ICAO24_00045,WP004,-20.25543,-120.320141,2024-02-07 22:11:32.575954,17012,434,0.899
ICAO24_00043,WP009,69.053744,93.717509,2024-02-08 02:02:32.575954,28455,432,0.222
ICAO24_00040,WP009,69.053744,93.717509,2024-02-08 05:46:32.575954,39445,227,0.885
ICAO24_00037,WP006,59.415864,-177.561983,2024-02-08 02:56:32.575954,32353,565,0.505
ICAO24_00015,WP000,-84.632821,-38.478015,2024-02-08 19:19:32.575954,8167,202,0.848
ICAO24_00045,WP002,-55.087878,-57.667012,2024-02-08 06:44:32.575954,8128,437,0.488
ICAO24_00035,WP003,21.930152,112.390543,2024-02-08 16:22:32.575954,35843,290,0.022
ICAO24_00022,WP008,52.744615,-89.590645,2024-02-08 01:37:32.575954,13090,404,0.424
ICAO24_00000,WP006,59.415864,-177.561983,2024-02-08 16:27:32.575954,32140,427,0.464
ICAO24_00026,WP005,-69.270295,56.503761,2024-02-08 04:41:32.575954,13273,236,0.918
ICAO24_00037,WP005,-69.270295,56.503761,2024-02-08 18:55:32.575954,9947,417,0.616
ICAO24_00007,WP007,-57.826286,-139.50474,2024-02-07 11:30:32.576041,12322,461,0.559
ICAO24_00004,WP006,59.415864,-177.561983,2024-02-06 22:59:32.576041,16769,567,0.234
ICAO24_00034,WP003,21.930152,112.390543,2024-02-06 19:59:32.576041,11402,471,0.259
ICAO24_00027,WP007,-57.826286,-139.50474,2024-02-07 18:18:32.576041,39502,478,0.429
ICAO24_00026,WP005,-69.270295,56.503761,2024-02-07 16:42:32.576041,11593,493,0.397
ICAO24_00028,WP004,-20.25543,-120.320141,2024-02-07 10:21:32.576041,32261,254,0.571
ICAO24_00049,WP009,69.053744,93.717509,2024-02-07 00:36:32.576041,11567,561,0.201
ICAO24_00012,WP004,-20.25543,-120.320141,2024-02-07 02:40:32.576041,7150,328,0.81
ICAO24_00027,WP003,21.930152,112.390543,2024-02-07 11:19:32.576041,4543,418,0.448
ICAO24_00014,WP005,-69.270295,56.503761,2024-02-07 01:06:32.576041,36474,399,0.97
ICAO24_00006,WP006,59.415864,-177.561983,2024-02-07 11:39:32.576041,37215,409,0.7
ICAO24_00005,WP004,-20.25543,-120.320141,2024-02-06 00:15:32.576119,5175,599,0.371
ICAO24_00029,WP007,-57.826286,-139.50474,2024-02-05 23:24:32.576119,15251,401,0.09
ICAO24_00029,WP001,-35.646962,143.047845,2024-02-06 17:03:32.576119,25615,284,0.455
ICAO24_00020,WP006,59.415864,-177.561983,2024-02-06 03:32:32.576119,39361,540,0.278
ICAO24_00023,WP004,-20.25543,-120.320141,2024-02-06 09:33:32.576119,38625,580,0.551
ICAO24_00006,WP000,-84.632821,-38.478015,2024-02-06 15:10:32.576119,14888,599,0.165
ICAO24_00044,WP006,59.415864,-177.561983,2024-02-05 22:32:32.576119,5501,366,0.021
ICAO24_00040,WP002,-55.087878,-57.667012,2024-02-06 12:31:32.576119,39271,424,0.66
ICAO24_00004,WP001,-35.646962,143.047845,2024-02-06 16:48:32.576119,9733,271,0.403
ICAO24_00044,WP009,69.053744,93.717509,2024-02-06 01:31:32.576119,33208,476,0.341
ICAO24_00033,WP000,-84.632821,-38.478015,2024-02-06 18:16:32.576119,26199,245,0.793
ICAO24_00020,WP002,-55.087878,-57.667012,2024-02-06 11:56:32.576119,33285,576,0.523
ICAO24_00044,WP000,-84.632821,-38.478015,2024-02-06 07:04:32.576119,18882,215,0.416
ICAO24_00030,WP004,-20.25543,-120.320141,2024-02-06 19:17:32.576119,15232,423,0.385
ICAO24_00018,WP008,52.744615,-89.590645,2024-02-06 06:32:32.576119,36256,481,0.128
ICAO24_00041,WP000,-84.632821,-38.478015,2024-02-06 05:15:32.576119,7570,513,0.403
ICAO24_00006,WP001,-35.646962,143.047845,2024-02-06 07:55:32.576119,20316,276,0.109
ICAO24_00008,WP008,52.744615,-89.590645,2024-02-06 15:37:32.576119,6053,413,0.088
ICAO24_00041,WP000,-84.632821,-38.478015,2024-02-06 16:43:32.576119,12295,301,0.373
ICAO24_00047,WP008,52.744615,-89.590645,2024-02-04 22:47:32.576251,33777,360,0.956
ICAO24_00008,WP008,52.744615,-89.590645,2024-02-05 15:35:32.576251,28206,270,0.318
ICAO24_00002,WP009,69.053744,93.717509,2024-02-05 13:09:32.576251,30453,300,0.53
ICAO24_00041,WP000,-84.632821,-38.478015,2024-02-05 19:38:32.576251,29282,547,0.852
ICAO24_00042,WP009,69.053744,93.717509,2024-02-05 02:57:32.576251,11242,236,0.393
ICAO24_00045,WP004,-20.25543,-120.320141,2024-02-05 19:42:32.576251,39235,319,0.68
ICAO24_00049,WP000,-84.632821,-38.478015,2024-02-04 20:07:32.576251,12203,376,0.495
ICAO24_00005,WP007,-57.826286,-139.50474,2024-02-05 10:35:32.576251,27632,542,0.256
ICAO24_00044,WP009,69.053744,93.717509,2024-02-05 16:53:32.576251,28492,374,0.744
ICAO24_00037,WP002,-55.087878,-57.667012,2024-02-05 15:33:32.576251,4061,583,0.312
ICAO24_00044,WP005,-69.270295,56.503761,2024-02-05 04:16:32.576251,6769,360,0.869
ICAO24_00014,WP006,59.415864,-177.561983,2024-02-05 19:53:32.576251,6980,560,0.696
ICAO24_00010,WP000,-84.632821,-38.478015,2024-02-05 10:18:32.576251,33223,203,0.782
ICAO24_00045,WP006,59.415864,-177.561983,2024-02-04 22:49:32.576251,34441,600,0.382
ICAO24_00043,WP009,69.053744,93.717509,2024-02-05 15:04:32.576251,34709,471,0.033
ICAO24_00043,WP002,-55.087878,-57.667012,2024-02-05 09:42:32.576251,11903,235,0.785
ICAO24_00046,WP001,-35.646962,143.047845,2024-02-04 05:20:32.576362,26201,486,0.946
ICAO24_00022,WP006,59.415864,-177.561983,2024-02-04 04:01:32.576362,31073,508,0.627
ICAO24_00002,WP008,52.744615,-89.590645,2024-02-04 02:13:32.576362,20053,542,0.825
ICAO24_00043,WP006,59.415864,-177.561983,2024-02-04 02:14:32.576362,14836,495,0.452
ICAO24_00022,WP002,-55.087878,-57.667012,2024-02-04 06:38:32.576362,37891,407,0.017
ICAO24_00047,WP003,21.930152,112.390543,2024-02-03 01:49:32.576426,10671,300,0.593
ICAO24_00021,WP001,-35.646962,143.047845,2024-02-03 07:06:32.576426,19573,433,0.256
ICAO24_00016,WP007,-57.826286,-139.50474,2024-02-03 02:27:32.576426,25184,476,0.064
ICAO24_00035,WP007,-57.826286,-139.50474,2024-02-03 00:08:32.576426,14060,364,0.234
ICAO24_00022,WP001,-35.646962,143.047845,2024-02-03 00:39:32.576426,35143,367,0.66
ICAO24_00045,WP000,-84.632821,-38.478015,2024-02-03 06:36:32.576426,6607,545,0.164
ICAO24_00003,WP002,-55.087878,-57.667012,2024-02-03 18:49:32.576426,13477,558,0.563
ICAO24_00025,WP008,52.744615,-89.590645,2024-02-02 21:17:32.576426,15191,444,0.891
ICAO24_00034,WP008,52.744615,-89.590645,2024-02-03 03:02:32.576426,32311,423,0.087
ICAO24_00029,WP004,-20.25543,-120.320141,2024-02-03 16:13:32.576426,9368,238,0.963
ICAO24_00027,WP000,-84.632821,-38.478015,2024-02-03 19:49:32.576426,39643,364,0.223
ICAO24_00038,WP005,-69.270295,56.503761,2024-02-02 22:26:32.576426,34463,451,0.232
ICAO24_00028,WP008,52.744615,-89.590645,2024-02-03 04:34:32.576426,26548,292,0.763
ICAO24_00004,WP002,-55.087878,-57.667012,2024-02-03 17:49:32.576426,8552,538,0.25
ICAO24_00020,WP004,-20.25543,-120.320141,2024-02-03 00:59:32.576426,21595,328,0.648
ICAO24_00023,WP001,-35.646962,143.047845,2024-02-03 01:29:32.576426,15017,556,0.214
ICAO24_00049,WP005,-69.270295,56.503761,2024-02-02 02:03:32.576546,6043,308,0.703
ICAO24_00000,WP003,21.930152,112.390543,2024-02-02 10:52:32.576546,38149,314,0.59
ICAO24_00017,WP000,-84.632821,-38.478015,2024-02-02 17:35:32.576546,36243,282,0.435
ICAO24_00025,WP000,-84.632821,-38.478015,2024-02-01 21:35:32.576546,16464,203,0.38
ICAO24_00037,WP006,59.415864,-177.561983,2024-02-02 11:27:32.576546,12202,405,0.417
ICAO24_00046,WP008,52.744615,-89.590645,2024-02-02 15:52:32.576546,20792,350,0.129
ICAO24_00038,WP000,-84.632821,-38.478015,2024-02-02 06:02:32.576546,24263,484,0.561
ICAO24_00022,WP001,-35.646962,143.047845,2024-02-02 05:03:32.576546,20221,434,0.77
ICAO24_00009,WP007,-57.826286,-139.50474,2024-02-01 20:16:32.576546,19508,342,0.779
ICAO24_00003,WP001,-35.646962,143.047845,2024-02-02 14:31:32.576546,3754,375,0.835
ICAO24_00037,WP009,69.053744,93.717509,2024-02-02 07:30:32.576546,27158,565,0.953
ICAO24_00015,WP000,-84.632821,-38.478015,2024-02-02 15:26:32.576546,7193,385,0.145
ICAO24_00029,WP000,-84.632821,-38.478015,2024-02-02 00:09:32.576546,15196,466,0.871
ICAO24_00011,WP007,-57.826286,-139.50474,2024-02-02 17:31:32.576546,34498,240,0.976
ICAO24_00036,WP000,-84.632821,-38.478015,2024-02-02 17:45:32.576546,32330,565,0.722
ICAO24_00007,WP007,-57.826286,-139.50474,2024-02-02 14:37:32.576546,19140,284,0.776
ICAO24_00033,WP003,21.930152,112.390543,2024-02-01 20:51:32.576546,16761,479,0.141
ICAO24_00031,WP001,-35.646962,143.047845,2024-01-31 23:35:32.576665,30640,452,0.184
ICAO24_00040,WP006,59.415864,-177.561983,2024-02-01 14:31:32.576665,5050,419,0.985
ICAO24_00007,WP009,69.053744,93.717509,2024-01-31 22:39:32.576665,12610,454,0.659
ICAO24_00040,WP000,-84.632821,-38.478015,2024-02-01 06:44:32.576665,24811,254,0.629
ICAO24_00003,WP006,59.415864,-177.561983,2024-02-01 18:37:32.576665,39930,447,0.098
ICAO24_00041,WP005,-69.270295,56.503761,2024-02-01 12:07:32.576665,12681,226,0.077
ICAO24_00048,WP000,-84.632821,-38.478015,2024-02-01 08:18:32.576665,22342,443,0.411
ICAO24_00040,WP006,59.415864,-177.561983,2024-02-01 09:35:32.576665,10586,418,0.05
ICAO24_00047,WP009,69.053744,93.717509,2024-01-30 19:56:32.576722,15981,260,0.049
ICAO24_00030,WP009,69.053744,93.717509,2024-01-30 23:10:32.576722,22119,485,0.577
ICAO24_00033,WP007,-57.826286,-139.50474,2024-01-31 00:28:32.576722,28769,586,0.27
ICAO24_00010,WP007,-57.826286,-139.50474,2024-01-31 14:29:32.576722,18562,331,0.866
ICAO24_00027,WP000,-84.632821,-38.478015,2024-01-31 07:50:32.576722,12458,571,0.659
ICAO24_00001,WP004,-20.25543,-120.320141,2024-01-31 01:56:32.576722,31826,476,0.656
ICAO24_00024,WP007,-57.826286,-139.50474,2024-01-31 16:40:32.576722,17252,363,0.356
ICAO24_00007,WP004,-20.25543,-120.320141,2024-01-31 19:44:32.576722,11378,500,0.505
ICAO24_00009,WP002,-55.087878,-57.667012,2024-01-30 10:21:32.576776,34799,249,0.354
ICAO24_00044,WP002,-55.087878,-57.667012,2024-01-30 06:58:32.576776,11700,262,0.743
ICAO24_00000,WP006,59.415864,-177.561983,2024-01-30 17:57:32.576776,37900,379,0.9
ICAO24_00009,WP001,-35.646962,143.047845,2024-01-30 17:08:32.576776,36738,419,0.46
ICAO24_00044,WP001,-35.646962,143.047845,2024-01-30 07:14:32.576776,8278,274,0.38
ICAO24_00002,WP001,-35.646962,143.047845,2024-01-30 02:24:32.576776,37095,245,0.13
ICAO24_00026,WP001,-35.646962,143.047845,2024-01-30 13:57:32.576776,21932,227,0.642
ICAO24_00026,WP002,-55.087878,-57.667012,2024-01-30 08:13:32.576776,21117,405,0.443
ICAO24_00014,WP000,-84.632821,-38.478015,2024-01-30 13:34:32.576776,27797,312,0.02
ICAO24_00019,WP000,-84.632821,-38.478015,2024-01-29 20:11:32.576776,26522,382,0.364
ICAO24_00025,WP003,21.930152,112.390543,2024-01-30 00:12:32.576776,8869,397,0.3
ICAO24_00022,WP008,52.744615,-89.590645,2024-01-29 23:31:32.576776,22921,221,0.278
ICAO24_00015,WP005,-69.270295,56.503761,2024-01-30 02:52:32.576776,22500,445,0.342
ICAO24_00046,WP002,-55.087878,-57.667012,2024-01-30 03:28:32.576776,37164,416,0.585
ICAO24_00005,WP008,52.744615,-89.590645,2024-01-30 01:34:32.576776,30437,274,0.559
ICAO24_00006,WP002,-55.087878,-57.667012,2024-01-30 16:28:32.576776,38242,580,0.242
ICAO24_00021,WP007,-57.826286,-139.50474,2024-01-30 12:01:32.576776,38850,589,0.019
ICAO24_00030,WP001,-35.646962,143.047845,2024-01-29 04:18:32.576975,19982,241,0.496
ICAO24_00002,WP008,52.744615,-89.590645,2024-01-29 18:28:32.576975,13405,343,0.39
ICAO24_00019,WP000,-84.632821,-38.478015,2024-01-29 11:12:32.576975,4636,228,0.197
ICAO24_00011,WP001,-35.646962,143.047845,2024-01-29 14:26:32.576975,8778,431,0.189
ICAO24_00041,WP007,-57.826286,-139.50474,2024-01-29 18:07:32.576975,9395,429,0.962
ICAO24_00006,WP001,-35.646962,143.047845,2024-01-29 08:13:32.576975,20601,208,0.071
ICAO24_00047,WP003,21.930152,112.390543,2024-01-29 04:29:32.576975,8228,562,0.605
ICAO24_00013,WP006,59.415864,-177.561983,2024-01-28 20:45:32.576975,3888,547,0.416
ICAO24_00019,WP007,-57.826286,-139.50474,2024-01-29 02:18:32.576975,5024,248,0.475
ICAO24_00049,WP008,52.744615,-89.590645,2024-01-29 19:37:32.576975,8094,316,0.93
ICAO24_00013,WP004,-20.25543,-120.320141,2024-01-28 06:02:32.577056,24968,563,0.166
ICAO24_00020,WP000,-84.632821,-38.478015,2024-01-28 09:08:32.577056,29079,384,0.062
ICAO24_00025,WP007,-57.826286,-139.50474,2024-01-28 01:51:32.577056,27325,498,0.636
ICAO24_00006,WP009,69.053744,93.717509,2024-01-28 16:05:32.577056,10382,331,0.309
ICAO24_00049,WP008,52.744615,-89.590645,2024-01-28 14:13:32.577056,10714,274,0.791
ICAO24_00019,WP005,-69.270295,56.503761,2024-01-28 00:13:32.577056,27024,527,0.325
ICAO24_00048,WP007,-57.826286,-139.50474,2024-01-28 18:55:32.577056,7858,313,0.808
ICAO24_00036,WP002,-55.087878,-57.667012,2024-01-28 19:22:32.577056,18137,308,0.299
ICAO24_00023,WP009,69.053744,93.717509,2024-01-28 17:45:32.577056,9289,295,0.346
ICAO24_00026,WP006,59.415864,-177.561983,2024-01-28 11:40:32.577056,9156,312,0.6
ICAO24_00040,WP004,-20.25543,-120.320141,2024-01-28 16:44:32.577056,8101,591,0.221
ICAO24_00049,WP009,69.053744,93.717509,2024-01-28 11:20:32.577056,4413,593,0.773
ICAO24_00039,WP005,-69.270295,56.503761,2024-01-28 09:53:32.577056,39204,574,0.209
ICAO24_00017,WP000,-84.632821,-38.478015,2024-01-28 10:03:32.577056,35714,251,0.307
ICAO24_00041,WP008,52.744615,-89.590645,2024-01-27 22:41:32.577056,17146,380,0.58
ICAO24_00021,WP003,21.930152,112.390543,2024-01-28 05:47:32.577056,19043,234,0.359
ICAO24_00039,WP009,69.053744,93.717509,2024-01-28 17:41:32.577056,9711,509,0.626
ICAO24_00005,WP005,-69.270295,56.503761,2024-01-27 10:00:32.577172,21633,507,0.58
ICAO24_00011,WP001,-35.646962,143.047845,2024-01-27 06:11:32.577172,25823,367,0.919
ICAO24_00032,WP003,21.930152,112.390543,2024-01-27 08:52:32.577172,15262,257,0.062
ICAO24_00014,WP002,-55.087878,-57.667012,2024-01-27 08:39:32.577172,17906,447,0.04
ICAO24_00005,WP002,-55.087878,-57.667012,2024-01-27 03:26:32.577172,25357,588,0.709
ICAO24_00036,WP007,-57.826286,-139.50474,2024-01-27 06:49:32.577172,30827,332,0.666
ICAO24_00018,WP005,-69.270295,56.503761,2024-01-27 17:33:32.577172,10917,594,0.743
ICAO24_00008,WP007,-57.826286,-139.50474,2024-01-27 10:17:32.577172,21074,243,0.361
ICAO24_00030,WP009,69.053744,93.717509,2024-01-27 13:49:32.577172,10467,387,0.318
ICAO24_00030,WP007,-57.826286,-139.50474,2024-01-27 12:04:32.577172,29410,579,0.621
ICAO24_00012,WP002,-55.087878,-57.667012,2024-01-26 21:56:32.577172,14429,508,0.234
ICAO24_00047,WP006,59.415864,-177.561983,2024-01-27 01:51:32.577172,33522,456,0.3
ICAO24_00033,WP009,69.053744,93.717509,2024-01-27 01:02:32.577172,28892,257,0.467
ICAO24_00044,WP001,-35.646962,143.047845,2024-01-27 09:51:32.577172,24115,281,0.189
ICAO24_00000,WP008,52.744615,-89.590645,2024-01-27 10:21:32.577172,30532,283,0.124
ICAO24_00008,WP002,-55.087878,-57.667012,2024-01-27 13:54:32.577172,4249,504,0.841
ICAO24_00015,WP001,-35.646962,143.047845,2024-01-27 04:10:32.577172,9042,519,0.924
ICAO24_00004,WP009,69.053744,93.717509,2024-01-27 03:22:32.577172,31011,573,0.38
ICAO24_00021,WP006,59.415864,-177.561983,2024-01-26 10:05:32.577298,14231,463,0.572
ICAO24_00009,WP002,-55.087878,-57.667012,2024-01-26 07:22:32.577298,23929,395,0.954
ICAO24_00038,WP006,59.415864,-177.561983,2024-01-25 21:25:32.577298,19812,228,0.162
ICAO24_00018,WP009,69.053744,93.717509,2024-01-25 22:21:32.577298,15685,263,0.788
ICAO24_00041,WP002,-55.087878,-57.667012,2024-01-26 12:57:32.577298,9674,573,0.98
ICAO24_00036,WP008,52.744615,-89.590645,2024-01-25 20:28:32.577298,37433,476,0.528
ICAO24_00042,WP001,-35.646962,143.047845,2024-01-25 23:50:32.577298,38292,453,0.15
ICAO24_00014,WP007,-57.826286,-139.50474,2024-01-26 16:25:32.577298,15360,534,0.45
ICAO24_00048,WP008,52.744615,-89.590645,2024-01-26 07:16:32.577298,15817,253,0.086
ICAO24_00047,WP002,-55.087878,-57.667012,2024-01-26 15:08:32.577298,16019,334,0.249
ICAO24_00047,WP006,59.415864,-177.561983,2024-01-25 22:59:32.577298,38444,276,0.112
ICAO24_00005,WP009,69.053744,93.717509,2024-01-26 18:08:32.577298,11069,593,0.991
ICAO24_00002,WP002,-55.087878,-57.667012,2024-01-26 16:46:32.577298,18721,599,0.603
ICAO24_00013,WP009,69.053744,93.717509,2024-01-26 12:21:32.577298,35284,405,0.024
ICAO24_00023,WP005,-69.270295,56.503761,2024-01-24 20:22:32.577398,19105,278,0.859
ICAO24_00044,WP004,-20.25543,-120.320141,2024-01-25 16:32:32.577398,7822,564,0.756
ICAO24_00037,WP003,21.930152,112.390543,2024-01-25 02:49:32.577398,16289,346,0.833
ICAO24_00043,WP004,-20.25543,-120.320141,2024-01-24 22:47:32.577398,23627,316,0.811
ICAO24_00042,WP007,-57.826286,-139.50474,2024-01-25 00:03:32.577398,14333,474,0.437
ICAO24_00026,WP002,-55.087878,-57.667012,2024-01-24 23:55:32.577398,16117,447,0.472
ICAO24_00005,WP006,59.415864,-177.561983,2024-01-25 13:48:32.577398,31338,220,0.754
ICAO24_00011,WP002,-55.087878,-57.667012,2024-01-25 05:59:32.577398,22314,354,0.016
ICAO24_00005,WP005,-69.270295,56.503761,2024-01-25 18:34:32.577398,36755,340,0.117
ICAO24_00039,WP003,21.930152,112.390543,2024-01-24 19:37:32.577536,4984,459,0.845
ICAO24_00003,WP009,69.053744,93.717509,2024-01-24 04:05:32.577536,6774,532,0.31
ICAO24_00038,WP008,52.744615,-89.590645,2024-01-24 14:20:32.577536,3780,238,0.916
ICAO24_00022,WP009,69.053744,93.717509,2024-01-24 11:59:32.577536,15542,456,0.689
ICAO24_00016,WP007,-57.826286,-139.50474,2024-01-24 15:26:32.577536,8103,288,0.977
ICAO24_00030,WP009,69.053744,93.717509,2024-01-24 00:53:32.577536,14305,224,0.183
ICAO24_00010,WP001,-35.646962,143.047845,2024-01-24 04:01:32.577536,3153,382,0.892
ICAO24_00024,WP007,-57.826286,-139.50474,2024-01-24 17:19:32.577536,15686,577,0.121
ICAO24_00041,WP000,-84.632821,-38.478015,2024-01-24 04:37:32.577536,16134,570,0.923
ICAO24_00001,WP006,59.415864,-177.561983,2024-01-23 08:14:32.577598,39672,526,0.908
ICAO24_00014,WP005,-69.270295,56.503761,2024-01-22 23:16:32.577598,29117,491,0.055
ICAO24_00013,WP002,-55.087878,-57.667012,2024-01-23 03:32:32.577598,12935,426,0.895
ICAO24_00011,WP005,-69.270295,56.503761,2024-01-23 03:44:32.577598,39852,526,0.748
ICAO24_00015,WP008,52.744615,-89.590645,2024-01-23 02:21:32.577598,20007,514,0.276
ICAO24_00049,WP008,52.744615,-89.590645,2024-01-23 15:58:32.577598,23775,411,0.326
ICAO24_00031,WP000,-84.632821,-38.478015,2024-01-23 18:21:32.577598,26264,259,0.224
ICAO24_00020,WP007,-57.826286,-139.50474,2024-01-22 23:15:32.577598,30256,238,0.862
ICAO24_00036,WP003,21.930152,112.390543,2024-01-22 22:18:32.577598,24412,204,0.128
ICAO24_00010,WP000,-84.632821,-38.478015,2024-01-22 22:30:32.577598,17319,215,0.75
ICAO24_00011,WP002,-55.087878,-57.667012,2024-01-23 00:57:32.577598,22335,239,0.203
ICAO24_00000,WP008,52.744615,-89.590645,2024-01-22 02:50:32.577676,35720,296,0.155
ICAO24_00019,WP003,21.930152,112.390543,2024-01-22 04:09:32.577676,8205,233,0.807
ICAO24_00001,WP003,21.930152,112.390543,2024-01-22 00:58:32.577676,25412,318,0.168
ICAO24_00003,WP007,-57.826286,-139.50474,2024-01-22 11:36:32.577676,33404,529,0.432
ICAO24_00001,WP001,-35.646962,143.047845,2024-01-22 01:18:32.577676,3461,270,0.382
ICAO24_00003,WP004,-20.25543,-120.320141,2024-01-21 21:24:32.577676,37078,594,0.162
ICAO24_00004,WP000,-84.632821,-38.478015,2024-01-22 12:59:32.577676,7416,562,0.376
ICAO24_00003,WP007,-57.826286,-139.50474,2024-01-22 02:33:32.577676,6358,391,0.093
ICAO24_00041,WP008,52.744615,-89.590645,2024-01-22 07:34:32.577676,24138,531,0.082
ICAO24_00011,WP007,-57.826286,-139.50474,2024-01-22 02:21:32.577676,38035,311,0.115
ICAO24_00043,WP002,-55.087878,-57.667012,2024-01-22 00:40:32.577676,12702,406,0.988
ICAO24_00005,WP002,-55.087878,-57.667012,2024-01-22 18:55:32.577676,23067,541,0.793
ICAO24_00026,WP003,21.930152,112.390543,2024-01-22 17:03:32.577676,9234,299,0.069
ICAO24_00021,WP001,-35.646962,143.047845,2024-01-21 02:46:32.577770,6655,241,0.527
ICAO24_00047,WP002,-55.087878,-57.667012,2024-01-21 05:26:32.577770,38598,452,0.923
ICAO24_00007,WP005,-69.270295,56.503761,2024-01-20 21:09:32.577770,17429,215,0.767
ICAO24_00021,WP006,59.415864,-177.561983,2024-01-21 10:07:32.577770,33609,376,0.661
ICAO24_00023,WP001,-35.646962,143.047845,2024-01-21 17:46:32.577770,7677,485,0.631
ICAO24_00004,WP000,-84.632821,-38.478015,2024-01-21 17:36:32.577770,10600,349,0.175
ICAO24_00006,WP002,-55.087878,-57.667012,2024-01-21 12:19:32.577770,7636,301,0.701
ICAO24_00040,WP000,-84.632821,-38.478015,2024-01-20 22:31:32.577770,15891,508,0.021
ICAO24_00019,WP008,52.744615,-89.590645,2024-01-21 06:18:32.577770,5630,205,0.05
ICAO24_00044,WP009,69.053744,93.717509,2024-01-21 18:26:32.577770,38755,419,0.43
ICAO24_00046,WP001,-35.646962,143.047845,2024-01-21 10:12:32.577770,10225,402,0.368
ICAO24_00044,WP003,21.930152,112.390543,2024-01-20 16:12:32.577863,39542,512,0.035
ICAO24_00006,WP005,-69.270295,56.503761,2024-01-20 07:04:32.577863,6754,227,0.875
ICAO24_00010,WP000,-84.632821,-38.478015,2024-01-19 22:32:32.577863,38817,455,0.948
ICAO24_00045,WP005,-69.270295,56.503761,2024-01-19 21:10:32.577863,9552,276,0.179
ICAO24_00016,WP001,-35.646962,143.047845,2024-01-20 02:55:32.577863,30909,542,0.532
ICAO24_00000,WP009,69.053744,93.717509,2024-01-20 06:27:32.577863,17873,372,0.302
ICAO24_00047,WP002,-55.087878,-57.667012,2024-01-20 08:06:32.577863,10668,558,0.058
ICAO24_00026,WP003,21.930152,112.390543,2024-01-19 22:51:32.577863,16617,456,0.29
ICAO24_00016,WP001,-35.646962,143.047845,2024-01-20 03:25:32.577863,17057,429,0.449
ICAO24_00013,WP008,52.744615,-89.590645,2024-01-20 17:25:32.577863,34573,448,0.719
ICAO24_00020,WP003,21.930152,112.390543,2024-01-20 03:32:32.577863,21921,576,0.814
ICAO24_00047,WP002,-55.087878,-57.667012,2024-01-19 04:22:32.577958,20127,355,0.039
ICAO24_00000,WP008,52.744615,-89.590645,2024-01-18 20:37:32.577958,24446,499,0.511
ICAO24_00045,WP001,-35.646962,143.047845,2024-01-19 07:52:32.577958,37246,549,0.216
ICAO24_00000,WP003,21.930152,112.390543,2024-01-18 21:03:32.577958,16343,524,0.501
ICAO24_00006,WP006,59.415864,-177.561983,2024-01-19 17:56:32.577958,25442,350,0.34
ICAO24_00048,WP000,-84.632821,-38.478015,2024-01-19 08:52:32.577958,26714,348,0.128
ICAO24_00034,WP003,21.930152,112.390543,2024-01-19 18:41:32.577958,34324,475,0.806
ICAO24_00004,WP004,-20.25543,-120.320141,2024-01-18 23:33:32.577958,5387,269,0.512
ICAO24_00037,WP000,-84.632821,-38.478015,2024-01-19 02:18:32.577958,25965,286,0.735
ICAO24_00021,WP005,-69.270295,56.503761,2024-01-19 14:00:32.577958,35529,275,0.375
ICAO24_00008,WP000,-84.632821,-38.478015,2024-01-19 10:58:32.577958,15162,489,0.455
ICAO24_00014,WP007,-57.826286,-139.50474,2024-01-18 23:47:32.577958,33417,444,0.236
ICAO24_00042,WP002,-55.087878,-57.667012,2024-01-19 07:13:32.577958,5172,432,0.699
ICAO24_00040,WP000,-84.632821,-38.478015,2024-01-19 19:01:32.577958,20201,584,0.994
ICAO24_00031,WP006,59.415864,-177.561983,2024-01-19 06:31:32.577958,35260,411,0.774
ICAO24_00047,WP000,-84.632821,-38.478015,2024-01-17 23:16:32.578062,35272,358,0.132
ICAO24_00000,WP007,-57.826286,-139.50474,2024-01-18 05:48:32.578062,24945,329,0.815
ICAO24_00043,WP009,69.053744,93.717509,2024-01-18 12:01:32.578062,27219,593,0.725
ICAO24_00019,WP005,-69.270295,56.503761,2024-01-18 02:27:32.578062,10541,485,0.751
ICAO24_00012,WP006,59.415864,-177.561983,2024-01-18 02:53:32.578062,3767,218,0.463
ICAO24_00022,WP007,-57.826286,-139.50474,2024-01-18 18:29:32.578062,14884,292,0.493
ICAO24_00039,WP007,-57.826286,-139.50474,2024-01-18 11:09:32.578062,26993,419,0.104
ICAO24_00006,WP006,59.415864,-177.561983,2024-01-18 13:38:32.578062,33242,396,0.265
ICAO24_00029,WP005,-69.270295,56.503761,2024-01-17 20:43:32.578062,39797,278,0.153
ICAO24_00006,WP005,-69.270295,56.503761,2024-01-18 12:06:32.578062,32842,299,0.867
ICAO24_00010,WP009,69.053744,93.717509,2024-01-18 07:16:32.578062,26460,371,0.731
ICAO24_00025,WP003,21.930152,112.390543,2024-01-17 10:16:32.578147,33845,289,0.045
ICAO24_00036,WP002,-55.087878,-57.667012,2024-01-17 10:27:32.578147,3541,294,0.24
ICAO24_00042,WP003,21.930152,112.390543,2024-01-17 02:57:32.578147,37580,283,0.817
ICAO24_00040,WP000,-84.632821,-38.478015,2024-01-17 18:44:32.578147,23440,493,0.275
ICAO24_00033,WP009,69.053744,93.717509,2024-01-17 03:40:32.578147,13370,528,0.396
ICAO24_00028,WP003,21.930152,112.390543,2024-01-17 09:26:32.578147,31506,391,0.034
ICAO24_00016,WP001,-35.646962,143.047845,2024-01-17 13:12:32.578147,9409,583,0.98
ICAO24_00022,WP004,-20.25543,-120.320141,2024-01-17 14:48:32.578147,30141,488,0.859
ICAO24_00045,WP005,-69.270295,56.503761,2024-01-16 08:19:32.578204,9049,400,0.254
ICAO24_00039,WP008,52.744615,-89.590645,2024-01-16 11:15:32.578204,21870,534,0.786
ICAO24_00007,WP006,59.415864,-177.561983,2024-01-16 18:55:32.578204,8272,367,0.555
ICAO24_00041,WP000,-84.632821,-38.478015,2024-01-16 10:03:32.578204,7387,519,0.824
ICAO24_00014,WP006,59.415864,-177.561983,2024-01-16 11:55:32.578204,16916,418,0.666
ICAO24_00035,WP002,-55.087878,-57.667012,2024-01-16 10:12:32.578204,20177,598,0.58
ICAO24_00020,WP001,-35.646962,143.047845,2024-01-16 03:33:32.578204,18715,214,0.47
ICAO24_00040,WP002,-55.087878,-57.667012,2024-01-15 03:38:32.578271,19274,360,0.867
ICAO24_00015,WP009,69.053744,93.717509,2024-01-15 12:46:32.578271,30382,454,0.022
ICAO24_00024,WP007,-57.826286,-139.50474,2024-01-15 04:34:32.578271,14679,553,0.036
ICAO24_00022,WP003,21.930152,112.390543,2024-01-15 13:23:32.578271,26686,563,0.603
ICAO24_00037,WP009,69.053744,93.717509,2024-01-15 07:04:32.578271,23302,253,0.016
ICAO24_00043,WP001,-35.646962,143.047845,2024-01-15 04:23:32.578271,14497,472,0.61
ICAO24_00045,WP006,59.415864,-177.561983,2024-01-15 10:36:32.578271,33716,547,0.995
ICAO24_00003,WP004,-20.25543,-120.320141,2024-01-15 05:10:32.578271,30741,293,0.517
ICAO24_00000,WP004,-20.25543,-120.320141,2024-01-15 13:11:32.578271,31527,384,0.329
ICAO24_00008,WP000,-84.632821,-38.478015,2024-01-14 11:02:32.578342,10232,576,0.343
ICAO24_00046,WP009,69.053744,93.717509,2024-01-14 02:58:32.578342,34110,264,0.542
ICAO24_00004,WP009,69.053744,93.717509,2024-01-14 19:05:32.578342,34467,434,0.138
ICAO24_00009,WP007,-57.826286,-139.50474,2024-01-14 02:36:32.578342,14679,313,0.544
ICAO24_00041,WP006,59.415864,-177.561983,2024-01-14 18:04:32.578342,16313,250,0.807
ICAO24_00026,WP009,69.053744,93.717509,2024-01-14 12:10:32.578342,20177,325,0.112
ICAO24_00007,WP003,21.930152,112.390543,2024-01-14 09:52:32.578342,12003,232,0.634
ICAO24_00043,WP007,-57.826286,-139.50474,2024-01-14 19:50:32.578342,30521,454,0.046
ICAO24_00023,WP008,52.744615,-89.590645,2024-01-13 20:43:32.578342,10392,339,0.737
ICAO24_00021,WP003,21.930152,112.390543,2024-01-14 11:49:32.578342,37333,364,0.185
ICAO24_00045,WP003,21.930152,112.390543,2024-01-14 03:48:32.578342,19019,249,0.884
ICAO24_00006,WP006,59.415864,-177.561983,2024-01-14 15:06:32.578342,34046,485,0.747
ICAO24_00049,WP002,-55.087878,-57.667012,2024-01-14 13:54:32.578342,30883,478,0.749
ICAO24_00006,WP006,59.415864,-177.561983,2024-01-13 21:24:32.578342,36904,263,0.52
ICAO24_00031,WP009,69.053744,93.717509,2024-01-14 07:44:32.578342,29260,518,0.953
ICAO24_00035,WP002,-55.087878,-57.667012,2024-01-14 05:24:32.578342,10461,345,0.15
ICAO24_00022,WP006,59.415864,-177.561983,2024-01-13 23:19:32.578342,23614,598,0.215
ICAO24_00033,WP007,-57.826286,-139.50474,2024-01-14 09:52:32.578342,21501,250,0.506
ICAO24_00026,WP009,69.053744,93.717509,2024-01-14 07:39:32.578342,18498,218,0.079
ICAO24_00016,WP006,59.415864,-177.561983,2024-01-14 04:41:32.578342,6307,393,0.134
ICAO24_00002,WP005,-69.270295,56.503761,2024-01-12 22:07:32.578489,39128,479,0.293
ICAO24_00037,WP002,-55.087878,-57.667012,2024-01-12 22:12:32.578489,34729,323,0.741
ICAO24_00047,WP001,-35.646962,143.047845,2024-01-13 18:47:32.578489,29325,516,0.584
ICAO24_00004,WP008,52.744615,-89.590645,2024-01-13 06:57:32.578489,16594,548,0.685
ICAO24_00020,WP009,69.053744,93.717509,2024-01-13 12:51:32.578489,14271,513,0.104
ICAO24_00023,WP006,59.415864,-177.561983,2024-01-13 16:01:32.578489,9545,293,0.819
ICAO24_00013,WP002,-55.087878,-57.667012,2024-01-13 01:53:32.578489,6224,452,0.522
ICAO24_00030,WP004,-20.25543,-120.320141,2024-01-13 05:13:32.578489,39622,447,0.214
ICAO24_00001,WP008,52.744615,-89.590645,2024-01-13 02:58:32.578489,24828,529,0.982
ICAO24_00007,WP007,-57.826286,-139.50474,2024-01-12 11:32:32.578574,13974,425,0.659
ICAO24_00000,WP002,-55.087878,-57.667012,2024-01-12 06:23:32.578574,31755,598,0.016
ICAO24_00014,WP000,-84.632821,-38.478015,2024-01-12 06:47:32.578574,4318,375,0.632
ICAO24_00003,WP009,69.053744,93.717509,2024-01-12 14:31:32.578574,31913,222,0.653
ICAO24_00001,WP001,-35.646962,143.047845,2024-01-12 06:01:32.578574,13521,507,0.058
ICAO24_00031,WP002,-55.087878,-57.667012,2024-01-12 02:44:32.578574,28436,449,0.053
ICAO24_00033,WP001,-35.646962,143.047845,2024-01-12 10:55:32.578574,11017,371,0.271
ICAO24_00019,WP004,-20.25543,-120.320141,2024-01-12 18:15:32.578574,10981,481,0.733
ICAO24_00022,WP007,-57.826286,-139.50474,2024-01-12 08:12:32.578574,14897,311,0.995
ICAO24_00040,WP001,-35.646962,143.047845,2024-01-12 11:06:32.578574,12393,319,0.03
ICAO24_00038,WP003,21.930152,112.390543,2024-01-12 07:53:32.578574,16225,367,0.267
ICAO24_00039,WP006,59.415864,-177.561983,2024-01-12 09:20:32.578574,27010,210,0.373
ICAO24_00038,WP005,-69.270295,56.503761,2024-01-12 01:26:32.578574,4061,337,0.994
ICAO24_00021,WP004,-20.25543,-120.320141,2024-01-12 05:07:32.578574,22338,457,0.565
ICAO24_00029,WP003,21.930152,112.390543,2024-01-10 20:39:32.578692,13496,271,0.509
ICAO24_00012,WP009,69.053744,93.717509,2024-01-11 01:47:32.578692,10031,331,0.081
ICAO24_00031,WP004,-20.25543,-120.320141,2024-01-11 13:43:32.578692,31876,522,0.546
ICAO24_00011,WP008,52.744615,-89.590645,2024-01-10 19:58:32.578692,15490,524,0.749
ICAO24_00017,WP004,-20.25543,-120.320141,2024-01-11 15:50:32.578692,5583,240,0.945
ICAO24_00000,WP007,-57.826286,-139.50474,2024-01-11 09:27:32.578692,25709,583,0.987
ICAO24_00028,WP005,-69.270295,56.503761,2024-01-10 21:36:32.578692,16853,301,0.241
ICAO24_00034,WP006,59.415864,-177.561983,2024-01-11 07:47:32.578692,36773,500,0.715
ICAO24_00019,WP006,59.415864,-177.561983,2024-01-11 10:40:32.578692,5462,526,0.419
ICAO24_00044,WP006,59.415864,-177.561983,2024-01-10 18:14:32.578754,35336,571,0.452
ICAO24_00022,WP006,59.415864,-177.561983,2024-01-10 05:19:32.578754,4176,301,0.876
ICAO24_00047,WP009,69.053744,93.717509,2024-01-09 20:53:32.578754,16178,342,0.397
ICAO24_00047,WP007,-57.826286,-139.50474,2024-01-09 23:22:32.578754,11474,402,0.259
ICAO24_00043,WP004,-20.25543,-120.320141,2024-01-10 06:19:32.578754,9490,520,0.159
ICAO24_00024,WP001,-35.646962,143.047845,2024-01-10 12:10:32.578754,17373,246,0.298
ICAO24_00013,WP002,-55.087878,-57.667012,2024-01-10 19:47:32.578754,7379,285,0.022
ICAO24_00040,WP008,52.744615,-89.590645,2024-01-10 11:50:32.578754,29272,506,0.986
ICAO24_00038,WP002,-55.087878,-57.667012,2024-01-10 06:13:32.578754,16302,484,0.687
ICAO24_00029,WP004,-20.25543,-120.320141,2024-01-10 02:42:32.578754,26829,450,0.778
ICAO24_00009,WP009,69.053744,93.717509,2024-01-09 21:44:32.578754,15984,378,0.869
ICAO24_00012,WP007,-57.826286,-139.50474,2024-01-09 01:00:32.578842,21910,333,0.385
ICAO24_00016,WP006,59.415864,-177.561983,2024-01-09 16:01:32.578842,23693,402,0.695
ICAO24_00040,WP008,52.744615,-89.590645,2024-01-08 22:45:32.578842,23216,440,0.369
ICAO24_00048,WP004,-20.25543,-120.320141,2024-01-09 07:03:32.578842,34676,532,0.534
ICAO24_00002,WP004,-20.25543,-120.320141,2024-01-09 07:14:32.578842,12946,319,0.439
ICAO24_00018,WP006,59.415864,-177.561983,2024-01-09 09:27:32.578842,13124,355,0.751
ICAO24_00039,WP008,52.744615,-89.590645,2024-01-09 15:40:32.578842,23552,260,0.615
ICAO24_00045,WP004,-20.25543,-120.320141,2024-01-09 09:02:32.578842,10408,247,0.919
ICAO24_00040,WP007,-57.826286,-139.50474,2024-01-09 03:53:32.578842,25941,301,0.276
ICAO24_00047,WP001,-35.646962,143.047845,2024-01-09 15:19:32.578842,5132,225,0.276
ICAO24_00049,WP003,21.930152,112.390543,2024-01-09 14:41:32.578842,8962,354,0.759
ICAO24_00010,WP007,-57.826286,-139.50474,2024-01-08 22:25:32.578842,21896,330,0.931
ICAO24_00004,WP001,-35.646962,143.047845,2024-01-09 07:30:32.578842,29072,584,0.353
ICAO24_00020,WP009,69.053744,93.717509,2024-01-09 18:52:32.578842,23576,539,0.331
ICAO24_00005,WP002,-55.087878,-57.667012,2024-01-09 05:13:32.578842,24388,443,0.613
ICAO24_00041,WP004,-20.25543,-120.320141,2024-01-09 10:28:32.578842,20091,437,0.376
ICAO24_00002,WP009,69.053744,93.717509,2024-01-09 08:12:32.578842,23234,222,0.042
ICAO24_00003,WP008,52.744615,-89.590645,2024-01-09 13:51:32.578842,34078,499,0.479
ICAO24_00015,WP004,-20.25543,-120.320141,2024-01-09 18:39:32.578842,7417,431,0.513
ICAO24_00029,WP000,-84.632821,-38.478015,2024-01-08 06:42:32.578974,6464,564,0.234
ICAO24_00017,WP007,-57.826286,-139.50474,2024-01-08 17:22:32.578974,30330,432,0.219
ICAO24_00019,WP001,-35.646962,143.047845,2024-01-08 19:46:32.578974,12982,372,0.267
ICAO24_00005,WP001,-35.646962,143.047845,2024-01-08 19:03:32.578974,25250,507,0.811
ICAO24_00006,WP003,21.930152,112.390543,2024-01-08 00:21:32.578974,7459,497,0.055
ICAO24_00047,WP005,-69.270295,56.503761,2024-01-08 09:34:32.578974,32172,320,0.699
ICAO24_00034,WP008,52.744615,-89.590645,2024-01-07 23:24:32.578974,23000,351,0.779
ICAO24_00012,WP000,-84.632821,-38.478015,2024-01-08 02:42:32.578974,12240,552,0.053
ICAO24_00023,WP000,-84.632821,-38.478015,2024-01-08 11:55:32.578974,37204,486,0.479
ICAO24_00033,WP006,59.415864,-177.561983,2024-01-08 06:15:32.578974,25773,275,0.337
ICAO24_00000,WP003,21.930152,112.390543,2024-01-08 09:44:32.578974,35388,386,0.775
ICAO24_00047,WP009,69.053744,93.717509,2024-01-08 09:35:32.578974,12208,561,0.271
ICAO24_00035,WP007,-57.826286,-139.50474,2024-01-08 14:35:32.578974,5739,282,0.928
ICAO24_00022,WP005,-69.270295,56.503761,2024-01-08 17:48:32.578974,37582,293,0.873
ICAO24_00039,WP006,59.415864,-177.561983,2024-01-08 19:13:32.578974,17116,433,0.321
ICAO24_00008,WP000,-84.632821,-38.478015,2024-01-07 08:56:32.579092,15527,303,0.465
ICAO24_00030,WP004,-20.25543,-120.320141,2024-01-07 10:18:32.579092,10866,561,0.663
ICAO24_00021,WP003,21.930152,112.390543,2024-01-07 13:00:32.579092,15210,224,0.009
ICAO24_00000,WP001,-35.646962,143.047845,2024-01-07 05:12:32.579092,21594,547,0.55
ICAO24_00021,WP005,-69.270295,56.503761,2024-01-07 06:05:32.579092,29411,555,0.189
ICAO24_00009,WP003,21.930152,112.390543,2024-01-06 21:46:32.579092,19053,389,0.447
ICAO24_00020,WP007,-57.826286,-139.50474,2024-01-07 08:35:32.579092,13213,372,0.117
ICAO24_00013,WP005,-69.270295,56.503761,2024-01-07 07:11:32.579092,32149,562,0.815
ICAO24_00015,WP006,59.415864,-177.561983,2024-01-06 23:48:32.579092,27809,546,0.185
ICAO24_00011,WP007,-57.826286,-139.50474,2024-01-07 06:56:32.579092,24404,291,0.946
ICAO24_00012,WP005,-69.270295,56.503761,2024-01-07 13:48:32.579092,13985,235,0.07
ICAO24_00015,WP009,69.053744,93.717509,2024-01-07 04:44:32.579092,34425,447,0.79
ICAO24_00039,WP009,69.053744,93.717509,2024-01-06 22:24:32.579092,18433,312,0.62
ICAO24_00029,WP001,-35.646962,143.047845,2024-01-07 10:42:32.579092,18666,362,0.563
ICAO24_00044,WP007,-57.826286,-139.50474,2024-01-06 22:49:32.579092,30235,265,0.331
ICAO24_00022,WP001,-35.646962,143.047845,2024-01-06 22:13:32.579092,15993,392,0.307
ICAO24_00033,WP007,-57.826286,-139.50474,2024-01-06 03:33:32.579209,37075,323,0.062
ICAO24_00027,WP006,59.415864,-177.561983,2024-01-06 15:28:32.579209,32653,245,0.754
ICAO24_00046,WP003,21.930152,112.390543,2024-01-06 18:29:32.579209,32406,276,0.093
ICAO24_00024,WP002,-55.087878,-57.667012,2024-01-06 10:22:32.579209,10850,300,0.026
ICAO24_00039,WP008,52.744615,-89.590645,2024-01-06 06:20:32.579209,19033,422,0.681
ICAO24_00023,WP000,-84.632821,-38.478015,2024-01-06 12:48:32.579209,15574,443,0.547
ICAO24_00001,WP000,-84.632821,-38.478015,2024-01-06 07:04:32.579209,19333,297,0.401
ICAO24_00029,WP002,-55.087878,-57.667012,2024-01-06 16:42:32.579209,14257,586,0.968
ICAO24_00029,WP003,21.930152,112.390543,2024-01-06 02:53:32.579209,7769,369,0.903
ICAO24_00040,WP007,-57.826286,-139.50474,2024-01-06 18:49:32.579209,6034,456,0.25
ICAO24_00038,WP005,-69.270295,56.503761,2024-01-05 02:03:32.579277,33196,327,0.586
ICAO24_00026,WP005,-69.270295,56.503761,2024-01-05 04:07:32.579277,7878,315,0.853
ICAO24_00013,WP001,-35.646962,143.047845,2024-01-05 10:34:32.579277,21097,377,0.138
ICAO24_00000,WP009,69.053744,93.717509,2024-01-05 15:48:32.579277,36726,432,0.609
ICAO24_00045,WP001,-35.646962,143.047845,2024-01-05 06:03:32.579277,29971,206,0.36
ICAO24_00028,WP005,-69.270295,56.503761,2024-01-05 04:51:32.579277,39469,374,0.717
ICAO24_00033,WP000,-84.632821,-38.478015,2024-01-05 10:28:32.579277,6920,288,0.57
ICAO24_00000,WP006,59.415864,-177.561983,2024-01-04 20:47:32.579277,5954,378,0.571
ICAO24_00034,WP009,69.053744,93.717509,2024-01-05 12:00:32.579277,26257,534,0.609
ICAO24_00028,WP001,-35.646962,143.047845,2024-01-05 03:31:32.579277,21041,447,0.697
ICAO24_00012,WP004,-20.25543,-120.320141,2024-01-05 01:14:32.579277,26370,323,0.433
ICAO24_00008,WP006,59.415864,-177.561983,2024-01-05 10:41:32.579277,28699,205,0.5
ICAO24_00045,WP008,52.744615,-89.590645,2024-01-04 20:43:32.579277,24483,579,0.498
ICAO24_00012,WP006,59.415864,-177.561983,2024-01-04 23:00:32.579277,28123,424,0.294
ICAO24_00003,WP000,-84.632821,-38.478015,2024-01-03 20:15:32.579377,10680,356,0.94
ICAO24_00049,WP003,21.930152,112.390543,2024-01-04 10:12:32.579377,25236,563,0.466
ICAO24_00018,WP002,-55.087878,-57.667012,2024-01-04 19:04:32.579377,36106,369,0.35
ICAO24_00032,WP002,-55.087878,-57.667012,2024-01-04 03:30:32.579377,9286,520,0.261
ICAO24_00008,WP003,21.930152,112.390543,2024-01-03 22:14:32.579377,10159,426,0.162
ICAO24_00036,WP007,-57.826286,-139.50474,2024-01-03 00:32:32.579414,17849,473,0.832
ICAO24_00014,WP002,-55.087878,-57.667012,2024-01-03 11:40:32.579414,31302,466,0.503
ICAO24_00000,WP008,52.744615,-89.590645,2024-01-03 17:33:32.579414,39864,491,0.28
ICAO24_00012,WP008,52.744615,-89.590645,2024-01-03 18:55:32.579414,8901,222,0.423
ICAO24_00010,WP002,-55.087878,-57.667012,2024-01-03 06:41:32.579414,19008,548,0.491
ICAO24_00028,WP001,-35.646962,143.047845,2024-01-02 06:24:32.579452,7780,514,0.866
ICAO24_00037,WP008,52.744615,-89.590645,2024-01-02 15:29:32.579452,31400,303,0.606
ICAO24_00042,WP004,-20.25543,-120.320141,2024-01-02 12:57:32.579452,15745,375,0.428
ICAO24_00049,WP006,59.415864,-177.561983,2024-01-02 13:56:32.579452,28270,389,0.328
ICAO24_00003,WP004,-20.25543,-120.320141,2024-01-02 17:29:32.579452,20085,550,0.443
ICAO24_00013,WP008,52.744615,-89.590645,2024-01-02 02:19:32.579452,5977,331,0.17
ICAO24_00000,WP007,-57.826286,-139.50474,2024-01-02 15:30:32.579452,18727,307,0.741
ICAO24_00012,WP008,52.744615,-89.590645,2024-01-02 07:40:32.579452,32360,567,0.318
ICAO24_00031,WP004,-20.25543,-120.320141,2024-01-02 15:50:32.579452,14688,524,0.0
ICAO24_00011,WP003,21.930152,112.390543,2024-01-02 02:01:32.579452,39725,331,0.188
ICAO24_00030,WP004,-20.25543,-120.320141,2024-01-02 10:38:32.579452,21728,528,0.835
ICAO24_00028,WP008,52.744615,-89.590645,2024-01-02 15:03:32.579452,19234,282,0.728
ICAO24_00004,WP006,59.415864,-177.561983,2024-01-02 06:12:32.579452,31039,591,0.911
ICAO24_00040,WP009,69.053744,93.717509,2024-01-02 08:58:32.579452,11839,558,0.839
ICAO24_00026,WP008,52.744615,-89.590645,2024-01-02 12:10:32.579452,30608,322,0.15
ICAO24_00011,WP009,69.053744,93.717509,2024-01-02 02:01:32.579452,21624,510,0.072
ICAO24_00000,WP005,-69.270295,56.503761,2024-01-02 13:26:32.579452,7108,214,0.155
ICAO24_00013,WP001,-35.646962,143.047845,2024-01-01 23:13:32.579452,30450,433,0.655
ICAO24_00032,WP000,-84.632821,-38.478015,2024-01-01 11:10:32.579588,25834,285,0.351
ICAO24_00034,WP002,-55.087878,-57.667012,2024-01-01 04:28:32.579588,14794,279,0.386
ICAO24_00003,WP006,59.415864,-177.561983,2023-12-31 23:16:32.579588,23006,309,0.804
ICAO24_00009,WP005,-69.270295,56.503761,2024-01-01 15:04:32.579588,28548,374,0.971
ICAO24_00037,WP004,-20.25543,-120.320141,2024-01-01 09:10:32.579588,22346,566,0.181
ICAO24_00003,WP007,-57.826286,-139.50474,2024-01-01 01:46:32.579588,9273,202,0.467
ICAO24_00014,WP002,-55.087878,-57.667012,2024-01-01 11:46:32.579588,39855,594,0.68
ICAO24_00017,WP000,-84.632821,-38.478015,2024-01-01 05:52:32.579588,4176,413,0.307
ICAO24_00038,WP003,21.930152,112.390543,2023-12-31 11:12:32.579671,15968,487,0.034
ICAO24_00031,WP009,69.053744,93.717509,2023-12-31 00:46:32.579671,25455,233,0.619
ICAO24_00047,WP003,21.930152,112.390543,2023-12-31 17:13:32.579671,34009,488,0.571
ICAO24_00013,WP008,52.744615,-89.590645,2023-12-31 17:43:32.579671,20932,448,0.729
ICAO24_00020,WP009,69.053744,93.717509,2023-12-31 00:22:32.579671,23162,551,0.505
ICAO24_00041,WP009,69.053744,93.717509,2023-12-30 03:52:32.579717,35917,248,0.063
ICAO24_00041,WP002,-55.087878,-57.667012,2023-12-30 12:33:32.579717,10434,314,0.805
ICAO24_00030,WP003,21.930152,112.390543,2023-12-30 17:54:32.579717,30607,354,0.174
ICAO24_00038,WP007,-57.826286,-139.50474,2023-12-30 15:04:32.579717,35722,477,0.976
ICAO24_00026,WP004,-20.25543,-120.320141,2023-12-30 02:22:32.579717,24206,411,0.21
ICAO24_00002,WP008,52.744615,-89.590645,2023-12-29 21:54:32.579717,8964,217,0.125
ICAO24_00044,WP000,-84.632821,-38.478015,2023-12-29 21:46:32.579717,8700,226,0.335
ICAO24_00015,WP005,-69.270295,56.503761,2023-12-30 18:14:32.579717,21686,570,0.951
ICAO24_00035,WP001,-35.646962,143.047845,2023-12-30 13:55:32.579717,29559,516,0.828
ICAO24_00013,WP004,-20.25543,-120.320141,2023-12-29 22:34:32.579717,28534,238,0.121
ICAO24_00031,WP000,-84.632821,-38.478015,2023-12-30 11:47:32.579717,10451,561,0.383
ICAO24_00042,WP005,-69.270295,56.503761,2023-12-30 09:35:32.579717,13129,356,0.21
ICAO24_00001,WP007,-57.826286,-139.50474,2023-12-30 09:29:32.579717,34048,441,0.954
ICAO24_00029,WP004,-20.25543,-120.320141,2023-12-29 18:02:32.579809,11833,442,0.461
ICAO24_00041,WP009,69.053744,93.717509,2023-12-29 15:13:32.579809,16680,581,0.582
ICAO24_00026,WP009,69.053744,93.717509,2023-12-29 18:44:32.579809,31545,545,0.154
ICAO24_00049,WP005,-69.270295,56.503761,2023-12-28 23:23:32.579809,31580,256,0.224
ICAO24_00009,WP004,-20.25543,-120.320141,2023-12-29 17:38:32.579809,5077,583,0.679
ICAO24_00003,WP006,59.415864,-177.561983,2023-12-28 23:30:32.579809,39071,509,0.879
ICAO24_00019,WP008,52.744615,-89.590645,2023-12-29 07:33:32.579809,19077,427,0.849
ICAO24_00046,WP003,21.930152,112.390543,2023-12-28 19:57:32.579809,15744,501,0.981
ICAO24_00043,WP003,21.930152,112.390543,2023-12-29 05:44:32.579809,33468,292,0.966
ICAO24_00048,WP009,69.053744,93.717509,2023-12-29 03:33:32.579809,9688,489,0.696
ICAO24_00049,WP002,-55.087878,-57.667012,2023-12-29 11:58:32.579809,35975,288,0.843
ICAO24_00025,WP008,52.744615,-89.590645,2023-12-29 03:46:32.579809,29905,291,0.001
ICAO24_00035,WP006,59.415864,-177.561983,2023-12-29 10:29:32.579809,13107,484,0.371
ICAO24_00038,WP005,-69.270295,56.503761,2023-12-29 18:24:32.579809,15953,316,0.571
ICAO24_00031,WP009,69.053744,93.717509,2023-12-29 00:29:32.579809,34983,383,0.45
ICAO24_00003,WP004,-20.25543,-120.320141,2023-12-29 06:05:32.579809,23925,252,0.049
ICAO24_00025,WP001,-35.646962,143.047845,2023-12-29 14:22:32.579809,31859,417,0.401
ICAO24_00027,WP007,-57.826286,-139.50474,2023-12-28 20:05:32.579809,15297,323,0.279
ICAO24_00008,WP009,69.053744,93.717509,2023-12-29 12:18:32.579809,17530,385,0.485
ICAO24_00018,WP002,-55.087878,-57.667012,2023-12-28 23:27:32.579809,23258,379,0.288
ICAO24_00003,WP001,-35.646962,143.047845,2023-12-28 09:53:32.579971,24407,386,0.381
ICAO24_00002,WP006,59.415864,-177.561983,2023-12-28 12:53:32.579971,19272,542,0.43
ICAO24_00011,WP008,52.744615,-89.590645,2023-12-28 15:48:32.579971,26885,504,0.501
ICAO24_00008,WP001,-35.646962,143.047845,2023-12-28 04:14:32.579971,22464,292,0.198
ICAO24_00048,WP007,-57.826286,-139.50474,2023-12-28 11:59:32.579971,8760,247,0.269
ICAO24_00012,WP005,-69.270295,56.503761,2023-12-28 10:50:32.579971,37236,366,0.804
ICAO24_00027,WP009,69.053744,93.717509,2023-12-28 19:22:32.579971,19053,556,0.713
ICAO24_00043,WP000,-84.632821,-38.478015,2023-12-28 19:49:32.579971,37242,497,0.035
ICAO24_00015,WP001,-35.646962,143.047845,2023-12-28 17:17:32.579971,22832,363,0.977
ICAO24_00005,WP008,52.744615,-89.590645,2023-12-28 07:59:32.579971,4847,321,0.381
ICAO24_00023,WP006,59.415864,-177.561983,2023-12-27 20:30:32.579971,21960,288,0.567
ICAO24_00026,WP000,-84.632821,-38.478015,2023-12-27 20:15:32.579971,29963,466,0.973
ICAO24_00048,WP005,-69.270295,56.503761,2023-12-27 14:56:32.580072,18447,322,0.488
ICAO24_00019,WP001,-35.646962,143.047845,2023-12-27 02:45:32.580072,26295,225,0.664
ICAO24_00018,WP006,59.415864,-177.561983,2023-12-27 02:33:32.580072,21756,349,0.072
ICAO24_00008,WP008,52.744615,-89.590645,2023-12-27 05:20:32.580072,14220,487,0.672
ICAO24_00002,WP004,-20.25543,-120.320141,2023-12-27 10:03:32.580072,7543,439,0.868
ICAO24_00022,WP004,-20.25543,-120.320141,2023-12-27 15:27:32.580072,37122,344,0.603
ICAO24_00014,WP009,69.053744,93.717509,2023-12-27 18:41:32.580072,18629,200,0.032
ICAO24_00035,WP008,52.744615,-89.590645,2023-12-27 18:28:32.580072,13204,275,0.045
ICAO24_00007,WP007,-57.826286,-139.50474,2023-12-27 07:44:32.580072,23888,574,0.38
ICAO24_00045,WP002,-55.087878,-57.667012,2023-12-27 03:02:32.580072,15193,330,0.07
ICAO24_00036,WP009,69.053744,93.717509,2023-12-27 17:30:32.580072,38954,308,0.003
ICAO24_00033,WP004,-20.25543,-120.320141,2023-12-26 18:34:32.580173,24555,525,0.234
ICAO24_00043,WP005,-69.270295,56.503761,2023-12-26 04:31:32.580173,38484,384,0.806
ICAO24_00035,WP002,-55.087878,-57.667012,2023-12-26 06:44:32.580173,18286,402,0.095
ICAO24_00017,WP009,69.053744,93.717509,2023-12-25 22:36:32.580173,36390,271,0.036
ICAO24_00029,WP002,-55.087878,-57.667012,2023-12-26 11:35:32.580173,33822,397,0.511
ICAO24_00001,WP005,-69.270295,56.503761,2023-12-26 02:24:32.580173,38042,373,0.637
ICAO24_00018,WP005,-69.270295,56.503761,2023-12-26 09:21:32.580173,32711,521,0.949
ICAO24_00041,WP006,59.415864,-177.561983,2023-12-25 21:47:32.580173,36359,495,0.726
ICAO24_00007,WP001,-35.646962,143.047845,2023-12-26 06:19:32.580173,18430,338,0.111
ICAO24_00025,WP001,-35.646962,143.047845,2023-12-26 09:46:32.580173,7060,340,0.107
ICAO24_00003,WP003,21.930152,112.390543,2023-12-26 17:29:32.580173,17142,479,0.421
ICAO24_00025,WP001,-35.646962,143.047845,2023-12-25 04:23:32.580258,30092,210,0.379
ICAO24_00027,WP003,21.930152,112.390543,2023-12-25 04:52:32.580258,26400,589,0.782
ICAO24_00041,WP004,-20.25543,-120.320141,2023-12-24 20:59:32.580258,38909,401,0.79
ICAO24_00030,WP003,21.930152,112.390543,2023-12-25 06:22:32.580258,6763,287,0.714
ICAO24_00031,WP004,-20.25543,-120.320141,2023-12-25 00:33:32.580258,27555,356,0.187
ICAO24_00038,WP005,-69.270295,56.503761,2023-12-25 11:59:32.580258,10971,441,0.375
ICAO24_00032,WP008,52.744615,-89.590645,2023-12-25 17:39:32.580258,11691,361,0.564
ICAO24_00029,WP009,69.053744,93.717509,2023-12-25 04:19:32.580258,23534,521,0.595
ICAO24_00013,WP008,52.744615,-89.590645,2023-12-25 08:01:32.580258,9411,587,0.05
ICAO24_00003,WP008,52.744615,-89.590645,2023-12-25 16:20:32.580258,27698,522,0.459
ICAO24_00008,WP008,52.744615,-89.590645,2023-12-23 23:02:32.580325,15691,296,0.529
ICAO24_00016,WP005,-69.270295,56.503761,2023-12-24 00:24:32.580325,3966,325,0.297
ICAO24_00033,WP000,-84.632821,-38.478015,2023-12-24 11:56:32.580325,3026,514,0.131
ICAO24_00015,WP005,-69.270295,56.503761,2023-12-24 11:10:32.580325,39825,241,0.762
ICAO24_00014,WP001,-35.646962,143.047845,2023-12-24 11:39:32.580325,36577,419,0.789
ICAO24_00033,WP000,-84.632821,-38.478015,2023-12-24 09:59:32.580325,3391,470,0.292
ICAO24_00042,WP009,69.053744,93.717509,2023-12-24 19:33:32.580325,3312,401,0.834
ICAO24_00038,WP005,-69.270295,56.503761,2023-12-23 10:08:32.580376,35730,410,0.776
ICAO24_00035,WP009,69.053744,93.717509,2023-12-23 07:45:32.580376,18886,581,0.124
ICAO24_00045,WP000,-84.632821,-38.478015,2023-12-23 16:30:32.580376,35745,461,0.14
ICAO24_00026,WP009,69.053744,93.717509,2023-12-23 04:34:32.580376,20382,201,0.643
ICAO24_00006,WP004,-20.25543,-120.320141,2023-12-23 04:39:32.580376,6129,565,0.645
ICAO24_00011,WP004,-20.25543,-120.320141,2023-12-21 23:14:32.580411,12691,376,0.261
ICAO24_00027,WP009,69.053744,93.717509,2023-12-22 01:22:32.580411,22219,293,0.981
ICAO24_00030,WP000,-84.632821,-38.478015,2023-12-22 11:12:32.580411,5202,446,0.492
ICAO24_00021,WP008,52.744615,-89.590645,2023-12-21 21:04:32.580411,22824,389,0.257
ICAO24_00031,WP000,-84.632821,-38.478015,2023-12-22 14:58:32.580411,8511,548,0.692
ICAO24_00041,WP006,59.415864,-177.561983,2023-12-22 16:53:32.580411,3209,296,0.397
ICAO24_00016,WP009,69.053744,93.717509,2023-12-22 00:58:32.580411,35196,556,0.336
ICAO24_00030,WP008,52.744615,-89.590645,2023-12-22 12:51:32.580411,4358,240,0.644
ICAO24_00049,WP003,21.930152,112.390543,2023-12-22 07:17:32.580411,27956,386,0.015
ICAO24_00046,WP006,59.415864,-177.561983,2023-12-22 00:02:32.580411,20426,511,0.798
ICAO24_00001,WP002,-55.087878,-57.667012,2023-12-22 07:26:32.580411,13167,275,0.789
ICAO24_00011,WP004,-20.25543,-120.320141,2023-12-21 23:03:32.580411,20904,244,0.299
ICAO24_00021,WP009,69.053744,93.717509,2023-12-22 05:11:32.580411,8054,415,0.106
ICAO24_00007,WP001,-35.646962,143.047845,2023-12-22 15:04:32.580411,3714,281,0.079
ICAO24_00010,WP008,52.744615,-89.590645,2023-12-21 23:57:32.580411,36121,526,0.13
ICAO24_00039,WP001,-35.646962,143.047845,2023-12-22 06:48:32.580411,20613,552,0.265
ICAO24_00004,WP004,-20.25543,-120.320141,2023-12-21 07:07:32.580546,35912,558,0.808
ICAO24_00004,WP000,-84.632821,-38.478015,2023-12-21 09:45:32.580546,18395,596,0.972
ICAO24_00032,WP009,69.053744,93.717509,2023-12-21 12:42:32.580546,31249,427,0.565
ICAO24_00017,WP004,-20.25543,-120.320141,2023-12-21 13:07:32.580546,16157,407,0.908
ICAO24_00022,WP004,-20.25543,-120.320141,2023-12-21 12:40:32.580546,8496,254,0.438
ICAO24_00040,WP004,-20.25543,-120.320141,2023-12-21 05:09:32.580546,24698,391,0.07
ICAO24_00016,WP000,-84.632821,-38.478015,2023-12-21 04:47:32.580546,17209,474,0.712
ICAO24_00010,WP001,-35.646962,143.047845,2023-12-21 00:28:32.580546,7878,425,0.608
ICAO24_00008,WP003,21.930152,112.390543,2023-12-21 06:48:32.580546,34733,327,0.67
ICAO24_00040,WP000,-84.632821,-38.478015,2023-12-21 08:11:32.580546,29043,450,0.413
ICAO24_00027,WP008,52.744615,-89.590645,2023-12-20 23:49:32.580546,25885,220,0.124
ICAO24_00036,WP008,52.744615,-89.590645,2023-12-21 00:58:32.580546,18488,279,0.742
ICAO24_00006,WP001,-35.646962,143.047845,2023-12-20 11:26:32.580637,12232,556,0.083
ICAO24_00008,WP009,69.053744,93.717509,2023-12-20 19:21:32.580637,9691,375,0.707
ICAO24_00049,WP001,-35.646962,143.047845,2023-12-20 11:11:32.580637,22463,509,0.377
ICAO24_00035,WP000,-84.632821,-38.478015,2023-12-20 01:21:32.580637,35117,450,0.857
ICAO24_00042,WP003,21.930152,112.390543,2023-12-20 14:55:32.580637,29684,475,0.327
ICAO24_00037,WP002,-55.087878,-57.667012,2023-12-19 06:15:32.580675,10952,333,0.214
ICAO24_00040,WP006,59.415864,-177.561983,2023-12-19 09:58:32.580675,18184,291,0.222
ICAO24_00046,WP004,-20.25543,-120.320141,2023-12-19 08:25:32.580675,34539,337,0.697
ICAO24_00031,WP007,-57.826286,-139.50474,2023-12-19 10:25:32.580675,14465,522,0.098
ICAO24_00044,WP002,-55.087878,-57.667012,2023-12-19 17:58:32.580675,11974,263,0.43
ICAO24_00045,WP003,21.930152,112.390543,2023-12-19 06:17:32.580675,31801,428,0.331
ICAO24_00027,WP003,21.930152,112.390543,2023-12-18 21:59:32.580675,25832,339,0.557
ICAO24_00011,WP003,21.930152,112.390543,2023-12-19 00:50:32.580675,17386,466,0.286
ICAO24_00003,WP009,69.053744,93.717509,2023-12-19 14:48:32.580675,32457,264,0.424
ICAO24_00032,WP004,-20.25543,-120.320141,2023-12-19 15:25:32.580675,10407,596,0.492
ICAO24_00020,WP004,-20.25543,-120.320141,2023-12-18 15:33:32.580778,14961,274,0.26
ICAO24_00003,WP004,-20.25543,-120.320141,2023-12-18 16:41:32.580778,35648,461,0.512
ICAO24_00037,WP005,-69.270295,56.503761,2023-12-18 16:06:32.580778,36348,315,0.164
ICAO24_00047,WP008,52.744615,-89.590645,2023-12-17 21:24:32.580778,3014,307,0.572
ICAO24_00003,WP005,-69.270295,56.503761,2023-12-18 11:35:32.580778,28773,256,0.447
ICAO24_00023,WP003,21.930152,112.390543,2023-12-18 00:35:32.580778,11387,307,0.918
ICAO24_00001,WP009,69.053744,93.717509,2023-12-18 19:30:32.580778,31208,369,0.05
ICAO24_00017,WP009,69.053744,93.717509,2023-12-17 12:07:32.580831,24675,547,0.849
ICAO24_00033,WP009,69.053744,93.717509,2023-12-17 12:51:32.580831,17667,560,0.966
ICAO24_00035,WP001,-35.646962,143.047845,2023-12-17 10:56:32.580831,34994,388,0.902
ICAO24_00010,WP009,69.053744,93.717509,2023-12-17 18:01:32.580831,7639,567,0.25
ICAO24_00047,WP007,-57.826286,-139.50474,2023-12-17 14:46:32.580831,32294,284,0.647
ICAO24_00037,WP006,59.415864,-177.561983,2023-12-17 07:35:32.580831,12881,493,0.239
ICAO24_00004,WP008,52.744615,-89.590645,2023-12-17 11:54:32.580831,26024,204,0.109
ICAO24_00008,WP003,21.930152,112.390543,2023-12-16 18:25:32.580883,26153,418,0.998
ICAO24_00039,WP007,-57.826286,-139.50474,2023-12-16 19:05:32.580883,11159,216,0.553
ICAO24_00031,WP000,-84.632821,-38.478015,2023-12-16 06:38:32.580883,15237,595,0.095
ICAO24_00011,WP003,21.930152,112.390543,2023-12-16 10:47:32.580883,34473,208,0.158
ICAO24_00013,WP003,21.930152,112.390543,2023-12-16 03:58:32.580883,26055,279,0.002
ICAO24_00040,WP007,-57.826286,-139.50474,2023-12-16 07:40:32.580883,31558,579,0.141
ICAO24_00014,WP008,52.744615,-89.590645,2023-12-16 18:50:32.580883,37654,556,0.756
ICAO24_00029,WP005,-69.270295,56.503761,2023-12-14 23:36:32.580941,35522,370,0.717
ICAO24_00011,WP000,-84.632821,-38.478015,2023-12-15 06:01:32.580941,11932,450,0.99
ICAO24_00005,WP007,-57.826286,-139.50474,2023-12-14 21:00:32.580941,8043,292,0.85
ICAO24_00015,WP005,-69.270295,56.503761,2023-12-15 07:58:32.580941,38356,511,0.514
ICAO24_00033,WP006,59.415864,-177.561983,2023-12-15 07:10:32.580941,34401,319,0.264
ICAO24_00023,WP002,-55.087878,-57.667012,2023-12-15 11:59:32.580941,6623,465,0.653
ICAO24_00033,WP006,59.415864,-177.561983,2023-12-15 00:53:32.580941,21139,384,0.422
ICAO24_00002,WP008,52.744615,-89.590645,2023-12-14 20:31:32.580941,36332,244,0.331
ICAO24_00014,WP002,-55.087878,-57.667012,2023-12-15 12:39:32.580941,23996,430,0.176
ICAO24_00001,WP000,-84.632821,-38.478015,2023-12-15 15:38:32.580941,33300,564,0.938
ICAO24_00040,WP004,-20.25543,-120.320141,2023-12-14 22:49:32.580941,22472,557,0.949
ICAO24_00036,WP009,69.053744,93.717509,2023-12-15 03:13:32.580941,31295,434,0.221
ICAO24_00047,WP005,-69.270295,56.503761,2023-12-14 23:41:32.580941,14342,407,0.914
ICAO24_00019,WP000,-84.632821,-38.478015,2023-12-15 15:29:32.580941,22822,225,0.424
ICAO24_00004,WP005,-69.270295,56.503761,2023-12-15 12:11:32.580941,15801,271,0.315
ICAO24_00044,WP006,59.415864,-177.561983,2023-12-14 23:55:32.580941,30750,523,0.821
ICAO24_00043,WP004,-20.25543,-120.320141,2023-12-15 09:00:32.580941,8166,470,0.839
ICAO24_00020,WP009,69.053744,93.717509,2023-12-15 13:58:32.580941,35093,506,0.097
ICAO24_00033,WP003,21.930152,112.390543,2023-12-15 08:32:32.580941,31585,554,0.014
ICAO24_00022,WP008,52.744615,-89.590645,2023-12-14 02:47:32.581077,5862,594,0.761
ICAO24_00032,WP007,-57.826286,-139.50474,2023-12-14 19:41:32.581077,10100,417,0.596
ICAO24_00016,WP002,-55.087878,-57.667012,2023-12-14 07:59:32.581077,28584,412,0.295
ICAO24_00034,WP007,-57.826286,-139.50474,2023-12-14 08:43:32.581077,12448,423,0.195
ICAO24_00041,WP003,21.930152,112.390543,2023-12-14 14:07:32.581077,25307,564,0.408
ICAO24_00045,WP004,-20.25543,-120.320141,2023-12-14 02:58:32.581077,14167,409,0.703
ICAO24_00040,WP005,-69.270295,56.503761,2023-12-13 23:07:32.581077,39465,549,0.803
ICAO24_00003,WP004,-20.25543,-120.320141,2023-12-14 07:55:32.581077,11839,271,0.051
ICAO24_00036,WP006,59.415864,-177.561983,2023-12-14 14:19:32.581077,27510,340,0.435
ICAO24_00024,WP008,52.744615,-89.590645,2023-12-14 06:41:32.581077,32847,538,0.824
ICAO24_00042,WP000,-84.632821,-38.478015,2023-12-14 15:04:32.581077,8222,229,0.012
ICAO24_00047,WP003,21.930152,112.390543,2023-12-14 05:44:32.581077,25586,430,0.39
ICAO24_00027,WP006,59.415864,-177.561983,2023-12-14 10:16:32.581077,29253,254,0.131
ICAO24_00010,WP004,-20.25543,-120.320141,2023-12-13 14:46:32.581185,17512,385,0.4
ICAO24_00014,WP009,69.053744,93.717509,2023-12-12 20:56:32.581185,20752,331,0.196
ICAO24_00040,WP002,-55.087878,-57.667012,2023-12-13 07:24:32.581185,20524,354,0.849
ICAO24_00029,WP009,69.053744,93.717509,2023-12-13 09:55:32.581185,34535,597,0.67
ICAO24_00010,WP008,52.744615,-89.590645,2023-12-13 17:51:32.581185,8415,470,0.166
ICAO24_00038,WP001,-35.646962,143.047845,2023-12-13 12:13:32.581185,12304,569,0.156
ICAO24_00029,WP000,-84.632821,-38.478015,2023-12-13 00:43:32.581185,29703,225,0.032
ICAO24_00043,WP006,59.415864,-177.561983,2023-12-12 00:43:32.581243,29242,447,0.808
ICAO24_00033,WP004,-20.25543,-120.320141,2023-12-12 18:56:32.581243,16211,475,0.284
ICAO24_00003,WP000,-84.632821,-38.478015,2023-12-12 07:08:32.581243,29209,481,0.981
ICAO24_00007,WP002,-55.087878,-57.667012,2023-12-12 01:18:32.581243,6408,474,0.267
ICAO24_00004,WP000,-84.632821,-38.478015,2023-12-12 05:42:32.581243,13311,205,0.425
ICAO24_00002,WP000,-84.632821,-38.478015,2023-12-12 04:29:32.581243,3018,432,0.321
ICAO24_00010,WP000,-84.632821,-38.478015,2023-12-12 07:56:32.581243,33450,478,0.489
ICAO24_00023,WP004,-20.25543,-120.320141,2023-12-12 12:40:32.581243,30138,304,0.583
ICAO24_00022,WP008,52.744615,-89.590645,2023-12-12 01:34:32.581243,10423,547,0.027
ICAO24_00033,WP000,-84.632821,-38.478015,2023-12-12 18:56:32.581243,24768,360,0.68
ICAO24_00018,WP002,-55.087878,-57.667012,2023-12-11 00:46:32.581312,20067,382,0.261
ICAO24_00037,WP001,-35.646962,143.047845,2023-12-11 04:57:32.581312,19932,441,0.391
ICAO24_00021,WP005,-69.270295,56.503761,2023-12-11 03:21:32.581312,14463,471,0.995
ICAO24_00033,WP009,69.053744,93.717509,2023-12-11 06:03:32.581312,35512,411,0.604
ICAO24_00025,WP007,-57.826286,-139.50474,2023-12-11 07:40:32.581312,23195,501,0.85
ICAO24_00039,WP008,52.744615,-89.590645,2023-12-11 15:42:32.581312,8573,468,0.157
ICAO24_00017,WP006,59.415864,-177.561983,2023-12-11 10:42:32.581312,13840,505,0.362
ICAO24_00004,WP007,-57.826286,-139.50474,2023-12-11 19:29:32.581312,18177,443,0.853
ICAO24_00039,WP006,59.415864,-177.561983,2023-12-10 14:01:32.581372,4318,359,0.816
ICAO24_00043,WP005,-69.270295,56.503761,2023-12-10 17:13:32.581372,24315,588,0.746
ICAO24_00023,WP006,59.415864,-177.561983,2023-12-10 02:29:32.581372,26099,399,0.338
ICAO24_00008,WP005,-69.270295,56.503761,2023-12-10 12:02:32.581372,17170,340,0.434
ICAO24_00046,WP006,59.415864,-177.561983,2023-12-09 21:26:32.581372,9267,269,0.278
ICAO24_00006,WP002,-55.087878,-57.667012,2023-12-10 10:52:32.581372,11058,306,0.201
ICAO24_00009,WP000,-84.632821,-38.478015,2023-12-10 10:33:32.581372,37522,551,0.906
ICAO24_00029,WP001,-35.646962,143.047845,2023-12-10 05:42:32.581372,32786,400,0.16
ICAO24_00038,WP005,-69.270295,56.503761,2023-12-10 16:34:32.581372,3163,579,0.324
ICAO24_00037,WP000,-84.632821,-38.478015,2023-12-10 15:10:32.581372,28263,227,0.493
ICAO24_00017,WP004,-20.25543,-120.320141,2023-12-09 22:05:32.581372,12431,554,0.13
ICAO24_00041,WP009,69.053744,93.717509,2023-12-09 22:46:32.581372,14263,407,0.364
ICAO24_00012,WP000,-84.632821,-38.478015,2023-12-10 17:43:32.581372,19724,517,0.012
ICAO24_00016,WP004,-20.25543,-120.320141,2023-12-10 13:45:32.581372,15201,268,0.036
ICAO24_00032,WP001,-35.646962,143.047845,2023-12-10 02:16:32.581372,7247,480,0.867
ICAO24_00026,WP005,-69.270295,56.503761,2023-12-10 14:35:32.581372,7685,304,0.4
ICAO24_00040,WP005,-69.270295,56.503761,2023-12-09 20:07:32.581372,19934,562,0.174
ICAO24_00011,WP002,-55.087878,-57.667012,2023-12-08 23:38:32.581487,38735,459,0.706
ICAO24_00024,WP007,-57.826286,-139.50474,2023-12-09 10:33:32.581487,17844,588,0.455
ICAO24_00016,WP006,59.415864,-177.561983,2023-12-08 23:27:32.581487,23259,335,0.266
ICAO24_00033,WP009,69.053744,93.717509,2023-12-09 04:23:32.581487,13076,355,0.537
ICAO24_00045,WP000,-84.632821,-38.478015,2023-12-09 14:34:32.581487,3827,458,0.697
ICAO24_00046,WP000,-84.632821,-38.478015,2023-12-08 22:43:32.581487,9233,343,0.435
ICAO24_00006,WP006,59.415864,-177.561983,2023-12-08 23:57:32.581487,18597,459,0.141
ICAO24_00032,WP002,-55.087878,-57.667012,2023-12-09 02:58:32.581487,11528,512,0.618
ICAO24_00010,WP005,-69.270295,56.503761,2023-12-09 15:21:32.581487,8484,552,0.042
ICAO24_00029,WP002,-55.087878,-57.667012,2023-12-09 11:03:32.581487,4370,350,0.002
ICAO24_00010,WP000,-84.632821,-38.478015,2023-12-09 09:53:32.581487,6677,581,0.257
ICAO24_00041,WP005,-69.270295,56.503761,2023-12-08 04:21:32.581571,11764,221,0.261
ICAO24_00038,WP009,69.053744,93.717509,2023-12-08 08:43:32.581571,15289,546,0.046
ICAO24_00021,WP005,-69.270295,56.503761,2023-12-08 15:03:32.581571,7511,586,0.194
ICAO24_00031,WP009,69.053744,93.717509,2023-12-07 23:24:32.581571,24282,597,0.805
ICAO24_00029,WP002,-55.087878,-57.667012,2023-12-08 03:33:32.581571,20076,480,0.448
ICAO24_00018,WP005,-69.270295,56.503761,2023-12-08 13:11:32.581571,16180,588,0.428
ICAO24_00042,WP005,-69.270295,56.503761,2023-12-08 15:08:32.581571,23088,219,0.786
ICAO24_00036,WP002,-55.087878,-57.667012,2023-12-08 19:39:32.581571,14731,358,0.572
ICAO24_00001,WP006,59.415864,-177.561983,2023-12-08 06:48:32.581571,29942,348,0.855
ICAO24_00002,WP008,52.744615,-89.590645,2023-12-08 02:17:32.581571,17167,427,0.847
ICAO24_00026,WP004,-20.25543,-120.320141,2023-12-07 21:35:32.581571,22681,587,0.787
ICAO24_00038,WP009,69.053744,93.717509,2023-12-08 06:59:32.581571,27997,318,0.343
ICAO24_00009,WP006,59.415864,-177.561983,2023-12-08 17:50:32.581571,7057,373,0.743
ICAO24_00015,WP007,-57.826286,-139.50474,2023-12-07 20:22:32.581571,22555,266,0.207
ICAO24_00019,WP001,-35.646962,143.047845,2023-12-08 10:45:32.581571,11329,394,0.255
ICAO24_00023,WP005,-69.270295,56.503761,2023-12-08 03:12:32.581571,39689,259,0.411
ICAO24_00030,WP009,69.053744,93.717509,2023-12-07 21:41:32.581571,32075,521,0.261
ICAO24_00029,WP004,-20.25543,-120.320141,2023-12-08 00:44:32.581571,30000,537,0.293
ICAO24_00014,WP005,-69.270295,56.503761,2023-12-08 15:43:32.581571,39429,520,0.324
ICAO24_00048,WP009,69.053744,93.717509,2023-12-07 19:05:32.581713,16227,332,0.895
ICAO24_00033,WP008,52.744615,-89.590645,2023-12-07 01:50:32.581713,37711,364,0.765
ICAO24_00046,WP006,59.415864,-177.561983,2023-12-07 12:43:32.581713,3881,277,0.977
ICAO24_00046,WP002,-55.087878,-57.667012,2023-12-07 10:23:32.581713,30653,587,0.808
ICAO24_00023,WP002,-55.087878,-57.667012,2023-12-07 07:17:32.581713,30406,581,0.207
ICAO24_00023,WP009,69.053744,93.717509,2023-12-07 17:19:32.581713,29302,542,0.346
ICAO24_00015,WP008,52.744615,-89.590645,2023-12-07 18:48:32.581713,5632,581,0.63
ICAO24_00040,WP002,-55.087878,-57.667012,2023-12-07 07:44:32.581713,35055,354,0.71
ICAO24_00049,WP004,-20.25543,-120.320141,2023-12-07 15:10:32.581713,21881,508,0.12
ICAO24_00002,WP006,59.415864,-177.561983,2023-12-07 03:43:32.581713,32379,502,0.231
ICAO24_00041,WP007,-57.826286,-139.50474,2023-12-07 08:14:32.581713,21567,339,0.889
ICAO24_00049,WP000,-84.632821,-38.478015,2023-12-07 08:22:32.581713,31621,530,0.339
ICAO24_00036,WP005,-69.270295,56.503761,2023-12-07 19:01:32.581713,31796,421,0.698
ICAO24_00042,WP000,-84.632821,-38.478015,2023-12-07 16:24:32.581713,5423,526,0.688
ICAO24_00024,WP005,-69.270295,56.503761,2023-12-06 16:12:32.581834,27218,503,0.34
ICAO24_00038,WP006,59.415864,-177.561983,2023-12-06 04:54:32.581834,16835,464,0.829
ICAO24_00021,WP003,21.930152,112.390543,2023-12-06 03:34:32.581834,7017,412,0.365
ICAO24_00043,WP002,-55.087878,-57.667012,2023-12-06 01:46:32.581834,8404,296,0.833
ICAO24_00023,WP002,-55.087878,-57.667012,2023-12-06 01:27:32.581834,6759,472,0.291
ICAO24_00020,WP005,-69.270295,56.503761,2023-12-06 00:05:32.581834,32154,562,0.044
ICAO24_00029,WP001,-35.646962,143.047845,2023-12-06 13:13:32.581834,28048,325,0.564
ICAO24_00005,WP002,-55.087878,-57.667012,2023-12-05 20:00:32.581834,5569,369,0.188
ICAO24_00033,WP007,-57.826286,-139.50474,2023-12-06 08:36:32.581834,31206,332,0.652
ICAO24_00001,WP003,21.930152,112.390543,2023-12-06 02:24:32.581834,26426,536,0.12
ICAO24_00047,WP009,69.053744,93.717509,2023-12-06 07:29:32.581834,25743,500,0.001
ICAO24_00042,WP008,52.744615,-89.590645,2023-12-06 08:32:32.581834,15116,292,0.644
ICAO24_00012,WP001,-35.646962,143.047845,2023-12-05 15:32:32.582296,39858,544,0.709
ICAO24_00022,WP008,52.744615,-89.590645,2023-12-05 15:52:32.582296,26628,296,0.262
ICAO24_00021,WP008,52.744615,-89.590645,2023-12-05 11:16:32.582296,21503,539,0.9
ICAO24_00008,WP006,59.415864,-177.561983,2023-12-05 14:23:32.582296,11148,276,0.887
ICAO24_00031,WP003,21.930152,112.390543,2023-12-04 22:38:32.582296,35679,385,0.958
ICAO24_00042,WP008,52.744615,-89.590645,2023-12-05 19:11:32.582296,17575,450,0.35
ICAO24_00044,WP006,59.415864,-177.561983,2023-12-05 12:29:32.582296,6765,339,0.756
ICAO24_00011,WP009,69.053744,93.717509,2023-12-05 10:29:32.582296,19011,510,0.019
ICAO24_00024,WP006,59.415864,-177.561983,2023-12-04 23:51:32.582296,31850,233,0.075
ICAO24_00043,WP006,59.415864,-177.561983,2023-12-04 20:49:32.582296,36041,240,0.049
ICAO24_00031,WP003,21.930152,112.390543,2023-12-05 09:19:32.582296,10750,489,0.724
ICAO24_00017,WP005,-69.270295,56.503761,2023-12-05 08:47:32.582296,33885,306,0.478
ICAO24_00013,WP004,-20.25543,-120.320141,2023-12-05 07:45:32.582296,17908,248,0.842
ICAO24_00017,WP004,-20.25543,-120.320141,2023-12-04 23:40:32.582296,12594,448,0.141
ICAO24_00009,WP006,59.415864,-177.561983,2023-12-05 13:57:32.582296,34248,496,0.867
ICAO24_00004,WP002,-55.087878,-57.667012,2023-12-05 18:57:32.582296,21837,366,0.916
ICAO24_00023,WP008,52.744615,-89.590645,2023-12-05 18:01:32.582296,4730,594,0.277
ICAO24_00006,WP004,-20.25543,-120.320141,2023-12-05 05:33:32.582296,22453,544,0.393
ICAO24_00028,WP007,-57.826286,-139.50474,2023-12-05 14:11:32.582296,35726,250,0.593
ICAO24_00046,WP002,-55.087878,-57.667012,2023-12-04 09:22:32.582438,27092,500,0.014
ICAO24_00010,WP009,69.053744,93.717509,2023-12-04 07:08:32.582438,31151,388,0.433
ICAO24_00020,WP005,-69.270295,56.503761,2023-12-04 11:20:32.582438,34850,372,0.675
ICAO24_00007,WP006,59.415864,-177.561983,2023-12-03 20:58:32.582438,8245,229,0.711
ICAO24_00027,WP008,52.744615,-89.590645,2023-12-04 19:42:32.582438,28724,438,0.659
ICAO24_00017,WP006,59.415864,-177.561983,2023-12-04 09:34:32.582438,38271,387,0.295
ICAO24_00020,WP002,-55.087878,-57.667012,2023-12-04 12:50:32.582438,4748,206,0.043
ICAO24_00047,WP002,-55.087878,-57.667012,2023-12-04 01:39:32.582438,39506,324,0.672
ICAO24_00043,WP005,-69.270295,56.503761,2023-12-04 00:58:32.582438,31486,439,0.559
ICAO24_00007,WP002,-55.087878,-57.667012,2023-12-04 03:27:32.582438,21118,558,0.163
ICAO24_00020,WP007,-57.826286,-139.50474,2023-12-04 00:30:32.582438,12302,380,0.059
ICAO24_00008,WP001,-35.646962,143.047845,2023-12-04 04:04:32.582438,39595,452,0.597
ICAO24_00027,WP003,21.930152,112.390543,2023-12-04 04:51:32.582438,24124,300,0.38
ICAO24_00047,WP006,59.415864,-177.561983,2023-12-04 17:51:32.582438,37845,514,0.676
ICAO24_00048,WP000,-84.632821,-38.478015,2023-12-03 20:03:32.582438,13031,393,0.626
ICAO24_00015,WP006,59.415864,-177.561983,2023-12-03 22:30:32.582438,21312,234,0.853
ICAO24_00044,WP002,-55.087878,-57.667012,2023-12-04 14:27:32.582438,7238,439,0.363
ICAO24_00022,WP009,69.053744,93.717509,2023-12-04 08:21:32.582438,16918,495,0.507
ICAO24_00008,WP003,21.930152,112.390543,2023-12-04 01:45:32.582438,34340,301,0.975
ICAO24_00040,WP006,59.415864,-177.561983,2023-12-04 03:09:32.582438,11386,515,0.689
ICAO24_00038,WP001,-35.646962,143.047845,2023-12-03 17:14:32.582630,23104,357,0.952
ICAO24_00044,WP006,59.415864,-177.561983,2023-12-03 18:20:32.582630,29583,205,0.173
ICAO24_00045,WP008,52.744615,-89.590645,2023-12-02 23:57:32.582630,5277,420,0.657
ICAO24_00029,WP003,21.930152,112.390543,2023-12-03 04:59:32.582630,30339,366,0.909
ICAO24_00022,WP002,-55.087878,-57.667012,2023-12-03 04:49:32.582630,11305,231,0.248
ICAO24_00010,WP003,21.930152,112.390543,2023-12-03 02:05:32.582630,25040,600,0.04
ICAO24_00015,WP007,-57.826286,-139.50474,2023-12-03 10:22:32.582630,23464,319,0.814
ICAO24_00014,WP004,-20.25543,-120.320141,2023-12-03 16:35:32.582630,20408,254,0.402
ICAO24_00040,WP002,-55.087878,-57.667012,2023-12-02 11:53:32.582707,13969,317,0.513
ICAO24_00018,WP002,-55.087878,-57.667012,2023-12-02 05:42:32.582707,26623,357,0.197
ICAO24_00032,WP001,-35.646962,143.047845,2023-12-02 01:39:32.582707,7250,417,0.335
ICAO24_00004,WP003,21.930152,112.390543,2023-12-02 10:07:32.582707,18817,575,0.713
ICAO24_00014,WP004,-20.25543,-120.320141,2023-12-02 05:05:32.582707,14529,343,0.479
ICAO24_00009,WP002,-55.087878,-57.667012,2023-12-01 21:07:32.582707,7858,420,0.331
ICAO24_00011,WP007,-57.826286,-139.50474,2023-12-02 05:52:32.582707,12209,471,0.299
ICAO24_00007,WP003,21.930152,112.390543,2023-12-01 16:36:32.582765,28534,262,0.416
ICAO24_00045,WP008,52.744615,-89.590645,2023-12-01 12:24:32.582765,22823,327,0.908
ICAO24_00014,WP007,-57.826286,-139.50474,2023-12-01 12:24:32.582765,22890,205,0.058
ICAO24_00012,WP002,-55.087878,-57.667012,2023-12-01 04:11:32.582765,15859,494,0.851
ICAO24_00045,WP003,21.930152,112.390543,2023-12-01 13:07:32.582765,6770,231,0.169
ICAO24_00014,WP002,-55.087878,-57.667012,2023-11-30 21:51:32.582765,11116,433,0.959
ICAO24_00048,WP005,-69.270295,56.503761,2023-11-30 21:26:32.582765,11877,272,0.105
ICAO24_00009,WP002,-55.087878,-57.667012,2023-12-01 16:15:32.582765,35884,429,0.944
ICAO24_00045,WP002,-55.087878,-57.667012,2023-12-01 19:19:32.582765,37748,268,0.47
ICAO24_00030,WP001,-35.646962,143.047845,2023-12-01 00:03:32.582765,20384,567,0.264
ICAO24_00001,WP000,-84.632821,-38.478015,2023-12-01 01:06:32.582765,18052,406,0.538
ICAO24_00039,WP007,-57.826286,-139.50474,2023-12-01 08:29:32.582765,9981,278,0.133
ICAO24_00006,WP009,69.053744,93.717509,2023-11-30 19:00:32.582924,14051,537,0.702
ICAO24_00023,WP002,-55.087878,-57.667012,2023-11-30 13:37:32.582924,12830,493,0.185
ICAO24_00010,WP004,-20.25543,-120.320141,2023-11-29 23:41:32.582924,19897,328,0.691
ICAO24_00019,WP002,-55.087878,-57.667012,2023-11-30 02:51:32.582924,32199,459,0.895
ICAO24_00000,WP002,-55.087878,-57.667012,2023-11-29 23:54:32.582924,24079,582,0.008
ICAO24_00032,WP005,-69.270295,56.503761,2023-11-30 17:53:32.582924,12360,299,0.846
ICAO24_00037,WP000,-84.632821,-38.478015,2023-11-30 13:19:32.582924,37316,561,0.662
ICAO24_00009,WP005,-69.270295,56.503761,2023-11-30 07:32:32.582924,21714,464,0.14
ICAO24_00034,WP008,52.744615,-89.590645,2023-11-30 04:49:32.582924,35790,336,0.958
ICAO24_00046,WP004,-20.25543,-120.320141,2023-11-29 23:17:32.582924,21974,284,0.132
ICAO24_00015,WP005,-69.270295,56.503761,2023-11-29 13:23:32.583040,7398,412,0.792
ICAO24_00043,WP005,-69.270295,56.503761,2023-11-29 01:33:32.583040,3092,481,0.328
ICAO24_00025,WP004,-20.25543,-120.320141,2023-11-29 18:59:32.583040,8961,582,0.941
ICAO24_00036,WP001,-35.646962,143.047845,2023-11-29 08:53:32.583040,28589,222,0.524
ICAO24_00034,WP004,-20.25543,-120.320141,2023-11-29 17:37:32.583040,22332,513,0.4
ICAO24_00049,WP006,59.415864,-177.561983,2023-11-28 23:18:32.583040,33149,323,0.624
ICAO24_00002,WP004,-20.25543,-120.320141,2023-11-29 12:28:32.583040,38244,342,0.803
ICAO24_00021,WP004,-20.25543,-120.320141,2023-11-29 05:41:32.583040,27305,401,0.056
ICAO24_00046,WP002,-55.087878,-57.667012,2023-11-28 23:24:32.583040,33376,308,0.871
ICAO24_00016,WP009,69.053744,93.717509,2023-11-29 13:01:32.583040,39976,275,0.08
ICAO24_00026,WP004,-20.25543,-120.320141,2023-11-29 08:26:32.583040,10893,271,0.006
ICAO24_00029,WP007,-57.826286,-139.50474,2023-11-29 16:08:32.583040,4814,378,0.175
ICAO24_00018,WP007,-57.826286,-139.50474,2023-11-29 07:52:32.583040,23744,348,0.807
ICAO24_00020,WP006,59.415864,-177.561983,2023-11-29 13:18:32.583040,22222,368,0.28
ICAO24_00000,WP004,-20.25543,-120.320141,2023-11-28 09:33:32.583178,15542,228,0.466
ICAO24_00008,WP000,-84.632821,-38.478015,2023-11-28 02:58:32.583178,4465,583,0.541
ICAO24_00004,WP006,59.415864,-177.561983,2023-11-27 22:18:32.583178,17125,236,0.563
ICAO24_00018,WP003,21.930152,112.390543,2023-11-28 07:25:32.583178,10121,593,0.591
ICAO24_00018,WP002,-55.087878,-57.667012,2023-11-28 11:10:32.583178,7865,442,0.853
ICAO24_00034,WP000,-84.632821,-38.478015,2023-11-28 08:06:32.583178,35256,490,0.461
ICAO24_00012,WP004,-20.25543,-120.320141,2023-11-28 11:54:32.583178,12846,281,0.162
ICAO24_00009,WP008,52.744615,-89.590645,2023-11-28 08:29:32.583178,36517,560,0.78
ICAO24_00041,WP008,52.744615,-89.590645,2023-11-27 23:57:32.583178,37738,594,0.041
ICAO24_00043,WP002,-55.087878,-57.667012,2023-11-28 04:32:32.583178,20187,247,0.536
ICAO24_00017,WP007,-57.826286,-139.50474,2023-11-28 07:49:32.583178,32810,216,0.413
ICAO24_00047,WP003,21.930152,112.390543,2023-11-28 04:01:32.583178,8077,572,0.968
ICAO24_00025,WP005,-69.270295,56.503761,2023-11-28 19:19:32.583178,4237,301,0.921
ICAO24_00038,WP006,59.415864,-177.561983,2023-11-28 00:10:32.583178,23527,536,0.24
ICAO24_00022,WP008,52.744615,-89.590645,2023-11-28 18:38:32.583178,10785,403,0.639
ICAO24_00033,WP009,69.053744,93.717509,2023-11-28 04:41:32.583178,38678,456,0.94
ICAO24_00043,WP006,59.415864,-177.561983,2023-11-28 05:31:32.583178,37928,341,0.545
ICAO24_00041,WP003,21.930152,112.390543,2023-11-28 02:26:32.583178,21295,227,0.116
ICAO24_00004,WP005,-69.270295,56.503761,2023-11-27 01:34:32.583337,24993,532,0.24
ICAO24_00017,WP004,-20.25543,-120.320141,2023-11-27 06:49:32.583337,28292,278,0.588
ICAO24_00015,WP008,52.744615,-89.590645,2023-11-27 10:03:32.583337,4374,417,0.268
ICAO24_00023,WP002,-55.087878,-57.667012,2023-11-27 15:50:32.583337,39343,546,0.674
ICAO24_00019,WP000,-84.632821,-38.478015,2023-11-27 19:38:32.583337,9283,223,0.886
ICAO24_00007,WP007,-57.826286,-139.50474,2023-11-27 19:08:32.583337,28347,389,0.973
ICAO24_00001,WP009,69.053744,93.717509,2023-11-27 00:59:32.583337,25747,391,0.02
ICAO24_00042,WP002,-55.087878,-57.667012,2023-11-27 13:42:32.583337,11058,518,0.064
ICAO24_00023,WP002,-55.087878,-57.667012,2023-11-27 08:02:32.583337,26631,519,0.726
ICAO24_00000,WP005,-69.270295,56.503761,2023-11-27 15:30:32.583337,37507,438,0.755
ICAO24_00049,WP001,-35.646962,143.047845,2023-11-26 21:24:32.583337,22961,295,0.458
ICAO24_00006,WP003,21.930152,112.390543,2023-11-27 00:04:32.583337,18211,525,0.194
ICAO24_00002,WP009,69.053744,93.717509,2023-11-27 02:15:32.583337,25364,333,0.101
ICAO24_00040,WP004,-20.25543,-120.320141,2023-11-27 12:10:32.583337,27138,347,0.026
ICAO24_00041,WP003,21.930152,112.390543,2023-11-26 05:23:32.583437,6151,524,0.215
ICAO24_00010,WP004,-20.25543,-120.320141,2023-11-26 12:54:32.583437,17165,316,0.802
ICAO24_00011,WP008,52.744615,-89.590645,2023-11-26 12:18:32.583437,20181,241,0.032
ICAO24_00036,WP001,-35.646962,143.047845,2023-11-26 12:45:32.583437,5292,475,0.784
ICAO24_00035,WP002,-55.087878,-57.667012,2023-11-26 08:57:32.583437,30827,599,0.574
ICAO24_00024,WP008,52.744615,-89.590645,2023-11-26 15:37:32.583437,20147,409,0.394
ICAO24_00019,WP008,52.744615,-89.590645,2023-11-25 16:50:32.583485,25378,530,0.93
ICAO24_00029,WP005,-69.270295,56.503761,2023-11-25 13:10:32.583485,38159,321,0.367
ICAO24_00027,WP001,-35.646962,143.047845,2023-11-25 09:45:32.583485,6411,552,0.342
ICAO24_00021,WP004,-20.25543,-120.320141,2023-11-25 05:37:32.583485,3999,414,0.068
ICAO24_00014,WP004,-20.25543,-120.320141,2023-11-24 23:26:32.583485,25380,362,0.456
ICAO24_00036,WP001,-35.646962,143.047845,2023-11-25 10:48:32.583485,16387,233,0.112
ICAO24_00032,WP007,-57.826286,-139.50474,2023-11-25 05:49:32.583485,19620,400,0.01
ICAO24_00041,WP000,-84.632821,-38.478015,2023-11-25 01:50:32.583485,36663,452,0.384
ICAO24_00012,WP002,-55.087878,-57.667012,2023-11-24 08:53:32.583543,32110,299,0.333
ICAO24_00016,WP007,-57.826286,-139.50474,2023-11-24 16:54:32.583543,32290,362,0.676
ICAO24_00021,WP001,-35.646962,143.047845,2023-11-24 16:25:32.583543,11381,266,0.421
ICAO24_00018,WP008,52.744615,-89.590645,2023-11-24 06:17:32.583543,5075,295,0.378
ICAO24_00020,WP004,-20.25543,-120.320141,2023-11-24 17:46:32.583543,4274,389,0.253
ICAO24_00027,WP002,-55.087878,-57.667012,2023-11-24 03:46:32.583543,19113,549,0.401
ICAO24_00020,WP002,-55.087878,-57.667012,2023-11-24 13:15:32.583543,20635,549,0.573
ICAO24_00023,WP004,-20.25543,-120.320141,2023-11-24 19:08:32.583543,15028,425,0.728
ICAO24_00026,WP007,-57.826286,-139.50474,2023-11-24 02:39:32.583543,6664,370,0.045
ICAO24_00010,WP002,-55.087878,-57.667012,2023-11-24 19:26:32.583543,5720,408,0.988
ICAO24_00000,WP004,-20.25543,-120.320141,2023-11-23 22:08:32.583543,21189,430,0.983
ICAO24_00012,WP001,-35.646962,143.047845,2023-11-24 01:52:32.583543,13583,475,0.681
ICAO24_00020,WP000,-84.632821,-38.478015,2023-11-24 05:39:32.583543,35115,361,0.766
ICAO24_00045,WP009,69.053744,93.717509,2023-11-23 22:42:32.583543,7239,241,0.191
ICAO24_00028,WP005,-69.270295,56.503761,2023-11-24 16:32:32.583543,12742,493,0.943
ICAO24_00001,WP008,52.744615,-89.590645,2023-11-23 01:35:32.583667,21584,405,0.582
ICAO24_00039,WP005,-69.270295,56.503761,2023-11-23 02:34:32.583667,22313,501,0.319
ICAO24_00004,WP008,52.744615,-89.590645,2023-11-22 20:03:32.583667,7576,343,0.141
ICAO24_00045,WP008,52.744615,-89.590645,2023-11-23 07:41:32.583667,34858,309,0.881
ICAO24_00049,WP006,59.415864,-177.561983,2023-11-23 14:52:32.583667,20897,496,0.384
ICAO24_00043,WP009,69.053744,93.717509,2023-11-23 04:33:32.583667,30108,393,0.719
ICAO24_00005,WP001,-35.646962,143.047845,2023-11-23 13:00:32.583667,8748,392,0.429
ICAO24_00001,WP008,52.744615,-89.590645,2023-11-23 12:43:32.583667,38579,502,0.428
ICAO24_00003,WP003,21.930152,112.390543,2023-11-23 07:54:32.583667,11545,360,0.626
ICAO24_00013,WP009,69.053744,93.717509,2023-11-23 09:41:32.583667,20593,340,0.515
ICAO24_00037,WP005,-69.270295,56.503761,2023-11-23 04:20:32.583667,26869,553,0.606
ICAO24_00000,WP004,-20.25543,-120.320141,2023-11-23 15:21:32.583667,23820,303,0.869
ICAO24_00000,WP007,-57.826286,-139.50474,2023-11-22 23:17:32.583667,8023,287,0.211
ICAO24_00029,WP007,-57.826286,-139.50474,2023-11-23 03:00:32.583667,20030,530,0.785
ICAO24_00035,WP005,-69.270295,56.503761,2023-11-22 07:29:32.583787,36673,573,0.983
ICAO24_00012,WP004,-20.25543,-120.320141,2023-11-22 15:13:32.583787,29216,372,0.528
ICAO24_00032,WP002,-55.087878,-57.667012,2023-11-22 00:07:32.583787,32158,222,0.563
ICAO24_00028,WP009,69.053744,93.717509,2023-11-22 10:19:32.583787,38774,376,0.151
ICAO24_00022,WP003,21.930152,112.390543,2023-11-22 07:42:32.583787,26249,345,0.059
ICAO24_00018,WP001,-35.646962,143.047845,2023-11-22 00:07:32.583787,4227,504,0.267
ICAO24_00039,WP002,-55.087878,-57.667012,2023-11-21 21:48:32.583787,6145,278,0.763
ICAO24_00043,WP001,-35.646962,143.047845,2023-11-22 01:24:32.583787,31663,484,0.859
ICAO24_00022,WP008,52.744615,-89.590645,2023-11-22 18:56:32.583787,29133,376,0.162
ICAO24_00002,WP009,69.053744,93.717509,2023-11-22 07:15:32.583787,9247,598,0.044
ICAO24_00005,WP001,-35.646962,143.047845,2023-11-21 05:09:32.583871,30279,432,0.719
ICAO24_00045,WP007,-57.826286,-139.50474,2023-11-20 23:32:32.583871,14412,261,0.57
ICAO24_00036,WP003,21.930152,112.390543,2023-11-21 11:22:32.583871,14339,276,0.784
ICAO24_00009,WP009,69.053744,93.717509,2023-11-21 06:03:32.583871,24173,400,0.131
ICAO24_00028,WP005,-69.270295,56.503761,2023-11-21 07:27:32.583871,14391,340,0.476
ICAO24_00027,WP003,21.930152,112.390543,2023-11-20 23:05:32.583871,30894,403,0.035
ICAO24_00011,WP007,-57.826286,-139.50474,2023-11-21 16:52:32.583871,26755,358,0.638
ICAO24_00020,WP001,-35.646962,143.047845,2023-11-21 09:03:32.583871,14127,590,0.764
ICAO24_00023,WP005,-69.270295,56.503761,2023-11-21 03:24:32.583871,31046,289,0.425
ICAO24_00010,WP006,59.415864,-177.561983,2023-11-21 03:08:32.583871,22463,385,0.491
ICAO24_00049,WP009,69.053744,93.717509,2023-11-20 07:54:32.583957,33024,419,0.155
ICAO24_00018,WP009,69.053744,93.717509,2023-11-20 10:22:32.583957,13824,554,0.669
ICAO24_00020,WP006,59.415864,-177.561983,2023-11-20 16:26:32.583957,6288,366,0.657
ICAO24_00044,WP001,-35.646962,143.047845,2023-11-19 20:30:32.583957,20537,309,0.962
ICAO24_00039,WP000,-84.632821,-38.478015,2023-11-20 03:56:32.583957,7968,257,0.621
ICAO24_00030,WP000,-84.632821,-38.478015,2023-11-20 18:26:32.583957,3681,436,0.822
ICAO24_00004,WP008,52.744615,-89.590645,2023-11-20 18:31:32.583957,3037,590,0.5
ICAO24_00004,WP009,69.053744,93.717509,2023-11-20 15:46:32.583957,26583,340,0.322
ICAO24_00023,WP001,-35.646962,143.047845,2023-11-19 07:41:32.584043,20948,258,0.908
ICAO24_00035,WP004,-20.25543,-120.320141,2023-11-19 11:07:32.584043,19771,563,0.737
ICAO24_00038,WP007,-57.826286,-139.50474,2023-11-18 22:31:32.584043,3258,457,0.65
ICAO24_00043,WP001,-35.646962,143.047845,2023-11-19 02:23:32.584043,7556,372,0.816
ICAO24_00009,WP007,-57.826286,-139.50474,2023-11-19 12:22:32.584043,6512,345,0.202
ICAO24_00009,WP004,-20.25543,-120.320141,2023-11-18 21:25:32.584043,34470,535,0.229
ICAO24_00024,WP003,21.930152,112.390543,2023-11-18 23:52:32.584043,10262,403,0.685
ICAO24_00027,WP003,21.930152,112.390543,2023-11-19 11:18:32.584043,32623,491,0.095
ICAO24_00049,WP000,-84.632821,-38.478015,2023-11-18 23:10:32.584043,4061,235,0.767
ICAO24_00005,WP000,-84.632821,-38.478015,2023-11-19 12:06:32.584043,27108,235,0.589
ICAO24_00002,WP008,52.744615,-89.590645,2023-11-19 05:12:32.584043,4096,563,0.605
ICAO24_00015,WP007,-57.826286,-139.50474,2023-11-18 20:42:32.584043,22403,344,0.66
ICAO24_00008,WP007,-57.826286,-139.50474,2023-11-19 05:21:32.584043,36505,447,0.574
ICAO24_00032,WP004,-20.25543,-120.320141,2023-11-18 22:12:32.584043,39108,248,0.135
ICAO24_00008,WP002,-55.087878,-57.667012,2023-11-19 10:16:32.584043,32644,570,0.417
ICAO24_00014,WP005,-69.270295,56.503761,2023-11-18 15:08:32.584198,24979,324,0.65
ICAO24_00000,WP009,69.053744,93.717509,2023-11-18 04:39:32.584198,20939,379,0.169
ICAO24_00029,WP005,-69.270295,56.503761,2023-11-18 04:23:32.584198,27329,593,0.747
ICAO24_00011,WP009,69.053744,93.717509,2023-11-18 15:17:32.584198,31025,419,0.455
ICAO24_00042,WP002,-55.087878,-57.667012,2023-11-18 09:51:32.584198,30563,466,0.014
ICAO24_00010,WP000,-84.632821,-38.478015,2023-11-18 02:17:32.584198,26767,482,0.277
ICAO24_00035,WP002,-55.087878,-57.667012,2023-11-18 17:36:32.584198,10874,483,0.946
ICAO24_00045,WP004,-20.25543,-120.320141,2023-11-18 18:48:32.584198,37456,281,0.467
ICAO24_00037,WP004,-20.25543,-120.320141,2023-11-18 16:26:32.584198,16581,287,0.735
ICAO24_00049,WP004,-20.25543,-120.320141,2023-11-18 00:30:32.584198,13499,513,0.249
ICAO24_00039,WP009,69.053744,93.717509,2023-11-17 12:14:32.584286,20633,543,0.742
ICAO24_00042,WP001,-35.646962,143.047845,2023-11-17 09:56:32.584286,35933,591,0.476
ICAO24_00015,WP007,-57.826286,-139.50474,2023-11-17 01:53:32.584286,23693,500,0.402
ICAO24_00004,WP008,52.744615,-89.590645,2023-11-17 19:26:32.584286,10509,419,0.631
ICAO24_00043,WP009,69.053744,93.717509,2023-11-17 17:21:32.584286,36932,500,0.628
ICAO24_00040,WP003,21.930152,112.390543,2023-11-17 02:23:32.584286,28738,425,0.14
ICAO24_00018,WP008,52.744615,-89.590645,2023-11-17 17:26:32.584286,21204,441,0.081
ICAO24_00025,WP002,-55.087878,-57.667012,2023-11-17 08:50:32.584286,13589,335,0.057
ICAO24_00049,WP002,-55.087878,-57.667012,2023-11-17 06:38:32.584286,36235,291,0.122
ICAO24_00014,WP000,-84.632821,-38.478015,2023-11-16 23:03:32.584286,20262,326,0.914
ICAO24_00025,WP006,59.415864,-177.561983,2023-11-17 08:51:32.584286,23278,327,0.521
ICAO24_00039,WP002,-55.087878,-57.667012,2023-11-17 18:31:32.584286,22288,522,0.824
ICAO24_00006,WP003,21.930152,112.390543,2023-11-17 06:55:32.584286,10408,337,0.808
ICAO24_00011,WP002,-55.087878,-57.667012,2023-11-17 02:33:32.584286,9808,291,0.41
ICAO24_00026,WP005,-69.270295,56.503761,2023-11-17 13:00:32.584286,29601,448,0.603
ICAO24_00030,WP008,52.744615,-89.590645,2023-11-17 13:55:32.584286,37769,354,0.125
ICAO24_00002,WP008,52.744615,-89.590645,2023-11-17 00:40:32.584286,9454,418,0.215
ICAO24_00023,WP006,59.415864,-177.561983,2023-11-16 22:44:32.584286,34273,303,0.724
ICAO24_00011,WP000,-84.632821,-38.478015,2023-11-17 10:48:32.584286,16366,240,0.183
ICAO24_00031,WP007,-57.826286,-139.50474,2023-11-16 19:18:32.584453,35893,569,0.905
ICAO24_00040,WP000,-84.632821,-38.478015,2023-11-16 10:41:32.584453,31385,294,0.666
ICAO24_00026,WP004,-20.25543,-120.320141,2023-11-16 06:26:32.584453,5309,268,0.057
ICAO24_00019,WP006,59.415864,-177.561983,2023-11-16 17:04:32.584453,5680,244,0.543
ICAO24_00004,WP003,21.930152,112.390543,2023-11-16 16:17:32.584453,6126,571,0.367
ICAO24_00049,WP007,-57.826286,-139.50474,2023-11-16 16:47:32.584453,26323,495,0.887
ICAO24_00024,WP007,-57.826286,-139.50474,2023-11-15 22:49:32.584453,20730,275,0.678
ICAO24_00025,WP006,59.415864,-177.561983,2023-11-16 12:20:32.584453,29139,532,0.458
ICAO24_00039,WP007,-57.826286,-139.50474,2023-11-16 01:22:32.584453,4095,372,0.62
ICAO24_00034,WP004,-20.25543,-120.320141,2023-11-16 03:53:32.584453,37768,289,0.962
ICAO24_00011,WP000,-84.632821,-38.478015,2023-11-16 13:01:32.584453,4854,535,0.275
ICAO24_00035,WP004,-20.25543,-120.320141,2023-11-16 02:32:32.584453,13303,223,0.224
ICAO24_00008,WP001,-35.646962,143.047845,2023-11-16 15:52:32.584453,34413,571,0.735
ICAO24_00004,WP009,69.053744,93.717509,2023-11-16 10:37:32.584453,27424,328,0.502
ICAO24_00030,WP004,-20.25543,-120.320141,2023-11-16 06:57:32.584453,20083,207,0.008
ICAO24_00015,WP004,-20.25543,-120.320141,2023-11-15 14:11:32.584555,15853,269,0.155
ICAO24_00032,WP008,52.744615,-89.590645,2023-11-15 11:30:32.584555,12901,201,0.578
ICAO24_00032,WP007,-57.826286,-139.50474,2023-11-15 14:25:32.584555,20330,595,0.33
ICAO24_00045,WP007,-57.826286,-139.50474,2023-11-15 14:10:32.584555,12948,255,0.086
ICAO24_00028,WP009,69.053744,93.717509,2023-11-15 10:57:32.584555,34901,511,0.712
ICAO24_00039,WP004,-20.25543,-120.320141,2023-11-15 04:09:32.584555,37390,408,0.454
ICAO24_00006,WP002,-55.087878,-57.667012,2023-11-15 06:43:32.584555,35056,498,0.772
ICAO24_00014,WP008,52.744615,-89.590645,2023-11-15 00:47:32.584555,25597,264,0.352
ICAO24_00010,WP002,-55.087878,-57.667012,2023-11-14 22:21:32.584555,4100,315,0.86
ICAO24_00047,WP003,21.930152,112.390543,2023-11-15 11:03:32.584555,11151,426,0.267
ICAO24_00000,WP006,59.415864,-177.561983,2023-11-15 04:28:32.584555,15785,407,0.705
ICAO24_00001,WP005,-69.270295,56.503761,2023-11-15 03:16:32.584555,14565,213,0.764
ICAO24_00033,WP004,-20.25543,-120.320141,2023-11-15 07:49:32.584555,28143,277,0.325
ICAO24_00045,WP002,-55.087878,-57.667012,2023-11-14 22:37:32.584555,17984,304,0.988
ICAO24_00034,WP006,59.415864,-177.561983,2023-11-15 18:08:32.584555,19124,473,0.962
ICAO24_00025,WP001,-35.646962,143.047845,2023-11-13 23:13:32.584668,32836,298,0.574
ICAO24_00029,WP004,-20.25543,-120.320141,2023-11-14 07:46:32.584668,33706,268,0.391
ICAO24_00017,WP006,59.415864,-177.561983,2023-11-14 00:41:32.584668,16581,287,0.436
ICAO24_00008,WP002,-55.087878,-57.667012,2023-11-13 23:08:32.584668,13884,502,0.961
ICAO24_00020,WP004,-20.25543,-120.320141,2023-11-14 07:40:32.584668,19919,229,0.567
ICAO24_00011,WP005,-69.270295,56.503761,2023-11-13 14:00:32.584720,5713,529,0.097
ICAO24_00042,WP002,-55.087878,-57.667012,2023-11-13 14:20:32.584720,15318,456,0.723
ICAO24_00019,WP003,21.930152,112.390543,2023-11-13 00:11:32.584720,22523,370,0.628
ICAO24_00026,WP008,52.744615,-89.590645,2023-11-13 10:42:32.584720,15343,578,0.392
ICAO24_00025,WP002,-55.087878,-57.667012,2023-11-13 11:15:32.584720,10107,279,0.825
ICAO24_00031,WP009,69.053744,93.717509,2023-11-12 20:10:32.584720,33357,429,0.311
ICAO24_00022,WP002,-55.087878,-57.667012,2023-11-12 20:07:32.584720,23196,550,0.258
ICAO24_00046,WP009,69.053744,93.717509,2023-11-13 19:07:32.584720,25353,585,0.77
ICAO24_00047,WP007,-57.826286,-139.50474,2023-11-13 01:09:32.584720,13256,243,0.782
ICAO24_00011,WP005,-69.270295,56.503761,2023-11-13 12:09:32.584720,34195,422,0.952
ICAO24_00000,WP003,21.930152,112.390543,2023-11-13 14:00:32.584720,39473,203,0.305
ICAO24_00020,WP007,-57.826286,-139.50474,2023-11-13 09:01:32.584720,26016,329,0.588
ICAO24_00012,WP004,-20.25543,-120.320141,2023-11-13 00:19:32.584720,24440,378,0.008
ICAO24_00006,WP009,69.053744,93.717509,2023-11-13 18:06:32.584720,29395,426,0.921
ICAO24_00040,WP001,-35.646962,143.047845,2023-11-12 07:03:32.584819,33369,478,0.922
ICAO24_00019,WP003,21.930152,112.390543,2023-11-11 23:53:32.584819,37577,220,0.532
ICAO24_00033,WP007,-57.826286,-139.50474,2023-11-12 11:37:32.584819,8138,490,0.209
ICAO24_00049,WP008,52.744615,-89.590645,2023-11-12 18:50:32.584819,31059,489,0.818
ICAO24_00019,WP008,52.744615,-89.590645,2023-11-12 17:55:32.584819,24505,523,0.629
ICAO24_00013,WP002,-55.087878,-57.667012,2023-11-11 21:21:32.584819,39054,449,0.947
ICAO24_00042,WP000,-84.632821,-38.478015,2023-11-12 18:12:32.584819,7748,393,0.31
ICAO24_00013,WP002,-55.087878,-57.667012,2023-11-10 20:55:32.584884,10490,459,0.94
ICAO24_00014,WP002,-55.087878,-57.667012,2023-11-11 08:02:32.584884,14566,370,0.003
ICAO24_00040,WP002,-55.087878,-57.667012,2023-11-11 18:04:32.584884,31700,321,0.427
ICAO24_00012,WP007,-57.826286,-139.50474,2023-11-11 02:16:32.584884,16415,359,0.448
ICAO24_00036,WP009,69.053744,93.717509,2023-11-11 03:50:32.584884,26330,347,0.061
ICAO24_00013,WP002,-55.087878,-57.667012,2023-11-11 08:54:32.584884,4620,225,0.569
ICAO24_00003,WP009,69.053744,93.717509,2023-11-10 22:03:32.584884,36503,583,0.516
ICAO24_00040,WP003,21.930152,112.390543,2023-11-10 08:00:32.584954,26513,226,0.438
ICAO24_00041,WP005,-69.270295,56.503761,2023-11-10 09:46:32.584954,6553,324,0.41
ICAO24_00048,WP001,-35.646962,143.047845,2023-11-10 08:49:32.584954,12000,372,0.769
ICAO24_00017,WP005,-69.270295,56.503761,2023-11-10 11:02:32.584954,14739,377,0.346
ICAO24_00001,WP007,-57.826286,-139.50474,2023-11-10 18:54:32.584954,36289,267,0.369
ICAO24_00026,WP001,-35.646962,143.047845,2023-11-10 14:03:32.584954,31039,492,0.307
ICAO24_00016,WP007,-57.826286,-139.50474,2023-11-10 03:49:32.584954,24362,298,0.988
ICAO24_00033,WP000,-84.632821,-38.478015,2023-11-09 08:17:32.585020,29773,309,0.446
ICAO24_00048,WP002,-55.087878,-57.667012,2023-11-08 23:39:32.585020,16109,372,0.556
ICAO24_00032,WP004,-20.25543,-120.320141,2023-11-08 23:00:32.585020,30243,396,0.605
ICAO24_00008,WP000,-84.632821,-38.478015,2023-11-09 14:42:32.585020,26211,317,0.59
ICAO24_00002,WP000,-84.632821,-38.478015,2023-11-08 22:45:32.585020,15777,550,0.922
ICAO24_00029,WP004,-20.25543,-120.320141,2023-11-09 04:41:32.585020,31759,251,0.399
ICAO24_00006,WP005,-69.270295,56.503761,2023-11-08 23:01:32.585020,13670,465,0.073
ICAO24_00028,WP002,-55.087878,-57.667012,2023-11-09 00:47:32.585020,9485,354,0.067
ICAO24_00043,WP006,59.415864,-177.561983,2023-11-08 11:12:32.585094,33350,408,0.127
ICAO24_00022,WP009,69.053744,93.717509,2023-11-08 01:53:32.585094,5034,311,0.624
ICAO24_00046,WP007,-57.826286,-139.50474,2023-11-07 23:19:32.585094,6023,544,0.527
ICAO24_00028,WP009,69.053744,93.717509,2023-11-08 03:00:32.585094,24965,311,0.043
ICAO24_00018,WP003,21.930152,112.390543,2023-11-08 07:04:32.585094,23119,296,0.115
ICAO24_00049,WP003,21.930152,112.390543,2023-11-08 08:54:32.585094,9744,420,0.04
ICAO24_00030,WP002,-55.087878,-57.667012,2023-11-08 14:43:32.585094,13814,407,0.639
ICAO24_00046,WP005,-69.270295,56.503761,2023-11-07 22:20:32.585094,6020,525,0.246
ICAO24_00035,WP005,-69.270295,56.503761,2023-11-07 22:06:32.585094,35028,562,0.281
ICAO24_00038,WP000,-84.632821,-38.478015,2023-11-08 06:49:32.585094,28634,246,0.246
ICAO24_00024,WP004,-20.25543,-120.320141,2023-11-08 10:10:32.585094,36975,203,0.394
ICAO24_00036,WP004,-20.25543,-120.320141,2023-11-08 03:37:32.585094,33274,310,0.011
ICAO24_00001,WP007,-57.826286,-139.50474,2023-11-08 17:23:32.585094,19125,579,0.54
ICAO24_00006,WP002,-55.087878,-57.667012,2023-11-08 19:12:32.585094,35148,394,0.445
ICAO24_00031,WP009,69.053744,93.717509,2023-11-08 02:17:32.585094,8530,540,0.175
ICAO24_00030,WP002,-55.087878,-57.667012,2023-11-08 14:24:32.585094,27491,355,0.302
ICAO24_00048,WP008,52.744615,-89.590645,2023-11-08 17:25:32.585094,17409,314,0.135
ICAO24_00011,WP007,-57.826286,-139.50474,2023-11-08 04:56:32.585094,15937,389,0.325
ICAO24_00049,WP007,-57.826286,-139.50474,2023-11-08 04:55:32.585094,26551,579,0.607
ICAO24_00015,WP007,-57.826286,-139.50474,2023-11-08 09:01:32.585094,34042,254,0.142
ICAO24_00011,WP000,-84.632821,-38.478015,2023-11-07 01:14:32.585266,19731,489,0.026
ICAO24_00047,WP007,-57.826286,-139.50474,2023-11-07 02:06:32.585266,8636,480,0.874
ICAO24_00014,WP003,21.930152,112.390543,2023-11-06 21:01:32.585266,23996,409,0.477
ICAO24_00031,WP007,-57.826286,-139.50474,2023-11-06 23:09:32.585266,24220,514,0.709
ICAO24_00006,WP005,-69.270295,56.503761,2023-11-07 18:31:32.585266,8406,235,0.751
ICAO24_00032,WP005,-69.270295,56.503761,2023-11-06 21:50:32.585266,34018,217,0.546
ICAO24_00019,WP008,52.744615,-89.590645,2023-11-07 06:12:32.585266,14951,450,0.071
ICAO24_00002,WP006,59.415864,-177.561983,2023-11-07 11:14:32.585266,24272,237,0.457
ICAO24_00045,WP002,-55.087878,-57.667012,2023-11-07 15:45:32.585266,16516,370,0.088
ICAO24_00043,WP008,52.744615,-89.590645,2023-11-07 18:57:32.585266,14970,348,0.514
ICAO24_00036,WP001,-35.646962,143.047845,2023-11-07 19:07:32.585266,6886,420,0.086
ICAO24_00005,WP004,-20.25543,-120.320141,2023-11-07 08:48:32.585266,28721,282,0.463
ICAO24_00031,WP000,-84.632821,-38.478015,2023-11-07 09:30:32.585266,22142,327,0.885
ICAO24_00020,WP000,-84.632821,-38.478015,2023-11-07 07:00:32.585266,25000,431,0.365
ICAO24_00030,WP004,-20.25543,-120.320141,2023-11-07 05:56:32.585266,32530,341,0.365
ICAO24_00018,WP003,21.930152,112.390543,2023-11-07 15:33:32.585266,13531,568,0.33
ICAO24_00033,WP000,-84.632821,-38.478015,2023-11-07 01:14:32.585266,3219,395,0.827
ICAO24_00014,WP004,-20.25543,-120.320141,2023-11-07 16:16:32.585266,27376,593,0.893
ICAO24_00028,WP005,-69.270295,56.503761,2023-11-06 00:22:32.585423,22402,545,0.982
ICAO24_00016,WP000,-84.632821,-38.478015,2023-11-06 00:56:32.585423,4467,576,0.501
ICAO24_00019,WP005,-69.270295,56.503761,2023-11-06 15:11:32.585423,34015,265,0.226
ICAO24_00042,WP003,21.930152,112.390543,2023-11-05 23:13:32.585423,35504,281,0.682
ICAO24_00011,WP000,-84.632821,-38.478015,2023-11-06 07:02:32.585423,33142,313,0.887
ICAO24_00028,WP008,52.744615,-89.590645,2023-11-05 23:19:32.585423,29917,350,0.061
ICAO24_00040,WP008,52.744615,-89.590645,2023-11-06 11:35:32.585423,38691,438,0.864
ICAO24_00011,WP005,-69.270295,56.503761,2023-11-06 05:11:32.585423,37960,349,0.275
ICAO24_00043,WP009,69.053744,93.717509,2023-11-06 11:38:32.585423,36842,364,0.95
ICAO24_00040,WP003,21.930152,112.390543,2023-11-06 09:18:32.585423,3585,355,0.97
ICAO24_00028,WP007,-57.826286,-139.50474,2023-11-06 19:21:32.585423,8711,339,0.56
ICAO24_00049,WP006,59.415864,-177.561983,2023-11-06 04:12:32.585423,32345,351,0.66
ICAO24_00017,WP006,59.415864,-177.561983,2023-11-05 20:35:32.585423,13606,536,0.349
ICAO24_00023,WP003,21.930152,112.390543,2023-11-05 20:56:32.585423,3940,536,0.226
ICAO24_00002,WP006,59.415864,-177.561983,2023-11-06 02:43:32.585423,20902,488,0.299
ICAO24_00001,WP000,-84.632821,-38.478015,2023-11-05 22:21:32.585423,9295,509,0.605
ICAO24_00001,WP003,21.930152,112.390543,2023-11-05 07:12:32.585552,31895,478,0.771
ICAO24_00005,WP009,69.053744,93.717509,2023-11-05 00:41:32.585552,5177,281,0.335
ICAO24_00047,WP008,52.744615,-89.590645,2023-11-04 22:43:32.585552,30309,311,0.696
ICAO24_00019,WP002,-55.087878,-57.667012,2023-11-05 11:48:32.585552,35249,409,0.478
ICAO24_00005,WP001,-35.646962,143.047845,2023-11-05 01:29:32.585552,30768,506,0.044
ICAO24_00043,WP004,-20.25543,-120.320141,2023-11-04 20:32:32.585552,34142,493,0.556
ICAO24_00035,WP004,-20.25543,-120.320141,2023-11-04 21:33:32.585552,35469,264,0.013
ICAO24_00016,WP008,52.744615,-89.590645,2023-11-05 06:20:32.585552,19038,304,0.056
ICAO24_00029,WP007,-57.826286,-139.50474,2023-11-05 17:56:32.585552,20906,203,0.072
ICAO24_00045,WP007,-57.826286,-139.50474,2023-11-05 14:16:32.585552,10335,454,0.94
ICAO24_00004,WP008,52.744615,-89.590645,2023-11-04 19:41:32.585622,24607,437,0.574
ICAO24_00011,WP008,52.744615,-89.590645,2023-11-04 19:46:32.585622,33607,260,0.439
ICAO24_00042,WP002,-55.087878,-57.667012,2023-11-04 19:27:32.585622,39347,207,0.214
ICAO24_00035,WP008,52.744615,-89.590645,2023-11-04 03:49:32.585622,24560,330,0.765
ICAO24_00018,WP009,69.053744,93.717509,2023-11-04 09:29:32.585622,24278,516,0.304
ICAO24_00021,WP003,21.930152,112.390543,2023-11-04 16:09:32.585622,28191,481,0.039
ICAO24_00005,WP000,-84.632821,-38.478015,2023-11-04 01:00:32.585622,6032,375,0.446
ICAO24_00031,WP006,59.415864,-177.561983,2023-11-04 01:42:32.585622,17821,270,0.338
ICAO24_00001,WP002,-55.087878,-57.667012,2023-11-04 08:21:32.585622,22647,591,0.31
ICAO24_00042,WP008,52.744615,-89.590645,2023-11-04 06:00:32.585622,35314,508,0.35
ICAO24_00036,WP005,-69.270295,56.503761,2023-11-04 16:46:32.585622,30999,551,0.375
ICAO24_00030,WP007,-57.826286,-139.50474,2023-11-04 11:26:32.585622,20839,284,0.14
ICAO24_00047,WP006,59.415864,-177.561983,2023-11-04 14:16:32.585622,30274,382,0.788
ICAO24_00040,WP002,-55.087878,-57.667012,2023-11-04 06:47:32.585622,10989,204,0.185
