aircraft_id,waypoint,latitude,longitude,timestamp,altitude,speed,distance_to_waypoint
ICAO24_00047,HYD,17.385,78.4867,2024-11-02 15:13:40.216759,36096,582,0.787
ICAO24_00042,VGA,16.5186,80.6527,2024-11-02 14:43:40.216759,29092,380,0.682
ICAO24_00019,WP008,16.711133,80.171367,2024-11-01 23:28:40.216759,37332,496,0.056
ICAO24_00043,HYD,17.385,78.4867,2024-11-02 06:50:40.216759,20414,486,0.396
ICAO24_00047,VGA,16.5186,80.6527,2024-11-02 04:45:40.216759,18214,485,0.532
ICAO24_00009,WP007,16.8074,79.9307,2024-11-02 15:04:40.216759,36020,479,0.348
ICAO24_00043,WP003,17.192467,78.968033,2024-11-02 08:59:40.216759,31980,295,0.897
ICAO24_00029,WP003,17.192467,78.968033,2024-11-02 16:37:40.216759,29888,207,0.706
ICAO24_00042,HYD,17.385,78.4867,2024-11-02 06:04:40.216759,38805,526,0.69
ICAO24_00035,WP009,16.614867,80.412033,2024-11-02 11:42:40.216759,23433,311,0.63
ICAO24_00032,WP008,16.711133,80.171367,2024-11-01 01:03:40.216871,24645,356,0.089
ICAO24_00039,WP008,16.711133,80.171367,2024-11-01 02:56:40.216871,19832,559,0.476
ICAO24_00010,HYD,17.385,78.4867,2024-10-31 21:57:40.216871,29096,370,0.048
ICAO24_00000,WP008,16.711133,80.171367,2024-10-31 21:36:40.216871,31149,463,0.825
ICAO24_00004,WP007,16.8074,79.9307,2024-11-01 12:06:40.216871,25968,440,0.206
ICAO24_00003,WP006,16.903667,79.690033,2024-10-31 11:51:40.216912,31533,596,0.257
ICAO24_00019,WP008,16.711133,80.171367,2024-10-31 18:39:40.216912,18950,376,0.287
ICAO24_00007,WP004,17.0962,79.2087,2024-10-31 09:15:40.216912,37297,468,0.083
ICAO24_00044,WP003,17.192467,78.968033,2024-10-31 08:47:40.216912,19896,521,0.997
ICAO24_00024,WP002,17.288733,78.727367,2024-10-31 07:25:40.216912,24967,355,0.918
ICAO24_00047,WP006,16.903667,79.690033,2024-10-31 05:23:40.216912,36058,416,0.385
ICAO24_00036,HYD,17.385,78.4867,2024-10-31 12:40:40.216912,31075,336,0.579
ICAO24_00027,VGA,16.5186,80.6527,2024-10-30 22:39:40.216912,19678,550,0.036
ICAO24_00047,WP008,16.711133,80.171367,2024-10-31 00:29:40.216912,33251,342,0.765
ICAO24_00029,WP005,16.999933,79.449367,2024-10-31 00:35:40.216912,24243,379,0.753
ICAO24_00021,WP008,16.711133,80.171367,2024-10-30 21:02:40.216912,36100,201,0.129
ICAO24_00012,WP002,17.288733,78.727367,2024-10-30 22:34:40.216912,32722,236,0.49
ICAO24_00012,WP005,16.999933,79.449367,2024-10-30 19:02:40.217025,27477,240,0.195
ICAO24_00019,WP002,17.288733,78.727367,2024-10-30 18:58:40.217025,25196,382,0.551
ICAO24_00044,WP006,16.903667,79.690033,2024-10-30 19:44:40.217025,31485,497,0.989
ICAO24_00031,WP004,17.0962,79.2087,2024-10-30 09:47:40.217025,24117,341,0.031
ICAO24_00047,VGA,16.5186,80.6527,2024-10-30 13:05:40.217025,30150,418,0.245
ICAO24_00038,WP006,16.903667,79.690033,2024-10-30 19:05:40.217025,34997,414,0.737
ICAO24_00017,WP005,16.999933,79.449367,2024-10-30 12:14:40.217025,16985,349,0.933
ICAO24_00000,VGA,16.5186,80.6527,2024-10-30 01:06:40.217025,37873,560,0.026
ICAO24_00001,WP007,16.8074,79.9307,2024-10-30 19:24:40.217025,17608,242,0.324
ICAO24_00037,WP009,16.614867,80.412033,2024-10-30 07:33:40.217025,19673,342,0.754
ICAO24_00010,WP005,16.999933,79.449367,2024-10-30 13:36:40.217025,25311,484,0.543
ICAO24_00014,WP002,17.288733,78.727367,2024-10-30 01:25:40.217025,15393,237,0.381
ICAO24_00039,WP007,16.8074,79.9307,2024-10-30 19:32:40.217025,24804,472,0.646
ICAO24_00022,VGA,16.5186,80.6527,2024-10-29 04:43:40.217182,16974,387,0.429
ICAO24_00045,WP006,16.903667,79.690033,2024-10-29 11:25:40.217182,38590,291,0.837
ICAO24_00022,WP004,17.0962,79.2087,2024-10-29 09:22:40.217182,29699,285,0.779
ICAO24_00014,WP003,17.192467,78.968033,2024-10-29 03:18:40.217182,36422,427,0.375
ICAO24_00021,WP003,17.192467,78.968033,2024-10-29 12:26:40.217182,30430,260,0.17
ICAO24_00043,WP009,16.614867,80.412033,2024-10-29 19:36:40.217182,32728,294,0.05
ICAO24_00023,WP009,16.614867,80.412033,2024-10-29 02:49:40.217182,29292,494,0.91
ICAO24_00042,WP003,17.192467,78.968033,2024-10-28 20:14:40.217182,31248,484,0.913
ICAO24_00000,WP004,17.0962,79.2087,2024-10-28 21:59:40.217182,15868,471,0.438
ICAO24_00033,WP006,16.903667,79.690033,2024-10-29 16:45:40.217182,24736,538,0.626
ICAO24_00048,HYD,17.385,78.4867,2024-10-29 03:53:40.217182,31745,538,0.52
ICAO24_00031,WP004,17.0962,79.2087,2024-10-27 22:26:40.217317,22813,215,0.445
ICAO24_00043,VGA,16.5186,80.6527,2024-10-28 17:33:40.217317,15790,348,0.222
ICAO24_00043,WP005,16.999933,79.449367,2024-10-27 21:36:40.217317,24945,483,0.019
ICAO24_00034,WP004,17.0962,79.2087,2024-10-27 20:46:40.217317,27324,282,0.027
ICAO24_00022,WP005,16.999933,79.449367,2024-10-28 01:22:40.217317,21575,394,0.382
ICAO24_00011,WP007,16.8074,79.9307,2024-10-28 19:01:40.217317,38575,524,0.938
ICAO24_00024,WP007,16.8074,79.9307,2024-10-27 20:23:40.217317,21967,325,0.77
ICAO24_00033,WP006,16.903667,79.690033,2024-10-27 12:02:40.217408,25531,239,0.648
ICAO24_00011,WP005,16.999933,79.449367,2024-10-27 01:28:40.217408,18003,328,0.781
ICAO24_00025,WP007,16.8074,79.9307,2024-10-27 01:33:40.217408,29860,310,0.946
ICAO24_00012,WP007,16.8074,79.9307,2024-10-27 11:14:40.217408,28290,256,0.828
ICAO24_00039,WP009,16.614867,80.412033,2024-10-27 04:10:40.217408,22734,258,0.533
ICAO24_00047,WP007,16.8074,79.9307,2024-10-27 04:24:40.217408,26510,498,0.821
ICAO24_00033,VGA,16.5186,80.6527,2024-10-27 05:31:40.217408,27086,253,0.543
ICAO24_00035,WP002,17.288733,78.727367,2024-10-27 19:16:40.217408,24991,445,0.725
ICAO24_00045,WP004,17.0962,79.2087,2024-10-26 17:08:40.217512,22398,561,0.357
ICAO24_00008,WP004,17.0962,79.2087,2024-10-26 00:31:40.217512,33256,382,0.568
ICAO24_00039,WP008,16.711133,80.171367,2024-10-26 01:19:40.217512,25025,336,0.272
ICAO24_00003,WP002,17.288733,78.727367,2024-10-26 10:26:40.217512,18106,230,0.592
ICAO24_00007,WP004,17.0962,79.2087,2024-10-26 13:51:40.217512,19226,273,0.655
ICAO24_00008,WP005,16.999933,79.449367,2024-10-26 16:12:40.217512,35450,258,0.869
ICAO24_00011,WP008,16.711133,80.171367,2024-10-26 08:02:40.217512,23017,350,0.387
ICAO24_00041,WP004,17.0962,79.2087,2024-10-26 01:30:40.217512,15236,385,0.832
ICAO24_00010,WP007,16.8074,79.9307,2024-10-26 19:02:40.217512,35288,531,0.943
ICAO24_00032,WP005,16.999933,79.449367,2024-10-26 03:09:40.217512,21271,473,0.424
ICAO24_00012,WP002,17.288733,78.727367,2024-10-26 01:20:40.217512,15880,519,0.972
ICAO24_00017,WP006,16.903667,79.690033,2024-10-26 09:00:40.217512,17119,480,0.466
ICAO24_00027,WP003,17.192467,78.968033,2024-10-26 05:33:40.217512,18333,371,0.562
ICAO24_00024,WP006,16.903667,79.690033,2024-10-26 07:01:40.217512,17458,212,0.665
ICAO24_00005,WP006,16.903667,79.690033,2024-10-25 17:43:40.217696,24854,556,0.947
ICAO24_00000,WP004,17.0962,79.2087,2024-10-25 15:06:40.217696,30808,499,0.086
ICAO24_00041,WP006,16.903667,79.690033,2024-10-24 22:20:40.217696,35555,263,0.771
ICAO24_00026,VGA,16.5186,80.6527,2024-10-25 01:39:40.217696,37407,464,0.189
ICAO24_00009,WP004,17.0962,79.2087,2024-10-24 20:59:40.217696,26094,515,0.824
ICAO24_00026,WP005,16.999933,79.449367,2024-10-25 15:12:40.217696,39259,330,0.53
ICAO24_00009,HYD,17.385,78.4867,2024-10-25 12:44:40.217696,18440,244,0.441
ICAO24_00041,WP005,16.999933,79.449367,2024-10-24 22:56:40.217696,19281,390,0.672
ICAO24_00017,HYD,17.385,78.4867,2024-10-25 01:27:40.217696,37210,365,0.712
ICAO24_00001,WP009,16.614867,80.412033,2024-10-25 13:41:40.217696,17962,306,0.106
ICAO24_00020,WP007,16.8074,79.9307,2024-10-24 20:35:40.217696,23065,258,0.227
ICAO24_00034,WP007,16.8074,79.9307,2024-10-25 19:17:40.217696,18784,205,0.268
ICAO24_00036,WP004,17.0962,79.2087,2024-10-25 17:29:40.217696,28769,509,0.877
ICAO24_00022,WP007,16.8074,79.9307,2024-10-25 16:37:40.217696,35222,593,0.859
ICAO24_00004,WP006,16.903667,79.690033,2024-10-24 18:04:40.218148,39560,390,0.239
ICAO24_00016,WP007,16.8074,79.9307,2024-10-24 14:40:40.218148,17597,222,0.749
ICAO24_00025,WP002,17.288733,78.727367,2024-10-24 05:12:40.218148,29370,324,0.86
ICAO24_00001,WP006,16.903667,79.690033,2024-10-24 06:03:40.218148,33901,388,0.422
ICAO24_00043,HYD,17.385,78.4867,2024-10-24 06:32:40.218148,23957,542,0.415
ICAO24_00009,WP007,16.8074,79.9307,2024-10-24 16:16:40.218148,25644,572,0.679
ICAO24_00024,WP006,16.903667,79.690033,2024-10-24 00:01:40.218148,16342,296,0.412
ICAO24_00024,WP009,16.614867,80.412033,2024-10-24 12:15:40.218148,38968,484,0.541
ICAO24_00043,WP007,16.8074,79.9307,2024-10-23 22:15:40.218148,31668,571,0.213
ICAO24_00032,WP008,16.711133,80.171367,2024-10-22 23:15:40.218270,31167,351,0.837
ICAO24_00033,HYD,17.385,78.4867,2024-10-23 19:12:40.218270,20617,552,0.957
ICAO24_00035,WP002,17.288733,78.727367,2024-10-22 23:33:40.218270,25078,242,0.039
ICAO24_00029,WP005,16.999933,79.449367,2024-10-23 02:23:40.218270,32190,571,0.242
ICAO24_00019,WP005,16.999933,79.449367,2024-10-23 02:18:40.218270,33109,399,0.301
ICAO24_00013,WP003,17.192467,78.968033,2024-10-23 07:30:40.218270,29929,540,0.083
ICAO24_00040,HYD,17.385,78.4867,2024-10-23 02:42:40.218270,16120,365,0.057
ICAO24_00017,HYD,17.385,78.4867,2024-10-23 16:57:40.218270,27291,577,0.02
ICAO24_00002,WP009,16.614867,80.412033,2024-10-22 23:15:40.218270,17566,560,0.693
ICAO24_00007,WP002,17.288733,78.727367,2024-10-23 17:09:40.218270,39567,457,0.383
ICAO24_00037,WP007,16.8074,79.9307,2024-10-23 16:12:40.218270,38668,537,0.218
ICAO24_00040,WP002,17.288733,78.727367,2024-10-23 14:29:40.218270,15347,589,0.53
ICAO24_00010,WP009,16.614867,80.412033,2024-10-23 19:42:40.218270,22719,451,0.058
ICAO24_00021,WP004,17.0962,79.2087,2024-10-23 14:52:40.218270,28363,382,0.021
ICAO24_00038,WP009,16.614867,80.412033,2024-10-23 16:33:40.218270,27063,443,0.918
ICAO24_00036,WP004,17.0962,79.2087,2024-10-22 08:19:40.218461,22449,574,0.066
ICAO24_00018,WP009,16.614867,80.412033,2024-10-21 23:17:40.218461,18209,459,0.939
ICAO24_00022,WP005,16.999933,79.449367,2024-10-22 07:33:40.218461,24570,490,0.822
ICAO24_00045,WP004,17.0962,79.2087,2024-10-22 02:53:40.218461,32584,587,0.692
ICAO24_00002,WP003,17.192467,78.968033,2024-10-22 03:33:40.218461,24333,268,0.602
ICAO24_00033,WP003,17.192467,78.968033,2024-10-21 20:29:40.218461,17723,324,0.816
ICAO24_00036,WP004,17.0962,79.2087,2024-10-22 19:09:40.218461,37248,251,0.73
ICAO24_00042,WP005,16.999933,79.449367,2024-10-22 18:32:40.218461,28810,553,0.19
ICAO24_00009,WP002,17.288733,78.727367,2024-10-20 20:41:40.218565,29287,336,0.5
ICAO24_00016,WP003,17.192467,78.968033,2024-10-21 13:15:40.218565,30278,379,0.722
ICAO24_00031,HYD,17.385,78.4867,2024-10-21 03:43:40.218565,16567,466,0.929
ICAO24_00003,WP009,16.614867,80.412033,2024-10-21 04:24:40.218565,31473,439,0.036
ICAO24_00025,WP009,16.614867,80.412033,2024-10-20 22:03:40.218565,25372,489,0.788
ICAO24_00038,WP005,16.999933,79.449367,2024-10-21 14:30:40.218565,34433,517,0.495
ICAO24_00019,WP007,16.8074,79.9307,2024-10-21 09:24:40.218565,24428,339,0.742
ICAO24_00011,HYD,17.385,78.4867,2024-10-21 06:36:40.218565,15606,288,0.523
ICAO24_00040,WP005,16.999933,79.449367,2024-10-21 17:57:40.218565,38344,337,0.201
ICAO24_00023,WP007,16.8074,79.9307,2024-10-20 21:13:40.218565,28011,262,0.007
ICAO24_00015,WP003,17.192467,78.968033,2024-10-21 03:10:40.218565,37649,212,0.576
ICAO24_00032,WP005,16.999933,79.449367,2024-10-20 23:08:40.218565,39283,599,0.35
ICAO24_00006,WP008,16.711133,80.171367,2024-10-20 11:14:40.218700,20694,398,0.832
ICAO24_00025,WP002,17.288733,78.727367,2024-10-20 15:40:40.218700,35620,432,0.727
ICAO24_00011,WP008,16.711133,80.171367,2024-10-20 18:18:40.218700,20957,303,0.122
ICAO24_00038,WP007,16.8074,79.9307,2024-10-20 14:38:40.218700,18461,477,0.093
ICAO24_00046,VGA,16.5186,80.6527,2024-10-20 08:40:40.218700,18155,590,0.754
ICAO24_00031,HYD,17.385,78.4867,2024-10-20 18:39:40.218700,34894,384,0.652
ICAO24_00004,WP004,17.0962,79.2087,2024-10-19 18:22:40.218774,22588,462,0.019
ICAO24_00048,WP007,16.8074,79.9307,2024-10-19 05:03:40.218774,17130,372,0.578
ICAO24_00017,WP004,17.0962,79.2087,2024-10-19 07:03:40.218774,31829,304,0.375
ICAO24_00032,VGA,16.5186,80.6527,2024-10-19 03:41:40.218774,39007,509,0.71
ICAO24_00017,WP002,17.288733,78.727367,2024-10-19 02:13:40.218774,26418,229,0.061
ICAO24_00034,WP005,16.999933,79.449367,2024-10-19 02:11:40.218774,16855,250,0.294
ICAO24_00039,WP006,16.903667,79.690033,2024-10-18 22:03:40.218774,29691,347,0.305
ICAO24_00046,HYD,17.385,78.4867,2024-10-19 00:45:40.218774,37051,412,0.991
ICAO24_00017,WP007,16.8074,79.9307,2024-10-19 09:02:40.218774,21772,506,0.716
ICAO24_00044,WP009,16.614867,80.412033,2024-10-19 00:47:40.218774,25852,482,0.327
ICAO24_00022,WP006,16.903667,79.690033,2024-10-18 17:27:40.218849,32201,550,0.453
ICAO24_00007,WP007,16.8074,79.9307,2024-10-18 19:03:40.218849,23370,261,0.26
ICAO24_00049,VGA,16.5186,80.6527,2024-10-18 16:48:40.218849,27796,532,0.172
ICAO24_00008,VGA,16.5186,80.6527,2024-10-18 04:25:40.218849,28524,307,0.019
ICAO24_00038,WP009,16.614867,80.412033,2024-10-18 14:23:40.218849,39941,286,0.652
ICAO24_00000,WP004,17.0962,79.2087,2024-10-18 14:52:40.218849,35014,333,0.129
ICAO24_00017,WP006,16.903667,79.690033,2024-10-18 05:50:40.218849,22538,516,0.19
ICAO24_00023,WP008,16.711133,80.171367,2024-10-17 21:14:40.218849,30033,242,0.235
ICAO24_00029,WP004,17.0962,79.2087,2024-10-18 06:10:40.218849,36355,302,0.874
ICAO24_00023,WP002,17.288733,78.727367,2024-10-18 04:24:40.218849,34526,245,0.023
ICAO24_00042,HYD,17.385,78.4867,2024-10-17 14:50:40.218920,32098,214,0.92
ICAO24_00042,WP006,16.903667,79.690033,2024-10-17 18:10:40.218920,17686,513,0.384
ICAO24_00014,WP006,16.903667,79.690033,2024-10-16 23:57:40.218920,18441,288,0.464
ICAO24_00020,WP009,16.614867,80.412033,2024-10-17 16:57:40.218920,26541,523,0.983
ICAO24_00033,HYD,17.385,78.4867,2024-10-17 09:11:40.218920,30158,357,0.869
ICAO24_00033,WP008,16.711133,80.171367,2024-10-17 16:15:40.218920,32873,583,0.576
ICAO24_00005,WP004,17.0962,79.2087,2024-10-17 00:42:40.218920,15002,366,0.904
ICAO24_00030,WP006,16.903667,79.690033,2024-10-17 17:20:40.218920,22474,496,0.203
ICAO24_00010,WP006,16.903667,79.690033,2024-10-16 20:59:40.218920,39224,339,0.764
ICAO24_00045,WP008,16.711133,80.171367,2024-10-17 09:34:40.218920,33715,516,0.843
ICAO24_00035,WP006,16.903667,79.690033,2024-10-17 08:18:40.218920,31525,519,0.356
ICAO24_00029,WP002,17.288733,78.727367,2024-10-17 08:08:40.218920,28859,273,0.321
ICAO24_00006,WP005,16.999933,79.449367,2024-10-16 13:05:40.219236,35606,287,0.296
ICAO24_00049,WP002,17.288733,78.727367,2024-10-16 15:37:40.219236,25559,267,0.446
ICAO24_00019,HYD,17.385,78.4867,2024-10-16 13:45:40.219236,25337,356,0.253
ICAO24_00007,WP006,16.903667,79.690033,2024-10-16 00:01:40.219236,22740,438,0.809
ICAO24_00046,HYD,17.385,78.4867,2024-10-16 01:53:40.219236,38214,557,0.645
ICAO24_00040,VGA,16.5186,80.6527,2024-10-15 20:16:40.219236,30622,551,0.323
ICAO24_00032,WP005,16.999933,79.449367,2024-10-16 08:41:40.219236,22879,233,0.87
ICAO24_00045,WP007,16.8074,79.9307,2024-10-16 05:47:40.219236,22250,270,0.383
ICAO24_00012,WP009,16.614867,80.412033,2024-10-16 17:20:40.219236,23393,411,0.001
ICAO24_00020,WP009,16.614867,80.412033,2024-10-15 08:05:40.219358,30400,405,0.952
ICAO24_00010,HYD,17.385,78.4867,2024-10-15 09:36:40.219358,37955,317,0.027
ICAO24_00037,WP009,16.614867,80.412033,2024-10-15 12:38:40.219358,29672,453,0.358
ICAO24_00033,HYD,17.385,78.4867,2024-10-15 08:25:40.219358,24889,362,0.844
ICAO24_00043,WP002,17.288733,78.727367,2024-10-15 13:54:40.219358,24362,392,0.206
ICAO24_00036,WP009,16.614867,80.412033,2024-10-15 16:19:40.219358,25608,539,0.576
ICAO24_00026,WP008,16.711133,80.171367,2024-10-15 07:16:40.219358,20295,249,0.487
ICAO24_00026,WP005,16.999933,79.449367,2024-10-15 17:28:40.219358,29442,263,0.361
ICAO24_00004,HYD,17.385,78.4867,2024-10-15 05:12:40.219358,17781,581,0.345
ICAO24_00007,WP008,16.711133,80.171367,2024-10-13 20:13:40.219463,33366,332,0.274
ICAO24_00000,WP002,17.288733,78.727367,2024-10-13 23:52:40.219463,16748,562,0.357
ICAO24_00027,WP004,17.0962,79.2087,2024-10-14 02:11:40.219463,35239,326,0.714
ICAO24_00036,WP008,16.711133,80.171367,2024-10-14 03:38:40.219463,37741,328,0.398
ICAO24_00009,HYD,17.385,78.4867,2024-10-14 01:55:40.219463,32620,393,0.171
ICAO24_00041,WP007,16.8074,79.9307,2024-10-14 17:53:40.219463,23248,521,0.194
ICAO24_00018,WP004,17.0962,79.2087,2024-10-14 15:14:40.219463,39708,390,0.812
ICAO24_00011,WP004,17.0962,79.2087,2024-10-14 02:43:40.219463,23305,516,0.002
ICAO24_00030,WP008,16.711133,80.171367,2024-10-14 08:19:40.219463,37192,315,0.665
ICAO24_00027,HYD,17.385,78.4867,2024-10-14 00:40:40.219463,34807,305,0.414
ICAO24_00036,WP006,16.903667,79.690033,2024-10-14 16:35:40.219463,24826,597,0.923
ICAO24_00025,WP004,17.0962,79.2087,2024-10-14 15:06:40.219463,23402,217,0.375
ICAO24_00043,WP008,16.711133,80.171367,2024-10-13 09:26:40.219613,24438,477,0.005
ICAO24_00008,WP007,16.8074,79.9307,2024-10-12 21:51:40.219613,16853,277,0.755
ICAO24_00047,WP007,16.8074,79.9307,2024-10-13 04:29:40.219613,35124,274,0.984
ICAO24_00026,WP008,16.711133,80.171367,2024-10-13 13:03:40.219613,21657,425,0.341
ICAO24_00002,WP009,16.614867,80.412033,2024-10-13 02:34:40.219613,17609,405,0.099
ICAO24_00008,WP002,17.288733,78.727367,2024-10-13 13:57:40.219613,17193,513,0.423
ICAO24_00045,HYD,17.385,78.4867,2024-10-13 11:22:40.219613,18547,332,0.721
ICAO24_00016,WP009,16.614867,80.412033,2024-10-12 23:56:40.219613,23658,531,0.727
ICAO24_00017,WP003,17.192467,78.968033,2024-10-13 16:16:40.219613,33766,400,0.111
ICAO24_00043,WP004,17.0962,79.2087,2024-10-13 14:54:40.219613,15127,585,0.922
ICAO24_00024,WP004,17.0962,79.2087,2024-10-13 10:36:40.219613,36100,379,0.76
ICAO24_00032,WP002,17.288733,78.727367,2024-10-12 17:58:40.219746,16101,456,0.53
ICAO24_00049,HYD,17.385,78.4867,2024-10-12 05:42:40.219746,34167,209,0.404
ICAO24_00019,WP006,16.903667,79.690033,2024-10-12 16:54:40.219746,37362,322,0.479
ICAO24_00022,WP008,16.711133,80.171367,2024-10-12 03:13:40.219746,35468,284,0.257
ICAO24_00025,WP006,16.903667,79.690033,2024-10-12 18:52:40.219746,18556,587,0.685
ICAO24_00006,WP009,16.614867,80.412033,2024-10-11 09:27:40.219809,15474,576,0.691
ICAO24_00027,HYD,17.385,78.4867,2024-10-11 01:16:40.219809,39324,600,0.416
ICAO24_00003,WP004,17.0962,79.2087,2024-10-11 03:14:40.219809,32945,327,0.083
ICAO24_00022,WP007,16.8074,79.9307,2024-10-10 21:40:40.219809,36003,546,0.213
ICAO24_00016,WP005,16.999933,79.449367,2024-10-11 17:23:40.219809,19345,287,0.856
ICAO24_00009,WP003,17.192467,78.968033,2024-10-11 17:50:40.219809,33943,588,0.969
ICAO24_00047,WP006,16.903667,79.690033,2024-10-10 23:33:40.219809,17170,333,0.766
ICAO24_00021,HYD,17.385,78.4867,2024-10-11 06:05:40.219809,35557,321,0.519
ICAO24_00027,HYD,17.385,78.4867,2024-10-11 01:48:40.219809,15835,524,0.948
ICAO24_00040,WP002,17.288733,78.727367,2024-10-11 11:20:40.219809,21788,497,0.205
ICAO24_00026,WP002,17.288733,78.727367,2024-10-10 20:29:40.219809,34649,241,0.818
ICAO24_00015,WP002,17.288733,78.727367,2024-10-10 13:43:40.219943,29977,225,0.734
ICAO24_00013,WP007,16.8074,79.9307,2024-10-09 23:14:40.219943,15793,378,0.416
ICAO24_00023,WP003,17.192467,78.968033,2024-10-10 03:45:40.219943,32702,309,0.82
ICAO24_00019,WP009,16.614867,80.412033,2024-10-09 21:38:40.219943,26678,545,0.823
ICAO24_00029,WP006,16.903667,79.690033,2024-10-10 18:58:40.219943,32282,498,0.683
ICAO24_00019,WP008,16.711133,80.171367,2024-10-10 11:29:40.219943,22368,459,0.378
ICAO24_00046,WP009,16.614867,80.412033,2024-10-10 02:55:40.219943,34688,358,0.871
ICAO24_00038,VGA,16.5186,80.6527,2024-10-09 22:32:40.219943,20169,436,0.723
ICAO24_00019,WP002,17.288733,78.727367,2024-10-10 14:23:40.219943,28790,526,0.871
ICAO24_00004,VGA,16.5186,80.6527,2024-10-10 15:17:40.219943,20893,293,0.195
ICAO24_00042,WP003,17.192467,78.968033,2024-10-10 01:50:40.219943,37623,461,0.291
ICAO24_00035,VGA,16.5186,80.6527,2024-10-10 10:09:40.219943,37120,579,0.671
ICAO24_00019,WP004,17.0962,79.2087,2024-10-10 04:03:40.219943,28263,255,0.348
ICAO24_00021,WP006,16.903667,79.690033,2024-10-10 08:11:40.219943,25995,541,0.924
ICAO24_00004,HYD,17.385,78.4867,2024-10-10 17:01:40.219943,35377,331,0.523
ICAO24_00014,WP009,16.614867,80.412033,2024-10-09 19:06:40.220118,35325,556,0.234
ICAO24_00003,WP004,17.0962,79.2087,2024-10-09 17:58:40.220118,32063,446,0.803
ICAO24_00022,WP009,16.614867,80.412033,2024-10-09 12:02:40.220118,17431,590,0.088
ICAO24_00042,WP003,17.192467,78.968033,2024-10-09 00:27:40.220118,20291,351,0.079
ICAO24_00006,WP007,16.8074,79.9307,2024-10-09 14:53:40.220118,25563,356,0.211
ICAO24_00014,WP009,16.614867,80.412033,2024-10-09 10:13:40.220118,16343,416,0.373
ICAO24_00012,VGA,16.5186,80.6527,2024-10-08 21:39:40.220118,38520,231,0.216
ICAO24_00040,WP007,16.8074,79.9307,2024-10-09 18:50:40.220118,15475,237,0.244
ICAO24_00041,WP009,16.614867,80.412033,2024-10-08 23:01:40.220118,18813,489,0.465
ICAO24_00032,WP003,17.192467,78.968033,2024-10-09 17:44:40.220118,24048,484,0.428
ICAO24_00025,WP009,16.614867,80.412033,2024-10-08 20:38:40.220118,36879,469,0.23
ICAO24_00043,WP004,17.0962,79.2087,2024-10-09 16:40:40.220118,17507,253,0.542
ICAO24_00033,WP007,16.8074,79.9307,2024-10-09 12:10:40.220118,23284,392,0.944
ICAO24_00041,HYD,17.385,78.4867,2024-10-09 00:53:40.220118,38059,291,0.053
ICAO24_00005,WP006,16.903667,79.690033,2024-10-08 16:53:40.220283,35776,411,0.977
ICAO24_00025,HYD,17.385,78.4867,2024-10-08 08:06:40.220283,28931,410,0.602
ICAO24_00042,VGA,16.5186,80.6527,2024-10-08 19:08:40.220283,39948,395,0.273
ICAO24_00012,WP003,17.192467,78.968033,2024-10-08 10:00:40.220283,30043,314,0.219
ICAO24_00007,WP005,16.999933,79.449367,2024-10-08 12:29:40.220283,17462,219,0.284
ICAO24_00010,WP009,16.614867,80.412033,2024-10-08 00:41:40.220283,17978,324,0.564
ICAO24_00033,WP003,17.192467,78.968033,2024-10-06 21:58:40.220341,35823,287,0.564
ICAO24_00013,WP007,16.8074,79.9307,2024-10-07 15:09:40.220341,31617,333,0.93
ICAO24_00035,WP007,16.8074,79.9307,2024-10-06 23:25:40.220341,34037,414,0.506
ICAO24_00003,VGA,16.5186,80.6527,2024-10-07 07:00:40.220341,37943,417,0.112
ICAO24_00018,HYD,17.385,78.4867,2024-10-07 08:03:40.220341,33245,422,0.904
ICAO24_00045,WP008,16.711133,80.171367,2024-10-06 00:49:40.220379,23657,390,0.504
ICAO24_00048,WP004,17.0962,79.2087,2024-10-06 13:50:40.220379,16236,492,0.672
ICAO24_00045,HYD,17.385,78.4867,2024-10-05 21:30:40.220379,15608,420,0.606
ICAO24_00020,HYD,17.385,78.4867,2024-10-06 15:43:40.220379,35963,578,0.67
ICAO24_00005,WP004,17.0962,79.2087,2024-10-06 10:28:40.220379,24057,213,0.645
ICAO24_00041,VGA,16.5186,80.6527,2024-10-06 04:39:40.220379,16667,336,0.59
ICAO24_00041,WP008,16.711133,80.171367,2024-10-06 12:06:40.220379,38891,322,0.08
ICAO24_00016,WP006,16.903667,79.690033,2024-10-06 19:09:40.220379,15755,509,0.158
ICAO24_00029,WP002,17.288733,78.727367,2024-10-06 02:23:40.220379,37849,266,0.971
ICAO24_00009,WP005,16.999933,79.449367,2024-10-06 05:50:40.220379,23299,594,0.352
ICAO24_00032,WP009,16.614867,80.412033,2024-10-06 06:12:40.220379,31166,463,0.056
ICAO24_00045,WP004,17.0962,79.2087,2024-10-04 23:59:40.220473,15189,543,0.043
ICAO24_00002,WP004,17.0962,79.2087,2024-10-05 02:10:40.220473,26145,310,0.237
ICAO24_00021,WP002,17.288733,78.727367,2024-10-04 22:59:40.220473,23362,221,0.628
ICAO24_00020,WP006,16.903667,79.690033,2024-10-05 19:08:40.220473,24619,306,0.499
ICAO24_00002,WP007,16.8074,79.9307,2024-10-05 16:19:40.220473,22347,515,0.06
ICAO24_00036,WP002,17.288733,78.727367,2024-10-05 11:02:40.220473,34392,327,0.775
ICAO24_00045,WP005,16.999933,79.449367,2024-10-05 15:25:40.220473,26460,526,0.113
ICAO24_00047,HYD,17.385,78.4867,2024-10-05 14:22:40.220473,29655,548,0.398
ICAO24_00049,WP009,16.614867,80.412033,2024-10-05 14:49:40.220473,21637,276,0.57
ICAO24_00014,WP007,16.8074,79.9307,2024-10-05 15:50:40.220473,39252,513,0.188
ICAO24_00025,WP008,16.711133,80.171367,2024-10-05 13:33:40.220473,15918,227,0.462
ICAO24_00042,WP008,16.711133,80.171367,2024-10-05 06:20:40.220473,29855,543,0.464
ICAO24_00025,WP002,17.288733,78.727367,2024-10-05 05:33:40.220473,33182,533,0.886
ICAO24_00012,HYD,17.385,78.4867,2024-10-04 12:31:40.220610,24473,362,0.536
ICAO24_00035,WP005,16.999933,79.449367,2024-10-03 23:50:40.220610,24326,401,0.084
ICAO24_00026,HYD,17.385,78.4867,2024-10-04 14:57:40.220610,32166,241,0.872
ICAO24_00019,WP008,16.711133,80.171367,2024-10-04 01:46:40.220610,36288,225,0.396
ICAO24_00022,VGA,16.5186,80.6527,2024-10-04 14:05:40.220610,26166,481,0.471
ICAO24_00048,WP004,17.0962,79.2087,2024-10-04 05:37:40.220610,38656,239,0.548
ICAO24_00017,WP005,16.999933,79.449367,2024-10-04 04:39:40.220610,17701,326,0.972
ICAO24_00049,HYD,17.385,78.4867,2024-10-04 08:58:40.220610,30290,407,0.008
ICAO24_00049,HYD,17.385,78.4867,2024-10-04 04:19:40.220610,26578,483,0.217
ICAO24_00048,WP008,16.711133,80.171367,2024-10-03 20:56:40.220610,22835,324,0.91
ICAO24_00025,VGA,16.5186,80.6527,2024-10-04 14:22:40.220610,35495,408,0.721
ICAO24_00011,WP003,17.192467,78.968033,2024-10-04 09:04:40.220610,25180,202,0.084
ICAO24_00049,WP006,16.903667,79.690033,2024-10-03 23:17:40.220610,23213,382,0.88
ICAO24_00037,VGA,16.5186,80.6527,2024-10-03 10:27:40.220810,32497,483,0.73
ICAO24_00016,WP004,17.0962,79.2087,2024-10-03 09:52:40.220810,15147,263,0.65
ICAO24_00047,WP003,17.192467,78.968033,2024-10-02 21:38:40.220810,22857,561,0.744
ICAO24_00032,WP002,17.288733,78.727367,2024-10-03 16:10:40.220810,35228,238,0.311
ICAO24_00042,HYD,17.385,78.4867,2024-10-03 11:49:40.220810,26480,290,0.941
ICAO24_00029,WP009,16.614867,80.412033,2024-10-03 07:46:40.220810,34368,529,0.968
ICAO24_00047,HYD,17.385,78.4867,2024-10-03 14:44:40.220810,32400,453,0.092
ICAO24_00003,WP005,16.999933,79.449367,2024-10-03 04:24:40.220810,31339,471,0.059
ICAO24_00042,WP006,16.903667,79.690033,2024-10-03 00:56:40.220810,25524,293,0.748
ICAO24_00030,WP008,16.711133,80.171367,2024-10-02 06:41:40.220918,15355,343,0.289
ICAO24_00032,WP003,17.192467,78.968033,2024-10-01 21:46:40.220918,21907,250,0.526
ICAO24_00003,WP005,16.999933,79.449367,2024-10-02 19:45:40.220918,38379,240,0.61
ICAO24_00023,WP008,16.711133,80.171367,2024-10-01 23:02:40.220918,36309,202,0.601
ICAO24_00024,HYD,17.385,78.4867,2024-10-02 07:27:40.220918,35883,500,0.23
ICAO24_00041,WP007,16.8074,79.9307,2024-10-02 09:51:40.220918,34039,232,0.667
ICAO24_00048,WP004,17.0962,79.2087,2024-10-02 00:10:40.220918,27470,388,0.845
ICAO24_00042,WP002,17.288733,78.727367,2024-10-02 02:29:40.220918,27359,218,0.899
ICAO24_00020,WP009,16.614867,80.412033,2024-10-01 21:44:40.220918,25175,256,0.952
ICAO24_00003,WP002,17.288733,78.727367,2024-10-02 10:13:40.220918,25348,217,0.67
ICAO24_00039,WP005,16.999933,79.449367,2024-10-01 07:12:40.221036,26231,435,0.085
ICAO24_00009,VGA,16.5186,80.6527,2024-09-30 23:35:40.221036,36260,595,0.442
ICAO24_00020,WP008,16.711133,80.171367,2024-09-30 22:25:40.221036,24161,421,0.552
ICAO24_00032,WP006,16.903667,79.690033,2024-09-30 22:22:40.221036,26903,527,0.295
ICAO24_00023,WP006,16.903667,79.690033,2024-10-01 01:49:40.221036,39521,454,0.916
ICAO24_00002,WP005,16.999933,79.449367,2024-10-01 03:33:40.221036,20171,391,0.935
ICAO24_00033,HYD,17.385,78.4867,2024-10-01 03:47:40.221036,26781,522,0.885
ICAO24_00020,WP008,16.711133,80.171367,2024-10-01 08:13:40.221036,24892,270,0.4
ICAO24_00015,HYD,17.385,78.4867,2024-10-01 04:31:40.221036,24597,512,0.902
ICAO24_00025,WP006,16.903667,79.690033,2024-10-01 11:11:40.221036,39718,584,0.406
ICAO24_00003,WP008,16.711133,80.171367,2024-10-01 18:54:40.221036,35640,360,0.209
ICAO24_00019,WP004,17.0962,79.2087,2024-09-30 21:26:40.221036,26895,409,0.957
ICAO24_00030,VGA,16.5186,80.6527,2024-10-01 18:27:40.221036,29488,312,0.876
ICAO24_00004,HYD,17.385,78.4867,2024-10-01 19:38:40.221036,15034,431,0.041
ICAO24_00018,HYD,17.385,78.4867,2024-09-30 08:50:40.221169,29670,496,0.924
ICAO24_00013,WP007,16.8074,79.9307,2024-09-30 18:13:40.221169,26867,223,0.886
ICAO24_00009,WP008,16.711133,80.171367,2024-09-30 08:32:40.221169,19244,292,0.345
ICAO24_00008,WP006,16.903667,79.690033,2024-09-30 09:17:40.221169,24316,476,0.555
ICAO24_00024,WP002,17.288733,78.727367,2024-09-30 14:33:40.221169,28615,377,0.923
ICAO24_00025,WP002,17.288733,78.727367,2024-09-30 16:27:40.221169,36786,346,0.899
ICAO24_00023,WP007,16.8074,79.9307,2024-09-30 00:27:40.221169,19931,259,0.026
ICAO24_00023,WP006,16.903667,79.690033,2024-09-30 01:45:40.221169,24558,317,0.201
ICAO24_00028,WP007,16.8074,79.9307,2024-09-30 02:22:40.221169,18715,291,0.307
ICAO24_00045,WP002,17.288733,78.727367,2024-09-30 10:13:40.221169,18816,292,0.958
ICAO24_00045,WP008,16.711133,80.171367,2024-09-29 21:58:40.221169,18934,416,0.514
ICAO24_00022,VGA,16.5186,80.6527,2024-09-30 07:41:40.221169,30779,211,0.479
ICAO24_00035,WP003,17.192467,78.968033,2024-09-30 04:55:40.221169,34805,427,0.307
ICAO24_00016,WP007,16.8074,79.9307,2024-09-30 02:37:40.221169,27279,346,0.355
ICAO24_00006,VGA,16.5186,80.6527,2024-09-30 10:32:40.221169,27128,355,0.728
ICAO24_00002,VGA,16.5186,80.6527,2024-09-29 17:51:40.221315,17273,282,0.458
ICAO24_00036,HYD,17.385,78.4867,2024-09-29 15:53:40.221315,29204,493,0.727
ICAO24_00021,WP008,16.711133,80.171367,2024-09-29 16:16:40.221315,37887,404,0.41
ICAO24_00016,WP004,17.0962,79.2087,2024-09-29 16:00:40.221315,28320,233,0.792
ICAO24_00005,WP002,17.288733,78.727367,2024-09-29 03:06:40.221315,38644,406,0.759
ICAO24_00048,WP007,16.8074,79.9307,2024-09-29 09:47:40.221315,24762,247,0.718
ICAO24_00033,WP005,16.999933,79.449367,2024-09-29 05:28:40.221315,31455,463,0.993
ICAO24_00029,WP004,17.0962,79.2087,2024-09-29 13:04:40.221315,20296,207,0.416
ICAO24_00026,WP008,16.711133,80.171367,2024-09-28 23:42:40.221315,38412,252,0.437
ICAO24_00046,WP003,17.192467,78.968033,2024-09-29 14:15:40.221315,34237,517,0.242
ICAO24_00026,WP003,17.192467,78.968033,2024-09-29 09:29:40.221315,28646,335,0.911
ICAO24_00013,HYD,17.385,78.4867,2024-09-29 03:17:40.221315,34150,559,0.655
ICAO24_00029,WP006,16.903667,79.690033,2024-09-28 21:48:40.221315,17986,249,0.155
ICAO24_00000,WP006,16.903667,79.690033,2024-09-28 16:58:40.221416,24966,207,0.814
ICAO24_00041,WP004,17.0962,79.2087,2024-09-28 07:42:40.221416,26505,490,0.325
ICAO24_00024,WP003,17.192467,78.968033,2024-09-28 03:18:40.221416,19429,292,0.025
ICAO24_00030,WP005,16.999933,79.449367,2024-09-27 22:11:40.221416,19190,257,0.457
ICAO24_00003,HYD,17.385,78.4867,2024-09-28 10:01:40.221416,27596,492,0.978
ICAO24_00047,WP002,17.288733,78.727367,2024-09-28 03:41:40.221416,28797,242,0.463
ICAO24_00034,WP002,17.288733,78.727367,2024-09-27 23:34:40.221416,37672,500,0.167
ICAO24_00045,WP008,16.711133,80.171367,2024-09-28 11:10:40.221416,20806,358,0.127
ICAO24_00015,WP004,17.0962,79.2087,2024-09-28 19:45:40.221416,30261,470,0.531
ICAO24_00011,WP002,17.288733,78.727367,2024-09-28 09:19:40.221416,17570,463,0.431
ICAO24_00035,WP008,16.711133,80.171367,2024-09-26 23:51:40.221485,33252,219,0.304
ICAO24_00038,HYD,17.385,78.4867,2024-09-27 16:46:40.221485,32925,395,0.105
ICAO24_00007,VGA,16.5186,80.6527,2024-09-27 07:59:40.221485,26419,263,0.466
ICAO24_00044,WP002,17.288733,78.727367,2024-09-27 06:59:40.221485,35622,505,0.075
ICAO24_00042,WP005,16.999933,79.449367,2024-09-27 16:10:40.221485,39980,281,0.282
ICAO24_00024,HYD,17.385,78.4867,2024-09-26 16:04:40.221545,24494,288,0.551
ICAO24_00045,WP007,16.8074,79.9307,2024-09-25 20:41:40.221545,17647,549,0.882
ICAO24_00003,WP008,16.711133,80.171367,2024-09-26 08:09:40.221545,16340,340,0.14
ICAO24_00048,WP005,16.999933,79.449367,2024-09-25 23:39:40.221545,34837,490,0.584
ICAO24_00041,WP003,17.192467,78.968033,2024-09-26 14:36:40.221545,27256,495,0.6
ICAO24_00022,HYD,17.385,78.4867,2024-09-26 13:04:40.221545,34592,401,0.431
ICAO24_00047,VGA,16.5186,80.6527,2024-09-26 10:55:40.221545,26827,227,0.202
ICAO24_00015,WP003,17.192467,78.968033,2024-09-26 00:30:40.221545,23928,264,0.102
ICAO24_00004,WP004,17.0962,79.2087,2024-09-26 18:59:40.221545,21407,274,0.204
ICAO24_00033,HYD,17.385,78.4867,2024-09-26 10:21:40.221545,19008,320,0.673
ICAO24_00019,WP005,16.999933,79.449367,2024-09-25 18:37:40.221659,38288,304,0.875
ICAO24_00008,WP005,16.999933,79.449367,2024-09-25 09:28:40.221659,18682,246,0.399
ICAO24_00000,WP009,16.614867,80.412033,2024-09-25 01:26:40.221659,20081,234,0.306
ICAO24_00006,WP007,16.8074,79.9307,2024-09-25 11:59:40.221659,29146,509,0.97
ICAO24_00048,WP006,16.903667,79.690033,2024-09-25 06:51:40.221659,39593,244,0.19
ICAO24_00006,WP005,16.999933,79.449367,2024-09-24 01:12:40.221700,20079,555,0.37
ICAO24_00016,WP006,16.903667,79.690033,2024-09-24 09:50:40.221700,33962,579,0.155
ICAO24_00026,WP006,16.903667,79.690033,2024-09-23 21:00:40.221700,18586,364,0.505
ICAO24_00041,HYD,17.385,78.4867,2024-09-23 21:37:40.221700,26074,374,0.286
ICAO24_00010,WP003,17.192467,78.968033,2024-09-24 11:29:40.221700,26219,408,0.584
ICAO24_00044,WP002,17.288733,78.727367,2024-09-23 21:15:40.221700,37602,391,0.226
ICAO24_00017,WP006,16.903667,79.690033,2024-09-24 09:37:40.221700,24780,249,0.9
ICAO24_00043,WP007,16.8074,79.9307,2024-09-24 18:49:40.221700,26869,325,0.972
ICAO24_00015,HYD,17.385,78.4867,2024-09-24 16:08:40.221700,20904,255,0.537
ICAO24_00045,WP008,16.711133,80.171367,2024-09-24 03:52:40.221700,15835,433,0.872
ICAO24_00024,WP005,16.999933,79.449367,2024-09-24 01:28:40.221700,23204,574,0.02
ICAO24_00006,VGA,16.5186,80.6527,2024-09-24 07:17:40.221700,20417,366,0.342
ICAO24_00013,HYD,17.385,78.4867,2024-09-24 06:37:40.221700,36349,391,0.822
ICAO24_00013,WP006,16.903667,79.690033,2024-09-24 12:02:40.221700,39053,405,0.825
ICAO24_00011,WP003,17.192467,78.968033,2024-09-24 08:06:40.221700,25816,417,0.347
ICAO24_00005,WP009,16.614867,80.412033,2024-09-23 18:48:40.221816,17359,468,0.189
ICAO24_00019,WP006,16.903667,79.690033,2024-09-23 01:04:40.221816,37610,340,0.728
ICAO24_00023,WP007,16.8074,79.9307,2024-09-23 07:41:40.221816,21613,576,0.067
ICAO24_00004,WP009,16.614867,80.412033,2024-09-23 19:29:40.221816,38974,213,0.381
ICAO24_00025,WP008,16.711133,80.171367,2024-09-23 18:09:40.221816,27262,251,0.689
ICAO24_00021,HYD,17.385,78.4867,2024-09-23 18:08:40.221816,38958,202,0.289
ICAO24_00013,HYD,17.385,78.4867,2024-09-23 16:25:40.221816,29680,521,0.145
ICAO24_00040,WP006,16.903667,79.690033,2024-09-23 13:59:40.221816,36649,309,0.713
ICAO24_00008,WP007,16.8074,79.9307,2024-09-22 20:12:40.221816,31087,417,0.349
ICAO24_00009,WP005,16.999933,79.449367,2024-09-23 10:25:40.221816,15638,225,0.972
ICAO24_00014,VGA,16.5186,80.6527,2024-09-22 20:38:40.221816,16263,545,0.975
ICAO24_00012,WP009,16.614867,80.412033,2024-09-22 19:41:40.222301,17097,254,0.8
ICAO24_00027,VGA,16.5186,80.6527,2024-09-22 03:27:40.222301,25298,472,0.165
ICAO24_00042,WP005,16.999933,79.449367,2024-09-22 19:48:40.222301,35457,514,0.982
ICAO24_00004,WP004,17.0962,79.2087,2024-09-22 14:18:40.222301,27875,566,0.344
ICAO24_00029,WP008,16.711133,80.171367,2024-09-22 16:07:40.222301,32992,285,0.431
ICAO24_00018,WP005,16.999933,79.449367,2024-09-22 00:54:40.222301,33252,487,0.956
ICAO24_00008,WP008,16.711133,80.171367,2024-09-22 19:17:40.222301,38475,376,0.972
ICAO24_00019,WP003,17.192467,78.968033,2024-09-22 16:09:40.222301,36486,430,0.604
ICAO24_00038,WP005,16.999933,79.449367,2024-09-22 06:36:40.222301,18633,299,0.915
ICAO24_00011,WP009,16.614867,80.412033,2024-09-21 23:37:40.222301,28908,231,0.295
ICAO24_00019,WP006,16.903667,79.690033,2024-09-22 18:36:40.222301,15341,458,0.981
ICAO24_00034,WP004,17.0962,79.2087,2024-09-22 17:08:40.222301,23844,234,0.25
ICAO24_00019,WP009,16.614867,80.412033,2024-09-22 17:44:40.222301,21990,447,0.964
ICAO24_00018,WP003,17.192467,78.968033,2024-09-21 14:41:40.222454,21832,227,0.909
ICAO24_00019,WP004,17.0962,79.2087,2024-09-21 00:32:40.222454,20741,353,0.321
ICAO24_00044,WP009,16.614867,80.412033,2024-09-21 00:51:40.222454,18755,442,0.728
ICAO24_00004,WP002,17.288733,78.727367,2024-09-21 17:25:40.222454,32708,297,0.947
ICAO24_00028,WP005,16.999933,79.449367,2024-09-21 02:47:40.222454,32578,255,0.881
ICAO24_00001,WP005,16.999933,79.449367,2024-09-20 23:34:40.222454,36167,538,0.215
ICAO24_00013,WP009,16.614867,80.412033,2024-09-21 02:54:40.222454,18362,505,0.743
ICAO24_00015,WP004,17.0962,79.2087,2024-09-21 01:58:40.222454,36113,574,0.4
ICAO24_00014,WP008,16.711133,80.171367,2024-09-21 12:14:40.222454,23780,253,0.824
ICAO24_00008,WP007,16.8074,79.9307,2024-09-21 10:52:40.222454,18978,423,0.384
ICAO24_00015,WP008,16.711133,80.171367,2024-09-21 17:08:40.222454,20532,464,0.824
ICAO24_00010,WP006,16.903667,79.690033,2024-09-21 11:18:40.222454,34299,295,0.198
ICAO24_00005,WP006,16.903667,79.690033,2024-09-20 16:29:40.222583,19325,553,0.455
ICAO24_00041,WP007,16.8074,79.9307,2024-09-20 05:28:40.222583,24279,468,0.152
ICAO24_00000,WP006,16.903667,79.690033,2024-09-20 15:40:40.222583,19823,423,0.397
ICAO24_00014,WP009,16.614867,80.412033,2024-09-20 02:07:40.222583,23815,363,0.157
ICAO24_00004,WP007,16.8074,79.9307,2024-09-20 04:25:40.222583,35946,214,0.472
ICAO24_00044,WP004,17.0962,79.2087,2024-09-20 12:49:40.222583,20841,258,0.815
ICAO24_00042,WP004,17.0962,79.2087,2024-09-19 22:12:40.222583,24454,290,0.158
ICAO24_00049,WP008,16.711133,80.171367,2024-09-19 23:26:40.222583,25092,364,0.707
ICAO24_00008,WP002,17.288733,78.727367,2024-09-20 07:13:40.222583,20403,463,0.883
ICAO24_00012,WP009,16.614867,80.412033,2024-09-20 04:24:40.222583,23303,226,0.727
ICAO24_00028,WP007,16.8074,79.9307,2024-09-20 07:06:40.222583,24522,323,0.665
ICAO24_00020,WP002,17.288733,78.727367,2024-09-20 15:36:40.222583,26310,433,0.512
ICAO24_00012,WP004,17.0962,79.2087,2024-09-20 08:48:40.222583,27740,291,0.84
ICAO24_00036,VGA,16.5186,80.6527,2024-09-19 20:46:40.222583,20465,446,0.827
ICAO24_00017,WP004,17.0962,79.2087,2024-09-20 03:43:40.222583,16866,389,0.447
ICAO24_00046,VGA,16.5186,80.6527,2024-09-19 10:22:40.222772,37071,429,0.531
ICAO24_00011,WP005,16.999933,79.449367,2024-09-19 08:38:40.222772,25206,364,0.906
ICAO24_00005,WP004,17.0962,79.2087,2024-09-18 23:17:40.222772,37816,397,0.129
ICAO24_00041,WP002,17.288733,78.727367,2024-09-19 06:33:40.222772,17061,501,0.911
ICAO24_00034,WP009,16.614867,80.412033,2024-09-19 10:28:40.222772,21080,337,0.969
ICAO24_00033,VGA,16.5186,80.6527,2024-09-18 05:14:40.222841,21329,544,0.259
ICAO24_00038,WP007,16.8074,79.9307,2024-09-18 19:39:40.222841,23952,546,0.642
ICAO24_00037,WP008,16.711133,80.171367,2024-09-18 18:06:40.222841,30328,501,0.504
ICAO24_00018,WP009,16.614867,80.412033,2024-09-18 17:01:40.222841,16158,561,0.001
ICAO24_00034,WP003,17.192467,78.968033,2024-09-18 14:35:40.222841,26687,313,0.662
ICAO24_00010,HYD,17.385,78.4867,2024-09-17 05:56:40.222884,35205,214,0.2
ICAO24_00021,WP006,16.903667,79.690033,2024-09-17 02:59:40.222884,20034,380,0.44
ICAO24_00037,WP009,16.614867,80.412033,2024-09-17 13:14:40.222884,21283,328,0.848
ICAO24_00027,WP008,16.711133,80.171367,2024-09-17 18:00:40.222884,24829,418,0.917
ICAO24_00029,WP006,16.903667,79.690033,2024-09-16 23:38:40.222884,17565,450,0.508
ICAO24_00029,WP005,16.999933,79.449367,2024-09-17 12:52:40.222884,36240,524,0.764
ICAO24_00032,WP007,16.8074,79.9307,2024-09-16 23:17:40.222884,33597,261,0.929
ICAO24_00048,WP004,17.0962,79.2087,2024-09-17 16:08:40.222884,21848,274,0.928
ICAO24_00026,WP009,16.614867,80.412033,2024-09-17 01:05:40.222884,16296,438,0.834
ICAO24_00040,WP004,17.0962,79.2087,2024-09-16 12:42:40.222947,25669,575,0.262
ICAO24_00013,WP007,16.8074,79.9307,2024-09-16 15:32:40.222947,26275,478,0.859
ICAO24_00007,WP003,17.192467,78.968033,2024-09-16 03:43:40.222947,26089,492,0.017
ICAO24_00032,WP002,17.288733,78.727367,2024-09-16 12:14:40.222947,34384,486,0.606
ICAO24_00041,WP009,16.614867,80.412033,2024-09-15 22:24:40.222947,32099,273,0.907
ICAO24_00030,WP008,16.711133,80.171367,2024-09-16 08:08:40.222947,27380,526,0.383
ICAO24_00038,WP006,16.903667,79.690033,2024-09-16 19:50:40.222947,39759,550,0.123
ICAO24_00031,VGA,16.5186,80.6527,2024-09-16 17:18:40.222947,24541,234,0.03
ICAO24_00033,WP007,16.8074,79.9307,2024-09-15 22:35:40.222947,20142,324,0.509
ICAO24_00034,WP006,16.903667,79.690033,2024-09-16 00:01:40.222947,34174,505,0.387
ICAO24_00031,WP002,17.288733,78.727367,2024-09-16 01:30:40.222947,29605,254,0.167
ICAO24_00031,WP007,16.8074,79.9307,2024-09-16 19:57:40.222947,23968,430,0.24
ICAO24_00043,WP003,17.192467,78.968033,2024-09-15 05:17:40.223056,33351,573,0.789
ICAO24_00033,WP009,16.614867,80.412033,2024-09-15 04:50:40.223056,18286,427,0.355
ICAO24_00031,WP003,17.192467,78.968033,2024-09-15 19:48:40.223056,19139,415,0.205
ICAO24_00002,HYD,17.385,78.4867,2024-09-15 09:38:40.223056,24686,430,0.825
ICAO24_00023,WP006,16.903667,79.690033,2024-09-15 18:53:40.223056,15580,229,0.768
ICAO24_00021,WP008,16.711133,80.171367,2024-09-15 16:11:40.223056,15907,495,0.89
ICAO24_00043,WP004,17.0962,79.2087,2024-09-15 18:18:40.223056,26123,261,0.013
ICAO24_00045,WP002,17.288733,78.727367,2024-09-15 14:16:40.223056,30785,392,0.508
ICAO24_00040,HYD,17.385,78.4867,2024-09-15 17:40:40.223056,19181,513,0.514
ICAO24_00008,WP002,17.288733,78.727367,2024-09-15 07:47:40.223056,23547,410,0.929
ICAO24_00038,WP009,16.614867,80.412033,2024-09-13 20:05:40.223138,36052,428,0.399
ICAO24_00017,WP005,16.999933,79.449367,2024-09-14 07:02:40.223138,34686,579,0.878
ICAO24_00008,WP009,16.614867,80.412033,2024-09-14 18:40:40.223138,36599,385,0.47
ICAO24_00014,WP004,17.0962,79.2087,2024-09-14 13:59:40.223138,17943,359,0.394
ICAO24_00009,WP008,16.711133,80.171367,2024-09-14 10:21:40.223138,25462,348,0.7
ICAO24_00048,WP008,16.711133,80.171367,2024-09-14 19:49:40.223138,23134,259,0.845
ICAO24_00042,WP003,17.192467,78.968033,2024-09-14 19:02:40.223138,33182,465,0.261
ICAO24_00044,WP002,17.288733,78.727367,2024-09-13 20:44:40.223138,20583,455,0.139
ICAO24_00017,WP008,16.711133,80.171367,2024-09-14 10:12:40.223138,20549,339,0.05
ICAO24_00023,WP002,17.288733,78.727367,2024-09-14 04:26:40.223138,24478,459,0.424
ICAO24_00013,WP009,16.614867,80.412033,2024-09-14 17:59:40.223138,21925,443,0.845
ICAO24_00002,WP009,16.614867,80.412033,2024-09-14 10:03:40.223138,31818,570,0.015
ICAO24_00016,WP007,16.8074,79.9307,2024-09-14 18:32:40.223138,32835,406,0.3
ICAO24_00037,WP002,17.288733,78.727367,2024-09-14 04:24:40.223138,23079,521,0.912
ICAO24_00004,WP003,17.192467,78.968033,2024-09-14 00:15:40.223138,32630,594,0.327
ICAO24_00016,WP008,16.711133,80.171367,2024-09-13 12:43:40.223269,33758,438,0.655
ICAO24_00039,WP005,16.999933,79.449367,2024-09-13 09:35:40.223269,24084,253,0.747
ICAO24_00007,WP008,16.711133,80.171367,2024-09-13 02:57:40.223269,37220,495,0.012
ICAO24_00010,WP002,17.288733,78.727367,2024-09-13 08:39:40.223269,36749,521,0.414
ICAO24_00041,WP004,17.0962,79.2087,2024-09-13 12:07:40.223269,16415,247,0.989
ICAO24_00022,WP007,16.8074,79.9307,2024-09-13 17:06:40.223269,36348,291,0.237
ICAO24_00003,WP008,16.711133,80.171367,2024-09-12 22:18:40.223269,30220,522,0.094
ICAO24_00029,WP006,16.903667,79.690033,2024-09-13 04:20:40.223269,25504,539,0.78
ICAO24_00040,WP007,16.8074,79.9307,2024-09-13 13:05:40.223269,15125,359,0.455
ICAO24_00040,WP004,17.0962,79.2087,2024-09-12 22:47:40.223269,20780,586,0.251
ICAO24_00012,HYD,17.385,78.4867,2024-09-12 10:01:40.223355,19542,510,0.66
ICAO24_00012,WP008,16.711133,80.171367,2024-09-12 18:17:40.223355,26681,474,0.557
ICAO24_00016,WP005,16.999933,79.449367,2024-09-12 08:18:40.223355,29045,277,0.168
ICAO24_00043,WP007,16.8074,79.9307,2024-09-12 01:52:40.223355,36086,589,0.187
ICAO24_00002,WP004,17.0962,79.2087,2024-09-12 02:21:40.223355,26297,428,0.539
ICAO24_00027,WP007,16.8074,79.9307,2024-09-11 20:19:40.223355,18346,566,0.005
ICAO24_00036,WP009,16.614867,80.412033,2024-09-11 23:03:40.223355,29731,259,0.912
ICAO24_00043,WP007,16.8074,79.9307,2024-09-12 13:14:40.223355,21934,510,0.318
ICAO24_00026,HYD,17.385,78.4867,2024-09-12 08:06:40.223355,17101,422,0.272
ICAO24_00021,WP008,16.711133,80.171367,2024-09-10 20:54:40.223417,31447,212,0.924
ICAO24_00029,WP004,17.0962,79.2087,2024-09-11 13:58:40.223417,32012,365,0.563
ICAO24_00026,WP004,17.0962,79.2087,2024-09-11 16:54:40.223417,30453,369,0.224
ICAO24_00043,WP009,16.614867,80.412033,2024-09-11 02:08:40.223417,21694,459,0.345
ICAO24_00041,WP003,17.192467,78.968033,2024-09-11 13:11:40.223417,39710,423,0.249
ICAO24_00038,HYD,17.385,78.4867,2024-09-11 15:27:40.223417,39036,461,0.098
ICAO24_00025,WP004,17.0962,79.2087,2024-09-10 00:15:40.223465,15761,572,0.377
ICAO24_00029,WP005,16.999933,79.449367,2024-09-10 17:09:40.223465,36326,253,0.898
ICAO24_00035,WP008,16.711133,80.171367,2024-09-09 21:34:40.223465,37334,531,0.98
ICAO24_00043,WP007,16.8074,79.9307,2024-09-10 15:11:40.223465,24756,559,0.172
ICAO24_00044,WP002,17.288733,78.727367,2024-09-10 01:26:40.223465,22312,395,0.43
ICAO24_00034,WP009,16.614867,80.412033,2024-09-10 09:31:40.223465,28827,319,0.722
ICAO24_00005,WP005,16.999933,79.449367,2024-09-10 08:01:40.223465,17447,469,0.273
ICAO24_00031,WP007,16.8074,79.9307,2024-09-10 17:55:40.223465,15921,515,0.745
ICAO24_00036,HYD,17.385,78.4867,2024-09-09 17:13:40.223548,27518,437,0.106
ICAO24_00010,WP009,16.614867,80.412033,2024-09-09 11:16:40.223548,32683,224,0.169
ICAO24_00038,WP006,16.903667,79.690033,2024-09-09 06:54:40.223548,18676,523,0.13
ICAO24_00034,WP006,16.903667,79.690033,2024-09-08 20:23:40.223548,20896,434,0.041
ICAO24_00045,WP002,17.288733,78.727367,2024-09-09 03:50:40.223548,22489,436,0.608
ICAO24_00026,WP007,16.8074,79.9307,2024-09-08 22:51:40.223548,36845,563,0.137
ICAO24_00026,WP004,17.0962,79.2087,2024-09-09 06:37:40.223548,28760,415,0.807
ICAO24_00008,WP004,17.0962,79.2087,2024-09-08 13:54:40.223647,16058,353,0.542
ICAO24_00027,WP008,16.711133,80.171367,2024-09-08 02:39:40.223647,39040,518,0.546
ICAO24_00046,WP009,16.614867,80.412033,2024-09-08 16:03:40.223647,37421,202,0.074
ICAO24_00036,WP006,16.903667,79.690033,2024-09-08 09:16:40.223647,38628,333,0.042
ICAO24_00025,WP005,16.999933,79.449367,2024-09-07 20:02:40.223647,25104,514,0.91
ICAO24_00039,WP005,16.999933,79.449367,2024-09-08 13:50:40.223647,37380,535,0.103
ICAO24_00048,WP002,17.288733,78.727367,2024-09-08 03:07:40.223647,37318,236,0.175
ICAO24_00011,WP008,16.711133,80.171367,2024-09-08 04:29:40.223647,31431,319,0.715
ICAO24_00023,WP002,17.288733,78.727367,2024-09-08 12:55:40.223647,15501,469,0.442
ICAO24_00006,WP005,16.999933,79.449367,2024-09-08 15:49:40.223647,32941,313,0.567
ICAO24_00033,WP003,17.192467,78.968033,2024-09-08 01:38:40.223647,21614,340,0.203
ICAO24_00046,WP003,17.192467,78.968033,2024-09-07 01:39:40.223777,37972,399,0.763
ICAO24_00013,WP002,17.288733,78.727367,2024-09-07 05:40:40.223777,36035,535,0.114
ICAO24_00014,WP008,16.711133,80.171367,2024-09-06 21:13:40.223777,28411,243,0.749
ICAO24_00001,VGA,16.5186,80.6527,2024-09-06 20:23:40.223777,33161,252,0.035
ICAO24_00002,WP002,17.288733,78.727367,2024-09-06 22:30:40.223777,29112,442,0.479
ICAO24_00000,WP008,16.711133,80.171367,2024-09-07 01:42:40.223777,31764,485,0.036
ICAO24_00006,WP007,16.8074,79.9307,2024-09-07 01:37:40.223777,21866,442,0.935
ICAO24_00021,WP005,16.999933,79.449367,2024-09-06 14:17:40.223860,16417,253,0.308
ICAO24_00018,WP008,16.711133,80.171367,2024-09-06 08:32:40.223860,35010,368,0.618
ICAO24_00038,WP009,16.614867,80.412033,2024-09-06 11:05:40.223860,31799,433,0.095
ICAO24_00039,WP009,16.614867,80.412033,2024-09-06 14:46:40.223860,30047,594,0.678
ICAO24_00047,WP004,17.0962,79.2087,2024-09-06 07:51:40.223860,31893,384,0.314
ICAO24_00027,WP007,16.8074,79.9307,2024-09-05 21:51:40.223860,30322,494,0.113
ICAO24_00010,VGA,16.5186,80.6527,2024-09-06 10:14:40.223860,34974,539,0.03
ICAO24_00023,WP006,16.903667,79.690033,2024-09-06 07:05:40.223860,37484,327,0.878
ICAO24_00006,WP004,17.0962,79.2087,2024-09-06 10:36:40.223860,31719,273,0.893
ICAO24_00013,WP008,16.711133,80.171367,2024-09-06 02:50:40.223860,32243,418,0.032
ICAO24_00003,WP007,16.8074,79.9307,2024-09-06 01:26:40.223860,19049,224,0.791
ICAO24_00002,WP006,16.903667,79.690033,2024-09-05 00:02:40.223973,26502,436,0.968
ICAO24_00030,HYD,17.385,78.4867,2024-09-05 03:59:40.223973,15487,500,0.942
ICAO24_00008,WP006,16.903667,79.690033,2024-09-05 13:36:40.223973,16446,316,0.969
ICAO24_00042,WP008,16.711133,80.171367,2024-09-05 10:43:40.223973,38409,353,0.699
ICAO24_00045,WP002,17.288733,78.727367,2024-09-05 09:44:40.223973,21044,373,0.71
ICAO24_00014,HYD,17.385,78.4867,2024-09-05 02:58:40.223973,38238,389,0.104
ICAO24_00021,WP008,16.711133,80.171367,2024-09-05 12:44:40.223973,18283,266,0.31
ICAO24_00012,WP009,16.614867,80.412033,2024-09-04 20:50:40.223973,15376,246,0.769
ICAO24_00049,WP002,17.288733,78.727367,2024-09-05 08:05:40.223973,39172,232,0.949
ICAO24_00030,WP009,16.614867,80.412033,2024-09-05 18:41:40.223973,36730,470,0.583
ICAO24_00047,VGA,16.5186,80.6527,2024-09-04 20:23:40.223973,26649,336,0.811
ICAO24_00033,WP008,16.711133,80.171367,2024-09-05 00:51:40.223973,36633,448,0.393
ICAO24_00042,WP008,16.711133,80.171367,2024-09-05 12:37:40.223973,35926,587,0.214
ICAO24_00046,WP003,17.192467,78.968033,2024-09-05 14:44:40.223973,39617,379,0.103
ICAO24_00030,WP005,16.999933,79.449367,2024-09-05 08:07:40.223973,28789,244,0.919
ICAO24_00012,WP004,17.0962,79.2087,2024-09-04 10:06:40.224098,37782,439,0.549
ICAO24_00002,VGA,16.5186,80.6527,2024-09-04 09:25:40.224098,21188,378,0.898
ICAO24_00027,VGA,16.5186,80.6527,2024-09-04 19:52:40.224098,37272,441,0.899
ICAO24_00044,WP008,16.711133,80.171367,2024-09-03 20:20:40.224098,32349,458,0.111
ICAO24_00005,WP006,16.903667,79.690033,2024-09-04 00:07:40.224098,32153,284,0.275
ICAO24_00020,WP007,16.8074,79.9307,2024-09-04 11:27:40.224098,33593,494,0.501
ICAO24_00006,WP004,17.0962,79.2087,2024-09-04 08:28:40.224098,17999,511,0.085
ICAO24_00048,WP004,17.0962,79.2087,2024-09-04 14:34:40.224098,35628,577,0.717
ICAO24_00013,WP006,16.903667,79.690033,2024-09-04 15:56:40.224098,23925,384,0.83
ICAO24_00040,WP005,16.999933,79.449367,2024-09-03 01:55:40.224165,28338,562,0.73
ICAO24_00027,WP007,16.8074,79.9307,2024-09-03 05:50:40.224165,16914,236,0.848
ICAO24_00043,WP002,17.288733,78.727367,2024-09-03 18:11:40.224165,18296,593,0.763
ICAO24_00022,VGA,16.5186,80.6527,2024-09-03 07:36:40.224165,25235,497,0.85
ICAO24_00031,WP005,16.999933,79.449367,2024-09-03 04:21:40.224165,37593,591,0.427
ICAO24_00004,WP006,16.903667,79.690033,2024-09-02 17:38:40.224204,31868,499,0.758
ICAO24_00014,WP003,17.192467,78.968033,2024-09-02 19:42:40.224204,39002,428,0.048
ICAO24_00032,WP006,16.903667,79.690033,2024-09-02 15:55:40.224204,36103,393,0.682
ICAO24_00043,WP003,17.192467,78.968033,2024-09-02 13:45:40.224204,31897,394,0.802
ICAO24_00041,WP006,16.903667,79.690033,2024-09-02 16:44:40.224204,20567,230,0.408
ICAO24_00007,WP005,16.999933,79.449367,2024-09-02 16:35:40.224204,31971,322,0.831
ICAO24_00037,WP007,16.8074,79.9307,2024-09-02 09:32:40.224204,30364,396,0.667
ICAO24_00006,WP008,16.711133,80.171367,2024-09-02 10:07:40.224204,31271,330,0.812
ICAO24_00030,WP005,16.999933,79.449367,2024-09-02 18:10:40.224204,20223,335,0.616
ICAO24_00025,WP002,17.288733,78.727367,2024-09-02 10:56:40.224204,19977,569,0.908
ICAO24_00005,VGA,16.5186,80.6527,2024-09-01 20:17:40.224204,34724,600,0.396
ICAO24_00021,HYD,17.385,78.4867,2024-09-01 14:56:40.224305,24154,529,0.383
ICAO24_00007,WP005,16.999933,79.449367,2024-09-01 02:30:40.224305,15968,283,0.604
ICAO24_00019,WP005,16.999933,79.449367,2024-09-01 18:33:40.224305,39685,371,0.201
ICAO24_00011,WP008,16.711133,80.171367,2024-09-01 19:31:40.224305,29279,252,0.526
ICAO24_00040,WP005,16.999933,79.449367,2024-09-01 14:35:40.224305,35835,490,0.086
ICAO24_00049,HYD,17.385,78.4867,2024-09-01 09:31:40.224305,19709,553,0.988
ICAO24_00035,WP009,16.614867,80.412033,2024-09-01 09:15:40.224305,39725,431,0.252
ICAO24_00015,WP008,16.711133,80.171367,2024-09-01 15:01:40.224305,30401,550,0.89
ICAO24_00039,HYD,17.385,78.4867,2024-09-01 08:11:40.224305,31463,375,0.452
ICAO24_00022,WP008,16.711133,80.171367,2024-09-01 14:56:40.224305,17904,239,0.171
ICAO24_00008,WP004,17.0962,79.2087,2024-09-01 18:50:40.224305,37764,360,0.593
ICAO24_00026,WP009,16.614867,80.412033,2024-09-01 12:40:40.224305,36518,445,0.259
ICAO24_00030,WP003,17.192467,78.968033,2024-09-01 00:09:40.224305,31450,373,0.044
ICAO24_00014,WP006,16.903667,79.690033,2024-09-01 09:35:40.224305,23566,553,0.124
ICAO24_00031,WP009,16.614867,80.412033,2024-08-31 17:34:40.224404,25987,335,0.764
ICAO24_00047,HYD,17.385,78.4867,2024-08-31 18:58:40.224404,26939,358,0.22
ICAO24_00019,WP007,16.8074,79.9307,2024-08-31 18:18:40.224404,38615,565,0.407
ICAO24_00015,HYD,17.385,78.4867,2024-08-31 08:52:40.224404,28212,555,0.435
ICAO24_00026,VGA,16.5186,80.6527,2024-08-31 15:56:40.224404,25293,458,0.982
ICAO24_00015,WP009,16.614867,80.412033,2024-08-31 09:11:40.224404,30697,565,0.688
ICAO24_00036,VGA,16.5186,80.6527,2024-08-31 18:45:40.224404,33935,529,0.04
ICAO24_00009,WP005,16.999933,79.449367,2024-08-31 00:25:40.224404,15644,574,0.363
ICAO24_00039,WP002,17.288733,78.727367,2024-08-31 00:05:40.224404,34528,583,0.22
ICAO24_00029,WP002,17.288733,78.727367,2024-08-30 04:32:40.224478,20583,297,0.29
ICAO24_00018,WP002,17.288733,78.727367,2024-08-30 07:44:40.224478,37767,293,0.482
ICAO24_00024,WP003,17.192467,78.968033,2024-08-29 21:42:40.224478,36635,423,0.025
ICAO24_00018,WP006,16.903667,79.690033,2024-08-30 12:33:40.224478,18236,459,0.668
ICAO24_00034,WP002,17.288733,78.727367,2024-08-30 08:56:40.224478,15905,264,0.304
ICAO24_00019,WP006,16.903667,79.690033,2024-08-30 19:23:40.224478,21240,347,0.306
ICAO24_00042,WP002,17.288733,78.727367,2024-08-30 04:40:40.224478,21628,308,0.207
ICAO24_00034,WP007,16.8074,79.9307,2024-08-29 22:43:40.224478,29980,333,0.316
ICAO24_00017,WP005,16.999933,79.449367,2024-08-30 04:52:40.224478,17028,470,0.128
ICAO24_00017,WP005,16.999933,79.449367,2024-08-30 16:21:40.224478,33826,388,0.335
ICAO24_00002,HYD,17.385,78.4867,2024-08-29 22:29:40.224478,18436,554,0.468
ICAO24_00010,WP009,16.614867,80.412033,2024-08-30 05:23:40.224478,20003,290,0.682
ICAO24_00018,VGA,16.5186,80.6527,2024-08-30 06:45:40.224478,15477,380,0.074
ICAO24_00009,WP008,16.711133,80.171367,2024-08-30 05:09:40.224478,39516,235,0.338
ICAO24_00025,VGA,16.5186,80.6527,2024-08-28 21:55:40.224840,26404,316,0.074
ICAO24_00034,WP006,16.903667,79.690033,2024-08-29 05:11:40.224840,30957,387,0.146
ICAO24_00033,WP008,16.711133,80.171367,2024-08-29 17:44:40.224840,36217,232,0.722
ICAO24_00007,WP004,17.0962,79.2087,2024-08-29 07:16:40.224840,35054,289,0.729
ICAO24_00045,WP007,16.8074,79.9307,2024-08-29 01:10:40.224840,16091,314,0.785
ICAO24_00049,VGA,16.5186,80.6527,2024-08-28 21:58:40.224840,24768,290,0.493
ICAO24_00030,WP004,17.0962,79.2087,2024-08-29 13:00:40.224840,16354,396,0.919
ICAO24_00042,WP008,16.711133,80.171367,2024-08-29 14:37:40.224840,20345,450,0.896
ICAO24_00029,WP002,17.288733,78.727367,2024-08-29 03:34:40.224840,15544,330,0.886
ICAO24_00048,WP003,17.192467,78.968033,2024-08-29 01:23:40.224840,32835,521,0.883
ICAO24_00026,WP009,16.614867,80.412033,2024-08-29 03:25:40.224840,28750,498,0.182
ICAO24_00022,WP006,16.903667,79.690033,2024-08-28 20:45:40.224840,32100,286,0.634
ICAO24_00010,WP008,16.711133,80.171367,2024-08-28 00:54:40.224980,27422,433,0.95
ICAO24_00036,VGA,16.5186,80.6527,2024-08-28 15:09:40.224980,29139,492,0.553
ICAO24_00018,WP008,16.711133,80.171367,2024-08-27 20:55:40.224980,34411,309,0.862
ICAO24_00020,VGA,16.5186,80.6527,2024-08-28 18:58:40.224980,27238,586,0.022
ICAO24_00030,HYD,17.385,78.4867,2024-08-28 06:28:40.224980,29106,502,0.35
ICAO24_00002,WP007,16.8074,79.9307,2024-08-28 11:32:40.224980,34604,224,0.365
ICAO24_00033,HYD,17.385,78.4867,2024-08-28 06:31:40.224980,24314,228,0.849
ICAO24_00013,VGA,16.5186,80.6527,2024-08-26 20:58:40.225032,30964,550,0.767
ICAO24_00027,WP008,16.711133,80.171367,2024-08-27 01:05:40.225032,21866,517,0.355
ICAO24_00019,WP005,16.999933,79.449367,2024-08-26 23:24:40.225032,34349,558,0.148
ICAO24_00035,WP004,17.0962,79.2087,2024-08-27 12:15:40.225032,36104,282,0.751
ICAO24_00016,WP007,16.8074,79.9307,2024-08-27 11:58:40.225032,25166,503,0.698
ICAO24_00017,HYD,17.385,78.4867,2024-08-27 09:02:40.225032,20372,420,0.05
ICAO24_00033,WP003,17.192467,78.968033,2024-08-27 05:19:40.225032,28753,530,0.152
ICAO24_00011,WP008,16.711133,80.171367,2024-08-27 12:54:40.225032,27190,201,0.573
ICAO24_00010,VGA,16.5186,80.6527,2024-08-27 09:43:40.225032,16318,401,0.918
ICAO24_00000,WP009,16.614867,80.412033,2024-08-26 12:01:40.225102,24796,586,0.01
ICAO24_00016,WP003,17.192467,78.968033,2024-08-26 08:23:40.225102,25714,262,0.57
ICAO24_00041,WP002,17.288733,78.727367,2024-08-26 01:43:40.225102,35397,335,0.912
ICAO24_00014,HYD,17.385,78.4867,2024-08-26 13:29:40.225102,35401,482,0.896
ICAO24_00023,WP009,16.614867,80.412033,2024-08-26 03:54:40.225102,30003,573,0.928
ICAO24_00047,WP008,16.711133,80.171367,2024-08-26 15:40:40.225102,21040,565,0.27
ICAO24_00034,VGA,16.5186,80.6527,2024-08-26 12:06:40.225102,21372,458,0.721
ICAO24_00003,WP003,17.192467,78.968033,2024-08-26 09:42:40.225102,39918,374,0.093
ICAO24_00012,WP003,17.192467,78.968033,2024-08-26 04:51:40.225102,29068,455,0.298
ICAO24_00049,WP006,16.903667,79.690033,2024-08-26 16:08:40.225102,29616,237,0.3
ICAO24_00042,WP002,17.288733,78.727367,2024-08-26 03:38:40.225102,38850,233,0.438
ICAO24_00008,HYD,17.385,78.4867,2024-08-25 06:46:40.225351,36435,294,0.999
ICAO24_00005,WP006,16.903667,79.690033,2024-08-25 12:59:40.225351,15015,593,0.837
ICAO24_00040,WP009,16.614867,80.412033,2024-08-25 12:16:40.225351,29335,264,0.223
ICAO24_00001,VGA,16.5186,80.6527,2024-08-25 06:37:40.225351,18579,214,0.345
ICAO24_00043,WP002,17.288733,78.727367,2024-08-25 16:38:40.225351,25757,445,0.699
ICAO24_00014,WP008,16.711133,80.171367,2024-08-25 03:09:40.225351,26055,433,0.39
ICAO24_00019,WP005,16.999933,79.449367,2024-08-24 20:31:40.225351,26079,312,0.845
ICAO24_00032,WP002,17.288733,78.727367,2024-08-25 03:34:40.225351,31933,490,0.824
ICAO24_00044,HYD,17.385,78.4867,2024-08-24 22:20:40.225351,26864,356,0.714
ICAO24_00019,WP005,16.999933,79.449367,2024-08-25 14:23:40.225351,15085,415,0.909
ICAO24_00009,WP004,17.0962,79.2087,2024-08-25 08:05:40.225351,16941,295,0.47
ICAO24_00023,WP003,17.192467,78.968033,2024-08-25 14:23:40.225351,27006,318,0.542
ICAO24_00007,WP008,16.711133,80.171367,2024-08-25 19:38:40.225351,20332,278,0.576
ICAO24_00022,WP008,16.711133,80.171367,2024-08-25 09:56:40.225351,37163,489,0.826
ICAO24_00008,WP009,16.614867,80.412033,2024-08-24 14:41:40.226817,15259,384,0.467
ICAO24_00045,WP008,16.711133,80.171367,2024-08-23 23:56:40.226817,23268,246,0.309
ICAO24_00016,WP003,17.192467,78.968033,2024-08-24 09:25:40.226817,31923,590,0.131
ICAO24_00012,VGA,16.5186,80.6527,2024-08-23 22:32:40.226817,34362,279,0.597
ICAO24_00009,WP002,17.288733,78.727367,2024-08-24 10:18:40.226817,32901,227,0.034
ICAO24_00022,WP006,16.903667,79.690033,2024-08-24 09:35:40.226817,31659,578,0.669
ICAO24_00024,WP006,16.903667,79.690033,2024-08-23 10:06:40.226905,32631,360,0.604
ICAO24_00018,WP005,16.999933,79.449367,2024-08-23 04:20:40.226905,21917,304,0.316
ICAO24_00007,WP003,17.192467,78.968033,2024-08-23 10:04:40.226905,18612,435,0.991
ICAO24_00010,WP002,17.288733,78.727367,2024-08-23 09:01:40.226905,28918,579,0.986
ICAO24_00011,WP002,17.288733,78.727367,2024-08-23 09:07:40.226905,19232,378,0.005
ICAO24_00022,WP004,17.0962,79.2087,2024-08-22 21:17:40.226905,24182,452,0.307
ICAO24_00032,WP002,17.288733,78.727367,2024-08-23 12:14:40.226905,34817,519,0.439
ICAO24_00013,WP009,16.614867,80.412033,2024-08-23 01:03:40.226905,19381,261,0.142
ICAO24_00004,WP008,16.711133,80.171367,2024-08-22 21:03:40.226905,33010,306,0.588
ICAO24_00010,WP007,16.8074,79.9307,2024-08-23 00:52:40.226905,26515,436,0.023
ICAO24_00018,WP007,16.8074,79.9307,2024-08-23 06:26:40.226905,22607,249,0.618
ICAO24_00002,WP004,17.0962,79.2087,2024-08-23 05:10:40.226905,32144,216,0.604
ICAO24_00037,WP007,16.8074,79.9307,2024-08-23 09:26:40.226905,28561,565,0.053
ICAO24_00046,WP008,16.711133,80.171367,2024-08-22 19:37:40.227070,23163,410,0.048
ICAO24_00012,WP008,16.711133,80.171367,2024-08-21 20:53:40.227070,15813,529,0.57
ICAO24_00012,WP008,16.711133,80.171367,2024-08-21 22:57:40.227070,25249,403,0.722
ICAO24_00030,HYD,17.385,78.4867,2024-08-22 12:49:40.227070,39122,284,0.431
ICAO24_00005,WP006,16.903667,79.690033,2024-08-22 14:37:40.227070,39672,430,0.268
ICAO24_00009,WP005,16.999933,79.449367,2024-08-22 08:07:40.227070,19109,466,0.968
ICAO24_00027,WP003,17.192467,78.968033,2024-08-22 05:34:40.227070,32313,286,0.39
ICAO24_00025,WP005,16.999933,79.449367,2024-08-22 19:33:40.227070,28951,357,0.785
ICAO24_00006,WP009,16.614867,80.412033,2024-08-22 02:03:40.227070,37405,418,0.48
ICAO24_00049,WP005,16.999933,79.449367,2024-08-22 14:12:40.227070,22649,438,0.461
ICAO24_00036,VGA,16.5186,80.6527,2024-08-22 03:45:40.227070,24803,405,0.021
ICAO24_00024,WP003,17.192467,78.968033,2024-08-22 14:42:40.227070,27009,521,0.509
ICAO24_00030,HYD,17.385,78.4867,2024-08-22 11:17:40.227070,28052,359,0.114
ICAO24_00038,WP008,16.711133,80.171367,2024-08-21 00:16:40.227686,21989,345,0.269
ICAO24_00045,WP005,16.999933,79.449367,2024-08-21 11:12:40.227686,29599,550,0.23
ICAO24_00033,VGA,16.5186,80.6527,2024-08-21 11:47:40.227686,17039,432,0.818
ICAO24_00041,VGA,16.5186,80.6527,2024-08-21 03:29:40.227686,25685,262,0.851
ICAO24_00040,WP009,16.614867,80.412033,2024-08-21 00:09:40.227686,17105,562,0.787
ICAO24_00048,WP004,17.0962,79.2087,2024-08-20 20:16:40.227686,15375,345,0.312
ICAO24_00021,WP008,16.711133,80.171367,2024-08-21 07:42:40.227686,21114,433,0.396
ICAO24_00032,WP009,16.614867,80.412033,2024-08-21 10:20:40.227686,19124,429,0.46
ICAO24_00039,WP009,16.614867,80.412033,2024-08-20 06:01:40.227960,25091,267,0.339
ICAO24_00007,WP004,17.0962,79.2087,2024-08-20 12:54:40.227960,24548,234,0.938
ICAO24_00028,VGA,16.5186,80.6527,2024-08-20 11:04:40.227960,19977,390,0.298
ICAO24_00009,WP002,17.288733,78.727367,2024-08-20 16:08:40.227960,26509,580,0.431
ICAO24_00031,WP006,16.903667,79.690033,2024-08-19 23:02:40.227960,32172,540,0.817
ICAO24_00008,HYD,17.385,78.4867,2024-08-19 14:11:40.228033,29208,525,0.04
ICAO24_00036,WP005,16.999933,79.449367,2024-08-18 22:05:40.228033,33801,448,0.726
ICAO24_00020,VGA,16.5186,80.6527,2024-08-19 00:22:40.228033,22201,384,0.591
ICAO24_00049,WP006,16.903667,79.690033,2024-08-19 19:52:40.228033,18035,455,0.644
ICAO24_00019,WP007,16.8074,79.9307,2024-08-18 20:37:40.228033,39014,253,0.285
ICAO24_00027,WP008,16.711133,80.171367,2024-08-19 13:45:40.228033,24065,475,0.414
ICAO24_00005,WP003,17.192467,78.968033,2024-08-18 19:55:40.228107,36508,449,0.681
ICAO24_00044,WP005,16.999933,79.449367,2024-08-18 02:15:40.228107,35600,501,0.17
ICAO24_00001,WP008,16.711133,80.171367,2024-08-18 16:47:40.228107,15019,376,0.087
ICAO24_00037,WP004,17.0962,79.2087,2024-08-18 01:33:40.228107,25014,469,0.248
ICAO24_00013,WP002,17.288733,78.727367,2024-08-18 00:07:40.228107,29272,590,0.617
ICAO24_00002,WP004,17.0962,79.2087,2024-08-18 02:53:40.228107,37522,313,0.365
ICAO24_00025,WP002,17.288733,78.727367,2024-08-18 18:40:40.228107,34972,251,0.102
ICAO24_00025,WP009,16.614867,80.412033,2024-08-18 04:45:40.228107,16983,336,0.257
ICAO24_00018,WP007,16.8074,79.9307,2024-08-18 16:23:40.228107,34672,265,0.286
ICAO24_00013,WP004,17.0962,79.2087,2024-08-18 10:52:40.228107,25457,360,0.71
ICAO24_00015,WP002,17.288733,78.727367,2024-08-18 09:03:40.228107,27899,201,0.687
ICAO24_00015,HYD,17.385,78.4867,2024-08-18 18:33:40.228107,28796,382,0.188
ICAO24_00045,WP005,16.999933,79.449367,2024-08-17 13:18:40.228280,22116,402,0.048
ICAO24_00032,WP008,16.711133,80.171367,2024-08-17 06:50:40.228280,23636,354,0.172
ICAO24_00043,WP002,17.288733,78.727367,2024-08-17 08:35:40.228280,36238,434,0.365
ICAO24_00026,WP009,16.614867,80.412033,2024-08-17 09:07:40.228280,28663,456,0.3
ICAO24_00016,WP004,17.0962,79.2087,2024-08-17 12:24:40.228280,17652,381,0.339
ICAO24_00013,WP005,16.999933,79.449367,2024-08-17 02:20:40.228280,23544,412,0.749
ICAO24_00039,WP005,16.999933,79.449367,2024-08-17 00:46:40.228280,16565,592,0.604
ICAO24_00046,WP004,17.0962,79.2087,2024-08-17 09:24:40.228280,22346,279,0.674
ICAO24_00031,WP005,16.999933,79.449367,2024-08-17 14:10:40.228280,32679,372,0.332
ICAO24_00036,WP005,16.999933,79.449367,2024-08-16 03:50:40.228390,33515,288,0.629
ICAO24_00003,WP008,16.711133,80.171367,2024-08-16 10:54:40.228390,33371,536,0.699
ICAO24_00023,WP004,17.0962,79.2087,2024-08-16 08:48:40.228390,33171,310,0.442
ICAO24_00041,WP004,17.0962,79.2087,2024-08-15 21:58:40.228390,38629,311,0.667
ICAO24_00007,VGA,16.5186,80.6527,2024-08-16 10:54:40.228390,39059,488,0.781
ICAO24_00007,HYD,17.385,78.4867,2024-08-16 15:50:40.228390,22710,413,0.635
ICAO24_00004,WP006,16.903667,79.690033,2024-08-15 20:19:40.228390,33755,453,0.574
ICAO24_00011,WP003,17.192467,78.968033,2024-08-16 11:02:40.228390,18741,436,0.96
ICAO24_00045,HYD,17.385,78.4867,2024-08-16 09:21:40.228390,23140,527,0.215
ICAO24_00001,WP006,16.903667,79.690033,2024-08-16 08:03:40.228390,26983,236,0.319
ICAO24_00012,WP008,16.711133,80.171367,2024-08-15 16:26:40.228514,38390,489,0.545
ICAO24_00036,HYD,17.385,78.4867,2024-08-15 16:34:40.228514,15268,543,0.24
ICAO24_00015,HYD,17.385,78.4867,2024-08-15 12:00:40.228514,19484,590,0.237
ICAO24_00035,WP007,16.8074,79.9307,2024-08-15 00:34:40.228514,16026,293,0.955
ICAO24_00047,WP005,16.999933,79.449367,2024-08-15 16:26:40.228514,28394,588,0.909
ICAO24_00014,WP002,17.288733,78.727367,2024-08-15 03:23:40.228514,15676,209,0.492
ICAO24_00023,WP008,16.711133,80.171367,2024-08-14 22:09:40.228514,28256,456,0.709
ICAO24_00028,VGA,16.5186,80.6527,2024-08-14 22:11:40.228514,20506,253,0.611
ICAO24_00026,WP005,16.999933,79.449367,2024-08-14 20:06:40.228514,15187,348,0.893
ICAO24_00000,VGA,16.5186,80.6527,2024-08-15 17:52:40.228514,31200,538,0.571
ICAO24_00035,VGA,16.5186,80.6527,2024-08-15 00:52:40.228514,17473,392,0.085
ICAO24_00048,WP008,16.711133,80.171367,2024-08-15 11:46:40.228514,31454,307,0.503
ICAO24_00027,WP006,16.903667,79.690033,2024-08-15 14:15:40.228514,17004,465,0.37
ICAO24_00011,WP002,17.288733,78.727367,2024-08-15 02:12:40.228514,36040,330,0.845
ICAO24_00044,WP008,16.711133,80.171367,2024-08-14 22:51:40.228514,23113,522,0.93
ICAO24_00035,WP002,17.288733,78.727367,2024-08-14 18:23:40.228713,19914,215,0.74
ICAO24_00009,WP003,17.192467,78.968033,2024-08-14 11:51:40.228713,19554,311,0.954
ICAO24_00047,WP009,16.614867,80.412033,2024-08-14 12:14:40.228713,22140,450,0.358
ICAO24_00005,WP002,17.288733,78.727367,2024-08-14 15:16:40.228713,21013,546,0.152
ICAO24_00011,HYD,17.385,78.4867,2024-08-14 17:42:40.228713,24641,512,0.649
ICAO24_00030,WP009,16.614867,80.412033,2024-08-14 10:08:40.228713,37660,264,0.109
ICAO24_00040,WP005,16.999933,79.449367,2024-08-14 01:21:40.228713,18928,424,0.645
ICAO24_00025,WP009,16.614867,80.412033,2024-08-14 07:24:40.228713,38372,444,0.054
ICAO24_00032,WP003,17.192467,78.968033,2024-08-14 07:50:40.228713,29861,593,0.511
ICAO24_00040,WP004,17.0962,79.2087,2024-08-14 04:23:40.228713,38863,398,0.723
ICAO24_00021,WP008,16.711133,80.171367,2024-08-13 23:28:40.228713,21167,443,0.406
ICAO24_00007,WP007,16.8074,79.9307,2024-08-14 04:38:40.228713,39428,320,0.043
ICAO24_00002,WP004,17.0962,79.2087,2024-08-14 18:33:40.228713,34101,537,0.741
ICAO24_00031,VGA,16.5186,80.6527,2024-08-13 19:42:40.228874,28497,209,0.282
ICAO24_00040,WP006,16.903667,79.690033,2024-08-13 15:04:40.228874,39870,384,0.695
ICAO24_00009,WP004,17.0962,79.2087,2024-08-13 14:28:40.228874,36641,293,0.188
ICAO24_00034,WP002,17.288733,78.727367,2024-08-13 10:13:40.228874,31272,471,0.787
ICAO24_00049,WP003,17.192467,78.968033,2024-08-13 09:51:40.228874,16471,370,0.669
ICAO24_00032,WP002,17.288733,78.727367,2024-08-13 07:36:40.228874,27881,247,0.618
ICAO24_00033,WP007,16.8074,79.9307,2024-08-13 01:14:40.228874,39611,441,0.442
ICAO24_00019,VGA,16.5186,80.6527,2024-08-13 07:20:40.228874,33512,213,0.47
ICAO24_00016,VGA,16.5186,80.6527,2024-08-13 03:23:40.228874,35324,342,0.798
ICAO24_00004,WP003,17.192467,78.968033,2024-08-13 17:27:40.228874,35493,361,0.36
ICAO24_00038,WP006,16.903667,79.690033,2024-08-12 23:35:40.228874,39599,594,0.995
ICAO24_00018,WP007,16.8074,79.9307,2024-08-13 00:39:40.228874,35361,581,0.389
ICAO24_00035,HYD,17.385,78.4867,2024-08-12 05:15:40.230152,15309,485,0.561
ICAO24_00001,WP005,16.999933,79.449367,2024-08-12 14:46:40.230152,32674,451,0.719
ICAO24_00036,WP009,16.614867,80.412033,2024-08-12 02:54:40.230152,19920,297,0.006
ICAO24_00017,WP009,16.614867,80.412033,2024-08-12 14:10:40.230152,38317,228,0.699
ICAO24_00039,WP007,16.8074,79.9307,2024-08-12 20:00:40.230152,27783,439,0.194
ICAO24_00029,WP002,17.288733,78.727367,2024-08-12 04:33:40.230152,27282,503,0.257
ICAO24_00045,HYD,17.385,78.4867,2024-08-12 02:11:40.230152,27146,527,0.978
ICAO24_00024,WP007,16.8074,79.9307,2024-08-12 09:27:40.230152,18057,215,0.221
ICAO24_00031,HYD,17.385,78.4867,2024-08-11 00:39:40.230258,27433,229,0.425
ICAO24_00014,VGA,16.5186,80.6527,2024-08-11 17:37:40.230258,39972,205,0.44
ICAO24_00024,WP005,16.999933,79.449367,2024-08-11 07:24:40.230258,23471,223,0.127
ICAO24_00024,HYD,17.385,78.4867,2024-08-11 10:41:40.230258,25260,276,0.167
ICAO24_00024,WP009,16.614867,80.412033,2024-08-11 03:25:40.230258,21023,322,0.965
ICAO24_00038,WP004,17.0962,79.2087,2024-08-11 06:49:40.230258,33637,216,0.192
ICAO24_00030,WP004,17.0962,79.2087,2024-08-10 15:01:40.230343,25841,210,0.765
ICAO24_00020,HYD,17.385,78.4867,2024-08-10 00:12:40.230343,25474,302,0.604
ICAO24_00034,HYD,17.385,78.4867,2024-08-10 16:07:40.230343,27145,554,0.14
ICAO24_00040,WP004,17.0962,79.2087,2024-08-10 16:06:40.230343,21456,306,0.402
ICAO24_00006,WP005,16.999933,79.449367,2024-08-10 05:07:40.230343,35167,430,0.962
ICAO24_00024,WP002,17.288733,78.727367,2024-08-10 18:41:40.230343,16864,299,0.649
ICAO24_00013,WP003,17.192467,78.968033,2024-08-09 22:58:40.230343,17270,258,0.345
ICAO24_00025,WP008,16.711133,80.171367,2024-08-10 10:41:40.230343,39523,235,0.666
ICAO24_00043,VGA,16.5186,80.6527,2024-08-09 23:48:40.230343,27274,352,0.892
ICAO24_00032,VGA,16.5186,80.6527,2024-08-10 05:28:40.230343,31323,505,0.837
ICAO24_00004,VGA,16.5186,80.6527,2024-08-09 10:41:40.230512,15423,511,0.063
ICAO24_00042,WP008,16.711133,80.171367,2024-08-09 04:54:40.230512,37310,215,0.104
ICAO24_00019,WP003,17.192467,78.968033,2024-08-09 08:48:40.230512,18434,225,0.144
ICAO24_00036,WP002,17.288733,78.727367,2024-08-09 17:43:40.230512,16258,372,0.717
ICAO24_00007,HYD,17.385,78.4867,2024-08-08 21:15:40.230512,36772,266,0.42
ICAO24_00000,WP003,17.192467,78.968033,2024-08-09 11:03:40.230512,37218,359,0.194
ICAO24_00012,WP005,16.999933,79.449367,2024-08-09 04:45:40.230512,32542,441,0.226
ICAO24_00027,HYD,17.385,78.4867,2024-08-09 12:51:40.230512,22107,447,0.593
ICAO24_00039,HYD,17.385,78.4867,2024-08-09 02:22:40.230512,36172,302,0.732
ICAO24_00044,WP004,17.0962,79.2087,2024-08-08 21:38:40.230512,37274,415,0.031
ICAO24_00011,WP008,16.711133,80.171367,2024-08-09 01:22:40.230512,21216,385,0.415
ICAO24_00004,WP009,16.614867,80.412033,2024-08-07 22:32:40.230710,28454,234,0.022
ICAO24_00014,WP004,17.0962,79.2087,2024-08-08 00:26:40.230710,30827,443,0.66
ICAO24_00028,WP006,16.903667,79.690033,2024-08-08 03:32:40.230710,22069,472,0.102
ICAO24_00004,VGA,16.5186,80.6527,2024-08-08 04:31:40.230710,30879,278,0.072
ICAO24_00027,WP005,16.999933,79.449367,2024-08-08 10:48:40.230710,34932,443,0.029
ICAO24_00046,WP009,16.614867,80.412033,2024-08-08 07:38:40.230710,29727,317,0.652
ICAO24_00012,VGA,16.5186,80.6527,2024-08-08 02:33:40.230710,28521,559,0.685
ICAO24_00013,WP006,16.903667,79.690033,2024-08-08 09:52:40.230710,37567,357,0.388
ICAO24_00047,WP003,17.192467,78.968033,2024-08-07 21:02:40.230710,27166,343,0.485
ICAO24_00019,WP009,16.614867,80.412033,2024-08-07 22:29:40.230710,19595,578,0.383
ICAO24_00019,WP004,17.0962,79.2087,2024-08-08 19:25:40.230710,18319,223,0.31
ICAO24_00038,WP002,17.288733,78.727367,2024-08-08 07:26:40.230710,25374,599,0.964
ICAO24_00042,WP003,17.192467,78.968033,2024-08-08 00:22:40.230710,19884,507,0.283
ICAO24_00049,WP007,16.8074,79.9307,2024-08-08 00:57:40.230710,23028,554,0.54
ICAO24_00025,WP009,16.614867,80.412033,2024-08-06 20:11:40.230917,22452,312,0.731
ICAO24_00036,WP005,16.999933,79.449367,2024-08-07 04:46:40.230917,32145,441,0.883
ICAO24_00023,WP005,16.999933,79.449367,2024-08-06 22:59:40.230917,31359,283,0.636
ICAO24_00003,VGA,16.5186,80.6527,2024-08-07 07:27:40.230917,16469,347,0.863
ICAO24_00029,WP007,16.8074,79.9307,2024-08-06 21:54:40.230917,36174,389,0.0
ICAO24_00040,WP003,17.192467,78.968033,2024-08-07 16:12:40.230917,25498,507,0.911
ICAO24_00003,WP004,17.0962,79.2087,2024-08-07 17:08:40.230917,24213,540,0.822
ICAO24_00049,VGA,16.5186,80.6527,2024-08-07 08:07:40.230917,28154,342,0.573
ICAO24_00045,VGA,16.5186,80.6527,2024-08-07 18:12:40.230917,28501,501,0.382
ICAO24_00043,WP006,16.903667,79.690033,2024-08-05 23:53:40.231040,38658,426,0.16
ICAO24_00045,WP008,16.711133,80.171367,2024-08-06 12:30:40.231040,29317,389,0.649
ICAO24_00017,WP007,16.8074,79.9307,2024-08-05 22:13:40.231040,27750,263,0.657
ICAO24_00029,WP002,17.288733,78.727367,2024-08-06 03:51:40.231040,30245,558,0.132
ICAO24_00014,WP006,16.903667,79.690033,2024-08-06 12:55:40.231040,31137,521,0.988
ICAO24_00048,WP007,16.8074,79.9307,2024-08-05 20:11:40.231040,27223,481,0.151
ICAO24_00025,HYD,17.385,78.4867,2024-08-06 00:14:40.231040,19778,328,0.438
ICAO24_00015,HYD,17.385,78.4867,2024-08-06 16:03:40.231040,20564,208,0.722
ICAO24_00035,WP003,17.192467,78.968033,2024-08-06 18:40:40.231040,36096,542,0.878
ICAO24_00000,WP007,16.8074,79.9307,2024-08-06 05:49:40.231040,37391,468,0.923
ICAO24_00042,WP006,16.903667,79.690033,2024-08-06 08:06:40.231040,19691,428,0.761
ICAO24_00021,WP002,17.288733,78.727367,2024-08-06 12:44:40.231040,37604,237,0.356
ICAO24_00006,WP005,16.999933,79.449367,2024-08-06 04:48:40.231040,37174,532,0.304
ICAO24_00023,VGA,16.5186,80.6527,2024-08-06 14:52:40.231040,20976,389,0.654
ICAO24_00012,WP003,17.192467,78.968033,2024-08-06 07:41:40.231040,19950,526,0.612
ICAO24_00002,WP005,16.999933,79.449367,2024-08-05 08:49:40.231243,21209,364,0.985
ICAO24_00002,WP004,17.0962,79.2087,2024-08-04 22:55:40.231243,20258,239,0.208
ICAO24_00003,WP007,16.8074,79.9307,2024-08-05 07:10:40.231243,15141,507,0.272
ICAO24_00048,WP002,17.288733,78.727367,2024-08-05 01:56:40.231243,17286,361,0.243
ICAO24_00004,HYD,17.385,78.4867,2024-08-05 17:45:40.231243,26102,541,0.972
ICAO24_00048,WP005,16.999933,79.449367,2024-08-05 13:15:40.231243,22988,395,0.434
ICAO24_00010,WP006,16.903667,79.690033,2024-08-05 05:22:40.231243,15901,421,0.4
ICAO24_00010,HYD,17.385,78.4867,2024-08-05 04:22:40.231243,20426,347,0.759
ICAO24_00029,HYD,17.385,78.4867,2024-08-05 05:23:40.231243,36768,571,0.669
ICAO24_00002,WP003,17.192467,78.968033,2024-08-04 01:54:40.231361,21585,485,0.322
ICAO24_00003,WP004,17.0962,79.2087,2024-08-04 05:48:40.231361,31726,235,0.169
ICAO24_00040,WP005,16.999933,79.449367,2024-08-04 04:10:40.231361,15809,425,0.626
ICAO24_00017,WP009,16.614867,80.412033,2024-08-04 16:00:40.231361,27866,574,0.823
ICAO24_00017,WP007,16.8074,79.9307,2024-08-04 05:21:40.231361,15726,477,0.453
ICAO24_00000,WP004,17.0962,79.2087,2024-08-04 05:39:40.231361,26876,244,0.862
ICAO24_00018,WP005,16.999933,79.449367,2024-08-04 01:17:40.231361,16027,363,0.38
ICAO24_00007,WP008,16.711133,80.171367,2024-08-03 22:58:40.231361,27040,585,0.628
ICAO24_00001,WP006,16.903667,79.690033,2024-08-04 15:11:40.231361,18500,419,0.544
ICAO24_00008,WP002,17.288733,78.727367,2024-08-03 21:22:40.231361,36297,218,0.05
ICAO24_00003,WP003,17.192467,78.968033,2024-08-04 05:58:40.231361,25245,567,0.077
ICAO24_00014,WP006,16.903667,79.690033,2024-08-03 20:24:40.231361,38356,223,0.03
ICAO24_00040,HYD,17.385,78.4867,2024-08-04 19:16:40.231361,37695,374,0.626
ICAO24_00031,WP007,16.8074,79.9307,2024-08-03 00:50:40.231527,19097,220,0.846
ICAO24_00021,WP009,16.614867,80.412033,2024-08-03 18:34:40.231527,26547,389,0.408
ICAO24_00009,VGA,16.5186,80.6527,2024-08-03 03:54:40.231527,27188,559,0.632
ICAO24_00046,WP009,16.614867,80.412033,2024-08-03 17:36:40.231527,34766,325,0.241
ICAO24_00011,VGA,16.5186,80.6527,2024-08-03 16:06:40.231527,26331,234,0.933
ICAO24_00004,WP009,16.614867,80.412033,2024-08-03 08:00:40.231527,18564,502,0.646
ICAO24_00004,WP009,16.614867,80.412033,2024-08-03 06:28:40.231527,20481,581,0.09
ICAO24_00009,WP004,17.0962,79.2087,2024-08-03 04:38:40.231527,37665,322,0.017
ICAO24_00002,WP008,16.711133,80.171367,2024-08-02 10:20:40.231643,19634,343,0.682
ICAO24_00033,WP007,16.8074,79.9307,2024-08-02 10:42:40.231643,32249,335,0.024
ICAO24_00046,WP002,17.288733,78.727367,2024-08-02 08:00:40.231643,36376,388,0.443
ICAO24_00007,WP008,16.711133,80.171367,2024-08-02 12:00:40.231643,38771,318,0.697
ICAO24_00031,WP002,17.288733,78.727367,2024-08-01 23:51:40.231643,18383,568,0.246
ICAO24_00001,VGA,16.5186,80.6527,2024-08-02 04:19:40.231643,36549,232,0.561
ICAO24_00026,WP008,16.711133,80.171367,2024-08-01 08:05:40.231722,22703,343,0.374
ICAO24_00033,VGA,16.5186,80.6527,2024-07-31 21:35:40.231722,38457,373,0.278
ICAO24_00037,WP007,16.8074,79.9307,2024-08-01 03:00:40.231722,37918,579,0.785
ICAO24_00044,WP006,16.903667,79.690033,2024-08-01 02:11:40.231722,33168,555,0.238
ICAO24_00003,WP009,16.614867,80.412033,2024-07-31 22:52:40.231722,37307,483,0.955
ICAO24_00016,WP004,17.0962,79.2087,2024-08-01 15:53:40.231722,18261,205,0.084
ICAO24_00035,WP007,16.8074,79.9307,2024-07-31 21:26:40.231722,15955,464,0.715
ICAO24_00028,WP007,16.8074,79.9307,2024-08-01 08:28:40.231722,32422,365,0.936
ICAO24_00023,WP007,16.8074,79.9307,2024-08-01 06:40:40.231722,15675,368,0.534
ICAO24_00047,WP007,16.8074,79.9307,2024-07-31 21:53:40.231722,19784,582,0.248
ICAO24_00010,HYD,17.385,78.4867,2024-07-31 18:28:40.231855,34497,352,0.349
ICAO24_00014,HYD,17.385,78.4867,2024-07-31 19:33:40.231855,39776,582,0.448
ICAO24_00048,HYD,17.385,78.4867,2024-07-30 22:28:40.231855,15154,269,0.145
ICAO24_00001,WP005,16.999933,79.449367,2024-07-31 05:27:40.231855,20616,514,0.079
ICAO24_00014,WP006,16.903667,79.690033,2024-07-31 15:24:40.231855,24485,317,0.764
ICAO24_00017,WP002,17.288733,78.727367,2024-07-30 20:28:40.231855,28811,427,0.089
ICAO24_00049,VGA,16.5186,80.6527,2024-07-31 05:57:40.231855,37542,396,0.739
ICAO24_00011,WP002,17.288733,78.727367,2024-07-31 13:37:40.231855,39916,456,0.742
ICAO24_00031,WP009,16.614867,80.412033,2024-07-31 18:13:40.231855,38710,214,0.322
ICAO24_00007,WP006,16.903667,79.690033,2024-07-31 01:11:40.231855,32769,457,0.673
ICAO24_00014,WP003,17.192467,78.968033,2024-07-31 18:01:40.231855,37695,243,0.479
ICAO24_00042,WP002,17.288733,78.727367,2024-07-31 04:55:40.231855,30319,243,0.953
ICAO24_00005,WP009,16.614867,80.412033,2024-07-31 06:19:40.231855,17154,320,0.095
ICAO24_00017,WP003,17.192467,78.968033,2024-07-30 15:38:40.232034,37213,443,0.325
ICAO24_00038,HYD,17.385,78.4867,2024-07-30 01:45:40.232034,31042,271,0.553
ICAO24_00021,WP003,17.192467,78.968033,2024-07-30 01:28:40.232034,29216,467,0.204
ICAO24_00044,WP003,17.192467,78.968033,2024-07-29 22:05:40.232034,22899,476,0.679
ICAO24_00021,WP005,16.999933,79.449367,2024-07-30 16:06:40.232034,19843,312,0.422
ICAO24_00033,WP007,16.8074,79.9307,2024-07-30 00:37:40.232034,23312,316,0.795
ICAO24_00037,WP005,16.999933,79.449367,2024-07-30 04:43:40.232034,37679,364,0.326
ICAO24_00048,WP009,16.614867,80.412033,2024-07-30 10:05:40.232034,34022,200,0.969
ICAO24_00004,WP008,16.711133,80.171367,2024-07-30 04:42:40.232034,25695,341,0.92
ICAO24_00041,WP006,16.903667,79.690033,2024-07-30 13:26:40.232034,22347,222,0.957
ICAO24_00033,WP003,17.192467,78.968033,2024-07-30 04:45:40.232034,19824,561,0.441
ICAO24_00019,WP006,16.903667,79.690033,2024-07-29 21:20:40.232034,31062,487,0.717
ICAO24_00040,HYD,17.385,78.4867,2024-07-30 09:24:40.232034,28284,236,0.709
ICAO24_00007,VGA,16.5186,80.6527,2024-07-29 09:39:40.232199,37608,208,0.388
ICAO24_00031,WP008,16.711133,80.171367,2024-07-29 18:01:40.232199,27419,461,0.864
ICAO24_00016,WP008,16.711133,80.171367,2024-07-29 12:27:40.232199,16891,427,0.435
ICAO24_00032,WP002,17.288733,78.727367,2024-07-29 18:20:40.232199,15712,412,0.914
ICAO24_00025,VGA,16.5186,80.6527,2024-07-29 15:54:40.232199,15042,573,0.427
ICAO24_00037,VGA,16.5186,80.6527,2024-07-29 04:50:40.232199,25595,598,0.614
ICAO24_00023,VGA,16.5186,80.6527,2024-07-29 14:00:40.232199,18653,444,0.724
ICAO24_00041,WP008,16.711133,80.171367,2024-07-28 22:18:40.232199,23679,301,0.985
ICAO24_00012,WP004,17.0962,79.2087,2024-07-29 05:58:40.232199,25752,520,0.329
ICAO24_00002,WP008,16.711133,80.171367,2024-07-28 22:17:40.232199,17384,587,0.063
ICAO24_00038,WP002,17.288733,78.727367,2024-07-29 13:36:40.232199,21930,298,0.699
ICAO24_00042,WP002,17.288733,78.727367,2024-07-29 17:29:40.232199,35935,475,0.852
ICAO24_00037,WP003,17.192467,78.968033,2024-07-29 16:27:40.232199,36191,423,0.412
ICAO24_00021,VGA,16.5186,80.6527,2024-07-28 19:04:40.232376,26321,218,0.844
ICAO24_00037,WP006,16.903667,79.690033,2024-07-27 21:01:40.232376,29247,559,0.451
ICAO24_00020,HYD,17.385,78.4867,2024-07-28 06:31:40.232376,31782,585,0.9
ICAO24_00019,WP003,17.192467,78.968033,2024-07-28 13:02:40.232376,38063,498,0.272
ICAO24_00032,WP007,16.8074,79.9307,2024-07-28 18:45:40.232376,27212,575,0.076
ICAO24_00030,WP008,16.711133,80.171367,2024-07-26 20:33:40.232449,27153,246,0.357
ICAO24_00022,WP005,16.999933,79.449367,2024-07-27 14:53:40.232449,34696,211,0.382
ICAO24_00039,WP009,16.614867,80.412033,2024-07-27 14:27:40.232449,33023,567,0.985
ICAO24_00001,WP002,17.288733,78.727367,2024-07-27 01:21:40.232449,38925,391,0.293
ICAO24_00024,WP004,17.0962,79.2087,2024-07-27 19:10:40.232449,35018,435,0.137
ICAO24_00014,WP006,16.903667,79.690033,2024-07-27 14:30:40.232449,21149,513,0.045
ICAO24_00030,WP007,16.8074,79.9307,2024-07-27 11:57:40.232449,28088,429,0.753
ICAO24_00012,WP002,17.288733,78.727367,2024-07-27 16:53:40.232449,19509,444,0.611
ICAO24_00028,HYD,17.385,78.4867,2024-07-27 16:09:40.232449,36473,395,0.746
ICAO24_00047,WP006,16.903667,79.690033,2024-07-27 06:22:40.232449,29861,512,0.429
ICAO24_00038,WP008,16.711133,80.171367,2024-07-26 08:57:40.232580,37568,205,0.292
ICAO24_00042,VGA,16.5186,80.6527,2024-07-26 05:21:40.232580,17290,337,0.8
ICAO24_00032,HYD,17.385,78.4867,2024-07-26 13:45:40.232580,34878,402,0.096
ICAO24_00012,HYD,17.385,78.4867,2024-07-26 13:08:40.232580,28253,471,0.182
ICAO24_00026,WP008,16.711133,80.171367,2024-07-26 09:10:40.232580,32791,474,0.123
ICAO24_00027,HYD,17.385,78.4867,2024-07-26 04:40:40.232580,29036,314,0.017
ICAO24_00026,WP007,16.8074,79.9307,2024-07-26 04:18:40.232580,38488,491,0.295
ICAO24_00011,WP007,16.8074,79.9307,2024-07-26 09:08:40.232580,20991,245,0.017
ICAO24_00017,WP006,16.903667,79.690033,2024-07-26 14:56:40.232580,23990,505,0.839
ICAO24_00005,WP008,16.711133,80.171367,2024-07-26 06:10:40.232580,32276,205,0.949
ICAO24_00018,WP009,16.614867,80.412033,2024-07-26 07:24:40.232580,32968,295,0.889
ICAO24_00035,WP003,17.192467,78.968033,2024-07-26 07:58:40.232580,37009,372,0.308
ICAO24_00037,VGA,16.5186,80.6527,2024-07-26 06:25:40.232580,32360,495,0.764
ICAO24_00046,WP006,16.903667,79.690033,2024-07-26 17:45:40.232580,29493,397,0.9
ICAO24_00007,HYD,17.385,78.4867,2024-07-26 05:51:40.232580,24791,367,0.05
ICAO24_00047,WP002,17.288733,78.727367,2024-07-25 09:40:40.232782,36003,553,0.247
ICAO24_00006,WP006,16.903667,79.690033,2024-07-24 22:14:40.232782,18100,526,0.345
ICAO24_00026,WP002,17.288733,78.727367,2024-07-25 16:47:40.232782,25686,233,0.235
ICAO24_00037,WP003,17.192467,78.968033,2024-07-25 13:45:40.232782,21738,588,0.552
ICAO24_00016,VGA,16.5186,80.6527,2024-07-25 00:48:40.232782,27397,306,0.191
ICAO24_00028,WP003,17.192467,78.968033,2024-07-25 06:09:40.232782,37993,247,0.924
ICAO24_00000,WP007,16.8074,79.9307,2024-07-25 03:33:40.232782,38451,436,0.659
ICAO24_00014,WP005,16.999933,79.449367,2024-07-25 00:29:40.232782,21379,250,0.784
ICAO24_00044,WP007,16.8074,79.9307,2024-07-25 18:10:40.232782,17144,460,0.41
ICAO24_00019,WP007,16.8074,79.9307,2024-07-25 09:12:40.232782,23324,246,0.895
ICAO24_00001,WP007,16.8074,79.9307,2024-07-24 21:57:40.232782,24395,297,0.857
ICAO24_00001,WP003,17.192467,78.968033,2024-07-23 23:59:40.232927,33072,391,0.994
ICAO24_00045,WP009,16.614867,80.412033,2024-07-23 21:56:40.232927,32631,386,0.36
ICAO24_00029,WP009,16.614867,80.412033,2024-07-23 23:28:40.232927,18353,281,0.078
ICAO24_00022,VGA,16.5186,80.6527,2024-07-24 02:31:40.232927,37165,299,0.631
ICAO24_00030,WP006,16.903667,79.690033,2024-07-24 03:40:40.232927,33925,289,0.881
ICAO24_00029,WP008,16.711133,80.171367,2024-07-23 21:49:40.232927,21035,375,0.645
ICAO24_00019,WP004,17.0962,79.2087,2024-07-23 07:23:40.233004,33958,348,0.43
ICAO24_00013,WP002,17.288733,78.727367,2024-07-23 13:38:40.233004,16908,359,0.898
ICAO24_00014,VGA,16.5186,80.6527,2024-07-23 09:53:40.233004,29993,269,0.672
ICAO24_00044,VGA,16.5186,80.6527,2024-07-23 01:36:40.233004,18341,321,0.619
ICAO24_00034,WP003,17.192467,78.968033,2024-07-23 06:07:40.233004,38853,519,0.641
ICAO24_00036,WP009,16.614867,80.412033,2024-07-22 03:38:40.233069,17141,512,0.688
ICAO24_00038,VGA,16.5186,80.6527,2024-07-22 14:37:40.233069,37475,305,0.877
ICAO24_00005,WP003,17.192467,78.968033,2024-07-22 09:38:40.233069,19786,511,0.813
ICAO24_00030,WP004,17.0962,79.2087,2024-07-22 08:06:40.233069,34128,309,0.18
ICAO24_00037,WP009,16.614867,80.412033,2024-07-22 19:40:40.233069,33642,330,0.842
ICAO24_00022,WP005,16.999933,79.449367,2024-07-22 10:41:40.233069,37053,496,0.511
ICAO24_00002,WP004,17.0962,79.2087,2024-07-22 08:00:40.233069,21059,457,0.672
ICAO24_00021,VGA,16.5186,80.6527,2024-07-22 05:56:40.233069,29817,389,0.453
ICAO24_00048,WP006,16.903667,79.690033,2024-07-22 04:42:40.233069,28562,351,0.057
ICAO24_00004,WP007,16.8074,79.9307,2024-07-20 23:03:40.233189,22480,553,0.298
ICAO24_00045,WP009,16.614867,80.412033,2024-07-20 20:53:40.233189,28550,206,0.812
ICAO24_00031,WP003,17.192467,78.968033,2024-07-21 16:13:40.233189,24128,313,0.425
ICAO24_00018,WP004,17.0962,79.2087,2024-07-20 21:30:40.233189,30779,555,0.598
ICAO24_00025,WP005,16.999933,79.449367,2024-07-21 03:19:40.233189,35306,482,0.419
ICAO24_00009,WP008,16.711133,80.171367,2024-07-20 21:09:40.233189,30739,598,0.136
ICAO24_00020,WP005,16.999933,79.449367,2024-07-21 19:02:40.233189,22129,325,0.712
ICAO24_00047,WP003,17.192467,78.968033,2024-07-21 17:43:40.233189,30819,454,0.232
ICAO24_00047,WP003,17.192467,78.968033,2024-07-21 04:48:40.233189,35866,399,0.887
ICAO24_00015,WP004,17.0962,79.2087,2024-07-21 05:58:40.233189,23077,478,0.277
ICAO24_00040,HYD,17.385,78.4867,2024-07-20 22:46:40.233189,15082,466,0.162
ICAO24_00022,WP005,16.999933,79.449367,2024-07-21 10:55:40.233189,26242,440,0.918
ICAO24_00005,WP009,16.614867,80.412033,2024-07-20 15:35:40.233358,38064,368,0.931
ICAO24_00022,HYD,17.385,78.4867,2024-07-20 15:08:40.233358,39543,200,0.906
ICAO24_00048,WP009,16.614867,80.412033,2024-07-20 11:01:40.233358,29579,481,0.64
ICAO24_00036,WP002,17.288733,78.727367,2024-07-19 21:13:40.233358,19260,390,0.619
ICAO24_00048,WP003,17.192467,78.968033,2024-07-19 20:32:40.233358,24563,222,0.204
ICAO24_00012,VGA,16.5186,80.6527,2024-07-19 21:40:40.233358,28936,317,0.878
ICAO24_00044,WP009,16.614867,80.412033,2024-07-20 09:29:40.233358,15472,328,0.851
ICAO24_00015,WP006,16.903667,79.690033,2024-07-20 12:57:40.233358,20197,463,0.663
ICAO24_00006,WP006,16.903667,79.690033,2024-07-20 12:13:40.233358,19075,397,0.848
ICAO24_00044,WP009,16.614867,80.412033,2024-07-20 04:35:40.233358,35746,210,0.218
ICAO24_00049,WP009,16.614867,80.412033,2024-07-20 11:01:40.233358,19872,259,0.677
ICAO24_00028,WP007,16.8074,79.9307,2024-07-20 07:10:40.233358,19046,247,0.411
ICAO24_00033,HYD,17.385,78.4867,2024-07-18 23:10:40.233515,21444,282,0.538
ICAO24_00022,HYD,17.385,78.4867,2024-07-19 19:38:40.233515,35839,475,0.584
ICAO24_00000,WP003,17.192467,78.968033,2024-07-18 23:12:40.233515,20614,239,0.511
ICAO24_00037,WP007,16.8074,79.9307,2024-07-19 07:34:40.233515,34269,259,0.062
ICAO24_00016,HYD,17.385,78.4867,2024-07-18 20:57:40.233515,21161,373,0.137
ICAO24_00024,WP005,16.999933,79.449367,2024-07-19 06:42:40.233515,18783,469,0.665
ICAO24_00042,WP004,17.0962,79.2087,2024-07-18 21:22:40.233515,32272,544,0.813
ICAO24_00020,WP002,17.288733,78.727367,2024-07-19 16:58:40.233515,37891,512,0.712
ICAO24_00041,HYD,17.385,78.4867,2024-07-19 11:15:40.233515,18197,221,0.405
ICAO24_00024,WP007,16.8074,79.9307,2024-07-19 07:53:40.233515,20225,270,0.851
ICAO24_00006,WP005,16.999933,79.449367,2024-07-18 22:30:40.233515,37021,259,0.812
ICAO24_00041,HYD,17.385,78.4867,2024-07-19 00:00:40.233515,38208,288,0.159
ICAO24_00033,WP006,16.903667,79.690033,2024-07-19 09:34:40.233515,16208,587,0.387
ICAO24_00003,HYD,17.385,78.4867,2024-07-19 03:39:40.233515,21363,480,0.873
ICAO24_00037,WP007,16.8074,79.9307,2024-07-19 01:15:40.233515,25408,379,0.283
ICAO24_00045,WP009,16.614867,80.412033,2024-07-18 10:42:40.233716,30732,344,0.356
ICAO24_00015,WP009,16.614867,80.412033,2024-07-18 01:39:40.233716,26119,545,0.179
ICAO24_00035,WP009,16.614867,80.412033,2024-07-18 14:51:40.233716,22855,413,0.29
ICAO24_00038,VGA,16.5186,80.6527,2024-07-18 10:54:40.233716,17571,425,0.261
ICAO24_00018,HYD,17.385,78.4867,2024-07-18 17:15:40.233716,36529,313,0.156
ICAO24_00008,VGA,16.5186,80.6527,2024-07-18 09:17:40.233716,33017,393,0.148
ICAO24_00035,WP003,17.192467,78.968033,2024-07-18 11:05:40.233716,28183,393,0.674
ICAO24_00005,WP002,17.288733,78.727367,2024-07-18 07:55:40.233716,24108,295,0.976
ICAO24_00017,WP007,16.8074,79.9307,2024-07-18 13:21:40.233716,26069,516,0.142
ICAO24_00035,WP009,16.614867,80.412033,2024-07-17 21:54:40.233716,37000,292,0.851
ICAO24_00000,WP004,17.0962,79.2087,2024-07-17 09:14:40.233901,26018,560,0.888
ICAO24_00001,WP008,16.711133,80.171367,2024-07-17 00:17:40.233901,27662,563,0.686
ICAO24_00031,WP004,17.0962,79.2087,2024-07-17 12:31:40.233901,36547,321,0.983
ICAO24_00002,WP004,17.0962,79.2087,2024-07-17 04:44:40.233901,22843,222,0.694
ICAO24_00038,WP006,16.903667,79.690033,2024-07-17 08:35:40.233901,15531,537,0.568
ICAO24_00023,VGA,16.5186,80.6527,2024-07-17 00:39:40.233901,37646,394,0.029
ICAO24_00019,WP002,17.288733,78.727367,2024-07-17 15:40:40.233901,19713,355,0.159
ICAO24_00019,VGA,16.5186,80.6527,2024-07-17 14:17:40.233901,33223,323,0.471
ICAO24_00012,WP007,16.8074,79.9307,2024-07-17 07:39:40.233901,38037,245,0.223
ICAO24_00044,WP004,17.0962,79.2087,2024-07-17 16:07:40.233901,39586,486,0.997
ICAO24_00031,WP003,17.192467,78.968033,2024-07-17 19:15:40.233901,32508,216,0.584
ICAO24_00023,WP008,16.711133,80.171367,2024-07-16 02:03:40.234044,37762,555,0.732
ICAO24_00049,WP007,16.8074,79.9307,2024-07-16 07:31:40.234044,22668,353,0.96
ICAO24_00007,WP008,16.711133,80.171367,2024-07-16 01:50:40.234044,21255,299,0.337
ICAO24_00013,HYD,17.385,78.4867,2024-07-16 10:30:40.234044,28620,579,0.834
ICAO24_00043,WP003,17.192467,78.968033,2024-07-16 11:17:40.234044,23645,593,0.277
ICAO24_00024,WP008,16.711133,80.171367,2024-07-16 19:35:40.234044,30709,274,0.111
ICAO24_00028,WP005,16.999933,79.449367,2024-07-16 18:10:40.234044,24330,504,0.781
ICAO24_00030,HYD,17.385,78.4867,2024-07-16 16:01:40.234044,17934,403,0.072
ICAO24_00020,WP009,16.614867,80.412033,2024-07-16 01:27:40.234044,23103,547,0.348
ICAO24_00046,WP003,17.192467,78.968033,2024-07-16 09:30:40.234044,33640,262,0.793
ICAO24_00011,HYD,17.385,78.4867,2024-07-15 22:18:40.234044,38134,453,0.217
ICAO24_00048,WP008,16.711133,80.171367,2024-07-16 03:40:40.234044,32740,208,0.138
ICAO24_00041,WP007,16.8074,79.9307,2024-07-16 07:45:40.234044,27139,347,0.547
ICAO24_00049,WP009,16.614867,80.412033,2024-07-16 06:45:40.234044,31107,426,0.897
ICAO24_00029,WP002,17.288733,78.727367,2024-07-14 20:47:40.234220,37866,306,0.352
ICAO24_00048,WP008,16.711133,80.171367,2024-07-15 01:12:40.234220,23641,343,0.572
ICAO24_00038,WP006,16.903667,79.690033,2024-07-14 23:42:40.234220,16732,474,0.948
ICAO24_00011,WP004,17.0962,79.2087,2024-07-15 06:56:40.234220,23010,290,0.973
ICAO24_00043,WP002,17.288733,78.727367,2024-07-15 09:24:40.234220,25432,241,0.347
ICAO24_00001,WP006,16.903667,79.690033,2024-07-15 18:01:40.234220,36582,320,0.617
ICAO24_00020,VGA,16.5186,80.6527,2024-07-15 11:44:40.234220,32791,436,0.451
ICAO24_00040,WP005,16.999933,79.449367,2024-07-15 15:04:40.234220,21282,444,0.686
ICAO24_00032,WP003,17.192467,78.968033,2024-07-14 22:37:40.234220,24230,360,0.073
ICAO24_00006,VGA,16.5186,80.6527,2024-07-15 11:51:40.234220,30784,481,0.142
ICAO24_00002,WP002,17.288733,78.727367,2024-07-15 13:12:40.234220,32610,393,0.594
ICAO24_00020,WP003,17.192467,78.968033,2024-07-15 07:10:40.234220,24774,283,0.174
ICAO24_00005,WP004,17.0962,79.2087,2024-07-15 14:13:40.234220,17570,404,0.463
ICAO24_00014,HYD,17.385,78.4867,2024-07-15 13:28:40.234220,36702,220,0.73
ICAO24_00038,WP004,17.0962,79.2087,2024-07-15 11:08:40.234220,34640,223,0.274
ICAO24_00019,VGA,16.5186,80.6527,2024-07-14 18:44:40.234419,39216,343,0.148
ICAO24_00042,HYD,17.385,78.4867,2024-07-13 23:23:40.234419,27472,225,0.518
ICAO24_00037,WP007,16.8074,79.9307,2024-07-14 10:59:40.234419,22099,449,0.466
ICAO24_00037,WP006,16.903667,79.690033,2024-07-14 00:06:40.234419,28322,450,0.135
ICAO24_00045,WP004,17.0962,79.2087,2024-07-14 07:55:40.234419,28185,215,0.962
ICAO24_00012,WP005,16.999933,79.449367,2024-07-13 15:44:40.234490,29069,576,0.528
ICAO24_00025,WP003,17.192467,78.968033,2024-07-13 19:29:40.234490,29882,402,0.281
ICAO24_00047,WP003,17.192467,78.968033,2024-07-12 20:18:40.234490,31411,423,0.509
ICAO24_00034,WP008,16.711133,80.171367,2024-07-13 06:34:40.234490,17093,358,0.485
ICAO24_00039,WP002,17.288733,78.727367,2024-07-13 04:29:40.234490,35713,286,0.362
ICAO24_00004,WP002,17.288733,78.727367,2024-07-12 10:27:40.234561,24757,221,0.451
ICAO24_00021,WP003,17.192467,78.968033,2024-07-12 20:00:40.234561,25773,302,0.485
ICAO24_00006,HYD,17.385,78.4867,2024-07-12 10:52:40.234561,26916,561,0.808
ICAO24_00038,WP005,16.999933,79.449367,2024-07-11 22:58:40.234561,26370,292,0.266
ICAO24_00045,WP008,16.711133,80.171367,2024-07-12 03:17:40.234561,25757,590,0.524
ICAO24_00000,HYD,17.385,78.4867,2024-07-12 06:17:40.234561,15187,563,0.159
ICAO24_00024,HYD,17.385,78.4867,2024-07-11 19:31:40.234643,24514,322,0.66
ICAO24_00023,WP005,16.999933,79.449367,2024-07-11 18:54:40.234643,16259,526,0.16
ICAO24_00012,WP002,17.288733,78.727367,2024-07-11 06:13:40.234643,39244,271,0.944
ICAO24_00025,WP006,16.903667,79.690033,2024-07-11 14:02:40.234643,38383,400,0.934
ICAO24_00020,WP002,17.288733,78.727367,2024-07-11 01:47:40.234643,24184,359,0.315
ICAO24_00012,WP006,16.903667,79.690033,2024-07-10 12:55:40.234708,26613,311,0.872
ICAO24_00033,WP003,17.192467,78.968033,2024-07-10 04:34:40.234708,38510,227,0.302
ICAO24_00007,WP008,16.711133,80.171367,2024-07-10 04:46:40.234708,25047,288,0.421
ICAO24_00015,WP009,16.614867,80.412033,2024-07-10 05:23:40.234708,22955,400,0.496
ICAO24_00040,WP003,17.192467,78.968033,2024-07-09 21:44:40.234708,19891,474,0.15
ICAO24_00005,WP005,16.999933,79.449367,2024-07-10 10:42:40.234708,23879,265,0.829
ICAO24_00041,HYD,17.385,78.4867,2024-07-10 00:23:40.234708,36272,438,0.781
ICAO24_00035,WP004,17.0962,79.2087,2024-07-10 08:58:40.234708,28354,439,0.53
ICAO24_00039,WP003,17.192467,78.968033,2024-07-10 00:19:40.234708,22757,463,0.605
ICAO24_00027,WP005,16.999933,79.449367,2024-07-10 09:31:40.234708,31164,417,0.212
ICAO24_00003,VGA,16.5186,80.6527,2024-07-09 20:37:40.234708,21841,410,0.723
ICAO24_00026,WP009,16.614867,80.412033,2024-07-10 04:23:40.234708,19938,425,0.108
ICAO24_00048,WP008,16.711133,80.171367,2024-07-10 10:00:40.234708,37346,588,0.985
ICAO24_00002,WP009,16.614867,80.412033,2024-07-10 05:36:40.234708,39406,438,0.469
ICAO24_00024,WP004,17.0962,79.2087,2024-07-09 04:40:40.234885,23636,211,0.099
ICAO24_00030,WP008,16.711133,80.171367,2024-07-08 23:04:40.234885,23342,431,0.537
ICAO24_00045,WP005,16.999933,79.449367,2024-07-08 22:38:40.234885,33764,297,0.38
ICAO24_00027,WP005,16.999933,79.449367,2024-07-09 01:35:40.234885,38750,358,0.653
ICAO24_00017,WP005,16.999933,79.449367,2024-07-09 00:50:40.234885,39133,433,0.982
ICAO24_00031,WP006,16.903667,79.690033,2024-07-08 20:17:40.234885,35484,326,0.281
ICAO24_00034,WP007,16.8074,79.9307,2024-07-09 07:41:40.234885,30084,396,0.809
ICAO24_00006,HYD,17.385,78.4867,2024-07-08 20:52:40.234885,15833,563,0.949
ICAO24_00004,WP009,16.614867,80.412033,2024-07-08 23:06:40.234885,19081,306,0.557
ICAO24_00017,WP005,16.999933,79.449367,2024-07-09 02:02:40.234885,38123,243,0.878
ICAO24_00031,VGA,16.5186,80.6527,2024-07-08 23:41:40.234885,26273,357,0.684
ICAO24_00048,WP003,17.192467,78.968033,2024-07-09 04:52:40.234885,24308,450,0.372
ICAO24_00005,WP006,16.903667,79.690033,2024-07-09 07:15:40.234885,26190,502,0.338
ICAO24_00038,WP007,16.8074,79.9307,2024-07-09 17:18:40.234885,17631,278,0.068
ICAO24_00027,VGA,16.5186,80.6527,2024-07-09 09:12:40.234885,22135,344,0.107
ICAO24_00027,HYD,17.385,78.4867,2024-07-08 12:26:40.235247,15420,354,0.509
ICAO24_00033,WP003,17.192467,78.968033,2024-07-08 08:01:40.235247,36906,230,0.159
ICAO24_00003,WP003,17.192467,78.968033,2024-07-08 02:10:40.235247,17263,380,0.924
ICAO24_00039,WP005,16.999933,79.449367,2024-07-08 05:06:40.235247,39312,516,0.905
ICAO24_00006,WP006,16.903667,79.690033,2024-07-08 17:58:40.235247,23163,345,0.193
ICAO24_00003,WP006,16.903667,79.690033,2024-07-08 02:59:40.235247,38329,221,0.504
ICAO24_00040,WP004,17.0962,79.2087,2024-07-08 10:11:40.235247,22520,292,0.7
ICAO24_00004,WP008,16.711133,80.171367,2024-07-07 14:36:40.235361,29046,270,0.115
ICAO24_00015,WP007,16.8074,79.9307,2024-07-06 23:10:40.235361,21417,408,0.483
ICAO24_00021,WP003,17.192467,78.968033,2024-07-07 15:48:40.235361,22349,449,0.692
ICAO24_00030,WP009,16.614867,80.412033,2024-07-06 21:04:40.235361,21451,424,0.42
ICAO24_00004,WP008,16.711133,80.171367,2024-07-07 03:56:40.235361,27105,310,0.158
ICAO24_00005,WP004,17.0962,79.2087,2024-07-06 22:13:40.235361,22740,514,0.065
ICAO24_00033,WP006,16.903667,79.690033,2024-07-07 07:34:40.235361,27639,596,0.995
ICAO24_00047,VGA,16.5186,80.6527,2024-07-07 07:36:40.235361,26466,315,0.56
ICAO24_00001,WP008,16.711133,80.171367,2024-07-07 06:09:40.235361,17831,426,0.482
ICAO24_00025,WP002,17.288733,78.727367,2024-07-06 19:24:40.235511,25798,558,0.642
ICAO24_00034,HYD,17.385,78.4867,2024-07-05 20:16:40.235511,28105,551,0.826
ICAO24_00011,WP004,17.0962,79.2087,2024-07-06 15:14:40.235511,18753,347,0.196
ICAO24_00035,WP007,16.8074,79.9307,2024-07-06 18:56:40.235511,15192,368,0.239
ICAO24_00001,WP009,16.614867,80.412033,2024-07-05 23:42:40.235511,22539,560,0.353
ICAO24_00016,WP007,16.8074,79.9307,2024-07-06 02:56:40.235511,36535,514,0.199
ICAO24_00013,WP008,16.711133,80.171367,2024-07-06 11:01:40.235511,22819,444,0.221
ICAO24_00019,WP007,16.8074,79.9307,2024-07-06 15:49:40.235511,35360,532,0.153
ICAO24_00003,WP004,17.0962,79.2087,2024-07-06 04:23:40.235511,16427,452,0.328
ICAO24_00025,WP002,17.288733,78.727367,2024-07-06 07:26:40.235511,38552,301,0.084
ICAO24_00016,VGA,16.5186,80.6527,2024-07-06 18:48:40.235511,31260,446,0.832
ICAO24_00004,WP004,17.0962,79.2087,2024-07-06 15:05:40.235511,37684,332,0.561
ICAO24_00014,HYD,17.385,78.4867,2024-07-06 15:16:40.235511,15428,373,0.981
ICAO24_00017,WP008,16.711133,80.171367,2024-07-05 10:51:40.235672,35252,505,0.67
ICAO24_00006,VGA,16.5186,80.6527,2024-07-04 23:26:40.235672,25983,382,0.191
ICAO24_00014,WP006,16.903667,79.690033,2024-07-05 13:01:40.235672,35576,369,0.027
ICAO24_00021,WP002,17.288733,78.727367,2024-07-05 04:58:40.235672,27928,439,0.565
ICAO24_00049,WP008,16.711133,80.171367,2024-07-05 17:37:40.235672,30919,449,0.746
ICAO24_00004,WP005,16.999933,79.449367,2024-07-05 05:20:40.235672,27465,410,0.924
ICAO24_00002,VGA,16.5186,80.6527,2024-07-05 06:21:40.235672,21005,539,0.158
ICAO24_00033,WP004,17.0962,79.2087,2024-07-05 19:36:40.235672,25535,522,0.366
ICAO24_00004,VGA,16.5186,80.6527,2024-07-05 06:40:40.235672,33982,307,0.855
ICAO24_00015,WP008,16.711133,80.171367,2024-07-04 23:04:40.235672,20187,377,0.456
ICAO24_00004,WP007,16.8074,79.9307,2024-07-05 19:17:40.235672,30637,225,0.725
ICAO24_00020,WP008,16.711133,80.171367,2024-07-05 06:56:40.235672,33705,565,0.655
ICAO24_00023,WP006,16.903667,79.690033,2024-07-05 12:28:40.235672,24008,314,0.637
ICAO24_00036,WP003,17.192467,78.968033,2024-07-04 16:49:40.235831,31458,338,0.662
ICAO24_00042,HYD,17.385,78.4867,2024-07-04 18:58:40.235831,22354,465,0.756
ICAO24_00025,WP008,16.711133,80.171367,2024-07-04 08:37:40.235831,37617,358,0.048
ICAO24_00040,WP009,16.614867,80.412033,2024-07-04 11:40:40.235831,34367,272,0.839
ICAO24_00014,WP007,16.8074,79.9307,2024-07-04 02:26:40.235831,21103,301,0.776
ICAO24_00018,VGA,16.5186,80.6527,2024-07-03 19:18:40.236065,36056,514,0.382
ICAO24_00039,WP006,16.903667,79.690033,2024-07-03 03:49:40.236065,21706,463,0.482
ICAO24_00026,WP004,17.0962,79.2087,2024-07-03 02:44:40.236065,23361,317,0.478
ICAO24_00020,WP005,16.999933,79.449367,2024-07-03 04:43:40.236065,18437,444,0.524
ICAO24_00019,WP002,17.288733,78.727367,2024-07-03 13:11:40.236065,24725,403,0.663
ICAO24_00013,VGA,16.5186,80.6527,2024-07-03 08:14:40.236065,31704,343,0.623
ICAO24_00006,WP006,16.903667,79.690033,2024-07-02 20:25:40.236065,29557,495,0.488
ICAO24_00011,WP007,16.8074,79.9307,2024-07-03 14:20:40.236065,17530,390,0.351
ICAO24_00044,WP008,16.711133,80.171367,2024-07-03 09:10:40.236065,35381,499,0.465
ICAO24_00013,WP005,16.999933,79.449367,2024-07-03 08:44:40.236065,39491,227,0.478
ICAO24_00047,WP008,16.711133,80.171367,2024-07-03 17:06:40.236065,24417,354,0.797
ICAO24_00030,VGA,16.5186,80.6527,2024-07-03 15:22:40.236065,37877,367,0.724
ICAO24_00040,WP005,16.999933,79.449367,2024-07-02 22:33:40.236065,28760,504,0.108
ICAO24_00041,WP008,16.711133,80.171367,2024-07-03 02:52:40.236065,22118,586,0.137
ICAO24_00007,VGA,16.5186,80.6527,2024-07-02 17:39:40.236249,17485,524,0.246
ICAO24_00043,HYD,17.385,78.4867,2024-07-02 16:37:40.236249,25897,283,0.046
ICAO24_00012,WP009,16.614867,80.412033,2024-07-02 07:36:40.236249,33434,522,0.587
ICAO24_00033,WP005,16.999933,79.449367,2024-07-02 07:27:40.236249,21313,447,0.403
ICAO24_00014,WP009,16.614867,80.412033,2024-07-02 01:56:40.236249,32190,361,0.244
ICAO24_00027,WP002,17.288733,78.727367,2024-07-01 20:24:40.236249,27787,323,0.104
ICAO24_00049,WP008,16.711133,80.171367,2024-07-01 20:47:40.236249,21938,583,0.716
ICAO24_00035,WP003,17.192467,78.968033,2024-07-02 05:45:40.236249,27652,318,0.235
ICAO24_00022,WP007,16.8074,79.9307,2024-06-30 21:13:40.236354,32098,517,0.859
ICAO24_00022,WP008,16.711133,80.171367,2024-06-30 23:27:40.236354,19539,511,0.071
ICAO24_00011,VGA,16.5186,80.6527,2024-06-30 22:38:40.236354,33826,373,0.822
ICAO24_00036,WP002,17.288733,78.727367,2024-07-01 01:52:40.236354,18775,327,0.586
ICAO24_00025,VGA,16.5186,80.6527,2024-06-30 22:37:40.236354,29727,547,0.083
ICAO24_00022,WP003,17.192467,78.968033,2024-07-01 17:44:40.236354,31831,412,0.232
ICAO24_00008,HYD,17.385,78.4867,2024-06-30 23:19:40.236354,30214,578,0.359
ICAO24_00042,WP002,17.288733,78.727367,2024-07-01 07:11:40.236354,39829,457,0.925
ICAO24_00012,VGA,16.5186,80.6527,2024-07-01 11:51:40.236354,22450,536,0.398
ICAO24_00049,WP006,16.903667,79.690033,2024-07-01 12:56:40.236354,19115,571,0.16
ICAO24_00002,WP009,16.614867,80.412033,2024-07-01 11:58:40.236354,36757,320,0.313
ICAO24_00000,WP006,16.903667,79.690033,2024-06-30 01:59:40.236492,36170,314,0.624
ICAO24_00046,HYD,17.385,78.4867,2024-06-30 08:22:40.236492,32309,523,0.403
ICAO24_00027,VGA,16.5186,80.6527,2024-06-30 11:30:40.236492,31101,349,0.636
ICAO24_00043,WP003,17.192467,78.968033,2024-06-30 00:48:40.236492,38432,532,0.748
ICAO24_00049,WP003,17.192467,78.968033,2024-06-30 02:00:40.236492,34825,324,0.062
ICAO24_00012,WP003,17.192467,78.968033,2024-06-30 19:58:40.236492,15751,294,0.229
ICAO24_00030,HYD,17.385,78.4867,2024-06-29 07:32:40.236580,23189,572,0.439
ICAO24_00037,WP003,17.192467,78.968033,2024-06-29 00:50:40.236580,24973,453,0.45
ICAO24_00022,WP005,16.999933,79.449367,2024-06-29 08:42:40.236580,24931,280,0.176
ICAO24_00015,VGA,16.5186,80.6527,2024-06-28 22:20:40.236580,26772,584,0.956
ICAO24_00025,HYD,17.385,78.4867,2024-06-29 12:26:40.236580,15777,493,0.067
ICAO24_00048,HYD,17.385,78.4867,2024-06-29 04:42:40.236580,37779,549,0.024
ICAO24_00014,WP008,16.711133,80.171367,2024-06-28 20:20:40.236580,27906,448,0.695
ICAO24_00023,WP004,17.0962,79.2087,2024-06-29 02:58:40.236580,30509,474,0.884
ICAO24_00014,WP004,17.0962,79.2087,2024-06-29 06:39:40.236580,15415,581,0.067
ICAO24_00013,WP008,16.711133,80.171367,2024-06-29 12:55:40.236580,35810,206,0.795
ICAO24_00013,HYD,17.385,78.4867,2024-06-28 23:53:40.236580,21585,249,0.072
ICAO24_00017,VGA,16.5186,80.6527,2024-06-28 21:43:40.236580,26504,258,0.348
ICAO24_00027,WP006,16.903667,79.690033,2024-06-27 22:08:40.236731,29406,527,0.044
ICAO24_00043,HYD,17.385,78.4867,2024-06-27 20:56:40.236731,30135,482,0.104
ICAO24_00016,VGA,16.5186,80.6527,2024-06-27 20:37:40.236731,24324,250,0.871
ICAO24_00045,WP002,17.288733,78.727367,2024-06-28 10:18:40.236731,34789,512,0.448
ICAO24_00043,WP008,16.711133,80.171367,2024-06-28 08:58:40.236731,37985,536,0.325
ICAO24_00023,HYD,17.385,78.4867,2024-06-27 11:53:40.236794,22768,391,0.977
ICAO24_00049,WP006,16.903667,79.690033,2024-06-27 18:53:40.236794,25119,202,0.931
ICAO24_00025,WP006,16.903667,79.690033,2024-06-27 12:59:40.236794,22371,312,0.11
ICAO24_00019,WP009,16.614867,80.412033,2024-06-27 04:38:40.236794,24042,340,0.183
ICAO24_00013,HYD,17.385,78.4867,2024-06-27 10:51:40.236794,31249,314,0.716
ICAO24_00014,WP008,16.711133,80.171367,2024-06-27 18:59:40.236794,22001,260,0.805
ICAO24_00020,HYD,17.385,78.4867,2024-06-27 05:09:40.236794,19606,469,0.095
ICAO24_00048,WP004,17.0962,79.2087,2024-06-26 19:54:40.236881,22628,596,0.484
ICAO24_00007,VGA,16.5186,80.6527,2024-06-26 09:50:40.236881,29355,211,0.57
ICAO24_00042,WP005,16.999933,79.449367,2024-06-26 04:45:40.236881,34117,235,0.092
ICAO24_00015,WP008,16.711133,80.171367,2024-06-26 14:27:40.236881,24978,558,0.117
ICAO24_00028,WP005,16.999933,79.449367,2024-06-26 04:22:40.236881,22321,489,0.373
ICAO24_00024,WP004,17.0962,79.2087,2024-06-25 23:06:40.236881,34424,430,0.668
ICAO24_00035,WP005,16.999933,79.449367,2024-06-26 13:06:40.236881,21540,215,0.489
ICAO24_00001,HYD,17.385,78.4867,2024-06-25 09:26:40.236980,36527,553,0.632
ICAO24_00045,HYD,17.385,78.4867,2024-06-25 08:11:40.236980,16774,589,0.939
ICAO24_00043,WP008,16.711133,80.171367,2024-06-25 19:30:40.236980,34675,278,0.063
ICAO24_00006,WP005,16.999933,79.449367,2024-06-25 09:55:40.236980,29245,205,0.036
ICAO24_00025,VGA,16.5186,80.6527,2024-06-24 23:54:40.236980,30607,541,0.309
ICAO24_00021,HYD,17.385,78.4867,2024-06-25 13:11:40.236980,22864,375,0.804
ICAO24_00014,WP005,16.999933,79.449367,2024-06-25 14:10:40.236980,25495,244,0.02
ICAO24_00021,WP006,16.903667,79.690033,2024-06-25 05:37:40.236980,30483,448,0.676
ICAO24_00044,WP004,17.0962,79.2087,2024-06-24 23:04:40.236980,37223,548,0.645
ICAO24_00029,WP009,16.614867,80.412033,2024-06-25 10:01:40.236980,26810,348,0.527
ICAO24_00021,WP009,16.614867,80.412033,2024-06-25 18:04:40.236980,35391,512,0.791
ICAO24_00024,WP006,16.903667,79.690033,2024-06-25 04:10:40.236980,31327,253,0.5
ICAO24_00037,VGA,16.5186,80.6527,2024-06-25 16:33:40.236980,21034,403,0.995
ICAO24_00010,WP009,16.614867,80.412033,2024-06-25 06:26:40.236980,30532,389,0.33
ICAO24_00038,VGA,16.5186,80.6527,2024-06-24 13:29:40.237169,25168,461,0.916
ICAO24_00049,WP006,16.903667,79.690033,2024-06-24 17:19:40.237169,36928,577,0.562
ICAO24_00044,VGA,16.5186,80.6527,2024-06-24 14:14:40.237169,39419,579,0.216
ICAO24_00039,WP004,17.0962,79.2087,2024-06-23 20:45:40.237169,36910,503,0.246
ICAO24_00023,WP007,16.8074,79.9307,2024-06-24 01:04:40.237169,27103,484,0.493
ICAO24_00008,WP002,17.288733,78.727367,2024-06-24 02:34:40.237169,23618,591,0.868
ICAO24_00008,WP002,17.288733,78.727367,2024-06-23 23:53:40.237169,25311,576,0.211
ICAO24_00027,HYD,17.385,78.4867,2024-06-24 08:06:40.237169,36002,525,0.58
ICAO24_00008,WP002,17.288733,78.727367,2024-06-24 06:57:40.237169,16414,442,0.967
ICAO24_00019,VGA,16.5186,80.6527,2024-06-24 17:59:40.237169,18565,255,0.188
ICAO24_00007,WP002,17.288733,78.727367,2024-06-24 01:53:40.237169,26745,471,0.862
ICAO24_00010,WP006,16.903667,79.690033,2024-06-23 08:33:40.237306,24276,584,0.656
ICAO24_00018,WP008,16.711133,80.171367,2024-06-23 08:39:40.237306,15753,578,0.935
ICAO24_00044,WP004,17.0962,79.2087,2024-06-23 13:13:40.237306,31355,500,0.188
ICAO24_00008,WP007,16.8074,79.9307,2024-06-23 17:51:40.237306,39366,517,0.789
ICAO24_00040,WP002,17.288733,78.727367,2024-06-23 06:50:40.237306,39674,514,0.159
ICAO24_00023,VGA,16.5186,80.6527,2024-06-23 16:34:40.237306,25496,385,0.788
ICAO24_00017,WP009,16.614867,80.412033,2024-06-21 20:08:40.237385,18738,274,0.723
ICAO24_00004,WP008,16.711133,80.171367,2024-06-22 04:35:40.237385,20465,426,0.126
ICAO24_00010,WP005,16.999933,79.449367,2024-06-22 07:58:40.237385,27153,419,0.336
ICAO24_00049,WP007,16.8074,79.9307,2024-06-22 12:14:40.237385,24289,320,0.341
ICAO24_00014,WP003,17.192467,78.968033,2024-06-22 06:45:40.237385,37977,300,0.762
ICAO24_00031,VGA,16.5186,80.6527,2024-06-22 06:09:40.237385,27056,403,0.566
ICAO24_00038,WP005,16.999933,79.449367,2024-06-21 21:32:40.237385,16716,558,0.934
ICAO24_00026,WP005,16.999933,79.449367,2024-06-21 23:50:40.237385,17960,577,0.501
ICAO24_00030,WP006,16.903667,79.690033,2024-06-22 13:07:40.237385,27945,379,0.989
ICAO24_00012,WP002,17.288733,78.727367,2024-06-21 23:29:40.237385,27007,397,0.414
ICAO24_00000,HYD,17.385,78.4867,2024-06-22 01:18:40.237385,34562,553,0.612
ICAO24_00044,HYD,17.385,78.4867,2024-06-21 22:18:40.237385,24787,351,0.78
ICAO24_00028,HYD,17.385,78.4867,2024-06-22 10:51:40.237385,16668,227,0.551
ICAO24_00020,WP005,16.999933,79.449367,2024-06-22 06:00:40.237385,27771,465,0.246
ICAO24_00009,WP005,16.999933,79.449367,2024-06-20 23:09:40.237556,21750,461,0.345
ICAO24_00003,WP009,16.614867,80.412033,2024-06-21 02:59:40.237556,21506,454,0.855
ICAO24_00001,WP003,17.192467,78.968033,2024-06-21 07:59:40.237556,21111,215,0.522
ICAO24_00018,WP007,16.8074,79.9307,2024-06-21 02:09:40.237556,27099,513,0.125
ICAO24_00024,VGA,16.5186,80.6527,2024-06-21 02:26:40.237556,28512,597,0.858
ICAO24_00018,HYD,17.385,78.4867,2024-06-20 20:10:40.237556,15839,525,0.194
ICAO24_00040,WP002,17.288733,78.727367,2024-06-21 06:03:40.237556,27341,243,0.03
ICAO24_00006,WP004,17.0962,79.2087,2024-06-21 03:31:40.237556,25241,455,0.73
ICAO24_00000,WP006,16.903667,79.690033,2024-06-21 16:59:40.237556,37789,379,0.917
ICAO24_00002,WP002,17.288733,78.727367,2024-06-20 13:40:40.237672,26378,322,0.886
ICAO24_00036,HYD,17.385,78.4867,2024-06-20 04:09:40.237672,19548,267,0.475
ICAO24_00034,WP002,17.288733,78.727367,2024-06-20 05:55:40.237672,17009,336,0.898
ICAO24_00018,WP003,17.192467,78.968033,2024-06-20 19:27:40.237672,20853,472,0.172
ICAO24_00005,WP003,17.192467,78.968033,2024-06-19 22:07:40.237672,24064,249,0.325
ICAO24_00018,WP004,17.0962,79.2087,2024-06-20 09:35:40.237672,21596,442,0.728
ICAO24_00034,VGA,16.5186,80.6527,2024-06-20 07:56:40.237672,25074,380,0.4
ICAO24_00012,VGA,16.5186,80.6527,2024-06-20 00:49:40.237672,37907,325,0.582
ICAO24_00034,WP006,16.903667,79.690033,2024-06-20 16:04:40.237672,37458,225,0.63
ICAO24_00023,HYD,17.385,78.4867,2024-06-19 23:24:40.237672,33885,336,0.28
ICAO24_00020,WP009,16.614867,80.412033,2024-06-19 03:55:40.237800,36415,518,0.263
ICAO24_00047,WP003,17.192467,78.968033,2024-06-19 09:06:40.237800,20645,386,0.439
ICAO24_00008,WP007,16.8074,79.9307,2024-06-18 21:08:40.237800,22344,522,0.988
ICAO24_00030,WP006,16.903667,79.690033,2024-06-18 21:56:40.237800,37780,223,0.625
ICAO24_00000,WP006,16.903667,79.690033,2024-06-18 22:35:40.237800,27784,510,0.724
ICAO24_00004,WP008,16.711133,80.171367,2024-06-19 05:24:40.237800,16681,374,0.043
ICAO24_00000,WP003,17.192467,78.968033,2024-06-19 16:00:40.237800,36132,427,0.812
ICAO24_00022,WP007,16.8074,79.9307,2024-06-19 12:08:40.237800,33195,521,0.891
ICAO24_00020,WP007,16.8074,79.9307,2024-06-19 12:59:40.237800,23119,583,0.841
ICAO24_00028,WP005,16.999933,79.449367,2024-06-19 15:46:40.237800,25235,240,0.701
ICAO24_00026,WP008,16.711133,80.171367,2024-06-19 05:21:40.237800,39265,488,0.214
ICAO24_00029,WP004,17.0962,79.2087,2024-06-19 16:45:40.237800,39990,203,0.213
ICAO24_00018,WP002,17.288733,78.727367,2024-06-19 14:05:40.237800,23104,257,0.148
ICAO24_00020,WP009,16.614867,80.412033,2024-06-19 00:47:40.237800,17258,364,0.389
ICAO24_00045,VGA,16.5186,80.6527,2024-06-18 05:55:40.238029,18379,488,0.846
ICAO24_00034,WP005,16.999933,79.449367,2024-06-18 00:34:40.238029,32115,336,0.052
ICAO24_00023,HYD,17.385,78.4867,2024-06-18 00:22:40.238029,18535,318,0.904
ICAO24_00029,WP004,17.0962,79.2087,2024-06-17 20:04:40.238029,34319,322,0.793
ICAO24_00034,WP003,17.192467,78.968033,2024-06-18 10:11:40.238029,23924,451,0.591
ICAO24_00044,HYD,17.385,78.4867,2024-06-18 19:52:40.238029,23828,431,0.709
ICAO24_00021,WP009,16.614867,80.412033,2024-06-18 08:12:40.238029,23276,506,0.706
ICAO24_00048,WP005,16.999933,79.449367,2024-06-18 00:21:40.238029,30103,288,0.165
ICAO24_00017,WP005,16.999933,79.449367,2024-06-17 13:00:40.238149,17685,494,0.563
ICAO24_00036,VGA,16.5186,80.6527,2024-06-16 23:27:40.238149,20288,550,0.18
ICAO24_00021,WP003,17.192467,78.968033,2024-06-17 05:12:40.238149,21321,425,0.791
ICAO24_00035,WP007,16.8074,79.9307,2024-06-17 10:01:40.238149,17228,539,0.103
ICAO24_00028,WP008,16.711133,80.171367,2024-06-17 13:19:40.238149,22851,309,0.482
ICAO24_00001,WP007,16.8074,79.9307,2024-06-17 08:24:40.238149,31563,262,0.265
ICAO24_00023,WP003,17.192467,78.968033,2024-06-16 17:33:40.238224,32890,510,0.643
ICAO24_00003,WP004,17.0962,79.2087,2024-06-16 04:57:40.238224,28231,499,1.0
ICAO24_00039,WP003,17.192467,78.968033,2024-06-16 05:37:40.238224,24169,445,0.26
ICAO24_00044,WP009,16.614867,80.412033,2024-06-16 13:16:40.238224,16359,282,0.085
ICAO24_00006,WP004,17.0962,79.2087,2024-06-16 16:18:40.238224,17372,240,0.86
ICAO24_00038,VGA,16.5186,80.6527,2024-06-16 12:32:40.238224,15552,425,0.695
ICAO24_00025,WP006,16.903667,79.690033,2024-06-16 01:43:40.238224,29532,493,0.122
ICAO24_00037,WP009,16.614867,80.412033,2024-06-16 13:29:40.238224,37579,428,0.278
ICAO24_00000,WP003,17.192467,78.968033,2024-06-16 19:19:40.238224,17557,573,0.696
ICAO24_00048,WP006,16.903667,79.690033,2024-06-15 23:06:40.238224,16937,413,0.855
ICAO24_00022,WP003,17.192467,78.968033,2024-06-16 02:06:40.238224,16416,389,0.046
ICAO24_00009,WP003,17.192467,78.968033,2024-06-16 03:55:40.238224,24253,474,0.176
ICAO24_00023,WP009,16.614867,80.412033,2024-06-16 06:30:40.238224,20041,308,0.804
ICAO24_00026,HYD,17.385,78.4867,2024-06-16 03:34:40.238224,22348,396,0.046
ICAO24_00017,WP009,16.614867,80.412033,2024-06-16 04:29:40.238224,24713,490,0.689
ICAO24_00017,WP006,16.903667,79.690033,2024-06-15 03:39:40.238667,33827,560,0.873
ICAO24_00018,HYD,17.385,78.4867,2024-06-15 19:56:40.238667,37796,526,0.296
ICAO24_00021,WP004,17.0962,79.2087,2024-06-15 06:47:40.238667,18782,297,0.779
ICAO24_00043,VGA,16.5186,80.6527,2024-06-15 04:51:40.238667,25198,419,0.429
ICAO24_00000,WP004,17.0962,79.2087,2024-06-15 07:58:40.238667,24610,529,0.077
ICAO24_00012,WP003,17.192467,78.968033,2024-06-15 14:14:40.238667,33899,502,0.269
ICAO24_00005,WP008,16.711133,80.171367,2024-06-14 03:30:40.238722,36653,337,0.638
ICAO24_00015,WP005,16.999933,79.449367,2024-06-14 10:14:40.238722,35873,382,0.011
ICAO24_00006,WP008,16.711133,80.171367,2024-06-14 07:10:40.238722,29458,573,0.918
ICAO24_00045,WP004,17.0962,79.2087,2024-06-14 14:27:40.238722,32249,422,0.665
ICAO24_00013,WP003,17.192467,78.968033,2024-06-14 01:48:40.238722,39042,283,0.681
ICAO24_00041,WP003,17.192467,78.968033,2024-06-14 10:10:40.238722,29093,342,0.447
ICAO24_00044,WP004,17.0962,79.2087,2024-06-13 23:32:40.238722,37548,361,0.931
ICAO24_00017,WP008,16.711133,80.171367,2024-06-14 07:24:40.238722,20401,522,0.845
ICAO24_00022,WP003,17.192467,78.968033,2024-06-13 16:55:40.238794,36367,591,0.937
ICAO24_00003,WP008,16.711133,80.171367,2024-06-13 16:11:40.238794,24498,596,0.217
ICAO24_00045,WP005,16.999933,79.449367,2024-06-13 13:49:40.238794,23513,421,0.14
ICAO24_00045,WP007,16.8074,79.9307,2024-06-12 20:18:40.238794,35414,383,0.563
ICAO24_00040,VGA,16.5186,80.6527,2024-06-12 23:12:40.238794,30091,456,0.477
ICAO24_00030,WP009,16.614867,80.412033,2024-06-13 11:38:40.238794,39183,210,0.658
ICAO24_00015,WP002,17.288733,78.727367,2024-06-13 19:01:40.238794,20825,525,0.945
ICAO24_00027,WP006,16.903667,79.690033,2024-06-12 21:44:40.238794,19941,555,0.55
ICAO24_00044,WP004,17.0962,79.2087,2024-06-13 01:12:40.238794,38229,210,0.846
ICAO24_00013,WP005,16.999933,79.449367,2024-06-13 15:45:40.238794,32032,409,0.591
ICAO24_00001,WP008,16.711133,80.171367,2024-06-13 00:18:40.238794,30698,221,0.95
ICAO24_00005,WP009,16.614867,80.412033,2024-06-13 02:56:40.238794,39010,401,0.36
ICAO24_00033,HYD,17.385,78.4867,2024-06-13 07:08:40.238794,34046,500,0.526
ICAO24_00035,WP005,16.999933,79.449367,2024-06-12 03:06:40.238926,22931,417,0.801
ICAO24_00000,WP002,17.288733,78.727367,2024-06-12 00:49:40.238926,26432,345,0.345
ICAO24_00011,WP004,17.0962,79.2087,2024-06-12 04:37:40.238926,38300,474,0.767
ICAO24_00025,WP008,16.711133,80.171367,2024-06-12 04:28:40.238926,25048,416,0.254
ICAO24_00040,WP007,16.8074,79.9307,2024-06-12 19:00:40.238926,19287,381,0.773
ICAO24_00022,WP008,16.711133,80.171367,2024-06-10 21:32:40.238975,32207,351,0.874
ICAO24_00031,WP002,17.288733,78.727367,2024-06-11 00:51:40.238975,17308,292,0.391
ICAO24_00005,WP006,16.903667,79.690033,2024-06-10 20:03:40.238975,22965,242,0.004
ICAO24_00012,WP004,17.0962,79.2087,2024-06-11 00:11:40.238975,36347,224,0.262
ICAO24_00019,WP006,16.903667,79.690033,2024-06-11 15:34:40.238975,23325,344,0.387
ICAO24_00011,WP009,16.614867,80.412033,2024-06-11 18:06:40.238975,38607,500,0.464
ICAO24_00015,HYD,17.385,78.4867,2024-06-10 05:14:40.239044,22895,442,0.121
ICAO24_00005,WP008,16.711133,80.171367,2024-06-10 12:14:40.239044,32256,202,0.082
ICAO24_00014,WP002,17.288733,78.727367,2024-06-10 16:46:40.239044,35914,494,0.275
ICAO24_00006,WP006,16.903667,79.690033,2024-06-10 06:43:40.239044,32967,233,0.705
ICAO24_00042,WP004,17.0962,79.2087,2024-06-10 00:13:40.239044,21491,571,0.278
ICAO24_00041,VGA,16.5186,80.6527,2024-06-09 00:03:40.239120,20750,524,0.949
ICAO24_00029,WP008,16.711133,80.171367,2024-06-09 14:44:40.239120,21565,265,0.808
ICAO24_00016,WP003,17.192467,78.968033,2024-06-09 00:19:40.239120,17657,307,0.832
ICAO24_00027,WP009,16.614867,80.412033,2024-06-09 07:41:40.239120,15869,550,0.126
ICAO24_00029,WP004,17.0962,79.2087,2024-06-09 17:41:40.239120,27872,387,0.372
ICAO24_00040,VGA,16.5186,80.6527,2024-06-09 08:35:40.239120,26795,406,0.593
ICAO24_00029,HYD,17.385,78.4867,2024-06-09 06:58:40.239120,32821,593,0.159
ICAO24_00024,HYD,17.385,78.4867,2024-06-08 22:31:40.239120,15297,310,0.299
ICAO24_00030,WP003,17.192467,78.968033,2024-06-09 01:01:40.239120,39242,566,0.618
ICAO24_00032,WP004,17.0962,79.2087,2024-06-09 18:50:40.239120,18731,463,0.706
ICAO24_00003,WP008,16.711133,80.171367,2024-06-09 04:10:40.239120,25363,383,0.4
ICAO24_00004,WP009,16.614867,80.412033,2024-06-09 17:07:40.239120,33688,487,0.883
ICAO24_00014,WP009,16.614867,80.412033,2024-06-08 23:28:40.239120,21322,393,0.516
ICAO24_00002,HYD,17.385,78.4867,2024-06-09 17:01:40.239120,36548,360,0.665
ICAO24_00028,WP003,17.192467,78.968033,2024-06-09 11:30:40.239120,16623,313,0.287
ICAO24_00016,WP007,16.8074,79.9307,2024-06-08 14:35:40.239274,20844,279,0.125
ICAO24_00028,WP009,16.614867,80.412033,2024-06-08 02:38:40.239274,28610,542,0.706
ICAO24_00029,WP006,16.903667,79.690033,2024-06-08 12:51:40.239274,29656,362,0.462
ICAO24_00019,HYD,17.385,78.4867,2024-06-08 18:49:40.239274,36254,329,0.372
ICAO24_00010,WP002,17.288733,78.727367,2024-06-08 19:42:40.239274,19210,509,0.87
ICAO24_00000,HYD,17.385,78.4867,2024-06-08 05:14:40.239274,29084,225,0.512
ICAO24_00010,WP005,16.999933,79.449367,2024-06-08 13:42:40.239274,30652,434,0.876
ICAO24_00030,WP005,16.999933,79.449367,2024-06-08 10:04:40.239274,34951,581,0.614
ICAO24_00037,WP003,17.192467,78.968033,2024-06-08 09:57:40.239274,39766,553,0.915
ICAO24_00006,VGA,16.5186,80.6527,2024-06-08 13:33:40.239274,19179,475,0.688
ICAO24_00002,VGA,16.5186,80.6527,2024-06-08 19:37:40.239274,15505,422,0.776
ICAO24_00032,WP002,17.288733,78.727367,2024-06-08 16:34:40.239274,28421,437,0.627
ICAO24_00038,WP009,16.614867,80.412033,2024-06-07 14:51:40.239413,22786,268,0.473
ICAO24_00017,WP003,17.192467,78.968033,2024-06-07 06:43:40.239413,28940,373,0.164
ICAO24_00026,WP009,16.614867,80.412033,2024-06-07 05:21:40.239413,35336,307,0.018
ICAO24_00034,WP006,16.903667,79.690033,2024-06-07 14:10:40.239413,15036,271,0.885
ICAO24_00019,WP009,16.614867,80.412033,2024-06-06 20:20:40.239413,22273,354,0.914
ICAO24_00032,WP007,16.8074,79.9307,2024-06-07 03:54:40.239413,21213,430,0.785
ICAO24_00004,WP008,16.711133,80.171367,2024-06-06 20:43:40.239413,29007,220,0.994
ICAO24_00002,WP005,16.999933,79.449367,2024-06-06 10:38:40.239496,21231,320,0.066
ICAO24_00048,HYD,17.385,78.4867,2024-06-06 14:47:40.239496,25145,326,0.791
ICAO24_00016,WP009,16.614867,80.412033,2024-06-06 12:35:40.239496,26011,516,0.662
ICAO24_00022,WP007,16.8074,79.9307,2024-06-05 21:05:40.239496,20406,269,0.18
ICAO24_00045,WP002,17.288733,78.727367,2024-06-06 07:17:40.239496,37630,600,0.336
ICAO24_00009,WP007,16.8074,79.9307,2024-06-05 23:05:40.239496,26283,311,0.078
ICAO24_00013,HYD,17.385,78.4867,2024-06-05 21:20:40.239496,25991,589,0.597
ICAO24_00002,WP007,16.8074,79.9307,2024-06-06 05:35:40.239496,21351,551,0.779
ICAO24_00023,WP004,17.0962,79.2087,2024-06-06 06:20:40.239496,32598,359,0.485
ICAO24_00008,WP002,17.288733,78.727367,2024-06-06 06:55:40.239496,20934,498,0.433
ICAO24_00023,WP004,17.0962,79.2087,2024-06-06 08:42:40.239496,24904,359,0.748
ICAO24_00035,WP009,16.614867,80.412033,2024-06-06 03:05:40.239496,37609,600,0.976
ICAO24_00023,WP008,16.711133,80.171367,2024-06-06 13:39:40.239496,26362,594,0.321
ICAO24_00034,WP008,16.711133,80.171367,2024-06-06 07:23:40.239496,33939,300,0.553
ICAO24_00014,WP002,17.288733,78.727367,2024-06-06 03:39:40.239496,37082,254,0.868
ICAO24_00044,HYD,17.385,78.4867,2024-06-04 22:34:40.239667,38403,395,0.129
ICAO24_00034,WP002,17.288733,78.727367,2024-06-05 01:08:40.239667,34708,260,0.861
ICAO24_00028,WP005,16.999933,79.449367,2024-06-05 07:01:40.239667,33503,406,0.661
ICAO24_00046,WP002,17.288733,78.727367,2024-06-05 09:17:40.239667,36107,274,0.326
ICAO24_00046,WP002,17.288733,78.727367,2024-06-05 09:24:40.239667,20345,374,0.7
ICAO24_00049,HYD,17.385,78.4867,2024-06-05 08:02:40.239667,22895,532,0.572
ICAO24_00020,VGA,16.5186,80.6527,2024-06-05 17:18:40.239667,29854,220,0.276
ICAO24_00013,HYD,17.385,78.4867,2024-06-05 17:03:40.239667,20285,235,0.167
ICAO24_00016,WP003,17.192467,78.968033,2024-06-04 20:38:40.239667,23875,326,0.858
ICAO24_00035,WP009,16.614867,80.412033,2024-06-05 01:56:40.239667,19581,328,0.489
ICAO24_00047,WP002,17.288733,78.727367,2024-06-05 09:40:40.239667,21393,364,0.49
ICAO24_00030,VGA,16.5186,80.6527,2024-06-05 05:44:40.239667,23591,431,0.926
ICAO24_00047,WP004,17.0962,79.2087,2024-06-05 06:10:40.239667,30743,458,0.397
ICAO24_00042,WP009,16.614867,80.412033,2024-06-05 09:32:40.239667,38209,354,0.078
ICAO24_00005,WP005,16.999933,79.449367,2024-06-04 06:08:40.239814,36212,240,0.453
ICAO24_00033,WP003,17.192467,78.968033,2024-06-04 18:19:40.239814,22753,293,0.202
ICAO24_00023,WP009,16.614867,80.412033,2024-06-04 00:53:40.239814,35512,561,0.651
ICAO24_00017,WP003,17.192467,78.968033,2024-06-04 07:10:40.239814,19428,493,0.79
ICAO24_00017,WP003,17.192467,78.968033,2024-06-04 00:48:40.239814,28263,455,0.424
ICAO24_00020,WP008,16.711133,80.171367,2024-06-04 06:05:40.239814,34707,587,0.216
ICAO24_00022,WP007,16.8074,79.9307,2024-06-04 05:16:40.239814,19345,557,0.149
ICAO24_00038,WP004,17.0962,79.2087,2024-06-04 19:58:40.239814,26796,587,0.899
ICAO24_00023,WP008,16.711133,80.171367,2024-06-03 23:18:40.239814,18025,560,0.048
ICAO24_00045,WP002,17.288733,78.727367,2024-06-03 20:06:40.239814,39963,474,0.745
ICAO24_00046,VGA,16.5186,80.6527,2024-06-04 17:15:40.239814,31270,555,0.717
ICAO24_00047,WP009,16.614867,80.412033,2024-06-04 14:04:40.239814,33270,366,0.243
ICAO24_00009,WP004,17.0962,79.2087,2024-06-04 09:18:40.239814,31989,389,0.337
ICAO24_00035,WP006,16.903667,79.690033,2024-06-03 08:49:40.239921,29516,524,0.817
ICAO24_00013,WP002,17.288733,78.727367,2024-06-03 10:16:40.239921,24234,231,0.676
ICAO24_00043,WP009,16.614867,80.412033,2024-06-03 14:03:40.239921,28149,599,0.845
ICAO24_00038,HYD,17.385,78.4867,2024-06-03 10:10:40.239921,31183,483,0.983
ICAO24_00017,WP005,16.999933,79.449367,2024-06-03 07:11:40.239921,39849,552,0.8
ICAO24_00038,WP006,16.903667,79.690033,2024-06-03 04:00:40.239921,16009,274,0.489
ICAO24_00019,WP009,16.614867,80.412033,2024-06-03 11:40:40.239921,23833,540,0.306
ICAO24_00013,WP005,16.999933,79.449367,2024-06-03 12:50:40.239921,27673,343,0.55
ICAO24_00004,WP008,16.711133,80.171367,2024-06-02 00:44:40.239993,31762,330,0.095
ICAO24_00041,WP006,16.903667,79.690033,2024-06-02 16:35:40.239993,18537,316,0.171
ICAO24_00031,WP003,17.192467,78.968033,2024-06-02 10:28:40.239993,15045,401,0.217
ICAO24_00020,WP004,17.0962,79.2087,2024-06-02 15:19:40.239993,24320,234,0.739
ICAO24_00021,WP006,16.903667,79.690033,2024-06-01 20:33:40.239993,16402,340,0.803
ICAO24_00040,WP007,16.8074,79.9307,2024-06-01 21:20:40.239993,23585,562,0.733
ICAO24_00043,WP003,17.192467,78.968033,2024-06-01 22:25:40.239993,22002,221,0.863
ICAO24_00048,WP003,17.192467,78.968033,2024-06-01 17:50:40.240052,30612,317,0.446
ICAO24_00017,WP003,17.192467,78.968033,2024-06-01 18:51:40.240052,20586,372,0.778
ICAO24_00028,WP004,17.0962,79.2087,2024-06-01 19:22:40.240052,39116,240,0.298
ICAO24_00047,HYD,17.385,78.4867,2024-06-01 00:47:40.240052,22737,511,0.535
ICAO24_00039,WP005,16.999933,79.449367,2024-06-01 02:53:40.240052,29351,433,0.035
ICAO24_00009,WP009,16.614867,80.412033,2024-06-01 02:58:40.240052,36357,522,0.817
ICAO24_00049,WP004,17.0962,79.2087,2024-06-01 04:43:40.240052,34545,571,0.223
ICAO24_00035,WP006,16.903667,79.690033,2024-05-31 23:40:40.240052,22823,561,0.334
ICAO24_00005,VGA,16.5186,80.6527,2024-06-01 03:33:40.240052,26376,242,0.473
ICAO24_00002,WP009,16.614867,80.412033,2024-06-01 16:56:40.240052,25112,391,0.225
ICAO24_00025,WP009,16.614867,80.412033,2024-06-01 01:33:40.240052,32819,338,0.031
ICAO24_00033,WP008,16.711133,80.171367,2024-05-31 22:45:40.240052,25185,411,0.106
ICAO24_00017,WP005,16.999933,79.449367,2024-05-31 12:43:40.240175,20455,415,0.684
ICAO24_00009,WP004,17.0962,79.2087,2024-05-31 19:27:40.240175,27560,439,0.994
ICAO24_00020,WP006,16.903667,79.690033,2024-05-31 17:41:40.240175,18371,423,0.055
ICAO24_00018,WP008,16.711133,80.171367,2024-05-30 23:33:40.240175,34641,411,0.364
ICAO24_00048,WP005,16.999933,79.449367,2024-05-31 04:12:40.240175,28871,336,0.463
ICAO24_00027,WP009,16.614867,80.412033,2024-05-31 03:50:40.240175,35561,435,0.902
ICAO24_00033,WP002,17.288733,78.727367,2024-05-30 22:17:40.240175,19890,552,0.394
ICAO24_00033,WP006,16.903667,79.690033,2024-05-31 00:04:40.240175,33607,341,0.503
ICAO24_00048,WP002,17.288733,78.727367,2024-05-31 07:35:40.240175,19785,495,0.352
ICAO24_00020,WP006,16.903667,79.690033,2024-05-31 16:14:40.240175,16188,461,0.815
ICAO24_00036,WP008,16.711133,80.171367,2024-05-30 11:06:40.240309,15543,347,0.586
ICAO24_00038,VGA,16.5186,80.6527,2024-05-30 14:14:40.240309,26195,305,0.962
ICAO24_00028,WP006,16.903667,79.690033,2024-05-29 21:06:40.240309,22618,233,0.065
ICAO24_00004,WP004,17.0962,79.2087,2024-05-29 23:34:40.240309,32835,397,0.686
ICAO24_00008,WP009,16.614867,80.412033,2024-05-30 17:44:40.240309,34909,460,0.676
ICAO24_00007,VGA,16.5186,80.6527,2024-05-30 10:16:40.240309,17482,411,0.915
ICAO24_00022,WP005,16.999933,79.449367,2024-05-30 14:27:40.240309,15360,485,0.259
ICAO24_00040,WP002,17.288733,78.727367,2024-05-30 15:28:40.240309,30594,446,0.633
ICAO24_00033,WP004,17.0962,79.2087,2024-05-29 07:12:40.240409,15291,343,0.657
ICAO24_00004,WP004,17.0962,79.2087,2024-05-29 15:49:40.240409,31624,585,0.588
ICAO24_00007,WP002,17.288733,78.727367,2024-05-29 09:06:40.240409,18116,319,0.674
ICAO24_00029,WP003,17.192467,78.968033,2024-05-29 16:19:40.240409,30227,353,0.877
ICAO24_00038,HYD,17.385,78.4867,2024-05-29 19:31:40.240409,16391,478,0.819
ICAO24_00047,WP007,16.8074,79.9307,2024-05-29 02:54:40.240409,16806,200,0.064
ICAO24_00004,HYD,17.385,78.4867,2024-05-29 00:12:40.240409,39722,596,0.566
ICAO24_00020,HYD,17.385,78.4867,2024-05-29 08:53:40.240409,15758,445,0.493
ICAO24_00025,WP007,16.8074,79.9307,2024-05-29 06:58:40.240409,26633,300,0.694
ICAO24_00044,WP009,16.614867,80.412033,2024-05-29 04:14:40.240409,24991,286,0.476
ICAO24_00000,WP007,16.8074,79.9307,2024-05-28 22:51:40.240409,30453,343,0.365
ICAO24_00004,WP003,17.192467,78.968033,2024-05-28 23:23:40.240409,38814,249,0.705
ICAO24_00040,WP003,17.192467,78.968033,2024-05-29 18:41:40.240409,21551,401,0.045
ICAO24_00048,WP005,16.999933,79.449367,2024-05-28 21:25:40.240409,36871,497,0.535
ICAO24_00046,WP007,16.8074,79.9307,2024-05-29 16:05:40.240409,35034,536,0.502
ICAO24_00031,WP007,16.8074,79.9307,2024-05-28 02:54:40.240548,31932,551,0.829
ICAO24_00043,WP004,17.0962,79.2087,2024-05-28 03:52:40.240548,36915,544,0.461
ICAO24_00025,WP009,16.614867,80.412033,2024-05-28 15:28:40.240548,39918,404,0.205
ICAO24_00010,WP009,16.614867,80.412033,2024-05-28 03:10:40.240548,22041,312,0.904
ICAO24_00017,WP008,16.711133,80.171367,2024-05-28 03:38:40.240548,19916,410,0.85
ICAO24_00039,VGA,16.5186,80.6527,2024-05-28 17:22:40.240548,38335,496,0.892
ICAO24_00021,WP002,17.288733,78.727367,2024-05-28 16:04:40.240548,34023,409,0.798
ICAO24_00040,WP009,16.614867,80.412033,2024-05-28 13:18:40.240548,38207,335,0.091
ICAO24_00024,WP007,16.8074,79.9307,2024-05-28 12:33:40.240548,32506,481,0.564
ICAO24_00044,WP002,17.288733,78.727367,2024-05-28 09:38:40.240548,38697,526,0.057
ICAO24_00007,VGA,16.5186,80.6527,2024-05-27 21:43:40.240548,39127,579,0.961
ICAO24_00017,WP005,16.999933,79.449367,2024-05-28 14:01:40.240548,23177,506,0.262
ICAO24_00042,WP009,16.614867,80.412033,2024-05-27 12:28:40.240699,24154,589,0.535
ICAO24_00044,VGA,16.5186,80.6527,2024-05-26 20:41:40.240699,36887,385,0.838
ICAO24_00044,HYD,17.385,78.4867,2024-05-27 12:17:40.240699,39158,282,0.722
ICAO24_00048,WP009,16.614867,80.412033,2024-05-27 06:42:40.240699,23461,527,0.876
ICAO24_00016,WP007,16.8074,79.9307,2024-05-27 09:56:40.240699,39490,569,0.843
ICAO24_00011,WP009,16.614867,80.412033,2024-05-27 12:56:40.240699,31826,295,0.669
ICAO24_00021,WP003,17.192467,78.968033,2024-05-26 02:23:40.240760,34413,486,0.545
ICAO24_00005,WP008,16.711133,80.171367,2024-05-26 17:16:40.240760,32015,470,0.758
ICAO24_00034,VGA,16.5186,80.6527,2024-05-26 05:30:40.240760,39306,512,0.52
ICAO24_00004,WP002,17.288733,78.727367,2024-05-26 13:07:40.240760,34117,305,0.329
ICAO24_00015,WP002,17.288733,78.727367,2024-05-26 09:37:40.240760,27871,295,0.358
ICAO24_00041,WP006,16.903667,79.690033,2024-05-26 17:30:40.240760,35566,275,0.322
ICAO24_00043,WP007,16.8074,79.9307,2024-05-26 18:28:40.240760,37378,256,0.542
ICAO24_00045,WP007,16.8074,79.9307,2024-05-26 13:06:40.240760,18947,254,0.698
ICAO24_00019,HYD,17.385,78.4867,2024-05-26 13:21:40.240760,37157,576,0.508
ICAO24_00042,WP003,17.192467,78.968033,2024-05-26 10:52:40.240760,25733,540,0.304
ICAO24_00047,WP003,17.192467,78.968033,2024-05-26 11:03:40.240760,25630,392,0.93
ICAO24_00032,HYD,17.385,78.4867,2024-05-26 08:00:40.240760,15085,421,0.231
ICAO24_00013,VGA,16.5186,80.6527,2024-05-26 01:40:40.240760,37545,498,0.651
ICAO24_00008,WP006,16.903667,79.690033,2024-05-26 05:09:40.240760,22749,335,0.241
ICAO24_00049,WP007,16.8074,79.9307,2024-05-24 23:54:40.240927,20395,480,0.568
ICAO24_00027,WP005,16.999933,79.449367,2024-05-25 03:12:40.240927,20010,272,0.08
ICAO24_00009,WP006,16.903667,79.690033,2024-05-24 23:34:40.240927,30188,334,0.915
ICAO24_00045,WP009,16.614867,80.412033,2024-05-25 14:30:40.240927,15190,422,0.972
ICAO24_00036,WP005,16.999933,79.449367,2024-05-24 20:52:40.240927,35397,563,0.659
ICAO24_00015,WP008,16.711133,80.171367,2024-05-25 12:15:40.240927,18922,593,0.339
ICAO24_00009,WP002,17.288733,78.727367,2024-05-25 01:55:40.240927,34488,499,0.979
ICAO24_00040,WP003,17.192467,78.968033,2024-05-24 22:06:40.240927,37855,586,0.132
ICAO24_00011,WP002,17.288733,78.727367,2024-05-25 00:30:40.240927,25640,297,0.865
ICAO24_00007,WP002,17.288733,78.727367,2024-05-25 06:32:40.240927,28056,244,0.189
ICAO24_00024,WP009,16.614867,80.412033,2024-05-24 11:34:40.241033,32534,403,0.659
ICAO24_00035,WP005,16.999933,79.449367,2024-05-24 06:01:40.241033,35731,408,0.311
ICAO24_00047,WP007,16.8074,79.9307,2024-05-24 19:49:40.241033,26797,467,0.179
ICAO24_00010,WP003,17.192467,78.968033,2024-05-24 08:20:40.241033,27422,217,0.99
ICAO24_00049,WP009,16.614867,80.412033,2024-05-24 12:01:40.241033,28270,304,0.492
ICAO24_00015,VGA,16.5186,80.6527,2024-05-22 20:44:40.241070,24517,352,0.507
ICAO24_00014,VGA,16.5186,80.6527,2024-05-22 23:06:40.241070,15689,338,0.671
ICAO24_00028,WP004,17.0962,79.2087,2024-05-23 11:32:40.241070,25962,380,0.965
ICAO24_00032,WP008,16.711133,80.171367,2024-05-22 22:37:40.241070,18374,488,0.972
ICAO24_00045,VGA,16.5186,80.6527,2024-05-22 21:17:40.241070,17430,201,0.641
ICAO24_00010,WP007,16.8074,79.9307,2024-05-23 05:31:40.241070,21070,288,0.297
ICAO24_00000,HYD,17.385,78.4867,2024-05-23 18:46:40.241070,35495,481,0.996
ICAO24_00022,WP008,16.711133,80.171367,2024-05-23 03:31:40.241070,27052,295,0.374
ICAO24_00038,WP007,16.8074,79.9307,2024-05-22 22:02:40.241070,15706,536,0.488
ICAO24_00038,WP007,16.8074,79.9307,2024-05-23 13:45:40.241070,27397,439,0.282
ICAO24_00013,WP004,17.0962,79.2087,2024-05-23 14:12:40.241070,33011,245,0.134
ICAO24_00037,WP004,17.0962,79.2087,2024-05-23 18:06:40.241070,18925,510,0.813
ICAO24_00005,WP005,16.999933,79.449367,2024-05-23 13:45:40.241070,22909,529,0.276
ICAO24_00010,WP008,16.711133,80.171367,2024-05-22 06:21:40.241178,32073,574,0.779
ICAO24_00000,WP009,16.614867,80.412033,2024-05-21 23:46:40.241178,21571,253,0.704
ICAO24_00038,WP007,16.8074,79.9307,2024-05-22 11:41:40.241178,22958,424,0.372
ICAO24_00047,WP004,17.0962,79.2087,2024-05-22 19:18:40.241178,27761,325,0.022
ICAO24_00023,WP002,17.288733,78.727367,2024-05-22 15:12:40.241178,25615,464,0.407
ICAO24_00009,WP006,16.903667,79.690033,2024-05-22 00:49:40.241178,34213,348,0.085
ICAO24_00026,WP007,16.8074,79.9307,2024-05-22 19:01:40.241178,16610,295,0.033
ICAO24_00028,VGA,16.5186,80.6527,2024-05-22 08:22:40.241178,21078,244,0.574
ICAO24_00021,WP007,16.8074,79.9307,2024-05-22 00:56:40.241178,35440,477,0.4
ICAO24_00004,WP008,16.711133,80.171367,2024-05-22 12:54:40.241178,29278,532,0.581
ICAO24_00032,VGA,16.5186,80.6527,2024-05-22 13:27:40.241178,35463,476,0.591
ICAO24_00014,WP006,16.903667,79.690033,2024-05-22 19:24:40.241178,26388,344,0.207
ICAO24_00016,WP002,17.288733,78.727367,2024-05-22 02:08:40.241178,22423,594,0.835
ICAO24_00032,WP006,16.903667,79.690033,2024-05-22 00:06:40.241178,17208,317,0.039
ICAO24_00045,WP003,17.192467,78.968033,2024-05-22 07:56:40.241178,39633,468,0.04
ICAO24_00032,WP004,17.0962,79.2087,2024-05-21 16:27:40.241339,31830,219,0.389
ICAO24_00048,VGA,16.5186,80.6527,2024-05-21 00:21:40.241339,34969,530,0.99
ICAO24_00045,WP004,17.0962,79.2087,2024-05-20 23:55:40.241339,25651,327,0.708
ICAO24_00049,VGA,16.5186,80.6527,2024-05-21 17:03:40.241339,36592,439,0.535
ICAO24_00012,WP003,17.192467,78.968033,2024-05-21 17:44:40.241339,35948,326,0.565
ICAO24_00005,WP009,16.614867,80.412033,2024-05-21 17:23:40.241339,24622,251,0.001
ICAO24_00045,VGA,16.5186,80.6527,2024-05-21 12:39:40.241339,17865,335,0.24
ICAO24_00039,HYD,17.385,78.4867,2024-05-20 22:01:40.241339,27702,377,0.448
ICAO24_00034,WP005,16.999933,79.449367,2024-05-20 20:43:40.241339,23395,321,0.743
ICAO24_00034,WP004,17.0962,79.2087,2024-05-21 17:59:40.241339,27225,276,0.714
ICAO24_00023,HYD,17.385,78.4867,2024-05-21 04:28:40.241339,22201,497,0.025
ICAO24_00031,WP005,16.999933,79.449367,2024-05-20 08:37:40.241449,19148,343,0.788
ICAO24_00011,WP002,17.288733,78.727367,2024-05-20 02:32:40.241449,32573,228,0.277
ICAO24_00043,WP002,17.288733,78.727367,2024-05-20 00:51:40.241449,39540,434,0.925
ICAO24_00027,WP007,16.8074,79.9307,2024-05-20 06:44:40.241449,25330,520,0.27
ICAO24_00020,WP005,16.999933,79.449367,2024-05-20 08:53:40.241449,33549,305,0.958
ICAO24_00018,VGA,16.5186,80.6527,2024-05-19 23:07:40.241449,24153,560,0.476
ICAO24_00029,WP005,16.999933,79.449367,2024-05-20 17:32:40.241449,15177,275,0.816
ICAO24_00021,WP007,16.8074,79.9307,2024-05-20 08:33:40.241449,20491,355,0.561
ICAO24_00035,WP002,17.288733,78.727367,2024-05-19 05:07:40.241545,28024,584,0.211
ICAO24_00027,WP002,17.288733,78.727367,2024-05-18 23:03:40.241545,35594,365,0.628
ICAO24_00037,WP002,17.288733,78.727367,2024-05-19 06:53:40.241545,29011,469,0.626
ICAO24_00023,WP008,16.711133,80.171367,2024-05-19 06:37:40.241545,24530,285,0.734
ICAO24_00006,WP003,17.192467,78.968033,2024-05-19 14:17:40.241545,20470,511,0.193
ICAO24_00012,WP004,17.0962,79.2087,2024-05-19 01:45:40.241545,33492,209,0.162
ICAO24_00044,HYD,17.385,78.4867,2024-05-18 23:13:40.241545,25106,288,0.337
ICAO24_00003,VGA,16.5186,80.6527,2024-05-18 04:55:40.241628,35021,518,0.183
ICAO24_00025,WP005,16.999933,79.449367,2024-05-18 09:10:40.241628,23248,578,0.009
ICAO24_00011,WP002,17.288733,78.727367,2024-05-17 23:34:40.241628,35437,508,0.454
ICAO24_00021,WP007,16.8074,79.9307,2024-05-18 11:41:40.241628,26642,217,0.805
ICAO24_00047,VGA,16.5186,80.6527,2024-05-18 17:16:40.241628,28277,581,0.273
ICAO24_00028,WP005,16.999933,79.449367,2024-05-18 17:15:40.241628,26588,206,0.033
ICAO24_00036,WP007,16.8074,79.9307,2024-05-18 14:52:40.241628,16084,288,0.192
ICAO24_00026,HYD,17.385,78.4867,2024-05-18 16:06:40.241628,35379,207,0.941
ICAO24_00006,WP002,17.288733,78.727367,2024-05-17 18:55:40.241696,18184,348,0.535
ICAO24_00005,VGA,16.5186,80.6527,2024-05-16 23:55:40.241696,20107,414,0.922
ICAO24_00045,WP007,16.8074,79.9307,2024-05-17 14:02:40.241696,32450,352,0.784
ICAO24_00026,WP003,17.192467,78.968033,2024-05-17 18:39:40.241696,19595,389,0.632
ICAO24_00039,WP007,16.8074,79.9307,2024-05-17 07:13:40.241696,25609,505,0.086
ICAO24_00028,WP009,16.614867,80.412033,2024-05-17 17:08:40.241696,36003,492,0.382
ICAO24_00009,WP009,16.614867,80.412033,2024-05-17 11:56:40.241696,33897,503,0.891
ICAO24_00012,HYD,17.385,78.4867,2024-05-16 13:14:40.242011,18154,461,0.797
ICAO24_00044,VGA,16.5186,80.6527,2024-05-16 13:05:40.242011,23495,240,0.595
ICAO24_00032,WP007,16.8074,79.9307,2024-05-16 15:12:40.242011,24535,375,0.644
ICAO24_00046,HYD,17.385,78.4867,2024-05-16 04:33:40.242011,31929,313,0.444
ICAO24_00018,WP002,17.288733,78.727367,2024-05-16 15:47:40.242011,16551,214,0.263
ICAO24_00002,WP003,17.192467,78.968033,2024-05-15 16:24:40.242077,21456,427,0.659
ICAO24_00022,WP002,17.288733,78.727367,2024-05-15 09:45:40.242077,38329,264,0.606
ICAO24_00023,WP003,17.192467,78.968033,2024-05-15 17:34:40.242077,35392,215,0.765
ICAO24_00004,WP003,17.192467,78.968033,2024-05-15 09:48:40.242077,25460,461,0.198
ICAO24_00034,WP003,17.192467,78.968033,2024-05-15 09:22:40.242077,29547,440,0.991
ICAO24_00003,WP005,16.999933,79.449367,2024-05-15 16:40:40.242077,24523,367,0.853
ICAO24_00022,WP007,16.8074,79.9307,2024-05-15 01:05:40.242077,16008,372,0.471
ICAO24_00040,WP008,16.711133,80.171367,2024-05-14 00:56:40.242333,30754,490,0.85
ICAO24_00015,WP004,17.0962,79.2087,2024-05-13 22:30:40.242333,37645,333,0.612
ICAO24_00021,VGA,16.5186,80.6527,2024-05-14 05:00:40.242333,32213,370,0.871
ICAO24_00006,VGA,16.5186,80.6527,2024-05-14 07:43:40.242333,23520,272,0.09
ICAO24_00036,WP008,16.711133,80.171367,2024-05-14 12:26:40.242333,33367,557,0.902
ICAO24_00045,WP008,16.711133,80.171367,2024-05-14 04:52:40.242333,31670,273,0.008
ICAO24_00020,WP005,16.999933,79.449367,2024-05-14 17:02:40.242333,32504,535,0.691
ICAO24_00027,WP004,17.0962,79.2087,2024-05-13 11:53:40.242454,34220,493,0.811
ICAO24_00035,WP002,17.288733,78.727367,2024-05-13 08:04:40.242454,22848,421,0.883
ICAO24_00012,WP006,16.903667,79.690033,2024-05-13 10:41:40.242454,17822,497,0.178
ICAO24_00035,WP007,16.8074,79.9307,2024-05-13 04:04:40.242454,37829,565,0.016
ICAO24_00045,WP003,17.192467,78.968033,2024-05-13 06:54:40.242454,37190,451,0.863
ICAO24_00036,WP007,16.8074,79.9307,2024-05-12 23:38:40.242454,16062,475,0.811
ICAO24_00035,VGA,16.5186,80.6527,2024-05-13 13:16:40.242454,27975,557,0.56
ICAO24_00035,WP002,17.288733,78.727367,2024-05-13 15:57:40.242454,25634,585,0.218
ICAO24_00033,WP008,16.711133,80.171367,2024-05-13 14:08:40.242454,36723,216,0.509
ICAO24_00048,HYD,17.385,78.4867,2024-05-12 20:15:40.242454,20304,346,0.943
ICAO24_00041,WP004,17.0962,79.2087,2024-05-12 17:58:40.242590,30235,551,0.065
ICAO24_00035,WP008,16.711133,80.171367,2024-05-12 05:25:40.242590,19115,238,0.39
ICAO24_00016,WP006,16.903667,79.690033,2024-05-12 15:33:40.242590,23204,560,0.673
ICAO24_00019,WP003,17.192467,78.968033,2024-05-12 15:47:40.242590,17941,309,0.133
ICAO24_00009,HYD,17.385,78.4867,2024-05-12 16:28:40.242590,19366,369,0.809
ICAO24_00026,WP002,17.288733,78.727367,2024-05-12 16:06:40.242590,38884,494,0.634
ICAO24_00012,WP004,17.0962,79.2087,2024-05-12 16:58:40.242590,36521,268,0.764
ICAO24_00013,WP003,17.192467,78.968033,2024-05-11 10:25:40.242686,17855,361,0.73
ICAO24_00010,WP004,17.0962,79.2087,2024-05-11 18:25:40.242686,23122,259,0.703
ICAO24_00014,WP009,16.614867,80.412033,2024-05-11 18:39:40.242686,15956,456,0.864
ICAO24_00031,WP003,17.192467,78.968033,2024-05-10 20:48:40.242686,30188,345,0.583
ICAO24_00009,WP003,17.192467,78.968033,2024-05-11 02:50:40.242686,37904,588,0.451
ICAO24_00011,WP005,16.999933,79.449367,2024-05-10 20:37:40.242686,17019,381,0.243
ICAO24_00045,WP006,16.903667,79.690033,2024-05-10 21:22:40.242686,17361,363,0.111
ICAO24_00039,WP004,17.0962,79.2087,2024-05-10 23:15:40.242686,19924,281,0.131
ICAO24_00024,WP005,16.999933,79.449367,2024-05-11 08:26:40.242686,15326,403,0.939
ICAO24_00045,WP005,16.999933,79.449367,2024-05-11 03:39:40.242686,24663,599,0.116
ICAO24_00038,WP009,16.614867,80.412033,2024-05-11 02:02:40.242686,17003,588,0.105
ICAO24_00045,HYD,17.385,78.4867,2024-05-11 08:51:40.242686,33055,312,0.796
ICAO24_00020,WP003,17.192467,78.968033,2024-05-10 22:24:40.242686,33108,450,0.584
ICAO24_00012,WP003,17.192467,78.968033,2024-05-10 23:27:40.242686,28745,360,0.764
ICAO24_00039,WP009,16.614867,80.412033,2024-05-11 11:18:40.242686,18538,332,0.179
ICAO24_00020,WP008,16.711133,80.171367,2024-05-09 22:38:40.242883,37388,324,0.166
ICAO24_00039,HYD,17.385,78.4867,2024-05-10 05:33:40.242883,15120,582,0.155
ICAO24_00034,VGA,16.5186,80.6527,2024-05-10 11:50:40.242883,19442,506,0.829
ICAO24_00045,WP003,17.192467,78.968033,2024-05-10 12:32:40.242883,26162,302,0.021
ICAO24_00003,WP005,16.999933,79.449367,2024-05-10 04:57:40.242883,34605,534,0.143
ICAO24_00013,WP008,16.711133,80.171367,2024-05-10 14:29:40.242883,37320,289,0.977
ICAO24_00032,WP009,16.614867,80.412033,2024-05-10 00:41:40.242883,31603,582,0.113
ICAO24_00007,WP009,16.614867,80.412033,2024-05-09 17:21:40.242984,21198,585,0.391
ICAO24_00030,WP003,17.192467,78.968033,2024-05-08 23:56:40.242984,36240,585,0.051
ICAO24_00045,WP005,16.999933,79.449367,2024-05-09 02:53:40.242984,15080,540,0.612
ICAO24_00027,WP006,16.903667,79.690033,2024-05-08 20:49:40.242984,27519,506,0.065
ICAO24_00011,WP009,16.614867,80.412033,2024-05-09 15:20:40.242984,37532,296,0.929
ICAO24_00035,VGA,16.5186,80.6527,2024-05-09 00:03:40.242984,35048,374,0.983
ICAO24_00041,WP007,16.8074,79.9307,2024-05-08 21:01:40.242984,31458,525,0.35
ICAO24_00025,VGA,16.5186,80.6527,2024-05-09 19:50:40.242984,16391,356,0.76
ICAO24_00034,WP007,16.8074,79.9307,2024-05-08 12:44:40.243099,24787,429,0.853
ICAO24_00046,WP007,16.8074,79.9307,2024-05-07 22:23:40.243099,32706,340,0.296
ICAO24_00012,WP009,16.614867,80.412033,2024-05-07 20:22:40.243099,36277,525,0.083
ICAO24_00048,WP003,17.192467,78.968033,2024-05-08 09:08:40.243099,20705,556,0.156
ICAO24_00011,WP003,17.192467,78.968033,2024-05-08 07:50:40.243099,18380,520,0.609
ICAO24_00040,VGA,16.5186,80.6527,2024-05-08 07:41:40.243099,38750,535,0.064
ICAO24_00043,WP004,17.0962,79.2087,2024-05-06 20:56:40.243202,28065,581,0.686
ICAO24_00048,VGA,16.5186,80.6527,2024-05-07 15:56:40.243202,33988,522,0.821
ICAO24_00038,VGA,16.5186,80.6527,2024-05-07 02:07:40.243202,22158,200,0.255
ICAO24_00041,WP007,16.8074,79.9307,2024-05-06 23:30:40.243202,38748,513,0.948
ICAO24_00017,VGA,16.5186,80.6527,2024-05-07 06:29:40.243202,34637,451,0.044
ICAO24_00026,WP005,16.999933,79.449367,2024-05-07 12:08:40.243202,35713,365,0.955
ICAO24_00037,WP006,16.903667,79.690033,2024-05-07 17:19:40.243202,21486,572,0.748
ICAO24_00012,WP004,17.0962,79.2087,2024-05-07 00:26:40.243202,18827,279,0.529
ICAO24_00004,VGA,16.5186,80.6527,2024-05-07 08:36:40.243202,20661,318,0.293
ICAO24_00015,WP006,16.903667,79.690033,2024-05-07 16:49:40.243202,21239,254,0.984
ICAO24_00034,WP004,17.0962,79.2087,2024-05-07 19:50:40.243202,24388,248,0.55
ICAO24_00026,WP008,16.711133,80.171367,2024-05-07 09:18:40.243202,21676,496,0.894
ICAO24_00045,WP004,17.0962,79.2087,2024-05-05 22:27:40.243356,26409,468,0.352
ICAO24_00006,WP006,16.903667,79.690033,2024-05-05 23:24:40.243356,16165,491,0.554
ICAO24_00028,WP004,17.0962,79.2087,2024-05-06 02:16:40.243356,21664,269,0.206
ICAO24_00005,WP007,16.8074,79.9307,2024-05-05 21:43:40.243356,26798,221,0.621
ICAO24_00038,WP003,17.192467,78.968033,2024-05-06 06:56:40.243356,36505,509,0.64
ICAO24_00005,WP006,16.903667,79.690033,2024-05-06 02:28:40.243356,38237,322,0.117
ICAO24_00020,WP005,16.999933,79.449367,2024-05-06 08:53:40.243356,28337,438,0.862
ICAO24_00006,WP003,17.192467,78.968033,2024-05-06 00:36:40.243356,18056,455,0.212
ICAO24_00048,WP009,16.614867,80.412033,2024-05-05 23:49:40.243356,24145,453,0.742
ICAO24_00035,WP009,16.614867,80.412033,2024-05-06 16:58:40.243356,15862,424,0.295
ICAO24_00026,WP003,17.192467,78.968033,2024-05-06 17:40:40.243356,39934,373,0.699
ICAO24_00029,WP008,16.711133,80.171367,2024-05-06 05:14:40.243356,15257,466,0.544
ICAO24_00019,WP002,17.288733,78.727367,2024-05-05 18:57:40.243513,19244,432,0.537
ICAO24_00004,VGA,16.5186,80.6527,2024-05-05 05:28:40.243513,38110,421,0.497
ICAO24_00017,WP006,16.903667,79.690033,2024-05-05 13:20:40.243513,22802,541,0.626
ICAO24_00022,WP003,17.192467,78.968033,2024-05-05 04:03:40.243513,16618,363,0.007
ICAO24_00016,WP006,16.903667,79.690033,2024-05-05 11:00:40.243513,32703,393,0.21
ICAO24_00048,WP004,17.0962,79.2087,2024-05-05 13:55:40.243513,31366,399,0.002
ICAO24_00018,WP006,16.903667,79.690033,2024-05-05 03:21:40.243513,39214,451,0.735
ICAO24_00014,VGA,16.5186,80.6527,2024-05-04 22:27:40.243513,32945,539,0.46
ICAO24_00040,WP005,16.999933,79.449367,2024-05-05 18:24:40.243513,28616,235,0.757
ICAO24_00031,WP008,16.711133,80.171367,2024-05-04 22:34:40.243513,34838,323,0.547
ICAO24_00045,WP006,16.903667,79.690033,2024-05-05 05:34:40.243513,21894,474,0.234
ICAO24_00012,WP007,16.8074,79.9307,2024-05-05 17:09:40.243513,20677,276,0.506
ICAO24_00018,WP007,16.8074,79.9307,2024-05-05 08:52:40.243513,17982,383,0.158
ICAO24_00043,WP009,16.614867,80.412033,2024-05-04 11:29:40.243684,39263,374,0.51
ICAO24_00021,WP005,16.999933,79.449367,2024-05-04 14:16:40.243684,25941,296,0.385
ICAO24_00046,WP004,17.0962,79.2087,2024-05-03 21:02:40.243684,37143,409,0.87
ICAO24_00031,WP002,17.288733,78.727367,2024-05-04 18:11:40.243684,30730,483,0.784
ICAO24_00026,HYD,17.385,78.4867,2024-05-04 10:34:40.243684,21787,252,0.281
ICAO24_00018,HYD,17.385,78.4867,2024-05-04 13:12:40.243684,34523,493,0.827
ICAO24_00003,WP002,17.288733,78.727367,2024-05-02 21:44:40.243762,27159,216,0.098
ICAO24_00036,WP002,17.288733,78.727367,2024-05-03 17:19:40.243762,16027,554,0.594
ICAO24_00021,WP009,16.614867,80.412033,2024-05-03 12:43:40.243762,32408,585,0.345
ICAO24_00019,WP007,16.8074,79.9307,2024-05-03 13:02:40.243762,36630,436,0.203
ICAO24_00047,WP002,17.288733,78.727367,2024-05-03 02:44:40.243762,22871,358,0.387
ICAO24_00043,WP005,16.999933,79.449367,2024-05-03 09:50:40.243762,18253,372,0.603
ICAO24_00033,HYD,17.385,78.4867,2024-05-02 07:34:40.243850,35603,574,0.169
ICAO24_00013,WP004,17.0962,79.2087,2024-05-02 07:55:40.243850,38374,301,0.764
ICAO24_00009,WP009,16.614867,80.412033,2024-05-02 10:47:40.243850,26326,226,0.268
ICAO24_00028,HYD,17.385,78.4867,2024-05-02 02:35:40.243850,30675,233,0.648
ICAO24_00018,WP004,17.0962,79.2087,2024-05-02 15:34:40.243850,16222,520,0.436
ICAO24_00014,WP003,17.192467,78.968033,2024-05-01 02:31:40.243924,28952,494,0.747
ICAO24_00002,WP008,16.711133,80.171367,2024-05-01 16:52:40.243924,20799,436,0.848
ICAO24_00014,VGA,16.5186,80.6527,2024-05-01 16:29:40.243924,22208,236,0.376
ICAO24_00005,WP004,17.0962,79.2087,2024-05-01 10:53:40.243924,35866,413,0.462
ICAO24_00044,WP005,16.999933,79.449367,2024-05-01 18:59:40.243924,17052,373,0.563
ICAO24_00049,WP008,16.711133,80.171367,2024-04-30 20:58:40.243924,18832,360,0.817
ICAO24_00014,HYD,17.385,78.4867,2024-04-30 10:51:40.244004,27734,442,0.549
ICAO24_00038,WP007,16.8074,79.9307,2024-04-30 13:45:40.244004,32324,467,0.374
ICAO24_00016,WP004,17.0962,79.2087,2024-04-30 15:27:40.244004,28044,242,0.377
ICAO24_00028,HYD,17.385,78.4867,2024-04-30 08:15:40.244004,23251,256,0.862
ICAO24_00032,WP009,16.614867,80.412033,2024-04-29 23:44:40.244004,17913,335,0.062
ICAO24_00045,WP009,16.614867,80.412033,2024-04-30 14:01:40.244004,26947,273,0.426
ICAO24_00027,WP009,16.614867,80.412033,2024-04-30 11:05:40.244004,17201,354,0.639
ICAO24_00031,WP008,16.711133,80.171367,2024-04-30 02:19:40.244004,22511,395,0.743
ICAO24_00006,WP002,17.288733,78.727367,2024-04-29 22:09:40.244004,34389,566,0.872
ICAO24_00006,WP009,16.614867,80.412033,2024-04-30 06:46:40.244004,36175,337,0.825
ICAO24_00022,WP004,17.0962,79.2087,2024-04-30 09:50:40.244004,34226,318,0.701
ICAO24_00035,WP003,17.192467,78.968033,2024-04-30 18:07:40.244004,18896,235,0.187
ICAO24_00043,WP003,17.192467,78.968033,2024-04-30 19:46:40.244004,35149,565,0.344
ICAO24_00036,WP009,16.614867,80.412033,2024-04-29 04:27:40.244171,22195,222,0.474
ICAO24_00028,VGA,16.5186,80.6527,2024-04-29 17:53:40.244171,38433,533,0.388
ICAO24_00046,WP007,16.8074,79.9307,2024-04-29 15:58:40.244171,38896,451,0.866
ICAO24_00006,HYD,17.385,78.4867,2024-04-29 11:19:40.244171,15171,251,0.485
ICAO24_00006,HYD,17.385,78.4867,2024-04-29 18:11:40.244171,34387,431,0.123
ICAO24_00008,HYD,17.385,78.4867,2024-04-29 13:25:40.244171,37353,596,0.74
ICAO24_00008,HYD,17.385,78.4867,2024-04-29 17:52:40.244171,23173,252,0.454
ICAO24_00041,WP007,16.8074,79.9307,2024-04-28 23:21:40.244171,17781,242,0.972
ICAO24_00037,WP003,17.192467,78.968033,2024-04-29 04:23:40.244171,32486,439,0.007
ICAO24_00003,WP005,16.999933,79.449367,2024-04-28 19:12:40.244287,31313,587,0.012
ICAO24_00044,WP006,16.903667,79.690033,2024-04-28 03:34:40.244287,39184,210,0.228
ICAO24_00005,WP003,17.192467,78.968033,2024-04-28 07:35:40.244287,32302,416,0.12
ICAO24_00004,WP002,17.288733,78.727367,2024-04-28 07:56:40.244287,21287,595,0.113
ICAO24_00032,WP005,16.999933,79.449367,2024-04-28 00:39:40.244287,21888,409,0.185
ICAO24_00032,HYD,17.385,78.4867,2024-04-27 23:56:40.244287,20749,586,0.274
ICAO24_00009,VGA,16.5186,80.6527,2024-04-28 09:20:40.244287,15123,560,0.757
ICAO24_00028,WP007,16.8074,79.9307,2024-04-28 03:12:40.244287,26468,222,0.984
ICAO24_00017,WP009,16.614867,80.412033,2024-04-28 01:01:40.244287,21958,337,0.551
ICAO24_00018,WP005,16.999933,79.449367,2024-04-28 06:01:40.244287,22876,216,0.893
ICAO24_00014,WP002,17.288733,78.727367,2024-04-27 03:18:40.244419,15262,388,0.839
ICAO24_00013,WP008,16.711133,80.171367,2024-04-27 10:08:40.244419,20053,246,0.859
ICAO24_00025,WP008,16.711133,80.171367,2024-04-27 05:31:40.244419,37775,322,0.908
ICAO24_00028,WP005,16.999933,79.449367,2024-04-27 10:51:40.244419,20506,454,0.043
ICAO24_00021,WP005,16.999933,79.449367,2024-04-27 13:00:40.244419,38277,273,0.179
ICAO24_00032,WP004,17.0962,79.2087,2024-04-26 22:14:40.244419,28897,385,0.376
ICAO24_00033,WP007,16.8074,79.9307,2024-04-27 08:26:40.244419,31382,320,0.025
ICAO24_00018,HYD,17.385,78.4867,2024-04-27 00:54:40.244419,32442,408,0.409
ICAO24_00022,WP005,16.999933,79.449367,2024-04-27 02:08:40.244419,32122,482,0.095
ICAO24_00032,WP009,16.614867,80.412033,2024-04-27 17:59:40.244419,27108,551,0.29
ICAO24_00027,WP003,17.192467,78.968033,2024-04-26 22:42:40.244419,20252,267,0.23
ICAO24_00047,VGA,16.5186,80.6527,2024-04-27 15:04:40.244419,15726,455,0.828
ICAO24_00047,WP006,16.903667,79.690033,2024-04-27 18:25:40.244419,28086,389,0.955
ICAO24_00003,HYD,17.385,78.4867,2024-04-27 01:30:40.244419,22673,317,0.186
ICAO24_00016,WP007,16.8074,79.9307,2024-04-26 09:57:40.244604,31247,400,0.257
ICAO24_00016,HYD,17.385,78.4867,2024-04-26 19:17:40.244604,16145,554,0.243
ICAO24_00044,WP002,17.288733,78.727367,2024-04-26 14:32:40.244604,20729,426,0.079
ICAO24_00010,WP008,16.711133,80.171367,2024-04-26 14:31:40.244604,17478,410,0.019
ICAO24_00035,WP002,17.288733,78.727367,2024-04-26 05:29:40.244604,25422,544,0.238
ICAO24_00023,WP003,17.192467,78.968033,2024-04-26 08:09:40.244604,28217,466,0.816
ICAO24_00014,HYD,17.385,78.4867,2024-04-24 20:27:40.244685,18001,344,0.128
ICAO24_00049,HYD,17.385,78.4867,2024-04-25 05:54:40.244685,15990,584,0.228
ICAO24_00008,HYD,17.385,78.4867,2024-04-25 02:10:40.244685,25924,456,0.606
ICAO24_00021,WP005,16.999933,79.449367,2024-04-25 12:15:40.244685,22152,331,0.541
ICAO24_00010,VGA,16.5186,80.6527,2024-04-25 08:11:40.244685,19972,228,0.807
ICAO24_00037,WP008,16.711133,80.171367,2024-04-25 16:43:40.244685,23361,272,0.316
ICAO24_00016,WP006,16.903667,79.690033,2024-04-25 07:57:40.244685,34329,597,0.483
ICAO24_00019,WP002,17.288733,78.727367,2024-04-25 04:31:40.244685,18121,588,0.784
ICAO24_00034,WP004,17.0962,79.2087,2024-04-25 11:17:40.244685,22657,500,0.055
ICAO24_00043,WP005,16.999933,79.449367,2024-04-25 07:24:40.244685,39156,405,0.859
ICAO24_00044,VGA,16.5186,80.6527,2024-04-25 19:14:40.244685,33164,265,0.967
ICAO24_00034,HYD,17.385,78.4867,2024-04-25 20:00:40.244685,16742,391,0.73
ICAO24_00032,WP009,16.614867,80.412033,2024-04-25 09:40:40.244685,31509,554,0.152
ICAO24_00022,WP006,16.903667,79.690033,2024-04-24 04:34:40.244859,39516,533,0.17
ICAO24_00039,VGA,16.5186,80.6527,2024-04-24 19:45:40.244859,20566,418,0.598
ICAO24_00022,WP005,16.999933,79.449367,2024-04-24 15:09:40.244859,36848,444,0.574
ICAO24_00035,WP006,16.903667,79.690033,2024-04-24 05:43:40.244859,27723,364,0.956
ICAO24_00006,WP008,16.711133,80.171367,2024-04-24 17:09:40.244859,17778,281,0.763
ICAO24_00017,WP004,17.0962,79.2087,2024-04-23 23:24:40.244859,36130,306,0.743
ICAO24_00031,WP007,16.8074,79.9307,2024-04-23 20:53:40.244859,22881,287,0.803
ICAO24_00045,HYD,17.385,78.4867,2024-04-23 16:32:40.244951,38357,284,0.613
ICAO24_00010,WP009,16.614867,80.412033,2024-04-23 12:29:40.244951,29613,394,0.184
ICAO24_00005,WP009,16.614867,80.412033,2024-04-23 19:27:40.244951,31636,452,0.281
ICAO24_00024,WP005,16.999933,79.449367,2024-04-23 12:26:40.244951,38479,325,0.351
ICAO24_00041,WP008,16.711133,80.171367,2024-04-23 15:35:40.244951,39182,237,0.847
ICAO24_00001,WP006,16.903667,79.690033,2024-04-23 18:29:40.244951,38204,378,0.821
ICAO24_00040,HYD,17.385,78.4867,2024-04-23 08:03:40.244951,17119,578,0.887
ICAO24_00037,WP005,16.999933,79.449367,2024-04-23 16:31:40.244951,36606,367,0.699
ICAO24_00037,WP006,16.903667,79.690033,2024-04-22 09:58:40.245056,29828,573,0.669
ICAO24_00033,WP002,17.288733,78.727367,2024-04-22 03:34:40.245056,36859,417,0.324
ICAO24_00009,WP008,16.711133,80.171367,2024-04-22 13:25:40.245056,36012,277,0.338
ICAO24_00029,WP004,17.0962,79.2087,2024-04-22 00:01:40.245056,28673,274,0.931
ICAO24_00013,WP004,17.0962,79.2087,2024-04-22 08:40:40.245056,17638,329,0.17
ICAO24_00030,WP009,16.614867,80.412033,2024-04-22 04:06:40.245056,31695,285,0.509
ICAO24_00018,WP006,16.903667,79.690033,2024-04-22 18:34:40.245056,30189,319,0.67
ICAO24_00032,WP008,16.711133,80.171367,2024-04-22 16:53:40.245056,26781,283,0.696
ICAO24_00036,WP002,17.288733,78.727367,2024-04-21 19:51:40.245165,39967,251,0.837
ICAO24_00042,WP004,17.0962,79.2087,2024-04-21 10:41:40.245165,30738,536,0.102
ICAO24_00019,WP004,17.0962,79.2087,2024-04-21 13:13:40.245165,32097,565,0.786
ICAO24_00047,WP005,16.999933,79.449367,2024-04-21 05:24:40.245165,16728,203,0.232
ICAO24_00042,WP005,16.999933,79.449367,2024-04-21 02:37:40.245165,27600,488,0.764
ICAO24_00022,HYD,17.385,78.4867,2024-04-21 06:48:40.245165,39051,330,0.672
ICAO24_00030,WP005,16.999933,79.449367,2024-04-20 07:59:40.245244,29247,286,0.118
ICAO24_00038,WP007,16.8074,79.9307,2024-04-20 02:10:40.245244,34593,222,0.77
ICAO24_00022,WP002,17.288733,78.727367,2024-04-19 21:09:40.245244,18952,288,0.953
ICAO24_00002,HYD,17.385,78.4867,2024-04-20 01:42:40.245244,31451,362,0.958
ICAO24_00034,WP008,16.711133,80.171367,2024-04-20 17:42:40.245244,20352,212,0.17
ICAO24_00006,WP007,16.8074,79.9307,2024-04-20 07:04:40.245244,28630,454,0.16
ICAO24_00009,WP009,16.614867,80.412033,2024-04-19 20:43:40.245244,22543,473,0.495
ICAO24_00024,WP006,16.903667,79.690033,2024-04-20 00:19:40.245244,29216,478,0.562
ICAO24_00001,HYD,17.385,78.4867,2024-04-20 11:56:40.245244,32443,318,0.607
ICAO24_00044,VGA,16.5186,80.6527,2024-04-20 16:25:40.245244,15250,575,0.682
ICAO24_00025,WP006,16.903667,79.690033,2024-04-20 14:35:40.245244,16376,464,0.807
ICAO24_00022,WP005,16.999933,79.449367,2024-04-20 10:39:40.245244,22117,590,0.323
ICAO24_00035,WP009,16.614867,80.412033,2024-04-20 07:48:40.245244,24612,345,0.648
ICAO24_00032,WP006,16.903667,79.690033,2024-04-18 21:04:40.245429,32412,365,0.128
ICAO24_00014,WP006,16.903667,79.690033,2024-04-19 11:49:40.245429,15614,546,0.925
ICAO24_00017,WP006,16.903667,79.690033,2024-04-19 05:16:40.245429,29966,383,0.439
ICAO24_00000,WP005,16.999933,79.449367,2024-04-19 10:19:40.245429,30925,201,0.259
ICAO24_00045,VGA,16.5186,80.6527,2024-04-19 08:15:40.245429,27725,438,0.241
ICAO24_00035,VGA,16.5186,80.6527,2024-04-19 08:23:40.245429,21891,222,0.594
ICAO24_00009,WP006,16.903667,79.690033,2024-04-18 17:01:40.245509,35544,367,0.312
ICAO24_00034,WP006,16.903667,79.690033,2024-04-18 13:00:40.245509,39988,584,0.063
ICAO24_00037,WP003,17.192467,78.968033,2024-04-18 03:46:40.245509,34670,298,0.041
ICAO24_00038,WP009,16.614867,80.412033,2024-04-18 05:29:40.245509,22433,586,0.324
ICAO24_00024,WP007,16.8074,79.9307,2024-04-18 01:28:40.245509,36977,573,0.576
ICAO24_00019,WP009,16.614867,80.412033,2024-04-18 19:46:40.245509,35760,241,0.339
ICAO24_00008,WP004,17.0962,79.2087,2024-04-18 10:54:40.245509,33764,566,0.898
ICAO24_00018,WP004,17.0962,79.2087,2024-04-18 16:18:40.245509,25251,317,0.114
ICAO24_00028,WP006,16.903667,79.690033,2024-04-17 05:54:40.245626,37669,458,0.6
ICAO24_00027,WP003,17.192467,78.968033,2024-04-17 05:59:40.245626,19100,570,0.382
ICAO24_00022,VGA,16.5186,80.6527,2024-04-16 20:28:40.245626,17376,323,0.747
ICAO24_00020,WP007,16.8074,79.9307,2024-04-17 09:32:40.245626,21801,225,0.301
ICAO24_00020,WP003,17.192467,78.968033,2024-04-17 12:22:40.245626,37917,373,0.801
ICAO24_00006,HYD,17.385,78.4867,2024-04-17 02:40:40.245626,39345,209,0.383
ICAO24_00017,WP002,17.288733,78.727367,2024-04-16 19:45:40.245706,39627,582,0.509
ICAO24_00023,WP009,16.614867,80.412033,2024-04-16 12:57:40.245706,35032,516,0.538
ICAO24_00021,VGA,16.5186,80.6527,2024-04-16 13:20:40.245706,33020,344,0.863
ICAO24_00021,HYD,17.385,78.4867,2024-04-16 18:06:40.245706,31806,254,0.904
ICAO24_00025,WP009,16.614867,80.412033,2024-04-15 22:40:40.245706,22186,419,0.851
ICAO24_00028,WP006,16.903667,79.690033,2024-04-16 12:31:40.245706,28228,544,0.455
ICAO24_00027,WP003,17.192467,78.968033,2024-04-16 08:21:40.245706,27803,495,0.956
ICAO24_00033,WP005,16.999933,79.449367,2024-04-16 13:44:40.245706,39660,481,0.994
ICAO24_00042,WP009,16.614867,80.412033,2024-04-16 17:34:40.245706,38908,547,0.045
ICAO24_00010,WP007,16.8074,79.9307,2024-04-16 08:58:40.245706,18957,451,0.978
ICAO24_00033,WP006,16.903667,79.690033,2024-04-15 13:37:40.245839,18275,237,0.537
ICAO24_00009,WP007,16.8074,79.9307,2024-04-15 11:03:40.245839,24093,415,0.688
ICAO24_00018,WP005,16.999933,79.449367,2024-04-15 14:43:40.245839,24684,232,0.833
ICAO24_00047,WP005,16.999933,79.449367,2024-04-15 09:50:40.245839,23540,345,0.697
ICAO24_00022,WP003,17.192467,78.968033,2024-04-15 17:50:40.245839,15890,409,0.989
ICAO24_00016,HYD,17.385,78.4867,2024-04-15 06:10:40.245839,18939,428,0.623
ICAO24_00000,WP008,16.711133,80.171367,2024-04-13 21:22:40.250594,25222,222,0.725
ICAO24_00003,WP008,16.711133,80.171367,2024-04-14 09:16:40.250594,39897,470,0.437
ICAO24_00041,WP005,16.999933,79.449367,2024-04-14 15:19:40.250594,26151,479,0.567
ICAO24_00024,WP006,16.903667,79.690033,2024-04-14 11:01:40.250594,31206,441,0.503
ICAO24_00009,WP006,16.903667,79.690033,2024-04-14 01:56:40.250594,30454,441,0.081
ICAO24_00000,HYD,17.385,78.4867,2024-04-13 23:52:40.250594,20188,214,0.096
ICAO24_00044,WP005,16.999933,79.449367,2024-04-14 14:02:40.250594,31230,314,0.645
ICAO24_00017,WP005,16.999933,79.449367,2024-04-12 22:48:40.250697,28766,466,0.541
ICAO24_00013,VGA,16.5186,80.6527,2024-04-13 13:56:40.250697,28712,434,0.939
ICAO24_00023,WP009,16.614867,80.412033,2024-04-13 18:54:40.250697,35349,436,0.659
ICAO24_00040,WP004,17.0962,79.2087,2024-04-13 14:41:40.250697,20782,282,0.842
ICAO24_00011,WP003,17.192467,78.968033,2024-04-13 00:09:40.250697,32586,204,0.91
ICAO24_00016,WP006,16.903667,79.690033,2024-04-13 00:01:40.250697,39399,479,0.827
ICAO24_00007,HYD,17.385,78.4867,2024-04-12 01:05:40.250781,35183,473,0.378
ICAO24_00048,WP008,16.711133,80.171367,2024-04-12 16:32:40.250781,25831,285,0.629
ICAO24_00047,WP002,17.288733,78.727367,2024-04-12 19:08:40.250781,32115,322,0.655
ICAO24_00022,WP006,16.903667,79.690033,2024-04-12 13:12:40.250781,25671,580,0.749
ICAO24_00019,WP004,17.0962,79.2087,2024-04-12 13:28:40.250781,33311,573,0.748
ICAO24_00038,WP005,16.999933,79.449367,2024-04-12 14:30:40.250781,39136,263,0.841
ICAO24_00043,HYD,17.385,78.4867,2024-04-12 06:50:40.250781,19316,379,0.623
ICAO24_00012,WP009,16.614867,80.412033,2024-04-11 22:50:40.250781,25365,277,0.372
ICAO24_00016,WP003,17.192467,78.968033,2024-04-12 13:00:40.250781,27869,435,0.323
ICAO24_00016,WP006,16.903667,79.690033,2024-04-12 00:35:40.250781,17565,585,0.947
ICAO24_00037,WP004,17.0962,79.2087,2024-04-12 18:41:40.250781,34122,205,0.151
ICAO24_00047,WP002,17.288733,78.727367,2024-04-11 22:37:40.250781,39486,404,0.842
ICAO24_00022,WP007,16.8074,79.9307,2024-04-12 03:11:40.250781,16186,360,0.964
ICAO24_00032,VGA,16.5186,80.6527,2024-04-10 21:10:40.250982,20185,280,0.786
ICAO24_00014,WP003,17.192467,78.968033,2024-04-11 11:09:40.250982,39154,527,0.804
ICAO24_00026,VGA,16.5186,80.6527,2024-04-10 21:31:40.250982,19386,521,0.985
ICAO24_00042,WP004,17.0962,79.2087,2024-04-11 02:44:40.250982,29438,252,0.585
ICAO24_00017,WP006,16.903667,79.690033,2024-04-11 09:26:40.250982,18129,542,0.485
ICAO24_00016,WP005,16.999933,79.449367,2024-04-11 04:25:40.250982,24070,400,0.606
ICAO24_00010,WP006,16.903667,79.690033,2024-04-11 11:13:40.250982,27502,266,0.234
ICAO24_00009,WP007,16.8074,79.9307,2024-04-10 20:19:40.250982,18444,399,0.56
ICAO24_00028,WP003,17.192467,78.968033,2024-04-11 17:13:40.250982,33455,228,0.0
ICAO24_00025,HYD,17.385,78.4867,2024-04-11 14:07:40.250982,15466,477,0.116
ICAO24_00028,WP008,16.711133,80.171367,2024-04-10 13:07:40.251113,21023,525,0.168
ICAO24_00034,WP004,17.0962,79.2087,2024-04-10 08:14:40.251113,24770,372,0.919
ICAO24_00042,WP009,16.614867,80.412033,2024-04-10 16:19:40.251113,23352,289,0.467
ICAO24_00019,WP002,17.288733,78.727367,2024-04-10 17:00:40.251113,36125,260,0.543
ICAO24_00002,WP003,17.192467,78.968033,2024-04-09 20:22:40.251113,27526,498,0.72
ICAO24_00034,WP004,17.0962,79.2087,2024-04-10 06:26:40.251113,27276,521,0.116
ICAO24_00019,WP008,16.711133,80.171367,2024-04-09 21:48:40.251113,24621,268,0.703
ICAO24_00005,WP002,17.288733,78.727367,2024-04-10 12:07:40.251113,31512,313,0.225
ICAO24_00049,HYD,17.385,78.4867,2024-04-09 19:06:40.251219,30477,218,0.1
ICAO24_00022,WP005,16.999933,79.449367,2024-04-09 17:01:40.251219,28884,348,0.47
ICAO24_00024,WP007,16.8074,79.9307,2024-04-09 00:17:40.251219,22415,299,0.496
ICAO24_00011,WP009,16.614867,80.412033,2024-04-09 18:31:40.251219,23114,553,0.145
ICAO24_00022,HYD,17.385,78.4867,2024-04-09 18:51:40.251219,21063,578,0.081
ICAO24_00003,WP005,16.999933,79.449367,2024-04-09 04:06:40.251219,39013,594,0.213
ICAO24_00028,WP009,16.614867,80.412033,2024-04-08 04:14:40.251299,23907,485,0.879
ICAO24_00012,WP006,16.903667,79.690033,2024-04-08 19:17:40.251299,30992,363,0.968
ICAO24_00049,VGA,16.5186,80.6527,2024-04-08 06:47:40.251299,33385,341,0.861
ICAO24_00004,WP002,17.288733,78.727367,2024-04-08 10:00:40.251299,38379,576,0.245
ICAO24_00039,WP005,16.999933,79.449367,2024-04-08 06:43:40.251299,27184,531,0.374
ICAO24_00014,HYD,17.385,78.4867,2024-04-07 13:17:40.251364,37740,384,0.302
ICAO24_00031,WP008,16.711133,80.171367,2024-04-07 07:39:40.251364,28470,250,0.453
ICAO24_00036,WP003,17.192467,78.968033,2024-04-07 12:15:40.251364,20722,278,0.246
ICAO24_00011,WP007,16.8074,79.9307,2024-04-06 22:56:40.251364,30219,415,0.6
ICAO24_00014,WP008,16.711133,80.171367,2024-04-07 03:25:40.251364,17019,302,0.9
ICAO24_00033,WP008,16.711133,80.171367,2024-04-07 12:46:40.251364,24582,261,0.043
ICAO24_00011,WP005,16.999933,79.449367,2024-04-07 00:31:40.251364,19709,312,0.012
ICAO24_00030,WP004,17.0962,79.2087,2024-04-06 20:12:40.251364,22223,544,0.081
ICAO24_00001,HYD,17.385,78.4867,2024-04-07 08:33:40.251364,19601,536,0.59
ICAO24_00047,WP002,17.288733,78.727367,2024-04-07 00:35:40.251364,26493,267,0.561
ICAO24_00015,WP007,16.8074,79.9307,2024-04-05 22:10:40.251492,28228,572,0.54
ICAO24_00033,HYD,17.385,78.4867,2024-04-06 05:50:40.251492,25722,289,0.389
ICAO24_00020,WP007,16.8074,79.9307,2024-04-06 19:00:40.251492,35411,363,0.359
ICAO24_00045,WP009,16.614867,80.412033,2024-04-06 03:37:40.251492,24575,253,0.633
ICAO24_00045,WP005,16.999933,79.449367,2024-04-06 08:59:40.251492,17376,219,0.875
ICAO24_00026,WP004,17.0962,79.2087,2024-04-06 15:59:40.251492,26205,376,0.207
ICAO24_00039,WP006,16.903667,79.690033,2024-04-06 11:38:40.251492,35442,206,0.019
ICAO24_00011,WP003,17.192467,78.968033,2024-04-06 03:42:40.251492,29942,201,0.253
ICAO24_00002,VGA,16.5186,80.6527,2024-04-06 04:53:40.251492,24797,208,0.734
ICAO24_00032,WP008,16.711133,80.171367,2024-04-05 20:46:40.251492,17150,248,0.199
ICAO24_00049,HYD,17.385,78.4867,2024-04-05 17:38:40.251623,22223,596,0.296
ICAO24_00035,WP004,17.0962,79.2087,2024-04-05 08:18:40.251623,16503,301,0.924
ICAO24_00026,WP005,16.999933,79.449367,2024-04-05 05:46:40.251623,26138,305,0.428
ICAO24_00013,WP009,16.614867,80.412033,2024-04-05 09:41:40.251623,25491,460,0.454
ICAO24_00026,WP003,17.192467,78.968033,2024-04-05 16:19:40.251623,27645,456,0.586
ICAO24_00022,WP007,16.8074,79.9307,2024-04-05 10:14:40.251623,35677,319,0.141
ICAO24_00020,WP007,16.8074,79.9307,2024-04-05 10:53:40.251623,33950,348,0.137
ICAO24_00012,WP008,16.711133,80.171367,2024-04-05 05:25:40.251623,38268,443,0.069
ICAO24_00011,VGA,16.5186,80.6527,2024-04-05 11:19:40.251623,27036,268,0.645
ICAO24_00002,WP007,16.8074,79.9307,2024-04-04 21:12:40.251623,27224,326,0.07
ICAO24_00027,WP003,17.192467,78.968033,2024-04-04 03:08:40.251752,39770,580,0.896
ICAO24_00024,WP009,16.614867,80.412033,2024-04-04 19:28:40.251752,21889,442,0.911
ICAO24_00034,WP006,16.903667,79.690033,2024-04-04 17:56:40.251752,27589,225,0.499
ICAO24_00012,WP003,17.192467,78.968033,2024-04-04 09:13:40.251752,32703,563,0.843
ICAO24_00015,WP007,16.8074,79.9307,2024-04-03 22:56:40.251752,34868,395,0.402
ICAO24_00033,WP002,17.288733,78.727367,2024-04-04 15:04:40.251752,21059,515,0.751
ICAO24_00039,WP009,16.614867,80.412033,2024-04-04 04:08:40.251752,35554,279,0.767
ICAO24_00031,HYD,17.385,78.4867,2024-04-03 13:08:40.251839,28129,447,0.122
ICAO24_00042,WP005,16.999933,79.449367,2024-04-03 10:07:40.251839,27648,598,0.538
ICAO24_00044,WP003,17.192467,78.968033,2024-04-03 19:17:40.251839,29756,338,0.755
ICAO24_00014,WP009,16.614867,80.412033,2024-04-03 09:20:40.251839,37384,350,0.07
ICAO24_00030,WP009,16.614867,80.412033,2024-04-03 12:01:40.251839,26959,480,0.339
ICAO24_00014,VGA,16.5186,80.6527,2024-04-03 10:14:40.251839,21111,501,0.469
ICAO24_00032,WP008,16.711133,80.171367,2024-04-02 20:43:40.251839,27668,216,0.407
ICAO24_00008,WP002,17.288733,78.727367,2024-04-03 00:20:40.251839,32451,234,0.226
ICAO24_00022,HYD,17.385,78.4867,2024-04-03 14:55:40.251839,26992,402,0.189
ICAO24_00007,WP006,16.903667,79.690033,2024-04-03 10:45:40.251839,16325,279,0.603
ICAO24_00025,WP009,16.614867,80.412033,2024-04-03 06:06:40.251839,34998,497,0.922
ICAO24_00032,WP004,17.0962,79.2087,2024-04-02 13:31:40.251985,29545,432,0.108
ICAO24_00021,WP003,17.192467,78.968033,2024-04-01 22:20:40.251985,38849,215,0.685
ICAO24_00033,HYD,17.385,78.4867,2024-04-02 10:44:40.251985,24957,237,0.891
ICAO24_00012,WP004,17.0962,79.2087,2024-04-02 18:17:40.251985,34064,519,0.964
ICAO24_00011,WP006,16.903667,79.690033,2024-04-02 14:44:40.251985,22525,204,0.312
ICAO24_00023,WP009,16.614867,80.412033,2024-04-02 10:54:40.251985,16668,316,0.385
ICAO24_00038,WP002,17.288733,78.727367,2024-04-02 00:50:40.251985,28349,469,0.495
ICAO24_00003,WP002,17.288733,78.727367,2024-04-02 13:35:40.251985,36857,500,0.321
ICAO24_00033,WP004,17.0962,79.2087,2024-04-02 16:45:40.251985,17232,332,0.186
ICAO24_00001,WP005,16.999933,79.449367,2024-04-02 02:55:40.251985,24334,453,0.806
ICAO24_00027,WP005,16.999933,79.449367,2024-04-02 12:24:40.251985,15234,447,0.177
ICAO24_00048,WP007,16.8074,79.9307,2024-04-01 07:56:40.252128,39066,542,0.856
ICAO24_00022,WP005,16.999933,79.449367,2024-04-01 07:31:40.252128,15016,598,0.916
ICAO24_00042,WP002,17.288733,78.727367,2024-04-01 07:45:40.252128,25548,282,0.869
ICAO24_00006,WP004,17.0962,79.2087,2024-04-01 16:16:40.252128,36391,208,0.566
ICAO24_00014,WP002,17.288733,78.727367,2024-04-01 01:10:40.252128,25281,581,0.689
ICAO24_00008,VGA,16.5186,80.6527,2024-03-31 07:08:40.252193,37897,443,0.941
ICAO24_00034,WP008,16.711133,80.171367,2024-03-31 00:52:40.252193,17028,563,0.172
ICAO24_00024,WP009,16.614867,80.412033,2024-03-31 08:03:40.252193,22650,252,0.633
ICAO24_00042,HYD,17.385,78.4867,2024-03-31 02:11:40.252193,31259,364,0.384
ICAO24_00044,WP004,17.0962,79.2087,2024-03-31 12:42:40.252193,39554,260,0.366
ICAO24_00033,WP007,16.8074,79.9307,2024-03-31 12:18:40.252193,21900,480,0.532
ICAO24_00026,WP006,16.903667,79.690033,2024-03-31 07:44:40.252193,27105,588,0.399
ICAO24_00023,WP006,16.903667,79.690033,2024-03-30 20:28:40.252193,24180,569,0.123
ICAO24_00015,WP006,16.903667,79.690033,2024-03-30 20:17:40.252193,28106,301,0.779
ICAO24_00015,WP004,17.0962,79.2087,2024-03-31 15:37:40.252193,15361,366,0.33
ICAO24_00026,WP005,16.999933,79.449367,2024-03-31 06:26:40.252193,37671,465,0.068
ICAO24_00041,WP004,17.0962,79.2087,2024-03-31 03:51:40.252193,39111,478,0.208
ICAO24_00028,WP009,16.614867,80.412033,2024-03-31 12:53:40.252193,21513,231,0.518
ICAO24_00008,WP007,16.8074,79.9307,2024-03-30 05:07:40.252361,35914,405,0.426
ICAO24_00036,WP002,17.288733,78.727367,2024-03-30 10:39:40.252361,36967,424,0.11
ICAO24_00037,WP003,17.192467,78.968033,2024-03-29 23:52:40.252361,23421,329,0.467
ICAO24_00033,WP005,16.999933,79.449367,2024-03-30 02:43:40.252361,36430,306,0.888
ICAO24_00003,WP009,16.614867,80.412033,2024-03-30 05:39:40.252361,17118,210,0.649
ICAO24_00020,WP008,16.711133,80.171367,2024-03-30 02:51:40.252361,31805,397,0.792
ICAO24_00017,WP006,16.903667,79.690033,2024-03-30 01:30:40.252361,23347,259,0.571
ICAO24_00032,WP008,16.711133,80.171367,2024-03-30 19:16:40.252361,27137,245,0.477
ICAO24_00049,WP009,16.614867,80.412033,2024-03-30 14:05:40.252361,39761,349,0.916
ICAO24_00046,WP005,16.999933,79.449367,2024-03-30 09:00:40.252361,27195,410,0.815
ICAO24_00045,WP002,17.288733,78.727367,2024-03-29 05:38:40.252494,31072,512,0.784
ICAO24_00017,WP008,16.711133,80.171367,2024-03-29 12:45:40.252494,28637,386,0.782
ICAO24_00022,WP002,17.288733,78.727367,2024-03-29 10:01:40.252494,20925,437,0.461
ICAO24_00021,WP008,16.711133,80.171367,2024-03-29 07:54:40.252494,30081,538,0.207
ICAO24_00042,WP006,16.903667,79.690033,2024-03-29 16:03:40.252494,34955,324,0.822
ICAO24_00019,WP007,16.8074,79.9307,2024-03-28 21:09:40.252494,20252,274,0.701
ICAO24_00038,VGA,16.5186,80.6527,2024-03-29 10:34:40.252494,31416,391,0.239
ICAO24_00036,WP006,16.903667,79.690033,2024-03-29 04:33:40.252494,30135,362,0.668
ICAO24_00007,WP002,17.288733,78.727367,2024-03-29 01:37:40.252494,29311,365,0.099
ICAO24_00027,WP009,16.614867,80.412033,2024-03-28 10:47:40.252608,37524,490,0.834
ICAO24_00038,HYD,17.385,78.4867,2024-03-27 21:16:40.252608,29709,586,0.782
ICAO24_00032,HYD,17.385,78.4867,2024-03-28 08:14:40.252608,38721,246,0.73
ICAO24_00026,WP009,16.614867,80.412033,2024-03-28 01:48:40.252608,29410,548,0.906
ICAO24_00024,VGA,16.5186,80.6527,2024-03-27 20:02:40.252608,34399,561,0.059
ICAO24_00029,VGA,16.5186,80.6527,2024-03-28 02:40:40.252608,18270,414,0.363
ICAO24_00023,WP009,16.614867,80.412033,2024-03-27 22:07:40.252608,17969,242,0.824
ICAO24_00039,WP007,16.8074,79.9307,2024-03-27 20:18:40.252608,19328,584,0.483
ICAO24_00037,WP005,16.999933,79.449367,2024-03-28 16:05:40.252608,15035,375,0.144
ICAO24_00013,WP007,16.8074,79.9307,2024-03-28 04:10:40.252608,38869,374,0.211
ICAO24_00024,WP002,17.288733,78.727367,2024-03-28 18:50:40.252608,27915,227,0.167
ICAO24_00007,WP004,17.0962,79.2087,2024-03-28 14:00:40.252608,32693,533,0.748
ICAO24_00043,WP002,17.288733,78.727367,2024-03-28 09:05:40.252608,23981,201,0.197
ICAO24_00015,WP009,16.614867,80.412033,2024-03-28 14:03:40.252608,36849,219,0.107
ICAO24_00013,VGA,16.5186,80.6527,2024-03-28 01:01:40.252608,31517,565,0.34
ICAO24_00021,WP004,17.0962,79.2087,2024-03-27 19:15:40.252795,32398,491,0.059
ICAO24_00007,WP007,16.8074,79.9307,2024-03-27 09:59:40.252795,39760,315,0.021
ICAO24_00008,WP009,16.614867,80.412033,2024-03-27 04:17:40.252795,38403,321,0.283
ICAO24_00019,WP007,16.8074,79.9307,2024-03-27 05:11:40.252795,39045,446,0.305
ICAO24_00048,WP008,16.711133,80.171367,2024-03-27 18:55:40.252795,34704,251,0.323
ICAO24_00014,WP005,16.999933,79.449367,2024-03-27 02:17:40.252795,17188,241,0.899
ICAO24_00026,VGA,16.5186,80.6527,2024-03-27 08:45:40.252795,15672,445,0.716
ICAO24_00045,WP003,17.192467,78.968033,2024-03-26 03:19:40.252891,19979,250,0.887
ICAO24_00011,WP003,17.192467,78.968033,2024-03-26 09:32:40.252891,28683,317,0.99
ICAO24_00011,WP003,17.192467,78.968033,2024-03-26 19:33:40.252891,30054,492,0.26
ICAO24_00019,VGA,16.5186,80.6527,2024-03-25 20:48:40.252891,19971,209,0.241
ICAO24_00013,WP008,16.711133,80.171367,2024-03-25 23:54:40.252891,24727,595,0.24
ICAO24_00020,WP007,16.8074,79.9307,2024-03-25 09:35:40.252960,30646,242,0.269
ICAO24_00021,WP008,16.711133,80.171367,2024-03-25 12:03:40.252960,28917,261,0.728
ICAO24_00031,WP008,16.711133,80.171367,2024-03-25 13:37:40.252960,32838,236,0.555
ICAO24_00033,WP008,16.711133,80.171367,2024-03-25 02:01:40.252960,36387,438,0.37
ICAO24_00007,VGA,16.5186,80.6527,2024-03-25 09:36:40.252960,29911,432,0.851
ICAO24_00010,WP003,17.192467,78.968033,2024-03-25 04:32:40.252960,38660,506,0.745
ICAO24_00011,WP006,16.903667,79.690033,2024-03-25 16:55:40.252960,26329,525,0.739
ICAO24_00047,WP003,17.192467,78.968033,2024-03-24 23:12:40.252960,35270,462,0.299
ICAO24_00000,WP003,17.192467,78.968033,2024-03-25 12:42:40.252960,36151,498,0.265
ICAO24_00035,WP004,17.0962,79.2087,2024-03-24 20:25:40.252960,20490,229,0.936
ICAO24_00025,WP007,16.8074,79.9307,2024-03-25 07:52:40.252960,23712,334,0.87
ICAO24_00028,VGA,16.5186,80.6527,2024-03-24 23:00:40.252960,32795,538,0.935
ICAO24_00015,WP007,16.8074,79.9307,2024-03-25 06:25:40.252960,39680,239,0.021
ICAO24_00040,HYD,17.385,78.4867,2024-03-25 02:06:40.252960,34851,367,0.779
ICAO24_00027,HYD,17.385,78.4867,2024-03-23 23:58:40.253140,20916,496,0.879
ICAO24_00046,WP005,16.999933,79.449367,2024-03-24 05:22:40.253140,20856,229,0.406
ICAO24_00018,WP003,17.192467,78.968033,2024-03-24 14:41:40.253140,23113,272,0.18
ICAO24_00036,VGA,16.5186,80.6527,2024-03-24 00:07:40.253140,35007,253,0.442
ICAO24_00012,HYD,17.385,78.4867,2024-03-24 11:15:40.253140,16006,404,0.071
ICAO24_00015,WP007,16.8074,79.9307,2024-03-23 14:12:40.253208,18760,489,0.172
ICAO24_00001,WP008,16.711133,80.171367,2024-03-22 20:59:40.253208,20976,372,0.844
ICAO24_00017,WP003,17.192467,78.968033,2024-03-23 15:14:40.253208,17850,259,0.468
ICAO24_00017,WP005,16.999933,79.449367,2024-03-23 01:55:40.253208,22552,543,0.802
ICAO24_00002,VGA,16.5186,80.6527,2024-03-23 06:43:40.253208,17339,277,0.329
ICAO24_00037,HYD,17.385,78.4867,2024-03-23 07:32:40.253208,26922,586,0.934
ICAO24_00031,WP008,16.711133,80.171367,2024-03-23 11:57:40.253208,19249,459,0.452
ICAO24_00022,WP009,16.614867,80.412033,2024-03-23 10:30:40.253208,25929,595,0.459
ICAO24_00036,WP008,16.711133,80.171367,2024-03-23 13:43:40.253208,39778,347,0.539
ICAO24_00038,WP002,17.288733,78.727367,2024-03-23 10:10:40.253208,24177,487,0.638
ICAO24_00042,WP004,17.0962,79.2087,2024-03-23 09:39:40.253208,34838,412,0.99
ICAO24_00010,WP005,16.999933,79.449367,2024-03-23 03:59:40.253208,15670,518,0.386
ICAO24_00020,WP009,16.614867,80.412033,2024-03-22 23:59:40.253208,17814,327,0.546
ICAO24_00042,WP005,16.999933,79.449367,2024-03-23 09:14:40.253208,19981,246,0.76
ICAO24_00000,WP005,16.999933,79.449367,2024-03-23 05:16:40.253208,32065,317,0.557
ICAO24_00012,WP006,16.903667,79.690033,2024-03-22 05:57:40.253396,18441,545,0.832
ICAO24_00026,WP006,16.903667,79.690033,2024-03-22 05:27:40.253396,20428,327,0.439
ICAO24_00042,WP008,16.711133,80.171367,2024-03-22 04:45:40.253396,23521,531,0.668
ICAO24_00011,WP004,17.0962,79.2087,2024-03-22 05:07:40.253396,28830,273,0.272
ICAO24_00036,WP004,17.0962,79.2087,2024-03-22 02:54:40.253396,22700,435,0.499
ICAO24_00044,WP005,16.999933,79.449367,2024-03-22 13:06:40.253396,17198,539,0.127
ICAO24_00017,WP009,16.614867,80.412033,2024-03-22 08:19:40.253396,31223,593,0.361
ICAO24_00030,WP004,17.0962,79.2087,2024-03-22 03:27:40.253396,19781,481,0.377
ICAO24_00010,WP007,16.8074,79.9307,2024-03-22 10:58:40.253396,22657,433,0.387
ICAO24_00045,WP005,16.999933,79.449367,2024-03-22 02:21:40.253396,38247,571,0.106
ICAO24_00034,WP004,17.0962,79.2087,2024-03-22 00:45:40.253396,20486,230,0.954
ICAO24_00026,WP008,16.711133,80.171367,2024-03-22 04:41:40.253396,23286,531,0.942
ICAO24_00008,WP008,16.711133,80.171367,2024-03-22 14:03:40.253396,23393,597,0.294
ICAO24_00000,VGA,16.5186,80.6527,2024-03-22 14:55:40.253396,15689,426,0.48
ICAO24_00022,WP008,16.711133,80.171367,2024-03-22 10:33:40.253396,39154,514,0.883
ICAO24_00017,WP002,17.288733,78.727367,2024-03-21 16:20:40.253589,30624,552,0.511
ICAO24_00010,VGA,16.5186,80.6527,2024-03-21 08:32:40.253589,37024,225,0.639
ICAO24_00016,VGA,16.5186,80.6527,2024-03-21 16:18:40.253589,19945,516,0.709
ICAO24_00027,HYD,17.385,78.4867,2024-03-21 03:06:40.253589,39719,224,0.24
ICAO24_00017,WP002,17.288733,78.727367,2024-03-21 11:16:40.253589,37167,323,0.003
ICAO24_00036,WP007,16.8074,79.9307,2024-03-21 07:47:40.253589,31492,261,0.808
ICAO24_00017,WP006,16.903667,79.690033,2024-03-20 22:22:40.253589,39062,211,0.465
ICAO24_00021,WP009,16.614867,80.412033,2024-03-21 09:55:40.253589,32842,422,0.785
ICAO24_00013,WP007,16.8074,79.9307,2024-03-21 01:59:40.253589,19803,494,0.814
ICAO24_00042,WP007,16.8074,79.9307,2024-03-21 19:31:40.253589,36184,438,0.839
ICAO24_00010,WP005,16.999933,79.449367,2024-03-21 10:41:40.253589,29171,264,0.147
ICAO24_00045,VGA,16.5186,80.6527,2024-03-20 02:08:40.253740,39492,206,0.59
ICAO24_00006,WP003,17.192467,78.968033,2024-03-20 05:32:40.253740,20142,263,0.498
ICAO24_00031,HYD,17.385,78.4867,2024-03-20 00:24:40.253740,34938,553,0.418
ICAO24_00043,WP006,16.903667,79.690033,2024-03-20 09:50:40.253740,23002,491,0.668
ICAO24_00015,WP002,17.288733,78.727367,2024-03-20 16:57:40.253740,34470,549,0.666
ICAO24_00016,WP004,17.0962,79.2087,2024-03-19 21:16:40.253740,26270,337,0.849
ICAO24_00009,WP008,16.711133,80.171367,2024-03-19 06:11:40.253818,16174,499,0.06
ICAO24_00036,WP005,16.999933,79.449367,2024-03-18 21:12:40.253818,36510,437,0.934
ICAO24_00037,WP004,17.0962,79.2087,2024-03-19 18:17:40.253818,25201,586,0.303
ICAO24_00041,VGA,16.5186,80.6527,2024-03-19 01:30:40.253818,32676,226,0.54
ICAO24_00010,WP009,16.614867,80.412033,2024-03-19 13:32:40.253818,38985,248,0.749
ICAO24_00027,WP007,16.8074,79.9307,2024-03-19 13:32:40.253818,20362,267,0.302
ICAO24_00030,WP005,16.999933,79.449367,2024-03-19 00:28:40.253818,27999,230,0.145
ICAO24_00029,WP009,16.614867,80.412033,2024-03-19 09:14:40.253818,29513,239,0.974
ICAO24_00043,VGA,16.5186,80.6527,2024-03-19 00:30:40.253818,19132,257,0.443
ICAO24_00044,WP007,16.8074,79.9307,2024-03-19 07:46:40.253818,30891,331,0.603
ICAO24_00042,WP006,16.903667,79.690033,2024-03-18 05:59:40.253956,36813,268,0.461
ICAO24_00009,WP004,17.0962,79.2087,2024-03-18 19:11:40.253956,27668,244,0.394
ICAO24_00018,WP009,16.614867,80.412033,2024-03-18 07:41:40.253956,27978,505,0.397
ICAO24_00033,VGA,16.5186,80.6527,2024-03-17 23:48:40.253956,15497,569,0.357
ICAO24_00029,WP003,17.192467,78.968033,2024-03-18 12:36:40.253956,25039,247,0.178
ICAO24_00033,WP004,17.0962,79.2087,2024-03-18 10:44:40.253956,37908,384,0.123
ICAO24_00032,WP003,17.192467,78.968033,2024-03-17 23:49:40.253956,22434,564,0.968
ICAO24_00009,WP007,16.8074,79.9307,2024-03-18 17:33:40.253956,38403,561,0.938
ICAO24_00043,HYD,17.385,78.4867,2024-03-18 01:49:40.253956,35471,377,0.392
ICAO24_00008,WP004,17.0962,79.2087,2024-03-18 00:14:40.253956,37263,567,0.442
ICAO24_00032,WP005,16.999933,79.449367,2024-03-18 04:29:40.253956,21361,401,0.466
ICAO24_00034,VGA,16.5186,80.6527,2024-03-18 01:41:40.253956,31815,250,0.303
ICAO24_00044,WP007,16.8074,79.9307,2024-03-18 02:16:40.253956,19476,260,0.812
ICAO24_00005,WP008,16.711133,80.171367,2024-03-18 14:37:40.253956,20863,283,0.286
ICAO24_00005,WP007,16.8074,79.9307,2024-03-17 18:35:40.254136,26652,273,0.41
ICAO24_00015,WP002,17.288733,78.727367,2024-03-17 14:07:40.254136,36191,249,0.64
ICAO24_00004,HYD,17.385,78.4867,2024-03-17 01:26:40.254136,21886,596,0.935
ICAO24_00044,WP002,17.288733,78.727367,2024-03-17 10:25:40.254136,33473,480,0.803
ICAO24_00034,HYD,17.385,78.4867,2024-03-17 13:45:40.254136,21444,458,0.282
ICAO24_00004,WP008,16.711133,80.171367,2024-03-17 10:09:40.254136,39544,508,0.484
ICAO24_00020,WP003,17.192467,78.968033,2024-03-17 02:15:40.254136,37267,347,0.651
ICAO24_00014,WP003,17.192467,78.968033,2024-03-16 23:31:40.254136,18717,284,0.988
ICAO24_00034,WP003,17.192467,78.968033,2024-03-17 03:08:40.254136,20097,214,0.956
ICAO24_00018,WP003,17.192467,78.968033,2024-03-17 03:10:40.254136,28389,446,0.949
ICAO24_00036,VGA,16.5186,80.6527,2024-03-16 16:06:40.254275,37531,499,0.512
ICAO24_00013,WP003,17.192467,78.968033,2024-03-15 20:52:40.254275,15337,303,0.63
ICAO24_00014,WP006,16.903667,79.690033,2024-03-16 19:36:40.254275,16960,220,0.808
ICAO24_00036,WP007,16.8074,79.9307,2024-03-15 23:37:40.254275,22959,430,0.837
ICAO24_00020,WP003,17.192467,78.968033,2024-03-16 07:17:40.254275,20870,206,0.326
ICAO24_00013,WP006,16.903667,79.690033,2024-03-16 09:40:40.254275,36794,565,0.352
ICAO24_00043,HYD,17.385,78.4867,2024-03-16 17:44:40.254275,31217,365,0.932
ICAO24_00038,WP008,16.711133,80.171367,2024-03-15 22:54:40.254275,39702,597,0.786
ICAO24_00022,WP004,17.0962,79.2087,2024-03-14 23:30:40.254426,17508,463,0.546
ICAO24_00044,WP003,17.192467,78.968033,2024-03-15 16:49:40.254426,26798,209,0.481
ICAO24_00030,WP005,16.999933,79.449367,2024-03-15 06:55:40.254426,37436,397,0.946
ICAO24_00037,WP004,17.0962,79.2087,2024-03-15 04:40:40.254426,22999,339,0.182
ICAO24_00002,WP003,17.192467,78.968033,2024-03-15 08:23:40.254426,32141,371,0.205
ICAO24_00016,WP002,17.288733,78.727367,2024-03-14 22:51:40.254426,22752,379,0.626
ICAO24_00047,WP003,17.192467,78.968033,2024-03-15 13:27:40.254426,23161,368,0.065
ICAO24_00018,WP005,16.999933,79.449367,2024-03-14 20:39:40.254426,37183,522,0.464
ICAO24_00040,HYD,17.385,78.4867,2024-03-15 14:18:40.254426,30261,409,0.441
ICAO24_00022,WP007,16.8074,79.9307,2024-03-15 03:40:40.254426,35994,519,0.071
ICAO24_00042,WP006,16.903667,79.690033,2024-03-15 05:22:40.254426,33154,271,0.831
ICAO24_00020,WP006,16.903667,79.690033,2024-03-15 13:34:40.254426,24486,421,0.416
ICAO24_00019,WP007,16.8074,79.9307,2024-03-15 14:15:40.254426,19995,515,0.125
ICAO24_00032,WP007,16.8074,79.9307,2024-03-14 12:52:40.254595,27550,280,0.489
ICAO24_00011,WP007,16.8074,79.9307,2024-03-14 08:02:40.254595,22173,249,0.205
ICAO24_00014,WP008,16.711133,80.171367,2024-03-14 16:36:40.254595,25955,518,0.498
ICAO24_00041,WP009,16.614867,80.412033,2024-03-14 11:08:40.254595,34136,505,0.507
ICAO24_00041,WP002,17.288733,78.727367,2024-03-14 19:06:40.254595,23539,525,0.107
ICAO24_00047,WP006,16.903667,79.690033,2024-03-14 06:08:40.254595,36629,207,0.081
ICAO24_00025,VGA,16.5186,80.6527,2024-03-14 12:09:40.254595,22812,354,0.084
ICAO24_00043,WP003,17.192467,78.968033,2024-03-14 11:04:40.254595,19361,280,0.08
ICAO24_00028,WP008,16.711133,80.171367,2024-03-14 07:40:40.254595,37561,596,0.419
ICAO24_00041,WP002,17.288733,78.727367,2024-03-13 20:58:40.254595,29226,252,0.222
ICAO24_00042,WP008,16.711133,80.171367,2024-03-14 10:10:40.254595,22607,286,0.829
ICAO24_00002,WP003,17.192467,78.968033,2024-03-14 08:23:40.254595,22543,548,0.152
ICAO24_00040,WP007,16.8074,79.9307,2024-03-14 19:09:40.254595,38038,305,0.759
ICAO24_00000,WP007,16.8074,79.9307,2024-03-14 18:23:40.254595,23781,598,0.429
ICAO24_00039,WP002,17.288733,78.727367,2024-03-13 04:49:40.254772,34380,230,0.863
ICAO24_00010,WP009,16.614867,80.412033,2024-03-13 15:54:40.254772,39501,365,0.71
ICAO24_00045,WP009,16.614867,80.412033,2024-03-13 13:14:40.254772,38543,394,0.221
ICAO24_00038,WP009,16.614867,80.412033,2024-03-13 16:03:40.254772,28930,516,0.232
ICAO24_00006,WP003,17.192467,78.968033,2024-03-13 06:34:40.254772,19311,506,0.684
ICAO24_00010,HYD,17.385,78.4867,2024-03-13 05:22:40.254772,23089,559,0.165
ICAO24_00048,WP004,17.0962,79.2087,2024-03-12 18:23:40.254847,16908,222,0.312
ICAO24_00017,WP003,17.192467,78.968033,2024-03-12 11:04:40.254847,27460,557,0.131
ICAO24_00007,WP004,17.0962,79.2087,2024-03-12 10:26:40.254847,15336,260,0.372
ICAO24_00029,WP006,16.903667,79.690033,2024-03-12 07:21:40.254847,39180,397,0.055
ICAO24_00044,WP006,16.903667,79.690033,2024-03-12 11:41:40.254847,26048,295,0.019
ICAO24_00003,HYD,17.385,78.4867,2024-03-12 13:18:40.254847,21296,498,0.077
ICAO24_00020,WP003,17.192467,78.968033,2024-03-12 19:11:40.254847,23710,305,0.782
ICAO24_00019,WP006,16.903667,79.690033,2024-03-11 22:36:40.254847,36314,555,0.504
ICAO24_00048,WP003,17.192467,78.968033,2024-03-10 22:43:40.254938,21999,440,0.209
ICAO24_00031,HYD,17.385,78.4867,2024-03-11 15:57:40.254938,24197,494,0.546
ICAO24_00047,WP005,16.999933,79.449367,2024-03-10 23:12:40.254938,20192,557,0.614
ICAO24_00016,WP006,16.903667,79.690033,2024-03-10 23:11:40.254938,39313,477,0.702
ICAO24_00007,WP006,16.903667,79.690033,2024-03-11 08:52:40.254938,34097,433,0.885
ICAO24_00014,WP004,17.0962,79.2087,2024-03-11 15:48:40.254938,34539,538,0.458
ICAO24_00026,WP008,16.711133,80.171367,2024-03-11 01:53:40.254938,21952,436,0.399
ICAO24_00037,WP009,16.614867,80.412033,2024-03-11 01:30:40.254938,26462,425,0.814
ICAO24_00009,HYD,17.385,78.4867,2024-03-11 04:05:40.254938,27984,409,0.215
ICAO24_00012,WP005,16.999933,79.449367,2024-03-11 17:04:40.254938,16794,264,0.587
ICAO24_00020,WP002,17.288733,78.727367,2024-03-11 05:03:40.254938,22899,208,0.36
ICAO24_00042,WP003,17.192467,78.968033,2024-03-11 15:54:40.254938,21250,249,0.018
ICAO24_00032,WP005,16.999933,79.449367,2024-03-10 13:11:40.255056,37360,565,0.531
ICAO24_00034,WP008,16.711133,80.171367,2024-03-10 12:41:40.255056,34099,469,0.141
ICAO24_00037,HYD,17.385,78.4867,2024-03-09 21:06:40.255056,35173,220,0.855
ICAO24_00002,WP004,17.0962,79.2087,2024-03-10 07:52:40.255056,32418,396,0.095
ICAO24_00034,HYD,17.385,78.4867,2024-03-10 07:02:40.255056,32559,232,0.769
ICAO24_00005,WP009,16.614867,80.412033,2024-03-08 20:30:40.255115,27542,313,0.348
ICAO24_00019,WP003,17.192467,78.968033,2024-03-09 04:34:40.255115,39257,268,0.358
ICAO24_00005,WP003,17.192467,78.968033,2024-03-09 08:00:40.255115,16225,477,0.194
ICAO24_00026,WP005,16.999933,79.449367,2024-03-09 01:40:40.255115,19578,330,0.936
ICAO24_00022,WP002,17.288733,78.727367,2024-03-09 01:51:40.255115,18463,336,0.945
ICAO24_00020,WP004,17.0962,79.2087,2024-03-08 04:31:40.255178,36989,337,0.271
ICAO24_00019,WP009,16.614867,80.412033,2024-03-08 16:51:40.255178,21793,260,0.119
ICAO24_00011,WP005,16.999933,79.449367,2024-03-08 00:41:40.255178,34192,458,0.345
ICAO24_00006,WP007,16.8074,79.9307,2024-03-08 00:45:40.255178,15710,318,0.62
ICAO24_00032,WP008,16.711133,80.171367,2024-03-08 18:16:40.255178,16813,280,0.732
ICAO24_00035,HYD,17.385,78.4867,2024-03-08 02:32:40.255178,19189,292,0.235
ICAO24_00029,WP007,16.8074,79.9307,2024-03-08 10:59:40.255178,23732,304,0.764
ICAO24_00038,WP009,16.614867,80.412033,2024-03-08 10:04:40.255178,25719,345,0.884
ICAO24_00049,WP007,16.8074,79.9307,2024-03-08 04:22:40.255178,36990,370,0.419
ICAO24_00012,WP004,17.0962,79.2087,2024-03-08 06:50:40.255178,26013,429,0.123
ICAO24_00028,WP009,16.614867,80.412033,2024-03-08 10:12:40.255178,23641,356,0.144
ICAO24_00046,WP002,17.288733,78.727367,2024-03-08 01:06:40.255178,38359,358,0.212
ICAO24_00023,WP003,17.192467,78.968033,2024-03-07 20:17:40.255178,29217,428,0.511
ICAO24_00045,WP003,17.192467,78.968033,2024-03-08 14:22:40.255178,36473,462,0.401
ICAO24_00046,WP005,16.999933,79.449367,2024-03-07 23:48:40.255178,18556,200,0.193
ICAO24_00047,WP008,16.711133,80.171367,2024-03-07 11:35:40.255351,31100,491,0.459
ICAO24_00014,WP003,17.192467,78.968033,2024-03-07 19:21:40.255351,24384,385,0.033
ICAO24_00001,WP008,16.711133,80.171367,2024-03-06 22:05:40.255351,24350,327,0.684
ICAO24_00047,WP003,17.192467,78.968033,2024-03-06 21:11:40.255351,19134,222,0.223
ICAO24_00016,WP005,16.999933,79.449367,2024-03-06 20:23:40.255351,37916,484,0.625
ICAO24_00006,WP006,16.903667,79.690033,2024-03-07 13:01:40.255351,18877,423,0.177
ICAO24_00011,VGA,16.5186,80.6527,2024-03-07 08:06:40.255351,26291,521,0.873
ICAO24_00001,WP007,16.8074,79.9307,2024-03-06 21:21:40.255351,32759,480,0.688
ICAO24_00016,HYD,17.385,78.4867,2024-03-07 06:20:40.255351,18563,245,0.762
ICAO24_00020,HYD,17.385,78.4867,2024-03-07 19:09:40.255351,18842,424,0.29
ICAO24_00049,WP007,16.8074,79.9307,2024-03-07 08:07:40.255351,24052,427,0.891
ICAO24_00040,VGA,16.5186,80.6527,2024-03-07 05:28:40.255351,17870,441,0.692
ICAO24_00049,WP004,17.0962,79.2087,2024-03-06 22:23:40.255351,15247,349,0.853
ICAO24_00020,WP004,17.0962,79.2087,2024-03-07 18:43:40.255351,36072,326,0.712
ICAO24_00017,VGA,16.5186,80.6527,2024-03-07 00:49:40.255351,30980,205,0.763
ICAO24_00024,HYD,17.385,78.4867,2024-03-05 22:00:40.255521,37310,400,0.927
ICAO24_00049,WP005,16.999933,79.449367,2024-03-06 11:45:40.255521,38725,415,0.933
ICAO24_00001,HYD,17.385,78.4867,2024-03-06 09:25:40.255521,37568,263,0.415
ICAO24_00021,WP005,16.999933,79.449367,2024-03-06 17:39:40.255521,18614,460,0.832
ICAO24_00002,HYD,17.385,78.4867,2024-03-06 11:23:40.255521,28799,554,0.174
ICAO24_00039,WP008,16.711133,80.171367,2024-03-06 07:57:40.255521,29571,216,0.453
ICAO24_00001,VGA,16.5186,80.6527,2024-03-06 04:20:40.255521,34025,203,0.931
ICAO24_00026,WP007,16.8074,79.9307,2024-03-06 07:17:40.255521,38105,446,0.837
ICAO24_00032,WP004,17.0962,79.2087,2024-03-06 05:15:40.255521,16944,481,0.711
ICAO24_00021,VGA,16.5186,80.6527,2024-03-06 17:08:40.255521,28219,370,0.254
ICAO24_00033,WP004,17.0962,79.2087,2024-03-06 04:31:40.255521,34185,353,0.718
ICAO24_00009,VGA,16.5186,80.6527,2024-03-06 15:20:40.255521,26541,415,0.375
ICAO24_00024,WP009,16.614867,80.412033,2024-03-06 02:26:40.255521,17006,372,0.965
ICAO24_00046,WP007,16.8074,79.9307,2024-03-05 21:40:40.255521,39874,553,0.545
ICAO24_00013,WP006,16.903667,79.690033,2024-03-05 03:53:40.255671,21027,273,0.276
ICAO24_00005,WP006,16.903667,79.690033,2024-03-05 08:37:40.255671,33661,285,0.383
ICAO24_00001,WP008,16.711133,80.171367,2024-03-05 07:19:40.255671,17744,232,0.182
ICAO24_00016,WP008,16.711133,80.171367,2024-03-05 12:19:40.255671,36890,592,0.622
ICAO24_00026,HYD,17.385,78.4867,2024-03-05 19:46:40.255671,26086,374,0.854
ICAO24_00012,WP006,16.903667,79.690033,2024-03-05 06:01:40.255671,34390,548,0.51
ICAO24_00047,WP006,16.903667,79.690033,2024-03-05 13:09:40.255671,16700,589,0.945
ICAO24_00022,VGA,16.5186,80.6527,2024-03-05 05:29:40.255671,27962,588,0.297
ICAO24_00035,WP008,16.711133,80.171367,2024-03-05 02:51:40.255671,22567,266,0.958
ICAO24_00039,WP008,16.711133,80.171367,2024-03-05 02:54:40.255671,22577,226,0.078
ICAO24_00044,VGA,16.5186,80.6527,2024-03-05 03:14:40.255671,26326,213,0.836
ICAO24_00029,WP008,16.711133,80.171367,2024-03-05 10:15:40.255671,26806,237,0.271
ICAO24_00045,WP002,17.288733,78.727367,2024-03-05 13:12:40.255671,20753,265,0.298
ICAO24_00015,WP006,16.903667,79.690033,2024-03-05 08:03:40.255671,30750,245,0.621
ICAO24_00026,WP005,16.999933,79.449367,2024-03-05 18:30:40.255671,36833,349,0.724
ICAO24_00019,WP003,17.192467,78.968033,2024-03-04 01:06:40.255834,24493,498,0.749
ICAO24_00003,WP009,16.614867,80.412033,2024-03-04 05:55:40.255834,24970,572,0.479
ICAO24_00035,HYD,17.385,78.4867,2024-03-04 14:04:40.255834,17908,555,0.163
ICAO24_00035,WP005,16.999933,79.449367,2024-03-03 22:34:40.255834,30477,415,0.98
ICAO24_00025,WP002,17.288733,78.727367,2024-03-04 07:42:40.255834,37064,502,0.894
ICAO24_00014,HYD,17.385,78.4867,2024-03-04 00:30:40.255834,25320,298,0.758
ICAO24_00024,WP008,16.711133,80.171367,2024-03-04 04:31:40.255834,37252,283,0.001
ICAO24_00031,WP005,16.999933,79.449367,2024-03-04 08:08:40.255834,29290,321,0.923
ICAO24_00014,WP006,16.903667,79.690033,2024-03-03 21:44:40.255834,19250,535,0.103
ICAO24_00022,WP006,16.903667,79.690033,2024-03-04 12:01:40.255834,17567,336,0.885
ICAO24_00021,WP003,17.192467,78.968033,2024-03-04 13:06:40.255834,28726,432,0.33
ICAO24_00029,WP007,16.8074,79.9307,2024-03-04 00:22:40.255834,16419,300,0.972
ICAO24_00049,WP008,16.711133,80.171367,2024-03-02 22:50:40.255971,33904,571,0.523
ICAO24_00015,HYD,17.385,78.4867,2024-03-03 03:53:40.255971,15862,412,0.378
ICAO24_00024,WP005,16.999933,79.449367,2024-03-02 20:45:40.255971,38356,501,0.062
ICAO24_00014,WP004,17.0962,79.2087,2024-03-03 15:28:40.255971,39477,221,0.469
ICAO24_00016,WP002,17.288733,78.727367,2024-03-03 13:47:40.255971,32322,234,0.302
ICAO24_00043,WP003,17.192467,78.968033,2024-03-03 08:55:40.255971,34309,369,0.029
ICAO24_00007,WP002,17.288733,78.727367,2024-03-03 03:02:40.255971,19700,234,0.236
ICAO24_00027,WP006,16.903667,79.690033,2024-03-03 10:11:40.255971,24173,233,0.813
ICAO24_00007,WP009,16.614867,80.412033,2024-03-03 01:37:40.255971,24827,319,0.577
ICAO24_00045,WP009,16.614867,80.412033,2024-03-03 05:33:40.255971,16860,436,0.505
ICAO24_00033,VGA,16.5186,80.6527,2024-03-03 04:22:40.255971,36520,570,0.212
ICAO24_00049,VGA,16.5186,80.6527,2024-03-02 18:50:40.256090,17221,391,0.102
ICAO24_00013,WP006,16.903667,79.690033,2024-03-02 01:01:40.256090,16478,239,0.572
ICAO24_00000,WP006,16.903667,79.690033,2024-03-02 12:47:40.256090,38090,546,0.793
ICAO24_00047,WP002,17.288733,78.727367,2024-03-01 23:42:40.256090,17847,324,0.791
ICAO24_00027,WP006,16.903667,79.690033,2024-03-02 03:35:40.256090,32516,346,0.332
ICAO24_00032,WP006,16.903667,79.690033,2024-03-02 00:58:40.256090,32695,567,0.294
ICAO24_00044,WP008,16.711133,80.171367,2024-03-02 14:38:40.256090,21094,465,0.016
ICAO24_00022,VGA,16.5186,80.6527,2024-03-02 10:46:40.256090,23731,543,0.446
ICAO24_00038,WP006,16.903667,79.690033,2024-03-02 16:51:40.256090,22934,444,0.896
ICAO24_00036,HYD,17.385,78.4867,2024-03-02 16:41:40.256090,22426,443,0.054
ICAO24_00030,VGA,16.5186,80.6527,2024-03-01 23:02:40.256090,21121,474,0.058
ICAO24_00004,HYD,17.385,78.4867,2024-03-02 17:58:40.256090,30601,474,0.907
ICAO24_00004,VGA,16.5186,80.6527,2024-03-01 22:14:40.256090,39530,201,0.469
ICAO24_00035,WP009,16.614867,80.412033,2024-03-01 10:02:40.256244,34232,425,0.236
ICAO24_00008,WP002,17.288733,78.727367,2024-02-29 22:26:40.256244,20039,250,0.031
ICAO24_00011,WP009,16.614867,80.412033,2024-03-01 04:04:40.256244,15447,379,0.578
ICAO24_00042,WP008,16.711133,80.171367,2024-03-01 10:23:40.256244,23730,380,0.128
ICAO24_00043,WP009,16.614867,80.412033,2024-03-01 08:09:40.256244,24061,357,0.506
ICAO24_00049,WP004,17.0962,79.2087,2024-03-01 10:02:40.256244,28868,318,0.227
ICAO24_00033,WP005,16.999933,79.449367,2024-03-01 11:53:40.256244,22438,318,0.149
ICAO24_00012,WP006,16.903667,79.690033,2024-03-01 10:17:40.256244,39825,486,0.97
ICAO24_00019,VGA,16.5186,80.6527,2024-03-01 11:34:40.256244,38772,463,0.36
ICAO24_00030,WP004,17.0962,79.2087,2024-02-29 22:16:40.256244,38286,217,0.451
ICAO24_00006,WP003,17.192467,78.968033,2024-02-28 22:32:40.256355,18026,346,0.999
ICAO24_00009,WP007,16.8074,79.9307,2024-02-29 18:40:40.256355,28945,452,0.989
ICAO24_00005,WP007,16.8074,79.9307,2024-02-29 15:44:40.256355,37206,598,0.898
ICAO24_00027,WP008,16.711133,80.171367,2024-02-29 16:22:40.256355,21601,574,0.843
ICAO24_00013,VGA,16.5186,80.6527,2024-02-28 23:44:40.256355,39758,355,0.345
ICAO24_00028,WP002,17.288733,78.727367,2024-02-29 01:52:40.256355,22793,461,0.175
ICAO24_00047,VGA,16.5186,80.6527,2024-02-29 13:28:40.256355,36684,514,0.849
ICAO24_00025,VGA,16.5186,80.6527,2024-02-29 00:31:40.256355,16359,278,0.333
ICAO24_00015,WP009,16.614867,80.412033,2024-02-29 15:04:40.256355,37378,559,0.104
ICAO24_00009,WP003,17.192467,78.968033,2024-02-29 13:05:40.256355,18398,478,0.237
ICAO24_00024,VGA,16.5186,80.6527,2024-02-29 17:11:40.256355,26680,329,0.553
ICAO24_00044,WP006,16.903667,79.690033,2024-02-29 17:24:40.256355,20634,347,0.914
ICAO24_00049,WP004,17.0962,79.2087,2024-02-29 19:54:40.256355,33647,542,0.359
ICAO24_00015,WP005,16.999933,79.449367,2024-02-28 16:38:40.256491,24595,556,0.324
ICAO24_00005,WP007,16.8074,79.9307,2024-02-28 09:42:40.256491,16851,212,0.297
ICAO24_00016,WP005,16.999933,79.449367,2024-02-28 17:29:40.256491,29045,463,0.014
ICAO24_00001,WP005,16.999933,79.449367,2024-02-27 22:31:40.256491,35646,367,0.392
ICAO24_00045,WP006,16.903667,79.690033,2024-02-28 13:37:40.256491,36286,350,0.767
ICAO24_00003,WP008,16.711133,80.171367,2024-02-28 08:36:40.256491,16961,284,0.959
ICAO24_00008,WP009,16.614867,80.412033,2024-02-28 02:37:40.256491,27378,440,0.703
ICAO24_00024,VGA,16.5186,80.6527,2024-02-27 01:53:40.256582,16546,288,0.84
ICAO24_00014,WP007,16.8074,79.9307,2024-02-27 16:07:40.256582,26794,445,0.015
ICAO24_00026,WP008,16.711133,80.171367,2024-02-27 16:09:40.256582,23055,276,0.12
ICAO24_00042,VGA,16.5186,80.6527,2024-02-27 02:09:40.256582,23267,226,0.759
ICAO24_00026,WP005,16.999933,79.449367,2024-02-26 20:04:40.256582,27758,405,0.905
ICAO24_00049,WP007,16.8074,79.9307,2024-02-27 06:37:40.256582,26912,384,0.836
ICAO24_00007,WP009,16.614867,80.412033,2024-02-27 08:37:40.256582,36824,557,0.852
ICAO24_00011,WP007,16.8074,79.9307,2024-02-27 06:41:40.256582,28064,557,0.576
ICAO24_00037,WP004,17.0962,79.2087,2024-02-26 05:24:40.256664,32913,309,0.697
ICAO24_00026,WP007,16.8074,79.9307,2024-02-26 19:15:40.256664,23896,217,0.335
ICAO24_00032,WP002,17.288733,78.727367,2024-02-26 03:04:40.256664,27793,520,0.08
ICAO24_00026,WP009,16.614867,80.412033,2024-02-26 19:05:40.256664,28948,501,0.285
ICAO24_00034,WP008,16.711133,80.171367,2024-02-26 07:36:40.256664,17580,282,0.681
ICAO24_00028,WP003,17.192467,78.968033,2024-02-25 21:00:40.256664,37857,405,0.191
ICAO24_00002,WP007,16.8074,79.9307,2024-02-26 11:53:40.256664,17169,525,0.478
ICAO24_00040,HYD,17.385,78.4867,2024-02-26 13:12:40.256664,30110,307,0.066
ICAO24_00045,WP006,16.903667,79.690033,2024-02-25 15:34:40.256758,25504,252,0.244
ICAO24_00044,HYD,17.385,78.4867,2024-02-25 07:13:40.256758,37802,319,0.788
ICAO24_00018,HYD,17.385,78.4867,2024-02-24 21:33:40.256758,28336,570,0.741
ICAO24_00042,WP002,17.288733,78.727367,2024-02-25 05:27:40.256758,25923,585,0.223
ICAO24_00031,HYD,17.385,78.4867,2024-02-25 00:02:40.256758,29703,596,0.983
ICAO24_00048,WP009,16.614867,80.412033,2024-02-24 21:12:40.256758,36278,305,0.709
ICAO24_00003,VGA,16.5186,80.6527,2024-02-24 20:55:40.256758,29880,320,0.109
ICAO24_00007,WP008,16.711133,80.171367,2024-02-25 13:08:40.256758,32935,246,0.798
ICAO24_00003,VGA,16.5186,80.6527,2024-02-24 19:00:40.256843,27481,310,0.262
ICAO24_00023,WP004,17.0962,79.2087,2024-02-24 04:47:40.256843,16693,472,0.929
ICAO24_00033,WP006,16.903667,79.690033,2024-02-24 06:02:40.256843,36434,240,0.253
ICAO24_00005,WP009,16.614867,80.412033,2024-02-23 20:56:40.256843,23482,500,0.702
ICAO24_00048,WP003,17.192467,78.968033,2024-02-23 22:11:40.256843,37920,272,0.077
ICAO24_00010,WP005,16.999933,79.449367,2024-02-23 23:37:40.256843,26519,288,0.782
ICAO24_00048,HYD,17.385,78.4867,2024-02-23 22:03:40.256843,36441,365,0.788
ICAO24_00003,WP003,17.192467,78.968033,2024-02-24 10:07:40.256843,22781,406,0.813
ICAO24_00001,WP005,16.999933,79.449367,2024-02-24 12:32:40.256843,16892,517,0.575
ICAO24_00023,WP009,16.614867,80.412033,2024-02-24 14:26:40.256843,39851,230,0.473
ICAO24_00020,WP009,16.614867,80.412033,2024-02-23 23:22:40.256843,37588,339,0.397
ICAO24_00014,WP003,17.192467,78.968033,2024-02-23 00:22:40.256984,33700,366,0.35
ICAO24_00047,VGA,16.5186,80.6527,2024-02-23 05:33:40.256984,30728,376,0.53
ICAO24_00032,HYD,17.385,78.4867,2024-02-23 17:29:40.256984,20284,482,0.322
ICAO24_00025,WP003,17.192467,78.968033,2024-02-23 14:22:40.256984,38738,568,0.824
ICAO24_00017,HYD,17.385,78.4867,2024-02-22 21:51:40.256984,36146,546,0.125
ICAO24_00005,WP005,16.999933,79.449367,2024-02-22 22:44:40.256984,32526,331,0.541
ICAO24_00040,WP006,16.903667,79.690033,2024-02-23 15:52:40.256984,28455,458,0.865
ICAO24_00047,WP009,16.614867,80.412033,2024-02-23 01:30:40.256984,26532,528,0.377
ICAO24_00033,WP006,16.903667,79.690033,2024-02-23 16:40:40.256984,27782,473,0.661
ICAO24_00020,WP002,17.288733,78.727367,2024-02-23 05:55:40.256984,28764,344,0.976
ICAO24_00046,WP005,16.999933,79.449367,2024-02-23 04:47:40.256984,32023,433,0.487
ICAO24_00032,WP009,16.614867,80.412033,2024-02-23 08:19:40.256984,21224,533,0.56
ICAO24_00005,WP006,16.903667,79.690033,2024-02-22 21:23:40.256984,28119,452,0.171
ICAO24_00043,WP005,16.999933,79.449367,2024-02-22 00:26:40.257130,20691,210,0.454
ICAO24_00011,WP006,16.903667,79.690033,2024-02-22 09:16:40.257130,23954,331,0.247
ICAO24_00045,WP006,16.903667,79.690033,2024-02-22 17:47:40.257130,36424,413,0.591
ICAO24_00003,HYD,17.385,78.4867,2024-02-22 18:30:40.257130,31537,577,0.469
ICAO24_00021,WP009,16.614867,80.412033,2024-02-22 19:50:40.257130,32496,473,0.244
ICAO24_00036,HYD,17.385,78.4867,2024-02-22 18:59:40.257130,24442,416,0.834
ICAO24_00046,HYD,17.385,78.4867,2024-02-22 14:35:40.257130,20958,363,0.924
ICAO24_00041,WP007,16.8074,79.9307,2024-02-22 16:12:40.257130,18117,370,0.159
ICAO24_00013,WP005,16.999933,79.449367,2024-02-22 09:14:40.257130,17554,302,0.472
ICAO24_00028,WP002,17.288733,78.727367,2024-02-22 07:16:40.257130,24687,328,0.959
ICAO24_00005,WP007,16.8074,79.9307,2024-02-22 11:59:40.257130,32737,212,0.879
ICAO24_00038,WP006,16.903667,79.690033,2024-02-22 00:26:40.257130,21306,426,0.793
ICAO24_00015,WP005,16.999933,79.449367,2024-02-22 09:40:40.257130,18915,381,0.657
ICAO24_00035,WP002,17.288733,78.727367,2024-02-22 03:43:40.257130,22956,247,0.393
ICAO24_00011,WP006,16.903667,79.690033,2024-02-21 20:43:40.257130,36423,248,0.468
ICAO24_00006,WP002,17.288733,78.727367,2024-02-21 03:01:40.257313,29888,340,0.734
ICAO24_00039,HYD,17.385,78.4867,2024-02-21 07:16:40.257313,22469,203,0.864
ICAO24_00013,WP004,17.0962,79.2087,2024-02-21 14:46:40.257313,32635,438,0.028
ICAO24_00045,VGA,16.5186,80.6527,2024-02-21 16:02:40.257313,27031,574,0.821
ICAO24_00014,WP007,16.8074,79.9307,2024-02-20 23:24:40.257313,25301,451,0.571
ICAO24_00027,WP009,16.614867,80.412033,2024-02-19 23:31:40.257378,35711,397,0.587
ICAO24_00027,WP003,17.192467,78.968033,2024-02-20 11:33:40.257378,27938,573,0.076
ICAO24_00003,WP004,17.0962,79.2087,2024-02-20 15:03:40.257378,25699,285,0.384
ICAO24_00030,WP003,17.192467,78.968033,2024-02-20 01:16:40.257378,16412,487,0.921
ICAO24_00024,WP007,16.8074,79.9307,2024-02-20 00:15:40.257378,25094,287,0.844
ICAO24_00016,WP008,16.711133,80.171367,2024-02-20 04:50:40.257378,27682,577,0.199
ICAO24_00020,WP005,16.999933,79.449367,2024-02-20 11:49:40.257378,35007,395,0.307
ICAO24_00046,WP007,16.8074,79.9307,2024-02-20 13:37:40.257378,17325,560,0.019
ICAO24_00002,WP002,17.288733,78.727367,2024-02-20 01:35:40.257378,28874,214,0.468
ICAO24_00014,WP005,16.999933,79.449367,2024-02-20 11:11:40.257378,35391,552,0.711
ICAO24_00038,WP004,17.0962,79.2087,2024-02-20 12:33:40.257378,39266,271,0.531
ICAO24_00010,VGA,16.5186,80.6527,2024-02-20 15:58:40.257378,16654,404,0.803
ICAO24_00019,WP006,16.903667,79.690033,2024-02-19 23:49:40.257378,15398,399,0.455
ICAO24_00002,VGA,16.5186,80.6527,2024-02-20 08:01:40.257378,21979,468,0.78
ICAO24_00048,WP007,16.8074,79.9307,2024-02-20 15:23:40.257378,21002,374,0.899
ICAO24_00043,VGA,16.5186,80.6527,2024-02-19 19:23:40.257560,19739,306,0.096
ICAO24_00033,HYD,17.385,78.4867,2024-02-19 17:13:40.257560,28319,247,0.773
ICAO24_00030,HYD,17.385,78.4867,2024-02-19 16:25:40.257560,29446,594,0.526
ICAO24_00015,WP005,16.999933,79.449367,2024-02-19 16:57:40.257560,25956,325,0.083
ICAO24_00021,VGA,16.5186,80.6527,2024-02-19 09:17:40.257560,19286,235,0.742
ICAO24_00036,WP004,17.0962,79.2087,2024-02-19 04:58:40.257560,30738,234,0.951
ICAO24_00042,WP009,16.614867,80.412033,2024-02-19 16:20:40.257560,28140,313,0.942
ICAO24_00003,WP008,16.711133,80.171367,2024-02-19 14:27:40.257560,39707,253,0.39
ICAO24_00019,VGA,16.5186,80.6527,2024-02-18 20:16:40.257560,34583,467,0.597
ICAO24_00031,WP002,17.288733,78.727367,2024-02-19 02:07:40.257560,18659,359,0.147
ICAO24_00036,WP002,17.288733,78.727367,2024-02-18 08:55:40.257971,26059,219,0.17
ICAO24_00017,WP005,16.999933,79.449367,2024-02-17 20:49:40.257971,17714,584,0.372
ICAO24_00028,WP009,16.614867,80.412033,2024-02-18 15:53:40.257971,34739,523,0.233
ICAO24_00011,WP004,17.0962,79.2087,2024-02-18 06:04:40.257971,16229,278,0.533
ICAO24_00040,WP008,16.711133,80.171367,2024-02-18 10:33:40.257971,31783,541,0.149
ICAO24_00046,WP009,16.614867,80.412033,2024-02-17 22:09:40.257971,17896,383,0.795
ICAO24_00037,WP004,17.0962,79.2087,2024-02-18 05:06:40.257971,23901,473,0.964
ICAO24_00031,WP003,17.192467,78.968033,2024-02-18 17:47:40.257971,19845,351,0.422
ICAO24_00033,WP003,17.192467,78.968033,2024-02-17 10:06:40.258099,20353,323,0.828
ICAO24_00044,WP009,16.614867,80.412033,2024-02-17 02:11:40.258099,39027,409,0.726
ICAO24_00027,VGA,16.5186,80.6527,2024-02-17 03:56:40.258099,17193,456,0.304
ICAO24_00033,VGA,16.5186,80.6527,2024-02-16 23:31:40.258099,31501,265,0.332
ICAO24_00049,WP007,16.8074,79.9307,2024-02-16 22:28:40.258099,24376,589,0.021
ICAO24_00017,WP002,17.288733,78.727367,2024-02-17 03:48:40.258099,30841,328,0.988
ICAO24_00036,HYD,17.385,78.4867,2024-02-17 07:08:40.258099,28441,566,0.289
ICAO24_00042,WP006,16.903667,79.690033,2024-02-17 02:42:40.258099,31638,501,0.872
ICAO24_00010,WP003,17.192467,78.968033,2024-02-17 14:07:40.258099,34387,271,0.281
ICAO24_00007,VGA,16.5186,80.6527,2024-02-16 01:41:40.258227,22142,369,0.89
ICAO24_00037,WP007,16.8074,79.9307,2024-02-16 19:09:40.258227,20154,483,0.696
ICAO24_00039,HYD,17.385,78.4867,2024-02-16 16:16:40.258227,34019,292,0.939
ICAO24_00033,WP007,16.8074,79.9307,2024-02-16 18:56:40.258227,20736,252,0.745
ICAO24_00043,WP008,16.711133,80.171367,2024-02-16 05:35:40.258227,31426,408,0.662
ICAO24_00039,WP003,17.192467,78.968033,2024-02-16 05:30:40.258227,24603,420,0.485
ICAO24_00047,WP008,16.711133,80.171367,2024-02-16 01:36:40.258227,27330,396,0.963
ICAO24_00032,WP003,17.192467,78.968033,2024-02-16 08:07:40.258227,32803,482,0.767
ICAO24_00039,VGA,16.5186,80.6527,2024-02-16 06:07:40.258227,18028,256,0.96
ICAO24_00000,WP009,16.614867,80.412033,2024-02-16 02:41:40.258227,31785,295,0.293
ICAO24_00033,WP004,17.0962,79.2087,2024-02-16 19:18:40.258227,24773,533,0.333
ICAO24_00041,VGA,16.5186,80.6527,2024-02-15 18:49:40.258376,21501,401,0.301
ICAO24_00007,WP008,16.711133,80.171367,2024-02-15 04:47:40.258376,24306,378,0.718
ICAO24_00042,WP003,17.192467,78.968033,2024-02-15 08:36:40.258376,20610,419,0.815
ICAO24_00001,WP008,16.711133,80.171367,2024-02-15 11:01:40.258376,22567,525,0.962
ICAO24_00037,WP007,16.8074,79.9307,2024-02-15 04:52:40.258376,19869,425,0.345
ICAO24_00019,WP005,16.999933,79.449367,2024-02-15 17:31:40.258376,15089,417,0.155
ICAO24_00035,WP005,16.999933,79.449367,2024-02-15 01:15:40.258376,35083,249,0.701
ICAO24_00033,WP002,17.288733,78.727367,2024-02-15 19:39:40.258376,30726,580,0.444
ICAO24_00024,VGA,16.5186,80.6527,2024-02-15 06:37:40.258376,33959,207,0.598
ICAO24_00049,WP003,17.192467,78.968033,2024-02-15 06:46:40.258376,35256,293,0.163
ICAO24_00023,WP008,16.711133,80.171367,2024-02-15 10:51:40.258376,21081,461,0.94
ICAO24_00021,WP005,16.999933,79.449367,2024-02-14 19:30:40.258519,35400,307,0.79
ICAO24_00045,VGA,16.5186,80.6527,2024-02-14 00:56:40.258519,31083,368,0.176
ICAO24_00010,VGA,16.5186,80.6527,2024-02-13 23:46:40.258519,34057,269,0.585
ICAO24_00030,WP003,17.192467,78.968033,2024-02-14 16:51:40.258519,37989,501,0.233
ICAO24_00016,VGA,16.5186,80.6527,2024-02-14 00:56:40.258519,20651,288,0.436
ICAO24_00020,WP009,16.614867,80.412033,2024-02-14 18:16:40.258519,17978,205,0.323
ICAO24_00021,VGA,16.5186,80.6527,2024-02-14 07:43:40.258519,37941,474,0.952
ICAO24_00036,WP009,16.614867,80.412033,2024-02-14 07:31:40.258519,17334,223,0.288
ICAO24_00049,WP006,16.903667,79.690033,2024-02-14 18:16:40.258519,26094,481,0.994
ICAO24_00031,WP008,16.711133,80.171367,2024-02-14 03:47:40.258519,23004,450,0.275
ICAO24_00001,WP002,17.288733,78.727367,2024-02-13 10:10:40.258651,23932,464,0.52
ICAO24_00038,WP009,16.614867,80.412033,2024-02-13 00:45:40.258651,31580,516,0.038
ICAO24_00005,WP002,17.288733,78.727367,2024-02-13 08:55:40.258651,37055,429,0.465
ICAO24_00042,HYD,17.385,78.4867,2024-02-13 13:22:40.258651,33979,338,0.488
ICAO24_00020,VGA,16.5186,80.6527,2024-02-13 08:16:40.258651,17789,200,0.381
ICAO24_00036,WP002,17.288733,78.727367,2024-02-13 14:49:40.258651,19529,524,0.547
ICAO24_00046,WP004,17.0962,79.2087,2024-02-12 23:20:40.258651,20031,379,0.265
ICAO24_00038,WP002,17.288733,78.727367,2024-02-12 23:30:40.258651,33946,226,0.584
ICAO24_00016,WP004,17.0962,79.2087,2024-02-13 17:39:40.258651,33204,260,0.428
ICAO24_00008,WP006,16.903667,79.690033,2024-02-13 05:27:40.258651,33072,326,0.426
ICAO24_00045,WP002,17.288733,78.727367,2024-02-12 18:41:40.258778,28008,449,0.103
ICAO24_00036,WP009,16.614867,80.412033,2024-02-12 01:45:40.258778,32553,283,0.561
ICAO24_00001,WP008,16.711133,80.171367,2024-02-12 02:38:40.258778,36479,325,0.867
ICAO24_00032,HYD,17.385,78.4867,2024-02-12 06:29:40.258778,36246,467,0.915
ICAO24_00006,WP009,16.614867,80.412033,2024-02-11 23:45:40.258778,18841,373,0.634
ICAO24_00015,WP008,16.711133,80.171367,2024-02-12 14:45:40.258778,19536,494,0.427
ICAO24_00012,WP003,17.192467,78.968033,2024-02-12 05:29:40.258778,39480,396,0.523
ICAO24_00005,WP002,17.288733,78.727367,2024-02-12 01:00:40.258778,30885,507,0.981
ICAO24_00039,WP002,17.288733,78.727367,2024-02-11 10:35:40.258877,17171,527,0.516
ICAO24_00000,WP009,16.614867,80.412033,2024-02-11 01:36:40.258877,19399,202,0.109
ICAO24_00011,WP003,17.192467,78.968033,2024-02-11 02:28:40.258877,32945,596,0.498
ICAO24_00030,WP008,16.711133,80.171367,2024-02-11 08:25:40.258877,20640,226,0.97
ICAO24_00017,WP007,16.8074,79.9307,2024-02-11 04:11:40.258877,23029,383,0.345
ICAO24_00025,HYD,17.385,78.4867,2024-02-11 05:39:40.258877,38864,550,0.199
ICAO24_00029,HYD,17.385,78.4867,2024-02-11 03:52:40.258877,17194,393,0.404
ICAO24_00041,WP006,16.903667,79.690033,2024-02-09 23:18:40.258982,20572,536,0.7
ICAO24_00011,WP009,16.614867,80.412033,2024-02-10 10:19:40.258982,39095,360,0.724
ICAO24_00028,WP005,16.999933,79.449367,2024-02-10 02:32:40.258982,18172,556,0.423
ICAO24_00024,WP003,17.192467,78.968033,2024-02-10 15:41:40.258982,31829,525,0.299
ICAO24_00004,WP008,16.711133,80.171367,2024-02-10 09:42:40.258982,20414,564,0.442
ICAO24_00016,HYD,17.385,78.4867,2024-02-10 15:15:40.258982,36444,544,0.34
ICAO24_00036,WP009,16.614867,80.412033,2024-02-10 08:22:40.258982,33897,584,0.631
ICAO24_00035,WP004,17.0962,79.2087,2024-02-10 07:49:40.258982,27119,477,0.724
ICAO24_00045,HYD,17.385,78.4867,2024-02-08 20:22:40.259083,27026,597,0.31
ICAO24_00034,WP009,16.614867,80.412033,2024-02-09 02:55:40.259083,29849,280,0.088
ICAO24_00008,WP005,16.999933,79.449367,2024-02-09 17:46:40.259083,25010,287,0.864
ICAO24_00017,WP006,16.903667,79.690033,2024-02-09 08:08:40.259083,18357,361,0.217
ICAO24_00043,WP006,16.903667,79.690033,2024-02-09 01:45:40.259083,20913,201,0.403
ICAO24_00021,WP002,17.288733,78.727367,2024-02-09 19:42:40.259083,23135,359,0.357
ICAO24_00032,WP002,17.288733,78.727367,2024-02-09 18:23:40.259083,22171,449,0.474
ICAO24_00009,WP009,16.614867,80.412033,2024-02-09 17:19:40.259083,36090,236,0.806
ICAO24_00047,WP006,16.903667,79.690033,2024-02-08 12:44:40.259191,19111,370,0.457
ICAO24_00008,WP006,16.903667,79.690033,2024-02-08 01:22:40.259191,19047,594,0.128
ICAO24_00024,VGA,16.5186,80.6527,2024-02-08 05:32:40.259191,39118,552,0.937
ICAO24_00038,WP004,17.0962,79.2087,2024-02-07 22:23:40.259191,21930,474,0.217
ICAO24_00022,WP008,16.711133,80.171367,2024-02-08 04:52:40.259191,37509,577,0.677
ICAO24_00023,WP004,17.0962,79.2087,2024-02-08 14:06:40.259191,21207,546,0.678
ICAO24_00039,WP005,16.999933,79.449367,2024-02-07 20:49:40.259191,39734,361,0.52
ICAO24_00046,WP006,16.903667,79.690033,2024-02-08 06:16:40.259191,35743,218,0.819
ICAO24_00013,WP004,17.0962,79.2087,2024-02-08 18:20:40.259191,37529,250,0.455
ICAO24_00046,WP009,16.614867,80.412033,2024-02-08 06:48:40.259191,38147,209,0.964
ICAO24_00044,WP003,17.192467,78.968033,2024-02-07 08:56:40.259319,15412,384,0.785
ICAO24_00007,WP003,17.192467,78.968033,2024-02-07 18:52:40.259319,16726,507,0.309
ICAO24_00005,WP008,16.711133,80.171367,2024-02-07 06:49:40.259319,16485,428,0.397
ICAO24_00019,HYD,17.385,78.4867,2024-02-06 21:12:40.259319,34459,461,0.904
ICAO24_00039,WP003,17.192467,78.968033,2024-02-06 22:46:40.259319,26119,564,0.545
ICAO24_00005,WP008,16.711133,80.171367,2024-02-07 08:18:40.259319,33764,323,0.389
ICAO24_00002,HYD,17.385,78.4867,2024-02-06 07:12:40.259403,36157,315,0.768
ICAO24_00015,WP004,17.0962,79.2087,2024-02-06 04:02:40.259403,21398,329,0.879
ICAO24_00003,WP005,16.999933,79.449367,2024-02-06 03:07:40.259403,33622,234,0.929
ICAO24_00004,WP004,17.0962,79.2087,2024-02-06 00:58:40.259403,25716,463,0.409
ICAO24_00040,WP004,17.0962,79.2087,2024-02-06 01:25:40.259403,21269,459,0.393
ICAO24_00037,VGA,16.5186,80.6527,2024-02-06 05:39:40.259403,34932,540,0.275
ICAO24_00011,WP002,17.288733,78.727367,2024-02-06 08:24:40.259403,28745,542,0.317
ICAO24_00010,HYD,17.385,78.4867,2024-02-06 06:36:40.259403,23135,361,0.591
ICAO24_00029,WP002,17.288733,78.727367,2024-02-06 13:23:40.259403,26049,297,0.529
ICAO24_00013,WP003,17.192467,78.968033,2024-02-06 12:41:40.259403,19965,376,0.669
ICAO24_00005,WP006,16.903667,79.690033,2024-02-06 09:40:40.259403,34448,315,0.942
ICAO24_00034,WP004,17.0962,79.2087,2024-02-06 16:19:40.259403,37112,566,0.095
ICAO24_00014,WP008,16.711133,80.171367,2024-02-05 13:51:40.259560,28581,274,0.96
ICAO24_00049,WP002,17.288733,78.727367,2024-02-05 00:38:40.259560,23339,211,0.572
ICAO24_00000,HYD,17.385,78.4867,2024-02-04 21:51:40.259560,16987,418,0.434
ICAO24_00015,WP004,17.0962,79.2087,2024-02-05 03:01:40.259560,34869,326,0.033
ICAO24_00034,HYD,17.385,78.4867,2024-02-04 22:45:40.259560,22538,257,0.889
ICAO24_00002,WP003,17.192467,78.968033,2024-02-05 07:01:40.259560,15786,508,0.045
ICAO24_00000,WP004,17.0962,79.2087,2024-02-05 11:03:40.259560,19733,406,0.61
ICAO24_00002,WP007,16.8074,79.9307,2024-02-05 13:09:40.259560,20344,413,0.848
ICAO24_00013,WP004,17.0962,79.2087,2024-02-05 00:56:40.259560,16897,461,0.927
ICAO24_00023,VGA,16.5186,80.6527,2024-02-04 02:33:40.259680,20254,547,0.093
ICAO24_00041,WP006,16.903667,79.690033,2024-02-03 23:49:40.259680,32093,470,0.621
ICAO24_00041,WP006,16.903667,79.690033,2024-02-04 08:19:40.259680,32640,337,0.706
ICAO24_00015,WP008,16.711133,80.171367,2024-02-03 20:50:40.259680,16844,293,0.828
ICAO24_00016,WP007,16.8074,79.9307,2024-02-03 20:09:40.259680,27818,462,0.506
ICAO24_00037,VGA,16.5186,80.6527,2024-02-04 12:19:40.259680,38779,498,0.476
ICAO24_00019,WP004,17.0962,79.2087,2024-02-03 15:31:40.259761,22186,578,0.334
ICAO24_00036,VGA,16.5186,80.6527,2024-02-03 13:13:40.259761,32958,396,0.645
ICAO24_00036,WP002,17.288733,78.727367,2024-02-03 13:42:40.259761,24800,425,0.645
ICAO24_00045,WP007,16.8074,79.9307,2024-02-03 14:08:40.259761,28007,326,0.645
ICAO24_00041,WP002,17.288733,78.727367,2024-02-03 04:29:40.259761,39448,558,0.174
ICAO24_00017,WP006,16.903667,79.690033,2024-02-03 03:02:40.259761,18868,240,0.351
ICAO24_00039,VGA,16.5186,80.6527,2024-02-03 05:24:40.259761,18122,316,0.955
ICAO24_00022,WP002,17.288733,78.727367,2024-02-03 11:32:40.259761,23366,577,0.74
ICAO24_00044,WP006,16.903667,79.690033,2024-02-02 00:45:40.259877,25300,564,0.925
ICAO24_00011,WP002,17.288733,78.727367,2024-02-01 22:57:40.259877,23216,384,0.726
ICAO24_00038,WP005,16.999933,79.449367,2024-02-02 15:15:40.259877,23722,344,0.981
ICAO24_00004,WP009,16.614867,80.412033,2024-02-02 01:39:40.259877,37068,334,0.436
ICAO24_00043,VGA,16.5186,80.6527,2024-02-02 17:30:40.259877,23276,429,0.208
ICAO24_00004,WP007,16.8074,79.9307,2024-02-02 16:13:40.259877,21148,440,0.081
ICAO24_00044,HYD,17.385,78.4867,2024-02-02 15:47:40.259877,22310,374,0.006
ICAO24_00018,HYD,17.385,78.4867,2024-02-01 22:16:40.259877,15427,468,0.698
ICAO24_00040,HYD,17.385,78.4867,2024-02-02 03:09:40.259877,17617,593,0.234
ICAO24_00043,WP006,16.903667,79.690033,2024-02-01 20:08:40.259877,29816,531,0.8
ICAO24_00027,WP009,16.614867,80.412033,2024-02-02 19:29:40.259877,31543,306,0.852
ICAO24_00002,WP008,16.711133,80.171367,2024-02-02 10:38:40.259877,33815,591,0.177
ICAO24_00008,WP009,16.614867,80.412033,2024-02-02 05:37:40.259877,27266,373,0.776
ICAO24_00045,VGA,16.5186,80.6527,2024-02-02 14:10:40.259877,15956,322,0.567
ICAO24_00037,VGA,16.5186,80.6527,2024-02-02 19:15:40.259877,21933,285,0.867
ICAO24_00040,WP005,16.999933,79.449367,2024-02-01 04:25:40.260069,36081,557,0.523
ICAO24_00031,HYD,17.385,78.4867,2024-02-01 07:25:40.260069,38734,358,0.72
ICAO24_00002,WP007,16.8074,79.9307,2024-02-01 03:36:40.260069,28364,530,0.859
ICAO24_00026,WP003,17.192467,78.968033,2024-02-01 01:05:40.260069,20467,447,0.628
ICAO24_00047,HYD,17.385,78.4867,2024-02-01 09:20:40.260069,19791,507,0.546
ICAO24_00029,HYD,17.385,78.4867,2024-01-31 14:37:40.260138,22481,377,0.232
ICAO24_00005,HYD,17.385,78.4867,2024-01-31 09:26:40.260138,19035,287,0.358
ICAO24_00015,VGA,16.5186,80.6527,2024-01-30 20:50:40.260138,19709,520,0.766
ICAO24_00003,HYD,17.385,78.4867,2024-01-31 03:25:40.260138,36112,533,0.138
ICAO24_00049,HYD,17.385,78.4867,2024-01-31 09:56:40.260138,15612,395,0.384
ICAO24_00000,WP009,16.614867,80.412033,2024-01-31 11:38:40.260138,27700,412,0.047
ICAO24_00049,WP006,16.903667,79.690033,2024-01-31 12:50:40.260138,16485,282,0.82
ICAO24_00002,WP003,17.192467,78.968033,2024-01-31 13:39:40.260138,34826,340,0.332
ICAO24_00020,VGA,16.5186,80.6527,2024-01-31 03:56:40.260138,37807,517,0.23
ICAO24_00041,WP009,16.614867,80.412033,2024-01-31 11:11:40.260138,26920,379,0.302
ICAO24_00040,VGA,16.5186,80.6527,2024-01-31 07:00:40.260138,28541,316,0.052
ICAO24_00005,WP003,17.192467,78.968033,2024-01-29 22:01:40.260253,33313,322,0.42
ICAO24_00024,WP002,17.288733,78.727367,2024-01-30 10:21:40.260253,17274,547,0.375
ICAO24_00036,WP002,17.288733,78.727367,2024-01-30 06:14:40.260253,36126,329,0.444
ICAO24_00048,WP009,16.614867,80.412033,2024-01-30 06:10:40.260253,15463,474,0.974
ICAO24_00016,VGA,16.5186,80.6527,2024-01-30 15:16:40.260253,39531,442,0.844
ICAO24_00019,WP009,16.614867,80.412033,2024-01-29 17:20:40.260407,17484,563,0.822
ICAO24_00049,VGA,16.5186,80.6527,2024-01-29 07:59:40.260407,23180,292,0.296
ICAO24_00027,WP009,16.614867,80.412033,2024-01-29 06:49:40.260407,16024,341,0.89
ICAO24_00039,HYD,17.385,78.4867,2024-01-29 07:08:40.260407,39308,480,0.441
ICAO24_00027,WP004,17.0962,79.2087,2024-01-28 20:41:40.260407,39345,286,0.378
ICAO24_00035,WP002,17.288733,78.727367,2024-01-29 19:23:40.260407,16144,434,0.946
ICAO24_00041,VGA,16.5186,80.6527,2024-01-29 15:25:40.260407,31781,247,0.201
ICAO24_00017,HYD,17.385,78.4867,2024-01-28 22:03:40.260407,21642,237,0.068
ICAO24_00002,WP005,16.999933,79.449367,2024-01-29 11:47:40.260407,32278,429,0.89
ICAO24_00008,WP009,16.614867,80.412033,2024-01-29 06:02:40.260407,26216,360,0.185
ICAO24_00005,WP009,16.614867,80.412033,2024-01-28 13:26:40.260531,28414,227,0.063
ICAO24_00022,WP007,16.8074,79.9307,2024-01-28 09:14:40.260531,31979,548,0.921
ICAO24_00007,VGA,16.5186,80.6527,2024-01-28 19:07:40.260531,39131,547,0.046
ICAO24_00012,WP005,16.999933,79.449367,2024-01-28 14:02:40.260531,36992,375,0.715
ICAO24_00023,WP009,16.614867,80.412033,2024-01-28 13:49:40.260531,34818,440,0.656
ICAO24_00034,WP003,17.192467,78.968033,2024-01-28 01:31:40.260531,35174,324,0.501
ICAO24_00013,WP009,16.614867,80.412033,2024-01-28 14:18:40.260531,20833,511,0.656
ICAO24_00023,HYD,17.385,78.4867,2024-01-28 12:36:40.260531,20060,460,0.123
ICAO24_00023,WP004,17.0962,79.2087,2024-01-28 04:29:40.260531,22223,310,0.271
ICAO24_00017,WP007,16.8074,79.9307,2024-01-28 00:42:40.260531,16404,372,0.837
ICAO24_00002,VGA,16.5186,80.6527,2024-01-28 03:53:40.260531,25483,569,0.495
ICAO24_00000,VGA,16.5186,80.6527,2024-01-28 17:47:40.260531,39463,384,0.581
ICAO24_00044,WP002,17.288733,78.727367,2024-01-28 08:00:40.260531,26129,373,0.031
ICAO24_00037,WP008,16.711133,80.171367,2024-01-28 00:27:40.260531,31231,237,0.504
ICAO24_00037,WP007,16.8074,79.9307,2024-01-27 07:54:40.260684,23313,479,0.146
ICAO24_00033,WP005,16.999933,79.449367,2024-01-27 12:03:40.260684,32116,327,0.217
ICAO24_00039,WP004,17.0962,79.2087,2024-01-27 13:35:40.260684,20920,228,0.208
ICAO24_00017,WP006,16.903667,79.690033,2024-01-27 10:27:40.260684,38212,547,0.873
ICAO24_00013,HYD,17.385,78.4867,2024-01-26 23:55:40.260684,27365,475,0.663
ICAO24_00031,WP007,16.8074,79.9307,2024-01-26 21:30:40.260684,34095,394,0.174
ICAO24_00003,WP004,17.0962,79.2087,2024-01-27 17:13:40.260684,23139,518,0.923
ICAO24_00046,WP005,16.999933,79.449367,2024-01-27 02:58:40.260684,28950,387,0.914
ICAO24_00024,WP004,17.0962,79.2087,2024-01-26 11:33:40.260777,33699,402,0.352
ICAO24_00027,WP003,17.192467,78.968033,2024-01-26 09:18:40.260777,39081,578,0.028
ICAO24_00040,HYD,17.385,78.4867,2024-01-26 13:36:40.260777,38629,405,0.502
ICAO24_00044,VGA,16.5186,80.6527,2024-01-25 20:27:40.260777,24090,460,0.054
ICAO24_00037,HYD,17.385,78.4867,2024-01-26 16:37:40.260777,29646,582,0.19
ICAO24_00038,WP003,17.192467,78.968033,2024-01-26 04:06:40.260777,30371,241,0.896
ICAO24_00032,HYD,17.385,78.4867,2024-01-24 23:41:40.260848,24033,310,0.16
ICAO24_00024,VGA,16.5186,80.6527,2024-01-25 10:21:40.260848,29344,205,0.254
ICAO24_00038,HYD,17.385,78.4867,2024-01-24 22:32:40.260848,21156,393,0.795
ICAO24_00013,WP008,16.711133,80.171367,2024-01-25 00:38:40.260848,35574,284,0.267
ICAO24_00003,WP002,17.288733,78.727367,2024-01-25 07:01:40.260848,37098,429,0.572
ICAO24_00012,WP003,17.192467,78.968033,2024-01-24 06:45:40.260903,28220,550,0.868
ICAO24_00018,WP009,16.614867,80.412033,2024-01-24 00:11:40.260903,35325,557,0.391
ICAO24_00001,WP009,16.614867,80.412033,2024-01-24 01:39:40.260903,29165,324,0.35
ICAO24_00011,WP007,16.8074,79.9307,2024-01-24 12:58:40.260903,37608,483,0.172
ICAO24_00016,WP004,17.0962,79.2087,2024-01-24 14:28:40.260903,30110,364,0.892
ICAO24_00015,HYD,17.385,78.4867,2024-01-24 11:01:40.260903,33068,453,0.83
ICAO24_00023,WP009,16.614867,80.412033,2024-01-24 08:52:40.260903,26512,510,0.03
ICAO24_00014,WP005,16.999933,79.449367,2024-01-24 19:56:40.260903,16684,383,0.029
ICAO24_00020,WP002,17.288733,78.727367,2024-01-24 12:51:40.260903,22878,242,0.222
ICAO24_00031,WP008,16.711133,80.171367,2024-01-24 16:18:40.260903,17649,499,0.97
ICAO24_00032,VGA,16.5186,80.6527,2024-01-24 09:06:40.260903,22050,492,0.21
ICAO24_00010,WP003,17.192467,78.968033,2024-01-24 02:07:40.260903,27284,278,0.653
ICAO24_00009,WP007,16.8074,79.9307,2024-01-24 04:47:40.260903,27573,257,0.209
ICAO24_00033,WP007,16.8074,79.9307,2024-01-23 12:10:40.261055,25870,594,0.373
ICAO24_00036,WP009,16.614867,80.412033,2024-01-23 14:08:40.261055,15040,587,0.592
ICAO24_00039,WP002,17.288733,78.727367,2024-01-23 09:30:40.261055,35329,454,0.965
ICAO24_00005,WP004,17.0962,79.2087,2024-01-23 10:22:40.261055,29496,517,0.832
ICAO24_00007,WP002,17.288733,78.727367,2024-01-22 21:25:40.261055,26704,384,0.582
ICAO24_00026,WP007,16.8074,79.9307,2024-01-22 22:44:40.261055,15284,520,0.49
ICAO24_00032,WP003,17.192467,78.968033,2024-01-23 13:43:40.261055,17932,314,0.329
ICAO24_00002,VGA,16.5186,80.6527,2024-01-23 04:53:40.261055,30728,568,0.132
ICAO24_00019,WP008,16.711133,80.171367,2024-01-22 07:02:40.261147,22431,307,0.121
ICAO24_00014,WP006,16.903667,79.690033,2024-01-22 19:48:40.261147,27673,471,0.136
ICAO24_00026,WP007,16.8074,79.9307,2024-01-21 21:18:40.261147,38379,334,0.009
ICAO24_00032,WP007,16.8074,79.9307,2024-01-22 15:17:40.261147,17246,393,0.263
ICAO24_00032,WP009,16.614867,80.412033,2024-01-22 16:24:40.261147,23413,535,0.739
ICAO24_00007,WP009,16.614867,80.412033,2024-01-22 07:46:40.261147,31443,362,0.132
ICAO24_00003,WP003,17.192467,78.968033,2024-01-21 07:02:40.261232,27469,422,0.66
ICAO24_00029,WP006,16.903667,79.690033,2024-01-21 13:54:40.261232,27056,394,0.085
ICAO24_00039,WP009,16.614867,80.412033,2024-01-21 12:08:40.261232,33922,485,0.59
ICAO24_00025,WP009,16.614867,80.412033,2024-01-21 09:53:40.261232,16152,421,0.998
ICAO24_00006,WP005,16.999933,79.449367,2024-01-21 05:10:40.261232,31564,444,0.374
ICAO24_00029,HYD,17.385,78.4867,2024-01-21 08:00:40.261232,28253,431,0.444
ICAO24_00004,WP003,17.192467,78.968033,2024-01-21 00:26:40.261232,33863,242,0.068
ICAO24_00029,WP009,16.614867,80.412033,2024-01-21 00:36:40.261232,34823,547,0.888
ICAO24_00044,WP005,16.999933,79.449367,2024-01-21 00:52:40.261232,25249,391,0.327
ICAO24_00020,WP003,17.192467,78.968033,2024-01-20 04:43:40.261349,27484,555,0.102
ICAO24_00026,WP006,16.903667,79.690033,2024-01-20 16:48:40.261349,34090,575,0.026
ICAO24_00042,HYD,17.385,78.4867,2024-01-20 17:44:40.261349,32180,429,0.627
ICAO24_00034,WP009,16.614867,80.412033,2024-01-19 23:04:40.261349,26998,474,0.574
ICAO24_00023,WP006,16.903667,79.690033,2024-01-19 20:29:40.261349,39584,450,0.284
ICAO24_00026,WP009,16.614867,80.412033,2024-01-20 18:46:40.261349,38729,238,0.825
ICAO24_00032,WP002,17.288733,78.727367,2024-01-20 00:25:40.261349,26786,217,0.888
ICAO24_00042,WP005,16.999933,79.449367,2024-01-19 23:43:40.261349,20841,462,0.111
ICAO24_00025,WP004,17.0962,79.2087,2024-01-20 19:19:40.261349,18489,475,0.464
ICAO24_00009,WP003,17.192467,78.968033,2024-01-20 12:58:40.261349,25728,338,0.937
ICAO24_00003,VGA,16.5186,80.6527,2024-01-19 18:52:40.261479,37450,333,0.432
ICAO24_00010,WP004,17.0962,79.2087,2024-01-19 12:42:40.261479,31586,485,0.955
ICAO24_00032,WP003,17.192467,78.968033,2024-01-19 00:27:40.261479,39521,597,0.03
ICAO24_00010,WP006,16.903667,79.690033,2024-01-18 21:47:40.261479,28626,247,0.439
ICAO24_00048,WP005,16.999933,79.449367,2024-01-19 05:24:40.261479,28214,584,0.903
ICAO24_00040,WP005,16.999933,79.449367,2024-01-19 19:10:40.261479,18333,598,0.634
ICAO24_00014,WP009,16.614867,80.412033,2024-01-19 01:28:40.261479,34818,461,0.153
ICAO24_00038,WP003,17.192467,78.968033,2024-01-19 19:24:40.261479,21199,563,0.103
ICAO24_00031,WP005,16.999933,79.449367,2024-01-19 07:21:40.261479,16552,279,0.314
ICAO24_00037,WP006,16.903667,79.690033,2024-01-19 06:18:40.261479,21321,470,0.859
ICAO24_00048,VGA,16.5186,80.6527,2024-01-19 02:40:40.261479,16169,326,0.397
ICAO24_00045,WP007,16.8074,79.9307,2024-01-19 18:09:40.261479,21987,234,0.323
ICAO24_00022,WP009,16.614867,80.412033,2024-01-19 02:28:40.261479,15347,487,0.527
ICAO24_00008,WP007,16.8074,79.9307,2024-01-19 03:05:40.261479,17755,421,0.38
ICAO24_00020,HYD,17.385,78.4867,2024-01-19 17:52:40.261479,34171,414,0.617
ICAO24_00014,WP002,17.288733,78.727367,2024-01-18 05:04:40.261657,21974,334,0.943
ICAO24_00041,VGA,16.5186,80.6527,2024-01-18 07:40:40.261657,20953,276,0.4
ICAO24_00037,WP009,16.614867,80.412033,2024-01-18 17:28:40.261657,26738,467,0.438
ICAO24_00035,WP006,16.903667,79.690033,2024-01-18 14:51:40.261657,22025,505,0.581
ICAO24_00008,WP003,17.192467,78.968033,2024-01-18 15:27:40.261657,38580,206,0.871
ICAO24_00046,WP002,17.288733,78.727367,2024-01-18 09:06:40.261657,29776,501,0.382
ICAO24_00040,HYD,17.385,78.4867,2024-01-18 09:51:40.261657,16548,338,0.574
ICAO24_00043,VGA,16.5186,80.6527,2024-01-17 23:38:40.261657,33250,381,0.857
ICAO24_00036,WP009,16.614867,80.412033,2024-01-17 09:09:40.261743,23787,518,0.754
ICAO24_00041,WP005,16.999933,79.449367,2024-01-17 18:58:40.261743,19442,384,0.249
ICAO24_00009,WP007,16.8074,79.9307,2024-01-17 14:52:40.261743,21824,545,0.821
ICAO24_00041,WP003,17.192467,78.968033,2024-01-17 11:31:40.261743,32340,247,0.769
ICAO24_00000,WP005,16.999933,79.449367,2024-01-17 19:25:40.261743,20062,213,0.888
ICAO24_00005,WP009,16.614867,80.412033,2024-01-17 06:05:40.261743,32171,327,0.596
ICAO24_00013,WP004,17.0962,79.2087,2024-01-16 19:27:40.261787,21390,397,0.027
ICAO24_00018,WP007,16.8074,79.9307,2024-01-16 07:26:40.261787,16411,571,0.025
ICAO24_00025,WP003,17.192467,78.968033,2024-01-16 08:14:40.261787,23027,512,0.218
ICAO24_00043,WP002,17.288733,78.727367,2024-01-16 05:23:40.261787,24683,252,0.253
ICAO24_00021,WP003,17.192467,78.968033,2024-01-15 21:26:40.261787,33000,417,0.097
ICAO24_00032,WP004,17.0962,79.2087,2024-01-15 21:43:40.261787,33536,502,0.485
ICAO24_00032,WP002,17.288733,78.727367,2024-01-16 03:54:40.261787,23836,496,0.615
ICAO24_00040,WP002,17.288733,78.727367,2024-01-16 15:18:40.261787,19116,547,0.601
ICAO24_00000,WP002,17.288733,78.727367,2024-01-16 14:37:40.261787,15320,453,0.466
ICAO24_00034,VGA,16.5186,80.6527,2024-01-16 00:23:40.261787,38130,502,0.571
ICAO24_00008,WP008,16.711133,80.171367,2024-01-15 23:47:40.261787,22674,501,0.695
ICAO24_00034,WP005,16.999933,79.449367,2024-01-16 17:45:40.261787,16489,516,0.038
ICAO24_00030,VGA,16.5186,80.6527,2024-01-16 10:46:40.261787,15744,581,0.6
ICAO24_00037,WP003,17.192467,78.968033,2024-01-15 08:13:40.262061,27145,525,0.625
ICAO24_00014,WP005,16.999933,79.449367,2024-01-15 19:21:40.262061,20517,468,0.401
ICAO24_00041,HYD,17.385,78.4867,2024-01-15 10:09:40.262061,38504,248,0.029
ICAO24_00021,WP008,16.711133,80.171367,2024-01-15 03:59:40.262061,33782,510,0.697
ICAO24_00037,WP006,16.903667,79.690033,2024-01-14 23:16:40.262061,33042,586,0.788
ICAO24_00042,WP002,17.288733,78.727367,2024-01-15 10:10:40.262061,30357,205,0.529
ICAO24_00043,WP004,17.0962,79.2087,2024-01-15 15:36:40.262061,39441,445,0.634
ICAO24_00005,WP009,16.614867,80.412033,2024-01-15 11:20:40.262061,34408,477,0.215
ICAO24_00046,WP007,16.8074,79.9307,2024-01-14 19:21:40.262138,16949,300,0.827
ICAO24_00028,WP003,17.192467,78.968033,2024-01-13 22:56:40.262138,17863,286,0.925
ICAO24_00022,WP007,16.8074,79.9307,2024-01-14 02:47:40.262138,23851,212,0.659
ICAO24_00029,HYD,17.385,78.4867,2024-01-14 08:16:40.262138,19132,449,0.847
ICAO24_00002,WP008,16.711133,80.171367,2024-01-14 19:45:40.262138,27975,332,0.979
ICAO24_00024,WP007,16.8074,79.9307,2024-01-14 07:01:40.262138,36995,230,0.101
ICAO24_00040,WP007,16.8074,79.9307,2024-01-13 07:48:40.262225,21796,436,0.11
ICAO24_00024,WP003,17.192467,78.968033,2024-01-13 02:37:40.262225,39279,500,0.474
ICAO24_00010,WP002,17.288733,78.727367,2024-01-12 23:37:40.262225,36165,333,0.44
ICAO24_00003,WP004,17.0962,79.2087,2024-01-13 04:57:40.262225,19891,577,0.494
ICAO24_00035,WP002,17.288733,78.727367,2024-01-13 00:26:40.262225,15590,311,0.985
ICAO24_00022,WP008,16.711133,80.171367,2024-01-13 13:44:40.262225,24413,253,0.223
ICAO24_00031,WP008,16.711133,80.171367,2024-01-13 04:25:40.262225,38715,296,0.961
ICAO24_00018,VGA,16.5186,80.6527,2024-01-13 07:32:40.262225,17813,454,0.973
ICAO24_00019,WP008,16.711133,80.171367,2024-01-13 03:19:40.262225,23667,237,0.163
ICAO24_00015,WP009,16.614867,80.412033,2024-01-12 20:09:40.262225,17053,379,0.752
ICAO24_00030,WP002,17.288733,78.727367,2024-01-12 22:56:40.262225,21156,388,0.95
ICAO24_00012,HYD,17.385,78.4867,2024-01-13 00:00:40.262225,29198,580,0.795
ICAO24_00008,WP003,17.192467,78.968033,2024-01-13 02:33:40.262225,22086,227,0.234
ICAO24_00002,WP004,17.0962,79.2087,2024-01-13 10:54:40.262225,31745,314,0.09
ICAO24_00043,HYD,17.385,78.4867,2024-01-12 22:53:40.262225,23821,420,0.808
ICAO24_00043,HYD,17.385,78.4867,2024-01-12 10:02:40.262358,21128,333,0.375
ICAO24_00016,HYD,17.385,78.4867,2024-01-11 21:23:40.262358,22753,535,0.799
ICAO24_00008,WP003,17.192467,78.968033,2024-01-12 13:24:40.262358,22276,531,0.74
ICAO24_00023,WP003,17.192467,78.968033,2024-01-12 15:48:40.262358,26457,585,0.374
ICAO24_00005,HYD,17.385,78.4867,2024-01-12 04:22:40.262358,34388,489,0.019
ICAO24_00019,WP006,16.903667,79.690033,2024-01-10 20:18:40.262401,24178,584,0.365
ICAO24_00005,WP002,17.288733,78.727367,2024-01-11 04:40:40.262401,35926,341,0.268
ICAO24_00029,WP006,16.903667,79.690033,2024-01-10 23:17:40.262401,35812,363,0.05
ICAO24_00012,HYD,17.385,78.4867,2024-01-11 14:04:40.262401,35369,384,0.769
ICAO24_00001,WP009,16.614867,80.412033,2024-01-11 10:29:40.262401,31089,489,0.97
ICAO24_00022,WP004,17.0962,79.2087,2024-01-11 11:24:40.262401,33176,223,0.242
ICAO24_00043,WP003,17.192467,78.968033,2024-01-11 09:59:40.262401,19539,542,0.727
ICAO24_00042,WP005,16.999933,79.449367,2024-01-11 04:37:40.262401,36719,494,0.526
ICAO24_00049,WP006,16.903667,79.690033,2024-01-11 03:00:40.262401,34468,389,0.676
ICAO24_00018,HYD,17.385,78.4867,2024-01-11 11:30:40.262401,32420,535,0.794
ICAO24_00003,WP007,16.8074,79.9307,2024-01-11 00:43:40.262401,28989,499,0.787
ICAO24_00004,WP007,16.8074,79.9307,2024-01-10 23:16:40.262401,37534,233,0.414
ICAO24_00026,WP004,17.0962,79.2087,2024-01-10 09:12:40.262506,33636,351,0.095
ICAO24_00027,HYD,17.385,78.4867,2024-01-09 21:33:40.262506,16909,536,0.064
ICAO24_00038,WP006,16.903667,79.690033,2024-01-10 14:54:40.262506,38315,225,0.491
ICAO24_00019,WP008,16.711133,80.171367,2024-01-09 20:22:40.262506,26120,356,0.547
ICAO24_00007,WP006,16.903667,79.690033,2024-01-10 17:29:40.262506,28348,557,0.176
ICAO24_00037,WP007,16.8074,79.9307,2024-01-09 21:24:40.262506,16414,501,0.714
ICAO24_00018,WP006,16.903667,79.690033,2024-01-10 10:04:40.262506,17503,336,0.287
ICAO24_00019,HYD,17.385,78.4867,2024-01-09 22:32:40.262506,23946,434,0.319
ICAO24_00021,WP007,16.8074,79.9307,2024-01-09 03:23:40.262579,29847,499,0.147
ICAO24_00034,WP007,16.8074,79.9307,2024-01-09 06:51:40.262579,16884,365,0.595
ICAO24_00042,WP008,16.711133,80.171367,2024-01-09 01:04:40.262579,18219,264,0.956
ICAO24_00030,WP005,16.999933,79.449367,2024-01-09 19:21:40.262579,18539,293,0.813
ICAO24_00030,WP003,17.192467,78.968033,2024-01-09 02:15:40.262579,23252,381,0.354
ICAO24_00006,WP003,17.192467,78.968033,2024-01-08 02:53:40.262637,26793,518,0.549
ICAO24_00049,WP008,16.711133,80.171367,2024-01-08 13:38:40.262637,28724,462,0.319
ICAO24_00026,WP007,16.8074,79.9307,2024-01-07 22:16:40.262637,39859,457,0.58
ICAO24_00013,WP004,17.0962,79.2087,2024-01-08 08:46:40.262637,31787,240,0.544
ICAO24_00034,WP004,17.0962,79.2087,2024-01-08 16:38:40.262637,19502,336,0.806
ICAO24_00046,HYD,17.385,78.4867,2024-01-08 05:27:40.262637,32959,267,0.926
ICAO24_00017,WP004,17.0962,79.2087,2024-01-08 08:54:40.262637,28180,267,0.256
ICAO24_00008,WP006,16.903667,79.690033,2024-01-08 07:45:40.262637,23383,575,0.808
ICAO24_00046,VGA,16.5186,80.6527,2024-01-08 09:56:40.262637,19804,580,0.645
ICAO24_00047,WP006,16.903667,79.690033,2024-01-08 15:55:40.262637,30790,545,0.323
ICAO24_00007,WP005,16.999933,79.449367,2024-01-07 18:26:40.262773,29216,477,0.004
ICAO24_00008,HYD,17.385,78.4867,2024-01-07 08:13:40.262773,32832,292,0.766
ICAO24_00047,WP004,17.0962,79.2087,2024-01-07 05:06:40.262773,16143,207,0.018
ICAO24_00016,WP006,16.903667,79.690033,2024-01-07 15:43:40.262773,36225,398,0.058
ICAO24_00014,WP007,16.8074,79.9307,2024-01-07 02:07:40.262773,20744,241,0.681
ICAO24_00021,WP006,16.903667,79.690033,2024-01-07 07:37:40.262773,24667,235,0.462
ICAO24_00031,WP005,16.999933,79.449367,2024-01-06 23:31:40.262773,28108,485,0.184
ICAO24_00015,WP003,17.192467,78.968033,2024-01-06 22:09:40.262773,20181,474,0.965
ICAO24_00045,VGA,16.5186,80.6527,2024-01-07 00:40:40.262773,21513,559,0.294
ICAO24_00007,WP009,16.614867,80.412033,2024-01-07 08:17:40.262773,36046,413,0.852
ICAO24_00038,VGA,16.5186,80.6527,2024-01-07 02:44:40.262773,29581,385,0.69
ICAO24_00033,WP004,17.0962,79.2087,2024-01-06 12:58:40.262863,33895,345,0.293
ICAO24_00013,WP007,16.8074,79.9307,2024-01-06 18:57:40.262863,20141,506,0.79
ICAO24_00027,HYD,17.385,78.4867,2024-01-06 05:25:40.262863,33860,505,0.283
ICAO24_00000,WP003,17.192467,78.968033,2024-01-06 00:30:40.262863,20684,238,0.982
ICAO24_00023,HYD,17.385,78.4867,2024-01-06 11:10:40.262863,36556,352,0.455
ICAO24_00007,WP002,17.288733,78.727367,2024-01-06 03:32:40.262863,36198,530,0.642
ICAO24_00045,WP009,16.614867,80.412033,2024-01-06 13:12:40.262863,28446,428,0.203
ICAO24_00030,WP007,16.8074,79.9307,2024-01-06 16:55:40.262863,16964,219,0.654
ICAO24_00027,WP009,16.614867,80.412033,2024-01-06 06:32:40.262863,29502,520,0.907
ICAO24_00017,WP004,17.0962,79.2087,2024-01-05 21:41:40.262863,19547,242,0.858
ICAO24_00012,WP008,16.711133,80.171367,2024-01-06 10:59:40.262863,27863,450,0.645
ICAO24_00045,WP002,17.288733,78.727367,2024-01-06 02:28:40.262863,30889,224,0.42
ICAO24_00046,WP002,17.288733,78.727367,2024-01-06 04:05:40.262863,39932,546,0.108
ICAO24_00036,WP009,16.614867,80.412033,2024-01-05 17:32:40.262982,39100,568,0.963
ICAO24_00011,WP002,17.288733,78.727367,2024-01-05 11:47:40.262982,18922,534,0.869
ICAO24_00046,HYD,17.385,78.4867,2024-01-05 03:31:40.262982,28040,595,0.011
ICAO24_00006,WP006,16.903667,79.690033,2024-01-05 12:34:40.262982,21720,525,0.085
ICAO24_00045,WP005,16.999933,79.449367,2024-01-05 11:31:40.262982,34748,434,0.573
ICAO24_00019,WP008,16.711133,80.171367,2024-01-04 22:36:40.262982,27275,491,0.117
ICAO24_00033,HYD,17.385,78.4867,2024-01-05 03:39:40.262982,24148,538,0.747
ICAO24_00018,WP008,16.711133,80.171367,2024-01-04 22:11:40.262982,37857,208,0.106
ICAO24_00041,WP006,16.903667,79.690033,2024-01-05 18:47:40.262982,31234,386,0.765
ICAO24_00021,WP009,16.614867,80.412033,2024-01-05 13:38:40.262982,27954,239,0.581
ICAO24_00043,WP007,16.8074,79.9307,2024-01-05 15:34:40.262982,34712,337,0.811
ICAO24_00031,WP007,16.8074,79.9307,2024-01-04 02:07:40.263099,16745,226,0.935
ICAO24_00006,WP006,16.903667,79.690033,2024-01-04 04:01:40.263099,23162,394,0.894
ICAO24_00007,WP009,16.614867,80.412033,2024-01-04 08:07:40.263099,21998,202,0.057
ICAO24_00008,VGA,16.5186,80.6527,2024-01-03 22:31:40.263099,22106,282,0.826
ICAO24_00007,HYD,17.385,78.4867,2024-01-04 10:12:40.263099,22516,583,0.301
ICAO24_00033,WP009,16.614867,80.412033,2024-01-04 02:03:40.263099,32781,513,0.452
ICAO24_00038,WP007,16.8074,79.9307,2024-01-04 01:11:40.263099,26390,327,0.473
ICAO24_00008,WP006,16.903667,79.690033,2024-01-03 19:39:40.263195,32539,253,0.464
ICAO24_00003,WP006,16.903667,79.690033,2024-01-02 21:18:40.263195,39938,501,0.981
ICAO24_00033,WP002,17.288733,78.727367,2024-01-03 00:44:40.263195,16500,200,0.635
ICAO24_00014,WP003,17.192467,78.968033,2024-01-03 15:41:40.263195,34515,221,0.779
ICAO24_00042,WP008,16.711133,80.171367,2024-01-03 05:21:40.263195,27116,248,0.507
ICAO24_00047,WP008,16.711133,80.171367,2024-01-03 02:51:40.263195,23706,480,0.913
ICAO24_00044,WP009,16.614867,80.412033,2024-01-02 20:58:40.263195,25364,366,0.119
ICAO24_00046,WP005,16.999933,79.449367,2024-01-03 10:50:40.263195,31887,441,0.745
ICAO24_00005,WP006,16.903667,79.690033,2024-01-03 15:40:40.263195,33537,338,0.286
ICAO24_00002,WP009,16.614867,80.412033,2024-01-03 01:23:40.263195,26907,292,0.812
ICAO24_00003,HYD,17.385,78.4867,2024-01-02 03:44:40.263276,23158,481,0.996
ICAO24_00031,WP006,16.903667,79.690033,2024-01-02 06:40:40.263276,26094,304,0.2
ICAO24_00009,WP007,16.8074,79.9307,2024-01-02 10:34:40.263276,18141,458,0.889
ICAO24_00030,WP005,16.999933,79.449367,2024-01-02 08:47:40.263276,15778,375,0.681
ICAO24_00022,WP003,17.192467,78.968033,2024-01-02 16:32:40.263276,16282,428,0.203
ICAO24_00045,VGA,16.5186,80.6527,2024-01-02 16:52:40.263276,35008,357,0.16
ICAO24_00006,WP008,16.711133,80.171367,2024-01-02 17:44:40.263276,16403,566,0.819
ICAO24_00044,WP002,17.288733,78.727367,2024-01-02 18:47:40.263276,35770,276,0.383
ICAO24_00027,WP002,17.288733,78.727367,2024-01-02 14:18:40.263276,37642,313,0.505
ICAO24_00002,WP003,17.192467,78.968033,2024-01-02 17:05:40.263276,25404,437,0.528
ICAO24_00035,WP007,16.8074,79.9307,2024-01-02 04:46:40.263276,25016,293,0.541
ICAO24_00018,WP006,16.903667,79.690033,2024-01-01 20:28:40.263276,36266,272,0.451
ICAO24_00029,WP006,16.903667,79.690033,2024-01-02 01:52:40.263276,38187,514,0.441
ICAO24_00048,WP009,16.614867,80.412033,2024-01-02 02:13:40.263276,34551,206,0.43
ICAO24_00034,WP005,16.999933,79.449367,2024-01-02 02:59:40.263276,19154,429,0.633
ICAO24_00032,HYD,17.385,78.4867,2024-01-01 12:20:40.263399,18558,593,0.925
ICAO24_00018,WP002,17.288733,78.727367,2024-01-01 04:36:40.263399,24335,345,0.406
ICAO24_00049,WP008,16.711133,80.171367,2023-12-31 22:55:40.263399,33434,461,0.563
ICAO24_00049,VGA,16.5186,80.6527,2024-01-01 14:46:40.263399,39880,394,0.881
ICAO24_00009,VGA,16.5186,80.6527,2024-01-01 16:08:40.263399,35580,513,0.443
ICAO24_00039,WP004,17.0962,79.2087,2024-01-01 06:50:40.263399,24934,361,0.249
ICAO24_00005,HYD,17.385,78.4867,2024-01-01 19:55:40.263399,36761,494,0.741
ICAO24_00036,HYD,17.385,78.4867,2024-01-01 12:17:40.263399,23696,206,0.509
ICAO24_00027,WP003,17.192467,78.968033,2023-12-31 21:54:40.263399,23359,463,0.383
ICAO24_00006,VGA,16.5186,80.6527,2023-12-31 07:36:40.263475,23758,560,0.483
ICAO24_00000,WP009,16.614867,80.412033,2023-12-31 02:05:40.263475,18241,225,0.318
ICAO24_00008,WP005,16.999933,79.449367,2023-12-31 06:14:40.263475,28369,580,0.323
ICAO24_00043,WP005,16.999933,79.449367,2023-12-31 14:23:40.263475,17114,208,0.892
ICAO24_00010,WP008,16.711133,80.171367,2023-12-30 21:59:40.263475,20958,510,0.681
ICAO24_00002,WP006,16.903667,79.690033,2023-12-31 04:18:40.263475,24376,325,0.869
ICAO24_00042,WP009,16.614867,80.412033,2023-12-31 18:24:40.263475,31639,347,0.739
ICAO24_00026,WP005,16.999933,79.449367,2023-12-31 11:13:40.263475,28269,279,0.262
ICAO24_00016,WP005,16.999933,79.449367,2023-12-31 04:55:40.263475,32017,343,0.193
ICAO24_00003,WP008,16.711133,80.171367,2023-12-30 05:29:40.263560,17767,586,0.033
ICAO24_00005,VGA,16.5186,80.6527,2023-12-29 22:29:40.263560,20794,569,0.996
ICAO24_00018,WP008,16.711133,80.171367,2023-12-30 02:28:40.263560,15786,463,0.822
ICAO24_00034,VGA,16.5186,80.6527,2023-12-29 20:59:40.263560,37182,422,0.486
ICAO24_00012,HYD,17.385,78.4867,2023-12-30 08:58:40.263560,29150,203,0.457
ICAO24_00003,WP005,16.999933,79.449367,2023-12-30 15:27:40.263560,24333,460,0.759
ICAO24_00003,WP005,16.999933,79.449367,2023-12-30 01:51:40.263560,27784,351,0.637
ICAO24_00017,WP007,16.8074,79.9307,2023-12-30 12:06:40.263560,17352,230,0.582
ICAO24_00007,VGA,16.5186,80.6527,2023-12-30 00:25:40.263560,35733,504,0.984
ICAO24_00022,WP003,17.192467,78.968033,2023-12-30 03:12:40.263560,22045,406,0.676
ICAO24_00037,HYD,17.385,78.4867,2023-12-30 03:16:40.263560,25855,578,0.343
ICAO24_00008,WP002,17.288733,78.727367,2023-12-30 07:15:40.263560,25492,342,0.539
ICAO24_00045,VGA,16.5186,80.6527,2023-12-29 21:49:40.263560,16549,478,0.493
ICAO24_00033,WP003,17.192467,78.968033,2023-12-29 18:25:40.263671,19268,597,0.48
ICAO24_00027,WP004,17.0962,79.2087,2023-12-29 10:21:40.263671,35651,366,0.808
ICAO24_00030,WP004,17.0962,79.2087,2023-12-29 01:45:40.263671,21034,439,0.635
ICAO24_00003,HYD,17.385,78.4867,2023-12-29 00:40:40.263671,38620,390,0.477
ICAO24_00014,WP002,17.288733,78.727367,2023-12-28 22:42:40.263671,28594,291,0.757
ICAO24_00016,WP006,16.903667,79.690033,2023-12-28 15:51:40.263716,37358,474,0.338
ICAO24_00048,HYD,17.385,78.4867,2023-12-27 22:57:40.263716,23017,367,0.849
ICAO24_00042,WP006,16.903667,79.690033,2023-12-28 15:50:40.263716,15564,364,0.7
ICAO24_00017,WP007,16.8074,79.9307,2023-12-28 19:51:40.263716,25688,371,0.774
ICAO24_00015,WP002,17.288733,78.727367,2023-12-27 20:02:40.263716,27004,272,0.427
ICAO24_00035,WP004,17.0962,79.2087,2023-12-27 22:38:40.263716,18940,430,0.669
ICAO24_00047,WP008,16.711133,80.171367,2023-12-28 03:17:40.263716,24341,221,0.922
ICAO24_00029,WP007,16.8074,79.9307,2023-12-28 00:03:40.263716,17238,538,0.121
ICAO24_00023,WP008,16.711133,80.171367,2023-12-26 23:28:40.263785,26392,469,0.792
ICAO24_00041,WP004,17.0962,79.2087,2023-12-26 23:58:40.263785,31396,375,0.138
ICAO24_00022,WP002,17.288733,78.727367,2023-12-27 08:11:40.263785,23107,415,0.058
ICAO24_00009,WP007,16.8074,79.9307,2023-12-27 02:29:40.263785,29727,587,0.68
ICAO24_00008,WP009,16.614867,80.412033,2023-12-27 07:30:40.263785,39514,381,0.093
ICAO24_00016,WP009,16.614867,80.412033,2023-12-27 07:16:40.263785,18734,546,0.472
ICAO24_00013,WP004,17.0962,79.2087,2023-12-27 17:01:40.263785,22211,265,0.289
ICAO24_00026,WP002,17.288733,78.727367,2023-12-27 13:01:40.263785,23931,434,0.149
ICAO24_00002,WP003,17.192467,78.968033,2023-12-27 10:02:40.263785,22738,398,0.427
ICAO24_00005,WP009,16.614867,80.412033,2023-12-27 16:04:40.263785,30234,499,0.575
ICAO24_00036,WP005,16.999933,79.449367,2023-12-27 02:43:40.263785,26840,279,0.334
ICAO24_00031,WP009,16.614867,80.412033,2023-12-26 22:26:40.263785,27387,253,0.26
ICAO24_00035,WP004,17.0962,79.2087,2023-12-26 18:29:40.263899,36723,539,0.331
ICAO24_00003,WP009,16.614867,80.412033,2023-12-26 17:37:40.263899,30727,243,0.396
ICAO24_00027,WP003,17.192467,78.968033,2023-12-26 11:11:40.263899,31646,559,0.277
ICAO24_00023,WP009,16.614867,80.412033,2023-12-26 10:17:40.263899,18637,597,0.861
ICAO24_00012,WP008,16.711133,80.171367,2023-12-26 13:18:40.263899,37715,200,0.899
ICAO24_00000,WP009,16.614867,80.412033,2023-12-26 07:54:40.263899,25468,557,0.375
ICAO24_00025,HYD,17.385,78.4867,2023-12-26 13:52:40.263899,15002,586,0.234
ICAO24_00044,WP002,17.288733,78.727367,2023-12-26 04:55:40.263899,21502,279,0.496
ICAO24_00013,WP004,17.0962,79.2087,2023-12-26 12:39:40.263899,35463,446,0.014
ICAO24_00048,WP009,16.614867,80.412033,2023-12-26 04:54:40.263899,39215,248,0.928
ICAO24_00017,WP008,16.711133,80.171367,2023-12-25 09:00:40.263981,37832,296,0.144
ICAO24_00000,WP005,16.999933,79.449367,2023-12-25 18:05:40.263981,24696,497,0.871
ICAO24_00012,WP009,16.614867,80.412033,2023-12-25 01:50:40.263981,27972,541,0.173
ICAO24_00048,WP006,16.903667,79.690033,2023-12-25 08:55:40.263981,34625,214,0.165
ICAO24_00031,VGA,16.5186,80.6527,2023-12-25 06:12:40.263981,26619,570,0.223
ICAO24_00024,WP006,16.903667,79.690033,2023-12-24 22:41:40.263981,39605,506,0.361
ICAO24_00014,WP004,17.0962,79.2087,2023-12-25 03:23:40.263981,27691,283,0.368
ICAO24_00039,HYD,17.385,78.4867,2023-12-25 19:38:40.263981,26988,498,0.509
ICAO24_00044,WP003,17.192467,78.968033,2023-12-25 07:14:40.263981,36274,493,0.542
ICAO24_00030,WP005,16.999933,79.449367,2023-12-25 03:47:40.263981,28434,477,0.974
ICAO24_00035,WP004,17.0962,79.2087,2023-12-24 01:50:40.264069,24987,294,0.635
ICAO24_00010,WP009,16.614867,80.412033,2023-12-24 06:31:40.264069,22937,514,0.683
ICAO24_00046,WP006,16.903667,79.690033,2023-12-24 08:41:40.264069,19290,486,0.04
ICAO24_00011,WP004,17.0962,79.2087,2023-12-24 01:58:40.264069,21460,221,0.853
ICAO24_00031,WP002,17.288733,78.727367,2023-12-24 19:13:40.264069,26618,274,0.745
ICAO24_00016,WP008,16.711133,80.171367,2023-12-24 18:06:40.264069,23348,210,0.898
ICAO24_00045,VGA,16.5186,80.6527,2023-12-23 22:16:40.264069,39861,247,0.254
ICAO24_00046,WP004,17.0962,79.2087,2023-12-24 14:48:40.264069,32164,239,0.705
ICAO24_00035,WP005,16.999933,79.449367,2023-12-23 21:41:40.264069,36703,512,0.179
ICAO24_00022,VGA,16.5186,80.6527,2023-12-24 11:08:40.264069,17083,415,0.338
ICAO24_00026,WP003,17.192467,78.968033,2023-12-24 03:29:40.264069,23787,456,0.201
ICAO24_00000,WP002,17.288733,78.727367,2023-12-23 05:25:40.264186,29074,440,0.053
ICAO24_00027,VGA,16.5186,80.6527,2023-12-23 01:00:40.264186,15005,319,0.976
ICAO24_00023,HYD,17.385,78.4867,2023-12-23 17:50:40.264186,22552,511,0.098
ICAO24_00018,WP006,16.903667,79.690033,2023-12-23 05:32:40.264186,18407,436,0.51
ICAO24_00030,WP009,16.614867,80.412033,2023-12-23 16:00:40.264186,34727,365,0.652
ICAO24_00008,WP003,17.192467,78.968033,2023-12-23 11:16:40.264186,29546,581,0.707
ICAO24_00043,WP007,16.8074,79.9307,2023-12-23 01:48:40.264186,26547,540,0.141
ICAO24_00030,WP005,16.999933,79.449367,2023-12-22 21:22:40.264186,37167,512,0.344
ICAO24_00005,WP008,16.711133,80.171367,2023-12-23 15:15:40.264186,22272,212,0.633
ICAO24_00016,WP003,17.192467,78.968033,2023-12-23 03:34:40.264186,31457,551,0.091
ICAO24_00020,HYD,17.385,78.4867,2023-12-23 09:08:40.264186,33702,329,0.747
ICAO24_00043,WP008,16.711133,80.171367,2023-12-23 13:54:40.264186,26504,332,0.265
ICAO24_00043,WP002,17.288733,78.727367,2023-12-23 13:57:40.264186,30650,482,0.299
ICAO24_00040,WP007,16.8074,79.9307,2023-12-22 14:12:40.264292,26353,468,0.368
ICAO24_00043,WP009,16.614867,80.412033,2023-12-22 00:15:40.264292,31262,496,0.783
ICAO24_00031,WP009,16.614867,80.412033,2023-12-22 16:32:40.264292,34005,459,0.532
ICAO24_00042,WP007,16.8074,79.9307,2023-12-22 14:57:40.264292,17744,436,0.886
ICAO24_00045,WP006,16.903667,79.690033,2023-12-22 01:27:40.264292,27497,353,0.98
ICAO24_00032,WP006,16.903667,79.690033,2023-12-21 21:30:40.264292,30802,262,0.092
ICAO24_00034,WP005,16.999933,79.449367,2023-12-22 16:11:40.264292,28468,334,0.363
ICAO24_00038,WP005,16.999933,79.449367,2023-12-22 09:03:40.264292,38224,576,0.696
ICAO24_00032,WP008,16.711133,80.171367,2023-12-22 05:21:40.264292,37661,558,0.786
ICAO24_00039,WP002,17.288733,78.727367,2023-12-22 04:45:40.264292,35702,226,0.648
ICAO24_00028,WP005,16.999933,79.449367,2023-12-22 06:10:40.264292,35590,237,0.666
ICAO24_00009,WP006,16.903667,79.690033,2023-12-22 01:17:40.264292,22715,301,0.928
ICAO24_00040,WP006,16.903667,79.690033,2023-12-22 03:22:40.264292,16974,326,0.744
ICAO24_00043,WP004,17.0962,79.2087,2023-12-21 01:11:40.264400,23969,542,0.696
ICAO24_00022,WP004,17.0962,79.2087,2023-12-21 12:20:40.264400,36981,481,0.123
ICAO24_00002,WP007,16.8074,79.9307,2023-12-21 09:21:40.264400,31452,402,0.927
ICAO24_00029,HYD,17.385,78.4867,2023-12-21 04:42:40.264400,36036,342,0.997
ICAO24_00011,WP003,17.192467,78.968033,2023-12-21 14:19:40.264400,37397,301,0.277
ICAO24_00034,WP009,16.614867,80.412033,2023-12-21 15:45:40.264400,17321,582,0.108
ICAO24_00022,WP004,17.0962,79.2087,2023-12-21 00:56:40.264400,18010,218,0.01
ICAO24_00000,WP002,17.288733,78.727367,2023-12-21 04:49:40.264400,30824,287,0.155
ICAO24_00039,WP007,16.8074,79.9307,2023-12-21 02:18:40.264400,18096,588,0.384
ICAO24_00037,WP003,17.192467,78.968033,2023-12-20 14:31:40.264487,37245,595,0.548
ICAO24_00031,WP004,17.0962,79.2087,2023-12-20 01:46:40.264487,30898,311,0.78
ICAO24_00030,WP006,16.903667,79.690033,2023-12-19 22:28:40.264487,33163,507,0.454
ICAO24_00032,WP006,16.903667,79.690033,2023-12-20 12:09:40.264487,39937,558,0.002
ICAO24_00010,HYD,17.385,78.4867,2023-12-20 16:31:40.264487,15973,328,0.458
ICAO24_00013,WP006,16.903667,79.690033,2023-12-19 00:06:40.264528,25091,455,0.878
ICAO24_00033,WP007,16.8074,79.9307,2023-12-19 15:37:40.264528,28109,287,0.889
ICAO24_00017,WP003,17.192467,78.968033,2023-12-19 05:13:40.264528,33993,599,0.318
ICAO24_00045,WP002,17.288733,78.727367,2023-12-18 23:25:40.264528,37963,337,0.571
ICAO24_00010,WP007,16.8074,79.9307,2023-12-19 06:59:40.264528,23672,515,0.296
ICAO24_00048,WP004,17.0962,79.2087,2023-12-19 03:31:40.264528,24713,381,0.21
ICAO24_00009,WP006,16.903667,79.690033,2023-12-19 17:18:40.264528,23119,536,0.047
ICAO24_00041,HYD,17.385,78.4867,2023-12-19 04:26:40.264528,20702,319,0.369
ICAO24_00015,WP009,16.614867,80.412033,2023-12-19 09:45:40.264528,30357,426,0.525
ICAO24_00031,WP004,17.0962,79.2087,2023-12-19 00:12:40.264528,24015,358,0.276
ICAO24_00003,WP004,17.0962,79.2087,2023-12-19 02:50:40.264528,15996,230,0.618
ICAO24_00009,WP003,17.192467,78.968033,2023-12-18 21:11:40.264528,22349,511,0.69
ICAO24_00021,WP005,16.999933,79.449367,2023-12-19 02:59:40.264528,16748,579,0.54
ICAO24_00001,WP006,16.903667,79.690033,2023-12-19 16:35:40.264528,26797,212,0.615
ICAO24_00017,WP004,17.0962,79.2087,2023-12-19 18:49:40.264528,34593,234,0.395
ICAO24_00017,WP006,16.903667,79.690033,2023-12-17 20:36:40.264655,20605,233,0.681
ICAO24_00005,VGA,16.5186,80.6527,2023-12-18 05:47:40.264655,23885,441,0.647
ICAO24_00013,WP009,16.614867,80.412033,2023-12-18 06:50:40.264655,36036,342,0.899
ICAO24_00041,WP009,16.614867,80.412033,2023-12-18 09:01:40.264655,22187,221,0.901
ICAO24_00032,WP006,16.903667,79.690033,2023-12-18 03:36:40.264655,16925,253,0.894
ICAO24_00029,WP005,16.999933,79.449367,2023-12-18 09:21:40.264655,25569,568,0.906
ICAO24_00041,WP008,16.711133,80.171367,2023-12-18 10:14:40.264655,32476,551,0.985
ICAO24_00032,WP006,16.903667,79.690033,2023-12-18 15:28:40.264655,35687,564,0.859
ICAO24_00045,WP004,17.0962,79.2087,2023-12-18 00:01:40.264655,23554,551,0.526
ICAO24_00029,WP005,16.999933,79.449367,2023-12-17 17:25:40.264732,15273,419,0.455
ICAO24_00018,WP004,17.0962,79.2087,2023-12-17 05:59:40.264732,36258,340,0.803
ICAO24_00010,WP003,17.192467,78.968033,2023-12-17 12:57:40.264732,23693,551,0.189
ICAO24_00009,VGA,16.5186,80.6527,2023-12-17 12:53:40.264732,39979,502,0.308
ICAO24_00049,WP009,16.614867,80.412033,2023-12-17 18:49:40.264732,17042,268,0.691
ICAO24_00038,WP008,16.711133,80.171367,2023-12-17 03:33:40.264732,18042,209,0.528
ICAO24_00028,WP006,16.903667,79.690033,2023-12-17 15:04:40.264732,33660,495,0.066
ICAO24_00009,WP008,16.711133,80.171367,2023-12-17 16:44:40.264732,20630,547,0.814
ICAO24_00000,WP005,16.999933,79.449367,2023-12-16 21:23:40.264732,16088,200,0.775
ICAO24_00043,VGA,16.5186,80.6527,2023-12-17 09:01:40.264732,38243,278,0.769
ICAO24_00048,WP006,16.903667,79.690033,2023-12-17 16:27:40.264732,26869,363,0.139
ICAO24_00035,WP009,16.614867,80.412033,2023-12-17 09:28:40.264732,28512,555,0.645
ICAO24_00041,WP003,17.192467,78.968033,2023-12-16 10:20:40.264829,23906,520,0.25
ICAO24_00026,WP008,16.711133,80.171367,2023-12-16 15:02:40.264829,37414,590,0.624
ICAO24_00022,WP007,16.8074,79.9307,2023-12-16 02:31:40.264829,23764,567,0.679
ICAO24_00039,VGA,16.5186,80.6527,2023-12-16 06:11:40.264829,38515,355,0.056
ICAO24_00031,WP006,16.903667,79.690033,2023-12-15 23:32:40.264829,26249,206,0.202
ICAO24_00032,WP009,16.614867,80.412033,2023-12-16 12:24:40.264829,16591,289,0.077
ICAO24_00031,WP007,16.8074,79.9307,2023-12-16 18:26:40.264829,23093,370,0.439
ICAO24_00008,WP008,16.711133,80.171367,2023-12-15 21:25:40.264829,20370,577,0.996
ICAO24_00017,WP005,16.999933,79.449367,2023-12-15 19:40:40.264909,16369,478,0.8
ICAO24_00037,WP006,16.903667,79.690033,2023-12-15 08:02:40.264909,34891,488,0.681
ICAO24_00026,WP004,17.0962,79.2087,2023-12-15 10:54:40.264909,33362,279,0.482
ICAO24_00030,WP003,17.192467,78.968033,2023-12-15 17:09:40.264909,27079,364,0.366
ICAO24_00016,WP004,17.0962,79.2087,2023-12-15 10:21:40.264909,19873,328,0.29
ICAO24_00011,WP008,16.711133,80.171367,2023-12-14 23:42:40.264909,18450,388,0.876
ICAO24_00014,WP008,16.711133,80.171367,2023-12-14 23:38:40.264909,29706,382,0.459
ICAO24_00007,WP004,17.0962,79.2087,2023-12-15 16:53:40.264909,36287,237,0.873
ICAO24_00035,WP005,16.999933,79.449367,2023-12-15 15:24:40.264909,38366,445,0.971
ICAO24_00040,WP006,16.903667,79.690033,2023-12-15 12:34:40.264909,35906,234,0.705
ICAO24_00042,VGA,16.5186,80.6527,2023-12-14 23:22:40.264909,29177,408,0.476
ICAO24_00032,WP007,16.8074,79.9307,2023-12-15 03:34:40.264909,25139,373,0.888
ICAO24_00043,VGA,16.5186,80.6527,2023-12-14 19:30:40.264996,34025,546,0.76
ICAO24_00029,WP008,16.711133,80.171367,2023-12-14 12:27:40.264996,26710,290,0.387
ICAO24_00009,WP005,16.999933,79.449367,2023-12-14 05:41:40.264996,23553,478,0.675
ICAO24_00024,WP002,17.288733,78.727367,2023-12-14 04:53:40.264996,20965,327,0.257
ICAO24_00033,VGA,16.5186,80.6527,2023-12-14 09:58:40.264996,16103,282,0.454
ICAO24_00048,WP002,17.288733,78.727367,2023-12-14 06:40:40.264996,38340,421,0.369
ICAO24_00037,WP002,17.288733,78.727367,2023-12-14 15:12:40.264996,16704,457,0.074
ICAO24_00002,VGA,16.5186,80.6527,2023-12-13 22:36:40.264996,31869,573,0.991
ICAO24_00044,WP008,16.711133,80.171367,2023-12-13 12:51:40.265065,24926,526,0.376
ICAO24_00022,WP003,17.192467,78.968033,2023-12-12 22:08:40.265065,19681,433,0.477
ICAO24_00011,WP004,17.0962,79.2087,2023-12-13 00:54:40.265065,28504,362,0.959
ICAO24_00025,WP002,17.288733,78.727367,2023-12-13 14:46:40.265065,33030,210,0.665
ICAO24_00031,WP004,17.0962,79.2087,2023-12-13 16:50:40.265065,20022,576,0.158
ICAO24_00036,WP006,16.903667,79.690033,2023-12-12 22:00:40.265065,35525,203,0.943
ICAO24_00018,WP008,16.711133,80.171367,2023-12-11 21:22:40.265107,19923,502,0.708
ICAO24_00035,WP002,17.288733,78.727367,2023-12-12 05:03:40.265107,27327,596,0.905
ICAO24_00028,HYD,17.385,78.4867,2023-12-12 03:31:40.265107,39274,303,0.926
ICAO24_00018,WP004,17.0962,79.2087,2023-12-12 06:55:40.265107,34073,282,0.911
ICAO24_00018,HYD,17.385,78.4867,2023-12-12 05:38:40.265107,21428,390,0.5
ICAO24_00031,WP009,16.614867,80.412033,2023-12-12 10:42:40.265107,36254,341,0.02
ICAO24_00025,WP009,16.614867,80.412033,2023-12-11 21:27:40.265107,29950,340,0.171
ICAO24_00043,HYD,17.385,78.4867,2023-12-12 00:34:40.265107,20012,243,0.133
ICAO24_00043,WP006,16.903667,79.690033,2023-12-12 15:54:40.265107,23978,475,0.89
ICAO24_00003,WP005,16.999933,79.449367,2023-12-12 04:21:40.265107,32203,275,0.779
ICAO24_00018,HYD,17.385,78.4867,2023-12-12 18:42:40.265107,16491,545,0.502
ICAO24_00033,VGA,16.5186,80.6527,2023-12-12 01:04:40.265107,27159,577,0.11
ICAO24_00012,WP003,17.192467,78.968033,2023-12-12 18:01:40.265107,28763,537,0.833
ICAO24_00035,WP002,17.288733,78.727367,2023-12-12 19:07:40.265107,31747,542,0.738
ICAO24_00030,HYD,17.385,78.4867,2023-12-11 03:17:40.265264,18638,447,0.427
ICAO24_00035,WP003,17.192467,78.968033,2023-12-11 05:40:40.265264,30118,317,1.0
ICAO24_00019,VGA,16.5186,80.6527,2023-12-11 02:55:40.265264,39469,437,0.007
ICAO24_00036,WP002,17.288733,78.727367,2023-12-11 04:37:40.265264,20000,302,0.235
ICAO24_00034,WP002,17.288733,78.727367,2023-12-11 12:47:40.265264,18217,227,0.985
ICAO24_00021,WP007,16.8074,79.9307,2023-12-10 21:52:40.265264,34947,411,0.602
ICAO24_00012,WP006,16.903667,79.690033,2023-12-10 20:08:40.265264,35803,511,0.142
ICAO24_00032,VGA,16.5186,80.6527,2023-12-11 05:23:40.265264,27471,343,0.802
ICAO24_00017,WP003,17.192467,78.968033,2023-12-11 10:44:40.265264,37326,473,0.058
ICAO24_00035,WP005,16.999933,79.449367,2023-12-11 18:40:40.265264,25329,292,0.456
ICAO24_00043,WP009,16.614867,80.412033,2023-12-11 02:43:40.265264,30351,470,0.356
ICAO24_00035,VGA,16.5186,80.6527,2023-12-11 13:16:40.265264,24002,242,0.917
ICAO24_00008,WP005,16.999933,79.449367,2023-12-10 20:30:40.265264,22286,323,0.103
ICAO24_00047,WP005,16.999933,79.449367,2023-12-11 08:53:40.265264,33959,506,0.651
ICAO24_00017,WP004,17.0962,79.2087,2023-12-11 09:08:40.265264,21934,579,0.015
ICAO24_00030,WP007,16.8074,79.9307,2023-12-10 13:49:40.265414,31983,353,0.613
ICAO24_00029,WP004,17.0962,79.2087,2023-12-09 20:31:40.265414,35450,443,0.772
ICAO24_00004,HYD,17.385,78.4867,2023-12-10 01:17:40.265414,27781,206,0.179
ICAO24_00043,WP005,16.999933,79.449367,2023-12-09 21:25:40.265414,38543,549,0.373
ICAO24_00048,VGA,16.5186,80.6527,2023-12-09 20:27:40.265414,30332,464,0.694
ICAO24_00009,VGA,16.5186,80.6527,2023-12-10 07:57:40.265414,21043,349,0.326
ICAO24_00023,WP007,16.8074,79.9307,2023-12-09 21:58:40.265414,34140,593,0.901
ICAO24_00020,HYD,17.385,78.4867,2023-12-10 14:49:40.265414,23370,265,0.673
ICAO24_00045,VGA,16.5186,80.6527,2023-12-10 14:24:40.265414,33036,574,0.877
ICAO24_00045,WP003,17.192467,78.968033,2023-12-10 00:42:40.265414,20579,221,0.51
ICAO24_00031,WP006,16.903667,79.690033,2023-12-10 04:27:40.265414,17323,522,0.681
ICAO24_00011,WP006,16.903667,79.690033,2023-12-10 00:23:40.265414,21338,497,0.588
ICAO24_00037,WP007,16.8074,79.9307,2023-12-10 17:54:40.265414,33775,328,0.327
ICAO24_00047,WP009,16.614867,80.412033,2023-12-10 06:37:40.265414,33118,503,0.539
ICAO24_00027,WP002,17.288733,78.727367,2023-12-09 18:19:40.265532,19964,445,0.117
ICAO24_00039,WP002,17.288733,78.727367,2023-12-09 13:17:40.265532,15612,440,0.041
ICAO24_00014,WP007,16.8074,79.9307,2023-12-09 06:53:40.265532,24349,452,0.841
ICAO24_00034,WP007,16.8074,79.9307,2023-12-09 17:36:40.265532,30324,383,0.635
ICAO24_00000,WP006,16.903667,79.690033,2023-12-09 04:38:40.265532,17407,312,0.399
ICAO24_00028,WP002,17.288733,78.727367,2023-12-09 12:01:40.265532,37475,327,0.209
ICAO24_00019,WP005,16.999933,79.449367,2023-12-08 20:35:40.265532,25424,483,0.102
ICAO24_00036,HYD,17.385,78.4867,2023-12-08 21:45:40.265532,30886,431,0.563
ICAO24_00043,WP005,16.999933,79.449367,2023-12-09 19:14:40.265532,17297,496,0.953
ICAO24_00020,WP008,16.711133,80.171367,2023-12-09 11:59:40.265532,22952,511,0.69
ICAO24_00016,HYD,17.385,78.4867,2023-12-09 07:51:40.265532,31522,588,0.809
ICAO24_00018,WP009,16.614867,80.412033,2023-12-07 21:19:40.265697,36475,412,0.65
ICAO24_00016,WP004,17.0962,79.2087,2023-12-08 00:32:40.265697,24153,435,0.77
ICAO24_00009,WP009,16.614867,80.412033,2023-12-08 18:51:40.265697,17468,373,0.634
ICAO24_00044,WP009,16.614867,80.412033,2023-12-08 07:07:40.265697,38171,585,0.199
ICAO24_00005,WP003,17.192467,78.968033,2023-12-08 00:06:40.265697,33858,474,0.229
ICAO24_00048,WP008,16.711133,80.171367,2023-12-08 13:32:40.265697,31199,212,0.247
ICAO24_00007,WP003,17.192467,78.968033,2023-12-08 10:01:40.265697,22329,382,0.506
ICAO24_00006,WP006,16.903667,79.690033,2023-12-08 10:43:40.265697,37588,585,0.72
ICAO24_00035,WP005,16.999933,79.449367,2023-12-06 20:40:40.265766,34642,557,0.081
ICAO24_00004,WP007,16.8074,79.9307,2023-12-07 17:15:40.265766,33208,247,0.516
ICAO24_00009,HYD,17.385,78.4867,2023-12-07 01:07:40.265766,28702,228,0.604
ICAO24_00025,WP006,16.903667,79.690033,2023-12-07 18:33:40.265766,21393,256,0.269
ICAO24_00030,WP008,16.711133,80.171367,2023-12-07 11:24:40.265766,24241,477,0.059
ICAO24_00043,WP002,17.288733,78.727367,2023-12-07 11:12:40.265766,34958,386,0.004
ICAO24_00010,WP009,16.614867,80.412033,2023-12-07 10:29:40.265766,26901,294,0.731
ICAO24_00023,WP006,16.903667,79.690033,2023-12-07 09:34:40.265766,24538,270,0.174
ICAO24_00027,VGA,16.5186,80.6527,2023-12-07 05:50:40.265766,16129,264,0.437
ICAO24_00019,HYD,17.385,78.4867,2023-12-06 01:01:40.266835,18808,324,0.919
ICAO24_00036,WP008,16.711133,80.171367,2023-12-06 02:36:40.266835,26645,301,0.466
ICAO24_00028,WP003,17.192467,78.968033,2023-12-05 21:39:40.266835,34552,220,0.203
ICAO24_00046,WP005,16.999933,79.449367,2023-12-06 16:57:40.266835,15501,518,0.837
ICAO24_00042,WP009,16.614867,80.412033,2023-12-06 18:39:40.266835,24466,417,0.45
ICAO24_00016,WP006,16.903667,79.690033,2023-12-05 01:56:40.266902,16752,301,0.822
ICAO24_00023,WP006,16.903667,79.690033,2023-12-05 00:09:40.266902,17771,451,0.717
ICAO24_00021,WP005,16.999933,79.449367,2023-12-05 13:42:40.266902,35180,433,0.954
ICAO24_00043,WP007,16.8074,79.9307,2023-12-05 11:06:40.266902,15499,204,0.886
ICAO24_00019,WP003,17.192467,78.968033,2023-12-05 09:39:40.266902,30760,574,0.223
ICAO24_00018,HYD,17.385,78.4867,2023-12-04 23:51:40.266902,29209,555,0.059
ICAO24_00039,WP007,16.8074,79.9307,2023-12-05 07:13:40.266902,24025,374,0.439
ICAO24_00040,HYD,17.385,78.4867,2023-12-04 20:30:40.266902,31256,581,0.612
ICAO24_00032,WP002,17.288733,78.727367,2023-12-05 18:13:40.266902,17313,545,0.118
ICAO24_00000,WP006,16.903667,79.690033,2023-12-05 01:53:40.266902,35324,451,0.509
ICAO24_00020,WP009,16.614867,80.412033,2023-12-03 22:48:40.267036,31808,326,0.938
ICAO24_00005,HYD,17.385,78.4867,2023-12-03 23:15:40.267036,31752,584,0.143
ICAO24_00048,WP002,17.288733,78.727367,2023-12-04 17:58:40.267036,35369,518,0.662
ICAO24_00044,WP006,16.903667,79.690033,2023-12-04 18:40:40.267036,25110,398,0.149
ICAO24_00008,WP009,16.614867,80.412033,2023-12-04 08:17:40.267036,17864,303,0.561
ICAO24_00020,WP008,16.711133,80.171367,2023-12-04 09:32:40.267036,27600,409,0.861
ICAO24_00009,WP006,16.903667,79.690033,2023-12-04 19:16:40.267036,18702,420,0.375
ICAO24_00029,WP005,16.999933,79.449367,2023-12-03 20:14:40.267036,29652,508,0.308
ICAO24_00038,WP008,16.711133,80.171367,2023-12-04 15:39:40.267036,18582,308,0.587
ICAO24_00014,WP004,17.0962,79.2087,2023-12-03 13:53:40.267144,29090,259,0.988
ICAO24_00044,WP007,16.8074,79.9307,2023-12-03 12:12:40.267144,26041,330,0.239
ICAO24_00014,HYD,17.385,78.4867,2023-12-03 04:52:40.267144,39118,347,0.625
ICAO24_00013,WP007,16.8074,79.9307,2023-12-02 21:31:40.267144,32053,295,0.785
ICAO24_00001,WP004,17.0962,79.2087,2023-12-03 10:06:40.267144,16423,331,0.372
ICAO24_00013,WP008,16.711133,80.171367,2023-12-03 12:11:40.267144,17915,376,0.421
ICAO24_00041,WP008,16.711133,80.171367,2023-12-03 14:01:40.267144,37098,577,0.651
ICAO24_00012,VGA,16.5186,80.6527,2023-12-03 15:16:40.267144,28223,565,0.919
ICAO24_00022,VGA,16.5186,80.6527,2023-12-02 20:37:40.267144,36344,446,0.357
ICAO24_00025,WP008,16.711133,80.171367,2023-12-03 19:10:40.267144,32843,596,0.332
ICAO24_00033,WP005,16.999933,79.449367,2023-12-03 11:22:40.267144,31763,410,0.393
ICAO24_00013,VGA,16.5186,80.6527,2023-12-03 03:15:40.267144,28834,459,0.785
ICAO24_00008,WP009,16.614867,80.412033,2023-12-03 02:27:40.267144,35038,422,0.382
ICAO24_00039,WP002,17.288733,78.727367,2023-12-02 04:50:40.267246,32119,215,0.827
ICAO24_00010,WP003,17.192467,78.968033,2023-12-02 16:36:40.267246,17598,226,0.658
ICAO24_00035,WP009,16.614867,80.412033,2023-12-01 21:30:40.267246,34156,506,0.635
ICAO24_00003,WP007,16.8074,79.9307,2023-12-02 19:39:40.267246,26478,572,0.372
ICAO24_00025,WP007,16.8074,79.9307,2023-12-02 15:11:40.267246,20247,339,0.344
ICAO24_00004,HYD,17.385,78.4867,2023-12-02 11:22:40.267246,27919,350,0.908
ICAO24_00028,WP009,16.614867,80.412033,2023-12-02 17:18:40.267246,22808,425,0.185
ICAO24_00043,HYD,17.385,78.4867,2023-12-02 08:58:40.267246,30423,423,0.53
ICAO24_00042,WP004,17.0962,79.2087,2023-12-01 23:27:40.267246,23555,307,0.411
ICAO24_00001,WP006,16.903667,79.690033,2023-12-02 04:58:40.267246,33557,333,0.342
ICAO24_00003,WP005,16.999933,79.449367,2023-12-02 17:01:40.267246,33840,421,0.141
ICAO24_00037,WP008,16.711133,80.171367,2023-12-01 00:12:40.267322,36365,310,0.076
ICAO24_00047,WP003,17.192467,78.968033,2023-11-30 23:44:40.267322,21096,297,0.481
ICAO24_00024,WP005,16.999933,79.449367,2023-12-01 06:08:40.267322,23857,439,0.758
ICAO24_00013,WP005,16.999933,79.449367,2023-11-30 21:31:40.267322,39662,432,0.692
ICAO24_00000,VGA,16.5186,80.6527,2023-12-01 05:54:40.267322,39175,392,0.115
ICAO24_00034,WP005,16.999933,79.449367,2023-12-01 01:15:40.267322,22264,369,0.678
ICAO24_00018,HYD,17.385,78.4867,2023-12-01 11:48:40.267322,19951,398,0.596
ICAO24_00020,WP006,16.903667,79.690033,2023-12-01 15:07:40.267322,32665,263,0.872
ICAO24_00022,WP006,16.903667,79.690033,2023-11-30 20:21:40.267322,23842,588,0.617
ICAO24_00013,WP008,16.711133,80.171367,2023-12-01 01:00:40.267322,36377,277,0.8
ICAO24_00011,WP004,17.0962,79.2087,2023-11-30 12:50:40.267393,27480,382,0.707
ICAO24_00008,WP008,16.711133,80.171367,2023-11-30 02:56:40.267393,33268,417,0.948
ICAO24_00005,WP002,17.288733,78.727367,2023-11-30 12:56:40.267393,16025,486,0.084
ICAO24_00035,WP004,17.0962,79.2087,2023-11-30 03:12:40.267393,18304,335,0.55
ICAO24_00001,HYD,17.385,78.4867,2023-11-30 00:32:40.267393,23750,529,0.208
ICAO24_00049,WP003,17.192467,78.968033,2023-11-30 14:13:40.267393,23209,212,0.375
ICAO24_00039,WP009,16.614867,80.412033,2023-11-30 11:41:40.267393,27394,498,0.07
ICAO24_00002,HYD,17.385,78.4867,2023-11-30 12:46:40.267393,37867,477,0.341
ICAO24_00012,WP002,17.288733,78.727367,2023-11-29 11:57:40.267449,34690,414,0.631
ICAO24_00038,VGA,16.5186,80.6527,2023-11-28 21:10:40.267449,30828,592,0.44
ICAO24_00036,WP003,17.192467,78.968033,2023-11-29 01:56:40.267449,19791,448,0.242
ICAO24_00016,VGA,16.5186,80.6527,2023-11-29 08:23:40.267449,21356,439,0.129
ICAO24_00006,WP006,16.903667,79.690033,2023-11-29 10:58:40.267449,37458,231,0.976
ICAO24_00033,WP008,16.711133,80.171367,2023-11-29 11:52:40.267449,35175,339,0.316
ICAO24_00031,WP008,16.711133,80.171367,2023-11-28 22:15:40.267449,27711,229,0.86
ICAO24_00031,WP004,17.0962,79.2087,2023-11-29 14:15:40.267449,25396,238,0.943
ICAO24_00004,WP003,17.192467,78.968033,2023-11-29 19:28:40.267449,21560,589,0.859
ICAO24_00047,WP003,17.192467,78.968033,2023-11-29 12:37:40.267449,17949,531,0.766
ICAO24_00043,VGA,16.5186,80.6527,2023-11-29 04:34:40.267449,31336,392,0.714
ICAO24_00033,WP007,16.8074,79.9307,2023-11-29 05:46:40.267449,27737,332,0.094
ICAO24_00009,WP008,16.711133,80.171367,2023-11-28 21:09:40.267449,18480,586,0.664
ICAO24_00042,VGA,16.5186,80.6527,2023-11-28 23:06:40.267449,34600,344,0.717
ICAO24_00008,WP002,17.288733,78.727367,2023-11-29 19:16:40.267449,22487,472,0.928
ICAO24_00020,WP002,17.288733,78.727367,2023-11-28 12:26:40.267590,34401,492,0.233
ICAO24_00014,WP008,16.711133,80.171367,2023-11-28 13:50:40.267590,26580,481,0.009
ICAO24_00043,WP002,17.288733,78.727367,2023-11-27 21:46:40.267590,20398,423,0.681
ICAO24_00036,VGA,16.5186,80.6527,2023-11-28 14:01:40.267590,18334,556,0.68
ICAO24_00019,VGA,16.5186,80.6527,2023-11-28 08:38:40.267590,17143,525,0.619
ICAO24_00026,WP009,16.614867,80.412033,2023-11-28 13:34:40.267590,21219,461,0.887
ICAO24_00037,WP004,17.0962,79.2087,2023-11-27 22:19:40.267590,27342,263,0.73
ICAO24_00013,VGA,16.5186,80.6527,2023-11-28 08:23:40.267590,35911,345,0.568
ICAO24_00025,HYD,17.385,78.4867,2023-11-28 04:05:40.267590,26371,321,0.342
ICAO24_00035,WP004,17.0962,79.2087,2023-11-28 05:10:40.267590,38456,210,0.53
ICAO24_00014,WP006,16.903667,79.690033,2023-11-27 08:09:40.267694,21223,473,0.202
ICAO24_00045,WP006,16.903667,79.690033,2023-11-27 08:02:40.267694,27394,549,0.417
ICAO24_00013,WP003,17.192467,78.968033,2023-11-27 08:16:40.267694,17584,429,0.579
ICAO24_00040,VGA,16.5186,80.6527,2023-11-26 22:34:40.267694,24473,426,0.593
ICAO24_00029,WP003,17.192467,78.968033,2023-11-27 11:13:40.267694,31370,517,0.589
ICAO24_00022,WP007,16.8074,79.9307,2023-11-27 15:13:40.267694,33410,470,0.998
ICAO24_00016,WP003,17.192467,78.968033,2023-11-27 17:08:40.267694,17958,440,0.335
ICAO24_00046,WP003,17.192467,78.968033,2023-11-26 10:53:40.267770,16298,349,0.353
ICAO24_00016,HYD,17.385,78.4867,2023-11-25 21:00:40.267770,39591,383,0.062
ICAO24_00029,WP007,16.8074,79.9307,2023-11-26 07:01:40.267770,28315,334,0.846
ICAO24_00017,VGA,16.5186,80.6527,2023-11-26 16:38:40.267770,37837,369,0.269
ICAO24_00048,VGA,16.5186,80.6527,2023-11-26 05:29:40.267770,39164,245,0.885
ICAO24_00031,WP006,16.903667,79.690033,2023-11-26 12:55:40.267770,25868,451,0.425
ICAO24_00031,WP006,16.903667,79.690033,2023-11-25 23:01:40.267770,15923,215,0.185
ICAO24_00000,WP005,16.999933,79.449367,2023-11-26 10:18:40.267770,23278,309,0.819
ICAO24_00003,WP007,16.8074,79.9307,2023-11-26 13:56:40.267770,26911,549,0.207
ICAO24_00024,VGA,16.5186,80.6527,2023-11-26 15:09:40.267770,30117,391,0.532
ICAO24_00012,WP006,16.903667,79.690033,2023-11-26 01:08:40.267770,25734,330,0.563
ICAO24_00042,WP003,17.192467,78.968033,2023-11-25 21:34:40.267770,15081,273,0.48
ICAO24_00016,WP003,17.192467,78.968033,2023-11-25 13:52:40.268284,29975,441,0.853
ICAO24_00034,WP006,16.903667,79.690033,2023-11-25 00:08:40.268284,24304,351,0.279
ICAO24_00037,WP003,17.192467,78.968033,2023-11-25 01:03:40.268284,24055,483,0.905
ICAO24_00041,VGA,16.5186,80.6527,2023-11-25 17:44:40.268284,19401,221,0.004
ICAO24_00031,WP003,17.192467,78.968033,2023-11-25 02:12:40.268284,24727,564,0.015
ICAO24_00045,WP005,16.999933,79.449367,2023-11-25 07:49:40.268284,15836,253,0.661
ICAO24_00025,WP004,17.0962,79.2087,2023-11-24 03:34:40.268341,20141,442,0.288
ICAO24_00044,WP009,16.614867,80.412033,2023-11-23 22:09:40.268341,35301,325,0.682
ICAO24_00025,WP007,16.8074,79.9307,2023-11-24 06:10:40.268341,33284,492,0.044
ICAO24_00020,HYD,17.385,78.4867,2023-11-24 17:35:40.268341,23948,207,0.8
ICAO24_00029,HYD,17.385,78.4867,2023-11-24 13:33:40.268341,27921,378,0.254
ICAO24_00018,WP003,17.192467,78.968033,2023-11-24 07:32:40.268341,36689,420,0.157
ICAO24_00049,WP006,16.903667,79.690033,2023-11-23 23:38:40.268341,37730,387,0.802
ICAO24_00031,WP004,17.0962,79.2087,2023-11-24 13:29:40.268341,17223,207,0.401
ICAO24_00017,VGA,16.5186,80.6527,2023-11-24 00:08:40.268341,19492,379,0.623
ICAO24_00028,WP003,17.192467,78.968033,2023-11-24 19:44:40.268341,29696,286,0.634
ICAO24_00040,WP006,16.903667,79.690033,2023-11-23 01:17:40.268431,18363,457,0.63
ICAO24_00048,WP006,16.903667,79.690033,2023-11-23 02:51:40.268431,26251,492,0.835
ICAO24_00028,WP004,17.0962,79.2087,2023-11-22 22:56:40.268431,29559,403,0.486
ICAO24_00018,VGA,16.5186,80.6527,2023-11-23 13:57:40.268431,33747,254,0.772
ICAO24_00026,WP008,16.711133,80.171367,2023-11-23 19:41:40.268431,38138,513,0.864
ICAO24_00035,WP007,16.8074,79.9307,2023-11-23 01:46:40.268431,19563,238,0.449
ICAO24_00002,HYD,17.385,78.4867,2023-11-23 02:50:40.268431,29759,433,0.588
ICAO24_00023,WP009,16.614867,80.412033,2023-11-23 04:57:40.268431,24369,522,0.699
ICAO24_00002,VGA,16.5186,80.6527,2023-11-21 23:35:40.268499,36448,479,0.314
ICAO24_00037,WP007,16.8074,79.9307,2023-11-22 02:30:40.268499,39022,261,0.999
ICAO24_00013,WP007,16.8074,79.9307,2023-11-22 19:43:40.268499,15762,438,0.236
ICAO24_00017,VGA,16.5186,80.6527,2023-11-22 03:44:40.268499,36401,254,0.148
ICAO24_00016,WP009,16.614867,80.412033,2023-11-22 11:51:40.268499,24537,398,0.205
ICAO24_00047,WP006,16.903667,79.690033,2023-11-22 05:35:40.268499,34824,403,0.563
ICAO24_00015,WP004,17.0962,79.2087,2023-11-22 16:19:40.268499,18246,293,0.678
ICAO24_00017,WP005,16.999933,79.449367,2023-11-22 18:39:40.268499,28852,507,0.609
ICAO24_00011,WP003,17.192467,78.968033,2023-11-22 04:27:40.268499,31074,303,0.712
ICAO24_00009,WP004,17.0962,79.2087,2023-11-22 13:39:40.268499,24723,341,0.272
ICAO24_00036,HYD,17.385,78.4867,2023-11-22 00:11:40.268499,17138,389,0.346
ICAO24_00027,WP008,16.711133,80.171367,2023-11-22 04:13:40.268499,30504,274,0.225
ICAO24_00028,WP008,16.711133,80.171367,2023-11-22 04:35:40.268499,16945,274,0.75
ICAO24_00036,WP003,17.192467,78.968033,2023-11-21 09:29:40.268605,36532,263,0.388
ICAO24_00000,WP009,16.614867,80.412033,2023-11-21 14:32:40.268605,35509,534,0.397
ICAO24_00044,WP003,17.192467,78.968033,2023-11-21 12:50:40.268605,28509,207,0.196
ICAO24_00031,VGA,16.5186,80.6527,2023-11-21 08:15:40.268605,25965,465,0.218
ICAO24_00036,WP009,16.614867,80.412033,2023-11-21 08:30:40.268605,20634,447,0.425
ICAO24_00049,WP002,17.288733,78.727367,2023-11-21 01:54:40.268605,35255,225,0.066
ICAO24_00019,WP006,16.903667,79.690033,2023-11-21 10:33:40.268605,35828,327,0.229
ICAO24_00034,WP009,16.614867,80.412033,2023-11-21 00:52:40.268605,33669,295,0.806
ICAO24_00035,WP007,16.8074,79.9307,2023-11-20 08:46:40.268674,20819,329,0.55
ICAO24_00041,HYD,17.385,78.4867,2023-11-20 17:33:40.268674,39156,342,0.094
ICAO24_00031,WP002,17.288733,78.727367,2023-11-20 14:22:40.268674,31094,322,0.07
ICAO24_00045,WP009,16.614867,80.412033,2023-11-20 10:30:40.268674,17152,324,0.303
ICAO24_00041,WP008,16.711133,80.171367,2023-11-20 06:03:40.268674,29693,380,0.957
ICAO24_00048,WP008,16.711133,80.171367,2023-11-20 11:01:40.268674,17191,384,0.125
ICAO24_00003,WP004,17.0962,79.2087,2023-11-20 13:03:40.268674,23873,320,0.108
ICAO24_00044,WP008,16.711133,80.171367,2023-11-19 02:21:40.268743,31283,520,0.689
ICAO24_00007,VGA,16.5186,80.6527,2023-11-19 02:36:40.268743,32049,344,0.721
ICAO24_00026,WP007,16.8074,79.9307,2023-11-19 17:05:40.268743,23409,280,0.465
ICAO24_00011,WP002,17.288733,78.727367,2023-11-19 03:38:40.268743,24240,445,0.788
ICAO24_00001,WP002,17.288733,78.727367,2023-11-18 20:16:40.268743,36759,516,0.023
ICAO24_00026,WP005,16.999933,79.449367,2023-11-19 16:10:40.268743,22187,513,0.903
ICAO24_00019,WP007,16.8074,79.9307,2023-11-19 05:02:40.268743,20746,205,0.613
ICAO24_00000,WP002,17.288733,78.727367,2023-11-19 05:57:40.268743,38459,439,0.529
ICAO24_00010,VGA,16.5186,80.6527,2023-11-19 13:55:40.268743,33669,259,0.33
ICAO24_00023,HYD,17.385,78.4867,2023-11-19 06:15:40.268743,35730,237,0.885
ICAO24_00043,WP006,16.903667,79.690033,2023-11-19 14:54:40.268743,17963,359,0.144
ICAO24_00004,WP005,16.999933,79.449367,2023-11-19 14:08:40.268743,15445,464,0.159
ICAO24_00031,WP002,17.288733,78.727367,2023-11-18 11:17:40.268842,18760,278,0.423
ICAO24_00007,WP002,17.288733,78.727367,2023-11-18 11:25:40.268842,38331,233,0.388
ICAO24_00036,WP008,16.711133,80.171367,2023-11-18 20:00:40.268842,17942,210,0.152
ICAO24_00019,WP007,16.8074,79.9307,2023-11-18 17:40:40.268842,33957,352,0.408
ICAO24_00032,WP005,16.999933,79.449367,2023-11-18 14:03:40.268842,28547,387,0.176
ICAO24_00006,WP002,17.288733,78.727367,2023-11-16 23:26:40.268895,23192,296,0.995
ICAO24_00049,HYD,17.385,78.4867,2023-11-16 22:48:40.268895,39472,531,0.929
ICAO24_00016,WP002,17.288733,78.727367,2023-11-17 05:52:40.268895,29318,570,0.178
ICAO24_00009,WP008,16.711133,80.171367,2023-11-17 06:20:40.268895,32461,447,0.865
ICAO24_00013,WP003,17.192467,78.968033,2023-11-17 10:26:40.268895,29816,378,0.359
ICAO24_00007,WP008,16.711133,80.171367,2023-11-16 21:24:40.268895,39723,349,0.955
ICAO24_00001,WP005,16.999933,79.449367,2023-11-17 00:54:40.268895,33580,357,0.722
ICAO24_00017,VGA,16.5186,80.6527,2023-11-17 07:09:40.268895,25725,468,0.986
ICAO24_00005,WP003,17.192467,78.968033,2023-11-17 08:36:40.268895,36418,443,0.577
ICAO24_00013,WP002,17.288733,78.727367,2023-11-17 13:23:40.268895,37645,541,0.442
ICAO24_00019,VGA,16.5186,80.6527,2023-11-16 14:50:40.268977,21915,248,0.692
ICAO24_00038,VGA,16.5186,80.6527,2023-11-15 22:48:40.268977,16213,413,0.944
ICAO24_00012,WP007,16.8074,79.9307,2023-11-15 20:23:40.268977,24088,225,0.304
ICAO24_00046,WP009,16.614867,80.412033,2023-11-16 06:47:40.268977,22288,364,0.888
ICAO24_00020,WP003,17.192467,78.968033,2023-11-16 03:03:40.268977,39020,538,0.321
ICAO24_00018,VGA,16.5186,80.6527,2023-11-16 12:52:40.268977,28960,530,0.267
ICAO24_00016,WP005,16.999933,79.449367,2023-11-16 12:57:40.268977,26820,229,0.718
ICAO24_00003,WP003,17.192467,78.968033,2023-11-16 15:20:40.268977,35472,545,0.953
ICAO24_00024,WP004,17.0962,79.2087,2023-11-15 04:03:40.269058,29633,315,0.44
ICAO24_00005,VGA,16.5186,80.6527,2023-11-15 12:55:40.269058,15348,472,0.797
ICAO24_00038,WP008,16.711133,80.171367,2023-11-15 07:38:40.269058,34372,304,0.976
ICAO24_00040,WP005,16.999933,79.449367,2023-11-15 06:04:40.269058,32455,287,0.71
ICAO24_00031,WP003,17.192467,78.968033,2023-11-15 05:50:40.269058,33318,253,0.677
ICAO24_00014,WP002,17.288733,78.727367,2023-11-15 06:53:40.269058,24478,328,0.434
ICAO24_00020,HYD,17.385,78.4867,2023-11-15 08:59:40.269058,34340,305,0.132
ICAO24_00018,WP007,16.8074,79.9307,2023-11-15 01:20:40.269058,39307,505,0.49
ICAO24_00017,WP007,16.8074,79.9307,2023-11-13 20:32:40.269178,21783,547,0.811
ICAO24_00005,HYD,17.385,78.4867,2023-11-14 00:06:40.269178,18693,372,0.356
ICAO24_00039,HYD,17.385,78.4867,2023-11-14 15:04:40.269178,21564,308,0.345
ICAO24_00044,WP004,17.0962,79.2087,2023-11-14 08:12:40.269178,31857,266,0.251
ICAO24_00007,WP003,17.192467,78.968033,2023-11-14 02:46:40.269178,39614,379,0.853
ICAO24_00049,WP005,16.999933,79.449367,2023-11-13 17:41:40.269259,39541,454,0.152
ICAO24_00035,VGA,16.5186,80.6527,2023-11-13 08:20:40.269259,15467,492,0.469
ICAO24_00047,WP007,16.8074,79.9307,2023-11-13 05:56:40.269259,25053,503,0.493
ICAO24_00048,WP002,17.288733,78.727367,2023-11-12 22:20:40.269259,15493,415,0.89
ICAO24_00023,WP002,17.288733,78.727367,2023-11-12 22:28:40.269259,19609,532,0.886
ICAO24_00015,WP009,16.614867,80.412033,2023-11-13 08:07:40.269259,37502,374,0.931
ICAO24_00006,WP002,17.288733,78.727367,2023-11-13 09:58:40.269259,39473,450,0.361
ICAO24_00002,WP007,16.8074,79.9307,2023-11-12 23:57:40.269259,31878,241,0.333
ICAO24_00022,HYD,17.385,78.4867,2023-11-13 14:40:40.269259,24773,230,0.475
ICAO24_00027,VGA,16.5186,80.6527,2023-11-13 14:40:40.269259,35050,491,0.173
ICAO24_00048,WP002,17.288733,78.727367,2023-11-13 02:19:40.269259,15315,240,0.058
ICAO24_00008,WP007,16.8074,79.9307,2023-11-11 23:21:40.269400,28274,202,0.849
ICAO24_00040,WP008,16.711133,80.171367,2023-11-12 09:29:40.269400,18718,371,0.692
ICAO24_00047,WP003,17.192467,78.968033,2023-11-12 06:04:40.269400,21135,309,0.306
ICAO24_00004,WP009,16.614867,80.412033,2023-11-12 04:10:40.269400,16759,205,0.898
ICAO24_00037,VGA,16.5186,80.6527,2023-11-12 03:28:40.269400,16291,235,0.6
ICAO24_00046,VGA,16.5186,80.6527,2023-11-12 18:01:40.269400,27476,375,0.532
ICAO24_00037,WP007,16.8074,79.9307,2023-11-12 06:07:40.269400,35816,442,0.354
ICAO24_00028,WP006,16.903667,79.690033,2023-11-12 03:49:40.269400,18712,600,0.282
ICAO24_00015,WP007,16.8074,79.9307,2023-11-12 04:44:40.269400,28528,500,0.881
ICAO24_00027,WP009,16.614867,80.412033,2023-11-11 22:36:40.269400,20643,474,0.623
ICAO24_00048,WP008,16.711133,80.171367,2023-11-12 06:04:40.269400,38437,595,0.964
ICAO24_00041,WP004,17.0962,79.2087,2023-11-12 12:44:40.269400,29975,232,0.145
ICAO24_00019,WP002,17.288733,78.727367,2023-11-11 11:10:40.269584,25931,286,0.492
ICAO24_00046,WP003,17.192467,78.968033,2023-11-11 19:13:40.269584,26738,295,0.349
ICAO24_00044,WP009,16.614867,80.412033,2023-11-11 02:22:40.269584,34157,547,0.869
ICAO24_00040,HYD,17.385,78.4867,2023-11-11 08:19:40.269584,26826,223,0.627
ICAO24_00046,WP009,16.614867,80.412033,2023-11-11 08:08:40.269584,19432,410,0.045
ICAO24_00046,WP002,17.288733,78.727367,2023-11-11 17:22:40.269584,24813,276,0.665
ICAO24_00026,WP007,16.8074,79.9307,2023-11-11 01:20:40.269584,27176,497,0.718
ICAO24_00012,WP009,16.614867,80.412033,2023-11-11 14:57:40.269584,25866,357,0.852
ICAO24_00046,WP002,17.288733,78.727367,2023-11-10 18:41:40.269695,25060,442,0.075
ICAO24_00000,WP006,16.903667,79.690033,2023-11-10 07:11:40.269695,34739,409,0.019
ICAO24_00016,HYD,17.385,78.4867,2023-11-10 14:59:40.269695,28146,477,0.462
ICAO24_00037,WP009,16.614867,80.412033,2023-11-10 02:43:40.269695,19089,236,0.751
ICAO24_00008,WP007,16.8074,79.9307,2023-11-10 13:39:40.269695,22619,562,0.119
ICAO24_00046,WP002,17.288733,78.727367,2023-11-10 14:29:40.269695,16807,597,0.629
ICAO24_00005,WP007,16.8074,79.9307,2023-11-10 00:33:40.269695,30604,435,0.748
ICAO24_00026,WP002,17.288733,78.727367,2023-11-10 06:39:40.269695,35369,373,0.022
ICAO24_00044,HYD,17.385,78.4867,2023-11-10 09:48:40.269695,22889,561,0.385
ICAO24_00004,WP005,16.999933,79.449367,2023-11-10 10:05:40.269695,19109,257,0.688
ICAO24_00005,WP003,17.192467,78.968033,2023-11-09 20:19:40.269695,34550,505,0.073
ICAO24_00023,WP002,17.288733,78.727367,2023-11-09 08:17:40.269876,38285,338,0.084
ICAO24_00014,WP004,17.0962,79.2087,2023-11-09 05:51:40.269876,39178,234,0.1
ICAO24_00033,WP006,16.903667,79.690033,2023-11-09 10:02:40.269876,16098,591,0.601
ICAO24_00048,HYD,17.385,78.4867,2023-11-09 07:46:40.269876,35177,579,0.932
ICAO24_00047,WP009,16.614867,80.412033,2023-11-09 08:33:40.269876,21931,220,0.38
ICAO24_00011,WP005,16.999933,79.449367,2023-11-09 04:59:40.269876,33065,458,0.261
ICAO24_00033,WP009,16.614867,80.412033,2023-11-09 15:47:40.269876,15979,582,0.329
ICAO24_00048,WP006,16.903667,79.690033,2023-11-09 15:24:40.269876,39464,387,0.455
ICAO24_00039,WP004,17.0962,79.2087,2023-11-09 05:23:40.269876,34229,296,0.934
ICAO24_00016,WP006,16.903667,79.690033,2023-11-09 16:00:40.269876,17344,557,0.32
ICAO24_00028,WP004,17.0962,79.2087,2023-11-09 02:07:40.269876,36298,431,0.428
ICAO24_00041,WP007,16.8074,79.9307,2023-11-09 05:00:40.269876,18916,231,0.241
ICAO24_00004,WP002,17.288733,78.727367,2023-11-09 02:27:40.269876,32540,231,0.719
ICAO24_00009,HYD,17.385,78.4867,2023-11-09 00:22:40.269876,34190,483,0.962
ICAO24_00031,WP008,16.711133,80.171367,2023-11-08 10:07:40.270076,26948,421,0.345
ICAO24_00031,WP008,16.711133,80.171367,2023-11-08 04:08:40.270076,22882,412,0.965
ICAO24_00043,HYD,17.385,78.4867,2023-11-07 22:42:40.270076,31418,433,0.942
ICAO24_00027,WP007,16.8074,79.9307,2023-11-08 06:49:40.270076,22571,452,0.881
ICAO24_00039,WP008,16.711133,80.171367,2023-11-07 20:50:40.270076,34664,202,0.844
ICAO24_00020,WP006,16.903667,79.690033,2023-11-08 15:20:40.270076,16727,485,0.612
ICAO24_00047,VGA,16.5186,80.6527,2023-11-08 18:04:40.270076,27591,558,0.229
ICAO24_00014,WP005,16.999933,79.449367,2023-11-08 13:21:40.270076,29846,453,0.886
ICAO24_00009,WP009,16.614867,80.412033,2023-11-07 20:36:40.270076,39488,268,0.288
ICAO24_00024,WP007,16.8074,79.9307,2023-11-08 03:35:40.270076,31737,217,0.87
ICAO24_00033,HYD,17.385,78.4867,2023-11-07 22:35:40.270076,34418,577,0.074
ICAO24_00015,WP003,17.192467,78.968033,2023-11-08 19:44:40.270076,33548,393,0.488
ICAO24_00022,WP009,16.614867,80.412033,2023-11-08 05:31:40.270076,21637,467,0.809
ICAO24_00032,WP009,16.614867,80.412033,2023-11-07 21:19:40.270076,33023,305,0.304
ICAO24_00014,WP007,16.8074,79.9307,2023-11-08 10:03:40.270076,19849,385,0.25
ICAO24_00005,WP004,17.0962,79.2087,2023-11-07 11:19:40.270468,39904,225,0.645
ICAO24_00011,VGA,16.5186,80.6527,2023-11-07 17:36:40.270468,33076,394,0.53
ICAO24_00006,WP003,17.192467,78.968033,2023-11-07 14:56:40.270468,26089,362,0.375
ICAO24_00038,HYD,17.385,78.4867,2023-11-07 15:24:40.270468,22540,577,0.506
ICAO24_00048,WP008,16.711133,80.171367,2023-11-07 06:35:40.270468,15807,570,0.263
ICAO24_00031,VGA,16.5186,80.6527,2023-11-07 02:08:40.270468,27053,449,0.548
ICAO24_00040,WP007,16.8074,79.9307,2023-11-07 19:53:40.270468,23860,237,0.115
ICAO24_00010,WP006,16.903667,79.690033,2023-11-06 04:59:40.270567,34251,436,0.306
ICAO24_00000,VGA,16.5186,80.6527,2023-11-06 09:10:40.270567,24569,475,0.501
ICAO24_00040,WP007,16.8074,79.9307,2023-11-06 13:03:40.270567,34571,476,0.038
ICAO24_00001,WP005,16.999933,79.449367,2023-11-06 18:25:40.270567,21777,417,0.24
ICAO24_00014,WP007,16.8074,79.9307,2023-11-06 18:51:40.270567,16236,248,0.408
ICAO24_00046,VGA,16.5186,80.6527,2023-11-05 22:26:40.270567,25198,539,0.576
ICAO24_00038,WP002,17.288733,78.727367,2023-11-06 10:36:40.270567,37848,325,0.472
ICAO24_00012,WP002,17.288733,78.727367,2023-11-06 04:24:40.270567,16887,332,0.356
ICAO24_00023,HYD,17.385,78.4867,2023-11-06 09:36:40.270567,31890,536,0.455
ICAO24_00038,WP002,17.288733,78.727367,2023-11-06 19:49:40.270567,15102,267,0.594
ICAO24_00001,WP004,17.0962,79.2087,2023-11-06 09:46:40.270567,36335,334,0.378
ICAO24_00007,WP003,17.192467,78.968033,2023-11-06 14:19:40.270567,30016,321,0.524
ICAO24_00045,VGA,16.5186,80.6527,2023-11-05 06:00:40.270710,33191,486,0.378
ICAO24_00011,WP009,16.614867,80.412033,2023-11-05 03:22:40.270710,18063,564,0.932
ICAO24_00023,WP002,17.288733,78.727367,2023-11-05 15:07:40.270710,16275,305,0.183
ICAO24_00018,WP005,16.999933,79.449367,2023-11-05 02:22:40.270710,36328,455,0.105
ICAO24_00043,WP008,16.711133,80.171367,2023-11-05 04:59:40.270710,35366,561,0.826
ICAO24_00043,WP006,16.903667,79.690033,2023-11-05 19:24:40.270710,26108,445,0.751
ICAO24_00013,WP002,17.288733,78.727367,2023-11-05 01:48:40.270710,26165,430,0.327
ICAO24_00039,HYD,17.385,78.4867,2023-11-05 01:36:40.270710,35701,356,0.718
ICAO24_00044,WP008,16.711133,80.171367,2023-11-05 10:10:40.270710,33797,592,0.083
ICAO24_00048,HYD,17.385,78.4867,2023-11-04 15:47:40.270794,23837,331,0.349
ICAO24_00048,WP004,17.0962,79.2087,2023-11-03 20:03:40.270794,25399,449,0.761
ICAO24_00013,WP007,16.8074,79.9307,2023-11-04 02:09:40.270794,34684,251,0.352
ICAO24_00036,WP004,17.0962,79.2087,2023-11-04 04:04:40.270794,20136,527,0.1
ICAO24_00048,WP003,17.192467,78.968033,2023-11-04 09:25:40.270794,36729,432,0.105
ICAO24_00026,WP007,16.8074,79.9307,2023-11-04 06:14:40.270794,39697,522,0.217
ICAO24_00022,HYD,17.385,78.4867,2023-11-04 06:13:40.270794,26485,472,0.661
ICAO24_00024,WP002,17.288733,78.727367,2023-11-03 20:17:40.270794,37364,487,0.934
ICAO24_00002,WP009,16.614867,80.412033,2023-11-04 16:21:40.270794,25154,598,0.478
