FlightID,AircraftType,FuelPlanned,FuelActual,RouteAdherence,PerformanceRating,GoAround,WeatherConditions,PilotEfficiency,OptimizedOperation
1,A350,1.25,3.6,6.24,2.34,Yes,Fog,8.86,Yes
2,B737,8.68,7.94,0.48,3.01,No,Fog,8.9,No
3,A350,0.27,7.69,7.32,7.28,No,Rain,9.62,No
4,B787,4.81,2.18,8.68,9.89,No,Snow,4.45,No
5,A320,1.1,4.46,5.99,7.06,Yes,Thunderstorm,8.01,No
6,B737,1.27,5.96,5.04,8.79,No,Clear,2.54,No
7,A320,4.2,9.84,1.49,1.66,No,Rain,1.34,Yes
8,B787,1.07,1.06,1.82,3.22,Yes,Fog,0.37,Yes
9,B787,2.46,2.5,1.97,7.49,No,Snow,7.17,Yes
10,A380,9.73,4.79,3.51,1.85,No,Thunderstorm,6.5,Yes
11,B737,8.37,8.1,9.06,0.04,No,Rain,6.63,No
12,A320,3.08,8.7,4.9,5.66,Yes,Snow,5.52,No
13,B787,9.22,2.91,8.49,0.81,No,Snow,4.55,Yes
14,A350,8.37,8.94,4.08,6.79,Yes,Fog,1.34,No
15,A320,4.98,0.88,1.12,7.16,Yes,Thunderstorm,5.91,No
16,B787,3.14,4.21,1.07,8.14,Yes,Fog,0.04,No
17,B737,2.61,4.16,3.08,9.12,No,Clear,5.85,No
18,B737,6.11,1.35,8.94,3.72,No,Rain,1.8,No
19,A320,9.8,8.12,7.74,2.98,No,Rain,0.04,Yes
20,B737,3.76,8.22,8.99,8.7,No,Thunderstorm,9.07,No
21,B787,8.88,7.4,7.05,8.05,Yes,Thunderstorm,2.75,No
22,B737,8.76,7.66,9.98,1.1,No,Thunderstorm,9.93,No
23,A350,0.34,0.55,4.86,0.69,Yes,Thunderstorm,4.98,Yes
24,B737,6.36,7.15,8.18,1.71,Yes,Fog,9.81,Yes
25,B737,2.93,8.27,7.89,5.18,Yes,Thunderstorm,6.41,No
26,B787,2.77,1.25,8.32,6.99,Yes,Fog,1.76,No
27,A320,7.63,0.76,8.82,2.99,No,Snow,6.72,No
28,B737,6.54,2.23,6.61,4.2,No,Clear,4.13,No
29,A380,6.85,2.42,8.83,9.32,Yes,Fog,8.84,Yes
30,B787,2.41,6.46,3.55,4.12,Yes,Snow,8.9,Yes
31,B737,5.74,0.89,0.44,5.42,Yes,Snow,6.67,Yes
32,A350,8.51,4.37,9.22,3.98,No,Thunderstorm,2.6,No
33,A320,3.32,8.98,8.54,4.93,Yes,Thunderstorm,2.21,Yes
34,A320,8.11,4.62,1.78,3.33,Yes,Fog,5.18,Yes
35,A350,0.32,9.55,9.88,7.92,No,Thunderstorm,6.62,Yes
36,B787,0.76,3.65,6.33,8.45,Yes,Clear,2.82,Yes
37,A320,6.45,6.35,9.47,8.45,Yes,Fog,5.27,Yes
38,B737,6.75,3.22,4.02,3.0,No,Fog,5.57,Yes
39,A320,3.0,7.12,9.48,4.61,Yes,Fog,5.89,No
40,A380,1.03,3.81,7.39,4.62,No,Thunderstorm,9.79,Yes
41,A350,7.35,1.03,8.41,1.62,No,Rain,2.42,No
42,A350,6.86,5.76,2.42,0.37,No,Fog,2.98,No
43,A320,0.98,1.94,1.09,3.33,Yes,Clear,5.34,Yes
44,B737,9.14,1.82,3.03,7.82,No,Snow,2.34,Yes
45,B787,7.94,8.8,6.32,6.12,Yes,Clear,7.42,Yes
46,B737,7.79,1.36,7.87,0.37,Yes,Snow,0.99,No
47,B737,4.29,8.83,3.52,0.69,No,Fog,2.48,Yes
48,A320,5.11,8.01,5.04,7.85,Yes,Snow,0.1,No
49,B737,0.07,4.17,3.49,6.89,Yes,Fog,2.36,No
50,A320,6.94,5.04,4.59,1.05,Yes,Snow,4.42,Yes
51,A320,7.5,2.07,3.61,6.94,Yes,Thunderstorm,4.8,Yes
52,A320,4.74,2.31,6.77,6.12,No,Snow,1.85,Yes
53,B737,4.1,8.23,9.62,5.4,Yes,Rain,9.24,No
54,B787,1.79,0.1,9.74,9.09,No,Fog,8.72,Yes
55,A320,4.48,9.13,5.77,2.21,No,Rain,0.79,Yes
56,A380,3.5,5.46,8.73,3.23,Yes,Snow,2.72,Yes
57,A380,2.56,5.3,3.97,9.21,No,Clear,9.67,No
58,A380,9.91,8.29,2.97,4.68,Yes,Fog,2.84,No
59,A380,0.65,5.96,8.91,4.8,Yes,Thunderstorm,6.0,Yes
60,A320,9.39,1.22,6.41,6.24,Yes,Rain,0.27,No
61,B787,9.5,1.45,1.95,0.23,Yes,Snow,3.94,Yes
62,A380,9.89,7.27,3.8,4.03,No,Thunderstorm,7.12,Yes
63,B737,8.54,5.34,5.79,7.57,No,Fog,5.06,No
64,A320,6.82,2.09,5.37,2.42,Yes,Thunderstorm,7.39,No
65,A320,3.07,5.77,5.77,7.81,Yes,Fog,6.79,Yes
66,A350,0.96,3.01,4.89,3.85,No,Snow,6.86,Yes
67,A350,6.81,4.48,8.4,1.86,No,Clear,6.95,Yes
68,A350,3.45,8.18,7.02,9.88,No,Snow,9.2,Yes
69,B787,9.13,9.01,6.85,6.33,Yes,Rain,7.83,Yes
70,B787,7.33,3.06,9.26,5.2,No,Rain,3.26,No
71,B787,4.61,1.7,2.01,8.17,No,Rain,8.78,No
72,B737,3.74,5.33,5.02,9.75,No,Rain,6.32,Yes
73,B737,6.53,0.91,8.54,9.0,No,Clear,0.21,No
74,A380,7.72,5.09,3.18,4.04,No,Clear,3.78,No
75,B787,9.27,0.62,5.93,5.21,No,Snow,0.55,Yes
76,A380,2.71,7.5,8.27,4.73,Yes,Rain,0.62,No
77,A350,9.58,9.81,1.27,6.95,No,Snow,9.46,Yes
78,A380,3.04,2.06,4.25,4.19,No,Thunderstorm,8.71,Yes
79,A380,3.98,3.1,3.9,2.26,No,Clear,4.02,No
80,B787,3.45,4.51,0.26,8.49,Yes,Rain,3.71,Yes
81,B737,0.87,9.22,2.18,1.09,Yes,Clear,5.64,No
82,B737,6.15,8.33,1.81,1.3,Yes,Rain,0.77,No
83,A380,4.56,5.22,0.35,4.51,Yes,Thunderstorm,8.67,Yes
84,B737,4.13,3.68,8.03,4.69,Yes,Rain,7.14,No
85,B787,9.46,3.33,1.82,6.34,Yes,Thunderstorm,4.02,No
86,A380,9.46,2.48,1.84,2.7,No,Clear,1.33,Yes
87,B737,5.34,1.13,5.69,6.12,Yes,Rain,9.55,No
88,B737,0.99,3.44,8.56,3.24,Yes,Fog,8.55,Yes
89,A320,3.7,2.86,7.09,8.98,Yes,Fog,4.18,No
90,A320,2.37,9.2,6.76,2.7,Yes,Clear,0.22,No
91,B737,0.18,1.13,0.22,5.53,No,Clear,0.71,No
92,A320,3.6,6.65,7.67,8.35,Yes,Rain,3.55,No
93,A350,1.32,4.54,7.88,4.42,No,Snow,8.26,No
94,A380,6.14,4.08,7.83,8.74,No,Snow,3.74,Yes
95,B787,6.44,0.97,3.97,0.86,Yes,Fog,2.44,No
96,A380,9.34,5.32,0.36,4.19,Yes,Clear,0.23,Yes
97,A320,0.78,3.76,7.74,7.71,No,Clear,8.25,No
98,A380,5.8,7.23,7.4,4.01,Yes,Rain,1.44,Yes
99,B787,9.27,1.11,0.48,1.01,Yes,Fog,8.98,Yes
100,A380,1.06,7.35,4.12,3.0,No,Rain,6.34,Yes
101,A320,3.39,0.03,5.09,4.62,Yes,Clear,7.48,No
102,A350,2.27,4.54,5.89,7.1,No,Thunderstorm,3.47,Yes
103,B787,8.26,2.24,8.94,6.35,No,Fog,4.2,No
104,B737,6.08,2.36,8.15,4.73,Yes,Thunderstorm,2.42,No
105,B737,1.54,2.18,4.58,0.04,No,Thunderstorm,7.94,No
106,B737,6.94,3.01,0.8,4.81,No,Rain,6.06,Yes
107,A320,9.45,4.14,7.28,1.08,Yes,Snow,1.51,No
108,B737,8.66,0.8,6.99,7.63,Yes,Thunderstorm,6.24,Yes
109,A380,1.65,5.83,3.86,1.39,No,Snow,8.37,Yes
110,A350,4.28,5.5,0.51,0.55,No,Clear,9.85,No
111,A320,7.0,0.59,8.19,5.76,Yes,Clear,5.56,No
112,B737,3.16,4.12,0.2,0.59,No,Clear,5.4,No
113,B737,2.82,3.7,9.03,3.87,Yes,Thunderstorm,7.34,Yes
114,A350,8.28,0.55,1.32,3.09,Yes,Clear,3.97,No
115,B737,5.24,4.6,6.95,8.2,Yes,Clear,9.3,No
116,A380,6.82,5.86,2.96,7.45,Yes,Clear,1.72,Yes
117,A320,5.61,3.75,1.04,4.45,No,Thunderstorm,5.04,Yes
118,A320,6.39,0.03,7.69,4.45,Yes,Clear,2.4,Yes
119,B787,7.19,6.57,3.42,3.71,No,Rain,7.22,No
120,A350,8.42,6.07,7.99,0.57,No,Snow,4.22,No
121,A350,1.87,6.12,2.81,2.72,No,Fog,2.34,No
122,A320,8.67,8.56,0.75,5.57,No,Snow,6.98,No
123,A380,2.91,4.54,7.52,4.32,No,Rain,7.35,No
124,A350,6.92,4.39,0.64,2.43,No,Fog,1.99,Yes
125,B737,2.66,9.18,3.82,5.7,No,Clear,9.84,Yes
126,B787,1.31,2.77,0.62,5.3,Yes,Snow,7.46,No
127,B787,1.14,5.96,8.89,5.94,Yes,Rain,2.1,No
128,A320,4.61,8.97,6.8,4.62,Yes,Rain,4.47,No
129,B737,8.3,0.84,8.83,3.13,No,Thunderstorm,1.53,Yes
130,B787,6.64,8.31,9.96,9.68,Yes,Fog,7.37,Yes
131,B787,6.46,9.13,6.58,6.21,No,Clear,6.61,No
132,A320,2.4,3.56,0.93,8.34,Yes,Thunderstorm,6.11,Yes
133,B737,8.35,2.5,9.73,0.17,No,Snow,5.73,No
134,A320,6.78,0.62,1.66,4.19,Yes,Thunderstorm,7.35,No
135,A320,9.98,1.71,5.18,4.27,No,Snow,8.04,Yes
136,A320,4.57,4.23,8.58,5.15,Yes,Snow,8.64,No
137,B787,0.07,8.7,4.16,7.78,No,Thunderstorm,0.38,Yes
138,A320,8.67,6.61,0.68,2.97,No,Rain,4.37,No
139,B737,5.26,7.79,4.61,2.4,Yes,Thunderstorm,0.74,Yes
140,A350,4.06,4.35,1.96,5.89,No,Fog,0.1,No
141,B737,5.15,2.57,4.97,5.24,Yes,Clear,1.05,No
142,B737,4.23,6.86,9.61,0.92,No,Clear,9.82,No
143,B787,7.12,8.19,9.66,3.65,No,Thunderstorm,2.59,Yes
144,B787,4.08,8.19,5.77,6.99,Yes,Clear,7.48,No
145,A320,3.27,4.97,2.8,9.44,No,Thunderstorm,2.14,Yes
146,A350,9.57,1.16,1.65,0.22,Yes,Rain,2.3,Yes
147,B787,0.94,1.58,4.1,3.6,No,Fog,1.18,Yes
148,B787,2.5,3.88,3.56,0.37,No,Thunderstorm,9.53,No
149,A350,8.39,7.53,5.03,1.84,Yes,Rain,6.23,Yes
150,A380,1.01,3.35,3.44,9.28,Yes,Snow,0.52,No
151,B737,4.25,4.71,9.26,5.61,No,Clear,6.78,No
152,B787,9.88,8.79,6.11,7.94,Yes,Fog,3.63,Yes
153,B737,5.74,5.63,5.47,8.61,No,Rain,4.13,No
154,A380,1.42,2.54,9.57,1.84,Yes,Fog,8.68,No
155,A350,2.31,0.31,2.93,2.78,No,Thunderstorm,4.42,Yes
156,A350,8.83,7.07,4.35,7.63,No,Rain,9.12,Yes
157,A380,1.2,3.27,1.79,6.33,Yes,Thunderstorm,9.12,Yes
158,A320,7.75,4.1,1.0,4.62,Yes,Rain,9.51,No
159,A320,2.38,2.59,0.22,5.41,No,Fog,0.03,Yes
160,A320,4.01,1.54,5.92,8.33,Yes,Clear,8.24,Yes
161,A320,3.85,4.98,2.93,5.41,Yes,Rain,1.52,No
162,B787,6.79,0.93,1.59,2.58,Yes,Snow,7.72,Yes
163,B737,0.69,9.83,4.85,8.62,Yes,Fog,5.46,Yes
164,B787,7.14,5.99,8.17,9.97,Yes,Rain,6.73,Yes
165,B787,6.84,7.05,8.34,4.54,Yes,Snow,1.04,No
166,A380,0.91,0.77,8.37,9.84,No,Fog,9.2,No
167,A380,7.81,1.45,7.58,7.1,Yes,Rain,3.86,No
168,A350,4.21,6.43,5.91,0.27,Yes,Snow,9.58,No
169,B787,2.61,7.18,0.81,7.87,No,Snow,5.1,Yes
170,A320,6.66,4.42,3.8,5.61,Yes,Snow,9.88,No
171,B787,3.1,1.96,9.06,1.46,No,Fog,6.26,No
172,A380,9.09,5.62,6.76,4.12,No,Fog,1.61,Yes
173,A320,8.18,8.07,0.87,0.32,Yes,Rain,6.04,No
174,A320,6.66,4.02,2.17,4.81,No,Rain,3.06,No
175,B737,7.13,9.79,6.33,0.67,No,Rain,1.53,Yes
176,B787,1.72,0.28,7.28,4.11,Yes,Thunderstorm,6.44,No
177,B787,2.18,8.3,6.23,7.64,No,Thunderstorm,5.52,Yes
178,B787,1.08,6.71,2.31,6.99,Yes,Snow,2.97,Yes
179,B737,1.35,3.51,6.6,6.08,Yes,Fog,4.74,No
180,A380,2.08,7.12,8.43,0.18,No,Snow,3.15,No
181,B737,6.79,9.49,0.59,9.04,No,Fog,6.02,No
182,A380,0.7,4.61,6.63,1.49,No,Fog,3.09,No
183,A380,6.44,6.85,5.65,5.75,No,Rain,4.88,No
184,A350,7.3,1.48,4.37,0.25,No,Fog,9.79,Yes
185,A350,1.39,7.06,2.54,9.24,Yes,Thunderstorm,8.5,No
186,B737,7.98,6.57,2.08,2.1,Yes,Thunderstorm,5.24,No
187,A320,0.31,0.82,3.03,3.11,No,Snow,9.58,No
188,A350,9.08,8.79,4.51,3.19,No,Thunderstorm,3.65,Yes
189,B787,5.21,4.79,5.59,3.1,Yes,Fog,4.65,Yes
190,A350,2.2,5.36,1.81,3.9,No,Clear,6.13,No
191,A350,3.01,6.39,5.35,9.0,No,Rain,1.31,Yes
192,B787,7.06,7.89,7.79,4.23,Yes,Rain,7.39,Yes
193,A350,3.44,6.95,6.49,1.02,Yes,Snow,7.45,No
194,B787,8.95,7.81,8.78,7.62,Yes,Snow,5.7,Yes
195,B737,2.48,3.34,0.36,5.08,No,Snow,0.04,Yes
196,B787,1.16,2.92,6.06,1.27,Yes,Fog,5.71,No
197,B737,9.7,5.97,8.98,4.37,No,Thunderstorm,2.34,No
198,B787,3.3,1.77,8.55,9.03,No,Snow,1.82,No
199,A380,5.26,8.64,6.22,6.24,No,Snow,1.34,Yes
200,A380,2.69,8.72,0.81,0.02,Yes,Rain,5.29,No
201,A350,4.3,7.5,9.47,9.75,No,Snow,8.89,No
202,A380,0.63,6.91,1.14,5.74,No,Fog,7.58,Yes
203,B787,8.8,3.22,6.16,1.27,Yes,Rain,1.07,Yes
204,B737,1.88,9.83,1.58,1.22,No,Rain,5.38,No
205,A320,6.7,7.11,5.42,5.75,No,Thunderstorm,5.45,No
206,A350,9.09,8.67,2.35,7.58,Yes,Fog,5.87,No
207,A350,5.99,4.72,5.86,6.1,Yes,Fog,5.24,Yes
208,B737,0.36,1.72,3.11,2.6,No,Thunderstorm,2.47,No
209,A320,4.05,5.7,0.2,5.37,No,Snow,0.94,Yes
210,A350,9.77,8.57,9.49,3.78,Yes,Fog,5.32,No
211,A350,9.83,4.04,4.3,0.54,Yes,Clear,2.06,No
212,A380,1.07,1.4,5.42,9.74,No,Fog,5.13,Yes
213,B787,6.86,7.48,2.33,0.98,Yes,Fog,8.33,No
214,A320,9.73,6.32,9.55,5.91,Yes,Thunderstorm,2.64,No
215,B787,5.97,8.31,8.48,4.98,No,Snow,1.71,No
216,B737,3.18,2.85,4.18,1.57,Yes,Clear,7.0,No
217,A380,4.94,8.69,4.14,6.96,Yes,Clear,7.83,No
218,A380,1.87,6.09,2.03,0.87,Yes,Thunderstorm,8.06,Yes
219,A380,0.04,5.32,9.56,1.25,No,Snow,3.79,Yes
220,B787,4.62,3.93,0.82,9.07,No,Thunderstorm,8.25,No
221,A350,4.97,1.78,7.54,7.16,Yes,Fog,5.13,Yes
222,A320,2.91,0.72,1.55,5.46,Yes,Snow,0.04,Yes
223,A320,2.31,8.02,4.06,3.45,No,Fog,0.45,No
224,B737,7.83,9.9,5.9,9.42,No,Fog,2.01,Yes
225,B737,7.91,5.43,7.61,0.99,No,Clear,3.97,No
226,A380,0.43,8.78,6.68,5.34,No,Fog,0.73,Yes
227,A350,0.73,8.04,1.55,3.62,Yes,Clear,7.29,No
228,B737,6.24,7.89,3.11,4.25,No,Clear,8.34,No
229,B737,5.67,4.42,6.48,0.83,No,Snow,9.03,No
230,A380,6.88,7.76,2.16,6.24,Yes,Snow,2.98,Yes
231,A350,4.82,1.48,9.4,2.4,No,Fog,0.75,Yes
232,A380,7.06,7.43,0.85,5.1,Yes,Rain,3.05,No
233,B737,2.71,4.73,1.23,8.3,Yes,Fog,3.65,No
234,A350,8.21,2.2,3.29,7.95,Yes,Rain,7.88,Yes
235,A320,0.86,6.96,3.28,9.72,Yes,Clear,1.52,No
236,A320,6.87,7.54,4.55,8.63,No,Rain,9.75,No
237,A380,8.04,9.36,9.0,1.8,No,Fog,3.37,Yes
238,A350,2.66,9.58,0.74,3.41,No,Fog,3.85,No
239,A350,7.83,2.64,0.79,5.36,No,Fog,6.9,Yes
240,A380,4.59,2.0,6.87,0.54,Yes,Fog,7.23,No
241,A320,6.49,7.71,1.88,9.65,Yes,Snow,1.3,Yes
242,A320,0.87,7.14,8.46,4.9,No,Fog,6.28,Yes
243,B787,4.64,9.29,0.24,0.19,No,Rain,2.53,Yes
244,A320,4.93,5.69,8.13,5.15,Yes,Thunderstorm,1.8,Yes
245,B737,2.98,7.78,4.0,5.02,Yes,Clear,6.37,Yes
246,B737,8.38,9.07,4.91,9.06,Yes,Rain,8.99,No
247,A320,5.92,7.09,9.05,8.93,Yes,Clear,9.18,Yes
248,A380,4.06,8.84,4.16,7.49,Yes,Clear,3.27,Yes
249,B737,9.66,6.53,0.32,7.48,No,Clear,8.97,No
250,A380,4.26,0.37,9.54,3.67,Yes,Clear,5.75,Yes
251,A350,3.91,6.95,6.93,1.31,No,Clear,7.08,No
252,B787,5.26,1.66,3.31,8.63,No,Fog,7.36,Yes
253,A350,3.7,9.34,0.07,4.68,Yes,Thunderstorm,8.81,Yes
254,A320,1.42,3.62,0.08,9.1,No,Rain,8.85,Yes
255,A380,4.43,8.2,4.01,1.62,No,Fog,2.85,No
256,A380,2.4,6.48,4.82,5.32,No,Rain,5.38,Yes
257,B787,1.62,5.86,3.42,9.11,No,Fog,9.94,No
258,B787,1.78,6.26,5.65,8.41,No,Rain,3.66,No
259,A380,7.57,3.55,2.15,5.05,No,Fog,7.4,Yes
260,B737,2.56,2.8,4.51,3.16,Yes,Fog,4.11,No
261,A350,1.9,9.3,7.85,7.56,No,Rain,7.4,Yes
262,B787,5.01,2.1,8.15,1.27,No,Snow,9.37,Yes
263,A380,8.12,8.79,0.64,5.57,No,Fog,6.11,No
264,A320,0.11,4.14,9.53,7.13,No,Thunderstorm,5.74,No
265,A350,9.95,8.7,2.05,4.24,Yes,Clear,2.04,Yes
266,B787,2.68,0.17,3.57,8.68,Yes,Fog,5.66,Yes
267,A380,2.33,0.05,6.08,1.64,Yes,Clear,5.26,No
268,A350,5.34,4.5,2.01,5.79,Yes,Clear,1.23,Yes
269,A350,0.32,9.77,4.96,6.37,No,Rain,3.0,No
270,B737,4.44,9.65,9.0,2.79,Yes,Snow,1.87,No
271,B737,3.04,7.99,5.96,7.6,Yes,Clear,2.87,No
272,B737,3.44,3.98,1.57,7.93,No,Thunderstorm,1.47,No
273,A350,6.12,2.96,4.91,1.24,Yes,Rain,2.2,Yes
274,A320,4.64,7.56,4.07,1.96,Yes,Thunderstorm,4.66,No
275,A320,1.54,7.78,3.71,2.67,No,Clear,0.25,No
276,B787,1.72,8.4,0.86,0.99,Yes,Snow,3.06,No
277,A320,2.51,6.82,0.83,7.18,Yes,Rain,7.39,No
278,B787,3.19,3.54,4.63,0.63,Yes,Clear,8.4,Yes
279,A350,4.1,8.34,7.83,1.07,Yes,Snow,7.88,No
280,A380,3.43,3.3,3.72,0.1,No,Thunderstorm,8.84,Yes
281,B787,8.21,4.56,0.23,2.31,Yes,Thunderstorm,9.16,Yes
282,A380,4.17,3.25,8.72,6.56,Yes,Clear,5.55,No
283,B737,7.18,1.56,3.53,1.51,Yes,Rain,5.12,No
284,A320,0.13,8.49,2.63,6.29,No,Rain,8.29,No
285,A320,7.49,4.81,4.49,2.23,Yes,Snow,4.53,Yes
286,A350,5.16,0.7,3.25,1.22,Yes,Clear,7.14,Yes
287,B787,4.72,7.94,5.45,8.82,Yes,Fog,7.94,Yes
288,A380,7.58,6.41,1.99,1.34,Yes,Thunderstorm,5.18,No
289,A380,5.43,5.19,2.02,1.29,Yes,Rain,0.68,Yes
290,B787,4.78,7.97,3.97,9.36,No,Thunderstorm,7.05,Yes
291,A380,6.99,5.36,6.65,6.68,Yes,Thunderstorm,8.41,Yes
292,A350,7.47,7.53,3.91,6.62,No,Rain,4.91,Yes
293,B737,8.73,3.49,1.58,9.83,No,Fog,2.79,Yes
294,A380,9.25,2.96,7.01,9.13,No,Clear,8.66,Yes
295,B737,5.54,4.23,1.49,0.36,No,Fog,1.32,Yes
296,B737,0.7,9.47,7.21,2.92,No,Snow,1.46,Yes
297,A380,0.59,7.19,3.34,0.27,Yes,Clear,3.08,Yes
298,B737,0.87,6.99,1.03,8.84,Yes,Rain,7.48,Yes
299,A320,2.42,7.71,2.28,6.9,Yes,Rain,2.64,Yes
300,A320,0.12,1.67,4.0,3.49,No,Snow,9.07,Yes
301,B737,0.28,7.06,2.53,9.46,Yes,Thunderstorm,4.44,Yes
302,A320,4.01,7.91,1.98,1.22,Yes,Thunderstorm,2.39,Yes
303,B787,6.92,9.4,6.8,7.31,Yes,Clear,7.47,No
304,A380,1.85,6.35,9.56,8.48,Yes,Snow,4.23,Yes
305,A380,8.97,3.02,9.71,0.81,Yes,Fog,1.65,Yes
306,B737,7.78,6.68,1.98,3.25,Yes,Thunderstorm,8.22,Yes
307,B787,1.23,6.64,5.92,2.36,Yes,Rain,2.73,No
308,A380,4.02,8.23,2.37,8.65,Yes,Snow,5.14,No
309,B787,3.98,8.28,3.3,5.03,No,Snow,8.43,Yes
310,A380,1.67,0.76,5.3,5.34,Yes,Clear,0.29,Yes
311,A350,6.2,6.02,5.59,3.4,No,Snow,0.15,No
312,A350,3.5,2.72,6.59,0.54,Yes,Clear,7.39,No
313,A350,4.81,4.1,7.1,8.51,No,Snow,6.05,Yes
314,B737,4.23,4.97,8.58,6.38,Yes,Thunderstorm,7.01,Yes
315,A350,8.34,0.48,8.49,9.1,No,Rain,2.74,Yes
316,A320,9.07,5.38,8.48,6.97,Yes,Rain,2.43,No
317,A380,0.14,6.72,3.23,8.59,Yes,Rain,0.45,No
318,A320,0.39,6.79,6.44,8.01,No,Thunderstorm,4.51,Yes
319,A350,6.24,4.31,8.08,8.93,Yes,Fog,5.69,Yes
320,B787,8.32,6.52,1.6,1.67,No,Thunderstorm,7.56,Yes
321,B787,8.61,7.7,4.45,4.73,Yes,Fog,9.28,No
322,B737,4.87,5.27,5.69,8.38,Yes,Rain,0.85,No
323,B787,2.97,4.37,8.59,7.36,No,Rain,2.98,Yes
324,B787,7.64,0.11,8.29,1.94,Yes,Clear,0.67,No
325,B787,0.69,1.81,2.86,7.51,No,Thunderstorm,4.0,No
326,A350,1.21,2.34,8.04,4.88,Yes,Clear,7.75,No
327,B787,4.31,6.75,0.88,0.16,No,Thunderstorm,2.68,No
328,B787,0.97,8.63,1.64,4.77,Yes,Rain,7.52,Yes
329,B737,5.88,5.52,3.4,8.38,Yes,Clear,2.59,Yes
330,B737,2.08,2.59,4.31,1.3,Yes,Rain,8.06,Yes
331,B737,5.83,6.76,0.54,2.66,No,Thunderstorm,7.84,No
332,B737,8.43,8.26,5.09,0.46,No,Fog,8.41,No
333,B737,8.23,3.31,8.96,3.17,No,Snow,7.21,No
334,A350,7.8,9.82,6.31,9.89,Yes,Fog,1.22,No
335,B737,7.5,5.83,3.63,6.95,No,Fog,0.37,Yes
336,B737,1.59,8.07,9.61,7.41,No,Rain,8.89,No
337,B787,4.36,3.78,2.41,8.8,No,Clear,3.47,No
338,B787,3.86,3.84,9.1,0.56,Yes,Fog,4.82,No
339,B737,6.86,6.27,9.26,1.33,No,Thunderstorm,1.36,Yes
340,A320,0.45,1.43,3.83,7.45,Yes,Fog,8.61,Yes
341,B787,4.71,3.61,9.39,5.91,No,Snow,3.0,Yes
342,B787,0.09,3.02,8.95,0.91,No,Clear,8.93,Yes
343,A350,9.32,8.66,0.97,1.23,Yes,Fog,0.48,Yes
344,A380,7.39,2.16,3.19,1.27,Yes,Thunderstorm,5.93,No
345,A380,2.14,5.47,8.1,0.14,Yes,Rain,0.8,Yes
346,B737,9.56,7.13,2.12,3.3,No,Fog,1.3,No
347,B737,4.08,3.02,6.7,8.43,No,Fog,5.6,Yes
348,A380,2.31,2.72,5.13,6.11,Yes,Fog,9.86,Yes
349,A380,1.47,5.92,9.71,6.91,No,Fog,0.02,No
350,B787,8.76,3.4,5.82,9.69,Yes,Clear,8.13,Yes
351,B787,4.08,8.32,9.5,1.13,Yes,Snow,9.87,Yes
352,B787,8.33,6.4,8.64,2.58,Yes,Thunderstorm,7.27,No
353,A380,0.73,7.23,3.77,7.59,Yes,Thunderstorm,3.36,Yes
354,A320,5.13,6.92,9.32,7.27,No,Clear,0.45,No
355,A320,3.33,4.83,1.09,2.12,Yes,Snow,2.55,No
356,A320,2.76,8.75,7.9,2.66,Yes,Clear,8.94,No
357,B787,0.66,0.21,4.75,4.0,Yes,Thunderstorm,9.7,Yes
358,A350,1.14,5.11,8.51,5.12,Yes,Thunderstorm,9.25,Yes
359,B737,5.71,2.11,2.03,8.14,No,Thunderstorm,3.94,No
360,A350,3.28,1.01,6.92,5.73,No,Snow,4.0,Yes
361,A350,5.28,3.57,6.51,2.55,No,Clear,1.22,No
362,B787,3.2,1.45,1.69,5.24,No,Rain,0.97,No
363,A320,4.21,2.1,8.44,8.85,Yes,Clear,3.43,Yes
364,A320,7.46,5.41,4.7,3.66,No,Fog,5.18,Yes
365,A350,8.4,8.1,0.96,8.27,Yes,Rain,4.59,Yes
366,A380,9.77,0.41,7.88,0.2,Yes,Thunderstorm,8.33,No
367,A320,4.22,6.59,7.33,5.87,No,Snow,7.18,Yes
368,B787,3.25,9.18,5.64,9.14,No,Thunderstorm,9.14,Yes
369,A320,5.2,5.37,9.21,1.36,No,Fog,8.22,No
370,B737,1.06,5.34,3.5,4.06,Yes,Clear,1.51,No
371,B737,8.03,5.27,8.34,0.96,No,Fog,0.31,Yes
372,A350,1.82,9.33,6.2,1.91,No,Fog,4.71,No
373,A350,8.88,1.69,9.17,6.25,No,Rain,1.41,No
374,B787,9.81,4.8,1.14,3.08,Yes,Rain,4.31,Yes
375,A320,1.7,3.76,5.32,5.68,Yes,Snow,3.79,Yes
376,A350,7.14,5.45,6.72,8.9,No,Fog,0.66,Yes
377,A320,2.04,6.84,8.07,2.92,No,Rain,4.86,Yes
378,B787,0.22,8.86,2.1,6.28,No,Snow,8.66,Yes
379,B737,7.02,6.93,2.87,3.41,Yes,Thunderstorm,5.82,Yes
380,B737,5.65,9.47,1.58,7.46,No,Thunderstorm,2.21,Yes
381,A320,8.42,3.13,2.29,3.35,Yes,Rain,3.96,Yes
382,B787,4.86,7.29,3.76,2.6,Yes,Fog,1.59,No
383,A320,7.12,5.15,8.69,0.85,Yes,Snow,9.3,No
384,A350,6.85,6.5,5.04,8.94,Yes,Rain,1.4,Yes
385,A350,3.29,1.81,0.07,6.47,Yes,Thunderstorm,2.3,No
386,A320,9.85,7.48,3.13,3.3,No,Fog,7.86,No
387,A350,4.31,5.51,0.55,4.21,No,Fog,2.19,Yes
388,A320,5.95,3.84,2.06,9.85,No,Fog,0.54,No
389,A350,7.92,4.91,0.48,7.69,Yes,Clear,3.46,No
390,A350,2.46,1.18,6.86,1.49,No,Fog,4.78,No
391,A350,8.49,9.49,6.17,9.95,Yes,Thunderstorm,4.13,No
392,A350,8.97,3.09,5.17,9.55,No,Fog,6.54,Yes
393,A320,9.13,0.98,1.16,6.0,No,Thunderstorm,0.96,Yes
394,A320,4.36,1.04,1.23,6.58,Yes,Thunderstorm,3.59,Yes
395,A380,6.2,0.61,8.31,3.01,No,Thunderstorm,4.99,No
396,A350,7.2,4.93,7.15,8.44,No,Clear,9.0,Yes
397,A380,3.79,8.05,5.13,0.57,No,Thunderstorm,0.15,No
398,A350,5.88,5.9,4.38,3.74,Yes,Clear,9.07,Yes
399,B787,2.9,6.88,9.52,3.05,Yes,Rain,1.32,Yes
400,A350,0.66,8.41,8.29,3.66,No,Thunderstorm,7.69,No
401,A320,6.96,9.92,0.4,4.74,No,Rain,7.43,No
402,B737,4.39,0.91,9.8,7.03,No,Thunderstorm,3.38,Yes
403,B737,5.67,6.33,4.06,7.46,Yes,Clear,9.61,No
404,B787,7.59,5.45,7.11,7.14,No,Rain,2.54,Yes
405,B737,4.65,1.81,1.01,8.6,Yes,Snow,2.22,Yes
406,A380,5.2,4.08,0.15,4.29,Yes,Snow,1.41,Yes
407,B787,2.64,8.7,5.89,7.21,No,Clear,7.8,No
408,A380,9.74,2.97,9.7,4.8,No,Snow,9.67,No
409,A320,5.42,3.8,0.7,8.0,Yes,Thunderstorm,7.51,Yes
410,A380,9.52,5.31,2.74,5.19,No,Rain,2.75,Yes
411,B737,2.36,0.21,2.24,0.02,No,Clear,9.69,Yes
412,A380,5.57,1.93,2.57,3.94,No,Clear,6.83,Yes
413,A350,3.19,4.09,2.77,2.54,No,Fog,1.9,No
414,A380,9.91,5.29,6.46,5.21,Yes,Rain,4.96,No
415,B787,9.91,2.58,5.5,5.59,No,Rain,4.08,Yes
416,A320,2.0,4.2,2.62,1.81,No,Rain,2.16,Yes
417,A320,8.65,6.0,3.1,8.56,No,Snow,8.78,No
418,A350,0.32,3.44,7.69,4.8,Yes,Thunderstorm,3.05,Yes
419,A380,4.99,8.71,8.07,8.42,No,Snow,4.7,Yes
420,A350,0.58,1.54,4.98,6.82,Yes,Thunderstorm,4.98,Yes
421,A320,5.34,3.57,6.05,1.06,Yes,Rain,2.2,No
422,B787,0.35,3.3,3.47,4.72,No,Fog,8.29,No
423,B737,9.25,9.83,7.47,4.76,Yes,Thunderstorm,4.9,Yes
424,A350,5.79,4.52,5.31,0.93,No,Rain,3.3,No
425,B737,0.08,8.71,7.03,6.06,Yes,Snow,5.27,Yes
426,A320,0.99,1.14,9.57,0.57,Yes,Clear,5.15,Yes
427,A350,9.75,8.7,4.87,2.18,Yes,Fog,2.28,Yes
428,A320,9.1,4.26,9.15,0.11,No,Rain,8.49,No
429,B787,7.68,4.5,3.95,7.88,Yes,Snow,6.79,No
430,A350,9.53,1.14,0.9,9.19,Yes,Fog,2.21,No
431,B787,7.63,3.5,9.41,9.63,Yes,Snow,6.99,Yes
432,A320,0.54,4.6,1.69,8.62,Yes,Snow,7.51,Yes
433,B737,0.05,8.31,3.01,7.99,Yes,Clear,2.25,Yes
434,B787,1.47,8.34,5.71,6.57,No,Clear,7.86,No
435,B787,1.24,9.61,4.83,1.53,Yes,Fog,2.08,No
436,B787,8.35,3.32,9.71,8.41,Yes,Thunderstorm,5.02,Yes
437,A320,4.45,3.35,1.84,5.37,No,Thunderstorm,9.78,Yes
438,A380,1.55,4.34,6.25,7.71,Yes,Thunderstorm,8.49,Yes
439,A350,0.09,4.01,5.31,1.62,Yes,Thunderstorm,3.13,No
440,A350,9.52,5.76,0.09,9.18,Yes,Snow,5.04,Yes
441,A320,7.85,1.23,1.4,9.01,Yes,Thunderstorm,1.44,No
442,B737,9.29,2.49,3.47,1.7,Yes,Snow,0.88,Yes
443,A350,4.98,2.42,5.0,9.18,Yes,Snow,3.72,Yes
444,A320,8.69,6.22,2.27,9.28,No,Snow,4.61,Yes
445,B737,6.1,3.93,2.27,4.91,No,Snow,8.1,No
446,B737,1.71,6.85,8.61,2.1,No,Rain,2.19,Yes
447,B787,4.62,8.76,4.71,8.26,No,Clear,8.77,No
448,B737,4.47,4.44,5.67,8.75,Yes,Fog,5.1,Yes
449,A350,7.26,7.64,3.07,3.61,No,Fog,2.89,No
450,A380,8.32,7.84,6.7,1.28,No,Snow,8.45,Yes
451,A380,3.73,9.3,6.93,5.14,No,Thunderstorm,1.25,No
452,A350,7.6,7.0,5.3,2.64,No,Clear,5.12,No
453,A320,3.19,2.14,1.75,2.74,No,Rain,4.73,Yes
454,A380,4.69,9.59,8.12,0.55,Yes,Snow,9.2,No
455,A350,3.93,2.19,9.33,3.51,Yes,Fog,1.94,No
456,A380,5.11,3.69,1.86,7.86,Yes,Rain,4.62,Yes
457,A350,7.71,7.77,3.33,4.48,No,Clear,0.15,No
458,A380,7.03,3.28,6.4,8.24,Yes,Thunderstorm,8.02,Yes
459,A380,8.75,8.26,8.23,1.59,No,Rain,3.93,Yes
460,A320,2.62,0.18,1.89,1.96,No,Thunderstorm,5.32,No
461,A320,9.99,2.95,6.52,0.73,Yes,Rain,4.09,No
462,B787,9.43,4.2,3.0,1.78,Yes,Snow,3.88,No
463,A350,3.69,4.77,0.1,8.58,No,Snow,3.24,No
464,A380,3.93,4.62,6.64,3.73,No,Rain,7.74,No
465,B737,2.91,5.81,8.66,3.41,No,Rain,3.84,No
466,B787,7.68,6.16,9.57,0.09,Yes,Snow,7.74,Yes
467,B737,4.54,5.36,8.42,7.16,No,Thunderstorm,0.52,No
468,A350,4.6,4.87,9.74,3.61,No,Thunderstorm,9.64,Yes
469,A350,3.63,8.58,7.56,0.19,Yes,Fog,6.34,Yes
470,A350,3.63,8.08,2.61,4.26,Yes,Clear,3.09,Yes
471,B787,6.36,9.41,6.81,5.43,Yes,Snow,6.06,No
472,A380,7.64,3.26,6.11,9.08,No,Thunderstorm,2.66,Yes
473,B737,8.41,9.65,9.26,2.43,Yes,Rain,3.52,No
474,A350,4.68,5.19,8.04,2.06,Yes,Fog,6.84,Yes
475,B787,6.1,5.29,5.58,1.12,No,Clear,3.43,Yes
476,A350,2.07,4.46,5.99,7.53,Yes,Rain,5.47,No
477,B737,7.57,9.21,6.31,8.35,Yes,Snow,8.37,No
478,B787,0.71,4.04,9.66,8.63,No,Fog,9.19,No
479,B787,6.27,5.75,3.1,1.89,No,Thunderstorm,9.22,No
480,B787,2.38,2.17,4.36,0.1,No,Rain,1.33,Yes
481,A380,6.77,1.79,5.36,5.04,No,Rain,3.27,No
482,B787,1.67,9.94,7.07,6.72,Yes,Thunderstorm,3.54,Yes
483,B787,7.37,6.33,3.71,1.0,Yes,Snow,4.1,Yes
484,A380,2.07,9.74,8.14,0.13,No,Rain,2.78,Yes
485,A350,6.93,2.85,5.83,1.48,Yes,Thunderstorm,8.09,No
486,A380,4.5,9.05,8.91,4.4,Yes,Thunderstorm,9.04,Yes
487,A350,8.78,4.65,2.26,1.55,No,Fog,0.09,Yes
488,B787,1.25,7.32,9.16,2.86,No,Thunderstorm,2.67,Yes
489,A380,3.4,3.5,9.81,8.92,No,Fog,9.79,Yes
490,A380,4.48,9.53,7.59,6.11,No,Fog,8.34,No
491,B787,4.04,6.92,7.44,3.1,No,Clear,2.93,No
492,A320,4.57,7.08,9.36,9.09,Yes,Snow,4.41,Yes
493,A380,4.95,4.74,3.74,6.27,No,Rain,6.49,Yes
494,B737,3.72,9.44,9.63,4.91,Yes,Fog,4.83,Yes
495,B737,2.8,4.85,7.69,9.56,Yes,Clear,3.79,No
496,B787,2.11,8.69,0.01,2.14,Yes,Snow,4.61,No
497,A350,4.64,6.96,1.71,5.34,Yes,Fog,2.45,No
498,B787,8.72,7.1,3.79,8.38,Yes,Thunderstorm,6.56,No
499,A320,4.91,1.85,4.96,9.65,Yes,Rain,8.78,No
500,B737,7.16,4.06,5.4,6.82,No,Thunderstorm,0.05,Yes
501,A380,7.04,6.34,2.3,7.29,Yes,Fog,2.65,Yes
502,B737,4.96,7.61,7.05,6.92,Yes,Snow,7.49,Yes
503,A320,3.3,7.13,3.78,9.14,Yes,Clear,7.66,Yes
504,A380,1.2,4.86,5.55,5.09,Yes,Snow,6.27,Yes
505,B737,6.24,2.14,5.89,9.02,No,Clear,0.99,No
506,A320,6.75,6.72,9.46,6.92,No,Clear,0.2,No
507,A350,9.37,2.99,6.14,2.03,No,Fog,9.12,Yes
508,B737,2.68,3.7,0.6,4.48,No,Thunderstorm,4.09,No
509,A380,8.57,5.05,2.02,4.75,Yes,Thunderstorm,9.68,No
510,B737,8.03,5.14,3.68,7.17,No,Snow,5.61,No
511,B787,4.99,6.9,7.12,3.31,No,Rain,3.84,Yes
512,A320,8.81,0.75,6.78,8.87,No,Snow,5.26,No
513,A380,4.43,0.87,5.65,9.29,Yes,Snow,7.93,Yes
514,B787,0.87,5.71,2.19,3.24,Yes,Clear,8.33,Yes
515,A380,8.23,9.67,5.72,2.81,No,Thunderstorm,7.27,No
516,A350,9.06,3.86,2.78,3.56,Yes,Thunderstorm,8.46,Yes
517,B787,7.58,2.7,7.61,3.52,No,Snow,0.44,Yes
518,B787,8.62,6.49,5.54,3.69,No,Fog,4.56,Yes
519,B787,4.37,2.44,7.55,6.41,Yes,Thunderstorm,5.52,Yes
520,B787,4.44,4.12,4.88,6.66,Yes,Clear,3.04,No
521,B787,1.45,6.1,8.35,0.25,No,Clear,6.15,No
522,A350,0.22,2.32,2.92,1.55,No,Rain,1.05,Yes
523,B737,8.25,9.64,0.12,7.01,No,Fog,2.09,No
524,A380,7.12,0.15,9.0,0.74,No,Thunderstorm,6.69,No
525,B787,8.22,2.25,4.07,0.01,Yes,Snow,1.5,Yes
526,B737,1.64,5.79,2.45,7.9,No,Snow,6.11,No
527,A350,4.62,7.22,4.42,1.66,No,Clear,5.2,Yes
528,A320,0.45,9.01,5.49,9.38,No,Rain,5.06,No
529,A320,2.77,4.31,8.97,8.03,No,Snow,4.56,Yes
530,B787,4.51,3.21,4.58,8.28,No,Snow,4.5,Yes
531,A380,3.74,7.12,6.14,8.24,Yes,Thunderstorm,5.1,Yes
532,A380,7.72,8.3,9.58,5.65,Yes,Fog,5.3,No
533,B737,5.66,2.7,8.14,3.31,Yes,Fog,8.19,No
534,B737,9.86,4.36,7.92,1.09,Yes,Thunderstorm,5.23,No
535,A320,6.6,7.66,7.14,8.31,Yes,Thunderstorm,4.75,Yes
536,B787,1.87,4.0,5.91,9.98,No,Thunderstorm,7.15,Yes
537,B737,5.76,8.84,6.84,0.57,No,Clear,2.9,No
538,B787,1.96,8.5,5.8,2.4,Yes,Snow,6.31,No
539,A320,3.86,2.79,3.34,4.79,Yes,Clear,1.24,Yes
540,B787,1.4,8.88,8.67,5.54,Yes,Clear,6.56,Yes
541,B787,9.0,6.44,5.92,4.44,Yes,Clear,0.92,No
542,B787,6.64,8.85,9.17,8.28,Yes,Rain,9.66,No
543,A380,1.13,2.68,6.43,4.91,No,Thunderstorm,6.08,Yes
544,A380,9.61,0.1,6.49,0.87,No,Rain,9.33,No
545,B787,0.65,2.55,6.35,3.21,Yes,Clear,2.92,No
546,B787,2.19,6.7,8.39,5.35,Yes,Clear,7.79,Yes
547,A380,3.51,7.0,4.58,8.18,No,Clear,9.25,No
548,A380,7.65,0.05,9.06,7.01,No,Thunderstorm,6.03,No
549,A320,1.94,4.32,3.76,9.6,No,Thunderstorm,8.25,No
550,B787,8.14,3.08,6.26,4.11,Yes,Snow,0.55,No
551,A350,9.35,8.81,7.77,6.48,Yes,Clear,5.07,Yes
552,A350,9.28,4.23,7.76,9.2,Yes,Fog,5.5,No
553,A320,5.66,3.13,6.8,7.66,Yes,Fog,2.26,No
554,A350,8.29,5.28,3.04,5.8,No,Snow,0.97,Yes
555,A380,0.64,7.55,6.52,8.17,Yes,Fog,1.13,Yes
556,B787,5.1,9.5,3.33,6.88,No,Thunderstorm,1.59,Yes
557,B737,3.5,2.4,6.98,2.77,No,Rain,3.69,Yes
558,B737,5.58,5.91,8.21,9.79,Yes,Thunderstorm,2.21,Yes
559,B737,5.24,2.56,6.27,3.1,No,Snow,2.39,Yes
560,A350,5.13,8.74,0.21,6.93,Yes,Snow,0.24,Yes
561,A320,0.27,8.97,1.07,3.75,Yes,Clear,2.11,Yes
562,A320,2.58,6.25,4.12,8.72,No,Rain,7.74,No
563,A320,6.54,7.91,1.72,8.81,Yes,Snow,2.18,Yes
564,A380,7.3,4.22,2.95,9.7,Yes,Rain,2.81,Yes
565,A380,1.87,9.8,7.39,0.04,No,Fog,2.91,No
566,A320,7.7,0.39,1.42,8.95,Yes,Thunderstorm,3.67,Yes
567,A350,4.94,1.78,6.33,1.72,Yes,Clear,1.38,Yes
568,A380,0.88,6.65,8.65,1.05,Yes,Clear,2.84,No
569,A350,9.42,6.5,4.26,8.68,No,Clear,1.94,No
570,B787,0.3,2.17,2.86,5.22,Yes,Clear,5.22,Yes
571,A350,6.42,4.01,2.11,6.75,No,Snow,8.21,Yes
572,B737,5.45,7.88,8.99,2.7,No,Rain,8.71,No
573,A380,5.38,2.83,5.49,9.58,No,Clear,6.81,No
574,A320,4.99,5.99,1.76,2.5,No,Clear,7.17,No
575,A380,0.58,0.44,9.79,4.76,Yes,Clear,7.35,No
576,A380,0.76,6.24,7.16,1.82,No,Thunderstorm,7.15,Yes
577,A380,3.13,1.35,2.3,8.97,Yes,Thunderstorm,6.27,Yes
578,A320,1.63,5.72,6.81,0.02,Yes,Fog,4.06,No
579,A320,9.03,9.26,0.39,9.21,No,Fog,6.26,No
580,B787,1.23,4.66,7.82,0.03,No,Clear,2.26,No
581,A350,5.26,4.45,6.04,4.1,No,Thunderstorm,4.27,No
582,B787,9.7,4.39,1.16,2.19,No,Thunderstorm,6.55,No
583,B737,8.42,1.27,0.67,4.6,No,Clear,6.74,Yes
584,A350,8.52,3.87,6.65,9.52,No,Thunderstorm,8.73,No
585,B787,0.8,5.84,7.05,7.45,Yes,Thunderstorm,9.45,Yes
586,B737,7.55,1.48,3.91,9.66,No,Snow,4.75,No
587,A320,7.86,3.72,1.97,2.44,Yes,Snow,2.97,No
588,A380,3.62,7.37,4.9,3.99,Yes,Thunderstorm,2.67,Yes
589,A320,0.92,5.56,5.34,9.65,Yes,Thunderstorm,6.22,No
590,A320,4.22,5.01,5.6,3.53,Yes,Rain,9.89,Yes
591,A350,0.61,0.35,7.62,8.0,No,Fog,2.58,No
592,A350,3.59,4.65,6.9,2.31,No,Clear,8.5,Yes
593,A350,7.47,8.64,8.43,3.03,No,Rain,9.62,Yes
594,B737,8.8,0.84,1.41,5.04,No,Rain,1.97,Yes
595,A320,8.27,6.45,1.93,1.77,Yes,Clear,2.92,No
596,A350,7.58,4.32,5.36,4.89,Yes,Snow,1.46,No
597,A380,6.81,6.46,0.08,6.44,Yes,Fog,3.57,Yes
598,B737,5.8,6.89,6.72,1.29,Yes,Thunderstorm,7.87,Yes
599,A380,0.58,6.2,7.73,5.46,Yes,Thunderstorm,2.55,No
600,A380,0.19,7.5,7.62,9.35,No,Thunderstorm,9.54,No
601,B737,8.76,7.96,1.01,6.67,Yes,Clear,1.75,No
602,A320,4.92,1.65,4.19,1.05,Yes,Fog,4.54,Yes
603,A350,8.69,8.72,2.28,4.1,Yes,Thunderstorm,1.94,Yes
604,A350,5.39,6.55,3.35,7.54,Yes,Clear,6.95,Yes
605,A350,4.77,1.32,5.05,3.29,No,Snow,0.11,Yes
606,B787,4.8,8.18,9.15,9.75,Yes,Fog,2.0,Yes
607,B737,7.21,2.31,0.35,1.7,No,Snow,6.98,Yes
608,B737,8.34,0.1,7.65,3.15,Yes,Thunderstorm,9.63,Yes
609,B787,2.84,5.04,7.5,3.7,Yes,Fog,5.32,Yes
610,A320,4.75,3.86,4.91,5.99,No,Fog,1.72,No
611,A350,3.34,7.53,2.45,5.0,No,Clear,3.36,No
612,A380,1.52,0.02,7.44,0.34,No,Rain,0.0,No
613,A350,4.93,2.85,6.65,7.99,Yes,Snow,4.59,No
614,B787,6.49,5.55,8.05,7.48,Yes,Fog,1.24,Yes
615,B737,0.34,5.13,8.61,3.17,No,Thunderstorm,5.48,Yes
616,A380,6.56,4.32,3.21,0.73,Yes,Clear,7.04,Yes
617,A380,0.02,5.46,7.87,6.58,Yes,Thunderstorm,9.11,No
618,A350,5.92,4.33,0.78,8.75,Yes,Clear,8.2,Yes
619,B737,5.35,6.2,0.19,2.25,Yes,Clear,7.92,No
620,A320,3.01,8.18,8.13,9.38,No,Fog,6.8,No
621,A350,2.94,4.22,0.01,4.05,Yes,Clear,2.67,Yes
622,B737,5.88,8.38,8.02,8.36,Yes,Rain,6.62,No
623,A350,6.09,9.48,8.37,2.48,No,Clear,9.61,Yes
624,B737,3.01,0.68,3.71,0.95,Yes,Clear,3.92,No
625,A320,4.06,3.81,1.1,2.65,Yes,Snow,0.65,No
626,A350,7.78,4.04,8.36,2.48,No,Clear,2.58,No
627,A350,2.6,8.78,2.79,2.66,No,Snow,0.73,Yes
628,A380,3.1,1.85,5.54,5.38,Yes,Fog,7.19,No
629,A320,7.66,0.35,6.72,7.32,Yes,Thunderstorm,0.3,No
630,A380,8.92,1.64,2.76,3.2,No,Thunderstorm,4.76,No
631,A350,7.39,3.51,0.46,4.69,No,Clear,6.74,Yes
632,B737,9.08,7.07,3.59,9.89,Yes,Snow,4.82,No
633,A380,0.75,1.6,1.35,2.44,No,Thunderstorm,1.92,Yes
634,B787,1.95,9.12,5.22,9.21,No,Fog,7.3,Yes
635,A350,4.4,0.19,4.41,3.34,No,Rain,4.89,Yes
636,A350,4.65,5.2,8.86,4.22,Yes,Rain,5.55,No
637,B737,8.15,4.7,9.69,0.12,No,Clear,2.99,No
638,A350,7.95,4.79,2.48,3.32,No,Fog,7.88,No
639,A380,4.81,6.92,3.05,4.15,No,Thunderstorm,3.79,Yes
640,A350,3.23,8.97,8.75,5.6,No,Clear,9.09,Yes
641,B787,1.98,5.19,6.0,7.39,Yes,Thunderstorm,8.18,No
642,A320,7.98,7.27,5.95,2.9,No,Snow,9.56,Yes
643,B787,0.71,6.18,9.23,6.81,Yes,Rain,6.63,Yes
644,A320,6.6,0.9,3.05,8.94,Yes,Fog,1.99,Yes
645,A380,6.2,4.48,4.43,4.95,No,Clear,8.86,No
646,B787,3.11,2.63,8.7,8.32,No,Snow,8.15,No
647,B787,7.85,0.34,1.31,7.31,No,Rain,8.75,No
648,A350,8.69,4.49,6.98,5.52,No,Thunderstorm,1.81,Yes
649,A380,5.78,1.99,3.29,6.93,Yes,Rain,0.16,Yes
650,A350,1.08,3.55,3.77,9.05,Yes,Rain,8.77,No
651,A350,7.23,3.24,2.1,5.1,Yes,Thunderstorm,5.7,Yes
652,A320,7.71,8.73,2.38,2.07,Yes,Snow,7.6,Yes
653,B787,8.34,3.08,5.77,0.78,No,Thunderstorm,9.5,Yes
654,B787,5.66,6.87,9.57,1.86,Yes,Rain,5.89,No
655,B787,4.42,9.29,1.15,6.02,No,Fog,3.44,Yes
656,A380,3.21,7.68,2.48,6.4,No,Rain,7.69,Yes
657,B737,9.7,2.4,5.48,0.13,Yes,Snow,3.96,No
658,A320,8.06,6.89,3.6,7.6,No,Rain,4.46,Yes
659,B737,6.06,0.6,8.35,3.6,Yes,Rain,8.84,Yes
660,A350,0.43,2.24,7.05,6.88,No,Rain,0.07,No
661,B737,7.11,0.7,5.75,8.75,No,Thunderstorm,9.7,No
662,B787,8.26,9.86,9.75,4.73,No,Rain,7.69,Yes
663,A380,0.62,5.36,5.58,8.59,No,Thunderstorm,3.17,No
664,A380,4.24,9.83,3.09,7.23,No,Rain,1.24,No
665,B737,0.31,3.9,9.87,9.25,No,Clear,4.63,Yes
666,A320,8.62,8.39,2.48,5.47,Yes,Clear,2.0,No
667,B737,8.8,6.69,3.79,1.49,Yes,Fog,2.93,Yes
668,A350,2.05,9.32,7.2,2.55,Yes,Clear,1.69,Yes
669,B737,9.83,8.6,9.35,2.3,Yes,Clear,6.02,Yes
670,A350,7.51,6.56,6.79,1.69,No,Fog,6.43,No
671,A350,7.85,6.63,2.03,8.07,Yes,Snow,6.68,No
672,B737,5.34,2.94,3.23,8.14,Yes,Thunderstorm,2.13,Yes
673,B787,7.28,1.81,2.88,5.43,No,Snow,8.49,No
674,B737,3.55,2.45,6.41,3.63,No,Thunderstorm,2.24,No
675,A380,1.53,5.01,7.16,8.23,No,Clear,7.08,Yes
676,A320,9.01,7.39,8.46,8.91,No,Clear,8.0,Yes
677,A380,4.89,7.38,2.92,7.4,Yes,Snow,3.97,No
678,A320,2.43,3.18,3.51,4.81,No,Fog,1.92,No
679,A320,2.39,5.17,0.3,8.46,No,Clear,2.37,No
680,A380,0.58,5.02,7.53,1.67,No,Thunderstorm,2.09,No
681,A380,7.16,2.34,2.09,2.56,Yes,Thunderstorm,4.3,No
682,B737,0.51,2.95,7.38,5.92,No,Clear,4.63,Yes
683,B787,9.73,2.88,0.79,0.21,No,Clear,5.86,No
684,A320,6.31,6.24,1.92,9.2,No,Clear,7.71,Yes
685,A350,3.21,0.71,7.93,9.7,Yes,Clear,1.05,No
686,A380,1.72,8.67,9.27,8.37,Yes,Fog,7.4,Yes
687,B787,0.14,2.21,4.46,0.66,No,Rain,7.24,No
688,A350,9.22,8.92,1.81,3.65,No,Fog,8.02,Yes
689,B787,5.44,9.86,1.79,1.24,No,Snow,0.98,No
690,A380,6.29,0.23,7.26,8.05,Yes,Clear,1.76,Yes
691,A350,2.1,8.16,8.99,8.89,No,Fog,3.17,Yes
692,A320,2.42,9.88,6.03,9.12,Yes,Clear,5.73,No
693,A320,5.87,0.48,5.02,3.69,No,Fog,8.8,No
694,B787,2.19,4.2,4.2,2.0,No,Fog,2.13,Yes
695,B787,2.09,0.5,3.56,9.43,Yes,Clear,1.76,Yes
696,A380,7.36,1.13,5.51,7.75,Yes,Clear,0.66,Yes
697,A380,0.35,9.11,5.17,8.33,No,Fog,2.98,Yes
698,A380,4.39,2.64,3.14,6.93,No,Thunderstorm,7.84,Yes
699,A320,3.87,7.3,9.56,7.44,Yes,Rain,3.79,No
700,A320,9.01,9.66,9.35,9.35,Yes,Thunderstorm,3.0,Yes
701,B787,6.9,9.79,5.19,4.79,No,Rain,5.4,No
702,A320,9.32,5.49,8.14,5.25,Yes,Thunderstorm,8.68,No
703,B787,8.06,8.43,9.74,4.95,No,Snow,8.57,Yes
704,B737,3.54,9.51,1.96,5.97,No,Fog,2.04,Yes
705,A350,1.33,3.48,6.81,1.09,Yes,Rain,8.12,Yes
706,A380,7.25,2.52,5.03,9.26,No,Thunderstorm,3.56,Yes
707,A350,1.31,8.24,4.5,4.27,No,Rain,7.36,No
708,A350,2.45,0.95,6.72,7.48,No,Clear,3.69,Yes
709,A320,7.59,7.75,8.5,4.33,Yes,Clear,2.49,Yes
710,A320,9.23,8.05,5.16,3.18,Yes,Rain,2.09,Yes
711,B737,2.79,8.87,3.81,3.02,No,Rain,0.87,No
712,A320,5.59,3.03,4.27,6.52,No,Snow,1.59,No
713,A320,4.37,7.39,9.81,1.93,Yes,Snow,5.8,No
714,A320,2.51,1.66,4.77,3.91,No,Clear,2.79,No
715,A350,5.31,6.46,4.97,4.04,Yes,Thunderstorm,9.07,Yes
716,A350,5.57,8.14,3.86,2.08,No,Rain,9.78,No
717,A350,9.11,1.73,9.26,7.55,Yes,Clear,8.56,Yes
718,A350,8.02,3.67,8.02,8.62,Yes,Clear,2.3,No
719,A380,0.38,1.14,3.11,1.03,Yes,Fog,8.7,Yes
720,B787,1.33,0.5,9.32,3.37,No,Thunderstorm,9.2,Yes
721,B787,5.1,0.84,5.03,8.62,No,Fog,4.22,Yes
722,B737,6.35,3.67,3.76,4.15,Yes,Clear,3.9,Yes
723,A380,1.96,1.51,7.27,7.65,Yes,Clear,8.4,No
724,A350,8.89,1.48,8.55,9.52,No,Clear,8.0,No
725,B787,2.53,4.9,5.31,7.44,No,Fog,3.58,Yes
726,A350,1.29,9.06,0.15,8.81,Yes,Thunderstorm,3.79,No
727,A350,6.88,2.11,0.8,1.89,Yes,Thunderstorm,2.7,No
728,A380,6.82,7.57,0.1,9.62,Yes,Rain,4.26,No
729,B737,5.49,9.82,2.33,9.4,No,Snow,0.32,Yes
730,B787,5.57,6.52,4.82,7.68,Yes,Snow,9.83,No
731,B737,2.81,7.82,4.9,1.21,Yes,Fog,6.72,No
732,B787,5.34,0.55,7.54,0.78,No,Rain,3.11,No
733,B787,7.24,4.39,5.72,7.31,Yes,Fog,7.99,Yes
734,B737,2.98,5.26,1.79,4.43,No,Snow,8.2,No
735,A380,2.34,9.54,6.73,7.07,Yes,Thunderstorm,6.03,Yes
736,A380,3.88,4.56,3.33,4.13,No,Thunderstorm,3.28,Yes
737,A380,6.44,0.37,7.49,5.34,Yes,Rain,7.27,No
738,A380,9.75,5.62,9.21,8.39,No,Rain,3.83,Yes
739,A380,6.13,5.53,4.48,9.95,No,Fog,2.24,No
740,A350,8.85,4.55,6.43,3.76,Yes,Thunderstorm,8.2,Yes
741,A350,0.65,0.78,2.07,2.28,No,Fog,6.92,No
742,B737,2.38,0.43,2.36,1.68,No,Fog,4.62,No
743,A380,5.91,3.04,1.09,7.08,No,Rain,4.84,No
744,B787,5.38,8.94,8.6,9.91,Yes,Fog,9.76,Yes
745,A350,4.88,6.17,6.83,6.38,Yes,Thunderstorm,0.56,Yes
746,B787,5.85,7.97,5.58,0.75,Yes,Snow,5.08,Yes
747,A380,7.49,4.91,0.73,9.15,No,Snow,4.54,Yes
748,B787,5.05,6.62,4.49,1.35,No,Fog,0.47,Yes
749,B787,3.3,3.36,4.0,8.93,Yes,Thunderstorm,9.16,No
750,B737,7.42,2.19,7.05,8.99,Yes,Rain,7.6,No
751,A380,4.13,8.11,5.13,5.57,No,Fog,8.56,No
752,A350,8.19,2.47,3.41,1.23,No,Rain,3.17,No
753,B787,10.0,4.79,2.68,2.07,No,Clear,2.77,No
754,A350,2.1,9.83,4.55,7.48,Yes,Thunderstorm,6.6,Yes
755,A320,5.59,3.8,9.91,5.91,No,Thunderstorm,2.1,No
756,A320,9.12,6.22,5.7,3.36,No,Thunderstorm,0.84,No
757,A380,6.85,5.41,0.79,7.07,No,Snow,6.3,No
758,A350,2.71,4.17,4.24,7.08,Yes,Clear,8.84,Yes
759,A350,9.69,9.7,5.57,6.15,No,Fog,9.48,No
760,B787,0.22,9.11,8.14,0.13,Yes,Snow,5.49,No
761,A380,3.72,2.95,5.33,9.62,Yes,Clear,4.27,No
762,A350,5.41,4.42,0.77,3.66,No,Thunderstorm,5.44,Yes
763,A350,9.67,0.31,1.35,6.5,Yes,Rain,9.74,Yes
764,B737,4.51,2.11,2.71,4.13,Yes,Rain,1.33,No
765,B787,3.41,6.33,1.46,1.29,Yes,Snow,3.53,No
766,B737,5.5,9.9,3.75,2.7,Yes,Clear,3.99,Yes
767,A350,8.23,8.66,0.26,9.38,Yes,Clear,7.03,Yes
768,B787,6.26,6.12,4.0,9.05,Yes,Rain,2.07,No
769,A320,6.44,4.36,9.79,4.17,No,Fog,4.37,No
770,B737,1.57,8.69,7.21,9.22,Yes,Thunderstorm,0.29,No
771,A320,3.3,2.46,0.35,8.85,No,Thunderstorm,7.03,Yes
772,B787,1.95,3.86,0.47,5.08,Yes,Thunderstorm,3.25,No
773,A350,0.54,1.89,9.43,3.48,Yes,Fog,1.16,Yes
774,A380,8.57,2.53,4.12,5.76,No,Snow,9.85,Yes
775,A380,2.13,6.41,0.53,6.5,No,Fog,5.5,No
776,B737,7.76,4.31,3.38,5.39,Yes,Clear,5.77,Yes
777,A380,9.96,0.89,7.34,6.63,Yes,Clear,0.83,No
778,A350,9.57,2.46,3.65,6.08,Yes,Snow,5.21,No
779,A350,9.91,6.65,4.4,7.9,Yes,Clear,2.93,Yes
780,A350,8.6,5.74,3.52,7.24,Yes,Snow,0.18,No
781,B787,4.39,8.03,4.26,5.86,No,Snow,3.91,No
782,B737,9.11,2.28,0.44,8.41,No,Thunderstorm,6.4,No
783,B737,3.83,1.8,8.79,3.7,No,Rain,1.17,No
784,B787,9.23,4.87,1.75,3.34,No,Fog,3.24,No
785,B737,8.77,4.85,6.76,5.09,Yes,Thunderstorm,8.34,No
786,B787,7.39,2.22,5.66,4.87,No,Clear,0.77,No
787,B737,5.3,7.39,6.32,3.79,No,Rain,4.74,No
788,A320,4.52,8.28,8.2,0.76,Yes,Fog,2.48,Yes
789,A380,9.99,3.52,6.76,1.59,Yes,Thunderstorm,7.69,Yes
790,B787,8.02,5.97,6.42,0.76,Yes,Fog,0.9,No
791,A380,8.99,3.35,0.47,9.23,No,Rain,5.68,Yes
792,A320,8.39,6.37,0.42,2.99,No,Rain,8.88,No
793,A380,9.37,9.74,4.54,2.12,No,Clear,2.01,Yes
794,B737,5.97,2.13,6.14,1.79,No,Snow,9.17,No
795,A380,5.21,1.08,6.17,4.89,No,Snow,0.95,Yes
796,A320,5.55,7.02,2.11,9.69,No,Thunderstorm,0.73,No
797,A350,1.82,9.75,8.79,0.26,No,Clear,7.95,No
798,B737,7.64,3.68,2.88,3.67,Yes,Rain,6.14,No
799,B787,3.63,7.92,1.82,6.7,Yes,Fog,1.29,No
800,A320,0.98,4.69,8.04,1.43,Yes,Rain,3.82,Yes
801,B787,1.4,9.0,6.85,3.13,Yes,Clear,6.53,Yes
802,B737,1.81,9.08,6.34,5.61,Yes,Rain,7.92,No
803,A350,2.96,3.94,6.11,4.23,Yes,Fog,6.66,Yes
804,A380,1.43,4.74,4.15,5.04,Yes,Rain,8.67,Yes
805,A380,4.69,4.72,5.44,2.68,Yes,Thunderstorm,4.8,Yes
806,B787,3.76,7.7,7.76,2.08,No,Rain,5.03,Yes
807,B737,5.42,1.44,9.76,0.4,Yes,Snow,0.93,Yes
808,B787,7.47,6.01,6.09,8.51,No,Snow,8.24,Yes
809,A350,6.12,6.12,2.54,3.89,No,Rain,1.23,Yes
810,A320,0.78,7.7,7.7,0.82,Yes,Rain,1.19,Yes
811,B787,9.76,6.52,4.02,6.49,No,Clear,4.77,Yes
812,B737,3.51,1.99,3.6,5.49,No,Fog,0.66,No
813,A350,5.81,5.18,5.63,2.82,Yes,Rain,7.27,Yes
814,A350,9.45,5.97,7.46,6.35,Yes,Rain,9.52,Yes
815,B737,2.62,5.98,1.47,9.8,No,Thunderstorm,6.62,No
816,B787,5.58,7.95,1.41,5.59,No,Rain,4.65,No
817,A350,0.56,4.18,2.59,1.45,No,Fog,4.05,Yes
818,A380,8.68,3.27,2.04,0.72,Yes,Thunderstorm,9.93,Yes
819,A380,4.51,5.48,9.09,1.74,No,Rain,0.79,No
820,A320,8.63,3.67,7.27,7.48,Yes,Rain,4.19,Yes
821,A350,2.39,5.08,4.4,9.19,No,Rain,6.28,No
822,A320,0.81,1.44,2.08,2.46,Yes,Clear,7.07,Yes
823,A350,3.87,3.27,2.5,1.37,Yes,Clear,2.65,No
824,A320,0.62,6.15,3.92,4.84,Yes,Fog,6.41,Yes
825,A320,6.98,7.87,2.14,5.94,No,Fog,7.21,No
826,A350,6.25,0.26,7.86,1.36,Yes,Rain,2.9,No
827,A320,0.76,7.66,9.7,5.6,Yes,Snow,8.68,No
828,A320,3.58,7.59,2.32,2.48,Yes,Fog,7.96,Yes
829,A350,0.52,7.65,7.47,8.48,No,Snow,1.49,Yes
830,A380,5.8,7.25,6.72,4.17,Yes,Clear,6.74,No
831,B787,0.06,7.7,5.61,5.85,No,Rain,9.61,No
832,A320,2.46,9.76,5.64,2.93,No,Snow,3.67,Yes
833,A320,6.96,8.59,0.17,7.04,No,Fog,3.83,No
834,A320,5.93,4.07,3.14,6.16,Yes,Thunderstorm,7.56,Yes
835,A380,4.37,4.89,9.37,0.39,No,Rain,8.58,Yes
836,A380,6.36,6.0,8.56,4.64,Yes,Thunderstorm,5.98,No
837,A320,5.42,0.12,2.39,4.75,No,Clear,1.09,No
838,A350,7.8,6.72,3.53,2.71,Yes,Thunderstorm,4.84,No
839,B787,1.69,8.35,2.77,3.34,No,Snow,2.38,Yes
840,B737,0.74,4.1,3.67,2.16,No,Thunderstorm,7.22,No
841,A320,6.85,2.44,5.91,4.0,No,Fog,6.05,No
842,A380,5.3,3.72,2.33,0.16,No,Clear,0.23,Yes
843,A380,8.29,7.49,4.57,0.89,Yes,Rain,9.17,No
844,B787,8.34,5.39,5.65,6.08,No,Fog,8.63,No
845,A380,9.46,2.5,4.31,1.43,Yes,Rain,3.48,Yes
846,A320,2.24,3.13,9.8,2.34,No,Fog,7.82,Yes
847,A350,9.03,1.78,0.74,1.95,Yes,Fog,3.75,Yes
848,B737,4.4,9.91,4.41,8.41,Yes,Clear,3.03,No
849,A350,6.74,6.41,8.09,4.67,No,Thunderstorm,8.39,Yes
850,A320,2.93,0.39,7.4,1.04,Yes,Fog,8.48,Yes
851,A320,2.35,6.47,5.13,3.18,No,Clear,4.29,Yes
852,A320,9.48,7.94,3.1,1.63,No,Rain,6.37,Yes
853,A380,1.02,7.9,2.73,0.09,No,Snow,3.98,Yes
854,A380,1.07,3.83,8.48,8.74,No,Fog,6.94,Yes
855,B737,2.88,5.07,5.07,6.18,Yes,Rain,6.24,Yes
856,B787,9.08,4.37,5.13,4.82,No,Thunderstorm,5.58,No
857,B787,0.27,2.75,8.58,1.95,Yes,Snow,6.23,Yes
858,A350,8.3,0.32,1.93,6.07,Yes,Fog,1.97,No
859,A350,7.5,6.02,8.89,7.15,Yes,Clear,2.18,Yes
860,A350,6.69,0.63,4.32,0.24,Yes,Rain,4.64,Yes
861,B737,4.42,9.06,3.8,2.06,No,Clear,8.36,No
862,B787,6.79,6.58,7.56,7.36,Yes,Clear,7.21,Yes
863,B787,5.79,7.21,0.78,9.8,No,Thunderstorm,7.37,Yes
864,A320,8.71,8.92,2.91,4.4,No,Fog,3.36,Yes
865,B787,7.45,0.03,1.78,6.67,Yes,Fog,5.94,Yes
866,B787,3.24,6.36,9.35,4.89,No,Fog,9.82,Yes
867,B787,7.33,5.34,0.48,1.1,No,Thunderstorm,9.89,No
868,A380,1.38,8.36,7.32,8.55,Yes,Clear,3.01,No
869,A380,8.73,5.53,3.19,3.33,No,Rain,5.79,No
870,B787,8.55,3.85,4.52,4.58,Yes,Thunderstorm,5.81,Yes
871,B737,4.7,9.71,3.87,2.36,Yes,Fog,9.13,Yes
872,A350,7.26,6.83,3.88,1.08,No,Snow,3.16,Yes
873,A320,5.65,1.56,7.96,1.19,Yes,Rain,8.28,No
874,B787,4.32,9.05,1.92,4.71,Yes,Rain,2.16,No
875,B737,6.14,9.45,0.96,9.42,Yes,Clear,9.29,No
876,A380,4.73,3.22,0.95,6.59,Yes,Thunderstorm,0.41,Yes
877,B787,1.51,4.25,8.06,4.14,No,Snow,3.75,Yes
878,B737,2.37,9.0,1.51,4.02,Yes,Fog,8.99,No
879,A320,8.94,0.26,0.07,8.31,Yes,Thunderstorm,8.5,Yes
880,B787,4.63,0.95,9.73,0.12,Yes,Thunderstorm,3.65,No
881,A380,2.11,7.37,7.82,4.75,Yes,Thunderstorm,0.98,Yes
882,B737,2.18,0.81,1.48,3.02,Yes,Snow,5.41,No
883,A320,1.07,6.02,0.3,1.61,Yes,Rain,7.66,Yes
884,A380,4.32,3.31,9.05,3.23,No,Snow,7.16,Yes
885,A320,4.06,3.53,5.39,6.24,No,Snow,5.08,No
886,B737,0.72,9.4,5.72,6.34,Yes,Snow,2.31,Yes
887,B737,4.62,1.37,2.38,2.83,Yes,Fog,5.33,No
888,A350,0.47,8.12,2.22,7.54,Yes,Rain,7.08,Yes
889,A350,8.03,9.8,6.97,4.55,Yes,Rain,6.95,Yes
890,B787,5.53,8.84,1.42,6.4,No,Rain,6.31,Yes
891,B787,6.91,8.41,9.08,5.4,No,Rain,8.85,No
892,A380,9.82,2.57,7.42,8.71,Yes,Fog,8.29,Yes
893,A350,4.5,8.26,1.41,8.19,Yes,Thunderstorm,9.45,Yes
894,B737,6.53,6.15,0.04,0.28,Yes,Snow,2.23,No
895,B787,2.08,4.2,2.35,5.05,Yes,Thunderstorm,2.72,Yes
896,A380,1.19,6.09,6.03,5.57,Yes,Snow,9.66,Yes
897,A320,5.37,4.41,9.22,8.33,Yes,Thunderstorm,3.32,No
898,A320,0.5,7.22,4.06,8.99,Yes,Fog,0.82,Yes
899,A320,4.37,6.96,5.0,9.9,No,Rain,6.57,No
900,A320,2.98,8.74,9.41,1.77,Yes,Thunderstorm,5.5,Yes
901,A380,3.59,8.39,5.2,8.07,Yes,Fog,7.72,Yes
902,A320,5.0,9.69,5.21,9.39,No,Fog,7.16,Yes
903,B737,3.06,2.97,8.36,8.96,Yes,Thunderstorm,6.65,Yes
904,B787,6.11,8.4,1.24,5.04,No,Thunderstorm,1.61,No
905,A350,7.03,6.31,9.1,4.99,Yes,Fog,8.87,No
906,A380,2.07,2.58,1.74,5.98,No,Thunderstorm,5.38,No
907,B737,8.07,7.27,4.08,8.8,Yes,Snow,4.54,No
908,A320,8.8,0.83,7.59,1.81,No,Fog,2.83,No
909,A350,1.47,0.31,6.55,4.09,No,Snow,5.01,No
910,B737,9.41,4.86,4.67,2.79,Yes,Clear,5.04,No
911,A320,6.32,7.87,7.4,0.95,Yes,Rain,0.07,Yes
912,A380,8.47,5.26,6.0,5.94,Yes,Thunderstorm,3.3,Yes
913,B787,1.04,2.96,0.22,2.46,No,Clear,8.34,Yes
914,B787,3.17,0.55,7.02,5.42,Yes,Clear,4.56,No
915,A350,7.47,3.62,3.49,1.28,No,Thunderstorm,0.88,No
916,B737,6.02,3.83,0.7,0.84,No,Rain,8.89,Yes
917,A350,3.37,1.0,5.59,6.57,Yes,Thunderstorm,3.17,No
918,B787,0.18,1.43,0.5,4.95,No,Thunderstorm,0.32,No
919,A320,2.17,8.12,4.28,7.02,No,Rain,1.31,Yes
920,A350,2.16,6.08,0.19,6.51,No,Fog,7.26,No
921,B737,4.25,4.46,6.22,1.98,No,Thunderstorm,5.6,No
922,B737,8.3,6.01,0.54,5.51,No,Fog,6.0,Yes
923,A380,4.93,9.06,7.76,4.64,Yes,Clear,9.39,No
924,A380,9.16,7.3,2.99,7.28,Yes,Fog,2.38,No
925,B787,5.28,6.35,7.43,9.56,Yes,Snow,6.82,Yes
926,A380,7.81,4.59,9.39,8.33,Yes,Snow,7.83,No
927,A320,5.03,3.37,5.62,3.64,Yes,Thunderstorm,4.76,Yes
928,B787,9.32,9.63,0.96,1.61,Yes,Rain,0.43,Yes
929,B737,6.76,7.78,1.43,7.38,Yes,Clear,2.17,No
930,A350,5.78,3.43,8.65,1.62,No,Fog,5.06,No
931,B787,9.16,4.94,3.26,1.58,No,Fog,0.82,No
932,A350,6.6,2.94,4.88,4.83,No,Rain,4.07,No
933,B737,0.45,6.71,8.86,6.07,No,Thunderstorm,8.05,No
934,A350,6.97,2.05,8.65,7.27,Yes,Fog,6.44,No
935,A380,0.3,6.67,1.51,9.24,Yes,Rain,4.29,No
936,A320,7.07,4.91,1.24,9.4,No,Snow,7.31,Yes
937,B737,6.47,3.2,7.06,2.75,No,Thunderstorm,8.38,No
938,A320,3.95,1.87,5.76,6.78,No,Rain,1.24,No
939,A350,2.73,2.35,0.8,3.92,Yes,Fog,2.79,Yes
940,B737,4.25,4.71,1.53,6.16,Yes,Snow,4.55,Yes
941,A320,4.14,2.45,2.6,8.09,No,Thunderstorm,8.41,No
942,A320,9.7,0.38,1.51,5.7,Yes,Fog,1.83,Yes
943,A320,7.18,0.02,3.77,3.42,No,Fog,3.6,No
944,A380,4.59,8.45,5.62,3.52,No,Thunderstorm,9.71,Yes
945,A380,10.0,9.52,7.95,6.23,No,Thunderstorm,5.36,Yes
946,A320,0.92,8.23,0.07,7.5,Yes,Clear,2.05,Yes
947,B787,2.0,5.91,8.0,0.17,Yes,Fog,8.48,No
948,A380,1.33,9.43,6.7,3.94,Yes,Thunderstorm,6.81,Yes
949,B787,3.13,2.59,4.54,7.05,No,Snow,7.81,No
950,B787,0.58,2.54,9.49,0.31,No,Snow,8.66,Yes
951,B737,4.94,0.52,4.29,5.57,No,Thunderstorm,7.36,No
952,A350,1.98,8.11,3.69,7.21,No,Thunderstorm,0.3,Yes
953,A350,8.07,4.64,8.27,8.16,Yes,Thunderstorm,4.03,No
954,A350,2.92,0.02,8.89,8.76,No,Snow,6.54,Yes
955,B737,3.71,6.57,9.89,0.51,No,Snow,0.5,Yes
956,A350,9.24,1.62,6.1,3.28,Yes,Rain,7.05,Yes
957,B737,1.77,0.19,0.13,5.12,No,Thunderstorm,4.61,Yes
958,A380,9.5,5.99,9.42,1.23,Yes,Thunderstorm,2.63,No
959,B737,4.33,3.36,2.27,1.81,Yes,Rain,6.12,Yes
960,B737,5.34,8.29,9.86,5.04,No,Thunderstorm,6.2,Yes
961,A380,3.72,1.03,8.36,2.66,No,Snow,5.52,No
962,B737,9.91,2.55,9.11,9.38,No,Fog,8.09,Yes
963,A380,5.31,8.94,3.96,5.58,Yes,Rain,1.85,No
964,B737,8.5,7.19,9.78,1.95,No,Fog,8.69,No
965,A350,5.94,5.93,5.8,0.91,No,Rain,2.36,Yes
966,B787,9.09,1.9,1.1,6.49,No,Snow,7.58,Yes
967,B787,6.22,4.17,0.79,2.37,Yes,Fog,5.47,Yes
968,A320,7.89,9.91,8.64,7.58,No,Thunderstorm,3.54,Yes
969,B737,5.93,0.75,9.59,9.58,Yes,Fog,6.26,No
970,A320,9.8,0.1,0.35,0.17,Yes,Rain,4.09,No
971,A320,0.47,8.1,2.48,3.32,Yes,Clear,2.92,Yes
972,B737,9.61,9.9,0.77,7.46,No,Rain,9.85,No
973,B737,6.91,2.29,4.42,8.97,Yes,Rain,6.48,No
974,A380,4.33,7.84,8.88,0.73,No,Clear,6.26,Yes
975,B787,7.61,1.38,5.37,1.2,No,Snow,4.53,No
976,B787,6.47,9.58,4.26,7.6,No,Snow,7.16,Yes
977,A380,2.0,3.14,2.35,9.66,No,Clear,4.36,No
978,B787,1.72,4.93,4.01,7.24,No,Fog,2.7,Yes
979,A380,7.03,1.65,9.2,9.47,Yes,Clear,8.47,Yes
980,B737,0.81,7.04,1.14,5.54,No,Rain,4.31,No
981,B737,0.8,6.78,9.13,8.76,No,Fog,8.18,Yes
982,A320,2.21,4.72,4.22,0.14,Yes,Snow,6.03,No
983,B787,2.63,9.69,5.21,7.9,Yes,Rain,8.35,No
984,A320,3.02,5.46,8.28,4.55,Yes,Snow,0.06,Yes
985,B737,5.67,6.46,3.56,0.2,No,Clear,6.95,No
986,A320,4.96,1.51,7.75,9.44,No,Thunderstorm,7.68,Yes
987,B737,2.37,3.96,4.26,9.64,Yes,Snow,3.65,No
988,A380,2.61,4.22,0.28,3.23,No,Rain,3.85,Yes
989,A350,7.97,7.48,7.28,7.46,No,Rain,2.39,No
990,A380,0.85,6.43,8.47,7.22,Yes,Rain,7.75,Yes
991,A350,1.98,8.52,0.29,5.36,Yes,Snow,4.86,Yes
992,A350,3.99,1.19,9.56,2.06,Yes,Fog,2.82,No
993,B737,2.9,5.63,9.15,5.64,Yes,Thunderstorm,6.98,Yes
994,B737,2.06,7.53,7.45,8.75,No,Rain,6.29,No
995,B737,1.0,3.09,2.23,0.56,No,Snow,5.74,Yes
996,A320,7.19,8.27,3.51,1.44,No,Clear,1.05,Yes
997,A380,9.92,8.06,5.82,3.66,Yes,Thunderstorm,7.51,No
998,A320,9.56,9.32,9.54,4.85,No,Snow,4.37,No
999,A350,0.81,2.16,1.7,3.24,No,Snow,1.16,Yes
1000,A320,3.0,0.85,1.44,6.05,Yes,Rain,6.35,Yes
1001,B787,0.23,2.46,0.43,7.27,No,Rain,0.43,Yes
1002,B737,9.9,9.07,6.67,2.25,No,Thunderstorm,0.51,Yes
1003,A320,2.3,7.01,5.37,4.11,No,Thunderstorm,9.86,Yes
1004,B787,5.34,9.46,0.65,7.98,Yes,Rain,8.08,Yes
1005,A350,3.9,2.27,9.33,9.05,Yes,Fog,5.88,No
1006,A350,3.33,1.35,7.51,3.72,Yes,Snow,8.3,Yes
1007,A380,7.39,8.38,7.43,3.79,No,Fog,9.69,Yes
1008,B737,6.17,3.28,4.06,5.66,Yes,Rain,9.74,Yes
1009,A380,0.3,3.36,2.95,0.62,No,Fog,0.38,No
1010,A380,6.94,8.09,1.77,3.27,Yes,Clear,5.58,Yes
1011,A350,6.8,0.42,7.9,7.74,No,Clear,9.82,No
1012,A380,2.87,5.71,4.99,9.37,No,Thunderstorm,0.87,No
1013,A350,6.34,9.04,5.56,2.11,Yes,Snow,1.89,Yes
1014,A350,2.05,3.14,1.51,2.57,No,Thunderstorm,0.1,No
1015,B737,6.44,4.78,0.74,6.07,Yes,Clear,9.27,Yes
1016,A320,7.66,7.95,0.31,2.53,No,Thunderstorm,6.6,No
1017,B787,0.42,7.12,6.58,2.05,Yes,Thunderstorm,6.58,Yes
1018,A380,0.21,0.86,5.63,4.5,No,Clear,0.28,No
1019,A320,6.9,5.84,8.13,8.05,No,Thunderstorm,8.83,Yes
1020,A380,4.74,2.96,9.22,5.57,Yes,Clear,9.15,Yes
1021,A320,3.15,4.32,3.29,3.7,Yes,Thunderstorm,8.56,No
1022,A350,8.96,1.78,8.93,2.78,No,Thunderstorm,9.23,Yes
1023,B737,5.72,8.3,7.79,1.47,Yes,Thunderstorm,3.47,Yes
1024,A350,7.78,2.98,1.95,9.17,No,Rain,7.04,Yes
1025,A320,5.1,9.29,2.47,8.26,Yes,Fog,3.97,No
1026,B737,0.61,4.51,8.0,2.2,Yes,Snow,8.25,Yes
1027,A350,8.85,8.41,4.76,8.74,Yes,Thunderstorm,9.11,Yes
1028,A350,9.98,2.14,1.71,0.39,No,Fog,1.2,Yes
1029,A380,0.86,2.9,4.33,2.52,Yes,Rain,4.05,No
1030,B737,2.47,1.44,8.86,0.64,Yes,Rain,5.11,No
1031,A350,7.72,6.6,6.36,1.07,No,Clear,8.64,Yes
1032,B737,5.71,2.49,4.37,2.69,No,Rain,1.49,No
1033,A350,7.09,3.95,3.1,0.41,Yes,Rain,6.64,Yes
1034,A380,1.98,9.98,7.3,5.46,No,Rain,4.33,Yes
1035,A320,7.25,7.25,0.36,6.47,Yes,Fog,4.74,No
1036,A380,5.43,1.5,1.51,6.8,No,Fog,7.91,No
1037,B737,5.42,2.81,3.91,9.08,No,Clear,0.92,No
1038,A320,2.42,5.44,1.33,6.0,No,Snow,6.6,Yes
1039,A320,9.81,1.3,8.59,1.82,No,Clear,4.51,No
1040,B787,1.18,5.2,2.85,7.43,Yes,Clear,6.55,No
1041,A350,8.49,2.35,1.45,1.71,No,Thunderstorm,1.28,Yes
1042,A350,9.23,6.65,0.46,3.49,No,Snow,6.01,No
1043,A320,3.43,7.0,9.14,1.55,No,Fog,5.9,Yes
1044,B737,0.37,0.89,5.0,3.36,Yes,Snow,9.49,No
1045,B787,5.94,9.16,9.18,8.66,Yes,Fog,2.36,Yes
1046,B737,6.94,2.14,7.59,5.75,No,Fog,9.72,Yes
1047,A380,5.55,4.6,2.63,9.17,Yes,Snow,1.56,Yes
1048,B787,7.61,9.74,5.91,4.84,Yes,Snow,8.72,Yes
1049,A320,0.13,8.86,8.9,3.23,Yes,Rain,7.79,Yes
1050,A380,2.5,9.34,7.73,8.28,Yes,Rain,3.35,Yes
1051,A350,2.53,7.68,8.79,3.52,Yes,Clear,0.11,No
1052,B737,7.95,5.22,1.59,1.05,Yes,Clear,9.12,No
1053,A380,0.63,5.21,2.78,0.06,No,Clear,7.49,Yes
1054,A320,6.56,7.14,1.93,5.3,No,Clear,2.27,Yes
1055,A380,4.72,7.51,9.91,7.44,Yes,Clear,2.4,Yes
1056,A350,0.05,5.13,9.34,8.53,No,Rain,0.14,Yes
1057,A320,3.19,0.71,9.23,5.33,Yes,Fog,1.53,No
1058,B737,0.28,5.59,1.29,6.17,No,Thunderstorm,9.35,No
1059,B787,7.51,0.45,8.32,5.16,Yes,Snow,9.85,Yes
1060,B787,7.59,7.86,4.19,9.23,Yes,Clear,7.79,Yes
1061,A350,7.69,8.32,2.65,0.16,No,Thunderstorm,1.03,No
1062,A380,3.93,4.63,3.78,2.7,No,Snow,1.82,Yes
1063,A350,2.01,3.25,4.8,0.29,No,Snow,4.34,Yes
1064,B787,4.69,5.42,9.82,1.93,Yes,Clear,6.92,Yes
1065,A320,5.72,6.22,5.11,8.05,Yes,Fog,5.2,No
1066,B737,8.85,6.02,1.16,0.71,Yes,Rain,6.87,No
1067,A320,9.43,9.06,8.32,1.05,No,Fog,7.92,Yes
1068,B737,7.13,7.14,6.48,3.44,Yes,Thunderstorm,9.9,No
1069,B787,9.16,8.65,3.55,5.78,Yes,Clear,6.18,No
1070,B787,5.78,9.3,0.62,5.45,No,Thunderstorm,0.52,No
1071,B737,3.33,8.12,5.19,3.43,Yes,Fog,6.87,No
1072,B787,8.93,6.57,8.85,3.98,Yes,Fog,2.51,No
1073,A380,3.44,1.54,5.44,5.39,No,Fog,9.0,No
1074,A380,8.02,0.94,8.96,8.72,No,Clear,2.21,No
1075,B737,9.73,9.5,5.46,7.61,Yes,Clear,0.34,No
1076,A350,2.74,4.66,3.77,4.57,No,Clear,5.53,No
1077,A320,5.22,0.22,6.74,0.92,No,Snow,8.65,No
1078,A380,8.73,2.97,2.85,3.79,Yes,Clear,4.37,No
1079,A380,7.99,5.3,5.12,7.13,No,Rain,9.74,No
1080,A380,7.56,8.92,8.7,8.28,Yes,Rain,0.28,No
1081,B737,0.08,5.35,5.7,5.66,No,Clear,7.54,No
1082,A320,2.21,7.24,8.03,8.05,No,Snow,7.46,Yes
1083,B787,6.84,7.39,6.47,6.7,Yes,Thunderstorm,8.89,Yes
1084,A350,1.85,3.13,1.7,0.67,No,Fog,3.66,Yes
1085,A350,1.56,7.49,3.28,1.35,No,Thunderstorm,2.19,Yes
1086,B787,8.77,9.7,9.87,0.84,No,Snow,9.01,No
1087,A350,0.02,0.17,4.84,2.81,No,Clear,6.43,Yes
1088,A380,5.61,6.65,8.64,4.48,No,Thunderstorm,6.1,No
1089,B737,2.15,8.28,6.39,1.63,No,Fog,7.51,No
1090,B787,7.01,2.95,6.12,2.81,No,Clear,3.29,Yes
1091,A320,9.77,1.22,9.47,9.58,Yes,Clear,8.53,Yes
1092,A350,2.52,5.21,7.26,2.55,Yes,Rain,6.38,Yes
1093,B737,6.07,8.82,7.56,3.87,Yes,Fog,4.65,No
1094,A350,8.5,1.52,8.88,5.98,Yes,Fog,2.45,No
1095,A380,10.0,9.28,9.5,5.56,No,Snow,3.15,No
1096,B787,5.32,7.92,6.12,9.98,Yes,Rain,6.83,No
1097,B737,6.64,3.9,3.62,5.09,No,Thunderstorm,3.03,No
1098,B787,5.93,1.93,4.54,1.92,Yes,Thunderstorm,6.56,No
1099,B787,2.81,1.66,8.24,9.31,Yes,Fog,0.26,No
1100,A320,6.62,7.91,9.33,4.24,No,Snow,8.0,No
1101,A320,8.32,10.0,3.15,7.05,No,Thunderstorm,7.45,No
1102,B737,9.42,0.18,9.35,6.2,Yes,Clear,6.77,No
1103,B737,8.01,0.63,7.46,7.92,Yes,Clear,9.12,No
1104,A380,7.39,2.76,8.68,6.54,No,Clear,4.64,Yes
1105,A380,6.32,4.47,3.43,0.57,Yes,Rain,3.58,Yes
1106,A380,1.45,6.54,6.82,1.88,Yes,Thunderstorm,2.61,No
1107,B737,1.98,8.67,9.26,8.44,No,Fog,6.81,Yes
1108,A380,1.03,5.91,7.93,9.87,Yes,Rain,1.78,Yes
1109,A350,1.46,4.0,1.57,1.6,Yes,Rain,5.98,No
1110,A320,1.1,1.32,9.74,3.41,No,Thunderstorm,4.65,Yes
1111,A320,5.21,5.07,3.92,0.41,Yes,Fog,8.53,Yes
1112,A320,1.05,4.36,8.88,5.32,Yes,Rain,7.56,Yes
1113,B737,4.5,3.78,9.27,1.53,Yes,Thunderstorm,3.64,Yes
1114,A380,5.63,7.42,1.15,2.07,No,Snow,3.2,No
1115,A320,5.17,6.76,5.67,2.17,No,Snow,5.87,No
1116,A350,4.2,3.65,4.81,3.09,Yes,Snow,0.0,Yes
1117,A380,5.89,3.56,3.56,3.84,No,Snow,4.45,Yes
1118,A350,8.52,3.24,4.94,1.85,No,Thunderstorm,5.16,Yes
1119,A320,1.6,5.82,0.6,8.98,Yes,Thunderstorm,3.2,No
1120,B787,8.76,5.11,3.12,1.15,Yes,Fog,4.14,No
1121,A320,8.05,3.74,3.82,4.76,Yes,Fog,6.17,No
1122,B737,3.91,3.35,1.21,7.67,Yes,Rain,1.71,Yes
1123,A380,1.64,6.34,6.82,3.99,No,Snow,3.85,No
1124,A380,1.37,4.36,7.72,9.15,Yes,Clear,8.23,No
1125,A350,1.88,9.96,4.44,6.99,Yes,Rain,3.59,Yes
1126,B787,4.93,3.47,7.13,9.62,Yes,Fog,6.01,Yes
1127,A380,5.57,7.9,3.1,2.59,Yes,Rain,0.09,No
1128,B737,7.67,4.64,3.22,2.59,No,Fog,5.23,No
1129,B737,4.54,4.34,9.75,7.5,Yes,Rain,3.71,Yes
1130,B737,4.29,1.61,3.27,5.68,No,Snow,5.83,Yes
1131,A380,5.1,6.56,8.72,6.15,Yes,Thunderstorm,7.73,Yes
1132,B787,9.86,0.45,2.31,5.22,Yes,Fog,1.08,No
1133,B787,1.39,7.08,6.63,9.19,Yes,Snow,5.72,Yes
1134,B787,8.44,8.8,1.06,0.4,Yes,Snow,1.03,No
1135,A380,8.41,9.15,7.92,1.82,No,Fog,8.58,Yes
1136,A350,7.58,8.74,7.3,6.31,Yes,Rain,4.61,Yes
1137,B737,9.1,3.06,3.06,6.89,No,Fog,5.97,Yes
1138,B787,8.52,1.24,4.27,6.58,No,Clear,7.32,No
1139,B737,4.13,3.05,7.13,2.06,No,Snow,5.95,No
1140,A320,7.88,3.0,3.12,9.87,Yes,Rain,5.55,No
1141,A320,3.39,4.89,8.93,3.73,No,Clear,3.85,No
1142,A320,5.04,4.1,0.7,0.68,Yes,Fog,4.43,No
1143,B787,7.24,2.48,3.72,8.21,No,Snow,2.59,Yes
1144,B737,5.01,6.94,3.98,4.85,No,Snow,5.82,Yes
1145,B737,2.41,5.93,0.82,7.82,Yes,Thunderstorm,9.25,No
1146,A350,1.47,2.05,3.51,8.87,No,Fog,7.88,Yes
1147,B787,8.1,1.26,1.24,1.73,Yes,Clear,9.36,No
1148,A320,5.56,6.25,2.41,3.98,No,Rain,3.54,Yes
1149,A380,7.36,5.24,2.86,2.53,No,Snow,3.82,No
1150,A350,9.46,2.71,1.71,3.65,No,Fog,4.92,Yes
1151,B787,4.57,9.3,9.53,4.01,No,Clear,1.85,No
1152,A350,8.76,7.52,1.61,0.43,No,Snow,3.24,Yes
1153,A350,8.3,2.04,1.35,6.21,Yes,Snow,3.24,Yes
1154,A380,0.56,7.4,3.2,7.25,No,Rain,8.72,Yes
1155,A320,6.96,1.81,6.06,2.44,Yes,Fog,9.15,Yes
1156,B787,6.64,9.89,7.4,0.89,No,Snow,8.42,No
1157,B787,8.88,1.26,2.62,1.14,Yes,Rain,8.38,No
1158,A320,4.47,5.06,4.72,9.53,No,Clear,8.34,No
1159,A320,2.8,3.48,6.42,4.2,No,Snow,4.6,No
1160,A380,4.18,7.34,8.21,0.28,Yes,Thunderstorm,0.29,Yes
1161,B737,3.64,7.99,8.79,5.06,No,Rain,5.29,Yes
1162,A350,7.34,6.39,7.95,6.74,Yes,Thunderstorm,9.42,Yes
1163,A350,3.35,0.88,4.24,5.62,No,Snow,7.12,No
1164,A380,6.44,1.04,0.81,4.25,Yes,Thunderstorm,0.66,Yes
1165,A380,9.96,0.48,1.71,6.92,No,Thunderstorm,1.85,No
1166,A320,4.27,8.04,0.13,2.9,No,Thunderstorm,8.21,Yes
1167,A380,9.32,9.65,0.34,1.59,No,Rain,6.74,Yes
1168,A320,4.05,0.76,0.22,2.1,Yes,Thunderstorm,3.12,Yes
1169,B787,0.61,6.88,3.95,6.82,No,Thunderstorm,3.14,Yes
1170,A320,9.25,5.76,8.89,2.51,Yes,Clear,3.9,No
1171,B737,6.24,3.42,9.61,2.18,No,Clear,3.81,No
1172,A380,7.73,9.05,2.01,5.61,No,Fog,0.04,No
1173,A380,0.23,8.55,9.42,2.87,No,Thunderstorm,9.31,No
1174,A320,7.13,6.02,3.12,4.06,No,Snow,2.47,Yes
1175,A380,7.5,6.04,8.98,8.61,No,Fog,0.39,No
1176,A320,3.18,7.54,6.15,9.7,Yes,Rain,3.58,Yes
1177,B737,5.36,3.74,0.59,1.21,Yes,Fog,8.14,No
1178,B787,6.01,4.89,7.67,6.36,Yes,Rain,1.55,No
1179,B787,0.83,6.11,2.31,7.14,Yes,Fog,7.26,Yes
1180,A320,3.11,6.44,4.53,7.02,No,Fog,1.93,Yes
1181,B737,3.88,1.12,3.23,6.41,Yes,Clear,6.97,Yes
1182,B737,0.25,2.3,8.15,8.21,No,Rain,4.61,Yes
1183,A320,9.3,6.27,1.44,1.82,Yes,Rain,4.42,No
1184,A380,6.18,2.88,8.28,8.05,Yes,Fog,1.45,No
1185,A380,9.51,8.23,7.9,4.67,No,Rain,0.56,No
1186,A380,4.75,1.35,7.42,5.12,No,Rain,5.03,Yes
1187,B787,4.93,6.22,8.18,7.62,Yes,Rain,6.49,Yes
1188,A380,3.07,8.9,1.14,7.29,Yes,Thunderstorm,7.9,Yes
1189,A320,2.42,0.84,5.3,3.85,No,Clear,9.37,No
1190,A380,6.58,4.93,7.01,9.97,No,Clear,2.44,Yes
1191,A380,4.8,8.66,9.39,0.3,No,Rain,5.73,No
1192,B787,6.99,1.51,5.55,6.97,No,Snow,6.42,Yes
1193,B787,2.4,6.57,7.83,8.87,Yes,Fog,0.99,No
1194,B737,4.28,0.23,1.4,9.07,No,Fog,3.53,No
1195,B737,6.09,2.29,0.44,6.06,Yes,Fog,0.22,No
1196,B737,6.96,5.32,0.1,7.59,Yes,Fog,8.25,Yes
1197,B737,9.22,9.72,2.38,9.29,Yes,Rain,1.99,Yes
1198,A320,2.59,3.11,2.3,3.49,No,Thunderstorm,0.42,Yes
1199,A380,7.02,7.63,8.27,3.88,Yes,Clear,9.88,No
1200,A380,5.39,4.79,9.39,9.29,No,Fog,0.18,No
1201,B737,3.96,3.76,5.26,7.34,No,Rain,7.9,No
1202,A380,7.1,6.74,9.44,2.98,No,Thunderstorm,6.25,Yes
1203,B787,5.2,4.77,1.24,5.95,No,Rain,6.59,No
1204,B737,1.66,4.59,2.36,0.2,No,Clear,1.05,Yes
1205,A380,7.44,2.75,8.44,3.26,Yes,Thunderstorm,1.94,Yes
1206,B737,8.38,9.23,1.98,4.03,Yes,Snow,1.98,Yes
1207,B737,7.38,2.65,2.84,7.22,No,Clear,0.92,No
1208,B737,0.76,6.77,2.43,2.56,No,Rain,2.91,Yes
1209,A380,7.65,2.71,6.62,6.08,No,Rain,5.31,No
1210,B787,9.87,7.26,4.19,4.84,No,Clear,2.22,No
1211,A320,0.39,1.07,3.21,8.39,No,Snow,4.2,Yes
1212,A380,4.15,5.28,3.22,4.53,Yes,Thunderstorm,9.77,Yes
1213,A380,7.36,9.26,6.43,4.92,No,Rain,4.0,No
1214,A320,7.81,0.72,7.45,5.52,No,Rain,5.1,No
1215,A320,6.5,2.67,6.31,2.44,No,Snow,4.08,Yes
1216,B787,0.25,1.75,2.29,4.32,Yes,Rain,9.95,No
1217,A350,3.54,6.13,4.03,0.05,Yes,Clear,3.26,No
1218,B787,2.99,4.39,0.1,4.17,No,Fog,2.49,Yes
1219,A320,3.69,4.01,9.66,4.91,Yes,Thunderstorm,3.02,Yes
1220,B737,8.72,2.65,2.29,5.02,No,Rain,7.95,No
1221,B737,8.5,3.44,7.19,9.07,Yes,Clear,1.82,No
1222,A320,3.74,2.31,3.98,7.74,Yes,Clear,1.73,Yes
1223,B787,7.8,5.05,2.42,4.24,No,Fog,9.59,Yes
1224,A350,0.43,6.52,8.11,9.44,No,Clear,4.55,No
1225,A380,0.57,9.09,6.5,6.18,Yes,Snow,7.01,No
1226,A380,0.06,3.23,8.29,5.41,Yes,Clear,4.85,No
1227,B737,0.66,8.58,2.72,5.37,No,Rain,5.6,No
1228,B737,5.68,3.96,8.28,9.14,No,Snow,4.82,No
1229,A350,0.0,6.72,6.35,8.81,No,Rain,4.73,Yes
1230,B787,1.43,8.28,0.98,7.1,Yes,Thunderstorm,4.68,Yes
1231,A350,5.27,2.14,9.42,1.93,No,Rain,3.87,No
1232,B737,8.82,6.69,7.81,9.61,No,Rain,8.92,Yes
1233,B737,2.3,5.14,6.02,3.67,Yes,Clear,3.71,No
1234,A380,0.1,2.37,1.05,3.92,Yes,Thunderstorm,0.48,Yes
1235,B787,0.62,1.75,0.79,7.47,Yes,Clear,5.28,No
1236,A380,0.51,3.79,5.0,5.69,No,Clear,4.53,Yes
1237,A320,9.37,1.18,9.31,6.61,No,Snow,6.62,No
1238,A320,0.86,7.67,8.2,7.4,Yes,Rain,4.43,Yes
1239,B787,4.93,6.0,5.5,6.55,Yes,Rain,7.84,Yes
1240,A320,2.61,6.06,3.64,4.11,No,Clear,0.55,No
1241,A350,2.13,5.24,4.8,2.29,Yes,Snow,8.23,No
1242,A320,0.92,3.98,6.66,0.78,Yes,Rain,9.09,No
1243,B787,5.37,5.91,8.76,5.11,Yes,Fog,2.74,No
1244,B737,4.61,7.4,1.68,7.96,No,Thunderstorm,7.24,No
1245,B737,5.84,8.17,7.22,5.54,Yes,Fog,2.24,No
1246,A320,8.4,0.04,9.67,2.58,Yes,Fog,6.17,Yes
1247,B737,6.71,6.83,5.29,0.11,No,Rain,5.83,Yes
1248,A380,3.03,8.26,3.28,7.62,No,Clear,3.16,Yes
1249,A350,0.5,5.48,3.12,4.36,Yes,Rain,4.95,Yes
1250,B737,2.37,4.85,0.03,1.38,Yes,Fog,2.38,Yes
1251,A320,7.54,7.08,3.93,3.42,No,Clear,2.66,Yes
1252,A320,8.92,8.3,4.43,2.02,No,Thunderstorm,3.26,Yes
1253,B737,8.7,8.78,9.36,1.27,Yes,Fog,8.25,No
1254,B737,1.45,6.85,7.79,0.86,Yes,Rain,9.25,Yes
1255,A350,0.51,6.2,9.03,0.08,Yes,Rain,7.19,Yes
1256,B787,0.36,8.82,6.62,3.47,No,Fog,2.37,Yes
1257,B787,0.92,1.84,4.84,5.11,No,Clear,9.94,No
1258,A320,7.49,2.34,8.3,1.78,No,Thunderstorm,8.29,No
1259,B787,2.61,3.19,7.14,3.57,Yes,Fog,4.07,Yes
1260,B737,7.1,3.79,2.44,8.2,No,Rain,3.52,No
1261,B787,3.24,0.5,8.5,4.15,Yes,Snow,5.16,Yes
1262,A350,3.63,2.63,8.05,0.36,No,Clear,7.5,Yes
1263,A320,5.36,3.17,6.18,4.92,No,Clear,7.79,Yes
1264,A350,4.23,7.53,3.2,5.75,Yes,Clear,1.98,Yes
1265,A350,1.75,2.18,1.63,0.72,No,Thunderstorm,5.23,Yes
1266,B787,2.08,9.68,8.49,8.25,No,Clear,3.08,Yes
1267,A350,4.42,2.99,1.97,6.02,No,Clear,2.25,No
1268,A320,3.05,0.37,1.81,9.84,Yes,Fog,1.3,No
1269,A320,3.9,5.26,5.99,3.46,No,Snow,5.77,Yes
1270,B737,6.28,1.02,1.73,7.24,Yes,Fog,4.3,No
1271,A350,7.34,7.9,3.72,9.69,No,Rain,7.59,Yes
1272,B787,7.59,5.86,4.72,6.92,Yes,Clear,7.92,Yes
1273,A380,0.86,2.58,6.79,3.13,Yes,Fog,6.06,No
1274,B737,7.76,5.04,4.67,8.71,Yes,Rain,9.42,No
1275,B737,9.32,1.0,0.01,9.19,Yes,Clear,3.12,Yes
1276,A320,6.5,5.89,6.68,4.72,Yes,Thunderstorm,9.22,No
1277,A380,2.48,8.27,1.22,8.2,Yes,Thunderstorm,5.87,No
1278,B737,1.19,1.78,0.59,2.34,Yes,Clear,0.28,No
1279,B787,3.3,2.46,5.49,2.27,No,Snow,3.15,No
1280,B737,0.91,2.99,9.25,9.68,No,Fog,5.59,No
1281,B737,6.88,0.73,5.21,1.93,Yes,Clear,7.82,No
1282,A350,7.25,1.9,0.62,2.72,No,Snow,2.79,Yes
1283,A350,5.36,7.96,5.91,5.89,No,Thunderstorm,4.15,Yes
1284,B787,2.42,5.39,8.82,4.44,Yes,Snow,2.73,Yes
1285,B737,8.97,8.02,3.98,9.09,Yes,Thunderstorm,1.6,No
1286,B787,7.67,5.19,8.76,3.46,Yes,Fog,3.14,No
1287,B737,9.07,1.42,8.81,3.99,Yes,Thunderstorm,4.57,Yes
1288,A350,9.86,3.89,0.69,8.57,No,Fog,7.74,Yes
1289,A320,8.3,5.24,3.86,8.06,No,Rain,2.25,Yes
1290,A380,3.67,1.45,0.15,9.7,No,Clear,9.43,No
1291,A380,0.58,2.14,9.75,0.58,No,Rain,4.5,No
1292,B787,6.65,0.62,7.4,1.1,No,Thunderstorm,2.18,Yes
1293,A380,8.01,3.27,9.44,4.68,Yes,Clear,4.17,No
1294,A380,1.42,1.25,5.42,0.74,No,Fog,5.74,Yes
1295,B787,6.29,8.1,6.27,8.81,Yes,Rain,1.72,Yes
1296,A380,9.18,8.98,5.01,3.56,Yes,Clear,3.97,Yes
1297,B787,3.91,0.39,5.46,9.73,Yes,Rain,9.26,No
1298,A380,8.03,0.85,7.25,6.74,Yes,Rain,9.51,No
1299,B737,0.65,2.2,0.11,8.84,No,Fog,6.85,Yes
1300,A320,4.02,4.53,5.68,2.59,Yes,Fog,9.35,No
1301,B787,5.11,8.25,9.43,5.71,No,Thunderstorm,6.05,No
1302,B737,1.69,1.82,6.2,7.58,Yes,Rain,4.81,Yes
1303,A380,5.31,1.46,3.24,2.71,No,Clear,9.99,Yes
1304,A320,3.46,5.04,0.39,3.99,Yes,Clear,5.73,No
1305,A320,1.66,7.79,6.14,4.15,Yes,Snow,1.73,No
1306,A380,1.0,8.39,1.37,8.61,Yes,Clear,8.61,Yes
1307,A350,6.99,6.08,7.48,0.54,Yes,Clear,6.15,No
1308,A320,0.94,9.98,7.94,1.73,No,Thunderstorm,0.83,No
1309,B737,4.49,2.11,3.65,2.39,Yes,Rain,9.01,Yes
1310,B737,3.24,4.45,0.47,7.64,No,Rain,2.4,No
1311,A320,5.03,2.32,2.36,6.0,Yes,Fog,2.42,No
1312,A380,8.47,7.9,3.41,6.42,No,Thunderstorm,0.26,Yes
1313,A350,3.88,9.3,2.88,0.47,Yes,Thunderstorm,9.84,No
1314,B737,1.35,7.59,7.78,6.01,No,Clear,9.11,Yes
1315,B787,5.14,8.12,7.26,9.41,No,Snow,5.27,Yes
1316,A350,6.05,5.5,3.09,0.66,No,Thunderstorm,9.11,Yes
1317,A350,8.9,2.45,6.21,6.05,No,Rain,8.58,Yes
1318,B787,8.41,8.09,2.6,7.91,No,Rain,3.79,Yes
1319,B737,9.7,2.41,9.78,0.1,No,Thunderstorm,0.41,Yes
1320,B737,9.43,2.76,2.9,2.24,No,Clear,9.93,Yes
1321,B787,0.13,5.64,5.08,8.08,No,Fog,6.59,No
1322,A350,0.17,2.42,4.27,9.78,No,Rain,7.4,Yes
1323,B737,5.25,4.66,4.63,6.21,No,Snow,3.51,No
1324,A320,2.54,4.16,5.49,7.6,Yes,Thunderstorm,7.14,Yes
1325,B787,3.78,3.67,4.03,8.65,Yes,Rain,2.94,No
1326,B737,2.98,7.67,4.04,6.48,Yes,Thunderstorm,3.64,No
1327,A380,0.26,0.01,6.92,7.84,Yes,Snow,4.32,Yes
1328,A320,5.91,6.65,5.64,5.27,No,Snow,4.36,No
1329,A320,6.6,5.4,1.44,4.28,No,Clear,8.52,No
1330,A320,4.84,3.41,7.75,1.1,Yes,Rain,3.37,No
1331,B737,7.48,2.1,9.58,8.52,Yes,Snow,2.54,No
1332,B737,4.36,5.35,9.81,8.03,No,Rain,0.1,No
1333,A350,7.23,7.85,6.09,3.98,Yes,Thunderstorm,5.54,No
1334,A350,5.4,0.84,4.73,8.91,Yes,Fog,2.89,No
1335,B787,1.83,1.5,0.83,2.57,Yes,Fog,8.08,No
1336,A350,6.84,8.69,7.75,7.81,No,Clear,7.4,Yes
1337,A380,7.46,7.53,5.96,4.43,No,Rain,2.94,No
1338,B787,5.08,8.51,1.97,3.53,No,Clear,4.46,Yes
1339,A350,5.0,1.5,8.44,2.18,No,Snow,3.97,No
1340,B787,2.34,6.28,0.38,5.13,Yes,Snow,3.78,Yes
1341,A320,1.11,0.62,3.68,9.49,No,Fog,6.08,No
1342,A380,0.78,5.72,8.85,8.72,No,Snow,8.95,Yes
1343,B737,2.67,0.99,3.97,5.05,No,Thunderstorm,0.14,Yes
1344,A320,8.51,6.95,3.38,9.73,No,Rain,9.67,Yes
1345,A320,1.38,9.34,3.75,2.51,No,Rain,1.62,No
1346,A320,2.07,7.68,2.68,6.7,Yes,Fog,7.92,Yes
1347,A320,0.33,1.49,7.55,4.48,Yes,Fog,4.45,Yes
1348,A380,1.23,6.1,1.57,7.74,Yes,Snow,9.02,Yes
1349,B787,4.92,8.18,8.65,5.69,Yes,Thunderstorm,2.54,No
1350,A380,6.02,3.68,8.64,1.75,Yes,Snow,3.93,Yes
1351,B737,1.38,3.59,5.54,2.39,No,Snow,6.19,Yes
1352,B787,6.33,7.33,8.78,1.1,No,Rain,5.04,Yes
1353,A380,4.22,0.88,4.18,7.18,No,Thunderstorm,3.13,No
1354,A350,8.95,4.47,1.59,0.67,Yes,Fog,4.41,Yes
1355,A350,9.62,8.42,2.38,0.62,No,Thunderstorm,7.46,No
1356,B737,7.78,6.1,3.5,8.25,No,Snow,4.75,Yes
1357,A380,9.05,2.64,7.31,7.7,Yes,Thunderstorm,7.07,Yes
1358,A320,6.56,9.06,4.73,7.18,Yes,Fog,7.91,Yes
1359,B737,8.38,0.77,6.8,9.25,No,Rain,2.4,No
1360,B737,1.09,1.34,0.79,6.18,No,Clear,1.68,No
1361,A350,9.81,8.17,3.6,8.23,Yes,Snow,7.12,No
1362,A320,7.21,8.52,9.85,0.98,No,Clear,7.23,Yes
1363,A380,8.13,9.72,8.4,3.51,Yes,Clear,8.45,Yes
1364,B737,8.56,2.36,1.97,1.19,No,Fog,0.92,No
1365,A380,9.97,3.35,7.05,1.43,No,Snow,7.58,No
1366,A320,0.66,7.94,5.56,7.57,No,Fog,3.48,No
1367,A350,8.15,5.18,2.19,6.36,No,Snow,0.57,No
1368,A350,3.74,7.82,6.2,9.92,Yes,Fog,4.57,Yes
1369,A380,4.8,2.52,0.33,0.37,No,Fog,4.04,No
1370,B737,7.34,1.22,7.02,8.69,No,Fog,8.52,Yes
1371,B787,0.85,7.3,1.79,3.05,Yes,Fog,4.7,Yes
1372,B737,6.5,7.19,2.15,7.18,No,Thunderstorm,0.19,No
1373,A380,4.19,6.68,1.87,7.83,No,Clear,2.53,No
1374,A320,5.5,4.6,4.26,3.44,Yes,Thunderstorm,5.99,No
1375,A320,7.7,3.63,8.4,2.26,Yes,Fog,5.33,No
1376,A350,0.95,1.52,6.74,8.7,Yes,Clear,5.15,No
1377,A380,4.45,6.69,3.83,7.9,No,Clear,1.34,Yes
1378,A380,1.11,2.49,4.09,9.44,No,Snow,4.26,No
1379,B737,5.77,8.27,4.87,6.78,No,Clear,2.51,No
1380,A350,8.55,8.58,5.14,8.76,Yes,Fog,9.46,Yes
1381,A380,9.49,7.17,0.87,7.16,No,Rain,6.74,Yes
1382,B787,3.83,2.71,0.82,1.31,Yes,Thunderstorm,0.97,No
1383,A350,0.81,8.98,5.67,0.92,Yes,Fog,4.8,Yes
1384,A320,2.76,6.59,0.74,7.14,No,Thunderstorm,9.74,No
1385,A380,9.2,4.27,6.75,8.07,No,Rain,3.6,No
1386,A320,9.18,7.73,6.7,7.86,Yes,Rain,3.47,Yes
1387,A380,7.43,7.94,5.2,9.64,No,Clear,9.16,No
1388,A380,3.02,3.6,1.23,6.69,No,Clear,0.3,Yes
1389,B787,2.8,8.29,0.56,5.89,Yes,Rain,3.44,No
1390,A350,5.04,8.9,7.33,0.49,No,Rain,2.96,Yes
1391,A380,0.03,9.05,3.51,9.86,Yes,Clear,4.02,No
1392,A320,8.01,9.0,7.49,5.14,Yes,Thunderstorm,8.02,Yes
1393,A380,2.11,5.05,2.81,8.24,Yes,Fog,1.25,Yes
1394,A320,1.06,6.71,1.11,9.58,No,Thunderstorm,9.16,No
1395,B737,9.4,8.36,4.17,3.3,No,Fog,1.36,Yes
1396,A320,7.66,3.29,2.91,1.0,No,Snow,7.89,No
1397,B787,1.56,1.87,9.24,1.47,No,Fog,5.29,Yes
1398,A320,6.76,0.29,6.01,1.75,No,Clear,8.62,Yes
1399,A320,0.27,2.51,4.01,6.89,Yes,Clear,4.29,Yes
1400,B737,2.69,1.55,8.13,1.28,Yes,Snow,4.31,Yes
1401,B737,1.9,4.18,9.89,7.7,Yes,Snow,5.38,No
1402,A380,5.83,5.54,0.45,1.84,No,Snow,6.28,No
1403,A350,4.36,8.95,8.51,8.3,Yes,Clear,0.62,No
1404,A320,6.4,7.3,0.88,6.86,Yes,Fog,5.54,No
1405,B737,0.26,5.6,7.31,3.75,No,Snow,5.63,No
1406,A380,5.43,1.42,3.84,8.65,Yes,Rain,1.31,Yes
1407,B737,0.49,5.72,1.55,6.57,No,Clear,4.95,No
1408,A350,9.56,7.22,2.57,9.53,No,Clear,6.75,No
1409,B787,1.38,8.87,5.13,5.86,Yes,Rain,1.49,Yes
1410,B787,6.53,1.9,8.15,7.8,No,Fog,2.51,No
1411,B737,3.38,4.74,9.17,9.95,No,Fog,2.54,No
1412,A350,3.57,0.14,8.99,7.24,Yes,Rain,3.05,No
1413,A320,5.94,9.48,2.17,8.99,No,Clear,2.15,No
1414,A350,10.0,8.99,9.0,7.25,No,Snow,4.64,No
1415,A380,7.24,0.97,7.25,5.94,Yes,Rain,9.51,No
1416,A320,1.78,7.15,0.47,5.07,No,Rain,6.08,Yes
1417,A320,6.03,7.24,0.7,6.23,No,Thunderstorm,4.12,Yes
1418,B737,4.42,2.68,8.28,8.55,No,Thunderstorm,9.72,Yes
1419,A320,0.55,5.32,4.42,8.09,No,Snow,9.57,Yes
1420,A380,6.95,0.01,5.29,8.1,No,Snow,0.64,No
1421,B787,7.63,8.57,0.92,3.62,No,Clear,1.84,Yes
1422,A380,5.87,3.94,9.39,6.08,No,Clear,8.51,No
1423,A380,5.41,7.89,8.35,8.65,No,Clear,4.67,No
1424,B737,8.75,6.48,2.0,2.73,No,Thunderstorm,2.92,Yes
1425,A320,8.48,8.6,0.4,2.19,No,Clear,7.69,No
1426,B787,6.11,1.27,1.39,3.42,No,Clear,2.17,No
1427,A380,8.95,8.32,8.6,1.05,Yes,Snow,2.15,Yes
1428,A380,2.65,6.45,6.85,7.65,No,Fog,0.13,Yes
1429,A350,9.24,5.2,9.81,2.77,No,Snow,2.18,No
1430,A350,6.85,5.04,3.58,5.41,No,Fog,7.29,Yes
1431,A380,2.01,1.7,9.18,4.11,Yes,Clear,8.07,Yes
1432,A350,4.25,4.04,3.01,2.22,Yes,Snow,3.61,No
1433,B737,1.72,9.3,9.53,8.61,No,Snow,3.09,Yes
1434,A350,5.8,8.17,1.99,2.88,No,Fog,7.03,No
1435,B737,3.99,1.77,6.1,2.35,No,Rain,5.5,Yes
1436,A320,6.1,5.74,6.8,5.47,Yes,Fog,0.49,No
1437,A350,9.25,6.22,8.43,2.94,No,Thunderstorm,4.05,Yes
1438,A320,8.53,8.93,4.59,1.6,No,Snow,8.62,No
1439,B737,1.22,9.9,4.35,3.11,No,Fog,4.41,No
1440,B737,5.51,6.12,6.16,5.43,Yes,Rain,0.41,No
1441,A380,9.08,1.7,8.04,8.76,Yes,Thunderstorm,3.81,Yes
1442,A350,6.83,5.63,2.09,2.46,Yes,Clear,2.14,No
1443,A380,2.82,9.26,1.95,5.42,No,Thunderstorm,8.66,No
1444,B737,4.38,7.94,8.35,4.94,No,Clear,6.56,Yes
1445,A380,0.8,4.18,7.99,3.71,No,Thunderstorm,7.38,Yes
1446,A320,0.15,1.59,9.56,8.89,No,Thunderstorm,9.01,Yes
1447,A380,1.23,3.56,7.43,6.36,No,Snow,0.95,Yes
1448,A380,2.71,2.71,4.13,8.84,No,Snow,4.13,Yes
1449,B787,2.3,9.75,4.13,3.21,No,Rain,6.01,Yes
1450,A380,9.92,4.69,9.66,9.39,Yes,Fog,4.41,Yes
1451,B787,5.75,6.85,7.6,3.26,No,Fog,3.71,No
1452,A380,1.51,1.15,6.63,0.93,Yes,Clear,7.49,Yes
1453,A380,9.51,5.91,1.12,8.11,No,Snow,0.84,Yes
1454,B787,3.31,6.0,2.83,5.42,No,Clear,5.83,No
1455,A380,6.7,3.23,6.98,7.38,Yes,Thunderstorm,9.35,No
1456,B787,2.97,8.86,6.26,1.91,Yes,Fog,9.51,No
1457,A380,5.56,1.73,6.36,2.02,Yes,Thunderstorm,4.84,Yes
1458,A350,9.85,9.14,0.5,3.31,Yes,Clear,7.12,No
1459,A380,1.44,3.36,6.94,1.98,Yes,Fog,1.49,Yes
1460,A350,7.87,5.09,5.11,1.14,No,Snow,5.63,No
1461,A380,8.87,9.04,9.8,6.6,No,Thunderstorm,3.25,Yes
1462,B737,3.69,7.09,4.77,8.77,No,Thunderstorm,9.37,No
1463,A320,6.3,4.57,7.78,2.43,Yes,Fog,2.8,No
1464,A350,9.33,0.55,9.7,8.16,Yes,Thunderstorm,6.76,No
1465,A320,2.84,1.32,7.42,4.71,No,Thunderstorm,8.34,No
1466,B737,9.59,2.74,7.68,8.51,No,Snow,9.2,No
1467,B787,7.45,6.29,8.71,3.58,Yes,Rain,8.33,No
1468,A320,7.28,2.39,7.84,8.84,No,Thunderstorm,6.82,Yes
1469,B787,4.69,4.86,1.16,9.62,Yes,Clear,8.87,No
1470,A320,2.97,7.45,9.43,4.73,No,Thunderstorm,5.33,No
1471,A320,7.6,4.47,4.38,5.54,Yes,Snow,3.54,Yes
1472,A350,5.56,3.87,6.44,2.93,No,Thunderstorm,7.2,No
1473,A320,5.22,6.2,1.78,4.59,Yes,Snow,4.28,Yes
1474,B787,8.39,5.88,6.51,6.23,Yes,Thunderstorm,3.52,No
1475,A350,2.49,9.26,7.09,9.73,Yes,Rain,1.36,No
1476,A350,0.08,9.84,5.81,5.71,No,Thunderstorm,6.44,No
1477,A350,7.13,1.57,9.19,3.37,Yes,Snow,7.5,No
1478,B787,8.01,3.58,5.31,7.66,No,Snow,5.08,Yes
1479,B737,8.73,6.2,1.22,5.44,No,Rain,7.23,No
1480,A380,5.09,0.53,1.43,5.69,Yes,Fog,0.78,No
1481,A380,4.11,2.14,8.91,7.15,Yes,Clear,1.48,No
1482,A350,8.04,2.43,5.68,6.94,Yes,Snow,2.88,Yes
1483,A380,7.37,5.91,9.07,2.13,No,Snow,6.9,Yes
1484,A320,8.47,6.83,0.9,7.86,Yes,Thunderstorm,0.4,No
1485,B787,2.94,1.15,2.44,2.78,No,Fog,5.05,No
1486,B787,7.43,4.58,2.4,3.79,Yes,Clear,5.03,No
1487,B737,5.2,7.58,5.4,9.46,Yes,Rain,7.96,Yes
1488,A320,2.11,3.82,1.97,4.31,No,Snow,3.67,No
1489,A320,3.25,5.24,4.09,1.62,No,Thunderstorm,1.52,No
1490,B787,6.3,5.26,0.72,2.92,No,Snow,0.78,Yes
1491,B737,3.31,4.91,1.94,4.44,Yes,Clear,9.39,Yes
1492,B737,7.16,1.74,6.28,0.39,No,Snow,1.21,No
1493,A320,8.78,1.48,5.15,6.91,Yes,Clear,1.24,Yes
1494,A380,0.65,8.02,3.46,4.13,Yes,Clear,4.65,No
1495,A380,0.02,7.98,7.98,7.75,Yes,Rain,6.58,No
1496,B787,8.84,7.41,9.72,0.28,No,Fog,4.82,Yes
1497,B787,9.26,0.01,1.26,3.45,No,Fog,2.75,No
1498,A380,0.43,9.66,8.67,5.26,No,Thunderstorm,4.47,Yes
1499,A320,3.46,1.19,9.17,3.44,Yes,Thunderstorm,9.11,No
1500,A350,3.76,5.38,9.76,4.35,No,Snow,5.38,Yes
1501,A350,1.79,8.34,2.66,5.28,Yes,Clear,3.83,No
1502,B737,5.79,8.49,6.76,9.14,No,Snow,6.99,No
1503,A350,7.56,0.8,7.15,5.01,Yes,Thunderstorm,4.08,No
1504,B737,5.19,3.27,6.18,2.39,Yes,Rain,3.36,Yes
1505,A320,3.79,4.62,3.34,9.02,Yes,Fog,1.22,No
1506,A380,7.85,5.23,2.81,4.4,No,Rain,7.85,Yes
1507,B737,8.77,8.39,9.27,5.03,No,Thunderstorm,9.58,Yes
1508,B737,5.14,0.99,8.84,5.84,No,Snow,1.31,No
1509,A350,1.91,1.86,2.98,2.93,Yes,Thunderstorm,4.7,No
1510,A320,4.76,9.13,5.31,7.73,No,Thunderstorm,4.03,No
1511,B787,2.26,1.1,1.13,1.98,No,Clear,3.48,No
1512,A350,1.04,3.32,0.03,0.94,No,Rain,4.29,No
1513,A380,7.27,5.93,5.08,0.07,No,Snow,1.84,No
1514,A350,7.19,7.67,0.73,8.95,Yes,Clear,6.61,No
1515,A320,0.5,3.34,5.62,4.91,No,Rain,2.27,No
1516,A320,0.58,7.53,6.55,1.54,No,Snow,3.26,Yes
1517,A350,7.55,1.2,4.26,5.82,No,Snow,8.31,Yes
1518,A320,5.77,6.18,4.71,6.41,Yes,Fog,9.89,Yes
1519,A350,6.25,2.05,9.49,3.01,No,Thunderstorm,5.98,No
1520,B737,9.64,2.25,4.15,3.88,Yes,Thunderstorm,0.01,No
1521,B787,4.82,0.19,0.76,4.84,Yes,Thunderstorm,5.47,Yes
1522,A320,0.86,4.0,0.37,3.39,Yes,Clear,9.12,Yes
1523,B787,5.5,2.69,7.4,7.64,Yes,Thunderstorm,1.73,No
1524,A350,1.6,3.18,2.91,4.07,No,Rain,2.55,Yes
1525,A320,1.56,6.81,9.52,1.78,No,Fog,3.44,Yes
1526,A350,2.77,1.22,1.34,0.51,Yes,Snow,2.63,Yes
1527,B737,1.37,4.22,5.03,2.95,Yes,Clear,7.56,Yes
1528,A380,3.47,4.01,8.72,8.91,Yes,Thunderstorm,5.17,No
1529,A380,6.32,5.9,7.24,6.14,No,Thunderstorm,6.53,Yes
1530,A380,5.07,9.18,2.85,8.61,No,Clear,6.9,No
1531,A320,0.51,6.05,1.2,8.61,No,Snow,5.07,No
1532,A350,9.25,1.63,9.24,1.13,No,Snow,0.45,No
1533,A350,7.5,8.53,1.15,7.29,Yes,Snow,1.22,No
1534,B737,5.87,1.54,3.18,8.02,Yes,Snow,0.61,Yes
1535,B787,2.42,9.33,8.05,4.72,Yes,Snow,0.11,No
1536,A350,2.15,4.64,8.65,6.42,No,Rain,2.36,Yes
1537,A320,7.71,5.36,0.48,1.52,No,Thunderstorm,8.38,Yes
1538,B787,4.62,6.88,9.86,8.34,No,Fog,2.79,Yes
1539,A350,9.59,6.91,8.08,4.5,No,Rain,2.55,Yes
1540,B737,1.94,1.13,8.94,2.44,Yes,Fog,3.97,Yes
1541,A320,4.97,6.24,3.83,2.79,Yes,Clear,8.57,Yes
1542,B787,8.47,4.59,7.25,3.1,No,Snow,9.63,Yes
1543,B737,6.21,1.63,7.13,2.73,Yes,Fog,0.8,Yes
1544,B737,2.89,5.44,0.14,1.86,No,Thunderstorm,9.98,No
1545,A320,6.99,2.2,4.21,0.43,No,Fog,4.29,No
1546,B737,3.15,5.86,4.48,2.53,Yes,Snow,6.87,Yes
1547,A320,6.17,0.15,8.11,0.61,No,Rain,2.67,No
1548,B787,4.0,9.46,3.26,0.29,No,Fog,6.84,Yes
1549,A320,9.84,3.15,8.18,0.31,Yes,Clear,8.55,Yes
1550,A350,8.53,3.05,1.81,1.96,No,Rain,1.66,No
1551,B787,5.49,4.62,4.47,4.22,Yes,Rain,1.13,No
1552,A320,4.11,3.12,8.4,2.18,No,Thunderstorm,8.25,No
1553,A320,5.03,2.24,1.39,4.91,Yes,Fog,9.98,No
1554,A320,8.32,4.18,0.33,7.51,No,Snow,0.46,No
1555,A320,4.83,1.63,9.88,1.27,Yes,Clear,6.89,No
1556,B737,7.65,1.75,5.82,7.84,No,Thunderstorm,9.88,Yes
1557,B787,4.76,6.64,4.63,7.82,Yes,Snow,9.52,No
1558,A350,6.76,6.14,9.29,9.56,Yes,Fog,4.38,No
1559,A380,1.11,3.69,3.47,0.33,Yes,Thunderstorm,0.47,Yes
1560,B787,1.19,7.36,8.03,2.23,No,Clear,3.61,Yes
1561,A320,2.83,3.28,8.34,0.84,No,Fog,8.17,No
1562,B787,3.15,4.11,2.09,3.48,No,Snow,4.19,Yes
1563,A380,7.12,7.79,2.61,5.09,No,Snow,7.87,Yes
1564,A320,2.24,0.88,6.0,8.23,Yes,Fog,2.54,Yes
1565,B737,4.75,6.99,2.97,6.28,Yes,Thunderstorm,3.55,Yes
1566,A320,6.87,1.34,3.36,6.24,Yes,Fog,2.49,Yes
1567,A320,8.77,6.26,9.71,2.1,Yes,Clear,6.5,Yes
1568,B737,0.47,1.86,9.91,8.71,Yes,Snow,8.49,Yes
1569,A350,4.83,8.58,0.34,6.29,No,Rain,5.97,Yes
1570,A350,5.84,8.9,2.55,9.02,No,Clear,8.63,Yes
1571,B787,0.17,3.89,0.74,0.24,No,Thunderstorm,3.59,Yes
1572,A380,3.18,9.37,6.77,9.67,Yes,Fog,9.99,Yes
1573,B787,9.42,4.32,7.32,1.86,Yes,Fog,9.51,Yes
1574,A380,9.4,4.59,1.74,6.86,Yes,Fog,0.2,No
1575,A350,0.42,4.94,4.35,9.45,No,Snow,1.23,Yes
1576,B737,0.36,7.16,8.83,6.72,Yes,Snow,4.5,Yes
1577,B787,2.47,8.3,9.38,2.72,No,Fog,1.8,Yes
1578,A350,8.05,0.34,3.83,8.25,Yes,Clear,0.06,Yes
1579,A320,9.35,0.68,5.19,0.32,Yes,Fog,2.12,No
1580,B787,5.04,5.49,7.55,3.63,Yes,Snow,4.08,Yes
1581,B787,2.44,7.41,2.91,4.68,No,Rain,7.12,No
1582,B737,4.18,2.59,0.78,0.26,Yes,Snow,7.03,No
1583,A350,3.65,0.94,2.77,0.67,No,Thunderstorm,5.04,Yes
1584,B787,0.99,1.29,2.9,0.82,No,Snow,0.09,No
1585,A380,1.21,4.96,0.36,0.74,No,Rain,1.7,Yes
1586,B737,1.37,4.42,4.86,1.38,Yes,Fog,1.9,No
1587,A320,2.2,1.48,5.1,8.33,Yes,Clear,5.62,Yes
1588,B787,8.73,0.27,1.81,6.13,Yes,Snow,8.96,No
1589,A320,9.83,2.64,2.78,9.09,No,Fog,1.83,Yes
1590,B737,6.83,8.06,8.06,0.85,Yes,Thunderstorm,9.2,No
1591,A380,0.88,6.86,2.17,7.0,No,Thunderstorm,8.99,Yes
1592,A380,7.2,2.82,2.19,7.35,Yes,Thunderstorm,4.6,Yes
1593,A350,7.71,0.67,5.46,6.65,Yes,Snow,0.65,No
1594,A320,7.56,7.17,6.34,4.12,Yes,Fog,2.91,No
1595,A350,6.53,7.46,0.3,2.57,Yes,Fog,1.42,Yes
1596,B787,0.6,5.5,2.04,2.13,Yes,Clear,4.51,Yes
1597,A380,1.86,8.3,3.34,2.26,Yes,Fog,2.18,Yes
1598,A320,3.13,5.51,2.03,3.81,Yes,Thunderstorm,4.08,Yes
1599,B787,8.72,6.14,6.16,2.01,Yes,Rain,6.12,No
1600,A350,7.96,1.2,2.28,5.5,No,Rain,3.05,Yes
1601,A350,3.33,8.29,2.09,9.68,No,Rain,2.17,Yes
1602,B787,2.03,6.39,2.27,4.7,Yes,Thunderstorm,6.63,No
1603,A380,1.03,5.38,1.16,5.16,No,Fog,2.94,No
1604,A320,2.57,2.72,5.01,2.69,Yes,Fog,5.27,No
1605,B787,1.01,5.74,6.76,5.06,Yes,Thunderstorm,3.9,Yes
1606,A380,4.18,3.75,6.45,0.97,No,Thunderstorm,1.85,No
1607,B787,6.79,3.59,1.92,0.28,Yes,Fog,4.59,Yes
1608,B737,5.44,0.7,3.73,3.68,No,Fog,3.12,No
1609,A350,4.34,3.09,1.35,7.68,No,Fog,7.77,No
1610,A380,3.53,8.04,2.2,7.96,No,Rain,8.9,Yes
1611,A380,1.19,8.26,3.87,4.84,No,Thunderstorm,5.25,No
1612,B787,3.14,6.2,5.59,6.88,No,Fog,2.56,No
1613,A320,0.28,5.71,4.45,0.53,No,Clear,8.1,Yes
1614,A380,3.33,0.14,9.71,1.05,No,Clear,9.04,No
1615,B787,4.77,8.92,5.66,8.64,Yes,Fog,0.64,No
1616,B737,5.56,9.61,9.95,2.51,No,Fog,2.57,No
1617,A380,7.89,0.21,7.47,4.64,Yes,Clear,6.88,No
1618,A350,3.57,1.03,4.87,4.53,Yes,Rain,1.36,Yes
1619,B737,0.24,5.46,2.26,9.95,No,Fog,9.81,No
1620,B737,5.03,6.07,2.26,1.66,Yes,Snow,5.76,No
1621,B737,7.26,8.9,5.08,4.49,No,Clear,4.08,No
1622,A320,9.87,0.15,0.69,8.16,No,Thunderstorm,8.25,Yes
1623,A320,9.54,0.06,5.23,0.84,No,Snow,4.95,Yes
1624,B737,6.4,6.8,0.59,5.5,No,Snow,0.37,Yes
1625,A380,4.05,4.19,4.58,2.27,No,Fog,3.1,Yes
1626,A380,1.14,3.45,8.64,3.29,Yes,Rain,8.28,Yes
1627,B787,3.73,6.92,7.69,1.42,No,Rain,6.47,Yes
1628,B787,1.55,5.62,6.18,8.7,No,Clear,1.36,No
1629,B787,6.94,5.51,7.82,6.17,No,Snow,8.89,No
1630,B737,9.42,2.77,1.08,4.78,No,Thunderstorm,0.43,Yes
1631,A320,2.37,2.61,6.72,9.22,No,Rain,3.42,Yes
1632,A320,2.71,0.23,4.49,4.31,Yes,Fog,9.77,Yes
1633,A350,8.9,1.93,1.15,3.24,Yes,Clear,7.43,No
1634,A380,6.65,7.52,1.91,8.0,No,Fog,9.3,No
1635,A320,1.28,1.94,6.02,1.48,Yes,Snow,5.74,Yes
1636,A350,4.35,0.53,9.43,1.98,Yes,Thunderstorm,5.75,Yes
1637,A350,6.54,2.95,9.83,8.22,No,Snow,6.1,Yes
1638,A380,7.51,0.66,5.19,6.38,No,Fog,6.44,No
1639,A380,4.72,3.91,5.64,0.34,No,Thunderstorm,5.01,No
1640,B787,8.34,7.03,0.72,7.71,No,Thunderstorm,4.99,Yes
1641,A320,8.46,2.24,1.4,4.68,No,Clear,0.83,Yes
1642,A320,0.45,8.03,8.78,3.69,No,Snow,1.08,Yes
1643,A320,5.44,4.7,2.57,1.7,Yes,Rain,2.4,No
1644,B787,6.95,4.85,5.96,8.88,No,Thunderstorm,8.9,Yes
1645,B787,0.1,9.19,6.38,4.4,Yes,Fog,1.52,Yes
1646,B787,1.51,2.33,3.86,8.4,No,Clear,4.17,Yes
1647,B787,2.84,1.28,9.97,4.65,No,Thunderstorm,6.91,No
1648,B787,3.65,8.16,5.87,2.57,Yes,Fog,3.31,No
1649,B787,8.27,4.87,7.15,1.47,Yes,Thunderstorm,9.47,Yes
1650,A320,8.93,9.9,3.98,9.76,No,Thunderstorm,1.71,No
1651,A350,9.19,8.52,9.12,6.19,Yes,Thunderstorm,5.65,No
1652,A380,6.29,5.62,9.31,1.03,Yes,Rain,8.39,Yes
1653,B787,3.02,3.38,5.28,8.7,Yes,Snow,5.99,Yes
1654,B737,3.1,6.26,8.96,3.06,Yes,Rain,7.3,No
1655,A320,0.14,6.48,6.19,1.55,No,Fog,2.14,Yes
1656,B787,9.32,5.13,1.49,8.62,Yes,Clear,7.37,No
1657,A320,7.01,3.19,5.64,6.97,No,Rain,9.63,Yes
1658,A350,2.44,1.19,2.13,5.87,No,Rain,9.55,No
1659,A380,8.11,4.76,7.88,9.15,Yes,Thunderstorm,1.48,No
1660,A320,5.3,2.6,3.64,6.95,Yes,Fog,4.05,Yes
1661,A380,3.1,5.33,4.95,7.49,No,Snow,7.9,Yes
1662,B787,8.37,3.73,9.96,7.32,No,Rain,4.25,Yes
1663,A380,6.76,3.56,3.46,0.23,Yes,Fog,8.26,No
1664,B737,7.44,3.35,2.15,0.97,Yes,Thunderstorm,7.19,Yes
1665,B787,3.29,3.03,0.3,0.84,No,Clear,7.78,Yes
1666,A320,7.14,5.61,7.3,7.19,Yes,Thunderstorm,4.66,Yes
1667,B787,3.22,7.25,8.48,4.42,No,Clear,0.28,Yes
1668,A380,1.66,1.69,0.97,7.58,No,Snow,3.45,Yes
1669,B737,7.84,1.89,1.52,4.26,Yes,Thunderstorm,3.34,Yes
1670,B787,9.9,7.81,9.39,5.64,No,Fog,8.85,Yes
1671,A380,5.45,7.58,3.1,0.22,No,Rain,9.21,Yes
1672,B737,0.27,6.13,0.83,7.42,No,Thunderstorm,8.26,Yes
1673,A350,6.18,3.51,5.97,9.04,No,Rain,8.01,No
1674,A350,3.97,3.01,1.74,9.61,Yes,Rain,9.39,No
1675,B737,9.89,1.62,5.03,1.16,No,Snow,1.99,No
1676,A320,2.46,6.2,6.1,7.82,Yes,Fog,2.18,No
1677,A380,9.95,4.25,5.36,7.21,No,Rain,7.67,No
1678,B737,8.84,7.28,3.82,6.32,Yes,Fog,2.32,No
1679,A380,4.2,5.76,6.87,0.22,Yes,Fog,8.21,Yes
1680,B787,4.67,9.91,8.52,2.72,No,Snow,4.25,No
1681,B787,8.62,9.44,4.68,0.49,Yes,Thunderstorm,10.0,No
1682,A320,4.17,5.82,2.51,8.37,Yes,Snow,7.37,Yes
1683,A320,7.55,7.9,6.82,1.62,Yes,Fog,4.41,Yes
1684,B737,0.37,3.84,9.1,5.39,Yes,Thunderstorm,1.88,No
1685,B737,8.14,7.45,2.43,6.06,No,Snow,1.36,No
1686,B787,3.24,2.47,3.43,5.18,Yes,Clear,3.68,No
1687,A380,5.75,9.57,4.55,4.77,No,Clear,8.78,No
1688,A380,1.33,2.85,6.69,3.68,No,Clear,1.75,Yes
1689,B787,0.11,5.32,5.32,9.46,No,Thunderstorm,5.09,Yes
1690,A350,1.24,3.65,5.76,1.77,No,Fog,1.6,No
1691,B737,5.66,0.33,2.67,0.57,Yes,Thunderstorm,5.52,Yes
1692,A320,9.05,6.79,9.32,8.04,No,Rain,9.49,No
1693,A380,7.37,4.4,6.87,3.13,Yes,Fog,1.51,Yes
1694,B787,5.43,3.23,9.78,5.59,No,Rain,8.93,No
1695,B787,9.25,8.35,4.77,9.74,Yes,Fog,8.38,Yes
1696,B787,9.34,2.26,5.59,4.16,No,Thunderstorm,0.12,Yes
1697,A350,6.07,8.32,7.79,1.65,No,Clear,5.2,Yes
1698,A350,8.91,6.16,7.0,0.33,No,Thunderstorm,1.21,Yes
1699,A320,4.57,5.06,6.81,0.58,Yes,Fog,4.41,No
1700,A350,0.89,9.1,8.58,2.5,No,Fog,5.49,No
1701,A320,2.27,8.11,5.17,8.37,Yes,Thunderstorm,4.89,Yes
1702,B787,3.81,1.67,9.61,2.17,Yes,Fog,7.26,Yes
1703,B787,7.97,2.14,8.48,3.44,No,Clear,3.22,Yes
1704,A350,6.13,4.34,4.45,1.29,Yes,Thunderstorm,8.16,Yes
1705,B787,9.65,5.67,7.44,7.24,No,Rain,3.98,No
1706,A320,2.16,2.99,9.97,2.53,No,Snow,1.98,Yes
1707,A350,2.16,7.92,0.49,5.39,No,Rain,2.79,No
1708,A380,7.67,7.64,0.28,4.41,Yes,Snow,8.79,No
1709,A320,4.17,2.25,0.2,4.29,Yes,Rain,7.91,Yes
1710,A320,1.87,6.25,2.04,3.25,Yes,Thunderstorm,0.93,No
1711,A350,5.51,6.96,1.89,3.05,Yes,Thunderstorm,1.14,Yes
1712,A350,4.15,8.89,3.25,0.08,No,Rain,4.53,No
1713,B787,8.66,7.41,4.24,4.11,No,Thunderstorm,5.11,Yes
1714,B787,7.67,9.41,7.08,0.54,No,Rain,5.73,Yes
1715,A320,5.48,0.65,8.76,7.32,No,Snow,2.26,No
1716,A350,1.52,2.24,3.32,2.18,Yes,Snow,3.83,Yes
1717,B737,6.61,0.22,4.75,7.06,No,Clear,4.07,Yes
1718,B787,0.46,5.41,1.16,5.43,No,Fog,5.99,Yes
1719,A350,8.18,7.03,6.1,7.33,Yes,Rain,8.39,Yes
1720,A380,6.92,0.97,6.37,5.47,Yes,Thunderstorm,2.17,No
1721,B737,7.48,5.44,8.81,0.44,Yes,Fog,3.26,Yes
1722,B787,5.32,0.67,6.61,4.96,No,Fog,5.38,No
1723,B737,2.77,7.53,3.54,8.41,No,Thunderstorm,4.62,No
1724,A380,8.35,2.18,8.78,2.85,No,Clear,2.04,No
1725,A380,7.22,5.14,5.68,0.85,No,Snow,4.99,No
1726,B737,1.27,9.24,6.68,2.9,Yes,Fog,8.01,Yes
1727,A320,6.88,5.16,2.75,7.55,Yes,Thunderstorm,8.01,Yes
1728,B737,4.94,7.41,0.13,1.34,No,Rain,5.6,Yes
1729,A350,8.7,5.47,4.5,1.68,Yes,Fog,0.96,Yes
1730,A380,5.45,9.49,7.96,2.05,No,Clear,8.53,No
1731,B737,2.12,0.54,1.5,1.68,Yes,Fog,3.5,No
1732,A350,5.06,5.66,8.83,9.14,No,Clear,1.68,Yes
1733,A320,4.58,7.31,1.18,1.82,No,Clear,2.09,Yes
1734,B787,5.79,4.69,9.94,9.09,No,Rain,0.93,No
1735,A350,5.57,0.03,9.68,7.72,No,Rain,4.72,No
1736,A320,0.33,2.78,8.13,0.69,No,Rain,5.72,Yes
1737,B737,0.78,8.32,1.33,8.68,Yes,Fog,6.18,Yes
1738,A320,8.79,7.53,7.78,5.71,No,Snow,0.5,No
1739,A380,6.28,3.77,9.13,7.38,No,Thunderstorm,3.13,No
1740,B787,1.62,6.2,8.32,6.8,Yes,Snow,7.2,No
1741,B787,3.89,6.96,4.47,2.03,No,Thunderstorm,7.44,Yes
1742,A350,4.61,8.5,4.25,9.48,No,Fog,5.46,Yes
1743,B737,1.53,6.84,1.55,4.81,Yes,Clear,5.64,No
1744,B787,4.36,7.86,0.63,5.58,No,Snow,8.59,No
1745,A350,4.37,8.03,6.45,6.51,Yes,Snow,2.54,Yes
1746,B737,4.94,6.61,5.47,0.26,No,Snow,2.41,Yes
1747,A320,4.2,8.57,5.64,4.31,Yes,Rain,0.61,Yes
1748,A320,9.0,4.31,4.62,1.29,Yes,Snow,4.24,Yes
1749,B787,2.94,5.33,0.38,0.94,No,Clear,6.75,Yes
1750,A380,9.84,6.19,4.36,1.23,Yes,Thunderstorm,5.32,No
1751,A380,7.31,1.55,4.07,2.53,Yes,Rain,2.37,Yes
1752,B787,3.24,6.54,8.04,8.76,No,Fog,8.95,Yes
1753,A380,4.52,2.14,1.68,2.19,No,Snow,8.14,Yes
1754,B787,3.11,4.3,2.01,3.88,No,Rain,2.58,No
1755,B787,6.7,4.74,3.2,8.78,No,Rain,3.14,Yes
1756,B787,5.07,1.13,1.86,7.07,No,Clear,9.68,Yes
1757,B787,5.93,3.23,7.25,6.77,Yes,Rain,6.76,No
1758,A380,6.55,6.07,1.33,8.39,No,Clear,0.2,Yes
1759,A320,6.6,2.83,5.88,4.18,No,Thunderstorm,4.32,Yes
1760,A320,0.89,3.16,2.03,8.45,Yes,Fog,2.99,No
1761,A320,5.38,8.34,5.44,4.17,No,Fog,4.32,Yes
1762,A380,5.07,6.37,7.69,5.61,No,Clear,6.97,No
1763,B787,4.42,6.16,7.72,0.33,Yes,Rain,6.48,No
1764,B787,4.13,1.3,4.37,7.48,No,Rain,5.88,No
1765,B787,8.22,5.24,2.25,1.01,No,Thunderstorm,7.67,No
1766,A350,7.2,7.94,8.61,7.47,Yes,Clear,1.94,Yes
1767,B787,0.95,0.95,0.5,8.95,Yes,Thunderstorm,2.36,Yes
1768,B737,3.72,8.3,0.66,7.0,Yes,Clear,5.94,Yes
1769,B737,5.94,4.25,2.61,7.19,No,Fog,7.82,Yes
1770,A350,4.94,6.31,9.43,9.61,No,Rain,8.5,Yes
1771,A350,6.62,5.12,9.11,6.74,Yes,Clear,4.58,No
1772,A320,4.29,9.35,8.68,2.29,No,Snow,1.77,No
1773,A320,9.59,8.32,9.98,2.05,No,Fog,5.02,Yes
1774,B737,1.41,9.72,5.36,4.12,No,Thunderstorm,7.36,Yes
1775,A350,6.57,7.68,0.3,8.68,Yes,Rain,8.72,No
1776,A380,7.68,9.08,5.85,2.14,No,Rain,4.46,No
1777,A350,6.13,0.19,8.24,1.11,Yes,Snow,3.12,No
1778,A350,6.95,6.6,2.37,6.61,Yes,Thunderstorm,8.49,No
1779,B787,5.77,9.44,4.54,2.5,Yes,Rain,8.5,No
1780,A380,6.49,6.11,9.23,0.74,Yes,Rain,7.6,No
1781,B787,4.97,1.49,8.36,1.51,No,Rain,5.95,Yes
1782,B737,7.42,7.12,5.02,4.2,Yes,Fog,3.4,No
1783,B737,0.67,9.79,1.12,8.88,Yes,Snow,0.42,No
1784,B737,7.63,0.7,3.44,1.75,No,Thunderstorm,1.87,Yes
1785,A380,5.32,8.79,2.18,0.3,Yes,Clear,5.75,Yes
1786,B787,2.51,1.96,9.16,5.46,No,Fog,0.9,No
1787,A320,5.34,7.19,7.41,4.34,Yes,Fog,6.02,Yes
1788,B737,1.53,9.46,1.26,3.63,Yes,Thunderstorm,4.62,No
1789,B737,8.87,0.46,3.36,1.87,Yes,Rain,3.35,No
1790,A320,8.74,0.98,0.01,8.98,Yes,Thunderstorm,3.8,No
1791,A350,9.35,8.93,9.47,9.55,Yes,Thunderstorm,0.49,No
1792,B737,9.28,1.42,9.87,5.36,No,Thunderstorm,6.96,Yes
1793,B737,3.76,4.14,1.34,3.33,Yes,Snow,7.58,No
1794,A320,1.04,0.09,3.56,8.71,Yes,Fog,8.59,No
1795,B737,2.2,9.13,8.88,9.93,No,Clear,4.47,No
1796,B787,4.87,1.27,8.09,9.52,No,Rain,3.78,Yes
1797,A350,5.58,3.55,0.23,4.71,Yes,Fog,1.99,No
1798,B787,1.33,2.2,2.34,8.6,No,Fog,6.81,No
1799,A320,6.55,1.17,1.96,9.98,Yes,Clear,2.88,No
1800,A350,9.02,9.37,8.3,8.15,No,Rain,7.04,No
1801,A350,8.96,4.54,9.1,1.95,No,Clear,8.59,Yes
1802,A320,7.91,4.39,5.16,2.67,No,Snow,7.76,No
1803,A380,7.34,5.31,6.64,1.18,Yes,Clear,2.81,Yes
1804,A320,5.64,8.54,5.81,4.58,Yes,Clear,0.31,No
1805,B787,7.78,3.87,9.9,3.9,No,Snow,4.22,Yes
1806,A380,6.63,7.6,5.87,8.18,Yes,Rain,5.05,Yes
1807,A320,8.3,6.42,3.21,0.15,No,Rain,3.17,Yes
1808,A380,9.51,2.68,3.73,9.62,No,Fog,9.45,No
1809,B787,4.24,9.7,6.45,2.68,Yes,Snow,6.18,Yes
1810,A350,6.91,7.33,4.5,2.36,No,Fog,5.4,Yes
1811,B787,6.36,6.67,1.5,7.5,Yes,Rain,3.39,Yes
1812,B737,4.44,8.49,6.34,0.9,Yes,Rain,4.97,No
1813,A350,5.32,5.39,7.56,3.74,Yes,Fog,3.35,Yes
1814,A320,4.52,3.67,0.34,8.11,No,Clear,5.45,Yes
1815,A320,7.07,2.51,2.45,5.38,No,Snow,5.31,No
1816,A320,4.67,1.12,0.36,0.65,Yes,Fog,3.81,Yes
1817,B787,2.36,9.18,2.27,4.01,Yes,Thunderstorm,2.24,Yes
1818,A320,9.27,3.51,5.45,2.43,Yes,Fog,5.87,Yes
1819,A380,4.0,9.72,4.64,4.37,No,Fog,8.73,No
1820,A320,4.84,1.13,9.6,8.95,No,Rain,6.96,No
1821,A350,6.99,9.99,0.99,2.64,Yes,Thunderstorm,4.12,No
1822,A350,5.37,5.23,3.37,4.48,No,Rain,9.92,Yes
1823,B787,9.21,5.93,9.8,9.66,Yes,Thunderstorm,4.76,Yes
1824,B737,6.3,8.38,9.49,8.89,No,Thunderstorm,1.36,Yes
1825,A350,0.55,7.42,4.93,5.97,Yes,Clear,8.28,Yes
1826,A350,8.41,6.88,7.63,6.82,No,Clear,4.6,No
1827,B737,1.17,0.38,2.53,2.71,No,Rain,5.03,Yes
1828,B737,9.41,2.18,9.43,3.9,Yes,Fog,5.46,No
1829,B787,7.53,7.42,2.14,4.64,Yes,Clear,3.3,Yes
1830,B737,7.73,1.35,8.7,9.71,Yes,Rain,3.43,No
1831,B737,4.91,8.25,6.02,7.4,No,Rain,9.45,No
1832,A320,0.22,0.39,3.29,5.31,No,Thunderstorm,5.45,Yes
1833,A320,0.84,2.65,2.91,5.77,No,Snow,7.32,No
1834,A380,1.71,7.51,5.23,4.3,Yes,Clear,2.79,No
1835,B787,3.0,2.79,0.38,2.28,Yes,Fog,7.14,Yes
1836,A350,4.08,8.91,3.55,2.34,No,Rain,5.73,No
1837,B787,9.58,9.93,2.11,9.62,Yes,Clear,1.97,No
1838,A380,6.88,5.25,4.83,8.94,No,Rain,8.92,Yes
1839,B787,8.61,3.2,4.69,4.92,Yes,Snow,1.75,Yes
1840,A380,8.25,4.57,5.9,4.03,No,Clear,9.5,No
1841,A350,2.1,7.3,3.53,0.84,No,Snow,6.14,No
1842,B737,9.79,3.21,5.51,2.83,Yes,Thunderstorm,7.47,No
1843,B737,3.06,3.62,4.4,9.62,Yes,Rain,5.93,Yes
1844,A320,9.81,6.51,6.55,4.59,No,Fog,7.77,No
1845,A350,3.0,1.73,5.49,8.92,Yes,Fog,4.28,No
1846,B737,8.15,2.65,1.79,9.25,No,Snow,0.44,No
1847,B787,1.89,8.8,2.31,6.54,No,Snow,3.35,No
1848,A350,3.81,4.81,5.71,3.77,Yes,Snow,7.27,No
1849,B737,4.84,4.04,5.99,1.66,No,Fog,7.16,Yes
1850,A380,1.26,9.75,9.9,4.21,No,Snow,8.21,No
1851,A380,7.26,9.57,1.44,2.25,No,Rain,6.45,Yes
1852,A380,3.75,0.22,3.32,7.03,Yes,Rain,6.61,Yes
1853,B737,9.83,0.01,7.16,1.53,Yes,Rain,8.19,No
1854,A350,5.69,6.96,6.87,7.59,Yes,Snow,8.47,Yes
1855,B737,1.7,9.9,2.97,6.72,No,Thunderstorm,9.32,No
1856,B787,3.76,8.06,0.68,9.43,Yes,Rain,4.32,Yes
1857,A350,4.48,7.5,4.7,3.0,No,Thunderstorm,2.32,No
1858,A380,6.95,5.69,2.27,6.1,Yes,Rain,2.38,Yes
1859,A350,5.42,2.23,6.45,0.84,Yes,Clear,6.42,No
1860,A380,8.07,6.01,4.41,4.78,No,Clear,1.51,Yes
1861,A380,2.28,2.53,2.65,8.18,No,Thunderstorm,4.19,Yes
1862,A320,7.43,2.01,8.43,6.52,No,Rain,4.94,No
1863,A350,4.15,0.21,1.89,9.19,No,Thunderstorm,6.49,No
1864,A320,7.72,7.74,8.0,4.25,Yes,Clear,4.77,Yes
1865,A380,4.08,4.41,2.17,1.6,No,Fog,6.22,Yes
1866,A320,7.32,3.48,8.99,0.51,No,Clear,1.91,No
1867,A380,9.06,4.98,0.51,8.93,No,Thunderstorm,2.46,No
1868,A380,4.69,4.77,5.53,0.31,Yes,Fog,6.17,No
1869,A350,3.83,6.79,8.66,1.43,Yes,Clear,4.43,Yes
1870,A380,5.57,4.22,0.58,2.48,Yes,Clear,8.91,No
1871,A380,3.72,5.77,9.53,7.61,No,Rain,5.55,Yes
1872,A380,2.79,6.87,1.07,1.85,Yes,Thunderstorm,9.51,No
1873,A380,7.58,4.31,9.75,8.67,No,Rain,9.08,No
1874,A320,1.83,3.35,1.36,7.1,No,Clear,7.12,Yes
1875,A320,4.52,7.19,0.56,7.32,Yes,Thunderstorm,0.0,Yes
1876,A380,4.49,1.05,7.63,4.81,No,Fog,1.58,No
1877,B787,4.57,2.57,1.77,1.76,No,Thunderstorm,0.52,Yes
1878,A320,9.08,6.78,2.27,3.15,No,Snow,0.98,Yes
1879,A380,9.06,5.03,1.09,0.54,No,Rain,9.42,Yes
1880,A320,9.99,5.59,4.12,9.41,No,Clear,9.36,Yes
1881,B787,1.07,7.49,2.11,7.49,No,Clear,0.24,No
1882,A380,3.87,1.08,7.04,4.0,No,Rain,8.0,No
1883,A350,1.48,4.69,4.19,2.54,No,Rain,1.63,Yes
1884,A320,7.38,6.62,9.85,3.55,Yes,Snow,4.24,Yes
1885,A320,1.96,8.93,1.67,4.13,No,Rain,8.96,No
1886,A380,5.52,1.1,2.23,6.04,No,Snow,3.05,Yes
1887,A320,0.8,0.2,8.89,4.04,Yes,Clear,0.59,Yes
1888,A350,0.07,5.76,7.12,0.64,Yes,Rain,4.73,Yes
1889,A320,0.38,5.67,9.16,0.14,No,Fog,4.75,Yes
1890,A320,8.08,6.78,7.24,5.8,Yes,Rain,2.37,Yes
1891,A350,7.37,4.69,1.32,5.19,Yes,Snow,8.86,No
1892,A350,5.58,7.12,8.84,2.93,No,Fog,5.49,No
1893,A350,3.24,8.12,8.45,7.81,No,Snow,8.57,Yes
1894,A380,9.78,3.12,3.68,3.15,Yes,Fog,5.21,No
1895,A350,1.41,4.05,9.9,5.2,No,Fog,7.55,No
1896,A350,8.51,6.54,1.66,6.52,Yes,Thunderstorm,6.62,No
1897,A380,5.49,0.16,7.78,5.18,No,Thunderstorm,9.55,Yes
1898,B737,6.33,6.95,6.46,9.0,Yes,Rain,5.17,No
1899,B737,8.0,7.64,3.35,9.85,Yes,Rain,5.43,Yes
1900,B737,0.87,4.61,8.08,6.37,No,Fog,6.4,No
1901,B787,6.42,1.86,0.72,1.5,Yes,Snow,4.49,Yes
1902,A350,5.25,9.0,2.08,7.29,No,Rain,6.44,No
1903,B737,7.92,4.68,7.79,2.93,No,Clear,7.0,No
1904,A380,9.47,8.89,4.64,4.04,No,Thunderstorm,5.85,Yes
1905,B737,4.15,1.71,7.47,8.94,No,Rain,0.93,No
1906,B787,2.65,5.21,8.04,4.66,No,Clear,1.96,Yes
1907,A380,8.8,7.87,8.31,7.62,No,Thunderstorm,3.16,Yes
1908,A350,1.77,9.7,2.33,7.0,Yes,Rain,9.47,Yes
1909,A380,7.19,8.1,9.28,7.11,No,Clear,4.39,No
1910,A350,2.17,1.41,8.33,0.17,No,Rain,9.24,Yes
1911,A350,5.57,2.63,9.39,8.52,No,Fog,0.32,No
1912,A320,1.23,4.66,9.54,0.35,No,Clear,0.1,Yes
1913,A350,9.39,7.77,4.83,8.8,Yes,Snow,5.34,Yes
1914,A350,5.1,7.76,3.95,1.2,Yes,Thunderstorm,1.98,Yes
1915,A320,7.2,6.44,2.62,1.69,No,Thunderstorm,0.55,No
1916,B737,2.4,4.25,9.33,7.66,Yes,Thunderstorm,1.32,No
1917,A320,4.21,6.22,8.95,8.47,No,Rain,2.67,No
1918,A350,9.56,9.71,5.75,3.7,No,Clear,1.16,No
1919,B787,6.68,0.02,0.48,3.84,No,Snow,7.23,Yes
1920,A350,9.14,5.2,9.81,6.22,Yes,Fog,3.12,Yes
1921,A320,7.87,5.8,3.05,9.02,Yes,Rain,4.9,No
1922,A350,0.5,3.07,1.34,7.32,No,Clear,6.46,No
1923,A380,0.59,8.94,1.64,1.35,Yes,Fog,9.71,No
1924,A320,4.43,6.95,0.87,2.98,Yes,Snow,3.77,No
1925,A320,9.41,0.42,2.13,8.26,No,Fog,5.6,Yes
1926,B787,4.2,9.28,4.72,9.77,No,Fog,0.93,No
1927,A320,7.74,4.79,2.88,7.4,Yes,Fog,9.26,Yes
1928,B737,8.41,9.16,5.73,3.8,Yes,Fog,8.57,Yes
1929,B737,6.92,8.5,4.1,8.27,No,Snow,3.03,Yes
1930,B737,9.27,4.83,2.56,6.99,No,Clear,6.83,Yes
1931,A350,7.82,6.39,9.0,3.03,No,Thunderstorm,9.41,Yes
1932,A320,1.27,0.77,1.78,6.07,No,Rain,2.57,No
1933,A380,1.85,1.9,5.35,5.73,Yes,Clear,3.69,Yes
1934,B787,9.94,2.37,9.19,7.89,Yes,Clear,2.78,No
1935,A320,4.93,7.61,6.17,0.5,No,Clear,2.73,Yes
1936,A380,7.09,4.32,7.57,4.73,No,Clear,9.61,No
1937,A350,9.33,1.13,0.91,0.84,No,Rain,1.8,Yes
1938,A350,7.5,8.72,0.39,6.9,Yes,Snow,5.91,No
1939,A320,8.0,4.45,4.66,9.91,Yes,Snow,6.52,Yes
1940,A320,1.11,6.8,5.31,1.02,Yes,Rain,5.31,No
1941,A350,1.94,6.27,2.94,3.58,Yes,Clear,1.91,Yes
1942,A320,7.87,0.42,3.27,7.39,Yes,Rain,3.48,Yes
1943,A350,9.92,4.99,2.99,0.16,No,Clear,5.99,Yes
1944,B787,1.12,8.34,2.73,9.52,No,Fog,7.41,No
1945,A320,5.91,7.24,9.27,2.26,Yes,Fog,0.04,No
1946,B737,1.01,1.12,6.93,0.67,Yes,Rain,7.2,No
1947,A320,5.89,1.87,6.5,4.69,Yes,Clear,7.18,No
1948,B737,5.79,5.05,9.63,1.73,Yes,Thunderstorm,9.78,No
1949,A380,3.33,2.32,0.49,6.94,No,Fog,2.98,Yes
1950,A320,7.09,4.06,2.02,7.14,Yes,Clear,1.28,No
1951,A350,5.79,4.46,7.03,4.06,No,Rain,4.08,No
1952,A380,7.75,9.8,7.47,1.42,Yes,Fog,7.96,No
1953,A320,0.81,5.39,7.71,8.38,No,Thunderstorm,5.45,No
1954,B737,1.64,2.34,2.7,9.58,Yes,Fog,0.49,Yes
1955,A380,9.37,7.17,9.61,8.09,Yes,Thunderstorm,2.02,No
1956,A380,9.16,2.34,7.81,7.97,Yes,Thunderstorm,3.48,Yes
1957,B737,7.03,2.74,9.89,9.23,Yes,Thunderstorm,5.97,Yes
1958,A350,8.43,8.57,9.74,0.73,Yes,Snow,6.67,No
1959,A350,7.52,7.9,2.02,2.42,No,Rain,6.58,Yes
1960,A350,1.78,5.81,8.89,2.83,Yes,Clear,9.34,No
1961,B737,4.53,7.85,2.63,2.2,No,Fog,3.32,No
1962,B787,2.66,6.27,2.58,8.14,No,Fog,7.32,Yes
1963,A350,7.73,0.69,4.88,5.82,Yes,Fog,7.66,No
1964,A320,5.23,7.6,0.29,3.18,No,Clear,8.41,No
1965,A380,7.13,6.69,0.26,7.19,Yes,Thunderstorm,0.26,Yes
1966,A380,1.05,1.41,8.57,9.55,No,Clear,8.76,Yes
1967,A380,4.12,9.9,1.33,2.33,Yes,Fog,6.65,Yes
1968,B787,0.29,2.43,6.49,1.34,Yes,Snow,0.77,Yes
1969,A380,1.33,1.81,4.27,7.64,Yes,Snow,9.89,Yes
1970,A350,3.27,4.37,6.86,4.73,Yes,Rain,2.79,Yes
1971,B787,3.3,9.78,7.6,4.04,No,Clear,2.09,Yes
1972,B787,5.73,4.07,1.42,4.3,Yes,Clear,6.0,Yes
1973,A320,1.41,2.61,0.44,7.0,Yes,Snow,1.35,Yes
1974,A380,3.3,7.02,4.51,9.51,Yes,Rain,5.49,No
1975,A380,5.17,5.14,9.29,2.04,Yes,Thunderstorm,6.98,No
1976,A350,0.16,4.82,8.03,5.47,No,Rain,4.9,No
1977,A350,5.06,9.75,2.39,9.55,No,Clear,7.44,No
1978,B787,5.0,7.78,1.49,2.29,No,Clear,7.6,Yes
1979,A350,1.28,7.77,7.13,7.04,Yes,Fog,8.4,No
1980,A380,4.03,6.28,7.58,0.91,No,Thunderstorm,8.52,Yes
1981,A380,8.08,8.31,4.92,5.93,Yes,Fog,0.55,No
1982,A380,3.17,3.7,4.81,1.04,No,Clear,1.62,Yes
1983,B737,4.57,3.06,2.34,7.76,Yes,Clear,3.9,No
1984,A320,8.27,7.53,6.15,2.87,Yes,Rain,3.25,No
1985,A320,6.14,5.63,3.96,8.06,Yes,Snow,2.71,Yes
1986,A320,7.82,3.73,7.58,4.57,No,Rain,0.57,Yes
1987,B787,6.78,6.16,9.04,2.67,Yes,Snow,4.51,No
1988,B737,5.56,1.5,8.09,2.79,No,Snow,5.46,No
1989,B737,5.87,5.13,4.23,4.06,No,Thunderstorm,5.68,Yes
1990,A320,4.52,7.0,7.79,4.33,No,Thunderstorm,1.92,Yes
1991,A320,0.46,7.9,6.2,0.91,Yes,Clear,8.42,Yes
1992,B787,8.34,2.93,1.84,6.49,No,Rain,9.76,No
1993,A380,9.7,3.5,8.84,0.62,Yes,Thunderstorm,9.89,Yes
1994,A380,8.63,7.17,8.56,5.62,No,Rain,8.6,Yes
1995,A320,2.01,6.58,6.21,9.61,Yes,Fog,4.06,No
1996,A350,7.93,0.43,2.2,2.4,Yes,Clear,3.6,No
1997,A320,0.02,5.13,3.6,1.92,No,Thunderstorm,0.53,Yes
1998,A320,1.84,8.18,2.78,8.14,No,Fog,5.54,No
1999,A350,1.96,8.02,4.54,0.09,No,Snow,9.38,Yes
2000,B787,7.53,3.21,4.76,7.15,No,Fog,4.39,No
2001,B737,7.25,1.27,2.87,5.47,No,Snow,0.87,Yes
2002,A350,2.7,4.87,3.99,8.59,Yes,Rain,8.69,No
2003,B787,7.45,3.17,7.92,9.89,No,Clear,9.98,No
2004,A320,5.98,9.37,5.9,9.57,No,Rain,1.88,Yes
2005,B737,2.33,4.05,3.12,3.93,Yes,Rain,2.1,No
2006,B787,3.6,8.28,4.17,5.07,Yes,Snow,1.76,No
2007,A380,5.07,8.11,5.14,8.13,Yes,Fog,8.23,Yes
2008,A320,6.71,7.38,7.17,8.17,Yes,Thunderstorm,2.63,No
2009,B787,8.8,5.94,0.44,9.07,No,Clear,7.69,Yes
2010,A350,4.67,4.17,6.26,7.69,Yes,Thunderstorm,4.15,No
2011,A350,0.79,0.83,3.37,4.36,Yes,Fog,5.95,Yes
2012,B737,9.81,7.05,1.32,4.49,Yes,Thunderstorm,0.13,No
2013,B787,2.22,9.64,5.44,5.89,No,Rain,1.2,No
2014,A380,9.0,0.94,6.67,4.84,No,Fog,0.44,Yes
2015,B787,9.13,3.03,6.79,6.65,Yes,Thunderstorm,1.1,No
2016,A380,5.2,4.81,1.89,4.74,No,Thunderstorm,1.16,No
2017,B737,9.56,2.02,3.89,2.92,No,Rain,8.82,No
2018,A320,1.32,3.24,4.57,3.24,Yes,Fog,4.51,Yes
2019,A350,6.93,6.5,2.5,9.87,No,Thunderstorm,0.74,No
2020,A320,1.14,9.84,0.35,0.99,Yes,Clear,9.66,No
2021,A350,1.81,6.13,4.67,8.72,Yes,Thunderstorm,4.44,No
2022,A320,4.51,3.33,9.2,8.66,Yes,Snow,2.23,No
2023,B737,8.85,2.8,6.72,4.05,No,Snow,7.68,Yes
2024,A380,3.58,2.9,1.33,9.62,No,Rain,0.35,No
2025,A380,1.97,5.43,5.8,8.71,Yes,Fog,7.58,Yes
2026,A380,7.66,1.43,3.42,9.66,Yes,Snow,5.78,Yes
2027,B787,7.51,5.95,9.49,8.94,Yes,Thunderstorm,7.43,No
2028,B787,1.72,7.79,2.45,3.0,Yes,Snow,4.88,Yes
2029,A320,0.49,7.63,2.84,9.59,Yes,Clear,2.66,Yes
2030,B737,6.84,3.39,6.44,4.23,Yes,Thunderstorm,6.96,No
2031,A320,8.32,8.28,8.96,7.17,Yes,Rain,8.34,Yes
2032,B787,2.25,9.14,1.95,3.95,Yes,Fog,2.14,Yes
2033,B787,7.04,2.53,4.69,3.93,Yes,Rain,4.02,No
2034,B737,9.5,4.84,0.97,6.76,No,Clear,6.64,Yes
2035,A350,5.97,7.61,9.98,9.97,No,Rain,4.95,Yes
2036,A350,1.42,1.26,4.77,8.57,No,Rain,5.1,No
2037,B737,9.12,6.76,5.67,8.73,Yes,Fog,2.82,No
2038,A320,9.03,2.33,9.16,7.93,No,Snow,3.91,Yes
2039,B787,9.53,7.24,9.14,3.29,Yes,Fog,9.18,Yes
2040,B787,5.49,4.85,0.82,9.57,Yes,Snow,9.99,Yes
2041,A320,6.61,3.99,8.01,8.77,No,Fog,8.23,Yes
2042,B787,5.48,1.31,4.29,1.76,Yes,Rain,5.62,No
2043,B737,1.92,8.51,7.91,5.03,Yes,Clear,7.21,No
2044,A350,8.85,3.27,2.5,4.21,Yes,Clear,1.28,No
2045,A380,5.98,1.37,3.33,9.86,No,Clear,2.59,Yes
2046,B787,2.31,7.65,5.52,6.78,No,Clear,8.5,Yes
2047,A350,5.29,4.37,3.82,2.23,Yes,Clear,2.12,Yes
2048,A350,5.52,7.31,0.94,3.29,Yes,Fog,1.92,No
2049,A320,2.16,1.12,3.14,8.84,No,Clear,6.01,No
2050,B737,2.48,6.64,9.67,7.78,No,Snow,3.99,No
2051,A350,8.44,9.0,8.82,5.91,Yes,Snow,4.63,Yes
2052,B737,8.08,3.6,2.51,9.02,Yes,Clear,1.83,No
2053,B737,6.6,0.87,4.39,3.0,No,Rain,5.25,Yes
2054,B787,8.01,7.54,3.31,5.16,No,Thunderstorm,8.02,Yes
2055,A380,8.38,9.53,1.86,3.07,No,Fog,7.32,Yes
2056,B787,1.75,1.09,3.82,3.5,No,Fog,2.08,No
2057,A350,3.8,4.82,5.46,0.85,No,Thunderstorm,1.49,No
2058,A350,8.73,9.68,2.89,9.82,No,Fog,4.98,No
2059,A350,9.01,5.39,4.8,9.0,No,Fog,2.5,No
2060,A320,1.18,5.83,7.53,2.05,No,Rain,2.92,Yes
2061,A350,3.0,5.11,5.24,8.31,No,Thunderstorm,2.35,No
2062,A350,6.92,0.08,0.18,5.62,Yes,Snow,2.02,No
2063,B737,0.43,4.86,9.72,1.16,No,Snow,6.41,Yes
2064,A350,5.25,4.91,4.74,3.31,No,Clear,9.73,No
2065,B787,5.05,3.6,2.26,5.16,No,Fog,9.36,Yes
2066,B737,0.7,7.86,7.46,6.63,No,Clear,5.71,Yes
2067,B737,9.13,4.02,6.01,9.14,No,Thunderstorm,8.72,Yes
2068,A350,8.22,6.35,7.06,3.95,Yes,Clear,1.45,Yes
2069,A320,3.1,6.29,6.11,3.16,Yes,Clear,6.32,No
2070,A320,2.21,2.34,1.69,3.74,Yes,Thunderstorm,9.05,Yes
2071,A320,3.74,2.12,3.35,8.59,No,Clear,5.27,Yes
2072,B737,4.05,6.07,3.8,3.38,No,Thunderstorm,8.09,No
2073,A350,2.72,9.16,6.86,7.5,Yes,Fog,6.67,No
2074,B787,6.74,7.59,0.35,3.04,No,Thunderstorm,0.79,No
2075,B787,1.15,5.2,9.38,1.57,No,Clear,6.09,No
2076,B737,7.76,9.8,1.77,3.32,Yes,Clear,4.84,No
2077,A380,8.06,3.01,8.2,4.06,No,Thunderstorm,9.89,Yes
2078,B787,5.73,0.35,7.1,0.61,No,Clear,3.31,Yes
2079,A350,2.99,3.84,0.83,2.25,No,Thunderstorm,1.63,Yes
2080,B787,2.12,5.35,9.32,8.2,No,Rain,9.58,Yes
2081,A380,1.24,1.68,0.02,1.92,No,Rain,5.21,No
2082,A320,0.96,6.82,4.33,3.98,No,Thunderstorm,6.92,Yes
2083,A320,1.85,8.03,1.22,7.05,Yes,Snow,3.36,Yes
2084,B787,7.47,3.25,7.71,3.83,No,Snow,0.09,No
2085,B737,1.11,3.12,0.76,2.72,Yes,Clear,0.53,No
2086,B787,0.99,1.76,9.81,1.94,Yes,Snow,7.9,No
2087,B787,6.83,2.04,2.97,6.75,Yes,Rain,7.54,No
2088,A320,1.71,5.88,7.65,4.85,Yes,Snow,6.96,Yes
2089,B737,9.8,4.0,7.03,4.46,No,Fog,9.83,Yes
2090,B787,0.95,2.29,3.98,3.49,Yes,Fog,5.36,No
2091,B737,8.22,5.59,4.45,4.9,Yes,Snow,1.83,Yes
2092,B787,6.14,5.65,0.8,5.41,No,Snow,3.8,Yes
2093,B737,2.27,1.4,3.1,7.34,No,Thunderstorm,8.25,No
2094,B737,5.25,3.28,2.69,8.84,Yes,Snow,9.05,No
2095,B737,0.85,4.12,4.3,0.44,Yes,Thunderstorm,8.26,No
2096,B787,7.9,0.7,9.37,9.74,Yes,Fog,9.22,Yes
2097,A350,9.69,9.31,4.26,7.13,No,Clear,3.28,No
2098,A320,9.71,4.87,0.73,7.67,No,Thunderstorm,9.08,No
2099,A380,9.88,8.01,9.7,1.67,Yes,Clear,5.01,Yes
2100,A380,7.8,9.45,3.53,1.58,Yes,Clear,1.42,No
2101,B787,2.0,0.25,4.47,0.21,No,Thunderstorm,1.67,Yes
2102,A380,3.02,1.13,9.33,0.74,Yes,Fog,3.18,Yes
2103,B787,2.33,8.48,6.66,6.83,No,Thunderstorm,1.32,Yes
2104,B737,7.1,1.66,5.25,3.64,No,Rain,8.61,No
2105,B737,7.97,2.43,6.42,3.12,Yes,Fog,4.7,No
2106,A320,5.98,2.23,1.01,0.23,No,Fog,4.15,Yes
2107,B737,0.58,3.37,5.89,0.31,No,Rain,0.21,Yes
2108,B737,1.26,5.22,7.42,9.81,Yes,Clear,6.89,Yes
2109,B787,0.23,2.98,7.84,8.93,Yes,Snow,2.09,No
2110,A350,1.16,6.33,6.19,7.3,Yes,Fog,1.16,No
2111,A320,3.67,3.79,5.75,2.32,Yes,Thunderstorm,3.71,Yes
2112,B787,8.77,4.4,9.88,8.46,Yes,Clear,5.59,Yes
2113,A380,7.02,3.91,6.07,8.57,Yes,Fog,1.19,No
2114,A320,3.91,9.99,2.4,3.34,No,Snow,2.16,No
2115,B787,8.36,5.92,9.02,6.06,Yes,Snow,2.92,No
2116,A320,6.96,7.86,9.42,4.76,No,Snow,2.69,Yes
2117,A350,2.91,8.9,5.47,4.96,No,Clear,1.76,No
2118,A350,9.81,9.75,6.55,0.74,No,Fog,5.51,Yes
2119,B787,8.21,1.79,4.06,0.43,No,Fog,4.03,No
2120,A320,0.66,0.33,6.19,9.41,No,Fog,5.08,Yes
2121,A350,7.76,7.27,0.55,7.29,No,Thunderstorm,5.87,No
2122,A320,3.44,9.11,6.45,3.88,Yes,Clear,8.38,Yes
2123,A350,9.5,8.84,8.15,3.65,No,Thunderstorm,4.45,No
2124,A350,1.22,2.76,0.04,1.8,Yes,Fog,7.6,No
2125,A320,9.77,7.23,6.69,9.92,Yes,Rain,1.65,Yes
2126,A350,4.34,1.81,4.09,6.11,No,Snow,3.76,No
2127,A350,2.07,8.47,9.04,7.03,Yes,Snow,5.03,No
2128,B787,2.85,0.35,9.92,0.59,Yes,Fog,4.9,Yes
2129,A380,7.12,0.55,5.18,7.07,No,Fog,2.74,No
2130,A350,4.94,1.68,2.07,4.9,Yes,Thunderstorm,1.04,No
2131,B787,0.44,0.78,4.78,6.48,Yes,Rain,3.81,No
2132,A380,6.42,5.96,3.53,9.83,No,Clear,5.84,No
2133,A380,6.28,4.22,5.49,8.68,Yes,Thunderstorm,2.71,Yes
2134,B787,5.51,6.06,0.56,1.54,Yes,Rain,2.02,Yes
2135,B737,2.49,5.05,9.03,5.38,Yes,Rain,2.64,Yes
2136,B737,4.23,9.17,7.1,0.61,No,Snow,5.83,Yes
2137,A320,9.68,9.13,5.05,4.32,No,Thunderstorm,2.29,No
2138,A380,2.32,4.16,1.74,4.76,No,Clear,2.13,No
2139,B737,5.16,6.85,0.06,3.37,No,Thunderstorm,4.49,No
2140,B737,7.46,4.16,5.46,2.99,Yes,Fog,2.6,No
2141,B737,0.1,9.05,4.22,0.73,Yes,Thunderstorm,1.83,Yes
2142,A350,2.91,6.25,7.58,7.66,Yes,Clear,2.21,Yes
2143,A320,7.78,4.21,9.0,9.65,Yes,Thunderstorm,8.54,Yes
2144,A320,4.61,1.28,3.67,4.0,Yes,Thunderstorm,4.88,Yes
2145,A380,3.26,2.99,2.61,7.33,No,Snow,2.51,No
2146,B787,5.65,0.51,9.84,3.28,Yes,Thunderstorm,6.71,No
2147,A380,5.58,3.0,5.77,8.57,No,Fog,8.12,No
2148,B787,5.75,0.18,5.6,0.65,No,Fog,9.64,Yes
2149,A350,9.41,4.43,9.53,0.18,Yes,Rain,5.29,Yes
2150,A320,0.49,1.67,6.13,8.21,No,Snow,4.99,Yes
2151,A380,8.68,8.84,4.77,0.42,Yes,Clear,4.14,Yes
2152,B737,9.08,3.67,2.61,2.82,Yes,Clear,4.06,No
2153,A320,7.29,8.74,0.09,2.84,Yes,Snow,3.71,No
2154,A350,2.29,8.32,9.34,5.57,No,Fog,4.52,No
2155,B787,2.65,9.24,5.9,6.36,No,Thunderstorm,4.5,No
2156,A380,2.43,2.31,7.65,2.23,No,Snow,9.77,Yes
2157,A320,4.02,6.44,9.82,7.1,No,Rain,8.79,Yes
2158,A350,0.75,5.27,5.12,0.49,No,Fog,7.25,Yes
2159,B737,8.25,7.4,0.38,9.84,No,Thunderstorm,5.92,No
2160,B787,3.81,2.44,2.36,9.6,No,Rain,8.0,No
2161,B787,7.05,0.36,6.95,4.42,Yes,Fog,6.91,Yes
2162,A320,7.2,1.52,7.45,0.3,No,Fog,4.01,No
2163,B737,4.3,0.65,2.19,9.73,No,Clear,1.81,Yes
2164,B787,0.25,3.45,1.31,2.17,No,Clear,3.31,Yes
2165,A350,6.67,2.99,4.69,4.01,Yes,Thunderstorm,8.61,Yes
2166,B787,8.24,8.15,0.84,8.9,Yes,Fog,8.73,No
2167,B787,3.6,6.43,5.21,5.07,Yes,Thunderstorm,7.82,No
2168,A380,3.05,2.17,6.36,9.09,No,Rain,3.01,Yes
2169,B787,2.7,8.01,9.49,8.16,Yes,Clear,8.29,No
2170,A320,3.62,5.92,8.06,0.14,Yes,Clear,5.52,Yes
2171,A320,0.64,2.58,4.23,5.44,No,Thunderstorm,6.96,No
2172,B737,3.49,2.46,3.52,9.18,Yes,Thunderstorm,2.03,No
2173,A380,3.5,3.05,7.63,8.79,Yes,Clear,7.08,No
2174,A380,8.4,1.86,0.24,7.1,No,Rain,1.54,No
2175,B737,2.29,2.52,8.89,3.33,Yes,Snow,0.93,No
2176,A320,9.69,6.61,9.69,0.01,Yes,Thunderstorm,7.31,No
2177,A320,2.61,7.48,8.54,6.38,Yes,Fog,1.32,Yes
2178,A380,9.98,0.64,9.67,9.82,Yes,Rain,7.19,Yes
2179,A350,2.99,9.92,6.5,1.49,No,Rain,6.18,Yes
2180,B737,5.94,1.74,3.16,5.72,No,Thunderstorm,6.11,Yes
2181,A350,5.73,9.46,1.63,7.9,No,Thunderstorm,8.38,Yes
2182,B787,2.25,3.98,6.82,8.37,Yes,Rain,5.77,Yes
2183,B787,6.54,3.34,7.95,9.66,No,Snow,2.99,Yes
2184,B737,1.08,1.76,9.52,4.45,Yes,Thunderstorm,8.24,Yes
2185,B737,8.32,4.54,3.61,1.38,No,Fog,8.6,Yes
2186,A320,2.23,2.35,0.55,4.61,No,Clear,3.16,Yes
2187,B737,1.99,5.99,1.16,7.18,No,Rain,8.27,No
2188,B787,4.59,1.9,2.63,3.53,Yes,Rain,4.47,Yes
2189,B787,0.5,8.97,0.07,8.49,No,Rain,6.32,No
2190,A350,3.77,2.84,8.69,4.16,No,Snow,0.7,No
2191,A380,7.64,6.57,2.94,8.23,No,Clear,5.86,No
2192,A350,6.08,2.42,5.75,7.49,No,Clear,0.21,Yes
2193,A380,2.43,6.1,4.07,8.81,Yes,Rain,9.53,No
2194,A380,3.49,9.26,5.56,1.5,Yes,Fog,0.54,Yes
2195,B737,3.34,4.56,2.24,9.63,Yes,Thunderstorm,5.21,No
2196,A320,5.7,3.2,2.56,1.78,Yes,Rain,7.86,Yes
2197,A350,0.78,6.5,2.99,5.44,No,Thunderstorm,4.4,No
2198,A320,4.43,1.45,2.32,2.05,No,Thunderstorm,7.96,Yes
2199,A380,8.17,2.26,6.76,7.71,Yes,Fog,6.31,No
2200,A380,5.67,9.91,9.43,0.99,Yes,Rain,2.28,Yes
2201,B737,4.43,9.55,4.92,1.05,No,Rain,3.78,Yes
2202,B787,8.33,1.49,6.32,9.88,No,Fog,2.79,Yes
2203,A380,8.35,7.82,5.95,5.55,No,Rain,7.5,Yes
2204,B787,0.94,2.42,8.85,2.27,No,Thunderstorm,5.38,Yes
2205,A320,9.61,8.99,2.77,9.87,Yes,Rain,9.76,Yes
2206,A380,5.42,8.13,4.16,6.42,Yes,Clear,7.69,Yes
2207,A320,9.75,6.12,9.02,9.54,No,Clear,3.76,No
2208,A350,9.13,6.78,6.44,1.81,No,Rain,9.81,No
2209,A380,3.92,4.47,1.4,9.05,Yes,Snow,7.26,Yes
2210,A320,6.84,6.4,3.46,9.32,No,Thunderstorm,3.19,Yes
2211,A380,0.05,5.96,2.73,4.61,Yes,Clear,3.71,Yes
2212,A350,3.26,7.56,9.67,0.96,No,Thunderstorm,5.66,No
2213,A350,0.18,7.63,7.53,2.47,Yes,Clear,2.51,Yes
2214,B737,2.39,3.33,3.14,7.06,No,Snow,8.58,No
2215,A320,6.63,8.46,2.54,0.57,No,Thunderstorm,2.45,Yes
2216,A320,2.9,4.57,1.21,0.81,Yes,Rain,8.85,No
2217,B737,9.79,3.23,9.49,5.87,No,Rain,3.31,Yes
2218,A350,9.05,4.04,1.98,7.63,Yes,Rain,9.03,No
2219,A380,3.39,3.16,0.92,2.77,No,Rain,0.21,No
2220,B737,5.25,6.41,1.34,3.98,Yes,Snow,9.57,No
2221,B787,3.29,7.62,0.68,4.61,No,Snow,9.77,No
2222,B737,2.34,8.3,7.43,6.5,Yes,Fog,8.62,Yes
2223,B787,1.44,5.85,4.97,9.27,No,Fog,2.17,No
2224,A320,3.87,8.89,0.74,6.64,Yes,Rain,8.49,No
2225,A320,5.22,7.76,9.78,4.21,Yes,Snow,9.24,No
2226,A350,6.91,9.17,9.61,1.16,No,Snow,6.05,No
2227,B737,0.51,2.43,9.26,9.83,No,Clear,6.51,Yes
2228,A350,1.89,1.87,0.72,1.53,Yes,Clear,1.21,No
2229,A320,7.69,3.71,2.83,6.09,No,Fog,4.02,Yes
2230,A380,3.39,9.74,8.14,7.92,Yes,Snow,0.21,No
2231,A320,5.22,3.73,7.55,2.72,No,Rain,9.37,Yes
2232,A380,4.64,6.21,1.18,2.86,Yes,Rain,2.77,Yes
2233,B737,4.99,5.64,7.11,0.64,Yes,Snow,7.24,Yes
2234,A320,5.29,2.06,0.18,7.47,No,Thunderstorm,1.48,No
2235,A350,1.04,5.93,9.85,2.64,Yes,Thunderstorm,5.97,No
2236,B787,9.66,2.83,5.42,0.86,Yes,Rain,1.81,No
2237,B737,5.12,7.66,1.92,1.0,Yes,Thunderstorm,3.08,Yes
2238,B737,2.88,7.76,6.45,6.9,Yes,Clear,1.48,Yes
2239,A350,3.86,1.75,6.49,4.78,Yes,Thunderstorm,7.94,No
2240,A320,4.44,2.09,0.17,2.11,No,Thunderstorm,6.54,No
2241,B737,8.36,7.03,8.71,9.43,No,Rain,2.04,No
2242,B737,2.72,0.57,0.65,6.47,No,Snow,7.35,No
2243,A350,0.04,7.77,1.64,6.67,Yes,Rain,8.87,No
2244,B787,2.65,5.58,9.35,4.86,Yes,Clear,1.14,Yes
2245,B737,5.39,0.54,1.96,1.0,Yes,Clear,2.79,Yes
2246,B737,7.04,7.85,1.5,2.9,No,Thunderstorm,8.02,Yes
2247,B737,7.54,7.13,0.93,1.22,No,Rain,8.89,Yes
2248,A380,5.26,7.99,1.45,2.68,Yes,Snow,9.17,No
2249,A350,5.17,0.15,5.06,9.11,Yes,Fog,6.49,No
2250,A320,0.5,3.36,8.1,5.02,No,Snow,0.14,Yes
2251,A320,4.19,7.72,8.38,3.18,No,Thunderstorm,0.18,No
2252,B787,5.48,8.48,4.28,8.37,No,Fog,5.12,Yes
2253,A320,5.78,4.42,2.72,9.03,No,Thunderstorm,8.15,Yes
2254,B737,9.45,1.55,7.12,7.39,Yes,Thunderstorm,2.79,Yes
2255,B787,0.77,5.2,3.3,3.64,No,Rain,1.54,Yes
2256,A320,1.14,9.33,9.09,8.35,Yes,Snow,8.86,No
2257,A320,3.35,1.46,8.15,6.2,No,Fog,0.21,No
2258,A380,4.46,9.63,9.01,3.48,No,Rain,1.33,No
2259,B737,2.21,5.54,0.11,8.43,No,Rain,5.89,Yes
2260,B787,6.26,4.26,0.45,2.74,No,Fog,0.37,Yes
2261,A380,8.31,3.75,6.22,9.71,Yes,Snow,4.49,Yes
2262,A320,4.01,0.03,1.88,5.83,Yes,Fog,4.12,Yes
2263,A350,5.89,8.49,5.71,8.55,No,Thunderstorm,3.02,Yes
2264,A320,3.31,3.34,7.19,8.24,Yes,Clear,7.8,Yes
2265,A350,9.03,9.21,4.73,8.08,No,Clear,7.57,No
2266,B787,7.78,0.16,8.91,7.61,No,Fog,0.21,No
2267,B787,1.78,9.61,1.58,2.48,No,Thunderstorm,6.14,No
2268,B737,1.73,4.82,8.1,3.28,Yes,Rain,5.94,Yes
2269,A380,0.76,1.1,4.65,0.69,Yes,Thunderstorm,0.64,No
2270,A320,8.55,3.13,8.87,6.98,Yes,Clear,2.79,Yes
2271,B787,6.27,2.76,3.43,2.83,No,Rain,9.21,No
2272,A320,9.32,6.26,4.74,3.58,Yes,Rain,3.72,Yes
2273,A350,3.93,3.62,5.04,8.86,No,Thunderstorm,8.86,No
2274,A380,3.99,5.05,1.65,7.52,No,Rain,8.03,Yes
2275,B737,4.79,0.76,5.01,3.08,Yes,Fog,3.39,Yes
2276,A320,9.87,8.12,9.5,2.93,Yes,Thunderstorm,3.06,No
2277,B787,5.95,3.75,4.01,6.32,No,Fog,6.45,Yes
2278,A350,2.09,1.91,7.08,0.25,No,Snow,6.21,No
2279,A380,6.84,1.44,1.44,6.79,No,Thunderstorm,2.91,No
2280,B737,3.17,1.53,3.81,5.52,No,Clear,1.12,Yes
2281,A320,8.35,5.27,2.83,0.72,No,Clear,4.68,No
2282,A380,0.41,2.87,2.15,1.56,Yes,Fog,8.92,No
2283,B737,1.34,2.35,8.01,9.28,No,Snow,1.11,Yes
2284,B787,6.14,2.09,8.91,0.91,Yes,Clear,7.77,No
2285,A320,8.91,8.53,9.85,4.63,Yes,Thunderstorm,7.85,No
2286,A350,2.57,7.29,5.07,2.93,Yes,Snow,9.28,No
2287,B737,2.44,2.43,0.98,0.59,No,Thunderstorm,0.82,No
2288,B737,4.22,2.79,1.84,7.69,Yes,Rain,4.47,Yes
2289,B787,5.55,5.89,8.16,7.89,No,Clear,4.01,Yes
2290,A320,6.68,5.32,8.32,9.77,Yes,Rain,0.63,No
2291,B787,9.2,8.97,9.79,6.85,Yes,Snow,6.37,No
2292,B737,3.94,1.82,1.25,1.54,No,Rain,4.12,No
2293,A380,9.31,1.68,1.75,5.04,Yes,Fog,2.57,No
2294,B787,5.11,9.83,1.69,1.76,Yes,Snow,1.18,No
2295,A350,8.4,8.04,3.42,8.47,No,Snow,6.16,No
2296,B737,6.74,9.52,5.79,5.79,Yes,Fog,2.35,No
2297,A320,6.73,1.05,8.1,4.46,No,Thunderstorm,0.88,No
2298,A380,9.42,3.76,4.91,4.39,No,Thunderstorm,7.82,No
2299,B737,4.61,9.11,3.42,7.69,No,Rain,1.12,No
2300,A380,9.15,0.75,3.82,8.46,Yes,Snow,0.72,Yes
2301,A380,4.2,8.89,8.72,4.87,No,Clear,9.32,No
2302,B737,9.71,6.9,2.56,4.78,No,Snow,3.34,No
2303,B737,7.73,4.62,8.35,9.71,Yes,Fog,5.86,Yes
2304,B737,4.83,5.98,2.6,1.3,No,Fog,4.16,No
2305,A320,2.98,1.87,8.63,0.73,Yes,Fog,2.53,Yes
2306,A380,7.88,4.22,3.75,2.99,No,Thunderstorm,2.75,Yes
2307,A350,3.48,4.24,9.71,5.07,No,Fog,0.56,Yes
2308,B737,5.85,6.64,4.69,9.52,Yes,Thunderstorm,2.5,No
2309,B787,8.76,7.34,7.7,0.33,Yes,Rain,8.04,Yes
2310,B737,5.16,1.03,0.26,2.68,No,Snow,0.45,Yes
2311,A350,3.9,6.26,2.13,5.83,No,Thunderstorm,6.73,No
2312,B737,4.09,7.7,5.15,2.42,Yes,Fog,4.75,Yes
2313,A380,7.32,1.66,2.1,3.96,No,Clear,2.08,Yes
2314,B787,6.81,7.59,1.8,9.52,Yes,Snow,5.71,Yes
2315,B787,0.32,0.89,0.46,8.4,No,Snow,5.64,Yes
2316,B787,3.97,5.72,7.86,2.04,Yes,Thunderstorm,0.72,Yes
2317,B737,7.76,0.0,7.64,3.4,No,Snow,0.91,Yes
2318,B737,1.79,5.43,8.09,9.91,No,Rain,5.45,No
2319,A320,5.85,6.36,4.14,3.65,No,Rain,7.98,No
2320,A320,8.7,6.8,2.26,6.2,Yes,Clear,1.13,Yes
2321,B737,6.95,6.95,7.67,9.44,Yes,Fog,9.66,No
2322,A320,9.73,0.81,2.2,1.94,Yes,Rain,1.94,No
2323,A380,3.68,8.84,5.83,5.29,No,Rain,8.69,Yes
2324,B787,8.31,9.31,6.64,0.06,No,Clear,2.23,Yes
2325,B737,3.26,2.25,4.87,7.4,Yes,Fog,9.92,No
2326,B737,4.83,3.81,9.36,6.26,No,Snow,4.48,No
2327,A320,2.9,0.4,7.28,4.47,Yes,Fog,1.58,No
2328,B787,4.16,4.35,1.03,7.25,Yes,Snow,3.69,Yes
2329,B737,5.5,1.14,7.04,6.83,No,Snow,8.08,No
2330,A320,5.62,7.26,3.5,6.59,Yes,Thunderstorm,7.62,Yes
2331,A380,3.75,8.06,9.58,3.18,Yes,Snow,8.16,No
2332,A380,8.46,3.67,1.12,6.21,Yes,Snow,1.78,No
2333,A350,0.68,0.44,3.55,4.6,No,Rain,8.26,No
2334,B737,3.26,3.66,4.84,9.07,No,Snow,9.38,No
2335,B737,8.04,3.44,0.5,1.58,Yes,Clear,8.51,No
2336,A320,4.23,1.88,1.25,1.65,No,Fog,9.24,Yes
2337,A350,4.25,5.75,6.07,7.95,Yes,Rain,0.4,No
2338,A380,4.53,1.48,3.87,8.73,Yes,Snow,7.88,Yes
2339,A320,4.42,6.11,8.2,5.83,Yes,Rain,8.19,No
2340,B787,7.13,1.99,9.83,8.7,No,Snow,5.73,No
2341,A380,2.15,7.96,9.28,1.23,Yes,Clear,0.56,No
2342,A320,1.2,8.21,5.14,3.41,Yes,Fog,8.1,Yes
2343,A380,5.62,7.58,5.34,6.05,No,Rain,4.98,Yes
2344,B787,6.01,6.2,0.85,0.29,No,Clear,2.83,Yes
2345,A380,2.67,0.71,2.02,5.1,Yes,Fog,0.08,Yes
2346,B787,4.48,4.55,6.05,1.57,No,Thunderstorm,0.72,Yes
2347,B787,5.14,4.04,2.95,9.11,No,Snow,7.43,Yes
2348,B737,5.66,6.67,3.65,6.08,No,Clear,8.03,Yes
2349,A350,7.55,4.16,5.87,9.4,No,Fog,7.35,Yes
2350,B787,7.37,9.64,9.27,7.28,Yes,Rain,5.18,No
2351,A350,5.31,8.47,1.06,2.9,No,Thunderstorm,6.84,No
2352,A320,3.67,7.27,5.97,7.0,No,Thunderstorm,3.93,Yes
2353,B737,5.12,7.14,4.16,5.99,No,Thunderstorm,1.88,No
2354,A350,6.44,2.11,6.32,6.37,Yes,Fog,3.22,Yes
2355,B737,6.8,6.45,8.26,0.67,Yes,Rain,2.48,Yes
2356,B787,3.43,9.08,2.39,1.48,No,Thunderstorm,8.33,No
2357,B787,1.02,1.12,4.89,7.26,Yes,Thunderstorm,6.14,No
2358,B737,5.79,3.08,6.62,5.37,Yes,Rain,1.88,Yes
2359,A380,0.51,0.11,9.26,1.92,Yes,Clear,5.36,No
2360,A320,9.44,6.17,0.13,7.95,Yes,Fog,5.22,Yes
2361,A320,3.19,7.37,3.79,9.68,No,Rain,0.26,Yes
2362,B787,4.78,7.47,8.53,6.1,No,Rain,7.12,Yes
2363,A320,4.0,0.56,2.27,2.34,No,Fog,1.67,No
2364,A320,6.97,5.12,1.06,7.47,No,Clear,4.8,Yes
2365,A380,8.6,5.14,6.09,3.74,No,Clear,3.36,Yes
2366,B737,1.44,8.75,1.9,7.94,No,Thunderstorm,2.35,No
2367,A380,0.89,8.67,4.81,8.35,Yes,Thunderstorm,7.76,No
2368,B737,9.72,9.84,8.38,9.42,No,Fog,2.39,Yes
2369,A320,9.85,1.71,3.56,6.76,Yes,Thunderstorm,9.61,Yes
2370,A350,3.51,8.79,4.93,0.64,No,Rain,2.63,No
2371,A320,7.01,7.87,2.44,7.18,No,Rain,3.63,Yes
2372,B787,8.88,2.8,2.58,4.24,Yes,Rain,4.27,No
2373,A320,0.84,2.44,5.56,0.42,No,Fog,3.64,Yes
2374,B787,0.86,7.3,9.21,5.97,No,Thunderstorm,5.23,No
2375,B737,4.06,4.73,7.38,3.54,Yes,Snow,6.51,Yes
2376,B787,9.05,1.45,3.55,0.14,Yes,Rain,4.85,Yes
2377,A350,8.1,1.84,6.74,5.15,No,Thunderstorm,2.01,No
2378,B787,5.89,8.78,7.06,3.72,Yes,Clear,2.21,No
2379,A320,9.75,9.24,7.99,2.45,Yes,Thunderstorm,3.96,No
2380,B787,7.71,5.26,4.89,4.22,No,Fog,0.4,No
2381,A380,5.75,3.8,0.6,2.3,No,Thunderstorm,5.2,Yes
2382,A320,8.08,6.93,3.85,5.96,No,Snow,2.57,No
2383,A350,7.58,4.3,8.36,4.54,Yes,Snow,1.58,No
2384,B787,4.99,9.24,6.66,6.5,No,Snow,8.5,No
2385,B737,1.02,7.82,4.82,1.79,Yes,Fog,4.99,No
2386,A380,9.06,0.52,1.28,1.08,Yes,Thunderstorm,6.37,Yes
2387,B737,4.81,6.24,5.47,5.92,No,Thunderstorm,2.23,Yes
2388,A320,0.36,4.08,2.4,0.87,Yes,Snow,9.62,Yes
2389,B787,8.81,9.57,4.02,3.58,Yes,Snow,0.11,No
2390,B787,4.65,4.02,0.76,0.92,Yes,Snow,1.12,No
2391,A320,3.81,5.52,2.11,4.63,Yes,Fog,8.36,Yes
2392,A380,3.33,9.32,4.05,9.36,No,Rain,1.61,Yes
2393,A350,6.96,0.44,5.14,1.08,No,Clear,0.14,Yes
2394,A350,4.07,8.79,5.5,2.95,Yes,Rain,4.01,No
2395,A380,3.61,1.69,4.98,9.2,Yes,Fog,8.55,No
2396,B787,6.74,5.31,3.16,4.35,No,Snow,8.4,No
2397,B787,6.9,6.09,6.98,9.57,Yes,Thunderstorm,9.33,Yes
2398,B787,4.19,1.81,6.06,8.8,No,Fog,9.73,Yes
2399,B787,7.27,4.22,1.76,8.13,Yes,Clear,3.34,Yes
2400,B737,0.09,3.66,9.95,0.39,Yes,Fog,2.47,Yes
2401,A320,5.8,3.92,6.65,7.74,Yes,Thunderstorm,7.78,Yes
2402,B787,6.05,1.46,9.28,5.39,No,Thunderstorm,6.78,No
2403,A380,5.11,6.85,0.99,9.37,No,Snow,4.51,No
2404,A320,0.53,0.13,9.1,5.78,Yes,Clear,1.73,No
2405,B737,4.09,3.92,0.65,9.98,Yes,Clear,8.76,No
2406,B737,6.32,7.53,4.22,4.61,Yes,Snow,1.56,No
2407,A380,9.15,7.45,8.05,9.81,Yes,Rain,5.3,Yes
2408,A380,7.7,3.57,1.66,6.91,No,Thunderstorm,5.45,No
2409,A380,2.58,6.95,9.02,6.61,No,Rain,4.45,Yes
2410,A380,5.03,9.07,9.89,8.78,No,Snow,4.54,No
2411,B737,0.85,2.3,4.19,6.7,Yes,Thunderstorm,2.42,No
2412,A380,6.52,3.62,2.1,2.96,No,Rain,7.67,No
2413,A320,4.87,2.19,1.76,7.64,Yes,Snow,2.46,No
2414,B737,9.54,2.42,9.58,4.54,No,Clear,9.51,No
2415,B737,1.47,2.07,3.97,8.83,Yes,Fog,5.32,Yes
2416,A320,6.4,3.96,4.74,0.23,Yes,Fog,1.76,No
2417,A350,0.65,8.55,8.61,8.71,Yes,Fog,2.45,No
2418,A350,1.85,5.94,5.44,4.12,Yes,Rain,0.24,No
2419,A380,9.16,5.12,6.42,3.05,No,Clear,0.33,Yes
2420,A320,8.69,7.15,2.81,4.96,No,Fog,4.64,No
2421,A380,7.14,5.51,1.89,2.21,No,Clear,0.99,Yes
2422,A320,7.42,1.99,9.7,2.84,No,Rain,9.2,Yes
2423,A320,9.96,5.58,3.52,3.19,Yes,Rain,7.72,No
2424,B737,8.61,3.67,3.03,6.94,No,Thunderstorm,0.9,Yes
2425,A350,8.77,3.09,5.74,7.22,Yes,Snow,8.81,No
2426,A320,3.86,3.21,1.95,6.67,No,Thunderstorm,3.62,No
2427,A320,9.82,7.88,5.66,8.91,No,Fog,9.4,No
2428,A380,3.82,5.98,7.11,6.82,Yes,Clear,0.03,No
2429,B787,9.4,5.38,3.84,8.81,Yes,Thunderstorm,3.69,Yes
2430,A380,8.49,3.09,8.71,3.65,No,Fog,5.72,Yes
2431,A320,3.54,6.8,8.2,8.22,Yes,Thunderstorm,0.91,No
2432,B737,2.86,4.41,7.8,0.69,Yes,Fog,9.57,Yes
2433,B787,3.41,4.75,8.36,7.04,No,Clear,4.96,No
2434,A320,6.24,7.21,0.26,5.15,No,Clear,0.28,No
2435,A380,0.91,1.06,5.54,5.1,Yes,Fog,0.8,Yes
2436,A320,0.79,3.85,0.78,5.27,No,Snow,0.75,Yes
2437,A350,2.8,8.02,5.71,8.44,Yes,Thunderstorm,8.97,Yes
2438,A350,8.71,4.17,8.29,7.15,No,Snow,4.37,No
2439,B787,2.65,5.91,5.16,0.81,Yes,Rain,2.04,Yes
2440,A350,2.36,9.91,1.3,7.87,No,Rain,9.42,Yes
2441,A350,2.98,6.88,8.44,9.29,No,Fog,0.75,Yes
2442,B737,8.6,7.63,9.75,5.38,No,Clear,2.67,No
2443,B787,0.1,1.11,6.77,9.42,No,Rain,9.38,Yes
2444,A350,7.74,3.1,2.81,7.77,No,Snow,9.45,No
2445,A380,6.58,2.58,7.79,5.74,No,Rain,5.96,Yes
2446,A350,1.26,0.04,7.59,2.53,Yes,Clear,4.2,Yes
2447,B787,0.91,0.34,8.62,0.49,No,Snow,2.04,No
2448,B737,2.28,3.82,5.97,2.77,No,Thunderstorm,2.93,No
2449,A320,5.33,2.45,6.32,7.47,No,Rain,8.29,Yes
2450,A350,6.3,7.14,9.65,8.47,Yes,Snow,2.06,Yes
2451,A350,9.66,1.89,6.37,2.03,Yes,Thunderstorm,8.24,Yes
2452,B737,4.92,3.66,9.75,8.09,Yes,Thunderstorm,2.72,No
2453,A380,4.37,8.88,9.51,9.4,No,Rain,1.7,Yes
2454,A380,0.6,2.01,0.99,8.03,Yes,Thunderstorm,9.62,Yes
2455,A380,1.21,5.36,4.11,5.89,No,Thunderstorm,4.42,Yes
2456,B787,8.56,8.55,1.89,9.08,No,Rain,2.75,No
2457,B737,6.77,3.18,7.24,4.87,No,Rain,4.35,No
2458,A380,4.8,2.46,8.49,4.88,No,Fog,5.21,No
2459,B787,2.41,4.53,1.02,5.68,Yes,Thunderstorm,6.05,No
2460,A350,5.11,6.53,9.17,8.28,No,Thunderstorm,5.73,No
2461,A380,1.67,6.05,1.44,3.01,No,Snow,2.8,Yes
2462,B787,5.7,7.27,5.49,4.03,No,Rain,1.29,No
2463,B737,8.86,2.3,2.56,7.46,No,Snow,9.71,Yes
2464,A350,4.32,1.67,9.34,2.14,Yes,Fog,1.67,Yes
2465,A350,4.3,2.56,5.91,3.75,Yes,Thunderstorm,2.28,No
2466,A350,3.96,3.14,8.27,5.28,Yes,Thunderstorm,2.6,No
2467,B737,3.66,8.29,8.01,5.44,Yes,Clear,3.79,No
2468,A350,4.37,1.31,7.7,0.23,No,Fog,3.24,No
2469,A350,3.19,3.59,1.38,7.26,No,Thunderstorm,1.39,Yes
2470,A320,5.75,9.77,2.82,4.22,No,Thunderstorm,3.97,Yes
2471,A380,9.53,4.34,8.49,7.66,Yes,Rain,3.71,No
2472,A320,1.97,5.8,6.46,8.57,Yes,Rain,8.96,No
2473,B737,9.63,1.51,2.41,9.37,Yes,Clear,5.35,Yes
2474,B737,7.43,6.2,1.09,9.7,Yes,Rain,9.03,No
2475,A350,4.73,8.96,3.72,9.5,No,Fog,4.63,No
2476,A380,6.89,0.73,3.63,2.14,No,Thunderstorm,3.29,No
2477,A320,1.9,6.7,0.95,0.05,Yes,Clear,7.35,Yes
2478,A380,8.28,9.42,0.47,8.71,Yes,Thunderstorm,2.96,Yes
2479,A350,6.66,8.51,4.42,0.83,Yes,Thunderstorm,3.53,No
2480,B737,8.53,8.23,1.55,8.99,No,Rain,2.28,Yes
2481,A380,9.79,5.09,0.33,3.97,No,Fog,2.51,No
2482,A350,0.51,2.14,6.35,8.86,No,Rain,4.27,Yes
2483,A380,7.18,5.65,8.12,6.22,No,Rain,0.56,Yes
2484,B787,8.88,5.55,8.86,5.56,No,Clear,8.46,No
2485,A320,1.03,8.33,3.39,0.74,No,Snow,5.08,Yes
2486,B787,8.8,6.73,5.69,0.64,No,Fog,4.65,Yes
2487,B737,5.69,2.88,2.77,6.46,No,Clear,8.5,No
2488,A320,7.17,7.98,8.91,3.31,Yes,Snow,4.84,No
2489,B787,5.77,7.48,6.04,4.46,No,Thunderstorm,2.16,No
2490,B737,1.99,9.67,1.04,8.89,Yes,Snow,1.84,No
2491,B737,0.55,9.8,3.37,4.13,Yes,Rain,2.49,Yes
2492,A380,0.94,5.54,1.74,3.48,No,Fog,7.68,Yes
2493,A320,6.88,1.81,2.27,9.51,Yes,Snow,9.93,Yes
2494,A320,5.77,2.49,5.19,3.82,No,Thunderstorm,1.13,Yes
2495,A320,9.37,8.3,4.51,8.11,No,Snow,8.9,Yes
2496,A320,9.64,4.92,3.17,0.91,No,Thunderstorm,1.64,Yes
2497,A350,9.22,8.01,3.89,6.23,No,Fog,5.18,Yes
2498,B737,4.64,5.16,1.65,6.22,Yes,Fog,5.98,Yes
2499,A320,1.48,2.06,4.77,0.41,No,Rain,9.94,No
2500,A320,1.41,3.84,0.22,2.12,Yes,Fog,7.03,No
2501,B737,0.23,7.96,3.73,3.18,No,Snow,1.19,No
2502,B787,4.56,1.1,1.32,7.83,No,Rain,3.02,No
2503,A380,9.15,6.83,1.71,2.12,No,Fog,3.05,Yes
2504,A320,0.07,7.82,6.7,4.72,Yes,Clear,9.35,No
2505,A380,6.28,5.64,3.88,5.61,No,Fog,9.11,Yes
2506,B787,1.01,3.74,5.04,6.68,No,Clear,5.98,Yes
2507,A320,2.91,8.81,1.46,2.98,Yes,Snow,3.78,Yes
2508,A350,8.15,1.32,9.5,6.55,Yes,Thunderstorm,4.19,No
2509,A320,2.5,0.57,5.82,7.07,Yes,Thunderstorm,2.35,No
2510,A380,5.31,7.17,0.32,6.26,Yes,Fog,7.38,Yes
2511,A350,4.09,7.79,4.3,1.9,No,Thunderstorm,7.41,Yes
2512,B737,8.4,8.53,3.69,0.36,Yes,Clear,1.0,Yes
2513,B737,4.51,6.64,6.78,1.67,No,Clear,3.68,Yes
2514,A320,4.8,7.57,1.72,2.44,No,Rain,2.94,No
2515,A320,9.42,8.3,0.62,0.25,Yes,Thunderstorm,5.25,No
2516,A320,6.89,7.66,7.78,5.85,Yes,Fog,6.21,No
2517,A350,7.31,3.95,6.81,9.5,Yes,Snow,1.02,Yes
2518,B737,8.33,8.61,9.52,1.94,Yes,Rain,7.02,No
2519,A320,6.96,8.99,0.18,4.88,No,Rain,2.61,Yes
2520,A350,5.71,3.71,9.81,5.86,No,Fog,9.3,No
2521,A380,3.27,3.52,9.1,1.18,Yes,Clear,5.52,Yes
2522,B737,4.31,9.95,3.43,7.63,Yes,Rain,5.64,No
2523,A380,1.63,7.14,5.67,8.0,Yes,Rain,3.39,Yes
2524,B787,9.91,7.08,7.26,5.03,Yes,Fog,0.79,Yes
2525,B787,3.53,3.04,1.36,2.39,No,Fog,2.4,Yes
2526,B737,6.9,3.18,3.68,3.15,Yes,Thunderstorm,8.11,Yes
2527,A350,5.95,2.19,0.17,2.64,No,Rain,7.37,Yes
2528,A350,3.18,2.37,1.89,6.71,Yes,Thunderstorm,3.05,No
2529,A320,1.71,5.24,8.8,3.81,Yes,Thunderstorm,3.02,No
2530,B737,0.28,3.38,3.32,4.01,No,Thunderstorm,7.91,No
2531,B737,5.52,3.64,2.58,0.8,Yes,Thunderstorm,9.51,No
2532,A350,1.95,6.17,2.56,1.32,Yes,Snow,8.4,Yes
2533,A350,3.91,9.35,4.41,7.21,Yes,Thunderstorm,5.09,Yes
2534,A350,9.23,0.28,7.11,6.63,No,Thunderstorm,9.24,No
2535,B737,8.14,7.16,8.27,7.98,No,Fog,8.64,No
2536,A380,5.22,2.73,9.4,0.73,No,Fog,2.14,Yes
2537,A320,7.94,3.96,7.36,8.12,No,Fog,3.57,No
2538,A320,1.32,6.08,4.15,7.92,No,Rain,4.7,No
2539,A380,6.93,0.58,8.37,5.66,No,Thunderstorm,6.49,No
2540,B737,7.95,3.39,1.17,0.44,No,Snow,6.3,Yes
2541,B787,3.68,5.43,4.91,7.19,No,Snow,3.24,No
2542,A320,4.98,2.51,1.07,1.27,No,Rain,4.21,Yes
2543,B787,7.24,0.25,4.01,7.16,No,Clear,1.11,Yes
2544,A350,2.74,2.05,6.15,2.69,Yes,Clear,1.49,No
2545,A350,4.61,2.99,3.79,2.55,Yes,Fog,9.61,No
2546,A380,6.22,1.97,6.17,8.28,Yes,Snow,5.34,No
2547,A380,4.18,9.32,0.96,9.96,Yes,Snow,7.52,No
2548,B787,2.97,6.57,3.12,6.3,No,Thunderstorm,0.01,Yes
2549,A320,3.46,1.52,8.33,8.58,Yes,Rain,8.51,Yes
2550,A350,8.58,4.59,8.74,8.31,No,Rain,6.6,Yes
2551,A380,0.94,0.8,1.25,3.91,Yes,Fog,3.74,Yes
2552,A380,3.47,9.29,1.71,6.99,Yes,Snow,5.08,Yes
2553,B787,6.06,9.92,5.04,2.77,Yes,Clear,9.55,Yes
2554,B737,0.17,5.54,3.43,0.3,Yes,Fog,5.69,Yes
2555,A320,1.79,1.67,8.57,2.35,Yes,Fog,7.0,No
2556,A380,3.52,2.43,8.78,1.83,Yes,Thunderstorm,3.88,No
2557,A380,1.51,7.23,2.71,0.73,Yes,Clear,8.75,Yes
2558,B737,9.44,0.13,8.18,1.25,Yes,Thunderstorm,7.36,Yes
2559,A320,6.62,4.31,4.56,6.37,No,Snow,0.09,No
2560,B787,1.9,6.92,7.86,0.55,No,Rain,2.74,Yes
2561,A380,6.43,1.12,4.57,0.86,No,Snow,9.59,No
2562,B737,3.04,3.18,2.69,3.81,No,Snow,9.26,No
2563,A380,9.48,8.48,1.24,4.0,No,Snow,2.72,No
2564,B787,3.0,7.16,3.73,3.92,No,Thunderstorm,3.55,No
2565,A350,8.37,6.46,9.73,0.71,No,Thunderstorm,0.08,No
2566,A350,3.81,9.24,1.19,1.02,No,Fog,5.46,Yes
2567,A380,9.64,6.52,8.06,8.85,No,Fog,4.35,Yes
2568,A380,1.43,9.12,6.32,1.69,Yes,Fog,9.8,Yes
2569,B787,7.83,2.81,0.66,4.85,Yes,Fog,9.19,Yes
2570,B787,9.69,1.47,0.19,2.71,Yes,Clear,8.69,No
2571,B787,5.96,1.84,2.51,4.38,Yes,Thunderstorm,8.62,No
2572,A320,0.92,4.36,0.17,8.64,Yes,Snow,3.88,No
2573,B787,6.4,6.71,3.1,2.63,No,Fog,9.56,No
2574,A320,8.03,3.38,9.28,4.06,No,Fog,1.09,No
2575,A380,1.93,4.38,8.98,6.25,No,Clear,2.41,Yes
2576,A320,5.53,1.43,0.62,4.32,No,Thunderstorm,6.63,No
2577,B787,0.42,8.57,4.27,5.27,No,Thunderstorm,4.89,Yes
2578,A320,6.12,5.29,8.19,6.46,No,Clear,3.59,Yes
2579,B737,7.61,6.95,8.83,8.11,No,Clear,0.93,No
2580,A320,6.72,8.37,6.92,0.32,Yes,Fog,6.1,Yes
2581,B737,3.95,1.55,6.72,2.6,Yes,Rain,9.73,No
2582,B737,7.96,6.91,2.1,8.88,Yes,Fog,0.83,No
2583,A380,0.24,5.59,2.3,1.65,Yes,Snow,4.98,Yes
2584,B787,9.63,0.82,5.75,8.34,Yes,Rain,2.97,Yes
2585,B787,6.98,0.97,0.8,7.7,Yes,Fog,8.73,No
2586,B787,9.54,5.34,8.14,7.35,Yes,Rain,8.51,No
2587,A320,6.35,6.94,3.01,5.76,No,Clear,1.78,Yes
2588,B737,0.14,2.05,1.48,2.44,No,Fog,6.85,No
2589,A380,6.82,0.34,3.34,5.02,No,Fog,5.41,Yes
2590,A350,5.0,2.05,3.68,6.41,Yes,Rain,8.49,No
2591,A320,0.89,3.36,6.28,6.4,No,Fog,1.05,Yes
2592,B787,9.45,1.49,0.93,5.07,No,Rain,4.88,No
2593,A380,3.39,6.89,8.45,8.1,Yes,Thunderstorm,7.99,No
2594,A320,7.39,0.07,7.98,8.78,No,Snow,2.16,Yes
2595,B787,4.95,0.16,5.47,8.87,No,Fog,5.81,Yes
2596,A380,0.5,7.92,9.37,5.4,No,Snow,5.01,No
2597,A320,8.83,8.4,9.02,4.93,No,Fog,9.97,Yes
2598,A320,6.77,0.59,1.01,8.4,Yes,Rain,1.03,No
2599,B737,2.97,2.48,9.99,6.25,Yes,Clear,9.76,No
2600,A320,1.43,2.8,1.66,6.92,No,Thunderstorm,6.76,Yes
2601,A320,4.98,1.17,3.27,6.3,No,Snow,5.75,Yes
2602,B737,6.52,0.3,8.47,5.44,No,Rain,1.6,No
2603,B737,6.38,1.94,6.09,0.95,Yes,Fog,6.96,Yes
2604,A350,5.53,1.75,7.16,2.48,Yes,Rain,2.9,Yes
2605,B787,2.87,3.59,3.86,0.49,No,Thunderstorm,3.88,No
2606,A350,8.35,6.7,7.54,7.51,No,Snow,3.33,Yes
2607,A350,9.16,2.69,7.67,7.96,Yes,Rain,3.99,Yes
2608,B787,7.75,7.96,2.69,6.08,No,Clear,1.99,No
2609,A380,6.21,1.57,9.75,2.74,Yes,Clear,7.34,No
2610,A380,0.07,4.5,1.17,0.71,Yes,Rain,8.26,Yes
2611,B737,2.11,4.56,2.94,0.4,No,Rain,0.48,Yes
2612,A380,3.99,2.1,8.27,6.95,Yes,Snow,6.79,No
2613,A380,4.69,7.78,2.38,5.38,No,Clear,1.31,Yes
2614,B787,1.71,2.19,2.01,7.16,No,Thunderstorm,2.02,No
2615,A380,8.78,6.12,6.66,9.43,No,Fog,0.73,Yes
2616,A350,9.65,0.63,5.76,0.2,No,Clear,5.27,No
2617,A380,4.34,0.42,4.97,4.58,Yes,Thunderstorm,7.53,Yes
2618,A380,8.62,3.28,9.46,8.91,Yes,Rain,5.61,No
2619,B787,7.08,4.88,2.61,3.55,Yes,Rain,8.05,No
2620,B787,9.7,3.61,7.68,1.6,No,Fog,4.99,No
2621,B737,8.57,2.52,3.14,6.28,No,Thunderstorm,3.32,No
2622,A380,9.44,2.37,6.09,8.58,Yes,Rain,7.49,Yes
2623,A380,1.8,1.12,2.99,6.92,No,Clear,7.01,No
2624,A350,6.5,6.23,8.78,8.88,No,Fog,8.83,Yes
2625,A380,8.65,6.9,1.91,1.87,Yes,Clear,5.85,Yes
2626,A350,1.37,2.98,9.29,2.28,No,Rain,8.03,Yes
2627,B737,3.71,8.17,3.76,2.34,Yes,Snow,4.74,Yes
2628,A320,5.7,1.16,1.67,5.9,Yes,Clear,6.87,No
2629,B787,9.47,5.87,9.73,7.27,Yes,Fog,4.15,No
2630,B737,2.96,0.06,2.13,5.6,Yes,Fog,8.24,No
2631,A380,7.1,2.84,6.75,4.2,Yes,Rain,9.01,Yes
2632,B737,2.3,6.39,7.14,3.66,Yes,Clear,6.65,No
2633,A380,8.23,0.3,3.89,7.62,No,Thunderstorm,3.31,No
2634,B737,3.14,6.38,1.78,2.38,No,Thunderstorm,5.68,Yes
2635,B737,4.27,6.87,8.03,1.51,No,Snow,7.93,Yes
2636,B737,7.69,8.11,4.11,2.83,No,Clear,2.49,Yes
2637,A320,0.18,6.23,1.34,1.85,Yes,Snow,4.55,No
2638,B737,6.49,7.53,5.07,0.52,Yes,Fog,5.09,No
2639,A320,5.81,8.16,3.73,6.74,No,Fog,5.44,No
2640,A320,1.04,5.69,4.83,9.3,Yes,Fog,4.55,No
2641,A380,9.11,3.8,4.4,2.32,No,Clear,7.51,Yes
2642,A380,8.27,1.89,1.07,0.75,Yes,Rain,6.39,No
2643,A380,2.82,0.21,1.29,0.34,Yes,Rain,5.24,No
2644,B737,8.14,8.86,8.45,1.81,Yes,Clear,9.42,No
2645,A380,1.58,7.49,0.01,6.17,Yes,Fog,0.51,Yes
2646,A320,1.01,2.65,4.25,4.84,No,Thunderstorm,3.32,No
2647,B737,6.01,4.19,3.29,7.19,Yes,Rain,4.77,No
2648,B737,5.77,2.66,1.23,2.93,No,Rain,5.41,Yes
2649,A380,1.04,9.77,1.64,1.35,No,Clear,2.44,Yes
2650,A350,0.37,6.52,7.04,2.19,Yes,Snow,1.77,No
2651,A380,7.13,2.21,9.69,3.19,Yes,Snow,6.65,Yes
2652,A380,8.84,9.34,8.89,1.07,Yes,Thunderstorm,4.27,No
2653,A320,3.91,0.07,8.29,4.01,No,Snow,1.0,No
2654,A350,4.67,2.61,5.23,1.56,Yes,Thunderstorm,0.5,Yes
2655,B737,0.02,6.02,8.29,5.42,Yes,Thunderstorm,4.12,Yes
2656,B787,8.04,3.47,6.71,8.03,No,Rain,8.72,No
2657,A350,8.48,6.4,9.24,6.33,Yes,Thunderstorm,7.45,Yes
2658,B787,6.47,9.49,9.15,0.42,No,Fog,4.27,Yes
2659,B787,5.35,3.54,7.79,9.61,No,Clear,9.35,Yes
2660,B787,9.13,9.67,9.19,4.3,No,Snow,0.18,No
2661,A320,7.29,5.28,1.85,0.56,No,Thunderstorm,2.53,No
2662,B787,7.62,3.77,5.49,1.91,No,Snow,6.36,No
2663,A380,0.95,2.34,8.93,7.17,No,Snow,1.32,No
2664,A320,6.21,5.19,0.68,0.74,No,Thunderstorm,2.67,No
2665,B737,8.14,2.26,6.13,9.05,No,Snow,0.41,No
2666,B737,0.6,1.69,8.92,6.63,No,Snow,1.12,No
2667,B787,5.01,6.75,7.81,2.45,Yes,Snow,8.5,No
2668,A320,8.7,4.04,3.42,6.21,Yes,Thunderstorm,7.94,No
2669,B737,3.83,9.82,0.01,3.85,No,Rain,2.48,No
2670,A320,1.69,2.26,8.25,6.67,Yes,Fog,3.97,Yes
2671,B787,0.77,0.33,5.77,6.1,Yes,Thunderstorm,1.1,No
2672,A350,3.47,7.97,2.11,0.61,No,Thunderstorm,5.13,Yes
2673,A320,5.97,4.6,0.71,5.2,Yes,Rain,5.31,Yes
2674,A380,2.54,3.37,6.46,4.59,Yes,Snow,5.54,Yes
2675,B787,6.74,1.65,6.03,4.18,Yes,Thunderstorm,2.36,No
2676,A380,2.91,4.91,3.82,3.75,No,Fog,9.3,Yes
2677,B787,9.82,0.03,7.72,4.46,No,Rain,9.85,No
2678,A350,8.94,2.63,7.47,6.65,No,Snow,5.32,Yes
2679,B787,4.23,7.28,7.51,7.85,No,Clear,5.3,No
2680,A380,7.19,0.12,0.13,6.16,Yes,Fog,2.02,No
2681,A350,6.12,6.62,8.85,0.25,Yes,Thunderstorm,1.1,Yes
2682,B737,8.37,7.8,9.23,2.62,No,Snow,6.63,Yes
2683,A380,6.2,5.37,8.88,0.93,Yes,Rain,4.92,Yes
2684,B787,9.87,7.18,2.96,1.25,No,Snow,9.55,No
2685,B737,9.22,4.71,8.3,0.13,Yes,Rain,0.09,No
2686,B787,9.28,1.85,8.01,1.02,Yes,Thunderstorm,4.8,Yes
2687,B737,8.35,5.3,7.06,9.79,No,Snow,8.31,Yes
2688,B737,5.6,3.2,5.43,6.03,Yes,Thunderstorm,1.14,No
2689,A350,0.33,6.44,2.78,0.2,Yes,Fog,2.06,No
2690,B787,2.33,6.22,7.99,7.69,No,Fog,1.41,No
2691,A350,7.98,7.62,5.25,7.53,No,Rain,2.4,No
2692,A350,6.81,4.49,9.32,8.59,Yes,Snow,1.66,Yes
2693,B737,3.75,4.58,0.24,9.87,Yes,Snow,4.99,No
2694,B787,4.69,6.24,3.99,6.29,Yes,Clear,1.84,Yes
2695,A380,2.78,3.83,2.6,4.95,No,Snow,0.29,No
2696,A380,3.36,6.94,2.02,4.85,No,Snow,6.89,No
2697,B737,0.34,2.29,7.89,2.41,No,Snow,4.12,No
2698,A380,7.86,1.36,1.62,8.19,Yes,Rain,5.15,No
2699,B737,6.03,1.03,8.55,8.86,Yes,Clear,2.7,No
2700,A320,6.43,9.3,4.94,4.4,Yes,Snow,0.17,Yes
2701,B737,3.94,7.02,8.17,1.14,Yes,Thunderstorm,7.79,Yes
2702,A350,8.32,5.54,1.64,3.94,Yes,Clear,8.92,No
2703,B737,0.75,3.98,0.74,4.37,Yes,Snow,3.71,Yes
2704,B787,1.82,4.65,8.21,3.28,Yes,Thunderstorm,7.65,Yes
2705,B787,0.04,8.78,7.01,8.79,Yes,Rain,1.62,No
2706,A350,3.05,8.74,6.78,3.3,Yes,Fog,9.78,Yes
2707,A350,4.17,6.94,0.39,5.17,No,Rain,1.02,No
2708,B737,6.35,5.32,7.49,0.89,No,Fog,5.95,No
2709,A350,3.01,1.42,2.42,6.95,Yes,Fog,7.64,Yes
2710,B787,5.73,1.19,9.77,5.07,Yes,Fog,1.12,No
2711,B787,1.55,0.15,9.67,5.57,Yes,Clear,0.79,No
2712,A380,5.92,7.74,6.22,1.73,No,Fog,4.68,No
2713,B787,4.92,8.96,6.46,7.6,No,Snow,7.13,Yes
2714,B737,6.43,5.92,2.84,0.09,Yes,Rain,1.61,No
2715,A320,6.39,5.57,3.4,7.45,No,Snow,5.11,Yes
2716,A380,4.89,7.47,6.11,4.17,No,Fog,0.96,No
2717,A380,9.33,2.55,2.03,6.73,Yes,Clear,8.5,Yes
2718,A350,2.57,1.26,1.68,5.41,Yes,Rain,3.04,No
2719,A350,9.85,8.13,9.07,8.41,No,Rain,6.64,No
2720,B737,2.64,7.71,8.51,9.23,Yes,Fog,2.0,No
2721,A380,8.22,6.61,2.25,2.64,Yes,Fog,5.48,No
2722,B787,2.82,9.49,3.2,2.14,Yes,Clear,2.77,Yes
2723,A380,9.82,8.1,6.82,0.26,Yes,Fog,9.95,Yes
2724,A320,9.34,1.38,3.8,5.32,Yes,Clear,0.98,Yes
2725,A380,2.42,4.98,5.72,9.89,No,Thunderstorm,7.02,Yes
2726,B787,3.85,7.66,9.1,6.02,Yes,Clear,2.04,No
2727,A380,0.44,4.16,1.54,1.55,Yes,Fog,9.65,Yes
2728,B737,2.46,5.87,0.88,6.38,No,Clear,3.12,No
2729,B737,7.14,7.52,0.41,9.37,Yes,Clear,9.07,Yes
2730,B737,5.82,8.72,6.97,6.14,Yes,Clear,4.22,No
2731,B787,9.49,3.66,7.08,9.0,Yes,Fog,6.54,Yes
2732,A380,6.06,3.25,9.3,9.09,No,Thunderstorm,0.44,Yes
2733,A320,9.68,5.41,5.55,9.83,Yes,Clear,3.52,Yes
2734,B787,6.13,7.29,7.07,4.09,Yes,Clear,3.56,Yes
2735,A350,3.36,1.6,5.81,1.59,No,Rain,3.78,Yes
2736,A380,7.58,1.85,4.2,5.07,Yes,Rain,3.89,Yes
2737,A380,8.66,3.79,2.07,4.83,No,Thunderstorm,9.33,Yes
2738,A380,0.7,8.54,1.75,1.16,Yes,Rain,3.87,Yes
2739,B787,8.35,0.56,0.22,4.82,Yes,Clear,6.83,No
2740,A350,3.76,2.26,6.09,9.09,No,Snow,3.85,No
2741,A380,3.45,4.0,1.62,4.7,Yes,Fog,0.08,No
2742,A350,0.95,9.53,3.46,7.26,Yes,Fog,3.32,No
2743,A320,6.94,5.41,1.05,8.98,Yes,Snow,6.18,No
2744,A350,9.41,8.46,6.24,6.25,Yes,Snow,9.3,No
2745,A350,7.81,2.19,8.96,0.51,No,Rain,2.6,No
2746,A320,3.13,2.29,4.54,8.03,No,Rain,8.5,No
2747,B787,0.22,3.08,5.67,5.56,Yes,Fog,8.32,Yes
2748,B787,0.76,7.46,3.9,0.3,Yes,Clear,4.09,No
2749,A350,7.19,7.19,7.78,2.88,Yes,Snow,6.66,No
2750,A320,4.87,0.56,8.92,4.92,Yes,Snow,1.16,Yes
2751,A380,8.99,1.89,3.8,7.24,No,Snow,3.41,Yes
2752,A320,8.81,6.47,7.59,0.03,No,Rain,0.14,No
2753,A380,3.29,2.83,5.69,9.01,Yes,Snow,2.5,Yes
2754,A350,1.99,5.0,3.33,4.02,No,Clear,8.73,Yes
2755,A350,0.6,4.41,7.98,1.44,Yes,Snow,6.26,Yes
2756,A380,8.13,1.29,8.25,7.2,No,Snow,0.07,Yes
2757,A350,5.53,0.06,4.64,9.18,Yes,Clear,1.48,Yes
2758,A380,1.57,7.92,6.03,7.31,Yes,Thunderstorm,1.38,No
2759,A350,2.68,8.47,2.79,1.38,No,Thunderstorm,8.12,Yes
2760,B737,3.44,9.21,7.84,2.2,Yes,Rain,6.46,Yes
2761,A320,6.39,9.56,3.64,2.31,No,Fog,0.74,Yes
2762,A350,3.29,2.25,7.1,6.56,Yes,Fog,9.86,Yes
2763,A350,5.7,0.76,4.06,6.46,No,Fog,5.53,No
2764,A380,3.89,3.42,5.66,1.63,No,Thunderstorm,8.27,No
2765,A350,8.53,9.39,6.27,0.35,No,Fog,8.38,Yes
2766,B737,0.88,8.42,0.19,9.2,Yes,Snow,7.29,Yes
2767,A380,4.71,8.94,4.44,6.88,No,Fog,1.07,Yes
2768,B737,7.78,9.13,7.88,6.05,No,Snow,4.89,No
2769,B787,6.35,8.41,3.29,9.32,No,Snow,4.06,No
2770,B787,9.15,0.83,2.76,0.23,No,Rain,6.42,No
2771,A350,8.98,3.72,9.58,6.74,No,Clear,7.08,No
2772,B787,3.32,3.12,0.87,1.3,Yes,Thunderstorm,2.31,Yes
2773,B787,9.97,0.46,9.82,2.4,No,Fog,3.17,No
2774,A350,5.08,0.78,6.48,9.93,Yes,Thunderstorm,2.36,No
2775,A350,3.31,3.77,9.17,4.93,Yes,Clear,5.97,No
2776,A350,9.07,6.62,3.8,9.17,No,Snow,2.48,Yes
2777,B737,5.06,5.74,8.33,8.19,No,Clear,8.05,Yes
2778,A350,1.09,2.58,5.9,3.97,No,Snow,9.45,Yes
2779,B787,5.51,9.9,6.95,2.05,Yes,Clear,4.34,No
2780,B787,0.33,1.55,4.78,0.28,Yes,Rain,0.06,Yes
2781,B787,1.51,7.67,6.5,2.53,No,Snow,2.64,Yes
2782,A380,3.7,6.54,7.12,6.27,No,Fog,6.17,No
2783,A320,7.75,4.12,3.06,3.74,No,Rain,7.82,No
2784,A350,5.17,3.07,7.9,7.05,Yes,Clear,4.21,No
2785,A350,3.13,3.78,7.06,3.24,No,Snow,7.3,Yes
2786,A350,2.49,3.03,9.81,1.78,Yes,Snow,7.62,No
2787,A380,3.72,4.59,0.4,4.24,No,Snow,6.38,No
2788,B737,8.74,1.38,7.49,8.9,No,Thunderstorm,9.57,Yes
2789,B787,3.35,0.36,8.07,4.66,No,Thunderstorm,7.03,No
2790,A380,8.53,8.41,2.64,5.44,Yes,Snow,0.04,Yes
2791,B737,7.0,4.21,5.9,5.24,Yes,Snow,4.8,Yes
2792,B737,3.97,9.09,9.2,3.65,No,Fog,9.28,Yes
2793,A350,8.93,7.5,0.25,9.82,Yes,Rain,7.99,No
2794,A350,2.59,1.69,0.64,9.15,No,Rain,7.95,Yes
2795,B787,0.98,3.4,8.7,0.19,No,Fog,9.22,Yes
2796,A380,6.92,7.66,5.61,7.47,No,Fog,5.47,No
2797,B787,0.55,1.83,1.13,2.99,No,Rain,9.8,Yes
2798,A380,3.41,4.67,2.37,2.68,Yes,Snow,5.63,No
2799,B737,0.14,8.18,8.2,0.27,No,Rain,5.92,Yes
2800,A350,0.1,1.5,7.61,2.49,No,Thunderstorm,6.58,Yes
2801,A320,6.61,6.33,6.98,9.94,No,Fog,3.19,Yes
2802,A320,5.79,0.12,0.44,7.65,No,Snow,5.96,No
2803,A350,3.74,2.73,7.86,9.57,Yes,Thunderstorm,2.35,No
2804,A380,2.81,6.19,8.41,3.76,Yes,Clear,4.16,No
2805,A350,5.67,4.71,0.44,0.56,No,Rain,7.58,No
2806,B737,4.29,0.5,3.36,5.73,Yes,Thunderstorm,8.32,Yes
2807,A320,2.75,8.9,6.73,5.82,Yes,Thunderstorm,2.09,Yes
2808,A350,2.23,0.78,4.17,0.71,Yes,Snow,9.48,Yes
2809,A380,9.63,7.18,7.42,5.22,Yes,Clear,8.0,Yes
2810,B787,6.17,7.02,8.84,0.86,Yes,Thunderstorm,9.71,No
2811,A320,0.42,2.56,0.47,3.3,Yes,Fog,6.42,Yes
2812,B787,9.54,0.09,6.95,0.17,No,Snow,6.72,No
2813,A380,3.02,1.54,2.25,9.02,Yes,Fog,1.09,No
2814,B737,0.56,9.83,7.5,3.63,No,Snow,6.16,Yes
2815,B737,1.43,2.27,1.82,4.45,Yes,Clear,9.76,Yes
2816,B787,4.78,7.62,9.75,0.43,No,Snow,8.63,No
2817,A320,7.13,5.97,5.25,6.77,Yes,Rain,1.15,No
2818,A320,0.01,8.83,3.48,8.16,No,Snow,3.68,No
2819,A320,2.45,6.9,7.82,6.36,No,Fog,4.67,Yes
2820,B737,9.3,4.55,3.9,0.3,No,Snow,3.67,No
2821,B787,9.65,9.4,7.59,6.29,No,Clear,5.29,No
2822,A350,0.85,1.54,7.8,1.06,Yes,Snow,5.93,No
2823,A380,4.33,5.23,4.52,8.35,No,Fog,2.54,No
2824,B737,0.66,2.38,8.6,5.6,No,Snow,6.76,Yes
2825,A350,7.6,7.18,7.25,2.35,Yes,Fog,7.39,Yes
2826,A350,4.88,6.19,9.84,1.6,Yes,Clear,3.78,No
2827,B737,3.62,7.2,6.69,1.52,No,Fog,2.0,Yes
2828,A320,6.13,0.44,3.53,0.41,No,Thunderstorm,6.15,Yes
2829,A380,1.92,8.0,5.31,2.0,No,Snow,3.21,Yes
2830,A350,7.88,3.6,3.4,5.85,No,Snow,3.92,No
2831,B787,7.33,4.17,1.56,5.77,Yes,Thunderstorm,9.88,Yes
2832,B737,1.75,5.85,4.93,1.56,Yes,Rain,2.64,Yes
2833,A380,6.05,8.01,7.78,6.76,No,Fog,5.52,Yes
2834,B787,4.48,0.81,4.57,1.59,No,Thunderstorm,4.17,No
2835,A320,2.04,4.73,2.97,9.15,No,Rain,3.79,No
2836,A320,0.38,6.42,8.5,9.66,No,Thunderstorm,7.27,Yes
2837,B787,1.72,7.67,5.27,3.77,Yes,Rain,9.29,No
2838,B787,8.51,9.9,0.81,8.38,No,Fog,1.98,Yes
2839,A320,1.23,6.38,3.23,7.65,No,Fog,3.34,No
2840,A320,1.57,4.95,0.34,4.05,Yes,Fog,8.07,No
2841,A350,0.61,6.94,8.64,0.92,No,Clear,4.7,No
2842,A380,2.99,6.38,0.6,1.75,Yes,Thunderstorm,7.68,Yes
2843,B737,6.81,3.7,3.18,9.01,No,Clear,1.16,No
2844,B737,1.42,5.19,0.67,5.16,Yes,Rain,0.18,No
2845,A350,9.7,2.2,5.65,6.38,Yes,Fog,3.18,Yes
2846,A320,0.44,0.14,8.59,5.86,Yes,Clear,0.05,No
2847,B737,5.44,7.7,7.38,8.0,Yes,Fog,0.09,Yes
2848,A380,7.58,8.27,3.69,0.91,Yes,Thunderstorm,1.3,No
2849,B737,7.2,9.17,5.81,4.11,Yes,Clear,1.24,Yes
2850,B787,3.27,4.85,2.22,5.67,No,Fog,0.81,No
2851,A320,9.25,2.59,5.88,8.17,Yes,Rain,0.6,Yes
2852,A380,9.15,2.07,9.38,8.08,No,Fog,4.19,No
2853,B787,8.18,2.16,9.53,6.06,Yes,Clear,7.06,No
2854,B787,4.62,9.52,6.47,9.46,Yes,Fog,0.47,Yes
2855,A350,7.85,3.05,3.9,6.7,Yes,Rain,0.08,No
2856,A320,8.38,6.43,6.36,9.34,No,Snow,6.06,Yes
2857,B787,0.76,7.22,4.58,6.13,Yes,Snow,6.13,No
2858,A320,5.3,0.22,5.91,1.94,Yes,Clear,4.74,No
2859,A350,6.2,7.52,8.51,7.33,Yes,Fog,9.72,Yes
2860,A380,8.34,2.35,1.56,4.57,Yes,Snow,9.14,No
2861,B787,9.71,6.77,4.7,1.84,No,Rain,3.72,Yes
2862,A380,0.97,4.11,5.0,6.57,Yes,Thunderstorm,1.32,No
2863,A350,2.1,5.41,7.36,0.44,No,Fog,9.57,No
2864,A320,7.94,2.17,1.86,8.64,No,Rain,4.41,No
2865,A350,4.86,8.38,7.89,0.42,Yes,Clear,6.86,No
2866,A350,5.71,6.21,1.95,3.03,Yes,Thunderstorm,2.71,Yes
2867,A350,2.74,7.12,8.81,3.46,Yes,Snow,1.08,No
2868,A350,4.51,6.13,8.63,2.04,No,Rain,3.82,Yes
2869,B737,0.59,9.02,4.56,9.68,No,Rain,9.22,No
2870,A380,1.24,5.91,6.63,9.86,No,Fog,8.75,Yes
2871,A350,4.23,4.73,6.12,4.8,No,Thunderstorm,6.0,No
2872,B737,0.06,6.26,5.93,7.9,No,Rain,3.48,Yes
2873,A320,9.39,6.03,2.44,3.86,No,Thunderstorm,2.22,Yes
2874,B787,4.44,6.97,9.09,6.8,Yes,Rain,8.06,No
2875,B787,5.84,2.65,9.85,5.54,No,Thunderstorm,6.44,Yes
2876,A380,8.56,2.89,7.8,0.36,No,Snow,4.72,No
2877,A380,1.99,9.44,7.96,8.18,Yes,Clear,2.27,Yes
2878,A380,0.05,1.9,0.94,2.1,No,Snow,4.55,No
2879,B737,2.45,4.99,6.77,1.47,Yes,Clear,2.96,No
2880,A350,5.65,4.27,5.08,2.1,Yes,Snow,4.16,No
2881,A350,2.55,4.01,6.73,0.28,Yes,Snow,3.12,No
2882,A380,6.72,1.25,1.14,8.27,No,Clear,6.76,No
2883,A380,2.89,7.46,8.18,3.1,Yes,Clear,4.23,Yes
2884,A380,4.67,4.86,8.03,5.13,Yes,Clear,5.3,Yes
2885,A320,3.17,6.81,0.02,2.56,No,Snow,5.48,No
2886,A320,7.79,6.76,6.41,9.71,Yes,Rain,1.62,Yes
2887,A380,0.76,4.1,3.21,3.43,No,Snow,8.83,No
2888,A320,4.7,2.08,2.96,9.47,No,Rain,7.03,No
2889,A380,4.43,2.55,4.05,1.09,No,Thunderstorm,0.55,Yes
2890,A380,5.81,0.99,4.4,5.96,Yes,Rain,9.48,No
2891,B737,5.19,1.22,9.08,6.99,Yes,Fog,2.5,No
2892,A380,4.21,8.8,8.06,8.96,Yes,Thunderstorm,4.47,No
2893,B737,7.96,3.18,3.78,2.81,No,Rain,9.17,Yes
2894,A380,4.63,1.72,1.21,3.44,Yes,Snow,0.94,Yes
2895,B737,6.83,1.03,7.71,6.25,Yes,Fog,4.35,No
2896,B737,0.2,4.07,6.17,4.64,No,Rain,1.07,Yes
2897,A320,1.62,8.26,6.79,6.85,Yes,Thunderstorm,7.32,Yes
2898,A380,7.49,9.41,1.59,7.43,Yes,Rain,4.49,No
2899,A350,0.83,4.79,6.98,8.78,No,Thunderstorm,5.95,Yes
2900,A320,2.08,5.71,0.04,0.1,No,Rain,7.22,Yes
2901,B787,5.7,0.55,9.92,5.76,Yes,Snow,6.98,Yes
2902,B787,7.02,0.18,8.14,2.8,Yes,Thunderstorm,2.81,No
2903,B737,1.17,6.94,4.38,7.22,Yes,Rain,1.15,Yes
2904,A320,8.22,9.34,8.3,4.94,No,Snow,6.17,No
2905,A380,2.63,0.0,0.69,9.24,No,Clear,5.44,Yes
2906,B737,4.54,2.59,1.07,2.67,No,Rain,3.9,No
2907,A380,5.38,5.37,4.42,5.88,No,Rain,5.22,Yes
2908,A350,9.78,8.3,2.46,3.38,Yes,Fog,8.96,No
2909,B737,0.36,1.74,9.68,5.42,No,Clear,9.95,Yes
2910,A380,9.31,4.61,6.64,2.18,Yes,Clear,8.86,Yes
2911,B737,5.62,1.87,8.85,0.23,No,Thunderstorm,3.37,Yes
2912,B787,4.94,3.4,4.1,3.3,No,Clear,3.04,No
2913,A320,9.09,7.66,3.37,5.16,No,Clear,4.65,Yes
2914,A350,4.5,5.06,9.85,6.99,Yes,Fog,9.67,Yes
2915,A350,8.52,2.59,0.53,3.43,Yes,Clear,9.15,No
2916,A380,3.11,8.62,5.14,4.56,No,Fog,5.64,No
2917,B737,6.32,2.83,3.41,3.6,No,Thunderstorm,0.58,Yes
2918,A320,9.84,0.42,8.98,7.96,No,Fog,4.64,No
2919,B787,7.58,6.55,1.19,7.82,No,Clear,3.06,Yes
2920,A320,1.51,9.77,4.28,2.62,Yes,Snow,7.31,Yes
2921,A350,2.61,5.36,4.26,3.45,Yes,Fog,9.89,No
2922,A350,2.6,2.78,2.58,8.74,Yes,Clear,6.43,Yes
2923,B737,7.45,8.62,2.63,4.87,Yes,Clear,3.08,Yes
2924,B737,9.37,4.74,7.83,1.15,No,Fog,2.39,Yes
2925,A320,2.61,1.92,9.45,0.42,Yes,Fog,1.41,No
2926,A350,1.81,3.46,5.83,8.98,Yes,Clear,8.33,Yes
2927,A350,1.18,0.39,1.0,0.56,No,Thunderstorm,1.59,No
2928,A380,5.77,2.89,0.85,2.89,No,Rain,9.13,No
2929,A380,7.06,0.9,6.51,8.35,No,Thunderstorm,4.27,No
2930,A320,7.4,9.11,1.3,7.57,No,Thunderstorm,0.55,No
2931,B737,8.43,5.69,5.98,0.58,No,Snow,2.14,No
2932,B737,7.62,9.1,0.82,6.48,Yes,Clear,8.25,No
2933,A350,3.97,6.72,1.22,6.82,Yes,Clear,6.96,No
2934,A380,7.25,8.89,9.7,1.33,No,Clear,9.27,No
2935,B737,2.27,3.43,7.0,0.64,Yes,Snow,7.71,No
2936,B737,9.24,2.93,2.68,2.22,No,Rain,2.65,Yes
2937,A350,0.26,4.61,9.48,0.1,Yes,Fog,0.72,Yes
2938,B787,0.48,2.03,0.98,4.85,Yes,Rain,3.88,No
2939,A320,7.26,4.77,8.63,3.34,Yes,Rain,4.9,Yes
2940,B737,7.4,8.38,4.69,7.24,No,Rain,4.83,Yes
2941,A380,3.01,9.86,8.85,9.92,Yes,Rain,7.27,No
2942,A380,6.56,5.46,1.5,8.16,Yes,Thunderstorm,0.46,Yes
2943,A320,6.17,6.32,5.3,2.57,No,Fog,0.52,Yes
2944,A350,2.92,5.24,8.86,1.64,Yes,Rain,0.61,Yes
2945,A320,6.38,6.27,1.48,9.76,Yes,Snow,8.35,Yes
2946,B787,8.8,3.49,8.3,0.52,Yes,Snow,1.13,Yes
2947,B737,6.44,6.01,0.03,1.09,Yes,Rain,1.7,No
2948,A320,4.22,6.91,2.55,8.73,Yes,Clear,5.26,Yes
2949,A320,5.86,2.81,7.19,9.43,Yes,Thunderstorm,4.49,Yes
2950,B787,5.62,4.35,3.69,0.28,No,Fog,1.24,No
2951,A350,7.78,1.32,6.64,9.58,Yes,Thunderstorm,2.92,No
2952,A320,4.75,5.51,0.41,9.04,Yes,Fog,4.12,No
2953,A350,7.59,0.6,2.76,2.07,No,Fog,1.29,No
2954,B787,5.45,8.65,7.63,5.46,Yes,Clear,0.95,Yes
2955,A380,4.73,5.99,1.87,1.2,Yes,Snow,3.28,Yes
2956,A320,9.79,7.64,3.56,4.56,Yes,Rain,4.98,Yes
2957,A380,2.95,7.86,7.32,3.11,Yes,Fog,9.79,No
2958,A350,4.01,2.5,5.41,5.5,No,Clear,4.78,No
2959,B737,5.85,8.54,5.27,3.1,No,Snow,7.04,No
2960,B737,2.71,7.71,7.46,9.04,No,Rain,8.69,Yes
2961,B737,8.41,3.0,8.06,0.43,Yes,Fog,1.33,No
2962,B787,6.4,4.92,4.88,0.15,No,Fog,6.07,No
2963,B787,6.23,1.39,8.34,9.09,Yes,Fog,3.98,Yes
2964,A320,6.39,7.59,1.86,8.89,Yes,Snow,7.59,Yes
2965,A380,4.41,3.26,7.12,4.59,No,Rain,8.9,Yes
2966,B787,9.3,2.12,4.98,1.5,No,Snow,9.87,Yes
2967,B737,3.37,4.84,1.64,0.32,No,Clear,6.58,Yes
2968,B787,5.88,7.76,4.31,7.06,No,Thunderstorm,4.25,Yes
2969,B737,7.54,7.71,9.66,6.88,No,Rain,7.35,No
2970,A350,6.07,1.05,7.82,9.91,No,Clear,9.05,Yes
2971,B787,7.32,1.33,3.11,2.71,No,Fog,0.56,No
2972,B737,4.81,0.29,4.68,4.38,No,Rain,4.41,Yes
2973,A350,0.66,2.37,8.62,2.93,No,Fog,8.92,Yes
2974,A320,4.82,3.81,7.92,7.84,No,Thunderstorm,6.18,Yes
2975,A320,1.86,2.94,1.59,2.13,Yes,Fog,9.73,No
2976,A350,8.66,4.31,8.81,0.06,No,Thunderstorm,9.82,No
2977,A320,6.25,1.03,5.58,5.34,No,Thunderstorm,2.58,No
2978,B787,8.88,0.56,2.34,0.24,No,Thunderstorm,7.47,No
2979,B787,7.5,8.67,3.46,5.57,Yes,Fog,2.8,Yes
2980,A380,2.99,4.07,2.21,7.99,Yes,Clear,0.28,Yes
2981,B737,2.02,0.05,4.55,1.54,Yes,Fog,9.75,No
2982,B787,4.44,6.68,2.69,4.95,No,Rain,7.65,No
2983,B787,1.52,5.65,4.04,5.27,No,Fog,9.12,No
2984,A320,4.16,3.3,0.25,7.83,No,Thunderstorm,0.87,Yes
2985,A350,7.54,9.1,9.34,9.03,No,Snow,3.63,No
2986,A350,9.04,7.45,0.45,1.36,Yes,Snow,4.11,Yes
2987,A350,5.33,1.83,2.83,1.13,Yes,Clear,0.02,No
2988,B787,6.46,7.38,5.43,4.06,No,Snow,7.23,No
2989,A380,9.92,3.64,3.86,2.66,Yes,Rain,6.69,No
2990,A320,7.59,1.97,8.98,0.79,Yes,Rain,0.3,No
2991,B737,7.07,3.3,4.1,8.75,No,Thunderstorm,0.46,No
2992,A320,1.68,1.64,3.81,7.09,Yes,Snow,4.91,No
2993,B737,8.17,2.3,1.55,4.79,No,Clear,3.51,No
2994,B737,4.21,4.01,6.33,4.51,No,Thunderstorm,7.89,Yes
2995,A380,3.26,4.39,5.65,6.28,Yes,Thunderstorm,4.95,No
2996,B737,8.59,6.15,4.73,2.61,No,Thunderstorm,4.79,Yes
2997,B737,2.71,0.92,7.19,3.93,No,Rain,5.65,Yes
2998,A320,2.21,5.78,0.49,8.18,Yes,Fog,5.75,Yes
2999,A320,8.46,0.76,6.7,5.84,No,Rain,8.19,No
3000,A350,2.9,9.11,3.8,4.84,No,Clear,6.14,No
3001,B737,7.65,5.1,2.57,0.11,Yes,Rain,8.61,No
3002,A350,6.01,7.3,0.15,9.73,No,Snow,8.92,Yes
3003,B787,5.84,2.74,3.81,2.91,Yes,Thunderstorm,2.7,No
3004,A320,0.44,4.7,2.69,6.16,No,Snow,2.08,No
3005,A380,0.56,5.5,4.47,5.48,Yes,Fog,4.28,Yes
3006,B737,8.94,3.48,9.85,9.16,No,Clear,8.85,No
3007,B787,1.8,9.95,7.71,3.3,No,Fog,4.02,Yes
3008,B737,8.6,3.05,3.17,0.66,No,Thunderstorm,0.71,Yes
3009,B787,4.48,6.85,1.86,0.9,No,Fog,2.32,Yes
3010,A320,4.21,9.65,6.91,9.93,No,Thunderstorm,8.9,Yes
3011,A350,7.7,5.74,5.3,9.89,No,Thunderstorm,4.91,No
3012,A350,0.23,0.3,4.22,5.19,Yes,Thunderstorm,1.95,Yes
3013,B737,3.31,9.2,4.35,4.83,Yes,Clear,2.87,No
3014,A380,8.59,6.16,8.01,1.66,Yes,Fog,4.12,Yes
3015,B787,0.85,9.96,1.6,9.33,Yes,Thunderstorm,5.86,Yes
3016,A320,9.69,8.3,5.43,2.31,No,Snow,2.47,No
3017,A320,6.79,1.9,3.53,1.46,No,Snow,4.01,Yes
3018,B737,6.15,4.16,6.56,0.08,No,Clear,9.06,Yes
3019,B787,3.28,2.65,9.38,8.25,No,Clear,4.57,No
3020,B737,4.62,1.97,2.48,8.02,No,Snow,3.16,No
3021,A380,2.19,4.07,7.55,5.37,No,Thunderstorm,2.89,Yes
3022,A350,6.38,4.31,0.72,1.95,Yes,Snow,1.6,Yes
3023,A350,8.68,4.83,2.15,9.72,Yes,Snow,8.47,No
3024,A350,1.67,9.66,9.22,9.52,Yes,Snow,5.34,No
3025,A380,6.63,4.56,7.64,8.08,No,Snow,4.26,Yes
3026,A380,3.21,6.08,6.95,1.32,No,Rain,1.24,Yes
3027,B737,7.3,0.82,4.35,3.37,No,Fog,0.59,No
3028,A320,8.61,4.46,3.78,8.91,No,Clear,9.73,No
3029,B787,5.53,5.48,5.27,9.1,Yes,Clear,5.9,No
3030,A320,6.11,3.65,2.94,6.66,No,Clear,7.83,No
3031,B787,6.8,5.44,6.92,8.7,No,Thunderstorm,0.42,Yes
3032,B737,3.02,8.64,5.16,6.06,No,Thunderstorm,6.67,Yes
3033,A320,9.79,4.14,0.39,6.93,Yes,Clear,3.51,No
3034,A350,2.36,3.13,1.33,3.59,Yes,Thunderstorm,2.58,No
3035,A350,9.82,9.65,7.71,8.94,Yes,Clear,6.42,No
3036,B787,5.59,6.74,7.37,9.04,Yes,Thunderstorm,8.52,No
3037,B737,6.1,4.56,7.6,1.95,No,Clear,5.46,No
3038,A320,3.08,1.95,6.06,2.91,Yes,Thunderstorm,7.66,Yes
3039,A350,9.44,5.71,7.79,7.85,No,Thunderstorm,1.0,No
3040,A350,8.1,6.93,0.87,6.03,No,Clear,5.75,No
3041,A380,1.2,8.65,0.68,5.36,No,Thunderstorm,2.77,Yes
3042,B787,3.96,0.56,4.41,8.17,No,Clear,0.81,Yes
3043,B737,6.69,3.0,2.84,6.08,Yes,Clear,9.26,Yes
3044,B787,5.78,4.62,5.58,8.05,Yes,Clear,0.67,No
3045,A380,0.73,2.54,9.1,1.5,Yes,Snow,3.8,Yes
3046,A350,3.1,3.97,0.04,2.26,Yes,Clear,3.44,Yes
3047,A350,1.64,5.57,1.5,6.52,Yes,Clear,7.27,No
3048,B787,4.11,4.08,9.16,4.3,No,Clear,4.69,Yes
3049,A320,1.54,2.89,8.23,3.12,Yes,Thunderstorm,3.58,Yes
3050,A350,8.72,2.25,6.46,1.79,Yes,Thunderstorm,5.21,No
3051,A320,0.52,5.8,3.5,6.96,Yes,Thunderstorm,7.62,No
3052,B737,4.29,3.41,8.97,8.91,Yes,Fog,1.26,No
3053,B737,7.9,7.15,7.01,4.74,No,Snow,9.59,No
3054,A320,7.34,2.46,8.67,7.12,No,Snow,2.54,Yes
3055,A380,4.09,0.22,7.32,6.02,Yes,Clear,0.05,Yes
3056,A350,2.71,3.81,8.32,9.87,Yes,Clear,7.58,No
3057,B787,4.84,9.66,7.93,0.9,No,Rain,2.57,Yes
3058,A380,9.36,2.59,9.0,1.29,Yes,Clear,4.21,Yes
3059,A320,9.2,8.87,8.26,2.02,No,Clear,3.93,Yes
3060,B787,6.22,3.55,5.62,7.34,No,Clear,3.31,Yes
3061,A320,2.23,6.9,6.73,8.06,No,Snow,1.48,No
3062,A350,4.71,6.47,6.11,3.57,No,Thunderstorm,1.08,Yes
3063,A320,5.95,1.65,8.4,7.27,No,Fog,1.17,Yes
3064,A380,8.2,2.89,1.67,6.17,Yes,Clear,2.43,Yes
3065,B787,8.69,1.54,4.32,9.47,No,Thunderstorm,5.05,No
3066,A320,5.76,9.65,0.84,2.42,Yes,Snow,8.17,Yes
3067,B737,3.85,3.5,6.59,1.43,No,Clear,5.66,No
3068,B737,1.61,9.15,7.15,5.92,Yes,Clear,2.91,No
3069,B737,3.16,9.73,0.74,4.45,No,Thunderstorm,3.59,No
3070,B737,0.48,1.09,4.93,9.6,Yes,Snow,6.34,Yes
3071,A350,4.63,7.68,9.82,2.47,No,Rain,6.08,Yes
3072,A350,5.28,7.34,0.9,2.01,Yes,Snow,7.99,Yes
3073,A320,8.09,0.72,5.26,3.81,Yes,Snow,7.1,Yes
3074,A320,9.42,8.73,0.96,6.85,No,Fog,8.38,Yes
3075,A350,0.41,2.67,3.16,2.76,Yes,Fog,8.52,Yes
3076,B787,8.67,4.99,9.5,2.5,Yes,Thunderstorm,9.72,Yes
3077,A380,1.09,5.22,2.01,6.57,No,Clear,4.79,Yes
3078,B737,4.1,6.0,1.42,2.06,Yes,Rain,4.56,Yes
3079,A320,8.35,6.36,4.2,2.79,Yes,Rain,3.6,Yes
3080,B737,9.81,4.92,1.01,4.62,Yes,Snow,4.64,No
3081,A350,5.05,1.49,6.29,4.3,Yes,Fog,1.75,No
3082,A380,9.2,6.74,9.72,4.72,No,Fog,5.01,No
3083,B737,3.56,1.15,7.15,0.06,Yes,Rain,0.26,Yes
3084,A320,7.54,4.06,2.13,4.92,No,Snow,5.22,Yes
3085,B737,0.56,5.51,8.75,8.82,No,Thunderstorm,5.6,No
3086,A350,0.38,4.66,7.5,8.69,Yes,Snow,7.12,No
3087,A350,4.41,7.54,9.7,3.52,Yes,Rain,1.01,Yes
3088,B787,2.52,8.41,9.05,7.44,No,Thunderstorm,2.48,No
3089,A350,6.95,4.08,0.96,1.79,No,Rain,3.3,No
3090,A320,6.6,1.42,9.98,0.13,No,Snow,8.83,No
3091,B787,4.63,3.99,8.06,4.49,Yes,Rain,0.81,No
3092,A380,7.9,6.0,7.47,7.75,Yes,Thunderstorm,3.39,Yes
3093,A380,5.3,1.82,2.74,4.23,Yes,Fog,8.19,Yes
3094,B787,2.64,1.67,2.41,7.32,Yes,Clear,8.26,No
3095,B737,6.29,3.73,9.18,9.58,Yes,Thunderstorm,9.78,Yes
3096,A320,3.58,4.85,4.76,7.1,No,Snow,1.76,No
3097,B787,6.53,1.25,8.5,0.53,Yes,Clear,7.75,Yes
3098,A320,1.52,9.01,4.09,6.22,Yes,Snow,4.45,No
3099,A320,3.26,9.7,3.45,2.65,Yes,Clear,7.7,No
3100,A350,7.47,6.29,1.63,4.92,No,Clear,9.93,No
3101,A380,5.23,4.55,0.13,6.24,No,Thunderstorm,6.28,No
3102,A380,6.13,9.05,1.64,1.39,Yes,Clear,4.38,No
3103,A350,9.51,6.08,6.43,6.46,No,Snow,3.68,Yes
3104,A320,9.52,6.02,7.78,9.9,No,Thunderstorm,5.23,No
3105,B737,0.29,6.21,3.05,2.82,No,Rain,4.3,No
3106,A380,1.82,0.12,4.62,2.18,No,Clear,5.72,No
3107,B737,0.41,0.92,8.67,2.37,No,Snow,5.96,Yes
3108,A320,3.77,1.6,7.52,7.66,No,Snow,6.73,No
3109,A350,9.56,5.0,1.13,6.79,Yes,Rain,8.24,Yes
3110,A320,8.51,8.27,5.71,7.05,No,Snow,7.49,Yes
3111,A350,4.46,3.82,2.53,1.21,Yes,Thunderstorm,4.15,Yes
3112,B737,6.04,7.04,9.83,2.24,Yes,Rain,0.26,Yes
3113,A380,8.91,5.83,1.65,0.82,Yes,Fog,2.94,No
3114,B787,6.06,9.62,3.26,5.26,Yes,Fog,8.73,No
3115,B737,5.32,9.02,0.43,2.39,Yes,Fog,1.18,Yes
3116,B787,5.7,6.59,1.87,2.98,No,Snow,3.68,Yes
3117,A380,2.65,8.75,4.09,5.42,No,Snow,8.99,Yes
3118,A320,8.32,1.21,3.59,7.9,No,Fog,2.1,No
3119,A350,2.48,9.62,9.46,0.3,No,Thunderstorm,3.42,No
3120,A350,6.13,9.06,5.35,7.18,Yes,Thunderstorm,0.08,Yes
3121,B737,2.6,8.08,9.37,6.99,No,Fog,2.57,No
3122,A320,3.15,8.44,2.8,4.08,Yes,Fog,3.54,No
3123,A380,2.04,3.25,9.82,3.17,No,Clear,1.6,Yes
3124,A320,5.12,2.24,6.58,5.45,Yes,Fog,5.78,No
3125,B787,5.51,2.09,8.01,1.64,No,Thunderstorm,8.0,Yes
3126,A350,8.01,2.19,5.46,8.37,Yes,Fog,7.77,Yes
3127,A380,1.13,7.61,0.88,5.05,No,Clear,5.3,Yes
3128,A350,6.78,0.78,7.09,1.82,No,Snow,8.56,No
3129,A380,3.7,3.19,9.04,5.14,Yes,Clear,2.84,No
3130,A350,5.44,0.47,5.07,6.62,No,Clear,1.38,Yes
3131,A350,3.68,5.58,7.14,7.21,Yes,Fog,7.55,Yes
3132,A320,6.19,1.27,0.3,1.81,No,Clear,4.42,Yes
3133,B737,1.23,5.64,4.48,4.64,Yes,Clear,3.63,Yes
3134,B737,4.16,0.27,0.01,7.77,No,Thunderstorm,0.42,No
3135,A350,5.11,8.4,4.68,3.95,Yes,Rain,2.5,No
3136,A350,3.55,0.63,9.99,9.96,No,Snow,4.38,No
3137,A380,4.1,3.21,8.38,1.72,Yes,Snow,7.98,No
3138,A320,6.77,6.72,0.22,0.09,Yes,Thunderstorm,3.9,Yes
3139,B787,4.96,3.79,7.22,7.26,Yes,Clear,7.97,Yes
3140,B737,5.6,6.89,5.15,3.4,No,Rain,9.01,Yes
3141,B737,1.01,9.66,0.22,6.75,No,Snow,4.38,No
3142,A350,7.52,0.02,9.68,7.82,Yes,Snow,0.46,No
3143,B787,7.27,7.41,4.97,2.72,Yes,Clear,8.77,No
3144,A350,0.32,5.13,4.76,6.51,Yes,Rain,0.33,Yes
3145,B737,1.79,1.05,0.88,3.1,Yes,Snow,9.53,Yes
3146,A380,5.37,8.16,1.07,3.61,No,Clear,4.68,Yes
3147,A320,9.58,1.35,0.97,4.79,Yes,Clear,2.34,Yes
3148,A320,0.78,3.76,3.81,4.6,Yes,Snow,9.38,No
3149,A320,8.91,8.62,8.15,3.02,Yes,Rain,4.06,Yes
3150,B737,2.49,4.57,8.84,5.31,Yes,Snow,9.6,Yes
3151,B737,8.58,2.44,2.97,2.4,No,Clear,3.31,Yes
3152,B737,7.38,5.58,9.2,7.18,No,Snow,0.57,Yes
3153,A350,8.18,4.85,2.3,7.98,Yes,Clear,3.15,Yes
3154,B737,6.58,0.74,7.01,5.28,Yes,Rain,6.54,Yes
3155,B737,8.18,0.89,8.23,4.73,No,Rain,9.98,Yes
3156,B737,9.45,7.21,6.15,0.44,No,Snow,1.93,No
3157,A380,3.21,7.59,2.34,7.18,Yes,Snow,7.58,Yes
3158,A320,5.63,2.23,2.46,0.33,No,Clear,1.57,No
3159,B787,1.3,1.9,1.66,2.59,No,Snow,5.56,Yes
3160,A350,2.01,4.37,8.57,4.46,No,Thunderstorm,6.29,Yes
3161,A320,3.66,1.36,6.73,4.1,No,Thunderstorm,2.32,No
3162,A380,5.72,4.13,2.13,1.68,No,Rain,2.68,No
3163,A380,0.29,3.19,7.29,9.46,No,Clear,9.26,No
3164,B787,3.73,7.61,8.65,1.09,No,Clear,4.28,Yes
3165,B737,6.08,9.44,8.27,5.49,Yes,Fog,9.81,Yes
3166,A350,7.3,7.38,6.49,1.81,Yes,Clear,6.74,Yes
3167,B737,6.83,2.94,1.85,3.18,No,Clear,5.46,No
3168,A380,3.79,5.47,5.93,0.9,Yes,Thunderstorm,8.87,Yes
3169,A320,3.87,7.27,8.96,8.59,Yes,Fog,4.46,No
3170,A350,9.06,4.13,4.37,3.72,No,Rain,3.15,No
3171,A320,0.82,3.67,6.63,2.44,Yes,Rain,8.47,No
3172,A320,6.08,4.56,9.86,2.57,No,Rain,5.3,Yes
3173,B737,0.8,1.53,1.86,0.58,No,Fog,0.85,Yes
3174,A380,0.37,9.72,4.23,3.15,Yes,Thunderstorm,5.52,Yes
3175,A320,6.46,3.46,5.17,2.72,No,Rain,2.21,No
3176,A350,1.71,8.51,2.38,0.9,No,Rain,9.94,Yes
3177,A320,9.54,3.75,6.36,8.32,No,Clear,4.01,No
3178,B737,2.91,7.21,8.97,3.52,Yes,Snow,4.98,Yes
3179,B787,0.17,9.43,6.45,8.39,Yes,Clear,6.87,Yes
3180,B737,7.34,4.63,8.14,1.26,Yes,Rain,3.38,Yes
3181,B737,1.43,8.83,5.14,2.04,No,Snow,1.67,No
3182,B787,1.18,2.01,9.02,6.78,Yes,Rain,2.45,No
3183,B787,2.3,5.85,8.07,1.34,Yes,Snow,1.32,Yes
3184,B737,7.7,3.12,8.58,3.25,Yes,Clear,8.61,No
3185,A350,2.21,8.26,1.75,5.71,Yes,Snow,9.24,No
3186,A380,9.58,7.87,8.93,2.1,No,Rain,4.49,Yes
3187,A380,9.49,5.2,7.59,1.93,Yes,Fog,9.4,No
3188,B737,7.72,0.82,7.88,2.2,Yes,Clear,6.96,No
3189,B787,4.44,1.99,7.02,5.16,No,Snow,0.35,No
3190,B787,0.28,6.2,0.14,2.51,No,Rain,7.64,Yes
3191,A350,1.22,2.42,7.01,0.79,No,Thunderstorm,7.25,No
3192,B787,7.05,7.38,5.43,2.87,No,Snow,4.79,Yes
3193,A320,1.96,0.55,9.43,2.33,No,Fog,8.5,Yes
3194,A320,1.28,1.3,3.9,2.39,Yes,Fog,8.88,No
3195,A350,7.18,6.99,7.99,4.91,No,Fog,3.1,No
3196,A320,6.35,6.11,8.49,9.95,No,Thunderstorm,6.0,Yes
3197,A320,6.84,0.32,2.87,9.01,Yes,Snow,1.23,Yes
3198,A350,1.62,4.94,1.53,2.78,Yes,Fog,5.33,Yes
3199,A320,7.34,4.95,8.57,1.47,No,Clear,1.7,Yes
3200,A350,5.72,3.8,4.32,2.37,No,Thunderstorm,2.59,Yes
3201,A350,7.55,3.27,0.52,6.37,No,Snow,6.53,No
3202,B787,1.6,8.53,5.13,0.28,Yes,Snow,5.39,Yes
3203,A380,4.24,8.66,6.12,1.68,No,Snow,1.22,Yes
3204,A320,5.64,8.4,0.14,8.32,Yes,Snow,4.63,No
3205,A320,1.07,3.44,7.07,3.41,Yes,Clear,5.72,No
3206,B737,4.84,2.98,3.46,7.88,No,Clear,7.15,No
3207,B787,1.81,2.56,0.25,1.94,No,Fog,8.1,Yes
3208,A350,0.45,3.94,7.53,4.35,No,Rain,0.95,No
3209,A320,0.77,6.78,3.37,4.53,No,Clear,1.64,No
3210,A350,1.25,1.43,7.74,0.18,Yes,Fog,2.0,No
3211,A320,7.96,5.41,2.5,0.96,Yes,Clear,8.54,No
3212,A350,9.1,3.56,5.84,4.99,No,Rain,7.34,No
3213,B737,1.88,5.78,2.95,1.32,No,Thunderstorm,5.4,Yes
3214,B737,9.1,2.53,1.8,6.72,Yes,Rain,4.64,Yes
3215,A320,8.96,8.92,8.03,2.94,Yes,Clear,9.48,No
3216,B737,7.08,1.88,5.18,8.16,No,Fog,3.43,Yes
3217,A380,6.66,4.17,5.95,0.96,Yes,Thunderstorm,9.6,No
3218,A350,7.98,8.14,7.25,3.11,Yes,Fog,5.38,No
3219,B737,4.1,9.26,2.74,6.03,No,Clear,5.54,Yes
3220,B787,1.29,5.91,6.06,2.7,Yes,Snow,8.4,Yes
3221,A380,2.03,4.65,8.58,2.21,Yes,Thunderstorm,1.74,No
3222,B787,2.98,4.17,5.22,3.52,No,Thunderstorm,5.14,Yes
3223,A380,0.3,3.43,6.7,9.51,No,Rain,6.79,No
3224,B787,2.75,3.55,0.97,3.03,No,Fog,6.43,Yes
3225,B737,3.87,3.74,8.26,6.25,Yes,Thunderstorm,8.8,Yes
3226,B737,5.74,6.67,7.0,8.75,No,Fog,7.55,Yes
3227,A320,4.19,3.66,7.76,6.04,Yes,Snow,7.32,No
3228,A380,0.02,1.31,6.57,1.71,No,Clear,9.33,Yes
3229,A380,6.61,6.91,6.75,2.89,No,Snow,0.03,No
3230,A350,0.6,1.58,0.68,6.08,No,Clear,6.36,Yes
3231,B737,3.14,1.54,8.94,1.82,No,Snow,3.63,Yes
3232,B737,3.66,3.69,4.5,2.82,Yes,Clear,8.96,No
3233,B737,8.93,0.93,7.08,5.52,Yes,Clear,6.16,Yes
3234,A320,0.6,9.04,0.75,2.03,Yes,Clear,7.84,Yes
3235,B787,3.26,6.02,1.98,3.11,No,Clear,8.59,No
3236,A350,2.4,5.91,6.94,5.67,No,Rain,5.01,No
3237,B737,5.45,9.59,7.34,3.12,Yes,Rain,9.1,No
3238,A320,4.36,5.9,1.92,7.46,Yes,Rain,6.2,No
3239,B787,4.85,9.03,4.74,1.69,Yes,Rain,2.92,Yes
3240,A350,5.56,2.88,8.36,0.28,No,Snow,2.59,Yes
3241,B737,6.11,3.07,4.52,1.38,No,Snow,8.38,No
3242,A380,4.05,0.92,2.06,0.77,No,Fog,6.59,No
3243,A320,2.36,0.49,2.39,0.62,No,Rain,9.3,No
3244,A380,6.71,2.98,5.03,2.47,Yes,Thunderstorm,4.72,Yes
3245,B787,7.72,5.76,6.27,0.51,No,Rain,1.59,Yes
3246,A320,2.08,4.56,4.5,3.95,Yes,Fog,0.55,No
3247,B737,4.49,0.5,6.94,5.95,No,Rain,3.05,No
3248,A380,7.39,6.82,6.92,9.91,Yes,Thunderstorm,3.59,No
3249,A350,3.99,1.77,7.23,9.15,Yes,Rain,7.97,No
3250,A320,0.68,0.31,1.3,8.71,Yes,Rain,2.87,Yes
3251,B737,7.1,4.68,4.87,8.92,Yes,Fog,0.2,No
3252,A380,8.25,5.13,3.04,4.84,Yes,Thunderstorm,1.19,No
3253,A350,2.82,0.17,8.96,6.68,No,Rain,6.89,Yes
3254,A350,5.9,4.12,9.78,5.52,Yes,Snow,1.14,No
3255,A350,5.59,0.2,0.88,4.42,Yes,Snow,4.87,Yes
3256,A380,2.62,0.56,6.85,4.82,No,Clear,8.86,No
3257,A350,9.24,4.32,3.83,7.45,No,Rain,7.54,Yes
3258,B737,6.49,7.49,6.54,1.17,No,Thunderstorm,5.17,No
3259,A320,7.22,6.55,4.5,6.74,Yes,Rain,9.7,No
3260,A380,3.35,0.61,8.34,2.37,No,Thunderstorm,6.22,No
3261,A320,8.84,2.68,3.83,0.02,No,Thunderstorm,4.28,No
3262,B787,0.02,4.46,8.67,0.88,Yes,Thunderstorm,8.57,No
3263,A350,6.22,2.54,3.83,5.84,Yes,Snow,7.88,No
3264,A350,0.48,4.43,4.84,9.22,Yes,Snow,1.65,Yes
3265,A380,8.83,3.48,4.52,9.45,No,Snow,2.22,No
3266,A380,0.59,9.15,4.04,8.06,Yes,Clear,3.29,No
3267,A320,7.67,0.61,0.62,6.19,No,Clear,4.13,Yes
3268,B737,6.12,9.06,6.11,6.31,No,Fog,4.54,Yes
3269,A350,0.84,0.79,0.31,1.42,No,Fog,7.91,No
3270,A320,8.81,1.22,1.14,8.52,Yes,Rain,5.93,No
3271,B787,5.29,8.19,9.55,7.1,No,Clear,6.96,No
3272,B737,8.26,8.34,3.34,7.0,No,Rain,4.33,Yes
3273,A350,9.56,5.05,7.7,1.37,Yes,Rain,1.29,Yes
3274,B737,0.19,9.36,8.42,3.79,No,Snow,1.62,No
3275,A350,4.9,3.05,8.58,1.46,No,Rain,0.15,Yes
3276,A380,5.79,5.25,5.11,2.77,No,Thunderstorm,7.17,No
3277,B737,2.98,3.6,2.35,6.46,No,Snow,1.46,No
3278,A350,4.69,5.86,7.69,5.97,Yes,Clear,9.76,Yes
3279,B737,3.91,5.52,2.95,1.51,Yes,Fog,9.0,No
3280,A320,7.64,0.43,4.51,2.09,No,Snow,2.55,No
3281,A350,4.83,1.55,3.3,3.19,Yes,Snow,3.51,Yes
3282,A350,3.83,5.03,5.26,9.22,No,Clear,1.21,Yes
3283,A380,1.73,5.05,4.11,6.19,No,Thunderstorm,2.4,No
3284,A350,4.11,2.64,4.98,7.54,Yes,Rain,9.98,No
3285,B737,1.59,9.23,5.58,9.7,Yes,Clear,2.6,Yes
3286,A350,5.89,7.73,9.61,5.95,No,Fog,0.43,No
3287,A350,7.9,0.18,6.41,2.9,No,Fog,5.51,No
3288,A380,9.97,6.56,7.2,6.31,No,Rain,3.49,No
3289,A320,8.63,6.88,2.59,7.55,Yes,Fog,9.46,No
3290,A320,2.09,8.54,4.56,9.43,No,Thunderstorm,4.67,No
3291,B737,9.05,8.29,9.1,1.19,No,Snow,2.66,No
3292,B787,0.53,9.93,3.08,0.58,Yes,Snow,9.9,Yes
3293,A320,0.43,1.08,0.41,7.41,No,Fog,9.8,No
3294,B737,9.03,8.65,1.84,5.38,Yes,Thunderstorm,5.81,Yes
3295,B787,0.69,1.06,1.04,1.93,Yes,Snow,8.63,Yes
3296,B737,1.78,5.31,5.2,2.09,No,Rain,9.03,No
3297,B787,0.88,3.48,3.46,6.54,No,Clear,4.34,No
3298,A380,1.3,6.63,9.66,0.25,No,Clear,9.65,No
3299,A320,8.52,0.87,7.22,3.27,Yes,Rain,2.25,Yes
3300,A350,6.73,5.14,5.37,3.4,Yes,Rain,8.73,No
3301,A350,2.66,4.74,4.6,8.13,Yes,Snow,9.72,Yes
3302,A320,9.9,7.45,4.43,2.48,Yes,Clear,3.45,Yes
3303,A350,7.38,7.68,2.07,3.05,Yes,Fog,6.95,No
3304,B787,9.2,1.93,5.46,6.3,No,Thunderstorm,6.7,No
3305,A320,4.44,5.84,4.48,0.6,No,Snow,0.6,Yes
3306,A320,4.73,6.67,1.98,3.55,No,Fog,4.98,No
3307,A320,5.26,3.56,1.71,1.88,Yes,Fog,2.95,No
3308,A350,1.82,4.65,8.13,5.33,No,Fog,0.85,Yes
3309,B787,5.53,1.93,8.54,1.68,No,Fog,7.38,Yes
3310,A380,6.81,6.56,9.13,0.12,No,Snow,8.99,No
3311,B737,8.05,2.01,2.45,0.33,Yes,Fog,7.13,No
3312,A380,4.84,5.52,3.77,9.81,No,Rain,2.84,No
3313,B787,8.21,7.72,4.18,1.76,No,Fog,3.6,No
3314,A350,7.54,4.56,2.65,5.2,No,Snow,7.19,No
3315,A320,1.94,0.7,0.11,9.69,No,Rain,6.22,No
3316,A350,5.61,1.61,9.66,8.34,No,Snow,0.45,No
3317,B737,4.71,9.02,6.08,7.5,Yes,Clear,8.38,Yes
3318,A320,2.03,9.73,5.3,9.31,Yes,Thunderstorm,4.53,No
3319,A380,1.13,7.94,8.0,0.27,Yes,Thunderstorm,0.18,No
3320,B737,1.78,5.8,2.84,7.9,No,Rain,1.76,No
3321,A350,7.8,1.85,7.31,7.13,Yes,Fog,1.26,Yes
3322,B737,1.23,0.32,7.91,5.8,No,Clear,4.28,No
3323,A320,0.46,6.37,5.2,3.13,Yes,Clear,2.62,Yes
3324,A320,9.06,7.37,5.28,2.71,No,Snow,5.66,No
3325,A350,3.14,3.21,0.08,0.91,No,Thunderstorm,3.94,No
3326,A380,8.25,1.76,1.2,0.54,Yes,Rain,5.2,Yes
3327,A320,3.97,1.61,1.01,7.23,No,Thunderstorm,7.77,No
3328,A380,1.36,5.25,5.14,9.15,Yes,Thunderstorm,0.88,Yes
3329,A320,9.94,1.76,4.57,5.34,No,Fog,2.48,No
3330,B737,0.3,8.71,9.52,9.18,Yes,Rain,1.62,No
3331,A380,9.77,2.22,7.31,0.83,No,Thunderstorm,0.72,No
3332,A350,1.66,8.12,0.87,2.08,No,Clear,5.36,No
3333,A380,3.47,5.87,4.04,0.46,No,Fog,0.06,Yes
3334,A320,4.29,2.44,8.99,9.2,No,Snow,6.14,Yes
3335,B787,8.32,8.09,0.37,4.34,No,Fog,3.36,Yes
3336,B737,1.79,8.24,6.28,6.82,No,Rain,8.04,Yes
3337,A350,3.67,7.06,6.06,8.23,No,Clear,9.28,No
3338,B737,3.91,2.54,7.76,9.27,No,Snow,9.53,Yes
3339,A380,8.0,0.3,1.89,2.41,No,Clear,4.24,Yes
3340,B787,0.26,5.24,8.58,4.17,No,Fog,5.26,No
3341,A320,2.43,8.19,8.17,8.28,No,Rain,1.58,No
3342,B787,4.96,3.87,6.66,9.28,Yes,Rain,2.43,Yes
3343,B737,3.9,4.54,2.87,6.53,Yes,Snow,3.96,No
3344,B787,3.18,0.02,1.13,5.81,Yes,Clear,8.15,No
3345,B787,6.65,0.08,5.75,8.84,Yes,Fog,3.96,Yes
3346,B787,9.96,6.93,5.07,10.0,No,Rain,3.02,No
3347,B787,4.14,1.29,2.09,3.43,No,Rain,8.02,Yes
3348,A320,9.98,8.38,8.85,7.38,Yes,Thunderstorm,8.79,No
3349,B787,5.9,9.45,3.17,6.75,No,Snow,9.56,Yes
3350,A350,7.75,4.67,5.17,5.55,No,Fog,7.37,No
3351,A350,1.9,9.37,7.42,0.96,No,Snow,4.72,No
3352,B737,5.93,4.73,2.12,5.66,No,Fog,9.87,No
3353,A350,1.97,2.63,1.38,2.16,Yes,Fog,6.27,No
3354,A380,1.86,3.76,5.22,4.41,Yes,Snow,3.09,No
3355,B787,1.09,3.71,8.95,1.98,No,Thunderstorm,6.82,No
3356,A350,0.84,2.97,1.8,9.57,Yes,Clear,9.02,Yes
3357,A350,0.93,5.24,5.9,5.99,Yes,Thunderstorm,9.65,No
3358,B737,4.54,0.82,0.68,6.32,No,Fog,4.34,No
3359,B737,1.38,3.35,1.53,7.55,No,Clear,7.19,No
3360,A380,2.61,1.33,3.94,0.96,Yes,Snow,6.02,No
3361,A380,9.91,3.23,5.38,6.73,Yes,Clear,0.77,Yes
3362,A350,6.44,5.75,1.08,8.57,No,Thunderstorm,7.05,No
3363,A350,8.36,5.83,4.14,1.11,No,Snow,6.77,Yes
3364,A380,3.6,3.71,7.1,0.18,Yes,Snow,9.45,No
3365,A320,1.13,3.2,0.92,8.51,Yes,Fog,7.66,Yes
3366,A320,7.04,1.43,5.28,3.2,No,Snow,4.03,No
3367,B787,3.53,6.83,8.77,6.04,No,Clear,8.83,No
3368,A320,6.98,7.96,7.85,7.11,No,Clear,9.56,Yes
3369,A320,3.94,2.18,1.26,4.49,Yes,Rain,0.24,Yes
3370,A320,1.23,9.43,0.24,3.39,Yes,Thunderstorm,1.25,No
3371,B787,8.61,9.99,4.01,8.91,No,Snow,7.8,No
3372,A320,0.63,4.46,0.82,9.28,Yes,Thunderstorm,7.91,No
3373,A350,6.07,7.63,3.43,6.14,Yes,Thunderstorm,5.49,Yes
3374,A320,9.63,1.53,3.86,7.15,No,Fog,3.2,Yes
3375,A380,8.41,0.15,2.13,7.58,No,Clear,9.82,No
3376,A320,4.47,3.16,7.12,8.19,Yes,Snow,9.1,Yes
3377,A320,3.81,0.98,3.46,2.2,No,Rain,4.17,Yes
3378,B737,6.39,6.58,2.08,0.6,No,Rain,0.31,Yes
3379,A380,3.46,8.83,1.01,9.93,Yes,Rain,9.3,Yes
3380,B737,6.74,5.24,3.53,9.3,Yes,Thunderstorm,4.26,No
3381,B787,1.85,6.84,1.63,8.42,Yes,Fog,2.69,Yes
3382,A320,4.71,5.85,8.16,1.14,Yes,Rain,5.91,Yes
3383,A320,9.09,4.62,4.21,7.64,Yes,Rain,7.62,No
3384,A350,7.41,1.65,9.47,1.5,Yes,Clear,2.52,No
3385,A350,8.65,1.38,2.22,3.93,Yes,Rain,8.71,No
3386,A320,1.21,4.24,5.81,6.07,Yes,Snow,7.28,Yes
3387,B737,2.14,8.08,6.98,3.39,Yes,Snow,0.02,Yes
3388,A320,8.41,5.9,2.03,8.72,Yes,Snow,3.26,Yes
3389,B787,9.1,3.81,7.46,3.74,No,Thunderstorm,9.52,No
3390,B787,7.27,8.45,6.71,1.88,No,Thunderstorm,1.35,No
3391,B787,3.92,5.26,4.92,6.49,No,Snow,5.94,No
3392,B737,9.9,8.22,3.14,1.32,Yes,Thunderstorm,8.59,No
3393,B787,1.46,2.16,4.54,3.15,No,Rain,8.42,Yes
3394,A380,7.05,7.35,7.84,2.87,Yes,Clear,0.62,Yes
3395,A350,1.3,3.0,7.98,1.54,Yes,Thunderstorm,5.2,Yes
3396,A380,6.7,2.47,0.41,6.4,No,Thunderstorm,9.18,No
3397,A320,0.01,6.57,9.24,1.16,No,Rain,7.88,Yes
3398,B737,3.67,3.63,0.49,2.66,No,Rain,0.15,Yes
3399,A380,7.93,6.4,4.13,2.56,No,Fog,9.29,No
3400,B737,9.62,7.08,6.05,7.5,Yes,Rain,6.98,No
3401,B737,5.09,4.64,6.25,8.69,Yes,Fog,4.41,Yes
3402,A380,9.48,2.76,0.66,7.62,No,Fog,1.6,No
3403,B787,9.72,9.66,6.92,7.23,No,Clear,4.29,Yes
3404,A320,1.4,2.14,3.07,6.59,No,Snow,5.1,No
3405,A320,9.89,9.38,8.63,6.85,No,Fog,2.5,Yes
3406,A380,7.72,1.9,6.28,9.86,No,Rain,6.39,Yes
3407,B737,6.38,5.24,1.14,2.58,No,Fog,7.91,Yes
3408,B787,3.39,1.79,9.57,3.16,No,Snow,5.12,Yes
3409,B787,2.78,7.5,1.18,8.76,Yes,Fog,0.97,No
3410,B787,2.46,3.02,9.09,0.95,No,Fog,9.11,No
3411,B787,2.2,9.53,4.27,3.43,No,Rain,9.69,Yes
3412,A380,5.36,6.76,4.85,6.79,No,Rain,0.25,Yes
3413,B737,7.32,3.23,0.36,7.37,No,Clear,1.32,No
3414,B787,1.21,5.2,7.74,0.92,No,Fog,0.61,Yes
3415,A320,5.34,3.8,7.93,5.35,Yes,Fog,7.87,Yes
3416,B787,8.13,1.29,7.95,1.57,No,Rain,9.75,Yes
3417,A380,9.04,1.89,8.82,6.81,Yes,Fog,1.28,Yes
3418,A320,2.69,1.27,3.44,2.87,No,Rain,3.96,Yes
3419,B787,2.75,1.2,2.62,5.64,Yes,Clear,9.75,No
3420,A380,5.89,0.36,9.75,1.89,No,Snow,3.24,No
3421,B787,0.73,6.97,0.63,2.88,Yes,Rain,8.29,No
3422,B737,6.73,2.11,3.09,4.32,Yes,Thunderstorm,1.59,Yes
3423,A380,3.14,7.87,2.36,7.75,Yes,Clear,3.45,Yes
3424,A380,5.65,4.21,3.28,0.56,No,Fog,1.49,No
3425,A320,6.48,0.1,9.6,0.26,Yes,Snow,0.89,Yes
3426,B737,6.51,8.7,0.72,6.53,No,Thunderstorm,4.46,Yes
3427,B737,1.55,3.82,3.92,6.06,Yes,Snow,0.89,No
3428,A320,6.36,2.19,1.52,8.6,No,Rain,1.89,Yes
3429,A320,6.4,3.13,8.29,2.17,Yes,Rain,7.14,Yes
3430,A320,2.77,6.27,2.74,9.71,No,Clear,1.42,Yes
3431,B737,9.24,6.05,6.61,9.93,No,Thunderstorm,8.86,No
3432,A320,2.56,8.78,8.43,6.2,No,Rain,4.91,No
3433,A320,2.46,4.31,3.91,9.6,Yes,Fog,3.62,No
3434,A320,9.81,5.11,9.83,1.82,No,Snow,5.0,Yes
3435,A350,3.2,9.08,2.83,1.0,No,Clear,6.01,No
3436,B787,5.65,4.0,8.67,5.47,No,Snow,1.92,No
3437,B737,1.59,5.11,7.78,4.68,Yes,Thunderstorm,8.16,Yes
3438,A380,3.0,3.72,5.42,7.95,Yes,Clear,7.06,Yes
3439,A380,1.53,5.23,7.78,0.19,Yes,Snow,4.9,Yes
3440,A380,8.33,9.32,8.95,9.58,Yes,Rain,0.61,Yes
3441,A320,0.23,0.54,6.27,3.19,No,Fog,7.26,Yes
3442,A350,1.09,9.37,0.06,6.6,No,Snow,2.26,No
3443,A350,6.84,4.61,4.29,9.55,No,Rain,7.17,Yes
3444,B787,1.33,2.28,0.08,0.2,Yes,Rain,2.09,Yes
3445,B737,8.16,2.17,5.36,7.57,No,Fog,7.61,No
3446,B787,1.03,1.61,3.14,2.63,No,Snow,4.06,Yes
3447,B737,0.65,2.35,0.13,2.63,No,Rain,8.32,No
3448,B787,2.74,8.74,3.5,3.74,No,Thunderstorm,1.9,No
3449,A350,5.26,3.66,0.58,3.82,No,Thunderstorm,0.09,Yes
3450,B737,1.27,8.5,0.36,2.34,Yes,Snow,2.13,No
3451,B787,3.67,2.49,7.52,8.56,No,Rain,3.27,No
3452,B787,5.03,6.45,9.96,5.09,No,Rain,9.27,Yes
3453,A350,5.32,0.73,2.83,2.51,Yes,Clear,3.65,Yes
3454,A320,1.27,1.3,3.68,8.42,Yes,Snow,7.53,Yes
3455,B787,6.37,3.45,5.41,6.22,Yes,Rain,4.44,Yes
3456,B737,5.94,4.27,8.38,2.51,No,Rain,8.76,Yes
3457,A380,8.06,0.31,8.02,0.25,Yes,Snow,1.54,Yes
3458,A320,1.93,9.76,3.33,2.47,Yes,Rain,3.05,Yes
3459,B787,2.32,4.0,6.8,9.4,Yes,Rain,3.2,No
3460,B737,0.55,0.91,0.8,2.68,Yes,Thunderstorm,4.56,Yes
3461,B737,8.35,6.37,5.58,8.91,No,Thunderstorm,7.4,Yes
3462,B787,4.1,3.81,6.59,3.48,No,Fog,8.7,No
3463,A380,4.77,4.82,8.62,7.0,Yes,Clear,0.69,Yes
3464,A320,8.61,4.18,2.08,4.53,Yes,Rain,6.19,No
3465,B787,1.56,4.0,9.02,2.34,Yes,Snow,2.9,Yes
3466,A380,9.52,5.11,0.12,3.52,Yes,Rain,3.42,Yes
3467,A380,8.18,5.85,7.32,1.84,No,Thunderstorm,4.8,No
3468,B787,3.25,9.26,1.68,0.1,Yes,Rain,4.26,No
3469,A320,5.9,7.33,2.75,9.89,No,Clear,8.59,Yes
3470,B737,8.62,8.2,5.9,8.65,Yes,Thunderstorm,0.67,Yes
3471,B737,8.62,7.54,9.23,6.55,Yes,Clear,3.69,No
3472,A350,1.58,7.0,3.92,2.58,Yes,Snow,9.28,Yes
3473,A380,6.13,4.46,6.11,7.0,No,Clear,4.18,No
3474,A350,9.36,6.59,4.73,1.98,No,Clear,1.83,Yes
3475,A380,4.34,8.0,6.68,9.27,No,Rain,5.47,Yes
3476,B737,5.55,6.37,8.99,3.8,No,Rain,0.37,No
3477,A320,3.27,7.59,4.49,3.05,No,Rain,3.47,No
3478,A380,8.72,8.19,6.7,1.89,No,Clear,3.27,No
3479,B737,8.07,2.89,6.96,4.03,Yes,Clear,5.78,No
3480,B737,2.81,3.3,6.43,8.88,Yes,Fog,1.39,No
3481,B787,4.91,7.77,5.89,0.24,No,Rain,2.41,Yes
3482,A320,0.1,3.39,8.41,1.23,Yes,Snow,4.31,Yes
3483,A320,3.59,5.68,0.46,3.21,Yes,Thunderstorm,1.41,No
3484,B737,8.59,3.31,5.32,2.9,Yes,Fog,7.7,No
3485,A380,9.28,0.42,1.18,8.37,No,Fog,4.66,Yes
3486,B737,0.42,2.67,6.77,3.36,No,Fog,1.12,No
3487,A350,0.2,8.77,9.68,3.7,No,Fog,7.28,No
3488,A380,1.97,6.1,9.34,9.4,No,Rain,6.49,No
3489,A380,6.4,0.6,5.73,1.74,Yes,Fog,2.44,No
3490,A380,9.07,6.75,1.63,5.04,Yes,Snow,5.93,No
3491,A350,7.61,7.03,7.03,4.3,Yes,Fog,3.79,Yes
3492,A320,9.02,2.23,6.85,4.0,No,Thunderstorm,3.49,Yes
3493,A320,8.97,9.65,1.74,5.85,Yes,Fog,9.81,Yes
3494,A320,0.88,0.42,4.36,4.88,No,Clear,4.46,Yes
3495,A380,1.69,6.15,7.19,3.26,No,Thunderstorm,7.73,Yes
3496,A350,8.41,6.8,6.71,8.26,No,Clear,2.0,Yes
3497,A350,3.12,0.75,6.15,0.14,Yes,Thunderstorm,1.12,Yes
3498,A380,9.64,5.77,1.01,5.27,Yes,Rain,0.77,Yes
3499,A350,0.58,8.25,2.38,8.35,No,Rain,9.86,Yes
3500,A380,2.72,2.59,4.57,3.1,No,Thunderstorm,2.77,Yes
3501,A350,8.55,4.15,3.55,6.34,Yes,Thunderstorm,3.73,No
3502,A380,5.85,9.43,3.56,9.96,Yes,Fog,7.67,Yes
3503,B787,0.6,4.86,5.04,8.65,No,Clear,3.07,No
3504,A350,1.16,0.34,1.24,1.05,Yes,Snow,0.6,No
3505,B787,5.43,5.49,0.89,7.92,No,Rain,5.63,No
3506,B737,0.61,7.22,6.89,8.98,Yes,Snow,5.88,Yes
3507,A350,6.23,8.15,3.85,9.65,No,Rain,3.68,Yes
3508,A320,2.48,0.09,0.15,5.39,Yes,Snow,1.35,No
3509,B787,1.83,0.29,2.56,1.27,Yes,Thunderstorm,7.59,Yes
3510,A350,6.34,8.45,9.55,3.29,Yes,Rain,0.01,No
3511,A380,1.16,9.19,0.19,7.35,No,Fog,3.64,Yes
3512,A350,5.57,8.09,4.37,5.43,No,Clear,7.62,No
3513,A350,0.5,6.54,6.07,7.92,Yes,Snow,8.67,Yes
3514,B737,8.44,4.69,6.59,9.43,Yes,Snow,3.03,Yes
3515,B787,4.17,7.82,9.93,0.61,Yes,Fog,6.93,Yes
3516,B787,3.49,7.52,3.18,2.62,Yes,Fog,7.23,No
3517,B737,8.77,3.97,0.65,7.88,Yes,Clear,3.42,Yes
3518,A320,5.63,4.16,7.62,6.68,No,Thunderstorm,2.85,Yes
3519,A380,0.0,8.03,7.08,0.56,Yes,Rain,3.0,Yes
3520,A350,4.43,7.06,6.81,4.72,No,Snow,3.87,No
3521,A380,2.67,1.91,0.36,1.19,Yes,Thunderstorm,6.89,No
3522,A350,1.2,3.0,7.0,8.28,No,Clear,8.6,No
3523,B787,5.65,5.96,8.7,6.06,No,Clear,0.49,No
3524,A320,3.16,6.11,7.82,0.94,Yes,Clear,6.22,No
3525,B787,2.34,4.61,1.14,0.77,No,Clear,2.36,No
3526,B787,4.25,8.38,9.23,3.17,Yes,Thunderstorm,2.27,Yes
3527,A320,1.81,8.66,5.96,2.41,Yes,Snow,5.61,No
3528,B787,8.72,2.02,2.97,5.89,No,Rain,2.06,Yes
3529,B787,3.62,5.47,2.19,0.31,Yes,Clear,3.94,No
3530,B737,1.93,9.75,2.46,6.51,No,Thunderstorm,9.09,No
3531,B737,0.64,8.61,8.44,1.69,No,Thunderstorm,7.51,Yes
3532,A380,5.18,8.62,6.08,7.39,No,Thunderstorm,2.62,Yes
3533,B737,1.61,0.83,7.7,9.51,Yes,Snow,6.37,Yes
3534,B737,4.88,0.07,7.46,8.09,Yes,Snow,2.06,No
3535,B737,8.24,3.96,2.12,8.69,No,Clear,8.71,No
3536,A350,9.51,3.49,6.23,1.23,No,Thunderstorm,8.56,No
3537,B737,0.64,9.63,8.36,7.58,Yes,Rain,5.01,No
3538,A350,6.39,4.99,2.79,4.81,No,Snow,9.68,No
3539,B737,0.18,5.49,3.04,6.57,Yes,Clear,5.63,No
3540,A320,3.86,8.01,1.38,0.02,Yes,Rain,7.71,No
3541,A320,3.51,5.16,7.7,6.37,Yes,Clear,8.02,Yes
3542,B787,0.09,8.8,4.08,0.82,No,Rain,7.18,Yes
3543,A320,5.23,9.34,8.42,7.94,Yes,Thunderstorm,9.96,No
3544,A350,9.28,3.0,0.84,5.95,No,Fog,0.21,Yes
3545,A350,8.98,6.83,8.93,4.24,No,Fog,9.56,Yes
3546,B737,6.91,1.63,1.36,4.95,Yes,Thunderstorm,3.96,No
3547,B737,6.6,9.32,7.49,4.67,Yes,Clear,7.0,Yes
3548,B787,0.98,0.63,9.93,5.23,Yes,Thunderstorm,2.12,Yes
3549,A380,7.33,1.87,7.36,0.96,No,Fog,2.67,Yes
3550,A320,1.12,2.43,7.41,5.11,Yes,Clear,3.57,No
3551,B787,3.47,5.43,9.48,7.42,No,Rain,4.51,No
3552,A320,5.74,2.19,5.15,3.42,Yes,Thunderstorm,4.31,Yes
3553,A350,4.69,8.14,1.19,6.4,No,Thunderstorm,8.1,Yes
3554,A350,3.55,0.77,4.33,7.52,No,Thunderstorm,4.86,Yes
3555,A320,3.65,6.02,8.1,9.24,No,Rain,8.08,No
3556,B737,7.58,9.22,5.75,6.79,Yes,Rain,6.4,Yes
3557,A320,0.87,7.75,4.01,8.28,Yes,Snow,4.08,Yes
3558,A350,3.83,9.76,7.09,4.61,Yes,Clear,1.16,No
3559,B787,0.92,7.63,1.75,4.35,Yes,Thunderstorm,8.31,Yes
3560,A380,0.62,6.42,7.01,3.58,No,Snow,4.59,Yes
3561,B737,0.06,1.54,9.73,8.87,Yes,Clear,7.77,No
3562,B787,9.02,3.61,7.09,8.03,Yes,Thunderstorm,0.91,Yes
3563,A320,0.19,5.22,1.69,1.07,Yes,Rain,7.96,Yes
3564,A380,6.37,8.36,9.86,6.86,Yes,Thunderstorm,9.64,No
3565,A350,2.81,6.83,7.7,0.37,No,Rain,3.97,Yes
3566,B787,7.01,2.14,0.69,1.35,No,Rain,6.67,Yes
3567,B737,9.71,3.13,4.1,8.58,Yes,Fog,6.19,Yes
3568,A320,5.26,8.4,0.81,1.53,Yes,Rain,2.05,Yes
3569,B737,8.98,3.96,4.52,2.77,No,Snow,0.66,No
3570,A380,3.67,5.25,9.16,1.07,No,Snow,2.94,No
3571,A320,9.39,0.12,9.36,6.15,No,Thunderstorm,4.7,No
3572,A380,2.76,8.03,2.26,7.88,No,Clear,6.09,Yes
3573,A350,7.3,0.22,1.92,1.16,No,Rain,4.05,No
3574,A380,8.04,7.14,2.94,7.26,Yes,Snow,0.23,No
3575,B787,6.21,0.88,6.81,8.98,Yes,Thunderstorm,6.8,No
3576,B787,0.81,1.67,1.71,4.47,No,Snow,9.5,No
3577,A350,6.79,2.18,5.06,7.94,Yes,Clear,4.27,No
3578,B787,9.97,9.2,4.5,4.22,Yes,Rain,1.62,Yes
3579,A380,2.54,8.95,3.84,6.91,Yes,Fog,9.03,No
3580,A350,8.13,0.22,9.98,2.13,Yes,Fog,4.83,No
3581,B737,6.57,5.67,0.93,7.48,No,Thunderstorm,2.7,Yes
3582,B737,0.28,0.6,2.99,7.82,No,Clear,0.89,No
3583,A350,5.76,8.88,2.16,2.04,Yes,Snow,7.25,No
3584,A380,3.17,0.64,3.6,2.61,Yes,Fog,3.76,Yes
3585,B787,8.99,6.6,7.19,9.8,No,Thunderstorm,9.27,Yes
3586,A350,4.27,7.25,8.64,8.55,No,Snow,6.14,Yes
3587,B787,7.32,0.92,6.28,7.96,No,Snow,9.26,Yes
3588,B787,7.76,0.06,6.7,8.31,Yes,Snow,2.38,Yes
3589,B787,1.32,7.59,7.1,0.03,Yes,Rain,7.01,Yes
3590,B737,1.11,2.93,5.51,3.63,No,Fog,6.92,Yes
3591,A320,9.21,4.58,3.53,4.36,No,Fog,5.37,Yes
3592,B787,0.65,6.33,7.31,5.94,Yes,Rain,9.27,Yes
3593,B787,4.2,6.82,2.85,8.91,Yes,Clear,2.78,No
3594,A350,7.63,7.63,9.7,6.87,Yes,Fog,8.68,No
3595,A320,4.97,9.11,9.78,6.44,No,Thunderstorm,7.75,Yes
3596,A350,8.7,9.86,2.46,7.37,Yes,Thunderstorm,4.58,Yes
3597,A350,4.45,1.82,9.4,9.94,Yes,Fog,4.36,No
3598,A350,9.15,8.47,1.4,4.74,No,Thunderstorm,9.83,Yes
3599,A380,5.25,3.67,5.05,1.42,No,Thunderstorm,1.94,No
3600,A380,5.08,0.91,9.99,5.37,No,Snow,3.46,No
3601,A350,6.64,2.82,5.27,6.32,Yes,Rain,0.44,Yes
3602,A380,6.11,7.28,6.72,2.8,Yes,Clear,7.06,No
3603,A380,8.14,2.81,1.0,0.51,Yes,Thunderstorm,3.37,No
3604,B787,9.08,6.62,0.26,7.65,Yes,Fog,1.51,No
3605,A380,7.09,5.02,7.69,3.93,No,Clear,0.18,Yes
3606,A380,8.77,4.76,4.84,1.06,No,Clear,3.34,No
3607,A350,1.74,3.35,0.1,4.6,No,Rain,5.56,No
3608,B787,8.19,9.6,3.46,5.27,No,Fog,4.02,No
3609,A350,9.14,3.32,2.56,6.85,Yes,Clear,8.99,No
3610,A350,2.66,3.88,4.43,3.67,Yes,Snow,8.0,Yes
3611,B787,7.09,7.86,9.19,8.87,Yes,Fog,5.89,Yes
3612,A350,0.45,4.77,6.05,1.43,Yes,Clear,4.88,Yes
3613,A320,1.83,5.35,6.67,9.08,Yes,Snow,7.03,Yes
3614,A350,5.16,0.8,0.14,5.87,Yes,Clear,3.93,Yes
3615,A320,0.34,6.81,0.84,1.48,No,Snow,0.88,No
3616,A350,4.35,2.42,8.06,5.14,Yes,Thunderstorm,1.3,Yes
3617,A320,0.31,3.79,9.23,3.9,Yes,Thunderstorm,9.13,Yes
3618,A320,6.89,8.57,0.1,9.25,Yes,Thunderstorm,7.86,Yes
3619,A350,2.43,7.06,9.28,8.33,No,Thunderstorm,2.77,Yes
3620,B737,5.14,2.59,1.29,2.4,No,Rain,9.19,Yes
3621,A320,5.32,1.11,5.89,8.39,No,Fog,0.52,No
3622,B737,0.02,0.16,3.0,3.83,Yes,Snow,1.99,No
3623,B737,7.33,9.9,7.1,0.21,No,Snow,9.98,Yes
3624,B787,4.03,8.45,0.67,9.67,No,Fog,4.43,Yes
3625,A320,7.84,5.01,0.73,3.72,Yes,Clear,2.69,Yes
3626,B737,3.62,8.54,8.55,6.6,Yes,Rain,8.72,Yes
3627,B737,0.15,6.87,6.32,7.98,Yes,Rain,8.1,Yes
3628,A380,0.14,8.18,1.1,7.71,No,Rain,4.46,No
3629,B787,7.77,0.26,2.17,6.59,Yes,Clear,3.93,No
3630,B787,3.53,2.81,3.18,4.27,No,Fog,4.77,Yes
3631,B787,1.49,8.31,8.66,8.61,No,Snow,6.31,Yes
3632,A350,3.43,1.11,1.48,8.18,No,Thunderstorm,9.72,No
3633,B737,3.21,3.77,8.58,5.45,Yes,Snow,8.98,No
3634,B787,5.16,4.81,9.69,9.91,Yes,Thunderstorm,7.74,Yes
3635,B737,9.26,1.76,3.82,7.01,No,Clear,2.69,No
3636,A380,9.84,6.61,2.25,0.2,Yes,Rain,1.04,No
3637,B737,4.58,4.62,7.41,8.12,No,Rain,5.79,No
3638,A350,2.67,2.14,7.96,5.92,Yes,Rain,4.26,No
3639,A320,5.86,4.77,5.74,5.23,No,Thunderstorm,5.08,No
3640,A350,6.03,8.62,1.85,2.46,Yes,Snow,8.44,No
3641,B787,6.67,0.42,1.02,6.09,Yes,Rain,1.25,No
3642,B737,3.66,8.1,7.94,0.89,Yes,Rain,2.85,No
3643,A320,6.09,8.63,4.48,5.71,Yes,Snow,0.4,Yes
3644,A350,0.57,2.79,1.06,9.57,No,Rain,0.27,No
3645,A350,4.76,6.83,1.99,1.17,Yes,Clear,5.48,No
3646,B737,2.87,4.35,2.69,8.36,No,Thunderstorm,9.44,No
3647,B737,0.72,8.48,2.38,5.09,No,Thunderstorm,0.91,No
3648,A380,2.9,8.43,9.37,6.46,No,Fog,4.86,Yes
3649,A380,4.36,1.09,1.5,2.75,Yes,Fog,0.18,Yes
3650,A350,3.51,5.92,1.88,4.59,Yes,Thunderstorm,0.03,Yes
3651,B737,7.84,0.29,8.24,3.2,Yes,Thunderstorm,9.13,No
3652,A320,6.55,4.01,6.62,4.77,Yes,Rain,0.36,Yes
3653,B787,9.87,3.12,6.94,3.71,No,Rain,5.16,Yes
3654,B737,8.31,9.51,5.5,0.66,No,Rain,1.56,No
3655,A320,3.45,3.92,5.11,7.71,No,Snow,5.92,No
3656,B787,7.15,8.53,8.01,9.48,No,Rain,2.55,No
3657,B787,6.73,5.96,9.58,2.5,No,Rain,2.01,Yes
3658,A380,1.02,4.04,7.12,7.02,No,Fog,1.53,Yes
3659,A350,4.56,3.51,8.08,8.4,Yes,Snow,1.68,No
3660,A350,9.23,6.79,4.88,1.44,No,Snow,4.71,No
3661,A350,8.12,6.72,7.37,9.07,Yes,Snow,2.81,Yes
3662,B737,3.26,9.47,2.78,8.59,Yes,Rain,5.22,No
3663,A320,6.12,6.47,9.95,1.88,No,Thunderstorm,3.71,No
3664,B787,3.81,1.76,3.92,8.61,No,Snow,2.53,Yes
3665,A320,2.23,2.76,9.89,0.38,Yes,Rain,7.92,No
3666,B737,9.59,2.14,9.82,7.22,Yes,Thunderstorm,4.58,No
3667,A350,8.51,1.42,0.55,0.07,No,Fog,9.93,No
3668,B737,1.34,6.33,0.99,0.0,Yes,Fog,7.33,No
3669,A320,3.08,2.14,8.37,2.12,Yes,Thunderstorm,3.26,Yes
3670,A350,1.71,1.57,2.28,8.84,No,Rain,1.47,No
3671,A320,0.52,3.13,0.32,2.12,No,Fog,0.33,Yes
3672,A380,4.11,9.52,2.33,2.42,Yes,Snow,6.86,No
3673,B787,9.56,7.82,6.21,5.92,Yes,Thunderstorm,1.97,Yes
3674,B737,0.93,7.22,4.64,8.11,Yes,Rain,9.5,Yes
3675,B787,4.41,0.66,7.69,1.04,Yes,Clear,0.76,No
3676,A320,6.26,6.64,2.82,8.39,Yes,Snow,2.38,Yes
3677,A320,5.66,8.23,4.73,3.84,No,Rain,0.5,Yes
3678,B787,6.73,8.27,0.58,4.6,No,Thunderstorm,2.54,No
3679,A380,9.57,8.05,3.64,5.8,No,Thunderstorm,4.97,No
3680,A350,9.07,5.29,6.64,4.71,Yes,Clear,4.6,Yes
3681,B787,7.36,0.8,4.3,7.32,Yes,Rain,8.24,No
3682,B737,5.51,3.03,6.4,6.15,No,Snow,1.84,Yes
3683,A380,7.63,4.78,3.02,4.05,Yes,Clear,7.43,No
3684,B737,8.0,2.68,3.89,2.93,No,Fog,6.23,Yes
3685,B787,7.25,8.44,3.61,7.31,No,Snow,2.89,Yes
3686,A350,7.83,4.74,3.52,8.51,No,Clear,6.19,Yes
3687,B737,0.79,9.04,9.64,4.39,No,Thunderstorm,7.94,No
3688,A350,0.8,9.71,3.18,8.64,Yes,Thunderstorm,0.78,No
3689,B737,9.15,9.13,5.34,2.36,Yes,Rain,7.62,No
3690,B737,0.25,8.99,0.15,8.94,Yes,Fog,7.16,No
3691,A350,2.41,9.83,8.23,1.81,No,Fog,5.38,Yes
3692,A320,1.24,3.82,6.35,0.85,No,Snow,0.02,Yes
3693,A350,1.67,6.43,1.72,3.44,Yes,Snow,7.02,Yes
3694,B737,7.25,9.85,5.78,9.97,Yes,Thunderstorm,5.58,Yes
3695,A380,4.71,1.63,7.48,8.81,No,Snow,2.73,No
3696,A350,5.38,4.62,3.13,9.13,Yes,Fog,5.5,Yes
3697,B787,9.36,8.12,9.57,6.22,No,Thunderstorm,2.4,Yes
3698,B787,1.73,6.51,0.38,4.31,No,Fog,1.07,No
3699,B737,3.85,8.8,8.66,2.15,Yes,Fog,1.89,Yes
3700,B737,8.31,5.99,5.77,2.73,No,Snow,0.14,Yes
3701,B787,4.34,6.41,8.74,8.56,No,Snow,0.99,No
3702,B787,2.42,1.02,7.06,8.05,No,Fog,9.17,No
3703,A320,8.93,3.16,2.12,8.45,Yes,Snow,1.06,No
3704,A380,2.56,2.57,5.52,0.37,No,Thunderstorm,7.51,No
3705,B737,8.93,5.18,6.96,4.46,Yes,Rain,5.72,Yes
3706,A320,0.0,5.89,3.44,0.32,Yes,Thunderstorm,5.08,Yes
3707,A320,8.11,3.47,6.07,4.97,Yes,Snow,9.12,No
3708,A350,6.54,4.31,5.2,2.43,Yes,Clear,8.17,No
3709,A380,9.63,1.85,8.3,6.69,No,Clear,8.14,Yes
3710,B787,7.65,9.7,3.06,9.06,No,Thunderstorm,1.59,Yes
3711,B737,4.66,3.48,0.2,0.25,No,Snow,6.44,No
3712,B737,0.37,5.89,3.73,0.07,Yes,Snow,0.91,No
3713,B737,9.96,3.65,2.67,1.18,No,Clear,4.77,Yes
3714,A380,2.83,9.29,4.26,9.11,Yes,Rain,9.85,Yes
3715,B737,3.15,8.84,1.09,2.05,Yes,Thunderstorm,2.03,Yes
3716,A320,3.71,2.34,7.6,7.79,Yes,Fog,8.14,Yes
3717,A350,0.1,4.19,2.36,9.8,No,Rain,9.43,No
3718,B787,7.49,7.17,4.99,3.37,Yes,Thunderstorm,9.95,Yes
3719,A350,1.89,4.73,7.72,2.78,Yes,Snow,1.83,Yes
3720,A350,3.9,1.02,6.56,1.63,No,Rain,6.31,No
3721,B787,6.14,1.58,4.42,8.38,No,Clear,0.23,Yes
3722,A320,3.59,9.92,4.07,3.77,Yes,Snow,8.06,No
3723,B737,4.38,8.63,4.21,0.2,No,Snow,5.86,No
3724,A350,5.81,6.88,4.33,0.93,Yes,Snow,5.02,No
3725,A320,8.25,2.45,6.21,3.11,No,Fog,0.23,Yes
3726,B787,0.22,8.74,9.39,7.61,No,Rain,6.6,Yes
3727,A380,7.98,9.22,9.66,2.03,Yes,Fog,1.87,Yes
3728,B737,2.51,7.04,6.41,7.12,Yes,Clear,0.0,No
3729,A350,8.9,2.97,3.95,2.42,No,Snow,7.08,Yes
3730,B737,7.29,4.25,1.0,5.88,Yes,Fog,1.41,No
3731,A380,9.37,5.04,3.26,1.53,Yes,Snow,6.16,No
3732,A320,3.04,2.39,4.08,2.08,Yes,Thunderstorm,3.65,Yes
3733,B737,5.87,6.58,4.53,3.27,No,Rain,5.69,No
3734,B737,0.52,5.51,1.68,1.05,Yes,Snow,3.61,No
3735,A320,8.72,9.4,0.23,1.77,No,Clear,5.44,Yes
3736,A320,0.93,1.24,4.64,0.58,No,Thunderstorm,2.98,No
3737,A380,4.69,5.36,5.44,9.72,Yes,Fog,3.76,Yes
3738,B737,7.0,8.78,4.49,9.6,Yes,Clear,9.99,Yes
3739,A350,0.41,2.63,1.77,0.44,No,Snow,9.32,Yes
3740,A350,3.09,0.39,8.92,0.86,Yes,Fog,4.93,Yes
3741,B787,3.38,5.65,2.13,1.2,No,Clear,0.22,No
3742,B787,5.11,7.69,4.45,4.26,Yes,Clear,7.12,No
3743,B737,8.72,8.41,8.59,8.62,No,Clear,3.65,No
3744,B787,6.25,7.56,7.65,2.89,Yes,Clear,2.03,No
3745,A380,1.08,4.03,3.43,8.12,No,Snow,4.47,No
3746,B737,0.04,7.53,9.3,4.2,Yes,Snow,8.39,No
3747,A350,5.08,1.57,0.32,9.29,Yes,Snow,9.15,Yes
3748,A320,5.52,5.83,6.64,0.72,Yes,Fog,2.38,Yes
3749,B737,3.17,6.63,0.68,6.95,No,Fog,7.89,No
3750,A320,0.75,8.35,7.71,5.81,Yes,Thunderstorm,3.88,No
3751,B737,0.52,1.75,0.9,1.04,Yes,Clear,3.2,Yes
3752,A320,9.87,6.97,2.71,8.74,No,Fog,5.85,Yes
3753,A380,6.2,1.61,3.59,1.77,No,Rain,4.2,No
3754,B787,7.82,1.24,2.92,2.18,No,Snow,5.55,No
3755,B787,2.34,7.5,0.39,3.51,Yes,Rain,2.94,No
3756,A350,7.52,6.91,3.89,8.12,No,Thunderstorm,8.7,Yes
3757,A320,2.8,0.19,7.8,1.36,No,Clear,9.26,No
3758,B737,0.85,2.86,0.64,3.34,No,Clear,2.32,No
3759,A320,0.97,4.07,7.69,6.86,No,Clear,2.88,Yes
3760,B787,5.01,7.94,1.1,1.61,No,Snow,4.4,Yes
3761,B737,8.91,2.96,1.73,6.73,Yes,Clear,1.75,No
3762,A320,6.16,0.73,6.05,2.32,Yes,Clear,1.41,Yes
3763,A320,9.97,9.22,4.32,1.09,No,Clear,4.45,Yes
3764,B787,9.17,4.46,7.42,2.87,Yes,Rain,4.4,No
3765,B737,3.71,7.16,6.3,2.67,No,Rain,5.0,No
3766,A350,5.85,7.89,8.51,0.09,No,Fog,7.05,No
3767,B737,8.05,1.41,3.56,3.29,No,Thunderstorm,9.53,No
3768,A320,6.2,2.88,8.15,3.54,Yes,Thunderstorm,1.03,No
3769,A380,3.11,5.8,1.39,7.3,No,Thunderstorm,6.05,Yes
3770,B787,4.11,6.04,2.55,1.96,No,Rain,0.08,No
3771,A380,1.13,9.39,0.27,7.19,Yes,Thunderstorm,5.46,No
3772,B737,9.82,9.64,4.51,2.82,No,Snow,4.56,Yes
3773,A320,0.24,2.4,7.57,6.56,Yes,Clear,0.49,No
3774,B787,0.69,5.86,3.11,2.15,No,Clear,7.39,Yes
3775,A380,2.21,1.33,3.63,5.81,No,Rain,0.86,Yes
3776,B787,7.22,5.04,7.4,8.52,Yes,Clear,7.02,No
3777,A320,4.45,8.34,8.31,6.03,No,Snow,9.79,No
3778,A320,1.36,0.33,5.28,8.63,No,Rain,8.74,Yes
3779,A380,1.9,6.15,5.4,7.09,No,Clear,3.54,Yes
3780,B737,3.41,5.2,8.02,2.16,No,Thunderstorm,9.18,Yes
3781,B787,0.25,1.2,4.92,6.01,Yes,Snow,0.34,Yes
3782,A350,9.49,1.92,9.31,7.87,No,Thunderstorm,8.7,No
3783,A380,9.15,6.28,9.88,4.21,Yes,Thunderstorm,9.7,No
3784,A380,9.55,3.75,8.62,3.67,Yes,Rain,2.36,Yes
3785,A380,1.86,5.77,1.69,9.25,Yes,Thunderstorm,0.68,No
3786,B737,4.46,9.72,4.49,6.48,Yes,Snow,7.19,Yes
3787,A320,6.31,3.77,8.78,6.9,No,Clear,6.83,No
3788,A320,2.54,5.06,8.65,5.47,No,Thunderstorm,6.79,Yes
3789,A320,7.36,3.0,2.14,0.78,No,Clear,4.47,No
3790,A350,4.13,2.62,6.09,1.1,No,Clear,3.26,No
3791,B737,8.62,4.82,5.29,5.38,Yes,Clear,8.17,Yes
3792,A350,4.54,8.45,9.1,7.37,No,Clear,6.19,Yes
3793,A320,4.38,5.2,7.54,6.09,No,Snow,9.86,No
3794,B787,8.18,5.55,8.1,4.32,Yes,Snow,4.91,No
3795,B737,5.93,9.75,5.81,5.0,Yes,Thunderstorm,1.03,No
3796,A320,5.02,6.22,0.61,3.74,No,Fog,0.43,No
3797,B737,6.47,6.2,9.02,7.55,Yes,Rain,9.55,Yes
3798,A350,1.36,5.27,9.24,8.53,Yes,Clear,5.11,No
3799,B737,9.35,3.17,5.11,4.18,Yes,Thunderstorm,9.37,Yes
3800,B787,7.9,3.46,8.55,9.32,No,Thunderstorm,9.6,No
3801,A380,3.83,0.82,4.51,9.96,Yes,Fog,2.45,No
3802,B737,3.24,4.11,2.87,3.8,Yes,Clear,7.78,Yes
3803,B737,9.61,4.9,1.2,4.19,No,Clear,4.69,No
3804,A350,4.97,9.78,1.65,5.08,No,Rain,5.17,Yes
3805,A350,0.06,5.25,0.08,3.55,Yes,Snow,8.5,Yes
3806,A320,8.94,8.85,3.68,9.59,No,Snow,4.54,No
3807,B787,4.11,2.07,4.14,0.87,Yes,Thunderstorm,5.89,Yes
3808,A350,0.2,6.91,5.18,0.5,Yes,Snow,8.65,Yes
3809,A320,1.74,9.7,2.82,7.9,No,Fog,8.61,Yes
3810,A350,2.73,6.73,9.49,7.02,Yes,Thunderstorm,4.0,Yes
3811,B737,2.32,6.72,7.44,0.33,Yes,Snow,4.16,No
3812,A350,6.05,6.6,4.34,1.88,No,Fog,8.07,No
3813,B737,5.39,0.09,6.73,6.73,Yes,Clear,9.63,No
3814,B787,0.35,3.85,4.08,7.94,No,Thunderstorm,6.45,No
3815,A380,6.22,2.99,3.34,3.1,Yes,Rain,0.22,Yes
3816,B737,4.96,5.51,2.4,5.08,No,Rain,0.69,No
3817,A320,7.74,7.64,2.83,1.73,Yes,Clear,6.88,No
3818,B737,3.42,6.18,9.87,4.37,Yes,Thunderstorm,9.17,No
3819,A380,5.25,0.17,3.4,2.51,Yes,Clear,1.6,Yes
3820,B737,4.51,2.78,0.81,9.8,No,Thunderstorm,6.23,Yes
3821,B787,4.19,1.5,0.95,7.07,Yes,Fog,0.79,Yes
3822,A320,9.3,9.82,9.66,1.27,Yes,Clear,8.39,No
3823,A320,5.19,9.1,5.78,9.64,No,Snow,9.28,No
3824,B737,7.52,9.56,8.05,7.13,Yes,Snow,8.06,No
3825,A320,0.24,7.56,5.82,3.3,No,Thunderstorm,3.83,Yes
3826,B737,7.48,0.55,3.53,0.93,Yes,Snow,5.91,No
3827,B787,9.3,5.94,4.33,5.75,Yes,Fog,0.96,No
3828,A350,9.25,3.48,0.93,5.22,No,Rain,2.02,Yes
3829,B737,7.48,9.59,5.45,3.94,Yes,Clear,4.43,No
3830,B737,8.35,6.3,8.99,3.4,Yes,Thunderstorm,4.71,No
3831,B737,0.29,4.89,7.33,1.06,No,Thunderstorm,0.68,No
3832,A380,5.01,7.59,1.99,5.49,No,Clear,7.0,No
3833,B737,5.07,9.67,9.89,3.1,Yes,Thunderstorm,7.87,Yes
3834,A350,4.31,9.97,4.73,4.75,Yes,Rain,3.4,Yes
3835,A380,7.1,0.08,3.82,9.77,Yes,Fog,3.43,No
3836,B737,7.34,8.86,6.08,8.42,No,Thunderstorm,5.74,Yes
3837,A350,5.71,1.56,0.48,5.04,No,Snow,2.68,No
3838,A320,4.83,5.2,4.24,9.17,Yes,Clear,1.79,No
3839,A320,9.4,9.79,4.22,2.04,Yes,Thunderstorm,7.7,Yes
3840,A380,7.69,7.75,6.71,7.83,Yes,Snow,8.6,Yes
3841,A380,7.58,4.18,6.41,8.44,Yes,Thunderstorm,5.98,No
3842,B787,9.38,9.74,4.29,7.04,Yes,Rain,2.33,Yes
3843,A380,5.14,0.61,1.01,5.91,Yes,Thunderstorm,6.15,No
3844,A320,7.38,9.86,7.13,6.58,Yes,Rain,6.7,No
3845,A350,7.51,1.37,6.45,3.05,Yes,Thunderstorm,0.52,No
3846,B787,2.84,5.16,7.53,9.0,No,Rain,4.33,Yes
3847,B737,7.76,2.29,5.98,6.51,No,Rain,1.88,Yes
3848,B787,6.3,0.58,9.8,2.02,Yes,Thunderstorm,9.61,No
3849,A320,6.62,1.49,5.85,6.66,Yes,Rain,3.78,No
3850,A350,2.36,4.28,5.22,7.56,Yes,Clear,8.31,Yes
3851,A350,9.64,8.73,3.27,3.55,Yes,Fog,5.23,No
3852,A380,0.2,1.37,4.73,3.54,No,Fog,4.82,No
3853,A320,3.3,6.48,3.88,9.16,No,Thunderstorm,9.96,No
3854,A380,5.92,7.1,1.71,0.2,No,Fog,5.41,No
3855,B737,9.33,5.57,3.0,5.06,Yes,Clear,8.52,Yes
3856,A380,0.72,4.82,9.3,0.23,Yes,Thunderstorm,7.14,Yes
3857,A380,7.28,1.54,8.44,7.9,Yes,Clear,6.08,No
3858,A320,4.47,8.71,5.51,4.64,No,Rain,3.28,No
3859,A380,5.92,8.87,4.94,4.96,Yes,Fog,4.07,Yes
3860,B787,6.37,5.6,4.1,6.82,Yes,Snow,4.31,No
3861,B737,8.79,3.7,7.14,5.18,No,Clear,0.36,No
3862,A350,8.95,1.74,7.53,8.99,No,Fog,6.21,Yes
3863,A320,8.96,7.52,5.45,4.26,Yes,Clear,6.63,Yes
3864,A320,6.74,9.65,3.67,6.31,No,Fog,2.64,No
3865,A350,8.02,0.81,2.16,1.89,Yes,Thunderstorm,1.81,Yes
3866,A350,3.24,5.4,3.11,9.85,No,Clear,4.15,No
3867,A350,9.98,5.13,7.95,6.13,Yes,Rain,0.82,No
3868,B787,9.8,1.13,7.78,5.24,Yes,Snow,6.23,Yes
3869,A320,2.78,5.82,8.88,1.31,Yes,Fog,1.76,No
3870,A380,5.59,7.78,4.83,8.02,Yes,Fog,5.24,Yes
3871,B737,7.99,2.2,2.87,0.46,No,Fog,6.8,Yes
3872,B787,7.55,7.82,2.38,3.56,No,Snow,8.97,No
3873,B787,4.39,6.16,2.63,7.7,Yes,Thunderstorm,6.46,Yes
3874,A380,3.79,7.18,4.11,6.81,No,Rain,6.89,No
3875,B737,6.86,5.87,8.55,8.36,Yes,Thunderstorm,2.18,Yes
3876,B787,8.66,1.68,0.19,0.48,Yes,Snow,7.31,No
3877,B737,9.7,1.81,5.78,6.39,No,Fog,2.75,Yes
3878,A350,9.01,0.2,8.53,3.09,No,Thunderstorm,8.6,Yes
3879,A350,3.18,4.55,5.41,4.51,Yes,Rain,6.3,Yes
3880,A380,9.38,9.03,5.12,0.67,No,Fog,7.4,No
3881,B787,5.73,0.6,2.59,9.37,No,Snow,8.02,No
3882,B737,4.1,7.28,6.86,9.65,Yes,Snow,0.19,Yes
3883,B737,6.47,6.72,4.65,3.21,Yes,Thunderstorm,4.1,No
3884,B787,6.68,6.09,4.28,6.92,No,Thunderstorm,7.14,No
3885,A380,8.07,2.6,4.39,3.56,Yes,Fog,1.03,Yes
3886,A380,6.5,8.93,2.08,6.87,Yes,Snow,9.72,No
3887,A380,7.67,0.0,6.48,3.78,No,Thunderstorm,4.87,No
3888,A350,3.45,3.94,7.77,7.73,No,Snow,4.79,Yes
3889,B737,6.32,7.3,1.93,5.16,No,Rain,3.84,Yes
3890,B787,1.27,1.71,1.93,2.65,Yes,Fog,1.6,No
3891,A380,3.54,3.23,0.5,2.66,No,Thunderstorm,3.99,No
3892,A380,0.42,6.2,2.86,2.93,Yes,Thunderstorm,3.48,No
3893,A380,6.32,2.87,9.44,2.78,No,Fog,7.37,No
3894,A320,9.08,8.21,2.19,8.05,Yes,Snow,1.61,Yes
3895,A350,0.22,6.06,8.86,1.93,Yes,Snow,6.57,No
3896,A320,8.04,5.9,6.2,5.97,No,Rain,8.45,No
3897,B787,9.15,7.73,9.31,8.69,No,Snow,0.39,Yes
3898,B737,4.48,0.24,1.09,9.5,No,Fog,0.12,Yes
3899,A380,1.94,4.9,0.21,7.1,Yes,Fog,5.2,No
3900,B787,7.35,2.65,9.16,8.43,No,Snow,5.78,Yes
3901,B737,4.86,3.58,7.54,5.68,Yes,Fog,0.39,Yes
3902,B737,7.14,9.85,8.83,9.45,Yes,Rain,7.63,Yes
3903,A320,9.81,9.44,5.59,0.98,No,Fog,5.33,No
3904,A380,9.1,8.75,8.31,6.74,No,Clear,5.66,Yes
3905,A320,9.44,9.01,3.74,3.6,Yes,Snow,3.84,No
3906,A320,9.68,5.29,8.45,1.64,Yes,Fog,9.35,No
3907,B737,3.39,6.71,9.22,7.47,No,Clear,0.53,Yes
3908,A350,5.87,9.56,1.74,2.74,No,Rain,4.33,No
3909,A350,8.57,8.49,0.16,1.69,No,Thunderstorm,8.79,Yes
3910,B787,2.39,3.53,8.01,3.4,No,Rain,3.19,No
3911,B787,4.27,0.48,6.23,0.25,Yes,Thunderstorm,0.94,Yes
3912,B737,3.09,4.51,3.73,6.17,Yes,Fog,0.98,No
3913,A380,4.5,5.33,3.12,4.65,Yes,Clear,0.87,No
3914,A320,5.39,9.14,5.5,3.22,No,Snow,5.4,No
3915,B737,3.51,6.91,6.71,6.23,Yes,Clear,6.53,Yes
3916,A350,0.51,9.85,0.13,0.72,No,Clear,6.29,Yes
3917,A320,0.57,8.18,2.95,0.68,Yes,Thunderstorm,1.72,Yes
3918,A380,8.27,4.8,6.6,8.97,No,Rain,1.06,No
3919,A320,7.62,6.77,4.5,5.35,No,Clear,3.22,No
3920,B737,8.41,0.39,7.22,3.1,No,Snow,3.31,No
3921,B787,8.62,5.48,3.4,1.33,Yes,Thunderstorm,5.49,Yes
3922,B737,4.67,3.11,1.15,9.01,No,Clear,9.21,No
3923,A380,1.95,8.15,2.09,2.07,No,Thunderstorm,2.29,No
3924,A380,7.53,9.4,0.19,2.5,Yes,Fog,4.13,Yes
3925,B787,9.58,4.83,7.64,0.1,Yes,Thunderstorm,8.94,No
3926,B787,6.27,9.64,6.76,1.7,No,Snow,9.82,Yes
3927,B787,3.82,8.3,8.51,6.71,No,Thunderstorm,6.92,Yes
3928,B787,7.76,2.78,4.3,4.77,No,Snow,4.17,No
3929,A320,1.08,8.66,7.52,3.93,Yes,Clear,4.85,Yes
3930,B737,3.61,6.78,2.87,7.23,Yes,Thunderstorm,9.74,No
3931,A350,9.56,2.72,1.21,8.03,Yes,Snow,9.52,No
3932,A380,4.21,4.12,8.44,0.16,Yes,Fog,7.88,No
3933,A380,4.34,1.67,7.96,4.12,Yes,Clear,9.15,Yes
3934,A320,1.68,0.02,9.15,5.19,No,Rain,0.81,Yes
3935,B787,9.45,8.21,5.47,5.7,No,Clear,4.75,Yes
3936,B737,6.09,4.13,2.1,4.5,Yes,Clear,7.98,Yes
3937,B787,9.36,7.66,5.13,5.59,Yes,Snow,1.45,Yes
3938,A380,5.46,6.88,7.0,5.82,Yes,Rain,9.59,No
3939,B737,9.31,8.58,8.78,4.38,No,Snow,5.28,Yes
3940,A350,1.2,1.49,4.11,0.7,Yes,Thunderstorm,5.35,No
3941,B787,1.45,2.17,9.37,3.34,Yes,Thunderstorm,7.78,No
3942,A380,7.76,4.67,0.93,1.56,Yes,Snow,2.9,Yes
3943,A380,3.85,3.16,2.56,1.72,No,Snow,0.45,Yes
3944,A350,6.39,2.93,3.01,5.92,No,Snow,1.71,No
3945,B737,7.46,2.66,9.55,3.26,No,Rain,3.11,No
3946,B737,1.63,4.83,4.63,0.91,Yes,Fog,5.4,No
3947,B737,9.05,2.75,0.49,9.55,Yes,Clear,2.77,No
3948,A380,2.97,3.92,8.52,8.29,No,Snow,2.62,Yes
3949,A380,0.72,2.33,4.74,9.1,Yes,Clear,8.04,No
3950,A380,9.87,8.4,9.28,1.1,Yes,Snow,6.68,No
3951,A320,4.23,7.68,8.75,9.98,No,Clear,5.61,Yes
3952,A350,5.87,4.46,5.83,6.01,No,Thunderstorm,4.94,Yes
3953,A350,9.41,6.66,2.05,7.2,Yes,Thunderstorm,8.79,Yes
3954,A350,8.87,1.27,4.28,9.24,No,Snow,5.25,No
3955,A350,4.08,3.34,8.09,8.61,Yes,Rain,7.55,No
3956,B737,0.39,3.38,6.42,7.28,No,Fog,7.47,Yes
3957,A380,9.98,6.74,6.4,2.83,No,Fog,9.45,Yes
3958,A380,8.43,7.31,4.17,0.05,No,Rain,6.44,Yes
3959,A380,5.4,9.38,8.87,5.13,Yes,Fog,6.81,No
3960,A380,0.84,6.8,1.23,1.5,Yes,Thunderstorm,6.7,Yes
3961,A380,3.43,9.01,0.74,0.2,No,Clear,7.59,No
3962,A350,9.96,0.9,5.75,7.48,No,Clear,8.01,No
3963,A320,4.64,2.82,0.78,3.16,Yes,Thunderstorm,8.83,Yes
3964,A350,6.94,6.97,2.37,4.56,Yes,Snow,9.45,No
3965,A380,4.77,7.18,5.74,0.2,No,Clear,2.3,No
3966,A350,7.91,5.58,7.14,1.01,Yes,Rain,4.52,No
3967,A350,7.12,2.53,4.65,4.42,Yes,Clear,5.31,Yes
3968,A380,3.19,1.91,5.69,0.37,No,Snow,8.68,Yes
3969,A380,2.13,9.45,7.56,5.76,Yes,Fog,9.55,Yes
3970,B787,8.43,7.63,7.98,1.63,Yes,Rain,5.96,Yes
3971,B737,2.76,9.56,9.75,7.17,Yes,Fog,3.39,Yes
3972,B787,8.3,2.58,3.95,0.59,No,Thunderstorm,9.79,No
3973,A380,8.38,8.9,4.83,5.05,No,Fog,2.29,Yes
3974,A320,4.11,2.86,6.1,0.11,Yes,Rain,7.25,Yes
3975,B737,4.61,7.13,4.94,5.19,No,Clear,1.99,No
3976,A350,3.84,0.81,0.93,3.73,Yes,Snow,5.97,Yes
3977,A350,0.93,2.96,6.02,7.17,Yes,Snow,0.68,Yes
3978,A380,4.74,3.32,9.37,2.63,No,Rain,0.32,Yes
3979,B737,9.43,4.92,3.89,9.25,No,Rain,2.47,No
3980,B787,8.57,4.48,8.17,8.12,No,Rain,9.73,No
3981,A350,3.95,1.56,6.82,6.19,Yes,Fog,3.94,Yes
3982,A350,5.01,2.35,3.66,4.19,Yes,Thunderstorm,5.45,Yes
3983,A320,6.11,5.66,8.59,2.43,No,Rain,6.48,No
3984,A320,6.09,1.83,6.88,9.42,Yes,Thunderstorm,4.94,No
3985,A380,8.7,4.75,2.11,2.12,No,Snow,4.07,No
3986,A350,9.01,9.02,1.43,6.52,Yes,Snow,4.38,No
3987,B737,4.11,7.18,9.54,7.03,Yes,Snow,2.71,Yes
3988,A320,9.57,3.78,3.4,9.56,No,Fog,5.83,Yes
3989,A350,3.35,5.37,0.13,9.09,No,Rain,7.94,No
3990,A380,3.01,1.96,3.48,1.94,Yes,Clear,3.11,Yes
3991,A380,3.8,5.88,8.19,3.59,No,Rain,3.65,Yes
3992,A350,5.15,6.99,4.01,1.77,No,Thunderstorm,9.2,No
3993,A320,8.02,6.99,8.02,5.58,Yes,Fog,0.78,No
3994,A380,3.59,1.47,7.24,6.77,Yes,Snow,3.27,No
3995,A350,9.18,6.31,8.44,2.93,Yes,Snow,7.36,Yes
3996,A350,0.65,4.27,0.29,0.48,No,Thunderstorm,4.02,Yes
3997,B737,6.76,4.99,4.33,5.85,No,Fog,1.21,No
3998,A380,8.07,6.11,5.65,3.4,No,Rain,6.45,Yes
3999,B787,7.78,3.72,4.28,3.26,No,Snow,0.51,No
4000,A320,1.36,5.42,8.86,6.74,No,Rain,9.8,No
4001,B787,7.8,1.73,8.17,2.61,No,Clear,5.02,No
4002,A320,0.25,8.37,6.79,2.16,Yes,Thunderstorm,4.66,No
4003,A320,8.1,9.22,4.82,7.77,No,Thunderstorm,4.55,Yes
4004,A350,1.28,5.19,2.65,0.19,No,Clear,1.61,No
4005,A350,5.06,0.07,3.43,0.15,No,Clear,9.61,No
4006,B737,7.43,1.63,9.84,3.34,Yes,Thunderstorm,8.17,No
4007,B787,2.14,8.35,6.29,7.69,No,Clear,7.07,Yes
4008,B737,5.55,4.21,9.08,5.64,No,Thunderstorm,2.26,No
4009,B787,0.98,4.49,2.13,0.69,Yes,Snow,4.81,No
4010,B737,2.63,0.19,3.26,9.71,No,Snow,1.85,Yes
4011,A380,4.39,3.3,2.83,7.5,No,Fog,6.21,No
4012,A350,7.03,6.6,6.8,8.69,No,Rain,2.63,Yes
4013,A380,2.79,8.19,5.05,5.95,No,Snow,0.41,Yes
4014,A320,4.81,6.57,7.35,2.59,No,Snow,2.4,No
4015,B737,5.94,1.5,8.16,2.97,No,Fog,9.82,Yes
4016,B737,1.78,4.61,6.39,1.83,Yes,Fog,2.84,No
4017,B787,8.41,0.72,8.74,4.45,Yes,Clear,7.62,Yes
4018,B737,6.4,8.83,4.6,7.39,No,Snow,0.32,Yes
4019,A350,5.38,9.99,4.72,4.4,No,Rain,9.16,No
4020,B787,4.72,2.13,3.11,0.35,No,Fog,4.29,Yes
4021,B787,7.45,8.68,8.9,2.66,No,Thunderstorm,9.73,Yes
4022,A380,9.33,7.86,9.45,7.6,No,Clear,0.58,No
4023,A380,8.98,5.06,4.12,8.92,Yes,Fog,4.74,Yes
4024,B737,2.01,1.31,4.2,0.6,No,Rain,3.3,No
4025,B787,8.06,6.82,1.88,4.01,Yes,Rain,4.71,Yes
4026,B737,1.45,8.01,0.49,5.97,No,Thunderstorm,6.17,Yes
4027,A320,2.58,3.0,7.38,4.54,Yes,Clear,9.62,Yes
4028,B787,5.07,2.83,1.94,1.2,Yes,Thunderstorm,4.01,Yes
4029,B737,8.26,9.16,1.15,7.21,No,Clear,3.62,Yes
4030,A380,7.16,3.75,6.1,1.68,No,Rain,9.22,No
4031,A380,8.34,2.89,8.76,0.97,Yes,Clear,1.61,No
4032,B737,4.09,7.21,5.01,1.54,Yes,Fog,9.73,Yes
4033,A350,6.85,5.11,8.96,3.94,Yes,Fog,9.29,Yes
4034,A380,4.74,4.56,9.79,5.81,Yes,Fog,8.9,Yes
4035,A380,4.64,3.14,0.76,8.87,Yes,Thunderstorm,3.79,Yes
4036,A380,8.8,1.84,3.78,4.02,Yes,Thunderstorm,1.54,Yes
4037,A350,0.46,9.86,2.19,2.46,No,Clear,5.3,Yes
4038,A320,4.19,5.72,0.8,3.52,Yes,Rain,4.07,No
4039,A320,2.95,0.85,5.52,7.11,Yes,Thunderstorm,2.63,No
4040,B737,7.04,4.8,0.28,4.99,Yes,Thunderstorm,5.04,No
4041,A380,3.75,0.18,4.3,7.76,Yes,Thunderstorm,2.74,No
4042,A320,3.63,6.25,0.04,7.82,Yes,Snow,1.38,Yes
4043,A350,9.15,7.25,9.99,7.76,Yes,Fog,1.82,Yes
4044,B737,6.13,3.85,4.22,7.01,Yes,Fog,0.38,No
4045,A380,0.2,8.43,4.61,8.4,Yes,Snow,0.25,No
4046,B787,6.15,1.65,0.67,6.6,Yes,Fog,9.5,Yes
4047,A320,8.35,1.85,1.35,6.13,Yes,Clear,6.2,Yes
4048,A380,6.33,8.11,5.27,7.18,No,Clear,6.62,Yes
4049,B787,8.65,1.89,9.91,5.81,No,Fog,6.29,No
4050,B787,9.88,7.3,9.75,8.3,No,Clear,2.24,No
4051,B787,7.39,6.88,9.0,9.21,Yes,Rain,1.8,No
4052,A320,3.23,0.12,2.71,3.23,No,Snow,8.35,Yes
4053,A380,2.34,2.93,5.71,1.04,Yes,Rain,9.38,No
4054,A350,1.17,7.12,6.18,7.11,No,Clear,8.23,Yes
4055,B737,9.78,8.58,8.95,2.96,No,Snow,1.63,No
4056,B787,8.09,4.19,9.19,9.55,Yes,Fog,3.29,No
4057,A350,5.72,6.01,6.56,9.68,Yes,Rain,5.43,No
4058,A380,8.46,7.76,1.55,7.48,Yes,Thunderstorm,5.14,Yes
4059,A350,3.48,8.26,4.53,7.63,Yes,Fog,8.7,No
4060,B787,3.72,6.95,4.83,3.86,No,Thunderstorm,6.38,No
4061,A350,5.42,9.13,6.17,1.82,Yes,Clear,1.31,Yes
4062,A320,3.77,7.09,9.73,6.42,Yes,Thunderstorm,9.04,No
4063,A380,7.46,0.19,1.81,5.55,No,Thunderstorm,0.61,No
4064,A380,3.66,5.51,9.56,6.49,Yes,Fog,5.02,Yes
4065,A320,5.51,7.43,8.36,1.11,No,Rain,2.85,Yes
4066,A320,8.29,3.51,3.52,5.68,Yes,Clear,3.57,No
4067,A320,9.86,0.78,9.22,4.92,Yes,Thunderstorm,0.49,Yes
4068,B787,0.65,1.93,4.78,3.7,No,Thunderstorm,8.77,Yes
4069,A350,6.19,6.98,1.96,1.21,No,Thunderstorm,5.65,No
4070,B737,9.88,2.94,8.77,1.54,Yes,Thunderstorm,8.12,No
4071,B737,9.54,0.03,0.94,4.85,No,Thunderstorm,0.95,No
4072,A350,2.18,3.93,9.64,9.36,No,Snow,5.57,No
4073,A320,7.9,4.5,6.89,9.08,Yes,Snow,8.66,Yes
4074,B737,2.69,2.48,9.44,8.04,No,Snow,6.99,Yes
4075,B787,9.64,6.68,1.03,4.88,No,Clear,8.23,Yes
4076,A380,3.73,7.04,1.61,9.59,No,Rain,0.11,Yes
4077,B737,8.18,1.63,3.63,2.72,Yes,Snow,5.32,No
4078,B737,6.81,9.48,2.19,1.45,Yes,Clear,3.15,Yes
4079,B787,8.05,5.97,6.93,8.03,Yes,Snow,4.69,Yes
4080,A380,9.61,4.82,9.0,0.19,No,Snow,7.06,Yes
4081,A320,3.94,2.79,9.25,0.83,Yes,Clear,6.73,No
4082,A380,4.99,8.71,9.96,7.95,No,Clear,1.51,No
4083,B737,5.65,9.6,2.35,8.24,Yes,Fog,2.91,No
4084,A350,1.97,8.63,6.2,7.16,Yes,Clear,4.75,No
4085,A380,4.9,3.4,8.77,2.3,No,Clear,5.46,No
4086,B787,8.28,3.16,3.67,8.99,Yes,Fog,2.75,Yes
4087,B737,7.21,0.14,4.85,2.44,No,Clear,8.68,No
4088,B737,9.29,6.81,8.86,8.63,No,Clear,5.07,No
4089,B787,1.88,8.53,4.23,6.6,No,Fog,0.14,Yes
4090,B787,8.03,0.5,9.3,0.56,Yes,Fog,2.44,Yes
4091,B737,3.54,0.84,4.09,0.15,No,Thunderstorm,4.96,Yes
4092,B787,5.74,3.35,8.6,7.42,Yes,Fog,5.37,Yes
4093,B787,7.81,5.44,7.45,3.41,Yes,Fog,2.43,Yes
4094,A350,2.92,7.27,2.02,4.52,Yes,Snow,2.92,No
4095,A380,1.48,3.99,4.5,2.35,No,Clear,3.39,Yes
4096,A380,1.39,6.78,0.03,3.93,No,Fog,9.23,No
4097,B787,2.44,6.27,4.76,2.11,No,Fog,6.84,No
4098,A320,2.46,6.91,6.4,7.4,No,Rain,7.81,No
4099,A350,4.54,0.59,7.68,4.17,Yes,Clear,6.17,Yes
4100,A320,8.1,9.18,8.72,5.36,Yes,Thunderstorm,1.46,Yes
4101,A350,4.78,3.29,2.09,4.63,No,Thunderstorm,0.7,No
4102,A350,6.51,4.61,0.39,7.46,No,Rain,3.19,Yes
4103,A320,3.71,9.41,5.85,2.78,No,Snow,0.9,Yes
4104,A350,7.46,7.67,1.05,3.41,Yes,Clear,4.06,No
4105,A380,3.86,6.97,0.86,0.24,No,Thunderstorm,6.1,Yes
4106,A350,7.05,1.73,8.54,8.4,No,Snow,3.56,No
4107,A350,3.54,6.03,0.69,5.28,Yes,Fog,4.53,No
4108,A350,6.66,5.99,3.91,4.97,Yes,Snow,8.81,No
4109,A320,0.52,3.8,6.46,5.45,Yes,Clear,7.61,No
4110,B787,4.45,8.63,3.45,7.22,Yes,Thunderstorm,3.71,No
4111,B787,5.64,1.46,8.52,2.91,Yes,Thunderstorm,3.28,Yes
4112,A380,8.38,6.9,1.29,2.47,Yes,Rain,9.39,No
4113,B737,8.04,2.95,0.18,1.58,No,Snow,0.36,No
4114,A350,0.1,5.8,4.97,8.96,No,Snow,0.87,No
4115,A350,0.3,3.76,9.04,8.27,Yes,Fog,4.07,Yes
4116,A380,5.27,1.69,0.69,4.45,Yes,Clear,4.72,Yes
4117,B737,1.6,2.1,3.49,2.69,Yes,Clear,7.22,Yes
4118,B737,5.72,8.22,9.78,9.52,Yes,Clear,1.0,No
4119,A320,7.78,5.0,3.86,2.18,No,Fog,3.81,Yes
4120,B787,9.1,4.71,0.61,0.22,Yes,Snow,3.84,Yes
4121,B737,9.16,5.04,0.6,7.73,Yes,Thunderstorm,9.91,No
4122,B737,6.67,7.47,9.54,2.78,No,Rain,2.65,No
4123,A320,6.36,6.68,4.58,9.56,No,Thunderstorm,1.65,Yes
4124,A320,6.65,2.2,4.88,0.36,Yes,Snow,9.55,Yes
4125,B787,2.08,7.86,3.51,3.4,Yes,Snow,4.89,Yes
4126,A380,9.83,5.75,2.03,2.05,No,Rain,6.22,No
4127,B787,3.09,7.56,1.26,10.0,No,Rain,1.18,Yes
4128,B737,6.85,4.43,5.8,8.59,Yes,Fog,6.38,No
4129,A350,7.92,1.09,0.31,4.8,Yes,Snow,0.13,No
4130,A380,3.85,5.21,3.41,7.02,No,Snow,5.85,Yes
4131,A350,2.51,3.37,2.0,9.35,No,Thunderstorm,2.76,No
4132,A380,3.98,3.59,1.4,9.08,Yes,Fog,1.92,Yes
4133,A350,5.95,5.39,1.61,3.73,Yes,Fog,8.3,Yes
4134,B787,1.22,5.81,9.61,3.3,No,Snow,4.46,Yes
4135,B737,2.66,2.56,3.93,3.41,Yes,Thunderstorm,4.35,Yes
4136,B787,5.36,8.92,5.95,3.99,Yes,Thunderstorm,8.9,Yes
4137,A350,6.32,5.84,0.74,7.81,No,Rain,5.3,No
4138,A350,7.18,6.42,6.65,9.44,No,Snow,3.23,No
4139,B737,6.98,6.02,2.19,8.89,No,Rain,6.67,No
4140,B737,0.41,7.17,6.22,2.07,No,Rain,3.27,Yes
4141,B787,3.15,9.42,0.25,3.6,No,Clear,8.47,Yes
4142,A350,3.92,7.31,8.87,1.86,Yes,Clear,7.4,No
4143,A350,5.85,2.76,1.3,1.11,Yes,Thunderstorm,7.2,Yes
4144,B737,1.53,2.62,9.3,8.52,No,Fog,6.44,Yes
4145,B737,9.49,4.72,0.09,3.92,No,Rain,1.04,No
4146,A320,5.83,9.2,4.36,3.73,Yes,Rain,3.59,Yes
4147,A350,9.71,2.67,2.97,2.37,No,Fog,9.13,No
4148,B737,7.95,2.01,1.86,2.58,Yes,Clear,5.78,Yes
4149,A380,9.37,5.13,4.48,3.51,No,Fog,3.75,No
4150,A380,8.71,9.06,0.72,4.52,Yes,Fog,2.79,Yes
4151,B737,2.78,0.52,3.26,9.25,Yes,Thunderstorm,3.21,Yes
4152,A350,8.11,5.64,0.06,3.1,No,Thunderstorm,8.33,No
4153,B737,5.25,4.17,5.79,8.33,Yes,Fog,0.02,Yes
4154,A350,8.03,4.13,5.98,2.63,No,Clear,6.28,Yes
4155,B787,6.95,0.62,2.71,0.24,Yes,Fog,0.95,No
4156,A320,2.74,7.19,6.96,7.67,Yes,Clear,9.85,Yes
4157,A350,3.05,1.52,4.21,4.84,No,Rain,4.64,Yes
4158,B737,8.05,1.54,6.21,8.32,Yes,Rain,4.73,No
4159,B737,3.01,5.16,1.08,3.87,No,Rain,8.49,No
4160,A380,4.41,9.12,8.39,8.8,No,Clear,10.0,Yes
4161,B787,2.1,3.27,2.84,4.12,Yes,Fog,3.58,Yes
4162,B737,5.01,1.56,0.72,5.56,Yes,Fog,4.11,Yes
4163,B737,1.66,0.8,8.91,2.78,Yes,Thunderstorm,9.85,No
4164,B787,3.21,7.24,2.06,1.6,No,Clear,3.48,Yes
4165,A320,0.96,4.44,3.0,3.5,Yes,Thunderstorm,0.99,No
4166,A320,5.71,4.58,3.97,1.74,Yes,Snow,0.84,Yes
4167,B737,7.6,8.51,6.13,8.19,No,Rain,6.02,No
4168,A350,6.35,3.58,1.86,7.27,No,Rain,7.16,No
4169,A320,6.6,0.13,2.35,9.18,No,Thunderstorm,8.62,Yes
4170,A320,2.84,7.2,5.22,6.47,Yes,Rain,3.15,No
4171,A350,9.18,0.21,0.44,4.62,Yes,Snow,2.45,No
4172,B787,9.58,3.06,7.71,9.11,No,Clear,4.4,No
4173,B737,6.01,3.14,6.4,6.85,No,Snow,3.34,No
4174,B737,6.21,2.18,6.18,7.98,Yes,Fog,3.37,No
4175,A350,7.77,2.8,8.13,6.93,Yes,Rain,7.16,Yes
4176,B737,0.73,3.79,7.04,1.54,Yes,Thunderstorm,9.85,Yes
4177,B787,7.83,0.79,0.09,0.87,Yes,Rain,3.43,No
4178,A320,2.32,3.87,4.67,9.45,No,Snow,5.23,Yes
4179,A320,7.07,6.94,0.65,2.16,Yes,Clear,6.05,Yes
4180,A320,5.05,2.59,2.55,6.83,No,Clear,8.53,Yes
4181,B787,5.04,3.23,0.26,3.54,No,Snow,1.37,Yes
4182,A380,9.38,7.78,3.47,3.91,Yes,Thunderstorm,8.45,Yes
4183,B737,5.83,4.3,0.82,7.9,No,Snow,2.86,Yes
4184,B737,6.56,8.5,2.85,6.5,Yes,Thunderstorm,6.24,No
4185,A380,6.3,4.33,1.15,0.53,Yes,Snow,8.82,No
4186,B787,7.58,7.64,5.91,9.47,Yes,Snow,3.58,Yes
4187,A380,8.54,9.13,6.21,6.2,No,Rain,2.43,No
4188,A380,4.18,3.31,4.82,5.23,No,Fog,7.63,No
4189,B787,6.22,2.75,9.88,9.84,Yes,Clear,3.05,Yes
4190,B737,0.91,5.44,3.61,9.54,No,Thunderstorm,9.6,No
4191,A350,2.01,2.78,9.07,7.09,No,Thunderstorm,4.12,No
4192,A320,1.76,2.12,3.29,2.9,No,Thunderstorm,0.15,No
4193,A380,4.1,6.23,7.17,8.0,Yes,Fog,4.22,No
4194,A380,1.86,4.21,5.71,5.38,No,Snow,0.24,No
4195,A380,5.59,0.32,0.94,1.28,No,Fog,0.56,No
4196,A350,1.71,9.98,8.18,2.12,No,Rain,2.76,Yes
4197,A380,5.98,6.45,3.18,9.39,No,Rain,5.65,No
4198,A350,2.17,3.81,7.13,6.94,No,Snow,3.13,Yes
4199,A380,6.5,5.11,8.49,4.42,No,Snow,6.62,Yes
4200,B787,3.88,6.59,9.2,4.79,No,Snow,8.37,Yes
4201,A350,4.08,1.78,5.11,8.69,No,Clear,4.95,No
4202,B787,5.16,2.46,2.94,1.37,No,Rain,7.17,Yes
4203,A320,7.8,4.49,3.88,6.87,No,Rain,1.8,No
4204,A350,2.05,2.9,9.7,7.87,No,Thunderstorm,1.56,Yes
4205,A380,2.62,7.66,9.05,8.61,Yes,Clear,7.89,Yes
4206,A320,0.41,0.2,8.8,0.36,No,Snow,7.53,Yes
4207,B787,5.38,3.27,4.83,3.86,Yes,Fog,7.47,Yes
4208,A380,5.3,7.09,6.89,6.7,Yes,Clear,4.39,No
4209,A380,2.5,7.19,7.72,3.56,No,Thunderstorm,8.51,No
4210,A320,6.03,4.59,9.61,5.19,No,Fog,2.29,No
4211,A320,1.26,7.46,3.5,5.7,Yes,Rain,0.08,No
4212,B737,2.3,0.72,3.79,9.44,No,Fog,7.99,No
4213,B787,5.0,7.05,5.54,8.02,Yes,Rain,7.85,Yes
4214,A320,6.06,6.7,9.1,9.19,No,Snow,4.68,No
4215,B737,4.83,9.74,5.0,5.79,No,Snow,4.45,Yes
4216,B787,9.12,0.82,2.48,4.26,No,Snow,7.08,No
4217,A320,4.78,9.2,7.67,9.17,No,Clear,1.49,No
4218,A320,9.91,7.07,6.18,9.76,No,Clear,9.58,Yes
4219,A380,8.63,4.31,3.49,9.53,No,Fog,2.65,Yes
4220,B787,7.2,2.52,2.45,1.56,No,Thunderstorm,4.55,No
4221,A350,5.45,6.94,3.54,2.14,No,Clear,4.41,No
4222,B787,6.58,7.52,9.09,2.07,No,Rain,7.63,Yes
4223,B737,6.15,7.7,4.85,0.92,No,Thunderstorm,7.19,No
4224,B737,1.69,9.39,3.6,6.92,Yes,Rain,3.3,No
4225,B787,5.67,0.36,1.4,8.22,Yes,Thunderstorm,5.82,No
4226,B787,5.08,8.97,8.85,0.7,Yes,Snow,2.96,Yes
4227,A350,5.51,8.63,1.2,2.22,Yes,Rain,0.89,No
4228,B737,8.18,4.21,8.38,1.93,Yes,Fog,7.7,Yes
4229,A320,9.59,9.57,1.77,5.31,No,Rain,4.16,No
4230,A320,3.73,0.08,6.57,3.11,Yes,Clear,1.07,No
4231,B737,0.87,4.38,8.44,7.79,Yes,Clear,5.5,Yes
4232,A320,1.92,4.54,8.29,8.22,Yes,Thunderstorm,3.01,No
4233,A320,3.4,5.36,4.35,1.73,No,Fog,6.86,Yes
4234,A380,8.75,2.39,3.37,8.96,No,Fog,6.43,Yes
4235,A380,5.92,4.29,6.41,1.2,No,Snow,2.04,No
4236,A350,0.49,8.19,1.49,1.2,No,Fog,2.96,Yes
4237,B737,4.61,1.55,5.25,7.85,Yes,Thunderstorm,1.17,No
4238,A320,4.91,7.06,2.81,7.48,Yes,Thunderstorm,5.69,Yes
4239,A380,2.11,3.66,9.15,4.21,No,Rain,0.63,Yes
4240,A350,6.69,5.93,0.87,3.66,Yes,Fog,4.35,Yes
4241,B787,1.25,2.79,0.35,1.99,No,Fog,6.91,No
4242,A380,6.76,6.87,3.42,0.31,No,Clear,8.72,No
4243,A380,8.99,1.88,5.51,8.2,Yes,Clear,2.22,Yes
4244,B787,8.33,5.29,6.96,8.09,No,Snow,6.22,Yes
4245,B787,1.84,8.8,8.44,0.99,No,Fog,8.7,No
4246,A320,7.49,9.67,2.11,6.7,No,Clear,4.36,Yes
4247,B787,1.36,0.84,8.51,4.44,Yes,Rain,2.52,Yes
4248,A350,9.69,8.72,4.57,7.83,Yes,Snow,0.88,No
4249,A350,3.81,8.57,5.12,2.17,No,Rain,7.64,No
4250,A320,0.11,3.05,8.54,4.3,Yes,Snow,4.15,No
4251,A350,8.99,9.15,3.97,6.0,No,Rain,0.14,No
4252,B737,8.66,1.17,3.39,9.44,Yes,Rain,2.46,No
4253,A350,5.55,0.26,5.94,4.06,Yes,Thunderstorm,9.46,No
4254,A320,8.28,1.09,7.41,1.43,Yes,Fog,5.94,No
4255,A350,4.44,4.49,9.29,5.07,Yes,Snow,4.99,No
4256,B737,0.9,1.2,7.72,4.59,No,Fog,8.78,Yes
4257,B737,1.92,0.1,1.5,2.42,Yes,Rain,4.82,Yes
4258,B787,7.07,6.51,6.21,6.7,No,Thunderstorm,6.18,Yes
4259,A380,7.56,7.8,3.09,3.85,Yes,Thunderstorm,5.35,Yes
4260,B787,2.06,7.17,9.08,0.3,Yes,Snow,5.59,No
4261,A350,1.75,5.84,1.58,2.2,Yes,Clear,1.23,No
4262,A320,0.93,8.34,0.43,4.62,Yes,Snow,5.55,No
4263,A380,0.86,0.44,3.71,0.66,Yes,Clear,1.72,Yes
4264,A350,7.31,0.23,6.13,1.84,No,Fog,9.12,Yes
4265,B787,2.35,4.43,0.81,7.6,Yes,Snow,1.67,Yes
4266,A320,1.42,1.66,5.27,6.92,No,Rain,9.23,Yes
4267,A320,5.76,1.32,1.94,5.07,No,Fog,8.91,Yes
4268,A380,7.5,8.88,1.48,5.72,No,Snow,4.9,Yes
4269,A320,8.72,9.6,5.47,4.6,No,Fog,3.94,Yes
4270,A380,3.74,7.67,7.49,0.66,Yes,Fog,1.38,No
4271,B787,8.25,9.27,6.7,5.17,Yes,Clear,7.8,No
4272,A320,0.18,0.92,7.27,0.47,Yes,Clear,7.95,Yes
4273,A350,1.44,8.01,3.9,9.34,No,Clear,1.51,Yes
4274,A320,5.51,3.73,1.3,1.89,No,Thunderstorm,7.77,No
4275,A380,2.46,7.44,1.98,3.79,No,Clear,4.63,No
4276,A350,6.75,4.17,8.71,8.23,Yes,Thunderstorm,9.65,No
4277,A380,0.22,8.0,4.54,8.04,No,Rain,5.52,No
4278,A350,3.77,4.38,1.94,5.49,No,Fog,2.02,Yes
4279,B787,7.53,9.48,5.79,4.94,Yes,Fog,2.0,Yes
4280,A380,7.68,0.62,8.07,3.94,Yes,Rain,5.1,Yes
4281,A350,3.16,7.62,7.51,9.6,No,Thunderstorm,6.72,No
4282,B787,1.0,2.58,4.58,2.11,Yes,Rain,7.17,Yes
4283,B737,2.87,8.93,3.91,4.77,No,Thunderstorm,9.19,Yes
4284,A320,1.0,4.45,10.0,9.83,Yes,Thunderstorm,0.12,Yes
4285,A320,9.11,9.45,8.57,6.61,Yes,Fog,3.93,No
4286,A320,8.98,0.21,5.8,9.59,No,Snow,5.91,No
4287,B737,8.11,3.77,2.06,5.74,No,Clear,8.77,Yes
4288,A320,7.26,4.61,0.52,4.18,Yes,Snow,0.71,Yes
4289,A380,9.95,1.49,9.22,9.78,No,Thunderstorm,5.53,No
4290,B737,1.26,7.76,7.76,0.02,No,Clear,1.5,No
4291,A350,7.24,7.5,6.14,2.4,No,Clear,3.79,No
4292,B787,8.65,1.13,3.51,7.58,Yes,Rain,9.98,Yes
4293,A320,9.71,8.16,5.14,9.04,Yes,Fog,8.52,Yes
4294,A380,4.12,6.86,3.87,8.57,Yes,Snow,9.92,Yes
4295,A380,0.02,4.8,5.34,9.01,No,Snow,4.43,No
4296,A350,7.26,6.58,8.35,6.83,No,Fog,1.29,No
4297,A320,7.92,9.17,0.62,6.78,Yes,Snow,5.49,Yes
4298,A380,8.97,1.09,9.85,4.71,No,Rain,3.66,No
4299,B737,8.25,3.21,0.65,2.48,No,Rain,2.43,No
4300,B787,2.49,9.95,6.84,3.24,Yes,Snow,5.3,No
4301,B737,0.58,1.22,7.64,4.45,No,Fog,9.8,No
4302,A350,2.3,3.67,8.06,5.7,Yes,Fog,2.07,Yes
4303,B787,6.95,1.15,5.21,1.41,Yes,Rain,5.25,Yes
4304,B787,4.46,6.71,3.16,7.77,Yes,Thunderstorm,2.11,Yes
4305,A380,1.11,7.8,1.26,9.53,No,Snow,1.96,Yes
4306,B787,8.13,8.96,3.35,2.52,Yes,Rain,2.95,No
4307,B737,9.38,9.96,0.02,9.22,Yes,Fog,7.27,No
4308,B787,7.38,7.15,4.08,3.37,Yes,Clear,1.93,Yes
4309,A380,7.45,3.99,6.88,0.53,No,Snow,4.43,No
4310,A380,4.69,2.9,4.46,3.31,No,Clear,5.34,Yes
4311,B737,0.47,1.61,3.07,8.61,No,Fog,0.96,Yes
4312,B787,7.71,1.39,9.04,8.78,No,Thunderstorm,3.28,Yes
4313,B737,1.41,4.38,4.18,4.69,Yes,Thunderstorm,3.35,No
4314,A350,5.7,9.46,6.5,6.31,No,Thunderstorm,3.76,No
4315,A380,4.7,4.49,8.14,6.3,Yes,Snow,7.51,No
4316,A380,5.24,8.34,7.55,8.17,No,Thunderstorm,7.36,No
4317,B737,9.77,3.65,0.76,4.64,Yes,Fog,7.92,Yes
4318,A350,9.88,6.06,4.06,2.88,No,Clear,2.0,No
4319,A380,2.24,2.94,5.33,1.35,Yes,Snow,2.05,Yes
4320,A320,4.71,9.16,3.91,9.7,Yes,Clear,2.41,No
4321,A380,7.52,1.91,4.71,2.31,Yes,Thunderstorm,3.93,Yes
4322,B787,8.08,6.14,4.51,6.56,Yes,Rain,7.62,No
4323,B787,9.58,9.31,4.7,3.66,No,Rain,1.52,Yes
4324,A320,0.5,4.12,5.94,1.66,Yes,Clear,2.45,No
4325,A320,8.38,3.63,6.8,5.98,Yes,Snow,9.67,No
4326,A380,1.73,4.08,1.92,8.28,Yes,Fog,6.41,No
4327,A350,9.85,5.38,2.93,8.64,Yes,Snow,5.65,Yes
4328,A380,3.41,4.07,4.56,3.99,Yes,Rain,6.0,Yes
4329,B787,1.62,4.2,1.72,9.89,Yes,Fog,8.82,Yes
4330,B787,9.11,6.36,1.51,2.4,No,Snow,1.37,No
4331,B737,8.39,5.3,9.88,8.79,Yes,Fog,7.49,No
4332,B737,4.22,2.63,0.18,1.24,Yes,Snow,3.44,No
4333,A380,8.98,2.38,5.59,2.61,No,Snow,8.62,Yes
4334,B787,3.13,6.99,9.9,4.02,Yes,Fog,3.06,No
4335,A320,4.47,8.06,6.87,4.27,No,Rain,3.35,Yes
4336,A350,3.45,9.66,9.48,8.75,No,Fog,5.1,Yes
4337,B787,4.95,3.1,3.67,6.03,No,Thunderstorm,2.73,No
4338,A320,0.98,6.64,9.94,4.04,No,Fog,5.74,No
4339,A380,7.42,5.44,0.71,0.52,No,Clear,4.47,Yes
4340,A380,9.4,1.52,7.91,3.4,No,Fog,6.63,Yes
4341,B787,2.67,9.08,6.87,5.94,Yes,Rain,7.37,No
4342,B737,0.36,9.4,9.62,3.48,No,Rain,7.54,No
4343,A350,2.85,3.2,6.82,4.23,No,Thunderstorm,3.04,No
4344,A320,2.89,1.15,3.88,7.47,No,Thunderstorm,3.48,No
4345,A320,3.18,3.38,3.9,4.56,No,Thunderstorm,1.12,Yes
4346,B787,7.13,7.64,7.91,4.53,No,Snow,8.38,No
4347,A350,6.11,0.82,9.38,5.09,No,Rain,6.01,No
4348,A380,4.74,4.9,0.98,4.42,Yes,Rain,4.23,No
4349,B737,0.75,3.92,6.38,9.67,No,Fog,7.46,No
4350,A350,8.59,3.35,5.64,0.29,No,Clear,6.22,No
4351,A320,5.94,4.37,2.38,1.65,Yes,Clear,9.66,No
4352,B787,6.6,5.36,2.51,8.61,Yes,Fog,8.74,Yes
4353,A380,8.31,3.26,6.27,5.37,Yes,Snow,0.69,Yes
4354,A350,8.55,6.95,0.6,7.07,No,Clear,5.59,Yes
4355,A350,7.81,1.8,1.95,3.3,No,Fog,5.44,Yes
4356,B787,0.98,2.39,1.66,7.79,Yes,Rain,9.23,Yes
4357,B737,3.72,0.69,1.87,5.29,Yes,Rain,7.47,Yes
4358,A380,6.28,9.61,4.64,2.66,Yes,Snow,6.36,No
4359,B737,2.71,3.55,5.23,5.47,Yes,Clear,9.99,Yes
4360,A320,0.1,6.86,2.89,4.18,Yes,Rain,1.32,No
4361,B787,9.6,3.62,8.87,6.52,Yes,Thunderstorm,4.8,Yes
4362,A380,8.45,4.88,7.39,2.93,No,Thunderstorm,1.32,Yes
4363,B737,8.44,9.36,3.15,5.9,No,Rain,6.0,No
4364,B787,4.23,5.22,8.21,0.08,No,Clear,0.57,Yes
4365,A380,4.56,1.54,8.79,9.12,No,Clear,8.57,No
4366,A380,6.81,1.77,4.5,0.44,Yes,Snow,6.35,No
4367,B787,4.4,9.8,5.91,4.23,No,Clear,5.66,Yes
4368,B737,2.99,4.31,8.71,7.13,No,Thunderstorm,6.34,No
4369,B737,6.45,0.08,1.31,8.61,Yes,Fog,0.33,No
4370,B737,6.14,1.72,5.67,4.07,Yes,Fog,3.96,No
4371,A350,5.04,2.84,7.55,8.55,No,Snow,4.45,Yes
4372,A320,0.94,3.19,6.39,6.36,Yes,Rain,6.98,Yes
4373,A350,8.76,8.7,4.95,7.55,No,Rain,2.78,Yes
4374,B737,6.51,6.07,0.51,9.85,Yes,Thunderstorm,8.12,Yes
4375,A350,0.98,0.19,9.22,9.81,Yes,Thunderstorm,9.79,No
4376,A350,3.45,9.87,3.42,2.74,No,Fog,9.3,Yes
4377,A380,6.85,1.28,8.1,1.61,No,Rain,1.94,No
4378,B737,5.41,1.7,6.82,1.7,No,Snow,3.4,Yes
4379,A380,8.14,4.14,9.51,4.72,Yes,Clear,4.17,No
4380,B787,5.33,5.03,6.06,5.83,No,Clear,4.51,No
4381,B737,1.61,5.08,6.03,6.96,No,Thunderstorm,2.25,No
4382,A350,1.29,0.06,0.24,5.99,Yes,Rain,3.71,Yes
4383,A350,3.39,9.18,8.7,7.21,No,Thunderstorm,3.1,No
4384,A320,7.38,5.95,3.89,5.76,Yes,Rain,5.17,Yes
4385,B787,2.4,4.42,3.72,2.53,No,Fog,4.65,Yes
4386,B737,5.59,5.03,7.12,0.66,Yes,Snow,6.25,Yes
4387,A380,4.44,2.02,3.98,4.15,No,Rain,3.19,Yes
4388,A320,5.47,2.22,7.95,1.79,Yes,Fog,4.82,No
4389,B737,0.2,0.16,7.79,8.15,Yes,Clear,9.64,Yes
4390,A320,8.0,7.95,5.32,3.58,Yes,Clear,2.58,No
4391,B737,5.87,2.8,1.36,1.51,No,Rain,7.18,No
4392,A350,8.0,1.41,9.18,0.46,No,Fog,5.83,No
4393,A350,7.94,9.7,7.01,8.38,No,Clear,5.94,Yes
4394,B787,8.08,2.16,7.96,0.64,No,Snow,6.7,No
4395,B737,1.52,8.88,2.89,1.93,No,Snow,7.45,Yes
4396,A380,7.37,3.62,5.0,9.86,Yes,Fog,7.16,No
4397,A350,4.88,4.39,5.21,3.26,No,Fog,2.13,No
4398,A380,6.86,4.9,7.72,5.17,No,Thunderstorm,8.6,Yes
4399,A350,0.75,7.61,5.26,1.63,Yes,Fog,7.17,No
4400,A320,0.64,0.26,8.14,3.03,No,Rain,2.55,Yes
4401,B787,9.65,8.38,7.74,3.35,No,Clear,8.55,Yes
4402,B737,3.42,5.9,3.45,7.57,No,Rain,3.34,No
4403,B737,0.25,2.98,8.38,2.34,No,Thunderstorm,3.67,Yes
4404,B787,9.03,4.39,2.28,5.7,Yes,Fog,0.31,No
4405,A320,4.41,4.35,7.8,1.61,No,Snow,1.29,Yes
4406,B787,5.86,9.07,2.19,4.94,Yes,Snow,1.23,No
4407,A380,4.6,0.4,6.28,1.58,Yes,Snow,6.45,No
4408,A380,7.23,8.35,4.27,6.15,No,Snow,6.87,No
4409,A320,8.32,7.1,1.36,1.29,No,Thunderstorm,4.79,Yes
4410,B787,5.15,3.86,7.86,8.17,Yes,Rain,0.49,No
4411,A350,1.46,9.0,3.21,5.62,No,Rain,9.2,Yes
4412,B737,2.59,6.66,4.48,8.17,No,Thunderstorm,9.7,Yes
4413,A380,1.48,5.02,5.61,8.9,No,Fog,0.91,No
4414,B737,7.77,4.29,3.42,1.52,No,Snow,0.05,No
4415,A320,8.39,3.09,5.28,9.28,No,Clear,5.74,No
4416,A380,4.28,6.13,6.86,2.54,No,Fog,2.3,Yes
4417,A350,3.9,4.85,5.62,3.31,No,Snow,0.52,No
4418,B737,0.84,2.22,8.61,7.23,Yes,Snow,8.52,No
4419,B787,9.29,6.85,4.72,1.94,Yes,Thunderstorm,8.51,No
4420,A380,0.68,6.78,8.95,3.62,No,Rain,5.97,No
4421,A380,6.03,0.05,6.13,9.55,Yes,Rain,7.81,Yes
4422,B737,4.29,7.07,5.68,10.0,No,Clear,5.85,Yes
4423,A350,1.53,9.28,4.47,9.58,No,Snow,0.99,Yes
4424,B787,3.56,2.77,2.69,6.99,Yes,Clear,1.65,No
4425,B737,6.74,5.82,1.5,9.36,Yes,Fog,1.72,Yes
4426,A320,0.01,3.13,7.15,3.97,Yes,Thunderstorm,4.24,Yes
4427,B787,7.48,4.71,8.13,0.17,No,Fog,5.78,No
4428,A350,3.54,9.39,5.77,4.85,Yes,Rain,0.53,Yes
4429,B737,7.15,7.87,9.63,5.37,Yes,Fog,9.13,Yes
4430,A350,5.22,5.08,5.06,6.02,No,Rain,8.33,Yes
4431,A350,3.32,7.09,4.65,5.17,Yes,Snow,2.78,Yes
4432,A380,6.18,3.29,1.62,8.72,No,Fog,2.65,Yes
4433,B787,8.04,6.16,6.01,6.15,No,Thunderstorm,1.59,Yes
4434,B787,4.03,6.29,5.26,1.17,Yes,Fog,8.2,Yes
4435,B787,3.39,2.79,0.35,4.9,No,Fog,0.3,No
4436,A320,1.17,9.66,2.03,3.23,Yes,Thunderstorm,2.71,Yes
4437,A380,1.52,5.26,3.55,7.31,Yes,Snow,6.44,Yes
4438,B737,6.49,0.34,3.25,3.35,No,Fog,0.29,No
4439,B787,1.45,3.77,5.91,2.58,Yes,Snow,9.84,Yes
4440,A350,4.0,9.37,1.96,2.97,Yes,Fog,5.83,No
4441,B737,8.3,6.06,1.26,7.83,Yes,Clear,5.67,No
4442,A320,8.81,7.65,4.38,9.48,Yes,Snow,4.07,No
4443,A320,5.01,8.05,8.94,2.49,No,Rain,4.16,Yes
4444,A380,6.68,9.7,1.42,8.42,Yes,Fog,4.88,No
4445,A380,1.45,1.91,8.83,9.15,No,Clear,5.54,No
4446,B787,8.86,5.75,7.19,9.75,Yes,Clear,2.32,No
4447,B737,2.03,5.31,5.38,8.52,No,Clear,6.2,No
4448,B737,2.36,3.57,3.45,2.78,Yes,Rain,7.07,Yes
4449,A320,5.13,5.01,6.3,8.73,No,Fog,3.52,No
4450,A350,1.45,2.33,8.1,7.3,No,Thunderstorm,8.81,No
4451,A350,9.01,9.94,4.75,5.76,Yes,Fog,7.48,No
4452,B787,7.83,3.94,5.44,4.72,No,Clear,6.87,No
4453,A380,8.43,5.15,3.26,1.72,Yes,Thunderstorm,7.23,Yes
4454,A350,4.73,8.81,3.76,4.72,Yes,Thunderstorm,9.04,Yes
4455,B737,2.24,7.18,4.54,4.92,Yes,Clear,4.77,Yes
4456,B737,3.95,8.51,7.45,9.19,No,Rain,6.06,Yes
4457,B787,6.12,4.43,9.78,5.51,Yes,Rain,2.87,Yes
4458,B787,1.88,8.63,3.7,5.62,Yes,Fog,9.24,No
4459,A350,3.72,4.44,2.58,0.51,No,Fog,2.73,Yes
4460,B787,7.27,0.34,6.91,7.85,Yes,Fog,2.12,Yes
4461,B737,0.09,8.43,0.73,7.1,Yes,Thunderstorm,0.3,Yes
4462,B787,3.54,8.53,3.32,2.07,No,Clear,4.63,No
4463,A320,3.6,4.07,2.99,5.22,Yes,Clear,8.09,No
4464,A380,1.36,3.4,4.47,0.47,Yes,Rain,9.74,No
4465,A320,0.21,9.87,7.87,3.84,No,Fog,3.69,Yes
4466,B787,0.57,9.23,1.74,5.64,Yes,Thunderstorm,4.0,Yes
4467,A380,9.53,0.17,2.72,3.74,Yes,Fog,1.62,No
4468,A350,8.29,8.09,4.16,3.54,No,Thunderstorm,7.07,Yes
4469,A350,4.08,4.78,7.79,2.39,No,Clear,9.9,No
4470,A380,9.26,3.72,6.87,3.12,No,Thunderstorm,8.68,No
4471,B737,0.22,2.54,5.33,2.8,Yes,Fog,2.08,No
4472,A380,8.27,1.52,8.06,5.47,Yes,Snow,9.43,Yes
4473,A380,3.2,6.01,8.39,6.72,No,Rain,6.39,No
4474,B787,0.1,6.58,7.24,6.52,No,Clear,9.26,No
4475,A380,9.1,9.2,1.32,8.86,Yes,Fog,8.04,No
4476,A380,7.06,9.47,5.27,3.2,No,Rain,2.78,No
4477,B787,0.01,4.1,4.0,8.55,No,Fog,4.64,Yes
4478,B737,4.01,1.45,4.65,5.74,Yes,Snow,7.84,Yes
4479,A380,0.41,7.45,1.16,2.17,No,Fog,6.87,Yes
4480,A350,3.25,3.3,2.18,9.78,Yes,Fog,3.86,No
4481,A350,3.74,2.38,0.41,7.32,Yes,Snow,6.21,No
4482,A350,4.04,0.79,5.71,3.44,No,Fog,6.91,Yes
4483,A350,7.71,3.39,9.56,9.69,No,Clear,3.99,No
4484,B737,5.07,8.27,0.19,6.52,No,Thunderstorm,3.21,Yes
4485,A380,5.13,5.97,4.77,3.76,No,Snow,0.72,No
4486,B787,8.79,1.62,8.61,7.24,No,Thunderstorm,9.21,Yes
4487,B737,8.68,3.99,8.5,1.54,No,Snow,1.26,No
4488,A380,7.07,8.67,8.03,5.75,No,Clear,1.91,No
4489,B787,2.54,6.26,5.74,7.06,No,Thunderstorm,0.9,Yes
4490,A350,3.17,6.26,0.9,2.09,Yes,Thunderstorm,0.21,No
4491,A350,9.29,0.26,7.12,5.74,Yes,Fog,9.8,Yes
4492,B737,1.39,1.66,2.03,9.55,No,Clear,2.71,No
4493,A380,0.47,6.6,6.13,5.57,Yes,Snow,0.47,No
4494,A380,3.93,9.13,8.78,0.6,No,Rain,6.02,No
4495,A380,0.97,9.58,1.94,1.01,No,Fog,7.31,Yes
4496,A350,5.08,4.43,9.3,6.55,Yes,Rain,9.01,No
4497,A320,0.74,6.37,9.43,8.14,Yes,Snow,8.58,No
4498,A380,4.61,1.06,2.71,9.74,No,Fog,0.04,No
4499,B787,4.97,5.31,8.8,4.6,No,Fog,5.9,No
4500,B737,0.93,8.02,6.21,1.86,Yes,Clear,9.51,No
4501,A350,6.38,7.44,9.21,7.49,Yes,Clear,7.36,No
4502,B737,1.98,9.82,6.61,2.04,No,Snow,5.05,Yes
4503,A380,7.53,4.8,5.23,4.31,No,Snow,0.96,Yes
4504,B787,0.68,3.96,2.17,0.14,Yes,Thunderstorm,5.79,No
4505,A350,9.79,5.77,6.02,8.8,Yes,Rain,4.03,No
4506,B787,6.51,5.16,4.66,5.55,No,Fog,4.36,No
4507,A320,6.03,8.93,8.01,6.59,Yes,Rain,7.53,Yes
4508,B737,9.36,8.66,0.18,3.64,No,Rain,3.42,No
4509,B787,4.5,7.47,5.62,9.35,No,Thunderstorm,1.81,Yes
4510,B737,0.11,5.94,3.71,8.12,No,Clear,1.86,No
4511,A350,0.77,4.17,7.03,4.04,No,Rain,1.11,No
4512,B787,9.54,7.33,8.18,6.69,Yes,Fog,7.93,Yes
4513,B787,9.75,5.47,9.91,9.3,Yes,Rain,0.17,No
4514,B787,3.07,4.07,5.12,7.01,No,Rain,9.8,No
4515,B737,5.26,6.54,7.09,5.79,No,Fog,2.3,No
4516,A350,3.81,5.45,8.38,2.16,No,Rain,7.17,Yes
4517,A320,7.51,4.22,7.33,0.05,Yes,Thunderstorm,3.84,Yes
4518,A350,6.96,9.67,8.73,5.7,No,Clear,0.68,No
4519,A350,7.84,2.85,2.2,7.65,Yes,Thunderstorm,6.49,No
4520,B737,2.91,1.65,1.58,2.42,No,Clear,5.13,Yes
4521,A320,3.26,8.36,1.88,2.98,No,Snow,2.39,No
4522,A350,0.26,7.58,9.62,1.57,Yes,Clear,5.05,No
4523,B737,3.48,3.58,8.04,7.49,Yes,Snow,3.99,No
4524,A350,8.64,3.3,5.25,6.79,Yes,Snow,3.19,Yes
4525,A380,5.75,6.68,9.97,3.13,Yes,Rain,2.86,Yes
4526,A380,4.8,1.24,3.8,6.72,No,Rain,6.56,No
4527,B737,9.17,8.02,3.22,1.55,No,Snow,9.35,No
4528,A320,2.43,9.79,3.85,3.22,Yes,Clear,2.58,No
4529,A380,6.6,3.81,7.3,1.36,Yes,Snow,6.0,No
4530,A350,5.63,5.56,8.4,6.29,No,Rain,6.64,No
4531,B787,8.56,1.01,3.82,7.49,No,Fog,9.3,No
4532,B787,1.36,7.46,9.23,8.36,No,Thunderstorm,0.16,Yes
4533,A350,0.68,1.31,9.46,8.22,No,Rain,6.62,Yes
4534,A320,4.16,9.73,0.86,2.13,Yes,Fog,9.0,No
4535,B737,1.02,7.58,8.7,7.84,No,Fog,8.28,No
4536,B787,8.14,7.81,8.92,7.91,No,Clear,3.56,No
4537,A380,4.91,9.72,5.73,0.56,No,Fog,8.66,No
4538,B737,9.88,9.22,0.85,7.5,Yes,Thunderstorm,4.71,No
4539,A320,7.59,1.03,6.94,2.02,Yes,Fog,1.17,No
4540,A350,8.5,7.08,3.22,7.88,Yes,Snow,9.44,Yes
4541,A380,4.83,1.36,0.91,8.07,Yes,Fog,3.41,No
4542,A320,8.79,4.89,2.0,5.75,No,Thunderstorm,3.33,No
4543,A320,6.34,3.15,0.04,1.92,No,Snow,3.23,Yes
4544,B787,2.03,8.35,1.72,7.16,No,Clear,9.47,No
4545,B737,2.61,9.02,7.89,9.96,No,Thunderstorm,2.43,No
4546,A350,4.76,7.92,0.27,4.67,Yes,Fog,1.71,No
4547,A380,8.97,7.58,6.95,7.81,Yes,Rain,6.23,No
4548,A350,2.97,7.93,4.93,6.07,No,Rain,8.05,Yes
4549,A350,5.85,6.29,0.17,5.85,Yes,Thunderstorm,5.26,Yes
4550,A380,9.15,2.36,3.33,4.47,No,Clear,2.88,No
4551,A350,4.36,2.67,5.42,1.1,No,Thunderstorm,5.95,Yes
4552,A320,8.94,9.05,2.87,2.12,No,Thunderstorm,7.28,No
4553,A320,9.26,7.76,7.9,5.32,Yes,Clear,6.23,No
4554,A320,9.72,9.15,4.12,9.0,Yes,Clear,5.27,No
4555,A350,3.22,7.69,9.35,4.82,Yes,Rain,8.91,No
4556,A320,7.13,2.23,5.74,6.1,Yes,Thunderstorm,7.67,Yes
4557,A380,7.76,6.17,5.71,1.54,No,Snow,4.72,Yes
4558,A320,1.7,8.67,5.55,6.68,Yes,Rain,4.31,Yes
4559,B787,2.23,3.47,1.61,9.2,Yes,Fog,5.0,No
4560,A320,4.56,3.47,0.89,1.86,No,Clear,7.99,No
4561,A320,3.06,6.84,2.53,7.91,No,Snow,9.25,No
4562,A380,2.63,0.16,1.71,3.38,Yes,Thunderstorm,0.33,Yes
4563,A380,8.35,3.5,9.84,2.02,No,Thunderstorm,2.18,No
4564,A380,4.9,7.7,2.97,8.04,No,Fog,6.9,Yes
4565,A320,4.2,6.36,7.97,0.49,Yes,Snow,4.31,Yes
4566,A320,3.16,5.86,5.84,0.56,No,Rain,6.31,No
4567,B737,9.9,1.21,2.62,5.19,Yes,Clear,7.75,Yes
4568,A320,4.02,6.15,3.1,6.23,No,Thunderstorm,0.87,Yes
4569,B737,3.18,9.91,4.94,4.98,Yes,Clear,1.9,No
4570,A380,7.35,9.03,6.98,4.0,Yes,Thunderstorm,9.53,No
4571,A350,4.49,3.83,1.09,8.57,No,Thunderstorm,3.07,No
4572,B737,5.5,2.73,9.28,3.46,Yes,Rain,6.57,Yes
4573,A350,8.73,4.62,4.9,3.4,No,Rain,1.9,Yes
4574,A350,8.73,0.33,9.13,2.74,No,Fog,2.62,Yes
4575,A320,8.96,4.39,4.77,2.96,No,Clear,2.47,No
4576,B787,1.37,8.57,9.7,2.22,No,Thunderstorm,9.76,No
4577,A350,8.04,8.6,3.35,7.43,No,Rain,7.5,No
4578,A350,5.78,7.94,4.21,0.07,Yes,Fog,4.86,No
4579,A380,9.31,0.45,5.48,5.66,Yes,Thunderstorm,0.37,Yes
4580,A350,9.98,6.25,5.25,8.94,Yes,Fog,9.61,Yes
4581,A320,9.48,8.88,3.5,7.41,Yes,Clear,4.61,No
4582,A350,0.08,1.64,0.41,3.17,Yes,Fog,0.92,Yes
4583,B737,4.5,2.61,1.03,1.46,Yes,Clear,9.73,Yes
4584,A380,4.0,8.85,0.47,6.5,Yes,Clear,5.15,Yes
4585,A320,4.98,0.05,7.34,0.09,Yes,Clear,3.18,Yes
4586,B737,7.8,4.63,7.06,0.05,Yes,Thunderstorm,0.89,Yes
4587,A380,4.96,8.41,6.18,4.49,Yes,Snow,9.7,Yes
4588,A320,7.66,7.43,9.59,9.21,Yes,Fog,5.95,Yes
4589,A350,9.2,3.92,1.81,5.58,No,Fog,6.35,Yes
4590,A320,9.99,9.15,0.58,6.47,Yes,Fog,3.52,No
4591,B737,5.43,6.03,6.88,4.23,No,Thunderstorm,1.1,No
4592,B787,1.38,1.65,0.64,2.21,Yes,Rain,5.3,Yes
4593,A350,8.51,7.72,3.33,0.81,No,Snow,1.63,Yes
4594,A350,4.21,8.86,0.22,1.24,No,Clear,0.68,Yes
4595,A320,5.0,4.0,5.93,3.98,Yes,Snow,5.81,Yes
4596,A380,4.68,6.27,7.28,2.45,No,Thunderstorm,1.19,Yes
4597,B737,1.82,2.72,5.92,6.07,Yes,Clear,8.61,Yes
4598,B787,4.13,9.81,5.13,0.63,Yes,Snow,8.85,Yes
4599,A320,6.6,8.5,4.53,0.8,No,Clear,7.1,Yes
4600,A380,3.21,3.31,2.72,7.63,No,Clear,6.93,No
4601,A350,1.35,2.51,5.05,6.84,Yes,Snow,7.72,Yes
4602,A380,1.63,3.04,2.49,8.65,Yes,Fog,3.4,No
4603,A320,9.08,8.41,4.1,5.45,Yes,Clear,3.18,Yes
4604,A350,9.14,9.42,1.76,0.44,No,Clear,7.36,No
4605,B787,9.75,3.01,2.19,1.1,No,Rain,7.6,Yes
4606,A320,4.97,5.8,8.53,5.43,No,Thunderstorm,0.12,Yes
4607,A380,5.43,8.19,4.85,7.72,Yes,Thunderstorm,7.67,No
4608,B787,4.64,5.96,6.4,1.98,Yes,Snow,5.19,No
4609,B737,6.22,8.95,8.57,0.6,No,Clear,1.93,No
4610,A320,1.0,4.8,1.58,3.78,No,Rain,8.72,No
4611,A380,3.43,0.8,2.83,1.78,Yes,Thunderstorm,8.8,No
4612,A380,3.75,2.51,4.27,6.12,Yes,Rain,3.09,No
4613,A380,3.01,4.99,6.34,8.25,No,Rain,1.11,No
4614,A320,2.76,1.99,9.84,1.02,Yes,Thunderstorm,6.2,Yes
4615,B737,3.37,1.84,5.67,9.76,Yes,Fog,7.64,Yes
4616,B787,2.78,6.12,9.91,1.42,Yes,Rain,8.1,Yes
4617,A380,2.68,8.26,2.18,4.8,No,Clear,8.67,Yes
4618,A380,0.15,9.05,2.16,6.77,No,Rain,3.27,No
4619,B787,5.13,3.5,0.51,4.72,Yes,Rain,1.92,No
4620,B787,9.7,5.95,6.24,0.1,Yes,Snow,9.99,Yes
4621,A320,0.43,2.33,0.16,2.73,Yes,Rain,5.92,Yes
4622,B737,6.84,2.13,3.48,9.69,No,Snow,7.22,Yes
4623,A350,5.33,3.9,2.34,5.55,No,Thunderstorm,5.23,Yes
4624,A320,2.39,1.53,7.29,2.49,Yes,Fog,0.76,No
4625,A380,6.55,1.44,9.79,3.37,Yes,Fog,3.83,No
4626,B737,4.29,6.74,1.37,7.3,No,Thunderstorm,5.56,No
4627,B787,8.4,7.44,3.32,6.46,No,Fog,2.06,Yes
4628,A350,7.29,0.18,7.13,6.5,Yes,Snow,7.48,No
4629,B787,9.12,7.61,0.94,8.44,No,Clear,8.27,No
4630,B787,3.74,5.56,9.83,9.43,Yes,Clear,2.59,No
4631,B737,4.06,4.83,3.75,6.86,No,Rain,0.81,No
4632,B737,9.64,6.59,2.35,2.81,No,Thunderstorm,1.32,Yes
4633,B737,5.89,9.18,0.95,8.55,Yes,Rain,3.49,No
4634,A350,9.87,7.79,4.98,8.62,No,Fog,0.08,No
4635,A380,4.6,3.24,5.88,9.06,No,Clear,2.6,Yes
4636,A380,9.11,1.14,0.9,4.62,No,Snow,9.4,No
4637,A320,6.27,3.6,0.59,1.55,No,Clear,5.32,No
4638,A380,3.15,9.61,4.89,2.35,No,Thunderstorm,1.04,Yes
4639,A350,5.21,0.28,3.03,5.2,No,Rain,5.03,No
4640,A380,5.71,3.24,0.02,8.25,Yes,Snow,2.16,No
4641,A350,7.21,6.25,2.15,2.89,Yes,Fog,3.7,No
4642,B737,9.34,3.66,4.91,3.75,Yes,Snow,6.52,No
4643,B737,5.97,6.85,8.31,9.18,Yes,Fog,0.86,Yes
4644,B787,6.0,6.83,0.58,8.66,Yes,Snow,5.05,Yes
4645,B787,2.1,0.61,2.3,5.61,Yes,Fog,3.71,Yes
4646,B737,4.19,7.82,1.72,3.21,No,Fog,8.32,Yes
4647,A380,3.89,4.8,2.08,6.71,No,Snow,0.28,No
4648,B737,8.16,8.77,7.53,5.58,Yes,Fog,7.53,No
4649,B737,8.47,5.47,0.41,0.49,No,Clear,0.09,Yes
4650,B787,7.47,6.18,1.54,4.27,No,Thunderstorm,6.66,No
4651,B787,2.45,6.95,1.69,7.37,No,Rain,8.59,No
4652,B737,9.05,5.43,4.5,2.8,Yes,Snow,5.6,No
4653,B787,1.03,1.12,1.61,1.49,Yes,Fog,4.1,Yes
4654,A320,8.88,4.83,7.32,6.74,Yes,Thunderstorm,9.22,No
4655,A380,2.46,8.69,5.95,9.66,Yes,Snow,7.87,No
4656,B737,0.21,7.12,4.54,9.09,No,Fog,7.58,No
4657,B787,9.5,7.42,1.91,6.28,No,Fog,2.89,Yes
4658,A380,6.37,2.01,0.96,1.67,No,Fog,2.86,Yes
4659,B737,2.4,8.94,4.07,5.0,No,Thunderstorm,0.4,Yes
4660,B787,0.87,0.91,1.48,4.77,Yes,Snow,6.32,Yes
4661,B787,2.03,7.73,9.87,5.33,No,Clear,6.53,No
4662,A350,2.28,7.97,2.79,5.43,No,Fog,4.88,Yes
4663,A380,6.42,2.83,5.1,7.94,Yes,Snow,8.61,No
4664,B787,3.88,8.63,6.43,1.98,No,Rain,8.75,Yes
4665,B737,4.21,6.03,4.15,0.68,No,Fog,7.67,No
4666,A350,8.03,7.77,4.01,4.11,Yes,Fog,2.03,No
4667,A350,6.87,4.0,6.01,7.5,Yes,Clear,0.68,No
4668,B787,5.64,5.42,1.54,3.98,Yes,Fog,7.86,Yes
4669,B737,2.06,9.37,7.53,2.43,No,Rain,2.1,No
4670,B787,9.77,7.93,9.15,9.83,No,Thunderstorm,1.97,Yes
4671,A350,8.64,1.32,5.17,4.55,Yes,Clear,5.0,Yes
4672,B787,7.19,3.82,7.07,5.83,No,Clear,1.22,No
4673,B737,0.51,5.43,2.67,4.11,No,Fog,0.69,Yes
4674,A320,7.58,8.66,8.88,8.23,Yes,Snow,3.42,Yes
4675,A350,1.46,0.14,9.21,4.55,Yes,Thunderstorm,1.88,Yes
4676,A380,0.07,7.87,0.82,8.61,Yes,Clear,6.99,No
4677,A380,1.16,3.79,4.87,0.23,Yes,Snow,2.29,No
4678,B787,1.73,1.07,1.75,4.3,No,Clear,9.14,Yes
4679,A380,8.02,9.65,3.67,9.62,No,Snow,2.69,No
4680,A380,3.09,8.23,9.04,4.05,No,Clear,0.72,No
4681,A320,1.58,6.95,4.0,1.57,No,Snow,1.38,No
4682,B787,8.21,2.87,2.1,6.21,No,Rain,7.62,No
4683,A320,1.84,3.31,9.7,4.97,No,Clear,1.97,No
4684,A380,4.44,1.08,5.41,1.41,No,Rain,5.67,Yes
4685,A350,9.27,1.49,4.62,9.45,No,Snow,2.42,No
4686,A380,1.07,7.48,2.92,1.83,Yes,Snow,2.67,Yes
4687,A320,6.71,5.48,4.87,1.86,No,Fog,7.08,Yes
4688,A380,0.39,1.47,3.03,0.23,Yes,Clear,9.05,No
4689,A350,7.28,6.69,5.29,9.75,Yes,Snow,7.77,Yes
4690,B787,4.1,7.73,5.35,7.73,Yes,Thunderstorm,4.59,No
4691,B787,6.9,4.32,3.01,3.72,No,Fog,6.07,Yes
4692,A380,9.01,0.81,5.94,6.36,No,Rain,1.52,Yes
4693,B787,5.61,3.89,5.74,9.59,Yes,Clear,1.36,Yes
4694,A380,2.31,1.71,4.33,8.72,Yes,Rain,6.49,Yes
4695,A320,2.45,8.77,9.04,8.24,Yes,Thunderstorm,3.15,No
4696,A380,3.37,9.53,0.74,2.04,No,Rain,6.85,No
4697,A350,0.07,8.63,3.88,2.5,Yes,Thunderstorm,8.79,No
4698,A380,0.96,7.69,1.68,7.07,No,Clear,3.67,No
4699,B787,7.01,7.9,8.55,3.95,No,Clear,3.84,No
4700,A350,6.9,9.68,8.99,7.91,Yes,Thunderstorm,4.76,No
4701,A350,0.32,8.88,2.64,1.54,No,Snow,4.45,No
4702,A380,3.99,6.45,6.03,1.23,No,Rain,4.5,Yes
4703,A320,2.31,4.76,3.96,6.4,Yes,Clear,3.91,Yes
4704,B737,9.35,5.46,4.98,7.99,Yes,Clear,0.75,No
4705,A380,7.75,1.92,5.64,4.27,No,Snow,7.37,Yes
4706,A350,8.94,2.24,6.59,4.25,Yes,Clear,6.22,Yes
4707,B737,6.82,9.43,8.13,0.95,No,Clear,4.52,No
4708,B737,9.18,6.69,2.15,5.39,No,Fog,1.37,Yes
4709,B737,8.78,3.26,3.52,5.23,No,Clear,7.69,Yes
4710,B787,2.66,1.97,8.59,2.92,No,Thunderstorm,4.3,No
4711,A320,8.63,7.3,6.41,8.43,No,Thunderstorm,8.9,Yes
4712,A380,8.78,6.01,9.66,0.72,Yes,Rain,1.42,No
4713,A380,5.55,2.52,1.66,3.64,No,Rain,3.36,No
4714,A350,9.72,4.95,3.91,8.7,Yes,Snow,8.95,Yes
4715,A320,6.59,2.67,5.37,6.74,No,Snow,3.92,No
4716,B737,7.46,4.62,4.8,5.26,Yes,Snow,2.54,Yes
4717,A380,6.13,0.94,8.95,4.15,No,Clear,4.33,No
4718,A320,0.55,5.11,0.17,2.98,Yes,Fog,6.2,Yes
4719,B787,4.37,7.11,8.08,8.79,Yes,Clear,2.81,No
4720,B787,2.88,8.59,4.15,6.43,No,Clear,9.34,No
4721,B787,0.74,3.47,0.67,1.02,No,Rain,1.53,Yes
4722,A320,1.2,9.99,6.12,9.47,Yes,Fog,10.0,No
4723,A380,9.54,9.88,9.25,9.7,Yes,Rain,2.54,Yes
4724,B787,9.58,4.49,9.06,0.36,Yes,Thunderstorm,2.65,No
4725,B737,8.56,5.05,3.16,1.47,Yes,Thunderstorm,8.53,Yes
4726,A350,5.5,4.53,4.73,1.62,No,Rain,2.99,Yes
4727,B787,4.33,1.9,3.45,0.19,No,Clear,6.83,Yes
4728,A320,6.22,6.28,0.3,6.86,No,Rain,8.98,No
4729,A320,7.08,9.89,5.03,4.54,No,Snow,0.28,No
4730,B787,4.38,6.01,4.76,8.05,No,Snow,0.85,No
4731,A350,2.12,6.05,0.77,5.5,Yes,Thunderstorm,3.63,Yes
4732,A320,3.66,0.76,9.85,0.53,No,Fog,7.79,Yes
4733,B737,2.3,5.85,7.63,0.82,No,Thunderstorm,7.47,No
4734,B737,3.87,10.0,8.65,1.68,No,Rain,8.77,No
4735,B737,5.94,5.67,0.82,3.3,Yes,Clear,0.37,No
4736,A350,8.23,6.87,1.72,0.81,Yes,Snow,3.44,Yes
4737,A380,3.45,7.16,7.29,7.49,Yes,Thunderstorm,0.31,Yes
4738,B787,3.93,7.44,6.08,3.06,No,Thunderstorm,2.27,No
4739,B737,6.55,9.19,0.28,7.89,Yes,Clear,2.84,Yes
4740,A350,6.17,2.29,0.15,8.56,No,Thunderstorm,3.24,Yes
4741,B787,1.2,5.44,1.0,7.33,Yes,Thunderstorm,9.76,Yes
4742,B737,4.94,2.62,8.61,7.63,Yes,Rain,5.55,Yes
4743,A380,7.99,2.32,7.65,7.66,Yes,Snow,2.96,No
4744,B737,2.95,6.47,2.05,1.44,Yes,Rain,7.26,Yes
4745,B737,0.33,4.25,4.92,0.35,No,Thunderstorm,8.66,Yes
4746,A320,2.25,0.64,9.6,5.38,No,Thunderstorm,8.66,Yes
4747,A380,6.31,5.12,5.97,2.74,No,Rain,0.35,Yes
4748,B787,6.69,5.98,5.94,9.15,Yes,Rain,2.22,Yes
4749,B787,8.44,1.64,7.96,7.7,No,Snow,7.69,No
4750,B787,1.65,9.73,0.68,7.29,No,Thunderstorm,3.34,Yes
4751,A380,1.84,9.98,7.12,9.95,No,Fog,9.32,Yes
4752,B787,9.89,8.62,8.0,6.31,No,Fog,4.32,No
4753,A350,4.24,5.1,5.74,9.15,No,Fog,9.93,No
4754,A320,0.73,3.91,6.26,6.03,No,Rain,2.9,No
4755,A380,1.55,9.56,9.23,0.45,Yes,Rain,6.16,Yes
4756,B737,7.72,2.13,0.2,5.11,No,Thunderstorm,9.56,Yes
4757,A380,0.74,5.43,3.64,6.08,Yes,Thunderstorm,7.56,Yes
4758,A380,2.58,5.73,6.66,6.48,No,Thunderstorm,6.26,Yes
4759,B787,7.3,0.38,3.09,2.7,Yes,Clear,3.63,No
4760,B787,3.35,7.3,6.67,7.37,No,Fog,9.96,No
4761,B787,6.38,8.82,1.75,4.98,No,Fog,4.04,No
4762,A350,5.46,9.34,3.53,8.91,Yes,Snow,8.39,Yes
4763,A380,7.58,3.71,4.71,4.0,No,Rain,4.06,No
4764,B787,2.64,9.59,9.62,0.42,Yes,Clear,8.98,Yes
4765,B787,3.9,0.21,9.27,8.08,No,Thunderstorm,1.92,No
4766,B787,3.79,7.81,3.2,8.63,No,Clear,7.24,Yes
4767,A380,3.72,2.89,7.92,5.7,Yes,Snow,0.89,No
4768,B787,1.12,8.45,1.91,8.62,Yes,Snow,9.94,No
4769,B737,6.98,4.74,7.79,2.07,Yes,Snow,0.8,Yes
4770,A350,5.46,5.62,5.47,3.11,Yes,Rain,5.17,Yes
4771,B737,4.62,8.36,4.68,2.56,Yes,Rain,1.75,Yes
4772,A350,7.18,1.67,5.06,4.41,Yes,Rain,9.28,Yes
4773,B737,3.26,7.57,7.06,2.4,Yes,Snow,5.71,No
4774,B787,5.32,9.6,8.89,0.24,Yes,Rain,1.31,Yes
4775,B787,7.11,7.19,1.15,8.72,Yes,Thunderstorm,6.66,Yes
4776,B737,4.15,5.3,2.48,9.69,Yes,Rain,6.38,Yes
4777,B737,3.22,7.72,9.19,3.62,No,Rain,4.71,Yes
4778,A350,0.05,3.43,9.1,3.11,Yes,Fog,2.73,Yes
4779,B737,0.79,1.09,3.19,5.27,No,Clear,8.59,No
4780,A380,9.54,5.96,7.15,6.64,No,Thunderstorm,1.23,No
4781,A380,8.68,7.54,2.55,5.2,Yes,Clear,6.18,No
4782,A320,0.32,1.11,8.42,0.25,Yes,Fog,7.15,No
4783,A380,1.81,1.57,4.99,7.08,Yes,Rain,2.07,Yes
4784,A320,3.72,1.2,3.17,6.66,No,Snow,3.35,No
4785,A380,2.04,3.47,8.8,9.07,No,Fog,0.34,No
4786,B787,5.49,0.24,2.22,3.92,Yes,Thunderstorm,8.22,No
4787,B787,0.03,4.62,7.86,3.82,Yes,Fog,8.62,Yes
4788,B737,8.31,3.63,6.47,7.74,Yes,Fog,6.84,No
4789,A320,4.51,5.69,4.33,2.46,Yes,Clear,5.77,Yes
4790,B787,1.17,9.61,1.22,2.02,Yes,Snow,5.42,No
4791,B737,6.99,5.23,9.13,8.98,No,Fog,3.46,Yes
4792,A350,0.09,6.49,2.83,7.15,Yes,Snow,8.38,Yes
4793,B737,6.15,1.9,7.41,8.11,Yes,Snow,1.76,No
4794,A380,8.46,6.12,2.32,7.15,No,Fog,5.06,Yes
4795,A350,6.97,5.86,5.14,3.32,No,Thunderstorm,7.59,No
4796,A350,1.94,3.25,2.56,7.09,No,Clear,8.02,No
4797,A320,9.32,1.81,2.17,9.47,No,Fog,7.34,Yes
4798,B787,6.5,2.64,0.09,8.06,No,Snow,0.97,Yes
4799,A350,2.43,8.24,1.51,6.5,No,Thunderstorm,5.59,Yes
4800,A350,4.21,0.94,1.49,6.85,Yes,Snow,7.77,Yes
4801,B737,6.21,6.99,8.12,9.75,No,Rain,8.24,Yes
4802,A350,8.43,5.33,6.23,2.91,Yes,Rain,4.59,No
4803,B787,2.88,8.8,9.96,6.48,No,Clear,3.49,No
4804,B737,0.17,4.71,0.76,7.14,Yes,Rain,1.02,Yes
4805,A350,4.6,3.23,4.86,2.13,No,Fog,0.67,No
4806,B737,3.79,1.23,6.41,5.38,No,Fog,3.59,No
4807,A380,6.31,0.78,5.7,9.68,Yes,Fog,7.92,Yes
4808,B787,3.14,8.38,3.99,7.33,No,Thunderstorm,7.36,Yes
4809,A320,8.42,0.32,9.39,3.04,No,Fog,8.49,Yes
4810,A320,5.72,7.49,0.55,2.11,Yes,Fog,4.08,Yes
4811,A350,7.3,1.65,2.05,3.32,Yes,Rain,7.4,Yes
4812,A350,1.69,3.49,3.6,2.51,No,Thunderstorm,1.04,No
4813,A380,7.27,8.17,5.92,5.76,Yes,Fog,1.07,Yes
4814,A320,7.6,8.32,2.33,0.56,No,Thunderstorm,9.48,Yes
4815,B737,4.19,9.84,4.1,7.62,Yes,Fog,4.65,Yes
4816,B737,8.26,8.56,0.43,1.27,Yes,Thunderstorm,1.79,No
4817,A350,0.43,3.12,5.2,8.0,Yes,Thunderstorm,4.06,Yes
4818,A350,0.5,1.4,7.7,8.12,No,Rain,1.89,No
4819,B787,4.75,0.38,0.62,8.54,No,Snow,3.51,Yes
4820,B737,5.78,8.05,9.79,2.36,No,Fog,4.98,Yes
4821,B787,3.9,3.07,8.3,5.72,No,Thunderstorm,5.73,Yes
4822,A320,9.35,1.79,7.88,8.47,No,Clear,9.42,Yes
4823,B737,5.05,6.19,0.78,0.14,No,Clear,0.63,Yes
4824,A320,4.59,0.5,1.86,9.26,Yes,Fog,7.6,No
4825,A380,7.65,5.12,9.67,4.61,No,Rain,3.45,Yes
4826,A320,8.13,9.31,1.69,4.04,No,Rain,4.53,No
4827,A380,5.37,5.01,4.19,8.85,No,Fog,2.19,Yes
4828,B787,8.39,1.71,9.58,4.23,Yes,Snow,0.19,No
4829,B787,1.48,5.18,6.99,4.78,No,Rain,0.26,Yes
4830,A320,0.6,7.75,2.38,1.05,No,Rain,1.01,Yes
4831,A320,0.95,8.08,5.16,9.83,Yes,Clear,0.33,Yes
4832,A380,6.96,1.32,0.06,0.83,No,Thunderstorm,8.22,No
4833,A380,4.7,1.76,7.9,5.88,Yes,Clear,0.56,Yes
4834,B787,0.17,9.77,4.27,3.31,Yes,Thunderstorm,6.3,No
4835,A350,7.33,1.36,1.9,4.68,No,Fog,4.31,No
4836,A380,6.81,1.56,8.99,5.03,No,Thunderstorm,1.59,Yes
4837,A320,6.7,2.3,0.25,7.83,Yes,Snow,3.9,No
4838,A380,6.58,1.57,7.61,1.02,Yes,Clear,5.94,No
4839,B737,0.98,1.14,7.35,7.63,Yes,Rain,0.45,Yes
4840,B737,8.36,7.08,3.22,9.1,No,Rain,2.13,Yes
4841,A350,2.88,7.09,8.41,6.41,No,Snow,8.06,Yes
4842,A350,2.95,9.59,0.02,6.46,No,Thunderstorm,0.49,No
4843,B737,4.6,1.45,9.9,2.44,No,Snow,0.9,No
4844,A350,2.83,0.4,3.67,0.32,No,Fog,8.68,No
4845,A320,4.59,5.81,0.05,8.65,Yes,Snow,4.31,No
4846,B787,3.89,8.06,3.58,1.3,No,Snow,4.97,Yes
4847,A320,9.33,1.75,3.5,5.88,Yes,Clear,9.19,No
4848,A350,1.88,4.92,4.41,6.29,No,Snow,8.64,Yes
4849,A320,5.93,6.01,3.66,6.83,No,Clear,6.45,Yes
4850,A350,4.28,0.71,2.05,4.32,Yes,Rain,9.72,Yes
4851,B737,7.86,6.73,3.79,4.38,Yes,Rain,0.14,Yes
4852,A350,5.63,5.78,8.16,1.83,No,Clear,8.31,No
4853,B787,1.41,8.85,9.76,6.9,No,Snow,3.76,No
4854,A380,1.99,5.59,7.56,9.82,Yes,Clear,9.09,Yes
4855,A380,0.26,6.31,5.19,9.14,No,Thunderstorm,5.15,Yes
4856,B737,4.57,8.5,5.61,6.62,No,Snow,7.13,Yes
4857,B737,5.2,9.93,9.42,7.6,Yes,Clear,6.11,No
4858,A350,8.82,1.04,0.74,1.8,No,Fog,2.49,Yes
4859,A320,8.87,7.15,7.81,7.22,No,Snow,8.7,No
4860,B737,9.78,4.03,5.13,4.49,Yes,Thunderstorm,0.16,Yes
4861,B737,0.31,5.26,3.52,2.81,Yes,Thunderstorm,5.98,No
4862,B737,1.4,5.22,7.04,2.63,Yes,Fog,7.43,No
4863,B787,6.55,2.09,0.5,6.12,No,Thunderstorm,9.72,Yes
4864,A380,6.95,8.03,0.17,1.9,No,Fog,7.75,No
4865,A320,7.15,4.96,2.26,2.68,Yes,Rain,7.17,No
4866,A350,6.35,9.79,0.47,7.13,Yes,Fog,4.2,No
4867,A380,0.02,6.07,2.2,3.74,Yes,Fog,4.65,Yes
4868,A380,5.9,6.24,9.94,7.59,Yes,Fog,5.92,No
4869,B787,7.24,9.87,1.66,3.38,No,Thunderstorm,7.96,No
4870,A320,8.41,3.35,2.42,0.8,No,Thunderstorm,4.75,No
4871,A350,1.74,1.66,9.44,4.3,No,Thunderstorm,5.25,Yes
4872,B787,6.98,7.63,5.98,6.61,Yes,Fog,0.82,Yes
4873,B787,6.37,8.9,9.92,4.93,No,Thunderstorm,2.77,Yes
4874,A350,2.39,6.97,2.25,0.52,Yes,Fog,9.92,Yes
4875,A350,0.12,6.69,5.61,0.12,Yes,Clear,5.46,No
4876,B737,3.53,1.77,7.28,5.08,No,Thunderstorm,3.52,No
4877,A380,7.47,0.49,9.91,4.77,No,Snow,3.4,No
4878,B737,4.94,4.95,2.16,0.84,No,Rain,6.95,Yes
4879,A380,1.18,3.16,6.68,0.92,Yes,Snow,2.66,Yes
4880,A350,9.89,0.83,1.5,3.2,Yes,Snow,8.63,No
4881,A380,2.36,7.62,1.16,9.92,Yes,Rain,5.76,No
4882,A350,5.75,6.13,7.87,7.48,No,Fog,0.97,Yes
4883,A320,1.84,0.88,9.72,0.15,No,Thunderstorm,9.26,No
4884,A380,5.82,5.4,9.66,6.81,Yes,Fog,0.53,Yes
4885,A350,0.51,8.83,1.18,1.32,No,Rain,2.23,No
4886,A320,0.36,8.81,6.14,3.42,Yes,Clear,2.02,No
4887,B787,8.31,7.17,7.54,5.91,Yes,Clear,0.84,No
4888,B737,5.49,3.03,2.23,1.89,No,Clear,5.96,No
4889,B787,9.09,5.69,2.18,9.69,No,Snow,9.87,No
4890,A320,2.92,6.01,1.61,7.82,No,Fog,0.09,No
4891,A320,2.38,4.98,0.45,8.07,No,Thunderstorm,0.19,Yes
4892,A350,1.91,5.2,9.07,5.59,No,Thunderstorm,0.94,Yes
4893,A350,0.63,4.0,0.97,7.83,Yes,Rain,8.58,Yes
4894,B787,4.73,0.56,1.7,7.61,Yes,Rain,5.03,No
4895,A380,1.55,9.42,7.11,0.69,Yes,Clear,4.1,No
4896,A380,6.16,0.32,9.13,6.04,No,Thunderstorm,4.69,Yes
4897,A380,4.03,3.03,9.58,2.89,Yes,Thunderstorm,1.08,No
4898,A380,0.86,2.49,5.0,7.25,No,Fog,7.21,Yes
4899,A380,1.76,2.65,3.03,0.55,Yes,Snow,6.16,Yes
4900,A380,2.85,1.06,4.52,1.4,No,Clear,4.86,No
4901,A350,3.91,3.63,5.9,4.11,No,Thunderstorm,4.19,Yes
4902,A380,9.22,2.31,2.32,1.24,No,Fog,6.44,Yes
4903,B787,8.58,6.15,8.24,6.72,Yes,Clear,9.64,Yes
4904,B787,9.38,5.36,9.93,2.71,No,Fog,0.72,No
4905,B787,9.37,1.77,4.7,3.06,No,Thunderstorm,1.41,No
4906,A380,1.22,8.36,5.57,4.06,Yes,Fog,7.73,No
4907,B787,4.74,8.51,6.8,8.12,No,Snow,2.28,No
4908,A380,2.29,2.49,8.18,6.27,Yes,Fog,9.19,Yes
4909,B737,7.81,4.37,5.09,9.12,Yes,Thunderstorm,9.48,No
4910,A320,3.66,1.29,3.24,5.01,No,Thunderstorm,9.92,Yes
4911,B787,4.91,7.63,7.92,8.77,Yes,Rain,0.42,No
4912,B787,1.86,5.42,2.33,0.78,No,Rain,9.84,Yes
4913,A380,8.95,4.7,5.85,5.14,Yes,Thunderstorm,0.84,Yes
4914,A320,0.91,9.59,9.84,1.78,No,Clear,2.24,Yes
4915,A380,4.78,8.78,7.51,7.32,Yes,Snow,1.2,No
4916,B787,1.48,3.92,9.8,2.62,Yes,Fog,8.45,Yes
4917,A380,2.12,6.88,4.63,5.58,Yes,Fog,5.74,No
4918,A350,6.21,8.32,7.56,2.35,No,Snow,5.59,No
4919,A380,6.22,6.2,0.36,8.07,Yes,Thunderstorm,4.09,Yes
4920,A380,5.62,3.86,6.8,6.3,Yes,Fog,7.95,Yes
4921,A380,2.69,6.98,7.49,3.95,Yes,Rain,4.19,Yes
4922,A380,6.48,1.45,6.29,7.69,Yes,Fog,5.31,No
4923,A350,1.91,0.34,5.22,5.12,Yes,Rain,0.9,No
4924,A350,7.88,3.44,8.69,5.43,No,Snow,8.62,No
4925,B787,8.57,2.5,3.33,5.88,Yes,Thunderstorm,4.22,Yes
4926,A350,5.72,4.89,8.6,5.22,No,Rain,9.87,No
4927,B737,0.32,7.19,6.59,6.74,No,Fog,5.02,No
4928,B737,1.11,5.7,0.55,4.9,Yes,Thunderstorm,4.58,No
4929,A380,8.0,6.39,9.57,2.96,No,Snow,1.65,No
4930,A350,0.31,5.9,7.43,9.97,No,Fog,3.0,No
4931,B737,0.62,1.72,6.88,0.12,Yes,Rain,2.84,No
4932,B787,7.62,4.31,5.08,8.94,No,Fog,4.57,No
4933,B737,2.94,9.26,4.88,7.59,No,Clear,2.75,No
4934,A350,1.76,7.7,6.17,2.67,No,Rain,7.98,No
4935,A320,8.3,0.06,9.25,9.88,Yes,Thunderstorm,2.22,Yes
4936,A320,5.32,10.0,8.66,0.2,Yes,Thunderstorm,6.51,Yes
4937,A350,0.11,9.25,6.2,8.41,No,Thunderstorm,3.15,No
4938,A380,0.66,4.19,7.95,7.09,No,Rain,4.1,Yes
4939,B787,6.32,5.08,6.03,4.45,Yes,Rain,4.94,No
4940,A350,8.03,5.22,2.93,7.45,Yes,Rain,7.92,No
4941,A320,4.95,0.0,7.28,1.95,Yes,Clear,3.13,No
4942,A320,1.35,0.24,2.13,2.58,No,Thunderstorm,5.28,Yes
4943,A380,0.42,0.24,9.54,7.21,Yes,Thunderstorm,2.17,Yes
4944,A320,9.31,0.79,7.24,4.44,Yes,Clear,0.46,No
4945,A380,2.74,7.05,9.5,6.63,Yes,Thunderstorm,2.0,Yes
4946,B787,6.92,5.12,5.41,9.0,Yes,Fog,1.97,No
4947,B737,8.71,3.03,8.86,7.12,No,Clear,6.52,No
4948,A350,4.04,0.91,8.94,4.9,No,Snow,0.3,No
4949,B737,6.35,6.27,0.16,8.06,Yes,Rain,9.49,No
4950,A320,4.99,1.7,8.91,0.46,No,Clear,7.0,No
4951,A350,3.84,2.92,1.91,1.34,Yes,Thunderstorm,8.68,Yes
4952,A380,3.2,3.76,3.86,8.23,No,Snow,6.3,Yes
4953,B737,7.79,6.33,9.17,4.04,No,Clear,2.38,Yes
4954,A320,3.67,0.21,5.33,1.38,No,Clear,2.47,Yes
4955,A380,2.27,6.66,9.04,3.96,No,Fog,6.94,No
4956,B787,9.14,6.31,0.1,8.95,Yes,Thunderstorm,7.06,No
4957,B787,0.55,0.79,1.14,1.25,No,Fog,1.87,No
4958,B787,0.64,2.77,9.16,2.03,No,Thunderstorm,0.05,Yes
4959,B737,0.9,3.7,7.22,0.59,Yes,Rain,5.79,Yes
4960,A320,1.72,6.74,2.07,1.2,No,Fog,6.31,Yes
4961,B787,0.23,8.04,2.79,7.65,Yes,Thunderstorm,4.47,No
4962,B787,7.1,4.05,7.49,3.76,Yes,Thunderstorm,7.37,No
4963,B787,1.68,8.3,3.88,5.6,Yes,Thunderstorm,5.51,No
4964,B787,9.01,1.68,0.64,3.56,Yes,Snow,9.4,No
4965,A380,0.88,9.6,0.86,9.45,No,Fog,8.46,Yes
4966,A350,4.81,0.76,3.03,7.1,Yes,Fog,7.84,Yes
4967,A320,9.23,9.81,7.97,8.14,No,Thunderstorm,2.46,No
4968,A350,4.14,0.86,5.3,5.86,Yes,Snow,4.98,Yes
4969,A380,2.25,2.26,4.11,1.48,Yes,Snow,1.8,No
4970,A320,1.6,3.14,5.13,5.26,No,Rain,2.95,No
4971,A350,3.56,6.97,4.56,5.57,Yes,Fog,4.46,Yes
4972,A380,0.22,2.54,5.3,4.74,No,Clear,5.89,No
4973,B737,7.74,3.8,6.48,0.25,No,Rain,2.4,No
4974,A380,0.85,8.34,2.81,2.72,No,Snow,6.56,Yes
4975,A380,2.79,3.08,5.31,3.73,No,Rain,1.56,Yes
4976,B787,3.3,0.48,2.79,8.33,Yes,Clear,4.71,No
4977,A350,9.57,5.48,0.47,9.03,No,Thunderstorm,4.01,Yes
4978,B737,7.95,2.92,0.91,7.04,Yes,Rain,8.81,No
4979,A380,1.06,9.49,9.91,8.86,No,Clear,2.86,Yes
4980,B787,8.5,9.33,8.17,4.44,No,Rain,4.25,No
4981,B787,6.24,6.19,0.55,1.9,Yes,Snow,1.06,Yes
4982,A350,5.73,7.41,5.42,0.52,Yes,Clear,1.16,No
4983,A380,7.63,4.19,8.77,5.73,Yes,Clear,2.93,Yes
4984,A380,1.96,8.86,6.98,1.89,No,Clear,2.63,Yes
4985,A320,5.26,8.99,0.39,3.09,No,Snow,3.13,Yes
4986,B737,2.33,5.93,4.73,0.76,No,Fog,0.45,Yes
4987,A350,9.69,9.12,0.41,8.87,Yes,Fog,3.81,Yes
4988,B787,8.42,4.84,9.79,3.01,No,Clear,6.4,No
4989,A320,9.27,5.83,9.41,8.51,Yes,Thunderstorm,5.85,Yes
4990,A320,3.28,5.75,2.31,7.2,Yes,Fog,5.12,Yes
4991,A380,5.13,8.97,4.4,2.27,No,Thunderstorm,9.34,No
4992,A320,9.42,3.08,7.48,7.12,Yes,Snow,3.7,Yes
4993,A380,2.95,6.03,0.21,5.92,No,Snow,9.5,Yes
4994,B787,5.31,6.06,6.43,0.77,Yes,Snow,5.26,No
4995,B737,8.4,2.2,3.17,1.54,Yes,Snow,2.26,Yes
4996,B737,8.35,2.1,2.5,8.38,No,Clear,3.93,No
4997,B737,7.82,7.53,2.51,1.04,No,Rain,8.19,Yes
4998,B787,6.13,0.89,0.02,2.87,Yes,Thunderstorm,7.35,Yes
4999,A350,2.49,4.87,0.21,3.93,Yes,Snow,0.7,Yes
5000,B787,4.95,3.32,3.78,1.17,No,Fog,0.05,Yes
5001,A350,2.78,6.93,0.22,1.2,Yes,Clear,0.53,No
5002,A380,0.99,3.91,2.24,5.17,No,Fog,2.47,No
5003,A350,0.79,4.75,8.67,0.21,Yes,Thunderstorm,7.43,No
5004,A350,6.78,7.26,2.19,9.22,No,Snow,9.14,No
5005,A350,9.69,5.65,0.73,9.11,Yes,Fog,7.71,Yes
5006,B787,6.17,2.77,6.62,7.34,Yes,Rain,6.15,No
5007,A350,9.21,3.56,4.61,5.24,Yes,Clear,4.44,No
5008,A320,8.77,7.5,2.72,5.66,No,Clear,2.84,No
5009,A350,7.81,7.64,5.01,6.0,No,Clear,4.52,No
5010,A320,3.25,6.59,4.06,0.38,Yes,Fog,9.48,Yes
5011,A350,1.51,1.93,1.85,3.51,No,Rain,4.66,No
5012,B737,9.9,0.87,0.26,1.24,No,Thunderstorm,0.05,Yes
5013,A350,2.72,0.42,9.42,0.35,No,Thunderstorm,7.96,No
5014,B737,1.14,7.56,7.91,4.46,No,Rain,5.07,Yes
5015,B787,0.21,7.78,6.55,1.91,No,Rain,8.0,Yes
5016,A380,5.44,5.04,7.24,5.83,No,Rain,7.48,No
5017,A320,6.27,3.21,0.42,3.74,Yes,Thunderstorm,5.26,Yes
5018,A350,8.67,7.99,8.41,8.08,No,Fog,7.15,No
5019,A320,0.21,6.99,1.92,7.8,No,Clear,0.86,No
5020,A350,0.77,5.23,4.83,8.79,Yes,Thunderstorm,3.58,No
5021,B737,2.5,9.86,3.84,2.98,Yes,Fog,0.22,Yes
5022,B787,2.41,8.39,4.0,2.84,Yes,Fog,1.33,No
5023,B737,2.44,1.86,8.09,8.18,Yes,Snow,2.34,Yes
5024,A350,4.56,2.48,2.45,1.28,No,Fog,6.73,Yes
5025,A320,7.64,9.41,6.28,7.03,No,Fog,8.98,Yes
5026,A320,5.62,8.16,8.57,7.59,No,Snow,6.67,No
5027,B737,6.78,0.17,6.5,1.39,Yes,Snow,7.9,Yes
5028,A350,7.34,2.77,4.74,2.15,No,Clear,7.57,No
5029,A350,8.81,8.37,6.21,4.84,Yes,Clear,4.12,No
5030,A350,5.12,1.75,0.43,9.87,Yes,Rain,5.28,Yes
5031,A350,1.47,6.23,1.26,4.97,No,Rain,9.36,No
5032,A350,2.59,3.65,5.06,0.32,No,Clear,8.28,No
5033,B737,5.45,4.79,0.86,4.79,Yes,Rain,6.61,No
5034,A350,8.0,4.52,5.6,4.23,No,Fog,9.09,No
5035,B787,2.16,3.96,1.99,6.85,No,Clear,7.57,Yes
5036,B787,5.24,2.14,4.23,4.93,No,Thunderstorm,2.52,No
5037,A380,0.36,8.98,3.18,4.24,Yes,Thunderstorm,4.94,No
5038,A380,2.53,7.55,5.74,2.9,Yes,Thunderstorm,9.62,Yes
5039,A320,9.01,9.72,4.56,6.0,No,Rain,3.46,Yes
5040,B787,2.16,0.33,2.87,6.82,No,Snow,4.44,No
5041,B787,6.93,8.12,0.9,4.6,No,Snow,6.32,Yes
5042,B787,5.37,2.8,5.18,7.69,No,Snow,2.96,Yes
5043,A350,5.69,4.48,1.31,1.09,No,Thunderstorm,9.36,Yes
5044,B737,0.78,5.69,7.31,1.5,No,Fog,8.32,Yes
5045,B787,3.06,7.95,5.4,2.11,Yes,Fog,1.48,No
5046,B737,8.43,5.19,7.26,7.59,Yes,Thunderstorm,7.62,No
5047,A380,4.87,1.02,3.19,0.76,Yes,Thunderstorm,8.21,No
5048,B737,6.84,0.54,6.37,7.43,Yes,Snow,5.3,No
5049,A320,2.61,0.43,6.85,3.82,No,Rain,8.92,No
5050,A320,0.43,4.32,9.36,6.08,Yes,Rain,6.96,Yes
5051,A320,8.53,8.59,9.94,8.81,No,Thunderstorm,4.14,Yes
5052,B737,3.58,3.13,8.04,8.55,No,Fog,7.05,No
5053,A380,3.3,4.25,9.11,9.0,Yes,Rain,3.74,Yes
5054,A320,1.0,1.27,1.29,5.44,No,Thunderstorm,9.59,Yes
5055,A380,5.92,1.09,3.76,0.33,Yes,Fog,0.91,No
5056,B737,3.98,4.16,5.98,0.08,Yes,Snow,5.13,No
5057,B787,0.83,4.77,6.18,8.35,Yes,Rain,5.94,No
5058,A320,5.8,7.34,5.65,6.55,Yes,Rain,8.06,No
5059,A350,0.44,4.73,0.9,6.47,Yes,Fog,7.64,Yes
5060,A350,7.58,3.01,3.52,0.16,Yes,Fog,4.63,Yes
5061,A380,3.46,1.22,9.39,5.29,Yes,Snow,9.38,Yes
5062,A320,9.51,6.06,1.02,3.61,Yes,Clear,8.09,Yes
5063,A380,4.92,6.12,2.31,0.72,No,Fog,8.7,No
5064,B737,5.96,9.44,1.24,5.74,Yes,Clear,4.25,Yes
5065,B737,8.53,0.35,4.13,9.18,Yes,Rain,7.84,Yes
5066,A320,6.13,5.06,5.61,9.63,Yes,Fog,1.21,No
5067,B737,4.34,3.95,0.82,2.73,No,Thunderstorm,1.57,Yes
5068,A320,2.76,5.83,1.44,6.05,No,Fog,3.23,No
5069,A350,2.01,7.54,6.49,8.38,No,Rain,7.58,No
5070,A380,1.11,8.22,9.15,1.66,No,Snow,7.78,Yes
5071,A380,7.4,2.04,6.34,5.38,Yes,Fog,8.94,No
5072,A350,7.79,0.81,4.45,9.03,No,Fog,3.27,Yes
5073,A350,0.65,0.96,5.4,3.27,No,Rain,1.72,No
5074,B787,8.85,8.58,2.39,3.6,No,Fog,4.24,Yes
5075,A380,6.19,9.0,9.65,6.07,Yes,Snow,2.99,Yes
5076,B737,1.07,4.55,3.9,9.09,No,Clear,9.48,Yes
5077,A320,3.41,8.27,4.71,8.06,No,Clear,2.97,Yes
5078,A320,7.31,5.31,0.84,9.4,No,Fog,8.69,Yes
5079,A320,1.27,4.04,5.65,7.65,No,Thunderstorm,3.48,Yes
5080,A320,9.22,7.84,0.61,1.91,Yes,Thunderstorm,5.29,Yes
5081,A350,5.05,0.88,6.81,5.79,Yes,Clear,8.02,Yes
5082,A380,5.27,3.14,3.33,7.77,No,Rain,0.74,No
5083,A350,9.55,7.16,2.25,3.59,Yes,Fog,0.05,No
5084,B787,3.11,5.1,8.61,0.87,No,Snow,4.29,Yes
5085,A320,7.77,0.1,6.54,3.4,No,Rain,6.14,No
5086,A320,7.56,9.88,6.89,6.53,Yes,Clear,6.26,No
5087,B787,2.3,5.76,0.76,0.61,No,Fog,4.45,No
5088,B787,7.37,9.55,8.95,3.96,Yes,Rain,1.84,No
5089,A350,8.11,7.55,0.23,4.66,No,Thunderstorm,2.75,Yes
5090,A350,4.03,3.66,4.29,0.33,No,Rain,7.59,No
5091,B787,3.93,9.02,2.65,5.98,Yes,Snow,1.0,No
5092,B787,6.47,8.24,0.26,3.29,Yes,Fog,1.57,Yes
5093,B787,9.67,1.93,2.1,4.35,No,Fog,8.26,No
5094,B787,7.04,3.09,0.13,3.49,Yes,Fog,3.82,No
5095,A320,6.24,2.87,6.51,0.58,No,Thunderstorm,1.32,No
5096,A380,1.19,3.81,4.18,4.54,No,Clear,9.59,Yes
5097,B737,9.72,3.81,7.31,1.17,Yes,Rain,1.51,Yes
5098,A380,9.36,1.51,9.16,8.26,Yes,Rain,3.35,No
5099,A380,3.47,7.72,1.45,8.04,No,Fog,0.53,Yes
5100,A380,8.19,9.68,8.41,5.57,No,Thunderstorm,5.56,No
5101,B737,4.37,8.2,5.39,5.78,No,Thunderstorm,2.63,No
5102,A350,9.21,7.88,6.82,6.04,Yes,Snow,7.13,Yes
5103,B737,7.8,7.09,2.87,9.92,Yes,Thunderstorm,0.94,Yes
5104,A350,2.54,1.0,1.4,3.05,Yes,Clear,3.29,Yes
5105,B787,2.76,5.75,8.73,9.23,Yes,Snow,4.11,No
5106,B737,0.47,1.24,3.89,2.84,Yes,Clear,1.62,Yes
5107,A380,4.82,7.84,7.7,6.26,No,Thunderstorm,2.52,No
5108,A380,5.94,2.23,2.95,4.46,No,Fog,8.2,Yes
5109,A320,2.94,0.15,6.07,5.88,Yes,Thunderstorm,4.77,No
5110,A380,0.01,5.27,9.99,0.25,Yes,Thunderstorm,2.09,No
5111,A380,5.93,3.87,9.03,6.14,No,Fog,2.8,No
5112,A320,5.28,4.34,0.99,0.96,Yes,Snow,1.31,Yes
5113,A350,6.95,8.52,7.8,7.94,No,Clear,7.64,No
5114,A320,4.3,1.28,4.36,3.04,Yes,Fog,4.1,No
5115,B737,8.12,1.37,3.48,2.06,Yes,Clear,9.07,No
5116,B737,8.42,5.11,0.38,9.76,No,Rain,5.89,No
5117,A350,7.6,8.16,1.67,0.07,Yes,Fog,4.21,No
5118,A380,6.01,8.59,1.55,7.42,Yes,Fog,1.84,Yes
5119,A350,0.28,2.07,5.44,9.81,No,Clear,2.78,No
5120,A350,2.59,2.73,5.0,3.11,Yes,Clear,0.58,No
5121,A380,9.09,3.79,6.52,9.08,Yes,Rain,7.4,No
5122,B737,6.23,4.68,9.0,6.89,Yes,Clear,2.79,Yes
5123,B787,0.54,2.38,1.28,8.88,No,Clear,3.11,No
5124,A350,8.85,5.22,2.24,2.79,Yes,Snow,5.32,Yes
5125,B737,7.04,2.65,7.9,8.55,Yes,Fog,9.37,No
5126,B787,4.97,7.73,3.72,5.27,Yes,Thunderstorm,7.12,Yes
5127,A380,5.73,2.26,5.16,5.77,Yes,Rain,7.83,No
5128,A350,9.91,2.02,5.81,0.99,No,Thunderstorm,9.86,Yes
5129,B787,6.54,7.35,6.58,1.57,Yes,Snow,0.44,No
5130,B737,5.07,9.42,4.45,3.24,Yes,Thunderstorm,5.45,Yes
5131,A350,2.2,3.89,3.73,8.4,Yes,Rain,2.98,Yes
5132,A380,7.1,0.44,2.81,1.43,No,Clear,9.02,No
5133,A320,8.79,2.29,8.54,8.88,Yes,Clear,4.03,Yes
5134,B737,9.34,3.79,4.76,2.57,No,Clear,9.17,Yes
5135,B787,3.02,7.2,8.57,7.82,No,Fog,9.86,Yes
5136,B787,6.4,0.51,1.24,2.67,No,Clear,9.1,No
5137,A380,6.64,4.45,4.66,5.48,No,Rain,1.31,Yes
5138,B787,8.72,7.27,3.47,0.87,No,Clear,0.37,Yes
5139,B737,0.74,3.79,8.56,8.94,No,Thunderstorm,4.29,Yes
5140,A320,1.86,8.27,1.29,3.45,No,Clear,9.96,Yes
5141,A350,7.02,2.4,0.22,9.06,No,Rain,1.29,No
5142,A380,8.62,7.59,9.89,6.47,Yes,Rain,4.23,Yes
5143,A350,1.19,3.08,6.03,6.0,Yes,Snow,6.74,Yes
5144,B737,6.03,6.1,0.9,4.84,No,Thunderstorm,6.96,Yes
5145,A380,5.58,4.99,9.05,2.21,No,Rain,6.89,No
5146,B787,9.8,8.98,2.7,6.55,No,Fog,2.27,Yes
5147,B787,3.92,5.46,2.6,1.02,No,Fog,6.72,Yes
5148,A320,0.1,6.54,1.68,3.68,No,Snow,0.39,Yes
5149,A350,0.71,1.89,6.49,6.9,Yes,Rain,1.46,No
5150,A380,4.31,5.8,9.26,2.35,No,Thunderstorm,5.96,No
5151,A350,0.46,5.88,3.68,3.3,No,Snow,9.63,No
5152,A350,8.48,7.92,5.45,8.81,Yes,Thunderstorm,0.7,Yes
5153,B787,8.97,0.16,6.51,6.57,Yes,Thunderstorm,1.99,No
5154,B787,3.72,1.49,3.39,2.95,No,Snow,4.68,Yes
5155,A380,3.64,2.9,6.39,5.18,Yes,Thunderstorm,7.9,Yes
5156,A380,5.19,4.18,0.33,2.04,No,Clear,5.83,Yes
5157,A350,3.22,3.8,1.71,1.7,Yes,Rain,2.28,No
5158,A380,1.02,1.34,4.08,4.38,No,Fog,2.21,Yes
5159,B737,7.17,0.95,1.84,3.64,No,Clear,4.79,Yes
5160,A320,4.42,1.91,6.23,7.3,No,Snow,0.72,Yes
5161,A380,1.78,7.99,0.29,3.44,Yes,Clear,7.38,No
5162,B737,3.86,6.03,6.03,7.39,No,Thunderstorm,2.29,No
5163,A320,3.01,8.1,2.24,1.31,Yes,Rain,9.16,No
5164,A380,2.68,9.6,5.47,3.48,Yes,Clear,1.81,No
5165,B737,6.17,2.87,1.1,5.57,No,Rain,5.28,No
5166,A350,7.3,8.8,8.83,7.15,Yes,Snow,1.12,No
5167,A380,6.39,5.63,8.77,5.65,No,Rain,6.63,Yes
5168,B737,5.86,0.26,0.35,9.51,Yes,Rain,1.25,Yes
5169,A350,0.13,7.26,6.14,1.76,Yes,Fog,2.8,Yes
5170,A350,5.5,4.51,7.05,1.48,No,Thunderstorm,8.7,No
5171,A350,9.18,1.1,2.78,2.42,No,Snow,6.69,No
5172,A320,4.83,8.44,2.36,3.54,Yes,Snow,7.01,Yes
5173,A380,0.21,0.94,7.79,7.16,Yes,Thunderstorm,9.86,No
5174,A380,8.59,2.72,7.57,7.3,No,Rain,1.5,Yes
5175,A350,4.56,0.32,8.38,9.42,No,Snow,6.55,No
5176,A350,4.28,7.12,0.3,8.76,No,Fog,7.94,Yes
5177,A350,4.27,5.33,2.97,8.12,Yes,Clear,3.49,No
5178,B737,2.79,3.34,4.14,4.08,No,Clear,9.44,No
5179,A320,5.55,6.76,3.57,9.95,No,Clear,9.19,No
5180,B737,8.6,8.55,1.37,5.81,No,Fog,7.85,No
5181,A350,2.15,1.89,9.18,2.0,No,Rain,3.84,No
5182,B737,2.05,1.71,5.5,2.58,No,Snow,7.05,Yes
5183,A380,0.76,3.35,4.32,7.8,Yes,Clear,9.42,Yes
5184,A380,4.51,7.41,5.77,1.03,No,Fog,1.84,Yes
5185,B737,2.97,8.06,9.87,6.17,No,Clear,8.63,No
5186,A350,3.86,3.24,5.02,8.43,Yes,Clear,2.42,Yes
5187,A380,4.51,2.7,7.8,4.4,Yes,Snow,4.67,Yes
5188,B737,3.39,6.55,9.29,8.87,No,Snow,2.85,No
5189,A350,1.72,3.44,9.71,1.42,No,Thunderstorm,6.56,No
5190,B787,6.67,7.74,4.88,8.09,Yes,Thunderstorm,3.81,No
5191,A350,4.57,8.82,7.89,8.99,Yes,Thunderstorm,2.88,Yes
5192,B787,1.63,1.22,1.3,7.52,Yes,Rain,3.7,Yes
5193,B787,7.37,4.78,6.33,9.39,No,Clear,1.32,Yes
5194,B787,0.08,6.11,7.34,8.95,No,Rain,3.48,No
5195,A320,9.32,1.33,4.5,9.34,Yes,Snow,5.08,Yes
5196,A380,3.96,3.45,3.92,7.62,Yes,Clear,2.85,No
5197,B787,9.24,9.48,0.27,8.42,Yes,Rain,1.51,No
5198,A320,3.59,3.98,2.93,5.66,No,Thunderstorm,9.91,Yes
5199,B787,3.18,2.63,0.05,4.54,Yes,Rain,0.28,No
5200,A350,5.77,3.46,5.06,4.74,No,Fog,3.66,Yes
5201,B737,4.82,1.6,9.26,1.17,No,Snow,8.99,No
5202,B787,0.94,3.35,1.25,8.35,No,Thunderstorm,5.63,Yes
5203,B737,1.62,9.37,7.88,0.98,Yes,Clear,5.64,No
5204,A350,6.02,8.92,0.11,8.16,No,Clear,1.2,Yes
5205,A350,9.46,5.21,7.2,3.95,No,Clear,3.21,No
5206,A380,5.31,1.6,6.32,2.35,Yes,Rain,2.69,Yes
5207,B737,6.74,8.78,3.47,0.89,No,Thunderstorm,7.8,No
5208,A380,0.92,0.25,7.09,8.23,No,Snow,5.52,No
5209,A380,6.84,7.9,6.37,1.85,No,Snow,7.92,No
5210,A350,6.01,6.55,0.25,1.83,Yes,Snow,1.66,No
5211,A320,2.49,8.3,0.37,1.91,Yes,Rain,5.3,Yes
5212,A350,7.53,1.82,4.23,6.55,No,Fog,6.2,Yes
5213,A380,5.66,7.54,5.72,8.86,No,Rain,0.16,No
5214,A320,9.14,0.72,4.93,0.01,Yes,Rain,9.58,No
5215,A350,6.51,1.45,9.61,0.12,No,Rain,7.57,Yes
5216,A350,7.99,1.58,1.62,8.32,No,Clear,9.54,No
5217,A380,2.36,8.96,8.35,5.14,Yes,Snow,2.27,No
5218,A320,3.69,5.56,5.27,7.63,No,Thunderstorm,0.6,No
5219,A380,6.38,6.78,8.85,1.3,No,Rain,1.25,Yes
5220,B787,6.24,5.57,9.95,5.55,No,Rain,9.56,No
5221,A380,9.13,5.76,2.61,5.84,No,Fog,5.12,Yes
5222,A350,7.11,3.45,3.54,1.97,Yes,Thunderstorm,3.42,Yes
5223,A380,3.46,2.45,8.32,4.53,No,Clear,6.96,No
5224,A380,8.92,6.51,5.67,1.06,Yes,Clear,6.05,No
5225,A350,6.84,2.1,4.11,4.79,No,Fog,6.39,Yes
5226,A320,3.6,8.62,4.46,6.93,Yes,Fog,6.22,No
5227,B787,2.59,0.95,7.8,5.89,Yes,Fog,5.74,Yes
5228,A350,5.57,0.46,4.15,6.31,Yes,Clear,2.62,No
5229,A320,0.38,0.78,2.71,4.5,No,Thunderstorm,5.36,No
5230,A350,1.74,7.21,7.17,2.21,Yes,Clear,8.3,No
5231,B737,0.31,6.08,1.69,4.09,Yes,Snow,6.19,Yes
5232,B787,8.96,6.67,4.29,4.84,No,Thunderstorm,0.35,No
5233,B787,6.52,6.44,5.7,4.33,Yes,Snow,4.02,Yes
5234,A380,9.24,6.08,4.55,2.48,No,Fog,7.93,No
5235,B737,5.76,0.74,4.57,1.07,No,Rain,0.01,Yes
5236,B787,9.68,1.81,1.14,1.91,No,Clear,0.9,No
5237,B787,4.85,1.97,4.36,5.59,Yes,Fog,2.0,Yes
5238,B737,2.26,8.54,5.34,8.21,No,Clear,6.16,No
5239,B737,3.27,1.77,6.85,7.41,Yes,Fog,6.54,No
5240,A380,4.94,6.99,5.77,0.58,Yes,Rain,1.94,No
5241,A380,1.19,8.62,5.9,3.53,No,Rain,5.2,Yes
5242,B787,7.93,8.11,2.41,4.71,No,Rain,0.69,No
5243,A380,0.19,6.81,3.28,2.88,No,Snow,0.74,No
5244,A380,4.04,1.11,3.11,1.22,Yes,Fog,9.86,No
5245,A350,8.42,8.25,4.66,2.29,No,Fog,9.14,Yes
5246,A350,0.62,8.58,6.01,2.84,Yes,Thunderstorm,5.69,Yes
5247,B737,4.86,1.08,3.59,3.17,Yes,Snow,1.69,Yes
5248,B787,7.81,1.33,0.52,6.7,No,Thunderstorm,0.26,Yes
5249,B787,5.95,2.12,6.2,5.53,Yes,Snow,7.46,Yes
5250,B787,7.36,9.93,8.84,3.63,No,Thunderstorm,7.43,Yes
5251,B787,3.48,3.5,3.06,0.45,No,Fog,9.57,No
5252,A350,7.66,0.58,6.74,3.42,Yes,Clear,0.52,No
5253,B737,4.76,1.95,8.84,4.11,No,Fog,2.56,No
5254,B787,0.62,9.11,9.28,6.49,No,Snow,0.7,Yes
5255,A350,4.74,4.78,8.36,7.13,No,Fog,9.94,Yes
5256,B787,5.41,0.88,2.72,7.88,Yes,Clear,4.23,No
5257,B737,6.51,6.65,5.89,1.76,Yes,Thunderstorm,4.95,No
5258,B737,0.31,3.21,4.3,5.18,Yes,Clear,2.14,No
5259,A380,6.65,8.97,2.06,7.23,Yes,Thunderstorm,8.91,Yes
5260,A380,8.86,7.51,6.73,0.91,No,Clear,1.87,No
5261,A350,6.86,1.25,1.31,0.34,No,Fog,0.85,Yes
5262,A380,3.09,4.98,2.45,8.22,Yes,Snow,5.22,No
5263,B787,0.22,4.56,7.13,1.65,Yes,Clear,5.96,Yes
5264,A320,5.53,9.78,2.51,5.51,No,Clear,8.58,Yes
5265,A320,5.65,3.22,4.33,7.58,No,Rain,1.37,Yes
5266,A380,5.43,6.29,9.2,7.12,No,Clear,9.6,No
5267,A380,2.59,8.79,9.32,8.01,No,Fog,7.15,No
5268,A320,3.35,9.87,7.71,9.27,No,Thunderstorm,9.3,No
5269,B737,1.68,1.04,4.92,1.65,Yes,Rain,7.22,No
5270,B787,7.28,4.05,0.21,7.57,Yes,Thunderstorm,5.12,Yes
5271,A380,6.22,7.64,7.74,4.2,Yes,Snow,3.95,No
5272,A320,2.39,1.32,9.26,4.85,Yes,Snow,7.65,No
5273,B787,4.71,4.83,4.24,8.45,No,Fog,4.93,Yes
5274,B787,6.25,5.18,6.55,8.84,No,Thunderstorm,6.1,No
5275,A350,4.3,9.08,8.66,0.17,No,Snow,0.55,No
5276,A320,2.45,5.1,3.0,3.92,Yes,Rain,7.17,No
5277,A320,6.24,9.19,7.17,1.02,No,Thunderstorm,2.32,No
5278,B787,7.04,6.08,9.81,7.79,No,Snow,3.6,No
5279,B737,8.87,5.25,7.09,2.55,No,Thunderstorm,9.7,No
5280,A320,2.81,8.76,3.0,9.69,No,Clear,8.24,No
5281,B787,8.68,6.86,6.1,5.19,No,Rain,2.28,No
5282,A350,4.52,9.35,1.5,6.57,No,Fog,3.43,Yes
5283,A350,4.41,6.15,7.85,1.03,No,Fog,7.93,No
5284,B787,7.12,5.1,4.95,9.01,No,Fog,5.19,Yes
5285,B787,5.65,2.39,0.93,7.09,Yes,Clear,1.84,Yes
5286,B737,0.53,7.25,1.95,5.97,Yes,Thunderstorm,5.52,No
5287,B787,1.07,4.53,1.05,1.78,No,Snow,6.78,Yes
5288,A350,2.18,5.12,2.54,6.59,No,Rain,2.54,No
5289,A350,1.12,8.28,4.99,8.28,Yes,Clear,8.59,Yes
5290,A350,9.93,0.33,6.67,4.86,Yes,Snow,3.45,Yes
5291,A380,8.23,6.92,5.24,9.37,No,Clear,0.53,No
5292,A380,9.2,8.76,9.41,9.66,No,Thunderstorm,7.59,No
5293,A380,8.59,0.44,4.28,6.7,No,Rain,1.5,No
5294,A320,1.44,8.8,2.2,9.28,No,Clear,6.87,No
5295,A350,7.47,1.89,7.14,2.9,Yes,Fog,0.11,Yes
5296,A320,2.36,0.5,3.29,6.0,Yes,Clear,1.28,No
5297,B737,9.98,5.78,1.95,3.07,Yes,Clear,2.05,Yes
5298,A320,3.94,1.54,2.05,7.48,Yes,Fog,6.42,No
5299,A320,5.27,5.97,5.3,9.81,No,Clear,2.17,No
5300,A380,9.6,1.0,5.98,0.44,Yes,Rain,0.44,Yes
5301,B787,0.17,1.17,0.13,2.08,No,Thunderstorm,6.94,No
5302,B787,8.12,2.25,5.02,7.62,Yes,Thunderstorm,0.51,Yes
5303,A320,9.14,8.95,0.26,7.02,Yes,Clear,8.99,Yes
5304,B737,8.96,7.68,5.23,4.34,Yes,Fog,3.4,Yes
5305,A350,4.01,1.91,2.33,4.56,Yes,Rain,8.49,Yes
5306,A350,5.53,1.33,5.45,0.7,Yes,Snow,9.82,Yes
5307,A380,7.84,0.92,6.34,4.32,Yes,Fog,8.38,Yes
5308,A320,2.24,6.44,8.99,9.14,No,Rain,1.19,Yes
5309,B737,7.69,9.94,3.26,2.42,No,Fog,7.83,Yes
5310,A380,8.05,2.84,4.95,2.25,Yes,Clear,7.7,Yes
5311,A320,6.77,0.41,5.0,2.76,No,Clear,7.12,Yes
5312,B737,0.65,8.04,4.46,4.06,Yes,Snow,3.67,No
5313,A380,6.62,1.14,0.94,0.29,No,Snow,4.7,Yes
5314,B787,9.47,7.39,5.37,9.51,No,Snow,8.78,Yes
5315,B737,7.12,6.04,7.78,8.24,Yes,Clear,2.07,Yes
5316,B787,7.0,7.95,4.99,3.93,No,Clear,6.68,Yes
5317,A380,2.93,5.1,4.77,0.84,Yes,Snow,4.82,Yes
5318,A380,1.26,2.32,6.17,2.44,No,Snow,4.73,No
5319,A380,2.18,8.95,5.77,8.15,Yes,Clear,5.31,Yes
5320,A350,8.95,0.9,7.03,0.53,No,Fog,7.62,No
5321,B787,0.39,5.72,9.74,8.97,No,Thunderstorm,1.06,Yes
5322,A320,9.05,5.78,5.96,9.63,No,Snow,9.56,Yes
5323,A380,8.6,9.53,4.78,4.55,Yes,Thunderstorm,4.6,No
5324,B737,8.51,0.59,9.22,0.52,No,Fog,4.18,Yes
5325,B737,5.12,8.22,7.93,1.6,No,Fog,0.91,No
5326,B787,6.01,2.11,6.83,9.27,No,Rain,3.36,Yes
5327,A320,1.93,8.64,7.63,5.78,Yes,Snow,3.33,No
5328,B737,5.39,4.6,8.59,7.67,No,Rain,7.72,No
5329,A320,4.8,9.86,3.45,8.64,Yes,Thunderstorm,7.69,Yes
5330,A350,2.09,4.7,8.45,0.7,Yes,Fog,7.67,No
5331,B737,9.83,3.15,6.65,8.07,No,Thunderstorm,5.41,Yes
5332,A320,7.61,3.64,3.52,7.06,Yes,Fog,9.97,No
5333,A320,0.74,9.78,10.0,4.33,No,Thunderstorm,8.43,Yes
5334,A350,1.13,2.25,4.58,2.28,Yes,Clear,8.46,No
5335,B787,5.47,7.89,6.87,1.46,No,Fog,5.66,Yes
5336,B737,1.19,1.09,5.22,2.32,Yes,Fog,0.86,No
5337,A320,8.24,8.03,7.13,7.48,Yes,Snow,4.52,Yes
5338,B737,8.91,1.74,0.16,1.42,Yes,Clear,4.73,Yes
5339,B737,3.83,5.35,4.24,7.87,Yes,Fog,8.93,No
5340,B737,6.57,5.49,2.34,8.41,No,Snow,1.75,Yes
5341,B737,8.01,9.35,8.7,4.45,No,Snow,2.46,No
5342,B787,4.71,7.28,7.24,2.14,Yes,Rain,5.24,No
5343,A350,0.95,6.44,5.28,3.23,No,Clear,0.54,Yes
5344,A350,4.21,2.28,8.2,1.44,No,Thunderstorm,9.57,No
5345,A350,7.37,2.62,0.09,3.52,No,Fog,3.51,Yes
5346,A350,4.86,9.18,0.78,4.45,Yes,Clear,8.25,No
5347,B787,3.7,5.89,5.02,3.84,No,Fog,1.05,No
5348,A350,5.71,1.21,4.03,9.7,No,Snow,7.98,No
5349,A380,6.56,9.54,5.84,5.74,No,Thunderstorm,10.0,Yes
5350,A320,8.99,1.8,2.4,4.57,No,Rain,1.34,No
5351,A320,8.84,7.77,3.13,4.36,Yes,Clear,2.81,No
5352,A380,7.87,9.65,8.9,7.74,No,Thunderstorm,6.24,Yes
5353,B737,8.15,2.1,9.53,1.54,Yes,Thunderstorm,9.69,Yes
5354,A320,8.4,1.13,6.58,7.28,Yes,Fog,3.63,Yes
5355,A320,2.56,5.03,2.74,7.7,Yes,Clear,2.77,No
5356,B787,4.51,5.64,5.59,7.19,Yes,Thunderstorm,9.69,Yes
5357,B737,8.58,2.39,6.91,5.47,Yes,Fog,3.17,No
5358,A320,4.8,8.11,6.75,1.99,No,Thunderstorm,1.91,Yes
5359,B737,6.8,5.57,7.04,6.65,Yes,Clear,2.84,No
5360,B737,4.64,8.8,2.04,0.48,Yes,Clear,5.68,No
5361,A350,2.63,1.91,7.69,1.39,No,Fog,7.48,No
5362,A380,3.29,0.06,0.94,4.09,Yes,Rain,3.39,Yes
5363,A380,1.69,3.93,6.22,3.23,No,Clear,2.38,Yes
5364,B737,3.31,1.86,6.77,9.13,Yes,Thunderstorm,2.75,Yes
5365,A380,0.41,2.32,6.28,0.45,No,Snow,9.95,Yes
5366,A380,5.82,0.32,0.59,9.88,No,Fog,2.34,Yes
5367,A380,4.96,0.55,4.57,3.77,No,Rain,6.72,Yes
5368,B737,3.12,3.35,4.01,8.24,Yes,Thunderstorm,1.21,No
5369,B787,4.5,6.59,1.39,6.06,Yes,Fog,5.17,No
5370,A320,7.36,2.71,3.88,0.41,Yes,Snow,8.24,No
5371,B787,1.92,6.22,1.13,8.97,Yes,Clear,4.45,Yes
5372,B737,3.47,5.63,0.52,9.87,Yes,Thunderstorm,4.99,Yes
5373,A380,6.32,2.25,8.55,0.69,No,Thunderstorm,2.28,Yes
5374,A350,4.83,5.55,2.36,4.94,Yes,Rain,1.93,Yes
5375,B737,9.77,7.9,8.29,7.72,No,Fog,9.3,No
5376,B787,5.18,8.7,2.3,1.03,Yes,Snow,3.54,No
5377,A320,6.06,8.13,1.99,3.0,Yes,Thunderstorm,5.27,No
5378,A380,5.17,4.44,9.0,4.99,No,Rain,1.19,No
5379,B737,8.84,5.58,4.81,2.63,No,Fog,8.98,No
5380,A380,9.88,1.52,6.68,6.33,No,Fog,9.76,No
5381,A350,7.64,5.68,5.04,0.13,Yes,Clear,9.95,No
5382,A380,6.78,4.16,6.71,2.08,Yes,Snow,9.9,Yes
5383,A350,9.93,6.55,2.29,0.62,Yes,Snow,6.36,No
5384,B737,1.57,0.39,6.45,7.97,No,Snow,6.07,No
5385,A320,0.21,0.05,6.32,0.88,Yes,Fog,9.88,Yes
5386,B737,1.33,1.82,5.78,1.68,No,Snow,1.13,No
5387,B787,5.78,9.83,8.77,2.95,No,Rain,0.13,No
5388,B787,9.0,8.03,2.01,1.72,Yes,Rain,1.61,Yes
5389,A350,0.24,4.86,7.61,1.71,Yes,Clear,2.71,No
5390,B787,9.18,1.63,5.9,7.18,No,Thunderstorm,8.16,Yes
5391,A350,8.43,5.7,7.04,3.35,Yes,Snow,0.78,Yes
5392,B737,5.43,7.97,7.42,4.95,Yes,Rain,1.03,No
5393,A380,4.61,3.54,7.87,3.21,No,Thunderstorm,1.21,Yes
5394,B787,4.91,2.98,3.82,5.69,No,Clear,2.67,Yes
5395,B737,4.58,9.8,2.52,4.64,Yes,Rain,8.59,No
5396,A380,9.03,8.49,1.81,1.51,No,Fog,5.36,No
5397,A350,5.06,1.62,0.44,3.58,No,Fog,1.77,Yes
5398,A350,3.93,8.33,2.42,9.82,Yes,Thunderstorm,1.08,No
5399,A380,6.64,8.08,6.72,5.78,No,Rain,3.52,Yes
5400,A380,3.8,7.79,9.58,7.68,Yes,Fog,0.46,Yes
5401,A380,3.17,4.22,7.69,6.71,Yes,Rain,9.67,No
5402,A320,2.52,2.25,4.63,9.2,Yes,Clear,1.05,Yes
5403,B787,4.85,9.33,7.89,5.54,Yes,Fog,8.92,No
5404,A350,2.84,1.97,2.22,3.89,Yes,Clear,7.2,Yes
5405,B787,1.29,1.61,2.7,1.85,No,Rain,8.56,Yes
5406,B787,4.73,4.05,2.61,5.94,Yes,Rain,4.33,Yes
5407,A350,1.58,0.36,6.5,6.42,No,Snow,1.71,Yes
5408,B737,9.07,3.14,7.4,1.75,No,Snow,4.86,No
5409,A320,4.98,5.07,4.38,5.25,No,Thunderstorm,0.02,Yes
5410,A320,9.2,4.19,8.9,1.44,Yes,Snow,2.98,No
5411,B737,5.68,0.16,1.91,1.69,Yes,Thunderstorm,0.65,No
5412,B737,2.96,8.68,2.27,8.27,No,Rain,0.41,Yes
5413,A350,2.26,3.26,7.57,8.89,No,Rain,0.85,Yes
5414,A380,6.57,0.43,5.18,3.23,No,Snow,5.34,No
5415,B737,8.54,9.68,5.08,2.39,No,Fog,8.68,Yes
5416,B737,1.52,4.39,6.67,4.68,Yes,Fog,2.34,No
5417,B737,1.08,6.66,8.36,0.59,No,Thunderstorm,1.13,Yes
5418,A320,5.32,9.39,8.17,9.71,No,Snow,2.63,Yes
5419,A320,5.65,5.67,6.93,1.9,Yes,Clear,6.73,Yes
5420,B737,8.01,0.11,2.66,9.14,Yes,Fog,4.67,No
5421,A320,8.96,0.46,3.86,1.67,Yes,Rain,4.79,No
5422,A380,0.87,3.01,1.14,6.58,No,Thunderstorm,7.37,Yes
5423,A320,2.84,7.0,4.71,9.12,Yes,Snow,0.7,Yes
5424,B737,0.98,9.71,0.44,3.4,Yes,Fog,5.05,Yes
5425,A350,6.47,0.62,0.51,0.55,Yes,Clear,4.57,No
5426,B787,3.15,5.14,1.88,7.89,No,Snow,0.09,Yes
5427,B787,0.82,3.62,6.21,7.02,No,Rain,7.7,Yes
5428,A320,4.63,9.46,9.1,6.7,Yes,Clear,5.78,No
5429,B737,4.42,7.56,6.68,2.93,Yes,Clear,1.01,Yes
5430,A320,1.73,8.49,2.68,9.38,No,Fog,5.68,Yes
5431,A350,6.6,2.35,1.51,7.68,Yes,Fog,4.62,No
5432,A380,8.56,7.95,7.13,0.62,Yes,Clear,0.9,Yes
5433,A350,4.66,3.9,0.86,2.49,Yes,Snow,0.36,No
5434,A320,0.33,0.98,7.61,2.34,No,Snow,2.14,No
5435,B787,0.36,8.71,0.2,7.11,Yes,Thunderstorm,0.44,No
5436,A380,5.13,4.82,6.4,5.41,No,Thunderstorm,6.39,Yes
5437,A350,0.32,5.34,3.69,7.12,Yes,Thunderstorm,4.56,Yes
5438,B787,8.59,1.06,7.29,8.05,Yes,Fog,4.3,Yes
5439,A320,7.13,8.22,9.0,0.85,Yes,Thunderstorm,7.23,No
5440,A350,0.05,2.69,8.95,9.11,Yes,Snow,8.92,Yes
5441,A380,2.61,0.18,5.61,0.16,No,Rain,7.63,No
5442,B787,7.31,3.01,8.54,6.4,No,Snow,8.57,No
5443,B787,6.66,2.87,1.87,8.47,Yes,Clear,0.63,Yes
5444,B787,7.75,6.46,6.92,0.87,Yes,Snow,7.48,Yes
5445,A320,9.31,7.94,7.44,7.69,No,Fog,0.85,No
5446,A320,5.61,4.67,7.46,3.58,Yes,Fog,9.86,Yes
5447,B787,5.24,4.24,5.0,0.92,Yes,Rain,1.04,Yes
5448,A320,4.51,4.1,4.86,3.59,No,Rain,4.47,Yes
5449,A320,5.07,6.9,4.21,2.83,Yes,Clear,5.56,Yes
5450,A380,8.04,3.05,6.34,2.58,Yes,Rain,3.04,No
5451,A320,7.09,2.01,9.35,0.11,No,Snow,1.14,Yes
5452,A380,6.65,3.07,7.08,7.03,Yes,Fog,6.55,No
5453,A320,7.98,7.93,4.4,1.09,Yes,Clear,7.85,No
5454,A350,2.48,4.66,0.59,6.98,No,Rain,1.57,Yes
5455,B787,8.9,2.19,4.78,2.17,No,Fog,7.27,No
5456,B787,4.58,3.12,7.95,0.09,Yes,Rain,5.33,No
5457,A350,1.22,4.61,7.88,7.85,Yes,Snow,2.71,Yes
5458,B787,1.59,2.76,5.37,9.36,No,Snow,9.73,Yes
5459,A320,1.04,6.28,8.03,0.5,No,Snow,3.0,No
5460,A350,8.54,7.25,2.94,9.87,Yes,Snow,9.89,Yes
5461,A350,0.44,1.24,9.08,0.84,Yes,Clear,7.64,No
5462,B737,6.21,8.1,9.78,4.55,No,Thunderstorm,5.87,No
5463,A380,8.93,4.27,3.36,4.68,Yes,Fog,0.3,Yes
5464,A320,2.47,5.56,3.78,8.37,Yes,Snow,9.31,No
5465,A320,6.25,8.06,4.44,5.35,No,Clear,3.77,No
5466,B787,8.11,8.03,4.47,8.34,Yes,Thunderstorm,4.99,No
5467,A320,7.57,2.05,4.09,9.1,Yes,Thunderstorm,7.98,No
5468,B787,9.9,2.7,7.52,2.78,Yes,Clear,5.8,No
5469,A350,8.29,2.02,0.8,7.52,Yes,Fog,4.69,Yes
5470,A380,7.33,2.44,1.21,5.9,No,Snow,9.8,Yes
5471,B737,7.95,8.79,9.06,7.32,Yes,Fog,1.81,No
5472,A320,9.5,1.14,8.01,5.96,No,Rain,6.76,No
5473,A350,1.01,0.29,7.49,7.64,Yes,Rain,7.34,Yes
5474,B737,6.7,7.63,2.3,9.35,No,Clear,4.58,Yes
5475,A350,9.29,4.36,3.17,1.59,Yes,Rain,7.91,No
5476,B787,0.22,5.95,3.48,5.76,Yes,Fog,7.74,No
5477,A320,7.66,7.87,8.51,5.15,No,Snow,1.92,Yes
5478,A320,0.46,3.66,9.51,7.53,No,Snow,8.39,No
5479,A350,6.26,5.98,1.19,4.13,Yes,Thunderstorm,8.49,Yes
5480,A320,3.27,7.82,8.25,0.9,Yes,Rain,3.04,No
5481,B737,4.32,8.07,0.22,1.72,No,Rain,9.17,Yes
5482,B737,7.38,1.99,1.35,3.0,No,Rain,0.56,No
5483,B787,0.49,7.6,7.68,2.32,Yes,Snow,3.44,No
5484,B737,3.47,3.51,8.85,6.87,Yes,Rain,4.27,No
5485,B787,0.8,2.85,5.05,3.61,No,Fog,3.75,No
5486,A380,5.26,5.77,7.43,8.08,No,Clear,1.29,No
5487,B787,0.78,6.12,9.49,2.53,No,Snow,2.2,Yes
5488,A320,4.29,2.27,4.59,6.72,No,Clear,9.55,Yes
5489,A350,2.82,5.54,1.44,3.52,No,Rain,0.14,No
5490,A320,0.88,9.25,7.12,4.32,No,Clear,7.58,Yes
5491,B737,7.83,7.59,1.43,4.76,No,Rain,7.23,No
5492,B787,4.47,7.52,0.44,7.55,No,Rain,4.96,Yes
5493,B787,7.06,0.61,5.54,0.61,Yes,Snow,7.76,No
5494,B787,8.9,4.31,6.0,3.12,No,Rain,9.93,No
5495,B737,1.52,2.54,7.75,6.39,Yes,Thunderstorm,8.95,Yes
5496,B737,9.49,1.63,2.43,3.19,No,Thunderstorm,0.24,No
5497,B787,0.64,9.96,8.17,4.18,No,Rain,0.43,Yes
5498,A350,9.3,2.6,2.03,4.56,Yes,Snow,6.34,Yes
5499,A380,7.09,3.95,7.2,1.66,No,Snow,8.32,Yes
5500,B787,1.06,8.69,9.62,6.13,No,Fog,7.82,Yes
5501,A320,1.28,6.25,9.04,0.86,No,Thunderstorm,5.7,Yes
5502,A380,0.54,4.39,3.18,3.87,No,Thunderstorm,3.98,Yes
5503,B737,3.61,4.95,6.9,3.97,No,Thunderstorm,8.51,Yes
5504,B787,0.88,1.17,6.91,5.6,No,Snow,2.86,Yes
5505,A350,3.83,6.38,2.34,3.94,No,Clear,1.55,No
5506,A380,4.63,5.14,8.41,7.58,No,Fog,0.21,No
5507,B787,6.0,4.08,9.03,5.06,No,Fog,4.71,Yes
5508,A320,6.04,5.38,5.92,1.11,No,Fog,0.24,Yes
5509,B737,0.89,6.79,0.15,8.73,No,Fog,8.42,Yes
5510,B737,1.51,4.33,1.36,8.37,No,Clear,4.4,No
5511,B787,6.91,2.81,9.82,9.82,Yes,Rain,9.24,No
5512,A350,7.32,7.94,2.6,6.48,Yes,Fog,7.5,Yes
5513,A350,4.94,3.55,7.87,6.71,Yes,Clear,8.21,Yes
5514,A320,9.83,5.67,8.15,6.01,Yes,Rain,8.13,Yes
5515,A380,3.65,3.05,2.3,5.24,No,Thunderstorm,8.69,Yes
5516,B787,0.73,1.5,6.53,6.94,No,Rain,1.46,No
5517,A380,4.71,6.92,6.48,0.91,No,Snow,6.07,No
5518,A380,0.7,2.82,6.98,4.07,No,Clear,1.98,No
5519,B737,5.93,7.86,8.61,7.98,No,Clear,6.1,Yes
5520,A320,2.38,4.86,5.77,5.68,Yes,Thunderstorm,8.14,Yes
5521,A350,6.82,0.26,1.31,7.09,Yes,Clear,8.43,No
5522,B737,3.41,2.3,8.88,1.33,No,Thunderstorm,0.94,Yes
5523,A320,2.07,5.66,0.7,7.76,No,Rain,7.79,Yes
5524,A320,7.58,6.04,4.03,1.84,Yes,Snow,8.74,No
5525,B787,1.44,2.53,3.34,4.7,Yes,Thunderstorm,8.82,No
5526,B787,0.98,0.84,0.73,3.17,No,Fog,9.17,Yes
5527,A380,5.66,9.1,6.92,1.67,No,Rain,9.68,Yes
5528,A350,5.14,3.37,3.12,4.98,Yes,Clear,4.01,Yes
5529,B787,5.89,0.64,4.63,2.53,Yes,Clear,3.56,No
5530,A320,2.82,6.18,8.86,5.19,No,Clear,1.49,No
5531,B787,0.79,0.82,2.27,9.4,Yes,Rain,1.53,No
5532,A320,8.59,9.65,0.55,0.4,Yes,Snow,7.43,No
5533,B737,4.37,6.37,9.26,7.18,Yes,Fog,1.56,Yes
5534,A350,0.86,3.14,7.84,8.49,Yes,Rain,0.31,Yes
5535,B737,7.13,3.08,4.69,9.3,No,Fog,9.88,Yes
5536,B787,5.48,5.23,8.87,3.01,Yes,Rain,2.26,Yes
5537,A350,0.9,9.33,0.42,1.92,No,Thunderstorm,4.52,Yes
5538,B787,6.05,1.64,0.36,6.05,Yes,Fog,0.02,Yes
5539,A380,0.07,3.29,5.93,6.26,No,Fog,0.08,Yes
5540,A320,3.1,2.8,5.66,8.18,No,Fog,3.5,Yes
5541,B787,1.9,3.75,4.98,0.28,Yes,Clear,3.38,No
5542,B737,8.28,3.39,7.8,8.66,Yes,Fog,4.67,Yes
5543,A380,9.5,3.5,7.4,0.59,Yes,Thunderstorm,5.57,No
5544,B787,1.68,7.64,4.35,1.59,No,Snow,9.98,No
5545,B787,3.56,3.73,8.02,7.08,Yes,Thunderstorm,9.44,Yes
5546,B737,9.94,2.78,7.11,1.41,Yes,Snow,7.65,Yes
5547,B787,2.61,9.62,5.56,2.52,No,Fog,2.41,Yes
5548,B787,7.84,6.52,3.91,5.03,Yes,Snow,1.51,Yes
5549,B787,6.89,2.74,2.95,9.04,Yes,Rain,8.45,Yes
5550,B737,0.98,4.62,2.61,8.69,No,Snow,4.19,No
5551,A380,2.7,9.36,1.27,5.44,Yes,Rain,5.27,Yes
5552,B787,0.21,4.47,6.06,3.7,Yes,Thunderstorm,9.68,No
5553,A380,4.45,3.6,1.55,5.28,Yes,Snow,1.15,Yes
5554,B737,5.39,8.07,9.99,4.02,No,Clear,5.32,No
5555,B737,0.06,8.32,1.47,6.26,No,Thunderstorm,1.87,Yes
5556,A350,2.51,5.97,0.89,5.89,No,Fog,3.57,Yes
5557,A350,9.98,0.57,4.34,0.66,No,Snow,2.15,No
5558,B787,6.67,5.86,3.34,4.0,Yes,Thunderstorm,1.84,Yes
5559,B787,6.75,3.59,5.26,8.33,No,Clear,0.09,No
5560,B737,2.2,7.14,9.06,6.95,No,Thunderstorm,9.63,Yes
5561,A380,3.95,5.15,9.6,4.77,Yes,Rain,3.5,Yes
5562,B737,0.31,4.53,7.98,8.39,No,Clear,0.54,Yes
5563,B787,4.57,6.04,6.33,9.94,Yes,Clear,1.2,Yes
5564,A350,7.94,6.01,4.13,2.37,Yes,Thunderstorm,4.75,Yes
5565,B787,3.53,4.1,8.85,6.53,No,Fog,2.45,Yes
5566,A380,0.23,5.24,3.75,1.36,Yes,Snow,2.42,Yes
5567,B737,3.28,7.86,2.18,7.25,No,Snow,9.5,No
5568,B737,0.3,2.69,3.53,8.8,Yes,Thunderstorm,3.21,No
5569,A380,0.01,5.24,7.98,3.43,Yes,Snow,2.25,No
5570,A350,0.94,5.02,7.08,6.73,No,Fog,9.49,Yes
5571,A350,0.39,3.98,0.77,6.27,No,Rain,8.3,No
5572,A320,8.02,7.01,5.37,6.68,Yes,Clear,3.19,Yes
5573,A380,4.46,6.93,5.99,9.79,No,Clear,8.8,No
5574,A320,4.58,9.67,1.48,8.91,Yes,Snow,1.04,Yes
5575,A380,4.65,9.23,8.29,5.49,No,Clear,8.83,Yes
5576,A350,4.59,7.09,3.25,7.4,Yes,Clear,7.03,No
5577,B737,6.26,4.97,1.64,3.51,No,Snow,4.99,No
5578,A350,4.33,3.4,6.04,0.77,Yes,Clear,0.83,No
5579,B787,3.88,8.14,7.89,6.4,No,Fog,6.05,No
5580,B737,4.86,6.52,1.99,8.91,No,Rain,0.5,Yes
5581,A350,5.4,0.83,4.95,7.78,No,Snow,3.96,No
5582,B737,7.59,1.36,4.61,8.89,Yes,Fog,3.57,No
5583,B787,3.14,4.6,0.85,8.82,Yes,Snow,6.95,No
5584,B737,0.26,9.46,6.37,3.05,Yes,Rain,4.83,Yes
5585,A380,4.06,9.3,3.15,6.92,No,Rain,9.44,No
5586,A380,1.68,0.63,2.94,4.03,No,Thunderstorm,3.3,No
5587,A380,5.3,5.58,2.31,1.94,Yes,Snow,6.06,No
5588,A320,0.72,2.84,2.99,9.56,Yes,Snow,2.98,No
5589,A380,8.78,8.2,5.21,9.92,Yes,Thunderstorm,2.46,No
5590,B787,7.03,5.7,2.52,4.34,No,Clear,7.24,No
5591,A320,2.31,0.45,9.65,3.74,No,Rain,6.89,Yes
5592,B737,8.01,3.07,3.63,5.19,Yes,Rain,1.57,No
5593,A380,5.65,0.66,0.92,6.96,Yes,Snow,9.12,No
5594,B737,8.46,6.13,4.81,5.02,Yes,Snow,6.77,Yes
5595,B787,6.25,4.03,4.3,9.56,Yes,Snow,2.12,Yes
5596,B737,5.24,2.04,1.37,4.32,Yes,Fog,1.81,Yes
5597,A350,5.08,0.61,7.68,9.13,No,Thunderstorm,9.58,Yes
5598,A350,2.25,5.38,6.05,1.83,No,Rain,3.21,No
5599,A350,8.63,0.62,2.15,3.7,No,Rain,3.34,Yes
5600,A380,0.67,6.57,8.13,9.78,No,Fog,4.1,Yes
5601,A380,0.37,1.11,0.63,3.62,No,Rain,7.51,Yes
5602,A380,8.99,6.44,6.86,8.27,No,Clear,8.32,No
5603,A380,6.65,0.27,0.97,8.29,Yes,Snow,1.27,Yes
5604,A320,8.68,7.07,0.87,0.17,Yes,Fog,9.04,Yes
5605,B737,2.98,0.53,0.28,4.53,No,Rain,3.75,No
5606,A350,6.98,8.13,8.75,8.63,No,Fog,5.02,Yes
5607,A350,9.74,0.59,5.38,5.67,Yes,Thunderstorm,6.75,Yes
5608,A380,6.64,6.82,3.59,5.63,No,Rain,2.88,Yes
5609,B737,6.51,2.35,6.91,2.09,No,Thunderstorm,7.35,No
5610,A320,7.07,4.37,3.47,9.9,No,Clear,2.58,Yes
5611,A380,1.58,3.25,3.72,7.44,Yes,Snow,0.71,Yes
5612,B737,8.4,7.61,5.8,9.51,No,Clear,6.61,No
5613,A380,7.06,6.74,9.23,1.95,Yes,Snow,4.04,Yes
5614,B787,4.82,5.34,1.08,5.14,No,Rain,4.81,No
5615,A380,3.73,1.47,1.72,5.91,Yes,Clear,3.87,Yes
5616,B787,4.85,8.63,2.89,6.68,Yes,Thunderstorm,2.04,Yes
5617,A350,4.44,5.61,5.69,0.57,Yes,Thunderstorm,6.92,No
5618,B787,6.71,2.91,5.41,0.08,Yes,Rain,5.56,No
5619,B787,2.37,2.59,4.38,6.83,Yes,Rain,5.98,Yes
5620,B787,8.89,9.2,8.45,5.19,Yes,Rain,2.79,Yes
5621,B737,6.42,1.4,8.78,0.13,Yes,Clear,2.3,No
5622,A350,0.68,0.38,3.31,5.37,Yes,Snow,3.61,Yes
5623,A350,8.68,9.78,8.63,1.12,No,Fog,8.11,No
5624,A380,6.75,5.6,2.27,3.67,No,Snow,8.7,Yes
5625,B787,2.77,6.1,1.13,4.3,No,Snow,7.72,Yes
5626,B787,2.18,0.72,1.79,0.46,No,Thunderstorm,1.02,No
5627,A350,8.54,2.36,8.46,6.44,No,Snow,8.3,Yes
5628,A350,4.44,6.39,0.77,8.99,Yes,Clear,2.0,Yes
5629,A350,4.12,7.36,7.43,1.15,Yes,Thunderstorm,3.82,No
5630,A350,8.1,2.57,2.44,4.64,Yes,Snow,6.0,No
5631,A350,0.68,3.95,1.98,1.9,Yes,Fog,7.83,No
5632,A380,8.3,0.21,8.83,2.23,Yes,Clear,2.83,No
5633,B787,7.4,0.65,6.68,6.31,Yes,Clear,7.35,Yes
5634,A350,5.32,7.67,6.44,4.23,No,Fog,4.79,No
5635,B787,4.11,9.64,6.2,8.81,No,Snow,4.82,No
5636,A320,8.38,0.59,8.59,0.81,Yes,Thunderstorm,8.47,No
5637,A350,6.58,8.85,1.82,4.04,Yes,Fog,0.69,Yes
5638,A350,4.45,3.1,4.0,0.94,Yes,Clear,8.94,No
5639,B737,2.63,1.83,7.56,4.62,Yes,Rain,3.25,Yes
5640,A320,3.48,9.79,0.9,1.59,No,Rain,8.76,Yes
5641,A380,9.48,7.52,5.68,8.03,No,Thunderstorm,9.08,Yes
5642,A350,7.96,0.38,1.01,1.88,Yes,Thunderstorm,8.85,No
5643,A350,4.5,2.05,9.15,2.8,No,Fog,6.1,No
5644,B787,5.81,5.53,0.11,6.28,Yes,Snow,8.61,Yes
5645,A380,1.58,5.66,7.41,7.03,No,Snow,3.1,No
5646,B737,8.37,1.02,9.24,9.78,Yes,Fog,0.23,Yes
5647,A350,5.65,3.8,1.24,7.23,Yes,Rain,1.42,No
5648,A380,7.33,6.46,4.26,2.23,Yes,Rain,5.88,Yes
5649,A320,4.14,1.65,5.24,7.49,No,Fog,3.44,Yes
5650,A350,9.13,1.3,3.21,7.15,No,Thunderstorm,0.76,Yes
5651,A380,1.09,0.21,5.73,8.42,Yes,Clear,0.12,No
5652,B787,4.31,5.51,2.61,1.92,No,Fog,5.33,Yes
5653,A380,8.0,0.9,6.26,0.58,No,Thunderstorm,8.73,No
5654,A380,8.28,7.85,2.79,7.16,Yes,Clear,2.19,Yes
5655,A320,5.62,6.53,9.22,4.65,No,Fog,6.78,No
5656,B737,2.46,0.88,0.88,6.33,Yes,Thunderstorm,0.99,No
5657,B737,7.38,9.33,5.14,8.95,Yes,Rain,3.07,Yes
5658,A380,8.17,3.83,1.85,1.76,Yes,Rain,2.32,No
5659,A320,5.7,2.34,8.86,9.73,No,Rain,9.0,Yes
5660,B787,2.4,0.12,6.46,2.56,No,Rain,6.73,No
5661,B787,7.9,8.71,4.18,7.64,Yes,Fog,8.77,Yes
5662,B787,1.73,4.21,7.64,9.68,No,Clear,7.85,Yes
5663,B737,4.36,3.27,1.22,2.1,No,Clear,2.03,No
5664,A350,3.67,1.53,4.37,3.45,No,Snow,3.9,No
5665,B787,9.42,2.68,2.31,5.72,No,Fog,2.31,No
5666,B737,8.17,3.93,7.66,8.32,Yes,Fog,1.99,Yes
5667,A320,2.67,7.07,7.12,4.17,No,Clear,7.22,Yes
5668,A320,0.04,4.05,6.69,7.11,No,Snow,5.69,No
5669,A380,0.45,5.38,2.96,3.75,Yes,Rain,5.74,Yes
5670,A350,2.69,5.12,4.92,8.22,Yes,Snow,2.06,Yes
5671,B787,8.12,7.71,0.32,7.92,No,Snow,6.39,No
5672,A320,4.0,4.94,5.48,9.81,Yes,Rain,1.63,No
5673,A380,4.57,5.73,6.29,7.7,No,Clear,5.43,No
5674,A320,7.72,7.75,9.61,9.79,Yes,Fog,3.96,Yes
5675,B787,1.11,7.41,7.88,6.24,No,Rain,8.73,No
5676,B787,3.18,9.51,9.63,4.54,No,Fog,3.64,No
5677,A380,7.11,5.45,1.59,6.77,No,Snow,4.5,No
5678,A320,4.15,0.31,5.95,0.96,No,Thunderstorm,4.66,No
5679,B787,6.21,2.85,0.51,1.85,Yes,Clear,9.49,Yes
5680,A380,9.02,2.68,9.91,3.91,Yes,Clear,0.09,No
5681,A380,1.8,9.64,5.01,2.22,No,Thunderstorm,2.12,Yes
5682,A380,6.37,1.5,4.95,2.42,No,Clear,4.91,No
5683,A350,2.19,8.92,1.3,7.3,No,Thunderstorm,2.87,Yes
5684,B737,0.7,8.08,5.77,6.82,No,Fog,2.35,No
5685,A320,6.52,8.49,3.75,4.12,Yes,Fog,0.24,No
5686,A350,1.88,8.1,2.13,9.7,Yes,Snow,8.81,Yes
5687,B787,6.01,3.59,9.64,2.7,No,Fog,3.7,No
5688,B787,4.6,5.6,4.96,4.56,Yes,Rain,9.76,No
5689,A350,3.89,4.92,2.24,6.68,No,Snow,5.3,Yes
5690,A380,9.46,1.16,4.33,4.43,Yes,Fog,4.81,Yes
5691,A380,4.68,3.27,0.66,5.42,Yes,Thunderstorm,5.85,Yes
5692,B737,8.43,2.51,4.41,4.05,No,Clear,4.77,Yes
5693,B737,2.87,2.12,2.48,0.39,Yes,Clear,4.72,No
5694,A380,9.23,7.87,9.33,6.08,No,Fog,8.07,Yes
5695,A320,4.91,5.99,8.29,1.89,Yes,Rain,4.14,Yes
5696,B787,3.57,3.59,1.71,8.33,No,Fog,4.33,Yes
5697,A350,6.06,8.68,4.88,3.64,No,Thunderstorm,9.36,Yes
5698,B787,2.2,6.47,8.44,5.54,No,Rain,2.58,Yes
5699,B787,2.5,3.84,8.02,8.81,Yes,Snow,7.27,Yes
5700,A320,5.89,0.81,8.19,5.07,No,Clear,8.69,No
5701,B737,2.16,7.44,4.07,0.15,No,Clear,3.17,Yes
5702,A320,1.05,8.2,4.87,0.96,No,Thunderstorm,8.72,Yes
5703,B787,3.07,1.11,4.51,9.99,No,Clear,3.86,Yes
5704,B787,10.0,6.64,2.24,0.39,Yes,Clear,6.75,Yes
5705,B787,2.65,2.61,0.33,0.55,Yes,Clear,7.7,Yes
5706,A380,3.28,2.38,4.82,7.28,Yes,Clear,6.23,No
5707,A350,5.42,2.55,5.5,7.29,Yes,Clear,7.39,Yes
5708,B737,9.59,4.07,0.05,9.97,Yes,Thunderstorm,3.46,No
5709,A320,4.93,2.52,0.98,4.0,No,Snow,9.23,No
5710,B787,6.74,0.89,8.77,9.42,Yes,Thunderstorm,2.19,No
5711,B737,3.34,6.05,9.99,4.95,Yes,Thunderstorm,6.48,No
5712,B787,8.86,5.28,1.5,0.51,Yes,Thunderstorm,6.21,Yes
5713,B737,8.8,0.58,2.73,1.42,Yes,Snow,9.43,Yes
5714,B787,1.19,7.96,8.25,4.97,Yes,Rain,1.33,No
5715,B787,8.83,7.53,8.47,3.3,No,Thunderstorm,6.96,Yes
5716,A350,6.81,1.51,1.81,3.07,No,Snow,3.5,No
5717,A320,1.13,8.69,6.48,7.34,Yes,Thunderstorm,6.93,Yes
5718,A380,8.17,6.57,0.11,7.3,Yes,Clear,1.68,Yes
5719,A380,3.32,4.62,0.98,1.35,Yes,Snow,1.57,No
5720,A350,0.06,4.29,5.04,9.0,Yes,Clear,9.64,Yes
5721,A320,1.99,9.55,9.08,6.76,Yes,Fog,5.33,Yes
5722,A380,1.73,2.56,8.56,8.28,Yes,Thunderstorm,8.63,No
5723,A350,5.17,2.74,4.79,4.76,Yes,Snow,8.56,Yes
5724,B787,6.65,9.97,4.36,4.31,No,Fog,0.59,Yes
5725,A350,4.68,2.56,7.22,8.15,No,Fog,0.36,No
5726,A350,5.65,0.48,7.63,2.33,No,Rain,8.4,No
5727,A320,6.05,7.88,0.32,8.75,Yes,Rain,2.56,Yes
5728,B787,1.37,4.6,5.46,4.77,No,Fog,9.56,Yes
5729,B737,2.01,0.69,7.84,6.59,Yes,Clear,8.12,Yes
5730,B787,6.37,3.96,0.74,9.73,Yes,Thunderstorm,8.3,Yes
5731,B787,7.65,5.57,6.89,5.35,No,Clear,7.26,Yes
5732,A320,0.91,3.66,3.39,5.13,Yes,Clear,8.39,No
5733,A350,0.54,9.26,9.6,1.26,Yes,Thunderstorm,1.9,Yes
5734,B737,6.27,9.75,6.17,4.63,No,Snow,1.54,Yes
5735,A350,6.44,7.91,0.26,0.82,No,Rain,1.57,Yes
5736,A350,8.89,1.95,8.72,6.65,No,Rain,2.91,No
5737,B737,6.17,0.69,3.65,5.93,No,Clear,8.04,Yes
5738,A380,4.8,8.04,2.5,8.37,No,Thunderstorm,1.63,Yes
5739,A350,2.85,1.74,9.13,0.5,Yes,Thunderstorm,3.69,No
5740,B737,7.0,7.96,4.87,0.34,Yes,Rain,5.15,No
5741,A320,5.26,8.01,9.08,2.83,No,Thunderstorm,1.67,No
5742,B787,4.76,5.47,0.3,1.15,Yes,Clear,0.97,No
5743,A380,6.6,2.81,8.26,6.25,No,Clear,1.81,No
5744,A320,7.79,4.72,0.58,9.7,Yes,Clear,3.78,Yes
5745,A350,0.89,1.06,2.07,9.08,Yes,Snow,4.25,No
5746,A320,3.56,9.8,3.83,5.84,Yes,Thunderstorm,7.43,No
5747,B787,9.25,1.47,7.48,3.35,Yes,Snow,9.12,Yes
5748,A320,9.34,6.7,9.42,5.71,No,Clear,2.91,No
5749,A320,3.17,7.61,6.22,3.83,Yes,Clear,8.9,No
5750,A380,8.52,8.27,7.58,0.52,Yes,Clear,6.44,No
5751,B787,4.62,7.62,6.2,1.3,Yes,Thunderstorm,2.01,No
5752,A350,6.39,3.46,2.12,7.27,No,Rain,4.14,No
5753,B737,3.11,7.29,1.42,6.02,No,Rain,1.24,No
5754,A350,2.58,1.41,5.12,2.36,Yes,Rain,0.16,Yes
5755,A380,3.55,4.7,6.71,8.06,No,Thunderstorm,2.81,Yes
5756,B787,2.94,3.91,3.65,9.46,No,Thunderstorm,5.6,Yes
5757,A350,8.13,7.07,1.49,8.29,Yes,Rain,3.1,Yes
5758,A380,8.95,2.37,0.54,1.41,Yes,Thunderstorm,3.99,Yes
5759,B737,7.68,3.25,2.03,9.64,No,Rain,8.9,Yes
5760,B737,7.97,8.91,9.29,2.52,Yes,Fog,8.23,Yes
5761,B737,4.04,0.11,9.74,7.4,No,Rain,8.18,No
5762,A380,0.67,2.23,0.79,4.88,No,Snow,2.25,Yes
5763,A350,0.73,2.52,2.42,4.23,No,Thunderstorm,4.81,Yes
5764,A320,8.97,6.37,5.49,4.3,Yes,Snow,5.05,Yes
5765,A350,2.68,5.47,1.05,6.18,No,Snow,3.92,No
5766,B737,3.04,3.75,6.16,2.42,Yes,Rain,9.14,No
5767,A320,1.2,7.74,3.31,2.84,No,Rain,5.09,Yes
5768,A350,9.86,4.41,8.86,9.78,Yes,Snow,2.33,No
5769,B787,3.32,1.11,0.86,9.34,No,Rain,9.45,No
5770,A320,6.41,3.79,9.31,3.99,Yes,Thunderstorm,3.86,Yes
5771,A380,3.49,6.81,0.24,10.0,No,Fog,2.66,Yes
5772,B787,1.62,2.01,3.56,4.96,Yes,Rain,0.56,No
5773,A320,7.66,8.69,0.91,2.23,No,Rain,10.0,No
5774,B737,8.22,3.03,2.18,7.76,No,Clear,7.47,No
5775,B787,3.34,1.47,6.79,5.14,Yes,Thunderstorm,3.3,No
5776,B737,3.61,9.34,0.73,1.96,No,Snow,8.22,No
5777,B787,4.7,1.63,3.07,3.18,Yes,Fog,8.23,No
5778,B737,7.05,0.7,3.98,1.43,Yes,Fog,9.16,No
5779,A380,1.1,1.26,3.13,7.13,Yes,Rain,8.14,No
5780,A320,7.13,6.83,9.17,7.25,No,Snow,1.24,Yes
5781,B737,8.52,8.88,8.93,3.07,No,Fog,7.13,No
5782,A350,9.37,7.64,2.8,1.47,Yes,Snow,7.21,Yes
5783,A350,1.3,6.72,7.99,7.84,No,Snow,8.58,Yes
5784,A320,4.63,0.14,4.58,6.18,Yes,Thunderstorm,8.77,No
5785,A380,4.02,1.61,5.67,9.93,No,Rain,0.89,Yes
5786,A350,6.58,3.05,1.11,7.47,No,Clear,5.17,No
5787,B737,6.41,5.3,5.36,8.96,Yes,Fog,6.41,No
5788,A320,0.41,7.78,5.0,3.77,Yes,Clear,0.0,Yes
5789,B737,7.1,3.18,9.01,4.85,No,Snow,8.41,Yes
5790,A350,4.04,5.8,5.61,2.63,No,Snow,1.35,No
5791,A380,8.63,7.92,9.41,2.33,Yes,Clear,9.92,No
5792,A320,8.99,6.35,2.6,9.56,Yes,Snow,2.57,No
5793,B787,8.7,5.45,4.87,7.17,Yes,Thunderstorm,4.82,Yes
5794,B737,8.94,4.56,6.85,3.55,No,Fog,3.08,Yes
5795,A380,4.26,9.32,1.81,7.16,Yes,Clear,0.93,No
5796,B737,4.55,2.94,6.65,4.03,Yes,Snow,1.32,Yes
5797,A380,6.51,6.86,2.76,3.98,No,Fog,8.98,No
5798,B787,6.45,7.1,3.71,4.63,Yes,Rain,5.56,Yes
5799,A320,8.67,3.54,6.61,3.49,Yes,Thunderstorm,2.55,Yes
5800,A350,5.76,3.39,5.5,5.27,No,Fog,7.64,No
5801,A380,7.59,4.36,9.02,8.51,Yes,Snow,9.6,Yes
5802,A380,1.2,6.8,4.77,1.58,Yes,Clear,2.42,No
5803,B787,8.76,7.33,9.61,3.41,Yes,Snow,5.77,No
5804,A320,6.48,1.52,2.88,1.09,Yes,Thunderstorm,1.07,No
5805,B787,3.12,4.65,4.73,1.84,No,Clear,9.78,No
5806,B737,4.42,3.82,4.66,3.55,Yes,Thunderstorm,1.87,Yes
5807,A380,4.74,7.66,9.47,8.57,No,Snow,0.65,No
5808,A350,5.94,1.77,6.3,7.34,No,Snow,6.55,Yes
5809,B737,4.23,3.32,3.11,5.17,No,Rain,7.71,Yes
5810,B787,3.83,6.08,8.75,5.21,No,Fog,5.45,Yes
5811,A320,1.93,3.17,0.36,5.53,Yes,Snow,9.44,No
5812,A350,8.51,2.51,0.73,2.7,Yes,Snow,2.3,No
5813,B787,5.3,8.54,1.47,7.57,No,Thunderstorm,2.91,No
5814,A320,4.34,1.54,6.91,7.15,No,Clear,7.8,Yes
5815,B787,4.58,5.6,9.18,4.4,Yes,Rain,5.55,No
5816,A380,6.97,9.67,7.75,5.94,Yes,Clear,6.68,No
5817,B737,3.28,8.59,5.87,3.89,No,Snow,3.26,No
5818,B737,3.15,0.86,9.05,1.26,No,Snow,7.22,No
5819,A380,5.87,8.69,7.35,6.49,Yes,Fog,3.83,Yes
5820,A320,6.5,1.7,3.46,2.96,No,Rain,7.2,No
5821,A320,0.8,0.3,4.81,4.48,Yes,Clear,8.11,No
5822,A380,0.13,8.35,0.21,8.72,Yes,Fog,7.5,No
5823,A350,8.66,2.49,8.73,7.44,Yes,Clear,8.08,No
5824,B737,5.86,7.38,2.93,6.45,Yes,Clear,6.17,Yes
5825,A380,9.16,4.5,9.41,3.26,No,Rain,5.7,Yes
5826,A350,8.99,2.35,9.95,9.59,No,Snow,8.2,Yes
5827,B787,2.36,7.29,7.57,3.35,Yes,Snow,6.46,Yes
5828,B737,7.92,4.51,6.19,2.72,No,Rain,1.33,Yes
5829,A380,2.79,5.36,0.97,1.95,No,Rain,9.05,Yes
5830,A380,6.31,7.91,3.74,3.75,Yes,Snow,0.96,Yes
5831,B737,5.55,3.83,9.79,4.53,Yes,Rain,4.39,No
5832,A320,8.36,0.03,7.38,1.18,Yes,Snow,0.36,No
5833,A350,9.68,0.72,5.56,2.27,No,Snow,3.9,Yes
5834,A320,5.52,1.38,6.86,4.49,No,Clear,0.6,No
5835,B787,5.68,3.75,6.3,5.11,No,Clear,2.33,No
5836,A320,5.12,2.46,7.99,3.1,No,Fog,1.37,No
5837,A350,3.32,6.8,4.13,0.14,No,Thunderstorm,0.71,Yes
5838,A380,9.48,6.0,9.79,2.35,Yes,Snow,0.23,Yes
5839,B787,6.79,0.87,5.75,3.62,No,Rain,8.03,Yes
5840,B787,8.48,8.99,1.9,6.74,No,Clear,2.89,No
5841,A350,7.61,6.76,1.43,0.25,No,Thunderstorm,2.9,No
5842,B787,6.23,9.6,1.26,9.53,Yes,Fog,6.13,No
5843,A380,9.82,5.68,9.13,0.5,Yes,Fog,4.87,Yes
5844,B737,7.54,0.37,7.98,7.98,No,Fog,9.93,No
5845,A380,5.67,7.76,2.12,6.81,No,Rain,2.93,Yes
5846,A380,5.24,7.72,0.97,3.65,No,Fog,0.35,No
5847,A320,4.92,8.14,0.45,2.73,No,Snow,3.16,No
5848,A380,5.82,6.67,9.42,9.2,No,Thunderstorm,4.79,Yes
5849,B787,0.01,4.89,4.07,5.84,Yes,Snow,8.31,Yes
5850,A320,0.36,1.55,3.96,6.41,No,Clear,3.91,Yes
5851,B737,4.86,6.58,6.04,7.73,No,Thunderstorm,4.03,No
5852,A380,6.99,8.29,3.19,1.0,Yes,Clear,2.92,No
5853,B737,6.26,1.05,4.19,6.4,Yes,Rain,2.31,No
5854,A320,1.79,9.49,1.92,0.81,No,Thunderstorm,4.41,No
5855,A380,8.4,6.46,8.67,8.99,Yes,Thunderstorm,6.59,No
5856,A380,6.82,3.69,1.08,8.13,Yes,Fog,3.69,Yes
5857,A380,2.46,5.92,5.48,0.02,No,Rain,2.76,No
5858,A350,9.85,9.33,5.45,7.72,Yes,Fog,9.84,Yes
5859,A350,6.49,4.87,2.66,7.95,No,Fog,9.57,No
5860,B787,7.58,5.23,0.34,0.16,Yes,Clear,5.21,Yes
5861,B737,6.67,6.45,3.85,4.04,Yes,Thunderstorm,4.1,No
5862,B737,2.38,0.72,4.93,2.05,Yes,Fog,9.97,No
5863,A350,0.6,7.8,4.96,7.6,Yes,Clear,9.14,Yes
5864,B737,8.46,6.61,0.25,6.29,Yes,Thunderstorm,0.46,Yes
5865,B787,3.17,7.9,3.23,4.12,No,Rain,8.06,No
5866,B737,6.08,2.9,2.46,6.24,No,Fog,9.92,No
5867,B787,0.1,9.9,1.14,6.08,Yes,Snow,4.28,No
5868,B737,7.7,7.36,3.06,7.5,No,Thunderstorm,2.53,No
5869,B787,3.74,4.16,1.47,0.07,No,Fog,8.42,No
5870,B737,5.99,5.42,0.09,4.82,No,Rain,8.04,Yes
5871,A350,7.03,9.02,2.17,4.59,Yes,Thunderstorm,5.39,No
5872,A380,8.48,3.61,8.87,8.92,No,Fog,6.11,No
5873,A350,3.29,5.46,2.1,0.95,No,Snow,2.93,Yes
5874,A350,8.46,1.24,6.57,2.52,No,Fog,4.07,Yes
5875,B737,9.52,0.46,8.05,5.27,Yes,Thunderstorm,0.22,Yes
5876,B787,8.54,2.29,0.4,1.7,Yes,Clear,5.93,Yes
5877,B737,4.08,7.56,1.98,5.99,Yes,Snow,7.02,Yes
5878,A320,1.89,1.03,2.33,7.21,No,Rain,2.23,Yes
5879,B787,2.48,0.38,1.13,1.99,Yes,Thunderstorm,4.47,Yes
5880,A380,8.04,6.61,4.89,1.41,Yes,Snow,4.46,Yes
5881,A380,0.1,4.57,7.54,4.09,No,Thunderstorm,8.19,No
5882,B737,0.67,3.84,7.17,4.43,Yes,Fog,1.84,No
5883,A320,5.34,2.29,9.12,0.9,No,Thunderstorm,4.99,No
5884,B787,0.57,7.53,9.67,4.12,Yes,Fog,3.22,No
5885,A320,2.74,1.44,4.45,5.53,No,Fog,1.44,No
5886,B737,1.07,5.26,1.01,5.46,No,Clear,1.54,Yes
5887,A320,3.57,9.02,7.09,8.92,Yes,Clear,8.79,Yes
5888,A380,6.43,7.9,8.16,7.35,No,Thunderstorm,2.73,No
5889,A350,6.3,7.74,1.78,4.5,Yes,Clear,5.47,No
5890,A380,5.8,5.35,8.29,6.98,Yes,Thunderstorm,5.65,No
5891,A320,1.98,1.66,7.83,4.67,Yes,Thunderstorm,9.02,No
5892,B787,9.99,1.8,3.41,1.77,Yes,Rain,4.5,Yes
5893,B787,9.63,3.55,6.49,7.78,Yes,Clear,7.97,No
5894,A350,1.9,3.67,8.07,5.33,No,Thunderstorm,8.56,Yes
5895,A380,0.86,6.76,5.78,8.64,Yes,Clear,4.11,Yes
5896,A320,4.3,9.13,4.0,4.9,Yes,Thunderstorm,0.04,Yes
5897,A320,3.04,1.25,0.32,6.8,No,Fog,1.14,No
5898,B737,3.33,8.45,9.59,9.42,Yes,Thunderstorm,2.0,Yes
5899,A320,2.4,5.69,5.2,0.59,Yes,Clear,0.86,Yes
5900,A350,6.53,5.12,7.86,9.71,Yes,Clear,1.89,No
5901,A350,7.47,5.04,9.81,5.54,Yes,Snow,6.51,No
5902,A320,1.61,9.79,7.18,1.98,Yes,Fog,4.97,Yes
5903,A320,7.8,5.53,9.79,0.12,No,Fog,6.48,No
5904,B787,9.06,7.86,3.66,9.14,No,Rain,8.77,Yes
5905,A380,8.92,1.95,9.82,4.82,No,Thunderstorm,9.72,No
5906,B787,2.03,5.03,5.28,9.6,Yes,Thunderstorm,1.13,No
5907,A350,3.74,9.24,0.14,8.77,No,Thunderstorm,3.34,Yes
5908,B737,1.32,5.71,7.34,8.6,Yes,Clear,7.74,No
5909,A350,6.42,7.0,8.76,5.11,Yes,Rain,4.83,No
5910,A320,9.16,9.28,6.64,3.75,Yes,Snow,7.24,Yes
5911,A320,7.34,3.78,2.57,6.58,No,Rain,6.32,Yes
5912,A350,2.49,2.45,7.93,1.58,Yes,Clear,0.11,Yes
5913,A350,7.44,1.95,0.61,9.23,Yes,Clear,0.21,Yes
5914,B787,8.24,2.76,3.73,2.54,Yes,Snow,3.47,No
5915,B737,4.57,0.01,5.77,8.81,Yes,Snow,7.75,Yes
5916,A380,0.46,6.84,6.07,0.31,Yes,Rain,9.54,Yes
5917,B787,9.2,4.84,0.44,1.37,No,Clear,0.56,No
5918,A320,7.08,2.45,1.06,3.26,Yes,Clear,4.67,No
5919,B737,9.24,6.33,4.14,8.68,Yes,Thunderstorm,9.3,Yes
5920,A350,5.46,6.54,6.54,3.64,No,Clear,3.81,Yes
5921,A320,6.41,7.53,9.71,0.77,No,Thunderstorm,9.76,No
5922,B787,8.89,8.08,2.58,5.34,No,Clear,5.47,No
5923,A350,6.37,7.14,3.2,1.47,No,Rain,4.97,No
5924,A380,4.73,1.13,9.35,0.29,No,Thunderstorm,0.16,No
5925,A350,1.98,3.91,3.76,7.87,Yes,Thunderstorm,3.72,Yes
5926,A350,8.29,5.18,2.11,0.67,Yes,Snow,3.28,No
5927,A380,5.84,9.68,1.05,1.32,No,Rain,4.91,No
5928,B737,5.07,3.94,7.55,6.38,No,Fog,2.63,No
5929,A350,1.01,4.26,4.45,5.46,Yes,Thunderstorm,1.39,Yes
5930,A380,1.9,6.17,0.01,6.05,No,Snow,2.89,No
5931,A350,7.32,7.43,0.55,7.2,Yes,Snow,5.41,Yes
5932,B737,4.52,7.76,0.85,4.15,No,Thunderstorm,0.74,Yes
5933,A380,6.94,7.26,9.54,6.83,Yes,Thunderstorm,0.72,No
5934,A350,0.06,6.55,2.2,5.77,Yes,Thunderstorm,4.58,Yes
5935,A380,2.31,2.31,5.99,4.96,No,Fog,5.01,No
5936,B737,6.51,2.18,7.17,9.51,Yes,Fog,1.03,Yes
5937,A380,3.05,4.96,5.96,0.14,Yes,Fog,0.29,Yes
5938,B787,8.66,4.83,9.56,7.14,Yes,Clear,7.99,No
5939,A320,3.85,7.26,5.98,6.83,No,Fog,4.69,Yes
5940,A380,1.41,2.17,5.3,6.06,Yes,Snow,8.5,No
5941,B737,4.41,4.73,6.97,2.44,Yes,Rain,8.31,No
5942,B737,2.09,9.84,4.29,7.04,No,Rain,5.39,No
5943,A320,8.25,7.35,2.54,6.73,Yes,Fog,9.23,No
5944,B787,3.28,6.94,0.84,7.0,No,Clear,6.76,Yes
5945,A350,3.04,3.21,0.19,6.75,Yes,Rain,7.87,Yes
5946,B737,9.75,7.27,5.08,0.11,Yes,Rain,0.26,Yes
5947,B737,0.3,9.58,3.74,9.82,No,Snow,1.44,Yes
5948,A320,6.12,4.4,8.24,2.81,No,Rain,6.59,No
5949,B787,1.09,8.51,4.82,1.0,Yes,Thunderstorm,8.9,Yes
5950,B787,5.93,5.41,9.35,2.77,Yes,Clear,0.6,Yes
5951,A320,0.01,4.43,7.73,7.51,No,Fog,0.46,Yes
5952,A320,2.35,9.96,3.29,0.72,Yes,Clear,4.44,No
5953,B737,9.76,9.39,0.13,1.04,No,Fog,0.85,Yes
5954,B787,4.78,0.26,9.8,0.01,No,Thunderstorm,6.3,No
5955,B737,4.07,7.0,7.87,1.81,No,Thunderstorm,9.85,No
5956,A350,3.14,5.85,1.08,6.73,Yes,Fog,6.21,No
5957,B737,7.35,3.44,6.45,5.36,Yes,Fog,8.17,Yes
5958,A350,2.55,3.28,1.96,2.78,Yes,Thunderstorm,4.77,No
5959,A380,9.27,5.54,6.95,4.85,Yes,Rain,7.54,No
5960,A350,1.5,9.35,3.83,3.48,No,Snow,8.53,Yes
5961,A320,5.02,5.11,9.34,2.65,No,Thunderstorm,0.53,Yes
5962,B737,1.32,0.09,9.78,9.1,No,Snow,9.14,No
5963,A320,2.15,5.24,0.04,5.85,Yes,Rain,7.33,No
5964,B787,0.49,1.09,10.0,9.78,No,Thunderstorm,0.67,No
5965,B787,5.04,4.53,9.13,2.09,Yes,Fog,4.73,No
5966,A320,6.36,9.14,4.85,6.29,No,Clear,3.15,Yes
5967,A350,6.18,6.26,2.65,4.25,No,Snow,7.76,Yes
5968,A380,4.64,0.42,9.33,5.63,Yes,Thunderstorm,5.25,Yes
5969,B787,2.71,4.63,2.99,0.03,No,Clear,3.05,No
5970,A320,1.8,6.71,1.97,3.74,Yes,Snow,5.25,No
5971,A320,7.19,6.71,2.19,4.83,No,Snow,2.63,No
5972,B787,4.98,1.3,4.54,5.9,Yes,Rain,9.94,Yes
5973,B737,4.73,6.51,5.56,7.03,No,Clear,8.93,No
5974,A380,0.18,9.22,6.29,6.71,No,Clear,9.49,No
5975,A350,1.41,5.49,2.94,8.92,Yes,Rain,4.37,Yes
5976,A320,7.39,5.16,8.31,9.2,Yes,Clear,2.27,No
5977,A350,8.42,1.51,4.41,3.4,Yes,Snow,6.83,No
5978,B737,3.39,2.95,3.16,4.01,Yes,Thunderstorm,9.14,Yes
5979,B787,5.31,1.07,3.36,2.77,Yes,Rain,9.58,Yes
5980,A350,0.27,5.7,1.0,3.6,No,Clear,1.88,Yes
5981,A350,4.9,9.54,4.48,0.7,Yes,Fog,9.95,Yes
5982,A350,6.76,3.82,3.68,5.77,No,Fog,9.13,No
5983,A320,0.18,2.62,0.85,2.19,No,Rain,1.05,Yes
5984,A380,5.65,7.97,6.3,1.4,No,Snow,6.77,Yes
5985,B737,6.57,8.33,2.65,0.93,Yes,Snow,6.4,No
5986,B737,7.53,7.81,2.69,2.57,No,Fog,1.41,No
5987,A320,5.28,7.67,2.87,1.6,No,Rain,7.43,No
5988,B737,9.93,5.07,0.12,9.63,No,Clear,9.91,No
5989,A380,3.31,5.57,3.18,0.93,Yes,Snow,4.26,No
5990,A320,9.72,7.13,5.12,3.56,No,Rain,0.31,No
5991,B737,4.91,7.7,4.78,7.84,No,Snow,7.99,Yes
5992,A320,7.84,2.3,5.48,4.68,Yes,Snow,6.9,No
5993,B787,1.92,1.38,9.65,4.03,Yes,Thunderstorm,5.34,Yes
5994,A320,6.0,1.47,3.86,7.42,Yes,Fog,8.88,No
5995,A350,2.77,3.58,2.9,5.06,No,Rain,4.43,Yes
5996,A350,9.17,3.06,0.43,7.11,Yes,Clear,1.3,Yes
5997,B737,3.81,3.56,8.66,8.88,Yes,Thunderstorm,2.17,Yes
5998,B787,8.32,1.81,2.17,3.75,No,Clear,5.72,No
5999,A320,0.86,4.7,7.68,9.08,Yes,Rain,8.69,Yes
6000,B737,3.33,0.21,7.26,0.34,No,Snow,6.4,Yes
6001,A350,7.47,2.94,0.27,5.31,Yes,Snow,5.54,No
6002,A380,3.5,8.5,6.21,7.39,No,Thunderstorm,4.83,Yes
6003,A320,4.58,8.15,6.33,7.34,Yes,Thunderstorm,1.91,No
6004,A380,3.95,3.91,3.42,9.46,No,Fog,1.31,Yes
6005,A380,9.96,9.54,7.82,6.45,No,Rain,3.47,No
6006,B787,2.39,7.81,0.45,7.57,No,Rain,2.82,Yes
6007,B787,2.09,0.74,9.04,5.05,Yes,Rain,4.33,No
6008,A320,0.34,6.84,5.55,2.08,No,Snow,5.35,No
6009,A350,9.54,0.56,0.38,8.38,Yes,Snow,0.55,Yes
6010,A320,9.55,2.86,8.07,3.0,Yes,Rain,1.25,No
6011,A320,5.24,2.26,1.44,1.96,No,Thunderstorm,3.34,Yes
6012,B737,1.91,0.32,4.71,5.11,No,Clear,9.39,Yes
6013,B737,2.21,9.51,0.6,5.89,No,Fog,5.92,No
6014,A380,4.31,6.17,8.71,4.37,Yes,Rain,1.36,Yes
6015,B737,4.93,8.74,4.21,8.42,Yes,Snow,9.38,Yes
6016,B737,6.82,2.91,0.64,1.8,Yes,Thunderstorm,1.53,No
6017,B737,2.96,0.66,0.18,6.61,Yes,Fog,9.77,Yes
6018,A380,6.9,9.5,9.64,0.19,No,Rain,9.31,Yes
6019,A380,5.35,9.0,4.79,0.88,No,Clear,3.06,No
6020,A380,0.32,5.06,8.46,0.48,Yes,Rain,1.27,No
6021,A380,9.75,8.82,1.13,7.39,Yes,Snow,5.31,Yes
6022,A350,7.44,0.58,8.48,9.72,Yes,Snow,5.54,Yes
6023,B787,9.71,7.02,1.99,2.8,Yes,Fog,6.05,No
6024,A380,1.26,3.19,5.45,8.12,No,Rain,3.01,No
6025,A350,5.03,8.98,1.59,4.36,Yes,Fog,9.09,No
6026,A380,1.36,1.3,4.34,0.34,No,Snow,2.36,Yes
6027,A380,8.93,9.79,5.34,5.92,No,Fog,9.15,No
6028,B787,8.9,7.67,0.99,7.8,No,Fog,1.03,Yes
6029,B787,7.51,2.83,8.88,7.66,Yes,Clear,4.66,Yes
6030,A320,0.59,5.11,7.0,5.97,No,Fog,2.92,No
6031,B787,9.17,5.73,4.42,9.15,No,Snow,1.79,No
6032,A320,2.69,0.53,7.82,2.87,No,Thunderstorm,8.97,Yes
6033,A320,2.46,4.07,2.45,1.65,No,Snow,8.55,Yes
6034,A320,3.86,0.41,1.44,5.57,No,Fog,9.69,No
6035,B737,5.41,3.77,2.36,0.42,No,Fog,7.13,Yes
6036,B787,0.19,5.25,1.61,9.33,Yes,Rain,3.05,No
6037,A380,2.82,0.57,8.33,9.61,No,Rain,0.54,Yes
6038,B737,5.96,1.49,4.74,1.9,No,Snow,9.38,Yes
6039,A350,6.99,5.06,9.2,0.62,Yes,Thunderstorm,8.98,Yes
6040,A380,1.01,3.48,9.7,2.17,Yes,Rain,4.75,Yes
6041,A320,5.52,6.23,7.09,0.12,Yes,Rain,1.84,Yes
6042,A350,6.1,3.46,1.23,6.4,No,Fog,9.67,No
6043,A320,2.53,2.46,8.88,4.52,Yes,Rain,7.14,Yes
6044,B787,6.58,9.95,5.72,4.61,Yes,Thunderstorm,8.83,Yes
6045,A350,5.16,6.62,5.81,5.92,No,Clear,1.51,Yes
6046,A320,1.99,0.96,7.15,5.77,No,Fog,7.67,No
6047,A350,0.88,7.33,1.15,3.97,Yes,Snow,6.91,Yes
6048,B737,1.63,3.03,6.47,3.05,No,Fog,1.43,Yes
6049,A320,3.66,5.77,5.89,1.64,Yes,Rain,3.2,No
6050,A350,6.33,6.27,7.41,8.74,Yes,Snow,6.8,Yes
6051,B737,4.42,6.26,6.92,4.57,No,Rain,2.33,Yes
6052,A320,4.02,6.5,2.34,8.55,No,Snow,4.51,No
6053,A350,8.43,0.87,6.54,1.64,No,Snow,8.96,Yes
6054,B787,7.68,9.49,1.2,8.48,No,Thunderstorm,0.66,Yes
6055,B737,2.14,8.52,2.0,5.36,No,Rain,2.29,Yes
6056,B737,1.53,8.7,9.8,2.11,No,Rain,7.69,Yes
6057,A350,4.95,6.26,9.25,7.84,Yes,Snow,3.78,Yes
6058,A350,9.59,3.65,9.47,1.08,Yes,Clear,6.56,No
6059,A320,1.37,5.72,0.25,7.24,Yes,Thunderstorm,1.36,Yes
6060,A320,0.75,4.17,7.95,0.62,No,Thunderstorm,2.37,No
6061,A320,7.07,7.7,7.01,8.8,Yes,Thunderstorm,2.38,No
6062,B787,3.4,7.98,0.18,6.83,Yes,Clear,8.04,No
6063,B737,2.9,9.03,8.86,7.06,No,Clear,0.73,No
6064,A350,8.3,5.2,2.57,5.72,No,Rain,1.69,Yes
6065,B787,1.08,5.81,5.57,7.28,Yes,Fog,7.99,No
6066,B787,9.47,8.48,3.72,0.76,No,Snow,2.39,No
6067,A380,2.72,3.6,0.62,0.1,Yes,Thunderstorm,0.46,No
6068,A380,9.36,5.56,1.53,4.35,Yes,Fog,2.65,No
6069,B737,0.45,9.78,2.96,3.9,Yes,Fog,5.54,No
6070,A320,3.45,5.41,7.87,7.1,No,Rain,0.07,Yes
6071,A380,3.62,9.78,9.98,0.36,No,Rain,6.52,No
6072,A380,2.92,3.48,7.05,4.59,No,Snow,7.12,Yes
6073,A380,3.75,5.91,2.82,2.72,Yes,Fog,2.5,Yes
6074,A380,7.51,8.94,4.98,8.77,Yes,Thunderstorm,9.55,No
6075,A320,9.87,9.74,3.05,8.74,Yes,Clear,9.07,No
6076,B787,7.18,7.04,6.46,1.49,No,Clear,8.71,Yes
6077,A350,7.76,6.94,0.75,9.44,Yes,Snow,0.74,Yes
6078,B787,5.13,4.73,5.63,5.98,No,Thunderstorm,1.31,No
6079,A380,5.13,2.71,0.71,7.46,No,Rain,3.9,Yes
6080,B737,8.43,6.37,5.37,2.99,No,Thunderstorm,1.04,No
6081,B787,7.48,9.14,6.31,9.12,Yes,Fog,2.91,No
6082,A350,1.28,9.44,0.56,5.7,No,Thunderstorm,4.76,Yes
6083,A380,1.29,2.65,0.18,1.01,Yes,Thunderstorm,8.65,No
6084,A320,1.79,4.18,1.56,2.23,No,Rain,6.52,No
6085,A380,9.19,5.94,0.78,6.23,Yes,Fog,6.74,Yes
6086,A320,0.5,7.24,0.76,4.39,Yes,Thunderstorm,5.6,No
6087,B787,3.97,4.23,4.73,0.88,No,Fog,2.04,No
6088,A350,9.36,5.65,9.48,0.76,No,Rain,8.45,Yes
6089,B787,7.23,9.93,3.33,6.18,No,Clear,9.14,Yes
6090,A320,7.53,1.82,9.7,6.82,Yes,Fog,2.37,Yes
6091,A380,3.22,4.25,5.93,2.67,Yes,Fog,3.44,No
6092,A320,0.83,4.95,9.81,9.98,Yes,Snow,1.74,Yes
6093,A380,8.4,3.15,1.79,9.32,No,Snow,5.14,No
6094,A380,5.11,5.95,5.48,5.66,Yes,Fog,1.81,No
6095,B787,9.82,8.18,7.16,9.54,Yes,Rain,2.96,No
6096,A320,8.3,7.1,8.05,2.1,Yes,Fog,9.64,Yes
6097,B737,1.61,8.5,2.82,0.12,Yes,Fog,1.74,Yes
6098,A350,9.38,2.54,4.16,0.62,No,Thunderstorm,5.02,No
6099,B737,1.84,4.17,3.22,1.83,No,Fog,9.19,Yes
6100,A320,1.26,8.16,4.93,2.5,Yes,Fog,9.69,No
6101,A320,2.89,5.23,9.98,9.59,Yes,Fog,5.16,Yes
6102,B737,0.39,3.28,4.11,1.47,Yes,Snow,9.85,Yes
6103,B787,5.55,0.94,9.1,4.3,Yes,Snow,0.49,No
6104,A380,4.22,9.41,4.4,3.74,No,Clear,0.98,No
6105,A350,2.62,4.71,1.84,0.2,No,Thunderstorm,5.75,Yes
6106,A350,1.42,8.65,6.56,9.55,No,Fog,9.75,No
6107,B737,6.41,8.26,3.75,6.28,Yes,Rain,7.74,No
6108,B787,5.27,6.94,4.02,5.97,Yes,Fog,7.06,No
6109,A350,6.95,5.14,9.27,4.53,Yes,Thunderstorm,8.66,Yes
6110,B787,0.84,9.48,4.16,4.21,Yes,Rain,9.06,No
6111,A380,9.69,4.99,5.22,9.38,Yes,Thunderstorm,3.57,Yes
6112,A350,9.92,4.74,3.43,0.94,Yes,Fog,8.71,Yes
6113,A350,4.87,1.61,0.28,3.7,No,Fog,3.56,Yes
6114,B787,9.81,0.09,5.18,2.37,No,Rain,9.91,Yes
6115,A350,0.36,0.71,4.4,9.03,Yes,Thunderstorm,1.51,No
6116,A320,2.39,4.83,2.27,7.51,Yes,Snow,2.75,No
6117,B737,8.01,2.18,1.41,4.41,No,Snow,4.66,No
6118,B737,8.63,4.19,1.92,1.62,Yes,Thunderstorm,2.71,No
6119,A320,2.0,2.94,3.43,3.87,No,Snow,5.57,Yes
6120,B737,1.14,2.5,2.68,6.23,No,Snow,8.24,Yes
6121,A320,7.89,2.94,0.23,0.29,Yes,Fog,4.21,No
6122,A320,6.73,6.11,3.13,1.76,No,Fog,1.14,Yes
6123,A380,6.49,9.34,2.54,3.52,Yes,Clear,3.23,No
6124,B787,9.92,5.87,0.84,1.45,Yes,Snow,7.36,Yes
6125,B787,7.84,6.02,6.11,4.95,No,Snow,8.14,Yes
6126,A380,4.39,0.69,3.33,4.34,Yes,Rain,1.53,Yes
6127,A350,5.52,7.11,9.87,9.58,Yes,Rain,1.59,Yes
6128,A320,4.64,8.81,0.79,1.19,No,Snow,0.17,No
6129,B737,3.23,9.3,9.57,7.79,No,Clear,3.91,Yes
6130,A350,0.99,6.07,6.88,4.46,Yes,Rain,6.38,Yes
6131,A380,2.92,1.51,8.9,2.86,No,Rain,9.17,No
6132,B787,3.18,2.63,5.75,3.11,Yes,Fog,5.17,Yes
6133,A350,4.86,6.59,7.61,0.64,No,Fog,4.33,Yes
6134,B737,1.14,3.56,3.11,2.87,No,Clear,5.54,No
6135,A380,0.79,9.51,0.01,3.54,Yes,Thunderstorm,2.47,Yes
6136,B787,2.01,5.26,9.37,9.5,No,Rain,1.52,No
6137,A380,6.02,2.59,9.97,8.46,No,Snow,3.53,Yes
6138,B787,8.06,7.75,4.82,5.59,No,Fog,0.34,No
6139,A380,5.55,8.34,7.77,1.47,Yes,Clear,6.25,No
6140,B737,3.5,2.81,6.2,8.9,Yes,Rain,1.32,No
6141,A380,8.21,3.01,0.9,3.39,Yes,Thunderstorm,9.39,Yes
6142,A320,3.22,8.24,0.35,9.24,Yes,Snow,8.03,Yes
6143,A350,6.46,4.26,8.79,4.47,No,Rain,3.39,Yes
6144,B737,2.19,6.95,8.73,7.65,Yes,Clear,8.83,Yes
6145,A320,2.35,5.73,4.88,7.31,Yes,Fog,8.86,Yes
6146,A320,5.7,2.01,3.19,7.06,No,Thunderstorm,0.13,No
6147,B737,1.22,9.66,7.03,7.18,No,Rain,7.02,Yes
6148,A320,9.75,4.98,7.91,3.06,Yes,Clear,2.44,Yes
6149,B787,5.51,9.48,4.02,7.87,Yes,Snow,7.22,No
6150,B737,4.63,6.21,9.65,7.29,No,Clear,5.78,Yes
6151,A320,6.4,8.98,9.86,7.16,No,Rain,4.06,Yes
6152,A380,1.26,3.11,6.5,2.82,No,Fog,4.82,Yes
6153,A380,1.84,2.43,6.18,6.74,Yes,Thunderstorm,2.15,No
6154,A380,2.22,0.99,9.32,6.1,Yes,Thunderstorm,0.88,Yes
6155,A380,9.65,0.78,3.86,4.2,Yes,Rain,4.89,No
6156,A380,6.03,8.77,1.48,3.96,No,Clear,2.93,Yes
6157,B787,5.09,9.69,9.21,4.46,No,Rain,2.76,No
6158,A380,2.45,5.01,7.08,3.23,Yes,Snow,5.27,No
6159,B737,9.02,5.78,2.07,3.5,No,Snow,2.33,Yes
6160,A320,1.82,8.69,2.69,2.57,No,Fog,6.02,No
6161,A350,3.92,9.27,7.6,1.59,Yes,Thunderstorm,8.5,No
6162,A320,8.29,3.24,9.68,4.79,Yes,Thunderstorm,6.8,No
6163,B737,4.81,4.46,6.13,2.54,Yes,Fog,1.29,No
6164,A380,1.5,9.23,5.7,9.81,No,Thunderstorm,9.24,Yes
6165,A350,8.33,9.73,0.02,2.35,No,Fog,2.98,No
6166,A380,5.51,4.13,7.56,9.51,Yes,Rain,9.01,Yes
6167,B737,7.07,4.62,9.29,5.87,Yes,Rain,5.64,Yes
6168,A380,6.58,9.05,8.52,6.16,Yes,Snow,7.37,No
6169,A350,2.8,0.85,5.77,7.38,Yes,Fog,8.53,Yes
6170,B787,5.95,2.64,7.35,9.0,Yes,Clear,9.0,Yes
6171,A380,5.7,3.21,6.99,4.81,No,Rain,5.75,Yes
6172,A380,3.36,5.21,7.22,8.58,Yes,Thunderstorm,3.2,No
6173,A320,8.79,5.89,7.69,4.03,Yes,Fog,4.76,Yes
6174,A350,8.75,9.97,1.96,6.92,No,Thunderstorm,5.99,Yes
6175,B737,2.96,1.94,2.09,3.97,No,Clear,9.95,No
6176,B787,2.07,8.8,3.11,6.23,Yes,Snow,4.95,No
6177,A380,2.84,6.96,1.56,4.08,No,Rain,9.68,Yes
6178,A350,7.74,1.17,5.27,3.38,No,Fog,5.08,No
6179,A320,2.86,0.51,0.77,6.7,No,Fog,2.07,No
6180,A380,3.96,5.0,6.26,3.62,No,Snow,0.17,No
6181,A380,7.55,3.49,0.99,4.58,Yes,Fog,8.62,Yes
6182,A320,4.81,6.26,1.78,3.63,No,Fog,7.71,No
6183,B787,8.31,0.43,6.42,3.65,Yes,Fog,5.67,No
6184,A350,8.72,0.6,1.27,7.98,Yes,Snow,8.24,Yes
6185,A320,9.82,6.85,4.1,2.75,Yes,Rain,2.35,No
6186,B787,1.16,2.25,5.43,1.67,No,Clear,0.97,No
6187,A380,4.86,8.69,7.34,1.09,No,Fog,5.03,Yes
6188,A350,3.48,1.32,3.92,9.97,Yes,Clear,2.31,No
6189,A380,7.04,0.74,3.73,6.85,Yes,Fog,9.27,No
6190,B737,1.66,5.02,1.81,3.55,Yes,Fog,3.65,No
6191,B787,4.94,1.35,7.36,5.92,No,Fog,0.91,Yes
6192,A350,5.93,9.44,5.44,0.92,No,Fog,8.71,Yes
6193,B737,6.0,8.45,5.27,3.72,No,Rain,7.0,No
6194,B737,5.95,8.99,7.43,3.64,Yes,Clear,9.25,Yes
6195,A320,7.31,3.01,7.62,0.93,Yes,Clear,7.01,Yes
6196,A380,6.51,1.8,7.95,4.48,Yes,Clear,1.6,Yes
6197,B737,7.43,6.61,5.89,9.85,No,Fog,7.99,No
6198,A350,7.1,6.04,9.27,7.71,No,Fog,7.08,Yes
6199,A320,0.14,5.79,9.16,6.93,No,Rain,3.36,Yes
6200,A380,3.92,9.81,6.88,0.22,No,Clear,1.33,No
6201,B737,4.73,8.99,7.47,1.56,No,Fog,7.25,Yes
6202,A320,2.3,7.5,6.11,9.84,No,Fog,7.77,Yes
6203,B737,5.52,5.21,1.49,6.34,Yes,Fog,2.94,No
6204,A320,1.04,3.44,5.37,5.09,No,Thunderstorm,6.97,Yes
6205,B787,8.75,5.89,2.74,6.92,No,Fog,3.12,No
6206,A380,8.84,1.35,6.4,9.41,Yes,Clear,1.04,Yes
6207,B787,3.15,5.38,3.83,1.35,No,Rain,1.62,No
6208,B737,0.45,8.68,7.58,5.46,Yes,Snow,3.74,No
6209,B787,7.64,6.34,7.96,4.29,No,Fog,2.43,No
6210,B787,2.95,6.03,2.38,6.47,Yes,Rain,9.74,Yes
6211,B737,6.99,4.39,8.29,7.0,No,Snow,4.1,Yes
6212,B787,3.06,2.6,5.5,1.74,Yes,Snow,5.03,Yes
6213,B737,3.88,5.42,0.56,3.01,Yes,Thunderstorm,8.37,No
6214,A380,4.79,0.29,3.31,8.65,Yes,Snow,6.28,Yes
6215,B787,0.5,2.37,5.13,3.1,Yes,Snow,1.02,Yes
6216,A320,0.06,1.88,9.11,4.14,Yes,Clear,8.59,Yes
6217,B787,2.3,8.24,1.29,7.29,Yes,Thunderstorm,5.74,No
6218,A350,7.35,3.88,5.54,1.57,No,Clear,4.54,No
6219,A380,3.75,5.45,1.14,5.78,No,Thunderstorm,2.62,No
6220,B737,6.88,9.81,0.33,8.06,Yes,Rain,8.54,No
6221,B737,4.27,4.52,9.02,9.04,No,Thunderstorm,8.34,Yes
6222,B737,8.83,1.96,3.99,6.75,Yes,Fog,8.97,Yes
6223,A380,1.27,1.19,8.0,4.94,No,Snow,5.46,No
6224,B737,5.78,0.66,3.55,1.63,No,Snow,7.89,Yes
6225,A380,2.11,8.55,2.43,0.99,No,Fog,8.5,Yes
6226,B787,6.02,5.49,0.78,4.09,Yes,Snow,0.08,No
6227,A320,2.59,6.58,4.12,2.71,Yes,Snow,1.01,Yes
6228,A350,3.54,6.73,7.13,0.89,Yes,Thunderstorm,6.92,No
6229,A350,7.97,5.5,4.78,0.92,No,Clear,8.51,No
6230,A320,6.49,0.76,9.19,4.47,No,Thunderstorm,7.86,Yes
6231,B787,7.06,9.58,7.05,7.96,No,Rain,3.33,Yes
6232,A350,1.68,4.66,1.11,3.24,Yes,Thunderstorm,1.4,No
6233,A350,7.15,5.1,5.91,0.79,No,Thunderstorm,8.16,Yes
6234,A380,0.81,6.07,7.3,0.84,Yes,Snow,8.4,No
6235,B787,5.55,7.12,4.76,5.11,No,Clear,3.31,No
6236,B787,7.24,9.81,8.43,9.93,Yes,Thunderstorm,1.49,Yes
6237,B737,0.68,9.07,9.5,4.51,No,Thunderstorm,2.79,No
6238,A350,8.38,10.0,1.47,4.09,Yes,Snow,5.91,No
6239,A380,0.09,0.1,3.19,9.76,No,Rain,5.05,No
6240,B737,9.35,5.09,4.65,4.79,No,Thunderstorm,0.03,No
6241,A380,2.06,8.9,9.68,0.55,Yes,Snow,4.97,Yes
6242,A380,3.27,9.46,6.61,5.01,No,Rain,1.45,Yes
6243,A380,7.69,4.45,3.03,7.71,Yes,Thunderstorm,9.41,No
6244,B787,9.54,5.0,7.42,3.8,Yes,Thunderstorm,0.1,No
6245,A380,1.67,6.99,3.4,9.38,Yes,Clear,9.76,Yes
6246,A380,5.58,0.63,4.08,1.94,Yes,Fog,1.35,Yes
6247,B737,2.75,4.48,1.72,8.6,No,Thunderstorm,8.61,Yes
6248,A380,3.72,5.74,9.78,4.36,Yes,Snow,8.37,No
6249,A320,7.35,0.15,4.16,10.0,No,Thunderstorm,1.14,No
6250,B787,8.46,7.11,4.5,9.56,No,Clear,0.64,Yes
6251,B737,1.33,6.85,8.47,3.45,No,Clear,6.86,Yes
6252,A320,0.13,0.49,2.41,9.4,Yes,Rain,4.3,No
6253,A320,8.96,9.98,2.02,1.95,Yes,Snow,5.97,Yes
6254,A350,5.87,6.72,5.13,3.37,Yes,Rain,7.12,Yes
6255,B737,5.09,3.77,3.67,2.43,No,Rain,4.24,No
6256,A320,2.03,3.84,3.83,5.41,Yes,Thunderstorm,8.3,Yes
6257,B737,8.5,9.0,6.29,7.9,Yes,Rain,5.87,Yes
6258,B737,8.25,3.54,0.09,5.08,No,Snow,6.27,Yes
6259,B737,6.29,2.42,3.43,1.68,Yes,Snow,3.74,No
6260,B787,7.23,3.9,0.58,8.0,No,Thunderstorm,2.49,Yes
6261,A320,3.57,4.36,9.59,3.31,Yes,Clear,2.97,No
6262,B787,3.56,1.56,6.2,8.61,Yes,Rain,4.32,No
6263,B787,7.12,0.24,7.72,8.56,Yes,Thunderstorm,3.05,Yes
6264,B737,2.25,8.72,0.31,1.9,No,Snow,4.64,Yes
6265,A380,6.92,5.66,6.72,1.34,No,Rain,4.17,No
6266,A350,6.55,8.9,6.94,0.97,No,Snow,2.35,Yes
6267,A320,9.74,6.71,3.21,3.21,Yes,Clear,9.72,No
6268,B787,9.31,7.99,8.23,5.2,Yes,Rain,9.53,No
6269,A320,2.6,5.84,1.99,1.87,No,Rain,6.97,No
6270,B737,1.68,4.18,3.91,5.89,No,Rain,0.69,Yes
6271,B737,3.38,1.2,0.3,8.08,No,Rain,0.39,Yes
6272,B737,5.75,9.08,2.42,5.91,No,Clear,1.76,No
6273,A350,1.73,2.52,3.59,9.15,No,Snow,1.5,Yes
6274,A320,7.0,1.02,3.34,1.51,Yes,Fog,6.89,No
6275,B737,6.59,6.84,9.96,7.74,No,Rain,1.29,No
6276,A350,8.14,0.09,0.65,1.95,No,Clear,2.6,No
6277,A320,2.48,9.04,3.61,8.98,No,Rain,0.94,No
6278,A380,0.39,6.97,7.92,5.11,No,Thunderstorm,2.2,Yes
6279,A380,8.46,1.65,9.49,3.83,Yes,Snow,0.14,No
6280,A320,9.02,6.14,3.27,2.76,No,Snow,5.5,Yes
6281,A380,2.47,2.08,0.69,1.8,Yes,Rain,0.49,No
6282,B737,4.19,1.92,9.09,3.19,No,Fog,1.69,Yes
6283,A320,0.35,3.8,8.73,6.94,Yes,Thunderstorm,8.58,Yes
6284,B737,9.36,9.15,2.04,9.5,No,Rain,6.55,No
6285,B737,9.79,1.67,1.76,2.25,No,Clear,5.12,Yes
6286,B787,9.8,7.02,9.86,7.8,Yes,Fog,1.79,Yes
6287,A350,8.38,3.59,3.35,3.34,No,Thunderstorm,9.74,Yes
6288,A350,8.63,6.32,6.99,5.79,No,Snow,4.45,Yes
6289,A380,5.48,0.96,2.71,3.68,No,Snow,9.92,No
6290,A380,4.2,0.74,5.84,0.68,Yes,Fog,4.48,Yes
6291,A380,6.01,0.15,4.03,1.73,Yes,Clear,8.84,Yes
6292,B787,5.43,8.12,2.64,9.48,Yes,Thunderstorm,5.6,No
6293,B787,9.75,5.49,6.36,7.49,No,Rain,7.07,Yes
6294,B737,3.1,3.21,1.1,4.53,Yes,Clear,0.08,No
6295,B787,5.51,2.52,2.87,3.35,No,Thunderstorm,5.32,Yes
6296,A320,9.44,0.5,2.8,4.98,Yes,Rain,9.21,No
6297,B787,8.84,6.93,9.25,6.43,Yes,Rain,0.27,Yes
6298,A380,2.3,8.98,0.17,1.83,Yes,Rain,6.11,No
6299,A320,6.18,3.46,9.42,0.64,Yes,Thunderstorm,7.31,Yes
6300,B787,6.9,3.95,4.11,0.98,No,Thunderstorm,9.76,No
6301,A320,9.81,2.09,3.04,9.9,No,Fog,8.94,No
6302,A320,5.75,5.39,4.82,6.51,Yes,Thunderstorm,6.41,Yes
6303,B787,2.23,4.62,2.79,1.55,No,Fog,6.17,No
6304,B787,2.6,9.17,9.38,3.42,No,Clear,5.35,No
6305,B737,7.0,9.67,1.94,5.51,Yes,Snow,3.96,No
6306,B787,1.22,8.02,4.31,3.79,No,Fog,9.3,Yes
6307,A350,0.66,7.33,5.22,3.18,No,Rain,5.05,Yes
6308,A350,2.47,2.75,0.02,5.51,Yes,Clear,8.08,No
6309,A350,0.79,8.06,7.15,6.0,Yes,Thunderstorm,2.94,Yes
6310,B737,4.76,6.69,7.03,4.21,Yes,Rain,1.45,No
6311,A350,3.86,7.61,7.03,2.42,No,Rain,1.22,No
6312,A320,9.28,6.84,7.11,9.18,Yes,Thunderstorm,1.15,Yes
6313,A350,9.62,3.58,3.45,8.93,No,Fog,9.36,Yes
6314,A380,2.49,2.94,9.42,1.9,No,Snow,4.2,Yes
6315,B737,3.74,7.11,2.57,8.9,Yes,Fog,9.25,No
6316,A380,5.73,8.88,5.81,4.8,Yes,Thunderstorm,4.72,Yes
6317,A320,6.29,4.94,8.93,9.05,No,Thunderstorm,8.5,Yes
6318,B787,6.73,1.77,2.17,1.76,No,Rain,1.33,Yes
6319,B787,6.51,2.32,6.87,0.78,Yes,Snow,3.54,No
6320,A320,2.44,4.25,7.3,7.87,No,Fog,9.54,Yes
6321,B787,3.1,6.12,5.53,3.17,Yes,Fog,8.05,Yes
6322,B737,3.88,0.99,4.85,6.8,No,Thunderstorm,9.03,No
6323,A320,0.55,9.52,5.07,5.99,Yes,Thunderstorm,9.21,No
6324,B787,7.34,0.07,0.36,5.02,Yes,Clear,9.3,No
6325,B737,9.93,3.75,6.52,4.08,Yes,Clear,0.52,Yes
6326,A350,4.35,5.84,1.31,2.51,Yes,Clear,4.5,No
6327,B737,4.02,9.56,8.23,4.73,No,Fog,8.12,No
6328,A350,1.05,7.73,5.95,6.48,Yes,Thunderstorm,2.12,Yes
6329,A380,2.55,1.85,1.48,7.12,No,Snow,7.92,No
6330,B737,1.6,0.38,8.33,4.74,No,Rain,2.33,Yes
6331,A380,0.69,5.85,4.99,3.43,No,Fog,6.89,No
6332,A320,0.77,4.66,6.91,3.46,No,Snow,2.79,Yes
6333,B787,6.78,0.09,5.16,7.52,Yes,Rain,4.84,No
6334,A380,8.6,3.8,6.87,6.34,No,Rain,3.02,No
6335,A350,5.62,9.63,9.43,8.58,Yes,Clear,1.38,Yes
6336,A350,9.53,2.81,9.51,9.02,Yes,Fog,7.66,Yes
6337,A350,0.18,9.14,3.72,0.99,Yes,Rain,2.97,No
6338,B737,1.68,7.39,3.33,9.0,No,Thunderstorm,7.09,Yes
6339,A320,7.11,5.63,6.06,4.96,No,Fog,0.95,No
6340,A380,5.75,8.88,3.41,3.45,No,Rain,2.1,No
6341,B737,8.35,4.93,5.94,0.38,No,Snow,1.04,No
6342,B737,7.06,2.05,7.44,8.65,No,Snow,9.42,Yes
6343,A350,0.27,0.38,3.68,1.84,Yes,Clear,5.55,Yes
6344,B737,8.37,9.41,3.54,8.28,Yes,Thunderstorm,1.16,Yes
6345,B787,9.96,0.5,6.56,2.12,No,Thunderstorm,4.51,No
6346,B787,6.46,1.7,7.6,5.58,No,Thunderstorm,9.47,Yes
6347,A320,4.31,4.61,5.57,0.81,No,Thunderstorm,3.31,No
6348,B737,5.03,3.25,3.65,9.44,Yes,Snow,5.15,No
6349,A320,2.34,2.95,5.36,5.9,Yes,Rain,6.09,No
6350,A320,0.21,8.17,6.59,9.28,No,Snow,9.04,Yes
6351,A350,9.22,8.0,5.61,1.69,No,Thunderstorm,4.51,No
6352,A350,5.04,5.98,5.79,8.14,Yes,Rain,2.24,No
6353,B737,8.32,8.99,4.89,0.78,Yes,Snow,4.43,Yes
6354,A380,0.52,0.83,3.6,3.76,Yes,Snow,7.91,No
6355,B787,2.32,0.41,7.11,8.79,No,Snow,1.33,No
6356,A320,8.56,8.75,5.15,2.35,Yes,Snow,7.5,No
6357,A320,0.09,1.73,10.0,8.28,No,Snow,2.83,Yes
6358,B737,0.23,3.6,8.73,4.03,Yes,Snow,2.89,Yes
6359,A320,9.11,0.09,0.46,6.76,Yes,Fog,3.32,No
6360,A350,8.4,4.54,9.61,4.42,No,Fog,5.96,No
6361,A380,6.19,4.58,3.86,0.03,No,Clear,0.57,No
6362,A380,9.1,1.9,6.08,1.72,Yes,Snow,9.82,Yes
6363,A320,5.01,5.27,1.6,6.83,Yes,Thunderstorm,4.14,Yes
6364,B737,7.82,4.64,9.97,9.9,Yes,Thunderstorm,2.11,Yes
6365,B737,5.8,2.88,1.03,4.6,Yes,Clear,7.62,Yes
6366,B737,4.64,4.89,9.11,1.62,Yes,Rain,4.01,Yes
6367,B737,3.01,9.04,2.94,4.15,Yes,Thunderstorm,7.9,Yes
6368,B737,6.44,7.55,2.47,0.06,Yes,Fog,5.89,Yes
6369,A320,4.05,4.13,8.34,5.41,Yes,Clear,0.35,Yes
6370,B787,7.59,7.59,3.29,2.28,Yes,Thunderstorm,1.57,No
6371,A350,9.77,9.96,6.22,6.1,Yes,Rain,1.3,No
6372,B737,3.9,5.66,4.73,2.31,No,Snow,4.99,No
6373,A350,3.96,7.08,2.86,1.17,Yes,Clear,1.35,Yes
6374,B737,6.39,5.59,9.96,8.42,Yes,Snow,1.89,Yes
6375,A350,0.59,6.74,7.91,5.06,No,Clear,4.25,Yes
6376,A380,6.46,5.06,2.8,3.52,No,Rain,6.04,Yes
6377,B787,8.43,2.43,7.01,8.32,Yes,Fog,7.49,No
6378,A350,8.75,1.95,4.94,6.44,Yes,Snow,2.97,Yes
6379,A380,4.51,2.87,3.63,4.01,No,Thunderstorm,8.0,No
6380,A320,5.98,2.2,7.95,1.36,Yes,Rain,0.69,No
6381,A350,6.12,2.25,4.14,2.24,No,Fog,6.24,Yes
6382,A320,8.27,8.19,3.2,6.08,Yes,Fog,7.96,Yes
6383,A350,4.23,9.88,4.85,2.11,No,Snow,6.73,No
6384,B787,4.87,3.18,5.18,9.4,Yes,Rain,7.16,No
6385,A320,4.52,6.55,8.15,7.17,No,Fog,1.14,No
6386,B737,9.91,0.42,8.01,0.4,Yes,Clear,4.27,No
6387,A350,0.5,1.13,8.02,2.62,Yes,Snow,2.54,Yes
6388,A350,8.95,6.86,5.12,8.84,No,Clear,1.82,Yes
6389,A380,2.88,0.34,6.7,6.91,Yes,Snow,3.33,Yes
6390,B787,3.64,8.07,8.69,2.31,Yes,Rain,9.46,Yes
6391,A380,2.26,7.46,3.6,0.24,Yes,Rain,9.07,No
6392,B787,7.19,3.81,8.48,3.93,No,Rain,1.69,Yes
6393,B737,9.43,2.2,4.13,5.09,No,Clear,3.78,No
6394,A350,8.16,0.76,6.26,4.29,Yes,Clear,3.62,Yes
6395,B787,6.11,7.83,1.92,6.41,No,Snow,3.79,No
6396,A350,5.17,4.96,2.32,7.96,Yes,Fog,8.86,Yes
6397,B787,3.02,1.42,9.15,5.94,No,Fog,3.57,No
6398,B787,4.55,7.65,3.55,6.17,Yes,Snow,9.42,No
6399,B737,0.89,7.58,9.13,9.69,No,Thunderstorm,7.53,Yes
6400,A320,10.0,7.82,1.14,4.85,Yes,Clear,2.68,Yes
6401,B737,7.96,5.61,7.72,0.31,No,Fog,1.71,Yes
6402,A380,3.91,5.11,8.51,4.37,Yes,Fog,3.69,Yes
6403,A320,0.38,8.46,8.16,1.63,Yes,Snow,0.65,Yes
6404,B787,8.94,4.16,3.57,5.04,Yes,Snow,3.89,No
6405,B787,2.33,5.55,7.76,2.63,Yes,Snow,7.91,Yes
6406,B787,2.37,1.66,4.67,2.76,Yes,Clear,0.02,Yes
6407,A380,9.15,4.94,4.22,7.43,No,Thunderstorm,7.31,Yes
6408,B737,2.41,7.15,7.0,4.32,No,Clear,4.31,Yes
6409,A320,0.71,1.91,0.28,6.96,Yes,Rain,0.29,No
6410,A320,2.38,9.07,6.03,3.92,No,Clear,1.01,Yes
6411,A350,6.72,0.58,4.11,8.48,No,Rain,8.66,No
6412,B787,6.73,1.28,5.18,6.1,No,Fog,4.48,Yes
6413,B737,9.67,4.33,1.72,7.65,No,Thunderstorm,3.13,No
6414,A350,7.94,5.23,2.8,4.83,No,Thunderstorm,3.47,No
6415,A350,6.56,0.08,3.14,3.18,No,Thunderstorm,6.01,Yes
6416,A380,2.79,9.72,2.04,2.03,No,Clear,9.12,No
6417,A320,5.45,0.89,4.44,0.26,No,Fog,9.91,Yes
6418,B787,1.08,9.33,5.27,9.36,Yes,Rain,1.14,Yes
6419,B787,5.72,4.2,5.79,1.0,No,Thunderstorm,7.82,Yes
6420,A380,9.73,6.77,6.19,3.0,No,Thunderstorm,3.25,No
6421,A320,7.51,6.54,9.28,7.86,No,Rain,8.68,Yes
6422,A380,5.91,4.59,9.91,5.24,No,Fog,4.27,No
6423,B737,2.21,3.19,0.77,4.51,Yes,Rain,5.48,No
6424,B737,9.55,8.54,6.15,4.99,No,Snow,9.1,Yes
6425,A320,7.28,5.89,7.83,4.74,Yes,Rain,2.16,Yes
6426,A350,9.67,4.2,4.99,8.67,Yes,Rain,2.34,Yes
6427,A380,1.96,1.16,5.29,2.17,Yes,Thunderstorm,4.32,No
6428,B787,8.21,1.1,6.89,4.23,No,Snow,9.21,No
6429,A350,2.32,2.28,4.85,9.15,Yes,Snow,5.28,No
6430,A380,5.46,8.09,6.59,3.07,Yes,Clear,4.32,Yes
6431,B737,9.38,7.92,4.24,2.2,Yes,Rain,5.19,Yes
6432,A320,6.9,0.83,9.31,3.22,Yes,Rain,0.71,No
6433,A350,2.6,1.72,7.87,9.35,Yes,Fog,4.48,Yes
6434,A380,5.43,9.26,5.87,2.76,No,Fog,8.52,No
6435,A350,2.16,7.78,8.68,4.47,Yes,Fog,9.35,Yes
6436,A320,6.37,6.25,4.71,0.52,No,Clear,8.14,Yes
6437,A320,1.28,0.41,4.17,1.86,No,Clear,6.61,No
6438,A380,8.71,3.98,8.62,0.76,Yes,Rain,1.21,No
6439,A320,1.28,3.68,8.83,7.02,Yes,Clear,1.6,Yes
6440,A320,7.22,8.84,5.85,3.48,Yes,Thunderstorm,2.71,No
6441,A320,8.51,7.97,2.26,3.17,No,Clear,5.37,Yes
6442,B787,1.39,9.08,6.45,5.94,Yes,Thunderstorm,2.06,Yes
6443,B737,3.99,3.54,0.63,8.61,Yes,Thunderstorm,6.73,No
6444,A320,7.81,8.11,4.76,9.74,Yes,Fog,2.06,Yes
6445,A350,0.29,5.88,3.75,7.52,Yes,Thunderstorm,5.6,No
6446,B787,9.31,5.84,7.02,4.9,Yes,Thunderstorm,1.85,Yes
6447,A350,1.42,8.92,5.99,4.43,Yes,Snow,3.78,No
6448,B787,7.46,3.9,2.14,6.11,Yes,Snow,9.12,No
6449,A350,8.24,0.4,8.31,2.91,No,Snow,4.45,Yes
6450,B787,6.13,5.35,6.42,1.01,Yes,Snow,9.33,No
6451,B787,4.17,4.87,8.65,1.98,Yes,Snow,9.1,Yes
6452,B737,9.67,3.63,1.67,4.89,Yes,Thunderstorm,4.39,No
6453,B787,7.98,7.3,0.67,3.8,No,Fog,5.85,Yes
6454,B787,7.78,1.35,7.46,4.46,No,Rain,7.5,No
6455,A320,4.72,0.45,7.47,3.88,Yes,Rain,6.19,Yes
6456,A320,4.32,0.03,6.23,3.78,Yes,Clear,1.05,Yes
6457,A380,8.99,6.43,7.72,9.26,No,Snow,3.82,No
6458,B737,2.57,6.64,3.59,7.43,No,Fog,9.17,Yes
6459,A350,1.32,3.96,6.08,7.37,Yes,Rain,1.54,No
6460,A320,1.6,0.52,1.9,6.74,No,Thunderstorm,0.46,Yes
6461,A320,1.99,5.38,3.15,7.94,Yes,Snow,0.27,No
6462,A380,6.41,1.37,3.6,2.74,Yes,Snow,0.47,Yes
6463,A320,3.74,7.55,9.24,3.32,Yes,Fog,1.58,No
6464,A380,6.11,7.66,9.84,1.43,Yes,Clear,3.71,Yes
6465,A380,9.46,6.13,9.37,3.57,No,Rain,8.36,No
6466,A320,0.81,0.77,2.97,3.39,No,Clear,1.9,Yes
6467,A380,6.28,3.67,4.07,6.06,Yes,Rain,5.32,No
6468,A380,6.56,8.4,0.01,4.89,Yes,Fog,8.29,No
6469,B737,9.83,5.31,8.13,9.9,No,Fog,6.78,Yes
6470,A320,0.51,9.47,8.34,3.92,No,Snow,4.95,Yes
6471,B737,3.36,1.26,0.27,9.91,No,Snow,3.73,Yes
6472,A380,4.99,4.52,8.03,9.21,No,Rain,7.57,No
6473,A380,6.18,6.0,3.58,0.59,Yes,Rain,0.24,Yes
6474,A380,2.82,5.62,4.95,5.66,Yes,Thunderstorm,8.02,No
6475,A320,6.26,4.7,6.08,1.23,Yes,Rain,5.49,No
6476,B737,8.88,3.4,3.32,8.47,Yes,Fog,5.12,Yes
6477,A320,4.02,3.02,0.82,8.03,No,Snow,0.08,Yes
6478,A380,4.94,8.06,9.18,8.32,Yes,Fog,8.98,No
6479,A320,5.94,9.2,1.9,0.91,Yes,Thunderstorm,4.57,No
6480,A350,9.29,6.89,3.21,4.45,Yes,Snow,0.55,No
6481,B737,5.6,6.63,8.19,6.77,Yes,Snow,0.32,No
6482,A350,9.73,5.1,7.21,9.09,Yes,Clear,5.69,No
6483,A350,6.77,2.26,9.36,4.09,No,Fog,5.15,Yes
6484,A320,7.14,3.95,7.7,7.06,Yes,Snow,1.1,No
6485,A320,7.21,9.71,0.41,9.26,No,Clear,8.01,Yes
6486,B787,6.91,7.09,6.99,8.88,No,Clear,4.72,Yes
6487,A320,0.05,7.55,0.64,6.54,No,Snow,6.32,No
6488,A380,9.5,6.58,9.15,1.36,Yes,Thunderstorm,8.3,No
6489,A350,7.18,5.78,3.82,8.83,Yes,Rain,3.82,No
6490,B737,1.86,6.71,7.8,9.03,Yes,Clear,3.36,No
6491,B737,4.34,5.97,2.15,6.29,Yes,Clear,9.07,No
6492,A350,3.32,4.71,2.51,0.88,Yes,Fog,2.21,No
6493,B787,3.9,1.93,2.7,8.41,No,Fog,0.36,No
6494,A350,2.49,4.36,7.64,2.33,Yes,Thunderstorm,0.78,Yes
6495,A380,2.09,6.18,1.21,9.15,Yes,Fog,5.81,Yes
6496,A350,8.77,8.94,0.53,1.44,Yes,Snow,2.07,Yes
6497,A350,7.61,1.78,3.83,8.41,Yes,Thunderstorm,8.7,No
6498,B737,4.94,5.78,9.89,9.66,No,Rain,8.55,No
6499,B787,4.03,3.72,2.78,1.94,No,Snow,9.93,No
6500,B787,3.09,6.34,5.24,6.73,Yes,Clear,5.36,Yes
6501,A350,5.05,7.66,4.56,1.25,No,Snow,6.19,No
6502,B737,2.79,9.29,6.27,6.88,No,Thunderstorm,9.7,No
6503,A320,2.38,7.13,5.85,5.6,Yes,Snow,7.93,No
6504,A350,6.12,2.88,9.69,0.37,Yes,Clear,7.23,Yes
6505,B787,9.18,0.03,6.63,5.21,No,Thunderstorm,0.62,No
6506,A350,4.12,3.31,2.11,0.62,Yes,Thunderstorm,1.56,Yes
6507,A350,8.96,5.82,4.09,6.76,Yes,Snow,6.91,Yes
6508,A350,3.32,3.83,1.78,5.58,No,Clear,3.96,No
6509,B787,7.58,4.74,1.49,5.94,Yes,Fog,0.87,Yes
6510,B737,0.01,6.83,7.43,3.35,No,Fog,5.73,Yes
6511,A320,6.36,8.49,7.76,1.44,Yes,Rain,3.52,No
6512,A350,4.29,4.87,5.16,9.3,Yes,Rain,3.3,No
6513,A350,6.94,3.99,2.01,2.59,No,Clear,8.72,No
6514,B737,7.15,6.38,3.18,4.1,No,Fog,5.85,No
6515,B787,8.02,7.43,8.34,0.77,Yes,Thunderstorm,6.95,Yes
6516,A350,6.26,1.15,4.08,4.43,Yes,Snow,9.51,No
6517,A320,7.16,6.13,8.95,8.93,Yes,Clear,4.1,No
6518,B787,3.15,9.27,0.2,7.78,No,Fog,6.58,No
6519,B787,2.99,9.93,1.59,6.42,Yes,Thunderstorm,4.94,No
6520,B737,6.54,0.45,7.19,7.33,No,Fog,2.37,Yes
6521,A380,9.32,1.83,3.6,9.45,Yes,Thunderstorm,6.03,Yes
6522,B737,3.7,3.1,7.64,4.78,No,Rain,2.64,No
6523,A320,6.55,7.4,0.45,8.24,Yes,Snow,9.24,No
6524,A350,2.92,6.12,1.05,2.93,No,Fog,3.78,Yes
6525,B737,8.54,8.68,8.7,5.39,No,Clear,8.72,Yes
6526,B787,4.74,2.13,9.86,5.39,No,Rain,1.09,No
6527,B737,0.25,6.26,5.86,4.84,No,Fog,4.64,No
6528,A320,6.67,9.93,1.02,6.1,Yes,Snow,8.59,No
6529,B737,4.12,1.1,3.11,7.96,No,Snow,4.89,Yes
6530,B787,7.03,1.82,5.92,0.62,Yes,Rain,5.24,No
6531,A350,1.38,3.05,8.41,0.16,Yes,Rain,7.53,No
6532,A380,9.06,2.06,8.49,1.84,Yes,Rain,7.25,No
6533,A320,9.48,7.36,7.46,5.58,No,Clear,8.32,Yes
6534,A350,2.73,4.69,3.93,3.79,Yes,Rain,2.66,No
6535,A320,2.64,2.05,4.23,2.12,No,Rain,5.1,No
6536,A350,1.76,5.03,5.16,8.25,No,Rain,5.68,Yes
6537,A320,1.32,8.19,3.79,6.37,Yes,Fog,5.7,No
6538,A320,8.28,8.02,0.41,2.65,No,Thunderstorm,4.61,No
6539,A380,5.08,7.91,6.63,9.87,Yes,Rain,2.11,No
6540,B737,6.29,1.84,9.33,3.85,No,Thunderstorm,9.81,No
6541,B737,0.98,1.13,7.92,6.25,Yes,Rain,4.82,Yes
6542,A380,4.14,7.66,5.82,2.64,Yes,Rain,6.9,Yes
6543,B737,2.02,3.82,3.46,0.58,Yes,Fog,6.99,Yes
6544,A350,0.5,3.44,7.71,8.24,No,Rain,5.05,No
6545,A380,2.17,1.59,2.89,1.79,No,Rain,8.71,No
6546,A350,8.27,2.27,8.65,1.88,Yes,Fog,8.0,No
6547,B787,0.36,3.86,1.63,8.88,Yes,Fog,5.01,Yes
6548,B737,5.81,1.58,1.77,4.15,No,Rain,5.42,Yes
6549,B787,6.93,9.23,1.84,6.53,Yes,Snow,7.07,Yes
6550,A380,9.3,4.74,6.74,4.9,Yes,Rain,4.88,Yes
6551,A380,5.8,2.57,9.18,6.26,Yes,Fog,3.21,No
6552,B737,3.62,5.29,1.8,2.26,No,Snow,4.25,No
6553,A320,2.1,7.74,9.48,4.49,No,Fog,1.04,No
6554,A350,2.7,2.85,6.37,9.27,Yes,Thunderstorm,1.31,Yes
6555,A380,2.52,6.37,9.64,7.22,Yes,Fog,1.23,Yes
6556,B737,1.0,4.4,4.14,1.14,No,Rain,6.18,No
6557,A350,4.09,9.58,7.4,6.11,Yes,Snow,9.3,No
6558,B787,8.2,7.23,0.28,7.55,No,Fog,6.97,No
6559,A350,6.33,0.46,2.41,6.43,No,Clear,0.81,Yes
6560,A320,1.3,7.97,5.2,1.86,Yes,Clear,3.86,Yes
6561,A350,0.42,4.34,6.28,3.39,Yes,Rain,9.12,Yes
6562,A350,0.84,3.09,0.77,8.59,No,Fog,8.71,No
6563,A350,7.31,0.2,3.86,7.95,Yes,Rain,4.7,No
6564,A380,8.87,5.73,8.66,0.11,No,Clear,2.32,Yes
6565,B787,1.9,1.92,1.51,7.36,No,Snow,8.43,Yes
6566,A350,9.8,0.21,7.06,8.03,Yes,Rain,1.48,Yes
6567,A350,9.32,1.57,1.93,0.82,No,Clear,9.43,No
6568,A350,1.72,0.13,1.55,0.27,Yes,Snow,2.42,No
6569,A350,7.74,4.86,7.39,6.75,No,Clear,4.34,No
6570,A350,1.17,7.89,5.37,2.22,Yes,Fog,4.33,No
6571,A320,8.82,6.29,0.99,6.61,Yes,Thunderstorm,2.66,No
6572,B787,2.5,9.27,7.83,4.13,No,Clear,8.34,Yes
6573,B787,7.11,1.93,0.83,6.65,No,Thunderstorm,4.04,No
6574,A350,0.05,8.46,0.81,6.92,Yes,Rain,8.74,No
6575,B787,1.86,7.54,9.88,5.82,Yes,Rain,8.26,Yes
6576,A320,4.57,3.07,5.56,1.25,No,Thunderstorm,2.46,No
6577,B787,4.95,3.04,8.31,0.29,No,Fog,4.12,Yes
6578,A380,3.66,0.95,3.28,5.56,Yes,Clear,4.03,No
6579,A380,8.03,3.61,4.51,4.54,No,Rain,0.51,Yes
6580,A350,8.33,5.34,2.42,8.14,No,Snow,1.25,No
6581,A380,1.17,9.8,5.43,5.01,Yes,Thunderstorm,4.3,No
6582,A350,6.92,0.28,1.15,9.7,No,Thunderstorm,3.93,No
6583,B787,9.1,4.72,3.27,8.61,No,Thunderstorm,8.64,Yes
6584,A380,9.2,7.19,6.69,0.8,Yes,Rain,0.4,No
6585,B787,2.42,6.11,4.63,0.2,No,Thunderstorm,1.77,No
6586,A320,1.42,6.65,6.23,1.53,Yes,Clear,8.23,No
6587,B787,5.16,4.58,7.29,3.46,Yes,Fog,8.99,No
6588,B787,4.3,4.76,8.19,8.65,Yes,Rain,6.16,Yes
6589,A320,4.32,1.46,0.11,4.09,Yes,Thunderstorm,0.41,Yes
6590,A380,8.66,2.64,5.64,6.13,Yes,Clear,9.5,Yes
6591,A350,1.49,5.71,6.18,9.61,Yes,Clear,8.45,No
6592,B787,9.3,3.48,6.43,4.41,Yes,Fog,6.2,No
6593,B787,2.1,3.32,9.7,7.77,No,Snow,0.03,Yes
6594,A380,1.12,0.3,8.13,6.31,No,Snow,6.32,Yes
6595,A350,3.52,4.85,0.9,8.38,No,Rain,1.62,No
6596,A380,5.38,2.25,2.06,9.32,No,Rain,1.1,No
6597,B787,4.16,4.67,3.35,0.02,Yes,Clear,9.38,No
6598,A380,7.44,2.99,7.83,8.58,No,Snow,6.56,Yes
6599,A380,8.75,7.98,2.13,1.68,No,Rain,1.35,No
6600,A380,7.65,8.38,5.23,4.14,No,Rain,0.96,No
6601,A350,2.78,6.41,2.95,3.24,Yes,Rain,9.1,Yes
6602,B787,9.21,3.49,9.85,2.8,Yes,Thunderstorm,1.35,Yes
6603,A350,4.87,0.06,1.8,3.01,Yes,Snow,3.44,Yes
6604,A320,9.37,9.99,8.6,8.0,No,Rain,7.71,Yes
6605,A380,1.84,6.51,7.59,2.94,No,Fog,0.38,Yes
6606,A350,3.48,6.81,5.34,2.06,No,Rain,2.72,Yes
6607,A380,1.33,2.1,3.25,9.31,Yes,Snow,6.21,No
6608,B737,1.25,4.15,3.49,0.65,Yes,Clear,2.88,No
6609,A380,9.88,2.18,8.35,6.57,No,Thunderstorm,0.72,No
6610,B787,9.4,1.93,8.96,0.88,No,Thunderstorm,3.74,Yes
6611,A320,9.08,5.18,7.85,9.95,No,Fog,2.78,No
6612,A350,4.59,3.34,3.85,3.28,Yes,Rain,1.37,Yes
6613,A350,0.71,1.36,9.67,1.86,Yes,Thunderstorm,3.87,Yes
6614,B737,6.37,3.25,6.05,8.8,No,Rain,7.33,Yes
6615,A380,5.38,2.31,7.69,8.25,Yes,Thunderstorm,2.43,Yes
6616,A350,5.36,5.51,5.86,3.25,No,Thunderstorm,0.31,Yes
6617,B787,4.36,4.35,6.05,2.65,Yes,Thunderstorm,7.8,Yes
6618,A320,2.22,2.75,7.98,1.78,Yes,Clear,1.93,Yes
6619,B737,3.23,9.16,9.4,2.72,Yes,Rain,3.77,Yes
6620,A380,0.42,9.19,0.57,0.06,No,Fog,9.68,Yes
6621,A320,3.04,5.35,4.35,1.79,Yes,Rain,1.93,No
6622,B787,0.36,9.38,2.17,6.83,Yes,Clear,7.6,Yes
6623,A320,9.87,4.93,6.16,0.24,No,Snow,7.74,No
6624,B787,8.55,1.11,9.99,9.58,Yes,Thunderstorm,7.29,No
6625,A320,8.09,9.15,7.99,8.64,No,Snow,8.65,No
6626,A350,2.01,0.37,8.19,1.27,Yes,Fog,0.85,No
6627,B737,5.76,0.4,6.25,5.23,Yes,Snow,6.6,No
6628,B787,5.46,3.25,6.79,5.61,No,Rain,1.57,No
6629,A350,1.9,3.21,2.85,3.17,No,Snow,4.69,No
6630,A350,7.02,7.83,3.33,1.42,Yes,Fog,5.75,No
6631,B787,0.0,2.15,9.56,3.95,Yes,Rain,6.97,Yes
6632,A350,6.89,8.22,7.53,0.97,No,Clear,7.34,Yes
6633,A320,7.97,1.55,4.95,6.93,Yes,Rain,0.56,Yes
6634,A380,9.92,9.44,9.11,2.23,Yes,Fog,1.87,No
6635,A320,2.26,7.79,8.12,3.71,No,Rain,6.33,No
6636,A380,2.47,5.6,0.58,5.27,No,Fog,0.75,No
6637,A320,4.71,1.12,6.17,6.09,No,Snow,8.8,No
6638,A320,8.85,1.63,2.31,8.13,Yes,Fog,6.15,Yes
6639,B737,1.55,5.59,5.25,1.92,Yes,Fog,4.79,No
6640,A320,0.31,6.49,3.57,0.42,No,Thunderstorm,6.11,No
6641,B787,6.3,1.93,1.62,4.64,Yes,Rain,7.43,Yes
6642,B787,9.63,3.43,7.5,6.39,No,Thunderstorm,1.21,Yes
6643,A380,1.66,9.47,1.55,1.65,Yes,Snow,7.57,Yes
6644,B787,9.09,1.2,1.54,9.43,No,Snow,2.09,No
6645,A320,2.07,2.89,5.28,7.53,No,Snow,5.03,Yes
6646,A350,5.9,2.23,1.2,6.17,No,Clear,3.65,No
6647,B787,1.83,3.48,2.9,8.2,No,Fog,0.47,No
6648,B787,9.05,0.14,8.1,6.76,No,Clear,4.6,No
6649,A380,4.08,3.79,0.39,9.4,No,Clear,5.51,Yes
6650,B787,1.91,8.63,1.17,1.85,No,Fog,4.53,No
6651,B787,0.89,3.44,3.75,0.67,Yes,Rain,1.53,No
6652,B737,1.85,6.35,8.0,0.1,No,Snow,1.4,Yes
6653,B787,5.73,1.77,3.27,6.78,Yes,Thunderstorm,9.23,Yes
6654,A380,4.36,3.44,1.46,1.59,No,Thunderstorm,7.13,Yes
6655,A320,4.98,1.77,7.01,0.4,Yes,Fog,0.01,Yes
6656,B737,1.04,6.55,1.96,7.45,Yes,Snow,3.88,Yes
6657,B787,4.92,4.41,0.18,1.7,Yes,Snow,5.72,Yes
6658,A350,1.99,9.93,1.42,2.84,Yes,Fog,1.29,Yes
6659,A320,2.06,8.12,3.69,3.4,No,Clear,1.39,No
6660,A350,6.39,9.42,9.44,6.25,No,Rain,0.82,Yes
6661,A380,6.16,4.67,7.14,5.87,Yes,Fog,2.05,No
6662,A320,3.18,4.56,4.39,7.04,No,Thunderstorm,0.38,Yes
6663,B787,0.96,2.32,3.38,6.46,Yes,Snow,4.76,No
6664,B787,9.37,3.51,2.9,2.52,Yes,Rain,2.11,Yes
6665,A320,5.03,0.81,0.69,3.59,No,Fog,4.43,No
6666,A380,9.13,8.8,2.88,3.6,Yes,Thunderstorm,3.57,No
6667,A320,0.44,0.38,6.37,4.71,No,Thunderstorm,2.65,No
6668,A380,5.8,7.8,7.54,0.32,Yes,Snow,9.84,Yes
6669,A320,9.54,7.22,4.67,4.67,No,Thunderstorm,1.44,Yes
6670,A350,2.05,9.65,9.08,3.85,Yes,Thunderstorm,8.09,No
6671,B737,5.88,8.72,7.82,7.19,No,Thunderstorm,1.19,No
6672,A350,3.6,6.71,8.48,0.15,Yes,Snow,3.57,Yes
6673,A350,3.63,7.84,1.6,3.48,No,Snow,9.42,No
6674,B787,9.65,1.54,7.87,4.87,No,Fog,7.8,Yes
6675,A320,1.62,2.09,5.27,7.46,No,Fog,5.42,Yes
6676,A380,8.73,1.28,7.15,8.86,No,Clear,4.33,No
6677,A320,4.99,0.89,3.01,5.84,No,Thunderstorm,2.44,Yes
6678,A380,0.98,3.96,4.68,8.76,No,Rain,9.06,Yes
6679,B737,7.57,9.34,0.37,6.64,No,Snow,3.59,No
6680,A350,4.23,7.8,4.94,6.47,No,Snow,2.25,No
6681,B787,0.65,0.9,4.54,6.03,Yes,Thunderstorm,0.95,Yes
6682,A320,5.9,5.54,7.69,5.17,No,Rain,0.56,Yes
6683,B737,7.4,7.12,5.61,2.95,Yes,Fog,2.11,Yes
6684,A350,3.65,8.53,1.4,2.03,No,Clear,2.5,No
6685,B787,0.07,1.63,2.86,8.17,No,Clear,7.26,Yes
6686,B737,4.87,0.55,1.21,6.68,Yes,Rain,9.41,Yes
6687,A320,2.97,2.01,3.72,1.05,No,Snow,8.72,Yes
6688,B737,3.1,3.7,9.25,6.54,Yes,Clear,4.36,Yes
6689,A320,5.65,0.63,5.94,0.84,No,Thunderstorm,0.39,No
6690,B737,4.22,8.87,3.53,2.95,No,Fog,7.73,No
6691,A320,7.9,0.16,5.95,6.44,No,Rain,1.78,Yes
6692,A320,0.1,3.48,9.8,5.7,Yes,Snow,4.36,No
6693,A350,7.78,3.02,5.73,1.52,No,Clear,2.85,Yes
6694,A380,7.11,6.23,9.81,0.38,Yes,Rain,0.49,No
6695,A350,8.14,3.66,2.17,2.28,Yes,Thunderstorm,3.33,Yes
6696,A380,1.73,2.06,3.45,6.56,No,Snow,0.86,No
6697,A320,0.3,3.63,3.21,1.54,Yes,Fog,7.51,Yes
6698,B787,5.94,3.6,7.02,3.21,Yes,Rain,4.54,No
6699,B787,8.21,5.24,3.26,6.27,Yes,Rain,8.43,No
6700,A320,5.96,4.76,5.29,1.86,No,Snow,1.95,Yes
6701,B787,9.75,9.61,4.44,1.23,No,Snow,5.03,Yes
6702,B737,9.64,1.27,3.56,4.92,Yes,Rain,4.81,No
6703,A320,9.55,7.26,5.07,1.22,No,Thunderstorm,5.03,Yes
6704,A380,7.57,2.54,3.0,0.46,Yes,Snow,3.75,No
6705,B737,2.47,9.85,5.88,3.32,Yes,Fog,7.78,No
6706,A350,4.54,2.24,4.87,9.65,Yes,Clear,3.0,No
6707,A380,6.43,2.31,4.51,2.27,Yes,Clear,3.75,No
6708,A380,1.15,3.88,5.41,4.52,No,Snow,0.53,Yes
6709,A320,9.43,6.06,9.58,0.71,Yes,Snow,0.54,No
6710,A350,2.82,8.6,6.3,1.16,Yes,Snow,5.95,Yes
6711,A350,9.85,8.42,6.11,4.89,Yes,Rain,0.03,No
6712,A380,1.88,6.71,4.4,6.39,No,Thunderstorm,8.37,Yes
6713,A350,5.96,3.79,6.97,4.5,Yes,Snow,8.77,No
6714,A320,9.18,4.14,3.98,6.98,No,Clear,1.31,No
6715,B737,9.91,6.08,3.32,8.72,No,Clear,3.0,No
6716,A380,4.66,9.44,4.35,7.58,No,Rain,6.19,No
6717,A380,6.38,7.41,3.59,7.73,Yes,Rain,4.44,Yes
6718,A350,8.7,0.83,3.19,7.49,Yes,Snow,2.51,No
6719,B737,4.94,4.97,9.31,9.41,Yes,Thunderstorm,4.29,No
6720,A350,0.3,3.31,3.78,3.23,No,Snow,3.89,Yes
6721,A380,3.9,8.43,1.25,8.54,No,Snow,3.27,No
6722,A380,0.88,2.4,2.44,5.68,Yes,Thunderstorm,3.46,Yes
6723,A380,7.62,0.89,7.31,1.26,No,Clear,2.34,No
6724,B737,1.69,9.82,7.23,2.81,No,Clear,1.0,No
6725,A320,3.68,6.28,3.33,8.05,Yes,Clear,1.38,Yes
6726,A380,7.91,0.84,5.86,5.38,Yes,Thunderstorm,2.2,No
6727,A320,7.83,4.8,5.1,8.62,No,Fog,4.21,No
6728,A350,5.97,5.79,9.82,0.25,No,Thunderstorm,9.48,No
6729,B787,7.24,0.79,0.11,1.66,No,Rain,6.75,Yes
6730,A380,5.96,5.3,1.47,8.81,No,Fog,6.76,Yes
6731,B787,7.17,0.04,4.3,0.62,No,Clear,3.01,No
6732,B787,1.13,0.21,4.83,9.39,No,Clear,4.94,No
6733,A380,9.03,3.53,3.34,6.43,No,Fog,5.24,Yes
6734,A350,6.89,1.59,6.19,8.87,Yes,Clear,6.59,Yes
6735,B737,8.54,4.3,1.43,5.47,No,Fog,0.77,No
6736,A320,7.59,0.09,6.99,7.37,No,Thunderstorm,4.33,Yes
6737,A320,0.21,5.88,7.37,1.78,No,Clear,3.3,Yes
6738,A320,3.6,2.96,8.8,7.23,No,Fog,1.36,No
6739,A380,6.15,1.82,9.94,6.04,No,Snow,8.95,Yes
6740,B737,0.09,4.11,5.28,7.54,No,Rain,7.4,No
6741,A350,6.39,1.26,2.86,2.8,No,Thunderstorm,8.89,Yes
6742,A350,0.19,4.43,9.2,7.48,Yes,Clear,1.5,Yes
6743,A350,3.17,0.01,6.23,8.75,Yes,Snow,2.4,Yes
6744,B737,8.02,2.31,4.79,3.54,No,Fog,8.98,No
6745,B737,8.51,6.64,6.21,7.32,Yes,Clear,1.94,Yes
6746,A380,8.89,3.43,8.97,0.21,No,Rain,0.49,No
6747,A380,4.42,3.91,0.65,9.28,No,Clear,4.21,Yes
6748,A320,4.48,3.43,4.1,1.56,Yes,Fog,1.82,Yes
6749,A320,2.25,4.91,2.11,0.89,Yes,Rain,1.4,No
6750,B787,4.04,1.86,0.47,0.22,Yes,Fog,6.24,Yes
6751,B737,4.5,3.26,4.53,2.4,Yes,Rain,7.41,Yes
6752,B737,6.66,5.4,0.76,3.65,No,Clear,4.4,Yes
6753,A380,9.04,3.37,6.54,3.03,Yes,Fog,0.34,Yes
6754,A350,5.48,3.69,7.49,6.33,Yes,Rain,0.28,Yes
6755,A380,2.66,2.99,9.5,5.19,No,Snow,2.61,Yes
6756,A380,0.01,0.34,1.29,1.52,No,Clear,8.71,No
6757,A350,0.3,8.79,6.01,5.91,Yes,Clear,7.69,No
6758,A350,7.6,4.93,0.03,3.98,Yes,Fog,3.99,Yes
6759,B737,8.55,0.21,0.44,4.53,Yes,Snow,6.97,Yes
6760,B737,0.99,7.04,2.17,9.25,No,Rain,5.96,No
6761,B787,9.43,3.58,8.05,8.15,Yes,Snow,5.58,Yes
6762,B787,9.92,4.24,5.02,2.99,No,Thunderstorm,0.27,Yes
6763,B787,8.92,2.14,0.4,7.94,No,Snow,0.56,No
6764,B737,3.2,6.18,4.21,2.6,Yes,Snow,3.25,Yes
6765,A320,1.39,6.31,5.91,6.78,Yes,Rain,7.92,Yes
6766,B737,3.5,5.7,8.95,3.61,No,Rain,6.49,Yes
6767,B737,9.0,9.04,0.83,9.05,No,Snow,6.08,No
6768,B737,8.29,4.83,0.36,8.74,No,Snow,7.38,No
6769,A320,6.71,0.64,7.97,3.95,Yes,Rain,8.03,Yes
6770,B787,6.93,8.8,2.76,2.3,No,Snow,8.6,Yes
6771,B787,7.2,5.89,6.37,5.19,Yes,Fog,5.23,Yes
6772,B737,1.26,1.18,6.84,8.7,Yes,Snow,8.75,Yes
6773,B737,9.75,7.6,4.25,6.84,Yes,Clear,6.14,Yes
6774,A350,0.46,2.82,8.39,2.15,No,Snow,2.13,Yes
6775,B737,8.41,3.81,7.04,4.97,Yes,Fog,9.07,No
6776,B737,7.78,8.42,4.87,7.52,Yes,Clear,2.35,Yes
6777,A380,0.76,1.47,5.79,7.42,No,Fog,5.82,No
6778,A350,7.77,5.57,2.87,0.77,No,Clear,2.93,Yes
6779,B787,1.59,7.19,6.31,6.16,Yes,Clear,7.32,Yes
6780,B737,0.88,9.42,5.02,9.54,No,Snow,2.0,Yes
6781,A350,4.89,0.08,8.43,6.78,Yes,Fog,8.64,No
6782,A380,3.7,3.11,6.27,9.61,No,Fog,9.68,Yes
6783,B787,6.49,9.48,5.66,3.73,Yes,Snow,9.4,Yes
6784,A350,4.95,7.66,0.76,0.92,No,Snow,1.99,Yes
6785,A350,5.88,7.37,2.92,5.42,Yes,Snow,2.34,Yes
6786,A350,9.14,4.66,4.04,1.2,No,Clear,7.48,No
6787,A350,7.34,3.28,5.55,7.56,No,Rain,7.79,No
6788,A350,7.25,9.44,5.87,6.59,No,Snow,9.65,No
6789,B737,0.42,9.18,6.06,6.53,Yes,Rain,7.35,No
6790,B737,6.57,5.49,5.68,0.75,Yes,Thunderstorm,4.74,No
6791,A380,0.86,7.48,5.05,7.34,Yes,Clear,4.93,No
6792,B787,8.09,2.18,9.17,8.81,Yes,Snow,5.48,No
6793,B787,5.86,3.4,5.53,7.92,Yes,Rain,5.4,No
6794,B787,8.04,9.49,2.8,2.61,No,Rain,9.1,Yes
6795,A320,9.45,6.76,9.96,5.81,No,Snow,8.82,No
6796,B737,7.54,5.08,2.39,5.7,Yes,Snow,9.58,Yes
6797,A320,9.89,0.41,9.34,2.26,No,Clear,8.32,Yes
6798,A380,3.11,1.82,4.65,7.36,Yes,Snow,6.01,No
6799,A320,5.14,9.62,9.12,8.12,Yes,Fog,2.96,No
6800,A320,6.8,7.93,2.8,2.81,Yes,Thunderstorm,4.26,Yes
6801,A350,1.78,4.41,7.97,1.78,No,Fog,3.64,No
6802,A380,3.41,1.88,6.32,8.14,No,Clear,0.66,Yes
6803,A380,7.52,3.11,8.71,4.5,No,Snow,4.04,Yes
6804,A380,3.34,8.23,9.09,0.27,No,Rain,3.44,Yes
6805,A380,6.65,9.55,5.13,0.63,No,Fog,0.42,No
6806,B737,2.96,3.58,3.84,3.29,No,Clear,7.03,No
6807,B737,6.13,0.48,6.99,0.09,Yes,Rain,2.27,Yes
6808,B737,1.52,0.88,4.82,2.59,No,Clear,0.15,Yes
6809,B787,5.49,7.17,7.08,9.19,No,Snow,6.5,Yes
6810,A350,2.92,0.01,2.72,2.51,Yes,Snow,5.17,No
6811,A350,3.88,0.73,5.75,7.11,No,Clear,9.07,No
6812,A320,4.97,1.49,8.61,1.06,Yes,Clear,2.07,Yes
6813,A320,2.49,7.2,6.05,3.78,Yes,Rain,8.66,Yes
6814,A380,7.85,1.58,3.33,7.62,Yes,Fog,2.51,Yes
6815,B737,7.29,7.31,4.67,9.18,No,Thunderstorm,7.23,Yes
6816,A350,1.45,3.2,7.17,9.55,Yes,Thunderstorm,9.19,Yes
6817,B787,3.16,8.29,4.6,8.08,Yes,Fog,7.92,No
6818,A320,7.14,2.87,2.12,7.15,No,Rain,0.85,Yes
6819,A320,6.31,0.02,8.63,4.53,No,Thunderstorm,6.24,Yes
6820,A320,2.1,7.83,7.25,9.48,No,Thunderstorm,6.35,Yes
6821,B787,4.44,6.67,7.32,8.8,No,Clear,3.78,No
6822,B787,4.39,4.52,4.27,0.45,No,Thunderstorm,8.25,No
6823,B737,3.63,1.13,0.49,0.5,Yes,Snow,9.33,Yes
6824,A350,3.93,4.85,0.42,5.8,Yes,Fog,3.58,Yes
6825,A350,3.1,5.35,6.13,4.14,Yes,Fog,7.83,No
6826,A350,3.41,7.42,9.31,3.56,Yes,Snow,1.04,No
6827,B737,0.56,3.85,4.3,3.31,No,Fog,9.38,Yes
6828,A380,4.75,7.43,0.88,2.31,Yes,Thunderstorm,6.24,Yes
6829,A320,5.66,2.26,1.67,7.12,Yes,Thunderstorm,6.33,Yes
6830,B737,3.9,5.13,3.29,9.83,Yes,Clear,8.42,No
6831,A350,0.69,8.87,8.19,8.9,No,Snow,8.35,Yes
6832,A350,6.2,2.6,4.31,7.81,No,Snow,3.81,Yes
6833,B737,7.51,5.95,4.36,0.55,No,Snow,5.2,No
6834,B737,3.58,5.82,7.99,2.45,No,Rain,6.72,Yes
6835,A350,5.99,5.22,5.17,5.68,No,Rain,3.07,Yes
6836,B787,8.56,4.69,4.86,5.38,No,Fog,0.27,Yes
6837,B737,8.61,2.1,2.41,9.05,Yes,Snow,8.33,Yes
6838,A380,5.21,5.35,0.74,0.58,No,Snow,3.47,Yes
6839,B737,9.91,3.1,1.76,2.01,Yes,Fog,2.22,No
6840,A350,7.16,2.91,0.34,0.99,Yes,Thunderstorm,5.39,Yes
6841,A380,0.63,3.8,5.06,5.98,No,Snow,3.49,Yes
6842,A320,7.78,8.63,4.64,9.67,No,Rain,1.79,No
6843,A320,2.58,9.43,3.02,3.42,No,Rain,1.18,Yes
6844,A350,5.41,3.65,0.4,5.51,Yes,Snow,0.46,No
6845,A320,3.12,6.57,8.97,4.93,No,Snow,3.33,No
6846,A320,9.75,6.38,5.69,1.55,No,Snow,7.39,No
6847,B787,6.25,8.1,9.04,8.44,Yes,Thunderstorm,0.58,No
6848,B787,7.14,1.29,2.44,5.68,No,Clear,2.44,No
6849,B737,3.11,7.14,6.75,3.37,No,Snow,0.87,Yes
6850,B737,9.68,7.07,6.72,3.04,No,Clear,5.91,No
6851,B787,8.31,5.03,6.19,0.29,Yes,Snow,1.86,Yes
6852,A380,4.29,4.89,8.43,1.43,Yes,Fog,0.2,No
6853,B737,1.83,3.74,4.43,3.18,No,Clear,4.15,Yes
6854,A350,0.57,4.23,5.92,7.43,No,Fog,2.58,Yes
6855,B787,8.96,5.66,4.48,3.61,No,Snow,2.85,Yes
6856,A380,0.02,7.0,9.54,3.9,No,Fog,8.79,No
6857,A380,7.17,3.7,2.35,1.79,No,Snow,1.97,Yes
6858,B737,7.99,7.6,4.88,7.85,No,Rain,9.72,Yes
6859,B737,4.05,3.05,4.44,2.13,No,Snow,7.06,Yes
6860,B787,3.32,4.18,1.44,3.82,No,Snow,6.62,Yes
6861,A320,3.16,5.89,1.87,4.23,No,Thunderstorm,3.96,No
6862,A380,8.87,0.58,0.39,0.78,Yes,Thunderstorm,3.63,Yes
6863,A320,1.03,4.13,5.32,7.57,Yes,Thunderstorm,1.48,Yes
6864,B787,2.46,2.46,8.99,2.27,No,Thunderstorm,5.84,Yes
6865,B787,2.68,9.01,0.51,1.41,Yes,Fog,8.83,No
6866,B737,9.67,1.56,5.85,4.08,No,Thunderstorm,1.37,No
6867,B787,8.26,1.03,5.92,5.92,No,Fog,7.69,Yes
6868,B787,8.42,1.36,3.74,0.69,Yes,Thunderstorm,3.01,No
6869,A320,6.65,0.44,5.13,2.19,Yes,Clear,7.4,No
6870,B787,1.86,9.03,8.0,8.08,Yes,Rain,1.41,Yes
6871,B737,5.89,0.24,5.25,7.51,No,Thunderstorm,3.52,No
6872,A380,6.33,8.99,2.73,1.74,No,Clear,5.39,No
6873,A350,5.72,2.66,7.75,7.51,No,Rain,1.27,Yes
6874,A320,4.02,7.82,1.13,3.87,No,Thunderstorm,6.07,No
6875,A380,2.06,7.77,2.51,8.5,No,Clear,1.4,Yes
6876,A350,0.82,3.98,5.28,6.25,No,Snow,1.89,Yes
6877,B787,1.44,2.53,0.12,3.65,No,Fog,4.96,Yes
6878,B737,1.64,8.3,9.53,5.8,Yes,Rain,2.94,Yes
6879,B787,6.12,6.39,1.75,0.09,No,Clear,2.6,Yes
6880,A380,0.38,7.12,3.59,1.42,No,Fog,9.67,No
6881,A350,5.05,3.92,4.06,2.57,No,Fog,0.48,Yes
6882,B737,0.3,5.45,9.37,3.43,Yes,Clear,6.44,Yes
6883,A320,9.65,6.97,3.54,8.45,Yes,Rain,6.96,Yes
6884,A380,8.3,9.12,2.01,7.3,No,Thunderstorm,9.5,Yes
6885,A350,9.1,9.99,0.64,8.37,Yes,Clear,4.06,Yes
6886,B787,3.42,7.72,8.04,7.55,No,Fog,6.22,No
6887,A320,8.49,5.41,3.49,9.65,No,Clear,1.31,No
6888,A350,4.42,3.74,4.82,2.95,No,Clear,1.17,Yes
6889,B787,8.85,1.91,3.66,4.65,No,Clear,1.99,No
6890,A320,2.81,3.13,5.81,9.54,No,Snow,2.21,Yes
6891,A320,5.0,2.79,9.17,4.57,Yes,Rain,3.4,No
6892,A320,7.95,4.85,3.56,9.94,Yes,Clear,6.01,Yes
6893,A320,5.58,3.27,2.89,1.1,Yes,Clear,6.01,Yes
6894,A380,5.07,9.42,3.29,9.16,No,Fog,7.25,Yes
6895,A380,1.51,9.86,6.87,0.16,Yes,Fog,9.96,Yes
6896,B787,8.12,9.59,2.38,7.35,Yes,Fog,4.06,Yes
6897,A380,6.45,5.87,1.99,1.22,Yes,Fog,0.58,Yes
6898,A380,0.72,0.88,9.07,5.28,Yes,Snow,0.36,Yes
6899,B737,4.69,6.09,1.13,4.26,No,Rain,7.93,No
6900,A380,8.7,8.89,0.42,2.35,No,Thunderstorm,2.79,Yes
6901,A320,0.23,9.3,2.98,7.7,No,Snow,8.74,Yes
6902,B787,2.51,1.44,4.28,8.79,No,Fog,0.23,No
6903,A320,2.92,4.35,3.23,1.05,Yes,Clear,8.87,Yes
6904,B787,9.3,7.97,9.09,7.64,Yes,Rain,7.38,No
6905,B787,7.24,7.41,1.61,1.93,No,Thunderstorm,3.79,Yes
6906,A320,8.51,2.31,3.64,7.6,No,Rain,6.89,Yes
6907,B787,1.28,0.73,1.86,8.84,Yes,Clear,7.05,Yes
6908,A320,6.78,3.53,1.13,8.5,Yes,Snow,3.73,No
6909,B787,4.62,6.93,5.34,1.54,No,Snow,8.87,No
6910,B787,5.5,6.21,8.69,2.37,No,Rain,9.33,Yes
6911,B787,9.86,0.17,1.26,3.12,No,Snow,1.83,Yes
6912,A380,2.32,2.58,1.04,0.29,Yes,Fog,4.38,Yes
6913,B737,8.38,4.41,5.47,1.48,No,Fog,9.88,No
6914,A380,3.55,0.67,1.08,9.81,Yes,Snow,2.37,Yes
6915,A320,0.74,1.14,5.37,7.34,Yes,Clear,1.49,Yes
6916,A320,4.91,3.35,1.57,1.21,Yes,Thunderstorm,4.01,No
6917,B737,0.51,4.09,9.97,1.26,Yes,Fog,9.78,Yes
6918,A380,0.22,6.11,8.61,2.12,Yes,Snow,1.09,Yes
6919,A380,6.87,4.8,8.63,1.22,Yes,Thunderstorm,1.74,Yes
6920,A320,6.96,7.48,7.51,5.57,Yes,Rain,0.36,Yes
6921,A350,6.03,3.47,8.89,7.83,No,Rain,1.46,Yes
6922,B737,6.79,9.52,8.88,1.33,No,Rain,3.65,No
6923,A380,2.11,9.73,6.14,2.26,No,Rain,8.26,No
6924,B787,6.62,0.13,3.02,2.27,Yes,Clear,5.39,Yes
6925,A380,4.04,8.08,8.65,8.77,Yes,Clear,6.31,Yes
6926,A320,9.77,6.28,0.76,3.43,No,Snow,8.99,No
6927,B787,5.48,9.99,4.07,7.98,Yes,Thunderstorm,1.71,Yes
6928,B737,5.18,0.38,9.03,0.36,No,Thunderstorm,5.29,No
6929,A320,6.54,1.4,0.86,1.91,Yes,Rain,9.78,No
6930,B787,6.57,5.55,0.19,5.73,No,Rain,8.11,No
6931,B737,3.62,7.41,5.16,3.71,Yes,Snow,3.49,No
6932,B787,8.67,6.71,6.18,8.28,No,Snow,0.06,No
6933,A320,2.32,7.24,3.57,8.14,Yes,Clear,9.6,No
6934,B787,2.21,5.29,5.63,4.33,No,Fog,0.66,No
6935,B737,8.83,0.34,1.89,0.72,Yes,Clear,2.07,Yes
6936,B787,5.76,6.12,3.08,0.88,Yes,Rain,9.83,Yes
6937,A350,4.51,1.9,1.63,1.32,Yes,Clear,1.23,Yes
6938,B787,4.09,1.91,7.37,6.13,No,Fog,2.6,Yes
6939,A380,5.8,3.83,5.95,2.91,No,Thunderstorm,1.27,Yes
6940,B737,8.42,2.1,3.08,2.47,Yes,Clear,9.97,Yes
6941,A380,3.77,5.0,3.4,5.52,Yes,Snow,7.82,No
6942,A320,8.84,8.05,5.82,2.41,Yes,Rain,2.67,No
6943,B737,7.36,3.11,8.49,0.33,Yes,Fog,5.51,Yes
6944,A350,2.32,7.83,7.13,3.8,Yes,Fog,1.38,Yes
6945,A380,8.98,9.19,9.76,5.05,Yes,Thunderstorm,9.36,Yes
6946,B737,9.77,5.51,0.54,0.95,Yes,Fog,3.26,Yes
6947,B787,3.13,2.99,0.17,8.47,Yes,Snow,9.05,Yes
6948,B737,2.69,3.73,8.37,1.72,No,Clear,8.46,Yes
6949,A380,8.77,8.98,8.09,5.21,Yes,Thunderstorm,7.46,Yes
6950,A380,6.77,8.7,9.91,5.76,No,Thunderstorm,1.97,No
6951,A320,5.26,8.52,9.79,5.84,No,Fog,1.75,Yes
6952,A320,9.57,9.27,2.1,8.03,Yes,Fog,8.06,Yes
6953,A380,0.49,4.8,1.12,4.37,No,Clear,6.31,No
6954,B737,4.43,0.06,8.09,5.92,Yes,Rain,2.04,No
6955,A350,5.43,2.86,9.58,7.48,Yes,Rain,4.18,No
6956,B787,7.78,0.92,1.53,7.35,Yes,Snow,5.35,Yes
6957,A320,4.05,2.83,4.76,3.69,Yes,Thunderstorm,3.82,No
6958,B737,5.18,1.36,8.52,8.29,No,Clear,6.09,Yes
6959,A380,1.43,3.21,8.99,8.8,No,Snow,0.34,No
6960,B787,3.11,9.13,2.12,7.01,Yes,Clear,4.42,Yes
6961,A320,0.63,0.01,2.22,7.74,Yes,Rain,5.51,No
6962,A350,4.16,2.82,9.62,3.65,No,Fog,8.53,No
6963,B787,8.71,4.94,9.21,2.28,No,Fog,5.66,No
6964,A320,5.08,7.09,5.8,5.5,No,Thunderstorm,2.45,No
6965,A350,6.86,5.26,7.75,9.94,No,Snow,4.06,No
6966,A350,5.3,5.27,3.98,9.08,No,Rain,8.57,No
6967,B737,5.16,9.78,5.36,5.54,Yes,Clear,5.93,No
6968,B737,3.45,6.42,4.53,7.07,Yes,Snow,0.3,No
6969,B787,2.34,0.79,2.99,6.01,Yes,Fog,6.13,No
6970,B737,7.01,1.45,0.19,2.18,No,Rain,2.82,No
6971,B737,1.33,5.58,6.26,8.35,No,Clear,5.61,Yes
6972,B737,6.7,3.04,0.29,7.12,No,Thunderstorm,8.57,Yes
6973,A320,9.13,3.53,2.31,1.57,Yes,Rain,1.13,Yes
6974,A380,2.79,0.53,0.47,1.96,Yes,Thunderstorm,5.72,No
6975,A350,4.81,3.43,9.96,4.72,No,Snow,3.03,No
6976,A380,4.39,8.42,9.62,4.37,Yes,Rain,4.27,No
6977,A380,1.65,8.18,6.66,6.69,Yes,Fog,9.25,No
6978,A380,4.34,7.48,8.02,2.39,No,Thunderstorm,4.39,Yes
6979,A320,5.63,5.53,1.83,9.62,Yes,Clear,2.54,No
6980,A380,6.08,1.7,1.09,4.7,Yes,Clear,0.41,Yes
6981,A380,5.98,1.26,9.96,9.94,Yes,Thunderstorm,3.94,No
6982,B787,8.75,6.96,9.71,7.17,No,Thunderstorm,1.86,No
6983,A350,8.05,1.4,3.72,6.81,No,Thunderstorm,0.56,Yes
6984,A380,2.3,0.96,0.43,8.82,No,Snow,0.73,Yes
6985,A380,8.92,6.25,3.45,2.2,No,Rain,2.57,No
6986,A320,1.84,1.47,4.38,8.88,Yes,Thunderstorm,9.89,No
6987,A350,6.14,4.9,4.14,9.94,Yes,Snow,8.45,Yes
6988,B787,6.82,6.05,6.48,2.6,No,Fog,2.81,No
6989,A350,9.34,7.86,0.34,5.91,Yes,Clear,7.7,Yes
6990,A320,8.13,8.33,4.75,5.45,No,Snow,2.55,Yes
6991,A350,1.39,2.91,3.08,3.05,No,Thunderstorm,3.67,Yes
6992,B737,3.87,7.6,9.58,1.35,Yes,Fog,9.07,Yes
6993,B737,8.92,3.21,6.95,4.38,No,Clear,0.97,No
6994,A320,8.18,8.7,5.22,7.67,Yes,Snow,4.06,Yes
6995,A380,7.96,3.47,6.45,3.94,No,Snow,2.65,No
6996,A320,5.9,4.44,7.69,5.83,No,Thunderstorm,9.27,Yes
6997,B787,9.27,2.49,9.83,8.77,No,Thunderstorm,6.17,Yes
6998,A350,1.16,7.16,6.41,2.06,Yes,Snow,2.74,No
6999,B737,7.28,2.06,6.54,5.5,No,Clear,8.15,No
7000,A380,4.71,2.73,2.6,0.69,No,Thunderstorm,9.69,Yes
7001,B737,2.22,5.72,4.28,3.89,No,Fog,4.47,Yes
7002,A320,3.99,0.08,6.67,0.35,Yes,Clear,7.46,No
7003,A320,4.66,5.47,7.4,3.41,No,Fog,0.59,Yes
7004,B737,6.08,5.1,2.18,2.92,No,Fog,2.46,Yes
7005,B737,9.59,7.21,2.19,6.23,Yes,Clear,0.52,Yes
7006,B737,1.46,9.71,1.93,8.74,No,Fog,6.04,Yes
7007,B787,1.9,6.82,4.41,0.25,No,Rain,2.4,No
7008,B787,5.15,2.19,4.91,4.89,Yes,Clear,2.53,Yes
7009,B737,3.03,4.0,0.36,6.61,Yes,Clear,5.01,Yes
7010,B787,3.01,7.73,2.53,3.06,Yes,Thunderstorm,8.34,Yes
7011,B737,4.91,9.88,0.23,5.55,Yes,Rain,9.9,Yes
7012,A380,0.85,4.86,7.84,2.26,Yes,Clear,0.93,Yes
7013,B787,3.36,8.64,2.58,2.07,Yes,Rain,7.07,No
7014,A350,7.12,4.23,8.83,1.03,Yes,Rain,4.82,Yes
7015,B787,3.87,8.56,9.76,2.22,No,Snow,8.17,No
7016,B787,5.17,7.51,9.89,4.59,No,Fog,7.55,No
7017,A380,4.58,7.9,9.45,3.63,Yes,Clear,2.81,Yes
7018,B787,7.79,4.42,8.27,2.11,No,Fog,3.25,Yes
7019,B737,9.7,7.61,8.81,2.54,No,Fog,0.31,No
7020,B737,6.21,2.17,7.33,0.93,Yes,Rain,6.18,No
7021,A320,5.61,0.15,5.26,5.98,No,Snow,6.38,Yes
7022,A320,4.71,4.45,10.0,0.91,No,Thunderstorm,4.12,No
7023,B737,5.94,9.78,3.18,1.15,No,Fog,9.25,No
7024,A350,4.09,0.12,9.79,0.63,No,Thunderstorm,7.66,No
7025,A350,2.35,6.17,8.67,5.84,No,Clear,1.21,Yes
7026,A350,1.01,6.77,4.62,7.52,Yes,Snow,2.01,No
7027,B787,3.08,1.69,7.25,5.31,No,Thunderstorm,6.11,Yes
7028,A380,7.05,2.38,4.45,4.18,Yes,Snow,3.14,Yes
7029,B737,4.96,8.1,3.53,3.06,No,Thunderstorm,9.89,Yes
7030,A350,7.18,0.86,8.74,5.23,Yes,Snow,9.5,Yes
7031,B787,9.64,1.78,5.22,3.92,No,Rain,5.34,Yes
7032,A380,6.36,9.37,6.76,7.0,No,Rain,7.55,No
7033,B737,9.81,1.45,7.03,4.88,Yes,Snow,6.11,Yes
7034,B737,4.57,3.5,7.64,6.95,Yes,Fog,5.13,Yes
7035,A320,7.72,3.63,1.09,4.97,Yes,Thunderstorm,8.87,Yes
7036,B737,2.52,7.1,3.3,3.42,Yes,Snow,2.56,No
7037,A380,4.12,5.45,4.35,9.96,No,Clear,7.46,Yes
7038,A350,9.04,7.95,6.77,6.29,Yes,Thunderstorm,0.15,No
7039,B787,2.93,9.34,1.55,4.24,No,Fog,8.13,Yes
7040,B787,0.81,8.42,2.59,5.86,Yes,Fog,9.27,Yes
7041,A380,4.43,1.5,7.1,1.93,Yes,Fog,8.13,Yes
7042,B787,4.58,6.32,8.32,4.6,Yes,Clear,8.02,No
7043,A350,9.37,9.37,4.13,5.95,No,Clear,0.76,Yes
7044,A320,0.39,3.0,0.58,4.33,No,Thunderstorm,0.27,Yes
7045,A350,3.87,8.08,9.47,8.26,No,Thunderstorm,5.83,No
7046,B787,0.25,7.61,5.98,1.67,Yes,Thunderstorm,8.52,Yes
7047,A320,8.37,5.67,6.4,5.62,Yes,Thunderstorm,1.97,Yes
7048,A320,9.95,8.97,4.25,8.36,No,Thunderstorm,5.17,No
7049,B737,3.9,0.03,6.77,3.05,Yes,Thunderstorm,2.42,Yes
7050,B737,4.21,3.83,4.33,4.91,No,Fog,0.43,Yes
7051,B737,7.34,6.35,9.87,0.75,No,Snow,0.79,No
7052,B737,8.81,7.04,3.01,8.92,Yes,Fog,3.44,Yes
7053,A320,5.72,5.64,7.51,7.27,No,Rain,0.56,Yes
7054,A380,4.68,6.62,8.26,6.45,Yes,Snow,4.06,Yes
7055,A380,7.25,0.11,3.34,3.36,No,Thunderstorm,7.24,Yes
7056,A350,2.01,7.26,0.05,4.92,No,Clear,3.39,No
7057,B787,0.17,4.09,7.79,8.76,No,Snow,8.58,No
7058,B737,8.99,3.68,7.14,2.79,Yes,Clear,1.27,No
7059,A380,3.14,6.2,3.69,6.8,No,Fog,3.59,No
7060,A350,0.92,4.13,7.84,6.78,Yes,Clear,7.89,No
7061,A320,2.17,8.33,3.29,3.57,Yes,Thunderstorm,3.98,Yes
7062,B787,6.46,3.02,8.41,0.91,No,Fog,3.14,No
7063,A320,7.65,0.83,8.04,2.94,Yes,Snow,0.22,Yes
7064,A320,9.16,4.58,4.07,7.48,Yes,Rain,8.42,Yes
7065,B737,8.56,1.83,8.95,4.77,No,Fog,5.66,No
7066,B787,6.66,2.91,0.39,8.36,Yes,Clear,6.07,Yes
7067,A320,3.77,9.67,9.97,5.76,No,Clear,3.58,Yes
7068,A380,3.02,0.85,0.5,2.72,Yes,Fog,0.59,No
7069,A320,4.57,7.68,8.72,6.6,No,Snow,1.9,No
7070,A380,8.74,6.19,2.77,1.0,Yes,Thunderstorm,6.34,Yes
7071,A320,6.68,8.81,6.99,7.44,Yes,Snow,4.85,No
7072,B787,0.58,9.64,8.3,1.57,No,Clear,2.52,No
7073,A350,4.68,5.24,9.78,5.33,Yes,Rain,6.57,Yes
7074,A320,9.18,2.06,7.48,9.97,No,Clear,2.34,Yes
7075,A350,0.01,4.4,1.81,5.47,No,Thunderstorm,4.18,Yes
7076,A380,9.73,4.41,6.86,8.07,Yes,Thunderstorm,7.01,No
7077,A350,7.62,6.89,8.92,1.07,No,Rain,2.02,Yes
7078,A320,9.44,6.0,7.25,9.73,Yes,Fog,4.77,Yes
7079,B787,4.44,8.8,0.57,9.24,Yes,Snow,1.73,Yes
7080,A350,6.85,0.16,4.89,3.4,No,Snow,9.83,Yes
7081,B787,7.22,3.32,0.42,6.25,No,Rain,2.95,No
7082,A350,4.0,0.32,2.55,4.45,No,Thunderstorm,9.74,Yes
7083,A380,5.95,9.93,8.31,5.36,Yes,Rain,3.15,No
7084,A380,6.98,3.08,5.74,0.85,Yes,Thunderstorm,4.92,No
7085,A350,7.7,0.11,4.25,9.07,Yes,Clear,7.65,Yes
7086,B787,2.86,8.1,9.18,5.9,No,Rain,2.08,No
7087,A320,2.17,0.29,6.61,0.83,No,Fog,5.6,Yes
7088,B787,8.77,6.66,0.93,4.97,No,Fog,3.68,Yes
7089,A350,3.78,4.46,8.33,3.59,Yes,Clear,5.28,Yes
7090,B737,6.93,3.11,5.87,5.09,No,Thunderstorm,4.0,Yes
7091,B737,9.34,7.28,8.14,1.43,No,Clear,5.27,Yes
7092,A320,1.06,0.14,1.83,5.49,No,Rain,4.52,Yes
7093,A380,7.78,5.52,7.25,1.31,No,Thunderstorm,8.99,Yes
7094,B787,8.91,3.51,7.02,1.44,No,Fog,3.89,No
7095,A380,5.88,9.13,2.42,0.67,No,Fog,0.52,No
7096,B737,5.35,9.7,7.07,3.66,Yes,Fog,7.87,No
7097,B787,3.85,4.59,4.6,8.77,Yes,Clear,1.77,Yes
7098,A350,7.25,3.77,0.52,2.48,No,Snow,8.81,No
7099,B787,9.11,6.12,6.01,7.2,No,Fog,1.84,Yes
7100,A350,8.34,4.77,9.05,1.78,No,Fog,9.43,No
7101,A320,7.89,9.45,4.01,3.79,Yes,Rain,2.41,No
7102,A380,2.27,5.55,3.15,7.24,No,Fog,8.71,Yes
7103,B787,7.64,7.64,7.74,4.79,Yes,Snow,5.69,Yes
7104,B787,1.36,3.1,5.4,6.67,Yes,Rain,0.74,No
7105,A380,0.64,3.64,1.02,0.97,No,Rain,3.52,Yes
7106,A320,6.23,3.1,0.52,2.13,No,Snow,0.71,No
7107,A380,5.09,8.51,3.7,5.46,No,Thunderstorm,1.79,No
7108,A380,4.42,2.06,3.07,2.77,No,Rain,8.08,Yes
7109,A320,4.15,4.54,3.21,8.42,Yes,Snow,6.34,No
7110,B737,9.6,5.08,1.72,3.19,Yes,Thunderstorm,0.41,No
7111,B787,3.67,8.72,1.96,7.23,Yes,Clear,2.08,Yes
7112,B737,4.38,8.79,0.41,6.45,No,Clear,9.26,Yes
7113,A320,8.64,4.14,3.7,5.29,No,Fog,5.7,Yes
7114,A350,7.72,7.89,5.21,4.44,Yes,Rain,0.16,No
7115,A320,5.01,2.07,0.84,4.58,Yes,Fog,6.02,Yes
7116,A320,9.69,4.76,9.38,3.11,Yes,Fog,3.91,Yes
7117,B737,4.31,5.65,3.36,7.28,No,Rain,6.9,Yes
7118,A320,8.16,4.9,2.42,2.0,Yes,Clear,1.12,No
7119,A320,3.74,8.03,3.81,4.61,No,Clear,4.24,No
7120,B787,6.49,3.32,4.49,0.64,No,Snow,7.2,No
7121,A350,3.77,3.43,9.84,8.03,No,Clear,2.13,Yes
7122,A350,1.93,3.52,4.43,0.25,No,Thunderstorm,7.74,No
7123,B737,5.93,2.0,4.36,7.95,No,Thunderstorm,3.9,No
7124,A380,5.72,1.45,0.37,6.03,Yes,Clear,2.5,No
7125,B787,1.89,3.8,8.04,4.84,Yes,Thunderstorm,0.13,Yes
7126,A350,9.93,8.54,6.6,9.31,Yes,Fog,7.55,No
7127,A320,9.84,0.7,4.74,6.86,No,Snow,9.34,Yes
7128,B737,9.78,1.73,1.78,7.9,No,Rain,0.48,Yes
7129,A320,2.58,9.71,4.29,8.08,No,Fog,6.03,No
7130,B787,2.45,3.09,9.62,5.04,No,Thunderstorm,2.41,Yes
7131,A380,4.53,8.67,9.04,8.85,Yes,Rain,4.2,No
7132,A320,2.02,4.98,6.75,5.63,No,Thunderstorm,4.13,No
7133,A320,9.41,1.04,6.96,8.43,No,Clear,1.65,Yes
7134,B737,7.2,8.16,1.13,1.95,No,Fog,4.79,No
7135,B787,5.2,8.45,3.06,0.3,No,Snow,5.4,Yes
7136,A320,4.28,5.99,0.76,3.79,Yes,Snow,9.16,No
7137,B737,5.72,2.17,4.72,8.07,No,Snow,9.21,No
7138,A350,9.45,9.14,6.48,1.52,Yes,Thunderstorm,6.25,Yes
7139,B737,0.38,9.95,2.98,2.58,No,Snow,7.37,No
7140,A350,1.25,2.73,9.67,9.85,No,Thunderstorm,0.2,No
7141,A350,4.49,5.91,2.18,6.65,No,Rain,4.22,Yes
7142,A380,9.74,0.73,9.01,2.27,No,Rain,1.94,No
7143,A350,7.72,6.7,8.63,5.47,No,Snow,8.13,Yes
7144,A320,3.67,5.96,9.39,9.39,No,Fog,1.0,No
7145,A320,8.27,8.07,5.21,8.2,Yes,Snow,9.65,Yes
7146,A380,3.03,7.29,1.22,5.1,Yes,Clear,0.81,Yes
7147,B737,7.3,5.18,0.52,7.36,Yes,Thunderstorm,0.95,No
7148,A380,3.41,7.19,4.89,8.5,Yes,Snow,6.62,Yes
7149,A380,4.03,5.55,0.53,9.19,No,Snow,8.27,No
7150,B787,7.55,3.1,7.22,9.58,No,Clear,0.12,Yes
7151,A320,0.43,9.71,0.41,6.39,No,Fog,7.68,Yes
7152,A320,3.61,3.2,1.21,3.39,No,Snow,1.91,No
7153,A350,8.09,9.81,8.72,0.66,No,Clear,2.24,Yes
7154,A350,5.87,6.04,6.02,1.1,No,Fog,2.66,No
7155,A380,9.0,7.71,3.83,8.63,Yes,Snow,4.66,No
7156,A350,1.38,4.97,5.67,0.34,Yes,Thunderstorm,3.03,No
7157,B737,5.77,5.01,7.31,8.98,No,Rain,9.32,Yes
7158,B737,4.83,2.94,6.13,1.12,Yes,Snow,5.43,No
7159,A320,1.37,4.97,5.5,6.41,Yes,Clear,0.53,Yes
7160,A350,4.98,1.83,4.56,3.86,No,Thunderstorm,3.14,Yes
7161,A350,5.48,1.86,1.96,8.62,No,Snow,6.9,No
7162,A320,3.81,3.63,7.33,1.32,Yes,Clear,3.47,Yes
7163,A350,2.23,7.03,1.74,9.54,Yes,Fog,0.04,Yes
7164,A350,2.97,5.3,7.25,4.96,Yes,Rain,1.95,No
7165,A350,2.74,9.68,8.12,2.76,No,Clear,5.65,No
7166,A320,3.82,3.05,1.33,1.8,Yes,Fog,9.12,Yes
7167,A350,5.24,3.9,6.1,1.1,Yes,Snow,4.52,Yes
7168,A320,7.72,8.27,7.48,9.06,No,Fog,6.87,No
7169,B737,2.09,2.16,4.44,0.94,No,Fog,8.49,No
7170,A380,7.63,0.34,8.83,6.33,Yes,Thunderstorm,9.92,No
7171,A320,2.42,1.93,7.82,0.88,Yes,Rain,4.57,Yes
7172,A350,4.87,0.3,1.91,6.24,No,Clear,9.11,Yes
7173,A350,0.26,7.68,7.57,3.08,Yes,Thunderstorm,2.8,Yes
7174,B737,9.87,6.91,7.34,5.14,Yes,Clear,1.81,Yes
7175,B737,3.98,2.24,5.49,2.78,Yes,Rain,3.91,Yes
7176,A380,9.81,5.14,4.82,5.0,No,Snow,8.03,No
7177,A350,3.33,6.07,9.1,7.73,No,Fog,8.15,No
7178,B737,6.15,3.96,8.83,4.72,Yes,Clear,0.01,No
7179,B737,0.1,9.47,2.78,7.76,No,Fog,5.12,No
7180,B737,9.6,8.77,7.99,0.95,Yes,Snow,5.18,No
7181,A380,6.69,1.95,3.19,6.92,No,Clear,2.21,No
7182,A380,1.16,4.6,3.67,5.9,Yes,Fog,0.37,No
7183,B737,9.72,6.81,8.43,3.77,No,Snow,8.28,Yes
7184,B787,7.04,8.29,1.43,5.26,No,Snow,3.21,Yes
7185,A320,3.76,2.74,0.04,2.47,No,Snow,7.74,Yes
7186,A350,0.12,6.63,4.69,9.4,No,Snow,6.01,No
7187,A320,2.09,6.41,5.58,0.71,No,Thunderstorm,3.29,Yes
7188,A380,1.34,6.29,4.28,3.05,No,Thunderstorm,2.89,Yes
7189,A350,8.07,6.83,6.17,0.1,Yes,Thunderstorm,9.98,No
7190,A320,0.36,3.68,3.7,3.08,Yes,Rain,6.3,Yes
7191,A380,2.22,9.63,4.3,5.55,Yes,Thunderstorm,7.38,No
7192,A350,0.61,0.45,0.67,5.83,No,Fog,2.53,Yes
7193,A320,9.85,6.24,8.9,8.27,Yes,Fog,9.68,Yes
7194,A380,6.92,4.61,9.39,6.06,No,Rain,7.28,No
7195,A320,8.21,7.18,7.35,9.22,Yes,Thunderstorm,3.21,No
7196,B737,4.9,8.73,3.02,6.17,No,Rain,3.8,No
7197,B737,3.95,9.66,3.08,2.64,Yes,Snow,5.94,No
7198,A350,6.23,6.34,0.41,6.37,Yes,Fog,3.67,Yes
7199,A350,8.32,0.32,2.42,9.5,Yes,Rain,5.35,Yes
7200,A320,7.02,1.73,2.95,3.68,Yes,Thunderstorm,1.31,No
7201,A380,0.02,1.47,5.58,0.44,Yes,Fog,9.19,Yes
7202,B737,9.61,0.1,0.75,2.08,No,Fog,1.19,No
7203,A320,6.27,4.37,7.63,9.87,Yes,Thunderstorm,0.41,Yes
7204,A380,9.03,0.05,6.49,6.8,Yes,Snow,4.01,No
7205,B787,1.97,8.32,5.94,6.35,Yes,Rain,6.26,Yes
7206,B787,4.17,8.01,4.38,8.73,No,Clear,3.36,Yes
7207,A350,5.64,7.48,9.04,3.65,No,Fog,4.67,No
7208,A380,1.34,0.32,9.41,9.51,Yes,Clear,2.58,No
7209,B737,7.47,5.0,7.71,2.15,No,Fog,8.41,Yes
7210,B787,5.46,5.48,4.41,5.72,No,Rain,9.22,No
7211,A350,2.16,3.66,8.64,5.06,Yes,Rain,3.45,No
7212,A320,1.18,6.66,1.84,5.6,No,Thunderstorm,4.66,No
7213,A380,4.76,3.73,4.43,7.11,Yes,Thunderstorm,2.37,No
7214,A380,1.66,8.81,9.44,2.31,No,Fog,5.0,No
7215,A350,7.64,9.57,7.38,1.13,Yes,Snow,9.32,Yes
7216,A320,1.25,5.86,6.25,0.07,Yes,Clear,4.89,Yes
7217,B787,0.77,1.02,2.96,2.3,Yes,Thunderstorm,1.64,No
7218,A350,3.09,9.22,2.88,7.1,No,Fog,4.05,Yes
7219,A380,3.66,9.74,4.31,7.19,No,Clear,3.15,Yes
7220,A350,7.21,2.41,1.18,3.4,Yes,Snow,4.18,No
7221,A350,4.0,1.39,1.18,6.36,Yes,Clear,8.65,No
7222,B737,6.18,0.3,0.58,7.69,Yes,Clear,3.71,Yes
7223,A320,3.61,1.35,0.02,5.52,Yes,Snow,4.09,No
7224,A380,3.91,7.68,7.09,3.73,Yes,Fog,0.04,No
7225,A350,4.78,0.13,6.83,4.76,No,Clear,9.57,Yes
7226,A380,8.85,3.0,2.64,2.25,No,Rain,1.31,Yes
7227,A350,3.98,7.57,2.13,1.16,No,Rain,6.84,Yes
7228,B737,0.6,7.82,7.71,3.5,Yes,Snow,1.35,Yes
7229,A350,3.84,6.99,7.36,0.47,Yes,Thunderstorm,9.02,No
7230,A350,7.46,4.26,9.3,9.13,No,Clear,9.22,Yes
7231,B787,5.29,8.39,5.41,8.07,Yes,Fog,4.41,No
7232,A380,9.24,0.64,4.06,0.9,No,Rain,9.2,Yes
7233,A380,8.34,9.42,5.35,5.04,No,Fog,9.85,No
7234,B787,8.0,3.94,1.41,1.22,Yes,Snow,3.46,No
7235,A350,8.69,0.4,3.44,3.14,Yes,Snow,7.3,Yes
7236,A380,3.21,1.85,8.03,8.02,Yes,Fog,2.39,Yes
7237,A350,9.43,9.68,3.8,5.66,Yes,Snow,9.76,No
7238,A350,1.33,9.63,3.86,3.41,No,Fog,6.6,No
7239,B737,4.55,1.85,9.94,1.28,No,Clear,6.5,No
7240,B737,5.71,6.39,6.96,7.74,Yes,Fog,5.65,Yes
7241,B787,7.81,0.23,9.89,3.62,No,Fog,1.11,No
7242,A380,7.8,7.55,6.04,7.74,No,Clear,0.73,Yes
7243,B787,9.75,4.62,0.48,8.74,Yes,Fog,5.15,Yes
7244,A350,9.76,9.05,7.76,6.25,Yes,Rain,1.95,No
7245,B787,7.04,3.17,2.92,6.06,No,Rain,8.16,Yes
7246,A320,6.13,3.4,6.56,6.95,No,Fog,8.19,Yes
7247,B787,8.82,6.46,6.39,8.29,No,Rain,2.74,Yes
7248,A320,2.87,0.74,5.69,7.65,No,Rain,1.76,Yes
7249,A350,2.62,6.82,9.08,7.63,No,Rain,1.0,Yes
7250,B737,2.76,5.23,6.68,9.65,Yes,Thunderstorm,8.91,No
7251,A350,4.33,1.88,9.23,1.55,Yes,Snow,2.78,No
7252,A380,7.12,7.77,9.37,7.73,Yes,Snow,0.09,No
7253,B787,6.25,6.41,3.62,4.62,No,Rain,6.42,No
7254,B787,2.1,6.61,8.75,2.08,No,Snow,8.8,Yes
7255,A350,1.31,1.06,6.84,5.7,Yes,Snow,2.53,No
7256,B737,4.75,7.72,5.26,0.15,Yes,Snow,5.18,Yes
7257,A350,1.27,1.14,2.82,6.79,No,Snow,1.55,No
7258,A380,6.97,1.48,2.1,7.95,No,Snow,8.93,Yes
7259,A380,1.41,10.0,4.41,5.1,No,Clear,4.25,Yes
7260,A350,9.31,0.8,1.05,9.27,No,Clear,2.4,Yes
7261,A350,5.29,2.7,1.65,7.66,Yes,Fog,5.31,No
7262,B737,3.32,0.1,0.1,9.92,No,Snow,4.66,No
7263,A320,9.82,3.83,9.65,0.81,No,Thunderstorm,8.48,Yes
7264,A320,0.24,2.15,2.15,7.9,No,Thunderstorm,7.38,No
7265,A320,5.09,6.96,0.86,7.86,No,Rain,3.52,No
7266,B787,9.99,8.61,7.55,3.32,No,Snow,3.98,No
7267,A320,2.84,9.46,8.69,5.81,No,Thunderstorm,2.99,No
7268,A320,7.25,5.81,7.75,0.51,No,Clear,5.37,Yes
7269,A380,2.03,8.65,2.36,8.28,Yes,Snow,3.85,Yes
7270,B737,7.07,9.51,9.87,1.44,Yes,Snow,1.82,Yes
7271,A380,2.88,8.02,9.64,4.45,No,Thunderstorm,1.47,No
7272,A350,4.62,0.41,3.15,3.38,No,Rain,2.27,No
7273,B737,3.06,0.51,6.73,7.13,No,Clear,8.86,Yes
7274,A320,8.85,9.48,2.33,7.71,No,Snow,1.04,No
7275,B737,8.69,1.67,0.29,9.97,No,Rain,6.3,Yes
7276,A380,7.46,1.38,3.53,0.06,No,Clear,2.83,No
7277,B787,9.39,4.92,4.9,7.38,Yes,Fog,4.89,No
7278,A350,3.68,7.43,4.54,2.78,No,Snow,4.92,Yes
7279,A320,2.06,7.27,9.67,2.81,Yes,Clear,4.44,Yes
7280,A320,6.98,0.28,1.75,5.44,No,Rain,6.48,No
7281,A380,0.07,1.1,5.37,6.62,No,Clear,4.98,Yes
7282,A320,8.17,6.86,9.39,5.59,No,Thunderstorm,9.28,Yes
7283,A320,6.83,6.61,4.95,4.29,No,Fog,3.57,Yes
7284,A350,1.21,9.29,9.02,5.39,No,Clear,2.53,Yes
7285,B737,7.19,5.77,9.48,6.07,Yes,Clear,8.72,Yes
7286,B737,5.68,6.95,1.36,7.68,Yes,Fog,7.24,No
7287,A350,3.0,8.37,0.94,2.65,Yes,Thunderstorm,2.75,No
7288,B787,0.41,3.34,3.59,9.5,No,Rain,3.55,Yes
7289,A380,1.82,8.33,7.95,3.8,No,Snow,0.55,No
7290,A380,6.17,3.41,8.33,2.93,No,Clear,8.24,Yes
7291,A320,3.09,5.11,1.63,6.66,No,Rain,2.17,Yes
7292,A350,8.04,0.71,7.57,9.23,Yes,Snow,0.31,No
7293,B737,3.49,3.58,9.9,4.28,Yes,Fog,5.41,No
7294,A320,0.53,2.55,0.2,0.65,No,Fog,8.07,No
7295,B787,6.7,1.29,2.74,0.08,No,Clear,0.46,Yes
7296,A350,0.69,6.11,6.42,6.79,Yes,Thunderstorm,2.88,Yes
7297,A320,7.71,3.31,9.51,9.19,No,Snow,0.12,Yes
7298,B787,6.69,0.07,6.78,5.09,Yes,Thunderstorm,0.67,No
7299,A380,0.53,1.51,3.84,3.19,Yes,Thunderstorm,8.38,No
7300,A350,2.15,4.91,2.09,2.05,Yes,Clear,0.68,No
7301,B737,5.94,0.76,3.01,5.99,Yes,Clear,1.16,Yes
7302,A380,3.27,5.72,9.84,0.54,Yes,Snow,5.6,Yes
7303,A320,8.94,4.42,4.43,0.18,No,Fog,0.05,Yes
7304,A320,0.12,7.0,7.79,9.2,No,Clear,4.21,No
7305,A380,4.39,5.93,6.66,0.16,No,Fog,8.83,No
7306,A350,0.92,9.69,8.94,6.56,No,Snow,0.02,Yes
7307,A350,1.95,6.04,6.65,0.08,Yes,Thunderstorm,4.41,No
7308,B787,1.84,7.81,0.49,0.79,No,Rain,6.87,No
7309,B787,2.39,1.74,9.6,9.55,Yes,Snow,1.67,No
7310,A380,9.76,9.87,4.67,1.29,Yes,Thunderstorm,4.67,No
7311,B787,7.8,8.52,8.8,7.39,Yes,Rain,9.03,No
7312,A320,6.57,5.96,4.88,1.23,Yes,Rain,3.5,Yes
7313,A350,4.32,2.18,5.37,7.59,Yes,Snow,3.1,No
7314,A350,7.34,7.4,0.58,4.73,Yes,Fog,7.53,Yes
7315,B737,9.76,7.96,0.25,8.39,No,Clear,4.72,No
7316,B787,3.31,6.26,7.06,6.08,Yes,Snow,3.95,No
7317,A380,2.36,2.11,0.42,7.7,No,Snow,6.14,Yes
7318,A350,5.75,6.09,2.29,4.81,No,Thunderstorm,0.79,No
7319,A380,0.97,8.61,9.72,3.24,No,Clear,2.71,No
7320,B787,3.59,2.18,4.55,7.4,Yes,Snow,8.63,Yes
7321,B787,7.09,1.97,5.96,2.17,No,Fog,1.85,No
7322,A350,1.11,0.94,0.43,0.58,Yes,Thunderstorm,5.08,No
7323,A350,8.07,3.89,9.15,0.71,No,Snow,2.29,Yes
7324,B787,4.1,6.25,9.65,0.09,No,Thunderstorm,9.65,Yes
7325,B787,7.04,4.55,0.16,0.78,Yes,Rain,0.66,Yes
7326,A380,3.89,0.26,5.52,4.48,Yes,Fog,2.06,No
7327,B787,0.1,8.57,8.8,8.88,Yes,Thunderstorm,7.84,Yes
7328,A380,1.8,1.31,4.96,9.66,No,Clear,1.58,Yes
7329,A350,6.29,8.13,7.46,5.71,No,Snow,8.91,No
7330,A380,7.81,6.33,6.3,7.93,No,Clear,2.53,No
7331,A380,2.96,6.73,9.04,7.57,No,Clear,1.89,Yes
7332,A380,2.86,3.24,4.83,0.06,Yes,Thunderstorm,7.17,Yes
7333,A380,1.92,3.83,7.01,1.08,No,Thunderstorm,8.07,Yes
7334,B737,7.47,1.73,3.68,1.98,No,Thunderstorm,8.1,Yes
7335,A350,1.13,4.87,5.4,7.89,Yes,Rain,2.34,Yes
7336,B737,0.74,3.71,0.15,2.68,Yes,Snow,5.63,Yes
7337,B787,6.59,0.7,4.45,0.53,No,Rain,4.84,No
7338,A320,0.4,3.85,3.41,0.83,Yes,Snow,6.35,Yes
7339,A350,0.74,6.56,5.27,6.11,No,Fog,1.44,No
7340,A320,4.5,5.5,1.86,2.63,Yes,Rain,2.71,No
7341,A380,3.26,4.57,0.38,2.02,No,Clear,8.66,Yes
7342,A380,5.63,0.86,6.26,0.9,Yes,Fog,4.37,Yes
7343,B787,0.57,3.5,6.48,6.63,Yes,Clear,0.06,Yes
7344,A350,1.49,9.42,6.67,3.71,No,Snow,1.81,No
7345,B787,3.44,2.83,8.82,5.08,No,Thunderstorm,5.19,Yes
7346,A320,5.81,5.17,1.02,8.16,No,Fog,1.69,No
7347,B737,2.32,8.12,3.84,9.73,Yes,Fog,9.54,Yes
7348,A350,4.94,0.38,2.45,5.03,Yes,Fog,9.66,Yes
7349,A380,2.35,4.63,2.65,7.3,No,Thunderstorm,7.44,Yes
7350,A350,3.97,6.89,5.95,6.56,No,Thunderstorm,5.15,No
7351,B787,9.72,4.79,2.92,1.39,Yes,Fog,6.87,No
7352,B737,6.41,1.47,3.17,7.3,Yes,Thunderstorm,6.47,Yes
7353,A320,8.3,4.21,0.33,4.54,Yes,Clear,2.65,No
7354,A320,5.04,9.49,7.73,7.31,No,Clear,0.42,Yes
7355,A320,6.75,9.37,4.79,0.32,Yes,Snow,3.51,No
7356,A320,7.97,4.16,1.75,4.35,Yes,Clear,6.91,Yes
7357,A380,1.6,5.09,2.67,3.0,No,Rain,0.54,No
7358,B737,3.73,0.65,3.76,6.16,Yes,Fog,3.56,No
7359,B787,7.79,6.79,1.74,2.59,No,Thunderstorm,2.26,No
7360,A380,0.94,1.57,4.0,6.14,Yes,Fog,0.78,Yes
7361,A350,0.72,2.72,4.76,1.04,Yes,Rain,6.05,Yes
7362,B737,6.37,1.27,4.61,1.56,No,Fog,7.42,Yes
7363,A350,1.34,8.5,1.32,1.75,Yes,Snow,8.43,Yes
7364,A350,1.18,4.62,4.96,0.56,No,Rain,5.93,No
7365,A320,4.91,0.92,0.74,2.38,No,Fog,10.0,No
7366,A320,6.97,7.12,5.6,2.73,No,Snow,2.11,Yes
7367,B737,4.05,9.54,8.09,7.74,Yes,Rain,2.83,No
7368,A350,1.3,4.66,1.52,3.4,Yes,Snow,1.63,Yes
7369,A350,4.05,7.67,9.13,9.99,Yes,Thunderstorm,4.19,No
7370,A380,1.3,4.94,4.94,4.91,Yes,Thunderstorm,6.08,No
7371,A380,9.02,6.44,0.69,8.86,No,Rain,4.1,No
7372,A350,7.31,2.4,0.67,2.3,No,Clear,6.71,No
7373,A380,2.28,2.3,0.92,3.11,No,Rain,4.37,No
7374,B787,5.25,4.03,6.88,1.72,Yes,Snow,4.78,Yes
7375,A320,1.65,8.29,7.77,7.24,Yes,Snow,7.64,No
7376,A350,5.51,4.54,7.69,8.09,Yes,Fog,1.5,Yes
7377,A380,8.8,5.83,8.75,6.95,No,Clear,5.45,No
7378,B787,9.67,3.78,1.2,5.66,No,Thunderstorm,0.79,Yes
7379,B787,9.57,0.42,9.48,0.76,No,Clear,3.81,No
7380,A350,6.86,8.51,1.93,8.19,Yes,Rain,4.06,Yes
7381,B737,9.99,1.49,2.35,3.07,Yes,Thunderstorm,1.38,Yes
7382,B787,5.67,0.31,3.69,4.64,Yes,Snow,7.66,Yes
7383,A380,8.45,7.97,2.52,3.58,Yes,Fog,7.8,No
7384,A320,7.94,1.93,5.44,0.98,No,Thunderstorm,3.79,Yes
7385,B737,5.91,3.35,2.56,9.89,No,Clear,7.34,Yes
7386,A350,0.15,4.94,0.8,6.9,No,Thunderstorm,7.49,Yes
7387,A320,4.12,8.44,7.14,7.67,Yes,Clear,6.49,Yes
7388,A350,4.24,9.81,7.29,3.59,No,Rain,3.93,Yes
7389,A350,2.38,3.99,6.34,0.46,Yes,Snow,4.71,No
7390,B787,7.03,7.47,4.5,4.49,No,Thunderstorm,2.44,Yes
7391,B737,7.62,4.71,2.32,3.76,Yes,Fog,8.01,Yes
7392,B737,0.64,3.41,3.04,0.62,Yes,Thunderstorm,6.92,Yes
7393,B787,5.63,8.07,3.42,8.58,Yes,Fog,6.68,No
7394,B787,6.44,9.68,1.6,8.2,Yes,Snow,8.92,No
7395,B787,9.26,6.98,2.06,7.57,Yes,Snow,9.52,No
7396,A320,9.62,7.66,4.08,6.5,No,Thunderstorm,7.51,No
7397,B737,9.5,2.38,7.79,9.76,Yes,Rain,3.21,No
7398,A320,3.08,6.58,0.9,2.5,Yes,Clear,2.3,Yes
7399,A350,5.58,8.33,3.06,5.28,No,Clear,6.59,Yes
7400,B787,7.94,5.06,0.53,8.42,Yes,Clear,2.25,Yes
7401,A380,4.43,8.98,6.06,2.18,Yes,Snow,6.36,No
7402,A320,0.71,3.85,0.48,3.0,Yes,Clear,2.85,Yes
7403,A320,7.49,3.28,8.4,0.61,No,Thunderstorm,4.31,Yes
7404,B787,2.34,6.76,9.01,1.26,No,Clear,3.48,No
7405,A320,9.71,9.94,0.62,5.69,No,Clear,5.79,Yes
7406,B787,4.04,6.0,4.56,2.09,No,Thunderstorm,7.18,Yes
7407,A350,9.8,2.31,6.0,8.49,No,Fog,7.45,No
7408,B787,9.6,3.21,4.49,9.97,No,Snow,4.85,No
7409,B737,2.94,4.96,9.85,5.72,No,Rain,5.13,Yes
7410,A380,4.56,8.57,0.68,5.97,Yes,Thunderstorm,7.74,Yes
7411,A320,4.35,0.05,2.56,6.62,Yes,Clear,5.71,No
7412,B787,9.45,8.83,2.22,7.94,Yes,Thunderstorm,3.58,Yes
7413,A380,5.7,7.91,4.3,3.45,Yes,Fog,9.12,Yes
7414,A320,0.84,1.4,3.48,8.53,Yes,Clear,5.18,No
7415,B787,9.27,0.28,6.34,4.35,Yes,Fog,6.69,Yes
7416,B737,6.87,1.36,1.32,1.67,No,Fog,4.02,No
7417,A350,7.78,9.7,7.68,3.65,Yes,Rain,7.71,No
7418,A350,8.27,3.84,0.75,6.7,Yes,Rain,6.87,No
7419,A350,4.25,4.9,4.87,4.18,Yes,Clear,3.28,Yes
7420,A380,7.59,6.69,5.74,6.58,No,Rain,5.29,No
7421,B737,1.15,7.99,1.22,8.51,No,Fog,3.28,No
7422,B737,1.43,9.73,2.47,4.31,No,Snow,9.35,Yes
7423,A380,6.5,2.77,9.71,0.39,No,Fog,7.4,Yes
7424,A320,8.33,2.18,3.63,1.54,No,Thunderstorm,0.0,No
7425,A320,1.68,1.83,2.86,0.73,Yes,Clear,0.15,No
7426,A380,3.63,1.27,7.93,9.58,Yes,Snow,8.94,Yes
7427,B787,8.99,9.66,4.56,1.33,No,Rain,9.59,Yes
7428,A320,3.51,6.18,9.47,6.32,No,Fog,6.74,No
7429,B737,7.09,2.53,2.32,8.3,No,Snow,4.63,Yes
7430,A320,9.6,3.15,0.49,3.89,Yes,Thunderstorm,2.05,Yes
7431,B737,2.47,4.5,5.08,2.19,Yes,Clear,1.01,Yes
7432,A380,1.53,9.62,1.87,6.8,No,Fog,2.96,No
7433,A320,8.68,4.54,9.99,1.92,No,Fog,0.96,No
7434,A350,9.13,8.1,2.63,8.77,Yes,Rain,5.53,Yes
7435,B737,8.13,6.38,3.02,0.98,No,Clear,2.54,Yes
7436,B737,4.48,8.4,1.67,6.03,No,Rain,6.26,Yes
7437,A320,5.12,9.41,1.49,8.59,No,Thunderstorm,5.98,Yes
7438,A380,9.44,0.19,5.05,5.28,Yes,Clear,7.67,No
7439,A350,4.99,2.51,6.44,1.73,Yes,Clear,3.85,No
7440,A380,3.42,8.1,8.71,0.08,No,Clear,6.38,Yes
7441,A350,3.65,5.87,7.42,0.33,Yes,Rain,3.42,Yes
7442,B737,7.9,5.0,7.45,8.44,No,Rain,1.37,Yes
7443,B787,3.04,5.74,6.1,5.42,No,Thunderstorm,8.89,No
7444,A350,4.68,1.94,9.4,2.46,Yes,Thunderstorm,2.31,Yes
7445,B787,9.38,3.18,6.58,7.46,Yes,Thunderstorm,4.56,Yes
7446,B737,4.59,1.07,9.08,6.69,No,Fog,9.48,Yes
7447,A350,8.13,3.99,3.63,1.59,Yes,Clear,6.98,No
7448,A380,3.69,8.21,6.16,3.15,No,Snow,1.6,No
7449,A320,2.85,6.42,8.26,5.82,No,Rain,0.14,Yes
7450,A380,3.79,5.2,1.07,2.87,No,Thunderstorm,2.41,Yes
7451,A320,7.27,4.65,5.27,2.88,No,Clear,3.66,Yes
7452,A320,9.09,0.98,3.49,3.71,Yes,Fog,5.07,Yes
7453,A320,4.93,3.19,2.64,8.14,Yes,Thunderstorm,1.04,Yes
7454,B737,0.35,8.71,5.99,6.51,No,Clear,6.65,Yes
7455,A320,4.45,2.05,0.28,3.08,No,Thunderstorm,0.76,No
7456,A320,2.29,2.14,4.72,9.41,Yes,Clear,1.56,No
7457,A320,5.27,2.34,6.96,4.83,Yes,Fog,2.08,Yes
7458,B737,0.33,8.96,8.57,7.66,Yes,Snow,6.92,Yes
7459,B787,2.81,2.91,4.49,7.73,No,Snow,4.63,Yes
7460,B787,8.11,5.1,5.66,2.81,No,Thunderstorm,4.91,No
7461,B737,2.1,7.34,5.41,2.41,Yes,Rain,5.37,Yes
7462,A380,5.51,9.84,0.5,5.61,No,Snow,9.61,Yes
7463,A380,4.11,2.03,4.94,0.84,No,Fog,6.43,Yes
7464,A380,9.78,3.85,6.92,2.13,No,Clear,2.94,Yes
7465,A320,0.64,9.0,8.68,3.66,Yes,Snow,8.04,Yes
7466,B737,7.93,2.08,4.32,7.77,No,Clear,9.28,Yes
7467,A350,0.78,6.18,4.84,3.1,Yes,Snow,4.13,Yes
7468,A350,5.13,7.5,7.59,1.94,Yes,Snow,4.05,No
7469,B787,5.53,7.78,6.16,2.11,No,Snow,5.44,No
7470,A380,1.1,0.22,3.65,2.4,Yes,Rain,4.52,No
7471,B787,8.13,2.79,2.01,5.14,No,Clear,9.31,Yes
7472,B787,2.51,8.81,5.92,2.77,No,Clear,8.4,No
7473,B737,9.85,2.97,8.44,5.7,No,Rain,4.57,Yes
7474,A380,0.93,9.98,3.63,7.44,No,Thunderstorm,3.18,No
7475,B787,1.74,4.59,5.1,3.49,Yes,Rain,7.48,No
7476,B787,8.43,2.65,9.41,7.56,Yes,Rain,7.66,Yes
7477,A350,9.51,6.82,4.43,9.47,Yes,Fog,6.81,No
7478,A320,1.1,4.5,3.16,0.14,No,Snow,8.64,No
7479,A380,2.28,4.51,4.68,9.04,No,Thunderstorm,2.37,No
7480,A380,6.52,2.42,6.09,3.92,No,Clear,3.88,No
7481,B787,3.53,8.22,2.27,0.02,Yes,Thunderstorm,3.88,Yes
7482,B737,0.53,2.49,8.65,3.7,Yes,Fog,5.25,Yes
7483,B787,0.39,3.67,7.22,0.77,Yes,Thunderstorm,9.68,No
7484,B737,8.43,6.83,3.88,3.96,Yes,Snow,3.35,Yes
7485,A350,4.78,8.65,2.9,3.83,Yes,Rain,9.51,Yes
7486,B737,7.12,8.21,4.52,0.94,Yes,Snow,1.04,Yes
7487,A320,0.59,7.65,0.72,4.21,No,Rain,7.68,No
7488,B737,6.15,8.35,4.71,1.95,No,Rain,5.99,No
7489,B737,1.88,8.3,0.2,7.71,No,Fog,3.51,No
7490,A320,3.63,9.84,5.86,0.33,No,Snow,9.69,Yes
7491,B787,2.19,6.62,7.55,0.6,Yes,Fog,1.22,No
7492,A380,0.27,5.39,4.93,9.25,Yes,Thunderstorm,7.84,Yes
7493,B737,5.41,3.03,7.68,6.98,No,Thunderstorm,8.3,No
7494,A350,9.98,2.12,7.33,6.81,No,Snow,1.78,Yes
7495,B737,7.54,3.97,9.63,0.95,Yes,Snow,1.8,Yes
7496,B787,9.88,8.95,1.11,5.6,No,Fog,4.44,Yes
7497,A350,0.78,1.34,1.32,9.57,No,Fog,3.26,No
7498,B737,5.51,1.32,0.06,0.51,No,Clear,6.92,No
7499,B787,6.01,5.71,7.15,6.02,No,Clear,4.61,No
7500,A380,0.41,5.57,0.93,7.15,Yes,Snow,3.07,No
7501,B787,1.08,0.67,3.62,9.87,Yes,Clear,8.24,No
7502,B737,5.13,2.22,8.27,4.81,Yes,Snow,8.84,No
7503,A350,6.91,1.08,4.79,0.96,Yes,Snow,2.98,No
7504,A380,8.01,3.66,2.78,6.64,No,Clear,4.93,Yes
7505,A380,6.75,1.31,6.18,3.51,No,Snow,7.59,No
7506,A350,4.36,7.99,9.2,5.1,Yes,Snow,5.11,Yes
7507,A350,3.78,5.87,4.82,8.54,Yes,Thunderstorm,5.6,Yes
7508,B737,1.25,6.12,8.45,5.84,Yes,Rain,9.67,No
7509,A320,0.4,6.54,5.9,8.25,No,Rain,6.39,No
7510,B787,7.54,6.81,0.73,9.59,No,Clear,1.3,No
7511,A380,6.77,9.73,4.25,2.38,Yes,Snow,5.88,Yes
7512,A350,8.99,2.02,5.23,3.14,No,Snow,1.78,No
7513,A380,1.9,4.48,9.71,1.42,Yes,Fog,5.54,No
7514,B737,1.02,0.66,7.72,8.44,Yes,Snow,3.93,No
7515,B787,4.26,8.6,0.95,3.97,Yes,Fog,1.66,No
7516,A320,0.32,6.76,4.79,0.65,Yes,Fog,0.33,Yes
7517,A380,1.25,7.55,8.02,6.79,Yes,Thunderstorm,5.17,Yes
7518,B787,9.68,8.42,6.2,9.48,Yes,Thunderstorm,1.43,Yes
7519,A320,3.2,8.88,5.9,0.1,No,Clear,2.5,Yes
7520,A320,2.7,2.84,0.42,2.68,Yes,Fog,7.75,No
7521,B787,9.27,2.32,6.97,3.38,No,Clear,5.5,Yes
7522,A320,6.76,5.6,5.65,8.37,Yes,Rain,3.69,Yes
7523,B787,0.48,1.39,9.17,3.97,Yes,Snow,7.37,Yes
7524,A320,3.23,2.45,4.79,1.69,Yes,Clear,3.55,Yes
7525,B737,5.48,5.15,7.5,1.28,No,Clear,1.32,Yes
7526,A350,1.34,1.29,8.94,6.52,No,Thunderstorm,7.58,No
7527,A380,8.2,6.69,7.78,9.38,Yes,Thunderstorm,1.44,No
7528,A320,3.96,9.62,1.56,5.18,Yes,Clear,6.25,Yes
7529,A320,3.86,0.52,1.87,6.19,No,Thunderstorm,1.9,Yes
7530,A380,6.93,6.82,4.68,0.27,Yes,Clear,7.07,Yes
7531,A320,7.6,8.22,2.75,8.48,Yes,Snow,6.21,Yes
7532,B787,4.64,8.52,8.9,1.93,Yes,Clear,6.32,No
7533,A320,9.22,8.21,2.03,6.34,Yes,Thunderstorm,3.25,Yes
7534,B737,5.87,5.12,0.61,9.0,No,Snow,3.45,No
7535,B787,9.47,0.12,7.58,2.45,No,Thunderstorm,2.82,Yes
7536,B737,5.47,2.07,8.04,4.7,Yes,Clear,7.69,Yes
7537,A320,7.07,6.39,5.09,0.7,No,Thunderstorm,6.75,Yes
7538,B787,7.39,9.98,4.51,4.34,Yes,Clear,3.16,No
7539,A380,7.75,2.54,7.47,9.86,No,Fog,3.38,No
7540,B737,2.57,4.78,6.35,5.85,No,Thunderstorm,9.68,Yes
7541,A380,5.99,1.74,4.41,6.48,Yes,Clear,5.11,No
7542,A380,3.34,0.99,6.16,9.84,No,Snow,5.17,No
7543,A350,1.21,1.3,4.06,5.02,No,Rain,5.87,No
7544,A380,7.28,5.71,1.23,6.66,Yes,Thunderstorm,7.04,Yes
7545,A350,5.71,6.43,4.99,2.17,Yes,Fog,5.94,Yes
7546,A380,3.67,8.36,1.16,6.96,No,Clear,3.5,No
7547,B737,1.81,0.31,7.57,2.99,Yes,Fog,4.2,Yes
7548,A380,2.81,3.24,8.91,4.19,Yes,Thunderstorm,6.98,No
7549,B737,9.85,4.3,3.17,2.83,No,Clear,9.28,Yes
7550,B787,5.63,2.47,5.61,9.0,Yes,Snow,1.66,Yes
7551,B787,5.08,4.67,0.52,0.39,No,Thunderstorm,9.71,No
7552,B737,5.6,7.73,0.74,8.36,No,Clear,5.02,Yes
7553,A350,7.14,6.94,9.35,2.16,No,Fog,5.8,No
7554,A320,6.16,5.88,4.29,0.15,Yes,Rain,1.92,Yes
7555,A350,7.75,2.7,3.44,4.33,Yes,Fog,8.32,Yes
7556,B787,5.5,7.84,7.67,1.28,No,Fog,6.6,No
7557,B787,0.04,3.15,0.97,1.11,No,Thunderstorm,9.67,No
7558,B737,9.41,8.73,6.11,3.79,Yes,Snow,7.2,Yes
7559,B737,9.0,8.6,0.05,1.48,Yes,Snow,5.53,Yes
7560,B737,1.48,4.1,6.79,6.1,No,Clear,6.95,Yes
7561,B737,3.19,7.78,3.54,4.76,Yes,Fog,6.65,Yes
7562,A320,6.81,2.29,7.35,3.44,Yes,Snow,7.08,Yes
7563,A320,7.42,6.66,6.76,9.8,No,Clear,0.68,No
7564,B787,7.89,4.84,3.41,0.73,No,Clear,7.48,Yes
7565,B737,4.27,9.43,0.38,4.93,Yes,Fog,6.72,No
7566,A320,9.11,1.17,0.69,0.4,No,Snow,1.83,Yes
7567,B737,0.54,3.66,4.73,1.0,No,Rain,9.75,Yes
7568,B737,8.37,8.3,8.13,1.56,No,Fog,0.72,No
7569,A380,9.36,5.64,3.73,8.16,Yes,Snow,2.28,Yes
7570,B787,0.29,6.6,4.42,9.77,No,Snow,3.26,No
7571,B787,3.03,8.72,2.45,9.15,Yes,Thunderstorm,2.42,Yes
7572,A380,2.63,2.5,2.87,1.47,No,Rain,2.07,Yes
7573,B737,7.97,8.83,7.59,7.6,No,Rain,8.45,Yes
7574,A380,1.17,5.24,8.26,9.28,No,Rain,2.25,Yes
7575,A350,7.35,1.86,5.01,9.18,Yes,Snow,4.54,No
7576,B787,6.65,9.77,7.23,6.94,No,Rain,2.36,Yes
7577,B737,4.54,6.45,1.57,9.19,Yes,Thunderstorm,1.1,No
7578,A380,8.54,5.69,7.0,7.43,No,Snow,2.33,Yes
7579,A380,7.69,2.27,4.66,8.28,Yes,Fog,8.93,Yes
7580,B737,3.8,2.2,1.18,7.94,Yes,Clear,7.36,Yes
7581,B737,4.2,6.3,8.69,3.33,No,Thunderstorm,1.35,Yes
7582,A380,8.4,3.8,7.22,5.07,No,Rain,4.01,No
7583,A350,2.83,2.08,8.44,5.01,No,Fog,3.71,Yes
7584,A320,1.54,7.21,0.58,4.68,No,Rain,4.45,No
7585,B787,8.41,2.63,5.44,6.12,Yes,Fog,9.19,No
7586,A380,7.78,9.94,0.66,5.71,No,Fog,6.56,No
7587,B737,0.72,2.27,7.82,8.62,Yes,Thunderstorm,8.22,Yes
7588,A380,3.61,4.36,6.66,9.99,Yes,Fog,0.94,No
7589,A320,2.47,2.26,4.98,0.62,Yes,Fog,7.6,Yes
7590,B787,8.83,4.53,2.38,0.68,No,Snow,0.05,No
7591,A320,1.14,4.78,5.28,7.22,No,Snow,4.89,Yes
7592,A380,0.35,6.1,7.31,6.91,No,Fog,0.6,Yes
7593,A350,3.87,1.47,1.94,1.93,No,Thunderstorm,1.55,No
7594,A350,3.72,7.71,6.17,4.53,No,Fog,3.26,Yes
7595,B787,3.38,0.17,3.49,4.47,Yes,Fog,0.74,Yes
7596,A350,1.39,2.28,3.03,1.9,No,Fog,1.07,Yes
7597,B787,6.02,4.12,5.71,7.04,No,Fog,7.96,No
7598,A350,0.07,7.94,6.17,5.16,No,Clear,0.99,No
7599,B787,1.31,2.5,2.12,3.6,Yes,Rain,7.3,Yes
7600,B737,1.92,6.87,6.93,8.09,No,Snow,0.05,Yes
7601,B787,9.19,7.5,3.86,0.41,No,Rain,8.18,No
7602,A380,5.08,8.86,9.44,7.61,No,Clear,1.24,No
7603,A320,0.78,1.47,3.9,4.14,Yes,Thunderstorm,1.46,No
7604,A350,4.46,7.94,8.82,0.41,No,Snow,2.35,Yes
7605,A350,0.82,6.79,3.0,7.91,No,Clear,4.57,Yes
7606,A380,5.33,0.83,9.46,9.91,No,Clear,2.39,Yes
7607,A350,1.04,6.8,5.49,0.86,No,Fog,6.45,No
7608,B737,6.79,4.72,0.86,7.21,Yes,Rain,7.35,Yes
7609,B787,7.42,0.67,1.97,4.05,No,Thunderstorm,9.02,Yes
7610,B737,4.12,3.99,1.48,8.25,Yes,Rain,7.14,Yes
7611,B787,4.02,5.46,4.89,7.84,Yes,Rain,8.8,Yes
7612,A350,8.97,2.95,8.65,9.24,No,Snow,5.97,Yes
7613,A380,7.04,0.46,8.19,4.99,No,Thunderstorm,5.29,No
7614,B787,0.59,9.6,8.96,8.35,Yes,Thunderstorm,6.71,No
7615,A320,2.29,1.86,4.33,4.09,Yes,Thunderstorm,0.37,Yes
7616,A320,4.68,5.6,8.58,6.72,Yes,Fog,4.45,Yes
7617,A320,2.71,2.52,1.97,6.95,Yes,Clear,7.6,No
7618,A320,1.08,8.46,1.18,5.7,Yes,Thunderstorm,7.19,No
7619,B787,1.66,5.19,1.26,5.36,Yes,Fog,4.78,Yes
7620,B787,7.01,8.38,5.39,6.11,No,Snow,7.04,No
7621,A380,0.11,3.63,2.54,9.05,Yes,Fog,0.38,No
7622,B787,2.03,2.34,2.31,3.79,No,Fog,3.1,Yes
7623,B787,8.49,7.59,0.02,5.6,No,Thunderstorm,4.08,No
7624,A380,6.24,2.62,1.06,2.97,No,Clear,0.98,Yes
7625,A380,9.91,2.28,1.63,9.95,Yes,Clear,4.48,No
7626,A320,9.6,7.64,0.74,9.04,Yes,Rain,5.9,No
7627,A380,8.53,3.23,6.26,8.33,Yes,Thunderstorm,1.1,Yes
7628,A320,6.39,4.54,7.58,6.71,Yes,Fog,4.43,Yes
7629,A380,5.25,2.78,2.69,6.42,No,Clear,5.96,No
7630,A350,6.34,8.04,8.05,7.84,No,Fog,6.75,No
7631,A380,6.99,3.21,9.26,3.46,Yes,Fog,3.03,No
7632,A380,8.64,7.52,2.68,0.92,Yes,Clear,9.89,Yes
7633,A320,9.0,7.88,7.68,4.26,No,Thunderstorm,1.99,Yes
7634,A350,7.16,2.19,8.91,4.3,No,Thunderstorm,4.61,Yes
7635,A320,5.67,6.24,2.19,5.85,No,Thunderstorm,9.54,Yes
7636,A320,9.64,3.48,5.38,4.98,Yes,Thunderstorm,8.14,Yes
7637,A350,1.2,8.17,5.55,5.53,No,Fog,8.73,Yes
7638,A320,5.82,6.4,1.2,9.77,No,Fog,9.27,No
7639,A380,5.23,6.03,3.43,9.47,Yes,Clear,2.2,No
7640,B787,8.15,1.07,1.71,4.1,No,Thunderstorm,0.21,No
7641,B787,0.73,5.05,8.7,7.29,Yes,Snow,2.71,Yes
7642,B787,2.22,6.34,9.64,1.72,No,Rain,8.75,Yes
7643,A320,3.92,3.05,2.26,8.79,Yes,Thunderstorm,5.32,No
7644,A320,4.37,8.21,7.24,6.25,No,Clear,0.99,Yes
7645,A350,4.29,2.89,6.5,0.41,No,Clear,7.67,No
7646,B787,5.38,2.14,1.39,6.72,Yes,Clear,5.11,No
7647,A320,6.92,8.7,7.39,1.74,No,Clear,3.79,Yes
7648,A320,4.64,9.12,2.75,8.12,No,Rain,9.78,No
7649,A320,6.0,6.8,4.92,8.11,No,Clear,2.72,No
7650,B787,2.25,0.51,4.64,6.2,Yes,Thunderstorm,7.64,No
7651,B737,9.54,8.79,6.97,0.22,Yes,Thunderstorm,3.9,Yes
7652,A380,4.51,1.1,0.74,9.67,No,Snow,3.78,Yes
7653,A350,7.59,8.8,1.7,0.0,No,Clear,2.45,Yes
7654,A320,6.85,9.74,9.03,6.83,No,Thunderstorm,0.43,No
7655,B737,1.15,3.72,8.17,7.73,Yes,Snow,5.3,No
7656,B737,4.83,4.41,2.47,0.41,Yes,Rain,8.88,No
7657,A380,5.69,4.28,1.34,2.64,No,Fog,1.02,Yes
7658,A350,2.37,7.09,5.56,9.38,No,Fog,0.31,Yes
7659,A380,8.55,1.28,0.07,4.3,Yes,Clear,4.94,Yes
7660,A320,8.75,0.05,0.78,8.39,No,Fog,5.9,No
7661,B787,3.38,3.92,1.08,1.93,No,Clear,2.95,Yes
7662,A380,5.07,4.02,6.08,5.35,No,Fog,0.39,Yes
7663,B787,2.66,1.85,0.27,8.21,No,Thunderstorm,3.94,No
7664,B737,7.62,6.01,4.94,0.11,Yes,Rain,9.43,No
7665,A320,1.76,5.14,9.49,7.31,Yes,Thunderstorm,5.94,Yes
7666,A380,8.75,8.76,2.4,4.47,No,Rain,1.15,No
7667,A380,5.41,0.62,4.96,9.24,Yes,Fog,9.35,No
7668,B737,4.8,7.05,7.21,6.77,No,Rain,4.2,Yes
7669,A350,2.31,1.52,5.97,3.71,Yes,Fog,9.66,No
7670,B737,7.94,9.68,9.63,8.04,Yes,Rain,0.02,Yes
7671,A380,9.37,8.75,9.25,8.38,No,Thunderstorm,7.38,No
7672,B737,9.6,5.19,6.82,0.05,Yes,Clear,2.28,Yes
7673,A320,5.43,9.44,8.63,9.24,No,Clear,4.1,Yes
7674,A380,2.35,6.48,2.54,3.95,No,Fog,6.65,Yes
7675,B737,4.13,0.54,9.43,7.6,Yes,Rain,8.73,Yes
7676,B737,8.21,8.6,3.55,0.36,Yes,Clear,3.72,Yes
7677,A320,9.32,3.06,3.82,7.44,No,Snow,1.11,No
7678,A380,4.36,3.16,2.41,5.41,Yes,Clear,2.32,No
7679,A320,8.3,0.6,7.83,4.22,No,Thunderstorm,1.89,No
7680,A320,9.11,4.91,7.54,1.24,Yes,Rain,3.63,No
7681,A320,4.8,2.79,2.31,1.89,No,Fog,4.62,Yes
7682,B787,3.1,7.74,4.79,3.77,No,Snow,7.26,Yes
7683,B737,5.19,4.24,3.29,3.43,No,Clear,7.22,No
7684,A350,9.94,7.29,9.24,4.21,Yes,Clear,1.45,Yes
7685,A320,5.43,9.71,6.88,9.47,No,Rain,6.81,No
7686,A350,7.4,3.32,8.67,2.1,No,Snow,2.53,Yes
7687,B737,0.31,0.44,7.57,3.31,No,Clear,7.35,Yes
7688,A320,4.79,6.53,2.53,7.2,No,Rain,0.94,No
7689,B787,5.27,0.25,4.74,3.32,No,Thunderstorm,8.73,Yes
7690,A320,0.39,3.44,9.77,0.92,No,Fog,6.26,No
7691,A350,3.73,4.09,3.57,2.49,No,Rain,7.49,No
7692,B737,0.85,2.46,9.0,1.06,No,Thunderstorm,4.09,No
7693,B787,4.48,7.35,4.78,9.19,No,Snow,9.57,No
7694,A380,2.75,9.79,9.37,7.55,No,Snow,9.82,Yes
7695,A350,2.44,4.77,2.99,7.66,No,Snow,9.78,Yes
7696,A380,2.38,3.1,0.48,8.71,Yes,Fog,1.16,No
7697,B737,0.1,2.5,1.82,1.52,No,Rain,6.36,No
7698,A320,9.36,5.75,6.28,3.13,Yes,Rain,3.49,No
7699,A380,5.01,6.14,8.08,3.32,No,Fog,2.13,Yes
7700,A380,9.01,4.62,0.69,4.19,No,Clear,9.66,No
7701,A350,8.55,2.71,2.35,4.48,Yes,Snow,7.07,Yes
7702,B787,0.52,2.01,7.11,4.91,Yes,Rain,6.3,Yes
7703,B737,6.26,7.92,2.03,2.31,No,Fog,9.71,No
7704,B737,0.6,4.27,7.34,0.42,No,Thunderstorm,1.06,Yes
7705,B737,5.34,0.33,8.85,1.47,Yes,Snow,9.79,No
7706,A320,5.75,8.33,8.62,3.48,Yes,Rain,0.82,Yes
7707,A380,1.76,2.91,7.62,6.32,Yes,Fog,8.33,Yes
7708,A350,5.03,8.82,4.68,0.68,Yes,Fog,4.97,No
7709,A380,5.72,6.5,2.5,1.17,No,Rain,4.23,No
7710,A320,0.14,3.24,8.86,8.07,Yes,Rain,8.59,No
7711,A350,7.56,2.03,4.04,3.92,Yes,Clear,4.21,Yes
7712,A320,5.55,3.96,9.63,4.26,Yes,Thunderstorm,3.43,Yes
7713,A380,2.78,3.1,6.01,0.55,Yes,Fog,4.23,No
7714,A380,3.67,7.08,5.72,6.42,No,Clear,4.96,No
7715,A380,0.73,8.72,5.4,9.5,No,Rain,1.96,No
7716,A350,9.04,8.79,0.4,7.56,Yes,Fog,8.89,Yes
7717,B737,4.74,4.78,6.85,2.63,Yes,Clear,0.27,Yes
7718,B737,6.42,1.38,4.7,5.18,Yes,Rain,2.58,Yes
7719,B737,5.77,1.72,7.81,4.03,No,Snow,1.7,No
7720,B787,0.26,4.52,2.98,2.71,No,Thunderstorm,8.83,Yes
7721,A350,4.2,6.54,5.04,8.55,Yes,Fog,3.06,No
7722,A350,0.03,3.85,5.1,8.15,No,Clear,3.73,No
7723,A380,9.99,5.4,2.58,4.76,Yes,Clear,0.21,Yes
7724,A380,2.36,1.87,3.14,1.76,No,Thunderstorm,3.18,No
7725,B737,4.51,0.77,8.34,7.04,No,Thunderstorm,9.58,Yes
7726,A350,7.91,6.45,9.67,5.96,No,Snow,4.37,No
7727,A350,7.71,1.91,2.45,5.24,Yes,Thunderstorm,1.23,No
7728,B787,7.05,2.66,9.85,7.97,Yes,Snow,0.9,Yes
7729,B737,3.81,8.06,6.33,7.25,No,Clear,2.81,No
7730,A380,5.56,5.18,5.43,9.33,Yes,Snow,8.87,No
7731,B787,2.59,5.03,1.47,4.31,Yes,Snow,4.6,Yes
7732,A320,3.98,1.75,7.77,1.85,No,Snow,7.24,Yes
7733,A380,6.14,2.3,9.98,4.08,Yes,Clear,3.57,Yes
7734,A350,4.45,7.89,8.39,0.12,Yes,Fog,3.97,Yes
7735,A320,6.93,3.91,6.28,7.77,No,Fog,6.33,No
7736,A380,3.51,0.62,0.44,4.65,Yes,Fog,1.09,Yes
7737,A350,0.18,5.09,4.97,7.67,No,Snow,3.73,Yes
7738,A350,2.63,5.74,3.73,8.68,No,Thunderstorm,6.36,No
7739,A350,1.39,7.89,4.11,4.45,No,Rain,7.37,Yes
7740,A350,7.89,4.41,4.78,9.6,Yes,Thunderstorm,8.17,Yes
7741,B787,2.92,7.06,7.92,0.44,No,Thunderstorm,3.42,Yes
7742,A350,3.84,5.58,2.45,2.47,No,Thunderstorm,7.3,Yes
7743,A380,2.66,8.89,1.58,4.18,No,Clear,3.42,Yes
7744,A350,5.99,8.54,6.17,6.42,No,Snow,9.45,Yes
7745,B787,8.27,2.65,4.29,0.98,Yes,Clear,5.16,Yes
7746,A320,8.13,6.85,5.2,4.54,Yes,Rain,3.3,Yes
7747,B737,9.44,3.84,9.42,2.23,No,Thunderstorm,7.67,No
7748,B737,8.73,9.25,2.53,6.59,No,Fog,4.84,No
7749,A350,8.77,6.69,1.97,3.1,No,Snow,0.64,No
7750,B787,8.02,5.55,4.53,7.5,No,Thunderstorm,2.29,Yes
7751,B787,8.79,1.58,8.19,0.51,No,Thunderstorm,7.62,Yes
7752,A320,9.09,2.35,2.35,3.13,Yes,Clear,3.72,No
7753,B787,4.89,2.49,2.28,8.04,Yes,Fog,2.22,No
7754,A380,6.45,0.76,5.66,8.68,No,Rain,1.74,No
7755,A380,5.24,7.99,4.46,7.37,Yes,Rain,6.32,Yes
7756,A320,7.38,1.1,4.62,3.74,No,Fog,5.07,Yes
7757,B787,8.07,6.08,4.19,4.16,No,Snow,8.36,No
7758,B737,3.67,5.99,8.43,3.67,No,Clear,4.57,Yes
7759,A320,9.46,9.53,5.76,5.18,No,Thunderstorm,8.83,No
7760,B737,7.5,6.96,4.26,7.38,Yes,Rain,3.65,Yes
7761,B737,5.01,7.4,0.09,4.47,Yes,Clear,0.7,No
7762,A350,1.94,8.35,0.44,4.07,No,Fog,7.98,Yes
7763,A320,9.25,9.98,8.68,3.56,Yes,Thunderstorm,3.89,Yes
7764,A350,9.8,7.43,2.75,0.11,Yes,Thunderstorm,2.92,Yes
7765,A320,6.27,9.13,5.83,4.47,Yes,Rain,6.24,No
7766,B787,2.02,8.46,4.57,0.31,No,Thunderstorm,4.17,No
7767,B737,6.79,7.47,6.02,1.25,No,Clear,3.72,Yes
7768,B737,0.11,2.76,1.16,8.74,No,Rain,3.24,No
7769,B787,9.04,2.17,8.47,7.0,No,Snow,7.71,Yes
7770,A350,8.13,3.98,6.66,8.08,No,Clear,9.7,No
7771,A320,9.58,7.48,6.25,4.86,Yes,Thunderstorm,7.13,No
7772,A380,2.09,5.62,8.95,2.58,Yes,Thunderstorm,9.7,Yes
7773,B737,4.85,7.28,1.0,1.53,No,Rain,3.21,Yes
7774,B787,7.91,4.31,1.35,2.43,Yes,Thunderstorm,4.25,Yes
7775,B787,3.54,1.75,2.36,2.05,No,Thunderstorm,0.37,Yes
7776,A350,1.07,4.38,4.48,1.9,Yes,Thunderstorm,7.53,Yes
7777,A380,3.97,2.36,3.21,2.47,No,Snow,2.94,No
7778,B787,0.3,7.43,6.59,6.78,Yes,Rain,9.84,No
7779,B737,8.42,0.66,6.06,1.06,Yes,Thunderstorm,0.28,Yes
7780,A380,9.92,8.98,6.04,2.53,No,Thunderstorm,3.88,No
7781,B737,1.42,7.84,3.13,4.04,Yes,Rain,0.39,No
7782,A320,9.15,0.09,9.79,8.07,Yes,Thunderstorm,0.86,No
7783,A380,2.63,5.98,6.81,1.28,Yes,Rain,0.01,Yes
7784,A380,8.65,4.13,5.03,0.42,No,Clear,5.46,No
7785,B737,1.12,6.44,4.55,9.98,No,Clear,5.2,No
7786,A350,6.54,2.14,8.03,7.85,No,Thunderstorm,4.31,Yes
7787,B737,5.98,0.69,2.95,7.0,Yes,Thunderstorm,6.09,Yes
7788,B787,1.82,1.04,7.46,6.95,No,Rain,5.16,No
7789,A350,6.31,7.44,3.33,9.84,No,Clear,6.87,No
7790,A320,9.38,3.15,8.56,0.48,No,Thunderstorm,2.81,No
7791,A380,6.0,4.53,8.87,3.98,No,Snow,9.82,Yes
7792,A380,9.2,9.97,1.8,2.86,Yes,Fog,6.88,No
7793,A320,4.05,5.16,6.05,6.91,Yes,Thunderstorm,1.21,Yes
7794,A380,4.53,4.54,8.32,9.75,No,Thunderstorm,3.08,No
7795,A380,9.97,1.48,6.42,8.14,No,Fog,0.31,No
7796,A380,2.38,8.87,4.06,4.93,Yes,Thunderstorm,9.56,Yes
7797,A320,3.88,2.34,4.37,6.02,Yes,Clear,4.83,No
7798,B787,1.33,6.89,0.45,9.31,Yes,Rain,8.9,No
7799,A380,2.11,6.21,8.53,1.74,No,Rain,7.23,No
7800,B737,8.89,4.56,0.17,1.29,Yes,Rain,1.73,No
7801,A380,0.66,3.52,8.41,9.24,Yes,Rain,0.24,No
7802,B737,2.87,8.03,5.33,5.81,Yes,Fog,5.33,Yes
7803,B787,6.49,3.54,8.39,3.04,Yes,Fog,8.49,No
7804,A350,8.99,8.47,5.7,1.33,Yes,Snow,1.47,Yes
7805,B737,9.83,4.62,4.59,9.02,No,Rain,6.43,No
7806,A380,6.09,1.04,8.63,2.65,No,Rain,1.08,Yes
7807,A350,0.81,0.41,6.84,6.48,No,Thunderstorm,5.61,No
7808,A350,3.84,8.08,4.68,5.02,No,Clear,8.59,No
7809,A380,1.33,5.18,2.2,2.55,No,Fog,3.23,No
7810,A320,1.68,8.93,5.13,1.99,No,Rain,8.17,No
7811,B737,3.21,4.06,1.34,3.78,No,Fog,5.3,Yes
7812,A320,6.41,6.85,4.33,9.98,No,Rain,7.24,No
7813,A380,4.85,1.84,5.55,1.19,Yes,Fog,8.93,Yes
7814,B787,5.49,0.74,3.1,9.64,Yes,Thunderstorm,9.01,No
7815,A350,9.46,1.43,6.63,1.26,Yes,Clear,4.29,No
7816,B737,0.93,2.93,6.72,5.43,Yes,Fog,5.19,No
7817,B737,9.99,2.66,1.86,6.03,No,Rain,8.75,No
7818,A320,7.59,8.64,5.05,0.6,No,Snow,9.79,No
7819,A350,7.66,1.03,1.01,7.11,Yes,Fog,0.37,No
7820,A350,3.0,8.99,2.22,8.64,Yes,Thunderstorm,8.38,No
7821,B737,5.95,8.98,6.13,2.18,Yes,Snow,7.82,No
7822,B787,8.4,1.01,9.28,6.47,Yes,Snow,2.07,No
7823,B737,6.37,1.77,0.6,6.4,No,Fog,3.03,No
7824,A350,8.75,7.89,3.01,5.8,No,Clear,1.59,No
7825,A320,7.73,2.44,9.83,2.49,No,Rain,2.55,No
7826,B787,0.33,5.5,9.72,0.71,Yes,Fog,4.39,Yes
7827,A380,1.35,5.45,0.98,3.42,No,Snow,8.2,Yes
7828,A380,2.01,9.72,3.9,6.8,No,Snow,0.75,No
7829,A380,4.85,5.83,9.94,6.06,Yes,Clear,1.82,No
7830,A350,7.33,8.39,2.4,9.63,No,Rain,5.53,No
7831,B787,8.7,3.12,3.69,0.11,No,Thunderstorm,6.96,Yes
7832,B737,5.1,9.54,7.96,9.27,No,Thunderstorm,2.88,Yes
7833,A380,8.78,2.95,8.83,5.58,Yes,Snow,7.83,No
7834,A380,3.53,8.03,9.26,0.41,No,Clear,4.4,Yes
7835,A380,4.19,4.29,6.77,5.23,Yes,Rain,6.62,Yes
7836,A380,5.79,5.85,5.27,3.56,No,Clear,8.05,Yes
7837,A350,3.64,7.18,5.54,0.52,No,Rain,3.66,Yes
7838,B787,6.17,0.84,1.99,4.05,Yes,Rain,8.59,Yes
7839,A350,7.93,4.32,9.52,9.97,No,Clear,2.38,No
7840,B787,3.8,0.01,9.17,3.91,No,Snow,8.74,Yes
7841,A380,6.95,6.63,9.68,0.54,No,Clear,8.99,Yes
7842,B737,0.89,7.62,2.27,7.25,No,Rain,6.83,Yes
7843,B787,5.97,7.29,2.78,7.44,Yes,Snow,6.1,No
7844,B787,9.79,8.55,8.46,5.77,No,Fog,8.51,No
7845,A350,4.59,7.27,9.47,2.45,No,Snow,9.87,Yes
7846,B787,3.36,4.77,1.46,9.2,No,Thunderstorm,3.89,Yes
7847,B787,6.54,8.42,0.42,1.16,No,Thunderstorm,9.41,Yes
7848,B787,9.53,5.87,5.33,5.46,Yes,Thunderstorm,8.45,No
7849,B787,1.67,2.94,9.5,7.87,Yes,Rain,9.99,No
7850,A380,6.16,1.39,9.83,0.02,Yes,Clear,7.13,No
7851,B737,9.37,7.57,9.86,3.83,No,Thunderstorm,1.83,No
7852,B787,9.32,0.55,1.28,4.03,No,Clear,9.48,No
7853,A350,2.23,4.07,4.05,1.68,No,Fog,7.03,Yes
7854,A350,4.89,9.16,4.72,3.08,Yes,Snow,7.9,No
7855,B737,8.98,4.1,8.85,8.79,No,Fog,1.53,No
7856,A380,3.08,1.32,8.36,6.61,No,Thunderstorm,9.86,Yes
7857,A380,0.4,7.06,5.02,4.54,No,Rain,8.47,No
7858,A380,6.9,1.12,7.88,5.66,No,Rain,5.07,No
7859,B737,6.55,2.65,4.99,1.82,Yes,Rain,7.99,No
7860,A320,0.27,6.18,0.02,1.66,Yes,Snow,2.47,Yes
7861,A350,2.57,7.56,2.71,6.13,No,Snow,2.52,No
7862,A320,0.04,1.71,5.25,8.01,Yes,Thunderstorm,0.47,No
7863,A320,6.55,0.66,8.06,3.8,No,Clear,6.26,Yes
7864,A380,4.22,4.83,2.32,7.09,Yes,Fog,5.81,Yes
7865,A320,6.64,0.14,5.42,1.24,No,Rain,7.67,Yes
7866,A350,1.31,2.7,6.66,8.42,No,Snow,9.06,Yes
7867,A350,1.18,10.0,4.38,8.15,Yes,Fog,1.54,Yes
7868,A380,9.95,5.58,5.74,6.88,Yes,Snow,5.19,No
7869,A380,5.18,8.79,1.22,1.9,Yes,Thunderstorm,3.8,No
7870,B787,4.66,3.3,9.84,9.95,No,Clear,3.14,Yes
7871,A350,8.47,4.78,0.25,2.53,No,Snow,7.97,No
7872,A320,1.54,9.15,2.87,7.29,Yes,Snow,6.53,Yes
7873,A380,7.0,8.46,2.78,2.27,No,Rain,0.6,Yes
7874,A320,0.06,4.14,2.32,4.32,Yes,Snow,6.6,No
7875,A380,8.55,4.59,2.62,3.56,Yes,Thunderstorm,4.99,No
7876,A380,5.19,4.98,1.59,2.86,Yes,Rain,6.87,Yes
7877,A380,3.21,3.66,8.35,2.48,Yes,Rain,8.65,No
7878,A380,1.01,8.99,5.26,0.59,No,Fog,0.3,Yes
7879,B737,3.16,0.91,4.89,9.32,No,Clear,2.16,Yes
7880,A380,6.28,3.68,0.25,8.2,Yes,Clear,1.94,Yes
7881,B787,6.29,4.63,4.31,1.92,Yes,Fog,9.93,No
7882,A380,1.44,3.91,3.15,2.17,Yes,Fog,9.37,No
7883,A320,1.26,5.26,5.33,8.47,No,Clear,3.62,No
7884,B787,9.16,7.2,6.2,9.57,Yes,Thunderstorm,3.57,No
7885,A320,6.35,6.73,0.09,9.26,Yes,Thunderstorm,9.45,Yes
7886,A350,2.03,3.55,1.48,0.55,Yes,Thunderstorm,4.94,No
7887,A350,5.61,9.55,7.97,9.91,No,Rain,4.3,Yes
7888,B787,9.94,7.65,2.01,3.88,No,Fog,9.26,No
7889,A350,4.11,2.01,8.43,5.57,Yes,Thunderstorm,8.92,No
7890,B737,3.68,8.09,5.98,0.49,Yes,Thunderstorm,0.07,No
7891,B737,7.85,8.82,6.64,4.8,Yes,Fog,6.06,No
7892,A320,3.29,5.11,4.97,0.4,Yes,Snow,6.0,No
7893,B737,3.23,4.22,0.63,6.71,Yes,Rain,1.56,No
7894,B737,8.66,9.27,8.53,8.46,Yes,Fog,3.68,No
7895,B737,6.91,8.92,5.96,2.81,Yes,Fog,5.35,Yes
7896,A380,8.06,3.2,4.52,5.98,Yes,Clear,1.27,No
7897,B787,0.91,5.22,4.06,9.14,Yes,Rain,0.95,No
7898,B737,9.94,0.58,5.03,5.14,No,Fog,8.29,Yes
7899,A350,4.44,6.12,9.28,4.89,No,Clear,1.55,Yes
7900,B737,4.57,6.69,4.67,5.87,No,Thunderstorm,6.64,No
7901,A350,4.94,9.07,4.42,4.53,Yes,Snow,8.88,No
7902,A320,8.47,5.06,8.87,7.65,No,Snow,2.57,No
7903,B787,0.29,6.77,3.73,0.69,Yes,Rain,2.69,No
7904,A320,8.84,1.04,3.34,2.21,No,Fog,2.57,No
7905,B787,6.08,5.96,0.94,4.88,Yes,Rain,5.46,Yes
7906,B787,5.4,2.61,6.21,7.87,No,Rain,1.46,No
7907,A320,2.36,3.98,6.58,6.26,Yes,Thunderstorm,6.3,Yes
7908,A380,4.4,6.93,8.06,1.48,Yes,Rain,5.42,Yes
7909,A350,3.04,8.92,4.43,1.63,Yes,Thunderstorm,4.89,No
7910,B787,8.0,7.77,5.8,8.72,Yes,Clear,0.35,Yes
7911,B737,1.79,8.55,0.99,2.29,No,Clear,4.05,No
7912,A350,1.9,0.81,4.16,5.7,No,Clear,6.46,Yes
7913,A350,4.41,3.73,4.13,5.16,No,Rain,8.88,No
7914,A380,2.95,2.34,3.62,9.15,No,Thunderstorm,6.07,Yes
7915,A350,1.15,4.65,6.07,0.12,Yes,Rain,5.41,No
7916,A320,6.0,7.83,7.37,0.25,No,Fog,4.47,Yes
7917,B737,0.14,3.98,6.84,5.52,Yes,Rain,9.27,Yes
7918,A320,8.34,0.71,1.87,4.7,Yes,Snow,8.75,No
7919,A320,2.27,9.82,7.92,2.64,Yes,Snow,6.58,Yes
7920,A350,2.46,0.48,0.54,1.03,Yes,Fog,4.15,No
7921,B737,2.93,8.19,0.42,9.86,Yes,Snow,6.42,Yes
7922,A380,1.41,5.74,9.5,2.04,No,Snow,2.37,Yes
7923,A320,2.35,9.74,3.21,8.76,Yes,Rain,0.29,Yes
7924,A380,2.5,7.95,9.12,6.25,Yes,Clear,4.74,No
7925,B787,3.87,6.14,6.75,7.72,Yes,Snow,9.04,Yes
7926,A380,1.66,3.61,0.35,9.47,No,Clear,7.42,Yes
7927,A380,0.06,6.66,1.82,0.47,No,Snow,4.45,Yes
7928,B737,3.96,6.82,0.89,3.93,Yes,Snow,7.59,No
7929,A320,8.34,8.47,4.63,4.03,Yes,Fog,4.26,No
7930,A320,2.69,4.12,8.22,4.33,Yes,Fog,0.92,Yes
7931,B787,3.0,2.27,4.17,1.15,No,Rain,7.46,No
7932,B787,7.55,0.64,2.32,5.05,Yes,Clear,3.83,No
7933,B737,4.51,5.15,7.38,6.21,Yes,Thunderstorm,5.01,No
7934,A320,9.79,7.96,5.02,7.03,No,Rain,7.89,No
7935,A380,9.73,7.73,5.81,4.75,Yes,Fog,9.18,Yes
7936,A380,4.74,4.83,4.15,2.38,Yes,Snow,2.43,Yes
7937,A320,9.07,7.44,4.16,4.52,No,Rain,0.52,No
7938,A380,7.49,3.12,7.01,6.07,No,Fog,5.24,No
7939,B737,2.37,2.56,9.1,7.19,Yes,Clear,2.18,Yes
7940,B787,0.09,0.06,5.29,2.88,Yes,Thunderstorm,4.43,No
7941,B787,8.66,0.5,7.07,4.41,No,Fog,3.24,Yes
7942,A320,7.56,9.44,5.09,5.02,No,Rain,9.75,No
7943,B787,7.45,1.11,2.88,9.46,No,Clear,0.42,Yes
7944,B787,9.18,1.75,7.37,6.17,Yes,Thunderstorm,8.24,Yes
7945,A320,2.64,3.46,8.07,1.11,Yes,Thunderstorm,5.42,No
7946,A320,4.68,4.46,9.11,3.64,No,Fog,2.08,Yes
7947,B737,9.0,3.6,1.81,9.16,Yes,Thunderstorm,2.97,No
7948,B787,5.35,8.52,4.59,8.19,No,Fog,6.88,No
7949,B787,3.69,8.24,0.2,4.28,No,Snow,7.19,Yes
7950,A380,7.6,2.42,0.82,4.74,No,Snow,4.28,Yes
7951,A380,8.47,2.81,3.17,0.58,No,Fog,0.46,Yes
7952,A320,1.51,3.63,5.47,7.13,Yes,Rain,7.77,Yes
7953,A380,7.63,6.4,8.18,1.75,Yes,Fog,1.71,Yes
7954,B737,5.1,3.06,2.27,3.95,No,Fog,3.73,Yes
7955,A350,5.83,0.18,9.79,6.45,Yes,Clear,1.17,No
7956,A380,4.92,5.95,0.26,6.1,Yes,Fog,9.69,No
7957,B787,0.72,7.59,4.39,7.02,No,Clear,6.59,No
7958,B737,8.66,3.89,0.9,2.04,No,Snow,4.5,Yes
7959,A320,0.38,8.77,1.13,7.37,Yes,Rain,7.23,Yes
7960,B787,6.09,2.52,7.22,4.55,No,Snow,9.08,Yes
7961,B787,8.03,7.59,4.2,5.61,No,Snow,6.14,No
7962,B737,5.7,5.56,1.54,3.25,No,Thunderstorm,5.21,Yes
7963,A320,5.77,0.54,0.67,3.11,No,Clear,0.64,Yes
7964,B737,6.79,8.84,2.07,0.31,Yes,Rain,0.12,No
7965,A380,4.11,3.43,1.4,8.07,No,Rain,8.93,No
7966,A320,8.19,4.23,2.17,5.95,Yes,Snow,6.28,No
7967,A380,2.82,9.96,0.65,2.62,No,Snow,6.59,No
7968,B787,8.76,8.79,7.51,0.64,No,Fog,8.44,No
7969,B787,9.02,7.41,5.28,4.73,No,Fog,9.33,No
7970,A350,7.03,6.8,5.59,2.07,No,Fog,7.06,No
7971,A380,9.24,9.29,3.37,8.84,Yes,Snow,4.88,No
7972,A350,0.21,0.31,3.51,3.69,Yes,Clear,2.13,Yes
7973,B737,4.87,6.68,8.16,8.09,Yes,Snow,1.91,Yes
7974,A350,2.26,7.83,1.61,4.71,No,Snow,5.62,Yes
7975,B737,0.55,4.93,9.7,6.89,Yes,Clear,9.46,No
7976,A350,0.96,2.3,5.68,1.47,No,Clear,5.43,No
7977,A380,7.73,3.17,8.06,0.53,No,Clear,5.9,No
7978,A380,6.43,6.24,0.48,7.27,Yes,Fog,6.37,No
7979,B787,5.87,7.97,9.47,7.6,No,Snow,9.72,Yes
7980,A380,5.02,8.9,9.15,8.89,Yes,Clear,3.52,No
7981,B737,3.37,9.63,7.57,1.95,No,Rain,5.36,No
7982,A380,7.66,9.83,3.86,2.16,Yes,Rain,9.44,Yes
7983,A380,9.35,9.64,9.83,9.27,Yes,Clear,1.6,No
7984,A380,3.55,7.75,0.28,4.98,Yes,Clear,2.65,Yes
7985,A380,7.76,5.24,3.65,1.54,No,Rain,0.51,No
7986,A350,2.29,2.37,8.73,8.14,No,Thunderstorm,5.02,Yes
7987,B737,3.17,5.53,9.72,9.93,No,Clear,5.43,No
7988,B737,4.67,2.81,1.9,2.62,Yes,Thunderstorm,8.69,Yes
7989,B737,2.03,1.27,7.57,1.1,Yes,Snow,8.4,Yes
7990,B787,0.33,9.35,9.17,6.91,No,Thunderstorm,2.4,Yes
7991,A320,1.76,3.52,1.77,9.04,Yes,Snow,3.81,Yes
7992,A380,7.49,7.9,8.93,0.01,No,Snow,9.69,Yes
7993,A320,0.94,3.62,4.33,0.86,No,Thunderstorm,9.66,Yes
7994,A350,0.12,4.92,0.87,9.55,Yes,Clear,8.29,No
7995,A350,9.75,1.5,4.62,1.3,Yes,Thunderstorm,6.09,Yes
7996,B737,4.28,8.25,9.37,0.32,No,Fog,9.81,No
7997,B787,3.24,6.11,2.79,2.92,Yes,Rain,8.76,No
7998,A350,2.36,7.31,4.78,1.05,No,Snow,6.01,No
7999,A380,4.92,5.95,5.63,8.44,No,Fog,3.78,Yes
8000,B737,7.56,0.85,2.94,7.87,No,Fog,0.34,Yes
8001,A320,8.65,0.24,4.31,7.92,No,Clear,1.36,Yes
8002,B737,2.55,7.23,8.76,0.48,Yes,Fog,1.81,No
8003,A320,7.01,2.53,3.77,3.23,Yes,Clear,3.46,No
8004,A320,8.6,7.1,1.48,2.83,No,Rain,6.69,Yes
8005,A350,7.01,9.07,8.91,3.42,No,Clear,1.92,Yes
8006,A320,6.86,7.82,8.33,8.89,No,Thunderstorm,3.23,Yes
8007,B737,2.23,4.77,3.34,1.39,Yes,Fog,8.32,Yes
8008,A350,6.83,8.79,6.44,6.12,Yes,Snow,2.77,No
8009,A380,5.47,0.09,2.54,5.75,No,Clear,1.29,Yes
8010,B787,0.71,2.69,4.22,0.04,Yes,Thunderstorm,3.17,No
8011,A320,8.28,9.81,4.83,7.72,No,Thunderstorm,8.05,Yes
8012,A350,3.13,3.5,5.51,8.53,No,Rain,3.45,No
8013,A350,6.18,3.51,5.88,5.04,Yes,Thunderstorm,4.59,Yes
8014,A320,5.77,9.83,0.25,5.78,No,Clear,6.31,Yes
8015,B787,0.56,5.54,9.15,9.34,No,Snow,8.44,Yes
8016,B787,7.41,2.49,0.26,4.55,No,Snow,5.61,No
8017,A380,3.44,1.34,9.69,8.29,No,Thunderstorm,2.05,Yes
8018,A320,2.65,3.44,0.34,5.42,No,Fog,2.65,No
8019,A320,6.76,8.06,3.92,1.68,No,Clear,1.88,No
8020,A350,3.57,3.25,4.43,9.91,No,Thunderstorm,9.94,No
8021,B787,6.17,5.31,6.91,6.22,Yes,Thunderstorm,1.93,Yes
8022,A380,4.29,7.13,1.5,3.59,No,Rain,9.7,Yes
8023,A350,3.77,7.53,3.67,2.36,Yes,Clear,1.66,Yes
8024,B787,5.11,9.12,7.29,9.29,No,Thunderstorm,0.24,No
8025,B737,4.63,2.91,3.42,8.0,No,Snow,8.56,No
8026,A380,7.19,8.49,7.75,6.12,Yes,Snow,8.36,No
8027,B737,4.63,2.49,0.22,0.2,No,Thunderstorm,3.97,Yes
8028,A350,2.99,5.89,9.76,3.28,Yes,Rain,9.85,Yes
8029,B787,7.94,5.9,1.66,7.57,No,Rain,3.57,Yes
8030,A380,7.44,3.75,4.13,4.65,No,Clear,2.11,No
8031,B787,3.63,7.53,3.81,2.49,No,Clear,7.76,No
8032,A320,3.57,4.82,7.36,3.46,Yes,Thunderstorm,1.78,No
8033,B787,6.15,9.66,3.61,8.27,No,Thunderstorm,9.22,Yes
8034,A350,5.15,9.86,2.65,6.5,Yes,Thunderstorm,2.53,Yes
8035,A380,6.06,6.74,9.92,7.55,No,Clear,1.49,Yes
8036,A350,4.8,8.99,5.46,4.85,Yes,Clear,9.26,Yes
8037,A320,7.13,6.49,5.62,0.19,Yes,Clear,6.65,Yes
8038,A350,6.94,6.96,3.9,4.51,Yes,Rain,8.06,Yes
8039,A320,6.21,5.57,1.68,6.1,No,Rain,7.27,Yes
8040,A320,1.01,1.62,8.98,5.86,Yes,Clear,7.29,No
8041,B737,1.3,8.0,1.38,9.07,Yes,Snow,4.16,No
8042,B787,2.23,3.85,6.0,7.4,Yes,Rain,0.2,No
8043,A350,5.63,1.36,7.92,8.35,Yes,Thunderstorm,8.01,No
8044,A380,7.17,7.98,2.51,6.82,No,Rain,1.96,No
8045,A380,5.31,8.63,0.21,5.33,Yes,Fog,3.46,Yes
8046,A350,2.04,1.99,2.54,0.19,Yes,Clear,4.77,Yes
8047,A320,5.13,0.62,3.4,2.4,Yes,Snow,2.47,Yes
8048,A350,7.71,0.61,2.16,9.97,No,Snow,2.9,No
8049,A320,5.07,0.74,6.08,5.86,Yes,Fog,2.46,Yes
8050,A320,9.2,1.53,4.81,7.17,Yes,Snow,8.48,No
8051,B787,1.14,4.13,8.92,4.53,Yes,Rain,8.44,Yes
8052,A350,9.0,8.2,8.16,7.9,Yes,Rain,0.09,No
8053,A350,4.91,6.47,0.11,9.89,Yes,Thunderstorm,0.52,No
8054,A380,1.48,0.91,4.35,6.6,No,Thunderstorm,2.22,No
8055,A380,8.22,6.34,5.11,6.17,Yes,Snow,7.99,Yes
8056,A350,2.01,6.04,2.78,5.65,Yes,Thunderstorm,0.42,No
8057,B737,1.42,0.94,8.78,9.71,No,Thunderstorm,5.37,No
8058,B787,8.64,9.65,7.11,2.22,Yes,Snow,2.27,Yes
8059,A320,4.27,8.88,2.69,2.47,Yes,Rain,3.36,Yes
8060,B787,9.89,2.89,1.2,8.69,Yes,Clear,9.5,No
8061,B737,2.04,8.07,4.29,7.48,Yes,Thunderstorm,0.73,Yes
8062,A320,7.96,5.55,9.24,7.16,Yes,Snow,4.53,Yes
8063,B787,8.07,9.61,0.2,3.66,Yes,Thunderstorm,2.79,Yes
8064,A380,4.2,5.02,3.51,4.92,Yes,Rain,1.23,No
8065,B737,2.42,7.01,8.47,6.92,Yes,Rain,9.57,No
8066,A350,9.27,8.2,4.65,1.42,No,Fog,2.02,No
8067,A350,0.41,1.84,9.69,2.4,No,Thunderstorm,9.12,Yes
8068,A350,8.41,0.22,7.06,7.92,Yes,Fog,0.77,Yes
8069,B787,8.93,5.18,9.97,7.63,Yes,Fog,7.28,No
8070,A320,5.61,2.21,6.96,9.24,No,Clear,2.76,No
8071,A380,3.54,8.72,5.32,2.48,Yes,Fog,7.79,Yes
8072,B787,6.71,8.78,2.26,4.98,Yes,Thunderstorm,0.95,Yes
8073,A320,4.03,9.02,8.04,5.51,No,Clear,6.72,Yes
8074,A380,1.09,1.24,6.82,0.95,Yes,Snow,3.0,No
8075,B787,4.19,3.29,9.47,0.1,No,Fog,7.25,Yes
8076,B737,1.45,9.64,4.16,8.09,Yes,Fog,6.81,No
8077,B787,1.59,0.7,9.73,2.21,No,Clear,0.03,No
8078,B787,5.84,2.93,8.75,2.11,No,Snow,5.54,Yes
8079,B787,4.6,7.34,3.59,2.08,Yes,Snow,3.85,No
8080,B787,1.49,1.71,5.02,5.77,Yes,Snow,8.23,Yes
8081,B737,0.38,6.68,3.36,6.28,Yes,Thunderstorm,4.92,No
8082,B787,1.29,8.67,8.39,8.05,Yes,Snow,0.5,Yes
8083,B737,2.06,1.9,1.72,5.66,Yes,Rain,8.08,Yes
8084,A350,4.21,4.77,0.37,7.16,Yes,Fog,3.8,Yes
8085,A320,8.48,4.99,3.24,2.12,Yes,Clear,4.78,No
8086,A350,4.59,0.21,6.17,0.89,No,Snow,1.69,Yes
8087,B737,0.29,6.86,9.28,1.19,Yes,Clear,5.27,Yes
8088,A320,6.61,5.33,6.39,9.47,Yes,Thunderstorm,0.07,Yes
8089,A350,7.91,3.25,2.65,8.07,No,Thunderstorm,9.0,Yes
8090,B787,6.5,8.68,0.67,0.93,No,Thunderstorm,5.13,No
8091,B737,7.81,9.7,2.31,3.16,No,Clear,2.95,No
8092,A350,8.67,5.7,6.49,1.55,No,Clear,8.21,Yes
8093,A320,7.84,0.21,7.66,5.21,No,Rain,3.4,No
8094,B787,5.53,6.52,5.74,2.51,No,Thunderstorm,0.68,Yes
8095,B737,3.79,9.56,1.69,3.22,No,Fog,0.57,No
8096,B787,7.84,6.33,9.41,8.98,Yes,Rain,8.64,Yes
8097,B787,1.38,8.96,2.78,0.77,Yes,Thunderstorm,2.22,No
8098,A350,2.96,1.78,8.99,9.93,Yes,Rain,3.52,Yes
8099,A320,7.85,6.89,9.86,2.27,Yes,Rain,8.44,No
8100,B787,6.79,6.34,7.48,4.72,Yes,Thunderstorm,9.78,Yes
8101,A380,5.3,8.37,7.57,7.11,Yes,Thunderstorm,5.25,Yes
8102,B787,5.19,4.64,7.47,1.94,No,Fog,7.93,Yes
8103,A380,9.54,0.3,0.73,3.79,Yes,Snow,5.75,Yes
8104,A320,0.83,2.4,1.64,4.82,Yes,Thunderstorm,1.96,No
8105,A320,2.49,3.88,7.76,3.77,Yes,Snow,1.1,Yes
8106,A320,0.65,5.81,3.96,3.82,No,Fog,6.18,Yes
8107,B737,6.9,3.05,0.0,7.8,No,Snow,1.03,Yes
8108,A380,5.9,3.28,5.43,7.18,No,Clear,0.07,Yes
8109,A350,0.63,5.87,2.44,5.55,Yes,Thunderstorm,9.38,Yes
8110,A350,6.15,1.34,5.31,2.69,Yes,Snow,4.78,Yes
8111,A320,8.9,9.39,8.03,9.41,No,Clear,3.36,Yes
8112,A350,5.73,3.32,7.44,6.99,Yes,Rain,2.79,No
8113,B787,8.29,0.96,3.41,5.62,No,Snow,6.74,No
8114,B737,7.12,1.77,3.85,0.47,No,Snow,7.88,No
8115,A350,8.22,4.98,4.86,4.36,Yes,Clear,3.85,No
8116,A350,4.65,6.17,8.91,4.08,No,Rain,2.11,Yes
8117,A380,0.04,2.66,4.38,0.58,No,Fog,0.78,Yes
8118,A350,5.5,0.56,9.67,5.89,Yes,Fog,5.63,No
8119,A350,3.4,0.96,4.7,8.92,No,Rain,0.76,No
8120,B787,8.17,2.57,7.98,4.85,Yes,Snow,5.93,No
8121,B737,8.55,9.25,7.38,6.66,No,Fog,1.55,No
8122,A380,5.75,9.15,8.45,4.36,No,Fog,9.6,No
8123,A380,5.17,6.96,9.58,4.4,Yes,Fog,1.97,Yes
8124,B737,3.61,9.04,8.94,0.8,Yes,Snow,0.25,Yes
8125,B737,3.87,3.65,9.18,8.85,No,Clear,3.55,Yes
8126,A380,1.4,9.68,4.73,0.47,Yes,Clear,1.38,No
8127,A320,9.32,8.26,6.67,4.82,Yes,Rain,5.1,Yes
8128,B737,6.04,1.94,0.76,1.16,No,Thunderstorm,4.3,No
8129,A380,6.23,8.45,2.04,6.04,Yes,Rain,9.91,No
8130,A380,3.85,6.67,8.94,2.01,No,Rain,3.35,Yes
8131,A350,6.61,8.75,8.68,5.2,Yes,Fog,8.59,Yes
8132,A380,9.32,9.25,7.21,1.71,No,Rain,9.43,No
8133,A320,3.41,2.3,1.62,3.96,No,Snow,7.47,Yes
8134,A380,2.02,4.75,3.37,7.16,Yes,Thunderstorm,6.2,No
8135,A320,7.02,1.2,5.56,9.83,Yes,Snow,0.28,No
8136,A350,1.62,5.57,5.77,6.46,No,Clear,6.83,No
8137,A320,3.92,9.88,7.85,9.4,No,Thunderstorm,0.92,No
8138,A320,0.04,6.53,3.98,0.5,Yes,Snow,8.69,Yes
8139,B787,9.23,6.87,0.81,5.94,No,Clear,2.5,Yes
8140,B787,7.52,4.22,0.91,8.78,Yes,Snow,3.44,No
8141,B787,1.03,4.13,5.8,1.78,No,Clear,9.6,Yes
8142,B787,3.75,5.91,8.41,5.03,No,Rain,2.11,No
8143,B737,3.15,0.18,6.09,1.16,Yes,Fog,5.11,No
8144,A350,3.61,1.76,0.5,1.79,Yes,Fog,4.72,No
8145,A350,7.57,5.7,8.97,3.21,No,Snow,9.97,No
8146,A380,2.31,0.9,8.99,7.79,Yes,Clear,7.6,No
8147,A350,8.44,0.99,8.21,8.87,No,Clear,6.6,Yes
8148,B737,3.47,6.31,4.75,8.24,No,Snow,0.71,Yes
8149,A380,7.31,8.44,3.15,2.75,Yes,Rain,9.69,No
8150,B787,8.11,4.4,0.74,8.49,No,Clear,9.69,Yes
8151,A350,0.37,5.99,3.71,0.29,Yes,Clear,7.37,No
8152,A380,1.8,5.55,4.52,4.52,No,Rain,6.05,No
8153,B787,7.05,9.86,3.33,8.41,No,Thunderstorm,0.53,Yes
8154,B737,0.78,3.99,3.21,5.12,No,Thunderstorm,8.37,No
8155,A320,6.32,8.38,2.19,3.79,Yes,Fog,3.43,Yes
8156,B787,7.75,7.59,2.0,7.73,Yes,Snow,6.44,No
8157,A350,8.59,4.84,9.99,9.16,No,Rain,2.01,No
8158,B787,5.73,9.46,1.3,1.98,No,Clear,0.19,Yes
8159,B787,0.35,9.73,6.18,2.97,No,Fog,5.54,No
8160,A350,0.06,9.86,1.07,9.03,Yes,Clear,7.34,No
8161,A320,1.35,1.93,7.69,0.14,No,Rain,5.24,Yes
8162,B737,9.26,5.76,9.85,3.32,Yes,Snow,5.71,No
8163,A320,1.6,8.72,4.54,5.01,Yes,Rain,7.93,Yes
8164,A320,0.21,2.9,4.68,9.9,No,Snow,0.78,Yes
8165,A350,8.61,7.3,6.59,9.78,Yes,Clear,0.32,No
8166,A320,7.71,6.33,5.6,8.35,No,Fog,9.51,No
8167,B737,5.66,9.33,7.76,9.49,No,Clear,2.46,Yes
8168,A350,0.98,2.9,2.94,5.0,Yes,Fog,2.44,Yes
8169,A320,0.93,3.12,6.34,6.65,Yes,Rain,8.85,No
8170,A350,8.01,6.9,2.68,6.19,No,Thunderstorm,7.49,No
8171,A380,2.67,6.3,4.21,3.39,Yes,Fog,7.62,No
8172,B737,5.04,7.96,7.57,3.36,Yes,Clear,7.31,No
8173,A320,6.37,3.15,6.45,6.27,No,Rain,0.66,Yes
8174,A350,1.84,5.93,1.82,5.75,No,Clear,2.47,Yes
8175,A320,0.1,2.41,4.71,9.86,Yes,Rain,0.94,Yes
8176,A320,9.46,8.87,0.78,9.63,No,Clear,1.11,No
8177,A380,2.99,9.4,3.19,9.6,Yes,Snow,2.69,Yes
8178,B787,0.17,2.12,2.73,4.41,No,Rain,7.83,Yes
8179,B737,3.73,1.97,3.39,5.63,Yes,Rain,5.92,Yes
8180,A350,8.5,0.6,3.23,0.5,No,Rain,0.43,Yes
8181,A320,2.38,0.37,5.96,1.78,No,Snow,5.86,No
8182,B787,4.71,5.88,4.37,0.77,No,Snow,5.7,No
8183,A320,8.84,5.32,6.18,6.54,No,Fog,6.02,No
8184,A380,1.59,7.17,3.43,6.55,Yes,Thunderstorm,1.68,Yes
8185,B787,0.56,4.46,4.54,4.5,No,Fog,3.91,No
8186,A350,0.96,3.58,4.88,7.26,No,Clear,5.62,Yes
8187,A380,5.2,7.59,5.77,2.03,No,Fog,8.75,Yes
8188,B737,0.85,2.87,4.07,2.23,No,Fog,0.88,No
8189,B787,0.23,5.01,9.29,9.66,No,Thunderstorm,8.9,Yes
8190,A350,6.53,6.67,0.82,7.77,Yes,Snow,6.62,No
8191,B787,8.93,9.32,5.96,5.18,Yes,Clear,5.44,Yes
8192,B787,3.64,7.27,9.15,9.04,Yes,Thunderstorm,6.51,Yes
8193,A350,7.26,8.94,0.74,8.2,No,Snow,1.04,No
8194,B787,5.74,2.31,5.07,1.61,No,Clear,3.49,Yes
8195,B787,0.03,5.8,6.07,4.82,No,Clear,7.92,Yes
8196,A380,9.92,2.1,4.2,0.08,No,Thunderstorm,8.75,Yes
8197,B737,4.86,5.77,0.45,5.5,Yes,Snow,4.88,No
8198,A320,7.53,2.8,3.34,7.35,No,Snow,2.22,Yes
8199,A350,3.12,9.89,0.53,0.74,Yes,Thunderstorm,8.43,No
8200,B787,1.64,4.41,6.36,7.79,Yes,Fog,6.44,No
8201,B737,4.32,3.02,9.65,4.92,No,Rain,9.94,Yes
8202,A350,4.59,2.9,2.31,3.21,No,Thunderstorm,2.39,Yes
8203,B737,5.67,3.17,7.71,0.14,No,Rain,6.97,Yes
8204,A350,8.25,5.07,1.78,5.01,Yes,Fog,9.28,Yes
8205,A320,0.36,5.55,1.53,9.94,No,Clear,0.63,No
8206,B737,1.32,9.47,10.0,9.67,Yes,Thunderstorm,4.84,Yes
8207,B787,9.8,8.59,0.17,4.54,Yes,Thunderstorm,8.16,No
8208,A320,6.09,3.85,2.72,5.46,Yes,Fog,7.81,No
8209,B737,0.44,4.08,8.5,5.02,No,Fog,2.01,No
8210,B737,3.67,6.34,6.6,7.86,Yes,Clear,1.15,Yes
8211,A320,0.12,5.18,1.16,7.18,Yes,Fog,5.76,Yes
8212,A350,9.23,0.05,8.09,9.12,Yes,Fog,2.74,Yes
8213,B737,7.45,8.79,2.8,3.86,Yes,Clear,0.89,Yes
8214,A350,2.3,7.11,3.33,5.3,No,Fog,2.59,Yes
8215,A320,5.93,4.61,2.81,9.86,Yes,Clear,8.17,Yes
8216,B737,8.3,5.72,1.84,6.06,No,Thunderstorm,2.39,Yes
8217,B787,2.46,5.74,2.6,9.15,No,Clear,7.82,No
8218,A380,5.17,3.34,9.49,1.57,Yes,Clear,3.79,Yes
8219,B737,9.46,2.05,6.58,5.32,No,Snow,3.42,Yes
8220,B737,4.81,2.64,6.35,5.98,Yes,Thunderstorm,6.4,Yes
8221,A320,8.47,6.49,4.7,1.17,No,Fog,4.08,No
8222,B787,6.73,5.86,2.87,2.98,Yes,Clear,0.56,No
8223,B787,8.57,3.9,5.06,0.96,Yes,Thunderstorm,6.92,Yes
8224,A350,8.65,7.54,0.71,6.47,No,Rain,7.72,Yes
8225,A380,7.31,7.25,8.55,3.23,No,Thunderstorm,1.27,Yes
8226,A350,9.29,5.5,7.09,7.0,No,Fog,1.31,Yes
8227,A380,0.28,9.99,1.5,0.05,Yes,Snow,0.14,Yes
8228,A380,6.27,7.79,5.14,5.74,Yes,Thunderstorm,0.53,No
8229,B787,6.68,1.04,3.69,5.97,No,Clear,9.5,No
8230,B787,4.49,9.14,3.72,3.52,Yes,Thunderstorm,9.79,Yes
8231,A380,9.06,2.65,1.45,1.25,No,Thunderstorm,6.32,No
8232,B737,1.25,8.04,8.1,2.82,Yes,Thunderstorm,3.16,Yes
8233,A350,8.38,4.8,1.2,3.6,Yes,Clear,2.7,Yes
8234,A380,1.05,7.6,4.99,4.61,Yes,Snow,7.04,Yes
8235,B787,0.08,1.94,8.92,1.38,No,Fog,8.88,No
8236,A320,7.71,9.63,1.16,0.53,Yes,Snow,7.8,No
8237,B737,8.11,3.29,8.24,7.23,No,Snow,8.48,No
8238,A350,0.4,0.22,3.04,2.11,Yes,Clear,9.8,Yes
8239,A350,2.06,6.07,3.68,4.83,Yes,Clear,8.93,No
8240,A350,2.68,6.21,9.68,0.84,Yes,Thunderstorm,5.33,No
8241,B737,4.92,3.65,0.41,7.59,No,Thunderstorm,8.62,Yes
8242,A380,8.79,6.11,9.88,1.75,Yes,Fog,2.59,Yes
8243,A380,5.83,7.04,7.44,8.26,Yes,Rain,5.48,No
8244,B787,7.02,5.68,4.27,9.55,No,Clear,7.47,Yes
8245,A320,6.49,3.71,7.78,0.74,Yes,Snow,6.82,No
8246,A350,2.05,4.28,0.69,7.37,No,Clear,7.03,Yes
8247,B737,7.67,9.72,3.73,2.13,No,Snow,5.99,No
8248,A320,2.69,4.08,7.65,6.43,No,Thunderstorm,6.85,Yes
8249,A350,7.79,2.89,4.35,8.85,No,Rain,7.64,No
8250,B737,1.56,6.45,0.63,3.15,Yes,Rain,5.37,Yes
8251,A380,0.75,3.57,1.71,9.6,Yes,Thunderstorm,9.18,Yes
8252,A350,7.63,9.24,3.03,1.25,No,Fog,9.41,No
8253,A350,7.55,9.08,9.09,6.17,No,Thunderstorm,6.4,Yes
8254,A380,7.03,7.05,5.17,0.2,Yes,Rain,6.78,No
8255,A320,3.26,2.81,0.25,5.08,No,Clear,2.0,Yes
8256,A380,8.48,8.71,4.24,4.7,Yes,Clear,3.21,Yes
8257,B737,5.07,5.57,1.47,8.42,Yes,Fog,6.48,Yes
8258,A380,7.42,4.38,5.76,4.0,No,Fog,4.99,Yes
8259,B737,6.28,1.93,9.38,9.85,No,Rain,7.36,Yes
8260,B737,6.71,1.66,3.43,5.05,Yes,Rain,9.32,No
8261,B737,2.92,5.22,5.82,4.9,No,Snow,7.82,No
8262,A380,8.23,1.03,4.23,9.95,Yes,Snow,7.35,No
8263,A320,4.64,2.04,6.99,7.76,No,Rain,0.35,Yes
8264,B737,7.99,3.33,5.85,6.13,No,Rain,6.17,Yes
8265,B787,6.83,3.72,8.49,5.41,Yes,Clear,3.79,Yes
8266,A350,5.04,0.99,0.88,3.05,Yes,Snow,4.1,No
8267,B737,6.53,8.37,6.51,5.99,Yes,Fog,6.28,No
8268,B737,6.62,4.79,7.41,6.84,No,Clear,8.91,Yes
8269,B737,2.63,0.96,2.9,3.75,No,Snow,6.05,Yes
8270,B787,7.67,2.96,1.9,0.67,No,Fog,4.13,No
8271,A380,9.28,6.39,1.95,9.73,No,Rain,5.27,No
8272,A380,7.08,3.3,0.38,7.73,Yes,Thunderstorm,8.48,No
8273,A350,1.75,1.77,4.8,4.14,Yes,Clear,0.4,Yes
8274,B787,6.23,8.75,1.35,5.55,No,Clear,7.2,Yes
8275,A320,3.82,9.46,5.11,1.83,Yes,Fog,2.07,Yes
8276,A350,0.78,7.37,2.76,3.65,Yes,Rain,3.1,Yes
8277,A380,3.6,9.72,9.99,0.17,No,Rain,8.31,No
8278,A320,2.82,6.55,5.19,6.64,Yes,Rain,1.22,Yes
8279,A380,4.25,1.31,8.03,1.19,Yes,Thunderstorm,3.15,No
8280,A350,4.1,3.45,3.7,4.79,Yes,Rain,9.61,Yes
8281,A320,7.12,9.34,7.17,6.6,No,Clear,4.05,Yes
8282,A380,6.4,0.09,4.61,1.86,No,Rain,0.58,No
8283,B787,9.41,9.47,6.14,0.1,Yes,Snow,9.42,Yes
8284,A350,4.53,0.81,1.88,1.56,No,Rain,5.76,No
8285,B737,6.21,1.99,0.19,9.77,No,Clear,9.36,Yes
8286,B737,3.63,1.05,4.14,3.21,No,Rain,5.12,Yes
8287,B737,9.13,2.73,8.86,5.04,No,Rain,4.63,No
8288,A380,3.12,6.35,0.69,2.92,Yes,Rain,7.99,Yes
8289,B737,8.25,4.01,4.99,7.74,Yes,Snow,9.9,Yes
8290,B787,0.03,5.72,5.27,5.16,No,Thunderstorm,6.55,Yes
8291,B787,4.18,7.97,5.61,3.07,No,Rain,5.0,No
8292,A350,9.11,6.39,4.53,9.49,Yes,Rain,5.75,Yes
8293,B737,9.8,8.44,1.96,8.01,Yes,Thunderstorm,7.3,No
8294,A320,4.31,5.65,1.28,9.75,Yes,Snow,1.44,Yes
8295,A320,3.58,9.54,6.46,8.6,Yes,Thunderstorm,7.67,No
8296,B787,6.18,5.78,5.01,4.68,Yes,Thunderstorm,6.2,No
8297,A350,8.66,1.08,2.3,5.45,Yes,Thunderstorm,4.63,No
8298,A380,3.37,6.59,3.54,8.1,No,Clear,7.78,No
8299,A320,2.81,6.33,4.39,5.0,No,Snow,4.68,Yes
8300,B787,4.11,5.67,5.51,8.34,Yes,Thunderstorm,9.32,Yes
8301,B737,4.59,1.45,0.44,2.36,Yes,Thunderstorm,7.97,Yes
8302,B737,5.75,5.16,6.77,3.02,Yes,Clear,6.64,No
8303,A380,4.24,7.63,0.39,6.72,Yes,Fog,9.37,Yes
8304,B787,4.02,2.67,1.5,8.0,Yes,Fog,8.22,No
8305,A320,3.76,6.07,6.06,4.54,No,Thunderstorm,9.82,No
8306,A320,7.24,5.12,8.74,4.16,Yes,Thunderstorm,9.87,No
8307,B737,9.45,8.9,3.66,4.28,No,Fog,6.94,Yes
8308,B787,3.24,5.52,1.57,5.33,No,Clear,7.48,Yes
8309,A380,4.73,9.45,3.65,6.87,No,Thunderstorm,1.55,Yes
8310,A320,6.85,7.89,0.42,6.98,Yes,Snow,3.56,Yes
8311,B737,3.09,8.15,3.29,5.92,No,Fog,2.56,Yes
8312,A350,0.14,0.64,0.11,6.53,Yes,Clear,5.21,Yes
8313,B737,5.53,6.98,1.51,6.92,Yes,Clear,0.86,Yes
8314,A320,0.28,9.73,2.2,6.96,No,Fog,9.2,Yes
8315,A380,0.52,5.86,8.65,4.47,No,Snow,8.28,Yes
8316,A380,7.14,0.99,6.21,3.04,Yes,Fog,2.19,Yes
8317,A320,6.52,9.68,8.76,2.41,No,Snow,9.03,No
8318,A320,2.98,8.07,8.61,7.92,No,Snow,1.13,No
8319,B737,0.26,5.73,8.76,1.25,Yes,Clear,5.21,No
8320,B787,9.87,9.89,0.15,6.56,No,Snow,6.98,No
8321,A350,8.33,2.38,9.43,0.66,No,Thunderstorm,1.0,Yes
8322,B737,9.78,7.67,4.98,7.07,No,Fog,5.45,No
8323,B787,9.46,7.39,9.82,5.67,No,Thunderstorm,0.14,No
8324,B787,4.14,7.55,1.14,6.27,No,Snow,6.4,No
8325,A350,1.89,0.95,4.71,1.76,Yes,Snow,3.38,Yes
8326,A380,0.86,6.93,7.23,8.51,Yes,Snow,3.87,No
8327,B787,0.11,3.88,4.98,5.07,No,Rain,5.02,Yes
8328,B787,9.25,6.74,4.13,6.69,Yes,Thunderstorm,1.61,No
8329,B737,4.73,0.41,1.9,7.46,No,Fog,5.16,No
8330,B737,5.63,8.96,6.88,9.2,Yes,Snow,2.95,Yes
8331,B737,8.5,2.53,0.37,1.87,No,Thunderstorm,0.44,Yes
8332,B737,6.73,3.2,0.38,1.4,No,Thunderstorm,7.6,Yes
8333,A380,5.8,9.43,9.92,6.4,Yes,Fog,3.73,No
8334,B737,4.16,3.46,1.53,9.91,Yes,Fog,0.21,Yes
8335,A350,3.38,3.97,8.21,2.65,No,Clear,0.38,No
8336,A380,0.3,7.01,3.9,4.93,Yes,Snow,2.53,No
8337,B737,1.74,6.15,3.39,2.16,No,Clear,9.09,No
8338,A380,5.01,3.36,5.27,5.19,No,Rain,8.9,No
8339,A380,2.77,0.42,9.62,5.68,No,Clear,3.11,No
8340,A320,3.66,0.26,6.57,6.07,No,Clear,5.75,Yes
8341,A350,3.34,2.62,2.89,7.53,No,Clear,1.03,No
8342,B737,3.9,3.26,9.16,0.82,No,Snow,9.88,No
8343,A380,3.57,9.01,6.82,5.94,No,Thunderstorm,5.22,No
8344,B787,1.74,5.73,6.89,5.46,Yes,Thunderstorm,5.9,No
8345,A350,6.92,3.43,8.47,1.58,No,Snow,9.58,Yes
8346,A380,4.93,0.6,4.07,8.68,Yes,Thunderstorm,8.33,Yes
8347,B787,6.34,9.76,1.26,2.22,Yes,Clear,6.0,Yes
8348,B737,6.82,5.51,6.69,8.99,Yes,Thunderstorm,4.45,No
8349,B737,8.68,1.21,4.9,1.14,Yes,Snow,9.18,Yes
8350,A350,9.79,8.22,1.94,7.86,No,Thunderstorm,0.29,Yes
8351,B737,7.47,10.0,5.85,9.56,No,Snow,1.0,Yes
8352,A350,5.82,3.37,4.61,8.64,Yes,Clear,9.64,Yes
8353,A350,4.11,1.83,7.85,4.95,Yes,Clear,0.02,Yes
8354,B787,8.1,3.7,0.38,7.19,No,Thunderstorm,4.71,No
8355,A320,9.15,3.65,4.09,6.06,No,Clear,3.45,Yes
8356,A320,4.46,9.21,4.73,4.52,No,Rain,0.1,Yes
8357,A320,0.31,5.63,8.23,7.71,No,Clear,0.98,No
8358,A350,4.25,4.2,2.62,6.26,No,Snow,5.06,Yes
8359,A320,7.15,4.25,2.3,1.42,Yes,Snow,1.76,Yes
8360,A320,0.14,5.23,0.67,3.62,Yes,Fog,6.98,Yes
8361,A320,0.48,1.2,8.82,2.96,No,Thunderstorm,1.37,No
8362,A320,4.52,1.84,6.3,3.25,No,Clear,0.81,No
8363,B737,9.69,9.67,0.73,3.89,Yes,Thunderstorm,1.07,No
8364,A350,0.14,8.86,5.03,4.15,Yes,Thunderstorm,7.62,No
8365,A320,4.92,3.99,2.96,2.35,Yes,Thunderstorm,4.8,Yes
8366,B737,5.32,8.37,6.58,7.97,Yes,Fog,0.83,Yes
8367,A350,4.08,2.0,5.98,4.49,Yes,Rain,7.05,Yes
8368,A380,2.24,1.66,0.68,9.64,Yes,Fog,2.14,Yes
8369,B787,6.7,9.2,5.19,5.8,Yes,Fog,5.14,No
8370,A380,1.78,6.13,1.09,5.47,Yes,Rain,4.31,No
8371,A320,9.72,0.67,8.26,4.14,Yes,Snow,1.64,No
8372,B737,1.78,0.09,4.13,3.38,No,Rain,9.48,Yes
8373,A380,3.47,4.45,9.16,5.34,No,Clear,2.43,No
8374,A320,7.63,1.23,0.52,4.16,No,Snow,2.43,No
8375,A350,7.83,3.12,7.47,5.9,Yes,Snow,8.19,No
8376,A320,8.06,1.83,9.21,9.54,No,Thunderstorm,6.37,No
8377,B787,6.02,1.57,8.05,7.76,No,Clear,4.59,Yes
8378,B787,8.83,1.76,3.47,1.81,No,Snow,0.1,Yes
8379,A320,8.08,5.44,7.04,5.82,Yes,Snow,4.93,Yes
8380,B737,2.83,5.61,2.74,2.6,No,Rain,2.07,Yes
8381,A380,5.88,8.1,0.43,1.38,No,Clear,4.95,Yes
8382,A350,2.04,1.45,2.35,3.5,No,Rain,0.43,No
8383,A320,2.64,3.27,5.42,6.43,Yes,Fog,8.88,Yes
8384,B737,5.61,4.81,0.56,7.45,Yes,Thunderstorm,9.98,Yes
8385,B787,0.81,6.92,0.24,6.54,No,Thunderstorm,8.07,No
8386,A380,2.43,7.45,9.95,8.22,No,Clear,6.77,Yes
8387,A350,3.8,2.56,6.46,8.42,Yes,Fog,0.76,No
8388,A380,1.55,0.04,2.2,0.04,Yes,Thunderstorm,0.4,No
8389,A380,5.36,2.64,6.2,7.66,No,Snow,1.25,No
8390,A320,8.14,8.06,6.7,5.47,No,Fog,8.55,No
8391,A320,9.67,0.09,1.05,1.83,No,Fog,6.4,Yes
8392,B737,8.3,6.99,1.63,5.6,No,Thunderstorm,8.52,Yes
8393,A350,0.57,5.89,5.48,0.52,Yes,Thunderstorm,2.83,No
8394,B737,6.84,5.27,8.4,9.96,Yes,Snow,7.28,No
8395,A350,5.58,3.61,0.4,1.25,Yes,Fog,2.45,Yes
8396,A320,4.47,6.73,7.11,4.65,Yes,Rain,2.57,No
8397,A350,2.53,9.47,9.46,3.91,No,Rain,9.84,No
8398,A350,4.37,2.52,4.48,5.45,No,Rain,4.09,Yes
8399,B787,0.24,8.97,1.39,4.96,Yes,Fog,7.2,No
8400,A350,5.9,0.7,0.54,6.65,Yes,Thunderstorm,4.05,Yes
8401,A380,7.75,1.19,7.03,1.79,No,Snow,3.65,Yes
8402,A320,4.1,6.31,7.01,8.71,No,Fog,4.28,Yes
8403,A380,8.11,8.04,1.19,4.75,No,Rain,1.69,Yes
8404,A350,6.03,7.57,7.6,5.18,No,Fog,0.42,No
8405,B787,8.44,3.77,1.91,6.6,Yes,Snow,0.31,No
8406,B787,1.1,8.21,7.01,9.43,Yes,Snow,7.9,No
8407,A380,8.3,9.13,2.04,3.79,No,Rain,5.7,Yes
8408,B787,3.14,9.86,2.7,6.44,No,Fog,0.1,Yes
8409,A320,0.65,4.72,6.73,9.67,No,Clear,5.74,Yes
8410,B787,6.76,2.94,2.82,9.93,Yes,Clear,1.59,No
8411,B737,0.14,3.62,0.48,6.67,No,Snow,3.9,Yes
8412,B737,3.9,8.38,9.29,8.21,No,Snow,6.12,Yes
8413,A320,6.61,8.74,8.34,9.48,No,Rain,1.33,No
8414,B737,0.49,8.41,8.81,9.85,No,Thunderstorm,3.78,No
8415,A320,4.95,0.32,5.74,6.15,Yes,Snow,0.9,Yes
8416,B737,1.68,0.48,9.78,9.78,Yes,Fog,0.1,Yes
8417,B737,1.19,7.33,0.09,8.51,Yes,Fog,4.68,No
8418,B787,5.74,9.45,3.41,3.52,Yes,Clear,2.85,No
8419,B737,3.12,6.39,4.94,0.91,No,Snow,7.96,No
8420,B787,5.78,6.59,1.53,3.51,Yes,Clear,8.91,Yes
8421,B787,2.94,0.1,9.56,5.97,Yes,Snow,0.49,No
8422,B787,1.88,7.14,0.22,3.07,Yes,Thunderstorm,9.93,No
8423,B737,3.62,7.01,2.3,3.63,Yes,Snow,9.8,Yes
8424,A380,3.19,4.55,7.39,9.52,No,Snow,0.07,Yes
8425,A380,0.02,6.48,4.94,4.08,No,Rain,0.4,No
8426,B737,8.91,2.43,2.59,1.43,No,Clear,9.01,No
8427,A380,2.69,5.04,9.23,5.59,No,Rain,9.57,No
8428,A380,3.25,2.6,5.32,8.39,No,Thunderstorm,1.04,No
8429,A350,1.84,4.29,3.63,0.25,No,Snow,6.05,No
8430,B787,4.59,7.35,3.29,3.55,Yes,Fog,5.02,Yes
8431,A350,3.55,0.95,2.91,1.92,No,Snow,1.91,Yes
8432,A380,8.74,8.39,7.65,6.56,Yes,Rain,2.19,No
8433,B737,9.27,5.75,3.21,3.24,No,Fog,0.37,Yes
8434,A350,9.79,9.66,7.34,4.88,No,Fog,7.14,No
8435,B787,6.62,4.87,0.76,1.48,No,Rain,2.8,Yes
8436,A350,9.18,8.47,1.8,7.33,No,Thunderstorm,4.04,No
8437,B787,2.85,2.92,6.67,4.66,Yes,Snow,8.06,No
8438,B737,1.63,8.4,2.71,4.26,Yes,Thunderstorm,0.18,No
8439,B737,7.16,2.19,8.3,6.74,No,Snow,6.25,Yes
8440,A350,9.56,3.32,4.43,4.76,No,Fog,6.97,Yes
8441,B737,1.62,3.03,8.05,9.0,Yes,Fog,9.13,No
8442,B737,6.07,4.23,1.4,7.72,Yes,Rain,3.41,No
8443,B787,3.3,8.21,5.69,9.72,Yes,Clear,0.58,No
8444,B737,5.84,6.0,7.18,9.17,No,Clear,9.45,Yes
8445,B787,4.83,9.75,1.4,9.65,No,Rain,2.94,Yes
8446,A350,1.25,7.22,9.49,2.22,Yes,Thunderstorm,9.55,Yes
8447,A380,4.81,8.57,0.7,4.49,Yes,Thunderstorm,2.46,No
8448,B787,0.23,2.22,7.01,2.26,No,Fog,6.36,Yes
8449,B737,5.57,4.83,2.97,0.5,Yes,Rain,3.44,No
8450,A350,2.47,9.09,1.07,0.04,No,Rain,0.44,No
8451,A320,2.67,2.22,7.07,2.19,No,Snow,8.51,Yes
8452,A380,8.41,7.31,4.27,0.82,No,Thunderstorm,6.08,No
8453,A320,8.57,7.91,0.8,5.62,No,Snow,9.63,Yes
8454,A350,4.19,7.51,6.08,5.56,Yes,Fog,2.86,No
8455,A320,8.2,6.72,5.87,2.39,No,Clear,9.73,No
8456,B787,6.35,7.39,3.3,6.31,No,Rain,1.15,Yes
8457,A380,4.77,6.94,5.35,4.7,Yes,Thunderstorm,9.37,No
8458,A350,6.09,0.91,4.48,9.38,No,Snow,8.31,Yes
8459,A320,2.27,4.45,1.94,7.33,No,Thunderstorm,0.46,Yes
8460,B737,5.49,1.82,9.21,8.84,Yes,Snow,0.51,Yes
8461,B787,7.04,7.29,1.46,7.9,Yes,Thunderstorm,1.91,No
8462,B737,8.95,5.52,1.84,9.26,Yes,Thunderstorm,0.91,Yes
8463,A350,6.73,9.54,7.83,9.06,No,Rain,6.26,Yes
8464,A320,9.79,6.86,1.07,9.19,Yes,Fog,7.88,Yes
8465,A350,5.46,5.1,0.3,3.1,No,Clear,2.53,No
8466,A320,0.45,2.55,3.17,7.6,Yes,Snow,9.64,No
8467,A320,9.8,8.09,7.46,8.06,No,Thunderstorm,9.61,Yes
8468,A380,7.86,0.21,3.73,4.19,No,Thunderstorm,0.88,No
8469,B737,5.88,6.67,0.46,1.65,Yes,Thunderstorm,2.49,Yes
8470,A380,8.84,10.0,1.12,0.44,Yes,Snow,4.53,Yes
8471,A380,5.79,7.23,2.17,1.53,No,Snow,0.9,No
8472,B787,5.95,3.82,1.43,1.32,Yes,Snow,6.22,No
8473,B737,4.58,4.87,6.65,1.1,Yes,Fog,3.38,Yes
8474,A320,7.26,1.03,9.33,2.67,Yes,Snow,4.38,Yes
8475,A380,7.17,8.49,0.01,1.07,No,Fog,7.78,No
8476,A380,6.69,8.68,2.9,3.48,Yes,Fog,8.03,No
8477,B787,5.55,2.9,9.34,3.9,No,Clear,5.9,No
8478,A350,8.72,0.93,6.01,8.72,No,Clear,5.16,No
8479,B787,1.64,0.96,8.31,8.47,No,Fog,2.06,No
8480,A320,5.88,9.46,4.51,2.18,Yes,Rain,3.41,Yes
8481,A320,1.49,0.52,4.31,9.26,Yes,Snow,0.69,Yes
8482,A350,2.07,8.9,2.92,4.74,Yes,Rain,5.82,Yes
8483,B737,4.83,9.34,4.95,1.67,Yes,Rain,3.66,Yes
8484,A380,6.44,5.67,4.77,2.6,No,Snow,2.46,No
8485,A320,9.57,2.3,1.55,2.64,No,Clear,8.07,Yes
8486,A380,9.69,7.82,4.47,0.53,Yes,Clear,3.27,No
8487,B737,1.93,7.69,3.82,8.01,No,Thunderstorm,8.85,Yes
8488,B787,6.64,5.42,8.45,2.41,No,Clear,5.81,Yes
8489,B787,1.02,9.81,4.27,0.9,No,Fog,2.94,Yes
8490,A380,5.52,9.48,5.61,7.55,No,Fog,4.12,No
8491,B787,1.11,2.35,0.05,0.47,Yes,Rain,4.82,No
8492,A350,8.9,1.67,1.55,8.33,No,Thunderstorm,3.2,No
8493,B737,6.66,3.64,4.05,1.34,Yes,Fog,5.87,Yes
8494,A350,9.17,5.39,5.61,3.68,No,Fog,4.07,No
8495,B737,5.14,2.21,2.78,5.05,No,Snow,3.8,No
8496,A380,9.68,9.74,8.06,9.18,Yes,Clear,9.66,No
8497,B737,9.52,4.94,3.36,6.45,No,Snow,0.4,Yes
8498,B737,4.19,9.38,2.18,4.96,No,Fog,3.84,Yes
8499,A380,5.19,0.65,9.86,0.01,Yes,Rain,7.09,Yes
8500,A350,8.85,4.31,2.34,8.56,Yes,Fog,6.78,No
8501,B787,4.22,0.19,9.01,5.97,Yes,Thunderstorm,6.57,No
8502,B737,2.11,1.89,0.43,7.58,No,Snow,5.75,No
8503,B787,5.54,1.61,4.78,3.45,No,Fog,3.63,No
8504,A320,0.38,4.53,0.91,3.25,Yes,Rain,5.17,No
8505,B787,7.48,5.11,2.46,8.22,Yes,Snow,4.81,No
8506,A320,8.7,5.45,3.2,0.14,Yes,Clear,5.84,Yes
8507,B787,3.68,5.47,1.85,0.64,No,Snow,7.67,Yes
8508,A350,2.66,3.2,9.11,4.66,No,Snow,4.84,No
8509,B787,0.93,7.35,9.81,1.04,No,Clear,9.26,Yes
8510,A320,3.61,3.16,5.73,4.41,No,Snow,0.95,No
8511,B737,5.2,2.3,5.82,2.91,Yes,Fog,2.43,No
8512,A380,2.85,1.11,7.54,9.59,No,Rain,3.32,Yes
8513,A350,4.07,8.04,7.82,1.73,No,Thunderstorm,1.59,Yes
8514,A350,6.02,7.39,1.41,9.85,Yes,Fog,7.15,No
8515,A350,5.02,3.53,4.83,1.47,Yes,Thunderstorm,2.66,Yes
8516,A380,8.22,2.97,0.0,7.07,No,Clear,7.7,No
8517,A380,0.24,1.18,2.94,7.18,Yes,Snow,1.61,No
8518,B737,2.76,9.93,1.71,7.21,Yes,Snow,8.79,Yes
8519,A380,2.24,5.54,0.95,7.6,Yes,Clear,4.8,Yes
8520,A350,4.7,4.33,8.75,9.9,No,Fog,9.03,No
8521,B787,3.83,3.99,0.29,8.06,Yes,Clear,2.39,Yes
8522,A380,3.35,5.45,9.01,7.29,Yes,Snow,5.9,Yes
8523,B787,0.62,9.68,1.59,6.32,No,Snow,0.15,Yes
8524,A380,0.15,2.04,9.99,9.74,Yes,Snow,0.91,Yes
8525,B737,0.28,6.76,1.02,1.74,Yes,Rain,8.26,Yes
8526,B787,4.0,1.58,4.33,0.75,No,Rain,5.22,Yes
8527,A380,6.43,8.94,2.56,1.61,Yes,Snow,1.82,Yes
8528,A320,8.77,3.85,6.8,4.73,Yes,Rain,6.78,No
8529,B787,3.12,3.59,5.72,4.2,No,Thunderstorm,8.1,No
8530,A320,6.28,7.64,3.28,8.77,Yes,Fog,3.33,No
8531,B787,4.67,6.83,9.24,0.92,No,Thunderstorm,9.31,No
8532,B737,5.35,3.09,2.34,1.15,No,Rain,9.15,No
8533,A350,2.83,8.29,6.34,8.61,No,Thunderstorm,2.77,No
8534,A350,3.41,7.95,0.01,7.03,Yes,Rain,8.31,Yes
8535,B787,5.76,4.92,3.63,4.42,No,Fog,5.52,No
8536,B787,0.38,1.28,4.55,1.81,No,Clear,5.02,Yes
8537,A350,1.39,1.83,8.09,4.67,Yes,Fog,2.65,No
8538,A350,9.22,5.89,7.98,4.08,No,Fog,7.63,Yes
8539,B737,1.68,5.0,4.06,7.02,No,Thunderstorm,6.35,Yes
8540,A350,6.57,4.88,1.27,3.67,No,Snow,8.32,No
8541,A380,1.65,4.2,5.47,8.45,No,Snow,1.97,Yes
8542,A320,5.58,8.11,6.45,6.51,Yes,Snow,6.15,Yes
8543,A380,5.61,3.71,9.68,6.51,No,Thunderstorm,3.58,No
8544,A380,7.21,1.18,7.84,9.66,Yes,Snow,0.23,Yes
8545,B787,3.22,7.1,4.52,1.45,Yes,Thunderstorm,3.01,No
8546,A320,0.75,5.09,7.97,0.01,Yes,Rain,9.39,No
8547,B737,7.73,1.09,8.78,1.4,Yes,Rain,2.31,No
8548,B737,8.85,1.85,7.97,6.51,No,Fog,1.21,Yes
8549,B737,5.76,4.77,8.46,5.41,No,Clear,4.08,No
8550,A320,2.79,1.53,9.86,0.36,No,Thunderstorm,9.19,Yes
8551,A320,2.19,1.72,1.08,1.0,No,Snow,2.21,Yes
8552,A350,1.29,3.0,5.45,7.42,Yes,Snow,9.93,Yes
8553,B787,1.91,9.26,7.53,6.22,No,Rain,6.94,No
8554,B737,4.37,8.81,9.72,0.92,No,Rain,9.37,Yes
8555,A380,7.52,4.76,2.61,1.57,Yes,Fog,5.97,No
8556,A350,3.68,4.44,4.91,6.19,Yes,Rain,1.29,No
8557,A380,8.52,5.69,8.23,5.87,No,Fog,6.08,No
8558,B737,7.46,7.51,6.51,7.63,Yes,Fog,2.62,No
8559,B737,8.48,2.25,3.59,7.33,Yes,Fog,7.15,No
8560,B787,1.16,6.54,5.29,6.35,Yes,Thunderstorm,2.75,No
8561,B787,3.12,5.79,6.52,4.96,No,Fog,3.82,No
8562,A320,0.36,9.87,9.14,7.61,Yes,Rain,3.26,Yes
8563,B787,0.33,1.96,3.2,3.82,No,Thunderstorm,9.32,No
8564,A350,9.75,9.39,8.03,8.06,No,Snow,5.48,Yes
8565,A350,6.06,5.42,8.09,2.58,No,Fog,4.79,Yes
8566,B787,5.96,7.69,1.39,1.58,Yes,Snow,1.67,Yes
8567,B787,5.75,6.26,5.64,1.64,Yes,Thunderstorm,1.59,Yes
8568,B787,3.89,6.56,8.97,0.69,No,Clear,1.22,No
8569,B737,3.95,3.69,6.17,3.5,No,Fog,2.51,Yes
8570,B737,8.08,2.93,8.86,7.65,Yes,Snow,3.02,No
8571,B737,5.59,0.12,8.58,3.16,No,Thunderstorm,4.32,No
8572,B787,0.02,5.33,1.17,3.82,No,Rain,1.8,No
8573,B787,1.7,7.86,0.83,3.89,Yes,Snow,4.09,Yes
8574,A380,5.86,7.11,7.7,0.99,No,Thunderstorm,2.14,No
8575,A320,6.81,5.15,9.55,2.43,No,Snow,6.47,No
8576,A320,3.85,5.44,2.63,6.12,Yes,Thunderstorm,4.65,No
8577,A350,0.47,2.11,4.29,9.3,No,Rain,6.44,Yes
8578,A350,5.77,3.77,7.18,6.77,No,Snow,2.14,Yes
8579,B787,8.59,5.35,2.9,4.02,No,Rain,8.14,Yes
8580,A350,0.65,6.09,9.61,8.34,No,Snow,6.69,No
8581,A380,5.42,4.55,7.12,9.62,No,Thunderstorm,0.35,Yes
8582,A320,6.97,5.53,6.72,4.59,No,Fog,2.08,No
8583,A380,6.6,7.58,2.03,3.96,Yes,Rain,6.35,Yes
8584,B787,0.94,3.05,6.05,3.86,No,Rain,4.46,No
8585,B737,7.09,0.61,2.74,0.92,Yes,Fog,8.31,Yes
8586,A350,3.42,5.25,2.96,1.49,No,Rain,1.5,Yes
8587,B787,5.04,6.64,1.8,2.1,No,Clear,0.57,Yes
8588,A320,5.2,1.39,1.16,1.09,No,Fog,8.31,Yes
8589,A320,5.54,6.96,4.03,3.34,No,Fog,8.26,Yes
8590,B787,2.71,5.46,8.07,9.44,No,Fog,8.73,No
8591,B737,0.7,4.99,0.14,5.73,Yes,Snow,6.8,No
8592,A320,7.17,9.43,9.28,4.41,Yes,Rain,5.97,Yes
8593,A380,7.92,9.3,3.67,9.41,No,Rain,8.11,Yes
8594,B787,9.67,5.83,5.74,3.15,No,Thunderstorm,6.59,Yes
8595,B787,1.96,5.38,7.78,6.31,No,Fog,1.2,No
8596,A350,0.46,2.36,4.09,4.95,No,Clear,4.52,No
8597,A320,7.46,5.5,6.42,6.28,No,Thunderstorm,7.29,Yes
8598,A380,2.25,7.28,9.31,4.82,Yes,Thunderstorm,6.57,No
8599,B787,5.84,7.24,8.63,6.88,Yes,Rain,6.85,No
8600,A350,2.76,8.04,1.3,4.1,No,Thunderstorm,7.28,No
8601,A380,9.66,1.22,6.75,9.25,Yes,Snow,9.13,No
8602,A380,8.16,6.75,9.44,9.2,No,Thunderstorm,0.15,Yes
8603,A350,6.65,3.81,2.38,6.11,Yes,Rain,3.39,No
8604,B787,0.42,1.12,1.27,7.88,No,Clear,8.68,No
8605,B737,0.79,1.62,0.27,2.09,Yes,Thunderstorm,8.71,No
8606,A380,9.81,2.85,1.72,0.98,Yes,Snow,3.84,Yes
8607,A350,8.91,7.72,2.36,6.86,No,Fog,3.1,No
8608,A320,0.76,9.99,6.48,1.71,Yes,Rain,5.36,No
8609,A350,3.71,7.09,8.7,8.9,Yes,Fog,8.03,Yes
8610,B737,9.59,6.67,6.91,0.76,No,Snow,7.91,Yes
8611,B737,4.07,2.02,4.05,1.11,Yes,Clear,4.01,Yes
8612,B787,1.1,4.82,9.1,6.49,No,Rain,4.34,Yes
8613,A320,9.64,1.8,1.89,5.05,No,Fog,9.29,Yes
8614,A350,3.65,5.96,9.27,2.76,No,Snow,9.34,No
8615,B787,7.53,2.5,7.21,1.25,Yes,Thunderstorm,1.41,No
8616,A350,1.15,8.1,8.21,4.87,No,Snow,2.65,Yes
8617,A350,3.79,0.66,4.37,1.16,No,Snow,0.68,No
8618,B737,6.01,0.79,3.6,4.71,No,Clear,8.64,No
8619,B787,0.47,6.55,6.95,6.37,Yes,Thunderstorm,3.36,Yes
8620,B737,9.98,7.32,4.56,0.91,Yes,Fog,3.03,No
8621,B737,3.06,9.83,9.16,8.43,No,Snow,0.64,Yes
8622,A320,1.7,0.21,5.17,1.72,No,Clear,3.98,Yes
8623,B787,8.71,5.3,6.18,7.76,No,Fog,9.74,Yes
8624,A350,7.9,9.76,6.33,3.39,Yes,Rain,3.52,Yes
8625,A350,5.21,6.06,5.69,2.73,Yes,Fog,2.02,Yes
8626,A380,8.14,3.98,0.69,0.81,No,Fog,5.82,Yes
8627,A350,2.15,2.43,2.69,4.72,Yes,Fog,8.93,Yes
8628,A350,2.74,0.09,8.05,6.96,No,Thunderstorm,5.41,Yes
8629,A380,0.82,0.7,5.69,1.13,Yes,Clear,1.79,No
8630,B737,4.07,5.02,6.63,8.8,Yes,Snow,6.78,Yes
8631,B737,4.92,9.75,5.92,9.34,Yes,Thunderstorm,0.97,No
8632,B787,6.17,9.66,7.32,7.97,Yes,Rain,4.05,Yes
8633,B737,4.35,3.67,3.56,1.11,No,Fog,0.95,Yes
8634,B737,2.38,1.71,5.72,1.55,No,Snow,4.91,Yes
8635,A320,3.72,5.93,6.78,6.71,No,Rain,0.78,No
8636,A380,0.68,5.04,0.44,8.9,No,Snow,8.34,Yes
8637,A320,7.46,3.78,7.42,6.49,Yes,Rain,8.04,Yes
8638,A380,6.7,6.55,6.22,5.55,Yes,Rain,4.94,No
8639,B787,3.56,8.98,7.78,4.2,Yes,Snow,4.51,No
8640,B737,0.46,2.5,5.84,7.38,No,Snow,7.37,Yes
8641,B787,7.34,4.21,2.17,4.4,No,Fog,8.01,No
8642,B737,0.95,4.34,9.11,1.79,No,Clear,1.72,No
8643,B737,2.08,5.75,8.14,6.72,Yes,Thunderstorm,4.51,Yes
8644,A380,1.89,5.38,7.81,9.59,Yes,Snow,7.61,Yes
8645,A380,0.42,3.3,7.92,8.12,Yes,Clear,5.78,Yes
8646,B787,1.54,4.72,7.09,2.36,Yes,Thunderstorm,1.52,No
8647,A320,7.1,6.65,2.71,0.91,No,Thunderstorm,1.03,No
8648,B737,1.88,4.28,1.07,5.7,No,Fog,2.06,Yes
8649,A320,1.02,9.09,4.53,2.45,Yes,Snow,0.75,No
8650,B737,8.02,3.19,2.49,6.52,Yes,Rain,7.28,No
8651,A320,7.9,9.23,3.83,6.23,No,Thunderstorm,7.07,Yes
8652,A380,2.43,5.76,5.01,5.04,No,Thunderstorm,4.91,No
8653,A320,7.45,8.49,9.98,7.52,Yes,Fog,4.49,No
8654,B737,4.77,5.78,4.11,1.43,Yes,Thunderstorm,9.57,No
8655,A380,1.13,2.17,5.92,9.67,No,Rain,3.82,No
8656,A380,9.31,9.53,1.48,6.83,Yes,Clear,4.82,Yes
8657,B737,6.93,0.42,7.3,8.76,No,Clear,7.19,No
8658,B787,6.04,4.12,2.16,0.84,Yes,Fog,5.15,Yes
8659,A320,1.63,1.18,5.16,3.09,No,Clear,1.69,No
8660,B787,3.75,9.27,5.36,8.36,Yes,Thunderstorm,1.41,Yes
8661,A350,6.43,2.04,4.15,5.07,No,Thunderstorm,6.5,Yes
8662,A380,7.91,6.17,1.48,8.89,No,Clear,4.27,No
8663,B787,7.26,9.36,8.49,6.52,No,Snow,7.61,Yes
8664,A320,9.78,7.29,4.55,3.17,No,Rain,8.39,Yes
8665,A350,0.27,1.01,9.92,7.86,Yes,Fog,1.98,No
8666,A320,7.48,0.96,0.61,8.56,No,Fog,7.93,Yes
8667,B737,6.18,3.2,8.54,7.38,No,Thunderstorm,1.47,Yes
8668,A380,2.33,2.88,2.43,8.62,Yes,Snow,4.83,No
8669,B737,0.79,2.42,7.66,1.49,No,Snow,9.62,No
8670,B737,0.27,7.54,3.2,4.99,No,Clear,7.36,No
8671,A320,5.95,8.79,9.0,8.15,No,Thunderstorm,7.55,No
8672,B737,8.4,5.96,7.9,0.41,Yes,Fog,7.57,No
8673,B787,3.33,8.3,7.0,9.39,Yes,Fog,7.57,Yes
8674,A350,9.69,4.76,1.09,3.3,Yes,Fog,1.96,Yes
8675,B737,4.79,7.26,9.15,4.45,No,Fog,4.48,Yes
8676,A350,0.73,6.83,1.59,4.84,No,Fog,9.16,No
8677,A350,2.67,6.06,0.97,7.67,Yes,Clear,9.23,Yes
8678,B787,7.91,0.94,5.31,1.64,No,Thunderstorm,3.96,Yes
8679,A380,7.61,3.63,6.3,1.79,Yes,Snow,0.12,No
8680,A380,0.09,0.05,3.64,4.25,Yes,Rain,0.24,Yes
8681,B737,3.72,2.08,3.94,8.83,Yes,Clear,7.26,No
8682,A350,4.53,8.82,3.06,6.36,No,Snow,5.22,Yes
8683,B737,4.63,6.26,0.9,1.66,Yes,Clear,8.97,Yes
8684,B787,7.98,1.39,8.08,7.4,Yes,Clear,7.41,Yes
8685,B787,0.54,8.31,7.36,6.35,No,Rain,2.99,No
8686,A380,1.23,5.91,4.68,1.41,Yes,Fog,8.88,No
8687,B787,9.77,3.97,0.42,3.93,Yes,Thunderstorm,3.25,Yes
8688,B787,4.49,6.92,1.99,7.07,No,Thunderstorm,7.56,No
8689,B737,9.08,2.67,6.26,4.09,Yes,Thunderstorm,5.4,Yes
8690,B737,9.47,2.32,5.59,4.73,Yes,Clear,5.58,Yes
8691,B787,0.15,9.98,2.27,6.95,Yes,Thunderstorm,1.9,Yes
8692,A380,3.26,9.41,1.5,4.44,Yes,Thunderstorm,4.81,Yes
8693,A380,8.58,6.12,1.65,6.29,Yes,Snow,3.93,No
8694,A380,2.88,6.16,7.32,7.7,No,Thunderstorm,8.72,No
8695,A380,6.33,5.29,4.4,3.01,Yes,Rain,8.02,No
8696,A320,2.07,6.21,2.02,3.26,Yes,Clear,0.8,No
8697,A350,2.68,1.94,2.14,8.99,Yes,Snow,9.49,Yes
8698,A350,4.97,5.09,9.59,1.91,No,Fog,5.87,Yes
8699,B737,9.92,6.9,5.04,7.97,No,Rain,4.74,No
8700,A320,2.63,7.99,2.99,8.42,Yes,Rain,0.01,No
8701,B787,2.08,9.3,2.36,2.8,Yes,Thunderstorm,2.7,Yes
8702,A320,3.34,6.24,0.91,0.23,No,Snow,0.17,Yes
8703,B787,8.43,6.33,3.08,1.11,Yes,Snow,1.07,No
8704,A350,6.38,9.43,0.64,5.36,No,Fog,7.82,No
8705,A350,7.75,0.36,8.85,0.24,Yes,Thunderstorm,2.19,Yes
8706,A320,9.16,1.59,5.45,9.15,No,Rain,3.23,No
8707,B787,8.67,9.6,5.27,8.11,No,Clear,8.78,Yes
8708,B787,5.17,8.18,8.97,0.73,Yes,Rain,4.74,Yes
8709,B737,2.84,0.83,0.49,1.06,No,Clear,2.18,Yes
8710,A380,5.64,6.48,3.22,6.31,No,Snow,2.22,Yes
8711,A380,5.43,2.4,7.93,9.39,No,Thunderstorm,6.43,No
8712,B737,9.82,4.91,7.79,3.61,Yes,Clear,5.09,No
8713,B787,5.7,9.3,4.55,7.36,Yes,Snow,0.29,No
8714,A320,0.48,4.97,5.51,9.73,No,Snow,4.08,Yes
8715,B737,5.04,4.82,2.96,3.61,Yes,Rain,6.56,Yes
8716,A380,8.5,9.55,9.66,7.64,No,Thunderstorm,7.52,No
8717,A380,2.64,1.96,1.93,3.27,No,Rain,7.84,No
8718,B737,0.28,9.04,2.3,1.46,Yes,Thunderstorm,2.2,No
8719,A320,9.58,1.84,7.56,7.78,Yes,Clear,9.24,Yes
8720,A350,0.29,9.65,9.33,3.23,No,Fog,2.47,No
8721,B737,2.66,8.2,9.8,7.52,Yes,Snow,4.39,No
8722,A350,0.09,5.41,5.19,6.77,Yes,Clear,4.5,No
8723,B737,7.5,8.9,5.84,2.75,Yes,Clear,7.03,No
8724,B787,5.06,7.39,0.37,9.19,No,Rain,9.55,No
8725,A320,9.44,3.54,0.85,7.45,No,Clear,3.85,Yes
8726,A350,9.98,1.95,1.58,3.49,No,Rain,4.29,No
8727,A380,2.34,4.18,5.9,2.83,Yes,Rain,0.64,No
8728,A320,1.88,2.42,8.82,8.31,No,Fog,7.85,No
8729,A350,1.56,6.2,2.79,8.11,Yes,Snow,2.21,Yes
8730,A380,5.45,2.67,9.88,8.11,No,Clear,4.14,Yes
8731,B737,6.13,4.9,7.84,3.64,No,Clear,7.07,Yes
8732,B737,9.09,3.53,5.21,8.84,Yes,Snow,7.92,No
8733,B787,6.25,2.04,3.89,3.4,No,Fog,3.97,Yes
8734,A350,5.38,9.25,6.39,2.23,Yes,Clear,0.12,No
8735,A380,2.12,9.64,6.19,5.73,No,Rain,6.02,Yes
8736,A320,0.86,5.81,3.79,7.9,Yes,Rain,8.05,Yes
8737,B737,3.77,9.17,2.64,0.81,Yes,Thunderstorm,9.92,No
8738,A350,2.89,5.26,6.88,2.4,Yes,Clear,5.66,Yes
8739,B787,7.41,7.09,8.12,0.26,Yes,Clear,9.94,No
8740,A350,0.03,5.21,7.77,9.37,No,Thunderstorm,6.27,Yes
8741,A380,3.48,6.07,1.29,7.66,No,Snow,8.51,Yes
8742,B737,8.84,4.9,0.23,6.51,Yes,Snow,4.1,No
8743,A320,8.59,8.4,6.03,9.74,Yes,Thunderstorm,7.94,No
8744,A350,1.06,2.56,4.28,3.89,No,Fog,5.61,No
8745,A320,7.38,7.58,2.82,5.07,No,Snow,8.34,No
8746,B787,7.51,1.7,7.67,2.4,Yes,Thunderstorm,5.72,Yes
8747,B737,8.62,0.8,9.97,7.48,Yes,Snow,2.22,Yes
8748,B787,2.49,0.93,5.07,6.15,No,Clear,1.62,Yes
8749,A380,5.44,8.54,0.42,8.15,Yes,Snow,0.12,No
8750,A320,8.87,4.75,2.5,8.28,Yes,Fog,7.7,No
8751,B737,5.1,7.02,4.4,8.51,Yes,Rain,9.72,Yes
8752,A380,1.58,3.71,4.73,0.96,Yes,Snow,3.1,No
8753,A320,7.74,0.55,0.28,7.84,No,Thunderstorm,1.71,Yes
8754,A380,1.27,5.97,0.67,2.64,Yes,Thunderstorm,6.42,Yes
8755,A350,9.73,7.68,7.93,8.62,Yes,Thunderstorm,3.39,No
8756,B787,7.17,4.37,5.26,7.18,No,Thunderstorm,7.21,No
8757,A350,4.96,2.86,3.81,2.11,Yes,Fog,2.72,Yes
8758,A380,4.37,4.83,1.21,9.81,No,Fog,9.13,No
8759,A320,6.76,7.26,9.05,1.87,Yes,Clear,7.15,No
8760,A320,2.89,3.05,0.37,3.39,Yes,Clear,2.36,Yes
8761,B787,7.85,6.67,5.18,9.38,Yes,Snow,7.38,Yes
8762,A380,6.17,8.72,7.28,3.8,Yes,Rain,4.87,No
8763,B787,1.77,1.45,0.15,3.19,Yes,Thunderstorm,8.86,Yes
8764,B737,1.85,8.31,8.84,4.62,Yes,Snow,0.72,No
8765,B787,8.95,4.22,1.3,10.0,Yes,Fog,7.9,Yes
8766,B737,5.08,5.79,8.23,2.27,No,Fog,8.77,Yes
8767,B737,1.28,1.52,0.89,8.48,No,Thunderstorm,1.7,No
8768,A320,0.35,2.54,1.12,6.59,Yes,Snow,4.62,Yes
8769,B737,8.8,0.46,1.64,3.2,No,Rain,1.58,Yes
8770,A350,1.62,3.29,5.61,6.02,No,Snow,4.76,Yes
8771,A320,0.65,3.47,4.68,0.55,No,Snow,8.14,No
8772,A320,5.52,3.79,7.59,4.72,No,Rain,0.86,Yes
8773,A350,2.16,6.48,9.56,1.57,Yes,Clear,8.41,Yes
8774,A320,4.59,7.04,4.28,7.15,Yes,Clear,5.78,Yes
8775,B737,8.09,1.89,8.15,0.17,No,Rain,7.1,Yes
8776,A380,1.69,0.85,5.83,8.44,Yes,Snow,0.07,Yes
8777,A350,2.82,8.71,4.55,6.45,Yes,Fog,0.93,Yes
8778,B737,0.95,8.48,5.95,9.32,Yes,Thunderstorm,8.61,No
8779,A350,9.32,7.22,4.75,1.43,No,Thunderstorm,7.03,No
8780,B737,1.41,3.52,8.65,5.8,No,Fog,1.31,Yes
8781,A320,7.42,6.29,3.16,7.7,Yes,Fog,7.73,No
8782,B787,0.3,6.75,2.3,4.58,Yes,Thunderstorm,7.97,Yes
8783,B737,7.1,6.01,2.0,1.74,No,Clear,1.0,No
8784,A350,6.05,4.9,9.15,3.81,Yes,Rain,6.01,No
8785,A320,5.3,6.16,6.03,3.8,Yes,Clear,2.91,No
8786,B787,3.02,4.75,7.01,9.6,No,Snow,4.85,No
8787,A320,7.62,5.12,1.17,1.13,No,Clear,1.67,Yes
8788,A380,5.01,3.45,6.83,7.68,Yes,Thunderstorm,3.54,No
8789,B737,5.97,8.78,7.85,6.61,Yes,Thunderstorm,8.55,No
8790,A320,3.91,4.73,0.48,8.83,No,Clear,7.19,Yes
8791,A320,4.27,6.02,3.67,3.07,No,Thunderstorm,3.59,No
8792,B737,7.39,8.51,4.54,6.4,Yes,Thunderstorm,1.45,Yes
8793,A350,3.91,2.29,2.84,1.29,No,Clear,4.6,No
8794,A350,9.83,9.12,7.08,5.94,No,Thunderstorm,3.94,Yes
8795,A350,8.65,7.49,9.71,4.15,Yes,Clear,2.35,No
8796,B787,8.71,3.63,4.3,8.19,Yes,Clear,8.81,Yes
8797,A350,4.23,3.81,5.83,5.35,Yes,Snow,3.49,Yes
8798,A320,7.01,1.49,7.72,6.59,Yes,Fog,5.96,No
8799,A350,8.92,9.63,9.52,0.77,Yes,Snow,0.32,No
8800,A350,2.31,9.16,7.42,1.96,Yes,Clear,1.51,No
8801,A380,4.95,2.0,8.55,1.55,No,Thunderstorm,2.04,Yes
8802,B787,0.75,8.01,5.07,0.94,No,Fog,0.28,Yes
8803,A350,0.17,7.24,0.34,2.74,No,Snow,2.54,Yes
8804,A320,8.17,6.93,3.34,4.12,No,Snow,6.38,No
8805,B787,5.59,4.62,0.37,6.14,No,Snow,5.17,Yes
8806,A320,2.29,5.56,3.14,2.64,No,Rain,7.59,Yes
8807,A350,1.47,0.78,8.41,2.43,Yes,Rain,2.15,No
8808,B787,3.45,0.95,1.26,3.28,No,Snow,4.29,Yes
8809,B737,7.39,7.81,1.18,9.32,No,Fog,9.13,Yes
8810,A320,5.49,8.92,3.51,6.23,Yes,Rain,7.1,Yes
8811,B737,0.47,9.54,2.6,9.77,No,Rain,1.36,Yes
8812,A380,7.83,1.58,3.44,8.28,No,Fog,8.09,Yes
8813,B737,9.83,3.32,0.35,7.64,Yes,Clear,0.57,Yes
8814,A350,7.27,5.48,2.55,6.94,Yes,Thunderstorm,6.6,Yes
8815,B737,4.14,1.42,5.67,7.66,No,Thunderstorm,0.99,No
8816,A350,6.54,9.19,7.55,9.39,Yes,Snow,6.11,Yes
8817,B787,4.47,5.11,0.95,6.2,No,Fog,5.73,Yes
8818,A320,6.51,3.83,8.67,8.26,No,Thunderstorm,9.59,No
8819,B737,1.09,3.52,4.35,7.98,Yes,Rain,2.59,No
8820,A350,8.02,3.01,5.01,3.11,No,Snow,2.94,No
8821,B787,5.85,5.17,5.3,6.51,No,Fog,8.03,No
8822,A350,2.74,9.28,9.53,1.95,Yes,Clear,0.75,Yes
8823,B787,6.45,7.27,7.74,2.14,Yes,Rain,5.87,No
8824,A320,0.81,4.84,9.13,7.03,Yes,Rain,6.58,Yes
8825,A350,4.36,2.81,7.41,6.68,No,Fog,9.48,No
8826,A380,3.64,3.96,7.46,9.23,No,Snow,0.76,No
8827,A380,2.79,8.97,8.57,1.75,No,Thunderstorm,2.26,No
8828,A320,0.6,8.52,2.48,7.67,No,Thunderstorm,9.71,No
8829,B737,3.82,4.13,8.35,9.28,Yes,Clear,4.43,Yes
8830,B737,8.74,1.12,6.17,9.85,Yes,Clear,7.33,Yes
8831,A380,0.21,2.84,8.41,6.4,Yes,Fog,8.43,Yes
8832,A350,9.07,1.96,2.54,0.17,No,Fog,7.83,No
8833,B737,7.46,2.55,1.02,4.42,Yes,Thunderstorm,0.12,Yes
8834,A320,2.9,3.5,3.25,2.27,Yes,Rain,9.14,No
8835,A320,3.75,4.91,6.07,3.61,Yes,Rain,7.51,Yes
8836,B737,5.21,8.12,4.07,9.4,Yes,Snow,7.27,No
8837,B737,1.45,9.87,8.06,3.87,Yes,Fog,3.38,Yes
8838,A380,2.28,7.24,2.52,1.42,Yes,Thunderstorm,0.74,No
8839,B787,9.38,0.98,2.36,6.02,Yes,Clear,2.8,No
8840,A320,5.97,8.86,1.41,5.85,No,Fog,4.1,No
8841,A380,2.3,2.86,2.11,5.4,No,Clear,9.69,No
8842,A350,0.66,4.37,6.11,5.69,Yes,Thunderstorm,2.85,Yes
8843,A350,6.53,4.51,9.62,6.61,Yes,Clear,7.54,Yes
8844,A350,4.13,1.55,0.4,4.58,Yes,Clear,3.43,No
8845,B787,4.41,6.53,7.92,7.45,No,Snow,0.87,No
8846,B787,6.78,5.63,5.29,3.78,Yes,Snow,8.33,No
8847,A380,0.65,0.74,8.45,4.92,Yes,Clear,9.58,Yes
8848,B787,9.93,1.02,4.91,9.77,Yes,Fog,9.71,Yes
8849,A380,3.26,7.47,7.26,6.15,Yes,Fog,9.64,No
8850,B787,7.84,7.25,4.47,3.13,No,Fog,3.7,No
8851,A350,7.95,2.17,8.61,9.46,Yes,Clear,5.0,Yes
8852,A380,9.93,9.76,4.81,5.56,No,Snow,5.63,No
8853,B737,0.44,1.66,6.07,0.55,Yes,Clear,0.2,No
8854,B787,0.07,3.77,3.15,2.06,No,Fog,6.05,Yes
8855,B787,8.0,9.1,4.62,4.52,No,Fog,0.73,Yes
8856,A320,2.98,0.34,1.91,8.61,Yes,Clear,5.03,Yes
8857,A380,3.63,3.59,7.69,0.94,Yes,Thunderstorm,1.04,No
8858,B737,3.48,5.17,7.99,1.29,No,Fog,5.55,No
8859,A350,8.81,6.2,4.5,9.01,Yes,Clear,0.08,No
8860,A350,5.81,1.1,5.71,8.08,Yes,Clear,8.41,No
8861,A350,3.46,6.59,2.02,2.34,No,Snow,3.82,No
8862,A350,4.69,1.14,6.1,7.21,No,Snow,9.31,Yes
8863,A320,6.75,8.25,9.44,1.12,Yes,Clear,2.09,Yes
8864,B787,6.22,0.32,8.34,6.3,No,Fog,6.58,Yes
8865,B787,3.66,8.79,0.27,2.91,Yes,Snow,0.5,No
8866,A320,9.55,4.54,4.45,8.36,Yes,Snow,8.65,Yes
8867,B737,4.21,1.82,2.6,8.38,Yes,Rain,1.07,Yes
8868,A320,7.5,5.4,4.67,8.69,No,Rain,9.29,Yes
8869,A350,6.93,8.36,2.81,7.6,No,Snow,2.72,No
8870,B787,7.13,4.83,1.02,5.29,No,Fog,8.1,Yes
8871,B737,1.22,8.35,3.06,0.84,No,Snow,8.59,No
8872,A380,9.64,9.4,9.06,7.22,No,Fog,1.92,No
8873,A320,4.16,4.18,0.78,2.27,Yes,Snow,4.03,Yes
8874,A320,9.4,2.91,4.19,5.12,No,Rain,3.76,Yes
8875,A320,9.25,2.26,2.44,9.46,Yes,Thunderstorm,6.99,No
8876,A380,9.47,5.95,3.11,6.85,No,Fog,6.92,No
8877,B737,5.48,9.53,0.19,1.61,Yes,Thunderstorm,3.14,No
8878,A350,3.62,1.6,2.17,7.63,Yes,Clear,9.47,No
8879,B787,9.28,2.19,8.13,3.29,Yes,Fog,0.76,No
8880,B787,5.13,0.3,6.75,0.01,Yes,Fog,9.54,No
8881,A350,1.47,2.77,9.26,5.87,Yes,Rain,5.66,Yes
8882,B787,8.17,7.18,2.65,0.88,No,Snow,2.35,Yes
8883,B787,1.41,7.76,2.98,5.03,Yes,Clear,7.67,Yes
8884,A380,8.45,7.12,5.73,8.79,No,Fog,0.11,No
8885,A320,2.61,5.21,9.14,0.4,Yes,Fog,9.19,Yes
8886,B737,8.2,5.76,3.46,0.5,No,Fog,6.89,Yes
8887,B787,7.17,8.49,3.49,3.28,No,Clear,6.8,Yes
8888,B737,6.72,4.36,1.16,9.84,No,Rain,6.59,Yes
8889,A350,9.81,4.24,0.54,5.97,No,Thunderstorm,6.83,No
8890,A380,6.07,8.39,5.52,6.41,No,Snow,4.36,Yes
8891,B787,8.92,3.68,2.3,4.94,Yes,Clear,0.57,Yes
8892,A320,0.68,6.8,8.35,3.33,Yes,Thunderstorm,0.0,No
8893,B737,7.16,9.71,6.87,6.32,No,Snow,0.67,Yes
8894,A380,9.17,6.32,6.32,2.27,Yes,Rain,9.86,Yes
8895,A320,4.12,7.03,5.45,7.23,No,Snow,0.19,Yes
8896,B737,2.13,2.51,7.82,2.73,No,Thunderstorm,4.06,No
8897,B737,4.58,2.05,5.17,2.89,Yes,Thunderstorm,5.53,Yes
8898,A320,7.99,7.49,6.61,8.98,No,Fog,3.71,Yes
8899,B737,7.33,3.3,7.49,3.55,Yes,Snow,2.74,Yes
8900,A350,5.12,4.26,9.72,8.09,No,Rain,9.26,Yes
8901,B737,1.28,1.7,4.42,0.22,No,Clear,2.86,Yes
8902,A350,0.57,9.41,9.39,5.09,Yes,Fog,7.35,No
8903,B737,3.75,8.77,2.84,2.18,No,Thunderstorm,4.09,Yes
8904,A320,5.52,8.03,4.27,3.6,Yes,Fog,7.64,Yes
8905,A350,4.72,1.41,3.63,9.24,Yes,Clear,1.47,No
8906,B737,6.48,3.2,1.23,5.89,Yes,Fog,5.61,No
8907,B787,6.54,9.73,5.23,2.92,No,Snow,9.77,Yes
8908,A320,4.42,5.46,7.19,7.39,Yes,Fog,6.26,No
8909,A320,7.83,2.14,5.07,6.08,Yes,Clear,4.28,Yes
8910,A380,0.07,3.2,8.32,2.94,Yes,Clear,1.58,No
8911,B737,6.04,9.35,9.89,3.88,Yes,Clear,0.19,No
8912,B787,5.37,9.97,2.47,3.58,Yes,Snow,0.89,No
8913,B737,1.61,2.18,0.49,1.16,Yes,Fog,5.18,Yes
8914,A320,3.63,6.12,8.3,2.97,Yes,Thunderstorm,0.98,No
8915,A350,1.61,2.0,6.26,6.18,Yes,Snow,2.31,Yes
8916,B737,7.26,8.98,5.21,0.74,Yes,Snow,7.6,Yes
8917,A380,2.39,0.63,8.37,6.76,Yes,Snow,7.45,No
8918,B787,1.42,7.29,2.3,8.99,No,Fog,1.63,No
8919,B787,3.11,7.98,8.67,1.75,Yes,Fog,5.26,Yes
8920,A380,8.68,2.76,3.96,7.13,Yes,Snow,8.31,No
8921,A320,2.68,7.78,0.43,4.3,Yes,Snow,0.91,No
8922,A380,9.61,8.86,1.88,3.77,Yes,Fog,1.43,Yes
8923,B787,5.03,5.64,4.63,0.87,Yes,Thunderstorm,0.04,No
8924,A350,5.93,8.51,4.58,7.99,Yes,Fog,4.18,No
8925,A320,4.64,0.3,0.01,6.94,No,Snow,9.96,No
8926,B787,9.58,6.6,1.17,9.14,No,Thunderstorm,4.17,Yes
8927,A380,7.72,1.81,9.61,6.07,No,Snow,5.16,Yes
8928,A350,8.54,5.29,6.23,9.05,No,Rain,4.07,No
8929,A320,2.21,4.95,7.42,8.88,No,Thunderstorm,3.76,Yes
8930,A320,1.03,8.41,2.44,4.41,No,Thunderstorm,3.98,Yes
8931,A380,3.27,4.55,3.08,5.41,No,Fog,1.47,Yes
8932,B787,6.49,1.55,3.36,7.92,No,Clear,1.79,Yes
8933,B737,8.48,5.12,8.68,9.55,No,Thunderstorm,1.53,Yes
8934,A320,9.33,2.26,3.72,4.92,No,Snow,5.39,No
8935,B737,8.04,8.38,2.77,7.8,No,Fog,5.76,No
8936,A380,6.66,2.3,6.93,1.32,No,Thunderstorm,3.22,Yes
8937,B787,7.79,6.44,2.08,5.23,No,Snow,8.28,No
8938,A320,6.11,9.53,4.42,8.88,No,Thunderstorm,4.65,Yes
8939,B787,9.42,8.59,8.55,5.22,No,Rain,7.99,Yes
8940,B787,3.92,6.94,6.55,1.7,Yes,Rain,2.88,No
8941,B737,4.36,8.21,3.45,2.73,No,Fog,4.09,Yes
8942,A350,3.73,6.87,7.09,9.89,Yes,Snow,8.0,Yes
8943,B787,2.37,5.99,7.93,5.53,Yes,Rain,8.14,Yes
8944,B737,4.65,6.37,9.78,5.03,Yes,Thunderstorm,2.15,Yes
8945,B737,7.74,3.02,3.99,4.36,Yes,Thunderstorm,7.32,Yes
8946,A380,5.93,0.61,6.53,3.47,Yes,Fog,9.52,Yes
8947,B787,7.78,0.73,9.97,2.94,Yes,Rain,3.33,No
8948,A380,1.1,9.14,4.64,8.06,Yes,Rain,6.68,Yes
8949,A380,5.61,8.19,1.18,3.79,Yes,Clear,7.05,No
8950,A320,0.31,0.73,8.05,1.85,No,Clear,5.95,No
8951,A380,6.87,0.71,3.77,7.94,Yes,Rain,6.69,Yes
8952,A380,5.65,9.81,2.65,3.6,Yes,Rain,6.07,Yes
8953,A320,8.9,4.35,2.81,9.22,No,Rain,7.85,Yes
8954,A320,9.75,8.31,5.5,6.22,Yes,Fog,4.82,Yes
8955,B737,6.45,6.96,9.03,5.28,No,Snow,8.02,No
8956,B787,7.79,4.34,3.24,5.85,Yes,Clear,7.66,No
8957,A380,9.14,7.45,0.49,3.65,No,Snow,6.36,No
8958,A350,9.05,1.81,4.02,7.28,Yes,Clear,2.22,No
8959,B737,9.86,8.4,1.3,0.47,No,Snow,9.95,Yes
8960,A350,1.93,2.65,8.89,3.43,Yes,Rain,2.27,Yes
8961,B737,2.62,3.17,1.17,9.25,Yes,Clear,5.36,No
8962,B737,0.16,0.18,0.94,7.33,Yes,Rain,5.24,No
8963,B737,7.91,5.17,1.2,2.82,Yes,Clear,6.37,No
8964,A380,8.15,6.37,3.9,5.46,Yes,Rain,5.94,Yes
8965,A320,9.73,2.95,6.37,9.63,Yes,Snow,1.75,Yes
8966,B737,5.86,2.49,9.81,2.29,No,Fog,5.34,No
8967,B787,2.51,7.53,2.77,3.0,Yes,Rain,9.78,Yes
8968,B737,5.41,2.16,0.53,2.05,No,Rain,7.45,Yes
8969,A320,2.92,3.95,6.94,9.53,Yes,Fog,4.17,No
8970,B737,2.09,0.4,8.92,7.66,No,Snow,7.07,Yes
8971,A350,9.85,9.05,1.28,7.64,Yes,Snow,2.17,Yes
8972,A380,8.02,3.36,0.83,5.47,Yes,Fog,5.6,No
8973,B737,2.75,8.04,8.98,3.79,No,Rain,8.98,No
8974,A320,9.33,7.37,0.85,5.48,Yes,Rain,3.08,Yes
8975,B787,1.1,4.65,4.29,7.23,No,Thunderstorm,5.04,Yes
8976,B737,7.88,9.83,8.76,4.96,No,Clear,8.89,No
8977,A350,7.22,7.62,5.07,1.26,Yes,Thunderstorm,5.5,Yes
8978,A320,1.55,8.44,9.87,0.2,No,Snow,6.95,Yes
8979,A350,3.63,9.52,9.73,4.12,No,Rain,0.35,No
8980,A380,9.56,6.02,6.83,5.36,Yes,Fog,1.97,Yes
8981,A350,8.1,6.19,1.23,7.72,No,Thunderstorm,2.66,Yes
8982,B737,0.4,2.45,8.75,7.11,Yes,Snow,9.48,Yes
8983,B737,7.33,6.39,9.58,8.73,No,Thunderstorm,4.55,No
8984,B737,8.04,4.9,4.59,0.11,Yes,Thunderstorm,4.06,Yes
8985,A320,8.79,8.34,2.33,3.29,Yes,Rain,8.25,No
8986,A320,4.72,4.17,8.26,4.77,No,Thunderstorm,0.07,No
8987,A380,9.45,6.99,9.54,6.96,Yes,Rain,9.73,Yes
8988,B737,4.47,8.38,5.6,3.59,Yes,Thunderstorm,1.6,No
8989,B737,8.11,3.92,3.36,3.92,No,Snow,1.05,No
8990,A350,3.26,8.69,1.14,2.74,No,Clear,5.16,Yes
8991,B787,4.42,3.82,9.61,1.63,No,Snow,7.4,Yes
8992,A320,2.12,6.27,5.65,7.84,No,Thunderstorm,6.38,No
8993,B737,3.48,5.24,6.53,4.84,No,Thunderstorm,9.12,No
8994,A350,3.81,5.13,8.47,7.16,Yes,Fog,3.15,Yes
8995,B787,5.31,8.72,0.51,4.36,No,Fog,0.45,No
8996,B737,4.65,7.2,4.07,2.65,No,Rain,1.46,No
8997,A320,9.27,7.34,6.53,8.28,No,Fog,7.59,No
8998,A350,4.88,0.24,6.61,1.77,No,Clear,6.79,No
8999,B787,6.53,8.66,1.84,4.41,Yes,Clear,8.4,No
9000,A380,5.49,5.0,1.37,6.94,Yes,Snow,4.76,No
9001,A320,3.05,2.57,2.87,3.19,Yes,Thunderstorm,7.98,No
9002,B737,5.73,8.12,4.69,7.52,Yes,Thunderstorm,9.39,Yes
9003,B737,2.02,6.77,3.9,6.94,Yes,Clear,7.89,No
9004,B787,6.88,7.83,6.79,8.57,Yes,Snow,7.84,No
9005,A380,2.07,5.99,7.91,4.79,Yes,Snow,0.46,No
9006,B737,0.88,6.7,4.09,8.03,Yes,Clear,9.41,No
9007,A320,2.53,3.05,8.87,3.5,No,Thunderstorm,1.66,Yes
9008,A350,0.24,0.8,5.9,4.42,No,Rain,0.64,Yes
9009,A380,4.91,3.17,0.53,3.47,Yes,Clear,1.26,Yes
9010,B737,8.74,1.52,6.4,5.05,Yes,Fog,5.35,Yes
9011,A320,2.77,7.88,1.37,0.72,No,Clear,2.64,No
9012,A350,5.61,7.59,5.91,0.6,No,Thunderstorm,9.88,Yes
9013,A320,0.61,9.1,1.93,5.11,No,Snow,8.43,No
9014,A320,0.43,0.29,2.49,2.92,Yes,Thunderstorm,0.58,Yes
9015,A320,9.55,5.69,7.79,7.1,No,Thunderstorm,6.7,Yes
9016,A350,2.81,6.72,1.45,4.23,Yes,Thunderstorm,2.5,No
9017,A350,6.9,6.41,7.6,0.2,No,Snow,1.93,Yes
9018,A350,1.6,5.94,1.16,3.35,Yes,Rain,0.15,No
9019,A380,9.17,4.73,0.94,9.12,Yes,Fog,3.89,Yes
9020,A380,3.34,9.69,8.68,7.38,No,Clear,2.84,Yes
9021,A380,2.13,0.38,3.21,4.49,No,Clear,3.24,No
9022,B737,7.28,8.37,5.3,6.98,No,Thunderstorm,0.2,Yes
9023,A380,3.84,7.61,8.61,4.39,No,Snow,1.41,No
9024,A380,5.16,4.48,7.01,4.85,No,Snow,3.71,Yes
9025,A350,9.06,5.23,8.1,7.1,No,Fog,7.76,Yes
9026,A320,6.19,3.55,7.49,3.91,Yes,Clear,4.67,No
9027,A350,4.07,1.82,7.74,1.38,No,Thunderstorm,4.86,No
9028,B787,2.44,1.3,8.51,9.21,Yes,Fog,1.62,Yes
9029,A320,5.79,8.6,2.75,6.95,Yes,Snow,2.34,No
9030,B787,6.74,5.07,9.6,0.59,No,Thunderstorm,8.61,No
9031,B787,6.02,3.46,8.83,4.66,Yes,Rain,4.5,No
9032,A350,2.32,7.46,9.76,4.62,Yes,Fog,2.05,No
9033,A380,6.15,8.9,4.06,1.5,Yes,Fog,6.21,Yes
9034,A380,4.75,7.98,4.06,1.54,Yes,Clear,3.54,Yes
9035,B787,9.72,3.14,5.21,5.3,No,Thunderstorm,5.42,No
9036,A320,3.98,2.67,6.02,3.43,Yes,Rain,7.31,Yes
9037,A350,8.06,9.57,0.66,4.65,Yes,Thunderstorm,8.73,Yes
9038,A380,6.87,4.15,9.33,8.54,Yes,Fog,8.76,No
9039,A320,2.79,0.07,9.79,6.81,No,Rain,0.96,No
9040,A380,8.51,4.43,5.85,7.19,No,Rain,9.81,Yes
9041,B787,6.24,0.33,0.45,3.14,Yes,Clear,6.53,No
9042,A380,2.45,3.65,3.79,9.31,No,Thunderstorm,9.49,Yes
9043,A350,3.72,5.48,9.94,7.44,No,Rain,0.64,Yes
9044,B737,4.82,7.68,7.01,1.22,No,Clear,3.58,No
9045,A350,2.81,1.16,6.66,1.36,No,Clear,1.78,Yes
9046,B787,4.72,1.49,4.31,1.76,No,Rain,2.56,Yes
9047,B787,1.79,2.45,8.2,7.57,Yes,Clear,8.97,No
9048,B737,2.82,2.97,7.68,0.9,Yes,Snow,0.73,No
9049,B787,7.94,7.58,7.92,9.97,No,Snow,0.17,Yes
9050,B787,2.74,6.84,7.37,1.67,No,Rain,0.5,Yes
9051,B787,2.31,6.69,9.35,3.56,No,Thunderstorm,5.37,Yes
9052,B787,0.25,9.72,9.39,0.02,Yes,Snow,1.17,No
9053,A320,6.0,0.57,8.5,3.19,No,Snow,7.07,No
9054,A380,6.98,8.48,2.14,0.3,Yes,Snow,5.99,No
9055,A320,7.75,7.37,6.51,8.11,No,Rain,3.61,Yes
9056,A320,8.92,1.34,1.12,2.88,No,Clear,4.57,Yes
9057,A350,0.02,2.61,9.67,8.17,No,Thunderstorm,8.03,No
9058,A320,4.32,3.99,2.81,2.34,No,Clear,8.29,Yes
9059,B787,0.19,4.13,0.52,0.63,Yes,Clear,4.65,No
9060,A320,5.15,3.14,2.01,9.94,No,Thunderstorm,7.56,No
9061,B787,3.02,0.79,5.96,4.68,Yes,Rain,9.5,Yes
9062,A350,6.99,3.01,3.21,8.44,No,Thunderstorm,8.07,Yes
9063,A380,7.96,3.66,6.24,5.26,Yes,Thunderstorm,6.91,No
9064,B737,8.2,0.13,9.74,0.61,No,Rain,4.97,No
9065,B787,1.72,9.49,1.31,3.87,No,Rain,2.97,No
9066,B737,7.76,7.08,5.75,2.6,No,Fog,7.71,Yes
9067,B737,2.43,8.76,6.37,9.48,No,Fog,3.57,No
9068,B737,1.32,7.75,6.52,3.16,No,Thunderstorm,3.66,No
9069,B787,8.72,8.63,1.71,0.1,Yes,Clear,5.44,Yes
9070,A350,8.95,9.24,3.13,9.38,No,Snow,7.91,Yes
9071,A320,1.26,2.13,2.65,6.02,Yes,Rain,5.21,Yes
9072,A350,3.04,8.81,7.77,9.07,Yes,Thunderstorm,7.9,Yes
9073,B787,9.03,6.24,8.32,0.76,Yes,Rain,7.31,Yes
9074,B787,9.42,4.88,0.74,4.52,No,Thunderstorm,0.56,No
9075,B787,0.35,5.21,1.17,9.52,Yes,Fog,0.97,No
9076,A380,6.78,9.7,3.26,0.83,No,Clear,0.0,No
9077,A320,8.77,5.5,6.42,0.26,Yes,Rain,2.34,Yes
9078,B787,3.67,6.16,1.69,1.99,Yes,Snow,2.08,No
9079,A380,9.49,6.54,8.5,9.53,No,Fog,8.95,No
9080,B737,0.63,6.47,1.55,4.5,Yes,Clear,6.99,No
9081,A320,0.79,6.71,0.14,6.37,Yes,Thunderstorm,0.96,No
9082,A380,2.13,1.27,0.22,7.76,No,Clear,6.54,Yes
9083,B787,5.94,1.24,2.72,4.98,No,Clear,5.69,No
9084,A380,2.78,9.15,7.23,5.65,Yes,Thunderstorm,9.16,No
9085,A380,1.14,5.79,1.05,6.56,Yes,Thunderstorm,7.25,No
9086,A380,4.35,3.49,4.68,1.5,No,Rain,7.21,Yes
9087,B787,9.92,2.78,3.47,6.45,No,Snow,2.25,No
9088,A380,2.01,7.89,5.08,4.94,Yes,Snow,6.07,Yes
9089,A350,5.71,4.55,5.81,8.23,Yes,Clear,9.35,No
9090,B787,6.09,9.4,1.0,2.2,No,Clear,2.38,Yes
9091,B787,5.87,1.78,6.17,1.57,No,Rain,2.6,No
9092,A380,9.27,3.46,6.75,8.17,No,Thunderstorm,0.57,No
9093,A350,5.31,0.81,8.96,7.09,No,Rain,9.64,Yes
9094,A380,9.27,0.79,1.57,1.16,No,Thunderstorm,8.57,No
9095,A320,5.62,1.47,4.42,7.56,No,Rain,5.1,No
9096,A320,6.41,6.26,7.46,7.64,No,Thunderstorm,8.95,No
9097,A350,0.08,8.29,4.72,2.87,No,Clear,9.15,Yes
9098,B737,2.73,0.46,4.39,6.15,Yes,Thunderstorm,9.43,Yes
9099,A320,9.47,1.07,3.9,2.21,Yes,Thunderstorm,7.44,No
9100,A350,7.71,7.54,3.0,9.21,Yes,Fog,5.86,No
9101,A380,8.29,8.93,6.51,6.84,Yes,Rain,2.51,Yes
9102,B737,8.59,3.87,9.59,6.29,No,Snow,6.96,No
9103,B737,2.63,7.03,3.84,9.73,Yes,Rain,6.17,No
9104,A350,8.74,6.97,6.98,3.13,No,Fog,4.0,No
9105,A380,5.73,6.52,6.9,5.65,No,Fog,6.95,No
9106,A320,8.72,8.47,2.31,8.06,Yes,Thunderstorm,4.26,Yes
9107,A320,0.46,7.3,1.38,3.8,No,Thunderstorm,0.14,No
9108,A320,6.33,6.1,4.64,4.2,No,Thunderstorm,7.38,No
9109,A350,8.93,5.86,2.67,9.49,No,Snow,1.71,Yes
9110,B787,1.4,4.97,4.61,5.0,No,Snow,2.08,No
9111,A350,4.23,4.79,8.59,0.37,No,Snow,7.54,No
9112,A350,3.87,6.39,7.71,4.17,Yes,Fog,9.41,No
9113,B787,7.81,1.87,7.14,0.51,No,Thunderstorm,9.26,No
9114,A380,5.3,0.15,0.32,4.14,No,Snow,9.21,No
9115,B787,7.91,6.99,7.05,1.53,No,Clear,2.8,Yes
9116,B787,4.34,1.69,4.44,3.93,No,Rain,9.68,Yes
9117,B787,5.86,8.6,5.32,4.01,No,Snow,8.23,Yes
9118,A350,5.44,8.15,10.0,4.87,Yes,Clear,1.08,No
9119,A380,0.33,1.24,4.27,3.33,Yes,Thunderstorm,8.46,Yes
9120,B787,5.36,8.96,8.3,0.41,No,Thunderstorm,1.57,No
9121,B737,8.17,6.93,5.58,3.0,No,Thunderstorm,3.5,No
9122,A320,5.24,3.12,8.06,4.75,No,Rain,9.88,No
9123,A350,6.92,7.52,7.72,6.65,Yes,Snow,8.81,No
9124,A350,1.84,8.05,1.72,3.08,No,Rain,0.99,No
9125,B787,1.86,7.53,2.81,0.13,Yes,Clear,3.0,No
9126,B737,3.84,6.49,0.52,2.62,No,Clear,8.5,No
9127,A350,3.62,7.68,5.73,3.81,No,Rain,2.25,Yes
9128,A380,2.8,8.14,7.88,5.32,No,Fog,2.71,No
9129,A350,5.64,2.17,3.38,4.99,No,Snow,7.98,No
9130,A350,3.46,5.54,5.91,2.55,No,Snow,8.13,No
9131,A380,4.57,2.18,6.66,0.1,Yes,Snow,8.23,No
9132,B787,7.92,0.13,7.37,0.11,No,Rain,5.91,Yes
9133,B787,6.87,4.75,9.9,7.11,No,Rain,8.07,Yes
9134,A320,2.35,0.87,0.67,9.0,Yes,Fog,7.45,Yes
9135,A380,6.74,9.01,6.44,3.04,No,Thunderstorm,3.22,No
9136,B787,1.2,6.13,4.99,8.44,Yes,Thunderstorm,3.18,No
9137,A350,4.89,2.08,0.63,0.48,No,Clear,0.27,Yes
9138,A380,8.54,1.55,1.91,1.6,No,Thunderstorm,2.17,Yes
9139,B737,7.37,6.89,1.96,2.56,No,Thunderstorm,4.65,Yes
9140,B737,4.19,5.25,6.52,9.74,Yes,Clear,0.45,Yes
9141,A320,7.03,7.71,5.2,3.25,No,Rain,5.64,No
9142,A380,4.83,5.7,1.14,2.08,Yes,Thunderstorm,8.42,Yes
9143,A320,5.0,7.5,5.32,8.15,Yes,Snow,3.78,Yes
9144,A320,7.61,0.24,6.6,8.76,No,Fog,7.09,Yes
9145,B787,0.65,0.61,3.22,0.21,No,Snow,0.64,Yes
9146,B737,1.23,6.53,0.09,2.22,No,Fog,2.49,No
9147,A380,9.64,9.66,7.69,8.06,Yes,Clear,0.71,No
9148,A350,5.94,0.92,6.51,1.43,No,Clear,7.99,No
9149,A350,7.24,1.07,2.44,9.36,Yes,Rain,0.98,No
9150,A320,9.3,8.12,8.84,6.19,No,Fog,9.45,Yes
9151,B787,3.89,1.27,0.46,0.98,No,Thunderstorm,7.61,Yes
9152,A320,8.55,8.38,9.89,8.96,No,Fog,8.67,No
9153,A320,6.61,5.17,9.93,6.08,Yes,Fog,6.15,No
9154,A320,2.87,8.77,1.47,4.78,Yes,Rain,6.51,No
9155,B737,3.82,6.45,9.27,3.6,No,Snow,0.43,No
9156,A350,5.73,2.82,8.78,3.56,Yes,Thunderstorm,7.95,No
9157,A350,3.04,9.13,5.03,2.11,No,Rain,1.05,Yes
9158,A350,5.98,1.58,2.17,4.3,Yes,Snow,6.46,No
9159,A350,9.68,2.92,9.2,5.3,Yes,Thunderstorm,2.06,Yes
9160,B737,8.28,7.05,0.74,8.99,No,Clear,8.86,No
9161,B787,6.36,8.95,9.59,1.67,Yes,Rain,0.69,No
9162,B737,9.12,3.89,3.57,1.13,Yes,Rain,9.23,Yes
9163,A350,5.17,1.47,3.19,1.12,Yes,Thunderstorm,0.51,Yes
9164,B787,0.57,7.02,1.9,0.51,No,Thunderstorm,8.97,No
9165,A320,7.09,0.1,1.86,8.79,No,Clear,9.78,Yes
9166,A350,2.04,7.51,5.63,9.02,Yes,Thunderstorm,0.67,Yes
9167,A380,3.76,5.61,6.34,4.02,Yes,Fog,8.1,No
9168,A350,4.11,1.73,0.89,5.16,Yes,Thunderstorm,0.27,No
9169,B737,0.14,3.65,0.65,3.0,Yes,Clear,2.85,No
9170,B787,8.88,1.05,4.27,8.68,Yes,Fog,9.13,Yes
9171,A320,0.95,2.95,3.88,1.33,No,Clear,4.08,No
9172,B737,4.68,8.45,6.21,3.42,No,Clear,3.76,Yes
9173,A350,2.51,4.69,4.69,9.16,No,Rain,9.76,No
9174,B737,9.58,3.09,9.02,0.84,Yes,Rain,5.85,Yes
9175,A380,0.8,8.9,9.05,9.54,No,Fog,9.81,No
9176,B787,7.66,8.22,1.12,1.6,Yes,Thunderstorm,9.08,Yes
9177,A350,6.59,1.19,6.23,4.29,No,Fog,7.94,Yes
9178,A320,4.86,2.59,2.56,9.01,No,Clear,4.51,No
9179,A350,3.38,8.75,5.49,2.17,No,Snow,9.45,Yes
9180,A320,3.12,6.04,2.58,7.63,Yes,Rain,7.39,No
9181,A350,1.35,2.57,4.22,1.4,Yes,Snow,0.19,No
9182,B787,6.8,1.56,7.28,9.52,Yes,Snow,1.63,No
9183,A350,7.38,7.35,8.82,6.04,Yes,Snow,9.96,No
9184,A320,1.57,7.16,1.69,3.76,Yes,Clear,4.31,No
9185,A380,8.92,8.69,8.92,3.44,Yes,Clear,6.19,No
9186,A380,2.29,8.91,0.23,4.3,Yes,Clear,1.28,Yes
9187,A350,9.89,1.29,8.72,8.56,Yes,Thunderstorm,2.93,Yes
9188,A350,8.38,6.35,8.66,9.64,No,Thunderstorm,3.08,No
9189,B787,3.47,4.02,5.52,4.36,No,Thunderstorm,9.72,No
9190,A380,2.38,2.85,7.52,1.42,No,Clear,2.59,Yes
9191,B737,9.46,2.74,6.57,9.91,Yes,Fog,3.17,No
9192,B737,6.14,1.68,6.45,6.83,No,Fog,5.46,No
9193,B737,9.63,9.12,7.64,4.68,Yes,Snow,3.05,Yes
9194,B787,4.5,0.19,8.06,9.16,Yes,Snow,2.65,No
9195,B737,2.89,4.42,0.65,5.93,Yes,Fog,2.87,No
9196,B787,4.98,0.15,2.51,7.8,Yes,Thunderstorm,1.03,Yes
9197,A380,4.22,7.06,2.85,6.42,Yes,Snow,2.24,Yes
9198,A380,1.88,7.08,4.89,4.04,No,Clear,6.68,No
9199,B737,2.34,2.22,1.87,8.55,Yes,Snow,2.26,Yes
9200,B787,1.54,0.62,4.64,8.73,No,Snow,6.84,Yes
9201,B737,2.53,0.61,8.74,8.86,Yes,Clear,3.07,No
9202,B787,5.64,4.73,5.17,3.15,Yes,Fog,1.22,No
9203,A320,1.68,1.92,1.21,5.78,Yes,Rain,8.18,No
9204,A350,4.04,4.34,2.59,5.67,Yes,Thunderstorm,0.1,No
9205,A320,1.8,6.35,4.04,2.37,Yes,Thunderstorm,6.75,No
9206,A350,0.49,6.98,8.49,9.14,Yes,Fog,3.6,Yes
9207,A350,3.28,7.73,7.16,3.74,No,Clear,5.94,No
9208,A320,7.09,5.7,8.87,2.93,Yes,Clear,0.62,No
9209,A320,5.23,2.88,7.44,0.23,Yes,Clear,9.41,No
9210,B737,2.47,5.1,2.72,9.44,Yes,Fog,8.09,Yes
9211,B787,1.07,7.24,7.13,8.27,No,Clear,0.94,No
9212,A350,7.08,8.86,1.99,2.69,No,Snow,5.26,Yes
9213,A320,0.21,7.99,2.2,6.44,Yes,Rain,0.92,No
9214,B787,8.85,8.86,3.66,9.15,No,Thunderstorm,0.67,No
9215,A380,8.19,0.7,1.69,2.57,No,Rain,7.58,No
9216,B787,2.7,6.13,5.79,8.99,Yes,Clear,8.54,Yes
9217,A320,3.79,1.26,2.35,3.91,Yes,Snow,8.3,Yes
9218,B737,0.15,7.21,5.2,4.61,No,Snow,7.24,No
9219,A380,5.16,2.73,3.66,3.49,No,Snow,7.28,No
9220,A320,6.58,1.86,8.76,3.17,Yes,Snow,8.61,No
9221,A350,2.4,5.15,2.45,5.34,Yes,Rain,8.12,Yes
9222,A320,4.23,2.47,4.24,7.99,Yes,Rain,7.41,Yes
9223,B787,9.45,9.24,7.76,9.75,Yes,Fog,4.6,Yes
9224,B787,5.27,7.13,6.72,7.19,No,Rain,0.19,Yes
9225,A350,7.88,2.28,0.77,7.88,No,Rain,2.76,Yes
9226,A350,8.48,3.85,0.65,6.11,Yes,Clear,2.81,No
9227,A380,2.08,2.29,6.68,4.26,Yes,Thunderstorm,7.54,No
9228,B787,2.34,8.37,3.74,9.15,No,Fog,8.19,No
9229,A380,9.3,6.97,8.29,6.69,Yes,Fog,6.78,No
9230,A380,3.57,8.24,5.49,3.96,No,Snow,3.87,No
9231,A320,2.54,3.01,4.27,7.54,No,Rain,0.25,Yes
9232,B737,7.99,0.85,5.37,1.56,No,Thunderstorm,9.61,No
9233,A380,8.73,1.27,1.71,10.0,Yes,Clear,6.39,Yes
9234,A350,3.44,8.77,3.15,2.17,Yes,Clear,8.15,Yes
9235,A380,3.5,1.94,0.06,7.51,Yes,Snow,4.5,Yes
9236,A320,6.73,4.64,7.9,2.36,Yes,Rain,6.23,No
9237,A380,5.75,2.76,1.61,6.93,Yes,Snow,0.83,No
9238,A350,6.44,7.27,0.84,1.93,Yes,Fog,0.34,Yes
9239,B787,5.38,5.71,2.71,5.58,No,Clear,5.93,No
9240,A350,7.38,8.97,6.79,3.35,No,Snow,7.12,No
9241,B787,5.25,2.13,6.95,8.77,No,Snow,2.01,Yes
9242,A350,3.22,5.02,2.75,3.72,No,Rain,8.69,Yes
9243,A380,6.67,7.84,9.46,0.27,Yes,Clear,4.25,Yes
9244,A350,2.7,5.9,0.23,1.18,No,Snow,6.89,No
9245,B787,0.56,8.94,5.77,0.69,No,Rain,0.37,Yes
9246,B737,7.33,5.6,7.66,1.48,Yes,Snow,7.62,Yes
9247,A320,6.04,6.16,2.38,0.51,Yes,Fog,0.93,No
9248,A350,5.9,1.23,7.24,4.94,Yes,Thunderstorm,7.05,Yes
9249,A350,4.5,8.8,5.49,0.73,No,Thunderstorm,6.71,No
9250,A380,8.13,5.44,1.51,7.44,No,Snow,8.04,No
9251,B737,4.88,1.95,9.81,0.95,No,Thunderstorm,1.96,No
9252,A320,4.95,1.57,9.53,4.68,No,Thunderstorm,1.53,No
9253,A320,9.31,7.11,1.6,1.31,Yes,Thunderstorm,5.93,Yes
9254,B737,9.44,6.51,6.04,8.58,No,Clear,3.33,Yes
9255,B787,0.65,5.11,3.93,7.68,Yes,Fog,3.12,Yes
9256,B737,0.76,9.12,8.19,3.57,No,Clear,9.95,No
9257,A380,7.75,3.61,5.38,6.45,No,Fog,9.32,No
9258,A350,0.54,6.75,7.93,0.04,Yes,Snow,9.95,No
9259,A380,7.21,1.84,4.39,9.04,Yes,Thunderstorm,2.69,No
9260,B787,6.09,9.59,4.48,6.52,Yes,Snow,0.47,Yes
9261,A380,0.31,6.25,2.08,7.45,Yes,Clear,8.5,Yes
9262,B737,0.89,9.02,1.59,6.97,No,Snow,8.88,No
9263,A380,8.46,0.2,0.07,1.07,No,Thunderstorm,7.15,No
9264,A380,9.03,4.23,4.9,7.56,Yes,Thunderstorm,4.47,No
9265,B787,1.08,0.45,7.64,4.16,Yes,Thunderstorm,4.04,No
9266,B737,0.84,9.85,9.14,6.97,Yes,Clear,2.34,No
9267,A350,6.21,5.38,0.77,6.53,No,Rain,8.8,No
9268,A320,4.41,6.11,6.73,1.57,No,Rain,9.64,No
9269,A350,1.18,9.54,0.84,2.9,Yes,Rain,6.55,Yes
9270,A350,2.96,2.9,3.68,4.04,No,Rain,8.18,No
9271,A320,1.16,9.33,9.03,4.54,No,Snow,1.54,No
9272,B737,8.78,9.61,7.1,6.1,No,Thunderstorm,5.89,No
9273,A380,1.57,5.77,6.7,8.94,Yes,Fog,4.21,No
9274,B737,0.72,6.02,1.06,6.35,No,Snow,0.61,Yes
9275,A320,9.47,2.3,4.65,6.95,Yes,Clear,2.5,Yes
9276,B787,6.35,3.55,8.11,1.08,No,Clear,9.29,Yes
9277,A320,7.62,1.74,0.83,8.71,No,Fog,6.43,Yes
9278,B787,3.52,2.54,0.55,1.91,No,Snow,3.85,No
9279,B737,7.16,1.16,7.77,2.73,No,Rain,7.38,Yes
9280,A320,2.68,5.71,0.36,4.77,No,Snow,7.68,Yes
9281,A320,1.45,8.56,7.94,9.66,Yes,Snow,0.9,No
9282,B737,1.74,8.26,0.76,9.2,Yes,Thunderstorm,1.98,Yes
9283,A380,9.69,0.06,1.67,8.56,No,Fog,6.73,Yes
9284,A350,7.14,1.32,5.04,5.75,No,Rain,1.83,No
9285,B737,9.64,8.51,8.2,8.27,Yes,Fog,5.27,Yes
9286,B737,6.19,8.34,4.17,7.2,No,Snow,9.9,Yes
9287,B737,4.25,2.63,5.23,0.1,No,Snow,2.49,No
9288,B737,3.16,5.24,7.13,7.46,No,Clear,8.16,Yes
9289,B787,8.58,0.27,6.32,4.04,No,Clear,9.88,No
9290,A320,5.04,0.34,3.98,5.72,No,Rain,4.32,Yes
9291,A380,6.1,1.26,4.07,8.76,No,Rain,6.25,Yes
9292,B787,8.63,8.76,2.22,6.56,Yes,Clear,0.36,Yes
9293,B787,7.21,1.11,4.78,4.54,Yes,Thunderstorm,3.93,Yes
9294,A380,9.3,7.75,3.78,9.59,Yes,Clear,8.69,No
9295,A350,8.6,9.47,1.97,8.44,Yes,Clear,0.94,No
9296,B737,6.04,8.29,0.03,3.72,No,Thunderstorm,8.69,Yes
9297,B737,8.88,2.68,9.93,7.28,No,Rain,3.44,No
9298,A320,3.03,9.43,5.19,5.51,No,Thunderstorm,7.82,Yes
9299,B787,2.83,8.98,6.21,1.13,Yes,Rain,1.5,Yes
9300,A320,7.57,0.18,0.47,5.46,No,Rain,6.5,No
9301,A380,2.43,4.5,3.72,9.6,Yes,Clear,1.92,No
9302,B737,1.1,6.08,7.74,4.25,No,Rain,3.63,Yes
9303,B737,5.08,5.86,3.91,4.63,Yes,Snow,9.45,No
9304,A350,8.38,2.03,6.11,1.82,No,Rain,7.44,No
9305,A320,4.69,5.78,0.82,3.41,Yes,Rain,5.33,Yes
9306,A350,1.43,1.93,0.52,2.33,Yes,Clear,7.44,Yes
9307,B737,9.65,5.35,5.41,2.84,No,Fog,7.98,No
9308,A380,7.09,3.51,9.56,0.09,Yes,Snow,4.02,Yes
9309,A320,1.19,5.39,4.62,2.72,Yes,Clear,2.83,No
9310,A350,7.35,9.13,4.21,1.23,Yes,Snow,5.65,No
9311,B737,0.29,6.89,8.49,5.15,No,Thunderstorm,4.07,No
9312,B737,5.92,5.74,0.9,2.18,Yes,Snow,3.53,No
9313,A350,0.51,6.65,4.95,0.04,No,Thunderstorm,0.67,No
9314,A320,6.87,4.1,2.3,9.54,Yes,Rain,9.7,Yes
9315,A350,5.82,8.64,7.99,5.16,Yes,Rain,1.72,Yes
9316,B787,2.12,1.17,6.52,6.87,No,Thunderstorm,8.22,Yes
9317,A350,9.42,5.65,7.67,0.76,No,Rain,1.37,Yes
9318,B787,2.68,9.5,2.81,6.87,No,Rain,7.5,Yes
9319,A380,6.45,4.09,6.37,7.19,No,Rain,4.53,No
9320,A320,2.84,6.82,1.09,8.51,No,Rain,7.48,Yes
9321,B737,8.3,7.07,8.17,5.37,No,Thunderstorm,0.43,No
9322,B787,5.96,5.36,7.06,4.88,No,Thunderstorm,7.14,Yes
9323,B787,4.46,9.21,3.01,5.45,Yes,Rain,7.29,Yes
9324,A320,1.78,3.49,2.87,1.06,No,Snow,2.25,Yes
9325,A350,1.54,3.56,0.24,1.71,Yes,Fog,3.63,No
9326,A380,8.75,1.26,3.18,7.48,Yes,Thunderstorm,1.96,No
9327,B787,1.69,8.58,8.49,7.44,Yes,Thunderstorm,5.0,No
9328,B787,0.41,4.93,9.37,8.33,Yes,Snow,2.71,Yes
9329,A380,7.37,0.74,1.14,6.12,No,Fog,6.05,No
9330,B737,7.52,4.44,5.32,4.69,Yes,Fog,8.48,Yes
9331,A380,8.33,5.31,7.86,4.06,Yes,Rain,2.74,No
9332,A380,4.96,6.17,0.18,5.61,No,Clear,6.3,Yes
9333,A320,9.75,1.51,8.2,3.36,Yes,Clear,0.69,Yes
9334,B787,6.1,5.88,5.87,0.77,No,Clear,4.96,No
9335,A380,1.57,0.52,8.21,4.38,No,Thunderstorm,6.67,No
9336,B737,6.36,3.05,7.7,4.71,Yes,Snow,5.72,No
9337,A320,4.21,3.04,4.15,8.6,No,Snow,4.76,No
9338,B787,0.98,7.67,0.53,9.08,No,Thunderstorm,8.45,Yes
9339,A380,6.08,4.98,0.69,4.61,Yes,Thunderstorm,8.19,No
9340,B787,7.75,6.1,9.04,0.8,No,Thunderstorm,0.39,No
9341,A380,0.8,5.03,3.15,9.6,No,Snow,8.78,No
9342,B787,2.8,0.28,3.99,1.95,Yes,Clear,3.42,Yes
9343,B787,5.93,1.98,4.03,0.26,Yes,Fog,3.69,Yes
9344,A350,2.75,3.13,4.48,7.18,No,Rain,9.46,No
9345,A380,3.86,5.84,1.96,6.08,No,Thunderstorm,2.02,No
9346,A320,0.91,8.0,1.03,0.85,No,Thunderstorm,1.79,No
9347,A350,6.4,9.81,0.95,3.23,Yes,Thunderstorm,9.03,No
9348,B787,9.11,2.55,8.49,4.43,No,Snow,4.38,Yes
9349,A380,8.3,9.74,0.12,6.58,Yes,Fog,5.74,Yes
9350,A350,5.8,2.78,9.79,3.46,No,Thunderstorm,3.23,Yes
9351,B737,1.52,9.78,9.17,0.48,No,Fog,2.04,No
9352,A350,3.34,6.91,0.72,6.21,No,Snow,1.46,No
9353,A320,8.55,6.98,0.76,6.78,Yes,Thunderstorm,3.25,No
9354,A320,1.78,9.75,9.87,6.82,No,Snow,0.77,Yes
9355,A380,4.82,3.72,7.32,0.76,No,Rain,7.13,No
9356,A350,0.25,3.76,6.53,9.43,No,Rain,0.78,Yes
9357,A380,6.69,8.14,5.68,1.01,Yes,Rain,9.15,No
9358,A380,6.52,9.92,9.15,1.23,Yes,Rain,7.63,No
9359,B737,7.4,7.19,3.09,3.09,Yes,Fog,6.93,No
9360,A320,3.32,8.16,5.25,1.72,Yes,Snow,9.93,Yes
9361,A350,7.89,2.54,9.33,6.87,Yes,Clear,8.66,Yes
9362,A380,5.06,9.63,9.72,3.05,No,Rain,9.86,No
9363,A380,7.76,1.09,0.41,2.29,Yes,Clear,6.65,Yes
9364,B737,0.45,2.03,7.86,9.85,No,Snow,0.4,Yes
9365,A380,3.32,7.63,5.1,3.24,Yes,Rain,2.16,Yes
9366,B787,7.53,2.99,5.63,6.27,No,Thunderstorm,4.9,No
9367,B737,6.37,5.47,7.84,2.55,Yes,Fog,7.49,No
9368,A380,8.49,3.11,7.76,1.42,No,Fog,8.77,Yes
9369,A380,1.9,3.95,8.6,7.44,Yes,Clear,8.03,Yes
9370,A380,2.14,4.42,6.63,5.85,Yes,Rain,9.09,No
9371,B787,9.89,0.53,9.55,4.04,No,Rain,5.71,Yes
9372,A380,3.79,1.28,2.67,2.0,Yes,Snow,7.41,No
9373,A380,0.91,9.34,3.28,6.2,No,Clear,5.43,Yes
9374,A320,4.02,4.76,4.46,2.28,Yes,Thunderstorm,3.35,Yes
9375,B737,0.3,4.14,5.87,3.63,Yes,Snow,0.16,No
9376,B737,7.39,7.32,4.95,8.1,Yes,Clear,7.61,Yes
9377,B737,5.26,5.66,4.66,3.84,Yes,Thunderstorm,6.22,Yes
9378,A350,2.82,7.77,3.46,7.22,No,Thunderstorm,3.01,Yes
9379,B787,1.48,8.87,1.38,0.16,Yes,Rain,3.01,No
9380,B787,0.32,3.87,2.82,3.2,Yes,Clear,5.5,Yes
9381,A380,6.15,0.08,0.61,1.06,No,Thunderstorm,9.61,Yes
9382,A320,1.92,1.61,9.7,4.04,Yes,Thunderstorm,9.87,Yes
9383,B737,0.05,4.21,0.1,9.35,Yes,Thunderstorm,6.4,No
9384,B737,6.11,0.03,6.29,3.25,Yes,Fog,5.97,Yes
9385,A320,3.86,4.34,4.32,6.31,No,Thunderstorm,2.05,No
9386,A380,6.21,4.0,2.84,2.09,No,Fog,4.15,No
9387,B737,1.56,0.88,6.06,0.69,No,Rain,8.2,Yes
9388,B737,3.39,2.8,5.79,5.61,Yes,Thunderstorm,1.1,No
9389,A320,2.77,5.48,6.75,2.68,Yes,Clear,6.44,No
9390,B737,9.86,2.18,3.14,8.81,Yes,Fog,7.99,No
9391,B737,4.41,7.08,5.12,0.49,Yes,Thunderstorm,1.38,No
9392,B787,8.61,8.11,4.73,9.17,Yes,Clear,6.04,No
9393,A350,7.83,6.21,9.47,4.19,Yes,Fog,8.28,No
9394,A350,9.44,0.12,3.27,4.84,Yes,Thunderstorm,9.94,Yes
9395,B787,4.06,4.32,1.69,5.47,No,Clear,5.0,No
9396,A380,2.46,8.59,4.41,5.8,No,Thunderstorm,6.05,Yes
9397,B737,0.2,5.24,6.91,6.01,Yes,Thunderstorm,3.58,Yes
9398,A350,9.86,2.81,2.09,4.73,No,Fog,7.32,No
9399,B787,4.19,2.41,0.02,2.02,No,Rain,1.13,Yes
9400,A350,2.34,9.21,0.43,5.09,No,Fog,9.03,No
9401,B787,9.55,9.1,3.85,2.08,Yes,Snow,7.13,No
9402,A320,4.01,6.48,1.08,0.66,No,Clear,6.56,Yes
9403,B787,4.77,2.72,5.34,5.88,No,Clear,3.34,No
9404,B737,4.58,8.88,0.02,3.29,Yes,Thunderstorm,2.72,No
9405,B787,4.18,5.41,4.15,0.07,No,Rain,3.22,No
9406,A350,7.84,4.9,0.18,1.43,Yes,Rain,3.4,No
9407,A320,8.59,1.17,5.33,9.57,No,Rain,1.94,No
9408,B737,6.03,4.22,8.85,8.4,No,Fog,3.12,No
9409,A320,8.87,9.38,7.29,8.08,Yes,Clear,8.39,No
9410,A350,9.26,8.09,5.96,9.18,Yes,Snow,0.45,Yes
9411,A380,2.5,9.57,2.79,5.66,No,Thunderstorm,6.46,No
9412,B737,6.85,8.65,9.78,0.18,No,Fog,4.57,Yes
9413,A350,9.44,3.67,8.52,2.92,Yes,Thunderstorm,8.14,Yes
9414,A320,3.22,6.87,2.03,9.61,No,Fog,8.37,Yes
9415,A380,4.32,7.85,3.2,2.31,Yes,Clear,9.83,No
9416,B787,7.07,5.65,9.45,6.03,No,Rain,2.32,Yes
9417,A350,7.49,9.41,3.42,9.61,Yes,Clear,0.82,No
9418,B737,6.25,5.63,7.63,3.49,No,Thunderstorm,0.24,Yes
9419,A380,4.44,7.04,6.5,9.11,Yes,Thunderstorm,3.15,Yes
9420,A380,0.56,9.03,0.69,1.27,No,Fog,4.2,No
9421,A380,5.65,3.51,4.56,8.45,Yes,Clear,8.9,No
9422,A380,3.66,6.28,6.9,5.08,No,Clear,3.2,Yes
9423,A380,6.9,7.78,1.58,2.85,Yes,Thunderstorm,7.92,No
9424,A380,8.12,5.17,4.32,4.41,Yes,Rain,3.95,Yes
9425,A350,2.34,0.72,9.82,5.19,Yes,Clear,7.95,No
9426,A320,6.7,3.14,7.66,8.19,No,Clear,3.61,Yes
9427,A350,9.3,9.65,1.8,3.54,No,Clear,1.06,Yes
9428,A320,7.13,1.34,4.5,0.34,No,Rain,2.29,No
9429,A380,5.96,2.44,4.14,7.54,Yes,Snow,1.71,No
9430,A380,3.64,0.15,0.44,8.85,Yes,Thunderstorm,7.53,Yes
9431,A350,1.16,7.52,9.68,7.32,No,Thunderstorm,2.57,No
9432,B737,0.17,2.13,8.61,4.27,No,Snow,1.1,No
9433,A350,9.83,1.14,0.83,5.06,Yes,Rain,7.87,No
9434,A380,8.47,5.56,0.69,2.26,No,Rain,5.79,No
9435,B737,6.94,1.84,4.75,3.66,No,Clear,4.0,Yes
9436,A380,6.72,8.75,1.96,0.43,No,Clear,9.2,Yes
9437,B787,9.01,1.38,9.23,4.15,Yes,Fog,4.19,Yes
9438,A380,0.93,8.12,9.84,8.92,No,Clear,4.28,Yes
9439,B787,8.6,2.2,8.01,5.52,No,Clear,3.44,Yes
9440,B787,7.95,7.26,1.92,7.96,Yes,Fog,5.25,Yes
9441,A320,6.74,0.04,1.02,5.05,No,Clear,3.4,Yes
9442,A350,0.59,2.15,0.63,8.31,No,Clear,6.95,No
9443,B787,6.19,1.1,2.96,7.42,No,Fog,5.41,No
9444,B787,1.04,2.8,3.32,3.06,No,Clear,2.7,Yes
9445,A320,8.69,2.55,9.22,0.55,No,Rain,7.9,No
9446,A380,9.36,6.23,5.29,6.83,Yes,Rain,2.32,No
9447,B787,0.54,7.54,5.16,3.27,No,Fog,5.61,Yes
9448,A380,3.59,6.09,5.32,7.84,No,Clear,8.35,No
9449,B737,8.22,1.7,6.91,4.96,No,Rain,8.27,Yes
9450,A350,2.74,8.63,1.55,8.01,Yes,Fog,5.78,No
9451,A380,4.0,0.63,3.31,1.52,Yes,Fog,0.19,No
9452,A320,3.82,8.27,7.24,9.22,No,Snow,6.15,Yes
9453,B787,8.34,3.18,8.02,2.54,No,Fog,1.75,No
9454,A320,6.54,3.94,2.1,9.68,No,Snow,1.53,Yes
9455,A350,2.65,5.12,8.95,1.91,No,Rain,3.69,Yes
9456,B737,7.82,8.27,6.01,6.53,No,Thunderstorm,7.04,Yes
9457,A350,2.13,5.32,5.99,4.04,No,Fog,8.34,No
9458,A350,3.36,2.08,0.19,0.06,No,Snow,2.28,No
9459,A320,5.57,2.26,6.7,7.99,No,Clear,2.54,Yes
9460,A350,1.89,9.13,4.33,9.72,No,Clear,7.11,No
9461,A380,0.06,7.28,9.1,7.1,Yes,Fog,8.67,Yes
9462,A350,9.3,9.04,4.68,9.41,Yes,Snow,3.5,No
9463,A380,1.76,7.96,6.35,3.27,No,Snow,7.63,No
9464,A320,7.9,3.5,1.12,8.3,No,Clear,1.34,No
9465,A320,6.41,7.13,7.01,0.96,Yes,Clear,0.21,No
9466,B787,8.5,2.89,1.28,7.17,Yes,Thunderstorm,1.97,Yes
9467,B787,7.51,6.01,4.87,0.81,No,Clear,2.85,No
9468,A380,8.66,2.62,5.54,6.56,Yes,Rain,2.23,Yes
9469,A380,1.62,9.97,6.92,7.37,Yes,Rain,3.87,No
9470,A350,8.51,4.41,4.74,5.51,No,Clear,0.52,Yes
9471,A380,4.49,3.61,4.02,4.74,Yes,Rain,3.13,No
9472,A380,5.55,3.63,9.84,9.89,Yes,Fog,6.54,Yes
9473,A380,7.0,9.28,3.13,1.05,No,Clear,6.35,Yes
9474,A380,5.69,6.28,7.08,7.9,Yes,Fog,8.5,Yes
9475,B787,7.15,8.54,5.76,3.77,No,Thunderstorm,5.13,Yes
9476,B737,1.09,9.0,2.42,5.73,Yes,Clear,7.82,Yes
9477,A380,2.12,8.69,3.21,6.85,Yes,Rain,6.92,No
9478,B787,5.9,9.28,1.24,2.52,No,Thunderstorm,9.2,No
9479,A320,0.53,5.73,0.6,2.85,Yes,Thunderstorm,6.16,Yes
9480,A320,4.76,8.23,0.34,9.48,Yes,Fog,5.17,Yes
9481,A380,4.39,6.81,4.16,4.18,Yes,Thunderstorm,6.49,No
9482,A320,3.55,0.06,5.07,3.64,Yes,Clear,0.53,No
9483,B787,1.24,5.16,5.94,7.21,No,Snow,5.07,No
9484,B787,8.05,7.36,9.96,3.05,No,Thunderstorm,5.33,No
9485,A350,2.82,2.82,5.86,5.07,Yes,Fog,2.16,Yes
9486,A380,6.05,5.53,7.36,8.91,No,Rain,8.68,Yes
9487,B787,6.2,4.87,9.07,4.22,No,Fog,1.06,No
9488,A320,1.29,2.95,5.12,0.99,No,Rain,7.66,No
9489,A320,8.59,2.13,8.17,4.37,No,Rain,8.54,No
9490,A350,1.84,1.03,8.3,3.66,Yes,Snow,8.36,Yes
9491,B737,3.24,2.55,5.75,4.68,No,Clear,0.75,No
9492,A350,5.79,6.66,3.11,1.75,No,Fog,2.94,No
9493,B737,4.62,8.23,3.97,9.27,No,Fog,4.0,No
9494,A320,9.93,9.22,6.24,10.0,No,Snow,5.25,No
9495,B737,9.64,3.4,9.11,3.09,No,Clear,2.76,No
9496,A350,7.95,6.6,7.21,3.8,Yes,Rain,8.82,Yes
9497,A350,3.24,6.77,5.49,1.85,Yes,Rain,3.65,Yes
9498,B737,9.25,7.16,9.96,1.92,No,Snow,5.23,No
9499,B787,5.3,8.41,6.02,2.83,No,Snow,8.89,No
9500,A350,7.52,7.66,8.48,6.74,Yes,Fog,5.56,No
9501,B787,6.75,8.85,8.76,9.2,No,Rain,2.68,Yes
9502,A380,6.71,4.45,2.41,8.43,Yes,Snow,9.08,No
9503,B787,6.23,6.29,9.78,1.14,No,Clear,4.76,Yes
9504,A380,2.74,0.92,4.07,8.69,Yes,Rain,1.82,No
9505,A350,5.67,3.53,1.78,8.02,Yes,Thunderstorm,6.58,No
9506,A380,6.09,8.56,2.55,2.43,Yes,Thunderstorm,3.43,Yes
9507,A380,8.73,9.63,6.75,4.67,No,Rain,7.37,No
9508,B787,2.9,4.21,6.88,4.41,No,Fog,8.46,Yes
9509,B787,2.43,3.62,2.44,1.43,No,Thunderstorm,9.57,No
9510,A350,2.64,3.62,7.07,2.44,No,Thunderstorm,8.76,Yes
9511,B737,0.98,4.47,6.14,5.23,No,Fog,0.14,No
9512,A380,5.89,6.28,5.1,7.13,No,Thunderstorm,0.32,No
9513,B737,7.42,4.61,2.6,3.54,No,Fog,6.7,No
9514,A320,0.81,6.64,7.86,3.97,Yes,Thunderstorm,2.3,No
9515,A320,9.56,0.15,8.12,0.23,No,Snow,2.52,Yes
9516,A320,9.73,1.59,8.74,7.81,No,Thunderstorm,8.21,No
9517,B787,8.64,8.56,1.45,5.34,No,Clear,6.83,No
9518,B787,0.58,6.06,0.21,6.65,No,Rain,3.97,Yes
9519,B787,3.78,3.47,6.6,5.66,No,Snow,7.89,No
9520,B737,4.2,7.87,8.34,6.28,Yes,Fog,4.89,Yes
9521,B787,1.1,7.54,0.22,9.03,No,Rain,6.73,Yes
9522,B787,5.06,0.8,0.77,0.35,No,Thunderstorm,5.66,Yes
9523,A350,4.0,5.03,3.31,1.34,Yes,Thunderstorm,3.22,No
9524,A350,5.7,9.4,2.96,2.62,No,Clear,8.95,Yes
9525,A350,3.05,6.48,3.39,8.04,Yes,Rain,6.42,Yes
9526,B737,4.02,9.25,3.78,9.4,No,Snow,9.88,Yes
9527,B787,1.82,0.57,1.24,3.05,Yes,Rain,2.48,Yes
9528,A380,0.44,7.3,6.83,2.52,No,Snow,2.92,No
9529,A320,4.21,5.33,9.34,7.25,No,Thunderstorm,9.68,Yes
9530,A380,1.49,8.08,2.39,6.59,Yes,Thunderstorm,4.26,Yes
9531,A380,6.48,1.14,8.01,1.12,Yes,Snow,5.35,Yes
9532,A380,9.87,1.41,0.9,8.68,No,Thunderstorm,7.28,Yes
9533,B737,5.85,9.17,1.12,3.47,No,Snow,6.19,Yes
9534,A320,2.85,0.31,9.9,4.19,No,Rain,7.31,Yes
9535,A320,0.13,7.44,3.97,7.09,Yes,Clear,2.44,No
9536,B737,7.71,4.52,6.93,9.01,No,Snow,2.05,No
9537,A350,0.38,1.85,4.6,9.77,No,Clear,5.49,Yes
9538,A350,1.21,2.73,6.43,7.29,Yes,Clear,2.77,Yes
9539,A320,3.69,4.28,0.89,1.76,No,Clear,8.93,Yes
9540,A350,1.49,4.4,0.74,5.43,No,Thunderstorm,4.52,Yes
9541,A320,5.09,4.4,3.79,2.78,Yes,Rain,4.99,Yes
9542,B737,2.21,2.46,8.47,0.29,Yes,Fog,4.73,Yes
9543,B787,9.66,6.81,2.66,2.31,No,Snow,0.35,Yes
9544,B787,4.8,1.9,1.63,8.6,Yes,Fog,0.59,Yes
9545,B787,2.39,0.63,5.81,9.83,No,Rain,7.41,No
9546,B787,5.34,3.56,5.91,3.15,No,Rain,3.51,No
9547,A380,8.84,0.78,7.54,3.95,Yes,Fog,0.77,No
9548,A350,8.61,8.01,5.85,2.77,No,Snow,2.0,Yes
9549,B787,4.12,0.69,5.89,4.8,Yes,Snow,7.82,Yes
9550,A320,6.93,1.66,2.57,5.14,Yes,Fog,9.77,Yes
9551,B787,5.09,7.49,6.0,1.81,Yes,Thunderstorm,2.47,Yes
9552,A350,2.23,9.44,9.86,3.1,Yes,Rain,4.59,No
9553,B787,9.25,9.57,4.99,6.43,No,Thunderstorm,1.82,No
9554,A380,1.58,0.64,5.26,1.9,No,Rain,5.78,No
9555,A380,1.73,7.4,9.71,5.03,No,Thunderstorm,5.65,No
9556,A320,0.21,0.06,7.11,6.71,No,Snow,1.63,Yes
9557,A350,3.66,4.85,7.92,1.39,Yes,Fog,8.95,Yes
9558,A350,9.51,3.23,2.85,2.3,Yes,Rain,4.5,No
9559,B737,1.2,1.45,0.4,3.37,No,Fog,1.99,Yes
9560,A380,0.02,5.09,4.15,8.38,No,Thunderstorm,0.42,Yes
9561,A380,1.61,0.33,4.3,6.29,Yes,Thunderstorm,5.35,No
9562,A380,1.74,4.5,3.61,2.62,No,Thunderstorm,5.71,Yes
9563,B737,8.98,1.8,1.72,3.38,Yes,Thunderstorm,8.45,No
9564,B737,4.8,0.51,6.65,9.43,No,Fog,9.37,No
9565,B737,4.05,5.3,5.62,7.16,No,Clear,1.74,No
9566,B737,0.63,7.89,6.81,0.08,No,Rain,8.13,No
9567,B737,9.25,4.2,3.43,5.89,Yes,Snow,8.91,No
9568,A320,4.47,2.7,1.4,9.31,No,Fog,1.16,No
9569,B787,1.09,2.02,3.01,3.86,No,Thunderstorm,0.91,Yes
9570,B787,1.01,3.21,2.45,1.41,No,Rain,9.93,Yes
9571,B737,7.37,1.06,2.31,7.34,No,Rain,7.07,No
9572,B787,8.46,1.6,2.71,9.44,Yes,Snow,0.95,No
9573,A350,5.7,9.56,2.0,7.51,Yes,Fog,8.06,No
9574,B737,1.53,3.63,9.67,2.53,Yes,Thunderstorm,0.56,Yes
9575,A380,6.86,9.79,5.08,0.87,Yes,Fog,1.82,No
9576,A350,1.33,5.03,5.43,7.22,No,Fog,3.4,Yes
9577,A320,7.64,4.63,5.8,8.82,Yes,Thunderstorm,5.98,Yes
9578,A320,1.17,2.16,9.51,5.4,Yes,Rain,5.83,No
9579,A350,8.44,8.27,2.74,9.8,Yes,Rain,9.31,Yes
9580,A380,5.38,4.55,7.22,0.94,Yes,Rain,2.28,No
9581,B737,5.82,5.79,3.05,9.11,No,Thunderstorm,5.78,Yes
9582,B787,4.89,4.06,8.21,4.14,No,Thunderstorm,0.07,Yes
9583,A350,8.08,9.93,6.81,6.5,No,Fog,1.89,No
9584,B787,8.03,3.78,3.5,9.97,No,Clear,3.98,Yes
9585,A320,4.72,8.83,3.09,5.9,Yes,Fog,4.4,Yes
9586,B737,8.9,7.38,3.54,4.38,Yes,Clear,9.45,Yes
9587,B737,6.59,8.82,5.59,4.65,No,Rain,1.15,No
9588,A320,9.55,9.86,0.77,0.85,Yes,Clear,1.1,Yes
9589,B787,4.38,4.24,5.62,9.27,No,Clear,2.95,Yes
9590,A350,2.21,4.06,4.54,9.57,Yes,Fog,7.22,Yes
9591,A380,9.29,8.23,1.42,3.13,No,Rain,1.04,No
9592,A350,6.16,2.23,4.9,7.09,Yes,Snow,6.31,No
9593,B737,0.3,4.44,6.42,6.85,Yes,Rain,9.04,Yes
9594,B737,0.71,7.39,0.16,1.11,No,Thunderstorm,7.05,Yes
9595,B787,9.9,2.74,1.69,8.32,Yes,Thunderstorm,5.62,Yes
9596,B787,9.66,4.87,0.38,8.14,Yes,Fog,4.79,Yes
9597,A380,7.47,5.31,7.88,2.48,No,Snow,1.23,Yes
9598,A320,1.21,9.24,7.74,0.08,No,Clear,2.87,No
9599,B737,3.34,7.68,6.95,5.04,Yes,Thunderstorm,2.02,No
9600,A380,5.45,2.86,9.8,8.9,No,Thunderstorm,9.61,No
9601,B737,4.78,4.29,6.93,4.48,No,Rain,1.2,Yes
9602,B737,2.71,8.41,5.93,0.56,Yes,Rain,1.78,Yes
9603,B787,9.82,7.27,7.65,3.01,No,Snow,3.45,No
9604,A320,6.13,7.52,3.95,6.0,Yes,Snow,7.91,Yes
9605,A380,0.44,5.09,3.08,8.85,No,Thunderstorm,5.25,No
9606,A380,2.35,0.79,6.08,6.2,Yes,Clear,2.12,No
9607,B787,5.27,9.75,7.76,6.62,Yes,Snow,0.56,No
9608,B737,7.73,8.11,0.18,2.96,Yes,Clear,1.64,Yes
9609,A320,7.57,8.61,0.73,4.55,No,Thunderstorm,6.72,No
9610,A350,6.52,4.2,9.6,5.46,Yes,Thunderstorm,5.36,No
9611,A320,7.56,5.05,9.93,0.99,Yes,Rain,1.68,No
9612,B787,9.31,3.23,6.42,0.29,No,Rain,0.27,Yes
9613,A350,4.33,3.85,9.13,4.57,Yes,Clear,8.44,No
9614,B737,3.48,9.77,0.15,9.9,No,Clear,1.51,No
9615,A320,7.95,3.51,1.55,2.63,No,Fog,7.78,No
9616,A380,4.47,2.14,2.29,7.0,No,Rain,3.81,No
9617,A320,3.03,2.89,4.79,4.92,No,Thunderstorm,8.16,Yes
9618,B737,2.05,7.86,2.37,8.1,Yes,Snow,0.78,No
9619,A320,3.46,0.63,8.74,7.23,No,Fog,3.43,No
9620,B787,6.65,6.33,6.61,3.16,Yes,Rain,8.49,Yes
9621,B787,5.77,1.6,2.96,5.07,Yes,Snow,6.28,Yes
9622,A350,0.97,0.3,6.94,5.72,Yes,Clear,9.07,Yes
9623,B737,6.83,7.86,7.84,1.5,Yes,Snow,0.08,No
9624,A380,4.42,9.02,6.15,9.67,No,Clear,0.51,No
9625,A350,7.61,1.88,4.25,4.95,No,Thunderstorm,8.19,Yes
9626,B787,8.85,1.49,1.2,3.49,Yes,Snow,0.03,No
9627,A350,6.03,9.39,0.3,7.49,Yes,Thunderstorm,8.56,Yes
9628,B787,3.96,3.22,7.39,8.67,Yes,Thunderstorm,8.73,No
9629,B787,4.54,1.96,7.29,6.99,No,Thunderstorm,5.69,No
9630,B737,2.96,0.7,1.76,7.15,No,Rain,0.98,Yes
9631,A380,7.97,3.76,6.29,6.81,No,Thunderstorm,2.61,Yes
9632,B787,6.82,5.89,9.57,9.08,Yes,Snow,9.0,No
9633,B787,5.0,6.17,0.72,9.5,Yes,Thunderstorm,4.68,Yes
9634,A350,8.78,2.36,4.35,6.01,No,Rain,1.28,Yes
9635,B737,0.97,5.04,6.0,1.27,No,Thunderstorm,9.87,No
9636,B787,7.23,4.89,9.17,0.8,Yes,Snow,1.24,Yes
9637,B787,0.88,3.7,3.11,3.01,No,Thunderstorm,5.4,Yes
9638,A320,0.04,2.52,7.14,2.41,Yes,Thunderstorm,3.4,No
9639,B737,7.74,8.37,4.18,1.76,Yes,Thunderstorm,6.28,No
9640,A380,1.27,2.27,3.09,4.55,No,Rain,6.06,Yes
9641,A380,1.46,1.31,0.47,3.95,Yes,Fog,7.66,No
9642,A320,3.03,3.86,9.17,9.51,Yes,Fog,0.87,Yes
9643,A380,2.18,6.74,4.96,8.69,No,Fog,3.01,No
9644,A380,4.27,6.34,1.01,3.74,Yes,Rain,7.43,No
9645,A320,3.76,9.11,3.61,2.52,Yes,Fog,6.81,Yes
9646,A380,0.74,1.75,4.25,6.06,No,Snow,7.54,No
9647,A320,1.73,4.65,0.95,6.95,Yes,Rain,2.42,Yes
9648,B787,2.71,8.52,0.93,3.26,Yes,Fog,2.53,No
9649,B737,1.43,3.27,6.25,1.02,No,Thunderstorm,2.94,Yes
9650,A320,1.48,2.52,2.84,5.37,Yes,Thunderstorm,1.96,Yes
9651,A350,5.22,9.62,6.05,8.34,No,Fog,9.16,No
9652,A350,2.31,4.82,6.48,4.1,No,Fog,3.61,Yes
9653,B787,7.1,9.33,4.8,7.47,Yes,Thunderstorm,5.87,No
9654,A350,4.54,4.79,9.64,2.72,Yes,Snow,7.49,Yes
9655,A320,2.52,7.69,3.55,8.57,Yes,Snow,0.4,No
9656,B787,7.07,2.17,5.93,1.25,No,Clear,1.47,Yes
9657,B737,4.86,2.0,8.98,3.89,No,Thunderstorm,1.76,No
9658,B737,2.96,0.7,2.97,9.97,No,Snow,9.6,No
9659,A350,5.43,5.19,4.2,3.29,Yes,Thunderstorm,0.62,No
9660,A380,4.56,6.55,7.82,6.67,Yes,Clear,6.29,No
9661,B737,0.18,9.66,4.35,6.03,No,Rain,4.4,Yes
9662,B787,1.25,7.21,4.24,5.21,Yes,Clear,2.13,No
9663,B787,5.23,2.26,2.73,5.07,No,Thunderstorm,0.21,No
9664,B787,7.29,0.01,9.26,4.19,Yes,Snow,7.03,Yes
9665,A380,0.02,0.9,5.24,2.12,No,Snow,0.37,Yes
9666,A380,3.97,7.97,6.27,9.63,Yes,Fog,1.96,No
9667,A350,2.04,1.17,0.31,7.26,No,Clear,4.5,Yes
9668,A380,4.79,6.44,4.39,3.97,No,Rain,6.72,No
9669,A350,5.77,0.66,4.25,5.72,No,Fog,6.2,Yes
9670,A350,8.17,2.24,0.25,7.4,Yes,Rain,1.9,No
9671,B787,0.1,5.51,0.8,7.52,Yes,Fog,8.33,No
9672,B737,1.02,3.1,9.2,1.16,No,Thunderstorm,2.03,No
9673,A380,3.74,0.43,5.24,8.26,Yes,Rain,0.96,Yes
9674,A320,9.17,8.08,3.22,9.41,No,Snow,1.83,No
9675,B737,4.59,8.57,1.27,6.8,No,Fog,3.06,No
9676,A380,4.7,3.65,3.14,3.06,Yes,Fog,1.7,No
9677,A350,5.39,7.64,2.31,2.21,Yes,Rain,1.88,No
9678,B737,1.32,6.65,4.88,8.81,Yes,Rain,4.29,No
9679,A320,6.82,3.96,5.71,2.21,No,Clear,8.69,Yes
9680,B737,8.9,6.31,9.78,7.28,Yes,Clear,8.95,No
9681,A320,7.73,2.09,5.13,3.08,No,Fog,4.82,No
9682,A380,3.66,5.78,2.98,1.6,No,Snow,8.18,Yes
9683,B737,2.17,7.72,7.47,9.77,Yes,Rain,0.75,Yes
9684,A380,2.96,9.88,0.19,5.15,Yes,Thunderstorm,4.77,No
9685,A320,1.61,8.53,0.15,2.72,No,Rain,7.11,Yes
9686,A380,8.67,3.08,4.18,6.76,No,Fog,9.53,No
9687,A320,7.49,1.7,8.19,6.02,No,Snow,2.02,Yes
9688,A380,0.63,1.39,8.16,6.44,No,Fog,9.86,No
9689,A320,6.44,7.02,9.73,0.82,No,Thunderstorm,9.4,Yes
9690,A380,3.35,9.21,7.21,6.41,No,Rain,1.51,No
9691,A320,5.49,1.42,6.43,3.53,No,Clear,2.78,No
9692,A320,0.79,4.44,8.04,7.96,Yes,Rain,2.24,No
9693,A350,1.76,8.18,9.2,4.79,Yes,Thunderstorm,3.18,No
9694,A320,8.48,7.79,7.77,8.31,Yes,Clear,4.56,Yes
9695,A320,9.88,5.29,1.25,8.4,Yes,Snow,9.48,No
9696,B787,0.25,3.51,7.63,2.07,No,Rain,6.9,Yes
9697,A320,3.69,5.02,0.72,8.65,Yes,Fog,0.59,No
9698,A350,8.02,6.76,6.43,0.75,Yes,Thunderstorm,0.09,No
9699,A320,7.16,0.83,8.1,1.66,Yes,Snow,8.87,No
9700,A350,2.6,2.05,1.29,7.65,No,Rain,6.89,No
9701,A380,0.57,4.02,2.81,0.36,Yes,Thunderstorm,3.28,Yes
9702,A380,4.12,9.15,0.35,9.54,Yes,Fog,9.8,Yes
9703,A380,1.71,6.18,7.14,0.38,Yes,Snow,7.7,Yes
9704,B737,8.25,1.68,7.68,1.74,No,Thunderstorm,1.75,Yes
9705,A380,3.92,5.32,0.1,0.62,Yes,Clear,6.82,Yes
9706,B787,7.91,0.91,2.71,2.49,Yes,Snow,9.38,Yes
9707,A380,7.77,3.97,4.61,3.69,No,Thunderstorm,5.96,No
9708,A380,9.22,8.11,8.22,5.71,No,Clear,2.33,Yes
9709,A380,4.54,2.05,4.72,8.45,Yes,Fog,9.64,No
9710,B737,9.02,1.7,2.97,6.14,No,Thunderstorm,8.59,No
9711,A380,4.9,7.93,4.09,0.17,Yes,Rain,4.22,No
9712,A380,0.79,8.0,1.86,4.2,No,Snow,8.69,No
9713,A320,4.59,0.98,5.17,6.0,No,Snow,7.06,No
9714,B787,9.41,0.12,7.79,6.51,No,Clear,0.26,No
9715,B787,4.41,3.73,0.46,8.66,No,Rain,1.85,Yes
9716,A350,0.88,4.96,1.22,4.5,Yes,Thunderstorm,2.29,Yes
9717,A380,8.85,5.61,9.81,4.8,No,Fog,1.27,Yes
9718,B737,8.84,1.52,9.56,1.39,No,Fog,0.48,Yes
9719,B737,8.86,1.6,3.13,1.69,Yes,Thunderstorm,2.92,Yes
9720,B737,9.52,8.11,4.02,1.18,Yes,Thunderstorm,7.82,No
9721,B737,0.86,3.06,0.31,3.23,Yes,Fog,5.16,Yes
9722,A320,9.92,2.04,8.45,3.35,No,Snow,3.16,No
9723,B737,4.28,2.25,5.23,0.51,No,Thunderstorm,6.41,Yes
9724,A380,0.69,2.22,3.4,5.56,No,Clear,4.68,No
9725,A380,3.98,4.23,0.29,6.44,No,Snow,5.72,No
9726,A380,8.2,7.81,6.48,2.75,No,Fog,4.91,Yes
9727,A350,4.99,9.66,2.43,7.32,No,Thunderstorm,5.06,Yes
9728,B787,1.65,3.57,2.13,8.36,Yes,Clear,5.48,No
9729,B787,0.41,3.22,9.95,0.22,Yes,Thunderstorm,8.62,No
9730,B737,8.47,5.33,1.98,1.82,Yes,Snow,6.08,No
9731,B787,0.56,8.41,6.71,2.15,Yes,Rain,6.77,Yes
9732,B787,2.31,6.06,0.93,0.75,Yes,Snow,1.13,No
9733,A380,9.15,1.9,0.97,2.59,No,Snow,8.98,Yes
9734,A350,9.67,4.88,1.06,1.93,Yes,Fog,0.17,No
9735,A380,2.24,2.41,5.51,3.32,Yes,Clear,1.22,No
9736,A320,6.69,4.49,2.32,1.53,Yes,Fog,3.69,No
9737,B787,3.39,5.8,5.71,9.97,Yes,Thunderstorm,5.58,No
9738,B787,0.8,0.73,8.84,3.65,No,Clear,1.62,Yes
9739,B737,1.84,7.1,4.34,5.44,Yes,Clear,2.55,Yes
9740,A320,4.54,3.82,6.26,7.4,Yes,Snow,1.01,No
9741,A350,6.71,2.64,1.76,9.24,Yes,Rain,7.46,Yes
9742,A320,7.14,7.0,4.95,6.94,Yes,Thunderstorm,3.5,Yes
9743,A350,1.63,1.04,7.84,1.4,Yes,Fog,7.84,No
9744,A380,7.27,1.68,0.72,6.83,No,Snow,6.98,No
9745,A380,2.5,1.81,8.24,3.59,No,Clear,2.76,No
9746,B787,7.75,2.94,5.36,5.46,No,Rain,2.45,No
9747,B737,8.15,0.05,5.51,2.38,Yes,Clear,4.14,Yes
9748,A380,7.93,0.75,4.07,8.26,Yes,Fog,3.87,No
9749,A320,0.14,8.46,9.78,8.48,Yes,Clear,9.25,Yes
9750,B787,2.19,3.67,1.24,8.29,Yes,Clear,4.45,No
9751,B737,6.4,1.36,9.37,4.85,Yes,Thunderstorm,8.16,No
9752,A380,0.61,1.22,1.26,3.11,Yes,Thunderstorm,5.08,No
9753,A320,1.17,0.56,5.65,3.67,Yes,Snow,1.97,Yes
9754,A380,9.9,8.04,1.52,9.35,Yes,Thunderstorm,7.76,Yes
9755,A320,1.28,5.31,8.26,0.94,No,Fog,3.99,Yes
9756,A380,1.24,1.47,0.27,8.46,No,Snow,6.57,Yes
9757,A320,7.98,5.99,7.96,1.26,Yes,Clear,1.17,Yes
9758,B737,4.08,1.78,6.22,9.95,Yes,Rain,4.61,No
9759,B737,2.41,1.37,3.19,4.91,Yes,Clear,8.99,No
9760,B737,1.96,3.1,6.03,3.02,No,Snow,8.29,No
9761,A320,2.5,7.54,4.86,4.8,Yes,Rain,3.13,No
9762,A320,2.74,0.01,4.95,3.07,Yes,Thunderstorm,9.17,Yes
9763,A350,5.25,5.38,0.01,2.54,No,Fog,5.98,Yes
9764,B737,8.95,4.83,8.42,0.02,Yes,Clear,0.07,No
9765,A380,3.08,3.72,9.63,0.83,No,Rain,2.45,No
9766,A380,5.85,2.66,8.16,2.3,Yes,Fog,3.55,No
9767,B737,3.56,1.27,4.23,4.38,Yes,Fog,3.88,Yes
9768,A320,3.82,2.58,9.71,2.27,Yes,Rain,4.43,Yes
9769,A380,7.34,6.16,9.17,7.07,Yes,Thunderstorm,0.11,Yes
9770,A380,4.74,5.03,5.96,0.33,Yes,Rain,2.9,Yes
9771,B787,7.36,0.65,5.91,7.31,Yes,Fog,3.41,Yes
9772,B787,8.56,4.42,9.68,8.07,Yes,Thunderstorm,8.97,No
9773,A380,5.56,0.81,5.12,2.99,Yes,Snow,1.54,Yes
9774,B737,5.32,7.4,0.68,8.13,Yes,Snow,5.6,No
9775,A320,0.22,4.45,5.34,1.91,No,Snow,5.58,No
9776,A380,3.04,3.3,6.53,0.89,No,Rain,4.49,No
9777,A320,3.42,5.98,2.37,8.71,Yes,Thunderstorm,6.35,Yes
9778,A380,7.92,8.92,5.06,0.75,Yes,Clear,8.04,No
9779,B737,2.6,4.75,3.86,8.91,No,Clear,7.53,No
9780,B787,6.12,3.65,0.92,6.48,No,Fog,9.64,Yes
9781,A320,4.3,1.01,3.64,7.11,Yes,Rain,8.23,No
9782,A380,0.01,6.15,8.63,9.07,Yes,Fog,0.17,Yes
9783,B737,0.13,1.57,2.04,7.94,No,Fog,4.06,No
9784,A320,6.37,0.51,3.18,5.41,No,Fog,8.76,No
9785,B787,3.28,4.99,3.46,8.99,No,Rain,4.6,No
9786,A350,4.17,0.25,1.65,1.45,No,Fog,6.19,Yes
9787,A350,2.43,0.44,7.49,9.06,No,Rain,9.71,No
9788,B737,6.75,7.04,4.9,2.06,Yes,Thunderstorm,6.2,No
9789,B737,6.74,6.39,3.35,4.29,No,Rain,3.15,No
9790,B737,6.1,5.45,1.09,8.04,Yes,Thunderstorm,1.99,No
9791,B737,5.25,5.02,0.17,0.67,No,Snow,5.67,No
9792,A380,0.16,9.26,1.17,7.62,Yes,Thunderstorm,0.47,No
9793,B737,8.17,4.96,1.27,1.61,No,Snow,1.42,Yes
9794,B787,8.46,4.93,6.04,4.24,No,Thunderstorm,6.98,Yes
9795,A380,2.81,2.75,6.35,1.85,Yes,Snow,5.49,Yes
9796,B737,8.23,7.9,2.88,1.9,Yes,Fog,2.32,No
9797,A380,7.31,2.85,0.13,9.15,No,Rain,7.86,No
9798,B787,1.22,9.31,5.62,3.56,Yes,Snow,9.56,Yes
9799,B737,7.76,9.49,4.29,6.73,Yes,Thunderstorm,9.42,No
9800,A320,3.09,6.37,1.88,7.09,Yes,Rain,9.65,No
9801,B787,7.54,6.88,9.2,7.28,Yes,Rain,0.25,Yes
9802,A320,4.17,8.25,8.38,7.73,No,Rain,8.72,No
9803,B737,8.7,8.2,1.29,9.95,No,Thunderstorm,0.18,No
9804,A320,3.95,5.77,9.98,6.04,Yes,Fog,3.86,No
9805,A320,1.98,3.19,5.66,8.15,No,Rain,3.18,No
9806,B737,4.78,5.62,1.85,8.32,No,Thunderstorm,7.95,No
9807,A350,9.51,2.84,7.32,6.62,Yes,Snow,0.76,No
9808,A350,2.79,3.68,3.86,7.22,Yes,Fog,2.02,Yes
9809,A320,3.77,4.13,7.03,6.02,Yes,Rain,6.46,No
9810,B787,0.47,3.39,5.5,5.17,No,Thunderstorm,4.17,Yes
9811,A350,2.75,2.88,8.74,6.77,No,Thunderstorm,7.7,No
9812,A320,1.51,0.34,3.24,1.16,No,Clear,5.37,Yes
9813,A380,8.63,3.01,8.46,5.5,Yes,Rain,6.53,Yes
9814,A380,6.87,1.66,4.97,7.87,Yes,Fog,1.5,Yes
9815,A380,2.18,8.1,8.65,8.17,Yes,Rain,5.69,No
9816,A380,1.27,8.49,2.5,1.38,Yes,Clear,1.47,No
9817,B737,9.0,9.31,4.75,9.75,No,Rain,7.63,Yes
9818,A320,9.58,5.41,3.68,1.94,Yes,Clear,2.52,No
9819,A350,8.16,8.84,0.06,7.44,Yes,Thunderstorm,6.48,Yes
9820,B787,9.6,9.08,6.08,1.09,No,Fog,7.38,Yes
9821,A320,0.57,1.06,8.99,5.5,Yes,Snow,6.78,Yes
9822,A380,5.15,1.12,6.33,1.72,No,Thunderstorm,5.96,Yes
9823,B737,0.69,6.6,0.98,9.49,No,Snow,0.69,No
9824,A350,3.32,2.27,0.49,7.59,No,Clear,2.5,No
9825,B787,7.36,8.14,2.4,3.49,No,Rain,2.81,No
9826,A380,5.0,7.0,3.96,9.43,Yes,Fog,2.85,No
9827,B787,6.91,3.74,7.46,1.15,Yes,Thunderstorm,1.31,Yes
9828,B787,2.24,3.03,0.66,3.47,Yes,Snow,5.47,No
9829,B787,3.46,6.66,1.68,5.55,No,Snow,7.04,Yes
9830,A380,8.08,9.51,6.76,5.6,No,Snow,0.72,No
9831,B787,9.69,3.89,8.44,3.43,No,Rain,0.88,No
9832,A320,4.63,1.97,2.2,0.23,Yes,Thunderstorm,4.24,No
9833,B787,3.44,2.37,8.28,9.75,Yes,Thunderstorm,9.3,Yes
9834,B737,8.65,7.66,9.92,4.12,No,Thunderstorm,5.93,Yes
9835,A320,1.82,7.72,6.42,1.34,No,Clear,6.77,No
9836,A380,1.66,7.32,4.29,7.67,Yes,Thunderstorm,9.14,Yes
9837,B787,8.48,9.0,5.79,6.51,Yes,Rain,1.99,Yes
9838,A380,6.93,5.5,6.15,8.99,No,Rain,4.78,No
9839,A380,1.72,7.86,1.59,2.73,Yes,Fog,1.51,No
9840,B737,2.07,1.52,3.88,3.72,Yes,Clear,2.3,Yes
9841,B787,0.59,8.21,2.02,0.47,No,Snow,1.56,Yes
9842,A320,3.35,0.71,6.18,9.39,Yes,Clear,1.72,No
9843,A320,3.12,1.1,5.02,7.37,Yes,Snow,6.43,Yes
9844,B787,2.13,3.87,2.83,2.09,No,Snow,5.8,No
9845,A380,2.43,6.9,2.7,0.88,Yes,Thunderstorm,7.78,No
9846,A350,6.81,1.82,6.97,2.76,No,Rain,7.29,Yes
9847,B787,0.63,9.67,1.16,8.4,No,Clear,1.1,No
9848,A380,6.98,8.35,3.34,0.94,Yes,Rain,4.65,Yes
9849,B787,9.26,3.53,8.58,6.95,Yes,Fog,6.62,No
9850,B737,3.02,6.72,7.66,7.98,No,Clear,7.38,Yes
9851,A380,2.3,3.78,4.99,5.2,Yes,Clear,0.57,Yes
9852,A350,3.81,6.23,2.29,3.7,Yes,Snow,4.79,Yes
9853,B737,0.73,8.99,5.0,8.48,No,Snow,3.31,No
9854,B737,9.24,5.19,3.32,8.14,No,Fog,2.46,Yes
9855,B787,5.59,6.38,3.15,5.96,Yes,Clear,2.48,No
9856,B787,6.99,1.86,9.08,7.58,Yes,Thunderstorm,9.88,Yes
9857,A320,6.92,7.78,8.25,0.83,Yes,Fog,3.81,Yes
9858,A320,0.02,1.37,4.27,8.33,Yes,Fog,5.62,Yes
9859,B787,0.23,7.73,5.8,5.81,No,Fog,6.44,No
9860,A320,9.69,6.32,8.92,6.65,Yes,Thunderstorm,8.88,No
9861,B787,6.5,7.77,4.49,1.14,No,Fog,7.69,Yes
9862,A350,1.23,7.69,6.22,7.76,Yes,Rain,9.53,Yes
9863,A320,6.66,1.69,7.01,1.01,No,Clear,7.59,Yes
9864,A380,2.32,8.76,9.8,9.11,Yes,Fog,4.11,Yes
9865,A350,3.68,7.18,1.35,3.88,No,Clear,4.46,No
9866,B737,5.37,7.18,3.32,6.24,Yes,Fog,3.79,Yes
9867,B787,0.14,4.0,0.31,5.82,No,Rain,9.74,No
9868,B737,4.16,2.17,6.95,5.09,Yes,Snow,8.93,Yes
9869,A320,9.42,5.12,2.25,8.4,Yes,Clear,0.58,No
9870,A380,8.04,4.38,3.67,6.34,No,Rain,1.93,Yes
9871,A350,2.1,0.48,6.16,4.72,Yes,Snow,0.94,No
9872,A320,3.3,6.91,9.82,0.56,No,Thunderstorm,4.13,No
9873,B737,0.09,4.39,8.85,6.87,Yes,Fog,6.77,No
9874,A320,6.36,4.87,2.6,4.33,No,Thunderstorm,9.53,No
9875,B787,8.93,7.51,1.91,8.19,No,Clear,0.98,No
9876,A320,5.8,5.67,3.28,2.36,No,Rain,1.73,Yes
9877,B737,7.31,4.39,9.32,5.18,Yes,Fog,6.36,Yes
9878,A320,6.66,1.48,5.48,4.27,Yes,Snow,9.64,No
9879,A320,8.91,3.41,1.34,7.21,No,Thunderstorm,3.58,Yes
9880,B787,3.5,7.06,7.59,2.41,Yes,Snow,7.02,No
9881,A350,5.72,8.07,4.32,9.97,No,Snow,4.18,Yes
9882,A350,7.42,1.17,4.8,5.59,Yes,Rain,2.28,Yes
9883,B787,7.75,2.27,10.0,0.37,Yes,Clear,3.91,Yes
9884,B737,3.38,4.43,8.24,4.45,Yes,Rain,6.36,Yes
9885,B737,4.42,1.32,0.01,0.12,No,Thunderstorm,1.11,No
9886,B787,6.05,5.99,9.58,7.23,No,Snow,5.4,No
9887,A380,1.07,9.85,4.26,3.78,Yes,Rain,2.57,Yes
9888,A350,1.75,7.43,2.2,9.46,Yes,Thunderstorm,7.92,No
9889,B737,2.4,8.41,8.62,7.17,No,Snow,4.81,No
9890,B787,8.42,0.54,8.42,9.37,No,Fog,1.67,Yes
9891,A380,5.96,8.44,3.13,6.54,Yes,Snow,0.05,No
9892,A380,4.68,5.26,9.15,2.3,No,Snow,0.33,No
9893,A320,7.65,7.15,5.92,4.78,Yes,Snow,0.92,No
9894,B737,8.32,7.86,5.54,1.29,No,Thunderstorm,2.65,Yes
9895,A320,7.65,8.49,6.88,6.8,No,Rain,5.51,No
9896,A320,9.53,7.05,5.41,6.87,No,Thunderstorm,9.44,Yes
9897,A320,2.95,0.66,6.35,7.66,Yes,Clear,8.88,No
9898,B787,0.74,7.98,2.11,6.87,Yes,Rain,5.97,Yes
9899,B737,8.32,5.47,2.05,2.53,Yes,Fog,8.79,No
9900,A380,2.88,7.55,7.44,7.98,Yes,Clear,4.97,No
9901,A320,9.55,1.92,3.51,0.92,Yes,Clear,4.93,No
9902,A380,1.36,9.9,6.15,9.36,No,Thunderstorm,8.22,Yes
9903,A320,2.18,6.74,9.44,3.35,No,Fog,0.62,No
9904,A380,4.46,8.29,8.5,0.11,No,Thunderstorm,1.95,Yes
9905,B737,3.69,3.53,8.85,0.21,Yes,Thunderstorm,2.69,No
9906,A350,4.71,4.0,9.41,2.21,No,Clear,0.2,No
9907,A320,9.36,9.39,6.46,9.31,Yes,Rain,8.1,No
9908,B737,0.2,1.98,5.21,2.2,No,Snow,6.82,No
9909,A320,2.9,1.94,3.93,2.89,No,Fog,1.57,No
9910,A320,6.04,2.64,2.81,2.83,Yes,Rain,3.37,Yes
9911,B787,6.79,0.32,8.06,1.23,No,Snow,7.15,No
9912,B787,3.81,7.61,8.24,8.19,No,Clear,0.4,No
9913,A320,9.64,0.23,0.62,1.87,Yes,Fog,1.11,Yes
9914,A320,8.07,5.07,5.0,2.32,No,Clear,2.11,No
9915,A350,2.6,9.24,6.2,2.86,No,Clear,1.34,Yes
9916,A320,8.5,5.14,3.35,8.12,No,Thunderstorm,7.23,No
9917,A320,8.62,4.57,8.69,7.13,Yes,Clear,9.57,No
9918,A350,1.26,9.13,7.56,1.29,No,Thunderstorm,7.26,Yes
9919,A380,4.75,1.36,7.16,2.03,No,Thunderstorm,8.31,No
9920,A320,5.06,6.34,8.96,4.07,No,Clear,6.89,No
9921,B737,0.29,4.09,1.78,9.18,Yes,Thunderstorm,9.91,Yes
9922,B787,6.33,4.22,2.4,0.87,No,Rain,6.6,No
9923,B737,0.93,8.36,1.37,6.61,Yes,Rain,8.9,No
9924,B787,0.52,1.87,0.58,8.71,Yes,Thunderstorm,9.66,Yes
9925,B787,8.8,0.11,9.77,4.05,Yes,Fog,4.75,No
9926,B737,1.11,2.88,7.52,9.81,Yes,Clear,7.41,Yes
9927,B737,4.61,3.84,3.14,2.82,No,Clear,7.74,Yes
9928,A320,6.75,8.69,3.01,5.88,Yes,Snow,0.57,Yes
9929,A320,3.93,1.67,2.88,1.65,No,Snow,1.74,No
9930,B787,3.83,6.3,4.94,7.71,No,Thunderstorm,0.57,No
9931,A320,0.6,5.94,2.94,6.6,No,Snow,1.47,No
9932,A350,0.03,1.6,3.27,4.96,No,Rain,1.51,Yes
9933,A320,9.6,8.31,8.13,8.5,No,Snow,9.68,Yes
9934,A350,6.4,6.13,3.68,0.08,Yes,Clear,9.9,Yes
9935,B787,9.44,7.2,3.79,1.78,Yes,Fog,8.72,No
9936,B787,7.48,9.14,3.53,2.5,No,Thunderstorm,7.53,Yes
9937,A320,9.62,3.08,8.74,8.04,No,Fog,2.83,No
9938,B737,2.68,2.23,7.13,2.27,No,Snow,3.08,No
9939,B737,8.57,4.09,5.88,7.47,No,Rain,4.86,Yes
9940,A350,9.6,3.28,6.03,0.56,No,Fog,9.76,Yes
9941,A320,4.38,6.0,2.56,9.9,Yes,Thunderstorm,4.21,No
9942,A350,2.22,0.85,0.17,5.89,No,Thunderstorm,3.02,Yes
9943,A320,4.22,3.99,3.86,6.35,Yes,Clear,4.54,No
9944,A380,0.45,0.02,5.52,0.94,Yes,Clear,2.14,Yes
9945,B737,2.12,5.78,7.94,8.51,No,Fog,5.11,No
9946,A380,9.85,0.96,8.33,5.13,Yes,Thunderstorm,0.41,No
9947,A350,3.24,6.78,9.78,8.24,No,Snow,7.52,No
9948,A320,6.75,2.93,4.23,6.47,Yes,Thunderstorm,1.55,No
9949,B737,4.01,1.28,2.64,8.93,Yes,Fog,2.06,Yes
9950,A320,4.15,8.05,2.31,5.3,No,Snow,6.04,Yes
9951,A350,6.7,2.59,6.55,7.65,Yes,Fog,9.05,Yes
9952,B787,0.04,6.62,9.93,0.56,Yes,Thunderstorm,7.26,Yes
9953,B737,5.92,1.3,5.16,5.33,No,Fog,3.17,No
9954,A320,7.75,1.21,8.61,7.77,Yes,Fog,8.86,Yes
9955,A350,0.02,1.36,3.94,1.97,Yes,Clear,8.62,Yes
9956,A320,3.13,8.58,9.86,9.03,No,Fog,4.85,Yes
9957,A320,3.37,1.9,9.0,9.07,No,Fog,7.31,Yes
9958,B737,4.89,9.31,3.28,7.36,No,Snow,2.35,No
9959,A380,7.19,3.05,4.36,5.86,Yes,Fog,5.16,No
9960,A380,8.97,8.98,8.07,5.52,Yes,Snow,9.74,Yes
9961,A320,2.53,5.6,1.15,0.6,No,Snow,6.57,Yes
9962,A320,2.15,5.05,7.27,1.56,No,Rain,9.44,No
9963,B737,4.22,3.78,6.0,0.0,No,Rain,3.76,Yes
9964,A320,5.74,5.15,9.66,0.2,Yes,Fog,8.86,No
9965,B787,7.41,0.56,3.23,5.2,No,Snow,9.65,No
9966,B787,6.55,0.1,7.62,0.13,Yes,Snow,0.79,No
9967,B737,7.07,3.45,1.36,1.95,No,Fog,0.64,No
9968,B737,3.44,7.37,9.6,9.33,No,Snow,3.04,Yes
9969,B787,5.29,6.77,2.95,3.37,No,Fog,7.48,Yes
9970,B737,3.48,4.96,6.04,7.46,No,Snow,2.62,Yes
9971,B737,3.8,2.25,5.43,7.66,No,Thunderstorm,8.22,No
9972,A320,5.99,4.74,8.59,5.31,Yes,Rain,4.11,No
9973,A380,6.95,5.83,9.79,1.28,Yes,Rain,1.37,Yes
9974,A350,5.22,0.81,6.79,3.24,No,Fog,7.89,No
9975,A350,8.55,0.93,5.75,6.65,Yes,Rain,0.33,Yes
9976,A350,6.42,5.47,6.9,5.17,Yes,Clear,1.49,No
9977,A320,9.77,5.73,6.7,6.75,Yes,Clear,4.09,Yes
9978,B737,6.4,8.93,6.68,5.82,No,Fog,0.56,No
9979,A380,7.75,1.69,9.82,0.97,Yes,Clear,6.08,Yes
9980,A380,9.09,4.06,5.64,8.91,Yes,Clear,4.11,No
9981,A320,8.92,3.16,9.4,7.89,No,Snow,4.48,No
9982,B787,7.65,3.21,4.29,5.61,Yes,Fog,8.13,No
9983,A350,4.93,2.02,6.8,0.3,No,Snow,1.02,Yes
9984,B737,4.94,7.98,5.75,5.36,No,Rain,5.22,No
9985,B737,5.06,3.17,5.39,2.53,No,Thunderstorm,1.31,Yes
9986,B737,0.71,1.42,4.52,9.19,No,Snow,3.68,Yes
9987,A320,7.1,7.89,1.17,4.69,No,Rain,8.21,Yes
9988,A350,0.45,1.15,6.24,3.85,No,Fog,9.05,No
9989,A380,6.29,6.45,1.92,2.01,No,Clear,4.33,No
9990,A320,8.04,8.69,4.25,2.52,No,Clear,1.23,No
9991,A320,2.04,0.47,5.43,9.49,No,Thunderstorm,3.57,No
9992,A320,7.72,8.11,6.02,1.28,No,Clear,5.56,No
9993,A320,2.47,6.85,1.07,3.14,No,Rain,3.34,No
9994,A320,8.98,8.51,0.0,6.66,Yes,Clear,7.95,Yes
9995,A320,8.79,8.52,2.41,1.29,No,Clear,7.81,Yes
9996,A350,4.29,8.28,7.91,4.53,Yes,Rain,0.5,No
9997,A350,2.11,8.91,9.96,7.06,Yes,Clear,8.35,No
9998,B737,2.71,6.85,1.28,1.85,No,Snow,3.11,No
9999,B737,4.71,2.1,0.29,5.0,Yes,Clear,1.13,Yes
10000,B737,1.57,3.74,9.16,4.87,No,Rain,2.0,No
