FlightID,AircraftType,RouteAdherence,LandingQuality,PerformanceRating,ErrorsDetected,WeatherConditions,AirTrafficControlIssues,PilotExperience,FlightDuration,TailStrike,AccidentRisk
0,Type C,84,Average,85,4,Stormy,2,3219,2.9597204369552728,No,Highly Likely to Crash
1,Type A,86,Poor,64,1,Cloudy,3,16412,9.687752438807946,No,Highly Likely to Crash
2,Type C,68,Poor,81,3,Stormy,2,15967,8.077742410520399,Yes,Highly Likely to Crash
3,Type C,93,Good,78,5,Stormy,3,13424,5.173049353329663,Yes,Highly Likely to Crash
4,Type A,78,Good,59,1,Cloudy,0,9715,2.5616822319742347,No,Inconclusive
5,Type A,56,Good,70,5,Cloudy,2,17035,11.301957954412831,Yes,Highly Likely to Crash
6,Type C,77,Average,65,2,Clear,3,15741,6.3452718672780835,Yes,Inconclusive
7,Type B,58,Poor,96,5,Cloudy,0,1644,2.2114308818244695,Yes,Highly Likely to Crash
8,Type C,77,Average,68,4,Clear,1,5034,11.81905073581826,No,Highly Likely to Crash
9,Type C,55,Poor,78,0,Cloudy,0,15135,4.26052556877349,No,Highly Likely to Crash
10,Type C,78,Good,100,0,Stormy,0,1220,11.310328751877286,Yes,Inconclusive
11,Type C,66,Good,67,0,Clear,2,1506,8.908581603170314,Yes,Highly Likely to Crash
12,Type A,65,Good,93,5,Cloudy,1,11990,3.723406162106717,Yes,Highly Likely to Crash
13,Type C,72,Good,65,4,Clear,1,7599,2.069680180447088,No,Highly Likely to Crash
14,Type B,80,Poor,50,5,Clear,2,12811,9.30548621563676,Yes,Highly Likely to Crash
15,Type A,52,Good,97,3,Clear,0,1037,1.3529656513520032,Yes,Highly Likely to Crash
16,Type B,70,Poor,51,4,Stormy,3,16429,1.9165027880975796,No,Highly Likely to Crash
17,Type B,75,Poor,64,4,Cloudy,2,11516,10.831067147533808,Yes,Highly Likely to Crash
18,Type B,85,Average,88,5,Cloudy,0,3185,8.544233779618244,No,Highly Likely to Crash
19,Type B,91,Good,77,5,Clear,3,2480,5.568133719161278,No,Highly Likely to Crash
20,Type A,86,Good,50,0,Cloudy,2,6406,8.549191197357931,Yes,Inconclusive
21,Type A,71,Average,54,4,Stormy,2,1039,9.283090585348873,No,Highly Likely to Crash
22,Type B,91,Poor,91,0,Clear,1,12576,8.91400212742253,No,Highly Likely to Crash
23,Type B,61,Good,71,3,Stormy,1,7761,9.995756161216867,No,Highly Likely to Crash
24,Type A,91,Poor,85,2,Stormy,1,9720,14.164033402665142,No,Highly Likely to Crash
25,Type A,62,Average,95,0,Cloudy,3,551,6.442885281176356,Yes,Highly Likely to Crash
26,Type A,60,Poor,62,5,Cloudy,2,2186,5.216119788406066,No,Highly Likely to Crash
27,Type C,65,Good,50,1,Clear,1,19705,1.538088754422376,Yes,Highly Likely to Crash
28,Type C,57,Poor,65,2,Stormy,1,8596,3.059022795994736,No,Highly Likely to Crash
29,Type C,89,Poor,90,3,Cloudy,2,10532,2.4874974223359976,No,Highly Likely to Crash
30,Type B,89,Good,71,5,Clear,3,9116,5.6962186162144715,Yes,Highly Likely to Crash
31,Type C,94,Good,81,2,Clear,1,10819,9.539870203410777,No,Inconclusive
32,Type B,51,Poor,65,5,Cloudy,0,9045,1.6486744758841678,Yes,Highly Likely to Crash
33,Type B,79,Poor,100,0,Stormy,3,4190,11.187310062365588,No,Highly Likely to Crash
34,Type C,79,Average,64,5,Clear,1,18573,6.564061299688349,No,Highly Likely to Crash
35,Type B,61,Good,95,3,Cloudy,0,8984,14.489063221038364,Yes,Highly Likely to Crash
36,Type C,59,Poor,91,1,Clear,1,1216,8.95738965268714,No,Highly Likely to Crash
37,Type C,93,Good,61,0,Cloudy,3,5075,11.799072373438843,No,Less Likely to Crash
38,Type A,60,Average,50,0,Clear,2,11170,13.056537252158462,Yes,Highly Likely to Crash
39,Type C,64,Poor,66,3,Stormy,2,16137,13.443848218557383,No,Highly Likely to Crash
40,Type A,65,Poor,90,3,Clear,3,16846,8.2584644955173,No,Highly Likely to Crash
41,Type C,66,Poor,100,2,Cloudy,1,1137,6.554395818035135,No,Highly Likely to Crash
42,Type C,75,Good,99,1,Cloudy,3,8479,8.847209855638152,No,Inconclusive
43,Type A,51,Average,77,5,Cloudy,0,9991,6.628985622643991,No,Highly Likely to Crash
44,Type A,99,Good,56,2,Stormy,1,13131,4.370009569965381,Yes,Inconclusive
45,Type C,61,Poor,58,5,Cloudy,3,9403,5.534877580333344,Yes,Highly Likely to Crash
46,Type B,100,Average,71,5,Cloudy,2,12225,4.258777987340385,No,Highly Likely to Crash
47,Type A,75,Poor,75,5,Stormy,3,12570,4.772126828328064,No,Highly Likely to Crash
48,Type B,72,Poor,61,2,Cloudy,1,3841,2.3105083213000848,No,Highly Likely to Crash
49,Type B,67,Good,56,0,Cloudy,3,16568,6.970478090134666,Yes,Highly Likely to Crash
50,Type B,81,Poor,95,3,Stormy,2,6050,4.293974692445133,No,Highly Likely to Crash
51,Type A,98,Average,96,0,Clear,0,18667,7.2771317335226655,No,Inconclusive
52,Type B,87,Poor,64,1,Cloudy,3,15188,12.090775278468104,No,Highly Likely to Crash
53,Type A,96,Poor,87,2,Clear,3,18372,7.27637294540448,No,Highly Likely to Crash
54,Type B,52,Good,70,1,Stormy,0,17351,14.364566189936015,Yes,Highly Likely to Crash
55,Type C,87,Average,63,3,Cloudy,3,6083,3.069716523392292,No,Inconclusive
56,Type C,52,Good,51,3,Cloudy,2,12613,12.903709871730245,No,Highly Likely to Crash
57,Type A,79,Poor,57,4,Stormy,0,18301,4.475613597021825,No,Highly Likely to Crash
58,Type C,50,Good,94,1,Cloudy,2,18660,14.075068311969638,No,Highly Likely to Crash
59,Type C,79,Good,55,0,Clear,2,1581,4.180070970281164,No,Inconclusive
60,Type B,94,Good,86,1,Clear,2,13937,11.457465003507277,No,Inconclusive
61,Type A,81,Good,86,2,Stormy,1,19809,1.8696506120395822,No,Inconclusive
62,Type B,77,Poor,82,3,Cloudy,0,4584,9.817388120242487,Yes,Highly Likely to Crash
63,Type B,70,Poor,90,3,Cloudy,1,12753,4.061439050823171,No,Highly Likely to Crash
64,Type B,95,Average,55,1,Stormy,1,8128,10.382415583075304,Yes,Inconclusive
65,Type B,62,Good,75,1,Clear,3,6695,9.901610726747858,Yes,Highly Likely to Crash
66,Type B,76,Good,88,5,Clear,0,1511,13.931742315242271,No,Highly Likely to Crash
67,Type B,85,Average,90,1,Stormy,3,1313,9.773470028686274,No,Inconclusive
68,Type B,56,Good,86,5,Cloudy,1,12638,6.715483363098709,No,Highly Likely to Crash
69,Type A,71,Average,63,2,Clear,3,772,3.7099492678888435,Yes,Inconclusive
70,Type C,59,Poor,86,2,Cloudy,2,16182,10.204314119617955,Yes,Highly Likely to Crash
71,Type B,88,Average,57,0,Clear,1,16692,2.629132454919655,Yes,Inconclusive
72,Type B,64,Good,88,1,Cloudy,2,18600,12.599235576904748,No,Highly Likely to Crash
73,Type B,64,Average,62,0,Clear,0,6776,4.462683657144092,No,Highly Likely to Crash
74,Type B,53,Poor,62,4,Cloudy,3,7328,8.338224575482217,Yes,Highly Likely to Crash
75,Type B,81,Good,89,2,Stormy,1,856,9.343262260611537,Yes,Inconclusive
76,Type B,72,Poor,92,3,Clear,0,14154,6.074859865564816,No,Highly Likely to Crash
77,Type C,55,Poor,77,5,Stormy,2,703,10.29423288601145,Yes,Highly Likely to Crash
78,Type C,73,Average,67,4,Clear,3,18480,4.50303742448982,Yes,Highly Likely to Crash
79,Type B,69,Poor,68,3,Clear,3,7114,1.4847440328723363,Yes,Highly Likely to Crash
80,Type C,86,Good,87,4,Clear,1,15299,14.429748305889108,Yes,Highly Likely to Crash
81,Type A,69,Poor,81,0,Cloudy,3,996,5.4806416388041,Yes,Highly Likely to Crash
82,Type B,61,Poor,71,0,Clear,3,13489,10.988471285246533,Yes,Highly Likely to Crash
83,Type A,82,Average,51,5,Stormy,2,16946,8.105470496885331,Yes,Highly Likely to Crash
84,Type A,77,Poor,62,2,Cloudy,2,2079,10.365981479582059,No,Highly Likely to Crash
85,Type B,57,Average,72,5,Cloudy,2,5376,2.5531113152194886,Yes,Highly Likely to Crash
86,Type C,50,Average,74,3,Clear,0,8350,8.263870251625388,No,Highly Likely to Crash
87,Type A,86,Good,77,4,Cloudy,0,4625,6.491073749171085,No,Highly Likely to Crash
88,Type B,71,Good,60,5,Clear,3,19597,7.325893935671906,Yes,Highly Likely to Crash
89,Type A,55,Good,82,1,Stormy,0,5828,14.526916661219309,No,Highly Likely to Crash
90,Type A,70,Good,73,1,Cloudy,1,16700,2.9080446677164917,Yes,Inconclusive
91,Type A,81,Average,51,2,Cloudy,2,9772,11.565802469759577,No,Inconclusive
92,Type A,84,Poor,79,5,Stormy,0,12196,5.62479911842594,No,Highly Likely to Crash
93,Type C,64,Good,66,3,Stormy,3,3879,5.065011826732672,Yes,Highly Likely to Crash
94,Type A,54,Good,89,1,Clear,2,18482,4.7908835425897145,No,Highly Likely to Crash
95,Type A,95,Good,83,2,Cloudy,0,16619,5.8829417451204735,Yes,Inconclusive
96,Type A,99,Poor,87,5,Stormy,2,16512,5.999638834310485,No,Highly Likely to Crash
97,Type C,97,Good,71,2,Cloudy,0,3872,4.790458072547599,Yes,Inconclusive
98,Type A,55,Poor,54,3,Stormy,3,17953,10.344904068828663,Yes,Highly Likely to Crash
99,Type A,74,Average,97,1,Cloudy,0,14912,1.6681077718034913,No,Inconclusive
100,Type C,95,Average,89,1,Stormy,0,19660,5.652113281282379,Yes,Inconclusive
101,Type C,89,Average,100,1,Cloudy,0,1692,4.92287849570497,Yes,Inconclusive
102,Type C,78,Poor,65,0,Clear,2,17697,11.51985228769818,No,Highly Likely to Crash
103,Type A,56,Good,62,1,Cloudy,0,1652,3.0509796162737417,Yes,Highly Likely to Crash
104,Type C,89,Good,75,4,Clear,0,2383,14.169619989361259,No,Highly Likely to Crash
105,Type C,62,Good,80,0,Clear,0,17151,3.3872605686321693,No,Highly Likely to Crash
106,Type A,87,Good,88,5,Clear,2,3312,6.180383096889717,No,Highly Likely to Crash
107,Type C,67,Good,97,0,Cloudy,3,13372,3.7958027081477166,Yes,Highly Likely to Crash
108,Type A,51,Poor,72,0,Cloudy,3,7062,5.013771208609268,No,Highly Likely to Crash
109,Type B,57,Average,97,0,Clear,3,7513,11.654345809353748,Yes,Highly Likely to Crash
110,Type C,60,Good,61,2,Stormy,0,5677,7.66966606233704,No,Highly Likely to Crash
111,Type B,82,Average,63,4,Cloudy,2,17267,3.2760600423435,No,Highly Likely to Crash
112,Type A,87,Poor,67,3,Cloudy,3,19734,1.652888301024032,No,Highly Likely to Crash
113,Type C,97,Poor,76,1,Cloudy,3,17933,4.21882708238385,Yes,Highly Likely to Crash
114,Type A,76,Good,77,0,Cloudy,3,18717,14.238438899364294,No,Inconclusive
115,Type B,69,Poor,67,3,Clear,1,9489,12.834434474632467,Yes,Highly Likely to Crash
116,Type A,61,Average,65,2,Stormy,2,4967,7.162432022936121,Yes,Highly Likely to Crash
117,Type C,92,Good,65,3,Stormy,1,19859,7.747933107243762,Yes,Inconclusive
118,Type C,80,Good,62,0,Stormy,0,5655,13.591125951305928,Yes,Inconclusive
119,Type B,76,Average,78,5,Stormy,3,14636,9.278835353260295,Yes,Highly Likely to Crash
120,Type A,81,Good,58,4,Clear,0,18174,13.330738912082687,No,Highly Likely to Crash
121,Type C,59,Good,75,3,Cloudy,2,8461,7.885747460932768,Yes,Highly Likely to Crash
122,Type B,52,Average,77,0,Cloudy,0,7686,3.8013666676635633,No,Highly Likely to Crash
123,Type C,94,Good,90,0,Clear,0,8006,11.16297771919129,No,Less Likely to Crash
124,Type C,76,Good,62,1,Cloudy,3,19071,8.369506474106176,Yes,Inconclusive
125,Type A,84,Average,85,5,Clear,2,8758,10.358154119558561,No,Highly Likely to Crash
126,Type C,80,Poor,58,1,Stormy,0,13802,3.2012328337929246,No,Highly Likely to Crash
127,Type A,64,Average,96,5,Clear,1,16683,10.06642522686524,Yes,Highly Likely to Crash
128,Type C,65,Good,63,4,Cloudy,3,8291,6.351600063671687,Yes,Highly Likely to Crash
129,Type B,62,Average,100,1,Cloudy,1,7270,5.647968539356743,No,Highly Likely to Crash
130,Type C,98,Good,61,4,Cloudy,3,10393,10.40065757501643,Yes,Highly Likely to Crash
131,Type A,84,Good,81,2,Stormy,0,18489,9.291347585653392,Yes,Inconclusive
132,Type A,60,Average,87,2,Clear,3,8487,10.087504005113862,No,Highly Likely to Crash
133,Type B,70,Good,52,5,Clear,0,7665,14.514662899240877,Yes,Highly Likely to Crash
134,Type C,100,Poor,65,5,Cloudy,1,14014,10.81675057397185,Yes,Highly Likely to Crash
135,Type C,60,Good,69,1,Clear,0,5005,9.972585471820468,Yes,Highly Likely to Crash
136,Type B,79,Average,81,2,Cloudy,3,6307,9.58974258577966,Yes,Inconclusive
137,Type C,97,Poor,72,3,Clear,3,6756,6.581999490952349,Yes,Highly Likely to Crash
138,Type C,84,Poor,66,3,Stormy,3,15656,12.748683675990543,Yes,Highly Likely to Crash
139,Type A,71,Good,65,3,Stormy,1,12408,6.333140435079949,No,Inconclusive
140,Type C,87,Average,87,2,Clear,2,4784,10.803410880557866,Yes,Inconclusive
141,Type C,80,Good,57,3,Stormy,1,14938,5.10401102600534,No,Inconclusive
142,Type B,63,Good,68,4,Stormy,0,2654,3.0685901847280195,No,Highly Likely to Crash
143,Type B,73,Average,79,0,Stormy,0,8242,2.816686302171946,No,Inconclusive
144,Type A,99,Average,83,5,Cloudy,1,14727,9.883823993671179,No,Highly Likely to Crash
145,Type C,98,Good,63,1,Clear,1,14765,5.591369026714263,Yes,Inconclusive
146,Type C,81,Poor,71,4,Clear,0,19688,4.850690040293509,No,Highly Likely to Crash
147,Type C,85,Good,93,3,Cloudy,0,19104,9.288830610990544,Yes,Inconclusive
148,Type A,81,Poor,66,0,Cloudy,0,9690,1.3593765625170267,No,Highly Likely to Crash
149,Type A,64,Good,64,1,Stormy,2,17605,4.447159127785443,No,Highly Likely to Crash
150,Type B,92,Average,99,4,Clear,2,4525,5.767661994439226,Yes,Highly Likely to Crash
151,Type A,84,Poor,97,1,Cloudy,1,16407,10.917230268500774,Yes,Highly Likely to Crash
152,Type C,52,Average,81,5,Stormy,1,14969,8.630017460292507,No,Highly Likely to Crash
153,Type C,65,Average,62,2,Clear,2,5656,12.983840639770293,Yes,Highly Likely to Crash
154,Type A,54,Average,70,3,Stormy,3,14928,5.683089081979096,No,Highly Likely to Crash
155,Type C,70,Average,98,4,Clear,2,14910,5.150173891855819,Yes,Highly Likely to Crash
156,Type C,59,Average,89,4,Stormy,1,11495,1.4647637199101473,Yes,Highly Likely to Crash
157,Type A,68,Good,82,0,Clear,2,5312,14.324042208936945,No,Highly Likely to Crash
158,Type A,74,Poor,76,0,Clear,3,9150,8.020890049530957,Yes,Highly Likely to Crash
159,Type C,53,Good,84,0,Clear,1,16558,8.03533480571341,No,Highly Likely to Crash
160,Type C,78,Good,65,1,Clear,0,2956,13.928106034838375,Yes,Inconclusive
161,Type C,68,Good,77,3,Stormy,1,17090,5.058855303000117,No,Highly Likely to Crash
162,Type B,92,Average,83,1,Cloudy,2,18240,5.649485820640442,No,Inconclusive
163,Type B,51,Good,96,3,Clear,2,13460,10.188867721532002,No,Highly Likely to Crash
164,Type B,59,Poor,50,4,Clear,3,12288,11.99246336859152,Yes,Highly Likely to Crash
165,Type A,92,Good,90,1,Clear,2,7656,10.790350156054876,No,Inconclusive
166,Type B,74,Average,97,1,Clear,3,14765,12.042055955311895,No,Inconclusive
167,Type A,69,Poor,80,1,Stormy,1,8651,9.05151255006836,Yes,Highly Likely to Crash
168,Type A,97,Poor,85,2,Cloudy,2,11487,13.07952875796245,No,Highly Likely to Crash
169,Type B,68,Poor,93,5,Cloudy,1,13060,8.701494220968295,No,Highly Likely to Crash
170,Type B,72,Poor,82,3,Cloudy,0,3173,4.2107687815169275,No,Highly Likely to Crash
171,Type B,73,Good,82,3,Stormy,0,15499,8.583815490980655,Yes,Inconclusive
172,Type C,60,Average,88,1,Cloudy,3,17933,10.981225592197365,Yes,Highly Likely to Crash
173,Type B,95,Poor,67,2,Stormy,2,7323,10.15005475180876,No,Highly Likely to Crash
174,Type C,83,Poor,72,1,Stormy,1,19475,4.4022346815903015,Yes,Highly Likely to Crash
175,Type A,77,Average,72,3,Clear,1,7376,1.5750951920576595,No,Inconclusive
176,Type C,54,Good,64,5,Stormy,2,6473,4.534730645468395,Yes,Highly Likely to Crash
177,Type B,54,Poor,75,5,Cloudy,1,8782,14.776588997552073,No,Highly Likely to Crash
178,Type A,100,Good,79,4,Cloudy,2,9167,3.582527365466289,No,Highly Likely to Crash
179,Type A,70,Good,74,2,Cloudy,2,8556,7.501204618872509,No,Inconclusive
180,Type A,61,Good,94,5,Clear,0,2546,9.93684119100584,Yes,Highly Likely to Crash
181,Type C,99,Good,65,2,Clear,2,8236,13.312624590693591,No,Inconclusive
182,Type B,53,Poor,88,1,Clear,1,4190,11.643620925422907,No,Highly Likely to Crash
183,Type A,98,Poor,97,4,Stormy,2,3245,13.725343477848442,Yes,Highly Likely to Crash
184,Type A,91,Good,94,3,Cloudy,0,3139,9.461371710098792,Yes,Inconclusive
185,Type A,69,Good,63,5,Stormy,0,576,13.114463313789336,No,Highly Likely to Crash
186,Type C,87,Average,66,5,Stormy,3,6973,4.6938019599489325,Yes,Highly Likely to Crash
187,Type C,74,Average,61,0,Cloudy,1,11122,7.027907790378105,No,Inconclusive
188,Type B,63,Average,78,3,Clear,2,19308,12.812814640889842,Yes,Highly Likely to Crash
189,Type C,60,Poor,81,5,Cloudy,1,5796,5.557891348889963,Yes,Highly Likely to Crash
190,Type A,81,Average,73,5,Stormy,1,19105,13.19711001933753,No,Highly Likely to Crash
191,Type B,60,Poor,62,3,Stormy,2,905,6.083610950436734,No,Highly Likely to Crash
192,Type A,67,Poor,69,4,Clear,0,19013,6.087525852126793,No,Highly Likely to Crash
193,Type A,76,Poor,64,2,Stormy,1,12808,5.326460807076023,Yes,Highly Likely to Crash
194,Type C,67,Poor,53,3,Stormy,3,15845,8.65720317092596,No,Highly Likely to Crash
195,Type B,72,Average,83,2,Cloudy,1,897,2.8069623445820793,Yes,Inconclusive
196,Type C,60,Good,77,4,Clear,0,15165,1.5124371258722695,No,Highly Likely to Crash
197,Type C,70,Good,99,4,Cloudy,3,15060,13.56378171959387,No,Highly Likely to Crash
198,Type B,93,Good,51,1,Cloudy,3,10500,14.005135564033086,No,Inconclusive
199,Type A,54,Average,96,0,Cloudy,3,5489,2.0663892664869485,Yes,Highly Likely to Crash
200,Type A,72,Good,79,4,Stormy,3,18828,8.695765769460897,No,Highly Likely to Crash
201,Type B,90,Average,75,4,Stormy,2,9129,8.555550236572536,Yes,Highly Likely to Crash
202,Type A,74,Average,100,2,Clear,2,5891,6.214029525846644,No,Inconclusive
203,Type B,90,Average,96,4,Stormy,2,722,8.964667487064542,No,Highly Likely to Crash
204,Type B,59,Good,75,3,Clear,3,18494,7.413670840192909,Yes,Highly Likely to Crash
205,Type C,71,Good,69,1,Cloudy,0,8330,7.854890198863764,Yes,Inconclusive
206,Type B,68,Good,91,1,Cloudy,1,16730,11.574715523221272,Yes,Highly Likely to Crash
207,Type C,50,Poor,77,3,Stormy,3,4500,8.36344374267764,No,Highly Likely to Crash
208,Type A,56,Average,69,5,Stormy,0,19548,5.531213299274561,No,Highly Likely to Crash
209,Type A,53,Poor,60,4,Clear,1,17949,9.14038556924538,Yes,Highly Likely to Crash
210,Type A,50,Average,59,0,Stormy,3,13987,9.970555959065758,No,Highly Likely to Crash
211,Type A,64,Good,72,4,Stormy,1,5893,10.272358815991108,Yes,Highly Likely to Crash
212,Type C,89,Average,86,1,Stormy,2,1103,9.656293113677615,Yes,Inconclusive
213,Type A,61,Average,90,0,Cloudy,2,6795,10.304438706399198,No,Highly Likely to Crash
214,Type B,71,Poor,68,5,Stormy,2,8880,5.341298971341617,Yes,Highly Likely to Crash
215,Type B,71,Average,94,2,Stormy,0,7603,7.245874783110162,No,Inconclusive
216,Type B,99,Good,67,2,Cloudy,2,17521,10.361886369560867,Yes,Inconclusive
217,Type C,96,Average,98,4,Cloudy,0,15046,11.561159582465038,No,Highly Likely to Crash
218,Type A,66,Average,76,4,Cloudy,2,15956,7.078045801215201,Yes,Highly Likely to Crash
219,Type A,78,Average,55,0,Cloudy,2,18728,6.114659809237231,No,Inconclusive
220,Type A,95,Poor,59,0,Stormy,2,15174,11.022357172420017,Yes,Highly Likely to Crash
221,Type C,63,Average,51,5,Stormy,0,546,4.110424517694756,No,Highly Likely to Crash
222,Type B,99,Average,73,4,Stormy,1,1319,1.1328907375039798,No,Highly Likely to Crash
223,Type B,69,Poor,87,1,Clear,0,4307,7.5963240343062,No,Highly Likely to Crash
224,Type A,99,Poor,77,2,Cloudy,3,19906,3.427224167568772,Yes,Highly Likely to Crash
225,Type B,97,Poor,77,5,Stormy,3,1580,6.2959586265087895,No,Highly Likely to Crash
226,Type B,82,Poor,94,0,Stormy,0,3646,5.077278103686425,Yes,Highly Likely to Crash
227,Type C,92,Good,99,1,Stormy,0,18161,11.881666439197714,Yes,Inconclusive
228,Type C,64,Good,88,4,Cloudy,1,12426,5.639718991597624,Yes,Highly Likely to Crash
229,Type C,61,Average,51,3,Cloudy,0,16430,9.96946107945052,No,Highly Likely to Crash
230,Type C,89,Good,95,0,Cloudy,2,15672,10.434776352390497,Yes,Inconclusive
231,Type A,69,Average,54,5,Stormy,1,15787,7.390359997732975,Yes,Highly Likely to Crash
232,Type C,79,Good,99,3,Cloudy,0,7241,2.1350910974047626,No,Inconclusive
233,Type B,87,Poor,60,1,Stormy,0,2717,10.805111205055681,No,Highly Likely to Crash
234,Type A,52,Poor,59,2,Clear,3,3386,2.052350805455147,No,Highly Likely to Crash
235,Type B,77,Good,92,1,Cloudy,1,13844,2.3889814358098276,No,Inconclusive
236,Type B,75,Good,51,2,Cloudy,3,9487,3.7439631628484435,Yes,Inconclusive
237,Type B,79,Average,64,1,Stormy,0,7793,4.9252611690342105,Yes,Inconclusive
238,Type C,62,Average,88,0,Cloudy,1,3506,12.850323804494678,Yes,Highly Likely to Crash
239,Type C,62,Average,90,0,Cloudy,2,7458,10.44890487946296,Yes,Highly Likely to Crash
240,Type A,51,Poor,86,5,Stormy,0,11081,6.420979037834643,Yes,Highly Likely to Crash
241,Type A,86,Poor,56,3,Stormy,0,4643,14.700784316250546,No,Highly Likely to Crash
242,Type C,98,Poor,69,1,Stormy,3,15199,4.410435591964042,Yes,Highly Likely to Crash
243,Type B,87,Poor,83,1,Clear,2,18102,9.537401423379562,No,Highly Likely to Crash
244,Type A,51,Average,84,3,Stormy,0,8518,12.860997525343157,No,Highly Likely to Crash
245,Type C,85,Poor,83,4,Cloudy,3,10452,12.22831609139499,Yes,Highly Likely to Crash
246,Type C,75,Poor,71,5,Clear,3,9416,2.2643084799187743,Yes,Highly Likely to Crash
247,Type C,60,Poor,80,1,Stormy,0,18228,10.761839131443601,Yes,Highly Likely to Crash
248,Type B,57,Poor,72,5,Clear,1,637,4.610092577737687,No,Highly Likely to Crash
249,Type C,93,Good,68,1,Clear,0,14656,5.9802686929165345,No,Inconclusive
250,Type C,89,Average,53,1,Cloudy,2,13881,7.845887752356317,No,Inconclusive
251,Type C,92,Average,73,4,Clear,0,14393,12.070502324915509,Yes,Highly Likely to Crash
252,Type C,71,Poor,69,0,Stormy,1,16860,3.3268201973666613,No,Highly Likely to Crash
253,Type A,69,Good,88,5,Clear,3,19643,2.5197732905546344,No,Highly Likely to Crash
254,Type A,57,Average,77,3,Clear,2,558,3.148177430611025,No,Highly Likely to Crash
255,Type C,78,Average,88,5,Cloudy,2,17654,4.055129498287764,No,Highly Likely to Crash
256,Type B,89,Poor,66,4,Cloudy,2,888,1.8330259533544078,Yes,Highly Likely to Crash
257,Type A,75,Poor,68,2,Stormy,2,12616,13.968990573981085,No,Highly Likely to Crash
258,Type C,79,Average,97,2,Cloudy,1,7512,5.467167699242477,Yes,Inconclusive
259,Type A,66,Average,84,4,Stormy,1,13126,3.477658818129888,Yes,Highly Likely to Crash
260,Type A,69,Good,81,4,Stormy,1,5352,9.929678851548983,Yes,Highly Likely to Crash
261,Type B,65,Average,96,0,Cloudy,1,17479,12.017945662732807,Yes,Highly Likely to Crash
262,Type C,95,Average,95,5,Clear,3,9127,11.545278318419834,No,Highly Likely to Crash
263,Type C,92,Poor,96,5,Cloudy,0,2482,11.061900699019292,Yes,Highly Likely to Crash
264,Type B,56,Average,95,2,Clear,1,15316,1.7074196561315396,Yes,Highly Likely to Crash
265,Type B,65,Poor,88,3,Clear,0,11560,11.950233269086247,No,Highly Likely to Crash
266,Type C,94,Average,84,5,Stormy,2,12901,8.026300977526013,No,Highly Likely to Crash
267,Type C,96,Average,79,1,Stormy,3,10911,10.087204280441236,No,Inconclusive
268,Type B,97,Average,66,1,Cloudy,3,8709,14.38994474354917,No,Inconclusive
269,Type A,76,Good,91,0,Clear,0,5929,12.349415538636784,Yes,Inconclusive
270,Type A,72,Poor,96,0,Cloudy,0,12658,12.555208129164068,No,Highly Likely to Crash
271,Type B,73,Good,78,2,Stormy,0,18576,3.540541064294403,No,Inconclusive
272,Type A,58,Average,55,3,Clear,3,19654,7.669839768522904,Yes,Highly Likely to Crash
273,Type B,84,Good,66,3,Cloudy,1,4876,14.290556790144983,Yes,Inconclusive
274,Type A,100,Poor,66,4,Cloudy,3,18579,9.157593528989876,No,Highly Likely to Crash
275,Type A,69,Average,63,0,Stormy,1,14478,2.436209176699336,Yes,Highly Likely to Crash
276,Type C,86,Good,73,5,Stormy,2,18470,11.245477548393378,No,Highly Likely to Crash
277,Type C,91,Good,99,1,Stormy,1,13205,1.6009758594706986,No,Inconclusive
278,Type A,66,Poor,86,5,Stormy,0,11361,11.39216173805234,Yes,Highly Likely to Crash
279,Type A,96,Good,89,1,Cloudy,1,8465,13.316816779717065,Yes,Inconclusive
280,Type C,80,Poor,88,2,Stormy,1,19152,6.953501968586688,Yes,Highly Likely to Crash
281,Type C,57,Average,81,1,Stormy,3,10748,6.790580081791221,Yes,Highly Likely to Crash
282,Type C,64,Average,85,5,Cloudy,0,14720,5.258959281566172,No,Highly Likely to Crash
283,Type B,80,Good,99,5,Cloudy,2,7961,13.277135991452258,No,Highly Likely to Crash
284,Type A,79,Average,86,3,Clear,1,13321,8.668984456677418,Yes,Inconclusive
285,Type C,95,Average,97,3,Cloudy,2,13910,9.109639168884664,No,Inconclusive
286,Type A,69,Good,63,0,Clear,0,19633,10.263903471899363,Yes,Highly Likely to Crash
287,Type B,88,Average,76,5,Stormy,1,1905,5.203233265880279,No,Highly Likely to Crash
288,Type B,61,Good,68,2,Clear,3,11679,7.059008358905765,No,Highly Likely to Crash
289,Type C,98,Poor,80,1,Clear,2,4075,11.382480670888183,No,Highly Likely to Crash
290,Type B,66,Poor,95,0,Stormy,3,3227,14.796817559545794,No,Highly Likely to Crash
291,Type A,91,Poor,58,4,Stormy,2,6987,1.4802775609034233,No,Highly Likely to Crash
292,Type C,79,Good,87,4,Stormy,0,15260,1.5970789712519442,No,Highly Likely to Crash
293,Type A,78,Good,66,1,Clear,1,6791,6.993154747760995,Yes,Inconclusive
294,Type A,68,Average,68,1,Cloudy,2,3001,10.234705687334587,Yes,Highly Likely to Crash
295,Type B,95,Average,93,1,Cloudy,3,17821,6.409104747694436,Yes,Inconclusive
296,Type B,60,Average,53,3,Cloudy,2,10772,14.99494115551251,No,Highly Likely to Crash
297,Type B,83,Average,97,1,Stormy,2,2255,3.735029613205902,Yes,Inconclusive
298,Type B,99,Average,60,4,Stormy,2,3890,1.110956412103985,No,Highly Likely to Crash
299,Type B,56,Good,71,1,Cloudy,2,6316,3.6618110723787676,No,Highly Likely to Crash
300,Type C,93,Good,53,5,Stormy,2,18100,13.415793251418215,No,Highly Likely to Crash
301,Type A,83,Poor,66,2,Clear,2,18087,3.0320859001585045,Yes,Highly Likely to Crash
302,Type A,69,Poor,57,4,Clear,3,2390,7.705646924292971,No,Highly Likely to Crash
303,Type A,99,Poor,95,2,Stormy,2,11723,6.869866530100274,No,Highly Likely to Crash
304,Type A,87,Poor,83,4,Cloudy,2,14329,10.320154498075805,Yes,Highly Likely to Crash
305,Type B,73,Good,60,0,Cloudy,2,8188,1.7643382098723412,Yes,Inconclusive
306,Type A,59,Good,80,5,Clear,1,7000,10.222502394927165,Yes,Highly Likely to Crash
307,Type C,81,Good,60,4,Stormy,0,7216,5.966523015752696,No,Highly Likely to Crash
308,Type C,64,Average,87,5,Cloudy,0,4246,13.964553827154983,No,Highly Likely to Crash
309,Type A,86,Average,70,4,Cloudy,0,19079,12.884422614202682,Yes,Highly Likely to Crash
310,Type A,69,Poor,95,2,Stormy,3,13514,6.593087478686205,No,Highly Likely to Crash
311,Type C,52,Average,79,2,Stormy,3,16175,14.900485809249936,No,Highly Likely to Crash
312,Type C,86,Good,59,4,Cloudy,3,9693,1.7272125371874605,No,Highly Likely to Crash
313,Type B,89,Poor,75,4,Stormy,2,4129,12.04085108089867,Yes,Highly Likely to Crash
314,Type C,57,Poor,76,3,Stormy,0,8266,7.073711336383076,No,Highly Likely to Crash
315,Type B,89,Average,57,5,Stormy,2,6647,7.066272024226196,Yes,Highly Likely to Crash
316,Type B,93,Poor,88,5,Cloudy,1,15613,3.381873174034798,Yes,Highly Likely to Crash
317,Type B,72,Average,57,5,Clear,0,14942,8.208318879611653,Yes,Highly Likely to Crash
318,Type B,89,Average,57,5,Stormy,1,14910,2.186058956321194,No,Highly Likely to Crash
319,Type B,60,Poor,83,0,Cloudy,1,1563,9.632080506005282,No,Highly Likely to Crash
320,Type A,95,Average,65,0,Clear,2,9330,4.382266171954422,No,Inconclusive
321,Type C,57,Average,90,1,Cloudy,0,11434,11.148012640771181,Yes,Highly Likely to Crash
322,Type B,78,Average,62,4,Cloudy,1,9834,9.503061255592018,Yes,Highly Likely to Crash
323,Type C,79,Average,72,4,Cloudy,0,10812,11.449670122520242,No,Highly Likely to Crash
324,Type C,59,Poor,61,4,Clear,1,3775,11.496388983278958,No,Highly Likely to Crash
325,Type B,88,Good,76,4,Cloudy,1,1476,3.7539266330861767,Yes,Highly Likely to Crash
326,Type A,77,Good,71,5,Clear,2,12883,1.0094462128123451,No,Highly Likely to Crash
327,Type B,98,Average,81,5,Stormy,0,11906,6.120657631498327,Yes,Highly Likely to Crash
328,Type A,85,Average,98,0,Clear,2,12239,13.866969021151126,Yes,Inconclusive
329,Type C,62,Average,76,2,Cloudy,2,4569,9.090591384901678,Yes,Highly Likely to Crash
330,Type A,81,Good,51,3,Clear,2,16104,11.185028078750236,Yes,Inconclusive
331,Type A,85,Average,94,5,Cloudy,2,15112,13.31398472532974,No,Highly Likely to Crash
332,Type A,86,Poor,82,5,Stormy,2,16834,13.684815468145759,Yes,Highly Likely to Crash
333,Type C,75,Poor,75,5,Clear,1,6902,8.40635220233198,Yes,Highly Likely to Crash
334,Type C,71,Poor,77,2,Stormy,0,12833,8.573189188768772,No,Highly Likely to Crash
335,Type A,53,Good,68,2,Clear,0,845,12.91314377726363,Yes,Highly Likely to Crash
336,Type A,80,Average,92,0,Cloudy,2,5442,12.304796094060192,Yes,Inconclusive
337,Type B,67,Average,54,5,Clear,0,19826,10.784020398676235,Yes,Highly Likely to Crash
338,Type A,87,Average,82,3,Stormy,1,17960,9.462500117628291,Yes,Inconclusive
339,Type B,73,Good,69,4,Clear,2,9863,9.641011436099841,No,Highly Likely to Crash
340,Type A,72,Good,79,5,Stormy,3,4270,6.080758824727392,No,Highly Likely to Crash
341,Type B,71,Good,94,0,Stormy,3,11853,12.772848463623676,No,Inconclusive
342,Type C,51,Good,57,0,Cloudy,1,8924,9.648915871221652,No,Highly Likely to Crash
343,Type A,80,Poor,87,3,Clear,1,12490,4.129392871381434,Yes,Highly Likely to Crash
344,Type A,60,Good,66,1,Stormy,3,8548,4.357805899133536,Yes,Highly Likely to Crash
345,Type A,77,Good,93,0,Cloudy,2,12599,13.062442192825214,No,Inconclusive
346,Type A,95,Good,50,2,Cloudy,1,12391,9.759905638912244,Yes,Inconclusive
347,Type B,81,Average,52,2,Cloudy,3,16073,6.581857797991045,No,Inconclusive
348,Type A,54,Average,95,4,Stormy,2,17334,3.619410629294026,Yes,Highly Likely to Crash
349,Type C,87,Average,75,0,Clear,1,10054,9.543023625432824,No,Inconclusive
350,Type C,59,Poor,80,4,Stormy,0,850,3.5803453202730706,No,Highly Likely to Crash
351,Type A,89,Poor,57,0,Cloudy,0,10000,7.582338437056215,No,Highly Likely to Crash
352,Type C,95,Good,92,3,Stormy,0,4504,10.485147479377309,No,Inconclusive
353,Type A,73,Average,95,5,Stormy,2,11617,8.915816080495691,Yes,Highly Likely to Crash
354,Type A,84,Poor,57,0,Cloudy,1,17128,13.909398601767757,Yes,Highly Likely to Crash
355,Type C,93,Average,84,1,Clear,3,13515,1.5560968259247656,Yes,Inconclusive
356,Type A,97,Poor,88,2,Cloudy,1,5234,4.91712826191964,No,Highly Likely to Crash
357,Type C,72,Poor,77,3,Cloudy,0,13371,1.7992054173317351,No,Highly Likely to Crash
358,Type B,66,Good,100,5,Stormy,0,15662,3.724459220300993,Yes,Highly Likely to Crash
359,Type A,50,Good,53,5,Cloudy,2,17324,2.7357667018374294,Yes,Highly Likely to Crash
360,Type B,80,Poor,65,2,Stormy,3,12237,11.25726277828324,Yes,Highly Likely to Crash
361,Type C,80,Good,62,5,Cloudy,2,10159,6.171263178121572,Yes,Highly Likely to Crash
362,Type B,91,Poor,69,4,Cloudy,3,17295,13.950619796842288,No,Highly Likely to Crash
363,Type B,91,Poor,100,3,Clear,1,1313,1.3272881036889874,No,Highly Likely to Crash
364,Type C,83,Average,54,1,Cloudy,2,18614,10.140938589218493,Yes,Inconclusive
365,Type B,58,Good,86,2,Clear,2,7143,14.587627203716837,Yes,Highly Likely to Crash
366,Type B,71,Good,69,0,Cloudy,2,13769,3.461742077340261,Yes,Inconclusive
367,Type C,62,Good,73,0,Cloudy,0,18858,7.194051223998146,No,Highly Likely to Crash
368,Type B,74,Average,85,0,Cloudy,0,1049,10.826458476383838,Yes,Inconclusive
369,Type C,97,Average,83,3,Clear,3,14952,9.86393199052435,No,Inconclusive
370,Type B,67,Average,94,1,Stormy,1,18821,8.924379827919392,No,Highly Likely to Crash
371,Type C,100,Good,97,5,Clear,2,703,5.574585778761672,Yes,Highly Likely to Crash
372,Type C,61,Good,83,1,Cloudy,0,16218,11.194799349460617,Yes,Highly Likely to Crash
373,Type B,89,Good,68,1,Stormy,2,4088,10.145573878956709,Yes,Inconclusive
374,Type B,66,Average,66,2,Cloudy,3,3036,3.2792039962125203,No,Highly Likely to Crash
375,Type B,64,Average,54,3,Clear,3,8798,14.497270238279746,Yes,Highly Likely to Crash
376,Type A,91,Poor,74,0,Clear,1,3201,8.779420725161671,Yes,Highly Likely to Crash
377,Type A,64,Average,67,2,Stormy,3,12589,8.356462414502623,No,Highly Likely to Crash
378,Type A,64,Poor,99,5,Clear,2,10911,12.875313486224574,No,Highly Likely to Crash
379,Type C,88,Good,57,1,Cloudy,1,8325,9.965789148805673,No,Inconclusive
380,Type B,62,Average,76,0,Stormy,1,6474,2.0427100124892537,Yes,Highly Likely to Crash
381,Type C,66,Good,64,3,Cloudy,0,4590,8.092251233063639,No,Highly Likely to Crash
382,Type A,81,Good,94,4,Stormy,2,11059,11.928350900516186,No,Highly Likely to Crash
383,Type B,58,Good,62,1,Stormy,3,9752,10.799721682476477,No,Highly Likely to Crash
384,Type C,89,Good,65,1,Cloudy,0,3046,14.590762137998455,No,Inconclusive
385,Type B,69,Average,71,1,Clear,2,4236,1.3488279156030343,No,Highly Likely to Crash
386,Type C,75,Good,69,1,Cloudy,2,15100,4.657065392965626,Yes,Inconclusive
387,Type B,76,Poor,62,0,Clear,1,2172,8.688190387953956,No,Highly Likely to Crash
388,Type A,70,Average,69,3,Clear,1,901,9.67285718629049,No,Inconclusive
389,Type A,67,Good,51,2,Cloudy,2,15822,4.8409838027084175,No,Highly Likely to Crash
390,Type B,62,Average,84,0,Stormy,0,11691,12.575223329262098,Yes,Highly Likely to Crash
391,Type C,65,Poor,96,3,Cloudy,1,4813,3.30086910082418,Yes,Highly Likely to Crash
392,Type A,58,Good,68,2,Stormy,1,15165,1.011887534704054,No,Highly Likely to Crash
393,Type A,61,Poor,94,1,Clear,2,12144,14.333479577265814,No,Highly Likely to Crash
394,Type A,93,Good,86,3,Stormy,2,12326,6.481795122021396,No,Inconclusive
395,Type B,87,Poor,55,1,Cloudy,1,16971,14.404857213385311,No,Highly Likely to Crash
396,Type B,68,Good,63,3,Stormy,0,16803,4.8910424048331365,Yes,Highly Likely to Crash
397,Type C,56,Average,53,5,Clear,1,6779,1.8882808918371625,Yes,Highly Likely to Crash
398,Type C,84,Good,71,4,Clear,2,19089,11.815274463742323,Yes,Highly Likely to Crash
399,Type C,97,Average,100,1,Stormy,1,3467,12.701473445559776,No,Inconclusive
400,Type B,67,Good,88,1,Clear,2,4750,7.889216583866903,No,Highly Likely to Crash
401,Type B,65,Good,85,1,Clear,1,3738,2.0339047624901045,Yes,Highly Likely to Crash
402,Type C,88,Poor,83,5,Stormy,2,9013,10.157877049626729,Yes,Highly Likely to Crash
403,Type C,53,Poor,76,0,Clear,2,3238,3.550015642652202,No,Highly Likely to Crash
404,Type B,74,Poor,56,2,Stormy,0,5436,12.891341674187979,Yes,Highly Likely to Crash
405,Type C,81,Good,52,1,Stormy,2,2336,4.836323673590677,Yes,Inconclusive
406,Type A,89,Good,96,1,Clear,1,19443,12.867889464394988,Yes,Inconclusive
407,Type B,62,Good,82,0,Stormy,2,2068,6.976943586509271,Yes,Highly Likely to Crash
408,Type C,94,Average,51,0,Clear,3,11014,9.350829749474109,Yes,Inconclusive
409,Type B,66,Average,91,4,Clear,1,14547,12.053875235493528,No,Highly Likely to Crash
410,Type A,98,Good,65,3,Clear,0,5220,1.5661494017610387,No,Inconclusive
411,Type B,86,Poor,74,1,Cloudy,1,8457,12.496324086656989,No,Highly Likely to Crash
412,Type B,55,Poor,64,3,Clear,0,11655,2.9410725847169665,No,Highly Likely to Crash
413,Type B,68,Poor,73,0,Stormy,3,9044,6.017856972841811,Yes,Highly Likely to Crash
414,Type B,62,Good,64,0,Stormy,0,7025,7.618934421554883,No,Highly Likely to Crash
415,Type A,75,Poor,80,4,Stormy,2,16583,13.5359721713608,Yes,Highly Likely to Crash
416,Type B,63,Good,63,2,Cloudy,3,8435,1.3141687905382753,Yes,Highly Likely to Crash
417,Type B,80,Average,63,5,Cloudy,3,7237,8.828836516154995,No,Highly Likely to Crash
418,Type C,53,Poor,55,5,Stormy,0,3040,9.995315000873523,No,Highly Likely to Crash
419,Type B,88,Average,63,5,Stormy,1,17718,5.432152327387029,No,Highly Likely to Crash
420,Type C,57,Poor,66,0,Cloudy,0,17513,5.0668147983324365,No,Highly Likely to Crash
421,Type A,74,Good,67,1,Stormy,0,3486,7.866568219146546,Yes,Inconclusive
422,Type A,62,Good,69,4,Clear,3,15458,3.619405850105416,Yes,Highly Likely to Crash
423,Type A,81,Good,100,2,Clear,2,6985,7.553665014469428,Yes,Inconclusive
424,Type A,87,Good,66,5,Stormy,1,12272,11.710354528862064,No,Highly Likely to Crash
425,Type C,87,Poor,65,4,Clear,0,10652,12.835537058247207,No,Highly Likely to Crash
426,Type B,77,Average,89,0,Stormy,2,13031,6.39225938858461,Yes,Inconclusive
427,Type A,79,Good,88,5,Cloudy,2,6367,9.642223984011597,Yes,Highly Likely to Crash
428,Type B,52,Poor,81,2,Stormy,1,5126,1.0002872514525296,No,Highly Likely to Crash
429,Type C,77,Average,93,3,Cloudy,2,2762,8.704934771400332,No,Inconclusive
430,Type C,52,Good,58,2,Clear,0,2914,14.653308275494858,Yes,Highly Likely to Crash
431,Type C,94,Average,76,1,Clear,3,10853,5.3717103802569595,Yes,Inconclusive
432,Type A,83,Good,95,5,Clear,2,16059,9.326865738929445,Yes,Highly Likely to Crash
433,Type B,65,Average,82,5,Stormy,3,12812,11.671971207038583,No,Highly Likely to Crash
434,Type B,71,Average,59,3,Cloudy,1,5740,9.525062293854997,Yes,Inconclusive
435,Type B,81,Good,66,3,Cloudy,1,14553,6.858999586535751,Yes,Inconclusive
436,Type C,87,Poor,98,5,Clear,2,9549,3.1360580263334397,No,Highly Likely to Crash
437,Type A,57,Average,98,1,Clear,3,5622,7.4918195644152314,Yes,Highly Likely to Crash
438,Type C,57,Good,85,3,Cloudy,0,5493,5.126978928500282,Yes,Highly Likely to Crash
439,Type C,55,Average,66,0,Stormy,3,19376,10.742884042658165,Yes,Highly Likely to Crash
440,Type B,63,Average,67,5,Clear,2,16113,7.186778748002673,No,Highly Likely to Crash
441,Type C,81,Poor,72,2,Stormy,3,8711,12.898316704502502,No,Highly Likely to Crash
442,Type B,84,Average,83,2,Clear,3,14015,3.7065141165044695,Yes,Inconclusive
443,Type A,59,Average,57,1,Clear,1,9497,6.84808170875003,No,Highly Likely to Crash
444,Type B,52,Good,62,0,Stormy,2,16835,8.805069669527315,Yes,Highly Likely to Crash
445,Type A,61,Good,72,3,Stormy,3,2675,2.7642054643961327,Yes,Highly Likely to Crash
446,Type B,98,Poor,69,5,Stormy,2,2905,9.230741089682844,No,Highly Likely to Crash
447,Type C,80,Average,71,2,Stormy,0,7841,5.072899674586065,Yes,Inconclusive
448,Type C,78,Average,96,2,Cloudy,2,11656,4.213520522081233,No,Inconclusive
449,Type A,54,Average,72,2,Cloudy,0,16463,2.986750356210827,No,Highly Likely to Crash
450,Type A,74,Poor,90,2,Clear,2,18489,5.898346958869157,Yes,Highly Likely to Crash
451,Type A,90,Average,84,4,Clear,2,19441,14.005753812718893,Yes,Highly Likely to Crash
452,Type B,80,Good,52,1,Clear,3,16279,1.4340820306348188,No,Inconclusive
453,Type B,70,Poor,83,3,Cloudy,3,18926,12.930186916311149,No,Highly Likely to Crash
454,Type A,69,Good,82,5,Stormy,0,1278,6.563052568991972,Yes,Highly Likely to Crash
455,Type C,88,Good,95,5,Clear,0,3659,8.862422942169385,No,Highly Likely to Crash
456,Type B,71,Poor,66,5,Cloudy,1,6895,8.179372156955202,Yes,Highly Likely to Crash
457,Type B,53,Good,94,3,Clear,3,2246,13.96036366250127,Yes,Highly Likely to Crash
458,Type B,62,Average,68,1,Cloudy,0,6474,11.78180976887999,No,Highly Likely to Crash
459,Type A,94,Poor,79,0,Stormy,3,5650,14.787529494591288,Yes,Highly Likely to Crash
460,Type A,91,Good,72,1,Cloudy,2,12632,12.122019322703764,No,Inconclusive
461,Type A,99,Average,64,2,Stormy,1,17304,5.142438918893622,Yes,Inconclusive
462,Type A,98,Average,63,2,Clear,3,10543,14.480371511030397,Yes,Inconclusive
463,Type A,69,Good,51,1,Stormy,3,18992,14.769921071310927,Yes,Highly Likely to Crash
464,Type C,62,Average,88,1,Cloudy,3,5174,2.7233118506337926,Yes,Highly Likely to Crash
465,Type C,66,Poor,98,3,Clear,3,4496,13.61461857296168,Yes,Highly Likely to Crash
466,Type A,85,Good,67,3,Clear,0,10050,10.29883056050427,Yes,Inconclusive
467,Type B,82,Average,55,4,Cloudy,0,3126,13.907912780463594,No,Highly Likely to Crash
468,Type A,50,Average,81,5,Stormy,1,990,13.820346283065815,No,Highly Likely to Crash
469,Type C,64,Good,70,4,Cloudy,2,9987,13.479222436621034,Yes,Highly Likely to Crash
470,Type C,62,Good,89,5,Stormy,2,10773,13.393858311553304,No,Highly Likely to Crash
471,Type B,66,Good,77,2,Stormy,1,14184,2.64704734590506,No,Highly Likely to Crash
472,Type C,73,Good,76,4,Clear,2,11866,3.0092199158956676,No,Highly Likely to Crash
473,Type A,57,Poor,51,4,Stormy,0,16406,2.6489118712775337,No,Highly Likely to Crash
474,Type B,99,Good,82,0,Clear,3,5489,2.274407243203994,No,Less Likely to Crash
475,Type A,76,Poor,65,1,Cloudy,2,12521,5.945993991035837,Yes,Highly Likely to Crash
476,Type A,94,Poor,88,3,Cloudy,3,3880,10.57541780054499,Yes,Highly Likely to Crash
477,Type B,72,Good,71,4,Clear,3,6189,5.965696583016189,Yes,Highly Likely to Crash
478,Type A,95,Poor,92,3,Clear,0,9103,11.084204665851328,Yes,Highly Likely to Crash
479,Type C,57,Good,96,5,Stormy,3,7973,12.483963750282838,Yes,Highly Likely to Crash
480,Type A,57,Good,62,4,Clear,2,2176,10.327006362049838,No,Highly Likely to Crash
481,Type B,75,Average,51,5,Cloudy,0,8290,7.511466167961562,No,Highly Likely to Crash
482,Type B,96,Good,63,4,Clear,1,5782,5.137244154273397,Yes,Highly Likely to Crash
483,Type B,62,Average,87,2,Clear,0,19595,2.7416470743732324,Yes,Highly Likely to Crash
484,Type A,88,Poor,90,0,Clear,2,13876,7.911125590759372,No,Highly Likely to Crash
485,Type B,86,Average,77,5,Stormy,0,9931,11.074385347178564,Yes,Highly Likely to Crash
486,Type B,98,Poor,56,1,Clear,2,1102,8.675404961056676,Yes,Highly Likely to Crash
487,Type A,77,Good,67,1,Stormy,2,2437,11.100746870066478,No,Inconclusive
488,Type C,74,Poor,90,2,Stormy,0,7312,5.6930754128090095,Yes,Highly Likely to Crash
489,Type A,65,Poor,85,2,Clear,2,1567,1.9351448827748723,Yes,Highly Likely to Crash
490,Type B,51,Good,90,1,Stormy,1,13901,11.795370964456072,Yes,Highly Likely to Crash
491,Type B,67,Poor,85,5,Clear,2,5752,4.0761375656137835,Yes,Highly Likely to Crash
492,Type A,66,Good,93,1,Cloudy,1,13972,9.627990843304335,Yes,Highly Likely to Crash
493,Type C,79,Average,53,0,Cloudy,1,879,12.260098423766266,No,Inconclusive
494,Type B,88,Good,79,4,Stormy,2,5696,2.947540025825474,Yes,Highly Likely to Crash
495,Type B,62,Good,73,0,Cloudy,3,14381,9.378925940185862,Yes,Highly Likely to Crash
496,Type B,81,Poor,69,1,Clear,1,12619,10.651241065761313,No,Highly Likely to Crash
497,Type A,99,Average,95,4,Stormy,1,9237,11.451432135464943,Yes,Highly Likely to Crash
498,Type B,78,Good,80,1,Clear,0,5759,3.067332555980826,Yes,Inconclusive
499,Type C,95,Average,73,0,Stormy,1,12133,12.5516262677112,No,Inconclusive
500,Type B,79,Average,56,0,Stormy,1,10961,2.3180799261065794,No,Inconclusive
501,Type B,67,Poor,75,5,Stormy,1,3422,8.274168554195303,No,Highly Likely to Crash
502,Type C,62,Good,62,5,Stormy,1,3887,7.207777746770319,No,Highly Likely to Crash
503,Type B,92,Poor,57,0,Cloudy,3,15053,4.104725039297746,No,Highly Likely to Crash
504,Type A,70,Good,54,4,Cloudy,1,10562,5.227030380261349,Yes,Highly Likely to Crash
505,Type A,79,Average,93,5,Cloudy,2,7459,3.302100966044626,No,Highly Likely to Crash
506,Type A,70,Good,62,5,Stormy,3,10447,6.960166727497548,No,Highly Likely to Crash
507,Type C,97,Good,78,3,Cloudy,1,10059,1.4971529859878425,No,Inconclusive
508,Type B,66,Average,69,3,Stormy,2,1051,13.444813854146176,No,Highly Likely to Crash
509,Type A,89,Average,63,5,Cloudy,2,633,3.288822690512334,Yes,Highly Likely to Crash
510,Type C,68,Good,81,1,Stormy,3,7107,13.40424859038328,No,Highly Likely to Crash
511,Type B,64,Poor,99,4,Cloudy,3,11603,13.090083601876046,Yes,Highly Likely to Crash
512,Type C,58,Good,76,2,Cloudy,2,10705,7.323480900207615,Yes,Highly Likely to Crash
513,Type A,59,Average,74,5,Cloudy,3,7099,7.968159971011293,No,Highly Likely to Crash
514,Type A,93,Poor,53,3,Stormy,3,13872,5.226789567482739,Yes,Highly Likely to Crash
515,Type A,80,Average,70,4,Stormy,0,5624,14.956244399657422,Yes,Highly Likely to Crash
516,Type C,72,Average,67,4,Cloudy,3,1560,10.390810668263128,Yes,Highly Likely to Crash
517,Type C,79,Poor,88,3,Stormy,0,14548,14.325316003097731,No,Highly Likely to Crash
518,Type A,82,Average,64,4,Clear,3,19070,6.807155821434494,No,Highly Likely to Crash
519,Type C,58,Average,87,4,Cloudy,3,19549,13.362232112059008,Yes,Highly Likely to Crash
520,Type A,96,Average,97,3,Cloudy,2,3670,7.275284865038938,No,Inconclusive
521,Type A,50,Average,73,0,Clear,0,11419,13.135604209418375,No,Highly Likely to Crash
522,Type B,93,Average,57,5,Stormy,3,19530,2.832971832928035,No,Highly Likely to Crash
523,Type C,84,Average,77,1,Stormy,1,17479,9.915961974759128,Yes,Inconclusive
524,Type A,60,Average,70,2,Stormy,3,16083,10.501849207748053,No,Highly Likely to Crash
525,Type A,83,Average,65,1,Cloudy,2,4606,10.186389762009984,No,Inconclusive
526,Type C,65,Average,65,0,Cloudy,2,3921,7.258386652550811,Yes,Highly Likely to Crash
527,Type B,58,Good,84,0,Cloudy,2,16803,10.574825540431142,No,Highly Likely to Crash
528,Type B,81,Good,66,4,Cloudy,0,2778,4.352483411432303,Yes,Highly Likely to Crash
529,Type A,64,Average,58,1,Cloudy,0,18048,9.341880322959206,No,Highly Likely to Crash
530,Type C,61,Good,84,0,Stormy,0,17501,8.75928894229061,No,Highly Likely to Crash
531,Type B,82,Poor,78,1,Clear,1,13552,5.456753309825977,No,Highly Likely to Crash
532,Type C,94,Good,88,0,Stormy,0,950,11.904093325737211,No,Less Likely to Crash
533,Type C,63,Average,67,2,Stormy,2,10490,2.1322089164215337,Yes,Highly Likely to Crash
534,Type A,57,Average,61,0,Cloudy,0,13278,3.4001552580889802,No,Highly Likely to Crash
535,Type B,57,Good,68,1,Clear,0,7872,7.596100554672129,Yes,Highly Likely to Crash
536,Type A,76,Average,97,4,Clear,3,2392,13.48431377095134,Yes,Highly Likely to Crash
537,Type B,61,Poor,71,1,Stormy,0,19338,9.052233763391262,No,Highly Likely to Crash
538,Type B,50,Poor,98,3,Clear,3,13862,12.788935913148704,No,Highly Likely to Crash
539,Type B,92,Average,64,1,Stormy,0,4308,8.245976068066305,No,Inconclusive
540,Type B,89,Poor,50,2,Stormy,3,9976,11.996383560553243,No,Highly Likely to Crash
541,Type B,91,Poor,51,5,Stormy,2,18641,5.561163526438753,No,Highly Likely to Crash
542,Type C,100,Good,57,2,Stormy,0,17106,12.411992440626932,No,Inconclusive
543,Type A,60,Poor,71,2,Cloudy,2,19249,6.623604987920762,No,Highly Likely to Crash
544,Type C,88,Good,74,0,Clear,0,2109,8.823636259765985,No,Inconclusive
545,Type B,92,Average,51,2,Cloudy,1,1723,3.4623408814222536,No,Inconclusive
546,Type A,80,Good,100,1,Cloudy,1,2407,13.886062337477792,Yes,Inconclusive
547,Type B,66,Average,58,5,Cloudy,2,15478,10.82042767212185,No,Highly Likely to Crash
548,Type A,82,Average,58,4,Stormy,2,11443,13.023967468091305,No,Highly Likely to Crash
549,Type C,81,Average,62,2,Stormy,1,6310,3.910080700176054,Yes,Inconclusive
550,Type A,78,Average,55,1,Cloudy,1,12661,1.9475809737693102,No,Inconclusive
551,Type A,70,Average,79,0,Cloudy,3,14563,5.720929686354206,No,Inconclusive
552,Type A,70,Good,64,0,Clear,0,5437,8.233595473369046,Yes,Inconclusive
553,Type A,89,Average,100,4,Cloudy,1,18115,12.233178361426493,No,Highly Likely to Crash
554,Type A,72,Poor,64,4,Stormy,2,12760,6.568169817085237,Yes,Highly Likely to Crash
555,Type B,55,Poor,99,1,Cloudy,2,10439,4.779416548614815,No,Highly Likely to Crash
556,Type A,71,Average,56,4,Clear,1,11250,6.215631573815326,No,Highly Likely to Crash
557,Type A,99,Poor,60,4,Clear,2,1237,10.85050374645618,No,Highly Likely to Crash
558,Type C,87,Good,89,0,Cloudy,0,19863,5.707053357314238,Yes,Inconclusive
559,Type A,86,Good,87,1,Clear,3,16435,14.708318768971981,Yes,Inconclusive
560,Type C,94,Average,89,5,Clear,0,10643,3.449707242090355,Yes,Highly Likely to Crash
561,Type B,100,Average,51,4,Stormy,3,17413,11.543345744876037,Yes,Highly Likely to Crash
562,Type A,57,Average,100,1,Clear,3,12821,9.248290573353925,No,Highly Likely to Crash
563,Type C,90,Poor,97,2,Clear,1,4918,4.263338402191584,Yes,Highly Likely to Crash
564,Type C,98,Poor,88,0,Cloudy,2,9896,11.5505909199695,No,Highly Likely to Crash
565,Type B,84,Good,59,5,Stormy,3,2486,7.265562947809917,No,Highly Likely to Crash
566,Type A,100,Poor,93,0,Clear,1,846,10.553575857602283,No,Highly Likely to Crash
567,Type A,60,Good,66,0,Cloudy,2,6325,10.27160143230499,No,Highly Likely to Crash
568,Type C,73,Poor,56,3,Cloudy,2,1715,2.5490080654729272,No,Highly Likely to Crash
569,Type A,98,Good,89,1,Cloudy,3,14390,12.759762348064461,Yes,Inconclusive
570,Type C,70,Average,88,2,Cloudy,2,11460,10.540648689296466,No,Inconclusive
571,Type A,100,Poor,53,4,Cloudy,0,744,11.928213976913305,No,Highly Likely to Crash
572,Type C,51,Good,84,2,Cloudy,2,14619,7.268721689496962,Yes,Highly Likely to Crash
573,Type A,89,Poor,100,1,Clear,0,11743,3.730864103839152,No,Highly Likely to Crash
574,Type B,68,Average,96,0,Stormy,2,632,5.566989332462641,Yes,Highly Likely to Crash
575,Type A,88,Good,85,3,Stormy,3,16056,13.620569197519586,No,Inconclusive
576,Type A,77,Poor,80,1,Cloudy,3,18254,14.132260425919997,Yes,Highly Likely to Crash
577,Type B,66,Poor,74,5,Cloudy,1,1587,7.746129579382028,No,Highly Likely to Crash
578,Type A,55,Average,90,5,Stormy,0,10339,5.183138052091518,No,Highly Likely to Crash
579,Type B,68,Average,62,1,Clear,0,10583,11.224355737518968,Yes,Highly Likely to Crash
580,Type A,87,Good,67,4,Cloudy,3,13915,11.72390214372785,No,Highly Likely to Crash
581,Type C,77,Poor,70,2,Stormy,3,10952,12.416528163696803,No,Highly Likely to Crash
582,Type C,51,Poor,97,2,Stormy,3,14328,1.435173350114944,Yes,Highly Likely to Crash
583,Type A,87,Average,50,4,Cloudy,0,8810,1.136274213552864,Yes,Highly Likely to Crash
584,Type A,86,Average,85,3,Stormy,1,3403,6.000178795945936,No,Inconclusive
585,Type A,100,Good,99,0,Clear,0,1394,3.1349526488711374,Yes,Less Likely to Crash
586,Type C,53,Poor,57,0,Stormy,3,1765,12.269746019197601,No,Highly Likely to Crash
587,Type A,71,Poor,97,5,Cloudy,1,17246,8.459813950100992,Yes,Highly Likely to Crash
588,Type C,75,Good,70,3,Cloudy,2,10465,12.55487376906517,Yes,Inconclusive
589,Type B,98,Good,92,4,Stormy,2,9005,3.476783074417892,Yes,Highly Likely to Crash
590,Type C,92,Average,70,1,Stormy,3,18590,9.781117924065589,No,Inconclusive
591,Type C,85,Average,76,2,Cloudy,1,7834,9.122409271693826,No,Inconclusive
592,Type B,62,Good,68,1,Clear,3,13874,5.765296211749758,No,Highly Likely to Crash
593,Type C,81,Good,72,2,Stormy,0,13848,8.239138207808661,Yes,Inconclusive
594,Type A,66,Poor,100,1,Clear,0,15875,9.24638551974606,No,Highly Likely to Crash
595,Type A,90,Good,99,4,Clear,1,2893,13.4528292635015,No,Highly Likely to Crash
596,Type C,85,Good,100,4,Cloudy,3,12302,1.7789373865865759,Yes,Highly Likely to Crash
597,Type A,95,Poor,92,3,Cloudy,3,4194,12.527234135546648,Yes,Highly Likely to Crash
598,Type C,68,Good,84,1,Cloudy,2,17873,14.722189449933264,No,Highly Likely to Crash
599,Type A,84,Average,89,1,Clear,1,15411,11.244850813520856,No,Inconclusive
600,Type A,95,Average,100,3,Cloudy,3,11155,11.322857751651064,No,Inconclusive
601,Type C,89,Poor,91,3,Cloudy,0,9596,4.051640164161346,No,Highly Likely to Crash
602,Type A,77,Good,97,4,Clear,3,6910,8.323025933287921,No,Highly Likely to Crash
603,Type C,50,Average,54,4,Clear,3,3897,10.883164482565714,Yes,Highly Likely to Crash
604,Type A,91,Average,90,5,Clear,0,13531,9.431934060940883,No,Highly Likely to Crash
605,Type A,67,Average,57,1,Clear,0,1410,6.391842499634932,No,Highly Likely to Crash
606,Type B,97,Average,60,4,Stormy,3,19007,14.16165774078057,No,Highly Likely to Crash
607,Type B,89,Good,65,4,Cloudy,0,18735,8.195814379430228,Yes,Highly Likely to Crash
608,Type C,82,Good,88,1,Stormy,2,15415,14.578262116097399,Yes,Inconclusive
609,Type B,61,Good,96,3,Clear,2,13363,8.894259541033923,No,Highly Likely to Crash
610,Type C,57,Good,73,1,Clear,2,12457,12.107368253560987,No,Highly Likely to Crash
611,Type B,73,Average,70,0,Clear,0,2115,11.388323444153484,No,Inconclusive
612,Type A,65,Poor,72,1,Clear,0,11082,10.251532852700972,No,Highly Likely to Crash
613,Type C,99,Poor,98,0,Clear,0,9897,1.2024518405533526,Yes,Highly Likely to Crash
614,Type C,53,Average,87,1,Cloudy,1,4526,2.0840081070042693,No,Highly Likely to Crash
615,Type A,87,Average,96,0,Stormy,0,7369,9.140780034864983,No,Inconclusive
616,Type C,93,Poor,57,0,Stormy,2,11371,13.764939904293966,No,Highly Likely to Crash
617,Type C,76,Poor,56,1,Cloudy,2,19330,9.415983336079826,Yes,Highly Likely to Crash
618,Type B,58,Average,51,5,Cloudy,2,3812,4.303943941729652,Yes,Highly Likely to Crash
619,Type C,96,Average,79,4,Cloudy,1,8514,5.483057622617658,Yes,Highly Likely to Crash
620,Type A,65,Good,62,2,Stormy,3,5519,9.724238237123807,Yes,Highly Likely to Crash
621,Type B,61,Good,72,4,Stormy,2,10793,9.358762518610241,Yes,Highly Likely to Crash
622,Type B,80,Poor,78,0,Clear,1,3716,14.379840743011465,No,Highly Likely to Crash
623,Type A,73,Average,87,1,Stormy,3,11722,8.407183896105686,Yes,Inconclusive
624,Type A,63,Poor,86,1,Stormy,1,19408,5.970208347625353,No,Highly Likely to Crash
625,Type B,94,Good,69,1,Cloudy,1,14103,8.349898594379855,No,Inconclusive
626,Type C,74,Good,82,1,Stormy,3,13840,12.007275765791224,No,Inconclusive
627,Type B,83,Poor,78,5,Clear,0,11434,8.565093280974274,Yes,Highly Likely to Crash
628,Type A,52,Good,99,2,Stormy,0,18845,5.564735704027994,Yes,Highly Likely to Crash
629,Type B,73,Average,64,3,Cloudy,2,5125,5.740694715471099,Yes,Inconclusive
630,Type A,91,Poor,72,0,Cloudy,3,8792,11.595365469392908,No,Highly Likely to Crash
631,Type B,58,Average,91,2,Clear,2,10005,1.930275876057946,No,Highly Likely to Crash
632,Type C,75,Average,52,4,Clear,1,3948,4.846573866443173,Yes,Highly Likely to Crash
633,Type B,69,Good,86,3,Stormy,0,15178,3.1425262657195825,Yes,Highly Likely to Crash
634,Type B,89,Average,78,3,Clear,2,6547,14.225458864761238,Yes,Inconclusive
635,Type A,59,Poor,94,1,Clear,2,1714,2.2613196843544987,No,Highly Likely to Crash
636,Type A,68,Average,57,2,Cloudy,0,10058,11.614570534347592,No,Highly Likely to Crash
637,Type A,52,Average,71,4,Cloudy,1,8375,9.825957972568384,Yes,Highly Likely to Crash
638,Type B,73,Average,78,1,Stormy,2,14419,9.859261609393597,No,Inconclusive
639,Type C,54,Average,51,1,Stormy,2,15725,11.688062380070392,No,Highly Likely to Crash
640,Type A,52,Average,90,5,Stormy,3,12315,6.606831609033109,Yes,Highly Likely to Crash
641,Type A,76,Good,98,0,Stormy,3,5979,6.6104071099618364,No,Inconclusive
642,Type B,65,Poor,99,3,Cloudy,0,672,5.04188095132438,No,Highly Likely to Crash
643,Type A,98,Good,94,4,Stormy,0,17770,9.368500516399251,No,Highly Likely to Crash
644,Type C,64,Poor,50,3,Stormy,1,16544,14.017273529543615,Yes,Highly Likely to Crash
645,Type C,84,Poor,93,2,Clear,1,6763,13.935764791473037,No,Highly Likely to Crash
646,Type A,61,Poor,69,0,Stormy,2,12121,10.841449410539393,No,Highly Likely to Crash
647,Type A,90,Poor,70,1,Clear,3,10101,13.686600794462702,Yes,Highly Likely to Crash
648,Type B,93,Poor,86,0,Cloudy,1,7556,14.489263596980757,Yes,Highly Likely to Crash
649,Type C,75,Average,57,1,Stormy,2,14745,12.131469202039078,No,Inconclusive
650,Type C,96,Good,76,0,Clear,2,16178,6.709666605206847,No,Less Likely to Crash
651,Type A,83,Good,96,1,Stormy,0,760,7.765149528643871,No,Inconclusive
652,Type B,72,Average,84,3,Clear,3,1852,14.03759688133838,Yes,Inconclusive
653,Type C,80,Poor,55,3,Stormy,2,5743,10.380113053845944,Yes,Highly Likely to Crash
654,Type C,99,Good,94,3,Cloudy,0,10191,12.489715456606454,No,Inconclusive
655,Type B,69,Average,93,3,Cloudy,2,13065,2.625596500435849,Yes,Highly Likely to Crash
656,Type B,61,Average,68,0,Clear,3,19890,3.7146198112690185,Yes,Highly Likely to Crash
657,Type C,72,Good,67,1,Clear,2,17706,5.817518542521563,Yes,Inconclusive
658,Type C,53,Good,50,3,Cloudy,2,17415,3.635369177833735,Yes,Highly Likely to Crash
659,Type B,72,Poor,74,0,Stormy,1,19704,13.690510905121563,Yes,Highly Likely to Crash
660,Type C,97,Poor,76,1,Clear,1,666,4.036467657964604,Yes,Highly Likely to Crash
661,Type A,97,Good,56,0,Cloudy,0,13023,8.800572000626945,No,Less Likely to Crash
662,Type A,50,Poor,93,5,Clear,2,17939,2.196354182092678,No,Highly Likely to Crash
663,Type B,74,Average,91,3,Cloudy,0,1754,3.1694658513341616,No,Inconclusive
664,Type B,51,Poor,78,2,Cloudy,3,4786,4.463811889596869,Yes,Highly Likely to Crash
665,Type B,79,Poor,80,0,Clear,0,8509,14.760507620781405,No,Highly Likely to Crash
666,Type A,52,Average,93,3,Clear,2,4507,12.15889259805477,No,Highly Likely to Crash
667,Type C,70,Poor,92,4,Cloudy,1,15492,10.429770822773966,Yes,Highly Likely to Crash
668,Type A,74,Average,85,1,Stormy,1,8258,13.827667773897225,No,Inconclusive
669,Type C,69,Poor,68,5,Cloudy,0,10223,14.386921231146607,No,Highly Likely to Crash
670,Type A,98,Good,55,3,Stormy,1,15090,7.35002079990249,No,Inconclusive
671,Type C,71,Poor,74,4,Stormy,2,16138,5.587652292196792,No,Highly Likely to Crash
672,Type A,70,Good,80,0,Stormy,2,12734,5.414414575959839,Yes,Inconclusive
673,Type B,82,Good,58,0,Clear,3,14511,1.5002074291402794,No,Inconclusive
674,Type A,87,Good,69,4,Cloudy,1,8389,4.9149333121687295,Yes,Highly Likely to Crash
675,Type C,64,Good,59,5,Cloudy,1,12516,5.970643540712415,Yes,Highly Likely to Crash
676,Type A,95,Good,86,4,Stormy,3,15915,1.5165837522822707,No,Highly Likely to Crash
677,Type A,64,Average,76,1,Stormy,0,5244,13.356467418664542,Yes,Highly Likely to Crash
678,Type A,95,Average,62,0,Stormy,3,10296,12.86999430119641,Yes,Inconclusive
679,Type B,74,Average,90,4,Cloudy,1,12465,4.521012879081639,Yes,Highly Likely to Crash
680,Type A,70,Good,51,2,Stormy,0,4787,12.235824604334196,Yes,Inconclusive
681,Type B,73,Poor,99,2,Cloudy,2,1502,12.146966307144,No,Highly Likely to Crash
682,Type B,54,Average,70,4,Cloudy,2,14089,5.690178636290707,No,Highly Likely to Crash
683,Type A,55,Poor,82,1,Clear,3,13422,10.758952540835319,Yes,Highly Likely to Crash
684,Type A,98,Poor,73,0,Stormy,2,584,5.058009732421882,Yes,Highly Likely to Crash
685,Type A,92,Good,93,2,Stormy,1,19879,1.983867302427799,Yes,Inconclusive
686,Type C,97,Good,91,4,Stormy,3,13515,8.067169675005701,Yes,Highly Likely to Crash
687,Type A,93,Good,83,4,Clear,1,15873,7.13657857230683,No,Highly Likely to Crash
688,Type B,96,Average,58,3,Stormy,1,5656,2.934140803271305,Yes,Inconclusive
689,Type A,72,Good,51,4,Cloudy,0,7694,7.8677467178611815,No,Highly Likely to Crash
690,Type C,53,Average,79,1,Stormy,0,6283,14.291260440596828,Yes,Highly Likely to Crash
691,Type A,76,Average,71,2,Cloudy,0,6195,11.239504060647823,Yes,Inconclusive
692,Type C,67,Average,95,3,Cloudy,2,12857,11.344212339241118,Yes,Highly Likely to Crash
693,Type C,70,Average,60,2,Cloudy,0,17037,11.605711131152065,No,Inconclusive
694,Type A,77,Good,92,2,Cloudy,1,10153,11.42487330175964,No,Inconclusive
695,Type B,84,Average,66,1,Stormy,3,2519,1.2786200956084943,No,Inconclusive
696,Type C,71,Good,85,4,Clear,3,16655,13.945673099715044,Yes,Highly Likely to Crash
697,Type A,89,Good,62,1,Clear,1,1070,12.621928702142826,No,Inconclusive
698,Type A,72,Average,56,4,Cloudy,2,8422,4.844111704062038,Yes,Highly Likely to Crash
699,Type B,52,Good,65,3,Stormy,3,16700,8.738409067712823,Yes,Highly Likely to Crash
700,Type C,89,Poor,82,1,Clear,1,12269,9.61008301934434,No,Highly Likely to Crash
701,Type C,99,Good,94,1,Stormy,1,6653,2.847230407627431,Yes,Inconclusive
702,Type A,59,Good,50,5,Clear,1,19575,4.555487275999784,No,Highly Likely to Crash
703,Type A,74,Average,60,0,Cloudy,3,10801,1.3255060939781287,Yes,Inconclusive
704,Type B,98,Average,55,1,Cloudy,3,6007,13.095324080759715,Yes,Inconclusive
705,Type B,57,Good,69,5,Cloudy,0,5369,1.3486709764468061,Yes,Highly Likely to Crash
706,Type C,60,Average,84,0,Clear,0,16091,5.461741730052138,Yes,Highly Likely to Crash
707,Type C,54,Poor,93,4,Stormy,1,4155,2.0954509012471236,Yes,Highly Likely to Crash
708,Type A,94,Poor,86,4,Cloudy,1,16847,11.93968296639473,No,Highly Likely to Crash
709,Type C,86,Average,90,4,Stormy,1,2992,13.94975882299663,Yes,Highly Likely to Crash
710,Type B,94,Good,75,5,Stormy,1,12804,8.879418677449094,Yes,Highly Likely to Crash
711,Type B,87,Poor,61,5,Cloudy,3,7012,2.953935442316503,No,Highly Likely to Crash
712,Type A,78,Poor,79,0,Clear,0,15743,8.81425201600542,No,Highly Likely to Crash
713,Type B,54,Good,77,4,Cloudy,2,9274,11.784777352337501,Yes,Highly Likely to Crash
714,Type B,58,Average,76,2,Cloudy,1,4850,11.057826873168208,No,Highly Likely to Crash
715,Type B,97,Poor,91,1,Clear,0,11382,11.384066082131772,Yes,Highly Likely to Crash
716,Type B,51,Good,68,5,Stormy,1,5156,4.908433795748687,No,Highly Likely to Crash
717,Type A,50,Good,54,5,Clear,3,9011,2.0323253161793917,No,Highly Likely to Crash
718,Type A,89,Poor,54,5,Clear,2,18321,3.0854909396783023,Yes,Highly Likely to Crash
719,Type C,100,Average,90,0,Cloudy,0,16915,14.37709079110517,No,Inconclusive
720,Type B,79,Poor,76,4,Clear,0,1214,9.589195819343736,Yes,Highly Likely to Crash
721,Type C,60,Good,77,2,Clear,2,15589,11.190594482094959,Yes,Highly Likely to Crash
722,Type A,77,Poor,75,1,Clear,3,9731,13.586904284928483,Yes,Highly Likely to Crash
723,Type A,93,Average,76,1,Stormy,2,17292,12.938563931718086,No,Inconclusive
724,Type A,61,Good,98,4,Stormy,0,15663,4.057625896067666,Yes,Highly Likely to Crash
725,Type A,88,Average,91,2,Cloudy,2,16508,1.8128406245225517,No,Inconclusive
726,Type A,75,Poor,70,0,Cloudy,3,7846,13.951794812088421,Yes,Highly Likely to Crash
727,Type A,62,Poor,50,5,Stormy,3,8538,14.743356096928599,No,Highly Likely to Crash
728,Type A,57,Average,77,5,Clear,1,18011,8.942818709195652,No,Highly Likely to Crash
729,Type B,77,Poor,97,4,Cloudy,2,9398,13.437626807728913,No,Highly Likely to Crash
730,Type C,79,Average,64,1,Cloudy,2,12531,4.2454246960065465,No,Inconclusive
731,Type A,58,Poor,66,5,Clear,0,11715,2.5545418642579185,Yes,Highly Likely to Crash
732,Type B,88,Average,75,1,Clear,3,12351,7.997437123717797,Yes,Inconclusive
733,Type B,80,Average,69,1,Clear,2,1282,12.356567872773004,Yes,Inconclusive
734,Type C,70,Good,74,4,Clear,0,5800,10.165150725364654,Yes,Highly Likely to Crash
735,Type A,96,Good,62,3,Clear,1,19063,9.922482354012715,No,Inconclusive
736,Type C,83,Average,82,3,Stormy,2,1678,1.2444247151523262,Yes,Inconclusive
737,Type A,80,Poor,74,3,Clear,2,2906,5.444900493111278,No,Highly Likely to Crash
738,Type B,74,Poor,57,2,Cloudy,0,14046,14.152941011314738,No,Highly Likely to Crash
739,Type B,61,Poor,54,4,Stormy,0,19691,2.8798295532369282,Yes,Highly Likely to Crash
740,Type B,50,Average,55,1,Cloudy,3,12952,11.169123232620159,Yes,Highly Likely to Crash
741,Type B,71,Average,72,5,Clear,3,19648,11.630356153312624,Yes,Highly Likely to Crash
742,Type C,89,Average,79,2,Cloudy,3,3224,11.259665404692042,Yes,Inconclusive
743,Type A,86,Average,63,3,Clear,2,3035,14.849988517402469,Yes,Inconclusive
744,Type A,96,Good,72,0,Cloudy,0,10640,6.728914958926946,No,Less Likely to Crash
745,Type C,50,Average,60,2,Cloudy,3,1701,10.550707490926271,Yes,Highly Likely to Crash
746,Type A,50,Poor,80,2,Clear,2,10511,3.711171587373233,Yes,Highly Likely to Crash
747,Type B,91,Good,55,4,Cloudy,3,3389,6.595938822195231,Yes,Highly Likely to Crash
748,Type A,91,Poor,60,5,Stormy,1,17528,7.881848434063771,No,Highly Likely to Crash
749,Type B,70,Average,62,2,Cloudy,2,11051,4.007585575400357,Yes,Inconclusive
750,Type C,64,Good,61,5,Stormy,3,13164,13.695350393024036,No,Highly Likely to Crash
751,Type A,66,Average,51,4,Stormy,3,16204,11.026769626543073,No,Highly Likely to Crash
752,Type C,71,Good,84,0,Cloudy,1,4820,4.972608753294926,No,Inconclusive
753,Type A,87,Poor,85,1,Stormy,1,3588,2.88939015016632,Yes,Highly Likely to Crash
754,Type B,84,Average,66,1,Stormy,3,9188,5.030142597915108,No,Inconclusive
755,Type C,94,Average,77,3,Cloudy,3,10708,9.721795351403182,No,Inconclusive
756,Type A,65,Good,77,3,Clear,0,9164,12.569720936344002,No,Highly Likely to Crash
757,Type B,57,Good,71,0,Clear,3,10580,8.044355598772245,Yes,Highly Likely to Crash
758,Type C,96,Average,87,1,Stormy,3,8425,2.4349254290631963,No,Inconclusive
759,Type C,66,Good,56,3,Stormy,0,1660,4.490408129755263,Yes,Highly Likely to Crash
760,Type A,66,Average,64,5,Clear,0,11214,5.832014871453733,No,Highly Likely to Crash
761,Type A,75,Good,81,2,Stormy,3,4812,9.905907551954373,No,Inconclusive
762,Type A,62,Poor,60,4,Clear,0,8887,4.453007255063453,Yes,Highly Likely to Crash
763,Type B,66,Good,73,3,Cloudy,2,19132,4.274997497154486,No,Highly Likely to Crash
764,Type A,87,Poor,52,0,Stormy,1,19650,5.006826160696719,No,Highly Likely to Crash
765,Type C,66,Good,79,1,Cloudy,2,18435,9.295406622349685,No,Highly Likely to Crash
766,Type C,97,Good,55,0,Clear,1,2947,7.8968239751903395,Yes,Less Likely to Crash
767,Type A,63,Average,51,4,Clear,1,4809,12.782903346234171,Yes,Highly Likely to Crash
768,Type A,94,Good,63,4,Cloudy,3,11080,10.77105240178638,Yes,Highly Likely to Crash
769,Type C,55,Good,90,0,Stormy,1,8810,10.335506207388628,No,Highly Likely to Crash
770,Type B,84,Poor,67,3,Cloudy,2,3996,3.1651008680645907,No,Highly Likely to Crash
771,Type A,95,Good,100,3,Cloudy,3,2216,1.7731891805706004,No,Inconclusive
772,Type A,63,Average,93,1,Stormy,0,19798,8.139984103829802,Yes,Highly Likely to Crash
773,Type C,96,Poor,80,5,Clear,2,16232,2.002983315201506,Yes,Highly Likely to Crash
774,Type A,57,Average,62,1,Cloudy,3,2172,6.09625082296871,Yes,Highly Likely to Crash
775,Type B,64,Average,75,2,Cloudy,1,9894,1.3655728770622404,No,Highly Likely to Crash
776,Type C,76,Average,93,5,Clear,2,1955,3.4753256728179167,Yes,Highly Likely to Crash
777,Type A,62,Average,61,2,Cloudy,1,14531,2.5451501616491825,Yes,Highly Likely to Crash
778,Type C,98,Poor,67,1,Clear,3,13732,12.213790055662246,No,Highly Likely to Crash
779,Type A,80,Good,58,5,Stormy,3,16840,5.8457661359261515,Yes,Highly Likely to Crash
780,Type A,84,Average,98,5,Clear,0,7526,2.1038512558079527,No,Highly Likely to Crash
781,Type A,55,Poor,70,2,Clear,0,15938,4.71672286355551,No,Highly Likely to Crash
782,Type B,54,Average,97,0,Cloudy,2,4478,10.55931320497873,Yes,Highly Likely to Crash
783,Type B,71,Good,98,3,Clear,0,2971,11.438893810412976,Yes,Inconclusive
784,Type C,98,Poor,89,5,Clear,1,8809,2.678111817893299,No,Highly Likely to Crash
785,Type A,72,Poor,92,5,Cloudy,1,867,11.899930159075069,Yes,Highly Likely to Crash
786,Type A,74,Good,73,2,Clear,0,13917,6.187828215039093,No,Inconclusive
787,Type B,83,Poor,83,5,Cloudy,0,3874,10.511357365090046,Yes,Highly Likely to Crash
788,Type A,75,Good,57,2,Stormy,0,7273,10.401109050157217,Yes,Inconclusive
789,Type B,96,Poor,93,0,Clear,2,14705,12.11029809508695,No,Highly Likely to Crash
790,Type A,54,Poor,82,5,Stormy,2,4312,10.760558924326647,No,Highly Likely to Crash
791,Type C,75,Good,72,4,Clear,1,19081,1.544156993415003,Yes,Highly Likely to Crash
792,Type A,69,Good,62,1,Clear,2,14851,8.272735552453677,Yes,Highly Likely to Crash
793,Type A,55,Poor,98,0,Stormy,2,1400,3.326536428593606,No,Highly Likely to Crash
794,Type B,55,Poor,63,4,Stormy,3,17076,14.579503524897662,Yes,Highly Likely to Crash
795,Type A,99,Good,63,0,Cloudy,1,3270,4.581683539155369,Yes,Less Likely to Crash
796,Type A,67,Good,65,3,Cloudy,1,12040,6.881502917769124,Yes,Highly Likely to Crash
797,Type B,53,Poor,98,0,Stormy,0,5680,3.7538301248281236,No,Highly Likely to Crash
798,Type C,66,Poor,87,0,Clear,3,15808,2.884247873451485,Yes,Highly Likely to Crash
799,Type C,63,Poor,88,3,Cloudy,0,17834,9.413014408451943,Yes,Highly Likely to Crash
800,Type B,63,Good,75,5,Clear,2,7179,7.904515082381289,Yes,Highly Likely to Crash
801,Type B,62,Poor,75,1,Cloudy,1,4106,6.2452362774425785,No,Highly Likely to Crash
802,Type B,56,Average,50,4,Cloudy,2,15178,2.195866310121354,No,Highly Likely to Crash
803,Type B,93,Good,81,2,Cloudy,2,757,11.303431105359952,Yes,Inconclusive
804,Type B,64,Poor,64,1,Stormy,3,18105,1.0819881705778647,No,Highly Likely to Crash
805,Type C,68,Good,70,0,Clear,3,14888,7.407262236610457,No,Highly Likely to Crash
806,Type C,92,Average,67,2,Stormy,1,17534,9.856007731134678,Yes,Inconclusive
807,Type B,96,Good,79,3,Cloudy,1,11010,7.029951698530856,Yes,Inconclusive
808,Type A,93,Poor,62,1,Stormy,3,2925,2.7669257747567184,No,Highly Likely to Crash
809,Type B,84,Average,73,5,Stormy,3,15511,11.89549840659049,Yes,Highly Likely to Crash
810,Type A,66,Average,79,4,Stormy,3,897,5.535215332250704,Yes,Highly Likely to Crash
811,Type B,84,Poor,51,1,Clear,3,11606,2.8865777165470625,Yes,Highly Likely to Crash
812,Type B,68,Poor,68,1,Stormy,1,17444,8.703721406449652,Yes,Highly Likely to Crash
813,Type C,69,Poor,96,5,Stormy,1,8881,1.2684018058962132,No,Highly Likely to Crash
814,Type A,85,Good,93,2,Stormy,2,8896,5.536891670429222,No,Inconclusive
815,Type A,84,Good,96,3,Stormy,2,11707,11.508993174307614,Yes,Inconclusive
816,Type C,81,Good,74,5,Stormy,2,3871,13.777958611098441,Yes,Highly Likely to Crash
817,Type C,97,Poor,99,3,Stormy,1,3541,9.284184432166832,No,Highly Likely to Crash
818,Type C,93,Poor,63,5,Stormy,0,7344,4.046562195561946,Yes,Highly Likely to Crash
819,Type C,89,Good,55,1,Cloudy,2,10397,4.08000210999805,Yes,Inconclusive
820,Type A,73,Average,61,3,Stormy,0,17596,9.454203298973564,Yes,Inconclusive
821,Type A,66,Good,69,2,Stormy,0,3956,6.694663895742216,No,Highly Likely to Crash
822,Type B,56,Average,72,2,Clear,0,11376,3.4817001828626495,Yes,Highly Likely to Crash
823,Type B,92,Poor,79,4,Cloudy,3,4906,12.023558555432086,Yes,Highly Likely to Crash
824,Type C,99,Poor,79,3,Stormy,1,13665,3.803402511017228,Yes,Highly Likely to Crash
825,Type C,50,Good,87,4,Clear,1,12291,5.502971685077579,Yes,Highly Likely to Crash
826,Type C,84,Good,79,5,Stormy,2,13644,1.8600121428934595,Yes,Highly Likely to Crash
827,Type B,81,Poor,90,0,Stormy,2,8149,10.819209583437267,No,Highly Likely to Crash
828,Type B,85,Good,79,2,Stormy,1,4377,4.853890986430061,Yes,Inconclusive
829,Type B,62,Poor,85,1,Stormy,3,6151,4.260137472876776,No,Highly Likely to Crash
830,Type B,55,Poor,98,2,Stormy,1,13318,5.247016004311549,No,Highly Likely to Crash
831,Type B,63,Average,83,0,Clear,0,4612,13.237827461617911,Yes,Highly Likely to Crash
832,Type B,86,Good,65,1,Stormy,1,5065,8.252259986619631,Yes,Inconclusive
833,Type B,97,Poor,73,3,Clear,3,5477,3.2103862181407523,Yes,Highly Likely to Crash
834,Type C,64,Good,63,3,Stormy,1,19562,11.842732421985502,Yes,Highly Likely to Crash
835,Type C,96,Average,75,2,Clear,1,9275,3.9183454388127945,Yes,Inconclusive
836,Type C,53,Average,57,1,Cloudy,1,10688,6.774666074654029,Yes,Highly Likely to Crash
837,Type C,89,Good,63,5,Stormy,0,1341,8.953061469470065,Yes,Highly Likely to Crash
838,Type B,65,Good,80,1,Cloudy,2,11067,9.18220080621594,Yes,Highly Likely to Crash
839,Type A,77,Poor,51,4,Cloudy,3,4538,1.9664496311017992,Yes,Highly Likely to Crash
840,Type B,65,Average,97,0,Cloudy,0,2304,12.715262883842598,Yes,Highly Likely to Crash
841,Type A,53,Average,53,3,Stormy,1,9421,7.712030639130069,No,Highly Likely to Crash
842,Type C,94,Average,50,2,Cloudy,1,4849,14.849649796050498,Yes,Inconclusive
843,Type B,75,Good,69,1,Clear,2,10155,11.04419371126629,Yes,Inconclusive
844,Type C,77,Poor,63,3,Stormy,2,15406,14.895964659974855,Yes,Highly Likely to Crash
845,Type B,81,Good,89,2,Cloudy,2,15379,7.348653472911534,No,Inconclusive
846,Type C,94,Good,74,3,Stormy,0,5446,2.970939701369492,No,Inconclusive
847,Type A,51,Good,74,2,Cloudy,3,10859,11.182331278415058,No,Highly Likely to Crash
848,Type A,80,Poor,52,3,Clear,2,7157,11.888643954763628,Yes,Highly Likely to Crash
849,Type A,52,Good,54,5,Stormy,1,16489,12.939693750354941,No,Highly Likely to Crash
850,Type B,57,Average,87,4,Stormy,3,18456,5.22028635848835,Yes,Highly Likely to Crash
851,Type A,73,Average,75,0,Cloudy,1,13766,8.149575777614578,Yes,Inconclusive
852,Type B,64,Average,89,3,Clear,1,6740,13.005078027045572,No,Highly Likely to Crash
853,Type A,92,Poor,87,0,Stormy,3,10085,13.106307312566589,Yes,Highly Likely to Crash
854,Type A,80,Good,87,3,Cloudy,0,16276,1.3595738027859727,No,Inconclusive
855,Type B,58,Poor,53,1,Clear,3,17140,10.392834976748881,No,Highly Likely to Crash
856,Type B,88,Good,56,4,Clear,2,627,9.423622893990945,No,Highly Likely to Crash
857,Type A,94,Average,79,5,Clear,3,10074,2.166728883056882,Yes,Highly Likely to Crash
858,Type B,51,Good,79,4,Clear,2,12420,14.021905113167433,Yes,Highly Likely to Crash
859,Type A,57,Good,68,0,Stormy,2,14892,7.235212113795987,Yes,Highly Likely to Crash
860,Type B,56,Good,88,1,Stormy,3,15417,10.439607941783674,Yes,Highly Likely to Crash
861,Type C,93,Poor,84,2,Clear,3,2705,13.359169137043619,No,Highly Likely to Crash
862,Type C,100,Good,89,4,Cloudy,2,9013,2.8216949920943906,Yes,Highly Likely to Crash
863,Type C,88,Good,82,5,Cloudy,1,11048,12.981804009066277,No,Highly Likely to Crash
864,Type C,91,Good,82,1,Clear,3,4879,11.140278816236195,Yes,Inconclusive
865,Type C,65,Poor,63,1,Clear,0,8567,12.754292507400232,No,Highly Likely to Crash
866,Type A,84,Poor,87,0,Cloudy,2,11805,7.927699872434188,No,Highly Likely to Crash
867,Type C,79,Poor,59,5,Clear,1,12648,1.4687879495284237,Yes,Highly Likely to Crash
868,Type C,59,Good,77,1,Clear,3,13401,10.387221811948846,No,Highly Likely to Crash
869,Type C,87,Average,63,1,Stormy,3,11388,6.243453997882445,Yes,Inconclusive
870,Type C,67,Average,85,2,Stormy,1,10208,6.633821681080373,Yes,Highly Likely to Crash
871,Type B,99,Average,87,0,Clear,0,11985,7.177670821089329,No,Inconclusive
872,Type A,54,Good,65,0,Clear,2,14617,7.900734900945448,Yes,Highly Likely to Crash
873,Type C,78,Average,70,5,Stormy,3,14720,10.267079255923116,No,Highly Likely to Crash
874,Type C,88,Average,77,1,Clear,0,16721,11.174859467526243,Yes,Inconclusive
875,Type C,83,Average,82,2,Stormy,2,7581,11.875792009062755,No,Inconclusive
876,Type A,92,Good,55,3,Stormy,0,2871,10.402486675420603,No,Inconclusive
877,Type B,94,Average,90,4,Cloudy,2,5516,12.24871187889041,Yes,Highly Likely to Crash
878,Type A,72,Average,64,0,Stormy,2,6802,2.710088910468416,Yes,Inconclusive
879,Type B,54,Good,93,2,Cloudy,0,6882,12.715447326769754,No,Highly Likely to Crash
880,Type C,79,Poor,52,5,Cloudy,2,13107,6.421907220232442,Yes,Highly Likely to Crash
881,Type C,55,Average,92,2,Stormy,3,11952,8.402873460695723,No,Highly Likely to Crash
882,Type A,95,Poor,96,1,Clear,3,16365,7.072911606928403,Yes,Highly Likely to Crash
883,Type A,93,Average,84,4,Stormy,0,19325,7.660040861714876,No,Highly Likely to Crash
884,Type B,53,Good,63,0,Cloudy,0,1517,4.995987591742627,Yes,Highly Likely to Crash
885,Type B,78,Poor,51,3,Stormy,2,3547,3.3793127511954184,No,Highly Likely to Crash
886,Type A,72,Poor,78,1,Stormy,2,13992,2.4685262626058067,Yes,Highly Likely to Crash
887,Type B,55,Poor,53,0,Cloudy,0,10760,7.319583746952944,Yes,Highly Likely to Crash
888,Type A,81,Poor,75,5,Stormy,1,14394,2.7536539517271414,No,Highly Likely to Crash
889,Type B,91,Average,100,0,Stormy,0,12357,4.429838615671166,No,Inconclusive
890,Type A,67,Average,61,2,Cloudy,1,4750,2.8706223987663115,No,Highly Likely to Crash
891,Type A,64,Poor,51,4,Clear,1,7891,2.527697242054058,No,Highly Likely to Crash
892,Type A,89,Average,66,3,Cloudy,0,2946,13.354456069868519,No,Inconclusive
893,Type B,81,Poor,84,4,Cloudy,0,18283,10.436363342121581,No,Highly Likely to Crash
894,Type B,58,Poor,59,2,Stormy,0,11211,13.932627566164848,Yes,Highly Likely to Crash
895,Type B,86,Good,97,3,Cloudy,1,12619,10.016170215260754,Yes,Inconclusive
896,Type A,59,Poor,71,3,Stormy,3,4187,12.815314336473861,No,Highly Likely to Crash
897,Type B,69,Average,90,1,Stormy,3,16867,8.774180249774957,Yes,Highly Likely to Crash
898,Type B,55,Poor,92,3,Stormy,0,8364,7.476820709453149,No,Highly Likely to Crash
899,Type A,97,Good,70,0,Cloudy,0,6627,8.398683614047558,Yes,Less Likely to Crash
900,Type C,52,Average,64,4,Cloudy,2,17436,5.4831569226748496,No,Highly Likely to Crash
901,Type A,91,Good,84,5,Stormy,2,14334,10.21161347391308,No,Highly Likely to Crash
902,Type B,60,Good,97,5,Clear,2,9421,13.56044862338952,Yes,Highly Likely to Crash
903,Type A,92,Poor,70,4,Clear,0,19444,11.952948250829063,No,Highly Likely to Crash
904,Type C,66,Good,70,1,Cloudy,3,5608,7.468000150321995,Yes,Highly Likely to Crash
905,Type A,81,Good,70,3,Stormy,3,4766,14.354867201577733,Yes,Inconclusive
906,Type B,53,Average,93,2,Stormy,0,5445,14.795923317653536,Yes,Highly Likely to Crash
907,Type C,53,Good,81,0,Cloudy,0,9485,7.903408536222805,Yes,Highly Likely to Crash
908,Type B,66,Poor,54,1,Clear,1,8866,13.104957778378937,Yes,Highly Likely to Crash
909,Type C,90,Poor,88,3,Cloudy,1,3051,1.0667835864937483,Yes,Highly Likely to Crash
910,Type C,68,Poor,58,5,Cloudy,3,4348,1.9331782844534284,Yes,Highly Likely to Crash
911,Type A,54,Good,67,2,Stormy,2,3956,1.3134517250028912,Yes,Highly Likely to Crash
912,Type A,81,Average,70,3,Cloudy,3,19642,11.824281962866698,Yes,Inconclusive
913,Type B,71,Poor,57,1,Clear,1,12531,2.1169075602052887,Yes,Highly Likely to Crash
914,Type A,55,Good,93,2,Cloudy,3,8619,1.2387076448984997,No,Highly Likely to Crash
915,Type A,84,Poor,83,2,Stormy,1,10662,3.063862826973634,Yes,Highly Likely to Crash
916,Type C,71,Poor,59,2,Clear,1,2160,5.2881270781796115,Yes,Highly Likely to Crash
917,Type A,50,Average,100,2,Stormy,2,13708,7.5058095465643975,No,Highly Likely to Crash
918,Type C,69,Poor,90,3,Cloudy,2,11216,1.9156459860256396,No,Highly Likely to Crash
919,Type C,71,Average,73,2,Cloudy,1,13509,7.98575126971293,No,Inconclusive
920,Type C,97,Good,89,3,Cloudy,0,12227,4.472860454624405,No,Inconclusive
921,Type B,60,Poor,73,2,Stormy,2,14421,4.8412009313667115,Yes,Highly Likely to Crash
922,Type B,62,Good,81,2,Cloudy,1,13521,12.506631523070082,Yes,Highly Likely to Crash
923,Type B,91,Good,82,1,Clear,0,19807,14.816930064732736,Yes,Inconclusive
924,Type C,52,Good,87,3,Clear,0,11733,7.494096409662647,No,Highly Likely to Crash
925,Type B,58,Poor,93,5,Stormy,3,19592,5.5047897321629495,No,Highly Likely to Crash
926,Type B,61,Average,100,3,Stormy,3,13100,14.040274466233964,Yes,Highly Likely to Crash
927,Type A,72,Poor,98,4,Stormy,2,11001,8.006278250528432,No,Highly Likely to Crash
928,Type B,63,Good,83,5,Cloudy,0,8922,11.224949996530098,Yes,Highly Likely to Crash
929,Type B,82,Average,60,1,Clear,2,19634,6.792360433438373,No,Inconclusive
930,Type C,67,Good,80,3,Clear,1,16239,3.8356800872142327,No,Highly Likely to Crash
931,Type C,98,Average,67,1,Clear,2,11385,10.16839157594676,Yes,Inconclusive
932,Type C,90,Poor,72,5,Stormy,0,7976,10.307797093514077,Yes,Highly Likely to Crash
933,Type C,58,Average,71,1,Stormy,3,8431,7.44257390110531,Yes,Highly Likely to Crash
934,Type C,72,Poor,92,1,Cloudy,2,14199,4.779294891131709,No,Highly Likely to Crash
935,Type C,59,Good,67,0,Stormy,3,3304,12.645388888878482,No,Highly Likely to Crash
936,Type B,68,Average,89,3,Clear,2,16636,4.854453741398083,Yes,Highly Likely to Crash
937,Type C,96,Good,96,1,Cloudy,1,17725,10.22633580773509,Yes,Inconclusive
938,Type C,54,Average,90,0,Stormy,0,6075,6.375798734497755,Yes,Highly Likely to Crash
939,Type A,96,Poor,96,0,Stormy,2,12275,7.6147294911282115,No,Highly Likely to Crash
940,Type B,72,Average,88,2,Clear,1,11181,3.9596372610066086,No,Inconclusive
941,Type B,79,Average,69,2,Cloudy,1,15418,10.092719236711114,Yes,Inconclusive
942,Type B,74,Poor,62,5,Stormy,1,13606,4.161561670668588,Yes,Highly Likely to Crash
943,Type C,77,Poor,94,3,Stormy,3,1107,7.799996652506591,Yes,Highly Likely to Crash
944,Type C,83,Poor,50,2,Cloudy,3,5118,5.598431504049694,No,Highly Likely to Crash
945,Type C,94,Average,53,5,Cloudy,1,14589,14.490480258984702,No,Highly Likely to Crash
946,Type A,97,Good,73,3,Stormy,1,16068,14.751095342509664,Yes,Inconclusive
947,Type C,96,Average,85,5,Stormy,2,4757,11.54887830273261,No,Highly Likely to Crash
948,Type A,74,Average,85,0,Clear,2,16431,14.774844927966813,Yes,Inconclusive
949,Type B,59,Good,94,0,Cloudy,0,16294,2.589708999308333,Yes,Highly Likely to Crash
950,Type C,63,Poor,51,3,Stormy,2,10723,14.89254515618829,Yes,Highly Likely to Crash
951,Type A,91,Average,77,5,Stormy,0,17085,2.4497828291918182,No,Highly Likely to Crash
952,Type A,95,Good,75,5,Stormy,0,1864,6.8163248315072265,Yes,Highly Likely to Crash
953,Type C,79,Poor,72,2,Stormy,0,1251,4.345265982162351,Yes,Highly Likely to Crash
954,Type B,90,Poor,64,2,Clear,3,13737,14.353843487672677,No,Highly Likely to Crash
955,Type B,74,Average,85,3,Cloudy,2,15208,9.901059087187981,Yes,Inconclusive
956,Type B,63,Poor,76,4,Stormy,1,8045,9.359785473528184,Yes,Highly Likely to Crash
957,Type A,84,Poor,55,2,Cloudy,0,5844,14.964139068422574,Yes,Highly Likely to Crash
958,Type A,97,Good,84,1,Cloudy,1,1705,9.573965454470555,Yes,Inconclusive
959,Type A,83,Good,88,2,Stormy,0,10012,10.046238333104473,No,Inconclusive
960,Type A,59,Poor,87,4,Stormy,2,4387,1.6268401901546263,No,Highly Likely to Crash
961,Type B,84,Good,84,5,Stormy,0,1830,13.026708428469522,Yes,Highly Likely to Crash
962,Type C,60,Poor,85,0,Clear,2,9122,14.581252044389736,No,Highly Likely to Crash
963,Type A,60,Average,59,0,Stormy,1,5183,14.444356107331611,No,Highly Likely to Crash
964,Type A,70,Good,79,5,Cloudy,2,19158,4.0954785335329635,No,Highly Likely to Crash
965,Type B,70,Poor,90,0,Cloudy,1,3865,4.1628148155822275,No,Highly Likely to Crash
966,Type C,71,Poor,87,2,Clear,2,18147,6.124659752984495,No,Highly Likely to Crash
967,Type C,94,Good,78,0,Stormy,0,4799,5.342940992845937,No,Less Likely to Crash
968,Type B,56,Good,92,4,Stormy,0,4233,5.278605063564938,No,Highly Likely to Crash
969,Type B,66,Average,88,4,Clear,2,2165,9.473034039891278,No,Highly Likely to Crash
970,Type C,51,Poor,99,2,Clear,1,1360,12.278512095717296,Yes,Highly Likely to Crash
971,Type A,61,Average,53,5,Stormy,1,17728,14.114754249444402,Yes,Highly Likely to Crash
972,Type C,91,Average,54,1,Stormy,1,12181,1.950046700082653,Yes,Inconclusive
973,Type B,67,Average,53,2,Cloudy,2,17020,4.891698669377611,Yes,Highly Likely to Crash
974,Type A,60,Good,85,0,Stormy,2,11924,4.570192828201369,Yes,Highly Likely to Crash
975,Type A,65,Average,94,2,Stormy,2,6286,6.0041552900337205,Yes,Highly Likely to Crash
976,Type B,98,Good,65,4,Cloudy,2,9845,6.940679683603994,Yes,Highly Likely to Crash
977,Type B,100,Good,74,2,Cloudy,1,12098,6.448400603842304,Yes,Inconclusive
978,Type B,67,Average,63,2,Cloudy,1,8825,14.3300609313368,No,Highly Likely to Crash
979,Type C,84,Average,60,1,Cloudy,3,18945,7.119806785181401,Yes,Inconclusive
980,Type C,75,Poor,78,4,Clear,2,4878,8.722295995188011,Yes,Highly Likely to Crash
981,Type A,65,Average,83,3,Cloudy,3,11545,11.480865926802693,No,Highly Likely to Crash
982,Type B,55,Poor,71,3,Clear,2,4230,11.1511871578113,No,Highly Likely to Crash
983,Type A,93,Average,63,4,Cloudy,3,12184,9.161503933723962,Yes,Highly Likely to Crash
984,Type A,92,Average,73,3,Cloudy,1,6622,13.051648328988659,Yes,Inconclusive
985,Type A,96,Average,88,0,Cloudy,1,2295,9.73853832517159,Yes,Inconclusive
986,Type A,96,Average,75,3,Stormy,3,10541,13.246623863440393,No,Inconclusive
987,Type B,97,Poor,92,0,Clear,0,8687,5.238720508155053,Yes,Highly Likely to Crash
988,Type A,91,Poor,85,4,Cloudy,2,5340,2.8483314767866985,No,Highly Likely to Crash
989,Type B,61,Average,88,3,Stormy,3,11419,12.473286391689768,Yes,Highly Likely to Crash
990,Type B,62,Average,65,3,Clear,3,4226,6.355250711648731,No,Highly Likely to Crash
991,Type C,53,Poor,87,5,Clear,0,759,10.115184002977363,No,Highly Likely to Crash
992,Type B,88,Good,81,0,Stormy,1,18125,11.322356750574306,No,Inconclusive
993,Type C,51,Good,55,0,Clear,3,2343,5.573946655981485,Yes,Highly Likely to Crash
994,Type B,75,Good,83,2,Stormy,1,14254,8.072287439980547,Yes,Inconclusive
995,Type B,76,Poor,57,1,Cloudy,2,2780,13.528971211953056,No,Highly Likely to Crash
996,Type B,76,Poor,79,3,Stormy,0,8296,13.317105293338606,No,Highly Likely to Crash
997,Type C,64,Good,76,5,Clear,1,5067,11.490999085178704,No,Highly Likely to Crash
998,Type C,57,Good,56,1,Clear,3,9800,11.678353447209034,Yes,Highly Likely to Crash
999,Type A,56,Average,76,5,Cloudy,0,1755,13.567582287138649,No,Highly Likely to Crash
1000,Type C,96,Poor,74,1,Stormy,0,6962,11.308653422058825,Yes,Highly Likely to Crash
1001,Type C,95,Poor,95,3,Cloudy,0,10932,5.754195030248936,Yes,Highly Likely to Crash
1002,Type C,89,Good,90,5,Stormy,0,18542,2.690957514960261,No,Highly Likely to Crash
1003,Type C,61,Good,64,0,Stormy,0,19532,6.906377399646322,No,Highly Likely to Crash
1004,Type A,62,Poor,74,2,Stormy,2,15442,2.2228078219514686,Yes,Highly Likely to Crash
1005,Type C,92,Average,71,5,Cloudy,2,12650,2.6207908778710376,Yes,Highly Likely to Crash
1006,Type B,66,Good,67,4,Cloudy,0,3871,14.302409299711973,Yes,Highly Likely to Crash
1007,Type B,66,Poor,61,3,Clear,3,8120,10.462417448434856,No,Highly Likely to Crash
1008,Type C,85,Poor,72,3,Cloudy,3,3432,12.922521806584188,Yes,Highly Likely to Crash
1009,Type C,70,Average,100,4,Stormy,2,10278,10.00058870582887,Yes,Highly Likely to Crash
1010,Type B,57,Average,94,1,Stormy,1,10804,6.859560397600996,No,Highly Likely to Crash
1011,Type B,54,Good,88,2,Stormy,0,8619,1.3522229544621587,Yes,Highly Likely to Crash
1012,Type A,75,Good,74,1,Cloudy,3,15057,14.381718517650524,No,Inconclusive
1013,Type B,65,Good,59,4,Clear,2,14907,1.9930546087361374,No,Highly Likely to Crash
1014,Type B,85,Poor,79,4,Cloudy,2,5483,9.542282924277657,No,Highly Likely to Crash
1015,Type C,77,Good,59,2,Clear,1,3021,2.4308449642272154,No,Inconclusive
1016,Type B,78,Poor,83,4,Cloudy,1,19586,4.978067500253957,No,Highly Likely to Crash
1017,Type A,96,Good,95,4,Stormy,3,16902,3.6014444021831262,No,Highly Likely to Crash
1018,Type B,61,Average,62,5,Clear,1,19453,8.752036812224276,No,Highly Likely to Crash
1019,Type C,86,Average,78,2,Cloudy,1,16843,13.419054831709401,No,Inconclusive
1020,Type C,79,Poor,87,3,Stormy,0,1283,9.898712309168026,No,Highly Likely to Crash
1021,Type B,72,Average,90,1,Clear,2,10398,10.298632273087648,Yes,Inconclusive
1022,Type C,65,Poor,94,3,Clear,2,17298,13.725040946986237,No,Highly Likely to Crash
1023,Type A,63,Poor,58,3,Stormy,1,9055,11.491953191595474,Yes,Highly Likely to Crash
1024,Type A,59,Average,62,5,Stormy,2,11267,13.123381709376458,Yes,Highly Likely to Crash
1025,Type B,56,Poor,86,1,Cloudy,2,1603,6.829489286038115,No,Highly Likely to Crash
1026,Type B,94,Average,63,3,Cloudy,3,5809,13.114988728809681,No,Inconclusive
1027,Type B,86,Good,86,2,Stormy,2,1671,10.042059439921823,No,Inconclusive
1028,Type C,78,Good,58,1,Cloudy,1,9134,2.8985089583787333,Yes,Inconclusive
1029,Type A,52,Average,57,0,Stormy,3,6908,1.541975117138925,No,Highly Likely to Crash
1030,Type A,64,Average,88,5,Stormy,2,12635,4.416481791600981,Yes,Highly Likely to Crash
1031,Type C,85,Average,89,3,Cloudy,2,14210,6.296895083573677,Yes,Inconclusive
1032,Type A,96,Average,52,4,Cloudy,3,7136,12.725950125131995,Yes,Highly Likely to Crash
1033,Type B,95,Good,96,1,Clear,3,3089,11.377423798354153,No,Inconclusive
1034,Type B,68,Poor,89,0,Clear,2,10531,14.375260189296846,No,Highly Likely to Crash
1035,Type B,62,Poor,82,4,Cloudy,0,10195,8.828447182451084,Yes,Highly Likely to Crash
1036,Type A,91,Good,81,0,Cloudy,0,16027,11.468383122511923,Yes,Less Likely to Crash
1037,Type B,70,Poor,56,3,Cloudy,2,6222,4.853967393396746,Yes,Highly Likely to Crash
1038,Type C,86,Good,68,4,Clear,2,13902,10.5140905005343,Yes,Highly Likely to Crash
1039,Type C,76,Poor,83,3,Cloudy,3,17606,10.886116835508005,No,Highly Likely to Crash
1040,Type A,78,Average,63,4,Clear,3,1341,12.877814597873858,No,Highly Likely to Crash
1041,Type C,69,Average,99,1,Clear,2,19231,8.509649152251173,Yes,Highly Likely to Crash
1042,Type C,74,Average,96,2,Clear,2,1145,10.086072066332479,Yes,Inconclusive
1043,Type A,55,Good,95,2,Clear,2,8715,3.8426833414685837,Yes,Highly Likely to Crash
1044,Type B,85,Good,68,0,Stormy,2,16890,11.314627261770319,No,Inconclusive
1045,Type B,51,Poor,100,5,Cloudy,0,4201,12.737764116961893,No,Highly Likely to Crash
1046,Type B,71,Poor,75,4,Cloudy,3,14408,9.312328446609829,Yes,Highly Likely to Crash
1047,Type A,81,Poor,66,3,Stormy,1,9963,2.6194424732387747,No,Highly Likely to Crash
1048,Type C,65,Good,77,5,Cloudy,2,12953,5.3800029883672025,No,Highly Likely to Crash
1049,Type B,67,Poor,68,1,Clear,2,13215,7.65720511415806,Yes,Highly Likely to Crash
1050,Type B,54,Average,76,1,Stormy,2,6130,10.480273479639678,No,Highly Likely to Crash
1051,Type A,85,Poor,97,1,Clear,1,16402,5.484579510113156,No,Highly Likely to Crash
1052,Type B,79,Average,68,2,Stormy,3,3056,12.7640747187476,No,Inconclusive
1053,Type A,94,Good,82,3,Clear,3,19838,6.20505707911565,No,Inconclusive
1054,Type C,68,Average,100,1,Cloudy,2,7887,1.599708871257451,No,Highly Likely to Crash
1055,Type A,72,Average,56,1,Cloudy,2,10358,12.11592183337769,No,Inconclusive
1056,Type A,83,Average,78,0,Cloudy,3,14130,10.019124373154577,Yes,Inconclusive
1057,Type A,62,Good,92,4,Stormy,1,5161,12.227390926229766,Yes,Highly Likely to Crash
1058,Type A,92,Good,54,4,Cloudy,2,4301,5.884457385736509,Yes,Highly Likely to Crash
1059,Type C,78,Good,79,4,Stormy,1,7913,1.2468226901370416,No,Highly Likely to Crash
1060,Type C,85,Good,98,5,Clear,1,18047,2.0325409312095912,No,Highly Likely to Crash
1061,Type B,71,Poor,92,0,Cloudy,3,12571,2.565210929811581,No,Highly Likely to Crash
1062,Type C,96,Good,57,2,Clear,2,18165,12.272066094179824,Yes,Inconclusive
1063,Type C,85,Average,91,5,Cloudy,0,11356,5.220086561042202,Yes,Highly Likely to Crash
1064,Type B,58,Good,61,0,Clear,3,11587,14.970579131914478,No,Highly Likely to Crash
1065,Type C,88,Poor,91,1,Stormy,3,8687,11.617437550956394,No,Highly Likely to Crash
1066,Type A,100,Poor,62,3,Cloudy,0,17186,9.416169343263245,No,Highly Likely to Crash
1067,Type A,68,Poor,75,5,Stormy,2,14305,14.770671767949947,No,Highly Likely to Crash
1068,Type B,87,Average,67,5,Stormy,1,9447,5.42832863643125,No,Highly Likely to Crash
1069,Type B,55,Good,91,1,Clear,1,9918,3.318617967696396,Yes,Highly Likely to Crash
1070,Type B,96,Good,100,1,Cloudy,1,8075,11.321821575118413,Yes,Inconclusive
1071,Type A,64,Good,98,3,Stormy,2,9925,4.893167303054983,No,Highly Likely to Crash
1072,Type C,69,Average,69,4,Clear,3,6478,14.4545169929346,Yes,Highly Likely to Crash
1073,Type A,58,Average,65,5,Clear,3,14936,14.832970371502393,No,Highly Likely to Crash
1074,Type B,81,Poor,86,0,Clear,3,9589,13.969661530354953,Yes,Highly Likely to Crash
1075,Type C,53,Poor,52,2,Cloudy,3,8654,14.226664680733625,No,Highly Likely to Crash
1076,Type C,99,Good,76,1,Cloudy,3,8683,9.61916744382904,No,Inconclusive
1077,Type A,67,Average,64,1,Clear,0,3862,10.689661093960819,No,Highly Likely to Crash
1078,Type B,54,Average,83,2,Cloudy,1,11601,2.3194462088177215,No,Highly Likely to Crash
1079,Type A,69,Good,94,0,Clear,1,10146,11.682702236201644,Yes,Highly Likely to Crash
1080,Type C,72,Good,71,1,Cloudy,2,18896,3.828887083076522,No,Inconclusive
1081,Type A,60,Poor,89,2,Cloudy,0,17984,12.764564835861359,No,Highly Likely to Crash
1082,Type A,86,Poor,72,1,Clear,3,16255,14.46144548855402,No,Highly Likely to Crash
1083,Type B,71,Poor,98,4,Clear,3,5604,3.9732868083166264,No,Highly Likely to Crash
1084,Type B,53,Good,53,4,Cloudy,3,10012,2.092435646478698,Yes,Highly Likely to Crash
1085,Type C,78,Good,100,1,Clear,0,16569,7.7744619497504575,Yes,Inconclusive
1086,Type A,93,Poor,90,1,Clear,2,16806,12.081691207276327,Yes,Highly Likely to Crash
1087,Type A,83,Poor,72,4,Clear,0,16755,11.788962379209321,No,Highly Likely to Crash
1088,Type A,62,Average,96,1,Clear,2,5002,10.755459079192178,Yes,Highly Likely to Crash
1089,Type C,91,Average,58,0,Cloudy,1,15752,12.489743863286376,No,Inconclusive
1090,Type C,58,Poor,73,0,Stormy,2,6537,3.4498369363321375,Yes,Highly Likely to Crash
1091,Type B,91,Poor,70,3,Cloudy,1,18039,10.127128610403243,Yes,Highly Likely to Crash
1092,Type B,80,Average,90,0,Clear,2,9792,9.479510422567097,No,Inconclusive
1093,Type B,56,Poor,95,5,Clear,1,14966,3.1480441326357043,Yes,Highly Likely to Crash
1094,Type A,53,Average,65,5,Cloudy,1,1496,6.801978988939667,No,Highly Likely to Crash
1095,Type A,68,Average,74,5,Clear,3,10127,12.935416070333664,Yes,Highly Likely to Crash
1096,Type B,91,Average,75,1,Cloudy,2,19429,14.605225256674238,No,Inconclusive
1097,Type A,79,Good,98,1,Stormy,3,5484,10.316022486082925,No,Inconclusive
1098,Type B,80,Good,94,2,Clear,1,17237,13.907174587807422,No,Inconclusive
1099,Type C,84,Poor,58,5,Stormy,3,2818,2.8486892281678426,No,Highly Likely to Crash
1100,Type B,70,Average,64,5,Stormy,0,14203,14.650847359001261,Yes,Highly Likely to Crash
1101,Type C,80,Good,88,0,Clear,3,13219,1.4690909885299885,No,Inconclusive
1102,Type A,68,Poor,82,4,Clear,2,3019,8.38162982859542,Yes,Highly Likely to Crash
1103,Type B,80,Poor,50,4,Cloudy,3,5927,5.074116612591467,No,Highly Likely to Crash
1104,Type A,81,Poor,54,3,Cloudy,0,5103,12.39472749498733,No,Highly Likely to Crash
1105,Type C,51,Poor,58,2,Clear,3,18968,4.04561084936515,No,Highly Likely to Crash
1106,Type C,59,Poor,93,4,Cloudy,1,1399,1.161420514263943,No,Highly Likely to Crash
1107,Type C,51,Average,55,3,Stormy,1,17346,6.804532429306705,Yes,Highly Likely to Crash
1108,Type A,51,Poor,77,0,Stormy,1,18385,1.8975119673302274,Yes,Highly Likely to Crash
1109,Type A,73,Average,94,2,Clear,2,12568,5.061295968628487,No,Inconclusive
1110,Type A,66,Good,75,2,Cloudy,3,17599,10.012467683333774,Yes,Highly Likely to Crash
1111,Type A,81,Poor,77,5,Clear,1,5830,5.125844472631924,Yes,Highly Likely to Crash
1112,Type C,65,Good,89,1,Stormy,3,9680,4.441105182497257,No,Highly Likely to Crash
1113,Type C,65,Average,64,5,Clear,0,17095,3.176939282984754,Yes,Highly Likely to Crash
1114,Type B,95,Average,55,0,Clear,0,17637,2.892411837183257,No,Inconclusive
1115,Type B,88,Good,76,5,Clear,2,15973,8.362003224539869,No,Highly Likely to Crash
1116,Type A,80,Poor,87,2,Clear,3,4250,10.541098321208601,Yes,Highly Likely to Crash
1117,Type C,92,Poor,53,5,Stormy,0,12381,7.338264880298898,Yes,Highly Likely to Crash
1118,Type C,73,Good,60,3,Clear,2,17319,2.730443386669907,No,Inconclusive
1119,Type C,50,Good,70,5,Clear,2,5429,10.068588193301368,No,Highly Likely to Crash
1120,Type B,60,Good,79,4,Cloudy,1,15296,8.799706576502935,No,Highly Likely to Crash
1121,Type B,70,Poor,67,0,Clear,0,18844,6.337856373716258,Yes,Highly Likely to Crash
1122,Type C,53,Poor,84,0,Cloudy,3,6313,5.62065627976419,No,Highly Likely to Crash
1123,Type C,56,Poor,52,2,Clear,0,2224,3.564140476101988,No,Highly Likely to Crash
1124,Type C,75,Good,61,5,Cloudy,0,1994,3.0481924236403968,No,Highly Likely to Crash
1125,Type B,96,Poor,76,2,Clear,3,18863,5.742803722561791,No,Highly Likely to Crash
1126,Type C,99,Average,79,2,Cloudy,3,8937,1.5828357374483737,No,Inconclusive
1127,Type C,61,Good,70,3,Clear,1,7660,7.112783779218303,Yes,Highly Likely to Crash
1128,Type A,80,Poor,87,1,Clear,2,9075,9.422035009989102,Yes,Highly Likely to Crash
1129,Type A,66,Good,70,2,Cloudy,3,784,14.18315985410047,Yes,Highly Likely to Crash
1130,Type B,82,Average,87,1,Clear,3,15815,9.76159400588832,Yes,Inconclusive
1131,Type C,60,Average,89,1,Clear,0,5583,9.737064655982596,Yes,Highly Likely to Crash
1132,Type C,77,Good,64,0,Clear,3,8991,6.241807278450478,No,Inconclusive
1133,Type A,81,Good,67,4,Clear,3,1400,2.8664401879347126,Yes,Highly Likely to Crash
1134,Type B,50,Average,78,4,Stormy,0,1959,7.257127145581791,No,Highly Likely to Crash
1135,Type A,96,Good,97,5,Clear,0,14180,9.381468466945195,Yes,Highly Likely to Crash
1136,Type A,77,Average,87,3,Stormy,0,19805,11.136470353181256,Yes,Inconclusive
1137,Type A,91,Average,70,3,Stormy,1,3033,12.565214834536032,No,Inconclusive
1138,Type A,56,Poor,66,4,Clear,2,7079,4.582993288953701,Yes,Highly Likely to Crash
1139,Type C,51,Good,90,5,Cloudy,3,17689,4.377081053190425,Yes,Highly Likely to Crash
1140,Type C,91,Good,100,4,Cloudy,0,8095,8.914198083463253,No,Highly Likely to Crash
1141,Type A,73,Poor,67,5,Clear,0,19112,8.92421256388201,Yes,Highly Likely to Crash
1142,Type B,53,Average,86,5,Stormy,2,2421,4.05126915383884,Yes,Highly Likely to Crash
1143,Type B,93,Good,87,5,Cloudy,1,5472,9.224654344917823,Yes,Highly Likely to Crash
1144,Type B,68,Poor,61,5,Clear,3,2887,5.842303899641529,No,Highly Likely to Crash
1145,Type B,75,Poor,60,0,Clear,1,11230,9.950408864300861,Yes,Highly Likely to Crash
1146,Type A,60,Good,97,0,Stormy,1,15330,5.074625991410823,Yes,Highly Likely to Crash
1147,Type C,89,Poor,98,4,Cloudy,1,2496,9.29208508900207,No,Highly Likely to Crash
1148,Type B,99,Average,69,5,Clear,0,5325,11.756340577316923,Yes,Highly Likely to Crash
1149,Type A,92,Poor,58,2,Cloudy,2,5782,14.72222285982713,No,Highly Likely to Crash
1150,Type B,60,Average,50,5,Clear,2,14369,13.754952790604602,No,Highly Likely to Crash
1151,Type B,94,Average,52,2,Clear,2,19387,8.049542462584332,No,Inconclusive
1152,Type A,52,Good,70,0,Clear,1,15951,7.836887166446653,No,Highly Likely to Crash
1153,Type C,61,Poor,72,5,Stormy,3,604,7.127800083100483,Yes,Highly Likely to Crash
1154,Type C,52,Average,58,1,Stormy,1,9130,1.3885083718409381,Yes,Highly Likely to Crash
1155,Type A,91,Average,68,4,Stormy,2,18405,3.3233629648076635,No,Highly Likely to Crash
1156,Type C,76,Poor,94,5,Cloudy,0,1851,1.828647236256781,Yes,Highly Likely to Crash
1157,Type A,98,Average,95,3,Stormy,1,3198,10.748971186854492,Yes,Inconclusive
1158,Type A,51,Poor,68,2,Stormy,0,17392,6.785285103054317,Yes,Highly Likely to Crash
1159,Type A,98,Good,72,5,Cloudy,2,15800,1.892778292915734,No,Highly Likely to Crash
1160,Type C,65,Average,76,1,Cloudy,1,5810,10.668051087154181,Yes,Highly Likely to Crash
1161,Type A,51,Average,76,2,Cloudy,0,6690,10.022102079591214,No,Highly Likely to Crash
1162,Type B,79,Poor,88,1,Cloudy,1,13666,11.07947962966696,No,Highly Likely to Crash
1163,Type C,69,Poor,85,4,Stormy,2,18158,9.397677648661968,Yes,Highly Likely to Crash
1164,Type C,87,Poor,61,4,Stormy,3,3322,3.2615538392619774,Yes,Highly Likely to Crash
1165,Type C,77,Poor,76,4,Cloudy,2,16947,1.8594921683903634,No,Highly Likely to Crash
1166,Type C,74,Average,95,0,Stormy,3,4421,12.43997358317852,No,Inconclusive
1167,Type B,81,Good,83,1,Clear,3,17743,4.021325985522124,No,Inconclusive
1168,Type C,59,Good,82,5,Stormy,2,11519,8.595409366638561,Yes,Highly Likely to Crash
1169,Type C,91,Good,77,3,Clear,0,2047,7.79303820625062,No,Inconclusive
1170,Type A,89,Good,80,3,Cloudy,1,2576,13.894735566111198,Yes,Inconclusive
1171,Type C,82,Poor,81,4,Cloudy,1,14462,8.734156651960177,Yes,Highly Likely to Crash
1172,Type B,62,Average,99,3,Stormy,1,17320,9.12023639542011,Yes,Highly Likely to Crash
1173,Type B,90,Average,69,2,Cloudy,3,14408,5.473070472021378,Yes,Inconclusive
1174,Type B,91,Average,89,1,Stormy,3,4157,14.421725824761257,No,Inconclusive
1175,Type B,96,Poor,84,1,Stormy,2,17646,9.573233420349286,No,Highly Likely to Crash
1176,Type C,86,Average,80,1,Stormy,0,1235,1.069725370277613,No,Inconclusive
1177,Type C,65,Poor,80,2,Stormy,2,7714,8.785151692289485,No,Highly Likely to Crash
1178,Type B,94,Average,87,5,Clear,2,12356,6.094115436272817,No,Highly Likely to Crash
1179,Type B,71,Good,71,0,Clear,0,4594,1.449570860183651,No,Inconclusive
1180,Type C,69,Poor,94,2,Cloudy,3,5228,7.041696997099182,No,Highly Likely to Crash
1181,Type B,99,Average,90,1,Clear,2,4229,11.829930837300816,Yes,Inconclusive
1182,Type A,92,Good,58,1,Cloudy,2,7741,8.053052411389075,No,Inconclusive
1183,Type B,76,Good,58,1,Cloudy,3,17960,9.952427205959925,Yes,Inconclusive
1184,Type B,90,Good,64,5,Stormy,1,10972,9.956380520084437,Yes,Highly Likely to Crash
1185,Type A,65,Poor,62,3,Stormy,0,2330,10.394270234767976,No,Highly Likely to Crash
1186,Type A,83,Poor,71,0,Stormy,0,10590,6.426346723960056,No,Highly Likely to Crash
1187,Type C,81,Average,65,2,Stormy,1,17557,6.18006774679583,No,Inconclusive
1188,Type C,75,Good,81,1,Stormy,0,17432,1.0641834388338536,No,Inconclusive
1189,Type A,74,Average,51,4,Stormy,1,14932,3.159114447404895,Yes,Highly Likely to Crash
1190,Type A,51,Average,75,0,Clear,2,1395,14.311342978941724,Yes,Highly Likely to Crash
1191,Type C,61,Good,63,4,Cloudy,0,19453,12.793834021034936,Yes,Highly Likely to Crash
1192,Type B,89,Average,87,0,Cloudy,0,17797,4.851518123458642,Yes,Inconclusive
1193,Type A,58,Poor,83,1,Stormy,2,18060,6.616687284960966,No,Highly Likely to Crash
1194,Type C,61,Average,57,0,Clear,3,7773,14.158898527384862,Yes,Highly Likely to Crash
1195,Type B,75,Good,85,0,Stormy,3,7196,4.5062227137500805,Yes,Inconclusive
1196,Type A,58,Poor,70,1,Clear,2,15542,8.455461570045019,No,Highly Likely to Crash
1197,Type B,59,Poor,95,5,Clear,0,15400,1.3091169767756639,No,Highly Likely to Crash
1198,Type C,81,Average,92,4,Cloudy,0,12934,9.676287708939292,No,Highly Likely to Crash
1199,Type A,83,Average,77,5,Cloudy,0,18406,14.02103037444153,Yes,Highly Likely to Crash
1200,Type B,97,Poor,95,4,Clear,1,7977,13.386407387760311,No,Highly Likely to Crash
1201,Type A,69,Average,93,3,Cloudy,3,3302,8.027569088785466,No,Highly Likely to Crash
1202,Type B,88,Good,97,4,Clear,0,3622,10.094987611880322,Yes,Highly Likely to Crash
1203,Type C,51,Average,55,4,Clear,3,13282,8.977174716185996,No,Highly Likely to Crash
1204,Type C,50,Average,69,0,Clear,3,2956,1.9376394181584573,Yes,Highly Likely to Crash
1205,Type A,100,Poor,80,3,Cloudy,0,18533,3.2221288162744424,No,Highly Likely to Crash
1206,Type B,85,Average,82,1,Stormy,2,2820,14.493442406776637,No,Inconclusive
1207,Type A,73,Average,93,1,Cloudy,2,11197,4.583561756203425,No,Inconclusive
1208,Type A,76,Average,56,2,Stormy,3,18027,6.382289025349591,No,Inconclusive
1209,Type B,51,Good,57,3,Cloudy,1,12464,8.125220311363101,Yes,Highly Likely to Crash
1210,Type B,80,Average,58,0,Cloudy,3,8737,14.707849811506781,Yes,Inconclusive
1211,Type B,63,Good,51,2,Stormy,3,4906,10.659909087216871,Yes,Highly Likely to Crash
1212,Type C,51,Good,66,2,Clear,2,19493,9.814378968225114,No,Highly Likely to Crash
1213,Type A,78,Good,94,1,Stormy,0,8091,8.341599614172031,Yes,Inconclusive
1214,Type A,64,Good,86,4,Clear,0,3619,10.8094418043238,Yes,Highly Likely to Crash
1215,Type C,61,Poor,91,0,Clear,1,18284,10.296222467396852,No,Highly Likely to Crash
1216,Type B,86,Good,93,3,Cloudy,2,4011,13.63977249165375,Yes,Inconclusive
1217,Type C,77,Average,66,2,Cloudy,2,4328,8.585694275104718,Yes,Inconclusive
1218,Type C,69,Good,87,0,Cloudy,3,17449,6.901036234666857,Yes,Highly Likely to Crash
1219,Type C,88,Average,84,1,Cloudy,2,8151,12.300268392894198,No,Inconclusive
1220,Type A,73,Good,96,2,Cloudy,3,9592,12.196966685615457,Yes,Inconclusive
1221,Type C,70,Poor,88,2,Stormy,1,10870,3.3777101321692244,No,Highly Likely to Crash
1222,Type A,59,Good,79,5,Stormy,2,12284,4.31508796999038,No,Highly Likely to Crash
1223,Type A,95,Good,55,1,Stormy,2,3271,14.42093565819588,Yes,Inconclusive
1224,Type A,63,Poor,53,5,Stormy,3,7277,7.217533537353386,Yes,Highly Likely to Crash
1225,Type B,86,Good,100,1,Cloudy,2,613,8.275249751436654,Yes,Inconclusive
1226,Type A,67,Average,86,1,Stormy,0,1031,5.342241744117337,No,Highly Likely to Crash
1227,Type A,73,Good,84,5,Stormy,1,10214,7.734994320562949,Yes,Highly Likely to Crash
1228,Type B,63,Good,58,0,Clear,0,3910,11.406992500739182,No,Highly Likely to Crash
1229,Type A,83,Good,55,0,Cloudy,3,9736,7.7528313644914535,Yes,Inconclusive
1230,Type C,61,Poor,62,0,Stormy,3,8824,5.406985519421313,No,Highly Likely to Crash
1231,Type C,71,Good,71,4,Stormy,3,11659,2.3440140615212712,Yes,Highly Likely to Crash
1232,Type A,55,Good,77,2,Stormy,1,2226,13.995661287526275,No,Highly Likely to Crash
1233,Type B,85,Average,79,0,Cloudy,2,8717,13.203209519226538,No,Inconclusive
1234,Type C,94,Good,85,4,Stormy,0,3148,12.07910920689611,No,Highly Likely to Crash
1235,Type B,85,Good,51,2,Clear,2,13332,10.716993493795911,Yes,Inconclusive
1236,Type B,71,Good,85,0,Cloudy,3,9953,8.217138382308168,No,Inconclusive
1237,Type C,63,Good,57,1,Clear,2,2565,13.563555005714305,No,Highly Likely to Crash
1238,Type B,65,Average,94,3,Cloudy,1,1433,12.083821179158699,No,Highly Likely to Crash
1239,Type C,85,Average,91,0,Stormy,3,1550,12.424151785542476,Yes,Inconclusive
1240,Type B,74,Poor,99,3,Cloudy,2,7616,5.333706621992531,No,Highly Likely to Crash
1241,Type C,81,Good,58,0,Cloudy,0,11606,6.928415827633576,No,Inconclusive
1242,Type A,82,Poor,50,1,Cloudy,3,7378,10.89523169772562,Yes,Highly Likely to Crash
1243,Type C,94,Poor,62,3,Clear,3,1292,6.194872244908553,No,Highly Likely to Crash
1244,Type C,85,Good,99,4,Cloudy,1,11867,7.915645145856733,Yes,Highly Likely to Crash
1245,Type C,69,Average,64,1,Stormy,1,6463,10.051181547871728,Yes,Highly Likely to Crash
1246,Type C,67,Average,81,3,Cloudy,0,10047,7.128617622179934,Yes,Highly Likely to Crash
1247,Type B,87,Good,83,3,Cloudy,2,1885,12.102554500280458,Yes,Inconclusive
1248,Type A,52,Good,92,5,Stormy,2,17944,2.627903744383209,No,Highly Likely to Crash
1249,Type C,72,Average,80,5,Stormy,3,10063,11.052791136948242,Yes,Highly Likely to Crash
1250,Type B,81,Good,63,1,Clear,3,4638,3.0329408485578915,No,Inconclusive
1251,Type A,94,Good,96,1,Stormy,2,18033,14.129755168999363,Yes,Inconclusive
1252,Type A,65,Good,63,1,Stormy,2,14844,5.396527529729422,No,Highly Likely to Crash
1253,Type A,54,Average,97,2,Stormy,2,8193,12.136053054552596,No,Highly Likely to Crash
1254,Type A,53,Poor,78,4,Cloudy,3,11894,8.299837693521464,No,Highly Likely to Crash
1255,Type C,70,Poor,96,0,Clear,1,6827,2.2752189322302376,No,Highly Likely to Crash
1256,Type C,89,Good,68,5,Stormy,1,3853,9.156215961475395,No,Highly Likely to Crash
1257,Type B,100,Average,76,3,Stormy,0,13864,13.770488316355978,Yes,Inconclusive
1258,Type B,63,Good,58,5,Stormy,2,15705,3.201281662130655,No,Highly Likely to Crash
1259,Type B,88,Average,86,0,Cloudy,2,5128,5.498297291051644,No,Inconclusive
1260,Type A,80,Good,86,1,Cloudy,2,5827,7.148221393408363,No,Inconclusive
1261,Type A,63,Average,92,5,Clear,0,14781,4.850742886769152,Yes,Highly Likely to Crash
1262,Type C,55,Average,77,4,Clear,2,16952,14.212912646309054,Yes,Highly Likely to Crash
1263,Type A,61,Poor,73,4,Cloudy,1,10558,6.285003707318518,Yes,Highly Likely to Crash
1264,Type A,65,Good,77,2,Stormy,2,12593,10.212868818799501,Yes,Highly Likely to Crash
1265,Type A,66,Poor,85,5,Stormy,0,17184,4.134834701180923,Yes,Highly Likely to Crash
1266,Type B,94,Poor,67,1,Clear,3,16487,4.075883124743076,Yes,Highly Likely to Crash
1267,Type B,72,Average,74,3,Stormy,3,19484,3.4618906984551474,No,Inconclusive
1268,Type C,63,Good,84,2,Cloudy,1,19037,7.087371689374127,Yes,Highly Likely to Crash
1269,Type A,56,Average,53,1,Clear,1,15407,8.460014832060756,No,Highly Likely to Crash
1270,Type A,95,Average,63,2,Cloudy,1,13421,1.1504743205221448,No,Inconclusive
1271,Type C,81,Average,88,5,Cloudy,3,14526,12.660927986583603,No,Highly Likely to Crash
1272,Type A,64,Good,75,0,Stormy,2,3582,8.178554495435383,No,Highly Likely to Crash
1273,Type A,93,Good,57,5,Cloudy,0,7574,3.200938927830048,No,Highly Likely to Crash
1274,Type B,66,Average,73,1,Cloudy,0,18123,1.9421063750418426,No,Highly Likely to Crash
1275,Type C,90,Good,65,3,Stormy,2,11060,1.8847901598105925,Yes,Inconclusive
1276,Type C,96,Average,69,3,Cloudy,3,959,4.607008816019406,No,Inconclusive
1277,Type C,93,Good,64,1,Stormy,3,19510,7.990090071593704,Yes,Inconclusive
1278,Type C,83,Good,56,2,Cloudy,0,3301,13.043353504041978,No,Inconclusive
1279,Type B,54,Poor,66,4,Stormy,1,17347,13.64151597647265,No,Highly Likely to Crash
1280,Type B,94,Average,71,1,Stormy,1,1497,12.652590879711655,No,Inconclusive
1281,Type A,76,Poor,71,5,Clear,0,6884,5.599888553690132,No,Highly Likely to Crash
1282,Type A,72,Poor,61,3,Cloudy,0,13723,5.291808523885391,Yes,Highly Likely to Crash
1283,Type A,89,Average,67,0,Cloudy,2,15799,14.824416832169966,Yes,Inconclusive
1284,Type A,63,Average,95,3,Clear,2,11698,10.537928819824424,Yes,Highly Likely to Crash
1285,Type B,64,Good,96,4,Stormy,2,2178,5.269327177605585,Yes,Highly Likely to Crash
1286,Type C,92,Average,64,3,Stormy,2,1364,5.607122132547248,No,Inconclusive
1287,Type B,82,Poor,86,4,Clear,2,9882,7.085022150349758,No,Highly Likely to Crash
1288,Type A,80,Poor,65,1,Clear,2,3197,9.705293769547724,Yes,Highly Likely to Crash
1289,Type B,84,Average,54,3,Stormy,1,12607,13.571708239603504,No,Inconclusive
1290,Type C,66,Poor,51,2,Stormy,0,3426,3.7762996757497294,No,Highly Likely to Crash
1291,Type C,77,Good,77,5,Clear,3,16235,2.181647567582476,Yes,Highly Likely to Crash
1292,Type B,68,Poor,90,2,Cloudy,2,14723,6.680529735359256,Yes,Highly Likely to Crash
1293,Type B,95,Good,76,5,Stormy,1,8042,4.436376756548072,No,Highly Likely to Crash
1294,Type B,72,Poor,80,3,Clear,0,4929,9.064457428147447,Yes,Highly Likely to Crash
1295,Type A,81,Good,90,3,Cloudy,0,15862,10.789007720063902,No,Inconclusive
1296,Type B,89,Good,85,5,Cloudy,0,14431,5.350303352044019,No,Highly Likely to Crash
1297,Type B,62,Average,96,0,Cloudy,2,7718,10.59631804406784,No,Highly Likely to Crash
1298,Type B,69,Good,92,3,Cloudy,2,2897,5.804061568009293,No,Highly Likely to Crash
1299,Type C,84,Average,50,0,Clear,3,19105,9.889553955327669,No,Inconclusive
1300,Type C,54,Poor,99,0,Stormy,2,14951,9.862851294463598,No,Highly Likely to Crash
1301,Type A,58,Poor,78,5,Cloudy,0,6314,4.894235847903013,No,Highly Likely to Crash
1302,Type A,78,Poor,50,0,Cloudy,0,8022,9.900118523942849,Yes,Highly Likely to Crash
1303,Type C,55,Good,57,0,Clear,1,19687,6.3333713401311815,Yes,Highly Likely to Crash
1304,Type C,74,Poor,65,1,Cloudy,1,16088,5.710369221049314,Yes,Highly Likely to Crash
1305,Type C,80,Poor,77,2,Clear,3,12859,5.050028458930897,Yes,Highly Likely to Crash
1306,Type B,71,Average,71,0,Clear,1,16262,5.839033641880046,Yes,Inconclusive
1307,Type B,51,Average,67,2,Stormy,3,16077,12.01442848885607,No,Highly Likely to Crash
1308,Type C,94,Poor,71,0,Cloudy,1,10470,4.432503398415241,No,Highly Likely to Crash
1309,Type B,54,Poor,90,2,Stormy,0,7010,10.547823672048336,Yes,Highly Likely to Crash
1310,Type B,76,Good,61,3,Clear,2,15505,13.608688189732602,No,Inconclusive
1311,Type A,74,Good,68,3,Cloudy,2,16419,5.9060051744838695,Yes,Inconclusive
1312,Type C,57,Poor,74,2,Clear,3,12061,1.4131689029286056,No,Highly Likely to Crash
1313,Type C,50,Average,99,0,Clear,2,10849,1.3444844077498614,No,Highly Likely to Crash
1314,Type B,69,Poor,54,1,Clear,2,16935,2.953040436904261,No,Highly Likely to Crash
1315,Type C,93,Good,83,2,Cloudy,1,6558,2.540627803381318,Yes,Inconclusive
1316,Type A,72,Average,88,4,Clear,0,12053,11.473193498200065,No,Highly Likely to Crash
1317,Type A,81,Average,59,1,Clear,2,4015,5.127910036703216,Yes,Inconclusive
1318,Type A,60,Good,96,4,Cloudy,0,3830,10.13513683040958,No,Highly Likely to Crash
1319,Type C,88,Poor,56,2,Stormy,1,2174,1.5943761001550918,Yes,Highly Likely to Crash
1320,Type C,96,Poor,86,0,Clear,1,11557,5.140363865093996,Yes,Highly Likely to Crash
1321,Type C,73,Poor,96,4,Stormy,2,18245,4.278047285481927,Yes,Highly Likely to Crash
1322,Type C,60,Good,64,2,Stormy,2,9478,4.87632714493308,No,Highly Likely to Crash
1323,Type C,78,Average,91,1,Stormy,1,17439,3.670048767873192,No,Inconclusive
1324,Type A,75,Good,73,0,Stormy,1,15764,9.650824295432477,No,Inconclusive
1325,Type B,65,Poor,75,4,Stormy,3,15094,10.277420175193335,No,Highly Likely to Crash
1326,Type A,84,Good,75,2,Stormy,3,10454,3.078516866765644,Yes,Inconclusive
1327,Type C,69,Average,95,0,Cloudy,0,2612,11.376043784606608,No,Highly Likely to Crash
1328,Type A,95,Good,75,0,Cloudy,1,19094,4.500636667620805,Yes,Less Likely to Crash
1329,Type C,52,Poor,59,3,Stormy,0,16023,4.960915034993915,Yes,Highly Likely to Crash
1330,Type C,50,Average,66,0,Cloudy,1,2201,12.603316743810716,No,Highly Likely to Crash
1331,Type A,96,Good,63,2,Cloudy,0,3212,13.616322813796689,Yes,Inconclusive
1332,Type C,50,Good,51,1,Stormy,3,2816,12.546588388557925,No,Highly Likely to Crash
1333,Type B,66,Average,97,5,Stormy,1,15159,3.068679484913008,No,Highly Likely to Crash
1334,Type C,51,Average,62,3,Clear,1,6969,14.989746891351276,No,Highly Likely to Crash
1335,Type B,78,Poor,76,2,Cloudy,0,2110,10.410175806953156,Yes,Highly Likely to Crash
1336,Type B,69,Average,58,2,Stormy,0,6843,8.149360701569856,No,Highly Likely to Crash
1337,Type C,55,Poor,56,2,Cloudy,2,16297,14.367779708548099,Yes,Highly Likely to Crash
1338,Type A,57,Good,97,4,Cloudy,2,9819,12.443325535972308,No,Highly Likely to Crash
1339,Type B,78,Poor,59,4,Cloudy,3,9596,10.684402554802315,No,Highly Likely to Crash
1340,Type A,97,Good,58,1,Clear,1,8855,12.737561478749866,No,Inconclusive
1341,Type B,100,Average,71,2,Stormy,1,9828,6.396532165890966,Yes,Inconclusive
1342,Type C,82,Good,72,4,Cloudy,0,5210,10.582138236162988,Yes,Highly Likely to Crash
1343,Type C,52,Average,56,4,Stormy,3,2525,3.6681202622167524,Yes,Highly Likely to Crash
1344,Type B,84,Good,97,4,Cloudy,1,605,14.83200889373943,No,Highly Likely to Crash
1345,Type C,54,Good,58,1,Stormy,3,19976,9.245743801307649,No,Highly Likely to Crash
1346,Type B,76,Good,76,1,Stormy,2,10713,12.399321464094305,Yes,Inconclusive
1347,Type C,93,Good,73,2,Stormy,0,9844,6.702758327434475,No,Inconclusive
1348,Type A,61,Poor,78,3,Cloudy,1,16342,11.62024346985253,No,Highly Likely to Crash
1349,Type C,69,Good,66,2,Clear,0,1198,6.423388592571047,No,Highly Likely to Crash
1350,Type A,94,Poor,69,4,Stormy,2,11962,9.26007121744816,No,Highly Likely to Crash
1351,Type C,69,Average,56,5,Clear,3,9438,11.89388741960837,Yes,Highly Likely to Crash
1352,Type A,58,Average,92,4,Stormy,3,6571,2.63063478614734,Yes,Highly Likely to Crash
1353,Type C,88,Poor,89,0,Clear,2,9652,5.995001919175076,Yes,Highly Likely to Crash
1354,Type A,53,Average,56,5,Stormy,2,3797,8.629117285665357,Yes,Highly Likely to Crash
1355,Type B,100,Average,77,5,Clear,1,19861,5.675967885234369,No,Highly Likely to Crash
1356,Type B,68,Good,68,2,Stormy,1,708,5.328341286579223,Yes,Highly Likely to Crash
1357,Type A,87,Good,69,4,Stormy,1,7733,4.9432972541579705,Yes,Highly Likely to Crash
1358,Type C,76,Good,93,4,Clear,1,2391,4.189085505331061,No,Highly Likely to Crash
1359,Type A,94,Poor,88,3,Stormy,1,15326,12.884663875778829,Yes,Highly Likely to Crash
1360,Type C,92,Poor,89,0,Cloudy,3,4006,13.931647811608293,No,Highly Likely to Crash
1361,Type B,62,Average,56,2,Stormy,1,2539,10.802372274188594,No,Highly Likely to Crash
1362,Type C,62,Good,55,1,Stormy,2,10144,1.4199931787110742,Yes,Highly Likely to Crash
1363,Type B,71,Poor,74,2,Cloudy,2,7145,12.007264731806027,Yes,Highly Likely to Crash
1364,Type C,77,Poor,90,5,Cloudy,1,2117,8.447157775615114,Yes,Highly Likely to Crash
1365,Type C,96,Good,62,2,Cloudy,2,8686,11.613541230370487,No,Inconclusive
1366,Type C,94,Poor,88,3,Clear,0,934,7.122737231279616,No,Highly Likely to Crash
1367,Type A,71,Good,89,2,Cloudy,3,11019,1.5779468084392778,Yes,Inconclusive
1368,Type A,92,Average,71,3,Clear,3,18530,10.544429802275172,No,Inconclusive
1369,Type B,68,Average,98,5,Cloudy,1,11855,7.217798895402172,Yes,Highly Likely to Crash
1370,Type B,57,Average,66,3,Clear,0,14828,13.236608937633452,No,Highly Likely to Crash
1371,Type A,57,Good,97,4,Cloudy,1,5758,11.333931115499983,Yes,Highly Likely to Crash
1372,Type B,91,Poor,71,1,Cloudy,1,13454,6.033864468889331,No,Highly Likely to Crash
1373,Type A,75,Average,83,5,Stormy,2,7690,11.13714743697346,No,Highly Likely to Crash
1374,Type C,97,Average,57,3,Cloudy,3,18324,7.932920392293431,Yes,Inconclusive
1375,Type B,100,Average,98,0,Stormy,0,16096,3.7922153316336322,No,Inconclusive
1376,Type B,75,Poor,94,5,Cloudy,2,12970,6.878408472163105,Yes,Highly Likely to Crash
1377,Type A,72,Poor,67,0,Cloudy,3,11247,4.115873523121042,No,Highly Likely to Crash
1378,Type B,92,Good,73,1,Stormy,3,12688,1.0696712791372796,Yes,Inconclusive
1379,Type B,62,Average,91,3,Stormy,1,8213,4.455140830248043,Yes,Highly Likely to Crash
1380,Type C,77,Poor,51,5,Clear,0,880,3.933298562715505,Yes,Highly Likely to Crash
1381,Type B,58,Good,51,5,Stormy,1,9516,1.0607167216166211,No,Highly Likely to Crash
1382,Type C,69,Average,76,1,Clear,2,12067,11.97495515340305,Yes,Highly Likely to Crash
1383,Type A,68,Poor,63,4,Cloudy,1,2137,2.0777891343919306,No,Highly Likely to Crash
1384,Type B,97,Poor,97,0,Stormy,1,12979,7.286827035144349,Yes,Highly Likely to Crash
1385,Type C,88,Good,88,5,Stormy,3,1024,6.850364459758909,No,Highly Likely to Crash
1386,Type A,100,Average,61,2,Cloudy,3,19991,3.539713642277609,Yes,Inconclusive
1387,Type B,61,Average,81,0,Cloudy,2,1593,14.536159091523333,No,Highly Likely to Crash
1388,Type A,64,Poor,77,3,Cloudy,3,604,9.452270468976018,No,Highly Likely to Crash
1389,Type B,80,Average,77,1,Cloudy,3,18623,12.389182640147702,No,Inconclusive
1390,Type A,63,Good,95,0,Stormy,3,18560,7.945967801289303,Yes,Highly Likely to Crash
1391,Type A,60,Poor,74,2,Cloudy,1,11046,11.119366843220783,Yes,Highly Likely to Crash
1392,Type C,75,Poor,53,2,Cloudy,0,5416,14.576908916364612,No,Highly Likely to Crash
1393,Type A,91,Good,75,1,Stormy,2,12823,5.877675793243421,No,Inconclusive
1394,Type B,76,Poor,85,1,Clear,1,19818,8.059693937939237,No,Highly Likely to Crash
1395,Type B,60,Average,99,0,Stormy,2,13836,8.203516581688092,Yes,Highly Likely to Crash
1396,Type C,87,Average,52,3,Clear,1,5656,14.88792742853794,Yes,Inconclusive
1397,Type B,83,Poor,50,4,Cloudy,2,17926,4.263388049490983,No,Highly Likely to Crash
1398,Type B,92,Good,66,2,Stormy,3,12126,10.454305120219104,Yes,Inconclusive
1399,Type B,68,Good,56,1,Cloudy,2,18729,2.9352154983796925,Yes,Highly Likely to Crash
1400,Type A,55,Average,97,4,Stormy,0,4001,13.979029448759473,Yes,Highly Likely to Crash
1401,Type A,95,Good,54,4,Clear,2,18425,9.265346866023778,Yes,Highly Likely to Crash
1402,Type B,87,Poor,68,4,Stormy,0,17350,13.03176137855258,Yes,Highly Likely to Crash
1403,Type C,98,Poor,88,3,Cloudy,2,3444,13.533381620753106,No,Highly Likely to Crash
1404,Type A,91,Average,95,1,Stormy,3,16405,8.799538769458067,No,Inconclusive
1405,Type C,77,Average,83,2,Cloudy,2,2091,10.548101797334777,Yes,Inconclusive
1406,Type B,50,Average,84,1,Stormy,1,14022,10.782088960404746,No,Highly Likely to Crash
1407,Type B,84,Good,98,0,Clear,3,16653,7.446731529122623,Yes,Inconclusive
1408,Type A,89,Poor,65,2,Stormy,3,4572,7.087735462237308,No,Highly Likely to Crash
1409,Type B,57,Poor,89,1,Stormy,1,4072,3.6066350656940003,Yes,Highly Likely to Crash
1410,Type A,96,Poor,99,2,Stormy,3,6478,6.374803847016929,Yes,Highly Likely to Crash
1411,Type B,56,Average,96,0,Stormy,3,793,14.870597167637769,Yes,Highly Likely to Crash
1412,Type B,60,Poor,88,5,Clear,1,1838,4.7780620796588025,No,Highly Likely to Crash
1413,Type A,88,Good,76,2,Cloudy,3,16651,11.674172721465453,No,Inconclusive
1414,Type A,53,Good,90,5,Stormy,3,15880,1.8308645807929427,No,Highly Likely to Crash
1415,Type A,74,Poor,87,4,Stormy,3,13545,7.544563163707215,Yes,Highly Likely to Crash
1416,Type B,61,Average,99,3,Stormy,3,2998,1.8177418468400386,Yes,Highly Likely to Crash
1417,Type B,75,Poor,99,0,Clear,2,15613,7.661199073310576,No,Highly Likely to Crash
1418,Type C,87,Good,74,2,Cloudy,3,6228,1.3857344513312766,No,Inconclusive
1419,Type A,95,Good,75,0,Cloudy,3,19377,9.586126800774668,Yes,Less Likely to Crash
1420,Type B,61,Good,63,4,Stormy,3,3588,9.211127399704326,Yes,Highly Likely to Crash
1421,Type B,92,Poor,63,5,Stormy,2,6781,12.169805116824977,Yes,Highly Likely to Crash
1422,Type A,100,Good,63,3,Cloudy,0,15686,9.166006830818858,No,Inconclusive
1423,Type C,86,Average,74,0,Stormy,3,13339,13.963988272915026,Yes,Inconclusive
1424,Type A,95,Poor,85,5,Stormy,0,18981,11.963464597040986,Yes,Highly Likely to Crash
1425,Type C,73,Poor,53,4,Stormy,0,17271,2.857191284512051,Yes,Highly Likely to Crash
1426,Type B,65,Good,96,4,Clear,1,798,4.716624636285273,Yes,Highly Likely to Crash
1427,Type C,62,Good,64,4,Clear,1,12152,1.3672283687631097,No,Highly Likely to Crash
1428,Type B,74,Average,81,5,Cloudy,0,4561,6.405876022019302,Yes,Highly Likely to Crash
1429,Type A,53,Poor,67,2,Clear,2,973,8.133507552772304,No,Highly Likely to Crash
1430,Type A,60,Good,63,1,Clear,3,16661,14.24324748294893,Yes,Highly Likely to Crash
1431,Type A,81,Average,50,0,Cloudy,3,5557,8.311744051945457,No,Inconclusive
1432,Type C,98,Good,91,1,Clear,3,13579,11.934392587201257,No,Inconclusive
1433,Type B,56,Poor,69,4,Cloudy,1,11905,4.752336176300616,No,Highly Likely to Crash
1434,Type A,95,Good,59,1,Stormy,1,16668,3.144218121623644,No,Inconclusive
1435,Type A,60,Poor,59,5,Cloudy,3,5789,12.35170755356754,Yes,Highly Likely to Crash
1436,Type B,77,Good,73,4,Cloudy,0,9140,4.463952035244279,No,Highly Likely to Crash
1437,Type A,90,Poor,83,4,Cloudy,1,2721,13.198691647395489,No,Highly Likely to Crash
1438,Type B,72,Average,77,3,Stormy,3,10674,3.377898259687483,Yes,Inconclusive
1439,Type B,94,Poor,76,3,Stormy,0,19526,12.922211574211499,No,Highly Likely to Crash
1440,Type B,72,Average,89,5,Stormy,3,18804,11.8198661210423,No,Highly Likely to Crash
1441,Type B,99,Poor,50,5,Cloudy,1,7575,9.557089423968453,Yes,Highly Likely to Crash
1442,Type B,77,Average,82,1,Cloudy,2,2816,12.903089489516626,No,Inconclusive
1443,Type C,92,Good,53,0,Cloudy,2,18158,5.6299416503544615,Yes,Less Likely to Crash
1444,Type A,96,Poor,56,1,Cloudy,1,14181,3.3244780393154287,No,Highly Likely to Crash
1445,Type C,75,Good,58,5,Cloudy,0,15453,3.1985694514623786,No,Highly Likely to Crash
1446,Type A,74,Average,65,0,Cloudy,3,5483,4.785024793419858,No,Inconclusive
1447,Type C,78,Poor,54,1,Cloudy,1,8334,7.247179850520739,Yes,Highly Likely to Crash
1448,Type B,68,Poor,83,2,Clear,0,10998,13.264320111137174,No,Highly Likely to Crash
1449,Type A,82,Good,72,2,Stormy,3,17143,2.2534991302083114,Yes,Inconclusive
1450,Type A,85,Poor,92,0,Clear,3,3706,13.813388622086492,No,Highly Likely to Crash
1451,Type C,63,Poor,99,3,Stormy,1,16320,13.956925944761208,No,Highly Likely to Crash
1452,Type C,63,Good,74,0,Cloudy,3,10204,11.181309469370108,No,Highly Likely to Crash
1453,Type A,84,Poor,100,1,Clear,2,13430,13.603970590763254,No,Highly Likely to Crash
1454,Type C,79,Good,62,4,Cloudy,2,10820,11.77981282249147,Yes,Highly Likely to Crash
1455,Type C,77,Good,73,2,Clear,3,5678,8.396213512180552,Yes,Inconclusive
1456,Type C,66,Good,60,4,Clear,1,5858,9.41050316716322,Yes,Highly Likely to Crash
1457,Type B,52,Good,100,2,Cloudy,3,5007,9.795142670686158,No,Highly Likely to Crash
1458,Type B,65,Good,66,1,Clear,1,4008,2.776505933763553,Yes,Highly Likely to Crash
1459,Type C,95,Average,86,2,Clear,1,13402,3.7027579252451464,Yes,Inconclusive
1460,Type C,79,Average,62,0,Stormy,2,15738,8.327162134182252,No,Inconclusive
1461,Type B,78,Good,76,4,Cloudy,2,7254,2.6131963787931856,Yes,Highly Likely to Crash
1462,Type B,94,Average,69,5,Cloudy,0,9421,14.509710144645556,No,Highly Likely to Crash
1463,Type A,64,Average,82,4,Clear,1,11704,8.099781899201902,No,Highly Likely to Crash
1464,Type A,95,Poor,91,1,Cloudy,3,6016,6.321206027382834,Yes,Highly Likely to Crash
1465,Type B,74,Good,81,5,Stormy,1,6299,3.205560526281829,Yes,Highly Likely to Crash
1466,Type C,100,Average,57,4,Stormy,2,3429,6.831474564652608,No,Highly Likely to Crash
1467,Type C,87,Poor,78,1,Cloudy,1,14385,5.233966617895684,No,Highly Likely to Crash
1468,Type C,91,Poor,89,3,Cloudy,0,2030,2.230980396828485,No,Highly Likely to Crash
1469,Type C,96,Good,68,0,Stormy,3,9802,14.5380741333323,No,Less Likely to Crash
1470,Type A,87,Good,55,2,Cloudy,1,16638,4.709693344685254,Yes,Inconclusive
1471,Type B,72,Poor,93,2,Clear,3,1215,10.66658338986934,No,Highly Likely to Crash
1472,Type C,74,Good,88,2,Cloudy,3,10033,2.2785150255139186,Yes,Inconclusive
1473,Type A,91,Good,97,3,Clear,2,8027,13.784366130574815,No,Inconclusive
1474,Type C,56,Poor,90,0,Stormy,1,7723,9.270520321848078,Yes,Highly Likely to Crash
1475,Type B,71,Poor,70,4,Cloudy,3,13921,10.196208005272569,No,Highly Likely to Crash
1476,Type A,66,Good,71,4,Stormy,2,14566,11.94498104936416,No,Highly Likely to Crash
1477,Type B,67,Average,91,0,Cloudy,0,11779,9.48281460131117,Yes,Highly Likely to Crash
1478,Type B,98,Good,59,5,Clear,0,17085,1.9927044177855788,No,Highly Likely to Crash
1479,Type A,90,Average,59,0,Cloudy,1,2640,7.014153930850137,Yes,Inconclusive
1480,Type A,59,Poor,78,2,Stormy,3,9748,4.668421306636025,No,Highly Likely to Crash
1481,Type A,59,Average,65,4,Clear,1,4171,7.814038289536573,No,Highly Likely to Crash
1482,Type A,56,Poor,50,0,Cloudy,3,9110,6.660552263544332,No,Highly Likely to Crash
1483,Type A,97,Good,66,4,Stormy,2,7870,12.571463642183867,Yes,Highly Likely to Crash
1484,Type A,99,Good,79,0,Stormy,0,19482,4.458665730936793,No,Less Likely to Crash
1485,Type A,87,Poor,75,1,Cloudy,0,12522,3.8182148298912777,Yes,Highly Likely to Crash
1486,Type C,76,Poor,95,2,Stormy,0,18828,14.413208136308048,No,Highly Likely to Crash
1487,Type B,82,Poor,68,0,Clear,0,3429,14.293232594448513,Yes,Highly Likely to Crash
1488,Type A,50,Good,70,3,Cloudy,1,11459,14.908509508846414,Yes,Highly Likely to Crash
1489,Type C,93,Good,66,0,Clear,3,3883,8.957328113648721,No,Less Likely to Crash
1490,Type C,83,Average,95,1,Stormy,1,17277,2.58401544824598,No,Inconclusive
1491,Type C,53,Poor,89,3,Stormy,2,11611,13.32234837032076,No,Highly Likely to Crash
1492,Type B,66,Average,70,3,Stormy,0,16070,3.031609779606968,No,Highly Likely to Crash
1493,Type A,53,Good,90,0,Clear,3,7510,3.1783205644081858,Yes,Highly Likely to Crash
1494,Type C,92,Average,89,1,Stormy,1,9323,3.707565944805231,Yes,Inconclusive
1495,Type B,75,Average,94,3,Cloudy,3,821,10.1478636955033,No,Inconclusive
1496,Type B,53,Good,98,2,Cloudy,1,18577,2.5007867451825145,Yes,Highly Likely to Crash
1497,Type B,50,Good,68,5,Stormy,3,17947,11.895942806164724,No,Highly Likely to Crash
1498,Type C,56,Poor,56,2,Cloudy,3,3611,1.8155223434127585,No,Highly Likely to Crash
1499,Type A,79,Average,66,4,Clear,0,11485,2.5462518494054818,No,Highly Likely to Crash
1500,Type C,99,Good,50,4,Clear,1,3586,7.0828199833314,No,Highly Likely to Crash
1501,Type C,58,Good,86,1,Stormy,2,13935,6.3084010272986095,No,Highly Likely to Crash
1502,Type A,84,Average,55,3,Cloudy,3,12662,14.855915757564075,Yes,Inconclusive
1503,Type A,57,Good,75,2,Cloudy,2,9650,14.536095394061846,No,Highly Likely to Crash
1504,Type A,73,Poor,51,2,Stormy,0,4643,3.6555453029787577,Yes,Highly Likely to Crash
1505,Type B,68,Poor,81,5,Clear,2,6832,14.253317631098476,No,Highly Likely to Crash
1506,Type A,85,Average,97,1,Stormy,3,6947,10.691666656167525,No,Inconclusive
1507,Type C,99,Poor,54,3,Cloudy,3,10274,6.723804317465276,No,Highly Likely to Crash
1508,Type A,92,Good,86,1,Cloudy,3,8363,11.354833050253179,No,Inconclusive
1509,Type C,76,Good,80,0,Stormy,1,3676,13.601973519891654,Yes,Inconclusive
1510,Type B,81,Good,61,2,Clear,2,2916,3.52198175318565,Yes,Inconclusive
1511,Type C,63,Good,84,1,Clear,1,8168,3.743779659287256,No,Highly Likely to Crash
1512,Type C,67,Average,79,1,Stormy,3,9151,6.722090671187246,No,Highly Likely to Crash
1513,Type A,77,Poor,97,5,Cloudy,3,10986,3.36896479869099,No,Highly Likely to Crash
1514,Type A,78,Poor,55,0,Clear,0,19195,6.04556479988142,No,Highly Likely to Crash
1515,Type C,65,Good,64,4,Stormy,0,1729,10.039681378875198,Yes,Highly Likely to Crash
1516,Type A,84,Average,64,2,Cloudy,3,2030,12.379453754673968,Yes,Inconclusive
1517,Type B,96,Good,65,5,Clear,1,13317,5.227089127595592,No,Highly Likely to Crash
1518,Type B,80,Good,69,1,Clear,1,10079,4.944229573267732,Yes,Inconclusive
1519,Type A,53,Average,62,2,Stormy,3,3297,11.916401501448487,Yes,Highly Likely to Crash
1520,Type B,86,Average,93,4,Cloudy,2,1863,6.334367164035128,No,Highly Likely to Crash
1521,Type A,66,Good,91,1,Clear,1,5002,12.45865515016378,Yes,Highly Likely to Crash
1522,Type C,88,Poor,95,0,Stormy,3,17336,14.907324484608987,No,Highly Likely to Crash
1523,Type C,97,Good,80,2,Clear,0,13601,14.715361463772037,Yes,Inconclusive
1524,Type B,95,Poor,83,5,Cloudy,3,17461,10.277617367862046,Yes,Highly Likely to Crash
1525,Type A,75,Poor,78,0,Clear,1,11704,6.252984959284308,No,Highly Likely to Crash
1526,Type A,97,Average,52,4,Cloudy,3,7817,1.9168580326746774,Yes,Highly Likely to Crash
1527,Type B,88,Average,58,4,Clear,2,3764,11.33256885803885,Yes,Highly Likely to Crash
1528,Type C,90,Good,60,2,Clear,2,18815,14.691541374745416,Yes,Inconclusive
1529,Type B,53,Poor,60,4,Stormy,1,4742,1.9517824850187937,Yes,Highly Likely to Crash
1530,Type C,79,Poor,74,3,Clear,3,13193,1.086347948688962,Yes,Highly Likely to Crash
1531,Type A,79,Good,71,5,Cloudy,2,17066,12.644866752144045,No,Highly Likely to Crash
1532,Type C,71,Good,91,2,Stormy,2,1137,2.4316254685353202,No,Inconclusive
1533,Type B,60,Good,95,3,Cloudy,0,19889,2.1427217262381126,Yes,Highly Likely to Crash
1534,Type A,51,Average,58,4,Cloudy,1,17408,13.7447049551245,No,Highly Likely to Crash
1535,Type B,93,Good,69,2,Stormy,0,14702,2.1138513634063387,Yes,Inconclusive
1536,Type B,61,Good,70,3,Cloudy,0,2870,2.596247166855966,Yes,Highly Likely to Crash
1537,Type C,79,Poor,59,4,Clear,2,9976,8.974031453775705,No,Highly Likely to Crash
1538,Type B,85,Good,71,1,Stormy,3,18519,11.595398422466078,Yes,Inconclusive
1539,Type C,67,Poor,78,1,Clear,0,10415,6.594011621999181,No,Highly Likely to Crash
1540,Type A,75,Poor,58,0,Clear,1,11138,6.888248249665466,Yes,Highly Likely to Crash
1541,Type C,56,Average,54,1,Cloudy,1,10273,9.85676382011594,Yes,Highly Likely to Crash
1542,Type A,50,Good,89,3,Cloudy,3,11152,8.075954127630936,No,Highly Likely to Crash
1543,Type C,75,Good,60,5,Clear,1,17463,1.260796098888045,Yes,Highly Likely to Crash
1544,Type B,72,Poor,50,1,Stormy,0,16243,2.5901646078107983,No,Highly Likely to Crash
1545,Type C,75,Average,91,2,Clear,3,4441,9.142400217355638,No,Inconclusive
1546,Type C,94,Average,50,2,Clear,1,8887,12.111275135770125,Yes,Inconclusive
1547,Type A,55,Good,88,2,Cloudy,1,9024,11.683444036019383,Yes,Highly Likely to Crash
1548,Type B,55,Poor,95,1,Cloudy,0,3591,11.36079183011103,No,Highly Likely to Crash
1549,Type C,93,Good,54,1,Clear,0,5218,11.797816626913876,Yes,Inconclusive
1550,Type B,57,Good,98,0,Clear,0,9349,1.6222086685433228,Yes,Highly Likely to Crash
1551,Type C,73,Good,71,5,Cloudy,0,18136,13.53142190947624,No,Highly Likely to Crash
1552,Type C,71,Good,75,5,Clear,3,9215,13.449963472963445,Yes,Highly Likely to Crash
1553,Type B,68,Poor,55,4,Cloudy,3,10956,8.446935847366596,Yes,Highly Likely to Crash
1554,Type C,86,Average,81,0,Clear,3,13777,4.480320651762716,No,Inconclusive
1555,Type B,67,Good,97,3,Stormy,2,16450,9.290498618940068,Yes,Highly Likely to Crash
1556,Type C,80,Good,60,2,Stormy,0,2922,8.810402969254012,Yes,Inconclusive
1557,Type A,86,Good,59,1,Clear,0,8727,4.121400907662944,Yes,Inconclusive
1558,Type B,79,Good,96,4,Cloudy,3,9467,9.443822505001368,Yes,Highly Likely to Crash
1559,Type C,91,Average,88,4,Clear,1,16911,12.162117625408536,Yes,Highly Likely to Crash
1560,Type C,82,Average,83,1,Clear,1,8039,12.285496106433586,Yes,Inconclusive
1561,Type A,59,Average,80,0,Cloudy,0,585,1.8357695119188013,No,Highly Likely to Crash
1562,Type B,86,Average,61,4,Clear,0,7409,3.760286365374501,Yes,Highly Likely to Crash
1563,Type C,61,Good,100,5,Cloudy,3,13816,10.355127048304736,Yes,Highly Likely to Crash
1564,Type A,79,Poor,93,0,Clear,0,5153,13.03764723580023,Yes,Highly Likely to Crash
1565,Type C,76,Average,65,1,Cloudy,1,8533,8.297039154289017,No,Inconclusive
1566,Type B,88,Average,87,0,Clear,1,11248,10.905359356689726,Yes,Inconclusive
1567,Type C,58,Good,52,5,Stormy,0,14425,1.295008149196608,No,Highly Likely to Crash
1568,Type C,70,Good,51,2,Cloudy,3,5566,9.51789136639559,No,Inconclusive
1569,Type C,61,Good,54,1,Stormy,3,13004,14.466728022112424,No,Highly Likely to Crash
1570,Type C,78,Good,60,5,Cloudy,1,16396,10.254204498458332,No,Highly Likely to Crash
1571,Type A,82,Poor,74,1,Cloudy,3,17140,13.911860032404476,No,Highly Likely to Crash
1572,Type A,92,Poor,84,5,Cloudy,1,12498,8.924132413835032,Yes,Highly Likely to Crash
1573,Type B,64,Average,84,5,Cloudy,0,14264,12.807302328862987,Yes,Highly Likely to Crash
1574,Type A,51,Poor,71,4,Clear,1,1947,2.7382737156000654,Yes,Highly Likely to Crash
1575,Type A,88,Average,86,4,Clear,0,13111,2.7291856804154313,Yes,Highly Likely to Crash
1576,Type B,93,Average,71,4,Cloudy,3,16358,2.682510608741124,No,Highly Likely to Crash
1577,Type A,67,Poor,60,2,Clear,2,6200,7.843893728513928,No,Highly Likely to Crash
1578,Type A,52,Average,81,2,Cloudy,2,3843,5.623689851719611,No,Highly Likely to Crash
1579,Type B,56,Good,84,5,Cloudy,2,17577,11.068601952374504,No,Highly Likely to Crash
1580,Type B,92,Average,80,3,Stormy,1,10757,13.63670680020556,No,Inconclusive
1581,Type B,67,Good,94,1,Cloudy,2,14942,9.671247600028746,No,Highly Likely to Crash
1582,Type C,93,Poor,57,4,Cloudy,1,12292,3.9849477853801103,Yes,Highly Likely to Crash
1583,Type C,87,Poor,69,1,Clear,3,12912,14.032276145407591,Yes,Highly Likely to Crash
1584,Type B,86,Average,91,5,Cloudy,0,4165,8.390002733931757,Yes,Highly Likely to Crash
1585,Type B,82,Good,83,0,Cloudy,2,3174,11.079237743900574,Yes,Inconclusive
1586,Type B,93,Average,53,5,Stormy,1,11090,13.46708190609248,No,Highly Likely to Crash
1587,Type C,80,Poor,67,2,Clear,3,17234,14.857647049384637,No,Highly Likely to Crash
1588,Type C,60,Average,100,3,Clear,3,9340,8.084895287423434,No,Highly Likely to Crash
1589,Type A,53,Average,53,0,Stormy,2,12562,12.312878061571434,Yes,Highly Likely to Crash
1590,Type A,67,Good,69,1,Cloudy,3,7544,8.936138914455388,Yes,Highly Likely to Crash
1591,Type B,53,Poor,58,2,Stormy,3,2563,7.810355243941283,Yes,Highly Likely to Crash
1592,Type C,98,Average,65,4,Clear,3,13511,8.527975269868058,Yes,Highly Likely to Crash
1593,Type C,83,Good,75,0,Stormy,1,7913,7.779853413503858,Yes,Inconclusive
1594,Type C,78,Average,87,2,Clear,3,18705,6.894393663125529,Yes,Inconclusive
1595,Type B,73,Good,74,1,Stormy,3,12964,11.13208966719583,No,Inconclusive
1596,Type A,71,Good,53,5,Cloudy,3,11282,4.495461423267229,Yes,Highly Likely to Crash
1597,Type B,51,Average,90,1,Cloudy,3,18469,9.629340521284009,Yes,Highly Likely to Crash
1598,Type A,93,Poor,94,0,Clear,3,10370,10.981442488702013,Yes,Highly Likely to Crash
1599,Type A,55,Poor,90,0,Stormy,1,5159,13.48927166746987,No,Highly Likely to Crash
1600,Type B,91,Good,87,5,Clear,3,2780,5.646280085126199,Yes,Highly Likely to Crash
1601,Type A,74,Poor,68,0,Cloudy,3,4249,13.0483874492249,Yes,Highly Likely to Crash
1602,Type A,70,Good,63,3,Clear,0,3038,14.234076398562094,No,Inconclusive
1603,Type C,65,Poor,70,4,Cloudy,3,17327,10.081511358384063,Yes,Highly Likely to Crash
1604,Type A,80,Average,64,2,Clear,3,18951,11.800062110922182,Yes,Inconclusive
1605,Type B,63,Poor,52,5,Stormy,1,12490,6.679897437464227,No,Highly Likely to Crash
1606,Type B,88,Good,86,1,Cloudy,3,3034,14.329895876985699,No,Inconclusive
1607,Type A,77,Good,99,1,Clear,1,588,10.392060371209938,Yes,Inconclusive
1608,Type C,81,Poor,95,4,Cloudy,2,7077,5.342195320648745,No,Highly Likely to Crash
1609,Type C,77,Average,65,0,Stormy,3,18825,6.65965886127632,No,Inconclusive
1610,Type A,100,Good,63,0,Cloudy,0,8763,9.648577197842066,Yes,Less Likely to Crash
1611,Type A,98,Good,58,1,Stormy,1,17705,4.277892303172131,No,Inconclusive
1612,Type B,58,Good,96,4,Cloudy,2,8572,11.55480166076409,No,Highly Likely to Crash
1613,Type A,94,Good,56,1,Stormy,0,17699,4.145681227775004,Yes,Inconclusive
1614,Type C,71,Good,63,0,Cloudy,1,18582,9.28504874079315,No,Inconclusive
1615,Type A,81,Average,55,5,Stormy,2,13038,10.758091181927583,Yes,Highly Likely to Crash
1616,Type B,54,Poor,70,2,Clear,0,11608,13.036470539261542,No,Highly Likely to Crash
1617,Type B,72,Average,64,0,Clear,3,7862,11.274605821045064,No,Inconclusive
1618,Type B,54,Average,57,5,Cloudy,0,10734,12.18355128173199,Yes,Highly Likely to Crash
1619,Type B,91,Good,83,2,Stormy,0,6191,13.781045220969876,No,Inconclusive
1620,Type B,81,Average,89,3,Clear,0,2453,9.368801857109013,No,Inconclusive
1621,Type A,59,Good,50,4,Cloudy,1,5463,12.847920149268234,No,Highly Likely to Crash
1622,Type A,88,Average,81,5,Clear,3,6486,4.246211234352409,No,Highly Likely to Crash
1623,Type A,64,Good,98,3,Stormy,3,8252,12.406264391087621,No,Highly Likely to Crash
1624,Type A,56,Good,100,0,Cloudy,1,11945,4.1036143782907235,Yes,Highly Likely to Crash
1625,Type B,78,Average,54,4,Stormy,0,5491,14.084809062398918,No,Highly Likely to Crash
1626,Type C,96,Average,79,5,Stormy,3,8947,5.619626724407361,Yes,Highly Likely to Crash
1627,Type A,52,Poor,71,0,Stormy,0,2431,3.40573197445858,No,Highly Likely to Crash
1628,Type C,68,Poor,69,4,Clear,3,17995,3.0743626418088263,No,Highly Likely to Crash
1629,Type A,59,Poor,65,4,Cloudy,1,1372,3.6218110371296532,Yes,Highly Likely to Crash
1630,Type A,77,Average,56,0,Stormy,2,8454,7.265564319884323,No,Inconclusive
1631,Type C,78,Average,56,0,Clear,0,18445,8.310091475120826,No,Inconclusive
1632,Type B,64,Good,99,5,Stormy,3,6026,13.793001655334859,No,Highly Likely to Crash
1633,Type A,84,Poor,99,4,Clear,3,13420,6.3342072409877375,No,Highly Likely to Crash
1634,Type A,55,Good,51,5,Cloudy,3,6060,4.044752323018757,Yes,Highly Likely to Crash
1635,Type A,61,Good,96,4,Cloudy,1,15889,11.413495565751342,Yes,Highly Likely to Crash
1636,Type C,96,Good,63,5,Cloudy,1,9585,2.8851617110004835,No,Highly Likely to Crash
1637,Type B,87,Good,80,0,Cloudy,2,8215,13.491967208212632,Yes,Inconclusive
1638,Type C,62,Poor,99,0,Stormy,1,19568,6.731594892923256,Yes,Highly Likely to Crash
1639,Type C,78,Good,90,1,Clear,0,9938,9.593780771169715,No,Inconclusive
1640,Type B,68,Average,63,5,Cloudy,1,17630,3.6065807966313166,No,Highly Likely to Crash
1641,Type C,52,Average,54,1,Stormy,3,5743,3.037408087117714,Yes,Highly Likely to Crash
1642,Type B,57,Average,60,1,Cloudy,0,7326,12.183751246567978,Yes,Highly Likely to Crash
1643,Type A,57,Poor,89,3,Cloudy,1,4585,7.015832086803838,Yes,Highly Likely to Crash
1644,Type B,69,Good,54,4,Cloudy,0,6617,14.814399378166943,Yes,Highly Likely to Crash
1645,Type A,96,Poor,78,2,Clear,0,17890,8.340171222334323,Yes,Highly Likely to Crash
1646,Type C,53,Good,60,3,Clear,1,9582,12.839140750607655,Yes,Highly Likely to Crash
1647,Type C,100,Poor,54,4,Clear,0,11183,14.719491502100093,No,Highly Likely to Crash
1648,Type A,70,Poor,98,2,Cloudy,3,15384,4.936102261119022,No,Highly Likely to Crash
1649,Type C,52,Good,81,1,Stormy,3,3376,12.212343970175125,Yes,Highly Likely to Crash
1650,Type B,94,Poor,85,2,Stormy,1,18910,1.308086286545044,No,Highly Likely to Crash
1651,Type A,57,Good,64,0,Stormy,1,6056,10.516557652854404,No,Highly Likely to Crash
1652,Type C,72,Average,68,0,Cloudy,3,5741,11.432815275649892,Yes,Inconclusive
1653,Type A,65,Average,71,5,Clear,1,16406,7.683091974097033,Yes,Highly Likely to Crash
1654,Type B,62,Average,83,4,Stormy,3,15414,3.269472941645028,Yes,Highly Likely to Crash
1655,Type B,52,Poor,66,3,Cloudy,0,6169,9.634087673098296,No,Highly Likely to Crash
1656,Type C,97,Average,61,1,Cloudy,1,5899,13.565401232097805,Yes,Inconclusive
1657,Type B,58,Good,74,4,Stormy,2,9433,14.038468794095765,No,Highly Likely to Crash
1658,Type A,63,Average,66,1,Stormy,3,14148,11.445433465874439,No,Highly Likely to Crash
1659,Type B,62,Average,59,0,Cloudy,3,19892,4.691985617958428,Yes,Highly Likely to Crash
1660,Type A,56,Poor,77,3,Stormy,0,10668,13.18457696483888,No,Highly Likely to Crash
1661,Type A,64,Good,67,3,Cloudy,2,7995,13.44352293382373,Yes,Highly Likely to Crash
1662,Type B,56,Poor,100,0,Stormy,2,16105,6.141390880433089,Yes,Highly Likely to Crash
1663,Type C,87,Poor,67,2,Clear,2,14704,3.5617443116115295,No,Highly Likely to Crash
1664,Type B,83,Good,94,3,Cloudy,3,19795,13.245232077867154,Yes,Inconclusive
1665,Type A,90,Poor,81,2,Clear,3,7397,13.391362413539401,Yes,Highly Likely to Crash
1666,Type A,71,Good,63,1,Stormy,2,11776,2.412685183716997,Yes,Inconclusive
1667,Type B,73,Average,65,3,Cloudy,1,5985,14.537780091114836,Yes,Inconclusive
1668,Type C,98,Good,99,5,Stormy,2,6338,8.463127743103168,Yes,Highly Likely to Crash
1669,Type C,86,Good,67,0,Cloudy,0,17657,14.912222729201108,Yes,Inconclusive
1670,Type A,93,Good,65,2,Stormy,2,2644,7.23011550303354,No,Inconclusive
1671,Type A,50,Poor,66,5,Clear,2,14906,8.465966751033672,Yes,Highly Likely to Crash
1672,Type C,59,Good,56,1,Clear,2,9684,4.7251596475974385,No,Highly Likely to Crash
1673,Type B,92,Good,61,1,Stormy,1,6480,13.585264237215172,Yes,Inconclusive
1674,Type A,65,Good,83,3,Clear,2,15192,7.211969639016083,Yes,Highly Likely to Crash
1675,Type A,95,Average,59,3,Clear,2,15379,12.404596750783373,No,Inconclusive
1676,Type C,57,Good,54,5,Stormy,3,12013,2.1162798513311576,No,Highly Likely to Crash
1677,Type B,98,Poor,70,4,Cloudy,2,12534,12.035452798927377,Yes,Highly Likely to Crash
1678,Type C,74,Good,52,4,Stormy,0,8641,7.863403991520649,Yes,Highly Likely to Crash
1679,Type B,99,Good,68,3,Cloudy,3,15823,1.0757103162634836,No,Inconclusive
1680,Type B,61,Average,94,4,Clear,1,8695,4.167681145983129,No,Highly Likely to Crash
1681,Type B,74,Good,93,0,Clear,3,8856,3.7122229602036376,No,Inconclusive
1682,Type A,66,Poor,84,5,Clear,1,13131,11.524704138332158,No,Highly Likely to Crash
1683,Type C,75,Good,55,0,Clear,1,2397,7.68083065710506,Yes,Inconclusive
1684,Type C,95,Poor,63,4,Clear,0,11932,3.236057553619364,No,Highly Likely to Crash
1685,Type B,97,Average,53,3,Cloudy,2,19451,4.595241678633536,Yes,Inconclusive
1686,Type A,63,Good,94,0,Cloudy,0,8630,8.057075274282388,No,Highly Likely to Crash
1687,Type A,90,Average,100,1,Cloudy,3,12199,1.2749347624754341,Yes,Inconclusive
1688,Type C,85,Good,67,3,Stormy,1,3059,6.937758233391232,No,Inconclusive
1689,Type A,72,Poor,78,5,Clear,3,15244,10.492859651152362,Yes,Highly Likely to Crash
1690,Type A,92,Average,84,2,Clear,1,10030,8.248564194002302,No,Inconclusive
1691,Type B,55,Good,87,2,Clear,3,17496,9.373393575056983,No,Highly Likely to Crash
1692,Type A,96,Poor,65,3,Stormy,1,13687,5.5726536381630964,No,Highly Likely to Crash
1693,Type B,54,Average,69,4,Stormy,0,18768,3.5630601362765812,No,Highly Likely to Crash
1694,Type C,92,Good,73,0,Stormy,1,3634,12.336378064972536,Yes,Less Likely to Crash
1695,Type A,74,Average,84,0,Clear,2,18506,13.678888200109046,No,Inconclusive
1696,Type C,67,Good,93,3,Cloudy,0,16875,8.150367985248511,No,Highly Likely to Crash
1697,Type C,62,Poor,100,1,Stormy,2,19494,5.270576976139472,No,Highly Likely to Crash
1698,Type A,92,Poor,68,5,Stormy,3,15410,8.156867613251798,Yes,Highly Likely to Crash
1699,Type A,63,Average,53,4,Cloudy,3,3569,13.305797288923538,Yes,Highly Likely to Crash
1700,Type C,77,Average,82,1,Stormy,1,6986,10.679688863251643,No,Inconclusive
1701,Type A,67,Good,51,3,Cloudy,1,18139,13.020625208061643,Yes,Highly Likely to Crash
1702,Type B,77,Poor,62,3,Clear,3,3160,5.597311923092705,Yes,Highly Likely to Crash
1703,Type B,100,Good,94,1,Cloudy,0,4952,10.967707796724943,Yes,Inconclusive
1704,Type A,76,Poor,79,2,Cloudy,2,12369,10.142685601162633,No,Highly Likely to Crash
1705,Type C,81,Average,83,3,Clear,3,4676,9.002630449105842,Yes,Inconclusive
1706,Type A,96,Good,79,5,Stormy,0,4186,8.395148113227123,Yes,Highly Likely to Crash
1707,Type A,58,Good,100,4,Clear,2,5737,8.713690363954356,No,Highly Likely to Crash
1708,Type C,89,Poor,73,1,Stormy,1,1290,12.895395256173787,No,Highly Likely to Crash
1709,Type C,81,Poor,97,2,Stormy,0,15327,13.82392301405803,No,Highly Likely to Crash
1710,Type B,69,Poor,93,1,Cloudy,0,14686,2.580046501393335,Yes,Highly Likely to Crash
1711,Type C,77,Average,82,2,Clear,3,8916,8.96280208626468,No,Inconclusive
1712,Type B,82,Good,90,2,Cloudy,2,19918,13.857717914625285,Yes,Inconclusive
1713,Type C,53,Poor,98,5,Clear,3,15254,2.886359792227318,Yes,Highly Likely to Crash
1714,Type A,95,Average,59,4,Clear,1,13567,6.780031226156687,No,Highly Likely to Crash
1715,Type B,83,Poor,67,3,Cloudy,1,17109,2.2471223989126554,No,Highly Likely to Crash
1716,Type B,97,Good,68,2,Stormy,2,9503,2.5886696281363237,No,Inconclusive
1717,Type B,52,Poor,56,3,Stormy,2,14728,13.657551375833465,No,Highly Likely to Crash
1718,Type A,75,Good,68,4,Clear,2,4723,7.246514187626907,No,Highly Likely to Crash
1719,Type A,57,Average,73,3,Stormy,3,4566,10.64235515606438,No,Highly Likely to Crash
1720,Type A,55,Average,64,5,Cloudy,2,746,2.9448019254094664,Yes,Highly Likely to Crash
1721,Type A,65,Poor,90,5,Cloudy,2,18502,1.307264753498581,No,Highly Likely to Crash
1722,Type A,73,Good,91,0,Cloudy,3,12137,13.466775402884096,Yes,Inconclusive
1723,Type B,97,Good,72,5,Clear,1,9112,9.043638953686306,Yes,Highly Likely to Crash
1724,Type A,88,Good,53,2,Clear,1,5660,1.2798285779940959,Yes,Inconclusive
1725,Type B,79,Poor,87,4,Stormy,0,1871,14.89275273299182,Yes,Highly Likely to Crash
1726,Type A,94,Good,53,5,Cloudy,1,8228,7.8906933621926125,Yes,Highly Likely to Crash
1727,Type C,62,Good,54,1,Cloudy,2,4738,7.662271114313862,Yes,Highly Likely to Crash
1728,Type B,54,Good,90,4,Clear,1,19496,9.692798580516698,No,Highly Likely to Crash
1729,Type C,74,Good,93,2,Clear,3,18964,1.1106634787364695,Yes,Inconclusive
1730,Type B,69,Poor,72,4,Clear,1,6419,8.967937231890161,Yes,Highly Likely to Crash
1731,Type C,67,Poor,89,5,Cloudy,1,4824,9.812774655855195,Yes,Highly Likely to Crash
1732,Type A,96,Good,86,1,Cloudy,0,8297,5.157349953443017,No,Inconclusive
1733,Type A,67,Good,60,0,Stormy,0,19619,11.175933736756178,Yes,Highly Likely to Crash
1734,Type A,51,Average,60,2,Cloudy,2,9521,6.284045427051549,Yes,Highly Likely to Crash
1735,Type B,59,Average,62,2,Stormy,3,3558,11.048823882413963,No,Highly Likely to Crash
1736,Type C,94,Good,63,4,Stormy,2,9541,3.0135524983352004,No,Highly Likely to Crash
1737,Type A,99,Good,57,3,Cloudy,3,5834,13.791769424574252,No,Inconclusive
1738,Type C,96,Average,74,3,Stormy,3,1653,13.312403231187643,Yes,Inconclusive
1739,Type C,61,Average,67,1,Stormy,0,5440,3.1087706652287883,No,Highly Likely to Crash
1740,Type A,96,Good,100,0,Clear,1,15107,14.138355119197293,No,Less Likely to Crash
1741,Type A,62,Poor,93,0,Cloudy,1,12521,8.808923818741835,No,Highly Likely to Crash
1742,Type C,99,Poor,93,4,Stormy,0,3579,10.823095497109557,Yes,Highly Likely to Crash
1743,Type A,96,Good,67,4,Stormy,2,17286,12.7641130932714,No,Highly Likely to Crash
1744,Type A,60,Good,59,3,Stormy,1,19859,2.1699792591200513,Yes,Highly Likely to Crash
1745,Type A,68,Average,56,5,Cloudy,2,13414,3.3699810045263314,Yes,Highly Likely to Crash
1746,Type B,84,Average,99,0,Clear,1,8036,5.065472900803465,No,Inconclusive
1747,Type C,88,Poor,93,5,Clear,2,1480,7.680862739418191,Yes,Highly Likely to Crash
1748,Type C,75,Good,63,0,Cloudy,3,7180,5.8447630881823684,Yes,Inconclusive
1749,Type B,95,Average,64,5,Cloudy,3,13864,8.081849277188741,Yes,Highly Likely to Crash
1750,Type C,63,Poor,65,5,Cloudy,1,10986,3.602838382812308,No,Highly Likely to Crash
1751,Type A,94,Poor,51,0,Cloudy,2,2884,10.550157959064306,Yes,Highly Likely to Crash
1752,Type C,93,Poor,79,1,Clear,2,12044,1.7802883365722362,No,Highly Likely to Crash
1753,Type A,73,Average,79,1,Stormy,3,12820,6.060293086911462,Yes,Inconclusive
1754,Type B,90,Average,67,4,Stormy,2,9490,3.5064654253957164,No,Highly Likely to Crash
1755,Type A,50,Good,80,5,Cloudy,0,11287,11.219065806189525,Yes,Highly Likely to Crash
1756,Type C,100,Good,93,5,Cloudy,2,1866,13.371146743618759,Yes,Highly Likely to Crash
1757,Type C,92,Poor,97,5,Stormy,3,3438,2.1030069288486484,No,Highly Likely to Crash
1758,Type C,71,Poor,62,5,Clear,0,18146,11.9905299821296,Yes,Highly Likely to Crash
1759,Type B,72,Average,69,5,Cloudy,0,6687,13.540112112109432,No,Highly Likely to Crash
1760,Type B,68,Average,98,3,Cloudy,2,8995,14.635583032596772,No,Highly Likely to Crash
1761,Type C,67,Good,99,2,Clear,3,10385,9.111407513231246,Yes,Highly Likely to Crash
1762,Type A,61,Good,84,5,Clear,3,19200,5.583486404103695,No,Highly Likely to Crash
1763,Type B,77,Good,72,3,Clear,3,15518,5.507630398142623,Yes,Inconclusive
1764,Type C,77,Average,91,1,Cloudy,0,17805,6.305581110122336,No,Inconclusive
1765,Type C,82,Poor,82,5,Clear,3,7614,9.577343702586777,No,Highly Likely to Crash
1766,Type B,68,Good,87,1,Cloudy,0,7074,7.86322016994775,No,Highly Likely to Crash
1767,Type B,77,Good,84,4,Cloudy,0,6029,10.15089036969569,Yes,Highly Likely to Crash
1768,Type B,98,Average,100,2,Clear,1,4309,1.5503942294140662,Yes,Inconclusive
1769,Type A,86,Good,85,0,Stormy,2,14036,2.4823417053355916,Yes,Inconclusive
1770,Type A,75,Poor,69,2,Clear,3,18050,14.671552991974655,Yes,Highly Likely to Crash
1771,Type C,84,Average,52,5,Stormy,0,9231,14.93539703060734,No,Highly Likely to Crash
1772,Type B,83,Good,57,5,Clear,2,5831,11.453223439951458,Yes,Highly Likely to Crash
1773,Type A,84,Good,89,2,Clear,0,18344,4.589560102534417,Yes,Inconclusive
1774,Type B,89,Average,81,2,Cloudy,2,5187,14.3473442816077,No,Inconclusive
1775,Type C,65,Average,78,4,Cloudy,0,5857,3.9918391130838495,Yes,Highly Likely to Crash
1776,Type A,87,Good,56,1,Cloudy,3,827,11.24003851398648,Yes,Inconclusive
1777,Type A,62,Poor,51,0,Cloudy,1,10785,2.6136163636885437,No,Highly Likely to Crash
1778,Type A,72,Average,70,2,Cloudy,1,10823,10.084662979837677,Yes,Inconclusive
1779,Type C,71,Poor,55,0,Cloudy,1,5791,11.633210046985903,Yes,Highly Likely to Crash
1780,Type B,65,Good,77,2,Cloudy,0,8925,13.034962024233156,Yes,Highly Likely to Crash
1781,Type A,77,Poor,97,1,Stormy,2,16040,11.280285955632147,Yes,Highly Likely to Crash
1782,Type C,97,Good,91,0,Stormy,3,3622,13.928794974976327,Yes,Less Likely to Crash
1783,Type B,84,Good,85,3,Cloudy,3,5376,8.292925610610151,No,Inconclusive
1784,Type C,94,Good,81,1,Stormy,0,19612,10.484000496506589,Yes,Inconclusive
1785,Type B,95,Good,94,0,Clear,1,14206,6.173701191236928,Yes,Less Likely to Crash
1786,Type C,57,Poor,91,2,Stormy,0,9624,1.1454522900503752,Yes,Highly Likely to Crash
1787,Type B,93,Good,95,2,Cloudy,2,2323,11.593701376542766,Yes,Inconclusive
1788,Type A,71,Good,58,1,Stormy,1,4573,13.178049070196879,Yes,Inconclusive
1789,Type B,70,Poor,60,1,Clear,0,18114,3.4349426781361783,Yes,Highly Likely to Crash
1790,Type C,75,Average,72,2,Stormy,2,10887,1.4009705233140757,Yes,Inconclusive
1791,Type C,89,Poor,99,0,Cloudy,1,4895,3.303025837020491,Yes,Highly Likely to Crash
1792,Type B,70,Poor,60,3,Clear,3,6551,13.534050105350047,No,Highly Likely to Crash
1793,Type A,74,Poor,98,4,Clear,2,1976,5.1371454511986165,Yes,Highly Likely to Crash
1794,Type A,90,Good,51,1,Stormy,3,18907,4.271857607951404,Yes,Inconclusive
1795,Type B,50,Good,52,2,Clear,2,19480,1.204257547805029,Yes,Highly Likely to Crash
1796,Type B,55,Good,60,0,Clear,1,7621,5.158772060940927,No,Highly Likely to Crash
1797,Type C,72,Average,99,1,Clear,0,2930,11.018947078311308,Yes,Inconclusive
1798,Type A,100,Good,84,0,Cloudy,0,8454,14.427250037267076,No,Less Likely to Crash
1799,Type B,72,Average,64,1,Clear,0,12381,5.378377254126866,Yes,Inconclusive
1800,Type A,92,Good,92,2,Stormy,0,17417,4.369594482949705,Yes,Inconclusive
1801,Type B,92,Poor,60,0,Stormy,2,18140,13.43296628647688,Yes,Highly Likely to Crash
1802,Type B,72,Good,80,2,Clear,0,18541,12.9350679116512,Yes,Inconclusive
1803,Type A,81,Average,77,0,Stormy,0,12585,5.594245882011609,No,Inconclusive
1804,Type B,79,Average,77,1,Clear,2,18636,1.9632721525987558,No,Inconclusive
1805,Type B,62,Good,81,4,Stormy,2,3478,14.887852166534397,Yes,Highly Likely to Crash
1806,Type C,92,Poor,74,4,Clear,1,4832,10.529860024464988,Yes,Highly Likely to Crash
1807,Type B,67,Good,69,3,Clear,2,3513,13.97212695917788,Yes,Highly Likely to Crash
1808,Type B,72,Good,77,3,Clear,3,15589,5.7862426404724605,Yes,Inconclusive
1809,Type B,64,Good,74,5,Cloudy,1,14508,10.067595867161918,No,Highly Likely to Crash
1810,Type C,82,Poor,60,2,Stormy,1,18648,10.44296122289258,Yes,Highly Likely to Crash
1811,Type A,70,Average,68,0,Clear,0,18006,13.220676545544867,No,Inconclusive
1812,Type C,88,Poor,77,3,Cloudy,0,4330,14.902812519624057,No,Highly Likely to Crash
1813,Type C,72,Average,50,1,Cloudy,3,3458,2.521326499335813,No,Inconclusive
1814,Type A,76,Average,54,4,Clear,0,2040,9.83563583602604,Yes,Highly Likely to Crash
1815,Type C,94,Average,59,0,Clear,2,9214,5.710159277076206,Yes,Inconclusive
1816,Type A,93,Poor,91,5,Clear,2,11699,12.363217978841707,No,Highly Likely to Crash
1817,Type C,67,Good,95,4,Clear,0,7553,11.558071786450192,No,Highly Likely to Crash
1818,Type A,73,Good,83,0,Clear,0,6170,13.495259339134792,No,Inconclusive
1819,Type B,100,Good,85,3,Stormy,2,11190,5.811840281926763,Yes,Inconclusive
1820,Type C,96,Good,51,3,Clear,1,14762,3.5834248182087105,Yes,Inconclusive
1821,Type C,89,Good,67,2,Clear,3,15847,1.3052234801162974,No,Inconclusive
1822,Type C,100,Poor,62,5,Stormy,3,10781,4.577093572054956,Yes,Highly Likely to Crash
1823,Type C,91,Poor,100,0,Cloudy,1,18622,6.1404015565732335,Yes,Highly Likely to Crash
1824,Type B,56,Poor,54,5,Stormy,3,3033,14.244937803271888,Yes,Highly Likely to Crash
1825,Type C,99,Poor,69,1,Cloudy,0,11256,7.879216873861538,No,Highly Likely to Crash
1826,Type B,97,Poor,51,5,Cloudy,0,19302,8.790153057523053,Yes,Highly Likely to Crash
1827,Type B,69,Poor,60,3,Stormy,0,5576,13.321802668673607,Yes,Highly Likely to Crash
1828,Type B,76,Poor,79,2,Clear,3,17368,13.39097319269797,No,Highly Likely to Crash
1829,Type B,55,Good,81,3,Cloudy,1,17548,8.390821571884828,No,Highly Likely to Crash
1830,Type A,76,Average,81,4,Clear,0,17511,2.5918489822666446,Yes,Highly Likely to Crash
1831,Type A,58,Poor,99,3,Stormy,1,10376,4.787226305537215,No,Highly Likely to Crash
1832,Type C,94,Average,87,0,Cloudy,2,4787,7.396434800085711,No,Inconclusive
1833,Type A,80,Poor,77,2,Clear,2,14556,11.516372932490412,Yes,Highly Likely to Crash
1834,Type A,70,Poor,59,0,Cloudy,2,15671,10.963544476607572,No,Highly Likely to Crash
1835,Type C,75,Good,71,1,Cloudy,3,9936,9.997915294196714,No,Inconclusive
1836,Type C,89,Average,66,1,Stormy,3,5666,13.323437837232822,Yes,Inconclusive
1837,Type C,97,Good,71,3,Clear,0,10866,12.237049716299756,Yes,Inconclusive
1838,Type A,94,Good,92,2,Clear,2,11466,14.749599371306825,Yes,Inconclusive
1839,Type A,62,Average,68,5,Cloudy,1,13483,13.448219293064179,No,Highly Likely to Crash
1840,Type C,98,Good,66,2,Clear,3,12810,3.739189989807999,Yes,Inconclusive
1841,Type B,72,Poor,73,2,Cloudy,1,11890,1.8066319172855387,No,Highly Likely to Crash
1842,Type C,69,Poor,85,2,Stormy,1,13564,6.803153216620526,Yes,Highly Likely to Crash
1843,Type B,86,Poor,81,3,Stormy,0,10736,9.645062312617906,Yes,Highly Likely to Crash
1844,Type B,77,Poor,95,0,Clear,0,7976,10.00344899573055,No,Highly Likely to Crash
1845,Type C,66,Poor,85,3,Stormy,1,1207,4.745178661257022,No,Highly Likely to Crash
1846,Type C,77,Good,77,5,Stormy,1,9124,13.038333502281384,Yes,Highly Likely to Crash
1847,Type C,90,Good,63,0,Clear,1,16825,5.609450491035978,No,Less Likely to Crash
1848,Type A,51,Poor,85,5,Cloudy,1,547,13.867604489364009,Yes,Highly Likely to Crash
1849,Type B,74,Poor,55,4,Stormy,2,2414,7.602419618245101,No,Highly Likely to Crash
1850,Type A,99,Good,58,4,Clear,1,17989,1.1454693245857044,Yes,Highly Likely to Crash
1851,Type A,90,Average,70,0,Clear,3,15890,3.2685783567264464,Yes,Inconclusive
1852,Type C,55,Good,61,3,Clear,0,17451,2.4324695931699667,No,Highly Likely to Crash
1853,Type A,60,Good,79,5,Stormy,3,9171,1.6163611412043069,Yes,Highly Likely to Crash
1854,Type C,87,Good,80,5,Stormy,0,17750,10.996242351349464,Yes,Highly Likely to Crash
1855,Type B,55,Good,89,1,Cloudy,0,11952,3.692422222845631,No,Highly Likely to Crash
1856,Type C,94,Good,53,5,Cloudy,0,1528,12.740677121690807,No,Highly Likely to Crash
1857,Type A,60,Average,80,3,Cloudy,3,2313,4.70256360340202,Yes,Highly Likely to Crash
1858,Type A,63,Poor,76,1,Cloudy,0,6013,1.4525794908717806,No,Highly Likely to Crash
1859,Type C,51,Poor,74,3,Cloudy,1,1550,12.489454815653207,Yes,Highly Likely to Crash
1860,Type C,89,Average,54,2,Cloudy,1,6778,7.52604190743382,Yes,Inconclusive
1861,Type A,52,Poor,55,5,Clear,2,12298,9.393076163765915,No,Highly Likely to Crash
1862,Type B,84,Poor,54,2,Cloudy,2,18536,5.707182040981884,Yes,Highly Likely to Crash
1863,Type B,82,Poor,100,4,Stormy,2,15227,1.6445655461789854,Yes,Highly Likely to Crash
1864,Type C,73,Average,76,4,Cloudy,1,5208,6.182479248297745,Yes,Highly Likely to Crash
1865,Type B,68,Average,57,0,Stormy,3,9976,8.25600918411001,Yes,Highly Likely to Crash
1866,Type A,67,Poor,58,5,Cloudy,2,5818,1.1636124495126596,Yes,Highly Likely to Crash
1867,Type C,98,Poor,64,1,Clear,1,6359,9.040060450853463,No,Highly Likely to Crash
1868,Type A,73,Poor,85,2,Clear,0,13173,13.50259016382842,No,Highly Likely to Crash
1869,Type A,94,Good,90,3,Stormy,3,7093,4.049767313880368,Yes,Inconclusive
1870,Type B,84,Good,56,5,Cloudy,3,5410,13.974768256077583,No,Highly Likely to Crash
1871,Type C,50,Good,81,0,Clear,1,3754,2.366519263530204,No,Highly Likely to Crash
1872,Type C,85,Average,57,3,Clear,1,4953,12.556108903119503,No,Inconclusive
1873,Type B,74,Poor,96,2,Cloudy,0,19307,12.7645410162302,No,Highly Likely to Crash
1874,Type A,94,Average,100,5,Stormy,0,8437,4.608638080573945,Yes,Highly Likely to Crash
1875,Type A,98,Average,64,2,Stormy,0,4677,14.409807710718542,No,Inconclusive
1876,Type A,92,Average,86,5,Stormy,3,3929,6.8323821599648875,No,Highly Likely to Crash
1877,Type A,83,Poor,68,5,Clear,3,684,2.9775852245183136,No,Highly Likely to Crash
1878,Type C,74,Good,88,2,Cloudy,2,3633,9.284002311580334,No,Inconclusive
1879,Type C,65,Poor,55,2,Clear,2,5478,14.952605856633728,No,Highly Likely to Crash
1880,Type B,83,Poor,68,3,Clear,2,9198,13.590081685430121,No,Highly Likely to Crash
1881,Type B,78,Average,77,0,Clear,3,14273,4.900439565611435,Yes,Inconclusive
1882,Type C,68,Average,66,2,Clear,0,18816,9.077812391297257,No,Highly Likely to Crash
1883,Type C,72,Average,91,4,Cloudy,2,6674,2.6151472354754324,No,Highly Likely to Crash
1884,Type A,68,Good,68,0,Clear,0,18080,7.4658272607192515,No,Highly Likely to Crash
1885,Type A,74,Good,80,4,Clear,0,12377,8.322980947676541,No,Highly Likely to Crash
1886,Type B,65,Good,60,3,Stormy,0,18222,5.4138961766358,Yes,Highly Likely to Crash
1887,Type C,100,Poor,64,2,Clear,2,14957,7.778619161118079,Yes,Highly Likely to Crash
1888,Type B,58,Average,59,0,Cloudy,2,14062,13.879138414536431,No,Highly Likely to Crash
1889,Type C,50,Poor,92,2,Clear,0,19504,8.00192692051623,No,Highly Likely to Crash
1890,Type A,91,Good,72,5,Cloudy,2,7046,12.633864347946364,No,Highly Likely to Crash
1891,Type B,68,Average,52,2,Cloudy,1,12206,5.443466008288074,No,Highly Likely to Crash
1892,Type B,82,Good,52,0,Cloudy,2,10852,14.599659113214743,Yes,Inconclusive
1893,Type C,83,Average,67,2,Stormy,0,2229,2.3084852682325967,No,Inconclusive
1894,Type A,65,Average,74,2,Stormy,0,10109,9.19821305578785,Yes,Highly Likely to Crash
1895,Type B,93,Poor,92,1,Clear,3,12706,12.058429132335236,Yes,Highly Likely to Crash
1896,Type A,89,Poor,69,1,Clear,3,518,12.396573808343438,No,Highly Likely to Crash
1897,Type B,67,Good,78,0,Clear,0,17348,3.775935551018587,No,Highly Likely to Crash
1898,Type A,83,Poor,71,0,Cloudy,1,9382,6.623042441589806,Yes,Highly Likely to Crash
1899,Type C,74,Poor,99,5,Cloudy,3,16768,9.738746414497443,No,Highly Likely to Crash
1900,Type B,94,Poor,64,5,Cloudy,0,5810,5.422357936813833,Yes,Highly Likely to Crash
1901,Type B,55,Average,88,2,Clear,3,14304,10.21614421298872,No,Highly Likely to Crash
1902,Type A,70,Poor,59,4,Clear,3,11753,6.302929398377835,No,Highly Likely to Crash
1903,Type A,55,Good,70,0,Clear,0,17046,5.912128516193112,No,Highly Likely to Crash
1904,Type B,81,Average,78,2,Clear,2,10327,2.512954400865734,No,Inconclusive
1905,Type C,90,Average,81,4,Stormy,1,11438,1.5495403039426403,Yes,Highly Likely to Crash
1906,Type A,97,Poor,59,1,Stormy,2,794,12.693833060170547,No,Highly Likely to Crash
1907,Type A,92,Average,62,5,Stormy,0,7740,7.853622890185039,No,Highly Likely to Crash
1908,Type A,88,Good,96,0,Clear,0,7344,8.880223864926094,No,Inconclusive
1909,Type B,80,Good,72,2,Stormy,1,2085,6.211094315398728,Yes,Inconclusive
1910,Type B,91,Average,99,1,Stormy,0,11041,2.9143886366327862,No,Inconclusive
1911,Type B,59,Poor,72,3,Clear,3,5927,7.29400796767689,Yes,Highly Likely to Crash
1912,Type B,79,Poor,80,1,Stormy,1,16120,4.2053990924363625,Yes,Highly Likely to Crash
1913,Type C,67,Average,53,2,Clear,2,17078,12.727562654880947,No,Highly Likely to Crash
1914,Type C,73,Good,98,5,Clear,1,9533,14.815039533042858,Yes,Highly Likely to Crash
1915,Type B,58,Average,52,4,Clear,2,14654,13.447345896661279,No,Highly Likely to Crash
1916,Type C,80,Poor,70,3,Cloudy,0,16836,8.395839722958826,No,Highly Likely to Crash
1917,Type A,64,Poor,51,3,Clear,2,12699,9.793844432548623,No,Highly Likely to Crash
1918,Type A,53,Average,53,5,Stormy,2,13276,14.273715598349336,Yes,Highly Likely to Crash
1919,Type A,89,Good,50,3,Stormy,2,3431,8.541547070242153,Yes,Inconclusive
1920,Type B,58,Average,64,0,Clear,1,15343,9.940247726081708,Yes,Highly Likely to Crash
1921,Type A,94,Good,82,2,Cloudy,3,6199,9.809213052392595,No,Inconclusive
1922,Type C,58,Good,55,3,Cloudy,2,8136,10.913696125374512,No,Highly Likely to Crash
1923,Type B,75,Average,56,1,Cloudy,1,2360,9.963991394096464,Yes,Inconclusive
1924,Type C,53,Average,68,4,Stormy,1,17814,10.389875572778019,Yes,Highly Likely to Crash
1925,Type A,66,Good,93,2,Cloudy,3,15489,11.162522611259176,No,Highly Likely to Crash
1926,Type A,65,Good,50,5,Cloudy,1,18818,12.327389215351284,Yes,Highly Likely to Crash
1927,Type A,64,Good,88,1,Clear,0,15737,6.6427695696820575,No,Highly Likely to Crash
1928,Type B,84,Good,68,0,Cloudy,0,4867,11.441675779648095,No,Inconclusive
1929,Type C,54,Poor,94,3,Cloudy,0,14154,2.402852628155472,Yes,Highly Likely to Crash
1930,Type B,54,Average,75,1,Cloudy,3,2671,13.2666338513814,No,Highly Likely to Crash
1931,Type B,69,Good,93,2,Clear,1,3794,5.060620310728685,No,Highly Likely to Crash
1932,Type A,64,Average,61,1,Clear,0,14301,6.648444397221971,Yes,Highly Likely to Crash
1933,Type B,67,Good,71,0,Cloudy,2,5247,12.250545777205119,Yes,Highly Likely to Crash
1934,Type B,96,Average,62,4,Stormy,1,4892,9.917818533274081,Yes,Highly Likely to Crash
1935,Type A,51,Average,77,3,Stormy,0,5738,5.320791857916354,No,Highly Likely to Crash
1936,Type B,78,Good,63,2,Clear,1,3334,4.1555875557449635,No,Inconclusive
1937,Type A,62,Good,71,3,Cloudy,0,15935,14.408002281948258,Yes,Highly Likely to Crash
1938,Type A,53,Average,79,3,Stormy,2,13408,2.2288690544422156,No,Highly Likely to Crash
1939,Type A,91,Average,93,5,Cloudy,1,7616,1.0606915205307779,Yes,Highly Likely to Crash
1940,Type A,94,Average,69,3,Clear,0,3428,10.421088632008905,No,Inconclusive
1941,Type B,59,Poor,93,1,Stormy,0,6994,9.602641979155258,No,Highly Likely to Crash
1942,Type A,80,Good,76,1,Clear,2,2172,11.326595481324974,No,Inconclusive
1943,Type A,90,Poor,87,4,Cloudy,2,8690,11.242873642526655,No,Highly Likely to Crash
1944,Type B,57,Poor,91,0,Clear,0,4850,13.085627781724325,No,Highly Likely to Crash
1945,Type B,52,Good,90,2,Clear,0,1787,13.909520265718395,Yes,Highly Likely to Crash
1946,Type C,97,Good,83,1,Clear,3,11418,11.850344235610404,Yes,Inconclusive
1947,Type B,95,Poor,88,3,Clear,3,16536,4.252099222709354,No,Highly Likely to Crash
1948,Type B,58,Good,90,0,Stormy,1,7110,7.488946496185639,Yes,Highly Likely to Crash
1949,Type C,79,Average,93,2,Cloudy,1,9750,9.984013369182446,Yes,Inconclusive
1950,Type B,60,Average,86,2,Stormy,3,7383,8.551113763826388,No,Highly Likely to Crash
1951,Type B,84,Poor,50,2,Cloudy,0,11670,3.224565174084746,No,Highly Likely to Crash
1952,Type B,86,Poor,64,2,Cloudy,2,17014,9.249822428736639,No,Highly Likely to Crash
1953,Type B,91,Good,81,4,Cloudy,1,8544,13.411401092075659,Yes,Highly Likely to Crash
1954,Type C,62,Good,57,2,Cloudy,0,8802,6.8592411257113675,Yes,Highly Likely to Crash
1955,Type B,85,Poor,82,0,Cloudy,2,3234,10.365059542095649,Yes,Highly Likely to Crash
1956,Type B,62,Poor,67,1,Stormy,2,1566,9.623080007868735,No,Highly Likely to Crash
1957,Type C,61,Average,94,0,Cloudy,0,5470,6.278603915963225,No,Highly Likely to Crash
1958,Type A,86,Average,78,3,Clear,0,18201,8.91379690006126,No,Inconclusive
1959,Type C,59,Good,81,5,Stormy,1,17168,3.9429684745840543,No,Highly Likely to Crash
1960,Type A,58,Average,82,4,Stormy,3,8294,8.645501621732624,No,Highly Likely to Crash
1961,Type C,56,Good,54,4,Cloudy,0,4614,12.183614266865309,Yes,Highly Likely to Crash
1962,Type C,51,Good,67,3,Clear,3,13334,11.625268774277728,Yes,Highly Likely to Crash
1963,Type B,72,Good,97,0,Clear,1,16931,6.011363697299003,Yes,Inconclusive
1964,Type A,88,Average,59,0,Cloudy,3,6638,2.569193022691123,No,Inconclusive
1965,Type B,89,Poor,85,3,Cloudy,3,10770,12.199195910558123,No,Highly Likely to Crash
1966,Type A,88,Poor,82,5,Clear,2,10998,4.71054725292332,Yes,Highly Likely to Crash
1967,Type C,70,Average,72,2,Stormy,1,3915,1.742612740968948,Yes,Inconclusive
1968,Type C,72,Poor,89,2,Stormy,0,13095,7.23270144302404,No,Highly Likely to Crash
1969,Type A,78,Good,54,1,Cloudy,3,6950,11.352587413651666,Yes,Inconclusive
1970,Type B,63,Poor,83,0,Stormy,1,13910,12.318906766848627,No,Highly Likely to Crash
1971,Type B,75,Average,73,0,Stormy,2,6664,14.750830089107076,Yes,Inconclusive
1972,Type B,100,Poor,66,3,Clear,2,8287,3.6517075764217295,Yes,Highly Likely to Crash
1973,Type B,54,Good,80,3,Stormy,3,16424,5.113127906447459,Yes,Highly Likely to Crash
1974,Type C,80,Good,56,2,Clear,3,13018,9.532866978712962,Yes,Inconclusive
1975,Type C,74,Average,66,0,Cloudy,0,581,12.358811759624349,No,Inconclusive
1976,Type C,80,Average,77,0,Cloudy,1,3505,4.277050297394893,No,Inconclusive
1977,Type C,99,Average,87,4,Clear,0,8908,6.738802305232628,No,Highly Likely to Crash
1978,Type C,69,Good,71,1,Clear,0,834,6.71760935833489,Yes,Highly Likely to Crash
1979,Type B,93,Poor,64,1,Cloudy,2,11603,11.821114263376495,No,Highly Likely to Crash
1980,Type B,66,Poor,86,2,Clear,1,9444,4.373050879504899,Yes,Highly Likely to Crash
1981,Type B,94,Average,64,5,Cloudy,0,12453,14.562619765742987,No,Highly Likely to Crash
1982,Type B,51,Poor,99,0,Cloudy,2,11443,8.146493376896473,Yes,Highly Likely to Crash
1983,Type C,74,Poor,99,4,Cloudy,3,4397,4.9489357124743965,No,Highly Likely to Crash
1984,Type C,62,Average,74,0,Cloudy,0,5148,4.979976836058812,No,Highly Likely to Crash
1985,Type C,88,Average,70,3,Cloudy,3,10174,1.2561998138555868,Yes,Inconclusive
1986,Type A,77,Good,87,2,Cloudy,1,17666,10.694032470588061,No,Inconclusive
1987,Type B,91,Good,51,5,Stormy,0,4294,11.863276237458368,Yes,Highly Likely to Crash
1988,Type B,55,Good,76,1,Stormy,3,15844,1.4539888209316543,Yes,Highly Likely to Crash
1989,Type C,52,Good,98,0,Cloudy,3,13374,9.203083547833346,Yes,Highly Likely to Crash
1990,Type B,84,Poor,81,5,Stormy,1,6097,11.943417348785907,No,Highly Likely to Crash
1991,Type B,67,Poor,70,2,Clear,2,7550,6.267360677474031,No,Highly Likely to Crash
1992,Type C,60,Good,53,1,Clear,2,5551,7.058382159965655,No,Highly Likely to Crash
1993,Type A,69,Good,93,0,Cloudy,0,17626,6.0627485987699625,No,Highly Likely to Crash
1994,Type A,54,Average,68,4,Stormy,3,5044,5.419110059930635,No,Highly Likely to Crash
1995,Type A,68,Poor,51,2,Clear,2,13375,7.8759841311268906,Yes,Highly Likely to Crash
1996,Type C,71,Poor,75,0,Clear,0,4855,3.3254092418651435,No,Highly Likely to Crash
1997,Type B,68,Good,83,1,Clear,3,19394,7.169627537246026,No,Highly Likely to Crash
1998,Type C,96,Poor,63,1,Clear,0,8785,14.185551739810876,No,Highly Likely to Crash
1999,Type C,65,Average,64,4,Stormy,1,13808,1.3836293691609856,Yes,Highly Likely to Crash
2000,Type B,73,Average,69,2,Clear,0,18259,3.3064078219424027,Yes,Inconclusive
2001,Type A,90,Poor,83,2,Clear,1,3016,11.887833469049895,Yes,Highly Likely to Crash
2002,Type A,53,Good,85,5,Clear,3,13655,2.8487992587919635,Yes,Highly Likely to Crash
2003,Type C,64,Poor,68,0,Cloudy,3,16974,4.797932593038436,No,Highly Likely to Crash
2004,Type A,74,Average,58,5,Clear,3,15903,7.367744936620981,Yes,Highly Likely to Crash
2005,Type C,93,Good,56,1,Clear,0,1979,14.204271606975464,No,Inconclusive
2006,Type C,84,Poor,79,1,Stormy,3,17838,3.5690166222499724,No,Highly Likely to Crash
2007,Type B,63,Good,62,4,Clear,3,8714,13.92318431606043,No,Highly Likely to Crash
2008,Type B,98,Good,76,4,Clear,1,12810,11.059343177979937,Yes,Highly Likely to Crash
2009,Type B,68,Average,93,2,Clear,3,18605,10.39602876440441,No,Highly Likely to Crash
2010,Type C,87,Good,84,5,Cloudy,3,3047,11.129595336700449,Yes,Highly Likely to Crash
2011,Type B,85,Poor,62,1,Stormy,3,5423,1.4374526655707243,Yes,Highly Likely to Crash
2012,Type A,56,Good,64,0,Stormy,2,17072,2.3846036549732705,Yes,Highly Likely to Crash
2013,Type A,79,Good,95,3,Cloudy,3,16707,5.687781402363198,Yes,Inconclusive
2014,Type C,68,Poor,58,0,Cloudy,0,959,2.035545464081487,Yes,Highly Likely to Crash
2015,Type C,98,Average,94,4,Stormy,1,2736,14.826255932935908,Yes,Highly Likely to Crash
2016,Type B,74,Average,72,0,Clear,3,1080,9.125770914032486,Yes,Inconclusive
2017,Type C,65,Poor,85,1,Stormy,0,19045,7.822811396001777,No,Highly Likely to Crash
2018,Type C,96,Poor,89,5,Cloudy,1,14939,11.997164988586613,Yes,Highly Likely to Crash
2019,Type A,89,Average,52,2,Clear,1,5215,14.677428895367857,No,Inconclusive
2020,Type A,100,Good,83,5,Stormy,0,11126,14.371820001186846,Yes,Highly Likely to Crash
2021,Type B,57,Poor,68,3,Clear,0,6397,12.102908387041746,No,Highly Likely to Crash
2022,Type C,67,Good,77,2,Clear,2,19786,6.280439317452271,No,Highly Likely to Crash
2023,Type C,77,Poor,72,3,Cloudy,2,9164,1.9234328820906939,No,Highly Likely to Crash
2024,Type A,65,Average,89,3,Stormy,3,17742,2.377277688207136,No,Highly Likely to Crash
2025,Type C,68,Good,98,1,Cloudy,2,11681,1.0161327711242247,Yes,Highly Likely to Crash
2026,Type A,91,Good,94,1,Stormy,0,19324,1.0266398051479826,No,Inconclusive
2027,Type B,66,Poor,56,4,Stormy,2,12398,14.109905185068467,Yes,Highly Likely to Crash
2028,Type A,94,Good,90,4,Clear,1,2212,13.978237568904987,Yes,Highly Likely to Crash
2029,Type C,62,Poor,61,3,Clear,0,17399,10.34575319586723,Yes,Highly Likely to Crash
2030,Type B,56,Average,63,5,Clear,3,7855,11.173474139084234,No,Highly Likely to Crash
2031,Type A,76,Good,95,4,Cloudy,1,11085,8.184918393100528,Yes,Highly Likely to Crash
2032,Type A,59,Poor,64,1,Clear,1,18259,4.329791585236654,No,Highly Likely to Crash
2033,Type B,83,Good,52,4,Cloudy,1,4169,13.801390687523329,Yes,Highly Likely to Crash
2034,Type B,85,Poor,64,3,Clear,0,14882,4.8876805430309,No,Highly Likely to Crash
2035,Type A,74,Poor,100,2,Cloudy,0,15936,11.355397653294883,Yes,Highly Likely to Crash
2036,Type C,55,Poor,73,5,Stormy,3,19274,4.436099586134315,No,Highly Likely to Crash
2037,Type A,73,Average,95,5,Cloudy,2,3762,13.18207785268849,No,Highly Likely to Crash
2038,Type B,67,Good,57,0,Cloudy,2,5138,10.117352081956735,Yes,Highly Likely to Crash
2039,Type A,72,Average,54,4,Cloudy,2,3366,9.997730287794248,Yes,Highly Likely to Crash
2040,Type B,55,Poor,100,5,Stormy,2,9751,2.363141314386879,No,Highly Likely to Crash
2041,Type B,78,Poor,53,1,Cloudy,1,9448,6.872564644368822,No,Highly Likely to Crash
2042,Type C,74,Average,63,2,Stormy,0,687,8.34871910569439,No,Inconclusive
2043,Type B,66,Average,65,1,Clear,2,11073,5.1165080377555405,No,Highly Likely to Crash
2044,Type B,95,Good,69,4,Clear,1,19598,13.33364456566852,No,Highly Likely to Crash
2045,Type C,73,Poor,73,3,Stormy,0,7908,12.727379181157104,No,Highly Likely to Crash
2046,Type B,60,Average,55,0,Cloudy,0,17179,7.910692772795421,Yes,Highly Likely to Crash
2047,Type C,75,Poor,80,0,Clear,0,4033,5.7604368370176084,Yes,Highly Likely to Crash
2048,Type C,100,Poor,55,2,Cloudy,1,4640,12.221591808079022,No,Highly Likely to Crash
2049,Type B,83,Good,84,5,Cloudy,2,4542,3.756480265577343,Yes,Highly Likely to Crash
2050,Type B,77,Good,64,5,Stormy,0,19935,2.0012284113108585,No,Highly Likely to Crash
2051,Type A,52,Good,78,5,Clear,1,8233,1.639946805007268,Yes,Highly Likely to Crash
2052,Type C,60,Average,52,0,Stormy,0,15176,1.5415656525720032,No,Highly Likely to Crash
2053,Type A,87,Poor,60,3,Stormy,3,6505,7.844441190582498,No,Highly Likely to Crash
2054,Type B,63,Average,52,5,Stormy,3,6370,4.574390905391043,Yes,Highly Likely to Crash
2055,Type A,100,Average,77,1,Stormy,1,4404,10.665251699067264,Yes,Inconclusive
2056,Type C,75,Good,59,5,Cloudy,2,15967,10.154482036567074,Yes,Highly Likely to Crash
2057,Type A,97,Poor,99,3,Clear,2,12473,8.588280100016348,No,Highly Likely to Crash
2058,Type C,70,Poor,82,2,Clear,0,14708,5.939805939991482,Yes,Highly Likely to Crash
2059,Type B,88,Good,97,2,Clear,2,2761,12.906387429800223,No,Inconclusive
2060,Type B,79,Poor,65,0,Cloudy,2,13545,10.935838546200749,Yes,Highly Likely to Crash
2061,Type C,57,Good,59,3,Cloudy,3,18304,4.80136573644322,Yes,Highly Likely to Crash
2062,Type B,100,Average,82,1,Stormy,1,15008,8.023641272389138,Yes,Inconclusive
2063,Type B,69,Average,85,3,Stormy,3,17362,3.1877969235396857,No,Highly Likely to Crash
2064,Type B,97,Good,52,1,Stormy,1,7077,5.6028680754267,No,Inconclusive
2065,Type B,81,Average,54,1,Stormy,0,7285,14.95996256008947,Yes,Inconclusive
2066,Type C,71,Average,61,3,Clear,3,9384,4.133819083740743,No,Inconclusive
2067,Type A,56,Good,93,4,Stormy,1,3538,10.776232980053939,No,Highly Likely to Crash
2068,Type A,58,Average,62,3,Cloudy,2,693,4.337861040878396,Yes,Highly Likely to Crash
2069,Type B,94,Poor,73,1,Cloudy,1,16942,14.13388354608136,Yes,Highly Likely to Crash
2070,Type A,50,Average,93,5,Cloudy,2,18770,5.341859829865145,Yes,Highly Likely to Crash
2071,Type A,78,Good,81,2,Stormy,0,12301,5.85364704505393,Yes,Inconclusive
2072,Type B,57,Poor,65,2,Clear,2,3080,9.31403682292662,No,Highly Likely to Crash
2073,Type B,53,Poor,81,0,Clear,1,13379,9.233564795609086,Yes,Highly Likely to Crash
2074,Type A,84,Average,94,2,Stormy,3,12745,9.107069457160517,No,Inconclusive
2075,Type C,52,Poor,86,4,Stormy,1,14133,9.02556535768737,Yes,Highly Likely to Crash
2076,Type B,94,Good,85,1,Cloudy,3,11777,5.370616512082922,Yes,Inconclusive
2077,Type C,89,Poor,70,3,Cloudy,1,8123,7.0817431267395845,Yes,Highly Likely to Crash
2078,Type A,56,Average,96,3,Clear,1,720,9.308068203973678,Yes,Highly Likely to Crash
2079,Type B,76,Average,61,4,Cloudy,0,1375,10.397781731339622,Yes,Highly Likely to Crash
2080,Type C,50,Poor,100,2,Cloudy,2,12154,4.543806189330327,Yes,Highly Likely to Crash
2081,Type B,76,Good,70,1,Stormy,1,1696,10.820650863841172,No,Inconclusive
2082,Type A,65,Good,100,2,Clear,3,19593,13.925867501576914,No,Highly Likely to Crash
2083,Type C,87,Average,70,0,Stormy,2,19615,11.61098784681304,No,Inconclusive
2084,Type A,56,Average,92,2,Clear,0,17219,2.179259239518104,No,Highly Likely to Crash
2085,Type A,93,Good,55,0,Stormy,2,8916,7.567767081260294,No,Less Likely to Crash
2086,Type B,72,Poor,58,3,Clear,1,14870,7.093693697547042,No,Highly Likely to Crash
2087,Type C,90,Poor,50,1,Cloudy,3,1747,5.71104636825569,No,Highly Likely to Crash
2088,Type A,60,Poor,61,5,Clear,3,13750,7.878481958642046,Yes,Highly Likely to Crash
2089,Type A,91,Poor,63,0,Clear,2,7611,7.154872827598302,No,Highly Likely to Crash
2090,Type C,82,Good,55,2,Stormy,3,2386,1.0863866803430458,Yes,Inconclusive
2091,Type A,99,Average,50,2,Clear,1,810,4.311773893288978,No,Inconclusive
2092,Type A,85,Average,71,3,Clear,3,11260,3.9929500339528623,No,Inconclusive
2093,Type C,86,Poor,83,4,Clear,3,18488,5.889633577399194,Yes,Highly Likely to Crash
2094,Type C,90,Good,60,5,Stormy,3,4046,3.4423943841402704,Yes,Highly Likely to Crash
2095,Type C,66,Good,52,4,Clear,1,5851,1.9492202119611677,Yes,Highly Likely to Crash
2096,Type C,84,Poor,91,2,Stormy,0,17881,3.752579970490179,Yes,Highly Likely to Crash
2097,Type B,97,Poor,55,4,Cloudy,3,996,12.95861500987251,Yes,Highly Likely to Crash
2098,Type C,54,Poor,55,5,Stormy,0,17847,12.158550772103407,No,Highly Likely to Crash
2099,Type B,97,Average,69,5,Clear,2,10696,7.189346763960427,Yes,Highly Likely to Crash
2100,Type B,81,Poor,70,1,Cloudy,2,1698,13.289410475702688,Yes,Highly Likely to Crash
2101,Type B,52,Average,51,4,Clear,1,11037,4.257318653690975,Yes,Highly Likely to Crash
2102,Type A,96,Good,75,1,Stormy,1,6410,9.178927976789245,No,Inconclusive
2103,Type B,84,Good,80,2,Cloudy,1,5984,3.0009482576497537,Yes,Inconclusive
2104,Type B,63,Average,75,2,Cloudy,1,13897,12.667609653691457,Yes,Highly Likely to Crash
2105,Type A,97,Average,81,2,Cloudy,0,1076,2.8281418048859353,Yes,Inconclusive
2106,Type A,80,Average,59,3,Clear,1,553,1.4460422256982046,No,Inconclusive
2107,Type A,80,Average,72,4,Cloudy,0,16489,4.828219220954734,Yes,Highly Likely to Crash
2108,Type C,66,Poor,55,0,Cloudy,3,12124,13.613091250858327,No,Highly Likely to Crash
2109,Type A,73,Good,72,5,Cloudy,3,16335,2.812399146970205,No,Highly Likely to Crash
2110,Type A,72,Poor,77,0,Cloudy,2,728,5.629383761737555,Yes,Highly Likely to Crash
2111,Type B,67,Average,98,2,Stormy,2,16690,5.429809902170698,No,Highly Likely to Crash
2112,Type A,99,Poor,79,4,Clear,0,12522,12.223047837356475,No,Highly Likely to Crash
2113,Type C,63,Poor,63,1,Clear,1,1484,6.901355596920344,No,Highly Likely to Crash
2114,Type A,99,Good,86,0,Cloudy,2,13160,9.561938694605567,No,Less Likely to Crash
2115,Type C,64,Poor,81,2,Stormy,0,19351,6.661362081660256,No,Highly Likely to Crash
2116,Type A,64,Good,98,0,Cloudy,2,10541,8.720398211916166,No,Highly Likely to Crash
2117,Type A,55,Average,83,0,Clear,1,1031,1.8741701362440442,Yes,Highly Likely to Crash
2118,Type A,76,Poor,90,5,Clear,0,14211,6.236412133961888,No,Highly Likely to Crash
2119,Type A,64,Average,93,0,Clear,2,11727,12.971481728359352,No,Highly Likely to Crash
2120,Type C,99,Good,100,2,Cloudy,1,8528,10.674945884551384,Yes,Inconclusive
2121,Type C,85,Average,71,5,Cloudy,0,17445,14.74560661805268,No,Highly Likely to Crash
2122,Type B,57,Average,80,2,Stormy,0,589,12.030873523266004,Yes,Highly Likely to Crash
2123,Type C,64,Good,56,3,Stormy,0,6235,7.321136008484837,Yes,Highly Likely to Crash
2124,Type A,52,Average,90,3,Clear,3,3645,10.4679264077936,No,Highly Likely to Crash
2125,Type B,96,Average,70,3,Clear,0,1792,11.862791459636046,No,Inconclusive
2126,Type B,62,Average,65,0,Stormy,2,8059,4.775571238898776,No,Highly Likely to Crash
2127,Type B,90,Poor,69,4,Clear,0,4281,1.8402504686181798,Yes,Highly Likely to Crash
2128,Type A,83,Average,92,2,Stormy,0,2891,6.681861751979676,No,Inconclusive
2129,Type C,73,Good,93,3,Cloudy,0,18102,3.0254242694352134,Yes,Inconclusive
2130,Type A,89,Poor,96,4,Clear,0,13704,4.8813756766750265,No,Highly Likely to Crash
2131,Type B,81,Poor,99,3,Clear,0,2752,14.255836936637865,No,Highly Likely to Crash
2132,Type A,81,Good,68,3,Stormy,3,4391,12.85915630511526,No,Inconclusive
2133,Type A,79,Average,97,4,Cloudy,1,10366,9.294493683947245,Yes,Highly Likely to Crash
2134,Type C,98,Poor,81,3,Clear,3,17659,6.617593891453213,Yes,Highly Likely to Crash
2135,Type C,62,Poor,64,0,Clear,2,5729,4.7006250429099214,No,Highly Likely to Crash
2136,Type B,50,Poor,54,0,Stormy,1,8053,9.000415916061334,Yes,Highly Likely to Crash
2137,Type A,83,Average,60,5,Cloudy,2,563,8.464243495420495,No,Highly Likely to Crash
2138,Type A,64,Poor,64,0,Stormy,0,2287,11.93093131734146,Yes,Highly Likely to Crash
2139,Type C,93,Good,78,1,Cloudy,2,12542,13.992282642696802,Yes,Inconclusive
2140,Type A,63,Average,99,5,Cloudy,3,8569,5.605122218620266,No,Highly Likely to Crash
2141,Type A,78,Good,94,3,Stormy,3,12226,3.888159550595118,No,Inconclusive
2142,Type A,83,Good,53,1,Stormy,0,4415,6.639194623239872,Yes,Inconclusive
2143,Type C,67,Poor,98,2,Cloudy,0,15155,7.125578233784857,Yes,Highly Likely to Crash
2144,Type B,56,Poor,85,4,Stormy,1,13144,1.5581840527810742,Yes,Highly Likely to Crash
2145,Type B,78,Poor,97,2,Clear,3,592,13.063751450793317,No,Highly Likely to Crash
2146,Type A,80,Good,72,1,Clear,3,11434,14.938292741344934,No,Inconclusive
2147,Type B,74,Average,64,0,Clear,1,2177,13.924921697961315,Yes,Inconclusive
2148,Type C,87,Poor,95,3,Clear,3,4364,13.049309712816745,No,Highly Likely to Crash
2149,Type C,63,Poor,93,5,Clear,1,18285,14.896404248433575,Yes,Highly Likely to Crash
2150,Type B,57,Good,52,3,Stormy,3,18490,13.709318047648408,No,Highly Likely to Crash
2151,Type B,76,Average,81,0,Cloudy,2,12648,10.637146690406441,No,Inconclusive
2152,Type A,51,Good,59,3,Stormy,2,11763,3.3345930828103474,Yes,Highly Likely to Crash
2153,Type B,66,Poor,89,4,Clear,1,17781,3.1889017267161495,No,Highly Likely to Crash
2154,Type A,86,Good,87,4,Clear,1,15613,1.682916451886938,Yes,Highly Likely to Crash
2155,Type A,63,Poor,71,4,Stormy,0,5087,6.7656321406266295,No,Highly Likely to Crash
2156,Type C,74,Average,63,2,Stormy,3,18416,12.323537079260051,Yes,Inconclusive
2157,Type C,79,Good,66,0,Cloudy,2,10669,7.864143227184747,No,Inconclusive
2158,Type C,78,Poor,70,4,Clear,0,2298,6.128503879962153,No,Highly Likely to Crash
2159,Type C,69,Poor,100,1,Stormy,3,14282,2.5293020987824963,No,Highly Likely to Crash
2160,Type B,70,Poor,97,4,Cloudy,2,18235,1.7245463272682344,Yes,Highly Likely to Crash
2161,Type C,71,Poor,64,5,Clear,3,13908,6.588508007930502,Yes,Highly Likely to Crash
2162,Type B,84,Good,64,2,Clear,1,10530,2.398955322572254,No,Inconclusive
2163,Type C,86,Poor,50,1,Clear,2,11252,2.449674418331759,No,Highly Likely to Crash
2164,Type B,65,Good,73,0,Stormy,2,7551,6.534877949589047,Yes,Highly Likely to Crash
2165,Type A,99,Poor,61,0,Clear,0,10355,8.039808391038026,Yes,Highly Likely to Crash
2166,Type B,98,Good,59,5,Clear,3,11089,3.6135604176432112,No,Highly Likely to Crash
2167,Type B,92,Good,95,4,Cloudy,1,11895,10.584899607646117,No,Highly Likely to Crash
2168,Type C,66,Poor,91,1,Stormy,1,13333,6.861688009559352,Yes,Highly Likely to Crash
2169,Type B,65,Poor,91,5,Cloudy,3,1098,2.286915528342025,Yes,Highly Likely to Crash
2170,Type A,51,Poor,80,1,Stormy,3,14867,9.918477743878013,Yes,Highly Likely to Crash
2171,Type A,53,Poor,60,4,Clear,1,18928,5.997227461731944,No,Highly Likely to Crash
2172,Type C,70,Average,65,4,Cloudy,3,17142,1.732500679067727,No,Highly Likely to Crash
2173,Type A,88,Poor,58,3,Stormy,0,8503,14.271742115340691,Yes,Highly Likely to Crash
2174,Type B,83,Poor,96,3,Stormy,3,10597,8.996757399479375,Yes,Highly Likely to Crash
2175,Type A,79,Poor,63,4,Clear,0,13707,7.688085166428922,No,Highly Likely to Crash
2176,Type C,55,Good,68,2,Clear,0,12324,13.027923527953686,No,Highly Likely to Crash
2177,Type B,66,Poor,80,5,Cloudy,3,1297,14.114366010392148,No,Highly Likely to Crash
2178,Type C,88,Good,58,3,Cloudy,2,11195,4.084506154326959,No,Inconclusive
2179,Type B,74,Good,85,4,Stormy,2,6213,12.34202302345038,Yes,Highly Likely to Crash
2180,Type A,54,Good,88,1,Cloudy,0,7811,12.635118974839711,No,Highly Likely to Crash
2181,Type C,54,Good,75,5,Clear,3,6411,1.7616391254863861,No,Highly Likely to Crash
2182,Type C,69,Average,57,3,Cloudy,0,4454,10.967217612495817,No,Highly Likely to Crash
2183,Type B,65,Poor,73,2,Cloudy,3,10319,1.8815503451940783,Yes,Highly Likely to Crash
2184,Type C,100,Good,57,5,Stormy,3,4812,9.32542544945861,Yes,Highly Likely to Crash
2185,Type B,90,Poor,68,5,Clear,1,9480,10.369314879941436,Yes,Highly Likely to Crash
2186,Type B,86,Good,96,0,Stormy,2,18940,6.138821636913577,No,Inconclusive
2187,Type B,89,Average,97,1,Clear,2,16328,13.331024953207212,No,Inconclusive
2188,Type B,58,Good,79,2,Clear,1,14452,12.207163897544612,No,Highly Likely to Crash
2189,Type A,54,Poor,71,2,Stormy,1,7602,13.963435990699548,No,Highly Likely to Crash
2190,Type B,91,Poor,58,2,Cloudy,1,13160,5.408453372833745,Yes,Highly Likely to Crash
2191,Type C,51,Average,93,1,Stormy,0,15927,1.3013892008653523,No,Highly Likely to Crash
2192,Type A,58,Poor,97,2,Cloudy,0,1947,12.360457737965728,Yes,Highly Likely to Crash
2193,Type C,92,Poor,53,0,Stormy,0,17398,4.121682983950171,No,Highly Likely to Crash
2194,Type A,85,Good,86,3,Stormy,0,13151,7.540184567938779,No,Inconclusive
2195,Type B,71,Poor,57,1,Cloudy,0,18797,12.442496406096431,No,Highly Likely to Crash
2196,Type A,71,Good,50,2,Cloudy,2,15612,4.02589250145407,No,Inconclusive
2197,Type A,71,Average,77,4,Cloudy,2,2451,5.366722679008532,No,Highly Likely to Crash
2198,Type C,83,Poor,55,3,Stormy,3,14327,7.147119808729047,No,Highly Likely to Crash
2199,Type C,78,Good,96,5,Cloudy,2,9465,4.8055479023161745,Yes,Highly Likely to Crash
2200,Type B,87,Poor,85,1,Cloudy,1,828,7.458499922039601,Yes,Highly Likely to Crash
2201,Type A,95,Good,60,4,Cloudy,2,9485,1.1343530229233736,Yes,Highly Likely to Crash
2202,Type A,82,Average,54,5,Clear,1,13384,3.970631618518582,Yes,Highly Likely to Crash
2203,Type A,67,Good,99,4,Cloudy,2,6473,12.655747035281657,Yes,Highly Likely to Crash
2204,Type B,56,Poor,73,2,Cloudy,0,18294,6.788747419182011,No,Highly Likely to Crash
2205,Type B,50,Good,96,1,Cloudy,2,8214,9.909680748387157,No,Highly Likely to Crash
2206,Type B,82,Poor,67,2,Clear,3,1637,4.252030986897593,Yes,Highly Likely to Crash
2207,Type B,50,Average,69,5,Clear,0,18452,10.098301302281325,No,Highly Likely to Crash
2208,Type B,73,Good,77,0,Cloudy,0,4972,14.999634147047596,No,Inconclusive
2209,Type C,53,Poor,62,4,Cloudy,3,3774,9.33402695155527,No,Highly Likely to Crash
2210,Type A,53,Poor,54,0,Cloudy,2,3773,9.797019876986724,No,Highly Likely to Crash
2211,Type A,67,Poor,79,5,Cloudy,2,15651,2.561277542467965,Yes,Highly Likely to Crash
2212,Type A,76,Good,50,2,Clear,3,10655,6.6473406033237845,No,Inconclusive
2213,Type A,92,Good,71,3,Cloudy,0,5862,13.050148578760455,Yes,Inconclusive
2214,Type A,81,Good,67,4,Clear,3,5136,12.679807631216653,Yes,Highly Likely to Crash
2215,Type A,82,Average,95,3,Stormy,1,5846,8.313587545058507,No,Inconclusive
2216,Type A,77,Poor,54,1,Clear,1,18120,13.648358096328815,No,Highly Likely to Crash
2217,Type A,91,Poor,80,4,Stormy,2,11438,3.001118254880052,No,Highly Likely to Crash
2218,Type C,90,Average,55,0,Clear,0,4708,10.214651665261353,Yes,Inconclusive
2219,Type A,85,Average,76,3,Clear,1,4968,4.484370071030735,No,Inconclusive
2220,Type C,55,Good,74,5,Clear,3,2846,10.037859671473313,Yes,Highly Likely to Crash
2221,Type B,65,Good,78,1,Cloudy,2,14484,2.223595647472741,No,Highly Likely to Crash
2222,Type A,83,Good,77,4,Clear,2,1542,14.210527331469143,Yes,Highly Likely to Crash
2223,Type B,72,Good,65,5,Cloudy,0,13563,12.008648554266898,Yes,Highly Likely to Crash
2224,Type B,99,Good,61,1,Clear,1,8699,3.813461908542471,Yes,Inconclusive
2225,Type B,91,Good,69,0,Clear,2,4231,9.921871960008522,Yes,Less Likely to Crash
2226,Type C,73,Average,67,5,Stormy,3,10265,11.628038967524596,Yes,Highly Likely to Crash
2227,Type B,98,Average,83,4,Clear,1,7802,3.9322415056110525,Yes,Highly Likely to Crash
2228,Type B,62,Average,72,1,Cloudy,2,17344,2.3066243079956794,Yes,Highly Likely to Crash
2229,Type B,67,Poor,94,2,Stormy,2,16794,5.924916725339798,No,Highly Likely to Crash
2230,Type A,62,Poor,76,4,Stormy,1,2802,2.900560776733248,Yes,Highly Likely to Crash
2231,Type A,98,Good,98,4,Clear,1,19517,8.91996387145921,No,Highly Likely to Crash
2232,Type C,86,Average,66,4,Clear,0,10043,6.93760873402781,No,Highly Likely to Crash
2233,Type C,92,Poor,97,4,Stormy,3,861,7.473940733412676,No,Highly Likely to Crash
2234,Type A,88,Poor,70,2,Cloudy,0,5993,8.600088682776903,Yes,Highly Likely to Crash
2235,Type C,91,Average,99,5,Clear,0,17671,14.74873004319642,Yes,Highly Likely to Crash
2236,Type A,66,Poor,89,5,Stormy,3,17092,12.096899329615525,No,Highly Likely to Crash
2237,Type B,64,Poor,80,5,Cloudy,3,8958,9.81260092975991,Yes,Highly Likely to Crash
2238,Type B,67,Average,52,0,Clear,0,5592,6.091878602710706,Yes,Highly Likely to Crash
2239,Type C,72,Poor,66,2,Stormy,1,17437,1.3789709439175117,No,Highly Likely to Crash
2240,Type A,100,Average,99,2,Stormy,3,8525,2.6313865500625244,No,Inconclusive
2241,Type A,79,Poor,75,1,Clear,0,14317,11.232141507551372,No,Highly Likely to Crash
2242,Type C,83,Average,72,3,Cloudy,1,10279,6.168854995386919,No,Inconclusive
2243,Type A,53,Poor,55,5,Cloudy,2,5016,5.682124101797028,No,Highly Likely to Crash
2244,Type B,52,Poor,77,3,Stormy,1,6951,13.445697020271888,No,Highly Likely to Crash
2245,Type C,56,Average,57,1,Cloudy,0,15030,7.7831244671927955,No,Highly Likely to Crash
2246,Type C,67,Poor,94,2,Stormy,3,9810,13.594078803783535,Yes,Highly Likely to Crash
2247,Type A,91,Average,57,1,Clear,1,2013,13.412939145630794,Yes,Inconclusive
2248,Type C,56,Average,68,4,Cloudy,1,13836,2.1225380840037626,Yes,Highly Likely to Crash
2249,Type A,89,Poor,87,1,Clear,1,12095,14.2350816980695,No,Highly Likely to Crash
2250,Type A,55,Good,78,1,Stormy,3,7249,2.0773683705058037,Yes,Highly Likely to Crash
2251,Type A,71,Poor,72,4,Clear,3,7505,14.48908561346098,No,Highly Likely to Crash
2252,Type A,50,Good,96,3,Cloudy,1,19228,7.3366088463914645,No,Highly Likely to Crash
2253,Type A,53,Good,81,4,Clear,1,18855,11.652049460564069,No,Highly Likely to Crash
2254,Type C,95,Poor,59,0,Cloudy,0,4938,10.886021140657947,Yes,Highly Likely to Crash
2255,Type B,98,Good,76,1,Cloudy,3,13380,8.2589296405434,No,Inconclusive
2256,Type B,99,Average,98,1,Cloudy,1,12756,9.672367463699006,No,Inconclusive
2257,Type C,92,Average,50,3,Cloudy,3,10676,14.298854540988726,No,Inconclusive
2258,Type C,78,Good,88,2,Cloudy,3,16859,13.982920869285364,Yes,Inconclusive
2259,Type B,70,Average,78,4,Stormy,3,14912,10.160564703627216,Yes,Highly Likely to Crash
2260,Type B,75,Poor,94,2,Clear,0,14787,10.208061505083352,No,Highly Likely to Crash
2261,Type B,63,Average,52,0,Stormy,2,18089,4.457141707485732,No,Highly Likely to Crash
2262,Type B,58,Good,100,4,Clear,3,13544,12.600728926053733,No,Highly Likely to Crash
2263,Type B,96,Poor,96,0,Clear,3,18739,9.856446662029075,Yes,Highly Likely to Crash
2264,Type A,61,Average,86,0,Clear,1,18883,12.567483087978026,No,Highly Likely to Crash
2265,Type C,91,Poor,80,0,Stormy,3,2935,10.209933744031673,No,Highly Likely to Crash
2266,Type A,100,Good,60,5,Cloudy,2,11666,5.19048036444261,Yes,Highly Likely to Crash
2267,Type B,100,Average,71,4,Cloudy,3,3598,3.6527396382313855,Yes,Highly Likely to Crash
2268,Type B,55,Poor,67,4,Stormy,0,3886,2.0775218191241764,Yes,Highly Likely to Crash
2269,Type B,69,Poor,84,5,Cloudy,1,5940,9.203929051641776,Yes,Highly Likely to Crash
2270,Type A,73,Average,55,3,Clear,2,13235,4.97671900512229,Yes,Inconclusive
2271,Type A,76,Poor,52,5,Cloudy,0,10508,9.8271332042714,Yes,Highly Likely to Crash
2272,Type B,87,Poor,54,1,Cloudy,2,6936,1.8211902283728014,No,Highly Likely to Crash
2273,Type A,57,Good,58,2,Cloudy,1,18661,6.259282910078779,Yes,Highly Likely to Crash
2274,Type A,50,Good,77,2,Clear,3,7903,4.6477450151768585,Yes,Highly Likely to Crash
2275,Type B,98,Good,68,0,Cloudy,1,11196,6.184677092015583,No,Less Likely to Crash
2276,Type A,98,Good,77,4,Cloudy,1,3439,1.759968016592219,No,Highly Likely to Crash
2277,Type C,73,Good,76,4,Cloudy,3,17722,11.138539863668251,No,Highly Likely to Crash
2278,Type C,96,Good,62,0,Stormy,0,3638,2.6337626640016256,Yes,Less Likely to Crash
2279,Type C,56,Average,87,1,Stormy,2,17059,1.2016367688741456,Yes,Highly Likely to Crash
2280,Type C,68,Good,92,2,Cloudy,0,3662,14.24804741945067,Yes,Highly Likely to Crash
2281,Type B,71,Poor,70,5,Stormy,3,3252,3.7002693531106985,Yes,Highly Likely to Crash
2282,Type B,84,Average,76,3,Stormy,2,13389,12.592858178236451,Yes,Inconclusive
2283,Type B,79,Poor,95,1,Clear,3,1337,14.50258839659974,No,Highly Likely to Crash
2284,Type C,78,Good,55,4,Stormy,0,12543,8.477696793962668,No,Highly Likely to Crash
2285,Type C,71,Good,87,0,Stormy,1,16297,8.36565424066565,Yes,Inconclusive
2286,Type A,60,Poor,98,2,Cloudy,2,14886,6.143841429767735,Yes,Highly Likely to Crash
2287,Type A,69,Poor,60,0,Clear,3,3233,6.958328106855529,No,Highly Likely to Crash
2288,Type C,78,Poor,96,4,Clear,2,12502,7.749055557346762,Yes,Highly Likely to Crash
2289,Type C,100,Average,90,0,Clear,2,15101,3.1293216520888087,No,Inconclusive
2290,Type C,90,Good,66,5,Stormy,0,5706,6.106314135165029,No,Highly Likely to Crash
2291,Type C,91,Poor,88,2,Cloudy,1,3153,12.425518196532234,No,Highly Likely to Crash
2292,Type A,83,Good,56,0,Clear,2,3810,3.5535736741406145,No,Inconclusive
2293,Type C,50,Poor,79,2,Clear,0,5180,11.217945457357615,No,Highly Likely to Crash
2294,Type A,80,Good,70,0,Stormy,2,19270,10.12221240375467,No,Inconclusive
2295,Type C,79,Average,50,0,Clear,1,5691,1.8021688539572276,No,Inconclusive
2296,Type C,97,Good,74,2,Cloudy,2,17257,1.3140041581275261,No,Inconclusive
2297,Type C,67,Poor,81,5,Clear,1,5175,5.9353984760968865,Yes,Highly Likely to Crash
2298,Type A,66,Good,57,0,Cloudy,0,13304,10.690383879845776,No,Highly Likely to Crash
2299,Type A,87,Average,54,5,Cloudy,0,16710,5.625850983049261,No,Highly Likely to Crash
2300,Type B,63,Average,79,1,Cloudy,1,1761,10.348266208406914,No,Highly Likely to Crash
2301,Type C,72,Good,100,3,Stormy,1,8133,10.316414002391742,No,Inconclusive
2302,Type B,74,Poor,57,1,Stormy,0,8812,12.291764716739761,No,Highly Likely to Crash
2303,Type B,64,Average,98,3,Cloudy,1,6032,2.3927986058538266,Yes,Highly Likely to Crash
2304,Type A,95,Average,68,1,Cloudy,1,3384,9.079804476624492,No,Inconclusive
2305,Type A,71,Good,93,3,Clear,3,11309,1.874959674026403,Yes,Inconclusive
2306,Type B,52,Average,79,0,Clear,2,6123,3.4632599638267294,No,Highly Likely to Crash
2307,Type C,68,Average,64,2,Clear,0,11960,5.557012639985995,No,Highly Likely to Crash
2308,Type A,93,Poor,85,2,Stormy,0,10734,10.903449366012524,Yes,Highly Likely to Crash
2309,Type C,83,Poor,93,4,Clear,3,19003,14.63429165005714,Yes,Highly Likely to Crash
2310,Type C,84,Poor,76,3,Cloudy,1,17374,5.795291401402749,No,Highly Likely to Crash
2311,Type B,99,Good,62,4,Cloudy,1,14637,8.29602279563758,No,Highly Likely to Crash
2312,Type B,50,Average,63,5,Stormy,1,3545,4.6267783359140955,Yes,Highly Likely to Crash
2313,Type B,70,Good,86,5,Stormy,0,882,10.456854688534605,Yes,Highly Likely to Crash
2314,Type B,78,Average,97,4,Clear,3,17688,6.132202151306251,No,Highly Likely to Crash
2315,Type A,55,Average,79,3,Stormy,2,6085,7.742346428135885,Yes,Highly Likely to Crash
2316,Type A,86,Average,88,2,Cloudy,3,9869,8.949380261908804,Yes,Inconclusive
2317,Type B,50,Poor,96,3,Cloudy,0,2717,10.607392618701873,Yes,Highly Likely to Crash
2318,Type A,100,Good,62,5,Stormy,2,9987,1.8407232580565456,Yes,Highly Likely to Crash
2319,Type B,50,Good,65,0,Cloudy,1,13218,8.768615313012312,Yes,Highly Likely to Crash
2320,Type C,76,Average,93,4,Stormy,3,15615,7.036297369402104,No,Highly Likely to Crash
2321,Type C,70,Good,56,4,Cloudy,3,19298,2.8727112107153396,No,Highly Likely to Crash
2322,Type C,65,Poor,97,5,Clear,0,1150,3.9125133566390637,No,Highly Likely to Crash
2323,Type B,93,Good,76,3,Stormy,3,8669,13.374461275401925,No,Inconclusive
2324,Type C,89,Average,94,4,Stormy,2,16812,13.204864127403315,No,Highly Likely to Crash
2325,Type A,75,Poor,84,2,Stormy,3,11443,1.4666235619314483,No,Highly Likely to Crash
2326,Type C,65,Poor,64,4,Cloudy,0,3698,10.651620877307533,Yes,Highly Likely to Crash
2327,Type C,77,Average,77,3,Clear,3,17825,8.758622383922958,Yes,Inconclusive
2328,Type C,50,Good,84,5,Stormy,2,9232,14.15742180406148,Yes,Highly Likely to Crash
2329,Type A,85,Average,56,2,Cloudy,2,6305,13.712079954313822,No,Inconclusive
2330,Type B,59,Good,99,2,Stormy,0,19413,9.113866779933069,Yes,Highly Likely to Crash
2331,Type A,92,Good,95,4,Cloudy,1,1702,2.9453688984590505,Yes,Highly Likely to Crash
2332,Type B,66,Poor,99,3,Clear,0,17534,7.437410331370202,Yes,Highly Likely to Crash
2333,Type B,72,Average,100,4,Cloudy,1,3506,11.15230113700608,Yes,Highly Likely to Crash
2334,Type C,56,Poor,95,0,Cloudy,2,19788,14.324312891258199,Yes,Highly Likely to Crash
2335,Type B,93,Average,69,5,Stormy,3,9005,6.093611680536156,No,Highly Likely to Crash
2336,Type A,56,Average,81,0,Cloudy,3,9875,11.985400663349727,No,Highly Likely to Crash
2337,Type A,93,Poor,87,2,Stormy,2,13605,10.566770545944133,Yes,Highly Likely to Crash
2338,Type B,64,Average,89,4,Cloudy,0,17005,2.0960988799916698,Yes,Highly Likely to Crash
2339,Type C,83,Average,81,0,Clear,3,7103,8.81167590400803,No,Inconclusive
2340,Type C,95,Good,75,1,Cloudy,0,4182,3.569123669551402,No,Inconclusive
2341,Type A,94,Average,88,0,Stormy,3,13960,10.569690090488702,Yes,Inconclusive
2342,Type C,53,Average,69,4,Cloudy,1,14059,9.54118785716895,Yes,Highly Likely to Crash
2343,Type B,63,Poor,67,4,Cloudy,3,7364,14.622673282873663,No,Highly Likely to Crash
2344,Type B,63,Poor,99,5,Clear,1,14734,14.095357311747334,No,Highly Likely to Crash
2345,Type A,65,Average,64,0,Stormy,3,12389,1.1312196703843367,Yes,Highly Likely to Crash
2346,Type B,56,Good,71,4,Clear,3,2229,2.1204120224037943,Yes,Highly Likely to Crash
2347,Type A,81,Good,100,4,Cloudy,3,12247,11.767880360013857,No,Highly Likely to Crash
2348,Type B,68,Poor,71,5,Clear,3,18002,10.599003021665077,Yes,Highly Likely to Crash
2349,Type A,51,Average,70,5,Cloudy,3,2668,12.21323837923648,No,Highly Likely to Crash
2350,Type C,59,Average,51,5,Cloudy,0,12913,4.735408917356531,Yes,Highly Likely to Crash
2351,Type B,99,Good,89,5,Clear,1,15384,12.890518762674672,Yes,Highly Likely to Crash
2352,Type B,66,Good,92,1,Clear,1,13473,7.193872607833903,No,Highly Likely to Crash
2353,Type A,86,Good,67,2,Cloudy,3,8168,4.666718785442184,Yes,Inconclusive
2354,Type A,61,Poor,72,4,Clear,0,13760,1.148508466188493,Yes,Highly Likely to Crash
2355,Type B,55,Average,62,3,Clear,0,11808,13.199096487474312,No,Highly Likely to Crash
2356,Type A,71,Poor,90,5,Cloudy,2,17934,8.494813889362414,No,Highly Likely to Crash
2357,Type B,81,Average,58,2,Stormy,2,9396,14.655349172527897,No,Inconclusive
2358,Type C,90,Poor,98,5,Clear,0,7140,11.005539453941633,Yes,Highly Likely to Crash
2359,Type A,69,Average,56,2,Clear,2,19783,2.1258400088569003,No,Highly Likely to Crash
2360,Type B,50,Good,90,3,Stormy,1,14419,9.234676609629993,No,Highly Likely to Crash
2361,Type C,96,Good,50,0,Clear,0,8174,1.239743557526865,No,Less Likely to Crash
2362,Type C,55,Good,51,1,Cloudy,2,18892,8.808945958981049,No,Highly Likely to Crash
2363,Type B,68,Poor,53,4,Clear,0,5221,5.90282328338713,Yes,Highly Likely to Crash
2364,Type A,67,Good,63,0,Cloudy,2,1566,10.006141686062719,No,Highly Likely to Crash
2365,Type B,55,Average,81,3,Stormy,0,10638,8.58203888744779,Yes,Highly Likely to Crash
2366,Type C,94,Poor,85,1,Stormy,3,2418,4.658904527802838,Yes,Highly Likely to Crash
2367,Type B,82,Average,51,1,Stormy,1,9957,3.272908527481536,No,Inconclusive
2368,Type A,72,Poor,89,1,Clear,2,11226,6.665960808784494,No,Highly Likely to Crash
2369,Type C,72,Average,99,3,Stormy,3,14782,14.815708407894464,No,Inconclusive
2370,Type B,75,Average,100,5,Clear,0,18211,7.099780967689803,Yes,Highly Likely to Crash
2371,Type A,62,Poor,63,5,Clear,3,7948,11.483019929512082,No,Highly Likely to Crash
2372,Type C,56,Poor,69,5,Clear,1,1642,1.7976293584751901,No,Highly Likely to Crash
2373,Type A,64,Good,74,0,Stormy,2,1915,6.304120701843651,No,Highly Likely to Crash
2374,Type C,93,Good,91,4,Stormy,2,6874,9.124522520786053,Yes,Highly Likely to Crash
2375,Type B,76,Average,98,1,Clear,0,1260,11.51675118659875,No,Inconclusive
2376,Type A,75,Average,57,1,Stormy,1,4142,8.39737120243884,Yes,Inconclusive
2377,Type C,82,Average,77,0,Clear,3,18436,8.214137641210938,Yes,Inconclusive
2378,Type A,64,Poor,95,5,Stormy,0,17746,11.694696776360367,Yes,Highly Likely to Crash
2379,Type A,85,Poor,70,1,Cloudy,2,9847,5.386028042464604,No,Highly Likely to Crash
2380,Type B,94,Good,72,1,Stormy,3,1828,2.2685472921994956,No,Inconclusive
2381,Type A,76,Average,81,3,Stormy,0,17913,5.86010659424368,Yes,Inconclusive
2382,Type C,54,Good,57,2,Stormy,3,19260,3.2259472962920848,No,Highly Likely to Crash
2383,Type C,51,Poor,80,0,Clear,3,12563,14.523218857868066,Yes,Highly Likely to Crash
2384,Type C,82,Poor,86,0,Clear,0,3640,9.085161664673683,No,Highly Likely to Crash
2385,Type C,65,Poor,65,5,Cloudy,3,17765,7.252406038586661,No,Highly Likely to Crash
2386,Type B,72,Good,89,0,Cloudy,3,9230,13.768726294191943,No,Inconclusive
2387,Type A,87,Poor,91,5,Cloudy,1,14557,13.605059423139446,Yes,Highly Likely to Crash
2388,Type B,65,Average,76,3,Clear,1,4057,6.819761907038934,No,Highly Likely to Crash
2389,Type A,63,Good,89,3,Cloudy,2,13711,13.246183071497343,Yes,Highly Likely to Crash
2390,Type A,78,Poor,90,4,Cloudy,1,14886,1.8963630640021722,No,Highly Likely to Crash
2391,Type A,75,Good,67,5,Stormy,0,19080,13.400068034655655,No,Highly Likely to Crash
2392,Type B,84,Good,84,3,Cloudy,3,18834,5.348169399776044,No,Inconclusive
2393,Type A,64,Poor,98,5,Stormy,2,10302,8.911711980768697,No,Highly Likely to Crash
2394,Type B,52,Poor,64,0,Clear,1,3663,4.775640165813474,Yes,Highly Likely to Crash
2395,Type C,72,Good,76,4,Clear,3,4963,14.787193800370751,Yes,Highly Likely to Crash
2396,Type C,78,Good,66,2,Stormy,0,4507,2.004919766707923,No,Inconclusive
2397,Type A,83,Poor,89,1,Cloudy,3,5175,7.257374014929115,Yes,Highly Likely to Crash
2398,Type B,82,Average,51,1,Clear,0,14558,9.693834167669857,Yes,Inconclusive
2399,Type C,90,Good,98,4,Stormy,3,16733,9.618571532722067,Yes,Highly Likely to Crash
2400,Type B,90,Good,99,5,Clear,2,5251,11.342617456707814,No,Highly Likely to Crash
2401,Type B,72,Average,80,5,Clear,2,6719,11.141814568508604,No,Highly Likely to Crash
2402,Type A,56,Poor,86,5,Cloudy,1,15945,12.10399787280425,No,Highly Likely to Crash
2403,Type C,52,Poor,90,2,Clear,1,8918,4.280023732855683,No,Highly Likely to Crash
2404,Type A,81,Average,90,1,Stormy,3,8235,6.187090907626524,Yes,Inconclusive
2405,Type A,80,Poor,83,4,Cloudy,3,9283,6.348463623723817,Yes,Highly Likely to Crash
2406,Type C,67,Poor,83,5,Stormy,1,18959,14.38175525274199,No,Highly Likely to Crash
2407,Type C,92,Good,100,3,Stormy,1,14956,6.730365999192915,No,Inconclusive
2408,Type B,56,Good,52,0,Stormy,3,13640,4.106168949865477,No,Highly Likely to Crash
2409,Type C,90,Good,66,2,Cloudy,3,11363,9.85282196948451,Yes,Inconclusive
2410,Type B,50,Average,63,5,Clear,3,15725,6.981736807553196,No,Highly Likely to Crash
2411,Type B,63,Poor,63,1,Stormy,2,18906,4.501120883620476,No,Highly Likely to Crash
2412,Type B,81,Poor,95,0,Clear,0,2578,11.011896642414817,No,Highly Likely to Crash
2413,Type C,55,Good,87,4,Clear,0,12642,3.686954013068198,Yes,Highly Likely to Crash
2414,Type A,88,Good,84,5,Stormy,1,12573,9.866956569230878,No,Highly Likely to Crash
2415,Type B,59,Average,50,1,Clear,2,3821,7.027429936319079,Yes,Highly Likely to Crash
2416,Type A,56,Poor,97,0,Cloudy,3,12837,5.468340300629411,No,Highly Likely to Crash
2417,Type A,75,Average,78,3,Cloudy,3,15561,14.243751744822216,No,Inconclusive
2418,Type C,83,Poor,53,2,Clear,1,6511,5.5417051094069185,No,Highly Likely to Crash
2419,Type A,79,Average,82,4,Clear,1,19320,5.865103238099556,Yes,Highly Likely to Crash
2420,Type A,85,Good,66,1,Cloudy,2,7587,13.188937097864393,No,Inconclusive
2421,Type C,70,Average,77,3,Clear,0,10496,2.806607080256905,Yes,Inconclusive
2422,Type B,66,Average,99,2,Clear,0,2230,2.512962495044855,No,Highly Likely to Crash
2423,Type A,82,Good,75,2,Clear,3,14577,4.957908977183035,Yes,Inconclusive
2424,Type C,59,Poor,57,3,Clear,1,7118,9.282902925842437,No,Highly Likely to Crash
2425,Type A,100,Poor,83,1,Stormy,2,7399,6.380202241541932,No,Highly Likely to Crash
2426,Type A,96,Good,67,2,Clear,3,1529,9.519762731699451,Yes,Inconclusive
2427,Type B,91,Average,80,4,Cloudy,0,15628,3.236508834622085,Yes,Highly Likely to Crash
2428,Type A,100,Average,76,0,Stormy,0,911,4.6603118827428585,No,Inconclusive
2429,Type C,61,Average,65,4,Stormy,2,2481,8.912272673374602,No,Highly Likely to Crash
2430,Type A,65,Poor,59,5,Cloudy,3,10039,4.040088831622253,No,Highly Likely to Crash
2431,Type B,90,Average,89,2,Clear,2,1805,6.919264826866229,Yes,Inconclusive
2432,Type B,81,Poor,61,0,Stormy,3,12978,9.017070277883654,No,Highly Likely to Crash
2433,Type C,64,Average,71,3,Stormy,0,13746,14.631112631932803,Yes,Highly Likely to Crash
2434,Type B,76,Good,65,0,Clear,1,5095,2.1184132102863047,Yes,Inconclusive
2435,Type A,77,Good,61,0,Clear,1,17699,7.445795699992669,Yes,Inconclusive
2436,Type B,66,Poor,60,0,Cloudy,0,12197,6.5477934503898325,No,Highly Likely to Crash
2437,Type C,95,Poor,69,2,Stormy,1,15922,12.539377492316492,No,Highly Likely to Crash
2438,Type B,99,Good,100,5,Clear,1,10168,13.604159666398079,No,Highly Likely to Crash
2439,Type B,51,Good,50,5,Clear,3,6112,13.698184359439109,No,Highly Likely to Crash
2440,Type B,85,Average,76,1,Cloudy,2,2537,6.251950382582312,Yes,Inconclusive
2441,Type C,99,Good,52,5,Stormy,3,10022,5.265172056536748,No,Highly Likely to Crash
2442,Type B,56,Poor,61,2,Clear,2,12498,7.287921506371186,Yes,Highly Likely to Crash
2443,Type B,62,Good,79,1,Cloudy,2,7586,5.815808283605242,Yes,Highly Likely to Crash
2444,Type A,64,Poor,58,3,Stormy,1,1649,11.06391372795471,Yes,Highly Likely to Crash
2445,Type C,74,Poor,86,3,Stormy,2,16890,3.9899946808141555,No,Highly Likely to Crash
2446,Type B,72,Average,50,3,Stormy,2,1936,10.221577177034337,No,Inconclusive
2447,Type C,71,Average,91,3,Stormy,0,3750,13.977825463463013,No,Inconclusive
2448,Type B,75,Average,98,3,Cloudy,2,17578,4.918789975745539,Yes,Inconclusive
2449,Type B,82,Average,53,4,Clear,0,14763,10.47646863224354,Yes,Highly Likely to Crash
2450,Type B,60,Good,64,2,Stormy,3,5343,3.0098557018032963,No,Highly Likely to Crash
2451,Type A,59,Average,100,1,Stormy,1,12933,2.6993751893616276,Yes,Highly Likely to Crash
2452,Type A,74,Good,76,3,Clear,2,12059,2.619022692908124,Yes,Inconclusive
2453,Type A,86,Average,57,4,Stormy,0,5452,2.9393943778348843,Yes,Highly Likely to Crash
2454,Type C,97,Average,72,5,Stormy,3,8342,4.026308184332188,No,Highly Likely to Crash
2455,Type C,92,Poor,64,4,Clear,3,525,8.87962693842512,No,Highly Likely to Crash
2456,Type A,87,Good,76,4,Clear,3,2653,11.737799080617524,No,Highly Likely to Crash
2457,Type C,90,Poor,80,2,Stormy,0,8519,2.775998331952821,Yes,Highly Likely to Crash
2458,Type B,94,Average,88,3,Clear,0,9023,13.180209168270146,No,Inconclusive
2459,Type B,73,Good,96,4,Cloudy,1,5661,12.798027982023163,No,Highly Likely to Crash
2460,Type B,89,Average,57,4,Cloudy,2,17528,11.18343237104048,Yes,Highly Likely to Crash
2461,Type A,95,Poor,79,3,Stormy,3,2352,6.963521192460623,Yes,Highly Likely to Crash
2462,Type C,82,Good,91,2,Stormy,1,8223,1.0218012875573617,No,Inconclusive
2463,Type A,66,Poor,67,4,Clear,0,16206,11.286709178204156,No,Highly Likely to Crash
2464,Type C,73,Average,53,1,Clear,1,11123,13.305806025470153,No,Inconclusive
2465,Type B,86,Average,96,0,Stormy,3,4309,5.694009266406067,Yes,Inconclusive
2466,Type A,51,Average,92,5,Stormy,3,1811,11.051825857095663,No,Highly Likely to Crash
2467,Type C,81,Good,71,0,Cloudy,1,18778,1.8686666010579438,Yes,Inconclusive
2468,Type C,73,Poor,52,0,Clear,3,11698,10.932928200602998,No,Highly Likely to Crash
2469,Type B,58,Poor,64,2,Stormy,0,6738,1.9563192918845027,No,Highly Likely to Crash
2470,Type A,53,Average,84,4,Stormy,3,8288,9.220608702441549,Yes,Highly Likely to Crash
2471,Type A,66,Poor,96,0,Clear,2,7477,9.365746002534111,No,Highly Likely to Crash
2472,Type A,66,Good,87,0,Clear,2,6909,5.230191761933473,Yes,Highly Likely to Crash
2473,Type B,99,Average,82,5,Stormy,3,2570,2.107718179074241,No,Highly Likely to Crash
2474,Type A,97,Average,63,3,Stormy,1,3156,14.290686845974122,No,Inconclusive
2475,Type B,79,Average,97,4,Stormy,3,4634,8.498083656232584,No,Highly Likely to Crash
2476,Type B,89,Good,50,4,Clear,2,3984,9.116613751734077,No,Highly Likely to Crash
2477,Type B,60,Average,98,5,Stormy,0,17297,9.610292446426632,No,Highly Likely to Crash
2478,Type C,70,Average,75,3,Stormy,2,11354,13.474670976966172,Yes,Inconclusive
2479,Type A,70,Average,57,4,Stormy,3,15044,1.8435790236546061,No,Highly Likely to Crash
2480,Type A,67,Average,99,1,Cloudy,3,12809,13.50602874993546,No,Highly Likely to Crash
2481,Type B,78,Poor,65,5,Cloudy,1,6648,4.355471120557837,Yes,Highly Likely to Crash
2482,Type B,73,Average,87,2,Clear,3,6291,2.091303494348864,No,Inconclusive
2483,Type A,59,Good,59,3,Stormy,3,17803,10.201721929838639,Yes,Highly Likely to Crash
2484,Type B,94,Average,91,5,Stormy,0,17790,14.67765901959357,No,Highly Likely to Crash
2485,Type A,66,Average,86,0,Clear,0,19603,1.8013889282923425,No,Highly Likely to Crash
2486,Type C,67,Poor,75,4,Clear,0,12358,6.965705452523123,Yes,Highly Likely to Crash
2487,Type B,91,Average,77,1,Clear,1,15502,8.416983354813,Yes,Inconclusive
2488,Type A,97,Poor,61,1,Stormy,1,5395,4.529665497448861,No,Highly Likely to Crash
2489,Type B,69,Good,69,2,Cloudy,2,11056,14.760210088141553,Yes,Highly Likely to Crash
2490,Type A,86,Poor,98,5,Clear,1,17676,9.973485004453584,No,Highly Likely to Crash
2491,Type A,94,Average,63,1,Stormy,0,10419,12.82090941985396,Yes,Inconclusive
2492,Type B,67,Good,95,5,Clear,1,11919,6.8208875476039905,Yes,Highly Likely to Crash
2493,Type C,66,Average,84,4,Stormy,3,12878,5.9553824200274486,Yes,Highly Likely to Crash
2494,Type A,58,Poor,78,4,Clear,1,4225,8.744210528335291,Yes,Highly Likely to Crash
2495,Type A,63,Good,61,1,Stormy,3,12058,7.093898196772956,Yes,Highly Likely to Crash
2496,Type A,98,Good,67,4,Clear,2,13557,11.009272771915123,No,Highly Likely to Crash
2497,Type C,78,Poor,93,5,Cloudy,3,1860,4.721453262965126,No,Highly Likely to Crash
2498,Type C,80,Poor,51,4,Clear,0,2548,7.294274435293595,Yes,Highly Likely to Crash
2499,Type B,53,Good,51,0,Clear,2,6752,13.531858462116837,No,Highly Likely to Crash
2500,Type C,67,Good,66,5,Cloudy,2,11667,11.585510604806611,Yes,Highly Likely to Crash
2501,Type B,69,Poor,59,3,Clear,2,705,3.3529823102505216,No,Highly Likely to Crash
2502,Type B,96,Average,67,4,Cloudy,0,12178,13.416107611482365,Yes,Highly Likely to Crash
2503,Type C,92,Good,71,4,Stormy,3,15685,9.246232266232633,Yes,Highly Likely to Crash
2504,Type B,93,Poor,68,5,Cloudy,2,9314,10.510020565814765,No,Highly Likely to Crash
2505,Type C,58,Average,50,2,Cloudy,0,18561,5.119591921889725,Yes,Highly Likely to Crash
2506,Type B,62,Good,73,3,Stormy,2,11979,7.181619690899204,No,Highly Likely to Crash
2507,Type C,64,Good,85,3,Cloudy,2,11704,12.295374704687514,Yes,Highly Likely to Crash
2508,Type C,76,Poor,74,3,Cloudy,0,14339,5.629467062684549,Yes,Highly Likely to Crash
2509,Type B,64,Average,85,1,Stormy,1,19896,3.310862617142706,Yes,Highly Likely to Crash
2510,Type A,77,Good,80,0,Clear,2,12329,6.2962687817687275,No,Inconclusive
2511,Type B,86,Average,80,0,Clear,1,11392,1.9690613437314333,Yes,Inconclusive
2512,Type C,68,Average,51,2,Cloudy,2,2371,11.049990418789053,No,Highly Likely to Crash
2513,Type A,75,Good,68,3,Clear,1,7434,3.0684427228387694,No,Inconclusive
2514,Type B,75,Average,61,3,Clear,3,2835,4.991762698851826,No,Inconclusive
2515,Type B,74,Good,59,4,Cloudy,1,2225,13.33513407775449,No,Highly Likely to Crash
2516,Type B,75,Average,80,5,Stormy,1,9806,8.566967211394795,Yes,Highly Likely to Crash
2517,Type A,75,Good,94,1,Clear,1,6485,5.498738168350659,Yes,Inconclusive
2518,Type C,95,Poor,71,1,Cloudy,1,7716,8.6673364602084,Yes,Highly Likely to Crash
2519,Type B,77,Good,72,2,Stormy,3,17044,4.055887234846452,Yes,Inconclusive
2520,Type B,98,Good,72,0,Clear,0,1925,1.352423815878542,No,Less Likely to Crash
2521,Type B,67,Good,64,3,Stormy,1,2233,9.452254705493242,No,Highly Likely to Crash
2522,Type B,81,Average,75,5,Cloudy,0,13107,10.997763058986209,No,Highly Likely to Crash
2523,Type B,52,Poor,52,2,Stormy,2,11103,13.316944716243713,Yes,Highly Likely to Crash
2524,Type C,51,Average,72,1,Stormy,0,12652,11.806367054906131,No,Highly Likely to Crash
2525,Type C,82,Average,69,1,Cloudy,1,16301,13.97348780693721,No,Inconclusive
2526,Type B,91,Good,94,1,Clear,0,19406,14.803348657600184,Yes,Inconclusive
2527,Type A,68,Average,89,3,Clear,3,17485,11.429096268441175,Yes,Highly Likely to Crash
2528,Type C,66,Good,88,3,Stormy,3,10247,13.150926211624677,Yes,Highly Likely to Crash
2529,Type A,93,Poor,57,3,Stormy,1,14031,10.432241045194587,Yes,Highly Likely to Crash
2530,Type C,82,Average,67,4,Stormy,0,14485,3.393129076915768,Yes,Highly Likely to Crash
2531,Type B,61,Average,90,0,Stormy,2,2020,3.543833968511989,Yes,Highly Likely to Crash
2532,Type C,98,Average,55,1,Clear,3,2890,2.543632388413684,Yes,Inconclusive
2533,Type B,52,Good,76,1,Cloudy,1,1617,14.20164607990933,No,Highly Likely to Crash
2534,Type C,92,Good,85,4,Cloudy,3,7800,10.418523769751323,No,Highly Likely to Crash
2535,Type B,98,Average,64,1,Cloudy,1,10216,12.058736506517345,No,Inconclusive
2536,Type B,75,Average,86,1,Stormy,0,12959,5.636202715541099,Yes,Inconclusive
2537,Type B,84,Poor,54,3,Stormy,0,6641,7.44590394107461,Yes,Highly Likely to Crash
2538,Type B,57,Poor,88,3,Cloudy,0,19964,1.5569134457136993,No,Highly Likely to Crash
2539,Type A,85,Poor,58,0,Clear,0,8439,13.446103606091363,Yes,Highly Likely to Crash
2540,Type B,56,Poor,56,1,Cloudy,0,5277,12.942048011762514,No,Highly Likely to Crash
2541,Type A,95,Poor,90,2,Clear,1,11932,11.98735868810012,Yes,Highly Likely to Crash
2542,Type A,95,Good,69,1,Stormy,3,14771,1.816228947536681,No,Inconclusive
2543,Type B,85,Poor,59,1,Cloudy,2,4301,3.439496298084072,No,Highly Likely to Crash
2544,Type A,65,Poor,75,0,Cloudy,3,7557,5.67838920856246,Yes,Highly Likely to Crash
2545,Type C,73,Average,53,2,Stormy,0,8010,4.682877454783404,Yes,Inconclusive
2546,Type B,50,Good,87,1,Clear,3,8599,12.73843773943496,Yes,Highly Likely to Crash
2547,Type A,98,Poor,73,5,Cloudy,3,15693,3.727700614808679,Yes,Highly Likely to Crash
2548,Type B,74,Poor,63,5,Cloudy,1,16632,8.449742514745644,No,Highly Likely to Crash
2549,Type B,59,Poor,90,2,Clear,2,19426,8.999335369470371,No,Highly Likely to Crash
2550,Type B,65,Average,50,5,Cloudy,2,4950,6.950165860275522,No,Highly Likely to Crash
2551,Type A,65,Average,66,3,Cloudy,0,15049,4.369631044226429,No,Highly Likely to Crash
2552,Type C,57,Average,94,3,Stormy,1,7460,14.44412007233584,No,Highly Likely to Crash
2553,Type C,78,Poor,73,2,Clear,1,17083,6.787589391766314,No,Highly Likely to Crash
2554,Type A,88,Average,76,1,Cloudy,1,7496,11.182339937513309,Yes,Inconclusive
2555,Type B,77,Poor,56,2,Cloudy,1,19067,3.5766508271872044,No,Highly Likely to Crash
2556,Type A,55,Good,58,5,Stormy,1,14701,12.519356359507196,Yes,Highly Likely to Crash
2557,Type A,65,Poor,92,2,Cloudy,2,5543,4.0224855252713345,No,Highly Likely to Crash
2558,Type A,69,Average,84,5,Stormy,2,8334,10.454292730022367,Yes,Highly Likely to Crash
2559,Type B,65,Good,61,3,Cloudy,3,10056,8.090944020615305,Yes,Highly Likely to Crash
2560,Type A,56,Poor,70,2,Stormy,2,2352,3.0517999737399704,No,Highly Likely to Crash
2561,Type B,90,Good,52,4,Clear,1,16763,1.3492887461850818,Yes,Highly Likely to Crash
2562,Type A,63,Good,64,5,Clear,3,13129,14.03047571534528,No,Highly Likely to Crash
2563,Type C,92,Good,70,4,Cloudy,2,2162,2.759667189903558,Yes,Highly Likely to Crash
2564,Type A,75,Poor,59,3,Cloudy,3,15234,10.869320001616808,No,Highly Likely to Crash
2565,Type A,75,Average,82,1,Stormy,2,8089,10.137589425257778,Yes,Inconclusive
2566,Type C,63,Poor,95,5,Stormy,0,11150,5.784080594279371,No,Highly Likely to Crash
2567,Type B,56,Average,55,1,Clear,2,17096,3.595360593766199,No,Highly Likely to Crash
2568,Type B,82,Poor,51,3,Cloudy,3,5155,3.4965954923758074,No,Highly Likely to Crash
2569,Type A,75,Poor,78,1,Stormy,0,9249,9.194589942703347,Yes,Highly Likely to Crash
2570,Type C,94,Poor,89,5,Clear,1,11297,8.656898124736637,No,Highly Likely to Crash
2571,Type B,69,Average,82,0,Clear,3,7145,13.26309028490325,No,Highly Likely to Crash
2572,Type A,52,Poor,53,5,Stormy,1,12395,9.960043097767107,No,Highly Likely to Crash
2573,Type C,53,Good,53,5,Cloudy,1,19575,12.469849665127345,No,Highly Likely to Crash
2574,Type B,75,Poor,78,4,Clear,3,2494,1.4537828743365229,Yes,Highly Likely to Crash
2575,Type B,60,Good,86,0,Stormy,1,15366,10.393904058400333,Yes,Highly Likely to Crash
2576,Type C,51,Average,69,0,Clear,3,15622,4.271920938014693,Yes,Highly Likely to Crash
2577,Type C,63,Average,90,0,Cloudy,3,17358,4.539745439519942,No,Highly Likely to Crash
2578,Type C,93,Poor,72,5,Stormy,2,8733,11.088071407250775,Yes,Highly Likely to Crash
2579,Type C,79,Poor,94,3,Cloudy,0,11343,12.108061423549174,Yes,Highly Likely to Crash
2580,Type A,98,Poor,67,0,Cloudy,1,4492,6.204296651939737,Yes,Highly Likely to Crash
2581,Type C,61,Good,98,2,Clear,1,5323,12.061075436156287,Yes,Highly Likely to Crash
2582,Type B,75,Average,74,1,Cloudy,0,4017,7.212425454932979,Yes,Inconclusive
2583,Type B,93,Good,50,3,Clear,0,2768,13.00703487718533,Yes,Inconclusive
2584,Type A,82,Good,64,2,Stormy,0,16506,1.3486528105002968,No,Inconclusive
2585,Type B,62,Poor,83,5,Stormy,0,17823,2.168930991407909,No,Highly Likely to Crash
2586,Type B,63,Poor,97,5,Clear,0,4938,11.868925301747542,Yes,Highly Likely to Crash
2587,Type C,73,Good,69,2,Clear,2,12001,9.737254789624652,No,Inconclusive
2588,Type B,83,Good,86,4,Clear,3,6798,8.826283550897257,No,Highly Likely to Crash
2589,Type A,93,Poor,76,4,Cloudy,0,19869,9.595703302740027,No,Highly Likely to Crash
2590,Type C,75,Poor,71,2,Stormy,2,13628,14.02266878391011,No,Highly Likely to Crash
2591,Type C,70,Good,100,4,Stormy,0,11819,10.177518440132927,No,Highly Likely to Crash
2592,Type A,77,Poor,54,1,Cloudy,0,15222,10.064665633237704,Yes,Highly Likely to Crash
2593,Type C,97,Poor,83,1,Clear,1,5489,11.632592315887187,Yes,Highly Likely to Crash
2594,Type C,85,Good,88,5,Stormy,1,6528,13.132689878957574,No,Highly Likely to Crash
2595,Type A,89,Good,52,4,Cloudy,1,14126,4.6667746953369695,Yes,Highly Likely to Crash
2596,Type C,51,Average,66,0,Clear,1,12825,9.634484029266256,Yes,Highly Likely to Crash
2597,Type A,91,Good,73,2,Stormy,3,8922,9.175649489734653,Yes,Inconclusive
2598,Type A,58,Poor,73,1,Clear,3,19383,2.8878927409767954,Yes,Highly Likely to Crash
2599,Type B,72,Good,52,4,Cloudy,1,11173,8.284437634749967,Yes,Highly Likely to Crash
2600,Type B,64,Good,94,4,Stormy,1,14012,1.973707206366515,Yes,Highly Likely to Crash
2601,Type C,62,Good,56,1,Clear,0,14972,3.5894342236327548,Yes,Highly Likely to Crash
2602,Type C,72,Average,74,1,Clear,0,15400,13.781483146854526,No,Inconclusive
2603,Type A,66,Average,52,0,Clear,1,3403,2.669404541592809,No,Highly Likely to Crash
2604,Type C,97,Poor,64,4,Cloudy,1,8263,9.104828197855124,No,Highly Likely to Crash
2605,Type A,51,Average,78,4,Clear,1,11460,5.52872974390303,Yes,Highly Likely to Crash
2606,Type A,69,Good,99,3,Stormy,0,11584,8.774386070172575,No,Highly Likely to Crash
2607,Type C,69,Average,78,5,Stormy,1,10775,4.289629594333643,Yes,Highly Likely to Crash
2608,Type A,95,Good,59,0,Clear,1,2574,7.221312365487242,No,Less Likely to Crash
2609,Type B,52,Average,81,1,Cloudy,3,8325,13.142668064075648,No,Highly Likely to Crash
2610,Type C,61,Average,72,1,Stormy,3,2565,6.267037689470989,Yes,Highly Likely to Crash
2611,Type B,89,Average,88,2,Stormy,0,3708,5.942433132013099,No,Inconclusive
2612,Type C,51,Good,58,5,Stormy,3,5174,7.245653109775314,Yes,Highly Likely to Crash
2613,Type A,85,Average,86,1,Clear,0,9594,2.4068998194204134,No,Inconclusive
2614,Type C,63,Good,89,4,Stormy,2,14637,6.422858344232769,No,Highly Likely to Crash
2615,Type B,65,Good,63,1,Clear,1,15810,1.096603508794318,Yes,Highly Likely to Crash
2616,Type A,68,Poor,53,4,Clear,0,9745,8.047560032085325,No,Highly Likely to Crash
2617,Type C,83,Average,69,4,Clear,3,622,12.871175108120012,No,Highly Likely to Crash
2618,Type C,93,Poor,77,0,Clear,2,17840,8.729023455266846,No,Highly Likely to Crash
2619,Type C,95,Poor,63,1,Clear,3,17870,9.508152494884273,No,Highly Likely to Crash
2620,Type B,55,Good,93,0,Stormy,0,9943,1.4278871976367293,No,Highly Likely to Crash
2621,Type B,62,Average,83,5,Clear,2,4933,13.033209721625052,Yes,Highly Likely to Crash
2622,Type C,85,Good,62,4,Clear,3,1490,6.3900497392036195,Yes,Highly Likely to Crash
2623,Type A,71,Good,80,5,Clear,2,6056,14.647937528493895,Yes,Highly Likely to Crash
2624,Type A,67,Average,82,1,Clear,1,15150,2.68651517342364,Yes,Highly Likely to Crash
2625,Type B,61,Good,88,5,Clear,1,5209,14.225406386993328,Yes,Highly Likely to Crash
2626,Type A,79,Average,77,5,Clear,2,4080,9.880072688708522,Yes,Highly Likely to Crash
2627,Type B,100,Average,74,1,Stormy,3,19686,1.7327642040683175,No,Inconclusive
2628,Type C,89,Good,81,0,Clear,3,19088,14.603787089714238,Yes,Inconclusive
2629,Type B,56,Good,58,0,Clear,3,1371,1.1942229540336977,Yes,Highly Likely to Crash
2630,Type B,81,Poor,77,4,Stormy,1,19708,11.229802361673876,No,Highly Likely to Crash
2631,Type C,97,Good,80,4,Stormy,0,15092,13.453419277433325,No,Highly Likely to Crash
2632,Type A,68,Average,66,1,Cloudy,0,13422,3.4613617592222035,Yes,Highly Likely to Crash
2633,Type B,55,Poor,72,1,Stormy,2,10883,5.807000669769319,No,Highly Likely to Crash
2634,Type B,69,Average,62,3,Stormy,3,6050,8.857210767544043,No,Highly Likely to Crash
2635,Type C,76,Poor,59,3,Clear,2,13274,10.517330001829482,No,Highly Likely to Crash
2636,Type A,92,Good,65,2,Cloudy,0,3707,13.206262149124319,No,Inconclusive
2637,Type B,86,Good,55,4,Clear,0,3597,11.654986592296282,Yes,Highly Likely to Crash
2638,Type C,97,Good,97,5,Cloudy,3,19962,6.086636013465128,Yes,Highly Likely to Crash
2639,Type B,56,Average,60,2,Clear,2,19522,12.504077365013359,No,Highly Likely to Crash
2640,Type C,54,Poor,52,2,Stormy,3,11778,14.525074095218185,No,Highly Likely to Crash
2641,Type A,60,Average,77,0,Stormy,0,19830,4.177806537382905,No,Highly Likely to Crash
2642,Type A,64,Poor,90,5,Cloudy,0,2124,2.0373383083620116,Yes,Highly Likely to Crash
2643,Type A,52,Good,64,0,Clear,3,16468,6.972676247186543,No,Highly Likely to Crash
2644,Type A,54,Average,62,3,Clear,2,11649,13.339559455405713,Yes,Highly Likely to Crash
2645,Type B,72,Good,91,2,Stormy,1,10217,3.1040810683087265,Yes,Inconclusive
2646,Type B,86,Average,94,3,Stormy,3,18366,13.401174630348141,No,Inconclusive
2647,Type A,58,Good,66,5,Cloudy,0,17142,14.890982332306333,No,Highly Likely to Crash
2648,Type A,64,Average,56,5,Stormy,1,14140,1.7560312323641891,No,Highly Likely to Crash
2649,Type A,52,Average,77,4,Cloudy,3,17337,7.933589233976775,No,Highly Likely to Crash
2650,Type B,78,Poor,87,1,Cloudy,1,9490,5.604396925985503,No,Highly Likely to Crash
2651,Type A,55,Good,62,0,Cloudy,3,19395,6.511517969038353,No,Highly Likely to Crash
2652,Type A,66,Poor,66,4,Cloudy,0,4670,7.32288653284832,No,Highly Likely to Crash
2653,Type A,75,Poor,64,4,Stormy,3,5636,11.355855390316657,Yes,Highly Likely to Crash
2654,Type C,70,Good,85,0,Cloudy,1,2212,9.278195844396468,Yes,Inconclusive
2655,Type A,57,Average,77,0,Stormy,2,2502,14.456815235034924,Yes,Highly Likely to Crash
2656,Type C,70,Poor,64,5,Cloudy,0,8651,5.658704389353477,No,Highly Likely to Crash
2657,Type C,60,Good,95,5,Stormy,0,16170,8.581057154758398,Yes,Highly Likely to Crash
2658,Type A,87,Average,60,2,Cloudy,1,6754,12.386599433071758,Yes,Inconclusive
2659,Type C,57,Poor,80,3,Stormy,3,10973,6.222397837911522,No,Highly Likely to Crash
2660,Type A,91,Poor,53,5,Clear,3,15803,7.514188808552734,Yes,Highly Likely to Crash
2661,Type B,73,Poor,84,4,Cloudy,3,19995,10.589643737593175,No,Highly Likely to Crash
2662,Type B,84,Average,83,2,Cloudy,0,14261,13.050419060460289,Yes,Inconclusive
2663,Type B,63,Poor,76,2,Clear,0,9418,6.819540585933602,No,Highly Likely to Crash
2664,Type B,63,Average,59,4,Clear,1,2331,8.447306610054362,No,Highly Likely to Crash
2665,Type C,59,Poor,79,5,Cloudy,3,2321,14.651711994071746,No,Highly Likely to Crash
2666,Type A,61,Good,94,4,Stormy,3,2316,1.5945682672580561,Yes,Highly Likely to Crash
2667,Type A,87,Poor,69,1,Cloudy,1,16378,7.275202033233624,No,Highly Likely to Crash
2668,Type A,93,Good,78,5,Stormy,0,16975,9.903745915808807,Yes,Highly Likely to Crash
2669,Type B,95,Good,78,3,Clear,0,3932,1.1179844058697521,Yes,Inconclusive
2670,Type B,83,Good,72,4,Stormy,2,18853,9.355011021929803,No,Highly Likely to Crash
2671,Type A,90,Average,99,5,Cloudy,2,15982,1.7867993652821257,Yes,Highly Likely to Crash
2672,Type B,59,Good,70,0,Clear,3,19268,13.005817553074566,Yes,Highly Likely to Crash
2673,Type A,66,Poor,97,1,Clear,0,4179,12.299205337119922,Yes,Highly Likely to Crash
2674,Type A,66,Average,92,3,Cloudy,3,17486,1.4515719151803477,No,Highly Likely to Crash
2675,Type A,52,Good,59,5,Cloudy,0,17311,1.6832563438032653,Yes,Highly Likely to Crash
2676,Type A,80,Average,90,0,Clear,2,8698,11.550595041862433,Yes,Inconclusive
2677,Type A,100,Average,61,5,Stormy,1,6763,6.173628496096345,Yes,Highly Likely to Crash
2678,Type A,50,Average,79,0,Stormy,0,19318,9.050361031136548,Yes,Highly Likely to Crash
2679,Type A,61,Poor,100,3,Stormy,2,18257,4.784595776715375,Yes,Highly Likely to Crash
2680,Type B,88,Good,82,1,Cloudy,2,9332,3.421564265457396,Yes,Inconclusive
2681,Type A,53,Average,67,0,Clear,0,12454,5.145079645665861,No,Highly Likely to Crash
2682,Type A,91,Average,63,2,Stormy,3,5662,4.453991803135834,No,Inconclusive
2683,Type B,62,Average,71,3,Clear,0,4311,7.276304135350681,No,Highly Likely to Crash
2684,Type B,83,Good,70,3,Stormy,2,3806,11.453466314027606,No,Inconclusive
2685,Type B,91,Average,50,4,Clear,0,9137,8.757811710977393,Yes,Highly Likely to Crash
2686,Type A,70,Average,98,1,Cloudy,1,12633,9.52849631115606,Yes,Inconclusive
2687,Type C,71,Poor,92,2,Cloudy,3,14718,7.5811003504131795,Yes,Highly Likely to Crash
2688,Type C,53,Good,64,2,Cloudy,0,9204,5.5462709628394276,Yes,Highly Likely to Crash
2689,Type B,67,Poor,85,4,Stormy,2,16385,3.009123555046831,No,Highly Likely to Crash
2690,Type C,54,Good,96,0,Cloudy,2,1901,5.963916427596013,No,Highly Likely to Crash
2691,Type B,68,Good,71,0,Cloudy,3,10504,10.312780626994112,Yes,Highly Likely to Crash
2692,Type A,51,Good,81,2,Cloudy,0,1045,11.272883920933486,Yes,Highly Likely to Crash
2693,Type C,61,Poor,95,1,Clear,2,3033,7.56854161471499,Yes,Highly Likely to Crash
2694,Type A,66,Poor,82,0,Clear,3,2509,10.029961844162639,No,Highly Likely to Crash
2695,Type C,59,Poor,90,3,Clear,1,6401,3.947575146379531,No,Highly Likely to Crash
2696,Type A,83,Poor,88,5,Clear,3,4585,13.04092849013539,No,Highly Likely to Crash
2697,Type C,55,Average,72,4,Clear,0,2715,13.123110309469945,Yes,Highly Likely to Crash
2698,Type A,57,Average,92,1,Clear,0,16541,5.484590981815355,Yes,Highly Likely to Crash
2699,Type A,100,Average,51,0,Clear,2,16263,8.66797135012898,Yes,Inconclusive
2700,Type C,60,Good,51,5,Cloudy,1,2684,9.493268397813068,No,Highly Likely to Crash
2701,Type A,61,Average,87,2,Cloudy,0,10854,7.614020542984959,No,Highly Likely to Crash
2702,Type A,58,Good,100,4,Stormy,2,1775,13.755990149809021,No,Highly Likely to Crash
2703,Type A,51,Poor,78,0,Cloudy,3,10004,11.35603725510455,Yes,Highly Likely to Crash
2704,Type C,57,Good,95,2,Clear,3,4023,10.415146896522257,No,Highly Likely to Crash
2705,Type C,60,Good,52,0,Clear,0,9207,8.281305101499902,Yes,Highly Likely to Crash
2706,Type A,85,Average,88,4,Stormy,1,1519,2.1878626191423924,Yes,Highly Likely to Crash
2707,Type A,59,Poor,56,3,Cloudy,2,1549,2.5094992866813524,Yes,Highly Likely to Crash
2708,Type C,70,Poor,85,3,Cloudy,0,13881,5.18612407141627,No,Highly Likely to Crash
2709,Type C,69,Average,78,5,Stormy,2,2840,3.961311757164788,No,Highly Likely to Crash
2710,Type A,97,Poor,86,2,Clear,3,9949,14.33543360671192,No,Highly Likely to Crash
2711,Type A,57,Poor,98,3,Clear,2,19162,6.7373752611242494,No,Highly Likely to Crash
2712,Type A,85,Poor,85,4,Clear,3,16122,13.272476141222528,No,Highly Likely to Crash
2713,Type B,78,Average,72,2,Clear,1,3485,12.453115571327242,No,Inconclusive
2714,Type C,91,Poor,94,0,Stormy,1,12561,12.375983818319328,Yes,Highly Likely to Crash
2715,Type B,61,Good,65,1,Cloudy,3,6205,4.019905352055922,No,Highly Likely to Crash
2716,Type C,63,Good,97,0,Clear,0,18028,7.262505382011415,No,Highly Likely to Crash
2717,Type C,97,Poor,80,4,Cloudy,3,1205,5.451327883059953,Yes,Highly Likely to Crash
2718,Type C,99,Average,83,5,Cloudy,2,19308,14.585754053744877,No,Highly Likely to Crash
2719,Type C,70,Average,99,2,Clear,2,18818,13.274420218139381,No,Inconclusive
2720,Type C,71,Average,50,0,Clear,2,2984,4.498931253623303,Yes,Inconclusive
2721,Type C,70,Poor,67,2,Clear,0,2245,5.389285051342261,No,Highly Likely to Crash
2722,Type C,93,Poor,89,3,Cloudy,1,16716,8.404729326089543,Yes,Highly Likely to Crash
2723,Type B,99,Good,92,1,Stormy,1,9661,4.900480991839357,Yes,Inconclusive
2724,Type A,79,Average,64,4,Clear,2,19430,12.543419532216758,Yes,Highly Likely to Crash
2725,Type A,88,Good,97,0,Cloudy,0,14474,12.469237890667356,No,Inconclusive
2726,Type B,69,Good,98,1,Cloudy,2,1277,11.140766129609716,Yes,Highly Likely to Crash
2727,Type B,73,Average,66,4,Clear,1,10025,10.650342866584603,No,Highly Likely to Crash
2728,Type B,72,Poor,93,4,Stormy,3,10809,8.66222110492918,Yes,Highly Likely to Crash
2729,Type B,56,Poor,59,5,Clear,2,11080,5.859571599516442,No,Highly Likely to Crash
2730,Type C,58,Good,69,3,Clear,2,3614,12.717138338825393,Yes,Highly Likely to Crash
2731,Type A,50,Good,55,5,Stormy,2,12905,13.023650397524813,No,Highly Likely to Crash
2732,Type C,75,Good,57,5,Clear,1,3436,1.6931325640983437,No,Highly Likely to Crash
2733,Type A,87,Good,94,2,Clear,0,1845,6.5806717949371105,No,Inconclusive
2734,Type A,87,Average,83,2,Stormy,3,2541,1.3727861263031431,No,Inconclusive
2735,Type B,93,Good,81,1,Cloudy,3,14830,12.752683525794886,No,Inconclusive
2736,Type C,71,Good,100,3,Cloudy,3,13698,3.4793054513085857,No,Inconclusive
2737,Type B,93,Poor,91,4,Cloudy,2,19558,10.434134707431458,No,Highly Likely to Crash
2738,Type C,59,Poor,53,3,Cloudy,1,8004,6.003261447721179,No,Highly Likely to Crash
2739,Type A,55,Poor,93,3,Cloudy,3,10247,12.424916345250312,No,Highly Likely to Crash
2740,Type B,66,Average,99,1,Clear,2,17573,8.135616603552704,Yes,Highly Likely to Crash
2741,Type B,100,Average,88,2,Stormy,0,619,5.541626942321795,Yes,Inconclusive
2742,Type A,99,Poor,69,3,Cloudy,2,6669,5.534189341510366,Yes,Highly Likely to Crash
2743,Type A,87,Poor,73,3,Stormy,3,6332,5.5769813939020905,Yes,Highly Likely to Crash
2744,Type A,73,Good,73,3,Cloudy,3,15149,12.040109036870241,Yes,Inconclusive
2745,Type B,100,Good,75,0,Clear,0,12746,10.95561838357343,No,Less Likely to Crash
2746,Type C,59,Average,74,3,Cloudy,1,2113,5.468997502851462,Yes,Highly Likely to Crash
2747,Type B,57,Average,85,3,Cloudy,0,16075,7.862913245210442,Yes,Highly Likely to Crash
2748,Type C,70,Good,56,4,Stormy,0,8123,2.066147397410555,Yes,Highly Likely to Crash
2749,Type B,55,Poor,59,5,Stormy,3,3533,12.585003757031924,Yes,Highly Likely to Crash
2750,Type B,70,Good,96,0,Clear,3,19820,4.723367332212443,No,Inconclusive
2751,Type A,88,Average,61,3,Stormy,1,6159,13.449151985741755,No,Inconclusive
2752,Type C,73,Average,50,5,Stormy,3,12755,9.355153702180964,Yes,Highly Likely to Crash
2753,Type B,82,Good,99,3,Stormy,0,12580,8.949482271024593,Yes,Inconclusive
2754,Type B,67,Good,74,1,Clear,0,12476,3.278062392399102,Yes,Highly Likely to Crash
2755,Type A,77,Good,65,1,Clear,1,11318,1.9734950342602302,Yes,Inconclusive
2756,Type A,81,Average,54,5,Clear,3,16218,8.736632133745575,No,Highly Likely to Crash
2757,Type C,61,Poor,68,0,Stormy,3,9841,7.551847725573136,No,Highly Likely to Crash
2758,Type B,97,Good,53,4,Stormy,0,15696,2.675562470081677,No,Highly Likely to Crash
2759,Type C,91,Average,55,0,Clear,0,16796,12.698228115254613,Yes,Inconclusive
2760,Type B,76,Average,75,0,Stormy,3,14634,6.84136166846001,No,Inconclusive
2761,Type C,59,Average,98,1,Stormy,2,12741,4.646409205472417,Yes,Highly Likely to Crash
2762,Type A,95,Good,88,1,Cloudy,0,955,12.035809304049437,No,Inconclusive
2763,Type B,91,Good,88,4,Clear,0,8143,13.782898194877118,No,Highly Likely to Crash
2764,Type C,81,Poor,58,3,Clear,0,5120,5.283477844646562,Yes,Highly Likely to Crash
2765,Type A,91,Average,94,4,Stormy,1,9367,11.863298395623062,No,Highly Likely to Crash
2766,Type A,75,Good,63,3,Stormy,3,16626,10.135275198119189,No,Inconclusive
2767,Type C,74,Average,97,5,Cloudy,3,5599,14.856188972557284,Yes,Highly Likely to Crash
2768,Type B,60,Average,58,5,Clear,3,14387,3.8558979037571857,No,Highly Likely to Crash
2769,Type B,72,Poor,64,2,Clear,0,11046,14.449505923090362,No,Highly Likely to Crash
2770,Type A,83,Good,86,1,Stormy,3,15935,5.413808793938456,Yes,Inconclusive
2771,Type B,89,Good,99,2,Clear,3,559,6.767360172993612,No,Inconclusive
2772,Type B,72,Average,69,2,Stormy,3,13173,6.023561398037487,Yes,Inconclusive
2773,Type B,78,Average,57,1,Cloudy,1,6031,4.758309759237262,Yes,Inconclusive
2774,Type A,80,Poor,81,2,Stormy,1,3264,10.70511614002411,Yes,Highly Likely to Crash
2775,Type C,56,Poor,96,0,Cloudy,0,2294,9.248034490161825,Yes,Highly Likely to Crash
2776,Type B,89,Poor,70,3,Stormy,3,11221,5.27968723968935,Yes,Highly Likely to Crash
2777,Type A,82,Poor,90,4,Cloudy,0,6186,2.850974391255868,Yes,Highly Likely to Crash
2778,Type A,70,Poor,68,1,Cloudy,0,15175,5.443258928264894,Yes,Highly Likely to Crash
2779,Type C,51,Poor,78,0,Clear,0,5487,6.337238363573897,Yes,Highly Likely to Crash
2780,Type B,67,Average,80,5,Stormy,0,13388,6.329148203694981,Yes,Highly Likely to Crash
2781,Type B,96,Poor,55,4,Clear,0,7080,6.001633472676266,Yes,Highly Likely to Crash
2782,Type C,82,Average,53,4,Clear,0,14033,1.6821150871239166,Yes,Highly Likely to Crash
2783,Type C,86,Average,92,4,Stormy,1,18257,7.496463510621238,Yes,Highly Likely to Crash
2784,Type A,83,Good,78,2,Clear,2,4053,12.706913361434298,Yes,Inconclusive
2785,Type A,69,Average,91,2,Clear,1,8644,3.525128086019259,No,Highly Likely to Crash
2786,Type C,84,Average,52,2,Clear,0,9774,3.0392028079843385,Yes,Inconclusive
2787,Type B,100,Poor,50,2,Stormy,2,12939,7.605914773427356,Yes,Highly Likely to Crash
2788,Type A,99,Average,93,0,Clear,2,5937,6.18844217010016,Yes,Inconclusive
2789,Type A,67,Poor,64,2,Clear,3,12777,8.857928969989713,No,Highly Likely to Crash
2790,Type B,95,Poor,96,1,Clear,0,9249,14.259040335281849,Yes,Highly Likely to Crash
2791,Type A,73,Poor,70,4,Stormy,0,14285,11.652407504659266,No,Highly Likely to Crash
2792,Type B,57,Good,95,0,Cloudy,1,6415,10.61881414453817,Yes,Highly Likely to Crash
2793,Type B,79,Poor,80,5,Cloudy,2,10234,6.8231172215115015,No,Highly Likely to Crash
2794,Type B,93,Average,56,2,Cloudy,2,15203,5.023037709342888,No,Inconclusive
2795,Type C,59,Poor,66,5,Cloudy,0,2882,8.563697446142331,No,Highly Likely to Crash
2796,Type C,72,Poor,68,4,Clear,3,9973,13.396209387257953,No,Highly Likely to Crash
2797,Type C,98,Poor,88,0,Stormy,0,4858,13.2743951471592,No,Highly Likely to Crash
2798,Type B,60,Good,52,4,Clear,2,8812,7.23720928248904,Yes,Highly Likely to Crash
2799,Type B,51,Average,79,5,Stormy,3,14531,4.447084945311512,Yes,Highly Likely to Crash
2800,Type C,75,Good,84,0,Clear,3,639,4.15482230351226,Yes,Inconclusive
2801,Type A,85,Average,78,3,Cloudy,2,8144,1.4758378346312566,No,Inconclusive
2802,Type B,82,Good,99,0,Cloudy,0,2315,12.797299448143251,No,Inconclusive
2803,Type A,96,Average,63,2,Stormy,0,4801,4.707732473666032,No,Inconclusive
2804,Type A,62,Good,84,5,Clear,0,12830,6.025987974086334,No,Highly Likely to Crash
2805,Type B,89,Poor,77,4,Cloudy,1,15685,12.329025973076902,Yes,Highly Likely to Crash
2806,Type B,74,Good,79,4,Stormy,1,7785,2.680336724820746,No,Highly Likely to Crash
2807,Type A,53,Good,75,4,Clear,3,9720,7.457277103400193,Yes,Highly Likely to Crash
2808,Type A,91,Poor,56,1,Stormy,0,10946,2.71277931889866,No,Highly Likely to Crash
2809,Type C,68,Poor,88,1,Clear,1,14650,7.185879973158544,No,Highly Likely to Crash
2810,Type C,67,Average,80,2,Clear,3,9036,1.659954030802259,No,Highly Likely to Crash
2811,Type B,86,Average,54,3,Clear,2,19303,8.246719564188371,No,Inconclusive
2812,Type C,79,Average,84,1,Stormy,2,3735,12.139936066999443,No,Inconclusive
2813,Type C,68,Good,99,0,Stormy,0,19478,10.468153447076105,Yes,Highly Likely to Crash
2814,Type C,72,Average,96,5,Clear,2,1887,8.128366134083606,No,Highly Likely to Crash
2815,Type C,65,Good,63,2,Cloudy,2,12709,12.602621970088174,Yes,Highly Likely to Crash
2816,Type A,50,Good,85,3,Clear,2,1483,4.189031649428702,Yes,Highly Likely to Crash
2817,Type B,61,Average,76,0,Stormy,3,14846,12.631147989779901,No,Highly Likely to Crash
2818,Type C,73,Average,73,4,Clear,2,19006,4.869088714234465,No,Highly Likely to Crash
2819,Type A,83,Good,89,1,Stormy,2,19878,6.074808776810666,No,Inconclusive
2820,Type A,57,Poor,78,0,Clear,3,8048,2.798022823246894,No,Highly Likely to Crash
2821,Type A,67,Poor,94,3,Clear,1,7353,2.4245665890710644,No,Highly Likely to Crash
2822,Type C,97,Good,71,2,Cloudy,3,19784,14.04956126299812,No,Inconclusive
2823,Type C,54,Average,57,0,Cloudy,1,1275,3.659695460589683,Yes,Highly Likely to Crash
2824,Type B,75,Good,64,2,Stormy,3,17619,5.666146170867267,Yes,Inconclusive
2825,Type C,79,Good,98,4,Clear,0,18370,8.408123785299065,No,Highly Likely to Crash
2826,Type C,62,Average,54,3,Stormy,2,17279,5.870139856443799,No,Highly Likely to Crash
2827,Type A,68,Poor,53,3,Clear,1,13470,13.181865967302906,Yes,Highly Likely to Crash
2828,Type B,78,Good,60,1,Clear,3,2501,13.610006688254813,Yes,Inconclusive
2829,Type C,52,Poor,67,5,Clear,1,12139,5.563866403509289,Yes,Highly Likely to Crash
2830,Type C,75,Poor,91,3,Cloudy,1,15256,2.2883877463339886,No,Highly Likely to Crash
2831,Type A,89,Average,98,0,Stormy,2,8562,3.9422152761004785,Yes,Inconclusive
2832,Type A,61,Good,79,0,Clear,1,10546,7.641500890290894,No,Highly Likely to Crash
2833,Type C,51,Good,64,0,Clear,3,4688,5.03873459127219,No,Highly Likely to Crash
2834,Type B,60,Poor,55,4,Stormy,0,14386,7.348611325441629,Yes,Highly Likely to Crash
2835,Type B,93,Poor,65,3,Stormy,0,6849,11.621848996092217,Yes,Highly Likely to Crash
2836,Type A,77,Average,96,3,Clear,2,6680,6.88893807285964,Yes,Inconclusive
2837,Type A,67,Poor,89,0,Cloudy,3,13822,3.7579643869111408,No,Highly Likely to Crash
2838,Type C,62,Average,58,1,Cloudy,3,8294,6.011546968189053,No,Highly Likely to Crash
2839,Type A,86,Good,92,1,Clear,0,13901,11.401737054079463,Yes,Inconclusive
2840,Type C,71,Average,83,3,Cloudy,3,17627,6.93686968299289,No,Inconclusive
2841,Type B,61,Poor,76,3,Stormy,1,6662,4.49352994159454,Yes,Highly Likely to Crash
2842,Type B,51,Good,62,2,Cloudy,2,16423,6.983762948902646,No,Highly Likely to Crash
2843,Type C,86,Average,85,3,Stormy,0,17257,7.3672936275572365,Yes,Inconclusive
2844,Type A,56,Good,76,0,Stormy,2,6405,5.149280866878675,No,Highly Likely to Crash
2845,Type B,75,Average,58,5,Stormy,1,12776,14.939591248702545,Yes,Highly Likely to Crash
2846,Type A,75,Poor,54,4,Stormy,0,6189,11.746764264441202,No,Highly Likely to Crash
2847,Type B,73,Poor,100,3,Cloudy,3,19904,10.694369817357304,No,Highly Likely to Crash
2848,Type C,61,Good,71,3,Stormy,3,15880,12.968137783982018,No,Highly Likely to Crash
2849,Type C,65,Good,80,0,Clear,1,16008,10.329868740716245,Yes,Highly Likely to Crash
2850,Type C,72,Good,52,2,Stormy,0,7397,12.073724802771569,No,Inconclusive
2851,Type B,89,Average,79,5,Clear,2,2064,6.775359023262122,No,Highly Likely to Crash
2852,Type A,58,Poor,70,3,Stormy,0,16834,8.005204778730588,Yes,Highly Likely to Crash
2853,Type A,81,Good,84,1,Stormy,3,14370,1.6579493662398914,Yes,Inconclusive
2854,Type A,64,Good,55,1,Cloudy,0,14719,4.929049479723421,No,Highly Likely to Crash
2855,Type B,86,Good,77,1,Stormy,0,16941,6.1521737292664245,No,Inconclusive
2856,Type B,62,Average,81,4,Stormy,3,10879,9.756583155870617,Yes,Highly Likely to Crash
2857,Type B,54,Good,91,4,Cloudy,3,3448,7.498957987114648,No,Highly Likely to Crash
2858,Type B,60,Good,86,5,Cloudy,2,3634,9.509735673926192,No,Highly Likely to Crash
2859,Type B,59,Average,74,3,Clear,0,18471,10.986582683194344,Yes,Highly Likely to Crash
2860,Type A,62,Average,81,3,Cloudy,3,9469,1.5980613473473873,Yes,Highly Likely to Crash
2861,Type B,90,Good,84,3,Clear,1,4178,4.615888458050603,Yes,Inconclusive
2862,Type B,95,Good,71,4,Stormy,3,11240,3.392654215626253,No,Highly Likely to Crash
2863,Type A,99,Average,73,5,Clear,2,17882,3.6243716683935974,No,Highly Likely to Crash
2864,Type B,64,Poor,88,3,Cloudy,2,3843,8.043755538847883,Yes,Highly Likely to Crash
2865,Type A,91,Average,79,0,Stormy,1,4514,11.359702870998953,Yes,Inconclusive
2866,Type A,56,Poor,99,2,Clear,2,5607,4.818878474955283,No,Highly Likely to Crash
2867,Type C,89,Good,81,1,Clear,0,12370,12.542289333899971,Yes,Inconclusive
2868,Type C,77,Good,80,1,Clear,2,4828,13.494391240920034,No,Inconclusive
2869,Type C,81,Poor,72,0,Stormy,1,5155,5.907474208284933,Yes,Highly Likely to Crash
2870,Type C,84,Average,89,3,Clear,2,6358,10.538991545359153,Yes,Inconclusive
2871,Type B,64,Good,82,5,Clear,1,6120,2.638690117191514,No,Highly Likely to Crash
2872,Type C,97,Poor,74,5,Cloudy,2,9612,11.416395996801507,No,Highly Likely to Crash
2873,Type A,85,Average,85,4,Clear,3,7504,3.310334256672663,Yes,Highly Likely to Crash
2874,Type B,70,Poor,73,3,Stormy,1,1742,10.623821252794292,No,Highly Likely to Crash
2875,Type C,55,Average,80,5,Cloudy,2,16964,6.906600048442582,No,Highly Likely to Crash
2876,Type A,50,Average,88,3,Stormy,0,3161,13.998388502659571,Yes,Highly Likely to Crash
2877,Type B,53,Average,95,1,Cloudy,1,5298,7.502448145653561,No,Highly Likely to Crash
2878,Type B,60,Average,62,1,Cloudy,1,1040,1.432639444546326,No,Highly Likely to Crash
2879,Type C,93,Poor,59,4,Clear,2,19669,7.729366507442558,No,Highly Likely to Crash
2880,Type B,75,Poor,72,1,Stormy,3,3657,12.136982414039903,No,Highly Likely to Crash
2881,Type A,86,Poor,67,3,Clear,3,5217,10.059180632415899,Yes,Highly Likely to Crash
2882,Type B,72,Poor,81,0,Cloudy,2,5836,14.528412752605437,Yes,Highly Likely to Crash
2883,Type A,78,Poor,82,4,Clear,2,7665,12.805814860906441,Yes,Highly Likely to Crash
2884,Type B,70,Average,85,0,Cloudy,0,19127,8.371723280565881,Yes,Inconclusive
2885,Type C,97,Good,77,3,Cloudy,2,10012,3.8912879184755735,Yes,Inconclusive
2886,Type A,94,Good,65,4,Stormy,1,19877,1.052844817509723,No,Highly Likely to Crash
2887,Type B,94,Poor,65,0,Stormy,2,18975,14.727033558019155,No,Highly Likely to Crash
2888,Type B,98,Poor,67,4,Stormy,0,15228,14.136475776237383,No,Highly Likely to Crash
2889,Type B,76,Good,57,3,Stormy,2,14254,4.8380159170527,Yes,Inconclusive
2890,Type A,88,Average,91,5,Clear,2,5709,9.93502100713218,Yes,Highly Likely to Crash
2891,Type A,89,Poor,65,4,Stormy,1,14990,11.209353880406152,Yes,Highly Likely to Crash
2892,Type A,62,Average,60,5,Stormy,3,8145,9.09218845445633,No,Highly Likely to Crash
2893,Type C,72,Good,55,3,Stormy,2,6240,12.801463447733369,No,Inconclusive
2894,Type C,65,Good,50,4,Cloudy,0,4654,2.0895450780481926,No,Highly Likely to Crash
2895,Type A,79,Poor,61,4,Cloudy,2,3165,13.550916478102987,Yes,Highly Likely to Crash
2896,Type B,53,Average,87,5,Stormy,2,6518,6.488266156330889,Yes,Highly Likely to Crash
2897,Type C,89,Poor,77,1,Cloudy,1,18640,7.729660302047081,No,Highly Likely to Crash
2898,Type A,65,Good,94,5,Cloudy,3,6213,7.226271105903409,No,Highly Likely to Crash
2899,Type B,80,Average,66,5,Clear,3,13571,8.438007121570969,No,Highly Likely to Crash
2900,Type C,91,Poor,50,5,Cloudy,3,15827,9.374358606400548,Yes,Highly Likely to Crash
2901,Type B,74,Poor,81,3,Clear,2,19462,10.944808061708686,Yes,Highly Likely to Crash
2902,Type B,93,Poor,57,2,Cloudy,1,1526,8.349164747052857,No,Highly Likely to Crash
2903,Type B,61,Good,89,5,Stormy,1,4973,10.586825584124464,No,Highly Likely to Crash
2904,Type B,75,Poor,92,4,Cloudy,2,5167,5.736164210269808,Yes,Highly Likely to Crash
2905,Type C,86,Average,95,0,Cloudy,1,18838,14.113532183611817,No,Inconclusive
2906,Type C,97,Poor,73,1,Clear,3,17470,1.9034342771967683,No,Highly Likely to Crash
2907,Type C,82,Good,59,5,Stormy,1,16441,8.63756851985531,Yes,Highly Likely to Crash
2908,Type A,77,Poor,96,5,Clear,2,1184,2.2235464643040057,No,Highly Likely to Crash
2909,Type C,58,Good,88,1,Stormy,2,3768,7.198738504517025,No,Highly Likely to Crash
2910,Type B,61,Good,88,5,Stormy,0,15693,4.606153007139619,No,Highly Likely to Crash
2911,Type C,54,Average,59,4,Clear,0,1158,14.116648294157066,Yes,Highly Likely to Crash
2912,Type B,77,Average,85,2,Cloudy,1,1796,1.1830554094032077,No,Inconclusive
2913,Type A,84,Poor,74,5,Stormy,1,2025,6.4768508359803985,No,Highly Likely to Crash
2914,Type B,54,Good,99,1,Cloudy,2,10774,11.948598495897363,Yes,Highly Likely to Crash
2915,Type B,83,Good,59,5,Clear,0,7650,3.638459777120521,No,Highly Likely to Crash
2916,Type B,95,Average,68,3,Clear,0,8292,12.418234865327541,No,Inconclusive
2917,Type A,83,Average,95,4,Clear,3,7104,13.036151229547533,Yes,Highly Likely to Crash
2918,Type C,62,Poor,94,4,Clear,3,15553,10.91204199504078,No,Highly Likely to Crash
2919,Type C,88,Good,64,2,Stormy,2,6289,3.926968553966391,No,Inconclusive
2920,Type A,91,Average,65,3,Clear,2,7920,4.808541192141873,No,Inconclusive
2921,Type B,94,Poor,51,3,Cloudy,2,6253,3.3370862017350675,Yes,Highly Likely to Crash
2922,Type C,97,Good,78,2,Cloudy,2,16044,3.5768923208195957,No,Inconclusive
2923,Type A,63,Good,53,0,Stormy,0,5608,1.5108921506552546,Yes,Highly Likely to Crash
2924,Type C,60,Average,99,5,Clear,2,5747,13.00241113677573,Yes,Highly Likely to Crash
2925,Type A,91,Poor,78,3,Stormy,2,8901,8.399032023989701,Yes,Highly Likely to Crash
2926,Type B,87,Average,80,0,Stormy,0,17507,5.588629134418722,Yes,Inconclusive
2927,Type C,53,Poor,66,0,Stormy,3,10497,5.0540779448877124,Yes,Highly Likely to Crash
2928,Type A,82,Good,59,4,Clear,2,5761,8.62574815026621,Yes,Highly Likely to Crash
2929,Type C,56,Poor,76,5,Cloudy,3,4768,5.573587505059287,Yes,Highly Likely to Crash
2930,Type C,90,Poor,90,4,Cloudy,0,6484,13.092051650144871,No,Highly Likely to Crash
2931,Type C,57,Poor,64,1,Stormy,3,510,3.953404090516751,No,Highly Likely to Crash
2932,Type C,86,Poor,93,4,Stormy,0,17644,13.352225079779938,Yes,Highly Likely to Crash
2933,Type A,100,Poor,80,3,Cloudy,2,1677,10.297294342048009,No,Highly Likely to Crash
2934,Type B,59,Average,70,3,Cloudy,3,9668,14.392809086369581,No,Highly Likely to Crash
2935,Type A,92,Poor,90,5,Clear,2,19376,1.211501382899708,No,Highly Likely to Crash
2936,Type A,64,Poor,95,0,Stormy,1,2889,1.8273379199561908,Yes,Highly Likely to Crash
2937,Type A,87,Good,94,3,Clear,1,6864,8.012524315112024,No,Inconclusive
2938,Type B,64,Poor,75,4,Cloudy,3,16277,13.773303620448676,Yes,Highly Likely to Crash
2939,Type C,54,Good,87,4,Cloudy,0,12365,11.231129321422031,Yes,Highly Likely to Crash
2940,Type C,78,Average,100,5,Cloudy,3,19436,9.709903055270667,No,Highly Likely to Crash
2941,Type C,68,Average,85,4,Cloudy,0,12827,1.4424301792425727,Yes,Highly Likely to Crash
2942,Type B,100,Poor,66,2,Clear,1,18366,5.958293037776531,Yes,Highly Likely to Crash
2943,Type C,59,Average,100,5,Cloudy,0,2810,5.841940500640002,Yes,Highly Likely to Crash
2944,Type B,61,Poor,52,5,Stormy,1,4241,8.58919955163868,No,Highly Likely to Crash
2945,Type C,53,Average,63,3,Cloudy,3,7785,4.609588910854665,No,Highly Likely to Crash
2946,Type C,80,Poor,98,5,Stormy,2,4339,4.740180012488641,No,Highly Likely to Crash
2947,Type A,67,Poor,62,1,Cloudy,2,8081,9.692051201074632,Yes,Highly Likely to Crash
2948,Type B,65,Good,90,3,Clear,2,19639,14.223945606398193,No,Highly Likely to Crash
2949,Type A,89,Good,76,3,Stormy,0,14637,10.242507450913735,No,Inconclusive
2950,Type A,85,Good,50,2,Clear,2,5737,10.353821735734492,No,Inconclusive
2951,Type A,74,Good,66,3,Cloudy,0,13004,14.807007387433618,Yes,Inconclusive
2952,Type B,72,Poor,97,0,Clear,2,2240,3.1486943389770614,Yes,Highly Likely to Crash
2953,Type B,61,Average,99,4,Cloudy,0,19008,1.4736868388050457,No,Highly Likely to Crash
2954,Type C,83,Poor,83,4,Clear,0,5791,11.437195310448175,Yes,Highly Likely to Crash
2955,Type A,85,Good,63,5,Clear,1,19981,7.14302406465821,No,Highly Likely to Crash
2956,Type C,86,Good,66,2,Stormy,1,5747,7.003526966528088,No,Inconclusive
2957,Type A,52,Average,52,4,Cloudy,3,9345,4.154247269082452,Yes,Highly Likely to Crash
2958,Type B,58,Good,83,0,Clear,1,12233,8.096082567266539,Yes,Highly Likely to Crash
2959,Type B,67,Poor,89,2,Cloudy,0,7066,7.190412812148225,Yes,Highly Likely to Crash
2960,Type B,92,Poor,74,1,Stormy,1,1352,5.836300109848601,Yes,Highly Likely to Crash
2961,Type A,84,Poor,51,4,Clear,1,10253,7.198432230737864,Yes,Highly Likely to Crash
2962,Type B,83,Poor,83,3,Cloudy,1,12637,6.373686790120458,Yes,Highly Likely to Crash
2963,Type A,90,Poor,75,0,Clear,0,11368,14.158549013253513,No,Highly Likely to Crash
2964,Type C,63,Average,80,0,Clear,0,15405,14.723523204661694,No,Highly Likely to Crash
2965,Type A,53,Poor,58,4,Clear,3,18202,12.758613055164556,Yes,Highly Likely to Crash
2966,Type C,78,Good,79,5,Clear,1,17005,14.865797274169749,Yes,Highly Likely to Crash
2967,Type A,90,Good,69,1,Stormy,1,4754,4.72007200640852,No,Inconclusive
2968,Type C,94,Good,70,3,Stormy,0,16739,12.800951538865155,No,Inconclusive
2969,Type B,99,Good,78,1,Cloudy,3,8998,6.692806166636695,Yes,Inconclusive
2970,Type C,64,Average,74,1,Cloudy,3,12674,11.445909568888547,Yes,Highly Likely to Crash
2971,Type B,77,Good,87,4,Clear,0,2396,3.819496968826625,No,Highly Likely to Crash
2972,Type B,91,Average,93,3,Clear,1,13378,12.367385256378302,No,Inconclusive
2973,Type C,65,Good,74,4,Clear,3,6476,2.168501966196873,No,Highly Likely to Crash
2974,Type A,61,Average,58,4,Stormy,3,4411,4.787807894029651,No,Highly Likely to Crash
2975,Type A,54,Average,88,5,Clear,1,16837,12.507336635860177,No,Highly Likely to Crash
2976,Type A,83,Average,93,0,Cloudy,3,8840,11.46022910550592,Yes,Inconclusive
2977,Type A,91,Good,75,5,Clear,1,17923,8.01745456987805,No,Highly Likely to Crash
2978,Type A,50,Average,86,5,Stormy,3,10082,10.419098840062924,Yes,Highly Likely to Crash
2979,Type B,88,Poor,65,4,Clear,3,4404,3.598036342943015,No,Highly Likely to Crash
2980,Type A,81,Poor,86,5,Stormy,0,5376,10.348690712847919,Yes,Highly Likely to Crash
2981,Type B,75,Good,61,5,Stormy,3,8809,1.1116663427808955,No,Highly Likely to Crash
2982,Type B,66,Poor,73,2,Stormy,1,1203,12.665022143341085,Yes,Highly Likely to Crash
2983,Type B,97,Poor,75,3,Stormy,3,19839,8.22802651198521,No,Highly Likely to Crash
2984,Type C,76,Poor,69,0,Cloudy,0,5970,14.214298322534145,Yes,Highly Likely to Crash
2985,Type C,73,Good,58,3,Stormy,3,6940,7.694299742518946,No,Inconclusive
2986,Type B,84,Good,72,0,Cloudy,2,2524,7.063221952568775,Yes,Inconclusive
2987,Type C,95,Poor,88,2,Cloudy,1,16251,7.300739373569396,Yes,Highly Likely to Crash
2988,Type A,91,Good,78,4,Clear,2,13230,6.036200683854145,Yes,Highly Likely to Crash
2989,Type A,88,Average,80,0,Clear,0,4845,3.3334511737971555,Yes,Inconclusive
2990,Type B,75,Poor,68,0,Stormy,2,10649,12.788878177237079,No,Highly Likely to Crash
2991,Type A,98,Good,69,0,Clear,3,6134,6.447195708616127,No,Less Likely to Crash
2992,Type B,87,Good,72,2,Stormy,1,17881,8.407517994644019,Yes,Inconclusive
2993,Type B,72,Poor,92,3,Clear,2,17289,1.27841683048811,No,Highly Likely to Crash
2994,Type A,71,Good,76,2,Stormy,3,11540,1.843554217995987,Yes,Inconclusive
2995,Type C,53,Poor,79,0,Clear,2,743,9.360565212689824,No,Highly Likely to Crash
2996,Type A,98,Good,70,5,Clear,3,2914,13.309193155190524,No,Highly Likely to Crash
2997,Type A,58,Average,93,0,Cloudy,3,4356,7.907541592365043,Yes,Highly Likely to Crash
2998,Type B,53,Poor,84,5,Clear,2,6763,3.3096441284708864,No,Highly Likely to Crash
2999,Type B,56,Average,98,4,Clear,0,15685,2.6257824011235646,Yes,Highly Likely to Crash
3000,Type B,72,Poor,56,2,Stormy,1,16299,13.597032019500935,No,Highly Likely to Crash
3001,Type B,51,Good,71,5,Cloudy,0,9124,10.8229299562136,No,Highly Likely to Crash
3002,Type C,98,Average,59,2,Stormy,2,12970,14.526737763160401,No,Inconclusive
3003,Type C,73,Good,72,1,Clear,3,14272,2.152880698814595,Yes,Inconclusive
3004,Type C,89,Poor,64,3,Stormy,2,1641,13.636579970327784,No,Highly Likely to Crash
3005,Type B,80,Poor,79,1,Cloudy,3,4626,12.838852375375422,Yes,Highly Likely to Crash
3006,Type B,96,Poor,83,5,Stormy,3,19908,13.504592560938152,Yes,Highly Likely to Crash
3007,Type B,80,Poor,62,1,Clear,0,15363,1.0806813924999537,No,Highly Likely to Crash
3008,Type C,96,Poor,53,3,Stormy,0,14084,11.386648727380726,Yes,Highly Likely to Crash
3009,Type B,89,Average,67,5,Clear,2,4697,8.685133598262945,No,Highly Likely to Crash
3010,Type A,97,Poor,72,4,Cloudy,1,6324,9.024512072617876,Yes,Highly Likely to Crash
3011,Type A,100,Good,82,4,Cloudy,0,12597,7.568827822938579,No,Highly Likely to Crash
3012,Type B,92,Average,83,3,Stormy,3,19736,11.39747684847507,Yes,Inconclusive
3013,Type A,83,Good,83,3,Cloudy,2,19339,14.997750066669665,Yes,Inconclusive
3014,Type A,73,Poor,85,5,Stormy,2,12615,10.947537029838287,Yes,Highly Likely to Crash
3015,Type C,98,Good,84,2,Clear,1,18274,10.492705824550521,Yes,Inconclusive
3016,Type B,75,Average,66,5,Stormy,2,5425,10.162128019521132,No,Highly Likely to Crash
3017,Type B,65,Average,77,2,Clear,0,19720,10.732963377863006,No,Highly Likely to Crash
3018,Type C,96,Average,63,2,Cloudy,3,17501,5.789574544031654,Yes,Inconclusive
3019,Type A,62,Good,83,2,Clear,2,2969,5.483076411329861,Yes,Highly Likely to Crash
3020,Type A,64,Average,97,5,Clear,2,12968,11.980731695787089,Yes,Highly Likely to Crash
3021,Type B,76,Good,60,0,Clear,3,3202,1.7432322429415175,Yes,Inconclusive
3022,Type A,53,Poor,62,0,Clear,2,6757,11.629468334847374,No,Highly Likely to Crash
3023,Type C,65,Poor,82,4,Clear,2,8605,12.393782192373958,No,Highly Likely to Crash
3024,Type C,79,Good,51,0,Stormy,1,3665,8.30237143420775,No,Inconclusive
3025,Type B,93,Average,83,0,Clear,0,11870,13.742073335782212,Yes,Inconclusive
3026,Type C,79,Good,78,2,Clear,2,10983,7.623224120060582,No,Inconclusive
3027,Type C,85,Good,86,2,Clear,0,15258,3.4932133533418215,No,Inconclusive
3028,Type B,52,Good,53,3,Clear,1,4930,6.05958108189342,Yes,Highly Likely to Crash
3029,Type C,71,Poor,61,2,Clear,0,9738,13.682145083035207,No,Highly Likely to Crash
3030,Type C,98,Good,75,5,Clear,1,6492,14.912336036541419,Yes,Highly Likely to Crash
3031,Type C,71,Poor,77,3,Cloudy,0,12749,6.905955537852767,Yes,Highly Likely to Crash
3032,Type A,99,Good,52,3,Stormy,0,7097,3.33585163831121,Yes,Inconclusive
3033,Type B,99,Poor,69,0,Clear,2,1907,5.0086099232779295,Yes,Highly Likely to Crash
3034,Type B,98,Good,59,2,Stormy,0,9701,8.746148795195495,Yes,Inconclusive
3035,Type B,61,Good,67,0,Cloudy,2,6057,9.009342855880051,Yes,Highly Likely to Crash
3036,Type A,70,Average,76,2,Cloudy,2,16015,9.820831693710119,Yes,Inconclusive
3037,Type A,53,Average,80,0,Clear,0,3906,12.694947216015658,No,Highly Likely to Crash
3038,Type B,80,Good,76,0,Stormy,2,12294,10.956998123632388,No,Inconclusive
3039,Type A,93,Good,91,0,Clear,0,6200,4.651763171035097,Yes,Less Likely to Crash
3040,Type B,80,Good,50,5,Cloudy,3,8627,6.530616849744005,No,Highly Likely to Crash
3041,Type A,72,Good,55,4,Cloudy,2,11240,12.757432173256188,No,Highly Likely to Crash
3042,Type C,69,Average,60,0,Stormy,3,2045,9.867357388479956,No,Highly Likely to Crash
3043,Type C,64,Poor,83,1,Clear,3,17018,3.329852675426129,Yes,Highly Likely to Crash
3044,Type B,72,Good,88,1,Stormy,2,3359,5.557543257124459,No,Inconclusive
3045,Type A,77,Average,69,1,Stormy,1,13557,12.07527277403262,Yes,Inconclusive
3046,Type A,65,Good,70,5,Cloudy,1,6503,3.4093177265273282,Yes,Highly Likely to Crash
3047,Type C,86,Good,70,3,Stormy,3,1764,10.674709138090913,Yes,Inconclusive
3048,Type C,70,Poor,67,0,Cloudy,3,18656,8.889511507242023,Yes,Highly Likely to Crash
3049,Type A,64,Good,70,1,Clear,0,17048,3.064648689616032,Yes,Highly Likely to Crash
3050,Type A,66,Good,68,5,Stormy,3,13112,10.64430493643311,Yes,Highly Likely to Crash
3051,Type A,99,Poor,53,3,Stormy,2,16519,2.992885589172376,Yes,Highly Likely to Crash
3052,Type A,86,Poor,62,1,Clear,1,16077,6.578098107535537,No,Highly Likely to Crash
3053,Type A,62,Poor,67,2,Stormy,1,9311,5.319838943343284,No,Highly Likely to Crash
3054,Type A,68,Poor,78,4,Clear,1,7225,10.660139337617405,Yes,Highly Likely to Crash
3055,Type B,79,Average,74,0,Cloudy,2,19664,11.953072992493132,No,Inconclusive
3056,Type A,94,Average,62,4,Cloudy,0,7314,3.3564321473827885,No,Highly Likely to Crash
3057,Type C,67,Average,76,4,Stormy,2,16685,12.367954396385183,Yes,Highly Likely to Crash
3058,Type B,63,Good,68,2,Cloudy,2,4472,1.1009967839238095,No,Highly Likely to Crash
3059,Type A,85,Poor,98,2,Cloudy,1,8094,8.420819662795463,Yes,Highly Likely to Crash
3060,Type C,85,Poor,50,2,Clear,2,17286,8.235044458245433,No,Highly Likely to Crash
3061,Type B,69,Average,87,3,Cloudy,3,7699,9.733500030525477,Yes,Highly Likely to Crash
3062,Type C,68,Good,68,1,Cloudy,2,6764,4.35580742468545,Yes,Highly Likely to Crash
3063,Type A,94,Good,50,0,Cloudy,1,16374,1.13799561902282,No,Less Likely to Crash
3064,Type A,93,Good,89,2,Clear,1,4980,7.366680825979592,Yes,Inconclusive
3065,Type A,56,Average,66,5,Stormy,2,7119,1.9996869576155634,No,Highly Likely to Crash
3066,Type A,93,Good,70,0,Clear,3,3107,13.490714415296154,Yes,Less Likely to Crash
3067,Type B,53,Good,71,0,Stormy,3,9882,3.4313285596484278,Yes,Highly Likely to Crash
3068,Type B,83,Good,64,0,Stormy,1,9080,6.953261544981248,No,Inconclusive
3069,Type C,51,Poor,99,2,Cloudy,3,17673,7.076005463365372,No,Highly Likely to Crash
3070,Type A,54,Average,88,2,Cloudy,3,1994,8.740105069734867,No,Highly Likely to Crash
3071,Type C,59,Poor,97,1,Clear,0,19635,11.955452882785561,Yes,Highly Likely to Crash
3072,Type B,81,Poor,88,2,Clear,0,14888,7.610074107122914,No,Highly Likely to Crash
3073,Type A,91,Average,81,2,Clear,3,7210,1.3605457410866235,Yes,Inconclusive
3074,Type A,90,Poor,98,0,Cloudy,3,1320,11.795545756451252,No,Highly Likely to Crash
3075,Type B,62,Good,53,1,Stormy,0,12728,2.150426404692481,No,Highly Likely to Crash
3076,Type B,88,Good,93,4,Clear,0,19253,9.981746091624098,No,Highly Likely to Crash
3077,Type B,54,Good,94,2,Stormy,0,18347,12.248013121126537,No,Highly Likely to Crash
3078,Type B,59,Good,81,5,Cloudy,1,18791,4.957662414734613,No,Highly Likely to Crash
3079,Type B,59,Average,53,2,Cloudy,1,11757,7.287490743576437,Yes,Highly Likely to Crash
3080,Type A,87,Poor,50,4,Cloudy,0,12337,1.2007017906014328,Yes,Highly Likely to Crash
3081,Type B,76,Poor,82,0,Cloudy,0,12720,12.254252794258395,No,Highly Likely to Crash
3082,Type A,100,Good,56,1,Stormy,0,4465,10.845655258891469,No,Inconclusive
3083,Type A,70,Good,58,0,Stormy,1,13538,4.239423521429803,No,Inconclusive
3084,Type B,57,Poor,50,3,Clear,1,10008,6.46316677012105,Yes,Highly Likely to Crash
3085,Type B,50,Average,65,2,Stormy,3,17065,10.73443102521556,Yes,Highly Likely to Crash
3086,Type A,77,Poor,67,5,Stormy,2,6500,6.014283705916894,No,Highly Likely to Crash
3087,Type B,98,Good,96,3,Stormy,3,9652,3.273806857807797,Yes,Inconclusive
3088,Type B,88,Good,55,2,Clear,2,17873,8.259077404290714,Yes,Inconclusive
3089,Type B,63,Average,51,3,Stormy,2,10417,11.129945984010158,No,Highly Likely to Crash
3090,Type C,70,Poor,58,4,Stormy,2,15154,5.491333098041242,Yes,Highly Likely to Crash
3091,Type A,79,Average,53,2,Stormy,3,1206,2.7048118030224093,Yes,Inconclusive
3092,Type C,70,Average,94,5,Cloudy,1,5347,12.613618265367675,Yes,Highly Likely to Crash
3093,Type B,98,Good,72,2,Stormy,1,18504,4.539226130259723,Yes,Inconclusive
3094,Type C,58,Poor,92,3,Clear,1,13393,8.17940935749249,No,Highly Likely to Crash
3095,Type B,66,Good,94,1,Clear,1,5149,10.678804092849402,Yes,Highly Likely to Crash
3096,Type C,54,Poor,92,3,Clear,3,12113,5.439052805519091,Yes,Highly Likely to Crash
3097,Type B,80,Good,100,2,Clear,0,7096,10.080911523213857,Yes,Inconclusive
3098,Type C,89,Good,57,2,Cloudy,2,14438,7.435933090181396,No,Inconclusive
3099,Type C,87,Poor,88,1,Clear,1,9114,8.986113171733844,No,Highly Likely to Crash
3100,Type C,92,Poor,74,0,Cloudy,1,10606,9.268065450637197,No,Highly Likely to Crash
3101,Type A,68,Good,65,1,Cloudy,3,12777,12.538109616556406,No,Highly Likely to Crash
3102,Type C,85,Poor,84,0,Cloudy,2,15948,10.18856782809471,No,Highly Likely to Crash
3103,Type A,99,Good,66,5,Clear,1,13633,4.700293690581747,No,Highly Likely to Crash
3104,Type B,82,Poor,67,2,Clear,0,11874,1.8344607759382476,No,Highly Likely to Crash
3105,Type C,62,Good,76,4,Cloudy,1,5146,1.0277976170518583,Yes,Highly Likely to Crash
3106,Type B,63,Good,64,4,Cloudy,2,14208,13.661843386737937,Yes,Highly Likely to Crash
3107,Type B,82,Good,66,3,Clear,0,6590,14.189540725230888,Yes,Inconclusive
3108,Type C,78,Average,92,1,Stormy,3,13284,2.3175608273053507,Yes,Inconclusive
3109,Type A,92,Poor,54,1,Stormy,0,11779,7.818750655951472,No,Highly Likely to Crash
3110,Type C,98,Good,65,4,Stormy,2,15892,3.122332848447482,Yes,Highly Likely to Crash
3111,Type B,85,Average,64,0,Clear,2,11484,14.282487213857184,Yes,Inconclusive
3112,Type B,93,Good,91,1,Clear,0,3036,4.455655235515332,No,Inconclusive
3113,Type C,59,Average,95,0,Cloudy,1,7379,8.023059338357985,Yes,Highly Likely to Crash
3114,Type A,80,Good,83,0,Clear,2,15293,3.3186826842608346,No,Inconclusive
3115,Type A,55,Good,97,0,Clear,0,7938,5.658655183042872,No,Highly Likely to Crash
3116,Type B,50,Average,68,0,Clear,2,19395,4.735289052980533,Yes,Highly Likely to Crash
3117,Type B,56,Average,57,3,Cloudy,1,18974,7.655964601610599,Yes,Highly Likely to Crash
3118,Type A,76,Poor,96,3,Cloudy,1,5134,6.876947468310078,No,Highly Likely to Crash
3119,Type C,70,Poor,59,4,Stormy,0,17451,5.631169124405254,Yes,Highly Likely to Crash
3120,Type B,77,Average,54,3,Stormy,3,17004,2.4822866470777694,No,Inconclusive
3121,Type A,65,Poor,97,5,Clear,3,7268,7.782818308097275,Yes,Highly Likely to Crash
3122,Type B,95,Average,75,1,Clear,1,9007,12.902912253281732,Yes,Inconclusive
3123,Type C,72,Poor,71,5,Cloudy,3,15857,11.223126712197924,Yes,Highly Likely to Crash
3124,Type A,69,Good,93,3,Stormy,1,1120,11.088048378277373,No,Highly Likely to Crash
3125,Type B,87,Poor,72,1,Stormy,3,953,6.125284314434322,No,Highly Likely to Crash
3126,Type C,74,Good,62,1,Stormy,1,19618,10.91786712954872,Yes,Inconclusive
3127,Type B,77,Good,58,0,Clear,2,14331,7.517440739598861,Yes,Inconclusive
3128,Type C,54,Poor,98,4,Clear,0,1458,3.10386527173437,No,Highly Likely to Crash
3129,Type C,70,Average,69,0,Clear,0,10700,6.866696499692714,No,Inconclusive
3130,Type A,67,Good,77,0,Cloudy,3,1262,2.858340834442364,No,Highly Likely to Crash
3131,Type C,96,Good,93,5,Stormy,0,15569,2.6027594646915024,No,Highly Likely to Crash
3132,Type B,55,Poor,86,3,Cloudy,3,14197,1.3228303184065502,Yes,Highly Likely to Crash
3133,Type C,78,Average,73,5,Stormy,1,18935,4.959960213571832,No,Highly Likely to Crash
3134,Type C,68,Average,93,3,Clear,2,15629,5.632246979387228,No,Highly Likely to Crash
3135,Type A,82,Poor,82,5,Cloudy,0,8888,10.792211981138896,No,Highly Likely to Crash
3136,Type C,50,Average,69,1,Cloudy,2,17144,8.53206698838697,No,Highly Likely to Crash
3137,Type C,94,Poor,97,3,Clear,0,7246,13.018295968746369,Yes,Highly Likely to Crash
3138,Type B,52,Poor,79,3,Stormy,1,6390,3.470588773879191,Yes,Highly Likely to Crash
3139,Type A,91,Poor,93,5,Stormy,0,6553,4.723393042037396,Yes,Highly Likely to Crash
3140,Type A,70,Good,58,2,Stormy,0,1780,14.17506555600782,No,Inconclusive
3141,Type A,84,Good,94,1,Stormy,1,17019,7.216633468917401,No,Inconclusive
3142,Type C,90,Good,98,1,Clear,3,8377,12.04671320268118,Yes,Inconclusive
3143,Type A,89,Poor,66,2,Clear,3,3045,7.890347081092848,Yes,Highly Likely to Crash
3144,Type C,52,Good,85,5,Clear,1,14947,7.595199198360466,No,Highly Likely to Crash
3145,Type C,74,Good,63,5,Clear,3,12177,3.0736280324149936,No,Highly Likely to Crash
3146,Type B,94,Good,68,1,Cloudy,0,9060,12.916794553280207,Yes,Inconclusive
3147,Type B,87,Poor,56,5,Cloudy,2,4162,2.096973927666885,No,Highly Likely to Crash
3148,Type B,94,Poor,52,4,Cloudy,1,16237,5.343655325142581,Yes,Highly Likely to Crash
3149,Type B,69,Poor,82,4,Clear,0,13555,10.428553004082511,No,Highly Likely to Crash
3150,Type B,93,Good,93,2,Stormy,1,7229,8.101605711312416,Yes,Inconclusive
3151,Type C,94,Average,81,3,Cloudy,2,13298,13.339296577601507,No,Inconclusive
3152,Type C,83,Good,96,4,Cloudy,0,5308,1.550171339030823,No,Highly Likely to Crash
3153,Type A,70,Good,60,5,Clear,0,8548,10.091705272996222,No,Highly Likely to Crash
3154,Type C,97,Poor,91,2,Stormy,2,13607,7.684516588779748,Yes,Highly Likely to Crash
3155,Type C,72,Poor,51,4,Stormy,2,7020,3.1603655285471133,No,Highly Likely to Crash
3156,Type B,55,Good,75,0,Stormy,3,17428,11.405526699576308,No,Highly Likely to Crash
3157,Type C,100,Good,53,2,Clear,0,3923,6.7582959756843355,No,Inconclusive
3158,Type B,62,Average,66,1,Stormy,2,4983,8.442146659313568,Yes,Highly Likely to Crash
3159,Type A,98,Average,66,4,Cloudy,2,13027,14.541724929083516,No,Highly Likely to Crash
3160,Type A,72,Poor,77,1,Cloudy,0,7619,7.80722113435264,Yes,Highly Likely to Crash
3161,Type C,58,Average,79,2,Cloudy,3,17981,12.527220117820999,No,Highly Likely to Crash
3162,Type A,66,Average,89,4,Clear,1,11218,11.77408532677742,Yes,Highly Likely to Crash
3163,Type C,51,Poor,72,1,Stormy,3,15873,10.278564281193185,Yes,Highly Likely to Crash
3164,Type A,68,Average,95,3,Clear,2,5935,13.55537000690467,No,Highly Likely to Crash
3165,Type B,68,Good,73,3,Stormy,1,12855,4.522423057120532,Yes,Highly Likely to Crash
3166,Type B,56,Average,78,0,Clear,1,18827,12.490797240547284,No,Highly Likely to Crash
3167,Type B,91,Poor,53,5,Cloudy,3,2219,6.2890248375627955,No,Highly Likely to Crash
3168,Type B,91,Good,87,2,Clear,1,6268,12.374872461137098,No,Inconclusive
3169,Type C,69,Average,78,5,Clear,2,12381,7.913041583637154,No,Highly Likely to Crash
3170,Type A,58,Good,68,5,Clear,0,9666,13.007929541205302,Yes,Highly Likely to Crash
3171,Type C,66,Good,76,1,Cloudy,0,17298,13.527809527701809,Yes,Highly Likely to Crash
3172,Type B,76,Average,78,0,Clear,0,9542,9.367014259577617,Yes,Inconclusive
3173,Type C,96,Average,85,2,Clear,3,12469,8.10677739563743,Yes,Inconclusive
3174,Type A,51,Poor,84,3,Cloudy,0,19612,11.96592200665268,Yes,Highly Likely to Crash
3175,Type C,85,Poor,55,5,Stormy,0,7703,4.737806844508427,No,Highly Likely to Crash
3176,Type A,68,Good,72,1,Clear,0,5141,1.2148815374848019,No,Highly Likely to Crash
3177,Type C,66,Poor,88,5,Cloudy,1,14874,6.699324158566773,Yes,Highly Likely to Crash
3178,Type A,54,Good,95,4,Clear,1,15046,8.108837860554877,Yes,Highly Likely to Crash
3179,Type A,88,Good,93,3,Cloudy,1,17625,5.161678072142591,No,Inconclusive
3180,Type B,67,Poor,97,5,Stormy,2,14602,6.367066344328744,Yes,Highly Likely to Crash
3181,Type A,56,Poor,57,4,Stormy,2,1091,2.8628152608253252,Yes,Highly Likely to Crash
3182,Type B,66,Poor,51,4,Clear,2,1249,4.882058647149116,Yes,Highly Likely to Crash
3183,Type B,88,Average,62,1,Cloudy,0,2719,4.361334870804029,Yes,Inconclusive
3184,Type B,85,Good,89,1,Stormy,1,9529,5.213815953574782,No,Inconclusive
3185,Type C,89,Good,70,4,Stormy,2,15277,5.186757547569134,No,Highly Likely to Crash
3186,Type C,94,Good,80,0,Cloudy,3,11822,8.825557194666589,Yes,Less Likely to Crash
3187,Type C,53,Poor,97,5,Clear,1,12173,4.508357162745018,No,Highly Likely to Crash
3188,Type C,87,Poor,85,4,Stormy,0,9225,14.17345768675844,Yes,Highly Likely to Crash
3189,Type A,74,Poor,97,4,Stormy,1,13154,8.157847625086688,No,Highly Likely to Crash
3190,Type A,54,Poor,87,1,Stormy,0,10465,2.8055240897367435,Yes,Highly Likely to Crash
3191,Type C,79,Poor,76,5,Clear,2,8008,4.914487787339974,No,Highly Likely to Crash
3192,Type A,61,Average,85,2,Stormy,0,19537,11.216604945899157,No,Highly Likely to Crash
3193,Type A,53,Poor,97,3,Cloudy,0,15591,1.1912265373301845,No,Highly Likely to Crash
3194,Type B,73,Good,72,1,Clear,3,3070,14.129451806757315,Yes,Inconclusive
3195,Type B,78,Poor,70,5,Stormy,1,764,7.232476904161286,No,Highly Likely to Crash
3196,Type B,58,Good,62,5,Cloudy,0,16525,8.295106321313954,No,Highly Likely to Crash
3197,Type B,53,Poor,86,0,Cloudy,3,13849,14.837771301753392,Yes,Highly Likely to Crash
3198,Type A,100,Poor,96,3,Clear,3,18918,8.047643203990642,Yes,Highly Likely to Crash
3199,Type C,73,Good,75,1,Cloudy,3,9073,14.268415922467616,Yes,Inconclusive
3200,Type A,63,Good,89,1,Clear,2,11988,13.813235621104159,Yes,Highly Likely to Crash
3201,Type A,54,Good,56,2,Clear,2,9858,14.178417401326978,Yes,Highly Likely to Crash
3202,Type A,67,Good,95,0,Clear,0,11170,12.373222804893095,No,Highly Likely to Crash
3203,Type B,91,Average,88,0,Cloudy,1,888,5.149573183808236,Yes,Inconclusive
3204,Type B,68,Good,71,5,Clear,2,2571,5.849354773003741,Yes,Highly Likely to Crash
3205,Type B,61,Poor,88,5,Clear,2,15468,6.109776954528972,No,Highly Likely to Crash
3206,Type C,67,Poor,72,1,Cloudy,0,14954,14.708531754570732,Yes,Highly Likely to Crash
3207,Type A,66,Average,79,2,Clear,0,8340,6.050577055610081,Yes,Highly Likely to Crash
3208,Type C,79,Good,67,1,Stormy,2,12349,2.521650329057327,No,Inconclusive
3209,Type B,73,Poor,91,4,Cloudy,0,10931,11.896604524892123,No,Highly Likely to Crash
3210,Type C,60,Average,67,5,Cloudy,3,7130,6.124886082148736,Yes,Highly Likely to Crash
3211,Type A,84,Poor,95,4,Cloudy,0,15468,9.693102764161807,Yes,Highly Likely to Crash
3212,Type A,72,Average,59,2,Stormy,3,13508,13.941045771695538,No,Inconclusive
3213,Type B,66,Average,88,1,Clear,2,15219,9.057078074892619,Yes,Highly Likely to Crash
3214,Type B,50,Good,79,5,Cloudy,1,3359,9.92780249701043,No,Highly Likely to Crash
3215,Type C,64,Average,75,2,Cloudy,3,2893,10.000075902511904,No,Highly Likely to Crash
3216,Type B,81,Poor,56,1,Cloudy,1,14591,9.573588600619214,No,Highly Likely to Crash
3217,Type B,58,Poor,56,1,Stormy,2,2550,3.2367712847333574,Yes,Highly Likely to Crash
3218,Type A,64,Good,54,4,Stormy,0,3621,7.389815806482576,Yes,Highly Likely to Crash
3219,Type B,77,Good,50,3,Stormy,3,9616,1.1072962796788184,Yes,Inconclusive
3220,Type B,73,Average,95,0,Clear,3,5471,9.767707257054663,No,Inconclusive
3221,Type A,84,Good,67,5,Clear,2,12267,9.055016130367346,Yes,Highly Likely to Crash
3222,Type A,71,Poor,62,0,Stormy,2,3854,5.453921069371495,Yes,Highly Likely to Crash
3223,Type C,76,Poor,74,2,Clear,0,4974,8.334537044382852,No,Highly Likely to Crash
3224,Type B,68,Good,89,0,Stormy,1,3897,7.9028089467130735,Yes,Highly Likely to Crash
3225,Type A,94,Good,57,4,Clear,3,6781,4.512813023191517,Yes,Highly Likely to Crash
3226,Type C,61,Good,59,3,Clear,1,12912,5.106025673296301,No,Highly Likely to Crash
3227,Type C,69,Average,81,5,Stormy,3,19865,11.675573952802509,No,Highly Likely to Crash
3228,Type B,50,Average,66,1,Cloudy,3,16251,11.580252468544204,No,Highly Likely to Crash
3229,Type B,70,Poor,87,1,Cloudy,0,6021,7.5769501033577935,Yes,Highly Likely to Crash
3230,Type C,98,Average,64,4,Clear,3,3972,11.045125333823714,Yes,Highly Likely to Crash
3231,Type A,94,Average,64,5,Clear,3,19501,7.311217923233106,Yes,Highly Likely to Crash
3232,Type C,50,Average,97,0,Clear,2,5981,12.919236488545849,No,Highly Likely to Crash
3233,Type B,59,Average,89,1,Clear,0,6709,5.659293550920586,Yes,Highly Likely to Crash
3234,Type A,96,Poor,100,0,Clear,2,9123,13.982094997835615,Yes,Highly Likely to Crash
3235,Type A,81,Good,69,4,Clear,3,9804,8.591971107905392,Yes,Highly Likely to Crash
3236,Type C,88,Poor,64,1,Stormy,0,13643,8.49963005511651,No,Highly Likely to Crash
3237,Type B,71,Average,84,2,Cloudy,3,10745,10.391345380564612,Yes,Inconclusive
3238,Type C,67,Good,55,3,Cloudy,0,12945,5.771984151405582,No,Highly Likely to Crash
3239,Type C,97,Good,79,0,Stormy,1,8046,11.140613992699882,Yes,Less Likely to Crash
3240,Type C,95,Good,57,5,Stormy,1,19333,5.485951436877679,No,Highly Likely to Crash
3241,Type A,81,Poor,80,0,Cloudy,0,6302,6.565543619422999,No,Highly Likely to Crash
3242,Type A,76,Good,97,0,Cloudy,3,1044,10.445848115102795,Yes,Inconclusive
3243,Type B,77,Poor,96,0,Clear,0,7152,6.29828741821934,Yes,Highly Likely to Crash
3244,Type B,67,Poor,81,4,Cloudy,3,16552,3.7996377176328497,No,Highly Likely to Crash
3245,Type C,88,Average,94,4,Clear,1,3128,13.206620422857094,No,Highly Likely to Crash
3246,Type C,98,Average,64,5,Clear,3,3951,13.910175331114406,Yes,Highly Likely to Crash
3247,Type C,78,Good,67,4,Cloudy,2,9229,9.77423469730428,No,Highly Likely to Crash
3248,Type B,67,Good,62,5,Clear,1,1936,12.356110796769949,No,Highly Likely to Crash
3249,Type A,93,Average,73,5,Clear,2,11507,14.813132966846542,No,Highly Likely to Crash
3250,Type A,57,Poor,89,4,Stormy,1,3562,9.606846525477561,Yes,Highly Likely to Crash
3251,Type C,80,Poor,63,1,Cloudy,1,17143,13.72309700550019,No,Highly Likely to Crash
3252,Type C,83,Average,77,4,Stormy,2,8051,6.029566496084867,Yes,Highly Likely to Crash
3253,Type C,56,Poor,60,1,Clear,0,13613,10.806614102420605,Yes,Highly Likely to Crash
3254,Type C,85,Average,55,2,Clear,3,16163,1.781276528155849,Yes,Inconclusive
3255,Type B,67,Average,74,4,Stormy,1,4911,12.045601778542029,No,Highly Likely to Crash
3256,Type A,87,Good,50,2,Stormy,3,5341,12.617244026213944,No,Inconclusive
3257,Type C,58,Good,74,4,Stormy,1,8461,6.616456110635887,No,Highly Likely to Crash
3258,Type B,58,Average,51,2,Clear,3,17602,9.945370222282614,Yes,Highly Likely to Crash
3259,Type C,95,Good,81,3,Cloudy,1,5696,13.01705543349302,Yes,Inconclusive
3260,Type C,57,Average,62,2,Clear,0,19611,13.370514303126702,Yes,Highly Likely to Crash
3261,Type A,100,Poor,82,1,Stormy,1,11593,2.4914413404324134,Yes,Highly Likely to Crash
3262,Type C,84,Poor,81,0,Cloudy,0,8046,12.584828451460563,Yes,Highly Likely to Crash
3263,Type A,67,Poor,73,5,Stormy,1,19738,4.839406926965404,Yes,Highly Likely to Crash
3264,Type A,54,Poor,76,2,Clear,3,19861,11.182296548728408,Yes,Highly Likely to Crash
3265,Type A,63,Average,53,0,Cloudy,2,14984,5.552298148895774,Yes,Highly Likely to Crash
3266,Type B,77,Poor,73,3,Cloudy,1,15603,1.78861538882808,No,Highly Likely to Crash
3267,Type B,79,Poor,72,3,Clear,1,15180,3.9381899379155056,No,Highly Likely to Crash
3268,Type A,53,Poor,78,1,Stormy,0,14601,6.721404861579177,No,Highly Likely to Crash
3269,Type C,88,Poor,83,1,Stormy,3,10506,11.377200680854596,No,Highly Likely to Crash
3270,Type A,69,Average,70,2,Stormy,0,3980,2.4098507823730064,Yes,Highly Likely to Crash
3271,Type C,74,Poor,79,4,Clear,3,10433,12.381077748602237,No,Highly Likely to Crash
3272,Type A,77,Good,75,3,Stormy,3,13761,14.95731528747375,Yes,Inconclusive
3273,Type C,61,Good,69,0,Cloudy,0,13709,12.035607004507755,No,Highly Likely to Crash
3274,Type B,51,Good,65,4,Stormy,2,8721,7.63231128040434,Yes,Highly Likely to Crash
3275,Type C,92,Good,52,3,Stormy,3,15565,8.954242951843248,No,Inconclusive
3276,Type A,63,Good,98,2,Cloudy,2,730,1.0862471162374439,No,Highly Likely to Crash
3277,Type B,71,Good,86,3,Cloudy,0,8026,3.929833729975564,No,Inconclusive
3278,Type C,80,Average,89,1,Stormy,2,5781,13.585833840440635,Yes,Inconclusive
3279,Type C,72,Good,93,0,Cloudy,3,1751,1.3042116382926021,No,Inconclusive
3280,Type C,97,Poor,74,0,Clear,0,7389,13.667129340557747,No,Highly Likely to Crash
3281,Type C,69,Good,72,1,Cloudy,2,13884,2.5855365137943433,No,Highly Likely to Crash
3282,Type C,87,Average,93,4,Clear,0,13186,2.86303781942368,No,Highly Likely to Crash
3283,Type B,53,Good,50,1,Cloudy,0,18847,3.4548987519969137,No,Highly Likely to Crash
3284,Type B,64,Poor,82,0,Clear,2,2278,12.191394549372749,Yes,Highly Likely to Crash
3285,Type B,73,Poor,64,2,Clear,3,8552,7.6946120547933115,Yes,Highly Likely to Crash
3286,Type B,74,Average,66,4,Stormy,3,5370,3.0327528232205934,No,Highly Likely to Crash
3287,Type A,50,Average,83,5,Cloudy,3,1647,10.61522547531455,Yes,Highly Likely to Crash
3288,Type B,56,Average,66,3,Cloudy,3,3347,14.169637128560883,No,Highly Likely to Crash
3289,Type C,80,Average,90,5,Cloudy,1,19954,9.014320639464607,No,Highly Likely to Crash
3290,Type C,61,Good,93,2,Clear,0,1120,2.381800080087539,No,Highly Likely to Crash
3291,Type B,91,Good,53,5,Stormy,0,1463,1.7665084864855571,No,Highly Likely to Crash
3292,Type C,54,Poor,62,4,Cloudy,1,7715,12.142213038260651,Yes,Highly Likely to Crash
3293,Type B,93,Average,53,0,Stormy,0,11552,9.76517113324209,No,Inconclusive
3294,Type C,99,Average,56,0,Stormy,0,19026,13.917202747744419,No,Inconclusive
3295,Type A,91,Good,95,2,Clear,2,16503,8.66150211467183,Yes,Inconclusive
3296,Type A,87,Average,58,5,Cloudy,1,7918,1.8735356454027472,No,Highly Likely to Crash
3297,Type B,61,Poor,72,4,Stormy,0,18210,6.6516158999811035,No,Highly Likely to Crash
3298,Type B,88,Poor,82,3,Cloudy,0,621,10.21186964027985,Yes,Highly Likely to Crash
3299,Type B,67,Average,82,5,Cloudy,1,4813,6.388394913121683,Yes,Highly Likely to Crash
3300,Type C,51,Poor,69,5,Cloudy,1,17960,14.994279554363262,No,Highly Likely to Crash
3301,Type B,59,Poor,53,3,Stormy,2,18066,6.675300591432431,No,Highly Likely to Crash
3302,Type A,64,Good,50,1,Clear,2,14482,8.647305770265703,No,Highly Likely to Crash
3303,Type C,79,Poor,91,2,Clear,3,1294,4.155488456731512,Yes,Highly Likely to Crash
3304,Type B,93,Average,83,4,Stormy,3,10316,3.129934860230684,No,Highly Likely to Crash
3305,Type C,66,Average,76,2,Cloudy,2,8983,10.034277539885512,No,Highly Likely to Crash
3306,Type C,53,Poor,70,3,Cloudy,0,7826,9.240578456819549,No,Highly Likely to Crash
3307,Type B,56,Average,73,4,Clear,1,9182,1.0607440036879796,No,Highly Likely to Crash
3308,Type C,90,Good,64,0,Stormy,2,19692,4.98694148716839,Yes,Less Likely to Crash
3309,Type A,80,Poor,84,0,Stormy,3,14048,10.010114022180801,Yes,Highly Likely to Crash
3310,Type A,100,Poor,74,4,Clear,1,19056,12.371490840254296,No,Highly Likely to Crash
3311,Type C,88,Poor,58,2,Stormy,3,16138,5.37316114255782,Yes,Highly Likely to Crash
3312,Type B,83,Average,66,2,Stormy,0,6486,10.064109170043954,No,Inconclusive
3313,Type C,55,Average,70,0,Clear,0,4407,4.713611022111847,Yes,Highly Likely to Crash
3314,Type A,99,Poor,62,0,Clear,3,7581,10.665318524809306,Yes,Highly Likely to Crash
3315,Type C,87,Average,52,3,Stormy,1,13853,10.771271981274475,Yes,Inconclusive
3316,Type C,94,Average,53,4,Stormy,3,6260,2.8231285172742613,No,Highly Likely to Crash
3317,Type A,100,Poor,53,2,Clear,1,14271,10.311256975678068,No,Highly Likely to Crash
3318,Type C,83,Poor,92,3,Clear,2,990,5.6699405435251755,Yes,Highly Likely to Crash
3319,Type C,93,Average,77,2,Cloudy,3,4763,3.4163290422967836,No,Inconclusive
3320,Type B,64,Poor,56,0,Stormy,3,8269,8.005057258832839,Yes,Highly Likely to Crash
3321,Type B,63,Poor,75,4,Stormy,1,18081,7.332153574722097,No,Highly Likely to Crash
3322,Type A,55,Poor,60,1,Clear,2,12135,11.834247354867957,Yes,Highly Likely to Crash
3323,Type A,99,Poor,73,4,Clear,1,2404,2.183217128257059,Yes,Highly Likely to Crash
3324,Type A,86,Average,92,5,Cloudy,1,5769,12.056545763644932,No,Highly Likely to Crash
3325,Type B,99,Poor,59,1,Cloudy,3,2150,2.4851530695301394,No,Highly Likely to Crash
3326,Type A,81,Good,86,3,Clear,3,12967,3.904426393106867,Yes,Inconclusive
3327,Type A,52,Poor,62,1,Stormy,1,3691,8.222349656615394,No,Highly Likely to Crash
3328,Type A,52,Good,93,1,Cloudy,0,527,7.484444400313943,Yes,Highly Likely to Crash
3329,Type B,71,Poor,91,3,Clear,0,14632,14.844025646276673,Yes,Highly Likely to Crash
3330,Type C,71,Good,88,4,Clear,0,3250,9.252631985674151,No,Highly Likely to Crash
3331,Type A,59,Good,68,3,Clear,3,3379,5.584098333456795,No,Highly Likely to Crash
3332,Type C,100,Poor,100,5,Stormy,3,4857,13.602084159615798,No,Highly Likely to Crash
3333,Type A,52,Poor,68,0,Clear,2,11365,5.371009394955051,No,Highly Likely to Crash
3334,Type C,61,Poor,61,0,Clear,3,16755,4.832858892636061,Yes,Highly Likely to Crash
3335,Type B,78,Good,71,1,Stormy,2,3332,7.921205132784032,Yes,Inconclusive
3336,Type B,97,Average,96,3,Clear,3,3609,13.784446982623107,Yes,Inconclusive
3337,Type A,66,Average,86,3,Clear,0,10152,10.91919957362374,No,Highly Likely to Crash
3338,Type C,56,Poor,79,3,Cloudy,0,6258,10.484765016542626,No,Highly Likely to Crash
3339,Type B,62,Average,95,5,Clear,1,3421,11.165081710542681,Yes,Highly Likely to Crash
3340,Type A,51,Average,61,5,Stormy,1,1933,10.234968550862435,No,Highly Likely to Crash
3341,Type A,53,Poor,78,4,Cloudy,2,4928,11.637149035351243,No,Highly Likely to Crash
3342,Type B,59,Good,70,2,Clear,2,8198,3.6986683042078687,No,Highly Likely to Crash
3343,Type B,88,Poor,60,2,Stormy,1,8611,3.481616014662421,Yes,Highly Likely to Crash
3344,Type A,73,Average,86,2,Clear,2,18065,6.070286813079653,Yes,Inconclusive
3345,Type C,66,Good,97,4,Cloudy,3,16019,12.913436903141655,No,Highly Likely to Crash
3346,Type C,55,Average,67,3,Stormy,0,16235,11.002359016953935,Yes,Highly Likely to Crash
3347,Type C,68,Good,93,2,Cloudy,1,12866,8.93062679979877,Yes,Highly Likely to Crash
3348,Type A,54,Average,76,3,Stormy,1,14655,1.2722641246936777,Yes,Highly Likely to Crash
3349,Type B,81,Poor,86,1,Stormy,3,12984,4.301231975102132,Yes,Highly Likely to Crash
3350,Type A,59,Average,97,2,Clear,2,10475,12.249195195698585,Yes,Highly Likely to Crash
3351,Type B,58,Average,61,1,Stormy,1,13013,4.394813703179061,No,Highly Likely to Crash
3352,Type C,76,Good,72,4,Stormy,1,3142,11.224062760673263,Yes,Highly Likely to Crash
3353,Type C,62,Average,83,0,Clear,3,8077,3.584879709018376,No,Highly Likely to Crash
3354,Type B,68,Poor,87,5,Stormy,0,14349,9.489145814791021,No,Highly Likely to Crash
3355,Type B,70,Poor,72,4,Stormy,1,4211,9.794959133807025,Yes,Highly Likely to Crash
3356,Type A,73,Poor,74,4,Stormy,1,19844,11.527527159610743,Yes,Highly Likely to Crash
3357,Type C,87,Good,53,4,Stormy,3,5958,7.136793612538959,Yes,Highly Likely to Crash
3358,Type A,53,Good,79,2,Clear,1,18503,9.857445787196614,Yes,Highly Likely to Crash
3359,Type A,73,Average,79,1,Clear,1,7180,7.81757704208399,No,Inconclusive
3360,Type A,84,Average,62,5,Cloudy,0,13007,14.26273263557638,No,Highly Likely to Crash
3361,Type C,52,Average,91,2,Stormy,1,19224,8.306330178259103,No,Highly Likely to Crash
3362,Type A,53,Good,98,0,Clear,3,9919,3.9343703637946295,Yes,Highly Likely to Crash
3363,Type A,86,Good,63,5,Stormy,0,16739,10.35049568794091,No,Highly Likely to Crash
3364,Type A,89,Average,96,4,Clear,0,18612,8.67854259491779,No,Highly Likely to Crash
3365,Type A,97,Good,57,3,Cloudy,0,17085,12.253612961082053,Yes,Inconclusive
3366,Type A,84,Good,73,0,Stormy,2,6485,3.4767623663054104,Yes,Inconclusive
3367,Type A,80,Poor,67,1,Cloudy,3,3660,4.653154437434667,Yes,Highly Likely to Crash
3368,Type C,93,Poor,84,0,Cloudy,2,11965,13.90280750356811,No,Highly Likely to Crash
3369,Type A,74,Average,74,2,Cloudy,1,18597,14.020365585448145,Yes,Inconclusive
3370,Type B,89,Average,66,3,Clear,0,8372,7.1915947306484735,No,Inconclusive
3371,Type A,62,Poor,81,2,Stormy,2,8339,1.6685165496580183,Yes,Highly Likely to Crash
3372,Type A,53,Good,73,5,Clear,1,16152,5.2917709607634364,No,Highly Likely to Crash
3373,Type C,95,Average,56,4,Clear,2,7359,4.459717161897894,No,Highly Likely to Crash
3374,Type C,63,Average,62,4,Stormy,0,1252,6.805475927928905,Yes,Highly Likely to Crash
3375,Type B,62,Average,76,0,Stormy,1,13804,5.449208664300226,No,Highly Likely to Crash
3376,Type B,76,Good,97,4,Stormy,0,16998,12.605892813934359,Yes,Highly Likely to Crash
3377,Type C,55,Poor,54,4,Stormy,0,15557,1.0425042677563565,Yes,Highly Likely to Crash
3378,Type C,66,Average,85,5,Clear,2,4480,10.024845949160975,Yes,Highly Likely to Crash
3379,Type A,85,Poor,75,1,Stormy,3,6825,10.299783152184606,No,Highly Likely to Crash
3380,Type C,89,Poor,91,1,Stormy,1,19702,10.2487720540466,No,Highly Likely to Crash
3381,Type B,98,Good,94,2,Stormy,1,17352,8.288325527203977,No,Inconclusive
3382,Type A,84,Good,80,2,Cloudy,3,925,9.555457023537242,Yes,Inconclusive
3383,Type B,66,Good,59,1,Stormy,1,8641,12.346920361519263,No,Highly Likely to Crash
3384,Type A,90,Good,95,0,Stormy,2,18459,11.97875490163734,No,Less Likely to Crash
3385,Type C,51,Good,75,1,Clear,1,10557,1.4847552804977457,Yes,Highly Likely to Crash
3386,Type B,62,Good,71,2,Cloudy,2,17717,1.4261115003223241,Yes,Highly Likely to Crash
3387,Type A,51,Average,61,3,Clear,1,14816,12.745227378786877,Yes,Highly Likely to Crash
3388,Type A,77,Poor,81,4,Cloudy,2,15320,9.04621562542788,Yes,Highly Likely to Crash
3389,Type C,92,Good,76,5,Clear,3,4606,14.403982693768691,Yes,Highly Likely to Crash
3390,Type C,75,Average,82,3,Clear,1,1908,7.04228235683066,Yes,Inconclusive
3391,Type C,71,Poor,69,3,Stormy,2,6321,3.4743854995404133,Yes,Highly Likely to Crash
3392,Type B,96,Good,88,4,Stormy,0,10862,7.625288773429328,No,Highly Likely to Crash
3393,Type A,92,Good,90,1,Cloudy,0,7344,7.111620311461324,Yes,Inconclusive
3394,Type C,52,Average,89,0,Cloudy,0,6895,8.240483340139228,Yes,Highly Likely to Crash
3395,Type B,84,Poor,62,3,Cloudy,1,9295,12.311261274277298,Yes,Highly Likely to Crash
3396,Type B,61,Good,63,0,Stormy,2,16343,10.178175831114865,Yes,Highly Likely to Crash
3397,Type B,73,Poor,93,5,Clear,0,17096,3.593854583591247,Yes,Highly Likely to Crash
3398,Type C,54,Average,89,5,Cloudy,1,15841,11.282681588970858,No,Highly Likely to Crash
3399,Type C,69,Good,71,5,Stormy,2,5301,9.286546985898042,Yes,Highly Likely to Crash
3400,Type A,88,Poor,67,2,Stormy,0,15846,9.09635022752754,No,Highly Likely to Crash
3401,Type A,88,Average,97,3,Clear,0,2258,10.495596354098891,No,Inconclusive
3402,Type C,62,Average,78,5,Clear,1,6280,8.895516421191443,Yes,Highly Likely to Crash
3403,Type B,90,Good,92,2,Stormy,2,11760,7.405192308733307,Yes,Inconclusive
3404,Type B,94,Poor,65,5,Clear,1,9473,9.965323959397345,Yes,Highly Likely to Crash
3405,Type B,61,Good,95,1,Clear,0,12913,11.13217897370805,No,Highly Likely to Crash
3406,Type A,62,Good,84,3,Stormy,1,18410,4.160737199636668,Yes,Highly Likely to Crash
3407,Type B,59,Poor,83,2,Cloudy,1,1340,7.958698519333575,No,Highly Likely to Crash
3408,Type A,82,Poor,52,5,Cloudy,0,18225,7.414414485711731,No,Highly Likely to Crash
3409,Type A,89,Poor,53,2,Stormy,0,12799,1.558645788558036,Yes,Highly Likely to Crash
3410,Type B,65,Average,54,5,Cloudy,2,18384,12.682141189936083,Yes,Highly Likely to Crash
3411,Type B,94,Average,59,1,Stormy,2,6059,6.283348335137941,No,Inconclusive
3412,Type C,84,Poor,78,0,Stormy,0,6426,2.017649264816923,No,Highly Likely to Crash
3413,Type C,52,Average,81,5,Clear,0,9207,7.410587359070739,Yes,Highly Likely to Crash
3414,Type B,54,Good,80,0,Cloudy,3,16675,3.2607312852823624,Yes,Highly Likely to Crash
3415,Type A,75,Poor,51,3,Stormy,3,12154,10.861801804885307,No,Highly Likely to Crash
3416,Type A,60,Good,61,1,Cloudy,2,14491,9.004802052347122,No,Highly Likely to Crash
3417,Type A,56,Poor,76,3,Cloudy,1,11771,4.781593297691092,Yes,Highly Likely to Crash
3418,Type A,59,Good,54,0,Cloudy,0,8175,14.306634028113637,No,Highly Likely to Crash
3419,Type A,91,Poor,86,1,Stormy,0,9839,5.084434875578131,Yes,Highly Likely to Crash
3420,Type C,83,Good,76,4,Clear,1,3094,8.76995669767689,Yes,Highly Likely to Crash
3421,Type B,52,Poor,72,1,Cloudy,2,4156,12.22194954007469,Yes,Highly Likely to Crash
3422,Type C,57,Poor,82,1,Stormy,3,10240,8.194492171362832,No,Highly Likely to Crash
3423,Type A,80,Average,53,4,Cloudy,2,18970,14.451979460853991,No,Highly Likely to Crash
3424,Type A,60,Good,70,2,Clear,1,3655,12.813963937713202,No,Highly Likely to Crash
3425,Type A,94,Average,73,2,Cloudy,0,1478,13.894266196012543,Yes,Inconclusive
3426,Type A,56,Good,93,2,Stormy,3,10997,6.217836172562146,Yes,Highly Likely to Crash
3427,Type B,94,Average,80,0,Cloudy,1,12575,8.67697584375762,Yes,Inconclusive
3428,Type A,51,Poor,93,1,Cloudy,0,19931,12.762328136907609,No,Highly Likely to Crash
3429,Type B,55,Average,97,5,Cloudy,2,3089,13.649000480238442,Yes,Highly Likely to Crash
3430,Type A,90,Average,73,4,Clear,3,18890,14.2210900915593,Yes,Highly Likely to Crash
3431,Type B,81,Poor,98,5,Cloudy,0,6442,13.308127905916582,Yes,Highly Likely to Crash
3432,Type C,69,Average,59,0,Stormy,0,19483,11.23056865705328,No,Highly Likely to Crash
3433,Type A,83,Poor,98,4,Cloudy,0,3008,1.33900727744702,No,Highly Likely to Crash
3434,Type B,99,Good,98,5,Cloudy,0,13011,5.4093482926564835,No,Highly Likely to Crash
3435,Type C,65,Average,99,0,Cloudy,0,18077,2.805107988508026,No,Highly Likely to Crash
3436,Type A,74,Poor,51,0,Clear,2,6415,3.166620418762076,No,Highly Likely to Crash
3437,Type A,61,Poor,80,0,Stormy,1,2545,5.072700623360488,No,Highly Likely to Crash
3438,Type A,56,Average,74,4,Cloudy,3,8939,2.0463664006397364,No,Highly Likely to Crash
3439,Type B,88,Good,53,5,Stormy,2,10076,4.402445372539018,Yes,Highly Likely to Crash
3440,Type B,66,Average,100,5,Stormy,3,10064,14.397703711547972,Yes,Highly Likely to Crash
3441,Type C,94,Poor,60,3,Clear,0,11605,5.3672101002347405,Yes,Highly Likely to Crash
3442,Type B,60,Good,66,0,Stormy,1,16265,3.23598297893633,Yes,Highly Likely to Crash
3443,Type B,55,Average,93,2,Cloudy,0,15293,11.056202525877307,No,Highly Likely to Crash
3444,Type A,72,Poor,51,1,Clear,2,15421,12.599072100731497,No,Highly Likely to Crash
3445,Type A,76,Average,55,3,Clear,2,7681,5.396529894350769,Yes,Inconclusive
3446,Type A,95,Good,58,3,Stormy,3,544,4.898962348097193,Yes,Inconclusive
3447,Type A,55,Good,54,4,Clear,0,18969,4.384633670670469,No,Highly Likely to Crash
3448,Type A,87,Good,69,3,Stormy,0,5011,6.505657346929227,No,Inconclusive
3449,Type A,51,Good,78,5,Stormy,1,15921,2.2212446097444856,No,Highly Likely to Crash
3450,Type A,71,Good,70,4,Clear,1,8275,10.367809171786888,Yes,Highly Likely to Crash
3451,Type C,69,Average,58,4,Cloudy,0,11207,12.511168553590425,No,Highly Likely to Crash
3452,Type C,74,Good,77,2,Stormy,3,13872,10.291551916349052,Yes,Inconclusive
3453,Type C,64,Good,57,0,Clear,1,8448,6.896795658502678,No,Highly Likely to Crash
3454,Type C,98,Poor,80,3,Clear,0,11579,5.04547146281935,No,Highly Likely to Crash
3455,Type A,78,Good,69,0,Stormy,0,8716,6.732246303162031,Yes,Inconclusive
3456,Type C,57,Poor,76,0,Stormy,0,10506,6.933724788421483,No,Highly Likely to Crash
3457,Type A,86,Poor,57,0,Stormy,2,1725,10.3242915986151,Yes,Highly Likely to Crash
3458,Type C,98,Poor,70,4,Stormy,3,1748,13.992844979107907,No,Highly Likely to Crash
3459,Type B,82,Average,77,0,Cloudy,0,16369,1.9882108522711444,No,Inconclusive
3460,Type C,71,Average,72,3,Cloudy,0,19726,14.34695030037071,Yes,Inconclusive
3461,Type C,99,Poor,55,4,Cloudy,0,6198,13.742817969868483,No,Highly Likely to Crash
3462,Type A,96,Average,52,3,Cloudy,1,18466,2.6482522048004435,No,Inconclusive
3463,Type C,54,Good,54,4,Clear,0,5348,3.5701904351946743,No,Highly Likely to Crash
3464,Type B,88,Average,58,1,Stormy,2,10405,5.36233842025692,No,Inconclusive
3465,Type A,67,Good,56,1,Clear,2,12283,8.835324573512686,No,Highly Likely to Crash
3466,Type A,87,Good,53,1,Clear,3,13888,2.882666745100586,No,Inconclusive
3467,Type C,86,Average,88,1,Cloudy,0,3638,3.804689345806418,No,Inconclusive
3468,Type A,79,Average,54,4,Clear,0,18401,13.637454115155508,No,Highly Likely to Crash
3469,Type A,100,Poor,60,0,Cloudy,0,11424,2.5302088307929607,No,Highly Likely to Crash
3470,Type A,80,Average,64,2,Stormy,2,5142,6.584295711950752,Yes,Inconclusive
3471,Type A,59,Average,83,5,Cloudy,1,5696,11.682024887221921,No,Highly Likely to Crash
3472,Type A,64,Average,62,2,Stormy,1,11655,13.440163636470334,No,Highly Likely to Crash
3473,Type A,91,Good,97,1,Cloudy,0,12555,5.70459587635363,No,Inconclusive
3474,Type B,97,Good,56,0,Clear,1,6698,3.3021250750059266,Yes,Less Likely to Crash
3475,Type C,93,Good,89,3,Clear,3,8572,11.318163227337863,Yes,Inconclusive
3476,Type B,67,Poor,55,0,Cloudy,2,16465,11.815808621424472,Yes,Highly Likely to Crash
3477,Type A,72,Poor,88,3,Stormy,0,10188,14.72046821684762,Yes,Highly Likely to Crash
3478,Type A,82,Poor,99,2,Stormy,1,12419,2.9535859202076598,Yes,Highly Likely to Crash
3479,Type C,65,Good,79,0,Cloudy,0,10427,10.931892357370915,Yes,Highly Likely to Crash
3480,Type B,87,Average,71,0,Clear,0,14559,6.842095528285173,No,Inconclusive
3481,Type C,84,Poor,74,5,Stormy,2,15149,13.80481212594436,Yes,Highly Likely to Crash
3482,Type B,83,Poor,77,2,Cloudy,2,18227,6.709632380667401,No,Highly Likely to Crash
3483,Type A,77,Good,69,0,Stormy,1,5990,7.243445257877325,No,Inconclusive
3484,Type C,51,Poor,88,3,Clear,2,16932,2.7751523746142785,No,Highly Likely to Crash
3485,Type C,79,Average,52,0,Stormy,3,6416,5.493114991272318,Yes,Inconclusive
3486,Type A,62,Good,54,3,Cloudy,0,19394,6.611766585491979,No,Highly Likely to Crash
3487,Type C,90,Good,50,1,Stormy,2,12026,1.245122561289913,No,Inconclusive
3488,Type B,65,Average,64,0,Stormy,1,2246,7.126042558199606,Yes,Highly Likely to Crash
3489,Type B,54,Average,75,3,Clear,1,8670,5.708459717742287,Yes,Highly Likely to Crash
3490,Type B,77,Average,52,2,Clear,1,1133,12.253756301206888,No,Inconclusive
3491,Type B,88,Poor,89,1,Clear,3,13389,2.499576588241101,Yes,Highly Likely to Crash
3492,Type A,94,Average,90,0,Clear,2,19604,11.642955776920477,Yes,Inconclusive
3493,Type C,69,Good,96,5,Cloudy,2,17059,10.996161605874278,No,Highly Likely to Crash
3494,Type B,73,Average,91,3,Stormy,3,15640,4.384952588963483,No,Inconclusive
3495,Type A,76,Good,83,5,Stormy,2,8652,2.1658033567851596,No,Highly Likely to Crash
3496,Type C,79,Good,54,0,Stormy,2,16218,12.785668240579746,No,Inconclusive
3497,Type C,94,Poor,80,3,Stormy,2,4892,4.4920205984287875,No,Highly Likely to Crash
3498,Type A,76,Average,100,0,Cloudy,3,5879,3.037841675899376,No,Inconclusive
3499,Type A,75,Poor,62,1,Clear,3,9166,6.02651242678469,No,Highly Likely to Crash
3500,Type B,56,Average,92,1,Stormy,1,10338,6.612359531226728,No,Highly Likely to Crash
3501,Type C,91,Average,50,0,Stormy,3,2458,5.565231716921233,Yes,Inconclusive
3502,Type C,96,Average,71,0,Clear,3,7179,14.670735575097318,Yes,Inconclusive
3503,Type A,87,Average,64,4,Clear,1,16421,13.331489370148903,Yes,Highly Likely to Crash
3504,Type C,54,Average,75,0,Stormy,3,13848,13.221656950427242,Yes,Highly Likely to Crash
3505,Type B,72,Good,67,0,Clear,2,7848,6.582746267290779,Yes,Inconclusive
3506,Type C,77,Good,97,5,Stormy,0,6384,14.480174956338907,No,Highly Likely to Crash
3507,Type A,83,Average,58,5,Stormy,1,12812,10.576214148083768,Yes,Highly Likely to Crash
3508,Type A,64,Good,50,1,Stormy,0,9328,12.647925361871074,Yes,Highly Likely to Crash
3509,Type B,81,Poor,92,5,Stormy,0,4320,8.012251750761068,No,Highly Likely to Crash
3510,Type B,75,Poor,58,0,Stormy,1,4822,3.248642104790933,Yes,Highly Likely to Crash
3511,Type C,97,Poor,72,2,Stormy,0,5967,13.416397069785472,No,Highly Likely to Crash
3512,Type C,80,Average,92,0,Clear,0,12825,7.809974351210442,Yes,Inconclusive
3513,Type A,68,Average,94,4,Cloudy,1,6002,14.559768727192758,Yes,Highly Likely to Crash
3514,Type B,58,Good,51,3,Cloudy,1,18088,4.568054159635343,No,Highly Likely to Crash
3515,Type B,78,Good,63,1,Stormy,2,6949,14.893305880037142,Yes,Inconclusive
3516,Type B,100,Good,87,5,Clear,1,18087,4.113945547610086,Yes,Highly Likely to Crash
3517,Type C,88,Poor,89,2,Stormy,3,1482,6.154334612328572,Yes,Highly Likely to Crash
3518,Type B,53,Poor,67,3,Clear,0,9423,9.316231320948964,No,Highly Likely to Crash
3519,Type A,52,Poor,65,2,Stormy,1,15489,10.706522828582932,No,Highly Likely to Crash
3520,Type A,78,Poor,78,1,Stormy,2,13929,11.0839503660897,No,Highly Likely to Crash
3521,Type C,60,Good,93,5,Cloudy,1,14896,7.667533724988815,No,Highly Likely to Crash
3522,Type C,82,Average,60,4,Clear,0,11292,2.075577396097427,No,Highly Likely to Crash
3523,Type B,87,Average,55,1,Clear,1,6405,7.944674124025418,Yes,Inconclusive
3524,Type C,60,Poor,52,2,Cloudy,0,4573,5.685631335509548,Yes,Highly Likely to Crash
3525,Type A,76,Average,63,2,Cloudy,1,19778,10.207178526262124,No,Inconclusive
3526,Type B,82,Average,51,1,Cloudy,2,2734,3.5518581783199616,No,Inconclusive
3527,Type A,70,Average,81,0,Cloudy,3,15773,6.51477254651894,Yes,Inconclusive
3528,Type B,88,Poor,80,1,Clear,2,8131,14.525668156007464,No,Highly Likely to Crash
3529,Type C,80,Good,60,5,Clear,1,18331,2.2441435892242336,Yes,Highly Likely to Crash
3530,Type B,87,Good,71,5,Cloudy,0,12561,9.432678211176244,No,Highly Likely to Crash
3531,Type B,95,Average,52,4,Stormy,2,16985,2.2690752066795006,No,Highly Likely to Crash
3532,Type A,51,Good,99,1,Stormy,3,12399,3.197939183159437,Yes,Highly Likely to Crash
3533,Type A,76,Good,80,3,Stormy,3,14238,9.4690814405828,Yes,Inconclusive
3534,Type B,85,Poor,82,5,Stormy,0,11350,7.2159373160890095,No,Highly Likely to Crash
3535,Type C,60,Poor,73,5,Clear,1,17419,8.678985957302388,No,Highly Likely to Crash
3536,Type C,96,Average,50,5,Clear,2,18584,13.318210388331298,Yes,Highly Likely to Crash
3537,Type A,67,Average,93,0,Clear,2,7539,12.441363395153616,Yes,Highly Likely to Crash
3538,Type C,50,Average,64,3,Stormy,0,7614,13.431740291999178,No,Highly Likely to Crash
3539,Type A,84,Poor,86,1,Cloudy,2,12911,9.627568891734972,Yes,Highly Likely to Crash
3540,Type C,84,Good,76,0,Stormy,0,7969,7.855004375996199,No,Inconclusive
3541,Type B,80,Poor,87,5,Clear,0,15503,7.428766144920306,No,Highly Likely to Crash
3542,Type A,77,Poor,97,3,Stormy,1,6992,11.357319787114216,No,Highly Likely to Crash
3543,Type A,88,Good,76,3,Cloudy,0,4844,8.298198296549481,No,Inconclusive
3544,Type B,50,Good,93,0,Cloudy,2,2471,2.4807631476710634,No,Highly Likely to Crash
3545,Type A,74,Average,61,5,Stormy,0,14082,2.987146336815658,No,Highly Likely to Crash
3546,Type C,92,Good,52,0,Clear,2,10144,5.999158747994636,No,Less Likely to Crash
3547,Type C,87,Good,79,2,Clear,0,17596,1.9495272075966419,Yes,Inconclusive
3548,Type A,69,Good,81,5,Clear,1,4155,4.349237072439022,Yes,Highly Likely to Crash
3549,Type C,52,Good,72,0,Stormy,1,15842,10.18961194498965,No,Highly Likely to Crash
3550,Type A,100,Average,51,1,Clear,0,13034,1.1740243721614518,Yes,Inconclusive
3551,Type B,51,Average,56,5,Stormy,0,13268,9.457300118140973,No,Highly Likely to Crash
3552,Type A,67,Good,83,4,Clear,0,6972,11.812996924825622,No,Highly Likely to Crash
3553,Type B,93,Good,81,5,Cloudy,1,10140,3.382152521435363,Yes,Highly Likely to Crash
3554,Type C,59,Average,88,2,Cloudy,3,5624,3.5335598848337204,Yes,Highly Likely to Crash
3555,Type B,54,Average,81,0,Clear,0,9150,1.4039891311887294,No,Highly Likely to Crash
3556,Type C,58,Good,92,4,Stormy,3,3343,8.174300543668462,Yes,Highly Likely to Crash
3557,Type A,51,Poor,92,2,Clear,0,17476,10.164225796218041,No,Highly Likely to Crash
3558,Type C,83,Average,63,1,Stormy,2,997,7.396734149184664,Yes,Inconclusive
3559,Type A,87,Average,52,5,Cloudy,1,2634,6.452283334766965,No,Highly Likely to Crash
3560,Type A,80,Average,95,4,Stormy,3,19333,7.361779442111342,No,Highly Likely to Crash
3561,Type B,59,Good,81,0,Clear,3,5912,11.941395062145174,No,Highly Likely to Crash
3562,Type B,99,Good,92,0,Cloudy,1,4792,1.4692003028350258,Yes,Less Likely to Crash
3563,Type B,61,Average,85,1,Stormy,3,526,11.973459851656518,No,Highly Likely to Crash
3564,Type B,85,Good,66,2,Stormy,0,12608,10.328789619335078,No,Inconclusive
3565,Type C,70,Good,97,4,Cloudy,3,14970,4.379971758203878,Yes,Highly Likely to Crash
3566,Type C,98,Average,52,1,Clear,0,2753,8.34635616736255,Yes,Inconclusive
3567,Type C,96,Good,59,2,Cloudy,3,11990,1.6900693891342233,No,Inconclusive
3568,Type A,55,Poor,96,3,Clear,2,13879,6.314241384750217,Yes,Highly Likely to Crash
3569,Type C,97,Good,89,3,Clear,3,13149,3.4365947070798883,No,Inconclusive
3570,Type C,98,Good,67,2,Stormy,3,9975,1.3122054042891558,No,Inconclusive
3571,Type C,52,Average,52,0,Clear,0,15493,5.999252968723522,No,Highly Likely to Crash
3572,Type B,59,Average,88,0,Clear,1,1586,11.165573843522099,Yes,Highly Likely to Crash
3573,Type C,54,Poor,59,3,Cloudy,2,2515,13.894306143017658,Yes,Highly Likely to Crash
3574,Type A,95,Good,58,0,Cloudy,1,10407,10.271689183269096,Yes,Less Likely to Crash
3575,Type B,75,Poor,95,0,Clear,0,7623,6.627581793825467,No,Highly Likely to Crash
3576,Type A,70,Poor,95,2,Stormy,2,14434,14.992945573626287,No,Highly Likely to Crash
3577,Type C,94,Average,60,5,Cloudy,3,7584,4.961209113402944,No,Highly Likely to Crash
3578,Type B,75,Good,82,2,Stormy,1,14748,3.619840057914528,Yes,Inconclusive
3579,Type A,87,Average,85,0,Cloudy,1,4967,7.491551769162853,Yes,Inconclusive
3580,Type C,93,Poor,75,2,Cloudy,1,3396,8.068759816185308,No,Highly Likely to Crash
3581,Type A,75,Poor,76,4,Clear,3,10862,5.9675273206065675,Yes,Highly Likely to Crash
3582,Type A,57,Average,87,3,Cloudy,0,9842,10.73698710663448,Yes,Highly Likely to Crash
3583,Type A,54,Average,71,5,Cloudy,3,18218,3.5741017669950397,Yes,Highly Likely to Crash
3584,Type C,64,Average,75,4,Stormy,3,18172,8.144756636511286,Yes,Highly Likely to Crash
3585,Type C,65,Average,71,4,Cloudy,0,9437,8.001777419011034,No,Highly Likely to Crash
3586,Type A,50,Average,54,0,Cloudy,0,15123,12.53300991754295,No,Highly Likely to Crash
3587,Type B,65,Poor,84,0,Stormy,3,13207,13.977554782651268,No,Highly Likely to Crash
3588,Type B,86,Average,51,4,Clear,0,6428,10.285722231949235,Yes,Highly Likely to Crash
3589,Type C,52,Good,84,4,Clear,1,17581,5.275202264684975,Yes,Highly Likely to Crash
3590,Type C,96,Poor,58,1,Cloudy,2,11726,10.654554278156073,Yes,Highly Likely to Crash
3591,Type C,80,Poor,100,1,Cloudy,0,17358,4.519195809367014,No,Highly Likely to Crash
3592,Type C,62,Good,100,3,Stormy,2,12668,14.531621466713526,Yes,Highly Likely to Crash
3593,Type C,65,Good,98,4,Clear,1,14689,12.51306966715798,No,Highly Likely to Crash
3594,Type B,92,Poor,67,2,Clear,0,7032,7.036663576524531,No,Highly Likely to Crash
3595,Type C,70,Average,92,5,Clear,3,9202,11.980809239982348,No,Highly Likely to Crash
3596,Type A,51,Poor,61,1,Stormy,3,10952,6.721179035066713,Yes,Highly Likely to Crash
3597,Type A,76,Poor,52,0,Stormy,1,19828,2.04454222291647,No,Highly Likely to Crash
3598,Type B,87,Good,67,4,Stormy,0,5884,10.894764222008476,No,Highly Likely to Crash
3599,Type A,75,Poor,87,2,Cloudy,3,18250,6.664593662398168,Yes,Highly Likely to Crash
3600,Type B,87,Average,56,5,Clear,0,17945,14.024477434974065,No,Highly Likely to Crash
3601,Type B,95,Good,82,2,Cloudy,2,2807,5.291857000610013,Yes,Inconclusive
3602,Type A,74,Poor,55,2,Cloudy,3,17191,12.806659500364306,No,Highly Likely to Crash
3603,Type C,60,Poor,67,0,Stormy,1,9688,10.526129832894698,Yes,Highly Likely to Crash
3604,Type A,57,Average,94,1,Clear,3,9821,12.946544625790477,No,Highly Likely to Crash
3605,Type A,57,Poor,71,2,Cloudy,1,803,5.086346279309777,No,Highly Likely to Crash
3606,Type B,82,Poor,100,5,Clear,1,6986,7.458835646461019,No,Highly Likely to Crash
3607,Type A,56,Poor,88,1,Cloudy,2,6066,12.523806157296022,Yes,Highly Likely to Crash
3608,Type B,87,Poor,100,3,Stormy,2,4391,10.013463468583469,Yes,Highly Likely to Crash
3609,Type C,70,Average,58,0,Cloudy,1,9546,6.038906592934684,Yes,Inconclusive
3610,Type C,57,Poor,84,1,Stormy,3,6224,8.1679387599302,No,Highly Likely to Crash
3611,Type C,100,Poor,72,1,Clear,1,16079,14.94537332108586,Yes,Highly Likely to Crash
3612,Type A,70,Poor,61,2,Cloudy,0,5850,11.385871935794347,Yes,Highly Likely to Crash
3613,Type B,69,Good,73,5,Cloudy,0,9509,9.603317138920406,Yes,Highly Likely to Crash
3614,Type C,57,Average,99,2,Stormy,3,14525,12.59075932606922,Yes,Highly Likely to Crash
3615,Type B,95,Good,89,5,Stormy,3,9664,7.188424742810382,No,Highly Likely to Crash
3616,Type B,80,Good,58,0,Clear,2,4633,14.300896065053596,No,Inconclusive
3617,Type C,99,Average,62,1,Stormy,0,9870,8.72829720173969,No,Inconclusive
3618,Type C,78,Good,89,4,Clear,1,16362,5.576210094768039,No,Highly Likely to Crash
3619,Type B,97,Good,91,5,Cloudy,1,604,2.2042796860028515,No,Highly Likely to Crash
3620,Type C,58,Good,66,5,Clear,0,14769,6.259733069461129,No,Highly Likely to Crash
3621,Type B,64,Average,56,2,Clear,0,9061,8.960937278511985,Yes,Highly Likely to Crash
3622,Type B,79,Poor,66,2,Clear,2,12889,10.84547394226542,No,Highly Likely to Crash
3623,Type C,75,Average,99,3,Cloudy,0,19847,13.251633700755026,Yes,Inconclusive
3624,Type A,59,Average,73,5,Cloudy,2,9355,14.215451694533407,No,Highly Likely to Crash
3625,Type C,78,Average,51,0,Stormy,3,16860,2.4343538465357883,Yes,Inconclusive
3626,Type A,65,Good,84,1,Clear,3,17573,9.412669803969408,No,Highly Likely to Crash
3627,Type B,85,Poor,77,1,Cloudy,0,14714,10.332255088282364,No,Highly Likely to Crash
3628,Type B,69,Average,68,1,Clear,0,7243,3.4088934379070235,No,Highly Likely to Crash
3629,Type A,94,Average,82,5,Clear,0,3088,8.63840952368781,No,Highly Likely to Crash
3630,Type B,86,Poor,70,2,Clear,0,2035,5.6876708981238515,Yes,Highly Likely to Crash
3631,Type A,71,Poor,59,0,Cloudy,1,15198,2.083842647802787,Yes,Highly Likely to Crash
3632,Type A,56,Poor,95,1,Clear,1,2528,1.9221238763399908,No,Highly Likely to Crash
3633,Type B,72,Good,94,5,Clear,3,18740,11.628981726205502,No,Highly Likely to Crash
3634,Type A,90,Poor,58,4,Stormy,1,15447,9.616376326208302,Yes,Highly Likely to Crash
3635,Type C,89,Good,87,3,Clear,0,3269,11.01170349522516,No,Inconclusive
3636,Type C,78,Average,55,3,Stormy,2,6986,10.593894163509507,No,Inconclusive
3637,Type B,65,Good,100,1,Clear,3,7741,2.8803721969086133,Yes,Highly Likely to Crash
3638,Type B,87,Poor,91,2,Stormy,0,19871,3.1219135913321856,Yes,Highly Likely to Crash
3639,Type A,77,Good,84,3,Cloudy,1,8635,4.534772138899632,Yes,Inconclusive
3640,Type A,97,Poor,67,3,Cloudy,2,14673,6.587408217505656,Yes,Highly Likely to Crash
3641,Type A,87,Good,68,3,Clear,2,13167,14.148467149126848,No,Inconclusive
3642,Type A,80,Average,54,3,Stormy,1,14301,10.434493059361222,No,Inconclusive
3643,Type C,63,Good,74,1,Cloudy,0,9840,4.572407082300485,No,Highly Likely to Crash
3644,Type C,82,Average,60,5,Clear,2,14873,1.783777425582759,No,Highly Likely to Crash
3645,Type B,58,Poor,59,0,Clear,2,17664,10.579135031289223,Yes,Highly Likely to Crash
3646,Type A,76,Average,66,0,Stormy,1,4905,9.75445859142473,No,Inconclusive
3647,Type A,73,Poor,85,2,Stormy,2,2653,10.460687857069917,No,Highly Likely to Crash
3648,Type B,62,Poor,75,5,Clear,2,6796,4.656515156820117,Yes,Highly Likely to Crash
3649,Type A,75,Average,80,4,Stormy,2,3083,8.237485041155086,No,Highly Likely to Crash
3650,Type A,78,Average,81,0,Stormy,3,3543,6.063839219480847,Yes,Inconclusive
3651,Type A,100,Good,70,4,Cloudy,0,12536,12.447785145240433,Yes,Highly Likely to Crash
3652,Type A,98,Good,67,0,Stormy,0,18053,1.9715532696613507,Yes,Less Likely to Crash
3653,Type A,92,Average,67,0,Clear,1,7536,4.856185052182902,Yes,Inconclusive
3654,Type B,77,Average,50,2,Stormy,0,16536,9.441352418385167,Yes,Inconclusive
3655,Type A,77,Average,63,3,Clear,2,7226,3.873132879036301,No,Inconclusive
3656,Type B,57,Average,57,2,Clear,0,4522,10.41798810362024,No,Highly Likely to Crash
3657,Type A,72,Poor,51,0,Stormy,3,8892,2.914815044802142,No,Highly Likely to Crash
3658,Type C,78,Average,100,5,Stormy,2,18774,1.3193720862458438,Yes,Highly Likely to Crash
3659,Type C,54,Average,64,3,Stormy,2,10668,13.088923459831683,Yes,Highly Likely to Crash
3660,Type C,91,Average,83,5,Cloudy,3,15603,5.6682216197019235,No,Highly Likely to Crash
3661,Type C,56,Average,85,5,Cloudy,3,12762,3.195885762854453,Yes,Highly Likely to Crash
3662,Type B,91,Poor,50,5,Stormy,0,13707,3.4179263604411974,Yes,Highly Likely to Crash
3663,Type B,85,Good,100,3,Clear,0,7164,13.402535516483908,Yes,Inconclusive
3664,Type A,90,Good,70,5,Stormy,0,4056,10.16203968605537,No,Highly Likely to Crash
3665,Type C,76,Good,91,3,Cloudy,3,7804,14.38884773226126,Yes,Inconclusive
3666,Type B,95,Good,50,4,Cloudy,0,865,12.200564527290688,Yes,Highly Likely to Crash
3667,Type A,51,Good,81,0,Stormy,1,16393,11.74559759039437,Yes,Highly Likely to Crash
3668,Type A,74,Poor,69,1,Clear,0,16366,7.997489234051152,No,Highly Likely to Crash
3669,Type B,58,Good,96,5,Clear,3,1156,12.491268581886036,Yes,Highly Likely to Crash
3670,Type C,76,Poor,85,2,Cloudy,3,8852,6.777135538185924,No,Highly Likely to Crash
3671,Type A,50,Poor,88,4,Cloudy,1,15596,12.578006958452962,Yes,Highly Likely to Crash
3672,Type C,72,Good,79,2,Cloudy,2,15947,11.60837808361972,Yes,Inconclusive
3673,Type C,59,Good,56,1,Clear,1,17428,10.498140758344714,No,Highly Likely to Crash
3674,Type C,91,Good,71,3,Cloudy,3,12546,5.616026603488393,No,Inconclusive
3675,Type A,74,Average,99,1,Cloudy,2,6926,9.829962922319842,No,Inconclusive
3676,Type C,52,Poor,94,2,Clear,1,2261,8.095026746851108,Yes,Highly Likely to Crash
3677,Type A,55,Good,59,1,Cloudy,1,1456,7.461600136962736,No,Highly Likely to Crash
3678,Type C,55,Average,57,0,Cloudy,2,8773,14.863448667368658,No,Highly Likely to Crash
3679,Type A,51,Poor,76,1,Stormy,1,18120,8.061569617626581,No,Highly Likely to Crash
3680,Type C,67,Average,59,5,Cloudy,2,15355,1.4478068756513385,Yes,Highly Likely to Crash
3681,Type B,72,Average,63,0,Stormy,0,17330,9.770550167146517,No,Inconclusive
3682,Type C,51,Good,95,5,Cloudy,2,19049,11.19215183038693,Yes,Highly Likely to Crash
3683,Type C,61,Poor,60,1,Cloudy,1,18503,13.392574170434415,Yes,Highly Likely to Crash
3684,Type A,71,Average,55,0,Stormy,0,18677,9.857586174119577,Yes,Inconclusive
3685,Type A,86,Poor,70,0,Cloudy,3,13536,1.2723996407791238,No,Highly Likely to Crash
3686,Type C,69,Good,82,1,Stormy,3,9865,2.6764207013566885,No,Highly Likely to Crash
3687,Type B,88,Poor,68,4,Cloudy,3,6505,3.257360688212192,No,Highly Likely to Crash
3688,Type B,73,Average,88,3,Stormy,1,14344,3.9576589423758115,No,Inconclusive
3689,Type A,97,Average,73,3,Stormy,0,1145,12.196876560170043,Yes,Inconclusive
3690,Type B,69,Poor,67,3,Cloudy,2,878,5.336640700128401,No,Highly Likely to Crash
3691,Type C,50,Average,84,0,Cloudy,3,19539,5.373072518792049,No,Highly Likely to Crash
3692,Type A,50,Average,92,3,Stormy,3,7609,11.578224173688195,Yes,Highly Likely to Crash
3693,Type C,66,Average,86,0,Clear,0,12425,6.7741120432989845,No,Highly Likely to Crash
3694,Type A,50,Good,68,4,Cloudy,0,18024,1.9049534473532421,Yes,Highly Likely to Crash
3695,Type A,94,Good,73,1,Cloudy,0,15411,9.19177024064889,Yes,Inconclusive
3696,Type A,79,Average,83,1,Clear,1,17545,2.820947611065101,No,Inconclusive
3697,Type A,90,Poor,71,0,Clear,0,13663,9.003299919568509,Yes,Highly Likely to Crash
3698,Type B,96,Good,53,0,Stormy,2,887,11.914933506706605,Yes,Less Likely to Crash
3699,Type C,52,Poor,59,4,Cloudy,2,19907,14.012854922581825,Yes,Highly Likely to Crash
3700,Type C,95,Average,51,3,Stormy,3,10611,1.938736497289341,No,Inconclusive
3701,Type C,60,Average,57,4,Cloudy,2,13183,5.255532172674869,No,Highly Likely to Crash
3702,Type A,73,Poor,82,1,Clear,0,14810,10.134495762111534,No,Highly Likely to Crash
3703,Type B,71,Good,87,1,Stormy,2,15709,5.4163420398270485,Yes,Inconclusive
3704,Type C,93,Poor,92,5,Cloudy,3,3271,7.31435855670254,No,Highly Likely to Crash
3705,Type B,94,Poor,77,3,Cloudy,1,4669,1.2812720756201446,No,Highly Likely to Crash
3706,Type A,75,Average,59,1,Clear,2,10555,10.708972086265762,Yes,Inconclusive
3707,Type C,62,Good,94,5,Clear,3,4519,13.365921841168179,No,Highly Likely to Crash
3708,Type B,50,Poor,50,0,Cloudy,3,6356,14.676035069381369,No,Highly Likely to Crash
3709,Type A,73,Good,83,1,Clear,0,15150,12.627466885380683,Yes,Inconclusive
3710,Type B,59,Average,52,2,Clear,3,16427,1.444867673934295,No,Highly Likely to Crash
3711,Type C,84,Good,58,3,Stormy,2,13215,10.125955554475333,Yes,Inconclusive
3712,Type C,73,Average,54,5,Cloudy,3,16918,7.939229448394178,No,Highly Likely to Crash
3713,Type A,77,Good,91,3,Stormy,3,14182,14.130536904994814,No,Inconclusive
3714,Type A,85,Poor,59,3,Clear,0,15760,13.629944105715794,No,Highly Likely to Crash
3715,Type A,65,Average,61,2,Cloudy,0,12331,14.832646441350901,Yes,Highly Likely to Crash
3716,Type B,89,Poor,67,4,Clear,2,12664,13.067079139663557,No,Highly Likely to Crash
3717,Type B,65,Average,70,0,Clear,3,8118,8.656489874000108,No,Highly Likely to Crash
3718,Type B,66,Good,70,3,Cloudy,1,3880,11.00860721574148,Yes,Highly Likely to Crash
3719,Type A,100,Good,50,1,Clear,3,15663,14.50548130913156,No,Inconclusive
3720,Type C,64,Average,52,0,Stormy,1,15225,9.093634188732295,Yes,Highly Likely to Crash
3721,Type C,65,Average,54,1,Cloudy,2,8867,12.759708618171688,No,Highly Likely to Crash
3722,Type B,64,Average,74,0,Clear,0,19037,14.190938265708837,No,Highly Likely to Crash
3723,Type B,83,Good,98,0,Clear,2,5187,8.987527677483115,No,Inconclusive
3724,Type C,60,Average,57,5,Clear,0,13974,3.228159445122477,No,Highly Likely to Crash
3725,Type C,50,Average,66,1,Cloudy,0,13701,3.1778875039630012,No,Highly Likely to Crash
3726,Type B,64,Poor,58,1,Stormy,3,2086,2.614440438351438,No,Highly Likely to Crash
3727,Type B,75,Average,81,0,Clear,3,8556,7.668524523849164,Yes,Inconclusive
3728,Type C,100,Poor,55,3,Clear,0,14090,7.72198209581856,No,Highly Likely to Crash
3729,Type A,53,Poor,98,1,Clear,1,5922,9.643196637196853,Yes,Highly Likely to Crash
3730,Type B,92,Poor,89,2,Cloudy,1,1452,7.760219397690452,No,Highly Likely to Crash
3731,Type C,54,Good,70,2,Clear,3,5865,14.622770216776349,Yes,Highly Likely to Crash
3732,Type C,84,Poor,56,0,Clear,2,19755,5.078351488385342,Yes,Highly Likely to Crash
3733,Type C,62,Average,56,4,Clear,1,13021,13.233432757625156,Yes,Highly Likely to Crash
3734,Type C,59,Good,96,0,Cloudy,0,11406,2.404625986640726,No,Highly Likely to Crash
3735,Type A,60,Good,88,0,Stormy,3,3478,9.426847492514227,No,Highly Likely to Crash
3736,Type C,67,Good,76,3,Cloudy,3,14250,10.076553043033469,Yes,Highly Likely to Crash
3737,Type B,83,Good,57,3,Stormy,0,10501,11.811221772070313,Yes,Inconclusive
3738,Type A,88,Good,58,5,Stormy,2,11498,8.04231098123281,Yes,Highly Likely to Crash
3739,Type C,90,Good,77,4,Cloudy,0,12843,3.7611680183542355,Yes,Highly Likely to Crash
3740,Type A,91,Good,64,4,Clear,2,12451,6.165966575888159,Yes,Highly Likely to Crash
3741,Type B,99,Poor,51,4,Stormy,3,15191,4.81026123093881,Yes,Highly Likely to Crash
3742,Type C,72,Average,56,4,Clear,2,12020,6.867477218892832,No,Highly Likely to Crash
3743,Type B,56,Average,96,4,Stormy,0,19854,8.419556307977803,No,Highly Likely to Crash
3744,Type C,88,Poor,67,0,Clear,3,5408,9.75098407928149,Yes,Highly Likely to Crash
3745,Type C,52,Poor,71,0,Clear,1,11826,12.831707228834674,No,Highly Likely to Crash
3746,Type C,61,Good,99,5,Cloudy,3,2459,13.740144494844978,Yes,Highly Likely to Crash
3747,Type C,56,Good,59,2,Clear,0,5682,7.47613798861915,Yes,Highly Likely to Crash
3748,Type C,98,Poor,99,2,Stormy,0,1305,2.241400122987555,No,Highly Likely to Crash
3749,Type A,75,Good,82,5,Clear,3,3600,12.158912654424087,Yes,Highly Likely to Crash
3750,Type C,82,Average,56,5,Clear,3,2075,7.68020815196546,No,Highly Likely to Crash
3751,Type C,86,Average,52,1,Clear,3,12422,8.650252419197656,Yes,Inconclusive
3752,Type A,97,Good,63,0,Stormy,2,9291,9.341117959621137,Yes,Less Likely to Crash
3753,Type A,64,Good,93,4,Stormy,1,3115,10.350148622387863,No,Highly Likely to Crash
3754,Type A,51,Good,95,1,Stormy,2,12063,13.461412040455109,No,Highly Likely to Crash
3755,Type A,90,Average,85,3,Clear,0,15540,14.330046732942675,No,Inconclusive
3756,Type A,56,Good,62,0,Cloudy,3,6126,14.162370466816016,Yes,Highly Likely to Crash
3757,Type A,81,Poor,65,5,Stormy,2,11238,12.332491131962481,No,Highly Likely to Crash
3758,Type C,53,Good,65,2,Clear,2,17510,13.449391550173239,Yes,Highly Likely to Crash
3759,Type C,69,Poor,54,0,Stormy,0,7384,1.6951667652770115,Yes,Highly Likely to Crash
3760,Type B,99,Good,74,5,Cloudy,2,19695,12.887577330365206,No,Highly Likely to Crash
3761,Type C,85,Good,87,0,Clear,0,18494,2.011713315956343,Yes,Inconclusive
3762,Type C,81,Average,87,0,Stormy,2,11954,11.446714706208294,No,Inconclusive
3763,Type A,77,Poor,99,0,Stormy,1,12474,3.3710907023113075,No,Highly Likely to Crash
3764,Type A,62,Poor,87,3,Cloudy,0,9366,6.04154624136722,Yes,Highly Likely to Crash
3765,Type C,50,Poor,88,2,Stormy,1,16932,3.578571508159656,Yes,Highly Likely to Crash
3766,Type B,84,Average,97,0,Clear,2,18270,7.208462912921885,No,Inconclusive
3767,Type A,97,Poor,90,5,Clear,1,18786,6.764464213432682,No,Highly Likely to Crash
3768,Type C,79,Average,75,3,Cloudy,1,15515,1.672879815618414,Yes,Inconclusive
3769,Type C,85,Good,62,1,Cloudy,1,4872,12.626971231438498,No,Inconclusive
3770,Type B,74,Good,93,0,Cloudy,2,4342,12.958610941121952,Yes,Inconclusive
3771,Type B,65,Poor,100,3,Clear,0,8497,12.025101416069939,Yes,Highly Likely to Crash
3772,Type A,68,Good,75,4,Cloudy,2,12184,12.866492445237764,No,Highly Likely to Crash
3773,Type B,50,Good,50,1,Stormy,2,18569,11.512306494358096,Yes,Highly Likely to Crash
3774,Type C,54,Poor,57,2,Stormy,2,9324,14.124782235224012,No,Highly Likely to Crash
3775,Type C,100,Good,53,0,Clear,0,16767,9.069491502797272,No,Less Likely to Crash
3776,Type B,71,Poor,70,0,Stormy,3,19306,9.156995652206607,Yes,Highly Likely to Crash
3777,Type B,73,Poor,71,3,Cloudy,2,19634,13.03873871795268,Yes,Highly Likely to Crash
3778,Type B,92,Good,100,2,Stormy,2,9024,5.891817654060355,Yes,Inconclusive
3779,Type B,94,Good,86,4,Cloudy,0,10571,1.7011529588359942,No,Highly Likely to Crash
3780,Type A,86,Good,98,1,Stormy,3,6809,11.497975535574279,No,Inconclusive
3781,Type B,85,Good,52,5,Clear,3,9198,4.564248511745077,No,Highly Likely to Crash
3782,Type A,85,Good,68,2,Cloudy,3,17826,7.639301368419443,No,Inconclusive
3783,Type C,53,Average,50,0,Stormy,3,10281,4.366157699442989,No,Highly Likely to Crash
3784,Type B,85,Good,78,3,Clear,0,18346,12.57927192839478,No,Inconclusive
3785,Type A,67,Average,72,4,Stormy,0,7971,14.416101511112679,Yes,Highly Likely to Crash
3786,Type B,99,Poor,82,3,Clear,3,15292,1.7703234504082295,Yes,Highly Likely to Crash
3787,Type C,65,Good,90,1,Stormy,1,2491,4.267202840491357,Yes,Highly Likely to Crash
3788,Type C,90,Good,72,2,Cloudy,0,13656,3.653869733414342,No,Inconclusive
3789,Type C,67,Good,54,3,Cloudy,1,10426,10.424849178380532,Yes,Highly Likely to Crash
3790,Type B,71,Poor,56,5,Cloudy,1,16996,7.00149759685479,No,Highly Likely to Crash
3791,Type B,51,Average,55,5,Cloudy,3,2763,7.3876632891991845,Yes,Highly Likely to Crash
3792,Type A,70,Average,98,3,Cloudy,3,5754,3.199107181324802,Yes,Inconclusive
3793,Type C,85,Good,71,0,Stormy,2,3311,6.806284981417138,Yes,Inconclusive
3794,Type B,93,Good,98,3,Stormy,1,13071,5.245195928727354,Yes,Inconclusive
3795,Type C,88,Good,62,4,Stormy,2,17717,9.5566728053895,No,Highly Likely to Crash
3796,Type C,96,Good,61,2,Stormy,3,15957,4.041335202314659,No,Inconclusive
3797,Type A,88,Poor,53,1,Cloudy,1,7727,9.607358775764663,Yes,Highly Likely to Crash
3798,Type A,78,Good,57,5,Clear,0,8921,6.288432686024949,Yes,Highly Likely to Crash
3799,Type A,75,Poor,86,3,Cloudy,2,14707,5.848123868397549,No,Highly Likely to Crash
3800,Type A,70,Good,80,4,Stormy,3,14454,5.277792878254191,No,Highly Likely to Crash
3801,Type C,66,Average,86,5,Cloudy,1,13172,10.433668916361619,Yes,Highly Likely to Crash
3802,Type A,65,Average,94,5,Cloudy,3,9515,8.873857676061661,Yes,Highly Likely to Crash
3803,Type A,80,Good,75,1,Cloudy,2,3018,12.924103800029984,Yes,Inconclusive
3804,Type A,100,Good,92,5,Clear,3,10515,4.382542486055459,Yes,Highly Likely to Crash
3805,Type A,58,Poor,57,4,Cloudy,3,9796,1.5616741117574378,Yes,Highly Likely to Crash
3806,Type C,80,Good,89,5,Cloudy,0,17925,3.548328745730741,Yes,Highly Likely to Crash
3807,Type A,63,Good,82,5,Clear,3,1207,5.8069891006042695,No,Highly Likely to Crash
3808,Type C,98,Good,94,3,Cloudy,1,18267,3.515169864319261,No,Inconclusive
3809,Type B,86,Average,78,3,Cloudy,1,18186,2.1691494850890414,No,Inconclusive
3810,Type C,51,Poor,54,2,Cloudy,0,7618,7.234738624373961,No,Highly Likely to Crash
3811,Type C,97,Average,77,0,Cloudy,1,11713,10.477071292534148,Yes,Inconclusive
3812,Type A,95,Poor,89,4,Cloudy,3,16001,11.521990737355685,No,Highly Likely to Crash
3813,Type B,63,Average,66,0,Stormy,3,9368,6.582182546060449,No,Highly Likely to Crash
3814,Type B,82,Good,72,0,Cloudy,1,19448,7.692624323658676,No,Inconclusive
3815,Type B,84,Average,94,5,Clear,2,10255,11.576586907247208,Yes,Highly Likely to Crash
3816,Type B,88,Average,58,1,Cloudy,3,1760,5.937909624316831,Yes,Inconclusive
3817,Type C,96,Poor,51,1,Stormy,1,11045,11.986726957751618,Yes,Highly Likely to Crash
3818,Type B,100,Poor,81,5,Clear,3,857,14.54326491838558,No,Highly Likely to Crash
3819,Type C,69,Average,100,4,Clear,3,5912,13.326728726779326,No,Highly Likely to Crash
3820,Type C,51,Poor,98,0,Cloudy,0,3734,7.35033471361838,Yes,Highly Likely to Crash
3821,Type C,100,Poor,80,2,Stormy,1,17302,9.113258928444948,Yes,Highly Likely to Crash
3822,Type B,90,Poor,56,0,Cloudy,3,2093,11.029969413184931,No,Highly Likely to Crash
3823,Type A,68,Poor,79,1,Stormy,2,5102,5.890206194106531,Yes,Highly Likely to Crash
3824,Type A,86,Poor,52,0,Stormy,1,14469,12.189333399668003,Yes,Highly Likely to Crash
3825,Type B,67,Average,100,3,Cloudy,2,10077,7.1168379339274335,No,Highly Likely to Crash
3826,Type A,65,Poor,100,3,Stormy,1,13099,12.855781813406077,No,Highly Likely to Crash
3827,Type A,53,Good,58,2,Cloudy,2,11443,4.566274528964916,No,Highly Likely to Crash
3828,Type C,61,Average,59,4,Stormy,2,744,1.159292788659652,Yes,Highly Likely to Crash
3829,Type C,78,Average,95,0,Clear,1,5072,9.85763754361325,No,Inconclusive
3830,Type B,56,Average,99,3,Cloudy,0,17498,7.326447644903759,No,Highly Likely to Crash
3831,Type B,63,Poor,96,4,Stormy,0,16750,1.8375236382458437,Yes,Highly Likely to Crash
3832,Type A,61,Good,75,3,Clear,1,17133,7.826572943023058,Yes,Highly Likely to Crash
3833,Type C,84,Poor,50,4,Clear,3,11785,3.3599778359012085,Yes,Highly Likely to Crash
3834,Type B,54,Average,79,4,Clear,1,7120,9.816488277534885,No,Highly Likely to Crash
3835,Type B,66,Average,87,3,Clear,1,6369,7.230638087028944,No,Highly Likely to Crash
3836,Type B,91,Average,64,5,Cloudy,3,6471,3.3957465266693267,Yes,Highly Likely to Crash
3837,Type B,81,Average,74,1,Stormy,1,17394,6.767145260969162,No,Inconclusive
3838,Type B,59,Poor,55,4,Clear,1,14457,4.257923314484563,No,Highly Likely to Crash
3839,Type B,92,Good,67,5,Stormy,3,6468,10.143354926620807,No,Highly Likely to Crash
3840,Type A,66,Good,50,0,Stormy,3,8147,5.1320072366402245,No,Highly Likely to Crash
3841,Type C,54,Average,52,5,Stormy,0,16957,12.508242900718242,Yes,Highly Likely to Crash
3842,Type C,94,Good,66,3,Cloudy,2,9500,1.198284876881172,No,Inconclusive
3843,Type B,91,Average,97,5,Cloudy,2,19762,6.647851671592128,No,Highly Likely to Crash
3844,Type C,58,Average,57,1,Clear,0,5641,9.639126378231595,No,Highly Likely to Crash
3845,Type C,98,Good,98,3,Stormy,0,2626,1.3165159822882815,Yes,Inconclusive
3846,Type C,82,Average,89,2,Cloudy,2,19088,4.021786635336765,No,Inconclusive
3847,Type B,85,Good,66,0,Cloudy,0,6970,5.583879433412439,No,Inconclusive
3848,Type B,85,Average,74,2,Cloudy,1,15973,1.3058237641528194,No,Inconclusive
3849,Type C,67,Good,90,5,Clear,0,16661,8.653669867909386,Yes,Highly Likely to Crash
3850,Type C,58,Average,61,4,Cloudy,0,13408,9.83215744718276,No,Highly Likely to Crash
3851,Type B,78,Good,78,5,Stormy,0,12350,4.18531152538246,Yes,Highly Likely to Crash
3852,Type A,99,Average,74,4,Cloudy,0,1484,8.608758182597299,No,Highly Likely to Crash
3853,Type C,63,Average,100,2,Cloudy,2,18182,14.987776448204961,Yes,Highly Likely to Crash
3854,Type A,74,Average,85,2,Clear,3,7687,13.416870028462474,Yes,Inconclusive
3855,Type C,64,Good,74,4,Stormy,2,11345,1.8212516424068579,No,Highly Likely to Crash
3856,Type A,55,Poor,78,1,Cloudy,2,6213,2.790354501828553,No,Highly Likely to Crash
3857,Type A,91,Average,60,0,Stormy,3,14583,7.92164649889058,Yes,Inconclusive
3858,Type A,78,Average,53,3,Stormy,2,16019,4.43281560810601,Yes,Inconclusive
3859,Type B,64,Good,63,2,Cloudy,1,11638,2.1335693204756327,No,Highly Likely to Crash
3860,Type A,78,Average,95,0,Clear,3,19929,4.563762898440064,No,Inconclusive
3861,Type A,53,Average,87,3,Stormy,1,2585,1.8564933674332358,No,Highly Likely to Crash
3862,Type A,67,Average,66,5,Cloudy,2,7033,8.418774189619086,No,Highly Likely to Crash
3863,Type C,99,Average,51,3,Stormy,2,16683,7.863501451388897,No,Inconclusive
3864,Type A,98,Poor,57,2,Stormy,3,3227,1.0885661497861026,No,Highly Likely to Crash
3865,Type C,93,Poor,85,1,Stormy,2,876,7.755229539015009,No,Highly Likely to Crash
3866,Type A,88,Average,59,1,Cloudy,0,7492,8.277272061653873,Yes,Inconclusive
3867,Type A,65,Average,56,0,Stormy,1,14685,9.479852374162384,Yes,Highly Likely to Crash
3868,Type B,60,Average,85,5,Stormy,1,5190,14.581396141691062,No,Highly Likely to Crash
3869,Type C,63,Poor,65,0,Clear,0,19678,14.757693978728007,No,Highly Likely to Crash
3870,Type A,52,Poor,63,4,Cloudy,3,1565,8.37701034939151,No,Highly Likely to Crash
3871,Type C,100,Good,65,1,Cloudy,3,4182,12.832613766536955,Yes,Inconclusive
3872,Type C,99,Good,74,0,Stormy,0,15293,2.192320779864329,Yes,Less Likely to Crash
3873,Type B,91,Average,90,4,Clear,0,17935,8.436164714021055,No,Highly Likely to Crash
3874,Type B,87,Average,53,5,Stormy,1,9320,10.504600829135464,No,Highly Likely to Crash
3875,Type B,94,Poor,78,3,Stormy,0,19257,8.906203473973676,Yes,Highly Likely to Crash
3876,Type B,91,Average,55,0,Cloudy,0,14320,4.2300939223585905,Yes,Inconclusive
3877,Type B,67,Average,50,4,Clear,0,8558,1.8772118082645532,Yes,Highly Likely to Crash
3878,Type B,69,Poor,88,1,Stormy,2,14618,6.413369984052654,No,Highly Likely to Crash
3879,Type B,97,Poor,50,3,Cloudy,0,4474,10.066994969014623,No,Highly Likely to Crash
3880,Type B,74,Poor,100,0,Stormy,2,7159,14.883983031177866,Yes,Highly Likely to Crash
3881,Type A,87,Poor,89,1,Stormy,1,5341,4.311468319375247,No,Highly Likely to Crash
3882,Type C,62,Good,52,3,Clear,1,18835,13.849058735959373,No,Highly Likely to Crash
3883,Type B,53,Poor,50,2,Clear,3,15083,1.955659593353696,No,Highly Likely to Crash
3884,Type B,63,Poor,50,1,Clear,1,3924,14.033849834935696,Yes,Highly Likely to Crash
3885,Type C,82,Average,88,2,Stormy,3,15233,12.653134750180419,Yes,Inconclusive
3886,Type A,77,Average,70,5,Clear,2,15038,1.2932349382458712,Yes,Highly Likely to Crash
3887,Type C,86,Average,94,0,Cloudy,0,10017,5.174595237241305,No,Inconclusive
3888,Type C,57,Good,79,4,Stormy,1,18055,1.7133931514994694,No,Highly Likely to Crash
3889,Type B,93,Poor,81,0,Clear,0,13008,14.937082201413833,Yes,Highly Likely to Crash
3890,Type C,83,Poor,82,1,Stormy,3,4269,6.989816064172867,No,Highly Likely to Crash
3891,Type C,93,Good,97,2,Stormy,2,2810,10.270429274548924,Yes,Inconclusive
3892,Type B,54,Poor,71,2,Cloudy,1,2843,4.278668047513415,No,Highly Likely to Crash
3893,Type B,54,Average,79,3,Cloudy,0,3886,14.072307341345724,No,Highly Likely to Crash
3894,Type B,80,Good,95,0,Cloudy,3,19951,4.838437239552603,No,Inconclusive
3895,Type B,94,Poor,53,0,Stormy,0,2839,4.643004502232179,No,Highly Likely to Crash
3896,Type C,58,Good,72,1,Stormy,1,1183,5.4044013431789395,No,Highly Likely to Crash
3897,Type C,91,Good,93,2,Cloudy,0,1554,7.47484830510989,Yes,Inconclusive
3898,Type A,81,Poor,74,1,Stormy,2,19486,1.2594581672159544,Yes,Highly Likely to Crash
3899,Type A,82,Average,61,1,Cloudy,1,848,9.369725001793181,No,Inconclusive
3900,Type C,52,Poor,66,5,Cloudy,3,16862,1.443321159970334,Yes,Highly Likely to Crash
3901,Type A,79,Poor,64,2,Clear,1,1522,8.548834828354304,No,Highly Likely to Crash
3902,Type C,99,Average,59,1,Cloudy,3,1003,7.410388630549567,No,Inconclusive
3903,Type A,61,Poor,84,2,Clear,3,8777,4.395658813909742,No,Highly Likely to Crash
3904,Type B,78,Poor,78,1,Cloudy,1,12014,5.616752240391574,Yes,Highly Likely to Crash
3905,Type A,52,Poor,61,4,Stormy,3,14076,10.879237357425376,No,Highly Likely to Crash
3906,Type B,75,Good,50,1,Clear,1,1022,1.1343652781995488,No,Inconclusive
3907,Type B,79,Good,50,1,Stormy,2,12384,5.433059932360636,Yes,Inconclusive
3908,Type B,58,Good,59,4,Stormy,2,19392,10.524161558308142,No,Highly Likely to Crash
3909,Type B,75,Poor,67,0,Cloudy,0,517,3.1318341156357006,Yes,Highly Likely to Crash
3910,Type A,51,Average,96,2,Cloudy,2,1768,8.845399158605446,Yes,Highly Likely to Crash
3911,Type C,52,Good,51,3,Stormy,3,1676,3.3650609987579774,Yes,Highly Likely to Crash
3912,Type B,95,Average,98,4,Cloudy,0,18516,3.1666662759979944,Yes,Highly Likely to Crash
3913,Type A,53,Poor,57,0,Cloudy,0,13245,11.811921340132596,Yes,Highly Likely to Crash
3914,Type B,74,Good,71,1,Cloudy,1,12461,4.7313549462159274,Yes,Inconclusive
3915,Type A,100,Poor,71,5,Stormy,0,4113,6.260767665335384,Yes,Highly Likely to Crash
3916,Type A,62,Average,75,0,Clear,1,16998,11.220252918749578,No,Highly Likely to Crash
3917,Type A,88,Good,75,4,Clear,0,9444,3.513274407601669,No,Highly Likely to Crash
3918,Type C,93,Good,58,5,Stormy,2,7090,8.444318298660006,No,Highly Likely to Crash
3919,Type A,84,Good,70,1,Cloudy,1,19284,13.849475292705282,No,Inconclusive
3920,Type A,72,Good,80,0,Cloudy,3,7268,8.753575471298841,No,Inconclusive
3921,Type C,58,Average,92,3,Clear,0,19472,1.683840732728012,No,Highly Likely to Crash
3922,Type C,51,Good,55,2,Stormy,2,821,9.25576184547955,No,Highly Likely to Crash
3923,Type A,90,Poor,63,2,Stormy,2,8126,2.2621475932015693,No,Highly Likely to Crash
3924,Type C,93,Good,82,4,Cloudy,1,13013,4.949743566065963,Yes,Highly Likely to Crash
3925,Type B,80,Average,56,1,Cloudy,1,17717,12.89545147480916,No,Inconclusive
3926,Type B,93,Good,73,1,Cloudy,1,8903,1.154967792960651,No,Inconclusive
3927,Type C,96,Average,58,2,Stormy,3,9948,2.078186321304703,Yes,Inconclusive
3928,Type C,51,Average,60,0,Clear,3,17042,6.087097801525193,Yes,Highly Likely to Crash
3929,Type A,81,Poor,72,1,Stormy,3,3119,14.991542318590891,Yes,Highly Likely to Crash
3930,Type C,67,Good,97,3,Stormy,0,1847,5.086094685005805,No,Highly Likely to Crash
3931,Type A,62,Good,100,3,Stormy,3,3664,3.201844662304437,Yes,Highly Likely to Crash
3932,Type B,95,Good,51,1,Clear,1,14059,8.691909859875485,Yes,Inconclusive
3933,Type C,54,Poor,64,1,Cloudy,2,1410,8.269570301985647,Yes,Highly Likely to Crash
3934,Type A,91,Poor,84,2,Cloudy,2,7666,7.294674238003726,Yes,Highly Likely to Crash
3935,Type A,93,Average,85,4,Stormy,1,2951,14.253152528601284,No,Highly Likely to Crash
3936,Type B,59,Average,77,2,Stormy,3,12495,4.922091193307262,Yes,Highly Likely to Crash
3937,Type C,92,Average,88,4,Clear,3,903,5.1065392096675275,No,Highly Likely to Crash
3938,Type B,74,Poor,93,3,Clear,1,10533,2.9635975994191783,Yes,Highly Likely to Crash
3939,Type A,83,Poor,53,4,Cloudy,2,18574,10.762032250826454,Yes,Highly Likely to Crash
3940,Type A,86,Poor,59,2,Stormy,0,3985,5.499172595127535,Yes,Highly Likely to Crash
3941,Type C,79,Average,55,1,Clear,2,14251,12.238364102639135,No,Inconclusive
3942,Type A,56,Poor,79,4,Clear,3,9948,14.604610283220882,Yes,Highly Likely to Crash
3943,Type C,55,Average,95,2,Stormy,2,13910,1.6115933878682878,No,Highly Likely to Crash
3944,Type B,52,Average,84,3,Stormy,3,14762,14.903706460813748,Yes,Highly Likely to Crash
3945,Type C,62,Good,98,5,Stormy,2,10334,4.5574591689991815,No,Highly Likely to Crash
3946,Type C,52,Good,92,4,Stormy,1,17406,6.881545001563385,No,Highly Likely to Crash
3947,Type A,75,Good,59,3,Stormy,3,2444,11.88840696289769,Yes,Inconclusive
3948,Type A,73,Average,81,3,Stormy,0,2060,10.314635989950542,Yes,Inconclusive
3949,Type C,55,Good,91,0,Clear,0,5247,11.898116891688227,Yes,Highly Likely to Crash
3950,Type A,92,Good,91,5,Stormy,1,7654,7.528648220064023,No,Highly Likely to Crash
3951,Type A,98,Good,52,4,Cloudy,2,14589,13.824939100020089,Yes,Highly Likely to Crash
3952,Type A,91,Poor,75,2,Stormy,1,17476,12.059171275671543,No,Highly Likely to Crash
3953,Type C,61,Average,64,4,Cloudy,1,12585,5.329191656071465,No,Highly Likely to Crash
3954,Type A,98,Good,66,4,Cloudy,0,5827,14.278723098882638,No,Highly Likely to Crash
3955,Type C,85,Poor,76,5,Cloudy,0,17639,14.45475870796896,No,Highly Likely to Crash
3956,Type A,51,Poor,67,3,Stormy,3,996,6.810749780594419,No,Highly Likely to Crash
3957,Type B,60,Poor,100,3,Stormy,3,13560,10.12744683182627,No,Highly Likely to Crash
3958,Type A,88,Good,68,3,Cloudy,3,16156,12.406759492994649,No,Inconclusive
3959,Type A,83,Poor,61,3,Stormy,1,19305,12.442210036200262,Yes,Highly Likely to Crash
3960,Type C,75,Average,73,5,Clear,1,2098,1.1977296256706034,Yes,Highly Likely to Crash
3961,Type C,67,Poor,54,2,Clear,3,4627,9.80619086265158,No,Highly Likely to Crash
3962,Type A,70,Poor,73,1,Clear,0,13623,14.631790164308486,Yes,Highly Likely to Crash
3963,Type B,85,Poor,76,0,Clear,0,6051,4.238860069146396,Yes,Highly Likely to Crash
3964,Type A,89,Poor,97,3,Stormy,2,4090,12.13852402847714,No,Highly Likely to Crash
3965,Type A,95,Average,79,3,Cloudy,3,13473,8.479466695077754,Yes,Inconclusive
3966,Type B,93,Good,64,0,Stormy,1,17345,4.100582955944761,No,Less Likely to Crash
3967,Type C,71,Average,96,3,Clear,2,5466,1.7145316371759443,No,Inconclusive
3968,Type A,79,Average,87,1,Stormy,2,15819,11.638903954238108,Yes,Inconclusive
3969,Type C,99,Good,93,4,Stormy,2,12015,5.430584893347578,No,Highly Likely to Crash
3970,Type C,92,Poor,83,0,Clear,3,17049,6.258204392911465,No,Highly Likely to Crash
3971,Type B,79,Good,76,2,Cloudy,3,2228,7.793234745486155,Yes,Inconclusive
3972,Type B,57,Good,69,0,Stormy,3,5197,8.100728641598316,Yes,Highly Likely to Crash
3973,Type C,83,Average,90,1,Stormy,0,16230,3.886598077585755,No,Inconclusive
3974,Type A,96,Good,81,5,Clear,2,11866,10.388987862638594,Yes,Highly Likely to Crash
3975,Type C,58,Poor,53,2,Cloudy,0,19057,10.69555971938223,No,Highly Likely to Crash
3976,Type A,100,Average,54,4,Clear,3,537,2.9922129429894087,Yes,Highly Likely to Crash
3977,Type A,69,Poor,57,3,Clear,0,7986,8.460733558776138,Yes,Highly Likely to Crash
3978,Type B,89,Average,71,0,Stormy,0,2521,9.529630875182104,Yes,Inconclusive
3979,Type A,74,Poor,91,2,Cloudy,1,7380,3.6075216076040935,No,Highly Likely to Crash
3980,Type A,68,Good,56,0,Clear,3,5021,13.522469771410407,Yes,Highly Likely to Crash
3981,Type C,54,Good,71,4,Stormy,2,9339,7.759562056454037,No,Highly Likely to Crash
3982,Type B,60,Good,95,0,Clear,3,3802,2.61039700732424,No,Highly Likely to Crash
3983,Type A,64,Poor,79,2,Stormy,0,9011,5.6815464866967265,No,Highly Likely to Crash
3984,Type A,57,Average,86,1,Cloudy,3,6868,7.6774462758451545,Yes,Highly Likely to Crash
3985,Type B,68,Average,65,5,Clear,3,11245,1.142018143129855,Yes,Highly Likely to Crash
3986,Type C,72,Average,64,2,Cloudy,1,10414,1.4467382597646368,No,Inconclusive
3987,Type B,76,Good,54,0,Cloudy,1,10448,1.777288334348651,No,Inconclusive
3988,Type B,89,Poor,52,4,Stormy,3,12370,8.533893162592065,Yes,Highly Likely to Crash
3989,Type A,81,Average,72,3,Clear,1,6373,5.705234747325297,Yes,Inconclusive
3990,Type A,75,Poor,59,3,Clear,0,7998,13.503456672783994,Yes,Highly Likely to Crash
3991,Type C,76,Average,54,4,Stormy,0,6135,8.82927421260452,Yes,Highly Likely to Crash
3992,Type A,68,Good,72,0,Stormy,0,1264,11.638548603492755,No,Highly Likely to Crash
3993,Type A,99,Poor,64,5,Cloudy,1,17536,10.619864474571013,No,Highly Likely to Crash
3994,Type B,91,Average,67,4,Clear,3,12772,8.284490181328156,Yes,Highly Likely to Crash
3995,Type A,78,Average,74,0,Clear,0,15643,11.426086156711746,No,Inconclusive
3996,Type C,88,Average,57,2,Stormy,2,12294,8.625879840148205,Yes,Inconclusive
3997,Type B,90,Average,80,5,Stormy,0,10821,6.396388272666307,Yes,Highly Likely to Crash
3998,Type C,82,Good,70,1,Stormy,3,645,7.101267655107077,Yes,Inconclusive
3999,Type B,68,Average,51,0,Clear,0,5601,12.739018753614339,Yes,Highly Likely to Crash
4000,Type A,86,Average,71,3,Clear,2,4747,8.885829813729655,No,Inconclusive
4001,Type B,68,Good,57,3,Cloudy,0,10078,6.2821460742724184,No,Highly Likely to Crash
4002,Type B,82,Average,72,5,Stormy,0,4688,3.516404122207473,No,Highly Likely to Crash
4003,Type A,96,Poor,81,1,Cloudy,3,11279,7.935009790823875,Yes,Highly Likely to Crash
4004,Type A,65,Poor,57,0,Clear,0,3196,4.533657533454646,No,Highly Likely to Crash
4005,Type C,72,Average,53,1,Cloudy,0,8740,14.378118293797183,Yes,Inconclusive
4006,Type C,56,Good,79,2,Cloudy,1,14690,7.873749185115234,No,Highly Likely to Crash
4007,Type A,75,Good,68,1,Cloudy,3,12281,1.1252758344495997,Yes,Inconclusive
4008,Type A,81,Good,72,2,Stormy,3,11280,2.300280652922639,No,Inconclusive
4009,Type A,61,Average,67,3,Clear,3,5141,4.980542883947596,Yes,Highly Likely to Crash
4010,Type B,57,Average,78,2,Stormy,3,6059,2.290279783776354,No,Highly Likely to Crash
4011,Type B,54,Poor,72,0,Cloudy,0,1760,13.515471156935622,No,Highly Likely to Crash
4012,Type B,91,Good,82,5,Stormy,2,17533,12.96092193520743,No,Highly Likely to Crash
4013,Type A,77,Average,96,5,Clear,2,12131,14.592061124274593,No,Highly Likely to Crash
4014,Type C,54,Average,67,0,Clear,1,3548,10.890518600813337,No,Highly Likely to Crash
4015,Type A,98,Average,93,0,Cloudy,0,2523,10.036503646968223,No,Inconclusive
4016,Type B,75,Good,82,0,Cloudy,3,2574,13.928952930540873,No,Inconclusive
4017,Type B,54,Good,56,4,Stormy,3,12934,14.249504027288541,Yes,Highly Likely to Crash
4018,Type A,71,Poor,100,2,Clear,2,13655,13.284829800370435,Yes,Highly Likely to Crash
4019,Type A,64,Good,77,0,Clear,1,2812,13.060619813477517,Yes,Highly Likely to Crash
4020,Type B,62,Average,50,5,Stormy,0,3974,10.403845576212191,No,Highly Likely to Crash
4021,Type B,77,Poor,88,1,Clear,1,14671,1.0224832613550272,No,Highly Likely to Crash
4022,Type B,82,Good,83,1,Cloudy,0,3760,7.013238704615138,Yes,Inconclusive
4023,Type A,92,Good,88,4,Cloudy,1,16841,9.899278796510865,No,Highly Likely to Crash
4024,Type B,72,Good,68,2,Stormy,1,6118,8.659783326224467,Yes,Inconclusive
4025,Type B,82,Good,80,2,Stormy,3,13497,12.495772818472213,No,Inconclusive
4026,Type C,92,Average,62,2,Stormy,2,1850,12.464631871197817,Yes,Inconclusive
4027,Type A,67,Good,73,5,Cloudy,3,9785,9.381548132462479,No,Highly Likely to Crash
4028,Type C,99,Average,54,5,Stormy,2,6548,1.3079167456268914,No,Highly Likely to Crash
4029,Type C,79,Average,72,4,Clear,1,8641,6.170619332686049,No,Highly Likely to Crash
4030,Type B,75,Average,68,2,Stormy,0,11788,4.203432194808635,No,Inconclusive
4031,Type A,65,Poor,50,2,Clear,3,2354,5.743033522573511,No,Highly Likely to Crash
4032,Type B,62,Average,82,0,Cloudy,0,19150,9.642097163224866,No,Highly Likely to Crash
4033,Type A,88,Good,99,2,Clear,3,17444,1.9304666375581858,Yes,Inconclusive
4034,Type C,82,Poor,82,5,Clear,3,8046,1.3113886866856015,Yes,Highly Likely to Crash
4035,Type A,75,Good,81,0,Clear,3,16053,7.116220823724262,Yes,Inconclusive
4036,Type B,97,Average,77,0,Cloudy,0,7707,12.110033651467027,No,Inconclusive
4037,Type B,50,Good,86,2,Clear,3,6986,1.429780044379726,Yes,Highly Likely to Crash
4038,Type B,98,Poor,90,1,Clear,3,19267,12.886680191302892,No,Highly Likely to Crash
4039,Type A,87,Poor,61,3,Stormy,3,6647,6.374314858500111,Yes,Highly Likely to Crash
4040,Type C,51,Good,58,5,Stormy,0,10517,2.655296005236325,Yes,Highly Likely to Crash
4041,Type C,98,Good,99,1,Stormy,3,15594,8.94496820317343,Yes,Inconclusive
4042,Type A,55,Good,60,2,Clear,0,8164,14.333047859941729,No,Highly Likely to Crash
4043,Type B,95,Poor,82,2,Clear,2,15073,8.59518058654341,No,Highly Likely to Crash
4044,Type C,99,Average,68,1,Cloudy,3,2183,10.6128865810036,Yes,Inconclusive
4045,Type B,87,Good,91,2,Clear,1,9890,12.42989801647428,No,Inconclusive
4046,Type A,91,Average,83,5,Clear,2,1509,12.190761711463876,Yes,Highly Likely to Crash
4047,Type B,73,Poor,56,0,Cloudy,0,16320,2.023662199192356,No,Highly Likely to Crash
4048,Type C,67,Good,80,4,Clear,1,10399,11.373935785232948,Yes,Highly Likely to Crash
4049,Type C,76,Good,51,2,Cloudy,0,19156,14.292293922220246,No,Inconclusive
4050,Type B,90,Poor,68,2,Cloudy,0,3112,10.809131275728083,Yes,Highly Likely to Crash
4051,Type A,57,Good,87,1,Stormy,3,7726,12.710200511946548,No,Highly Likely to Crash
4052,Type B,77,Average,81,0,Clear,1,4841,7.797695814155676,No,Inconclusive
4053,Type A,59,Poor,59,1,Stormy,0,18426,5.4669705692202,Yes,Highly Likely to Crash
4054,Type B,66,Poor,90,5,Clear,2,18121,10.467349123272236,No,Highly Likely to Crash
4055,Type C,78,Good,57,1,Stormy,3,11667,7.890799693671813,No,Inconclusive
4056,Type A,55,Poor,75,2,Cloudy,2,6209,13.534043988401672,No,Highly Likely to Crash
4057,Type A,63,Good,79,0,Cloudy,2,13740,14.641347560314031,No,Highly Likely to Crash
4058,Type A,71,Good,60,5,Cloudy,3,2763,12.477228945126008,No,Highly Likely to Crash
4059,Type C,55,Poor,90,2,Cloudy,0,17166,14.897514644796216,No,Highly Likely to Crash
4060,Type B,75,Good,69,5,Clear,2,8498,5.877188377520245,No,Highly Likely to Crash
4061,Type C,88,Average,69,2,Clear,0,16815,13.54057530256277,No,Inconclusive
4062,Type A,61,Average,58,2,Stormy,0,8240,5.619070803163313,No,Highly Likely to Crash
4063,Type B,84,Good,57,2,Clear,3,11312,2.65253305428335,Yes,Inconclusive
4064,Type C,63,Average,64,4,Clear,2,14728,9.699231734360282,No,Highly Likely to Crash
4065,Type A,71,Good,83,3,Stormy,2,14032,7.369840880367948,No,Inconclusive
4066,Type A,100,Average,73,0,Cloudy,3,2382,13.90378926802865,Yes,Inconclusive
4067,Type C,72,Poor,82,4,Stormy,0,6687,7.890714426092211,No,Highly Likely to Crash
4068,Type C,97,Good,90,3,Stormy,0,19159,13.986856110400243,No,Inconclusive
4069,Type C,56,Good,90,5,Cloudy,3,15152,2.100874140731436,No,Highly Likely to Crash
4070,Type A,89,Good,94,3,Stormy,0,9292,12.627165700448685,No,Inconclusive
4071,Type C,99,Good,89,3,Stormy,0,18907,11.627599758501352,Yes,Inconclusive
4072,Type A,74,Good,76,4,Stormy,2,17350,11.079695828699592,No,Highly Likely to Crash
4073,Type C,62,Good,70,0,Clear,0,4450,5.9719019709630565,No,Highly Likely to Crash
4074,Type A,70,Poor,54,1,Cloudy,0,4389,11.972634903966043,Yes,Highly Likely to Crash
4075,Type A,90,Poor,84,3,Cloudy,0,19476,7.766152109426878,Yes,Highly Likely to Crash
4076,Type B,59,Average,70,1,Stormy,0,9711,11.012849152386753,Yes,Highly Likely to Crash
4077,Type C,58,Good,53,1,Clear,3,18431,8.731180054992386,No,Highly Likely to Crash
4078,Type C,64,Average,98,2,Cloudy,3,13589,3.2041558634677547,Yes,Highly Likely to Crash
4079,Type A,51,Average,97,1,Cloudy,3,16066,1.9038202624262313,No,Highly Likely to Crash
4080,Type A,74,Poor,65,5,Stormy,0,4936,6.126613116847652,Yes,Highly Likely to Crash
4081,Type A,62,Average,80,5,Stormy,3,17587,14.059043521241877,Yes,Highly Likely to Crash
4082,Type B,83,Poor,75,2,Stormy,1,8997,8.416290291501744,No,Highly Likely to Crash
4083,Type B,100,Average,84,0,Cloudy,1,8136,12.230688946636192,Yes,Inconclusive
4084,Type A,83,Good,55,0,Stormy,1,12479,9.06334298908364,No,Inconclusive
4085,Type C,84,Average,82,5,Stormy,2,9565,14.410674007828128,Yes,Highly Likely to Crash
4086,Type C,87,Poor,70,2,Stormy,0,2081,6.172377870164412,Yes,Highly Likely to Crash
4087,Type B,52,Poor,65,0,Clear,2,4457,1.798706375291621,No,Highly Likely to Crash
4088,Type B,91,Poor,96,3,Stormy,3,5090,11.929357366278184,No,Highly Likely to Crash
4089,Type A,55,Average,88,0,Cloudy,0,15413,10.87639111663528,Yes,Highly Likely to Crash
4090,Type C,97,Average,83,2,Stormy,1,18569,8.385481351336846,No,Inconclusive
4091,Type A,98,Poor,91,5,Cloudy,0,10297,5.569477404664405,Yes,Highly Likely to Crash
4092,Type B,68,Good,64,3,Clear,2,8031,3.6357120676521495,No,Highly Likely to Crash
4093,Type C,52,Good,55,1,Clear,3,14325,7.7518646184684,Yes,Highly Likely to Crash
4094,Type C,67,Average,51,1,Stormy,3,7411,10.326819730066816,No,Highly Likely to Crash
4095,Type B,88,Average,73,1,Cloudy,2,6231,9.1044100111827,Yes,Inconclusive
4096,Type A,58,Poor,98,5,Stormy,0,17779,7.124867145202512,Yes,Highly Likely to Crash
4097,Type A,61,Average,77,2,Stormy,2,15290,8.555722220608729,Yes,Highly Likely to Crash
4098,Type C,54,Average,50,1,Cloudy,3,13955,2.5113690244043783,Yes,Highly Likely to Crash
4099,Type B,52,Poor,50,0,Cloudy,1,11955,10.7417614540389,No,Highly Likely to Crash
4100,Type C,60,Poor,77,1,Cloudy,3,12545,11.279584613143069,No,Highly Likely to Crash
4101,Type B,79,Average,85,4,Cloudy,3,19230,1.1603364573592683,No,Highly Likely to Crash
4102,Type A,53,Good,69,5,Cloudy,0,4031,4.787273782052165,Yes,Highly Likely to Crash
4103,Type B,54,Average,97,4,Clear,1,11166,2.2896360424258226,Yes,Highly Likely to Crash
4104,Type A,50,Good,57,1,Clear,3,18745,14.975249846242955,Yes,Highly Likely to Crash
4105,Type B,76,Good,50,1,Clear,1,5352,9.306799672572287,No,Inconclusive
4106,Type C,77,Good,75,4,Cloudy,2,16914,7.520333319171874,No,Highly Likely to Crash
4107,Type A,78,Poor,100,5,Cloudy,0,14781,7.482014265734802,No,Highly Likely to Crash
4108,Type C,67,Poor,92,5,Cloudy,1,16270,14.506834869202782,No,Highly Likely to Crash
4109,Type C,61,Poor,98,1,Stormy,1,14887,10.237978934093677,Yes,Highly Likely to Crash
4110,Type A,62,Average,74,5,Clear,0,17126,3.361233815459257,Yes,Highly Likely to Crash
4111,Type A,90,Poor,59,3,Clear,2,13473,7.274223591942143,Yes,Highly Likely to Crash
4112,Type C,51,Poor,61,5,Stormy,1,14423,11.838755773242589,Yes,Highly Likely to Crash
4113,Type C,86,Average,90,4,Stormy,0,6011,6.926900936023102,No,Highly Likely to Crash
4114,Type C,94,Average,56,2,Clear,3,6008,5.33346796241602,Yes,Inconclusive
4115,Type C,65,Good,61,4,Cloudy,0,5168,14.877025072123574,No,Highly Likely to Crash
4116,Type A,97,Average,96,0,Clear,3,6587,14.098919884571208,No,Inconclusive
4117,Type A,73,Average,89,3,Cloudy,1,7515,14.18184517053542,Yes,Inconclusive
4118,Type C,84,Poor,66,2,Clear,1,7162,2.8434154154183275,No,Highly Likely to Crash
4119,Type B,71,Good,54,1,Clear,1,12114,4.2795735953282685,No,Inconclusive
4120,Type B,85,Good,63,0,Stormy,2,4503,7.1889374143217735,Yes,Inconclusive
4121,Type A,60,Average,83,0,Stormy,2,1098,12.649809615255815,No,Highly Likely to Crash
4122,Type C,95,Poor,97,3,Cloudy,3,19079,11.315585563186723,Yes,Highly Likely to Crash
4123,Type C,78,Poor,66,2,Cloudy,0,569,12.895343532134008,No,Highly Likely to Crash
4124,Type A,84,Poor,84,0,Clear,3,8639,13.890686076203192,No,Highly Likely to Crash
4125,Type B,97,Poor,50,2,Stormy,0,10085,11.930735802707282,No,Highly Likely to Crash
4126,Type B,64,Average,99,2,Cloudy,1,4159,4.664780142029695,No,Highly Likely to Crash
4127,Type B,80,Poor,99,5,Cloudy,0,6134,4.99623955342037,No,Highly Likely to Crash
4128,Type A,91,Good,85,0,Cloudy,2,19165,5.934827542723378,Yes,Less Likely to Crash
4129,Type B,90,Good,64,2,Clear,0,7322,5.243055135670646,No,Inconclusive
4130,Type A,92,Average,68,3,Cloudy,0,4182,4.487385295843583,No,Inconclusive
4131,Type A,65,Poor,100,0,Cloudy,1,3183,11.534804838260392,No,Highly Likely to Crash
4132,Type C,59,Poor,91,3,Stormy,1,5062,1.4758747126053373,No,Highly Likely to Crash
4133,Type B,98,Poor,54,3,Stormy,2,5152,11.197512333330911,Yes,Highly Likely to Crash
4134,Type A,81,Poor,68,2,Stormy,0,13681,12.529892801209552,No,Highly Likely to Crash
4135,Type B,100,Average,92,2,Clear,0,10002,1.9246166068274497,No,Inconclusive
4136,Type B,51,Poor,88,5,Stormy,0,5213,1.8658595008139465,No,Highly Likely to Crash
4137,Type C,73,Average,54,5,Stormy,1,5913,4.996493240506213,Yes,Highly Likely to Crash
4138,Type B,72,Poor,61,0,Stormy,2,2575,3.9162954184233127,No,Highly Likely to Crash
4139,Type C,51,Poor,68,5,Stormy,0,1282,9.135871431662707,No,Highly Likely to Crash
4140,Type A,87,Good,96,1,Cloudy,0,10025,10.45632160902287,No,Inconclusive
4141,Type B,80,Average,61,0,Clear,0,12409,9.877987945460546,Yes,Inconclusive
4142,Type A,100,Good,85,3,Cloudy,0,15462,6.002863183671119,No,Inconclusive
4143,Type B,89,Average,61,5,Cloudy,2,16353,7.9775696845909065,No,Highly Likely to Crash
4144,Type A,75,Poor,67,5,Clear,2,17941,9.959871613057665,No,Highly Likely to Crash
4145,Type B,78,Poor,98,5,Cloudy,2,2554,2.6719677632891843,Yes,Highly Likely to Crash
4146,Type B,52,Average,100,2,Stormy,1,14875,4.213166802354517,No,Highly Likely to Crash
4147,Type B,63,Good,97,3,Clear,0,12093,13.466946155806559,No,Highly Likely to Crash
4148,Type B,74,Average,92,5,Cloudy,0,13696,5.792569271687599,No,Highly Likely to Crash
4149,Type B,97,Average,83,4,Cloudy,0,2609,12.216189346875874,No,Highly Likely to Crash
4150,Type B,50,Poor,97,4,Stormy,0,1820,4.513856532720016,Yes,Highly Likely to Crash
4151,Type B,52,Good,82,3,Cloudy,3,15214,1.582964921504306,Yes,Highly Likely to Crash
4152,Type B,75,Average,98,5,Cloudy,2,16487,8.005608294627734,Yes,Highly Likely to Crash
4153,Type B,67,Good,67,1,Cloudy,3,4917,13.49474860987481,No,Highly Likely to Crash
4154,Type A,58,Good,78,1,Clear,3,4199,12.469983687989929,Yes,Highly Likely to Crash
4155,Type C,87,Average,94,0,Clear,1,17616,4.541148364942858,No,Inconclusive
4156,Type B,72,Good,54,0,Cloudy,1,14168,13.739100841940859,No,Inconclusive
4157,Type C,70,Poor,74,5,Cloudy,0,7062,7.716022528828244,No,Highly Likely to Crash
4158,Type B,50,Poor,73,0,Stormy,3,14147,1.6859860530413808,Yes,Highly Likely to Crash
4159,Type B,70,Poor,78,2,Clear,3,16859,1.3909446767485243,Yes,Highly Likely to Crash
4160,Type A,76,Poor,87,1,Clear,2,14702,7.791592276046551,No,Highly Likely to Crash
4161,Type A,91,Good,82,3,Clear,3,9296,8.648519979993427,No,Inconclusive
4162,Type C,55,Poor,59,5,Cloudy,1,2222,2.118780888156265,Yes,Highly Likely to Crash
4163,Type A,93,Average,86,5,Stormy,3,11096,13.911369152152504,Yes,Highly Likely to Crash
4164,Type A,85,Poor,82,4,Stormy,1,15036,11.055035598871523,No,Highly Likely to Crash
4165,Type C,77,Average,72,1,Cloudy,0,12174,12.217953018814384,Yes,Inconclusive
4166,Type A,94,Average,60,1,Cloudy,1,16147,9.176325517028921,No,Inconclusive
4167,Type B,66,Poor,73,1,Stormy,0,3312,10.289617066163204,Yes,Highly Likely to Crash
4168,Type C,89,Poor,73,0,Stormy,2,10273,6.4300432175796844,Yes,Highly Likely to Crash
4169,Type C,52,Good,56,2,Clear,0,2778,10.510159189217305,Yes,Highly Likely to Crash
4170,Type B,61,Average,99,3,Cloudy,3,15954,14.69456047965977,No,Highly Likely to Crash
4171,Type A,88,Poor,70,0,Clear,1,2850,10.068022748553565,No,Highly Likely to Crash
4172,Type C,61,Good,69,2,Stormy,0,4123,5.7828721202243765,No,Highly Likely to Crash
4173,Type C,51,Poor,59,1,Clear,0,7030,4.99334771335455,No,Highly Likely to Crash
4174,Type B,95,Poor,74,2,Stormy,0,17598,14.486843171858883,Yes,Highly Likely to Crash
4175,Type B,71,Poor,96,0,Stormy,0,16487,3.5900321595129103,No,Highly Likely to Crash
4176,Type A,72,Average,85,1,Clear,0,1424,12.286752563374677,Yes,Inconclusive
4177,Type C,79,Poor,97,0,Cloudy,0,5029,7.5136720881226235,No,Highly Likely to Crash
4178,Type A,54,Good,96,3,Clear,1,12770,7.212636560939208,No,Highly Likely to Crash
4179,Type A,58,Poor,64,1,Clear,3,19453,11.465529031703886,No,Highly Likely to Crash
4180,Type B,70,Poor,93,2,Cloudy,3,3315,3.072538020643208,Yes,Highly Likely to Crash
4181,Type C,60,Good,89,0,Cloudy,0,5078,7.528142966028886,Yes,Highly Likely to Crash
4182,Type C,54,Good,89,4,Clear,1,4962,1.5016716287484764,Yes,Highly Likely to Crash
4183,Type C,84,Average,99,2,Stormy,0,1388,10.385695501160571,No,Inconclusive
4184,Type B,76,Average,55,2,Clear,2,14142,1.8172819753513292,No,Inconclusive
4185,Type B,98,Average,86,1,Stormy,3,2223,2.2220431674344177,Yes,Inconclusive
4186,Type B,51,Average,51,5,Cloudy,0,18142,12.827569337208844,Yes,Highly Likely to Crash
4187,Type B,73,Good,61,2,Cloudy,1,9102,7.201372618222991,Yes,Inconclusive
4188,Type B,80,Poor,53,0,Stormy,3,19114,3.8136596396753957,Yes,Highly Likely to Crash
4189,Type C,82,Poor,72,4,Clear,1,11886,9.296184063375318,No,Highly Likely to Crash
4190,Type A,88,Poor,62,3,Cloudy,2,18944,8.269965704183441,No,Highly Likely to Crash
4191,Type C,79,Average,66,4,Stormy,0,3113,6.752716574400014,No,Highly Likely to Crash
4192,Type A,95,Good,80,0,Stormy,2,10504,13.675838934490864,No,Less Likely to Crash
4193,Type B,86,Good,65,1,Clear,3,18686,11.492411974132844,No,Inconclusive
4194,Type A,100,Good,90,0,Stormy,0,16480,3.1223001975741527,Yes,Less Likely to Crash
4195,Type C,77,Poor,75,5,Stormy,3,12598,8.990845099263879,Yes,Highly Likely to Crash
4196,Type C,80,Average,77,5,Clear,0,1177,2.2424146098667395,No,Highly Likely to Crash
4197,Type A,60,Good,50,5,Cloudy,1,11602,4.425155586199292,Yes,Highly Likely to Crash
4198,Type B,72,Average,96,2,Cloudy,3,8230,13.738044854088965,No,Inconclusive
4199,Type B,51,Good,61,1,Cloudy,2,10943,7.469118959915391,No,Highly Likely to Crash
4200,Type C,89,Average,86,5,Stormy,2,3504,13.489485422647823,Yes,Highly Likely to Crash
4201,Type A,90,Good,99,3,Stormy,1,15902,3.323985518281898,Yes,Inconclusive
4202,Type B,76,Average,69,3,Clear,1,9486,3.8747844651629446,No,Inconclusive
4203,Type B,84,Good,51,0,Stormy,2,1228,5.939546122939299,No,Inconclusive
4204,Type C,51,Good,85,5,Stormy,1,14673,6.128558991632534,Yes,Highly Likely to Crash
4205,Type B,88,Average,64,2,Cloudy,0,15341,11.43388178322874,Yes,Inconclusive
4206,Type A,86,Average,87,3,Stormy,2,690,9.391747867557207,No,Inconclusive
4207,Type C,70,Poor,71,4,Stormy,3,14589,8.745491963252821,Yes,Highly Likely to Crash
4208,Type C,54,Average,93,1,Stormy,2,10688,9.433257095593316,No,Highly Likely to Crash
4209,Type A,94,Good,99,4,Clear,1,10799,11.250679215327727,No,Highly Likely to Crash
4210,Type C,70,Good,81,3,Stormy,0,14190,13.499432940527242,Yes,Inconclusive
4211,Type B,78,Average,69,3,Clear,3,14240,6.806359390681083,Yes,Inconclusive
4212,Type B,69,Poor,85,0,Cloudy,2,10801,12.240963200928515,No,Highly Likely to Crash
4213,Type A,87,Average,82,0,Stormy,2,6539,7.931356363204401,Yes,Inconclusive
4214,Type B,69,Good,64,5,Clear,3,6945,11.109095395693537,Yes,Highly Likely to Crash
4215,Type A,99,Good,99,1,Cloudy,0,9329,13.247533032836746,Yes,Inconclusive
4216,Type A,74,Poor,95,5,Stormy,1,4545,1.4510075131076725,Yes,Highly Likely to Crash
4217,Type B,51,Average,52,0,Clear,1,6124,8.652816574714926,Yes,Highly Likely to Crash
4218,Type A,81,Good,78,2,Clear,1,11511,14.851328770446656,No,Inconclusive
4219,Type B,75,Good,96,1,Cloudy,1,7334,7.947141803314498,Yes,Inconclusive
4220,Type C,55,Good,76,2,Stormy,3,9533,13.100251556423691,Yes,Highly Likely to Crash
4221,Type C,90,Average,54,5,Stormy,0,3747,3.6025979338356113,Yes,Highly Likely to Crash
4222,Type A,52,Average,80,0,Stormy,0,18100,9.460019263448643,No,Highly Likely to Crash
4223,Type B,82,Poor,71,1,Clear,2,8480,13.184283485282233,No,Highly Likely to Crash
4224,Type B,50,Good,84,5,Stormy,2,6086,7.041463842662797,No,Highly Likely to Crash
4225,Type C,100,Good,56,3,Clear,0,8440,7.814108824670612,Yes,Inconclusive
4226,Type C,54,Poor,55,5,Clear,2,19106,2.148250662286249,No,Highly Likely to Crash
4227,Type B,62,Good,75,4,Cloudy,0,9949,1.59040928730847,Yes,Highly Likely to Crash
4228,Type A,68,Poor,50,3,Clear,3,8479,7.561916194161765,Yes,Highly Likely to Crash
4229,Type C,61,Poor,68,2,Cloudy,3,2014,12.808654642975874,No,Highly Likely to Crash
4230,Type A,97,Good,56,3,Cloudy,1,13238,14.038539809606009,No,Inconclusive
4231,Type A,74,Average,85,5,Stormy,0,3383,10.221142048457859,No,Highly Likely to Crash
4232,Type C,100,Average,61,3,Cloudy,3,4326,12.569580390684642,No,Inconclusive
4233,Type A,84,Average,69,4,Stormy,0,13067,11.287958277217674,Yes,Highly Likely to Crash
4234,Type A,61,Average,72,5,Cloudy,2,4839,10.820801576605731,No,Highly Likely to Crash
4235,Type B,79,Good,74,4,Clear,0,1174,11.766463383014623,Yes,Highly Likely to Crash
4236,Type A,54,Poor,79,3,Stormy,1,15926,8.074241333753008,No,Highly Likely to Crash
4237,Type B,83,Poor,78,4,Clear,1,16986,7.411133448955963,No,Highly Likely to Crash
4238,Type C,71,Good,80,3,Stormy,3,11049,3.2280093113860415,No,Inconclusive
4239,Type C,88,Average,67,1,Clear,2,4493,12.813414433913257,Yes,Inconclusive
4240,Type B,62,Poor,90,3,Cloudy,2,12719,1.6245943214546652,No,Highly Likely to Crash
4241,Type C,96,Good,68,0,Stormy,0,4208,4.744217697322608,Yes,Less Likely to Crash
4242,Type A,52,Good,53,4,Stormy,2,1995,8.278826060040206,Yes,Highly Likely to Crash
4243,Type A,69,Average,50,4,Stormy,1,3892,14.602373575308695,Yes,Highly Likely to Crash
4244,Type A,80,Good,90,2,Cloudy,3,12198,12.00362119214256,Yes,Inconclusive
4245,Type C,54,Poor,64,2,Clear,3,8037,6.161397145080792,Yes,Highly Likely to Crash
4246,Type A,73,Poor,57,0,Cloudy,3,3285,10.995277467174091,Yes,Highly Likely to Crash
4247,Type C,89,Good,64,4,Cloudy,2,6088,14.039171432212186,Yes,Highly Likely to Crash
4248,Type A,82,Poor,64,4,Cloudy,2,5302,8.544368321519062,Yes,Highly Likely to Crash
4249,Type B,57,Good,99,2,Clear,1,15711,7.4671627370132905,Yes,Highly Likely to Crash
4250,Type C,73,Poor,88,2,Cloudy,0,5391,8.741905811840585,No,Highly Likely to Crash
4251,Type C,99,Average,71,3,Stormy,0,13260,5.3614205761557585,No,Inconclusive
4252,Type A,69,Poor,67,5,Cloudy,3,4025,13.702883349578668,No,Highly Likely to Crash
4253,Type C,65,Average,65,4,Clear,3,5277,12.161945374460679,Yes,Highly Likely to Crash
4254,Type C,99,Average,51,4,Stormy,2,4689,10.876777572945878,Yes,Highly Likely to Crash
4255,Type B,61,Good,85,3,Clear,3,13523,9.247289127876996,No,Highly Likely to Crash
4256,Type B,62,Average,69,4,Cloudy,1,18797,14.572646898330637,No,Highly Likely to Crash
4257,Type A,94,Poor,65,0,Clear,1,11149,5.167880212641886,Yes,Highly Likely to Crash
4258,Type B,91,Poor,52,2,Stormy,3,14377,4.963892308695893,No,Highly Likely to Crash
4259,Type A,88,Average,79,2,Clear,3,1650,4.389936660084551,Yes,Inconclusive
4260,Type A,74,Good,51,5,Stormy,3,14801,11.384863841029054,No,Highly Likely to Crash
4261,Type A,95,Average,84,2,Stormy,3,4637,12.161998958240204,Yes,Inconclusive
4262,Type C,81,Poor,75,1,Cloudy,3,2010,9.359598466333686,Yes,Highly Likely to Crash
4263,Type B,73,Poor,54,0,Cloudy,1,14482,10.127771944733642,Yes,Highly Likely to Crash
4264,Type A,97,Average,51,0,Stormy,0,4415,5.885450704489499,Yes,Inconclusive
4265,Type B,96,Average,100,3,Clear,1,15234,1.5566055946203525,No,Inconclusive
4266,Type A,93,Average,69,1,Stormy,1,11457,4.5509018109775425,Yes,Inconclusive
4267,Type B,58,Poor,83,4,Cloudy,3,4438,9.180245179825963,Yes,Highly Likely to Crash
4268,Type B,89,Poor,83,5,Clear,0,19395,12.38105755338144,No,Highly Likely to Crash
4269,Type A,99,Poor,69,0,Stormy,3,1573,11.88072969806196,No,Highly Likely to Crash
4270,Type C,72,Good,99,1,Cloudy,1,2692,3.512823098704537,No,Inconclusive
4271,Type B,99,Poor,74,1,Stormy,0,8707,1.7202469410671961,Yes,Highly Likely to Crash
4272,Type C,62,Poor,69,0,Stormy,2,7883,12.907840559944578,Yes,Highly Likely to Crash
4273,Type C,81,Good,74,3,Stormy,3,5671,2.0582492578371223,No,Inconclusive
4274,Type A,99,Good,63,1,Clear,2,8798,6.50635767904693,No,Inconclusive
4275,Type A,64,Good,96,2,Cloudy,2,6980,2.3191591949888197,No,Highly Likely to Crash
4276,Type A,85,Good,93,1,Cloudy,2,13158,8.896681946280495,Yes,Inconclusive
4277,Type B,98,Good,92,4,Stormy,2,3357,6.086710036625227,No,Highly Likely to Crash
4278,Type A,54,Good,92,0,Stormy,0,4849,3.8349106492211753,No,Highly Likely to Crash
4279,Type A,71,Average,88,4,Stormy,3,1928,9.332347355052578,Yes,Highly Likely to Crash
4280,Type B,65,Average,61,3,Clear,0,7223,6.087485058315654,Yes,Highly Likely to Crash
4281,Type B,90,Average,97,5,Cloudy,3,14510,3.3350355240912206,Yes,Highly Likely to Crash
4282,Type A,59,Average,54,2,Stormy,3,16218,10.801209775899682,No,Highly Likely to Crash
4283,Type A,73,Poor,51,0,Cloudy,3,15309,12.71531633835327,Yes,Highly Likely to Crash
4284,Type A,67,Good,65,1,Stormy,0,13772,4.832395995224932,Yes,Highly Likely to Crash
4285,Type A,98,Poor,79,2,Cloudy,1,12328,3.6099506412257636,No,Highly Likely to Crash
4286,Type C,67,Good,96,1,Stormy,2,12163,2.053526067796721,Yes,Highly Likely to Crash
4287,Type C,56,Good,92,3,Clear,1,8356,8.39062975098289,No,Highly Likely to Crash
4288,Type A,53,Poor,87,5,Stormy,1,11723,12.63811179645337,No,Highly Likely to Crash
4289,Type C,75,Average,94,0,Stormy,1,7145,4.511058530004494,Yes,Inconclusive
4290,Type B,54,Poor,100,3,Stormy,2,3421,7.44892880282598,No,Highly Likely to Crash
4291,Type C,65,Poor,91,3,Stormy,1,8666,3.251248348268917,No,Highly Likely to Crash
4292,Type C,84,Good,73,5,Stormy,2,13137,6.658811535910788,No,Highly Likely to Crash
4293,Type A,75,Good,100,3,Cloudy,2,14266,1.2162315057766533,Yes,Inconclusive
4294,Type C,67,Good,79,3,Cloudy,2,1378,13.750206949948339,No,Highly Likely to Crash
4295,Type C,78,Average,86,1,Clear,3,11204,10.472006530007961,No,Inconclusive
4296,Type C,72,Poor,88,4,Stormy,3,9002,5.659392046886804,Yes,Highly Likely to Crash
4297,Type C,63,Poor,60,1,Cloudy,1,15766,13.336775640784325,Yes,Highly Likely to Crash
4298,Type B,64,Average,63,5,Cloudy,3,15800,3.5610148120626195,No,Highly Likely to Crash
4299,Type A,98,Poor,72,2,Stormy,2,1821,2.1022722459794405,No,Highly Likely to Crash
4300,Type A,82,Poor,65,5,Stormy,3,12088,14.196702136042495,Yes,Highly Likely to Crash
4301,Type B,74,Good,99,5,Clear,2,15546,5.326237464302513,No,Highly Likely to Crash
4302,Type C,70,Average,70,5,Clear,0,11306,14.103627517518351,Yes,Highly Likely to Crash
4303,Type B,66,Good,53,5,Cloudy,3,8962,9.926580869819293,Yes,Highly Likely to Crash
4304,Type C,72,Average,82,3,Clear,1,5720,14.7206010594166,Yes,Inconclusive
4305,Type B,92,Good,96,5,Cloudy,0,19911,11.548008970973886,No,Highly Likely to Crash
4306,Type A,66,Poor,63,2,Clear,0,3624,2.4767741369961724,Yes,Highly Likely to Crash
4307,Type A,63,Average,68,5,Stormy,3,18637,12.931201337656754,Yes,Highly Likely to Crash
4308,Type A,78,Average,54,1,Clear,3,8686,3.070299315391556,Yes,Inconclusive
4309,Type C,69,Good,85,3,Cloudy,1,5599,10.690766480840395,No,Highly Likely to Crash
4310,Type C,79,Average,80,1,Clear,0,9052,8.005704291927099,No,Inconclusive
4311,Type B,68,Poor,94,3,Cloudy,2,12127,10.908150114022774,Yes,Highly Likely to Crash
4312,Type B,88,Poor,67,1,Cloudy,3,17735,11.709853457354777,Yes,Highly Likely to Crash
4313,Type A,62,Poor,93,0,Clear,0,17743,12.251312959786427,No,Highly Likely to Crash
4314,Type C,67,Good,80,4,Clear,0,13488,12.689721857740011,No,Highly Likely to Crash
4315,Type B,72,Average,79,4,Cloudy,2,1850,12.861143301695012,No,Highly Likely to Crash
4316,Type C,95,Good,70,3,Stormy,0,12776,6.776041971313876,Yes,Inconclusive
4317,Type C,82,Poor,96,0,Clear,3,12239,13.449193010690905,No,Highly Likely to Crash
4318,Type A,88,Average,79,2,Cloudy,2,6230,11.074123549638212,Yes,Inconclusive
4319,Type A,89,Poor,90,0,Stormy,3,12884,12.74559303985652,Yes,Highly Likely to Crash
4320,Type C,67,Average,53,3,Cloudy,1,826,14.848678940104401,No,Highly Likely to Crash
4321,Type C,58,Average,54,0,Clear,0,2620,2.6298063898557125,Yes,Highly Likely to Crash
4322,Type C,82,Good,90,2,Cloudy,3,1493,6.188115767595713,Yes,Inconclusive
4323,Type C,81,Average,94,3,Cloudy,3,18650,12.291658289887712,No,Inconclusive
4324,Type A,66,Poor,59,4,Cloudy,1,13120,2.208248599547611,Yes,Highly Likely to Crash
4325,Type B,68,Average,76,5,Clear,0,16278,8.570934916614442,Yes,Highly Likely to Crash
4326,Type A,76,Poor,65,0,Stormy,3,18848,13.017571424993829,No,Highly Likely to Crash
4327,Type B,55,Good,79,4,Stormy,2,3281,1.2658776849143212,Yes,Highly Likely to Crash
4328,Type C,84,Poor,62,4,Stormy,3,7519,14.153264579827015,No,Highly Likely to Crash
4329,Type B,86,Average,85,1,Stormy,3,3405,14.69402753466444,No,Inconclusive
4330,Type A,83,Poor,70,2,Clear,3,8790,5.511933015915333,Yes,Highly Likely to Crash
4331,Type A,69,Poor,94,5,Cloudy,3,15760,11.735076679460716,Yes,Highly Likely to Crash
4332,Type C,74,Average,89,0,Stormy,0,17127,2.78046543730232,No,Inconclusive
4333,Type A,53,Poor,94,4,Stormy,3,8438,11.820099787380448,No,Highly Likely to Crash
4334,Type C,59,Average,64,4,Clear,1,5994,7.741303531676072,Yes,Highly Likely to Crash
4335,Type A,59,Good,69,2,Cloudy,3,3209,13.04382309939497,Yes,Highly Likely to Crash
4336,Type A,73,Poor,69,5,Cloudy,2,13154,3.976489981866812,Yes,Highly Likely to Crash
4337,Type C,70,Good,94,5,Stormy,2,16869,10.417211345391351,No,Highly Likely to Crash
4338,Type B,60,Poor,54,4,Stormy,3,11918,12.005668441821909,Yes,Highly Likely to Crash
4339,Type A,76,Poor,81,4,Cloudy,3,14269,3.8348917135325875,Yes,Highly Likely to Crash
4340,Type B,65,Good,55,4,Clear,1,8295,12.456021885977501,Yes,Highly Likely to Crash
4341,Type A,75,Poor,79,4,Cloudy,1,16582,14.411797013186169,Yes,Highly Likely to Crash
4342,Type A,79,Poor,75,1,Cloudy,0,17931,9.625100398888833,No,Highly Likely to Crash
4343,Type A,98,Good,86,1,Stormy,0,10007,11.987905835067707,No,Inconclusive
4344,Type A,65,Poor,62,5,Clear,2,10078,8.45617403103504,Yes,Highly Likely to Crash
4345,Type B,56,Average,78,3,Clear,3,7211,9.37344705393883,Yes,Highly Likely to Crash
4346,Type B,65,Poor,54,0,Clear,3,16479,1.1869340833595095,No,Highly Likely to Crash
4347,Type A,84,Poor,74,2,Stormy,1,15549,8.34002173570438,Yes,Highly Likely to Crash
4348,Type A,65,Poor,62,3,Clear,1,8562,9.057892497536562,No,Highly Likely to Crash
4349,Type B,89,Good,73,1,Clear,0,16333,10.38066564071541,No,Inconclusive
4350,Type C,61,Average,80,1,Stormy,0,10103,3.371468523657641,No,Highly Likely to Crash
4351,Type C,84,Average,69,1,Cloudy,2,11941,4.379239673391295,No,Inconclusive
4352,Type B,98,Poor,57,3,Clear,1,5070,11.584064843691678,Yes,Highly Likely to Crash
4353,Type A,70,Good,58,1,Cloudy,3,19336,3.3469434803831186,No,Inconclusive
4354,Type A,99,Good,70,3,Clear,1,18967,6.824365013400599,Yes,Inconclusive
4355,Type C,92,Average,100,1,Cloudy,1,13345,4.506863065844538,Yes,Inconclusive
4356,Type C,85,Good,69,4,Cloudy,1,12370,8.632577450704545,No,Highly Likely to Crash
4357,Type B,97,Poor,64,4,Stormy,0,10042,14.816192336169212,No,Highly Likely to Crash
4358,Type C,66,Poor,75,0,Stormy,3,5333,12.928530567496106,No,Highly Likely to Crash
4359,Type B,81,Good,91,1,Clear,3,7301,4.772640759462261,Yes,Inconclusive
4360,Type C,90,Poor,60,0,Clear,0,3840,6.160565348098197,No,Highly Likely to Crash
4361,Type C,55,Average,86,3,Stormy,0,11264,13.860870154969753,No,Highly Likely to Crash
4362,Type C,73,Poor,90,0,Clear,3,12812,13.576129612966339,No,Highly Likely to Crash
4363,Type A,76,Good,60,1,Clear,2,4344,3.2473925382811455,Yes,Inconclusive
4364,Type A,69,Average,76,3,Stormy,1,1139,12.609795844563468,No,Highly Likely to Crash
4365,Type A,74,Poor,79,3,Cloudy,3,11920,5.166510667024325,No,Highly Likely to Crash
4366,Type C,51,Average,68,4,Clear,0,15711,8.613244230455773,No,Highly Likely to Crash
4367,Type B,58,Good,83,3,Stormy,3,13996,1.0713774500627737,Yes,Highly Likely to Crash
4368,Type B,77,Poor,87,3,Clear,1,8651,14.980262672546171,No,Highly Likely to Crash
4369,Type B,87,Poor,72,0,Clear,3,8877,11.65535057507828,Yes,Highly Likely to Crash
4370,Type B,52,Average,50,5,Stormy,0,5900,4.384262838582143,Yes,Highly Likely to Crash
4371,Type A,69,Poor,52,3,Stormy,2,16445,10.573128517946845,Yes,Highly Likely to Crash
4372,Type A,55,Poor,52,2,Clear,0,18202,5.106303079528718,Yes,Highly Likely to Crash
4373,Type C,88,Poor,77,5,Clear,2,9219,2.252381395804232,Yes,Highly Likely to Crash
4374,Type C,82,Poor,63,4,Cloudy,1,3759,6.954339389139824,No,Highly Likely to Crash
4375,Type B,50,Good,79,4,Cloudy,0,3983,9.592064074211033,No,Highly Likely to Crash
4376,Type A,86,Poor,54,3,Stormy,3,19903,2.2568844149550964,Yes,Highly Likely to Crash
4377,Type B,55,Average,98,0,Clear,0,10259,8.257688179405198,Yes,Highly Likely to Crash
4378,Type C,94,Good,64,5,Stormy,0,10726,8.208099254237139,Yes,Highly Likely to Crash
4379,Type C,83,Average,87,4,Stormy,1,14672,9.801033368591844,Yes,Highly Likely to Crash
4380,Type B,96,Average,63,4,Clear,2,18208,4.425038939426492,No,Highly Likely to Crash
4381,Type C,64,Average,63,2,Cloudy,2,4904,1.2889807654421288,No,Highly Likely to Crash
4382,Type B,94,Good,98,3,Stormy,3,9904,5.548005094158469,Yes,Inconclusive
4383,Type A,75,Good,57,5,Stormy,0,6437,6.580136695359755,Yes,Highly Likely to Crash
4384,Type B,63,Good,57,4,Clear,1,1934,9.900374765525973,Yes,Highly Likely to Crash
4385,Type A,56,Poor,68,4,Cloudy,2,9229,14.022406071853519,No,Highly Likely to Crash
4386,Type A,95,Average,81,4,Cloudy,3,5453,3.84739731896925,Yes,Highly Likely to Crash
4387,Type C,80,Good,80,4,Clear,2,10266,10.622670802756758,No,Highly Likely to Crash
4388,Type C,73,Average,78,0,Stormy,3,8884,2.3636127312257775,No,Inconclusive
4389,Type C,80,Good,90,1,Clear,2,14007,3.668704577767439,Yes,Inconclusive
4390,Type B,78,Good,60,2,Clear,3,7878,8.127883161974282,No,Inconclusive
4391,Type B,91,Good,94,0,Cloudy,2,10505,10.917286108236818,Yes,Less Likely to Crash
4392,Type C,81,Average,62,2,Stormy,2,13487,13.019959503173142,No,Inconclusive
4393,Type B,66,Poor,76,4,Stormy,0,2937,11.414648047715776,Yes,Highly Likely to Crash
4394,Type C,63,Good,68,2,Cloudy,3,12071,1.2149390160472566,Yes,Highly Likely to Crash
4395,Type B,89,Good,75,3,Stormy,3,5052,10.575038562871,Yes,Inconclusive
4396,Type A,85,Good,100,3,Stormy,0,18238,12.545207851804292,Yes,Inconclusive
4397,Type A,97,Poor,86,1,Clear,0,16585,8.357468683447932,Yes,Highly Likely to Crash
4398,Type C,73,Average,97,1,Clear,2,4254,14.51838167352973,Yes,Inconclusive
4399,Type B,94,Average,58,2,Clear,2,6765,1.0603739142136637,No,Inconclusive
4400,Type B,76,Average,77,0,Stormy,2,12221,12.461211308740255,No,Inconclusive
4401,Type A,74,Average,81,0,Stormy,0,17042,5.687476246868722,Yes,Inconclusive
4402,Type A,81,Good,52,4,Stormy,2,7241,10.106296944329584,No,Highly Likely to Crash
4403,Type C,67,Poor,100,0,Stormy,0,2337,10.708746521858997,Yes,Highly Likely to Crash
4404,Type A,95,Good,81,1,Cloudy,2,17909,5.287486229281668,No,Inconclusive
4405,Type C,67,Poor,54,0,Cloudy,0,17542,14.935942997389107,No,Highly Likely to Crash
4406,Type A,86,Average,57,4,Stormy,3,17561,2.445500392985225,Yes,Highly Likely to Crash
4407,Type A,75,Poor,63,3,Clear,1,2875,3.1984071923611466,Yes,Highly Likely to Crash
4408,Type B,58,Good,52,0,Clear,2,17159,13.490683873514868,No,Highly Likely to Crash
4409,Type A,84,Good,73,0,Cloudy,2,7359,2.6685182702282058,No,Inconclusive
4410,Type A,57,Average,62,1,Cloudy,0,13239,6.338007706443561,No,Highly Likely to Crash
4411,Type C,69,Good,92,2,Stormy,3,2088,11.263990966546821,No,Highly Likely to Crash
4412,Type A,91,Good,78,3,Stormy,3,13354,12.080886051700336,No,Inconclusive
4413,Type C,71,Poor,57,2,Stormy,2,745,14.365368475379093,No,Highly Likely to Crash
4414,Type A,68,Good,100,4,Stormy,0,9580,12.054033685438801,Yes,Highly Likely to Crash
4415,Type A,79,Average,91,4,Stormy,0,10903,12.823453377676604,No,Highly Likely to Crash
4416,Type C,77,Average,80,2,Clear,1,8692,14.29126407972175,Yes,Inconclusive
4417,Type B,84,Good,75,1,Clear,3,2684,8.751627691837598,No,Inconclusive
4418,Type C,92,Average,67,5,Stormy,1,12938,5.808068441379621,Yes,Highly Likely to Crash
4419,Type C,60,Poor,67,1,Clear,3,3751,11.662584025331043,Yes,Highly Likely to Crash
4420,Type C,80,Poor,56,5,Stormy,2,16781,3.289582209901794,Yes,Highly Likely to Crash
4421,Type B,98,Good,97,5,Stormy,2,6363,1.9552433800567925,Yes,Highly Likely to Crash
4422,Type A,97,Good,87,1,Cloudy,0,19935,11.994632111718767,No,Inconclusive
4423,Type C,88,Poor,97,5,Clear,0,10202,14.309399012879924,Yes,Highly Likely to Crash
4424,Type C,85,Average,65,5,Clear,0,4271,7.1942572295292555,Yes,Highly Likely to Crash
4425,Type B,79,Good,82,5,Cloudy,3,14036,3.2558683482736583,No,Highly Likely to Crash
4426,Type C,72,Good,100,3,Clear,0,9820,7.958293665216076,No,Inconclusive
4427,Type A,68,Average,52,4,Cloudy,2,16577,6.506449927347759,No,Highly Likely to Crash
4428,Type B,61,Good,87,5,Clear,1,2919,6.21463515661894,Yes,Highly Likely to Crash
4429,Type A,64,Average,53,4,Stormy,2,14018,9.79313175968102,No,Highly Likely to Crash
4430,Type A,80,Average,85,4,Cloudy,2,7896,3.446300005944286,Yes,Highly Likely to Crash
4431,Type B,92,Average,53,3,Stormy,2,19512,6.326741681763323,Yes,Inconclusive
4432,Type C,86,Average,91,4,Stormy,1,7809,13.161475747494226,Yes,Highly Likely to Crash
4433,Type A,86,Average,58,2,Clear,2,12481,11.215311366639702,No,Inconclusive
4434,Type A,64,Poor,89,0,Cloudy,3,1185,1.778238535043048,Yes,Highly Likely to Crash
4435,Type A,78,Average,100,3,Stormy,3,3256,8.194653143474822,Yes,Inconclusive
4436,Type A,99,Poor,66,0,Stormy,1,5523,2.278134450696296,Yes,Highly Likely to Crash
4437,Type B,92,Average,66,2,Cloudy,3,13058,14.404950005279886,No,Inconclusive
4438,Type B,75,Good,82,1,Clear,0,18856,4.424968972362074,No,Inconclusive
4439,Type A,93,Poor,69,1,Stormy,3,17594,14.05669435998779,Yes,Highly Likely to Crash
4440,Type C,51,Good,63,5,Clear,2,5585,12.676117718881205,Yes,Highly Likely to Crash
4441,Type A,69,Average,71,1,Cloudy,3,6146,8.719102085762191,Yes,Highly Likely to Crash
4442,Type C,64,Average,76,3,Clear,0,14657,5.708264019801559,Yes,Highly Likely to Crash
4443,Type A,53,Good,92,1,Cloudy,0,11659,13.011253529669107,No,Highly Likely to Crash
4444,Type C,71,Average,52,3,Clear,0,12491,3.138971813111579,Yes,Inconclusive
4445,Type A,99,Good,73,3,Clear,2,19478,3.519637594586424,No,Inconclusive
4446,Type C,87,Average,79,0,Stormy,0,17976,4.146117483135331,Yes,Inconclusive
4447,Type A,72,Average,57,1,Clear,2,3455,9.36775656984662,Yes,Inconclusive
4448,Type A,75,Poor,71,4,Stormy,0,16241,5.400553143735199,No,Highly Likely to Crash
4449,Type C,100,Good,74,1,Cloudy,2,16824,14.848540152704746,Yes,Inconclusive
4450,Type B,60,Average,59,1,Cloudy,2,12523,3.731582494104301,Yes,Highly Likely to Crash
4451,Type C,77,Good,98,1,Stormy,2,10135,12.278541365758159,No,Inconclusive
4452,Type B,51,Poor,78,5,Clear,3,15432,2.341707059095138,Yes,Highly Likely to Crash
4453,Type A,57,Good,89,4,Cloudy,0,4643,5.948251872193272,No,Highly Likely to Crash
4454,Type C,78,Poor,50,4,Cloudy,2,8144,4.412675002884754,No,Highly Likely to Crash
4455,Type C,60,Good,70,3,Cloudy,0,3497,14.675703280823548,Yes,Highly Likely to Crash
4456,Type C,86,Good,88,4,Stormy,3,5708,1.3602281168843866,No,Highly Likely to Crash
4457,Type B,67,Poor,73,3,Cloudy,1,10446,11.103373359807836,No,Highly Likely to Crash
4458,Type B,99,Average,58,0,Cloudy,0,19863,4.468109755612572,Yes,Inconclusive
4459,Type A,63,Average,93,3,Cloudy,0,14887,12.357481276212667,Yes,Highly Likely to Crash
4460,Type B,59,Average,75,1,Cloudy,3,4105,5.357141594192575,Yes,Highly Likely to Crash
4461,Type B,84,Good,58,2,Stormy,2,17305,3.6219794301607653,No,Inconclusive
4462,Type A,58,Good,69,2,Stormy,0,17494,10.702557919925678,Yes,Highly Likely to Crash
4463,Type C,84,Average,84,5,Clear,1,9137,4.606071499911163,No,Highly Likely to Crash
4464,Type C,60,Good,85,1,Cloudy,3,9652,7.797656179697817,Yes,Highly Likely to Crash
4465,Type A,93,Good,91,3,Stormy,2,630,2.8414679123966295,Yes,Inconclusive
4466,Type C,61,Average,85,1,Clear,0,3147,11.144372154604415,Yes,Highly Likely to Crash
4467,Type B,52,Poor,58,5,Clear,0,12771,6.695706870754218,No,Highly Likely to Crash
4468,Type A,88,Good,71,4,Cloudy,3,15209,2.968116632121654,No,Highly Likely to Crash
4469,Type A,63,Good,50,3,Clear,2,15386,11.382330655073748,No,Highly Likely to Crash
4470,Type A,77,Good,54,1,Stormy,2,7173,2.4470706884443074,Yes,Inconclusive
4471,Type C,60,Good,58,4,Clear,3,11126,9.047485915125526,Yes,Highly Likely to Crash
4472,Type A,88,Poor,86,5,Clear,0,4229,9.504792375660719,Yes,Highly Likely to Crash
4473,Type A,74,Average,87,4,Stormy,0,4931,14.024907005245765,Yes,Highly Likely to Crash
4474,Type A,70,Good,68,3,Clear,2,1524,3.1137269796333022,Yes,Inconclusive
4475,Type C,59,Average,57,5,Clear,2,7539,10.146849036223776,Yes,Highly Likely to Crash
4476,Type B,92,Good,91,5,Clear,1,17421,6.330760139533732,Yes,Highly Likely to Crash
4477,Type A,64,Poor,92,5,Clear,1,5091,6.611400858368331,No,Highly Likely to Crash
4478,Type B,68,Average,81,0,Cloudy,1,19967,8.025552547213316,Yes,Highly Likely to Crash
4479,Type C,97,Poor,62,5,Cloudy,2,1007,4.2729845686860735,Yes,Highly Likely to Crash
4480,Type C,71,Good,69,0,Stormy,2,4424,7.456565345334413,No,Inconclusive
4481,Type C,70,Poor,85,4,Clear,2,9372,10.61584635761169,Yes,Highly Likely to Crash
4482,Type C,93,Poor,92,0,Stormy,0,19496,7.39958255367843,Yes,Highly Likely to Crash
4483,Type B,81,Good,93,4,Cloudy,3,2693,1.59511798263525,No,Highly Likely to Crash
4484,Type A,99,Good,86,0,Clear,2,16262,4.609567465628009,Yes,Less Likely to Crash
4485,Type C,72,Average,79,4,Clear,0,19430,5.920442978543534,No,Highly Likely to Crash
4486,Type C,62,Good,59,4,Cloudy,2,5155,5.966095916454872,Yes,Highly Likely to Crash
4487,Type B,54,Average,80,5,Clear,3,18106,2.134096495270505,No,Highly Likely to Crash
4488,Type B,53,Poor,74,5,Clear,2,5519,7.293987722641684,Yes,Highly Likely to Crash
4489,Type C,77,Poor,78,4,Cloudy,0,4074,10.687286265839937,No,Highly Likely to Crash
4490,Type A,63,Average,73,5,Stormy,2,7046,1.6814082526807264,Yes,Highly Likely to Crash
4491,Type A,57,Good,88,4,Stormy,2,19907,11.512938413225228,No,Highly Likely to Crash
4492,Type C,58,Good,70,5,Clear,2,15177,14.37147284148842,Yes,Highly Likely to Crash
4493,Type B,100,Poor,90,2,Cloudy,1,16710,1.1307341892024538,Yes,Highly Likely to Crash
4494,Type C,84,Average,58,0,Stormy,2,17424,3.711692423050025,Yes,Inconclusive
4495,Type C,86,Poor,91,4,Stormy,0,13987,8.608828952834092,No,Highly Likely to Crash
4496,Type B,70,Poor,91,1,Clear,0,17394,4.052692811700964,No,Highly Likely to Crash
4497,Type C,67,Good,51,5,Stormy,0,15330,11.70476444349015,Yes,Highly Likely to Crash
4498,Type C,82,Average,53,5,Cloudy,2,13142,5.369880409432204,Yes,Highly Likely to Crash
4499,Type C,57,Poor,57,3,Stormy,3,17228,5.110753952450853,No,Highly Likely to Crash
4500,Type B,100,Good,81,1,Cloudy,0,5679,1.0129342609681864,No,Inconclusive
4501,Type A,98,Poor,63,1,Cloudy,1,15523,4.78176663463586,No,Highly Likely to Crash
4502,Type A,66,Poor,98,2,Clear,3,6872,4.047387306696024,No,Highly Likely to Crash
4503,Type B,92,Good,62,0,Stormy,0,12934,5.805373539994661,No,Less Likely to Crash
4504,Type A,80,Good,70,2,Clear,2,12061,3.067193142340203,No,Inconclusive
4505,Type C,83,Average,73,0,Stormy,1,12514,9.325081329914926,Yes,Inconclusive
4506,Type A,55,Poor,99,4,Clear,0,11071,4.342381608892799,Yes,Highly Likely to Crash
4507,Type C,71,Average,67,2,Clear,1,19364,12.644512106474464,Yes,Inconclusive
4508,Type A,63,Good,94,3,Clear,3,9090,4.983811254326568,No,Highly Likely to Crash
4509,Type B,52,Good,89,0,Stormy,0,15671,3.9521743924352446,No,Highly Likely to Crash
4510,Type A,61,Poor,75,2,Clear,2,12098,1.7945190671520865,Yes,Highly Likely to Crash
4511,Type A,85,Average,81,3,Cloudy,1,14222,11.358693660304413,Yes,Inconclusive
4512,Type A,61,Average,93,1,Stormy,0,13374,8.114914450525783,No,Highly Likely to Crash
4513,Type B,94,Poor,82,5,Cloudy,3,9986,2.5929619633267595,Yes,Highly Likely to Crash
4514,Type A,51,Poor,80,4,Clear,3,15181,4.098686956645162,Yes,Highly Likely to Crash
4515,Type B,51,Average,67,4,Clear,0,12201,14.982067008837795,No,Highly Likely to Crash
4516,Type C,64,Good,84,1,Cloudy,3,15872,12.284402174970111,Yes,Highly Likely to Crash
4517,Type A,72,Good,61,2,Clear,1,6023,5.8981728007462495,Yes,Inconclusive
4518,Type B,78,Poor,100,5,Stormy,1,13525,8.595767628614816,No,Highly Likely to Crash
4519,Type B,66,Average,74,1,Cloudy,1,18661,6.824240224608305,No,Highly Likely to Crash
4520,Type A,81,Average,94,3,Stormy,1,4263,1.5094539156119906,No,Inconclusive
4521,Type C,56,Average,80,5,Stormy,3,15256,11.90147812898069,No,Highly Likely to Crash
4522,Type B,79,Good,59,0,Stormy,0,13991,11.037805585125183,Yes,Inconclusive
4523,Type A,77,Good,96,2,Clear,3,10353,6.723232402942287,Yes,Inconclusive
4524,Type C,63,Average,83,5,Clear,3,19942,12.842559916328783,No,Highly Likely to Crash
4525,Type B,93,Average,100,0,Cloudy,0,2965,8.486347328449003,No,Inconclusive
4526,Type B,79,Poor,52,1,Cloudy,0,4951,1.912918151765248,No,Highly Likely to Crash
4527,Type C,66,Poor,95,4,Stormy,2,16561,4.631688063456338,Yes,Highly Likely to Crash
4528,Type C,81,Average,88,5,Clear,1,515,7.464819705201845,Yes,Highly Likely to Crash
4529,Type A,95,Average,57,5,Clear,0,4910,2.4482893419511598,Yes,Highly Likely to Crash
4530,Type A,55,Good,81,0,Clear,3,19464,8.995136700080671,No,Highly Likely to Crash
4531,Type B,100,Average,92,0,Cloudy,1,5635,2.6879542635676206,No,Inconclusive
4532,Type C,73,Poor,78,4,Clear,1,16324,3.8071145967794795,Yes,Highly Likely to Crash
4533,Type C,55,Good,71,0,Stormy,3,8448,13.515771258735198,Yes,Highly Likely to Crash
4534,Type C,76,Poor,69,0,Stormy,0,19476,14.997373432577275,No,Highly Likely to Crash
4535,Type B,67,Poor,55,5,Stormy,1,5289,8.703546816653615,No,Highly Likely to Crash
4536,Type C,73,Good,92,4,Clear,1,8760,9.675080541844707,No,Highly Likely to Crash
4537,Type C,86,Poor,98,4,Stormy,1,9102,12.164036056970023,No,Highly Likely to Crash
4538,Type B,73,Average,78,5,Stormy,1,7732,10.745952946857251,No,Highly Likely to Crash
4539,Type A,87,Poor,91,1,Cloudy,1,11551,3.554531625166029,No,Highly Likely to Crash
4540,Type A,83,Good,66,1,Cloudy,3,17802,6.763401343538221,No,Inconclusive
4541,Type B,89,Good,80,5,Clear,0,15682,8.491631264717608,No,Highly Likely to Crash
4542,Type C,96,Good,83,0,Clear,0,5335,6.035967890053913,Yes,Less Likely to Crash
4543,Type B,64,Poor,87,2,Clear,1,3843,3.465486376609129,Yes,Highly Likely to Crash
4544,Type A,60,Average,86,1,Clear,1,19370,11.30558681685922,Yes,Highly Likely to Crash
4545,Type A,71,Good,53,1,Clear,1,11269,3.7838496711110094,No,Inconclusive
4546,Type B,73,Average,51,5,Cloudy,3,17156,4.6468030018252575,Yes,Highly Likely to Crash
4547,Type B,50,Good,61,5,Cloudy,3,1319,5.011274611798055,Yes,Highly Likely to Crash
4548,Type A,67,Average,84,2,Cloudy,2,3115,3.2649092266635455,Yes,Highly Likely to Crash
4549,Type B,93,Average,55,2,Stormy,1,13648,12.893722721934658,No,Inconclusive
4550,Type A,61,Average,95,4,Stormy,2,6569,9.548628464105747,No,Highly Likely to Crash
4551,Type B,92,Good,57,5,Cloudy,2,6140,12.686473819889942,No,Highly Likely to Crash
4552,Type B,77,Poor,70,1,Cloudy,2,4484,7.912210389127528,Yes,Highly Likely to Crash
4553,Type B,89,Poor,95,3,Clear,0,8201,8.273882561690296,Yes,Highly Likely to Crash
4554,Type A,56,Poor,84,3,Cloudy,2,19865,9.6260248218811,No,Highly Likely to Crash
4555,Type B,72,Average,97,0,Clear,1,3539,6.1928736150298285,Yes,Inconclusive
4556,Type A,70,Good,64,1,Cloudy,3,11374,7.95217732763545,Yes,Inconclusive
4557,Type A,83,Average,56,3,Clear,1,17486,8.656811806947545,No,Inconclusive
4558,Type B,60,Good,64,1,Cloudy,3,15571,14.349594106481515,No,Highly Likely to Crash
4559,Type B,71,Average,94,5,Clear,0,12629,13.360713845543424,No,Highly Likely to Crash
4560,Type A,91,Good,55,1,Stormy,0,14621,2.8094418646433197,No,Inconclusive
4561,Type A,84,Good,96,3,Stormy,1,13154,1.5779545350952398,No,Inconclusive
4562,Type C,78,Good,66,1,Clear,0,8947,10.524675324614506,No,Inconclusive
4563,Type A,91,Average,53,2,Clear,3,2987,1.6887813330282833,No,Inconclusive
4564,Type C,77,Poor,71,0,Stormy,0,1858,1.844914909337213,No,Highly Likely to Crash
4565,Type C,67,Average,81,4,Cloudy,2,17573,3.2296875558179994,No,Highly Likely to Crash
4566,Type C,63,Average,71,3,Clear,2,8999,5.9238992721342765,No,Highly Likely to Crash
4567,Type B,67,Good,76,5,Cloudy,0,6631,7.089945565916924,No,Highly Likely to Crash
4568,Type B,77,Good,95,4,Stormy,1,3666,8.271292486002114,No,Highly Likely to Crash
4569,Type A,73,Poor,64,0,Stormy,2,1325,14.892034701610433,Yes,Highly Likely to Crash
4570,Type C,57,Poor,93,2,Clear,3,1691,6.393258565969212,No,Highly Likely to Crash
4571,Type B,91,Good,100,2,Cloudy,1,10826,4.398543351276647,Yes,Inconclusive
4572,Type B,94,Poor,71,2,Stormy,0,15207,9.053533720186206,Yes,Highly Likely to Crash
4573,Type B,57,Poor,77,2,Cloudy,1,7285,4.012113336498069,Yes,Highly Likely to Crash
4574,Type B,53,Good,91,3,Stormy,1,7313,14.167608045086386,No,Highly Likely to Crash
4575,Type B,76,Average,87,3,Clear,1,17417,4.629560228637969,No,Inconclusive
4576,Type C,85,Poor,58,1,Cloudy,1,11559,14.859077899145802,No,Highly Likely to Crash
4577,Type C,54,Good,83,5,Cloudy,0,1707,6.861354665331836,No,Highly Likely to Crash
4578,Type C,82,Poor,85,1,Clear,0,11468,12.377604103092521,Yes,Highly Likely to Crash
4579,Type C,98,Poor,58,5,Clear,2,1737,10.075924550640782,Yes,Highly Likely to Crash
4580,Type A,83,Good,64,0,Clear,2,5443,14.0689184422263,No,Inconclusive
4581,Type C,79,Poor,94,1,Clear,3,10792,9.75597734072159,No,Highly Likely to Crash
4582,Type B,57,Poor,69,0,Stormy,3,15530,9.137051712185908,No,Highly Likely to Crash
4583,Type C,88,Poor,57,0,Cloudy,2,15965,10.139934223959173,No,Highly Likely to Crash
4584,Type A,96,Average,77,0,Stormy,2,14442,12.010517450023627,Yes,Inconclusive
4585,Type B,75,Average,100,2,Clear,1,959,13.58378285067131,No,Inconclusive
4586,Type C,86,Poor,68,4,Stormy,2,9341,4.735408601350882,Yes,Highly Likely to Crash
4587,Type C,83,Good,65,4,Stormy,3,13269,3.8124192863215445,No,Highly Likely to Crash
4588,Type C,56,Poor,60,3,Cloudy,2,17003,1.4808957393237154,No,Highly Likely to Crash
4589,Type B,89,Poor,91,0,Cloudy,1,10947,6.181108842610403,No,Highly Likely to Crash
4590,Type B,77,Average,57,2,Cloudy,3,9009,12.846590319732707,No,Inconclusive
4591,Type A,88,Average,82,1,Clear,0,16634,1.9780040009164124,No,Inconclusive
4592,Type B,88,Average,59,1,Clear,2,16701,8.539281070486926,No,Inconclusive
4593,Type B,77,Poor,67,3,Cloudy,0,9085,10.727040907234903,Yes,Highly Likely to Crash
4594,Type C,63,Poor,84,3,Stormy,3,19436,12.71594246369482,Yes,Highly Likely to Crash
4595,Type B,99,Good,92,0,Cloudy,2,13758,9.16802450765695,No,Less Likely to Crash
4596,Type C,87,Poor,99,0,Clear,0,3728,3.6084801427013384,Yes,Highly Likely to Crash
4597,Type C,53,Poor,52,1,Stormy,2,16960,14.503507615055137,No,Highly Likely to Crash
4598,Type B,91,Average,89,1,Clear,0,3910,2.325121145628531,Yes,Inconclusive
4599,Type A,67,Average,76,1,Cloudy,0,908,11.765994565157415,No,Highly Likely to Crash
4600,Type A,93,Average,77,1,Cloudy,3,15229,2.2118291338063205,Yes,Inconclusive
4601,Type B,97,Average,95,4,Stormy,2,19151,3.0078675075356127,No,Highly Likely to Crash
4602,Type A,74,Average,55,0,Cloudy,0,6273,13.57501831172923,Yes,Inconclusive
4603,Type C,56,Good,96,0,Clear,2,4497,11.543045220424638,Yes,Highly Likely to Crash
4604,Type C,87,Good,63,1,Clear,2,7807,6.117115797247767,No,Inconclusive
4605,Type B,77,Good,56,2,Clear,1,9679,9.942140993186856,No,Inconclusive
4606,Type A,54,Average,59,1,Stormy,3,6117,7.40146110394972,No,Highly Likely to Crash
4607,Type A,52,Average,64,5,Clear,2,3201,1.9315286525483917,No,Highly Likely to Crash
4608,Type C,93,Average,80,3,Cloudy,2,4407,11.09578662874174,No,Inconclusive
4609,Type B,80,Good,78,5,Stormy,2,14341,11.685580132306148,Yes,Highly Likely to Crash
4610,Type A,96,Average,91,2,Clear,3,17559,13.35277940612823,No,Inconclusive
4611,Type B,91,Good,66,3,Clear,3,13907,8.568922852557922,No,Inconclusive
4612,Type A,69,Average,100,2,Cloudy,2,15823,10.423931314020383,Yes,Highly Likely to Crash
4613,Type C,68,Poor,78,3,Cloudy,3,7316,7.132705857248151,Yes,Highly Likely to Crash
4614,Type C,97,Good,98,1,Stormy,1,17425,5.46472962750957,Yes,Inconclusive
4615,Type B,60,Poor,93,1,Clear,3,17048,6.76379993263353,No,Highly Likely to Crash
4616,Type C,89,Good,64,2,Clear,1,17868,13.764532993302828,No,Inconclusive
4617,Type A,52,Average,75,3,Cloudy,1,19545,3.298397990618641,Yes,Highly Likely to Crash
4618,Type C,72,Average,61,4,Stormy,1,1117,4.478997446687638,Yes,Highly Likely to Crash
4619,Type B,56,Poor,74,2,Cloudy,0,12605,9.48667107928825,No,Highly Likely to Crash
4620,Type B,72,Average,90,2,Cloudy,3,6139,2.627938501856607,Yes,Inconclusive
4621,Type B,56,Good,54,5,Stormy,2,12116,13.48610316313398,No,Highly Likely to Crash
4622,Type A,95,Average,53,0,Clear,1,500,1.661309206085676,Yes,Inconclusive
4623,Type A,83,Average,93,2,Clear,2,13105,11.574372105708687,Yes,Inconclusive
4624,Type A,91,Good,97,4,Clear,1,15458,6.232192660090198,No,Highly Likely to Crash
4625,Type A,68,Poor,90,1,Stormy,2,15344,1.7163180305604557,Yes,Highly Likely to Crash
4626,Type A,58,Poor,80,3,Stormy,0,11201,12.80099051206232,Yes,Highly Likely to Crash
4627,Type C,97,Average,52,0,Stormy,1,15470,9.966443285526372,No,Inconclusive
4628,Type A,100,Good,52,3,Stormy,0,3579,1.1240219280739385,No,Inconclusive
4629,Type A,67,Poor,75,1,Stormy,0,17266,4.745459877384585,Yes,Highly Likely to Crash
4630,Type C,90,Poor,99,2,Cloudy,3,11378,5.928638508150338,No,Highly Likely to Crash
4631,Type A,97,Average,66,5,Clear,2,17811,5.516094084589796,No,Highly Likely to Crash
4632,Type B,94,Good,59,4,Stormy,1,17444,7.976788406414988,No,Highly Likely to Crash
4633,Type A,91,Poor,51,0,Clear,0,1689,8.37524141027584,Yes,Highly Likely to Crash
4634,Type A,74,Average,73,4,Stormy,2,17781,6.554556249104215,Yes,Highly Likely to Crash
4635,Type B,63,Average,60,4,Clear,3,15474,5.644784742889996,Yes,Highly Likely to Crash
4636,Type B,93,Average,73,4,Cloudy,2,14716,8.061730596060775,Yes,Highly Likely to Crash
4637,Type B,74,Average,84,4,Clear,2,14625,1.4706156648012396,Yes,Highly Likely to Crash
4638,Type B,68,Poor,72,1,Clear,3,2868,10.032824640442605,Yes,Highly Likely to Crash
4639,Type A,88,Good,81,4,Stormy,3,5453,9.483755236651024,Yes,Highly Likely to Crash
4640,Type B,64,Average,72,5,Clear,3,11737,4.909077196152094,No,Highly Likely to Crash
4641,Type B,65,Average,83,4,Cloudy,0,4880,3.51321625800892,No,Highly Likely to Crash
4642,Type C,76,Poor,90,1,Cloudy,2,19282,2.021789616791087,Yes,Highly Likely to Crash
4643,Type B,89,Average,68,3,Cloudy,3,13453,9.222812518285561,Yes,Inconclusive
4644,Type B,59,Average,51,1,Stormy,2,3088,8.964603816192827,No,Highly Likely to Crash
4645,Type C,53,Good,100,5,Stormy,2,15315,8.466453261547745,Yes,Highly Likely to Crash
4646,Type C,100,Average,51,5,Stormy,0,6856,14.798655754620112,Yes,Highly Likely to Crash
4647,Type A,68,Poor,64,2,Stormy,2,9621,8.44161755430128,Yes,Highly Likely to Crash
4648,Type C,77,Good,70,1,Stormy,0,15195,11.105070219575673,No,Inconclusive
4649,Type A,70,Poor,84,3,Cloudy,3,1903,2.5808558056703803,No,Highly Likely to Crash
4650,Type C,96,Good,54,2,Clear,3,8891,5.185591048597888,No,Inconclusive
4651,Type C,63,Good,92,2,Cloudy,2,2785,4.856252608991604,Yes,Highly Likely to Crash
4652,Type A,82,Average,76,0,Stormy,0,9362,9.063657082012117,No,Inconclusive
4653,Type C,97,Average,73,4,Cloudy,0,2228,5.631385196999036,No,Highly Likely to Crash
4654,Type A,59,Average,56,2,Clear,1,11930,9.9749299761807,Yes,Highly Likely to Crash
4655,Type C,68,Poor,55,2,Stormy,1,1749,10.66125634882384,Yes,Highly Likely to Crash
4656,Type B,79,Average,95,5,Cloudy,3,1378,1.4716577204836534,Yes,Highly Likely to Crash
4657,Type C,71,Average,82,3,Cloudy,3,12043,9.956607974152233,Yes,Inconclusive
4658,Type A,52,Good,98,2,Clear,1,19407,2.635023071903779,No,Highly Likely to Crash
4659,Type C,86,Average,66,3,Stormy,0,17381,7.511894225977942,No,Inconclusive
4660,Type A,90,Average,95,4,Stormy,2,16592,11.172071990765021,Yes,Highly Likely to Crash
4661,Type A,67,Average,91,5,Clear,2,8202,10.846829943232043,Yes,Highly Likely to Crash
4662,Type B,60,Average,79,0,Clear,0,8078,5.197515629964455,Yes,Highly Likely to Crash
4663,Type B,97,Good,57,0,Clear,3,11168,4.81312190645145,Yes,Less Likely to Crash
4664,Type A,51,Average,89,4,Clear,2,17422,7.16317110997871,Yes,Highly Likely to Crash
4665,Type C,61,Good,95,4,Stormy,0,12732,3.641339162249021,No,Highly Likely to Crash
4666,Type A,55,Poor,56,5,Stormy,2,9592,14.645786177918717,Yes,Highly Likely to Crash
4667,Type A,92,Average,55,5,Cloudy,0,1966,5.82883899839569,No,Highly Likely to Crash
4668,Type C,89,Average,53,1,Cloudy,1,11707,13.92190583617048,Yes,Inconclusive
4669,Type C,93,Average,50,2,Cloudy,1,8214,13.715709481439466,No,Inconclusive
4670,Type C,78,Good,64,2,Stormy,2,18617,6.107885825872402,Yes,Inconclusive
4671,Type C,79,Average,80,2,Stormy,2,990,4.557184851820681,Yes,Inconclusive
4672,Type A,51,Average,74,3,Stormy,2,18593,11.791698883367683,No,Highly Likely to Crash
4673,Type A,58,Poor,96,1,Cloudy,2,18802,4.211289865891152,No,Highly Likely to Crash
4674,Type B,96,Good,82,2,Clear,1,10726,8.297449459474668,No,Inconclusive
4675,Type A,51,Good,84,3,Clear,1,8666,2.5496512418784585,No,Highly Likely to Crash
4676,Type C,78,Poor,54,3,Clear,0,11403,6.403050163692013,No,Highly Likely to Crash
4677,Type B,82,Good,54,0,Clear,2,10178,2.0941689311716347,No,Inconclusive
4678,Type C,59,Average,85,3,Clear,1,15385,4.968154297604804,No,Highly Likely to Crash
4679,Type A,83,Average,66,4,Stormy,3,6599,10.314112334667648,No,Highly Likely to Crash
4680,Type B,93,Poor,63,5,Cloudy,0,17081,14.878300191702525,Yes,Highly Likely to Crash
4681,Type C,57,Good,78,3,Clear,0,10659,4.567306351092095,Yes,Highly Likely to Crash
4682,Type B,86,Good,57,4,Clear,0,14310,7.626498067690748,Yes,Highly Likely to Crash
4683,Type B,82,Good,83,4,Clear,3,10226,7.272645605368142,No,Highly Likely to Crash
4684,Type A,96,Poor,89,0,Stormy,3,18597,3.578150878905861,No,Highly Likely to Crash
4685,Type C,55,Average,50,0,Clear,3,10040,9.540966506765109,Yes,Highly Likely to Crash
4686,Type B,93,Poor,78,3,Cloudy,1,8602,11.145869255507604,No,Highly Likely to Crash
4687,Type B,89,Average,85,0,Stormy,3,13254,3.061072768110323,Yes,Inconclusive
4688,Type C,94,Poor,100,0,Stormy,0,4344,11.599744016131218,No,Highly Likely to Crash
4689,Type B,68,Average,86,5,Stormy,2,1095,10.802262901136876,No,Highly Likely to Crash
4690,Type B,81,Good,78,2,Clear,0,8830,3.7628003315867264,No,Inconclusive
4691,Type B,76,Good,54,3,Clear,0,17898,10.085266751650646,No,Inconclusive
4692,Type C,50,Good,81,3,Clear,1,741,6.511403511089315,Yes,Highly Likely to Crash
4693,Type C,92,Poor,73,3,Clear,0,19247,10.535928534922016,Yes,Highly Likely to Crash
4694,Type C,82,Poor,68,0,Cloudy,1,15502,7.945355931301959,Yes,Highly Likely to Crash
4695,Type C,89,Poor,61,5,Stormy,1,17616,1.6739274532767139,No,Highly Likely to Crash
4696,Type A,81,Good,50,0,Clear,2,634,12.0175378339291,Yes,Inconclusive
4697,Type B,54,Average,56,4,Cloudy,0,3126,8.778398946067172,Yes,Highly Likely to Crash
4698,Type C,66,Good,66,1,Stormy,2,10816,11.147124720022255,Yes,Highly Likely to Crash
4699,Type B,57,Good,83,1,Stormy,2,7679,2.7650048483236196,Yes,Highly Likely to Crash
4700,Type B,91,Average,92,1,Stormy,0,2010,11.09781461644341,Yes,Inconclusive
4701,Type A,83,Average,56,2,Clear,0,13545,6.7913266392307445,Yes,Inconclusive
4702,Type C,58,Average,66,0,Stormy,3,19680,12.18973861636013,No,Highly Likely to Crash
4703,Type C,72,Average,52,4,Clear,3,7407,9.388322254521816,No,Highly Likely to Crash
4704,Type B,84,Good,78,4,Cloudy,1,5012,5.968629753777203,No,Highly Likely to Crash
4705,Type C,99,Poor,71,1,Stormy,0,4802,3.8268373314619124,No,Highly Likely to Crash
4706,Type B,56,Good,87,5,Cloudy,1,18527,12.422938360949395,Yes,Highly Likely to Crash
4707,Type B,64,Average,92,2,Clear,2,11460,8.84269729007136,Yes,Highly Likely to Crash
4708,Type A,69,Poor,78,2,Clear,2,4906,14.824553016823707,No,Highly Likely to Crash
4709,Type A,99,Poor,99,1,Clear,3,10091,6.228841384836045,Yes,Highly Likely to Crash
4710,Type A,74,Good,99,1,Stormy,1,10242,10.600069102201156,Yes,Inconclusive
4711,Type B,52,Good,91,0,Stormy,0,3911,9.71949220487073,Yes,Highly Likely to Crash
4712,Type C,95,Good,54,5,Cloudy,0,16966,9.926143930024281,No,Highly Likely to Crash
4713,Type A,73,Poor,79,2,Clear,3,6196,11.317719503499198,Yes,Highly Likely to Crash
4714,Type C,83,Poor,72,4,Cloudy,3,14263,2.947515919761357,No,Highly Likely to Crash
4715,Type A,95,Poor,70,1,Clear,1,11612,8.695016615975792,No,Highly Likely to Crash
4716,Type A,71,Average,75,0,Clear,3,10975,8.127815385521922,Yes,Inconclusive
4717,Type B,60,Average,96,4,Cloudy,3,19324,5.795417047267569,No,Highly Likely to Crash
4718,Type A,97,Good,70,2,Clear,3,6260,7.106103731269305,No,Inconclusive
4719,Type A,57,Poor,69,1,Cloudy,2,18666,8.26336907311704,No,Highly Likely to Crash
4720,Type B,88,Good,72,5,Stormy,1,14865,5.492912409515055,No,Highly Likely to Crash
4721,Type C,92,Poor,53,1,Cloudy,0,14394,5.104223648259668,No,Highly Likely to Crash
4722,Type A,84,Good,70,5,Cloudy,0,6926,11.335816045331173,Yes,Highly Likely to Crash
4723,Type B,98,Average,70,0,Clear,1,16588,1.9368539980763981,Yes,Inconclusive
4724,Type A,95,Poor,50,0,Cloudy,3,13025,5.381483099052948,No,Highly Likely to Crash
4725,Type B,87,Average,64,2,Stormy,3,8406,10.15195604587313,No,Inconclusive
4726,Type C,57,Poor,66,5,Stormy,0,9422,3.922821556634595,No,Highly Likely to Crash
4727,Type C,86,Good,100,1,Stormy,2,14782,9.011816893998152,No,Inconclusive
4728,Type B,76,Poor,63,0,Stormy,1,18244,5.230297983079687,No,Highly Likely to Crash
4729,Type B,77,Average,68,1,Cloudy,3,2578,12.806217826902946,No,Inconclusive
4730,Type B,89,Poor,99,2,Stormy,2,17861,5.89985064980789,No,Highly Likely to Crash
4731,Type C,83,Good,83,5,Cloudy,2,8293,4.213231864232747,Yes,Highly Likely to Crash
4732,Type A,81,Poor,55,1,Cloudy,3,2137,8.42145287925148,No,Highly Likely to Crash
4733,Type C,64,Average,94,4,Clear,1,14416,2.899247182077831,Yes,Highly Likely to Crash
4734,Type B,93,Good,98,1,Cloudy,1,10673,12.164775543670817,Yes,Inconclusive
4735,Type B,66,Average,55,3,Cloudy,0,4504,10.520395517817242,No,Highly Likely to Crash
4736,Type C,82,Poor,54,3,Clear,0,17466,11.787124665728822,Yes,Highly Likely to Crash
4737,Type B,96,Average,56,2,Stormy,1,16201,6.584294797159744,No,Inconclusive
4738,Type C,95,Poor,82,2,Stormy,3,10668,12.690047793969185,Yes,Highly Likely to Crash
4739,Type B,65,Good,62,2,Cloudy,1,8975,7.909673830320147,Yes,Highly Likely to Crash
4740,Type A,78,Average,100,4,Clear,0,2898,2.3257864888833213,No,Highly Likely to Crash
4741,Type A,58,Average,50,5,Cloudy,0,1738,4.136409485885887,Yes,Highly Likely to Crash
4742,Type B,82,Poor,62,4,Cloudy,0,3966,10.954739221395071,Yes,Highly Likely to Crash
4743,Type C,98,Average,92,1,Stormy,1,5863,13.549912183319037,Yes,Inconclusive
4744,Type A,78,Average,76,0,Clear,1,3666,2.3325982938605216,Yes,Inconclusive
4745,Type C,62,Good,56,5,Cloudy,3,1279,13.099007075360966,No,Highly Likely to Crash
4746,Type B,70,Poor,52,3,Stormy,0,2634,12.186977608498967,Yes,Highly Likely to Crash
4747,Type C,70,Poor,74,3,Cloudy,2,19120,5.991854839791197,No,Highly Likely to Crash
4748,Type A,54,Good,82,3,Stormy,2,18523,10.64987526155319,No,Highly Likely to Crash
4749,Type C,59,Good,89,1,Clear,3,9111,3.6173188132214653,No,Highly Likely to Crash
4750,Type C,55,Poor,66,1,Cloudy,3,15083,12.387506199075238,No,Highly Likely to Crash
4751,Type B,100,Good,94,2,Clear,0,5455,10.202746305886148,Yes,Inconclusive
4752,Type B,62,Good,63,0,Stormy,1,8898,7.14361131253891,Yes,Highly Likely to Crash
4753,Type B,50,Good,86,2,Clear,1,7749,13.103242417653844,Yes,Highly Likely to Crash
4754,Type A,69,Poor,72,1,Clear,2,12562,2.9492830182126215,Yes,Highly Likely to Crash
4755,Type A,96,Good,73,4,Clear,0,4296,12.840998854108241,No,Highly Likely to Crash
4756,Type B,95,Average,78,2,Cloudy,2,19418,1.3344096913117494,No,Inconclusive
4757,Type B,57,Average,87,5,Stormy,2,19064,11.544805660575147,Yes,Highly Likely to Crash
4758,Type A,59,Poor,76,1,Clear,0,15812,9.027097074435149,No,Highly Likely to Crash
4759,Type A,58,Good,87,1,Cloudy,3,13707,10.75412582508853,No,Highly Likely to Crash
4760,Type A,98,Average,89,4,Stormy,2,1946,6.772823360234918,No,Highly Likely to Crash
4761,Type A,90,Poor,94,4,Stormy,3,1451,13.102175762490283,No,Highly Likely to Crash
4762,Type B,52,Average,99,4,Stormy,1,2217,5.384086337957386,No,Highly Likely to Crash
4763,Type A,60,Good,72,0,Clear,2,6413,4.849373992779384,No,Highly Likely to Crash
4764,Type B,61,Poor,80,5,Clear,0,11890,5.224509040469793,No,Highly Likely to Crash
4765,Type C,59,Average,85,1,Clear,3,15977,11.841093799796177,No,Highly Likely to Crash
4766,Type C,74,Poor,66,4,Stormy,1,18480,7.934084238909973,No,Highly Likely to Crash
4767,Type A,98,Average,86,0,Stormy,1,7094,8.519194561958052,Yes,Inconclusive
4768,Type C,98,Average,52,3,Clear,2,12425,12.643175857723973,Yes,Inconclusive
4769,Type C,74,Good,85,5,Clear,1,9598,12.667117732432564,No,Highly Likely to Crash
4770,Type C,60,Good,54,3,Stormy,0,12442,3.26433346395822,Yes,Highly Likely to Crash
4771,Type A,85,Average,95,3,Stormy,2,14512,8.696747420436438,No,Inconclusive
4772,Type A,88,Poor,64,1,Cloudy,1,12750,2.7642548900732455,No,Highly Likely to Crash
4773,Type C,75,Poor,98,0,Cloudy,0,15908,13.15939859672661,Yes,Highly Likely to Crash
4774,Type B,63,Good,55,0,Clear,3,10846,12.718079829365529,Yes,Highly Likely to Crash
4775,Type C,88,Average,59,3,Stormy,3,14928,12.890884015095853,No,Inconclusive
4776,Type A,89,Good,81,5,Stormy,2,6255,10.868019005319535,No,Highly Likely to Crash
4777,Type A,50,Average,72,2,Cloudy,0,13616,7.536282284594389,Yes,Highly Likely to Crash
4778,Type A,53,Average,97,3,Stormy,1,6783,6.666097168823679,No,Highly Likely to Crash
4779,Type C,79,Good,66,1,Clear,2,16768,6.533143894790539,Yes,Inconclusive
4780,Type B,61,Poor,95,3,Cloudy,2,1837,1.9269790405226526,No,Highly Likely to Crash
4781,Type A,84,Good,69,5,Stormy,1,11187,14.284184010503154,No,Highly Likely to Crash
4782,Type A,62,Average,93,5,Stormy,0,19858,7.303859194128559,Yes,Highly Likely to Crash
4783,Type C,80,Good,90,3,Clear,1,7326,14.02160858989731,No,Inconclusive
4784,Type B,87,Poor,64,0,Stormy,3,6167,13.309605548264175,Yes,Highly Likely to Crash
4785,Type C,92,Poor,93,3,Cloudy,2,13429,12.600545429088202,No,Highly Likely to Crash
4786,Type A,72,Average,95,4,Cloudy,3,16714,9.236324387631576,Yes,Highly Likely to Crash
4787,Type B,53,Good,71,4,Stormy,2,9264,2.421782403308968,No,Highly Likely to Crash
4788,Type B,65,Poor,99,2,Stormy,1,8513,5.534760293721506,Yes,Highly Likely to Crash
4789,Type A,56,Good,55,1,Stormy,0,3544,9.450206930005013,Yes,Highly Likely to Crash
4790,Type B,71,Poor,53,1,Stormy,1,5518,1.1883813178053952,Yes,Highly Likely to Crash
4791,Type B,78,Average,72,0,Cloudy,3,19117,1.5968327913589662,Yes,Inconclusive
4792,Type C,60,Average,93,1,Clear,0,7967,10.48728735080809,Yes,Highly Likely to Crash
4793,Type A,82,Good,94,2,Cloudy,0,10506,13.434839921025846,Yes,Inconclusive
4794,Type A,78,Average,68,4,Stormy,2,4541,12.972283810524848,No,Highly Likely to Crash
4795,Type A,88,Poor,94,0,Stormy,0,2389,3.354033870683769,Yes,Highly Likely to Crash
4796,Type A,61,Average,80,5,Cloudy,2,10591,13.757268336292775,No,Highly Likely to Crash
4797,Type A,56,Poor,93,4,Cloudy,0,14015,10.74823080911779,No,Highly Likely to Crash
4798,Type B,88,Poor,52,2,Stormy,0,19539,11.028563360559572,Yes,Highly Likely to Crash
4799,Type C,91,Average,77,0,Cloudy,2,11021,5.256576810323809,No,Inconclusive
4800,Type A,97,Poor,52,3,Stormy,0,4218,11.023954859573458,No,Highly Likely to Crash
4801,Type C,75,Poor,63,1,Cloudy,1,9748,10.936811886174493,Yes,Highly Likely to Crash
4802,Type C,89,Good,67,2,Stormy,0,19013,9.325317358583678,Yes,Inconclusive
4803,Type B,58,Good,76,0,Cloudy,3,10198,6.00203764562661,Yes,Highly Likely to Crash
4804,Type A,90,Good,100,4,Stormy,2,14983,12.354202127589453,Yes,Highly Likely to Crash
4805,Type B,83,Average,59,0,Clear,2,2130,14.125251131723765,No,Inconclusive
4806,Type A,94,Good,98,3,Clear,1,17875,13.17843795037795,Yes,Inconclusive
4807,Type B,62,Poor,64,2,Cloudy,3,15783,4.401708718982812,Yes,Highly Likely to Crash
4808,Type C,85,Average,68,0,Clear,0,5090,7.239433606695185,Yes,Inconclusive
4809,Type A,74,Average,58,5,Stormy,1,7366,5.793800932117701,No,Highly Likely to Crash
4810,Type C,73,Average,53,2,Cloudy,0,9722,10.904713702934588,No,Inconclusive
4811,Type C,93,Average,64,2,Cloudy,1,5421,12.640864727394089,Yes,Inconclusive
4812,Type B,66,Poor,100,4,Stormy,2,19365,4.021145854152562,Yes,Highly Likely to Crash
4813,Type A,51,Poor,97,1,Stormy,3,13845,14.261857494935818,Yes,Highly Likely to Crash
4814,Type C,62,Good,57,5,Stormy,2,9254,10.482607866193957,No,Highly Likely to Crash
4815,Type B,80,Average,98,3,Cloudy,1,6749,4.058270202076189,No,Inconclusive
4816,Type A,78,Good,50,0,Stormy,0,1293,6.195324558303974,No,Inconclusive
4817,Type A,99,Poor,56,1,Clear,3,14493,2.4644960127916846,No,Highly Likely to Crash
4818,Type C,77,Average,80,4,Cloudy,0,1486,9.358965790414521,Yes,Highly Likely to Crash
4819,Type A,76,Poor,67,1,Stormy,2,4095,3.368681319096737,No,Highly Likely to Crash
4820,Type C,64,Good,61,2,Cloudy,0,16027,10.70325913428258,Yes,Highly Likely to Crash
4821,Type A,80,Poor,97,2,Clear,1,17738,11.321454405145168,Yes,Highly Likely to Crash
4822,Type B,89,Average,79,3,Clear,3,14913,7.710687456528044,Yes,Inconclusive
4823,Type C,64,Average,82,5,Stormy,3,18453,2.313434796018594,Yes,Highly Likely to Crash
4824,Type C,82,Good,96,0,Cloudy,3,2756,9.552224659601718,No,Inconclusive
4825,Type A,69,Average,56,0,Stormy,1,12601,6.2108735297334015,Yes,Highly Likely to Crash
4826,Type A,91,Poor,77,4,Cloudy,0,14222,14.29506459699665,No,Highly Likely to Crash
4827,Type C,61,Poor,98,3,Stormy,3,10914,8.184879893828583,No,Highly Likely to Crash
4828,Type A,86,Poor,52,0,Stormy,2,4676,2.011724964098436,No,Highly Likely to Crash
4829,Type B,58,Poor,92,5,Cloudy,2,8461,9.90468716476051,Yes,Highly Likely to Crash
4830,Type A,72,Good,55,2,Cloudy,2,15916,11.910951835370978,Yes,Inconclusive
4831,Type B,57,Poor,80,3,Clear,2,5754,3.2470393316784345,Yes,Highly Likely to Crash
4832,Type B,81,Good,87,1,Clear,2,8929,7.286803100821409,Yes,Inconclusive
4833,Type B,97,Poor,64,3,Cloudy,1,14283,11.4047573453295,Yes,Highly Likely to Crash
4834,Type B,63,Good,56,3,Clear,0,13417,1.2869106154443317,No,Highly Likely to Crash
4835,Type B,76,Poor,92,5,Clear,1,2232,1.4055771453632786,Yes,Highly Likely to Crash
4836,Type A,74,Poor,79,5,Cloudy,2,15975,10.476768936360058,No,Highly Likely to Crash
4837,Type B,62,Good,76,0,Cloudy,2,11753,11.151770976551354,No,Highly Likely to Crash
4838,Type A,70,Average,66,4,Cloudy,3,1314,12.842172122476104,No,Highly Likely to Crash
4839,Type B,94,Average,67,4,Stormy,3,7535,6.594397421096783,No,Highly Likely to Crash
4840,Type C,80,Average,71,5,Cloudy,0,1686,6.456873310637078,Yes,Highly Likely to Crash
4841,Type B,86,Good,75,0,Cloudy,0,19109,8.733151618215206,Yes,Inconclusive
4842,Type C,97,Average,100,0,Cloudy,0,9676,11.602577370489037,Yes,Inconclusive
4843,Type B,92,Average,76,0,Clear,1,17403,9.973890757135068,No,Inconclusive
4844,Type B,54,Good,89,5,Cloudy,3,11238,5.5825262538139375,No,Highly Likely to Crash
4845,Type B,62,Average,73,4,Clear,0,5541,5.851661590101826,No,Highly Likely to Crash
4846,Type C,77,Average,57,0,Stormy,3,18338,11.682069097939484,No,Inconclusive
4847,Type C,92,Average,70,5,Cloudy,3,8259,8.485053264662447,No,Highly Likely to Crash
4848,Type B,74,Good,78,1,Cloudy,3,9750,2.371666458117332,No,Inconclusive
4849,Type A,100,Good,92,1,Clear,3,1446,3.1419293581320575,Yes,Inconclusive
4850,Type B,84,Average,70,2,Stormy,3,4530,12.916665263136421,No,Inconclusive
4851,Type C,96,Average,52,1,Cloudy,3,8827,14.983248043778888,Yes,Inconclusive
4852,Type B,88,Good,80,3,Stormy,1,17676,5.699560680377569,Yes,Inconclusive
4853,Type C,56,Average,76,2,Stormy,2,1636,6.413823261795556,Yes,Highly Likely to Crash
4854,Type C,87,Good,95,1,Cloudy,3,1054,3.1628323470542075,No,Inconclusive
4855,Type C,81,Average,76,3,Stormy,1,13733,4.2999831768459025,Yes,Inconclusive
4856,Type B,52,Good,58,1,Stormy,0,3903,6.944817840862431,Yes,Highly Likely to Crash
4857,Type C,94,Poor,82,5,Cloudy,1,19138,4.9814550217506754,No,Highly Likely to Crash
4858,Type C,88,Poor,82,3,Clear,1,18250,10.81994796426721,Yes,Highly Likely to Crash
4859,Type B,86,Good,75,0,Cloudy,1,1448,8.529892181058354,Yes,Inconclusive
4860,Type C,99,Poor,77,5,Stormy,3,8795,12.512159796105413,No,Highly Likely to Crash
4861,Type B,71,Average,93,3,Cloudy,0,7707,11.143348848066271,No,Inconclusive
4862,Type C,57,Good,92,5,Clear,1,9738,2.7934085674467273,No,Highly Likely to Crash
4863,Type A,66,Good,80,0,Stormy,0,7919,2.727445518074062,Yes,Highly Likely to Crash
4864,Type A,76,Average,50,3,Stormy,1,6456,13.539080939104398,Yes,Inconclusive
4865,Type C,82,Average,69,3,Clear,3,15125,12.473157352267833,No,Inconclusive
4866,Type A,95,Good,61,5,Clear,1,7822,7.550842524277924,Yes,Highly Likely to Crash
4867,Type B,66,Average,66,1,Stormy,1,3114,2.825097886835616,No,Highly Likely to Crash
4868,Type A,91,Good,64,3,Clear,0,15965,13.580068069601275,No,Inconclusive
4869,Type C,61,Average,83,1,Cloudy,0,12023,4.2298078032630215,No,Highly Likely to Crash
4870,Type C,97,Good,99,3,Clear,0,3771,1.497486844815166,Yes,Inconclusive
4871,Type B,95,Average,65,4,Cloudy,2,9529,13.93935334982363,Yes,Highly Likely to Crash
4872,Type C,76,Average,53,2,Stormy,0,6178,12.325098690122157,Yes,Inconclusive
4873,Type B,97,Poor,57,1,Stormy,1,17765,10.708743692458278,No,Highly Likely to Crash
4874,Type A,57,Poor,83,1,Stormy,2,15721,1.476425002928491,No,Highly Likely to Crash
4875,Type A,72,Poor,95,0,Stormy,0,16071,8.398036497497928,Yes,Highly Likely to Crash
4876,Type B,91,Average,74,4,Stormy,3,10894,10.150906171172796,Yes,Highly Likely to Crash
4877,Type B,98,Good,64,0,Clear,0,16366,11.63086137094844,Yes,Less Likely to Crash
4878,Type C,78,Average,77,4,Clear,3,2698,7.59503438717933,No,Highly Likely to Crash
4879,Type A,99,Poor,58,4,Stormy,2,9907,14.346890201141797,No,Highly Likely to Crash
4880,Type B,69,Average,51,5,Clear,3,9572,4.426934853624443,Yes,Highly Likely to Crash
4881,Type A,65,Poor,66,5,Clear,2,17638,1.976288843065513,Yes,Highly Likely to Crash
4882,Type B,66,Poor,59,5,Stormy,3,5717,5.658727430121098,Yes,Highly Likely to Crash
4883,Type A,65,Good,58,3,Clear,0,9392,10.265268184293976,Yes,Highly Likely to Crash
4884,Type C,68,Good,80,0,Stormy,2,10911,11.320200859867809,No,Highly Likely to Crash
4885,Type A,57,Poor,51,2,Stormy,1,870,11.338956559607325,Yes,Highly Likely to Crash
4886,Type A,87,Poor,73,4,Stormy,1,2232,2.549433586718275,Yes,Highly Likely to Crash
4887,Type A,87,Average,68,4,Stormy,1,16014,13.391252364795779,No,Highly Likely to Crash
4888,Type A,78,Poor,66,1,Clear,0,5759,4.93167184092041,No,Highly Likely to Crash
4889,Type A,90,Average,92,3,Clear,1,14616,3.938755507285171,Yes,Inconclusive
4890,Type C,85,Poor,98,2,Cloudy,2,17685,9.60240467712641,No,Highly Likely to Crash
4891,Type B,75,Good,59,5,Cloudy,1,9681,3.965887042073669,Yes,Highly Likely to Crash
4892,Type A,80,Good,99,4,Stormy,2,915,8.112538899970335,Yes,Highly Likely to Crash
4893,Type C,93,Poor,77,1,Cloudy,1,3837,6.698415751635233,Yes,Highly Likely to Crash
4894,Type A,61,Average,87,0,Clear,3,8527,4.248479676799244,No,Highly Likely to Crash
4895,Type A,66,Average,97,4,Clear,2,5557,5.088834855023492,Yes,Highly Likely to Crash
4896,Type B,64,Average,77,1,Cloudy,1,7467,6.983701239052082,Yes,Highly Likely to Crash
4897,Type A,58,Poor,99,0,Cloudy,1,2120,5.846244848412775,No,Highly Likely to Crash
4898,Type C,88,Poor,99,3,Clear,1,8493,6.342060981202254,No,Highly Likely to Crash
4899,Type C,91,Good,50,5,Cloudy,2,19676,11.29608470198334,No,Highly Likely to Crash
4900,Type B,97,Good,52,0,Clear,2,7886,3.357318777692684,Yes,Less Likely to Crash
4901,Type A,61,Poor,64,4,Clear,1,5393,9.786660222653943,Yes,Highly Likely to Crash
4902,Type C,81,Good,59,2,Cloudy,3,5356,10.494208859069689,Yes,Inconclusive
4903,Type A,74,Average,70,0,Cloudy,2,4155,12.229218646474429,Yes,Inconclusive
4904,Type A,88,Average,86,2,Stormy,2,16760,12.862580454335225,Yes,Inconclusive
4905,Type A,67,Poor,64,2,Stormy,3,16963,3.221317608539607,No,Highly Likely to Crash
4906,Type B,64,Average,72,0,Stormy,0,12924,2.935650655652031,No,Highly Likely to Crash
4907,Type A,81,Poor,63,3,Stormy,3,4808,9.606794184052525,Yes,Highly Likely to Crash
4908,Type C,55,Average,64,0,Stormy,1,18746,11.596831708161503,Yes,Highly Likely to Crash
4909,Type A,93,Poor,59,1,Clear,2,1118,4.812570023355555,Yes,Highly Likely to Crash
4910,Type C,92,Average,58,5,Cloudy,2,17843,8.361860878023581,Yes,Highly Likely to Crash
4911,Type A,84,Average,93,2,Clear,2,11970,11.811352028564794,Yes,Inconclusive
4912,Type C,83,Good,88,5,Stormy,2,15992,11.74504351536636,Yes,Highly Likely to Crash
4913,Type C,87,Good,54,4,Stormy,0,8614,10.153482325592437,Yes,Highly Likely to Crash
4914,Type A,54,Good,74,2,Cloudy,2,12688,2.10302774306711,Yes,Highly Likely to Crash
4915,Type A,67,Good,91,4,Clear,2,11169,1.7090140438601358,No,Highly Likely to Crash
4916,Type C,65,Good,75,1,Stormy,0,11943,6.438234340691795,No,Highly Likely to Crash
4917,Type B,57,Good,57,1,Stormy,1,19052,1.3736239707090654,Yes,Highly Likely to Crash
4918,Type A,74,Poor,71,5,Stormy,1,7735,13.658020645966532,Yes,Highly Likely to Crash
4919,Type B,81,Poor,74,1,Stormy,0,10414,1.282025306566139,Yes,Highly Likely to Crash
4920,Type A,75,Good,97,0,Clear,1,18045,1.4145800699877418,No,Inconclusive
4921,Type A,71,Poor,61,2,Clear,1,10581,3.3145832972004436,No,Highly Likely to Crash
4922,Type A,80,Good,58,4,Stormy,3,18924,9.778211842197845,Yes,Highly Likely to Crash
4923,Type A,92,Poor,59,5,Clear,3,16167,8.581757968208986,Yes,Highly Likely to Crash
4924,Type B,59,Average,97,5,Stormy,3,12093,10.232819911774914,Yes,Highly Likely to Crash
4925,Type A,61,Poor,59,1,Cloudy,0,8660,13.50977197551202,Yes,Highly Likely to Crash
4926,Type C,77,Poor,58,1,Cloudy,2,9791,7.369239111363783,Yes,Highly Likely to Crash
4927,Type C,55,Poor,75,4,Cloudy,0,12710,1.6142636623269777,No,Highly Likely to Crash
4928,Type B,69,Average,84,2,Clear,0,4632,11.68895275296041,Yes,Highly Likely to Crash
4929,Type A,54,Good,76,2,Stormy,0,1344,12.367502478832783,Yes,Highly Likely to Crash
4930,Type C,72,Poor,80,5,Cloudy,0,2143,1.6984370384119214,No,Highly Likely to Crash
4931,Type B,58,Poor,68,4,Cloudy,3,1763,4.399890110924634,Yes,Highly Likely to Crash
4932,Type A,78,Average,92,5,Clear,0,3434,11.788355190644275,No,Highly Likely to Crash
4933,Type C,65,Good,87,3,Clear,3,7674,6.266173339648366,No,Highly Likely to Crash
4934,Type C,95,Poor,55,2,Cloudy,2,715,7.617119578501866,No,Highly Likely to Crash
4935,Type B,71,Average,64,4,Stormy,1,5276,12.524460394695016,Yes,Highly Likely to Crash
4936,Type A,57,Good,78,4,Stormy,3,19224,2.3246735377279952,No,Highly Likely to Crash
4937,Type A,69,Good,96,5,Stormy,0,14600,10.481980542514261,No,Highly Likely to Crash
4938,Type C,100,Poor,94,1,Cloudy,2,10199,4.009781414513989,No,Highly Likely to Crash
4939,Type C,63,Poor,54,4,Clear,0,18974,1.877120035071231,Yes,Highly Likely to Crash
4940,Type C,88,Poor,63,5,Stormy,2,1616,10.27496983827486,No,Highly Likely to Crash
4941,Type A,86,Poor,51,0,Cloudy,1,8250,2.6997715416237122,No,Highly Likely to Crash
4942,Type B,99,Average,72,1,Cloudy,2,14080,11.458101623235233,Yes,Inconclusive
4943,Type B,83,Average,93,1,Clear,2,14432,3.8378754775730415,Yes,Inconclusive
4944,Type A,60,Poor,95,2,Stormy,1,11432,1.679168285009929,No,Highly Likely to Crash
4945,Type B,89,Good,68,3,Cloudy,1,13746,2.3901645098947983,No,Inconclusive
4946,Type C,82,Poor,73,2,Stormy,2,19045,12.777783482442695,No,Highly Likely to Crash
4947,Type B,80,Good,69,0,Stormy,0,9840,6.193555028763839,Yes,Inconclusive
4948,Type B,93,Good,96,5,Stormy,3,6880,5.2317329791438505,Yes,Highly Likely to Crash
4949,Type B,83,Good,76,1,Cloudy,0,15488,7.876783475975372,Yes,Inconclusive
4950,Type C,99,Average,73,1,Stormy,3,16333,9.86105596390118,Yes,Inconclusive
4951,Type A,56,Good,66,4,Clear,1,9832,1.5194314343833584,Yes,Highly Likely to Crash
4952,Type C,98,Good,74,3,Cloudy,0,19817,13.574639188307442,No,Inconclusive
4953,Type A,72,Average,95,3,Cloudy,1,6155,14.418739107485559,No,Inconclusive
4954,Type A,95,Good,80,4,Stormy,2,2948,6.842295426168169,Yes,Highly Likely to Crash
4955,Type A,56,Good,77,0,Stormy,2,14685,6.7768046352163935,No,Highly Likely to Crash
4956,Type B,74,Poor,99,3,Stormy,0,17711,13.2998388977026,Yes,Highly Likely to Crash
4957,Type B,52,Good,77,1,Cloudy,1,1703,7.010365173924266,No,Highly Likely to Crash
4958,Type A,87,Good,71,0,Clear,0,7119,12.986659087360486,No,Inconclusive
4959,Type A,69,Good,54,2,Clear,0,7298,1.3967172228514328,Yes,Highly Likely to Crash
4960,Type B,83,Good,93,2,Cloudy,3,17728,7.855108522751509,Yes,Inconclusive
4961,Type C,98,Good,91,0,Clear,2,3471,14.33400662681306,No,Less Likely to Crash
4962,Type A,93,Average,57,1,Stormy,0,1768,4.5392652222294165,No,Inconclusive
4963,Type C,93,Good,87,2,Cloudy,2,16452,4.72616748633404,No,Inconclusive
4964,Type B,79,Good,77,5,Clear,3,5244,9.821721841976784,No,Highly Likely to Crash
4965,Type A,66,Average,96,1,Cloudy,1,8235,13.96667236649354,Yes,Highly Likely to Crash
4966,Type C,59,Average,61,4,Clear,0,15048,3.782391378055004,No,Highly Likely to Crash
4967,Type C,84,Good,74,3,Cloudy,2,10321,13.903114361910927,Yes,Inconclusive
4968,Type C,69,Good,87,0,Clear,0,4030,10.282052417608329,No,Highly Likely to Crash
4969,Type B,67,Good,93,3,Cloudy,1,5585,14.902662399654757,Yes,Highly Likely to Crash
4970,Type B,94,Poor,64,4,Cloudy,0,9495,11.310423850336832,Yes,Highly Likely to Crash
4971,Type C,93,Poor,93,2,Cloudy,0,2764,10.34920757004228,Yes,Highly Likely to Crash
4972,Type C,76,Good,90,5,Cloudy,2,519,12.408644407439528,No,Highly Likely to Crash
4973,Type B,98,Average,100,1,Cloudy,1,18665,3.451964470064095,No,Inconclusive
4974,Type C,85,Good,83,1,Stormy,3,13462,14.243798582466896,Yes,Inconclusive
4975,Type C,72,Average,94,4,Cloudy,1,7796,3.3183371228648757,No,Highly Likely to Crash
4976,Type B,81,Average,62,0,Cloudy,1,16833,1.359385178550359,Yes,Inconclusive
4977,Type C,59,Average,57,3,Cloudy,3,9248,10.76999577676839,Yes,Highly Likely to Crash
4978,Type C,60,Good,62,5,Clear,0,19128,3.5843359658036706,Yes,Highly Likely to Crash
4979,Type C,87,Good,85,2,Cloudy,2,19867,11.622544514846386,Yes,Inconclusive
4980,Type B,55,Average,55,0,Stormy,0,12255,12.130545691753284,Yes,Highly Likely to Crash
4981,Type C,90,Poor,87,5,Cloudy,0,3225,4.313789369175504,No,Highly Likely to Crash
4982,Type B,96,Poor,81,5,Clear,3,13525,2.2140846280529587,Yes,Highly Likely to Crash
4983,Type B,83,Poor,70,4,Clear,3,5387,8.011493527903198,No,Highly Likely to Crash
4984,Type A,85,Average,93,4,Cloudy,0,14158,13.463059147956074,No,Highly Likely to Crash
4985,Type A,86,Good,93,1,Cloudy,1,17080,12.862075414411308,No,Inconclusive
4986,Type C,66,Average,98,2,Cloudy,2,5726,2.6391543910037636,Yes,Highly Likely to Crash
4987,Type B,89,Poor,56,0,Cloudy,1,3328,14.5069657032594,No,Highly Likely to Crash
4988,Type A,89,Good,75,1,Clear,0,13531,4.695288735423153,No,Inconclusive
4989,Type C,61,Average,64,2,Cloudy,0,4488,5.891476478322568,No,Highly Likely to Crash
4990,Type A,70,Average,98,3,Clear,2,19353,3.086703403009839,No,Inconclusive
4991,Type A,89,Poor,91,3,Clear,1,18514,6.289241517597045,Yes,Highly Likely to Crash
4992,Type B,68,Average,72,1,Stormy,0,14739,9.89897548847552,No,Highly Likely to Crash
4993,Type B,52,Good,87,0,Clear,0,3778,8.08509564164969,No,Highly Likely to Crash
4994,Type A,67,Poor,90,2,Cloudy,3,18922,12.58555279087899,Yes,Highly Likely to Crash
4995,Type A,100,Poor,64,3,Cloudy,2,6970,9.978211357595505,No,Highly Likely to Crash
4996,Type B,68,Good,97,3,Cloudy,3,13266,4.68962260029026,No,Highly Likely to Crash
4997,Type C,96,Poor,89,0,Cloudy,3,5261,8.804132442635659,No,Highly Likely to Crash
4998,Type B,55,Average,65,1,Stormy,3,1887,1.8986757624349349,No,Highly Likely to Crash
4999,Type A,65,Average,81,4,Stormy,0,17525,9.131067850422456,No,Highly Likely to Crash
