Pilot_ID,Flight_Hours,Training_Scores,Incident_Reports,Flight_Maneuver_Proficiency,Physiological_Data,Cognitive_Performance,Stress_Levels,Communication_Skills,Weather_Adaptability,Peer_Reviews,Simulator_Performance,Fatigue_Management,Final_Rating
1,57,6,82,95,15,10,30,23,11,61,99,90,14
1,21,68,8,70,31,71,47,77,71,96,91,76,53
1,90,5,82,3,45,12,55,1,16,45,60,34,57
1,18,47,99,86,13,38,14,80,38,84,89,24,68
1,67,5,31,61,12,29,11,84,9,34,60,79,67
1,50,66,83,17,58,33,79,38,15,27,87,86,79
1,84,74,53,12,49,6,15,90,32,89,71,74,24
1,47,85,92,18,88,36,72,86,44,15,26,56,58
1,17,78,74,5,65,41,2,25,87,6,13,20,31
1,36,6,84,98,80,25,61,77,100,96,67,47,92
1,13,38,83,51,28,16,88,7,7,45,52,89,70
1,10,49,44,63,56,38,77,56,23,11,32,88,88
2,61,42,38,18,26,85,84,68,83,11,40,88,14
2,64,72,17,97,63,6,49,88,43,82,8,80,41
2,42,4,51,9,7,44,5,18,67,35,43,82,71
2,87,0,16,55,95,5,25,34,31,46,85,90,42
2,96,11,3,22,99,76,97,100,12,12,74,22,81
2,29,57,7,27,36,30,80,3,83,76,96,35,10
2,82,81,89,79,27,72,29,67,97,17,25,45,13
2,27,20,30,61,94,54,18,33,100,32,32,35,70
2,89,77,57,41,94,52,0,96,62,28,6,65,64
2,45,13,39,41,18,34,4,58,48,97,70,67,11
2,1,27,51,47,59,45,40,57,6,15,37,16,6
2,18,9,82,73,85,21,79,95,83,83,69,72,4
3,15,64,0,19,84,78,54,10,30,76,22,8,74
3,92,58,33,0,17,39,45,62,22,4,73,19,41
3,10,25,59,20,21,10,1,88,31,21,54,24,99
3,62,39,29,8,93,84,35,60,60,64,10,25,41
3,49,36,26,79,31,36,84,51,98,26,81,13,60
3,48,2,69,39,54,97,94,97,92,89,20,66,85
3,100,90,52,87,74,52,11,80,27,23,33,2,61
3,68,17,38,16,73,77,64,95,89,43,78,12,9
3,72,33,29,54,27,95,65,15,37,48,20,42,57
3,92,72,31,2,7,4,22,77,10,25,9,88,98
3,28,55,46,99,5,35,35,51,21,64,79,88,34
3,52,73,52,64,94,82,94,67,77,95,95,33,59
4,37,66,5,12,58,68,35,68,57,1,63,70,44
4,1,22,14,19,42,11,66,90,3,83,93,65,97
4,75,47,81,66,98,62,22,35,59,74,33,68,68
4,4,34,98,31,84,25,2,0,25,27,17,70,0
4,72,60,30,18,71,43,29,78,67,55,58,6,62
4,85,51,63,10,79,71,11,98,99,16,94,1,60
4,65,15,100,59,26,92,13,76,25,86,79,67,97
4,9,15,11,95,72,49,56,62,62,14,59,100,97
4,77,14,89,87,0,55,78,4,28,69,86,97,14
4,22,18,88,85,49,47,1,11,15,13,35,26,24
4,37,98,57,100,7,91,38,99,6,95,49,55,21
4,54,78,12,8,70,36,43,41,61,84,63,16,23
5,95,86,49,32,84,25,77,12,83,93,30,25,73
5,92,35,71,60,51,59,10,73,99,72,33,17,51
5,91,52,20,37,62,35,32,37,22,69,29,72,100
5,82,77,24,28,68,20,37,76,68,45,88,14,48
5,1,20,34,26,31,38,9,2,41,37,68,98,89
5,22,38,2,81,79,44,84,83,77,78,1,98,31
5,18,20,1,68,45,62,58,30,85,30,99,69,42
5,14,84,80,23,14,44,17,71,94,38,6,79,52
5,60,31,40,73,2,39,83,12,37,7,74,77,0
5,2,78,17,86,28,51,81,30,56,41,30,11,55
5,63,100,54,90,99,76,56,17,85,100,30,83,59
5,25,18,18,41,83,93,4,53,96,8,62,30,16
6,5,98,5,11,84,36,94,87,94,77,75,39,93
6,91,53,99,51,97,96,30,31,13,60,14,22,13
6,62,61,90,55,94,46,71,42,67,67,29,82,21
6,29,74,76,77,48,24,5,19,45,69,64,8,84
6,57,3,11,5,91,15,72,81,86,79,45,39,94
6,42,75,83,16,2,65,36,97,38,50,14,90,74
6,58,35,26,31,55,77,19,62,94,6,1,84,59
6,6,11,52,10,36,23,43,57,31,36,100,88,52
6,53,87,99,87,34,56,79,44,31,57,22,5,29
6,80,35,61,18,38,20,63,48,25,44,44,82,12
6,82,37,14,73,13,55,93,53,18,93,54,25,86
6,95,98,46,29,14,17,64,34,67,16,83,8,76
7,55,36,0,72,60,93,6,91,52,15,25,26,68
7,97,21,70,88,29,93,66,16,0,95,65,60,99
7,26,80,4,91,32,2,66,89,23,99,72,64,11
7,47,13,81,57,46,30,59,38,61,88,82,31,14
7,2,98,64,32,88,5,74,18,57,13,26,24,98
7,15,39,38,73,31,38,45,13,29,12,65,86,21
7,84,25,15,6,21,85,91,49,79,10,86,38,68
7,83,16,6,62,50,36,7,72,52,2,70,23,35
7,9,19,86,96,25,25,4,84,68,97,10,6,63
7,15,35,50,31,40,42,23,6,7,73,68,18,79
7,10,40,27,66,60,69,28,66,40,99,52,27,41
7,61,30,6,22,64,81,39,77,22,48,89,51,92
8,94,1,74,80,47,85,61,3,76,98,27,39,0
8,26,61,57,88,98,48,22,40,12,71,29,77,38
8,31,8,25,50,15,25,54,17,31,7,95,92,49
8,26,27,36,50,4,83,69,85,95,10,22,97,1
8,67,68,99,85,84,88,12,4,9,93,59,79,22
8,71,91,39,34,59,8,30,76,22,41,92,97,98
8,75,67,40,73,76,36,10,21,56,88,88,18,26
8,35,81,54,37,27,6,71,21,76,6,2,83,53
8,28,90,23,13,31,41,20,55,49,98,9,5,95
8,39,12,93,84,100,29,84,72,11,6,70,49,65
8,10,0,51,90,75,85,5,55,13,35,46,38,6
8,94,32,91,34,37,85,41,67,18,100,44,56,76
9,61,77,9,50,88,97,38,77,85,86,52,62,71
9,63,66,2,17,51,7,88,38,84,16,97,39,17
9,28,9,93,78,75,23,31,28,95,30,38,24,54
9,93,24,8,73,83,18,85,42,56,70,1,50,98
9,72,13,49,45,91,60,49,3,15,98,36,18,87
9,5,11,3,62,76,19,79,33,3,93,32,95,83
9,95,60,1,89,52,23,42,2,75,11,10,83,40
9,85,30,36,12,32,21,28,79,22,55,100,94,58
9,31,93,76,1,45,2,87,25,44,97,96,27,65
9,78,59,75,16,20,4,31,93,20,71,92,93,15
9,84,34,6,97,68,97,42,97,17,99,9,55,2
9,48,98,4,1,44,87,60,7,21,12,1,60,31
10,99,100,68,55,3,33,74,48,25,97,63,62,96
10,48,26,80,49,91,64,90,10,8,95,29,49,30
10,58,82,40,82,21,50,73,21,63,12,59,94,100
10,63,13,88,85,84,95,3,92,85,57,55,19,17
10,17,22,64,12,38,84,19,80,82,62,96,16,18
10,37,89,80,72,69,7,10,47,75,47,1,0,19
10,21,86,50,96,97,3,74,98,25,49,48,84,81
10,100,88,85,94,20,47,3,52,87,22,53,46,38
10,56,59,30,32,90,78,25,6,58,62,50,18,33
10,100,60,53,64,19,11,52,61,2,48,74,48,67
10,83,91,67,89,49,25,1,100,51,99,17,23,63
10,15,54,49,92,39,36,21,63,56,0,90,21,75
11,94,59,27,14,88,94,11,57,59,75,64,100,25
11,67,100,53,85,55,5,22,10,95,100,97,38,5
11,11,13,51,10,72,45,14,59,29,75,1,57,91
11,79,7,78,4,52,96,20,93,41,43,18,78,29
11,1,0,42,2,32,30,85,18,30,91,52,31,53
11,9,58,40,90,30,71,85,56,91,8,99,19,10
11,24,70,40,89,64,93,58,33,22,23,33,80,84
11,14,29,90,34,69,91,70,84,72,16,54,90,88
11,83,81,18,32,29,72,37,94,49,87,3,93,86
11,23,49,29,91,31,56,13,31,59,9,24,30,60
11,91,57,58,72,15,99,41,4,38,45,91,7,51
11,58,0,67,8,76,39,21,57,30,37,4,2,90
12,24,26,18,60,62,51,13,96,68,20,52,55,76
12,96,52,25,71,43,29,0,82,25,2,3,48,73
12,25,31,60,15,77,84,4,72,53,78,32,58,63
12,86,53,57,97,60,45,54,11,78,20,19,44,67
12,42,49,5,31,88,38,20,11,21,50,51,26,22
12,69,29,96,53,54,43,40,51,97,50,66,25,82
12,52,44,33,14,70,69,85,77,56,84,61,46,15
12,66,89,81,41,99,56,19,20,33,36,21,75,15
12,75,15,69,11,98,90,40,13,48,72,53,31,41
12,42,1,7,5,1,5,17,29,51,63,64,86,21
12,19,0,10,48,83,63,45,33,61,74,94,60,85
12,95,91,92,38,34,100,87,18,73,61,91,33,22
13,63,64,75,2,3,17,56,60,90,24,57,66,36
13,10,84,13,44,78,19,15,0,89,41,100,66,73
13,23,4,64,97,72,53,16,87,32,41,2,93,13
13,44,64,80,53,100,20,98,90,6,58,83,30,49
13,15,57,11,77,96,72,94,98,52,11,54,99,52
13,53,24,4,83,93,23,81,41,92,47,24,32,9
13,65,63,36,7,70,22,94,5,34,90,46,54,57
13,26,48,81,4,42,76,49,83,67,97,90,24,47
13,75,11,84,51,99,47,93,80,84,61,22,77,21
13,26,24,46,71,11,52,63,71,45,53,44,72,97
13,85,84,11,12,75,54,17,3,28,22,30,56,85
13,23,94,83,56,63,34,2,97,86,22,39,77,2
14,41,83,35,33,81,59,17,91,73,82,20,86,92
14,86,81,93,61,99,10,0,41,12,56,12,90,42
14,16,15,63,95,7,77,95,72,2,33,1,18,7
14,8,22,21,4,42,59,100,36,29,93,21,23,55
14,53,12,93,17,56,33,26,73,78,27,57,94,69
14,42,37,89,56,75,9,99,65,68,44,63,31,48
14,1,12,69,59,73,51,35,25,92,24,90,19,37
14,57,1,22,95,18,88,59,71,7,98,95,4,85
14,47,63,25,22,2,38,62,78,60,43,50,3,10
14,35,89,45,78,82,17,80,24,54,31,63,37,64
14,20,31,33,44,76,26,8,49,39,31,18,5,100
14,13,46,84,76,18,14,93,23,44,90,38,60,45
15,70,14,77,81,73,69,57,78,16,32,69,60,69
15,65,16,16,92,52,82,54,44,47,22,1,65,80
15,31,28,67,47,45,4,61,78,53,28,84,40,78
15,40,76,29,34,49,25,27,38,8,74,71,93,85
15,100,8,30,94,17,5,32,29,50,5,72,48,59
15,47,12,14,86,56,41,99,41,96,39,93,86,87
15,45,16,35,71,36,75,40,71,93,91,74,40,41
15,62,69,36,10,3,74,49,9,39,78,73,47,56
15,75,94,42,48,93,3,48,19,6,72,73,24,29
15,61,64,77,28,22,97,79,61,80,10,89,73,28
15,33,85,6,35,64,87,70,99,5,19,57,80,6
15,64,68,26,26,7,73,35,23,54,80,92,21,56
16,30,17,60,27,81,37,98,0,35,91,30,42,39
16,62,72,36,67,33,52,36,35,62,15,71,95,21
16,54,3,58,93,92,11,6,83,48,40,54,22,33
16,77,65,47,90,38,51,71,44,72,97,31,65,5
16,99,33,69,31,84,45,84,41,100,75,35,49,87
16,93,22,58,90,100,97,73,26,73,79,26,22,81
16,54,36,15,61,30,9,53,92,39,82,63,95,52
16,62,17,27,65,13,82,72,50,67,59,11,77,12
16,8,56,8,89,72,56,87,4,6,52,62,11,90
16,60,89,42,8,39,8,4,43,78,10,86,45,100
16,47,9,97,42,50,59,25,100,7,68,16,22,64
16,8,37,29,15,52,21,74,85,62,48,31,87,17
17,10,38,90,10,5,0,53,73,90,88,47,84,22
17,52,61,82,18,0,65,63,32,25,10,53,64,62
17,100,5,86,36,76,23,23,32,76,48,59,78,79
17,31,7,19,67,93,62,73,64,98,70,54,55,75
17,21,98,79,38,40,98,100,44,51,100,17,30,84
17,84,1,17,92,74,90,10,50,18,21,7,82,39
17,48,24,6,35,11,3,62,77,46,40,82,86,24
17,37,62,46,92,17,54,20,53,44,79,36,30,32
17,32,1,52,15,21,0,97,67,85,12,13,71,71
17,92,19,9,81,85,90,51,87,39,32,66,20,60
17,96,12,59,64,82,90,42,93,20,92,22,13,21
17,24,34,61,17,25,37,43,86,26,98,75,55,94
18,70,13,30,68,43,77,15,58,78,0,70,76,5
18,26,61,40,95,37,73,5,6,44,78,6,53,87
18,52,9,77,76,36,31,18,97,59,67,27,17,11
18,78,38,20,31,52,45,91,12,17,7,11,29,55
18,28,41,14,11,90,68,35,40,98,26,53,64,37
18,98,95,55,47,78,57,42,25,26,0,94,47,48
18,35,19,24,69,27,94,12,37,23,72,15,6,5
18,19,93,73,17,98,63,96,87,88,39,70,32,96
18,39,12,46,83,90,6,64,14,25,60,17,67,28
18,4,100,65,98,80,48,44,40,32,31,59,66,65
18,47,14,87,74,85,81,73,47,57,51,82,25,3
18,21,11,18,64,59,63,69,97,39,81,34,66,13
19,65,31,71,60,3,41,52,93,34,40,89,59,34
19,100,47,16,33,59,27,58,100,54,43,79,73,47
19,19,3,24,47,7,43,81,31,88,6,70,8,82
19,43,6,65,38,19,81,66,74,87,22,35,18,99
19,90,16,23,16,72,81,96,24,14,2,22,20,46
19,77,97,53,43,3,81,5,40,31,71,55,2,13
19,45,82,46,51,24,41,13,0,50,53,2,58,89
19,65,66,85,47,4,7,46,22,94,8,39,30,86
19,75,61,25,69,52,51,8,33,74,64,96,24,100
19,60,32,72,5,11,18,39,68,95,64,20,11,1
19,15,49,62,40,61,17,75,3,93,23,28,77,6
19,99,2,6,3,50,29,54,50,53,58,57,96,55
20,52,14,88,5,34,11,38,98,41,73,29,33,93
20,59,0,8,71,2,96,59,81,47,24,92,82,56
20,80,41,43,11,27,46,93,40,41,5,29,14,36
20,1,74,4,18,2,79,70,67,77,27,93,94,65
20,74,91,94,72,68,42,39,70,98,49,63,15,87
20,79,60,87,90,56,53,28,85,71,89,58,5,21
20,6,95,95,39,37,35,32,53,63,48,7,71,77
20,25,84,23,39,37,69,27,64,84,19,69,43,28
20,14,51,93,63,49,5,44,84,79,41,54,67,67
20,54,65,51,91,91,49,17,22,67,78,8,26,98
20,29,15,13,86,99,41,23,8,47,83,71,49,94
20,23,23,23,49,26,93,88,39,61,79,94,73,31
21,44,48,38,45,52,24,62,34,16,42,85,37,4
21,28,12,38,29,39,21,14,89,38,9,16,97,84
21,100,53,25,84,89,25,70,57,31,0,93,76,5
21,45,50,89,39,24,38,70,17,29,57,25,31,22
21,73,32,15,66,64,59,5,23,100,15,42,34,95
21,33,77,1,96,26,13,56,26,35,54,77,18,36
21,91,13,57,6,32,75,99,31,78,8,73,49,76
21,95,82,42,39,88,61,93,59,65,94,82,21,40
21,68,18,47,5,47,76,52,28,19,83,67,10,11
21,13,20,54,16,59,82,24,40,71,10,97,95,44
21,20,79,93,14,84,31,61,64,31,53,67,75,43
21,1,32,34,83,89,6,49,23,0,54,55,96,73
22,3,81,27,89,52,12,64,34,68,52,48,10,90
22,93,49,83,13,74,97,13,32,37,64,1,96,69
22,28,0,63,47,24,75,22,74,76,97,90,11,43
22,14,47,16,63,63,60,60,38,95,70,84,10,64
22,19,95,2,20,24,98,1,36,85,54,19,95,7
22,79,76,7,96,17,81,37,29,15,11,60,23,69
22,20,46,34,33,96,67,25,49,61,70,80,23,74
22,81,85,15,36,26,64,34,53,45,72,44,50,61
22,15,30,95,100,64,76,21,69,92,89,8,0,36
22,27,49,79,85,53,79,66,38,31,9,89,87,98
22,79,20,23,63,36,92,82,84,24,37,51,0,79
22,81,59,81,86,23,37,24,96,35,80,71,16,63
23,20,50,37,59,64,91,17,38,75,7,91,68,83
23,38,37,4,8,35,68,59,18,16,29,9,39,47
23,28,68,74,96,34,85,24,96,92,47,89,22,24
23,45,32,96,57,4,56,98,77,72,98,14,17,50
23,89,54,33,70,46,74,4,78,14,62,90,41,30
23,45,64,68,93,100,44,60,96,27,28,30,77,94
23,15,20,81,100,90,3,66,81,29,64,25,73,97
23,83,12,57,46,13,11,43,46,47,41,7,67,69
23,23,18,26,85,39,43,68,77,86,29,30,86,8
23,30,63,46,34,64,31,37,19,8,48,51,67,46
23,4,89,95,18,7,92,22,9,1,5,59,13,34
23,56,36,28,3,24,59,5,72,4,80,23,89,44
24,89,59,29,25,89,95,79,51,0,99,32,69,67
24,59,84,55,36,17,2,71,88,63,40,24,26,10
24,99,76,41,76,61,18,94,58,15,3,75,7,28
24,61,9,58,54,6,58,95,39,1,57,10,84,68
24,2,94,44,74,58,23,67,87,81,18,30,64,15
24,41,82,24,66,49,89,93,97,75,71,45,87,94
24,74,54,12,90,65,49,20,96,55,44,92,41,98
24,72,97,13,51,73,30,32,90,20,75,50,49,72
24,91,86,4,50,52,57,67,18,81,21,37,72,2
24,22,71,67,8,21,46,9,9,59,100,7,95,63
24,14,2,76,72,73,91,96,83,54,66,81,47,70
24,60,87,80,62,32,40,97,99,15,11,65,80,3
25,65,30,97,39,81,40,20,26,90,63,20,45,13
25,87,46,65,61,92,51,5,63,8,82,10,98,38
25,76,98,73,7,92,21,73,38,76,5,95,87,96
25,83,21,82,2,13,62,52,78,74,48,9,87,86
25,89,89,32,39,28,80,68,22,69,11,81,52,64
25,31,75,53,17,83,7,53,18,2,29,47,24,63
25,7,40,96,85,59,99,3,87,45,100,29,61,33
25,29,91,39,81,23,78,59,27,46,4,43,71,9
25,54,81,74,13,79,71,92,55,96,71,83,82,83
25,53,76,98,98,71,10,95,82,86,33,17,7,46
25,66,37,45,50,36,45,13,55,32,10,62,49,30
25,79,29,69,74,44,31,4,64,12,98,48,85,100
26,27,61,73,28,7,90,98,82,65,99,12,95,70
26,35,82,40,61,99,47,12,78,68,16,22,41,93
26,24,16,13,84,7,12,41,61,51,90,16,96,62
26,62,8,32,9,70,61,3,37,7,72,38,1,77
26,96,11,45,72,41,0,11,85,97,61,11,5,75
26,58,38,7,67,70,6,18,0,88,89,76,45,10
26,11,38,35,25,13,78,70,84,97,100,83,96,93
26,57,14,35,53,67,37,86,85,27,51,38,8,65
26,4,14,40,16,91,20,7,92,99,84,75,12,9
26,42,91,94,62,24,52,46,19,28,5,70,49,14
26,33,72,69,26,27,81,71,52,50,79,7,17,80
26,58,5,6,64,100,7,75,13,27,64,38,12,100
27,55,63,87,47,88,74,52,74,2,54,33,70,80
27,72,65,54,13,49,11,95,21,12,37,100,3,54
27,12,75,17,9,70,5,32,23,70,25,1,75,11
27,87,52,9,16,50,57,67,70,73,3,22,94,97
27,31,65,99,63,6,57,33,56,90,76,0,48,17
27,6,35,79,9,99,34,97,62,27,33,87,16,57
27,48,4,86,26,1,0,4,91,4,75,95,15,77
27,20,91,28,90,37,68,49,2,57,8,39,81,84
27,24,40,9,86,57,67,70,4,47,76,87,88,36
27,77,100,18,66,52,41,0,8,8,76,35,70,61
27,65,22,18,63,0,33,12,85,82,100,70,48,91
27,83,19,17,25,26,74,50,53,46,85,56,83,11
28,49,38,7,85,11,95,93,72,25,77,12,3,36
28,47,65,88,57,10,80,10,62,64,96,1,65,45
28,13,26,5,85,52,32,19,80,49,26,21,83,76
28,1,77,24,73,80,12,44,37,16,83,31,50,53
28,68,76,1,64,83,14,96,65,94,24,51,0,57
28,20,42,82,92,72,5,55,25,87,15,67,49,86
28,87,89,89,97,69,75,47,55,54,63,31,23,96
28,0,3,53,94,56,35,74,81,60,89,17,48,4
28,57,15,41,46,44,94,18,51,62,48,26,47,58
28,63,56,79,43,46,41,67,65,99,87,24,75,45
28,13,38,25,67,49,76,69,3,96,65,35,16,29
28,54,98,15,98,70,48,15,95,15,66,38,96,97
29,53,87,1,25,56,65,71,75,41,80,7,50,73
29,58,75,79,21,35,61,28,96,11,79,62,53,80
29,54,24,4,16,1,17,35,72,46,70,5,90,20
29,89,33,31,33,77,81,92,23,5,70,31,90,22
29,30,36,93,99,54,48,78,72,83,38,62,35,15
29,8,45,88,15,79,90,45,17,17,60,65,11,63
29,82,22,33,43,84,38,90,50,98,20,87,51,26
29,78,76,67,95,5,40,89,70,26,1,83,9,15
29,100,85,1,71,15,20,16,41,80,67,77,8,73
29,58,66,44,19,13,32,79,61,36,33,93,97,8
29,71,61,40,40,66,6,99,16,28,20,21,21,1
29,55,4,9,75,23,73,60,80,68,99,89,49,9
30,34,32,21,92,21,19,81,68,48,17,40,89,13
30,27,53,97,37,0,38,25,86,30,9,59,36,32
30,35,51,45,83,0,11,80,75,36,52,55,21,25
30,16,34,95,38,94,38,29,45,20,55,99,36,89
30,17,95,69,90,64,35,51,50,21,2,74,68,92
30,88,48,95,2,51,61,47,31,37,85,39,100,83
30,38,18,30,33,34,64,34,86,74,98,39,8,83
30,40,11,78,39,3,88,7,31,10,88,45,7,14
30,97,8,26,25,98,60,51,65,65,51,4,1,44
30,94,69,93,11,75,62,83,41,21,56,38,4,54
30,98,82,19,93,52,25,24,8,57,42,7,93,32
30,54,78,4,6,35,40,51,11,50,77,51,9,2
31,54,67,77,66,44,89,91,74,2,85,63,16,79
31,28,45,75,36,15,84,16,50,20,92,18,97,25
31,34,10,90,70,49,93,69,43,50,35,30,52,12
31,26,0,87,82,89,2,73,65,17,90,1,84,73
31,4,70,1,47,38,20,27,56,18,46,28,12,6
31,11,11,24,93,88,52,71,13,30,22,56,60,24
31,7,1,4,95,40,94,32,2,84,97,96,19,28
31,55,56,63,21,76,0,66,17,9,8,78,24,79
31,81,91,43,32,16,39,65,25,48,36,88,68,62
31,66,58,16,100,42,30,43,94,73,75,56,4,43
31,84,47,70,51,69,99,74,4,80,71,76,0,92
31,72,34,83,51,20,44,34,25,15,47,0,82,74
32,53,2,87,39,38,60,81,4,73,46,25,83,54
32,72,24,50,39,74,46,67,67,40,51,32,27,31
32,50,83,77,47,40,16,66,23,55,48,7,10,94
32,35,26,44,79,0,46,87,57,35,25,15,91,82
32,37,72,53,63,3,21,48,10,30,57,94,81,89
32,13,62,61,85,2,47,9,71,22,7,51,1,20
32,70,58,25,59,56,95,16,90,14,67,18,53,77
32,55,76,88,57,86,55,50,96,48,23,30,89,45
32,77,54,94,76,43,5,59,46,73,33,61,65,4
32,38,10,34,100,90,54,11,29,66,88,5,20,64
32,4,37,47,3,65,89,99,60,4,96,84,8,83
32,100,15,70,85,68,45,57,78,13,32,65,2,90
33,15,6,32,79,46,48,95,33,54,91,50,30,52
33,58,83,81,24,0,61,40,26,98,73,59,70,92
33,43,55,65,62,14,43,74,73,17,78,56,0,45
33,60,89,68,11,18,29,56,72,10,19,43,96,67
33,22,46,72,86,11,82,53,64,6,87,25,54,57
33,68,4,86,30,15,97,32,80,61,13,83,7,91
33,73,4,29,55,21,22,73,4,84,86,83,63,0
33,41,92,50,5,32,92,37,48,90,35,98,96,100
33,37,13,35,88,16,100,2,98,37,95,14,33,52
33,79,40,57,67,12,51,29,90,0,14,7,70,48
33,91,83,56,70,43,66,37,22,19,48,42,52,35
33,91,49,42,32,54,51,29,45,94,77,93,6,84
34,85,9,43,18,76,97,89,92,57,51,46,15,9
34,40,93,14,79,3,31,18,20,45,99,35,6,21
34,51,8,5,21,20,13,37,58,95,78,11,18,72
34,43,59,70,70,5,34,69,57,30,57,6,90,51
34,0,60,47,58,35,90,44,19,96,15,23,35,79
34,20,72,42,91,49,34,36,68,82,57,25,97,72
34,100,21,54,89,93,93,49,54,27,23,43,99,50
34,14,62,36,32,42,63,34,91,9,90,3,33,81
34,35,44,24,49,18,48,25,26,53,75,43,44,100
34,59,77,49,15,70,67,5,17,33,96,90,43,8
34,12,80,24,89,92,74,13,28,25,62,58,76,30
34,49,97,35,10,75,35,81,42,64,5,79,12,40
35,99,22,49,54,8,97,22,45,3,42,95,3,86
35,6,71,63,78,42,77,41,26,5,48,44,54,74
35,35,14,37,33,25,10,39,80,78,77,78,57,68
35,76,80,84,63,71,27,89,62,11,89,29,56,45
35,34,96,29,5,87,2,84,40,18,82,93,67,16
35,65,53,26,63,10,39,43,35,74,75,69,25,27
35,69,15,96,20,0,12,13,46,0,15,93,52,35
35,65,1,32,47,36,57,24,17,26,88,7,76,40
35,16,68,53,4,5,43,15,64,94,43,69,42,33
35,83,72,52,98,44,13,6,54,22,95,42,93,89
35,9,48,77,80,44,50,17,67,23,33,65,29,1
35,91,14,50,32,55,56,26,44,0,95,57,46,36
36,83,21,91,31,70,64,88,63,32,42,39,67,3
36,0,13,76,68,61,10,88,9,49,100,27,70,38
36,97,75,73,7,61,100,75,40,37,27,84,60,70
36,83,32,5,31,35,35,26,47,88,63,12,23,31
36,7,0,97,88,17,11,88,36,41,35,39,89,31
36,57,72,61,99,72,6,19,65,73,94,99,14,5
36,0,12,94,13,42,89,0,11,25,6,8,79,88
36,16,68,81,10,4,100,80,31,24,52,18,86,22
36,83,55,72,83,94,99,2,40,14,46,3,39,85
36,84,71,92,67,98,91,33,82,33,69,47,24,16
36,88,33,26,44,19,65,20,18,10,21,74,71,85
36,100,78,40,4,48,61,9,48,21,31,79,78,85
37,84,53,46,78,0,42,12,93,30,69,50,42,55
37,33,53,33,52,9,39,6,93,18,88,32,85,20
37,26,19,59,19,3,64,46,99,86,96,24,51,48
37,1,0,7,58,44,63,49,26,68,80,10,44,19
37,71,41,10,37,24,53,18,2,51,71,99,9,92
37,59,49,6,93,51,21,9,46,92,67,21,71,23
37,13,89,89,71,32,50,65,99,65,14,40,46,36
37,78,42,79,42,86,3,74,62,58,27,6,30,86
37,4,86,99,20,87,48,22,70,18,95,80,83,12
37,38,68,15,100,43,31,49,15,35,25,7,19,71
37,18,13,77,88,31,62,7,40,29,39,34,12,77
37,97,4,21,25,33,88,60,10,53,12,1,41,67
38,71,11,45,87,83,17,49,80,9,22,65,71,0
38,0,3,60,65,58,38,8,58,49,67,13,55,44
38,78,89,65,87,48,84,83,4,15,37,42,90,32
38,9,4,62,47,19,5,93,29,15,48,25,40,43
38,10,67,31,64,64,26,2,41,16,65,74,20,66
38,43,97,8,32,39,33,4,44,27,89,27,87,0
38,33,70,51,82,45,100,68,83,81,96,41,50,60
38,79,66,90,63,6,11,48,92,69,1,82,61,14
38,100,62,33,96,87,35,93,38,99,18,70,83,41
38,1,51,100,73,42,75,61,84,47,97,40,59,95
38,81,67,67,68,17,5,36,44,15,13,97,93,46
38,58,43,47,77,4,78,26,81,79,23,7,88,86
39,35,55,17,23,63,95,79,97,81,46,25,63,42
39,79,39,59,51,9,57,94,15,24,6,21,58,60
39,78,92,76,36,82,54,70,57,11,76,1,12,38
39,15,68,52,46,9,90,34,93,52,46,50,24,10
39,34,86,55,68,95,35,30,15,12,1,22,2,80
39,15,4,27,43,87,10,77,86,39,55,16,37,85
39,33,80,33,59,8,48,8,76,91,89,5,57,83
39,95,22,13,26,67,87,47,24,83,1,43,58,25
39,68,7,75,55,24,63,19,90,74,62,11,48,10
39,11,20,10,41,60,52,49,19,65,74,98,28,72
39,63,79,0,70,5,6,78,26,11,10,28,68,37
39,90,92,30,38,81,21,94,99,42,100,69,20,3
40,65,11,10,93,0,4,53,92,28,34,67,18,2
40,15,78,25,52,58,3,19,57,84,65,38,94,79
40,65,52,89,28,79,50,33,7,95,14,41,65,23
40,48,15,22,100,20,61,68,83,62,77,6,8,86
40,7,51,5,27,37,0,26,61,24,28,95,61,73
40,84,41,19,84,72,51,22,59,3,36,61,76,37
40,0,86,86,34,73,8,86,25,39,83,81,51,73
40,4,9,21,27,71,14,99,92,85,93,74,92,28
40,79,18,39,55,18,4,9,10,84,38,68,11,44
40,64,59,0,97,22,80,24,75,55,67,47,100,29
40,57,51,39,67,20,9,57,0,63,90,34,46,13
40,54,45,11,49,86,32,72,26,9,18,72,69,24
41,65,76,13,6,42,44,7,19,14,87,47,91,44
41,72,38,42,58,46,52,66,55,92,87,32,48,11
41,87,83,67,1,6,63,60,39,84,32,48,33,9
41,76,79,11,29,12,70,80,88,82,85,13,94,14
41,96,84,5,50,63,72,56,52,42,2,28,49,19
41,84,51,76,50,71,80,76,27,5,9,40,34,61
41,89,68,42,100,42,69,81,21,37,95,90,16,90
41,82,81,11,38,21,49,21,61,66,15,42,34,65
41,77,56,26,3,0,52,91,46,41,26,54,92,56
41,32,58,54,4,85,94,58,49,38,73,29,56,19
41,93,9,92,92,43,28,1,51,40,46,75,95,78
41,5,57,79,72,91,80,40,49,52,90,97,59,24
42,41,51,37,42,95,80,39,26,20,45,48,68,22
42,61,19,59,41,15,20,69,42,93,47,86,83,3
42,83,94,38,67,95,1,47,1,69,13,70,96,41
42,29,84,85,93,82,62,69,60,94,25,62,93,21
42,53,79,27,41,47,17,2,97,18,63,18,7,16
42,44,90,33,74,93,17,64,20,33,63,64,87,58
42,63,46,11,74,57,93,77,91,56,1,49,31,36
42,18,54,50,58,97,47,93,25,82,80,52,18,35
42,6,65,83,75,19,39,52,4,4,24,12,48,23
42,60,62,74,74,45,81,31,4,93,50,48,24,20
42,82,14,23,49,79,2,84,59,35,5,75,57,25
42,54,39,3,28,83,98,30,85,100,44,66,66,40
43,5,7,74,38,63,20,43,71,97,82,12,61,13
43,44,86,40,66,14,30,53,87,12,91,9,17,40
43,60,20,84,12,40,77,73,57,81,94,59,43,61
43,38,44,11,86,5,65,13,17,90,77,12,19,39
43,41,66,96,13,14,44,97,65,59,46,71,54,98
43,13,75,9,15,38,37,89,47,76,47,71,3,16
43,65,29,35,4,25,4,40,10,11,78,70,19,26
43,4,3,75,84,91,81,2,81,49,85,74,76,88
43,7,36,39,54,84,86,73,94,39,12,2,93,56
43,22,69,43,95,77,92,84,77,4,82,61,53,91
43,94,22,63,11,5,41,11,24,11,60,40,69,36
43,30,90,9,100,40,58,85,87,36,77,88,10,38
44,2,90,40,19,100,79,99,68,68,29,89,90,11
44,77,82,41,9,44,91,27,2,71,17,76,66,8
44,69,85,18,54,16,47,49,83,91,8,47,92,59
44,16,59,15,17,31,84,32,63,83,64,89,42,23
44,98,83,97,55,23,24,4,15,69,98,86,60,72
44,35,72,68,14,99,98,36,9,21,93,19,1,4
44,28,64,78,28,58,2,71,13,79,54,28,21,75
44,10,72,40,12,67,93,98,100,6,49,66,75,51
44,62,71,85,52,59,40,34,7,7,15,66,100,38
44,13,52,65,29,60,48,39,88,49,51,92,39,5
44,98,48,14,59,10,28,29,23,20,82,66,4,97
44,17,17,12,98,65,4,14,48,6,26,41,78,55
45,94,64,27,78,0,83,94,93,81,72,16,56,18
45,96,60,35,5,11,97,57,94,65,91,63,21,3
45,54,3,40,43,36,1,57,54,94,46,41,71,100
45,19,87,86,84,93,26,76,74,41,37,67,100,8
45,62,8,13,64,25,77,0,75,49,72,54,16,51
45,76,66,47,76,76,51,88,79,36,16,35,18,85
45,59,82,29,35,23,4,45,37,14,32,26,66,47
45,65,40,9,7,95,55,85,42,67,73,4,51,62
45,97,37,69,27,39,76,15,1,3,46,9,39,58
45,9,55,69,1,34,21,93,38,40,21,99,67,91
45,72,14,4,59,95,61,58,91,30,58,2,66,40
45,41,3,81,93,16,22,96,82,60,62,17,52,42
46,86,51,42,0,65,40,0,5,88,79,30,14,28
46,69,76,90,21,11,37,28,85,73,44,83,37,0
46,19,56,73,48,65,12,52,8,32,57,97,15,74
46,76,40,9,27,37,54,46,22,65,81,35,16,67
46,41,4,2,32,2,94,32,73,98,4,72,38,86
46,100,32,4,34,18,40,15,41,63,47,33,13,10
46,15,10,10,45,1,67,21,99,36,39,78,77,75
46,56,17,43,57,19,3,18,81,20,84,92,10,66
46,73,52,78,67,34,74,96,67,20,97,89,51,55
46,92,29,8,56,57,47,31,2,41,56,58,85,38
46,61,51,71,68,66,74,96,8,35,81,29,51,32
46,73,11,9,78,23,67,74,3,95,26,32,91,94
47,29,99,87,66,65,93,20,20,6,100,69,6,32
47,13,91,70,99,82,54,69,49,21,54,7,75,32
47,55,48,99,55,3,78,98,54,68,51,45,75,97
47,89,37,18,4,21,32,19,44,62,20,61,66,10
47,79,40,64,36,31,65,52,34,73,78,53,99,100
47,82,83,77,79,6,71,34,30,98,95,46,43,74
47,97,5,68,99,90,69,77,7,0,84,79,90,39
47,46,61,55,57,70,59,6,17,0,100,66,0,4
47,27,63,60,71,39,22,57,6,24,55,64,36,66
47,87,58,4,38,96,8,49,89,46,78,83,58,64
47,4,82,57,15,69,78,88,85,39,36,29,81,30
47,99,64,39,17,62,73,48,20,32,1,14,13,51
48,61,7,77,57,4,34,94,11,53,82,13,55,68
48,52,52,88,74,22,72,20,48,3,15,82,29,78
48,84,78,92,11,55,24,0,56,86,75,42,76,57
48,23,17,90,74,63,59,44,99,82,72,84,81,52
48,23,11,87,93,48,85,2,69,97,23,23,44,59
48,56,97,39,89,79,44,33,45,24,71,100,62,34
48,49,98,23,33,53,89,54,51,27,19,31,54,84
48,83,4,54,12,31,62,58,4,49,32,5,50,24
48,85,10,85,5,36,56,24,59,76,0,57,59,9
48,75,15,38,80,72,45,34,83,10,20,75,13,55
48,70,55,31,77,49,47,35,56,20,72,26,66,87
48,94,10,8,2,59,90,62,29,30,86,99,34,100
49,7,43,73,72,2,41,42,15,66,68,59,67,52
49,77,100,91,32,33,44,56,6,68,79,97,78,54
49,2,2,40,92,25,41,12,82,87,3,38,12,20
49,58,68,54,97,91,52,11,53,13,42,70,28,89
49,86,27,33,32,3,93,74,84,19,69,31,19,11
49,32,44,24,50,5,56,98,9,69,88,94,94,99
49,52,71,59,45,6,7,89,41,10,38,93,72,88
49,50,9,26,40,6,15,31,30,24,78,99,20,19
49,91,71,12,68,30,13,99,68,32,37,94,33,66
49,46,37,60,34,65,43,25,19,15,68,61,59,12
49,44,27,7,94,78,66,73,6,61,79,75,65,55
49,97,56,37,98,17,84,39,0,29,85,78,0,60
50,59,76,76,59,66,94,47,11,28,91,92,3,25
50,98,43,71,36,76,17,80,52,66,75,67,92,95
50,20,82,89,71,79,87,69,21,40,3,75,48,26
50,95,30,42,65,85,28,54,38,75,51,25,9,81
50,87,16,36,74,66,3,58,39,18,91,60,51,95
50,71,29,63,71,93,32,21,66,54,96,58,56,56
50,53,27,10,46,31,83,36,77,18,10,100,96,57
50,9,44,58,7,60,49,98,4,40,73,93,35,80
50,63,57,22,34,3,6,50,23,91,23,92,38,25
50,40,91,35,83,19,41,12,39,96,22,55,74,46
50,60,28,3,1,15,97,4,28,18,16,0,61,88
50,30,86,25,48,57,97,32,34,42,31,92,15,71
51,25,20,43,49,24,74,78,79,52,75,58,83,3
51,52,11,92,74,83,68,50,74,26,62,56,60,98
51,100,64,25,28,100,59,52,38,8,33,77,42,1
51,51,47,50,52,25,22,11,99,8,74,52,50,62
51,64,98,72,83,73,6,86,41,86,42,80,10,10
51,89,95,74,2,31,38,79,87,36,86,95,14,85
51,56,7,35,13,61,41,26,82,28,93,62,49,30
51,46,100,44,40,85,43,32,11,50,9,8,42,72
51,80,65,88,98,70,45,9,19,23,66,62,85,84
51,11,2,81,80,54,3,95,70,62,44,38,79,65
51,31,18,54,58,0,71,14,88,26,50,77,84,69
51,21,34,26,66,9,78,64,59,5,44,42,29,12
52,87,16,99,91,95,65,44,91,76,69,58,67,23
52,3,56,57,51,52,82,80,52,1,69,20,37,17
52,42,63,94,45,90,76,85,62,7,58,100,37,40
52,83,17,80,14,36,6,88,18,6,11,100,32,88
52,61,82,57,69,91,59,28,24,69,16,5,16,76
52,14,50,43,97,10,6,29,72,8,17,81,36,32
52,77,64,87,6,64,52,85,2,86,88,95,11,7
52,32,13,21,100,26,15,32,61,21,5,39,12,82
52,89,55,57,69,86,57,73,87,72,51,99,47,20
52,41,97,73,32,15,77,13,68,4,75,91,65,5
52,33,55,100,99,11,1,18,3,42,100,6,41,86
52,100,87,93,9,11,100,27,41,36,64,77,9,57
53,39,70,89,42,57,1,20,12,96,9,27,40,54
53,64,97,76,49,21,15,26,8,99,77,18,91,83
53,24,94,11,43,83,11,90,5,65,21,70,31,37
53,40,23,17,49,9,86,94,29,36,24,70,40,40
53,71,10,66,74,87,75,86,7,80,96,31,33,38
53,60,54,97,18,37,45,23,20,2,29,85,38,19
53,97,51,8,25,20,49,23,44,27,3,95,18,90
53,61,82,99,40,99,60,81,88,0,28,18,48,24
53,43,10,7,20,22,8,58,36,51,4,61,72,18
53,26,39,30,0,38,53,62,92,53,58,52,63,23
53,78,13,5,27,70,24,67,60,78,63,53,94,76
53,41,31,22,34,98,98,30,10,83,50,7,22,46
54,33,90,52,8,18,0,33,45,48,94,22,72,87
54,70,6,91,64,35,26,14,100,18,42,6,56,34
54,15,17,67,19,89,37,98,36,17,45,20,100,7
54,19,14,35,61,74,92,9,7,9,90,3,36,59
54,20,28,24,40,32,33,55,71,92,52,60,78,32
54,62,72,82,45,98,84,98,79,0,90,15,49,77
54,66,72,93,66,46,46,63,91,90,16,53,34,42
54,34,64,10,41,13,69,13,24,75,70,82,100,91
54,64,90,40,56,93,56,83,56,4,92,54,71,22
54,31,28,35,81,2,70,35,76,47,27,13,30,93
54,12,27,17,57,78,2,88,35,75,98,56,66,73
54,27,76,60,88,41,40,50,20,55,67,61,83,59
55,81,29,98,14,51,63,72,30,50,45,72,39,62
55,5,84,2,96,9,43,76,70,95,15,50,48,94
55,46,55,22,59,10,31,86,87,1,81,65,11,26
55,73,48,99,18,70,48,23,94,90,64,36,60,17
55,61,83,84,30,26,11,91,27,12,25,64,64,40
55,7,57,56,100,10,86,82,2,85,58,96,55,10
55,68,89,7,12,31,90,20,78,83,50,94,2,67
55,47,43,98,33,88,57,79,5,92,35,8,19,74
55,20,28,20,56,42,66,2,26,63,44,90,40,70
55,47,84,0,75,77,52,39,99,23,38,25,18,65
55,42,23,86,62,91,73,30,74,56,75,69,47,88
55,36,79,39,21,35,42,89,77,35,6,68,83,51
56,95,73,54,17,52,41,6,35,20,12,67,67,96
56,34,96,37,11,69,36,44,23,56,87,35,29,64
56,51,90,78,78,87,50,85,21,43,10,21,48,84
56,92,32,71,74,47,51,1,60,54,85,4,33,54
56,81,46,22,74,98,62,24,99,56,47,40,39,5
56,91,90,95,59,17,11,89,69,35,82,21,55,66
56,82,2,58,58,43,52,66,66,40,89,2,15,97
56,8,72,10,3,46,66,51,58,11,95,10,21,8
56,31,76,56,39,93,54,20,27,68,65,30,47,51
56,92,58,84,79,41,96,58,55,89,12,9,15,53
56,90,32,19,83,17,73,2,95,48,95,45,98,24
56,77,93,1,36,96,32,67,61,15,42,61,63,41
57,5,88,96,25,94,14,59,37,7,68,99,16,15
57,71,49,36,9,100,50,44,42,44,1,26,49,30
57,35,61,23,79,43,38,4,69,5,94,92,60,45
57,26,16,93,49,74,32,67,14,74,34,25,34,19
57,38,60,21,52,63,60,40,58,0,9,11,92,52
57,75,83,52,19,46,11,90,22,61,2,67,11,6
57,64,82,12,96,14,4,19,50,29,57,82,56,67
57,4,72,0,2,45,21,36,88,40,7,13,16,50
57,88,66,95,58,78,18,61,22,57,59,99,20,69
57,6,56,89,51,68,36,82,40,67,79,87,25,90
57,28,49,55,35,65,2,61,6,77,97,63,28,83
57,66,65,44,73,68,35,76,91,29,70,7,42,47
58,11,92,31,88,98,63,99,48,29,63,41,91,38
58,45,63,69,46,29,53,83,31,75,75,49,1,3
58,45,32,14,53,66,90,82,61,93,51,73,49,56
58,10,76,24,7,92,46,74,12,17,54,82,99,14
58,54,52,87,94,55,95,34,66,47,46,25,60,86
58,25,11,63,13,56,19,83,57,9,34,33,92,28
58,63,64,70,73,89,6,66,68,88,6,29,1,60
58,70,19,85,66,28,65,75,87,0,32,12,90,20
58,33,95,35,19,43,67,99,56,18,73,94,63,10
58,11,66,99,86,32,9,72,43,47,84,34,90,36
58,60,87,72,62,1,76,44,0,87,7,62,77,60
58,79,91,76,93,79,61,25,51,5,81,16,52,0
59,8,66,58,46,65,35,59,6,8,3,54,57,16
59,7,51,38,62,86,19,97,43,80,10,81,14,1
59,37,36,95,79,6,19,10,37,17,94,84,23,80
59,0,7,30,57,69,35,57,79,60,61,48,99,36
59,3,74,69,89,55,84,88,59,39,88,61,88,65
59,21,47,86,20,58,83,74,20,99,9,61,83,6
59,0,94,5,98,60,39,44,38,66,25,38,61,6
59,53,9,76,94,78,57,53,57,99,50,55,21,57
59,85,100,92,55,50,87,79,51,48,40,80,65,32
59,53,79,65,66,35,12,57,12,52,56,92,8,33
59,93,66,49,1,62,35,9,4,25,68,67,52,8
59,66,32,85,63,14,7,59,100,43,9,5,26,84
60,77,18,92,11,92,0,98,71,43,30,78,54,76
60,71,33,29,19,85,16,89,25,46,48,91,59,17
60,14,24,4,32,24,43,25,69,10,86,90,16,55
60,13,2,61,66,55,100,66,74,70,61,63,13,49
60,80,87,49,46,71,63,11,4,17,67,18,66,72
60,33,23,5,46,43,2,78,84,31,76,81,88,89
60,100,80,23,57,83,50,48,11,56,99,13,96,14
60,74,21,79,12,12,78,45,81,84,37,79,87,51
60,82,63,29,43,3,46,95,12,17,38,95,62,96
60,43,63,63,12,37,37,18,94,96,15,60,25,24
60,85,70,88,53,54,52,100,34,6,34,55,15,94
60,37,46,90,30,51,59,96,26,78,59,43,19,50
61,95,86,17,54,36,53,24,79,79,34,75,42,22
61,64,67,74,30,100,52,59,14,44,43,96,42,5
61,70,57,2,19,28,73,55,12,78,91,66,81,72
61,46,76,18,66,2,28,57,95,56,96,11,32,69
61,17,87,54,82,31,95,13,59,46,31,73,59,47
61,10,96,49,36,39,70,94,37,72,95,22,65,74
61,14,95,35,47,71,80,81,75,86,20,0,92,21
61,36,43,2,59,65,4,23,60,90,85,94,61,12
61,17,16,45,0,22,16,45,32,26,71,51,16,95
61,44,70,11,90,14,29,70,88,29,82,10,98,28
61,23,9,91,19,8,24,26,94,39,69,11,70,70
61,36,76,71,21,23,35,92,91,59,18,81,39,19
62,95,14,46,69,21,43,13,37,16,83,0,30,69
62,83,31,95,93,96,48,57,84,24,100,8,71,91
62,13,2,26,33,75,48,6,50,87,59,20,76,36
62,100,51,97,10,81,98,63,32,26,63,55,55,94
62,42,43,65,89,96,65,62,96,15,51,41,43,88
62,23,15,91,89,24,56,0,54,62,76,47,81,29
62,15,78,88,57,77,34,93,10,80,66,28,52,95
62,50,34,11,63,44,45,30,10,74,8,88,29,74
62,8,96,10,45,76,90,19,82,66,21,93,28,95
62,8,67,22,80,93,53,22,95,21,68,32,58,10
62,52,23,78,23,64,62,83,41,85,12,66,41,82
62,6,56,16,16,40,47,49,9,93,68,95,7,47
63,70,31,78,70,98,99,5,79,94,25,2,44,8
63,26,36,69,52,93,55,94,54,3,76,78,38,88
63,60,51,89,29,92,83,88,14,18,41,63,67,40
63,20,52,91,95,82,96,87,61,8,85,7,80,67
63,67,18,95,51,99,0,71,77,56,22,17,79,14
63,70,55,0,28,76,89,34,56,30,95,89,39,2
63,95,27,9,98,88,6,54,60,3,76,54,94,79
63,67,46,81,25,8,59,12,60,24,49,32,51,39
63,31,14,75,100,51,49,58,89,43,62,74,70,3
63,19,20,9,40,60,80,25,0,5,53,77,31,19
63,67,35,97,59,6,66,19,2,37,29,8,75,42
63,65,26,17,58,11,6,89,23,68,94,32,6,82
64,16,8,63,45,56,85,23,84,21,53,32,91,58
64,12,87,83,96,56,82,84,23,82,40,67,23,2
64,17,19,48,45,35,38,68,98,68,64,15,78,62
64,76,61,92,11,42,94,21,57,19,80,20,71,48
64,39,0,56,36,72,18,73,9,79,47,13,47,47
64,74,38,11,65,66,30,61,42,87,30,53,76,97
64,44,29,13,18,49,76,59,83,76,33,5,55,4
64,47,28,24,17,71,70,36,73,76,11,41,24,69
64,66,47,31,87,62,16,78,11,1,87,46,83,89
64,50,12,18,98,15,76,67,23,22,66,17,29,21
64,21,38,17,45,70,89,87,76,100,69,73,65,27
64,49,52,53,41,71,93,26,100,45,94,44,85,35
65,41,100,26,86,2,52,66,95,0,12,4,0,21
65,96,9,11,25,53,86,29,34,29,6,3,37,68
65,100,93,50,43,89,50,73,61,65,82,11,60,91
65,51,36,44,55,22,86,95,90,58,35,48,91,92
65,18,53,90,72,74,32,34,52,90,66,69,10,93
65,11,77,46,25,97,44,92,19,65,14,74,83,96
65,32,63,66,28,66,78,97,36,96,2,49,59,98
65,91,24,55,98,89,95,71,93,22,24,5,90,24
65,77,82,76,80,68,39,25,90,1,42,58,20,6
65,36,16,42,3,82,3,51,38,20,20,99,43,58
65,76,14,32,40,84,74,19,70,92,84,64,42,69
65,50,7,38,89,25,83,22,59,18,68,3,97,46
66,22,1,63,15,99,41,58,99,52,1,13,44,61
66,79,13,53,70,45,45,13,50,72,48,69,67,5
66,81,88,30,84,25,69,22,17,16,38,30,88,35
66,30,56,76,57,87,25,52,10,72,6,16,58,67
66,25,71,0,64,88,68,3,38,9,37,68,66,26
66,23,52,49,99,57,28,31,92,56,27,40,98,14
66,5,51,11,30,56,9,19,12,48,28,62,80,24
66,25,69,49,47,60,90,0,12,55,25,30,57,97
66,100,69,57,55,1,59,31,38,72,20,42,20,66
66,69,95,21,5,30,52,93,68,31,79,63,26,20
66,56,80,18,44,92,38,7,76,64,4,52,4,45
66,29,44,47,18,67,12,76,72,22,4,32,24,17
67,10,83,6,25,16,89,48,84,21,12,64,17,84
67,9,67,50,90,82,28,24,76,27,56,6,76,42
67,41,22,86,92,9,72,52,30,40,61,36,61,11
67,57,100,64,19,42,77,60,56,15,52,84,6,56
67,80,74,84,100,73,84,20,1,15,53,24,78,72
67,68,60,17,40,45,47,92,79,98,18,51,82,80
67,55,71,56,71,82,91,79,23,39,64,44,37,30
67,66,32,32,7,75,78,74,44,78,40,1,3,94
67,81,38,93,8,31,4,19,45,90,95,51,7,63
67,37,26,22,66,40,14,53,50,61,47,90,43,75
67,49,35,41,75,11,14,46,97,14,94,44,36,83
67,69,55,16,13,100,4,63,9,67,92,41,15,4
68,37,78,41,36,71,59,18,88,57,55,30,20,59
68,58,84,77,19,35,73,75,16,65,64,96,40,7
68,12,50,88,44,70,99,32,74,59,36,31,45,44
68,83,98,45,5,67,23,0,63,83,14,31,63,31
68,14,38,77,83,37,90,37,62,58,81,91,28,69
68,35,41,29,58,15,74,53,99,22,31,50,66,39
68,39,76,88,44,31,75,80,6,34,48,72,63,12
68,80,23,10,65,29,78,12,56,1,85,51,66,98
68,40,79,77,84,3,11,32,80,73,16,63,8,82
68,41,95,54,6,58,5,16,95,49,98,94,12,32
68,56,57,3,71,73,51,51,65,51,65,2,45,68
68,34,79,73,32,38,12,3,2,54,62,95,90,72
69,84,24,58,49,41,94,54,20,85,82,46,51,68
69,65,99,98,9,43,19,4,89,16,2,28,15,31
69,99,78,74,91,70,82,21,28,39,15,28,75,61
69,75,33,71,84,16,94,48,57,46,65,26,43,91
69,98,13,58,59,6,90,69,29,10,32,11,86,30
69,65,95,21,41,70,27,100,58,38,68,92,83,23
69,35,52,81,17,90,43,34,35,39,94,49,72,37
69,24,39,51,4,43,34,38,34,8,52,17,79,41
69,64,79,24,92,56,44,91,35,30,60,36,56,69
69,2,85,46,20,82,88,35,69,72,2,54,90,63
69,29,18,58,84,98,2,31,25,26,84,29,32,50
69,10,16,28,74,55,91,17,84,77,13,61,33,62
70,34,53,61,62,78,13,53,23,41,72,51,5,17
70,72,0,3,48,11,57,95,56,87,19,25,39,86
70,17,5,48,26,95,26,90,11,94,94,79,60,58
70,7,40,21,91,1,26,34,13,7,10,30,17,72
70,45,20,4,3,38,44,7,85,53,27,1,20,96
70,6,87,73,38,60,36,46,5,81,45,78,35,63
70,13,36,64,29,70,50,24,14,71,80,23,66,11
70,34,44,29,92,96,91,43,89,42,87,61,98,18
70,51,70,79,64,19,88,56,94,52,8,56,10,3
70,95,64,9,99,1,49,97,57,74,65,10,4,86
70,11,75,15,57,53,12,18,18,95,48,36,43,14
70,36,91,43,81,24,10,26,43,85,28,88,59,51
71,48,67,89,96,74,5,80,91,91,10,49,64,18
71,80,42,75,89,95,95,98,92,60,41,1,99,26
71,99,4,46,22,87,39,39,83,31,29,87,65,32
71,95,82,65,53,68,77,43,87,54,100,81,0,89
71,18,74,82,26,48,44,19,97,47,47,25,48,47
71,84,25,97,51,2,74,77,98,95,37,25,80,88
71,48,66,90,57,79,8,52,93,32,34,96,30,49
71,75,75,91,100,83,19,52,24,82,78,72,85,36
71,57,84,23,45,96,11,93,23,70,30,31,1,94
71,86,16,42,99,36,31,82,75,90,64,63,68,76
71,2,80,38,100,98,69,83,29,1,69,60,43,23
71,49,58,74,85,0,39,66,100,75,70,78,45,84
72,26,23,0,29,15,81,78,5,93,88,26,12,33
72,1,42,44,65,96,36,54,35,49,29,71,72,33
72,27,17,88,24,86,52,80,2,18,50,8,30,71
72,23,44,25,4,42,68,67,46,71,57,99,3,24
72,49,4,73,66,29,33,62,98,96,55,77,74,53
72,97,97,85,62,60,88,47,24,6,82,97,70,62
72,73,8,0,2,36,91,56,47,98,30,90,21,76
72,55,93,17,61,24,5,22,2,98,40,76,55,70
72,17,22,54,97,88,71,90,69,54,7,60,33,81
72,69,97,49,0,67,55,64,5,19,50,62,30,31
72,20,32,46,25,39,91,53,73,28,24,42,54,73
72,62,47,18,66,32,97,58,62,84,44,100,27,53
73,9,97,86,45,45,67,52,21,26,95,5,10,76
73,65,74,8,88,76,97,89,19,31,51,26,92,16
73,23,97,34,36,77,95,50,73,31,10,99,19,79
73,47,91,39,96,17,98,51,58,59,83,79,68,69
73,91,29,75,19,37,88,50,57,97,56,40,4,10
73,90,94,7,7,27,62,57,61,79,31,35,88,6
73,4,82,3,65,32,82,22,64,87,58,11,11,98
73,40,72,95,88,2,82,55,81,53,92,20,61,90
73,0,1,59,88,55,34,1,18,2,94,68,30,86
73,16,99,88,23,73,0,60,20,71,7,9,35,14
73,80,0,20,12,17,23,90,34,59,22,38,99,48
73,84,25,82,70,42,9,82,87,15,99,34,93,76
74,99,85,53,54,37,12,66,93,51,93,27,39,74
74,99,42,69,84,33,74,36,43,28,39,34,23,43
74,42,51,60,66,88,69,77,34,26,1,32,55,30
74,22,84,70,7,56,65,39,10,26,85,84,78,81
74,85,66,1,38,65,83,33,84,9,0,58,29,40
74,28,32,73,21,14,7,70,96,10,8,89,39,99
74,42,92,56,28,36,24,79,78,54,76,21,22,98
74,49,70,35,57,84,58,5,19,35,6,38,99,39
74,57,42,94,74,83,21,49,63,43,48,13,69,78
74,12,65,91,37,75,62,19,22,50,24,75,78,72
74,33,32,14,63,9,4,58,33,62,90,65,25,73
74,41,34,44,83,83,87,66,71,64,67,7,47,32
75,0,28,7,78,42,5,4,93,5,20,14,9,19
75,11,55,10,52,11,54,7,84,36,3,44,44,23
75,34,90,74,61,46,91,56,22,90,62,20,1,57
75,75,46,9,77,31,26,29,3,44,92,63,55,3
75,38,77,98,57,59,30,15,50,40,62,16,21,13
75,15,97,45,19,22,18,43,27,6,44,33,100,80
75,61,87,59,21,8,0,80,55,70,95,25,64,19
75,68,1,70,15,76,57,8,88,36,96,38,92,47
75,26,84,22,56,39,20,21,83,39,17,63,70,7
75,12,58,39,87,46,2,5,81,98,68,88,47,84
75,62,12,56,99,9,13,18,8,7,51,45,3,11
75,1,90,86,75,74,18,31,79,9,9,59,72,23
76,82,7,59,0,56,24,77,22,46,64,0,15,85
76,40,5,31,51,8,30,33,13,86,48,100,100,22
76,18,91,1,28,67,23,92,25,14,98,24,9,46
76,69,62,19,15,97,74,81,13,88,63,30,84,48
76,96,47,34,2,100,100,79,20,100,54,95,89,35
76,54,97,34,67,81,19,52,62,59,49,75,17,35
76,42,52,3,81,31,62,86,27,54,39,60,63,98
76,53,4,96,91,45,74,85,100,93,7,93,15,20
76,46,55,28,29,84,45,33,9,4,66,68,34,8
76,24,59,17,60,0,57,62,0,75,11,0,81,27
76,28,93,3,77,73,29,51,92,71,95,96,17,18
76,45,19,88,50,32,48,12,78,48,75,22,68,36
77,41,97,29,42,22,48,16,8,34,12,52,89,29
77,47,100,26,55,28,14,99,31,47,95,82,59,76
77,39,19,48,78,34,56,83,43,42,34,40,51,94
77,25,45,28,50,86,60,19,24,98,78,67,96,93
77,75,47,87,87,37,11,74,35,19,36,92,14,63
77,42,1,75,39,25,50,91,73,5,94,27,60,60
77,47,6,77,31,84,23,90,89,16,73,53,10,41
77,90,60,48,33,11,35,75,1,27,82,21,43,82
77,26,51,80,80,27,38,65,42,72,16,86,78,78
77,6,10,75,52,39,98,45,58,99,38,61,26,19
77,25,39,57,10,93,94,65,22,68,40,7,68,31
77,84,35,82,98,89,71,63,90,16,67,71,97,46
78,98,10,55,21,98,18,68,81,14,30,32,72,66
78,15,46,78,82,39,23,2,79,42,47,33,49,84
78,83,83,4,26,49,64,89,22,44,22,28,78,67
78,76,30,85,40,21,80,86,48,47,14,78,38,24
78,79,83,9,71,72,35,26,33,19,95,33,93,10
78,42,1,13,32,18,28,9,94,1,39,91,33,36
78,58,20,69,90,63,78,12,40,17,45,46,32,89
78,11,87,30,3,28,73,6,55,87,77,78,80,34
78,39,60,70,83,32,69,45,59,30,70,2,47,78
78,17,80,29,12,52,32,96,53,26,18,47,26,9
78,22,7,18,85,31,11,23,27,55,26,20,18,28
78,68,65,74,78,15,80,42,16,77,57,94,61,72
79,68,35,62,2,60,61,27,62,65,25,57,35,32
79,10,100,32,18,90,62,70,58,5,25,29,55,0
79,20,18,86,31,100,55,97,21,59,33,18,44,13
79,41,79,14,100,49,51,72,47,44,5,80,38,86
79,100,90,5,39,49,85,97,59,25,79,32,88,63
79,54,47,12,87,29,44,34,94,0,37,100,96,63
79,0,9,100,85,92,7,29,24,17,36,78,2,85
79,12,62,30,28,75,5,93,39,93,33,62,77,93
79,46,85,67,60,38,22,54,83,29,71,97,23,92
79,8,15,64,76,24,25,42,75,0,50,31,5,94
79,64,64,6,15,66,97,56,75,33,18,92,28,57
79,18,49,46,76,23,87,34,85,67,37,56,69,1
80,43,62,69,32,39,65,53,38,85,0,97,34,51
80,21,95,24,92,54,93,0,27,37,26,35,52,31
80,74,2,40,23,85,26,95,4,89,39,53,39,20
80,35,10,35,72,71,33,78,76,44,42,55,15,2
80,68,2,71,45,97,84,37,77,96,92,71,50,70
80,93,4,88,5,75,59,74,95,62,5,12,85,80
80,6,11,10,15,42,91,37,96,58,67,77,80,37
80,96,92,99,88,97,61,33,65,29,80,6,82,80
80,5,65,35,28,24,79,94,36,66,77,30,25,10
80,3,53,98,57,4,25,80,65,13,87,34,76,18
80,78,92,69,100,23,51,90,42,8,52,3,31,57
80,38,63,13,66,76,72,73,4,31,61,80,36,12
81,48,56,9,5,86,32,33,94,69,42,15,61,63
81,100,8,0,55,60,51,61,77,12,84,80,52,28
81,12,14,48,93,57,80,61,39,65,13,55,41,82
81,30,52,24,73,23,66,73,3,90,63,15,65,60
81,28,65,55,31,78,60,1,66,40,88,34,0,31
81,11,57,16,98,50,70,50,46,68,76,1,19,88
81,16,100,52,88,81,52,18,15,59,25,48,46,29
81,52,89,22,70,40,12,86,31,59,22,15,64,34
81,19,14,47,62,45,2,84,65,3,85,100,65,24
81,0,45,49,7,54,80,84,95,18,19,36,1,42
81,83,12,49,89,55,81,18,14,34,76,46,73,27
81,56,70,36,97,10,73,40,10,36,18,44,62,24
82,12,85,56,70,27,15,19,34,78,2,64,66,51
82,27,48,29,75,6,44,52,13,88,2,37,35,94
82,43,70,9,66,58,10,86,60,85,38,7,28,20
82,92,94,86,84,31,5,80,85,68,82,56,92,7
82,93,38,19,36,43,87,48,32,67,61,10,50,31
82,31,28,25,10,81,25,36,13,89,32,32,25,0
82,99,94,79,65,82,72,76,87,31,49,15,2,88
82,100,23,79,63,88,17,1,75,2,6,23,14,30
82,33,30,79,74,47,80,13,38,100,70,25,12,63
82,81,33,51,55,62,52,40,25,77,19,32,78,63
82,6,85,84,63,59,89,54,51,52,82,5,81,93
82,36,100,71,66,31,88,78,39,37,74,85,70,91
83,44,90,53,70,59,67,0,97,97,47,45,15,67
83,21,94,5,91,96,82,12,56,11,29,26,22,1
83,100,66,19,47,27,47,23,12,14,87,36,0,75
83,31,93,91,62,41,67,31,16,66,50,30,55,95
83,90,19,28,5,32,100,60,60,62,5,33,37,31
83,8,39,16,93,91,61,41,84,96,37,99,51,76
83,33,13,37,65,67,36,56,74,92,9,99,83,1
83,29,31,45,50,22,88,39,52,82,13,99,54,44
83,96,37,76,21,51,60,49,19,75,94,0,17,48
83,50,17,53,75,98,90,64,42,44,48,10,9,6
83,61,40,39,47,32,100,28,95,13,14,97,80,95
83,88,6,16,94,29,0,18,11,47,84,7,23,94
84,96,89,38,47,4,76,67,82,15,76,50,84,2
84,40,33,45,88,89,34,55,87,93,30,0,13,26
84,19,87,4,12,64,93,34,28,41,28,93,41,62
84,36,20,82,25,18,15,41,47,14,6,46,53,30
84,88,49,83,27,74,23,95,54,27,11,44,94,5
84,31,34,30,95,13,71,66,18,53,37,30,23,75
84,38,68,39,20,85,43,93,64,30,74,76,22,93
84,71,93,70,72,1,17,13,6,6,21,17,13,87
84,61,35,66,93,86,24,16,72,100,6,84,77,63
84,31,43,3,10,60,60,53,88,100,39,96,58,43
84,20,26,68,91,74,71,39,3,99,5,68,13,46
84,88,28,99,21,86,7,64,75,51,83,82,57,77
85,61,7,73,88,47,4,35,86,57,69,67,49,27
85,79,49,53,83,73,82,58,54,44,100,1,38,46
85,50,24,68,86,7,82,88,57,37,61,48,41,45
85,95,12,5,23,90,33,21,90,20,88,14,55,31
85,43,48,51,16,46,94,81,0,2,24,19,22,92
85,90,50,79,41,54,18,11,40,34,82,12,40,60
85,61,24,85,33,18,20,14,67,30,76,90,71,0
85,6,86,26,62,20,33,84,12,88,29,66,7,47
85,2,1,63,71,76,55,26,98,43,55,30,77,93
85,37,4,61,55,48,82,45,91,89,14,47,77,63
85,85,77,9,84,58,84,22,26,41,85,58,93,96
85,100,70,30,36,71,77,4,29,56,83,77,11,46
86,76,60,20,30,57,36,66,30,47,65,25,31,53
86,79,11,95,6,10,86,23,49,9,84,37,91,59
86,89,73,40,24,23,62,47,100,38,57,58,60,3
86,68,93,23,27,23,6,53,51,89,70,72,42,88
86,62,55,15,47,27,41,56,2,36,33,99,65,31
86,38,53,34,73,37,3,90,19,40,78,26,23,12
86,8,52,71,82,29,59,43,55,61,74,15,24,20
86,67,79,67,71,96,2,24,59,63,74,46,71,47
86,13,40,45,11,51,77,18,41,38,16,54,1,64
86,69,5,32,77,99,54,70,32,15,84,30,41,67
86,28,12,34,100,22,62,76,92,70,12,50,76,16
86,2,48,28,25,53,71,29,1,0,16,53,14,22
87,43,29,67,87,84,90,87,33,43,11,25,74,93
87,78,58,80,39,17,74,54,26,92,76,4,80,40
87,16,83,86,24,84,72,41,95,41,42,60,4,85
87,72,6,76,82,18,25,100,77,79,83,75,66,51
87,92,34,85,74,7,39,96,86,6,52,2,78,66
87,92,83,26,53,77,94,36,10,83,88,44,98,25
87,61,56,93,20,27,95,64,23,52,0,38,20,67
87,82,42,84,16,50,41,91,90,55,22,43,24,21
87,46,89,90,83,80,91,48,34,30,70,44,41,51
87,14,45,82,46,100,8,11,6,61,92,53,79,97
87,10,25,84,1,69,80,86,61,61,91,16,64,12
87,93,76,16,1,73,41,2,84,16,85,28,27,9
88,95,65,43,21,29,42,9,56,4,19,65,54,45
88,20,31,30,36,53,43,52,55,33,21,58,25,61
88,52,6,46,4,81,29,23,77,91,6,38,100,83
88,39,20,73,55,13,51,24,76,88,57,36,52,81
88,16,82,86,76,50,100,76,27,29,30,55,25,2
88,88,1,14,24,9,89,53,6,57,72,7,96,6
88,32,51,96,36,54,43,25,84,37,3,24,67,52
88,43,98,45,0,87,17,21,48,29,68,41,92,53
88,15,34,64,81,57,8,17,53,75,50,49,90,62
88,66,3,73,67,41,50,83,71,100,35,78,50,73
88,71,5,99,44,32,90,21,46,43,35,0,50,21
88,34,79,93,57,61,7,92,73,11,63,99,4,8
89,29,82,97,0,56,21,91,100,71,91,76,89,48
89,1,87,55,7,43,48,52,61,26,32,56,66,3
89,90,14,84,25,39,73,95,65,64,34,50,54,59
89,25,28,14,20,71,31,82,70,6,41,76,79,74
89,88,38,62,70,36,57,72,39,39,63,75,80,38
89,30,3,27,63,18,93,37,23,31,38,94,35,39
89,48,24,13,4,61,67,65,70,9,1,62,37,92
89,70,70,45,25,69,85,45,84,31,47,95,45,11
89,52,61,30,21,92,66,87,9,87,5,75,56,41
89,67,53,67,26,32,93,71,59,14,1,70,16,11
89,78,19,39,69,3,53,30,58,64,40,80,33,49
89,45,39,85,16,0,25,31,1,15,30,79,39,56
90,64,67,72,37,22,14,89,15,31,56,69,77,29
90,29,100,27,89,34,100,58,69,91,77,55,85,96
90,1,100,26,74,18,0,8,77,57,42,93,32,82
90,27,58,3,54,59,11,95,31,74,80,9,62,22
90,65,16,42,78,49,15,95,87,28,12,29,42,90
90,93,12,99,90,24,16,35,15,59,93,92,74,8
90,24,54,12,55,10,7,68,24,40,2,7,73,28
90,89,83,63,73,35,25,70,49,43,14,8,27,71
90,40,99,86,37,53,66,99,87,36,18,74,78,41
90,11,81,12,62,66,83,41,14,25,18,29,3,34
90,96,66,96,42,90,86,39,33,32,39,49,30,29
90,31,86,46,91,85,57,24,85,1,61,67,38,38
91,16,52,24,12,37,28,82,70,73,16,85,58,9
91,62,62,10,99,67,46,18,6,79,53,2,78,1
91,9,41,80,77,33,16,99,76,27,30,58,15,44
91,68,12,58,56,83,69,92,68,58,29,72,69,81
91,5,62,6,22,7,30,57,19,80,24,83,98,2
91,49,78,97,53,12,30,13,85,68,94,9,42,86
91,93,58,66,82,96,49,82,58,41,39,99,24,70
91,15,77,93,69,65,6,80,82,47,23,100,82,11
91,29,11,96,12,83,99,59,29,62,94,79,38,7
91,8,56,81,65,14,85,88,44,42,21,30,37,64
91,80,8,77,77,17,83,37,14,43,91,82,71,68
91,57,59,79,34,12,76,80,53,6,67,46,76,52
92,40,29,49,91,32,49,60,24,26,55,18,93,3
92,63,58,83,74,50,27,42,38,74,81,97,66,51
92,100,28,46,87,22,91,9,79,44,97,3,40,74
92,55,79,3,19,28,25,22,82,13,58,95,19,51
92,19,57,37,43,83,28,73,85,69,86,9,10,11
92,79,67,3,3,25,50,60,54,73,33,6,38,77
92,79,42,58,6,54,4,42,8,56,77,96,60,90
92,53,29,93,26,64,12,94,86,32,40,7,8,12
92,9,85,22,64,66,81,71,54,93,80,96,28,55
92,17,76,67,47,59,96,78,84,97,41,67,17,7
92,12,95,11,60,24,95,94,45,95,31,83,14,1
92,50,65,63,60,73,53,29,27,97,29,82,47,12
93,91,9,98,94,38,16,53,70,13,23,82,58,92
93,52,77,16,78,1,20,36,74,32,81,93,22,55
93,56,27,53,50,83,45,21,19,36,52,20,44,15
93,5,75,31,53,57,17,29,98,67,11,54,29,25
93,46,42,99,74,24,70,35,93,12,6,1,39,49
93,72,58,71,62,94,34,7,19,3,85,77,46,24
93,7,89,93,54,23,20,52,61,1,30,12,11,98
93,98,71,47,33,59,4,77,91,7,43,6,36,37
93,25,49,97,38,54,77,3,52,87,39,17,7,33
93,97,30,84,97,47,28,15,81,21,18,82,43,86
93,90,30,22,53,59,34,25,56,28,41,67,87,50
93,47,43,38,6,61,80,16,16,74,27,94,92,77
94,43,73,19,81,52,81,88,54,44,22,23,47,41
94,48,24,33,14,4,51,70,13,73,33,83,40,57
94,9,36,39,21,57,9,71,31,34,12,35,59,57
94,19,61,14,71,90,29,63,56,36,79,45,98,87
94,93,87,71,66,64,41,30,72,84,28,41,35,4
94,42,17,16,67,86,29,44,87,83,81,90,45,24
94,35,11,12,30,42,73,29,56,95,53,79,78,22
94,18,75,13,1,78,41,95,11,75,92,65,43,88
94,28,37,6,78,74,30,26,71,33,11,83,65,44
94,21,34,86,1,44,19,7,85,97,28,82,94,28
94,48,18,2,54,64,54,34,10,13,21,95,57,74
94,89,34,45,26,61,44,40,56,90,92,19,62,21
95,13,35,100,75,63,58,82,16,48,80,8,28,75
95,98,14,79,93,41,95,50,50,29,76,55,13,13
95,39,15,36,47,59,87,82,64,19,70,99,12,82
95,78,3,5,7,11,32,72,31,21,87,76,68,75
95,84,82,53,1,26,7,76,11,86,40,97,61,47
95,100,2,64,24,27,12,58,75,4,48,5,25,17
95,79,45,64,15,0,97,31,90,73,83,35,29,78
95,88,46,41,82,39,62,29,26,39,87,88,70,87
95,65,66,27,89,23,40,57,25,76,24,32,54,88
95,79,46,37,38,51,7,88,67,73,79,77,26,57
95,43,18,1,30,45,76,37,80,8,32,77,91,74
95,19,25,19,34,91,20,4,39,41,13,56,27,78
96,49,24,100,68,37,47,25,8,68,60,18,18,96
96,19,55,43,21,20,38,19,50,29,35,56,23,57
96,76,40,92,83,14,99,22,85,26,66,7,58,32
96,32,17,23,8,45,70,95,60,46,48,19,98,56
96,2,48,86,20,50,94,94,98,9,44,65,84,7
96,31,28,91,24,38,68,42,39,52,21,85,41,68
96,19,45,25,13,29,97,42,33,74,18,42,40,6
96,66,30,12,91,21,71,13,29,100,100,62,72,80
96,6,79,16,36,59,83,96,48,9,67,23,49,24
96,70,56,79,26,47,55,23,55,63,35,51,85,58
96,70,3,30,3,1,41,0,61,52,70,53,89,7
96,96,81,99,58,70,72,28,29,18,19,13,16,46
97,62,85,15,72,43,97,85,5,69,0,17,65,30
97,82,10,13,59,82,53,23,63,64,86,65,71,38
97,68,49,82,9,58,24,71,73,75,8,70,10,59
97,97,79,29,79,99,46,95,32,94,0,39,94,30
97,79,95,69,54,2,8,38,40,35,92,49,28,58
97,34,19,97,7,40,85,85,53,38,36,22,84,2
97,76,12,86,1,34,68,60,6,82,41,1,70,77
97,62,14,49,21,31,50,76,31,1,43,31,28,5
97,16,30,72,55,27,56,10,71,25,3,39,12,70
97,79,90,20,41,92,49,0,45,81,2,58,75,59
97,61,98,80,48,45,70,32,48,21,61,47,67,12
97,33,27,80,83,86,82,31,93,67,34,38,15,13
98,83,8,99,82,92,20,23,10,18,2,14,85,10
98,26,99,29,27,11,89,92,18,21,25,66,80,92
98,39,10,91,81,76,97,48,62,96,21,99,98,34
98,61,26,57,86,43,88,71,13,56,63,29,27,19
98,93,67,59,88,1,6,92,21,75,3,98,10,21
98,48,56,89,44,9,94,80,18,7,71,85,34,59
98,32,37,99,24,20,90,97,54,69,31,76,100,33
98,29,10,17,74,72,28,1,85,64,22,76,0,27
98,96,43,98,44,51,58,11,72,28,62,49,66,92
98,42,8,31,86,23,94,71,23,50,83,83,41,78
98,83,67,70,22,83,98,73,82,2,36,84,35,55
98,56,36,0,17,2,18,76,72,71,56,2,85,87
99,9,1,57,98,67,59,43,99,27,69,68,52,35
99,80,87,73,55,38,71,78,57,63,36,13,56,26
99,42,6,66,13,72,80,60,54,51,58,7,70,60
99,79,48,6,42,61,47,55,16,9,88,77,19,25
99,56,83,81,38,21,69,59,23,41,91,70,95,18
99,49,74,95,58,87,41,15,94,87,68,93,26,9
99,17,34,84,17,0,72,18,56,11,48,100,45,3
99,21,23,41,45,2,98,69,38,44,78,33,17,53
99,52,97,14,98,98,7,94,80,3,83,1,39,73
99,46,81,6,81,81,28,12,88,81,74,91,72,65
99,85,42,66,32,79,27,80,73,55,88,40,98,33
99,38,53,85,92,44,63,34,53,14,14,52,49,71
100,47,6,81,50,58,5,41,71,15,71,51,15,54
100,26,48,51,19,62,35,99,54,78,49,99,29,84
100,27,8,93,16,26,29,10,75,0,8,32,75,25
100,48,18,66,90,19,76,55,34,71,9,75,13,88
100,47,1,84,46,37,84,8,47,4,25,62,33,18
100,89,97,26,96,46,79,4,66,47,56,45,79,13
100,34,79,98,58,53,20,1,39,47,69,28,22,72
100,86,52,84,10,31,91,61,29,52,42,1,83,45
100,79,22,28,19,3,98,31,76,100,37,98,42,40
100,4,66,28,2,62,70,21,94,3,85,91,80,49
100,9,41,11,30,67,84,9,44,72,100,55,9,45
100,79,78,57,39,0,18,74,28,98,97,51,55,87
101,24,59,84,33,93,37,44,21,18,99,93,4,67
101,25,80,76,21,66,4,16,66,11,39,44,29,17
101,62,28,50,93,95,3,36,80,55,44,75,80,43
101,100,34,64,3,61,48,50,13,49,80,58,90,77
101,4,67,16,42,64,94,20,40,69,86,17,83,92
101,30,10,80,51,23,29,32,100,20,10,87,49,44
101,86,51,19,87,68,16,93,96,83,16,48,8,55
101,33,87,98,4,41,96,41,13,25,45,81,74,99
101,46,33,20,59,36,88,67,30,72,87,2,17,11
101,9,60,98,68,2,2,21,40,57,5,54,58,35
101,40,46,12,60,63,89,53,9,32,10,59,77,46
101,58,44,23,57,28,17,14,63,68,31,22,74,10
102,73,55,8,72,22,71,77,27,5,75,2,52,39
102,42,10,68,0,61,77,10,61,88,25,15,63,75
102,13,82,54,52,92,67,24,26,74,41,72,46,92
102,42,14,15,49,2,60,80,21,63,69,62,87,92
102,32,51,53,33,67,39,57,55,46,44,46,14,70
102,49,63,79,53,28,85,1,43,24,6,71,32,28
102,77,97,91,78,55,15,98,89,57,8,77,24,6
102,55,31,86,73,7,10,67,28,15,29,82,18,81
102,25,12,83,41,55,66,62,26,59,96,15,9,8
102,65,35,79,51,45,58,95,68,66,99,55,46,45
102,68,44,37,5,28,23,32,50,6,44,52,60,11
102,20,27,85,62,54,25,87,51,25,22,73,99,47
103,67,36,66,52,54,30,14,56,12,47,60,21,47
103,84,91,51,81,82,37,70,10,29,10,0,14,10
103,99,25,88,100,43,55,84,65,98,17,50,81,6
103,56,6,45,27,66,59,21,62,20,85,23,44,11
103,13,87,62,87,5,99,2,25,30,5,48,17,74
103,61,88,26,77,96,90,84,37,21,34,64,100,47
103,94,99,43,65,73,85,5,99,64,94,57,33,67
103,43,73,28,27,10,24,14,95,68,83,22,28,70
103,75,43,59,34,53,61,60,38,96,25,93,97,76
103,60,12,15,78,1,66,10,85,17,82,46,66,47
103,31,31,92,24,98,92,2,40,87,39,93,28,19
103,11,58,78,36,96,84,17,65,94,57,74,36,10
104,53,16,98,41,74,14,13,48,21,38,2,1,95
104,24,1,43,27,4,28,6,1,46,78,1,91,38
104,7,26,68,84,0,54,16,68,95,60,48,48,52
104,70,22,13,89,19,36,76,33,91,64,10,32,6
104,29,50,80,87,67,4,60,19,37,23,35,7,48
104,77,14,68,73,34,94,86,8,13,43,0,92,71
104,62,1,74,8,34,60,81,80,84,97,12,100,68
104,60,86,14,0,48,91,26,29,11,9,27,93,94
104,93,7,21,83,86,71,94,64,7,23,71,6,68
104,45,27,75,80,44,98,12,12,67,81,86,88,57
104,8,73,20,26,14,65,35,40,60,25,52,23,5
104,13,8,79,97,23,53,31,94,19,72,3,29,23
105,55,99,66,81,90,9,34,67,6,60,4,24,20
105,20,24,92,33,63,8,98,30,87,70,59,37,61
105,52,75,10,59,37,37,47,92,87,18,62,59,14
105,28,34,66,4,54,91,91,66,91,14,36,51,74
105,32,29,47,40,89,77,46,72,67,23,39,11,36
105,17,2,87,5,100,100,7,81,33,48,2,12,74
105,8,72,64,48,75,7,54,85,79,70,36,93,43
105,71,88,22,9,64,39,76,3,63,50,46,20,42
105,85,65,56,19,75,48,13,69,55,27,25,47,91
105,32,52,81,84,46,29,75,98,59,8,54,3,7
105,60,95,76,65,53,33,21,7,49,15,69,38,16
105,48,76,74,62,13,78,50,38,95,34,56,45,45
106,34,9,3,91,52,1,46,60,16,44,77,45,77
106,60,32,54,91,41,3,96,12,56,32,68,32,17
106,28,34,95,3,18,78,67,84,60,43,65,28,64
106,39,32,85,96,95,78,14,99,31,82,19,94,90
106,64,98,28,66,11,54,37,72,44,65,45,77,39
106,88,83,22,13,25,4,40,81,22,98,58,46,0
106,96,23,10,6,10,44,90,79,90,17,50,66,31
106,23,0,33,97,54,62,32,8,26,90,9,28,48
106,89,59,96,81,11,35,65,12,58,10,32,35,83
106,50,98,69,87,91,21,54,43,41,99,51,48,55
106,23,17,91,60,64,72,14,9,23,21,45,44,30
106,34,49,53,23,80,56,26,40,88,78,95,94,84
107,40,44,97,8,10,0,91,58,50,82,12,45,51
107,96,14,78,25,70,28,40,20,23,13,16,92,33
107,98,43,12,29,71,8,19,21,16,73,42,79,15
107,52,4,23,30,71,28,92,75,52,17,63,27,29
107,25,92,69,41,26,60,54,75,79,33,25,91,56
107,10,12,84,62,12,57,13,4,34,84,22,30,6
107,37,72,74,21,46,21,93,98,62,74,44,46,1
107,18,56,25,74,24,99,77,39,21,6,75,28,16
107,29,42,1,91,27,46,54,62,35,43,42,27,61
107,64,18,16,82,68,75,86,60,54,59,14,52,11
107,98,67,94,0,93,27,87,64,31,19,44,28,7
107,37,100,16,67,79,79,53,90,76,38,33,14,42
108,0,14,56,5,22,28,12,2,0,16,13,0,1
108,20,43,65,20,90,54,36,10,31,8,79,73,25
108,58,5,89,18,25,51,85,24,52,61,34,37,40
108,36,7,42,87,46,52,17,32,45,78,42,83,13
108,52,8,79,97,66,7,98,30,18,42,92,39,91
108,24,35,17,48,24,3,28,74,30,62,32,79,34
108,75,3,13,63,60,62,33,92,50,23,74,79,82
108,3,42,68,18,98,9,59,75,71,95,6,21,15
108,74,2,83,92,71,15,80,29,97,30,1,21,28
108,75,71,1,50,7,50,51,32,27,51,5,76,54
108,80,80,55,57,37,68,83,98,4,30,37,10,46
108,82,22,3,37,40,21,47,44,47,39,22,92,6
109,54,73,39,92,0,55,39,73,76,40,93,3,39
109,36,91,56,21,87,83,81,19,15,2,100,51,39
109,64,11,38,19,42,21,63,12,89,74,37,70,65
109,97,56,67,72,13,5,53,84,84,19,75,50,8
109,73,7,85,12,88,67,55,70,45,91,48,6,73
109,73,30,0,10,62,81,78,29,33,34,35,43,64
109,68,36,93,19,96,60,91,18,35,31,96,94,95
109,72,10,94,40,61,23,9,63,11,40,36,31,56
109,88,56,92,39,100,24,94,81,96,48,10,44,7
109,46,64,12,86,14,24,92,33,57,64,42,17,69
109,48,58,83,70,38,64,51,46,79,38,36,46,22
109,51,57,80,40,69,74,89,64,34,71,98,84,51
110,82,68,84,68,9,93,47,79,52,53,81,40,68
110,67,68,76,83,47,67,32,50,42,8,30,19,35
110,56,59,80,54,34,75,49,35,88,16,37,85,31
110,91,31,43,44,17,50,55,82,44,72,22,34,22
110,80,11,4,92,59,42,17,10,55,57,82,83,12
110,35,48,88,7,10,74,85,39,86,42,9,61,10
110,90,75,3,55,50,23,81,49,16,33,81,2,8
110,93,69,34,56,58,33,26,24,85,78,49,89,36
110,41,36,98,100,36,72,88,84,52,5,13,51,56
110,24,36,52,38,47,74,43,18,38,67,19,12,12
110,39,34,61,17,25,51,82,24,47,35,97,2,54
110,4,42,72,20,52,87,41,30,14,48,42,1,20
111,17,74,88,43,39,4,28,83,42,59,79,40,62
111,57,36,52,74,86,22,71,41,64,79,10,12,32
111,49,83,11,33,77,88,66,0,1,30,56,24,78
111,47,11,58,8,78,53,24,81,67,87,35,68,25
111,95,32,48,99,72,57,38,12,46,46,64,8,43
111,63,54,73,81,85,3,92,41,41,38,71,66,29
111,100,17,32,71,44,47,95,55,98,4,91,85,10
111,67,15,12,54,61,35,69,75,7,85,85,78,51
111,33,45,27,26,64,79,85,89,4,64,9,6,7
111,62,80,5,33,11,18,56,29,81,66,86,88,86
111,79,80,67,93,30,40,68,76,61,60,70,82,48
111,93,58,93,89,61,0,71,51,58,34,72,84,52
112,53,56,65,20,27,87,98,11,58,49,71,70,87
112,74,69,15,43,67,63,37,47,16,75,38,35,44
112,4,6,17,57,64,17,26,30,39,9,54,85,94
112,19,72,96,5,54,3,15,74,34,46,76,78,64
112,85,23,59,49,95,68,66,85,40,12,42,32,23
112,24,85,27,15,79,5,18,30,6,22,76,98,30
112,89,98,73,52,66,43,29,21,70,8,50,47,2
112,60,77,50,88,54,12,47,70,94,0,96,66,44
112,80,2,61,75,84,39,66,94,71,26,68,52,37
112,59,61,64,59,79,43,46,23,60,45,43,44,12
112,50,46,32,88,45,4,53,40,41,55,26,76,12
112,2,33,87,17,29,86,32,4,44,88,5,81,30
113,29,86,93,82,28,58,8,77,73,13,76,50,22
113,45,95,15,36,39,98,66,92,37,0,0,39,70
113,69,7,7,81,72,17,85,59,63,15,48,33,87
113,3,47,83,15,6,84,65,53,20,36,75,55,85
113,84,62,38,42,44,23,13,90,80,80,3,1,44
113,82,65,67,65,84,36,54,93,74,65,63,42,54
113,95,93,10,73,11,26,69,4,88,15,42,58,16
113,65,45,78,41,85,7,81,68,59,15,15,76,43
113,95,5,46,96,21,66,60,33,3,56,45,71,6
113,4,71,45,65,92,84,60,24,12,54,40,63,9
113,5,30,78,18,3,88,90,21,97,25,6,34,10
113,100,43,11,24,92,54,9,90,39,91,49,91,9
114,80,58,83,92,25,43,7,74,6,77,18,74,19
114,52,89,91,0,10,41,65,51,76,19,19,75,96
114,86,82,19,32,71,30,9,66,42,30,39,81,40
114,47,40,30,67,95,26,14,5,88,27,60,18,66
114,45,23,52,12,51,17,56,29,24,97,90,99,8
114,11,86,38,75,98,87,11,92,99,13,61,43,34
114,17,22,100,66,85,20,86,91,71,63,99,100,34
114,34,70,76,88,11,48,31,83,81,37,100,26,56
114,83,47,66,80,26,89,98,26,91,53,77,0,35
114,48,100,38,98,14,50,15,0,21,57,68,11,27
114,7,40,22,7,84,19,51,13,10,27,50,89,93
114,66,86,12,94,75,6,22,51,70,4,74,72,46
115,71,92,98,40,99,41,61,57,28,95,22,13,31
115,80,89,77,55,19,23,63,14,65,29,60,1,78
115,5,6,96,85,64,37,45,0,35,97,49,81,87
115,69,5,18,68,25,97,5,59,35,38,51,45,15
115,30,66,88,53,27,90,0,10,3,48,99,53,13
115,59,79,53,2,86,84,54,5,86,85,2,24,30
115,41,77,92,97,94,28,28,84,23,45,5,3,76
115,91,5,14,38,33,10,70,56,88,27,87,92,28
115,8,8,45,86,75,59,95,44,7,83,81,43,5
115,50,21,91,2,51,1,84,59,61,60,77,93,73
115,74,53,60,88,47,62,41,21,55,37,95,67,25
115,55,73,60,71,6,5,78,38,71,11,60,48,20
116,57,58,20,64,16,90,34,77,5,38,19,55,33
116,82,37,37,97,11,56,23,89,86,70,98,6,65
116,59,71,28,93,24,19,39,72,37,20,24,62,76
116,58,49,50,78,54,46,99,59,2,6,86,71,18
116,99,64,31,7,40,78,99,75,73,55,32,61,89
116,31,55,82,0,1,57,54,28,77,64,98,65,41
116,59,21,8,60,40,67,100,59,72,9,50,48,93
116,52,29,30,94,98,67,26,88,58,92,54,67,87
116,24,2,16,41,32,78,59,90,79,26,49,57,45
116,0,39,79,9,47,2,88,72,94,31,8,74,40
116,60,59,30,53,35,87,25,5,89,15,35,79,65
116,28,2,45,22,91,86,72,7,32,2,6,69,49
117,37,46,39,19,1,96,96,55,51,85,47,32,72
117,68,65,24,62,36,98,10,51,52,35,67,40,16
117,94,72,85,81,46,79,13,86,99,24,57,95,53
117,40,97,71,94,29,15,27,9,87,4,33,28,81
117,38,22,98,97,33,78,80,46,96,81,91,63,43
117,56,81,25,64,73,15,51,98,16,93,59,74,0
117,67,68,41,2,96,99,13,48,23,41,35,57,70
117,4,86,49,25,5,61,49,53,70,92,94,22,76
117,93,9,65,59,67,93,1,32,36,35,7,75,7
117,51,73,69,86,39,76,69,65,99,34,89,38,78
117,86,58,17,18,31,21,51,65,29,61,21,38,38
117,70,29,56,93,21,70,71,77,92,74,99,43,28
118,74,43,44,43,9,71,41,58,20,90,78,55,80
118,18,7,38,88,17,79,98,8,7,14,22,45,76
118,53,38,99,46,35,71,93,63,87,78,35,10,10
118,87,65,17,21,70,5,45,100,25,55,46,29,74
118,56,58,89,42,81,37,10,53,66,52,44,67,98
118,77,73,11,6,94,57,95,22,25,86,5,20,86
118,82,66,62,7,87,13,35,27,40,90,76,26,86
118,38,66,36,59,46,44,11,87,3,9,65,73,61
118,25,83,40,82,100,25,65,8,77,20,81,79,50
118,2,45,78,23,5,56,48,20,21,64,32,59,45
118,19,3,22,6,89,65,50,94,63,8,67,25,84
118,33,99,71,89,82,19,38,57,4,53,93,43,91
119,88,15,8,50,35,88,55,64,87,82,66,41,28
119,93,93,25,26,68,45,0,4,73,23,35,31,17
119,30,63,62,23,52,4,1,28,85,3,12,82,100
119,29,41,75,51,93,12,100,18,53,3,38,30,49
119,25,44,62,9,0,15,90,37,65,34,0,87,98
119,7,36,35,5,42,64,18,72,29,50,100,24,70
119,86,85,37,13,19,18,94,51,30,42,16,42,51
119,5,4,28,21,95,87,25,97,15,17,32,49,66
119,99,81,4,52,86,53,100,54,88,68,4,34,49
119,96,62,70,42,55,10,76,50,29,63,40,83,37
119,38,83,56,17,47,67,94,93,56,74,29,43,6
119,6,81,20,75,36,13,69,69,94,35,10,85,9
120,34,13,78,17,35,59,97,20,4,61,25,86,29
120,96,23,99,82,23,92,23,97,5,1,91,28,21
120,54,86,27,84,47,63,82,22,4,95,11,21,46
120,32,49,23,71,32,11,29,79,6,75,0,45,27
120,49,26,55,2,56,60,94,32,14,87,9,31,63
120,77,67,94,42,44,57,72,94,46,67,13,66,50
120,75,46,65,42,95,69,76,6,94,56,96,6,18
120,59,86,94,46,6,63,21,54,57,45,21,82,93
120,53,33,2,19,29,55,37,78,67,6,75,67,45
120,90,4,60,46,5,15,20,37,100,70,38,49,18
120,59,24,36,54,41,59,28,14,29,44,55,79,17
120,65,71,41,37,25,89,69,68,51,65,80,63,49
121,31,3,76,72,61,5,87,82,81,3,66,87,63
121,30,42,89,53,54,12,47,24,75,11,79,22,44
121,82,28,27,60,100,43,20,9,16,68,23,63,28
121,65,40,74,60,94,78,60,98,40,93,84,22,47
121,77,29,10,37,54,44,18,89,93,98,94,80,93
121,0,56,92,33,53,95,94,34,77,86,82,64,0
121,87,19,83,17,50,23,91,85,99,38,48,30,17
121,97,41,53,61,69,36,46,31,89,94,49,32,9
121,29,57,41,57,6,24,45,31,46,77,40,94,94
121,2,6,37,66,7,9,29,93,12,93,100,94,49
121,77,22,13,15,74,36,100,47,61,33,73,48,83
121,18,49,87,39,21,96,15,66,23,92,96,53,12
122,69,48,50,71,75,84,85,51,94,46,77,18,2
122,65,8,80,5,36,17,64,77,4,52,57,23,38
122,18,15,29,26,19,82,16,27,85,46,6,84,67
122,51,4,2,29,59,65,100,5,95,82,16,42,25
122,0,64,15,87,37,0,28,60,73,51,93,81,80
122,58,27,40,63,17,41,38,38,97,58,39,86,46
122,63,59,1,55,2,61,69,40,80,52,84,17,72
122,88,19,2,64,22,52,24,27,47,69,100,63,3
122,41,57,5,88,99,68,0,61,8,43,98,59,20
122,22,43,44,16,18,36,60,10,5,27,97,45,62
122,41,1,21,88,82,51,41,21,38,99,19,77,49
122,27,37,73,82,69,47,32,2,79,72,76,56,92
123,100,82,75,26,12,60,42,85,85,85,27,84,47
123,41,94,51,37,21,12,66,78,49,12,45,28,23
123,33,43,56,6,95,42,77,66,26,13,25,81,9
123,6,40,77,86,41,55,14,85,83,28,64,52,47
123,19,90,33,98,75,13,57,72,95,78,8,95,77
123,23,32,98,48,15,92,26,32,64,90,96,55,44
123,97,94,100,49,40,72,56,65,10,22,37,6,64
123,100,93,80,63,54,9,2,6,63,54,78,3,11
123,73,19,89,14,18,2,59,69,50,31,66,81,98
123,67,93,83,79,30,70,63,79,6,67,6,54,47
123,26,88,35,39,72,58,96,97,44,20,70,18,64
123,92,2,85,18,12,12,26,20,44,55,45,42,4
124,96,97,41,22,84,37,89,36,97,94,39,65,34
124,26,15,100,60,28,69,51,13,62,6,0,45,68
124,46,70,63,58,80,83,100,46,50,46,51,13,41
124,37,15,6,100,13,88,81,92,76,37,55,72,95
124,38,23,68,78,30,73,24,19,93,27,48,38,83
124,50,75,80,65,32,70,56,62,51,88,52,75,66
124,62,74,91,4,56,11,8,36,50,36,46,25,83
124,37,9,42,75,18,75,20,47,46,86,8,47,48
124,25,55,89,2,79,82,34,0,99,73,27,49,18
124,89,59,99,97,63,99,81,100,83,65,41,28,55
124,14,91,74,73,46,43,66,81,88,30,9,86,32
124,6,88,15,44,96,44,98,29,89,7,31,40,71
125,1,40,89,2,74,60,87,56,25,60,83,41,45
125,17,0,18,45,8,2,57,33,98,26,68,17,8
125,50,14,1,68,15,41,90,29,17,3,51,56,87
125,29,82,54,11,47,48,41,84,12,46,37,95,20
125,20,96,56,19,55,72,59,93,58,62,23,46,32
125,22,64,88,70,97,61,52,26,9,84,49,77,86
125,30,92,32,86,45,87,18,8,97,2,61,15,83
125,62,18,38,82,13,76,34,43,85,64,52,37,84
125,72,33,87,64,97,54,62,7,29,78,68,59,58
125,0,12,73,34,11,66,87,47,28,12,32,15,27
125,92,77,8,39,53,16,38,40,24,17,34,90,45
125,13,6,92,66,12,13,89,42,1,53,48,10,16
126,51,40,28,16,51,91,90,69,23,30,67,77,78
126,24,36,82,14,3,95,60,36,22,81,1,6,84
126,42,42,21,90,5,18,85,20,74,30,63,55,38
126,36,33,9,37,9,0,12,5,7,88,11,67,39
126,64,17,16,89,85,71,18,26,16,87,36,14,23
126,66,89,38,20,76,49,57,98,67,10,49,0,4
126,22,58,67,100,55,67,1,94,89,50,25,52,32
126,50,20,4,38,87,91,7,88,45,50,65,56,63
126,76,18,63,21,48,54,17,46,5,9,41,79,31
126,77,79,74,6,36,43,78,97,91,0,79,94,88
126,28,29,71,69,30,52,92,17,55,96,94,28,76
126,81,46,38,69,77,66,42,92,31,14,75,92,31
127,40,13,76,10,76,58,40,43,33,35,80,18,33
127,16,91,30,95,11,93,14,9,61,37,52,20,19
127,95,82,50,51,6,96,0,5,14,96,97,17,100
127,73,57,31,62,16,68,74,63,59,39,53,82,23
127,66,49,86,70,12,71,14,56,20,45,94,67,90
127,71,70,45,98,34,90,40,9,34,83,76,25,80
127,72,53,64,60,73,96,33,73,69,21,6,9,31
127,19,70,65,48,47,88,57,42,27,73,90,30,33
127,22,96,59,66,33,25,37,48,81,72,47,46,37
127,5,46,87,69,14,14,62,28,93,39,44,53,57
127,90,60,53,66,55,91,12,2,29,50,17,55,92
127,1,27,91,78,32,13,55,68,23,39,31,36,14
128,50,30,83,55,71,85,34,19,1,20,16,62,71
128,13,15,98,3,15,77,85,27,10,50,27,66,21
128,11,9,45,76,100,16,59,85,65,97,58,99,33
128,64,24,45,49,89,100,94,60,96,97,36,23,35
128,99,57,98,53,6,23,90,23,80,25,65,61,15
128,23,36,71,95,4,58,57,78,72,27,92,32,42
128,81,19,41,99,96,93,2,69,67,89,88,47,7
128,29,22,22,56,97,21,75,17,18,12,39,50,64
128,70,88,80,61,53,8,46,42,67,30,8,91,28
128,43,35,24,95,87,99,39,48,13,76,44,47,100
128,92,32,22,62,85,53,87,2,63,24,98,54,21
128,76,67,61,24,93,83,36,24,79,46,79,46,76
129,100,48,85,78,84,47,86,58,49,20,1,29,24
129,89,0,69,42,88,86,44,94,74,43,14,54,93
129,54,4,43,49,50,6,6,26,4,55,91,62,95
129,96,44,22,40,55,94,83,15,39,31,7,26,99
129,26,39,85,73,38,66,37,53,76,42,82,60,34
129,84,4,53,37,89,19,40,74,75,27,87,35,61
129,87,50,38,38,33,61,80,32,45,21,10,64,45
129,22,21,29,27,87,34,70,75,96,39,65,51,57
129,56,91,60,22,46,26,70,55,92,45,59,6,73
129,60,36,49,13,0,1,95,13,27,54,61,88,48
129,100,67,56,96,35,51,31,46,76,29,37,27,59
129,65,39,27,21,34,90,62,16,34,89,77,96,36
130,66,62,64,81,92,95,82,44,69,15,40,27,91
130,15,53,55,99,60,32,70,90,64,1,1,17,42
130,28,24,85,60,95,20,85,30,37,100,46,47,35
130,63,79,74,16,7,13,15,9,2,95,33,74,81
130,34,89,34,18,72,87,17,8,11,69,88,97,90
130,90,28,1,12,45,73,75,38,22,45,66,68,30
130,36,37,41,3,45,40,13,4,15,14,77,15,6
130,83,56,74,14,50,50,4,44,88,39,21,44,67
130,79,47,25,67,95,12,8,50,66,62,83,61,90
130,83,11,82,91,72,33,81,39,67,14,51,49,30
130,64,94,50,51,94,93,42,61,9,46,55,43,87
130,53,65,70,64,88,17,51,20,16,41,92,83,92
131,96,39,2,56,80,73,74,61,47,23,24,13,41
131,26,80,30,49,57,32,67,56,82,26,12,70,4
131,43,9,77,54,1,94,52,62,96,41,18,77,56
131,30,70,67,21,67,73,82,48,19,68,32,10,37
131,32,98,82,49,86,83,29,78,50,97,13,73,86
131,66,83,56,98,26,87,44,10,44,98,98,36,58
131,81,82,94,61,3,75,90,61,14,8,18,73,18
131,4,55,10,8,31,79,36,83,71,2,88,37,55
131,24,27,47,94,88,66,72,56,58,40,61,11,80
131,49,44,94,53,48,16,37,81,17,22,11,47,39
131,26,27,16,77,20,75,68,46,35,6,96,69,76
131,11,24,56,26,16,76,45,39,81,38,27,11,70
132,20,84,84,84,10,59,47,44,15,30,50,48,84
132,14,71,37,91,23,24,46,4,32,83,75,90,74
132,16,81,43,38,32,78,26,94,90,5,20,39,99
132,60,7,49,92,55,54,77,83,48,67,4,46,94
132,22,26,39,88,96,40,16,92,97,87,87,83,93
132,94,58,89,64,61,43,46,21,17,38,7,68,69
132,32,19,48,31,37,66,59,57,41,93,47,61,27
132,62,100,61,75,0,19,73,70,46,39,94,59,83
132,35,55,1,75,19,34,2,39,70,72,63,49,72
132,53,60,18,43,8,19,55,88,70,4,42,77,95
132,69,57,28,78,10,100,87,75,40,20,49,61,16
132,61,76,35,53,77,34,47,96,28,83,21,0,88
133,53,75,52,61,36,54,34,100,27,41,89,70,20
133,46,89,11,41,36,5,66,0,32,38,75,63,85
133,98,63,36,24,82,58,52,52,68,28,24,18,5
133,50,97,62,30,64,11,59,37,29,22,79,43,93
133,71,92,5,51,18,75,79,63,52,25,36,53,18
133,91,33,5,39,39,9,75,33,22,84,23,57,79
133,29,82,51,52,63,95,65,82,30,23,25,30,74
133,74,97,19,88,9,18,87,58,85,95,17,1,65
133,66,100,96,43,68,79,51,9,81,24,71,89,34
133,26,93,88,80,100,100,74,56,98,9,39,92,2
133,53,5,21,58,33,30,51,85,13,10,92,38,65
133,48,12,71,67,82,32,15,33,55,57,79,21,83
134,28,62,88,85,35,32,2,30,14,62,63,6,62
134,42,30,74,37,5,92,27,25,40,76,43,44,51
134,50,20,98,73,86,81,84,67,15,82,11,18,32
134,32,51,47,88,49,20,46,88,12,34,52,35,35
134,73,62,64,37,37,57,99,35,59,45,7,81,87
134,37,12,48,42,36,13,91,7,33,5,14,35,96
134,18,75,6,26,40,34,42,40,35,70,87,44,42
134,89,47,20,15,53,70,3,93,62,25,31,87,89
134,7,100,72,79,82,77,66,68,56,12,41,86,57
134,42,91,51,55,33,0,79,57,60,78,17,93,36
134,55,78,0,6,30,12,80,71,80,45,32,21,81
134,99,59,50,44,84,62,87,75,18,46,84,81,31
135,27,29,13,17,45,92,97,69,17,88,42,54,50
135,86,32,0,40,90,78,48,88,15,88,52,67,27
135,23,10,40,7,99,56,4,74,84,65,15,7,90
135,83,66,99,55,12,95,72,88,81,3,52,7,59
135,53,87,0,24,2,34,19,9,67,100,21,99,29
135,95,82,77,28,5,34,99,8,15,35,26,10,17
135,44,5,87,40,5,32,73,88,52,46,19,65,99
135,97,19,52,86,53,85,6,48,60,94,28,14,86
135,8,25,54,98,20,66,61,47,11,58,80,59,77
135,75,50,22,49,53,82,20,45,23,6,8,26,99
135,62,76,18,54,57,9,38,69,20,67,30,100,22
135,14,63,81,0,63,58,98,99,58,29,81,43,20
136,84,90,48,18,87,60,39,0,19,71,23,17,100
136,79,25,88,17,91,76,57,28,89,6,18,91,49
136,25,83,56,88,20,4,41,47,48,55,9,7,61
136,19,94,56,74,62,46,87,82,54,8,0,57,38
136,44,94,100,39,89,54,73,50,22,64,38,70,27
136,95,25,29,80,85,58,38,14,48,86,78,90,10
136,4,26,83,57,97,27,61,71,3,30,7,21,67
136,30,5,79,72,76,77,54,71,48,12,47,44,65
136,23,57,8,80,45,28,18,32,48,78,33,33,43
136,81,60,35,47,37,51,16,42,0,10,78,42,70
136,25,7,88,4,77,21,31,84,90,86,73,74,46
136,20,14,64,41,5,38,57,26,50,21,57,37,73
137,18,25,40,54,4,18,7,44,23,44,4,16,63
137,4,35,42,52,95,14,54,85,40,97,85,62,48
137,6,62,43,77,14,76,9,81,52,41,80,58,51
137,56,49,85,38,12,47,42,64,63,93,88,27,62
137,50,55,87,15,26,13,18,70,45,61,10,78,77
137,39,93,98,71,48,98,85,7,87,78,89,25,47
137,44,61,48,82,84,97,94,19,29,59,27,71,94
137,73,7,6,49,30,90,37,16,70,86,48,45,38
137,62,85,86,60,82,64,94,5,91,13,60,79,13
137,35,77,61,49,6,78,40,47,81,14,2,94,68
137,5,26,63,80,35,87,81,87,25,8,28,32,68
137,8,95,95,47,10,17,39,11,23,32,53,37,70
138,29,7,75,48,77,83,54,97,95,36,42,13,81
138,35,19,13,53,89,95,25,10,51,96,73,17,8
138,78,73,13,91,10,34,46,39,50,87,24,37,62
138,24,31,49,86,75,54,20,44,28,7,12,65,25
138,38,61,37,86,3,48,28,21,100,22,1,93,80
138,58,1,24,53,43,80,81,43,99,16,10,8,46
138,71,17,54,18,86,72,83,71,20,14,20,39,16
138,83,71,0,57,96,57,40,37,15,60,67,33,35
138,88,43,74,19,72,12,86,9,79,52,40,56,97
138,30,8,40,72,81,2,15,87,74,42,34,72,89
138,51,14,70,19,26,22,28,98,44,94,51,30,72
138,52,0,57,89,23,59,14,43,31,20,93,54,21
139,16,41,91,71,77,58,37,97,7,19,29,0,36
139,56,9,31,62,99,49,39,48,31,48,71,38,70
139,44,96,74,54,86,67,23,3,61,29,94,69,43
139,79,27,21,2,47,83,84,86,56,30,90,40,91
139,61,57,53,42,9,2,51,59,22,100,63,98,73
139,9,35,83,76,95,62,32,86,92,12,60,30,57
139,36,14,53,95,22,4,23,97,81,70,36,22,49
139,50,72,76,33,86,92,60,5,26,31,50,56,3
139,23,10,44,75,85,35,52,41,28,46,6,2,52
139,69,64,22,0,9,80,70,1,70,45,42,22,73
139,22,89,27,65,15,96,78,96,60,70,26,32,14
139,7,98,57,28,89,96,23,25,95,79,95,56,38
140,43,32,98,25,66,38,75,27,32,67,28,24,20
140,97,98,26,48,65,36,47,30,22,38,78,17,87
140,67,79,33,56,47,37,10,13,73,100,60,63,56
140,39,92,66,60,92,76,81,81,51,55,63,43,70
140,99,25,20,3,14,42,29,53,25,16,1,65,79
140,58,8,87,12,83,19,33,13,2,0,22,71,18
140,84,64,41,0,62,44,37,96,5,51,7,64,6
140,23,31,8,17,83,44,9,2,27,47,69,34,42
140,28,60,11,54,93,74,43,7,71,27,52,55,72
140,37,9,82,45,78,99,19,0,96,85,42,39,17
140,74,86,6,90,79,65,72,26,70,78,39,40,71
140,6,87,30,0,78,55,72,85,33,80,78,66,39
141,77,0,82,69,43,7,81,38,54,53,68,98,96
141,81,87,20,51,4,51,25,85,11,42,2,1,38
141,76,22,0,85,16,72,73,48,24,0,87,71,55
141,46,0,20,83,40,49,87,26,6,71,75,79,5
141,92,100,52,6,10,7,75,7,49,84,93,61,84
141,85,87,44,63,13,87,17,7,86,42,19,23,66
141,44,60,89,1,70,39,67,26,80,96,63,76,14
141,5,15,76,3,30,45,87,51,50,60,6,82,76
141,10,4,65,19,37,39,47,11,91,5,21,8,35
141,5,10,97,77,40,87,27,59,69,16,94,75,54
141,28,14,66,99,21,63,55,66,54,43,5,30,17
141,65,91,2,21,30,65,45,81,96,45,26,97,23
142,3,67,69,52,5,66,95,22,75,12,33,35,60
142,73,41,28,94,83,16,68,64,83,41,23,34,45
142,33,31,21,61,77,38,64,52,19,14,19,13,100
142,24,25,37,37,81,33,98,12,72,76,56,71,56
142,55,62,84,91,35,72,33,45,64,82,46,84,12
142,40,14,65,28,24,96,39,27,36,87,100,0,32
142,46,7,74,90,25,65,89,58,80,99,49,27,27
142,19,44,30,83,53,15,43,51,4,91,2,53,44
142,36,73,99,81,71,36,48,93,47,75,32,37,1
142,58,81,63,2,100,59,38,92,31,29,94,5,78
142,67,16,32,31,57,35,81,93,80,2,44,79,49
142,14,45,25,16,61,36,33,94,69,70,17,44,94
143,16,64,46,46,53,59,90,70,28,55,53,83,94
143,48,68,77,50,31,34,69,4,0,64,61,7,98
143,23,61,60,100,48,96,99,8,33,11,12,32,96
143,19,99,27,27,13,39,48,93,46,74,0,35,86
143,0,11,89,0,95,46,97,55,11,36,18,88,71
143,25,11,98,31,92,72,27,42,2,92,33,76,97
143,54,94,41,5,9,76,89,46,27,33,6,15,55
143,47,85,71,36,72,21,50,86,64,24,31,62,41
143,94,62,93,20,52,93,41,2,32,42,0,4,93
143,84,49,44,36,50,58,91,23,2,5,18,29,38
143,56,87,1,79,37,95,41,20,74,77,33,20,63
143,100,86,56,38,30,85,63,59,27,36,40,58,77
144,42,65,72,24,86,79,45,5,50,76,60,72,1
144,0,17,62,50,56,78,92,24,63,34,39,44,32
144,23,21,10,21,13,47,55,85,67,70,35,70,13
144,8,61,55,1,95,22,54,32,37,12,36,79,80
144,87,35,89,57,44,10,68,44,45,30,76,23,61
144,11,0,79,18,74,51,56,88,38,80,10,33,37
144,23,18,2,41,58,5,98,14,11,62,41,74,75
144,8,21,58,54,90,2,6,82,51,91,51,37,97
144,95,90,94,65,51,36,32,7,23,67,66,12,71
144,71,91,46,98,54,34,81,48,74,72,31,34,20
144,86,22,27,93,11,81,59,15,59,15,32,22,59
144,42,65,87,67,34,76,73,97,31,94,67,85,34
145,22,41,51,76,29,93,82,53,24,41,29,9,82
145,82,21,3,46,1,68,26,70,86,9,99,61,17
145,71,56,70,13,21,71,48,52,60,5,82,79,10
145,99,34,63,88,17,72,9,39,78,83,29,82,79
145,35,83,21,37,67,34,57,89,24,9,67,4,1
145,91,66,39,98,17,34,43,19,75,7,75,73,40
145,41,98,48,75,38,11,46,60,73,90,53,1,73
145,2,38,0,64,66,20,22,79,98,23,3,14,36
145,17,79,17,49,39,82,87,99,73,20,44,38,76
145,37,63,17,62,82,19,37,89,32,44,35,3,63
145,100,25,33,71,80,12,48,52,13,84,84,14,59
145,5,64,75,27,74,63,58,47,29,55,57,29,91
146,18,38,42,43,37,86,13,31,78,44,21,90,92
146,66,83,5,21,39,80,31,55,90,5,37,64,94
146,12,75,17,48,100,47,5,75,78,88,38,92,88
146,96,89,45,69,27,17,63,17,62,84,20,20,33
146,85,59,85,68,74,62,62,38,36,84,22,59,49
146,23,59,79,57,74,26,29,22,62,9,62,41,41
146,84,40,39,8,92,6,46,20,83,12,13,42,85
146,37,78,98,59,98,38,6,92,39,96,42,80,43
146,21,5,5,96,85,32,5,18,90,21,91,29,89
146,30,47,31,10,71,76,22,8,6,52,47,0,62
146,24,65,96,0,28,1,68,37,80,93,27,58,87
146,95,21,40,64,67,26,88,36,23,85,25,57,3
147,12,35,43,93,93,54,83,16,2,54,68,10,88
147,82,8,11,82,68,32,64,17,84,94,66,19,69
147,75,72,16,1,52,3,42,60,90,55,59,82,55
147,82,3,3,8,98,56,57,15,66,60,68,14,96
147,21,25,97,75,19,56,93,42,30,22,71,80,10
147,58,74,72,13,92,83,9,80,23,56,41,55,72
147,27,57,21,45,30,66,37,7,17,91,74,34,66
147,77,92,26,1,39,54,24,46,76,99,54,38,88
147,37,72,61,74,45,14,48,0,78,86,6,9,44
147,10,35,16,78,23,25,81,29,4,61,67,22,39
147,51,61,89,19,69,22,100,82,62,10,93,94,88
147,99,58,57,18,38,24,74,88,11,23,67,90,53
148,0,13,39,12,27,27,1,24,10,26,46,1,91
148,38,62,96,27,97,68,74,21,1,46,68,66,24
148,29,2,42,28,45,62,51,34,47,4,34,7,72
148,72,97,74,70,12,88,50,95,30,66,36,22,61
148,77,5,57,45,6,92,17,20,33,40,25,84,87
148,76,42,56,44,10,76,57,99,20,65,95,6,53
148,84,69,85,84,21,54,39,84,99,14,82,27,43
148,44,63,64,12,17,60,64,30,97,36,21,64,100
148,4,12,9,58,82,70,87,40,50,61,2,33,76
148,58,27,0,46,9,54,12,33,36,0,29,3,67
148,99,21,55,25,7,83,4,95,35,88,95,91,89
148,21,40,91,80,55,67,54,38,84,58,70,13,18
149,44,23,45,0,3,95,88,14,37,37,83,76,73
149,13,75,59,58,14,98,77,13,36,84,87,4,90
149,8,89,12,69,27,27,51,80,49,92,65,86,20
149,100,87,79,90,13,37,73,3,14,23,99,50,9
149,96,81,90,7,21,89,80,55,51,81,0,1,88
149,73,19,0,59,87,0,4,7,88,35,41,32,40
149,51,80,85,89,45,27,60,19,39,93,21,55,69
149,12,85,60,70,54,35,11,69,62,83,1,32,90
149,79,3,38,90,31,98,64,28,72,40,79,44,21
149,43,57,20,9,7,48,10,98,44,19,91,81,99
149,1,39,68,80,18,44,19,87,95,21,72,36,10
149,3,57,4,44,34,93,14,41,41,9,99,86,83
150,61,55,27,79,40,24,87,86,18,29,72,60,21
150,90,16,96,49,32,12,34,18,83,68,98,82,58
150,97,15,53,99,85,14,44,91,24,93,83,56,31
150,82,85,46,42,33,65,29,5,56,40,79,12,60
150,93,95,39,14,77,36,43,52,64,32,17,41,96
150,86,36,9,48,29,28,61,11,79,73,27,1,64
150,68,20,40,42,65,26,78,55,18,36,68,92,6
150,5,96,62,32,42,80,9,43,93,12,62,9,44
150,27,97,34,16,2,4,97,52,31,9,8,19,36
150,24,70,33,66,25,73,36,27,68,31,9,23,70
150,71,84,24,55,64,57,88,84,23,50,77,36,90
150,51,78,52,87,1,83,50,62,25,25,80,66,20
151,92,80,99,98,49,97,32,41,79,10,53,23,59
151,30,24,16,49,16,35,65,57,33,36,25,54,24
151,21,13,50,10,50,42,82,63,83,40,76,12,51
151,65,65,94,64,77,12,85,12,23,73,1,88,66
151,30,78,66,35,7,0,83,7,72,68,68,32,26
151,50,9,82,92,80,84,42,54,63,1,79,55,88
151,73,27,63,6,44,74,99,70,37,14,31,67,56
151,86,56,29,95,29,22,13,1,88,54,21,22,47
151,39,25,48,1,29,24,40,8,43,88,57,32,97
151,20,67,53,21,19,30,77,29,88,78,76,98,19
151,43,42,60,4,71,80,0,60,4,66,3,45,95
151,87,55,32,15,66,66,91,86,23,87,17,76,42
152,20,17,19,62,26,99,37,76,74,36,96,60,57
152,34,4,80,55,55,49,33,59,9,55,70,10,81
152,7,69,33,70,9,13,94,89,13,24,5,60,30
152,22,37,63,13,10,99,62,63,61,38,72,26,33
152,56,61,78,64,17,85,69,69,17,50,9,77,86
152,56,72,93,16,61,74,66,90,54,25,45,74,80
152,49,48,89,69,12,32,80,20,81,70,88,29,26
152,5,89,11,97,91,48,95,75,15,3,40,94,63
152,32,58,85,73,32,46,57,26,59,44,21,32,42
152,12,98,3,65,30,53,54,49,47,93,80,83,79
152,86,100,92,12,19,74,56,75,74,3,9,93,55
152,52,99,65,25,60,29,18,54,47,50,64,44,44
153,33,66,2,59,56,96,43,57,19,9,85,85,86
153,22,95,60,66,97,87,48,98,57,69,100,24,55
153,27,16,23,87,30,64,79,83,43,32,80,71,28
153,33,51,96,36,81,66,34,36,34,84,55,6,78
153,97,53,9,27,85,18,12,2,12,17,70,26,98
153,42,61,93,58,90,68,87,22,33,36,59,86,10
153,62,20,90,36,0,86,31,93,58,69,66,60,82
153,43,27,77,10,48,11,58,14,25,36,59,2,93
153,33,86,97,78,53,40,89,19,74,84,29,60,23
153,15,23,56,25,9,5,23,81,16,28,1,97,64
153,52,4,12,51,0,78,28,17,74,23,20,9,45
153,2,82,10,87,87,21,21,20,70,5,56,17,96
154,5,8,36,78,2,52,37,81,29,43,24,12,11
154,0,97,84,51,73,87,90,36,5,15,2,26,14
154,58,6,27,49,95,10,96,48,60,93,10,38,29
154,6,69,80,67,54,75,39,100,47,80,16,93,74
154,92,81,29,23,98,14,100,50,34,92,19,9,25
154,33,0,43,96,27,8,46,86,24,39,86,33,0
154,67,64,39,88,70,39,74,5,42,40,77,24,45
154,54,32,53,33,32,44,58,76,10,41,76,34,41
154,46,1,34,54,86,39,0,4,89,92,2,89,78
154,57,90,22,39,55,76,74,5,81,45,94,86,80
154,59,80,19,85,53,46,70,70,66,13,14,66,99
154,28,21,14,38,74,57,12,70,51,29,1,67,14
155,70,91,22,81,81,39,66,52,18,68,97,20,22
155,19,51,84,91,96,8,88,68,42,26,96,73,19
155,41,1,54,96,45,73,15,82,19,17,80,54,75
155,36,15,90,49,79,62,82,63,1,22,8,0,74
155,41,94,85,35,51,99,93,62,74,12,43,38,97
155,34,53,65,59,86,41,87,50,17,4,61,21,33
155,14,48,18,36,16,99,54,16,67,44,100,50,13
155,3,11,45,26,41,9,49,78,89,14,37,20,98
155,2,99,18,57,64,71,93,93,81,11,40,97,68
155,74,39,33,91,18,62,92,6,98,50,69,59,93
155,83,37,67,85,44,6,12,18,82,96,33,52,48
155,80,24,88,54,50,28,29,56,98,11,94,83,41
156,53,79,65,51,14,2,44,93,47,36,15,99,21
156,42,78,39,6,40,23,9,97,32,5,86,35,49
156,74,53,3,36,35,0,12,15,95,76,42,88,15
156,16,43,6,75,52,61,54,31,36,29,95,26,58
156,1,90,12,4,68,19,99,48,34,98,22,32,23
156,94,48,15,57,34,88,3,67,15,17,33,22,76
156,26,59,2,55,55,43,55,74,39,95,54,9,73
156,31,44,63,31,75,66,50,4,57,50,0,83,17
156,61,83,19,52,6,31,33,42,8,100,37,28,68
156,73,20,9,32,85,80,35,21,59,72,95,62,30
156,81,90,41,32,40,72,92,7,94,100,39,75,65
156,42,91,15,19,6,26,49,26,79,67,83,52,38
157,66,7,33,55,58,59,58,96,76,10,0,10,39
157,92,37,60,76,83,85,80,78,88,1,62,51,35
157,66,13,95,80,28,53,21,80,41,88,52,86,18
157,49,4,49,10,33,73,30,70,96,17,25,8,13
157,95,29,80,53,96,43,66,15,55,72,2,77,17
157,55,95,29,63,36,59,65,71,87,21,69,74,10
157,32,12,51,21,57,18,59,22,5,11,30,50,89
157,26,67,12,3,83,74,27,75,7,91,46,68,50
157,37,74,82,69,20,44,28,87,81,75,44,9,80
157,98,19,10,51,67,26,45,20,50,2,51,15,91
157,46,35,34,16,33,59,9,44,18,54,3,77,67
157,60,29,94,38,13,8,10,92,95,41,86,14,8
158,79,57,41,58,37,32,2,54,24,21,43,11,71
158,81,0,34,8,63,71,50,12,47,0,43,57,100
158,78,23,6,61,59,77,40,23,84,56,17,17,22
158,38,39,40,17,61,96,14,39,0,40,98,53,91
158,68,24,1,62,80,85,96,85,34,49,8,30,67
158,8,70,83,56,92,79,70,98,4,85,67,5,27
158,47,49,8,44,86,66,40,40,23,49,43,77,62
158,55,42,99,69,98,24,24,81,91,33,55,77,97
158,56,42,87,74,43,48,49,0,8,45,21,16,22
158,1,10,61,56,76,100,29,88,3,88,57,67,5
158,47,37,5,82,4,74,64,59,52,8,3,70,87
158,80,48,36,68,76,81,74,41,84,62,67,96,90
159,45,94,62,15,71,24,98,19,27,59,48,5,32
159,17,78,28,93,95,93,98,36,42,14,88,14,55
159,18,28,91,72,62,12,42,36,63,35,30,56,20
159,51,4,80,69,60,0,86,94,75,12,26,73,62
159,17,65,55,37,85,35,54,41,89,92,77,16,72
159,29,69,32,48,43,90,27,40,17,69,72,40,41
159,90,26,25,11,86,0,73,70,29,90,72,68,65
159,52,6,33,44,28,34,45,86,24,89,37,80,73
159,29,69,60,3,1,41,70,31,8,12,60,37,40
159,45,31,56,52,78,85,23,0,74,89,16,86,95
159,11,54,97,35,37,8,89,68,27,97,44,25,26
159,3,58,47,54,71,62,92,22,55,0,96,94,32
160,29,27,79,1,92,67,16,29,1,41,47,29,20
160,56,51,28,11,47,0,72,59,46,48,52,32,10
160,36,4,60,15,9,93,41,24,76,77,2,96,71
160,35,25,50,0,100,78,69,56,86,1,29,88,62
160,55,51,26,94,60,8,45,60,49,54,52,66,64
160,32,19,86,100,95,61,98,63,32,91,100,99,90
160,24,96,83,58,30,29,49,82,77,5,81,56,62
160,39,60,55,87,51,22,29,80,98,41,39,88,80
160,65,86,85,13,52,35,74,35,4,4,89,44,29
160,74,98,59,47,15,54,39,67,84,84,47,31,9
160,28,26,7,5,37,50,44,47,92,37,73,27,15
160,35,71,59,44,44,1,76,18,85,77,10,34,11
161,66,22,99,24,58,62,58,19,1,21,62,9,1
161,58,99,7,23,78,34,3,66,82,92,67,14,54
161,19,32,11,30,18,3,3,85,37,58,15,91,11
161,88,86,68,42,46,20,30,31,20,45,77,92,67
161,83,94,95,45,64,71,76,34,82,94,97,21,84
161,21,5,51,49,83,58,59,82,60,99,90,50,61
161,40,46,100,60,98,57,57,0,52,90,95,62,96
161,59,11,92,39,55,89,31,73,69,53,44,52,24
161,85,53,95,3,75,78,68,43,22,85,81,48,10
161,96,78,71,44,39,22,51,66,96,92,13,59,5
161,3,13,88,11,52,1,100,44,56,53,99,39,53
161,13,43,46,25,45,94,68,18,51,24,100,50,90
162,21,30,36,67,69,1,52,72,86,45,41,80,8
162,45,2,65,51,52,73,34,74,31,92,40,44,69
162,42,30,86,49,77,9,75,51,51,5,35,98,68
162,4,14,98,62,55,64,48,30,15,1,24,70,41
162,85,36,27,90,57,45,15,49,98,14,55,44,1
162,48,99,64,49,75,60,77,29,47,68,74,34,5
162,28,84,2,53,43,11,2,35,46,61,76,32,61
162,14,39,42,65,60,54,26,89,39,72,14,96,19
162,42,21,94,18,32,24,61,91,21,51,85,9,54
162,4,57,35,35,82,49,96,87,98,45,49,5,42
162,62,93,21,39,38,74,5,9,76,38,58,35,97
162,81,3,32,29,80,42,39,16,15,23,99,84,94
163,21,68,55,52,14,93,51,95,31,71,11,84,24
163,11,97,63,25,83,7,6,85,33,58,20,74,100
163,91,63,35,1,42,1,85,42,91,63,2,99,71
163,67,50,62,91,71,52,65,17,86,88,39,60,12
163,80,47,94,64,57,18,79,43,39,68,74,60,97
163,31,4,63,1,39,1,55,89,41,60,79,24,18
163,51,28,51,97,52,30,53,71,68,98,28,24,25
163,19,95,27,82,25,86,91,68,72,78,41,19,35
163,75,81,53,8,42,20,20,60,15,87,98,92,50
163,47,97,79,17,96,5,30,7,76,67,64,94,19
163,27,48,82,25,47,45,20,14,47,31,63,41,96
163,58,16,34,5,99,14,48,4,3,24,52,74,22
164,19,70,21,20,48,10,22,96,38,94,85,86,38
164,30,79,25,83,94,98,71,0,45,61,89,29,67
164,52,56,76,34,94,25,35,94,15,14,15,52,31
164,9,49,38,15,88,96,76,75,61,84,19,15,96
164,93,87,4,26,97,53,75,39,88,61,82,6,52
164,2,44,53,53,49,22,29,67,14,38,49,5,84
164,20,35,40,37,67,11,56,3,8,86,71,10,34
164,54,98,22,57,3,98,100,57,88,18,73,91,66
164,21,5,15,53,2,89,88,15,98,79,23,18,6
164,68,92,62,58,37,91,43,42,11,8,33,23,70
164,18,28,45,64,47,62,14,27,93,1,59,30,79
164,92,54,48,37,37,43,55,54,24,67,18,16,47
165,56,51,88,26,47,21,41,69,57,17,75,24,6
165,77,24,77,27,34,35,12,52,25,11,76,57,66
165,61,69,7,33,71,23,5,10,91,0,30,13,30
165,51,75,84,60,62,55,21,38,29,77,27,15,23
165,77,77,0,63,78,99,96,28,23,26,18,91,24
165,12,98,23,22,15,2,50,18,69,52,36,86,74
165,16,22,80,90,42,34,87,70,41,11,38,53,4
165,8,68,50,67,89,70,85,16,43,63,25,17,13
165,10,54,36,8,8,19,28,93,68,67,82,82,11
165,49,39,20,19,75,24,73,85,24,31,26,96,69
165,66,35,91,0,89,8,15,56,30,11,70,7,85
165,69,72,96,74,36,3,50,10,94,75,9,29,52
166,47,71,39,63,74,27,88,47,84,89,7,100,64
166,8,85,44,39,20,76,29,69,42,14,4,1,4
166,13,53,51,100,30,20,80,64,86,69,47,6,44
166,44,36,85,72,13,44,93,50,3,91,19,29,12
166,57,83,11,87,62,42,17,93,39,42,68,60,53
166,25,61,24,97,10,98,13,69,3,25,13,63,83
166,96,44,61,70,58,63,33,12,13,16,6,10,91
166,50,86,30,32,29,90,81,71,45,95,92,9,80
166,11,52,7,66,90,60,69,91,21,8,93,25,51
166,11,11,85,20,76,40,95,41,77,45,70,72,57
166,79,16,58,97,59,97,5,67,17,50,74,54,57
166,61,79,0,81,84,32,89,68,26,21,59,43,17
167,62,7,44,23,76,18,50,18,95,53,11,1,63
167,90,96,52,92,36,27,66,35,30,30,37,71,99
167,97,44,9,45,64,11,31,4,62,84,95,2,73
167,28,67,17,95,39,55,70,77,48,63,36,53,22
167,83,11,87,33,83,90,44,31,31,88,36,33,8
167,83,66,7,57,12,11,71,24,92,37,57,13,82
167,100,26,51,55,34,12,52,32,60,41,56,3,40
167,19,3,14,0,34,57,94,80,26,49,69,53,20
167,61,71,58,1,60,24,99,68,70,16,5,70,7
167,74,12,15,14,91,93,14,91,85,5,65,60,49
167,74,77,86,7,62,8,55,36,88,83,30,80,19
167,34,53,3,88,100,73,72,18,98,34,44,21,24
168,70,34,53,30,75,77,21,56,79,39,82,69,67
168,87,0,11,68,26,51,96,31,69,84,92,0,65
168,39,54,99,45,12,4,55,50,45,31,61,74,1
168,54,7,3,99,15,43,32,3,45,89,1,20,70
168,58,99,56,64,76,73,22,1,75,20,49,90,58
168,66,81,72,17,56,49,69,44,12,41,94,10,75
168,24,59,55,1,27,31,76,44,73,86,61,49,92
168,84,1,58,78,89,17,3,9,35,49,76,85,100
168,88,34,11,60,49,6,40,71,33,3,64,34,33
168,13,75,97,38,97,85,25,71,2,22,39,29,13
168,78,68,53,43,32,24,19,25,89,73,53,46,89
168,95,39,92,71,22,79,57,25,42,19,41,46,88
169,9,65,33,83,1,25,100,47,92,43,33,70,81
169,31,96,50,99,58,99,89,20,21,19,68,100,50
169,29,46,71,37,83,67,85,73,78,74,63,50,87
169,28,40,93,46,41,85,92,94,74,90,51,78,92
169,21,9,18,1,92,92,46,21,57,38,53,55,36
169,55,80,49,100,7,34,25,58,82,15,39,59,63
169,11,80,66,81,49,7,11,7,28,27,38,35,75
169,82,47,23,94,88,12,17,56,71,44,100,34,89
169,68,39,78,36,0,85,11,88,8,27,68,90,18
169,19,98,97,55,39,7,84,27,19,39,15,88,42
169,54,6,7,61,58,16,83,8,81,65,30,42,24
169,53,9,84,94,55,45,79,53,38,95,24,27,76
170,37,76,88,10,93,38,44,33,1,37,9,100,81
170,32,79,70,52,23,83,43,81,85,57,98,97,9
170,92,71,90,55,3,42,99,27,55,17,10,82,85
170,49,51,77,43,57,43,87,47,41,13,85,64,90
170,18,72,8,67,14,47,62,95,69,39,78,16,34
170,8,83,14,3,21,65,51,100,23,25,3,4,83
170,0,35,87,90,66,38,96,9,32,4,33,79,82
170,18,80,0,39,83,77,13,60,12,10,11,30,62
170,26,20,41,89,49,73,93,40,49,15,91,48,17
170,0,82,91,38,66,24,52,47,45,49,85,72,9
170,75,92,90,36,5,60,78,74,55,42,18,88,75
170,60,79,62,30,49,18,41,51,30,100,96,62,94
171,78,2,84,71,90,78,11,30,28,87,42,54,86
171,44,61,97,16,48,3,93,20,82,13,13,16,19
171,47,62,10,53,83,28,8,100,79,39,38,87,30
171,87,98,77,61,94,17,32,20,36,90,100,12,40
171,53,20,56,77,84,38,81,30,13,22,59,82,5
171,70,15,59,69,95,30,16,93,12,29,23,26,89
171,83,15,51,88,4,22,93,58,46,58,46,53,6
171,84,90,9,20,38,78,81,77,69,85,14,40,55
171,78,52,6,83,56,8,26,51,68,73,48,62,85
171,80,59,95,18,54,0,55,53,38,13,51,55,9
171,33,13,64,55,78,83,13,62,11,70,22,100,66
171,99,86,23,49,36,6,62,70,100,15,80,7,88
172,77,4,38,69,83,100,37,79,98,27,91,19,13
172,93,7,26,17,37,15,29,93,25,68,54,91,42
172,10,88,16,55,18,67,97,23,85,54,2,87,63
172,3,60,90,92,3,84,9,83,53,33,1,46,77
172,59,84,78,17,42,57,23,17,15,19,8,41,29
172,45,79,3,80,41,1,12,99,30,5,4,67,5
172,51,27,86,40,99,39,79,78,4,28,5,73,88
172,8,74,23,74,29,62,60,7,55,78,34,53,25
172,89,22,56,40,59,73,88,34,72,99,73,37,67
172,73,68,54,77,27,66,34,1,77,50,74,36,47
172,43,97,26,22,77,90,80,62,82,37,41,0,80
172,66,87,54,54,55,26,8,39,22,61,43,78,4
173,55,42,17,50,19,81,44,46,1,26,13,33,81
173,31,59,26,8,50,11,84,60,22,24,23,14,63
173,66,46,90,87,9,6,38,30,69,61,13,77,98
173,74,91,25,60,9,25,13,92,49,27,93,62,18
173,17,9,33,33,97,6,61,34,98,50,93,53,51
173,3,45,79,33,12,33,78,10,74,6,99,79,73
173,21,52,43,52,96,27,51,19,3,30,96,96,100
173,72,45,59,74,89,60,80,22,15,72,56,34,47
173,8,7,0,58,17,7,93,6,6,48,19,8,30
173,48,17,18,15,33,18,69,76,69,69,66,63,76
173,28,21,34,33,97,4,31,69,34,50,40,4,49
173,49,17,64,28,17,59,10,48,32,61,63,6,53
174,43,100,53,59,65,24,59,1,86,31,37,69,37
174,94,86,97,98,51,38,67,40,36,75,94,22,60
174,93,33,72,90,7,38,11,75,18,31,70,43,5
174,41,19,67,48,1,32,90,60,14,67,49,36,42
174,17,93,0,15,94,34,34,72,75,87,78,4,1
174,21,55,57,89,93,37,39,76,96,69,17,87,74
174,91,15,1,70,48,47,62,83,22,56,80,71,17
174,34,86,80,29,75,83,62,4,36,79,95,4,18
174,5,58,7,76,85,58,81,13,51,59,24,55,93
174,90,58,49,65,89,9,27,81,81,22,90,4,30
174,55,11,71,17,96,76,67,88,29,74,54,83,6
174,64,100,53,41,55,65,79,48,26,66,63,83,31
175,2,98,30,84,95,63,66,52,20,35,15,53,15
175,25,60,24,79,44,38,46,16,48,42,46,33,16
175,84,84,42,88,94,51,84,72,55,17,14,46,62
175,88,40,96,30,2,62,57,7,10,67,94,14,18
175,57,76,63,28,77,73,45,37,6,92,4,51,5
175,62,18,12,37,16,3,24,72,79,18,37,23,94
175,85,45,56,1,28,70,42,81,69,49,19,37,5
175,100,88,22,38,73,60,85,24,54,16,93,5,12
175,3,13,8,57,24,62,68,2,81,99,23,42,82
175,5,96,57,81,66,27,12,14,3,63,64,75,18
175,29,62,13,50,57,29,24,51,21,67,22,39,70
175,23,61,71,2,73,57,94,61,35,32,91,61,79
176,22,26,59,93,76,3,95,27,31,90,91,2,71
176,70,56,52,24,58,10,13,80,44,74,39,87,57
176,8,33,42,18,85,23,91,91,81,71,61,82,15
176,49,96,36,21,11,64,77,7,100,34,36,47,56
176,48,28,36,88,99,60,7,94,57,67,81,46,20
176,58,48,55,26,21,49,80,39,92,14,24,11,91
176,87,72,97,86,14,4,91,90,12,11,100,17,12
176,59,56,71,83,13,97,19,87,21,8,7,58,83
176,100,55,41,44,37,58,38,92,87,19,53,92,68
176,65,1,99,60,15,82,47,94,47,44,65,50,43
176,39,78,51,56,56,4,4,95,34,41,6,70,77
176,89,56,79,21,71,58,6,14,3,85,18,14,47
177,38,19,64,65,93,84,33,66,19,25,80,42,73
177,14,18,53,94,20,82,87,75,94,24,88,48,84
177,99,65,26,99,48,46,65,37,99,76,73,92,40
177,55,45,98,48,49,69,54,71,34,22,73,48,47
177,46,65,22,26,0,85,100,92,80,95,58,15,61
177,81,94,36,87,80,32,71,37,38,48,3,100,79
177,99,16,34,25,3,79,42,20,22,22,66,13,44
177,53,1,4,71,75,77,42,41,54,96,60,14,71
177,36,64,18,79,37,38,4,91,83,80,87,37,38
177,1,47,81,24,92,98,81,7,5,84,38,10,22
177,34,10,26,43,37,33,74,50,34,42,53,70,8
177,1,70,8,69,13,4,17,76,63,3,63,80,13
178,23,97,52,49,67,81,61,97,45,58,52,74,76
178,70,30,97,69,75,58,93,8,84,12,25,79,2
178,6,86,70,74,4,14,6,64,31,88,4,7,42
178,76,20,40,97,75,79,0,25,11,25,55,19,48
178,53,73,31,100,99,34,36,57,18,41,72,27,85
178,0,64,52,47,66,3,98,10,34,40,80,37,35
178,34,21,18,83,59,98,97,29,48,18,86,60,46
178,42,53,81,30,37,36,40,47,10,18,61,39,15
178,72,91,89,98,47,68,68,76,24,91,73,57,25
178,24,15,21,30,25,98,64,85,94,39,23,90,9
178,27,97,56,56,60,82,18,55,59,0,97,22,19
178,79,13,67,60,90,4,99,90,56,32,74,87,57
179,60,46,50,19,10,16,73,85,82,35,71,91,78
179,73,74,45,47,9,90,18,1,76,77,11,88,76
179,91,94,15,19,48,6,22,46,92,62,22,11,90
179,91,65,38,12,94,29,56,87,11,62,51,44,60
179,80,67,51,74,39,52,33,92,72,97,60,61,4
179,83,62,35,76,0,94,14,61,9,49,27,97,82
179,53,34,96,1,14,82,40,9,71,58,2,39,81
179,42,33,50,52,100,94,93,81,13,4,73,83,92
179,35,90,74,95,30,89,42,76,78,44,64,77,40
179,68,38,60,86,70,8,17,96,78,28,39,68,92
179,9,5,31,39,19,31,99,15,78,19,13,71,13
179,66,90,41,72,28,100,27,95,89,97,43,36,90
180,85,72,32,6,23,53,69,82,51,66,42,62,13
180,79,64,47,17,71,88,48,21,71,59,55,71,95
180,39,2,48,82,2,81,40,73,11,26,50,24,87
180,69,66,9,5,83,34,30,73,9,38,77,17,56
180,62,83,5,7,43,69,15,66,23,78,70,72,83
180,23,55,70,65,10,98,43,53,1,99,29,44,86
180,45,2,4,81,26,96,77,73,18,99,98,95,28
180,86,20,29,5,37,97,71,1,21,55,35,50,100
180,54,11,32,60,68,86,86,78,47,53,64,92,82
180,3,99,88,63,83,66,80,98,9,70,47,72,64
180,56,31,92,8,84,7,50,35,44,72,57,32,40
180,17,80,60,74,20,72,50,34,68,40,63,84,67
181,80,15,40,63,20,68,90,25,86,30,70,10,80
181,57,35,4,7,85,83,36,22,96,50,44,85,35
181,52,52,37,35,64,30,20,63,85,96,77,46,99
181,70,56,59,57,67,78,34,2,3,94,39,5,44
181,83,66,7,63,75,87,75,70,0,8,73,75,51
181,20,19,83,74,55,85,57,30,74,2,40,16,28
181,34,67,45,37,6,36,4,42,77,67,68,72,58
181,48,98,20,8,78,67,67,25,34,67,73,62,0
181,48,96,36,3,32,15,56,3,7,81,83,92,7
181,65,57,86,69,14,48,85,78,54,47,9,20,31
181,47,93,41,85,34,17,3,37,83,9,72,35,69
181,0,60,63,62,95,51,88,16,11,22,50,0,55
182,94,25,80,68,94,12,73,32,6,74,56,87,17
182,58,87,39,78,76,55,15,88,18,35,4,16,43
182,74,26,71,17,47,70,87,27,2,41,29,9,25
182,48,93,55,88,61,77,12,75,74,29,93,15,23
182,84,17,53,57,8,64,84,55,15,34,29,19,68
182,71,55,10,58,78,71,79,26,98,96,66,82,6
182,85,71,30,47,11,71,41,30,24,14,64,9,90
182,64,63,100,89,48,61,52,42,9,44,62,22,52
182,67,78,10,25,38,14,49,75,33,93,44,33,90
182,86,37,63,69,82,80,15,54,98,46,85,24,23
182,90,72,82,54,100,44,84,89,37,31,55,33,67
182,13,20,47,15,93,96,43,58,10,92,14,30,30
183,10,51,36,69,9,72,100,52,49,18,18,28,68
183,45,48,94,43,76,27,58,6,57,9,74,43,8
183,17,19,38,32,28,15,19,88,3,87,100,49,0
183,11,32,34,94,91,2,62,88,19,57,14,5,53
183,53,68,42,65,5,50,70,99,26,25,51,2,36
183,97,53,91,97,78,10,34,83,13,53,37,30,5
183,59,98,100,71,38,58,31,17,79,80,70,63,8
183,64,79,90,1,89,10,24,5,30,21,64,13,18
183,45,73,9,61,32,92,56,21,95,11,26,41,58
183,55,49,35,2,20,28,91,2,9,29,96,52,43
183,71,98,14,62,92,23,42,66,50,63,36,20,87
183,79,97,66,95,70,9,32,55,23,61,40,47,91
184,10,0,3,45,24,79,46,41,22,11,84,64,6
184,93,84,77,27,32,99,96,49,51,76,42,77,99
184,84,5,21,25,78,61,99,3,23,70,2,6,61
184,18,36,70,70,3,29,76,25,98,88,0,92,65
184,72,20,86,90,78,86,61,26,9,32,43,94,48
184,36,6,21,20,50,23,32,9,26,35,30,37,78
184,90,77,80,94,32,69,38,65,4,18,55,89,5
184,73,26,11,89,100,38,8,1,63,6,56,58,55
184,28,66,97,27,15,90,92,79,64,15,77,94,15
184,100,82,13,0,7,84,65,94,74,11,19,7,11
184,14,42,93,65,15,89,7,0,73,22,26,90,17
184,22,49,43,3,56,35,42,37,3,98,22,22,48
185,34,91,60,43,43,11,48,11,9,33,44,31,13
185,70,69,38,64,76,2,59,96,49,18,27,51,98
185,10,2,65,33,29,28,0,26,25,57,82,88,72
185,47,96,32,72,21,81,3,72,55,96,4,65,29
185,51,52,4,71,78,6,25,99,45,48,18,16,27
185,35,91,54,85,46,68,18,23,6,95,59,89,15
185,43,4,33,13,57,31,39,48,27,14,65,70,35
185,43,7,39,61,1,48,35,97,41,25,68,60,9
185,14,12,33,47,19,3,44,75,33,83,17,75,40
185,79,80,17,80,15,65,35,5,17,63,13,64,44
185,38,3,1,26,26,5,6,34,58,67,60,65,64
185,56,78,20,85,95,8,36,51,97,8,97,88,10
186,84,61,28,83,21,25,22,1,74,73,42,8,23
186,75,54,12,43,48,10,50,55,68,34,19,57,40
186,71,81,72,45,83,16,29,54,92,67,44,26,33
186,75,9,55,20,36,2,96,89,90,1,99,99,35
186,4,38,56,52,93,92,58,40,8,55,89,28,23
186,40,24,19,62,54,72,42,22,18,17,10,68,63
186,7,10,29,48,53,0,26,94,8,87,21,40,24
186,73,14,15,7,43,97,12,37,96,94,65,16,100
186,84,99,97,100,49,63,42,62,74,77,94,12,71
186,65,4,82,8,42,81,50,54,18,45,60,80,35
186,11,65,26,15,90,13,90,5,59,80,67,61,31
186,61,61,64,91,93,91,74,29,24,65,14,6,70
187,81,60,82,88,28,59,59,79,22,81,66,58,61
187,44,48,1,93,46,44,37,84,62,72,85,58,35
187,15,11,23,70,4,17,81,0,91,59,26,78,70
187,44,7,72,17,28,37,16,33,97,0,22,74,85
187,43,59,22,32,71,52,31,43,2,8,37,9,64
187,64,1,24,70,83,22,4,37,20,44,47,21,70
187,3,11,0,40,15,99,42,41,52,17,79,39,55
187,56,97,41,19,45,56,60,54,20,21,60,33,22
187,32,95,89,97,30,100,3,60,46,6,30,86,13
187,30,83,60,77,25,88,92,73,72,78,10,20,65
187,85,73,100,69,8,68,78,4,20,99,69,91,64
187,75,72,19,93,12,20,63,8,1,22,32,84,75
188,17,51,16,80,20,83,22,18,25,80,52,30,9
188,80,62,63,54,74,68,60,63,54,84,51,52,32
188,35,88,46,61,55,59,94,47,35,13,68,61,17
188,90,87,5,78,17,99,35,55,10,57,14,24,21
188,13,60,42,48,27,8,75,28,32,75,84,62,100
188,0,0,78,71,39,87,98,13,13,6,74,91,57
188,85,0,24,89,83,59,53,75,61,57,34,87,19
188,22,80,58,20,11,45,23,20,39,12,82,42,33
188,96,74,64,7,27,57,56,62,20,92,81,25,56
188,37,4,80,67,2,61,80,49,55,5,13,18,70
188,8,5,23,65,47,64,34,8,62,28,92,55,54
188,0,86,72,100,26,21,88,12,57,0,48,89,100
189,10,40,50,5,7,95,66,43,48,4,33,42,62
189,47,32,68,84,99,16,16,92,98,11,83,99,10
189,32,71,9,71,33,81,88,95,35,30,78,28,82
189,50,65,59,76,3,65,1,55,38,93,16,29,64
189,10,6,68,56,1,89,31,18,25,72,26,58,92
189,18,77,81,30,71,90,16,11,51,89,2,50,27
189,27,71,78,39,41,41,79,68,99,31,51,41,40
189,22,38,38,45,65,76,35,51,60,82,73,70,100
189,72,16,4,87,52,8,90,88,36,17,73,63,44
189,5,95,15,79,88,91,95,84,40,82,97,62,61
189,0,95,69,47,71,58,41,50,26,29,49,50,30
189,19,15,20,0,64,75,68,42,50,10,16,72,94
190,86,76,71,46,49,89,14,33,42,35,62,100,36
190,14,26,48,16,23,67,31,4,32,34,43,56,96
190,87,24,87,70,4,64,94,83,96,33,80,94,33
190,62,78,14,13,22,94,91,60,37,19,93,64,24
190,88,53,34,70,88,68,52,25,4,2,60,44,65
190,42,79,88,43,8,26,24,19,94,12,53,60,74
190,100,98,5,6,4,90,54,54,29,51,88,24,53
190,23,10,23,18,88,17,29,53,72,48,72,31,82
190,59,52,23,60,86,96,35,49,84,65,26,34,49
190,75,62,34,5,76,17,26,63,66,41,40,2,44
190,81,98,43,58,47,19,46,21,76,65,59,81,40
190,20,8,29,46,7,74,12,71,13,35,72,18,30
191,23,80,27,20,0,36,12,18,2,20,5,17,23
191,21,63,29,58,72,12,60,6,6,77,55,27,65
191,23,49,96,31,1,63,86,16,84,38,86,14,24
191,14,33,26,17,8,76,93,29,61,89,43,20,23
191,71,39,55,77,99,74,32,91,52,76,7,23,52
191,93,34,26,72,1,86,70,15,28,98,61,52,90
191,55,86,80,2,74,42,52,66,3,10,71,93,92
191,77,12,11,16,26,12,0,60,29,78,55,45,40
191,24,70,75,49,28,11,29,96,44,5,87,40,47
191,0,100,96,21,41,29,6,67,69,47,44,56,92
191,76,78,92,39,24,41,0,81,52,36,24,88,72
191,53,96,9,87,20,82,40,67,0,34,20,37,36
192,39,12,19,67,78,15,83,14,61,80,84,84,53
192,6,31,0,35,75,88,44,89,34,2,81,31,59
192,82,89,63,3,87,76,64,73,66,6,48,29,12
192,90,9,93,99,38,83,87,85,46,72,70,12,44
192,81,44,39,35,52,95,24,44,98,12,26,74,6
192,21,83,43,48,47,99,9,4,56,79,41,30,21
192,76,83,6,85,28,64,17,22,66,28,38,42,10
192,28,88,60,20,98,59,82,44,50,34,52,20,20
192,95,86,99,13,64,94,49,40,31,80,90,34,99
192,78,57,0,29,66,94,57,36,36,51,74,81,6
192,54,81,63,8,26,68,2,33,9,30,35,53,18
192,44,10,29,74,57,8,92,44,29,86,55,2,56
193,70,68,29,3,95,48,96,31,64,28,24,27,29
193,20,30,33,92,91,73,17,9,25,11,62,95,43
193,41,43,33,30,18,61,74,80,82,67,19,22,50
193,27,19,17,46,75,88,6,23,89,43,33,30,35
193,33,71,12,24,91,83,0,19,22,89,79,36,67
193,86,48,56,1,42,4,11,82,98,98,37,100,83
193,31,27,41,3,40,43,28,91,76,46,55,45,92
193,66,12,48,48,20,32,83,85,25,31,9,9,77
193,1,90,37,90,96,30,35,64,16,95,39,50,97
193,22,63,1,40,6,53,17,98,37,11,42,64,42
193,61,91,31,78,18,0,13,88,61,27,37,26,13
193,2,45,56,60,84,61,81,6,19,10,20,88,82
194,72,42,62,34,56,55,14,57,49,28,65,82,63
194,50,57,100,26,81,49,44,32,70,3,31,76,84
194,82,94,18,44,17,24,16,70,80,68,96,86,21
194,40,30,71,30,89,96,52,26,94,84,52,79,35
194,100,57,21,45,82,40,51,82,56,54,73,20,81
194,97,87,52,55,58,4,29,12,50,13,89,24,70
194,88,8,7,30,77,55,64,27,3,35,33,73,96
194,87,67,23,46,32,44,0,75,94,12,14,93,45
194,19,76,9,3,9,72,14,28,53,5,30,41,30
194,18,45,58,33,59,36,76,91,97,2,37,87,28
194,33,67,99,55,93,6,46,41,25,15,6,22,55
194,32,9,60,79,71,77,56,13,19,64,23,40,5
195,100,84,0,92,54,22,42,13,68,32,97,25,48
195,85,15,57,63,19,89,9,16,85,49,59,32,82
195,73,13,14,19,87,40,93,13,6,31,29,37,65
195,4,39,9,43,42,53,29,16,10,53,76,95,85
195,49,24,94,4,63,49,84,2,46,30,35,81,0
195,3,16,44,45,36,68,48,27,40,77,49,6,20
195,22,19,83,48,88,15,54,87,25,91,89,21,12
195,69,44,83,16,42,7,100,36,74,9,32,98,86
195,91,88,89,97,6,67,89,98,85,8,65,24,48
195,59,37,36,1,93,68,24,83,46,30,32,66,62
195,29,26,19,92,12,4,90,59,8,33,33,50,55
195,78,37,23,62,60,46,51,15,85,19,81,11,3
196,77,16,84,17,0,87,32,61,71,34,56,37,72
196,60,79,36,27,4,19,32,97,42,84,63,66,94
196,25,95,48,24,14,65,59,64,75,14,60,90,100
196,41,56,8,72,68,82,60,22,71,32,99,3,51
196,29,7,25,67,51,5,92,26,61,89,79,4,28
196,4,99,14,8,71,70,54,23,3,8,8,30,57
196,73,28,68,66,78,64,61,74,7,22,22,29,1
196,75,96,23,49,55,90,19,30,74,37,25,65,73
196,63,21,57,65,46,13,78,40,76,70,92,43,15
196,22,79,11,23,80,95,5,68,64,36,24,46,78
196,77,39,73,72,80,87,75,13,53,19,68,95,54
196,78,47,30,12,92,7,10,17,74,99,12,64,12
197,70,88,66,66,76,62,60,96,85,67,81,26,67
197,36,29,58,14,97,35,58,63,89,3,27,16,47
197,23,51,24,65,32,95,52,23,33,83,90,31,65
197,15,54,4,50,68,7,8,96,1,89,27,1,67
197,62,51,73,41,50,55,20,63,50,19,71,41,73
197,47,44,7,11,6,34,70,23,54,20,29,76,97
197,100,35,26,8,17,57,84,78,48,15,7,65,66
197,69,63,65,91,51,70,26,35,57,86,36,60,54
197,60,9,90,32,83,37,5,2,46,74,64,64,92
197,56,83,100,2,30,97,71,79,69,87,9,30,82
197,6,13,7,72,92,30,9,19,54,84,8,34,56
197,87,96,85,68,25,100,70,16,92,10,9,88,25
198,72,23,100,43,69,21,81,72,19,45,86,7,31
198,68,20,41,7,32,43,18,48,37,5,13,71,23
198,97,48,95,84,17,9,58,3,62,74,96,71,68
198,98,31,80,15,52,72,28,30,39,45,18,17,85
198,99,4,26,63,69,21,50,50,3,95,89,91,32
198,29,28,0,14,27,8,8,54,100,72,26,31,68
198,6,2,89,95,78,53,84,88,85,25,4,16,97
198,91,58,55,95,43,36,3,63,40,50,40,23,35
198,71,84,77,37,7,71,41,42,24,35,46,47,19
198,34,12,46,70,62,37,2,28,31,61,16,83,43
198,64,18,26,30,47,68,4,18,97,43,88,40,83
198,6,73,87,88,1,16,47,26,64,12,84,78,91
199,48,83,24,100,72,34,77,24,24,51,23,86,37
199,65,56,19,51,43,75,97,70,1,65,39,28,64
199,99,35,30,3,20,40,9,49,28,1,48,36,28
199,16,91,45,40,25,17,93,83,57,5,18,6,82
199,87,26,13,43,42,49,75,92,25,91,88,3,42
199,41,18,0,56,53,80,20,77,33,71,2,57,47
199,46,83,28,56,79,25,62,49,64,59,19,72,47
199,85,67,81,45,30,53,87,92,47,25,75,27,1
199,81,91,7,95,37,51,15,14,50,89,74,56,84
199,28,34,57,54,93,99,30,94,10,8,85,70,64
199,51,78,65,95,87,11,30,67,0,24,11,53,55
199,6,75,2,73,33,30,90,27,57,57,4,18,70
200,21,99,24,39,58,49,89,95,30,41,68,22,81
200,13,2,25,3,91,39,82,28,2,82,97,52,44
200,32,65,39,29,63,94,63,53,89,64,71,97,32
200,9,29,83,79,97,54,70,82,57,68,14,74,22
200,12,15,68,90,23,46,18,63,11,49,52,73,77
200,49,17,63,77,55,97,84,92,97,65,12,25,90
200,82,21,48,0,73,95,22,11,97,86,49,20,4
200,95,27,87,28,57,80,76,83,82,1,64,10,79
200,39,45,4,89,35,11,67,81,33,29,59,73,66
200,62,69,60,94,75,46,66,88,57,43,43,50,33
200,15,59,48,26,89,33,45,91,53,77,23,36,27
200,0,79,100,1,76,36,96,76,54,54,43,23,90
201,85,90,87,4,27,51,40,94,18,42,86,5,88
201,77,53,68,50,90,66,88,77,58,52,38,14,93
201,94,36,56,17,4,52,21,76,48,92,38,94,11
201,65,95,4,50,66,41,33,51,96,99,18,46,18
201,95,79,46,90,35,54,35,100,5,40,27,22,28
201,97,87,96,23,72,95,36,29,8,1,62,46,96
201,84,27,13,1,64,76,10,27,34,51,47,58,38
201,59,5,22,19,35,1,23,17,91,77,78,93,34
201,63,42,83,35,4,14,26,68,71,69,5,35,22
201,88,56,22,78,87,25,48,39,0,46,22,98,0
201,14,47,98,15,93,89,73,38,23,98,12,98,66
201,64,65,33,76,2,88,16,3,76,19,95,100,67
202,47,18,42,91,37,26,39,16,4,76,19,51,52
202,26,27,46,96,87,2,57,20,32,99,23,94,18
202,31,68,68,14,70,16,18,38,27,28,16,62,20
202,80,94,75,29,34,57,80,63,76,20,87,83,53
202,80,73,99,93,74,55,60,39,91,98,49,68,42
202,84,6,100,34,23,34,95,100,21,1,25,88,1
202,61,76,88,78,36,21,0,37,41,85,61,58,16
202,48,10,97,93,27,80,54,64,93,88,47,55,50
202,73,73,77,96,36,44,44,29,37,67,75,83,30
202,83,97,16,13,14,90,81,83,32,26,94,3,18
202,7,82,99,30,87,80,67,16,29,15,67,20,97
202,71,68,53,28,73,26,49,62,51,85,30,89,92
203,69,68,18,39,98,24,1,22,43,68,37,13,95
203,45,0,87,80,74,86,40,5,55,98,32,66,75
203,53,76,77,57,72,77,35,89,80,90,29,0,57
203,80,100,21,83,51,91,5,31,33,78,55,92,87
203,0,12,16,66,71,18,45,5,75,31,62,91,98
203,14,2,40,97,17,92,1,59,3,3,94,7,69
203,55,18,13,94,92,91,71,2,17,30,74,99,98
203,66,96,36,76,79,50,91,19,2,27,26,59,44
203,28,22,40,27,16,87,69,88,57,54,19,94,4
203,92,56,30,73,36,50,45,33,52,38,20,51,95
203,99,82,5,87,39,10,24,94,42,81,11,98,100
203,3,62,73,91,92,21,44,66,44,11,80,31,81
204,34,15,71,4,65,59,68,73,46,23,48,19,63
204,9,91,89,98,40,80,83,80,53,13,99,67,80
204,3,13,21,37,15,30,91,45,63,57,86,79,93
204,39,35,80,9,54,49,73,29,52,44,13,7,1
204,83,49,25,51,43,64,73,53,45,55,37,42,19
204,84,89,44,88,21,58,38,10,93,70,91,38,13
204,76,16,3,41,67,2,27,3,16,40,20,66,69
204,12,18,83,34,62,81,46,23,41,80,3,36,54
204,50,95,53,82,79,17,53,77,80,45,59,67,53
204,24,8,88,19,32,50,54,48,49,93,5,53,23
204,30,73,89,75,25,14,34,43,0,30,58,0,54
204,92,14,76,4,61,48,5,21,71,35,42,28,39
205,33,35,36,68,12,80,42,71,13,48,2,64,29
205,96,6,25,8,37,59,0,92,15,86,8,92,2
205,26,79,18,93,11,33,24,25,84,25,54,63,44
205,3,81,6,9,7,35,47,14,62,48,16,59,45
205,79,67,18,79,24,54,3,63,57,0,23,66,31
205,70,5,83,84,69,80,10,94,63,64,91,61,57
205,79,4,25,69,12,32,93,35,2,94,54,73,88
205,86,45,47,36,82,20,20,9,94,53,95,30,55
205,75,7,18,41,22,32,22,85,52,72,78,91,97
205,38,69,83,73,55,29,43,37,36,9,70,58,6
205,95,94,91,96,68,66,60,31,23,22,33,68,96
205,25,4,19,58,13,90,77,91,30,92,68,56,4
206,32,45,13,16,60,33,30,83,85,95,51,89,99
206,65,79,54,96,18,54,84,27,49,97,93,80,9
206,1,84,64,52,34,32,61,46,98,38,16,7,58
206,13,7,91,69,74,62,21,35,24,76,41,80,96
206,18,36,68,65,83,87,22,13,72,39,68,78,61
206,70,31,96,34,76,77,93,57,27,97,55,24,37
206,36,47,90,31,10,44,95,60,56,94,12,1,32
206,34,21,82,5,71,78,48,27,48,49,100,80,49
206,3,10,31,79,87,19,79,84,72,40,41,39,89
206,70,100,50,54,49,99,15,54,61,79,52,95,14
206,53,0,87,41,42,49,33,8,68,46,14,76,32
206,54,29,61,94,55,83,11,32,1,99,93,84,8
207,40,14,90,20,1,62,7,49,51,46,27,26,6
207,72,37,0,89,16,41,73,30,32,82,1,19,99
207,30,74,36,53,88,91,5,80,34,50,60,79,40
207,5,4,100,3,72,33,60,31,25,10,38,89,75
207,79,11,88,1,49,6,22,57,92,40,20,27,90
207,29,88,70,96,90,77,53,52,0,53,22,80,85
207,82,90,88,29,11,61,26,84,74,85,48,99,58
207,7,71,40,58,95,72,45,98,20,83,77,56,98
207,24,31,46,89,29,91,4,59,92,40,47,65,93
207,36,95,92,69,7,35,75,20,98,11,83,58,50
207,100,68,57,45,100,100,34,79,64,3,90,76,12
207,63,58,53,77,13,60,42,83,32,40,16,18,81
208,3,97,26,34,70,27,92,86,71,47,74,73,44
208,73,0,80,70,19,38,61,18,96,7,30,65,97
208,71,12,11,72,86,77,78,61,100,54,76,3,32
208,9,93,14,74,14,20,56,26,47,100,88,97,64
208,77,71,72,76,73,84,31,61,25,50,51,54,77
208,50,51,92,5,86,35,56,71,52,0,82,53,66
208,62,11,88,96,39,76,60,84,84,76,89,86,98
208,3,89,3,83,46,20,56,14,41,91,20,14,28
208,68,77,4,68,57,61,52,4,3,46,69,76,24
208,13,30,97,30,74,85,68,56,44,84,3,78,93
208,61,42,79,45,88,19,71,42,5,20,14,65,35
208,28,38,51,60,75,19,61,81,71,51,28,0,25
209,66,65,34,91,40,45,70,92,56,12,12,40,64
209,72,75,55,19,26,26,59,46,88,51,11,28,59
209,88,65,40,0,88,13,5,24,2,89,58,92,52
209,72,67,65,18,58,14,24,75,37,58,49,25,8
209,77,74,51,17,77,88,26,24,78,73,90,19,63
209,46,71,18,88,49,81,32,92,23,28,64,44,84
209,17,18,71,12,85,59,96,96,82,10,31,92,71
209,44,21,28,99,86,4,75,89,70,78,75,51,90
209,84,63,0,58,3,57,62,0,31,40,72,40,60
209,74,44,51,72,43,63,42,43,22,41,65,53,80
209,65,33,24,36,69,25,78,33,77,70,57,46,22
209,99,13,57,36,49,37,23,60,71,15,23,89,17
210,23,81,64,25,26,34,50,2,81,32,60,92,69
210,15,76,26,58,66,29,5,31,6,34,45,31,90
210,92,17,8,10,1,71,17,17,90,11,38,74,3
210,94,25,94,50,40,44,16,31,35,23,29,59,45
210,6,35,9,75,40,52,13,95,27,92,68,31,22
210,74,30,61,62,0,59,75,41,21,25,91,26,100
210,76,92,50,51,5,22,6,1,3,66,20,68,98
210,40,74,60,23,63,44,30,99,43,56,2,56,58
210,11,54,7,92,33,39,3,53,58,97,20,79,46
210,79,6,24,2,38,89,18,39,20,55,81,37,16
210,7,80,62,61,46,42,53,79,31,99,23,81,86
210,83,14,96,52,56,26,64,33,45,29,73,87,11
211,29,13,19,86,42,35,3,38,36,41,72,52,43
211,33,4,95,77,14,14,100,84,87,3,80,81,56
211,30,41,18,55,55,26,78,68,19,27,16,59,38
211,74,63,47,58,30,36,28,59,29,33,5,69,80
211,92,76,23,10,16,86,45,88,66,54,67,67,53
211,35,32,79,86,41,42,82,34,24,95,9,22,60
211,7,39,67,44,85,2,68,26,5,88,94,14,100
211,56,57,92,54,76,57,34,69,47,26,100,61,98
211,35,15,68,61,51,31,70,1,44,47,65,36,32
211,62,20,13,88,47,0,18,65,56,50,72,71,45
211,56,2,17,94,40,99,11,23,93,98,29,89,66
211,14,63,70,8,49,55,65,68,0,64,81,80,7
212,97,8,91,51,58,80,56,86,2,66,4,51,62
212,41,13,15,76,86,38,24,17,13,79,87,100,15
212,88,71,100,92,88,57,40,70,83,63,29,2,1
212,36,30,67,19,69,0,95,76,74,10,89,23,14
212,42,48,96,30,87,26,73,83,48,74,85,42,0
212,22,16,100,45,50,3,47,86,87,86,27,95,9
212,78,27,83,89,1,26,99,70,59,46,36,78,51
212,76,64,63,35,5,40,31,34,44,1,26,42,59
212,58,74,16,25,39,93,72,73,51,53,55,63,9
212,83,18,28,37,84,95,24,12,80,31,62,93,13
212,66,73,25,80,2,59,92,0,63,50,47,18,99
212,4,97,79,40,100,92,0,34,59,83,97,73,55
213,38,62,32,7,91,36,57,71,54,55,66,9,22
213,90,63,82,16,14,94,91,75,96,61,64,71,93
213,99,60,23,32,12,62,30,32,84,28,6,51,66
213,12,56,4,9,21,98,95,90,54,85,36,11,57
213,38,78,77,26,12,42,51,91,23,3,41,18,86
213,76,10,19,83,80,9,62,58,65,74,20,36,82
213,26,40,100,25,20,36,49,15,16,96,22,31,8
213,61,71,14,89,15,45,70,5,63,11,27,99,54
213,70,87,57,51,59,77,68,31,23,86,48,71,63
213,82,43,79,34,35,1,44,38,87,62,11,21,4
213,71,65,40,67,43,7,6,47,66,91,63,28,43
213,70,15,43,33,52,90,72,84,11,27,70,8,81
214,98,50,37,84,89,14,13,32,43,59,84,35,93
214,100,37,89,39,94,67,65,90,53,76,64,55,26
214,0,98,44,68,13,22,74,91,6,69,0,95,16
214,13,24,79,73,5,94,31,69,62,12,21,79,100
214,33,9,7,85,34,73,41,56,58,25,41,55,73
214,42,2,58,91,60,72,41,54,94,33,95,67,73
214,61,91,57,10,71,16,10,9,92,14,56,30,57
214,71,11,98,24,45,54,17,85,82,100,60,41,45
214,25,85,33,61,51,68,62,48,59,95,90,84,1
214,74,5,84,12,54,19,65,50,54,66,53,11,79
214,63,9,90,33,68,85,61,33,17,69,2,40,16
214,5,9,86,63,84,15,98,69,76,24,71,1,1
215,33,85,42,48,74,92,18,35,93,7,55,36,62
215,69,74,83,31,20,71,88,95,20,100,30,71,11
215,13,4,4,35,4,40,71,100,9,49,46,73,3
215,5,45,50,12,69,3,6,28,9,26,24,83,53
215,9,18,10,12,38,22,70,100,33,29,6,46,13
215,31,39,14,22,28,31,27,11,93,81,47,62,34
215,4,43,58,8,95,42,69,34,67,40,52,36,90
215,49,100,68,1,57,78,78,75,90,7,46,71,40
215,20,11,51,14,55,85,63,17,60,32,30,27,47
215,71,1,14,43,97,19,63,71,96,59,92,5,74
215,30,2,28,36,98,5,55,35,30,32,33,1,33
215,8,15,79,98,27,84,80,16,93,81,58,82,39
216,59,78,60,68,100,10,100,47,82,81,66,71,100
216,97,14,55,49,62,6,64,31,47,3,46,89,75
216,54,0,93,85,86,75,99,60,96,23,63,94,19
216,73,30,24,92,33,42,1,7,68,9,44,42,14
216,100,44,16,13,78,23,65,71,90,58,39,6,80
216,77,9,91,46,2,3,29,13,11,35,46,52,22
216,48,32,79,36,93,72,43,95,16,54,10,34,19
216,35,75,14,55,31,45,48,73,99,57,18,50,94
216,13,70,55,52,26,29,67,0,46,90,66,29,94
216,14,54,24,2,11,0,5,43,92,82,35,86,39
216,61,8,99,55,3,14,41,6,54,52,9,52,30
216,11,85,58,54,43,53,30,55,47,47,100,55,69
217,64,33,95,73,44,41,18,67,31,70,92,0,1
217,16,83,55,74,49,41,69,40,87,0,48,8,100
217,69,54,22,98,47,84,76,91,93,57,58,35,7
217,14,29,57,62,6,9,49,63,21,25,88,84,30
217,55,19,37,20,27,23,98,67,23,57,55,39,97
217,43,91,81,85,12,27,35,2,48,76,52,4,55
217,17,89,20,31,28,84,41,79,96,7,3,99,40
217,85,22,12,38,90,13,39,1,32,3,51,72,72
217,78,79,30,30,88,7,46,91,35,22,44,95,72
217,46,57,56,91,81,12,65,74,70,25,56,24,31
217,8,6,16,63,94,30,29,26,87,85,49,35,9
217,70,76,49,51,14,46,26,97,37,26,45,83,94
218,97,39,2,69,14,32,53,49,17,31,94,28,68
218,61,90,88,67,44,37,79,70,65,3,27,90,68
218,35,1,77,100,11,65,54,55,23,77,35,92,73
218,32,60,26,36,39,82,44,22,3,12,43,46,93
218,51,44,50,94,91,42,30,30,95,29,33,13,27
218,34,2,15,4,43,17,10,12,15,34,82,50,36
218,77,44,98,74,47,34,71,96,66,83,98,69,57
218,3,52,87,93,4,93,69,33,57,29,82,53,35
218,50,71,27,77,21,3,54,35,43,51,24,84,100
218,99,88,79,9,99,47,95,45,34,36,49,48,71
218,30,76,57,95,57,87,3,40,67,5,20,59,10
218,86,42,38,89,59,95,6,48,15,30,38,36,48
219,54,91,62,86,78,97,54,39,40,44,82,4,95
219,47,12,36,0,48,91,76,82,55,92,61,40,100
219,20,58,97,40,44,33,35,78,10,73,66,32,45
219,57,36,95,31,29,96,1,33,26,13,90,55,35
219,30,30,14,47,96,46,20,23,100,21,5,99,52
219,35,45,56,7,55,43,3,94,73,57,26,53,92
219,100,41,57,77,97,69,20,97,64,29,44,64,31
219,57,19,24,3,71,42,82,77,16,63,95,20,83
219,15,85,84,99,30,37,24,22,30,99,90,73,50
219,14,40,26,45,65,11,25,92,83,73,85,17,94
219,17,18,89,76,82,77,37,79,25,63,18,67,89
219,28,78,56,5,65,87,11,12,51,74,57,17,34
220,33,8,12,29,49,59,84,52,50,20,91,69,28
220,57,70,6,63,42,77,45,47,53,85,20,64,100
220,99,100,41,58,0,18,64,22,45,37,55,77,56
220,62,94,2,88,48,2,42,61,67,17,49,81,59
220,100,95,94,42,14,49,35,73,59,71,37,90,44
220,94,1,47,16,58,63,95,2,36,33,93,81,65
220,74,71,74,18,39,96,92,68,13,5,34,53,17
220,90,21,23,90,39,0,97,12,9,83,100,45,78
220,69,89,15,64,3,16,50,44,31,83,4,88,92
220,25,20,97,56,76,39,18,16,48,7,89,61,63
220,62,56,89,93,93,2,43,78,41,36,63,58,60
220,59,44,44,4,11,57,38,88,86,83,28,64,73
221,5,48,97,65,26,41,46,22,85,42,85,76,12
221,86,51,57,5,53,17,33,3,15,60,26,67,12
221,39,91,7,85,19,57,15,12,24,57,1,60,0
221,35,36,96,18,7,66,98,87,84,22,5,46,91
221,80,91,100,71,54,64,39,40,68,20,56,50,79
221,91,71,18,31,40,39,53,52,32,10,64,32,18
221,75,47,50,20,94,0,91,13,0,10,89,85,23
221,99,69,33,79,72,24,98,4,28,5,23,6,44
221,0,43,32,48,11,44,25,59,98,79,48,19,42
221,49,12,14,67,77,81,37,89,90,75,31,0,87
221,52,16,52,57,70,61,37,14,32,56,17,32,69
221,90,69,35,98,39,78,41,0,64,38,15,80,72
222,49,92,97,98,29,16,14,5,44,89,12,31,41
222,73,50,53,17,9,62,86,44,32,63,1,40,45
222,75,34,46,16,95,58,67,85,100,23,47,97,39
222,28,49,66,64,24,52,91,60,64,12,39,36,45
222,34,59,34,59,58,3,46,41,6,21,99,74,53
222,18,30,75,77,15,38,95,26,50,64,90,49,84
222,45,52,88,43,4,74,56,84,74,58,87,24,6
222,79,44,87,51,64,77,41,87,36,75,52,34,38
222,96,64,17,44,25,73,58,0,37,82,21,28,1
222,10,47,1,78,74,32,0,25,71,10,57,53,21
222,36,100,94,99,77,1,97,82,38,96,78,84,82
222,100,44,78,74,11,91,97,95,0,25,29,31,41
223,4,23,97,62,7,70,54,88,52,91,37,2,88
223,17,85,96,68,80,41,12,80,96,80,92,72,38
223,88,37,75,68,17,76,98,45,89,76,81,96,36
223,11,86,59,45,16,84,3,16,87,80,1,12,45
223,73,19,41,69,14,72,1,20,63,93,10,3,71
223,80,8,99,90,55,14,28,24,20,14,53,2,1
223,49,55,25,69,80,28,87,50,47,96,68,52,0
223,69,51,78,17,58,12,43,94,96,94,61,98,80
223,94,45,70,25,78,61,18,2,60,10,50,83,47
223,44,87,72,42,40,40,83,20,44,48,81,43,41
223,23,9,80,78,14,23,70,35,9,67,85,89,48
223,56,69,26,24,30,27,4,98,4,52,12,77,9
224,98,76,87,54,47,63,36,9,5,56,85,67,90
224,76,20,76,56,100,2,61,55,30,63,4,20,83
224,2,77,25,92,19,49,21,8,37,87,42,51,70
224,39,70,56,73,46,91,34,52,31,18,50,9,12
224,14,66,73,62,19,81,23,44,14,45,37,95,65
224,74,70,97,79,22,71,15,26,17,47,29,61,76
224,41,98,53,77,84,48,78,22,44,13,57,39,72
224,70,47,24,58,62,98,42,10,66,52,63,77,23
224,8,78,27,61,69,78,36,97,13,17,34,71,45
224,67,24,9,31,80,42,95,42,10,52,70,16,99
224,82,56,79,26,97,31,60,49,18,80,81,70,56
224,63,65,9,42,49,83,26,91,64,51,24,62,52
225,64,78,77,83,65,96,26,18,12,21,56,46,44
225,76,36,40,45,98,13,99,39,73,92,8,99,19
225,98,2,55,77,83,96,97,65,71,87,10,13,99
225,33,56,16,57,26,32,0,64,6,71,93,15,35
225,73,74,88,1,40,53,100,47,82,18,29,40,81
225,19,22,61,17,71,47,86,65,14,2,58,22,14
225,92,90,94,83,18,8,77,63,4,31,81,7,15
225,8,18,44,54,34,57,45,95,80,69,83,72,48
225,95,69,17,93,7,24,34,24,41,41,87,78,86
225,80,28,52,78,59,22,42,27,54,64,77,54,89
225,15,71,83,36,13,25,12,26,52,50,35,96,13
225,88,51,24,6,31,68,5,12,92,52,65,35,38
226,65,94,64,82,49,15,76,86,60,28,56,92,5
226,48,36,88,20,82,48,72,86,84,58,62,30,35
226,92,96,97,62,91,40,61,46,91,21,30,33,9
226,46,64,34,7,48,97,54,52,68,31,53,93,17
226,49,88,25,35,86,25,8,40,6,83,35,79,62
226,36,11,12,23,32,65,88,50,54,81,40,65,92
226,19,72,34,8,68,47,42,15,72,40,70,63,95
226,23,15,81,36,88,48,21,91,31,1,6,34,75
226,3,68,67,46,9,68,66,87,27,50,34,12,64
226,92,17,100,86,97,69,71,11,62,94,32,32,77
226,80,2,53,11,44,35,76,17,0,38,6,22,81
226,77,8,34,17,100,32,51,71,38,13,55,50,7
227,28,42,13,7,51,57,54,91,42,84,43,3,32
227,26,29,55,1,3,80,14,81,36,52,87,50,57
227,73,96,45,7,30,93,46,51,2,81,56,43,49
227,57,61,8,64,62,6,31,93,25,71,24,56,13
227,33,66,17,20,2,60,0,15,47,99,63,68,20
227,11,80,96,92,7,62,51,15,33,13,60,58,76
227,41,67,86,19,73,4,77,45,57,60,33,94,98
227,47,30,97,87,91,6,95,99,99,94,33,89,63
227,66,7,1,92,73,3,75,43,49,50,43,41,42
227,12,18,69,52,57,63,49,100,21,3,25,18,41
227,27,86,1,60,67,11,50,75,85,71,0,20,63
227,10,94,32,77,42,83,93,23,60,28,90,61,50
228,64,93,97,72,8,0,77,65,58,55,48,15,14
228,33,54,9,43,74,35,66,6,41,42,53,1,58
228,93,20,49,89,11,0,83,33,44,34,21,37,66
228,72,74,65,68,100,85,20,53,19,4,23,47,6
228,96,6,54,7,36,64,15,69,43,15,9,85,53
228,18,77,95,3,15,46,26,100,8,46,7,17,62
228,16,1,10,21,63,43,94,45,49,88,25,6,43
228,61,73,98,9,58,32,72,87,12,23,44,3,53
228,19,35,87,14,12,76,73,39,9,33,75,45,21
228,2,41,81,69,23,27,73,60,5,19,20,19,16
228,31,69,6,33,84,42,79,30,1,2,46,20,45
228,84,91,37,65,99,56,20,51,32,73,37,53,4
229,76,60,84,52,69,5,99,94,0,60,50,37,60
229,45,55,29,82,47,70,7,61,10,78,47,81,57
229,92,46,69,93,20,56,59,88,59,31,39,59,42
229,16,30,18,79,59,87,93,92,90,72,49,30,91
229,40,61,82,18,55,55,94,57,61,54,68,32,62
229,72,7,0,15,23,83,33,10,59,74,50,24,14
229,13,91,43,48,45,67,65,64,44,46,1,64,64
229,10,20,58,96,10,0,90,4,34,91,97,98,2
229,82,64,49,71,18,67,25,32,48,5,35,26,79
229,3,15,91,33,76,65,76,48,48,6,99,75,96
229,88,46,89,2,16,92,52,48,62,23,98,17,80
229,30,61,44,98,35,59,22,10,82,22,62,69,25
230,14,98,61,18,47,3,59,60,64,92,66,60,16
230,71,99,18,31,83,0,97,12,88,81,38,35,93
230,72,85,73,60,9,57,46,35,82,56,94,50,52
230,4,96,43,82,92,13,56,67,38,54,66,11,28
230,9,41,70,68,9,68,18,36,26,45,36,9,9
230,1,100,96,98,79,5,99,33,82,42,54,0,76
230,20,72,28,14,51,62,85,48,89,17,100,46,25
230,44,19,83,81,80,56,12,60,14,32,51,89,79
230,4,51,41,18,83,58,83,26,92,0,20,84,55
230,14,25,29,35,51,89,45,68,30,86,58,62,20
230,39,33,41,34,84,35,60,55,61,1,97,95,17
230,41,36,29,82,58,19,73,43,17,17,52,93,48
231,16,16,0,88,87,74,13,15,93,25,13,73,72
231,53,29,10,72,89,44,16,72,45,0,81,30,59
231,62,97,96,7,63,57,28,34,90,82,29,74,24
231,55,41,9,72,69,25,42,62,57,0,49,23,58
231,7,59,0,48,55,60,17,2,87,37,55,72,47
231,84,80,82,23,98,61,85,44,55,75,16,49,10
231,35,27,20,37,80,39,71,49,65,27,22,5,39
231,16,84,68,69,40,78,5,85,71,46,65,72,87
231,83,86,90,0,56,81,85,87,88,50,62,56,42
231,35,76,100,55,18,18,95,78,44,60,82,68,99
231,58,87,0,34,7,5,85,5,29,66,1,31,34
231,35,32,79,48,34,9,43,10,50,54,100,80,94
232,49,43,37,46,3,1,93,33,30,85,13,24,24
232,56,6,68,69,37,92,10,97,87,11,5,42,36
232,51,16,28,4,46,68,28,40,2,11,20,69,50
232,85,78,63,50,62,37,100,8,25,50,50,17,13
232,32,41,31,18,47,11,1,2,10,46,39,11,61
232,27,57,0,80,71,81,56,52,73,24,55,51,0
232,14,19,9,73,68,81,17,33,3,45,75,78,21
232,35,62,87,16,64,42,51,28,34,55,83,85,0
232,45,41,91,55,87,25,37,49,98,29,69,61,55
232,32,18,95,21,69,22,89,24,18,9,39,100,16
232,57,44,96,75,36,26,19,96,90,48,87,78,33
232,22,68,21,98,54,29,59,28,70,8,21,41,77
233,30,71,39,58,88,15,33,48,13,86,22,11,37
233,100,76,57,32,82,39,82,75,37,24,55,88,16
233,36,98,60,99,31,23,59,7,14,53,6,60,13
233,19,30,59,58,79,38,41,78,7,81,36,30,98
233,42,40,24,54,38,52,20,41,54,71,85,71,90
233,41,84,8,93,53,68,20,59,95,84,48,53,67
233,48,62,79,58,75,12,90,96,93,75,45,73,14
233,36,25,34,18,57,6,17,39,32,63,84,95,17
233,74,64,65,17,11,33,100,68,38,90,80,100,95
233,44,45,81,53,66,83,87,99,82,93,38,62,73
233,30,59,73,90,26,72,94,92,26,68,1,1,71
233,98,16,76,7,53,18,15,79,80,27,62,52,18
234,1,39,52,51,75,34,35,9,52,11,48,86,70
234,27,5,67,50,97,53,44,74,63,0,39,80,49
234,79,38,38,72,54,99,80,80,99,82,61,1,48
234,40,42,5,19,28,27,85,31,74,62,78,94,87
234,31,84,12,46,56,29,94,89,79,29,10,47,38
234,70,8,79,76,16,19,50,82,100,30,30,15,85
234,54,10,21,44,66,100,17,8,66,87,15,12,55
234,66,83,64,5,58,54,86,80,66,13,59,46,47
234,26,31,73,72,86,68,9,51,48,34,47,22,79
234,89,78,77,82,46,48,33,42,24,82,89,13,85
234,55,9,65,91,85,33,20,81,12,40,81,81,12
234,4,53,98,50,41,61,4,76,47,14,41,28,29
235,82,18,74,4,55,18,67,35,34,43,89,76,75
235,91,78,19,83,66,41,86,16,25,21,79,92,23
235,51,7,49,26,80,99,59,80,78,91,33,40,56
235,61,41,97,18,93,88,100,7,49,71,20,65,44
235,53,14,92,15,97,45,16,0,44,80,34,84,13
235,80,95,81,54,84,89,69,96,43,54,46,5,33
235,3,12,45,59,71,56,3,34,4,77,11,19,62
235,83,53,73,30,30,45,67,93,41,11,44,68,99
235,85,90,71,57,65,74,28,1,88,38,51,8,42
235,83,45,67,78,2,83,8,91,56,88,49,42,33
235,83,93,62,32,34,97,3,70,84,19,74,39,87
235,98,71,9,41,41,48,27,81,31,21,43,73,13
236,24,31,88,32,20,100,27,36,67,40,39,35,46
236,98,15,27,28,86,48,28,43,89,50,15,76,55
236,70,51,35,46,22,47,67,68,13,7,9,56,18
236,72,71,81,39,78,64,13,40,32,64,42,28,37
236,5,0,59,42,13,75,28,20,5,51,14,73,18
236,85,44,77,77,79,45,43,38,39,69,34,26,19
236,11,87,75,35,21,45,61,90,65,24,64,78,65
236,91,47,63,48,89,27,62,47,64,69,24,0,87
236,79,68,40,57,66,83,20,30,5,57,43,22,29
236,38,40,22,78,17,76,33,23,33,80,97,59,15
236,88,54,1,43,10,44,27,10,68,1,64,89,10
236,73,65,98,64,58,66,78,77,78,40,36,4,55
237,20,45,42,9,95,20,22,43,81,44,9,50,66
237,25,96,84,59,23,55,68,71,12,35,54,37,73
237,22,49,41,23,99,26,88,43,10,45,60,32,55
237,33,50,31,86,78,13,84,97,31,87,12,79,26
237,3,75,19,55,39,26,41,28,93,34,51,63,99
237,88,35,56,43,52,59,45,11,98,73,34,95,16
237,43,2,21,29,95,5,96,76,56,45,2,39,50
237,18,95,70,24,63,6,58,81,13,91,41,0,58
237,18,10,20,78,77,88,77,62,95,12,68,83,40
237,78,4,11,49,56,45,26,17,48,0,74,42,100
237,65,70,15,55,67,26,56,23,84,81,76,89,44
237,53,61,83,1,86,32,73,100,91,87,2,0,1
238,45,4,10,42,26,50,24,82,0,89,50,31,63
238,81,52,86,45,68,2,2,71,11,13,73,18,35
238,14,96,76,21,69,11,100,78,46,85,8,49,38
238,27,95,83,36,76,80,82,92,20,83,72,95,15
238,41,18,8,6,50,64,1,98,54,39,6,37,55
238,43,47,8,5,93,98,4,23,75,51,69,14,23
238,15,87,63,31,16,71,46,91,36,67,27,95,7
238,36,93,45,80,42,75,92,46,54,5,83,50,27
238,16,39,29,65,20,34,71,56,56,16,84,48,85
238,22,27,2,62,37,35,12,19,80,27,4,69,56
238,49,65,7,88,22,35,87,9,45,44,78,47,18
238,3,5,32,12,27,55,37,97,77,16,15,69,7
239,40,30,51,71,94,19,56,9,65,0,95,70,56
239,3,54,90,32,47,55,93,65,33,75,23,80,33
239,42,64,11,41,33,12,11,93,62,81,45,58,93
239,68,21,51,72,65,70,11,89,81,54,65,20,34
239,50,27,34,23,99,26,52,75,81,25,11,86,56
239,47,75,5,14,92,40,57,71,10,56,43,44,95
239,77,26,22,10,79,61,11,32,34,89,49,28,68
239,34,47,49,1,87,12,97,97,81,33,41,100,62
239,35,28,71,89,20,62,97,35,32,99,58,41,12
239,50,43,89,26,57,99,98,11,53,50,30,22,7
239,89,69,30,42,44,53,40,64,60,45,13,77,68
239,38,81,11,85,92,81,29,33,34,46,51,73,32
240,49,50,24,55,7,22,86,1,43,80,82,41,39
240,37,12,99,25,65,43,22,73,62,68,22,21,73
240,73,92,28,18,44,100,91,55,6,42,79,23,44
240,46,48,10,31,63,96,99,22,60,36,84,65,63
240,15,29,1,19,83,52,66,37,29,23,44,45,86
240,30,14,42,20,73,83,52,38,97,30,98,3,94
240,1,16,70,87,54,81,42,39,86,92,46,87,7
240,21,82,7,90,97,88,70,49,67,20,67,12,59
240,9,59,40,16,20,1,43,44,79,2,49,100,82
240,12,17,51,43,41,1,68,80,10,58,71,32,47
240,99,84,85,0,52,33,76,14,44,61,0,16,16
240,90,78,69,69,47,33,85,12,88,9,17,61,10
241,31,49,71,72,94,72,52,41,100,99,15,36,99
241,37,60,33,43,60,19,22,30,16,46,100,29,88
241,63,76,56,9,25,86,5,12,15,49,49,38,95
241,6,78,100,77,100,16,82,80,87,68,43,12,67
241,37,28,45,54,47,29,90,32,10,56,82,85,16
241,78,55,87,46,38,10,84,93,5,82,60,25,18
241,63,85,39,12,16,78,100,25,87,42,92,4,72
241,70,57,40,17,16,6,6,91,75,76,42,26,86
241,59,29,75,75,91,16,78,2,40,11,83,85,10
241,51,25,50,11,68,10,34,97,70,16,4,8,49
241,66,7,5,94,12,100,22,38,62,82,38,64,56
241,88,39,75,51,76,95,20,2,11,48,4,34,27
242,64,60,64,15,52,65,36,24,38,58,84,93,23
242,48,34,71,23,21,15,94,34,97,24,36,1,53
242,57,100,86,2,85,80,40,49,91,74,75,74,35
242,2,87,2,85,55,90,92,54,6,64,56,7,60
242,93,78,82,74,85,40,64,63,67,90,23,12,78
242,85,7,53,1,85,22,88,19,52,76,52,99,85
242,35,87,39,42,89,68,93,52,45,14,33,65,12
242,16,0,29,83,47,78,47,71,45,44,84,86,15
242,86,9,34,69,26,69,32,65,85,87,3,80,67
242,57,28,33,26,24,61,60,0,47,36,16,5,38
242,41,42,70,59,81,80,22,23,77,60,3,98,79
242,40,50,37,1,39,89,18,12,53,6,58,82,57
243,79,35,89,76,71,28,57,82,99,21,14,65,13
243,41,27,85,98,38,73,31,40,0,78,36,66,6
243,73,13,37,67,54,33,38,31,3,99,64,18,46
243,14,21,93,51,7,49,19,66,53,95,93,87,83
243,62,98,100,76,82,78,39,88,81,32,77,61,42
243,72,38,37,70,35,63,79,75,39,34,19,17,68
243,51,63,12,55,29,19,25,100,42,81,99,84,54
243,49,77,3,65,66,54,77,61,60,69,57,90,46
243,80,13,47,36,87,40,25,95,46,65,25,57,46
243,92,30,79,89,52,78,74,51,16,56,26,6,37
243,53,83,4,100,13,77,67,20,48,77,1,33,59
243,75,82,76,31,61,90,11,79,4,18,68,87,6
244,72,28,19,95,39,29,59,23,47,75,2,20,66
244,28,30,26,64,30,96,83,4,90,34,19,2,29
244,52,23,83,58,71,83,43,61,90,43,83,79,71
244,83,90,42,24,33,80,81,0,78,81,36,70,1
244,90,26,69,74,94,75,98,81,19,3,71,90,27
244,78,46,19,61,63,23,69,12,46,97,90,36,71
244,22,9,92,90,35,92,64,29,45,46,39,71,12
244,93,28,1,21,73,92,3,95,12,4,68,81,51
244,5,4,86,42,55,64,20,3,40,6,13,16,42
244,6,3,99,79,96,22,23,0,83,93,69,91,23
244,88,89,34,74,54,68,30,92,73,12,42,35,34
244,23,86,87,60,41,61,16,61,56,35,16,97,14
245,49,17,73,50,15,26,93,96,61,97,84,87,96
245,81,73,54,37,17,79,89,16,3,83,1,74,60
245,28,21,12,90,61,60,23,84,16,79,10,67,54
245,14,76,30,11,96,87,72,33,100,57,38,100,22
245,88,63,44,31,0,11,71,45,88,28,35,64,88
245,38,86,57,38,99,33,37,15,60,22,33,11,68
245,94,42,74,75,24,52,64,72,8,36,2,38,48
245,57,11,3,23,4,91,69,52,49,59,21,65,95
245,39,16,33,28,92,82,77,46,51,84,16,65,90
245,20,85,12,27,5,18,25,52,91,42,1,20,34
245,44,52,62,56,80,33,2,49,57,36,73,91,87
245,15,31,79,33,32,36,77,94,88,41,39,11,73
246,74,60,97,2,18,51,50,23,28,42,86,89,51
246,93,93,54,83,59,41,8,18,81,25,66,15,57
246,90,24,43,1,7,69,18,97,98,90,100,54,58
246,94,66,22,76,23,63,50,13,14,93,8,25,39
246,30,69,66,46,74,40,36,75,87,41,1,56,53
246,14,1,39,95,86,45,62,12,15,32,76,2,87
246,85,14,34,48,57,50,59,33,47,67,43,71,79
246,7,82,27,48,66,29,85,77,6,2,84,93,63
246,60,55,45,33,71,93,4,63,41,55,25,93,56
246,47,53,4,99,42,38,17,30,92,31,88,90,31
246,75,58,70,90,23,100,74,100,88,80,86,37,41
246,21,38,51,1,62,75,52,31,8,92,18,44,94
247,63,69,92,7,27,76,29,41,40,22,85,56,35
247,44,40,57,82,78,95,13,79,43,49,58,6,27
247,41,20,21,50,8,90,44,32,2,98,72,47,74
247,10,21,60,61,6,26,80,51,69,8,80,39,35
247,84,99,63,73,23,34,35,48,89,93,80,60,36
247,8,91,65,79,19,77,1,52,92,69,45,31,87
247,71,98,11,76,24,16,60,56,98,47,15,58,42
247,42,39,25,18,85,75,15,22,56,71,95,38,88
247,81,67,13,52,29,63,76,36,94,60,15,96,30
247,88,91,2,30,53,76,95,74,72,97,80,27,33
247,6,39,83,29,15,88,71,61,7,16,53,48,60
247,44,53,67,15,95,92,59,57,53,99,77,64,19
248,91,14,100,95,52,28,62,25,15,56,5,4,40
248,25,27,6,76,11,89,28,33,78,36,0,22,73
248,86,48,60,79,35,68,2,58,57,85,99,7,25
248,27,48,89,1,97,36,53,65,97,93,95,99,71
248,35,44,98,16,47,83,66,96,52,27,24,70,73
248,18,2,84,100,71,50,13,44,11,28,39,51,6
248,64,69,60,9,19,50,33,60,61,12,10,54,10
248,19,63,85,98,61,90,78,62,4,91,4,95,82
248,18,100,8,49,58,15,69,27,87,71,54,60,26
248,59,34,6,16,44,40,84,94,16,41,19,75,80
248,14,80,53,77,0,94,23,93,4,89,38,89,31
248,6,90,87,3,20,22,52,85,55,79,46,7,92
249,41,20,38,47,70,74,97,37,96,59,46,20,48
249,8,94,37,38,9,0,74,3,36,78,34,33,2
249,56,38,10,53,97,18,88,72,5,51,49,53,19
249,81,56,32,15,50,60,68,83,24,24,48,62,67
249,54,33,30,20,38,10,15,32,19,92,9,64,69
249,65,62,87,88,6,40,6,9,59,25,7,66,23
249,38,32,72,95,59,94,54,51,59,61,66,29,52
249,6,63,72,92,85,2,66,87,28,83,85,48,11
249,20,8,9,86,59,42,37,98,59,42,53,85,37
249,65,34,91,60,84,55,3,36,17,8,35,59,11
249,66,82,39,91,77,54,69,31,85,55,39,58,85
249,55,27,56,47,30,86,2,90,8,8,8,0,53
250,53,57,66,2,2,31,25,51,86,8,92,98,68
250,7,99,62,16,37,5,70,60,54,17,94,81,71
250,68,51,61,87,63,35,20,53,45,55,55,32,16
250,27,64,46,44,31,21,72,63,17,44,33,33,39
250,36,56,33,61,89,81,74,17,65,70,48,56,89
250,93,60,84,2,80,29,7,6,41,48,19,57,49
250,30,75,19,76,30,61,3,0,52,0,22,92,89
250,23,82,39,89,56,92,97,92,54,83,94,70,52
250,7,11,93,69,83,40,18,39,40,69,4,78,8
250,91,1,9,64,11,100,62,82,78,64,31,99,34
250,97,99,58,57,55,35,93,8,86,28,96,87,97
250,18,54,56,55,44,56,11,80,10,33,87,36,8
251,90,57,8,47,41,22,54,28,48,74,75,7,70
251,1,77,21,40,88,67,33,62,60,52,52,3,75
251,45,26,50,8,72,47,69,12,1,3,48,18,84
251,63,66,37,15,4,43,27,55,18,35,100,65,28
251,11,95,29,40,27,61,38,89,90,5,6,68,20
251,52,66,90,96,41,29,44,4,67,95,8,32,92
251,34,32,81,40,89,1,41,3,74,16,84,47,74
251,67,96,50,63,24,69,67,9,86,74,12,58,28
251,46,72,29,50,7,75,58,64,17,76,7,26,63
251,34,85,49,35,37,76,40,35,24,1,86,6,14
251,21,43,50,98,91,16,79,26,99,49,57,44,39
251,73,1,3,46,79,61,82,90,41,24,41,89,65
252,13,68,69,38,73,34,26,95,44,26,17,18,69
252,88,65,62,50,11,74,49,4,86,45,49,72,58
252,61,47,38,82,12,38,63,4,24,12,22,79,29
252,78,64,56,66,76,92,58,48,17,13,38,6,2
252,100,66,52,92,98,33,35,29,2,100,62,49,56
252,28,64,37,49,51,24,43,81,100,50,33,73,85
252,35,16,40,70,80,45,97,62,43,49,39,86,9
252,61,79,76,65,47,70,65,53,81,75,13,9,72
252,93,99,57,40,80,90,64,63,45,47,50,55,77
252,74,46,38,27,25,34,27,82,56,72,0,68,37
252,48,76,84,80,71,45,89,7,63,7,75,68,81
252,60,90,84,93,82,52,18,100,75,10,71,36,53
253,9,74,4,11,76,14,89,1,89,60,24,60,80
253,23,41,56,95,20,22,90,38,71,85,86,34,62
253,72,68,56,6,92,12,28,51,19,56,92,51,63
253,65,22,37,46,0,51,84,21,83,57,7,47,38
253,99,41,30,3,22,62,57,29,4,61,73,1,20
253,4,88,21,99,84,61,13,32,20,1,5,18,76
253,40,75,31,58,32,15,1,18,52,65,11,77,92
253,91,80,11,41,85,44,58,27,15,84,56,97,2
253,68,90,55,37,35,94,88,44,9,36,92,22,4
253,58,21,3,31,9,43,12,49,23,62,44,39,33
253,30,48,69,32,97,29,12,21,45,27,73,53,77
253,1,78,76,34,11,35,5,27,35,56,20,49,59
254,72,93,21,30,6,48,40,99,44,27,41,8,48
254,46,57,5,42,64,83,61,25,81,57,0,33,62
254,19,42,85,8,76,52,88,8,96,36,6,34,82
254,64,76,36,100,50,98,76,96,24,70,98,69,49
254,41,34,83,71,40,17,47,76,71,27,58,17,15
254,100,29,86,92,37,40,53,46,95,79,34,97,11
254,14,37,67,79,71,23,92,55,66,44,64,45,53
254,24,54,69,52,28,11,45,22,28,90,87,59,16
254,8,16,86,27,98,1,37,45,36,99,62,78,30
254,37,100,96,27,41,3,67,22,6,50,44,21,82
254,4,78,14,12,39,35,42,52,13,99,79,49,44
254,58,47,45,67,66,12,7,21,38,47,80,25,21
255,4,37,74,100,24,23,63,37,53,28,73,66,60
255,62,23,3,97,65,35,70,57,38,18,100,59,21
255,88,82,51,5,51,63,37,71,28,26,67,5,2
255,43,27,34,92,84,14,32,65,15,6,40,69,23
255,39,51,18,89,33,80,20,70,60,82,35,38,99
255,97,100,59,42,68,24,50,99,49,96,57,91,19
255,22,22,88,85,30,76,35,81,11,9,16,100,12
255,21,67,42,70,77,28,56,37,24,0,94,26,2
255,14,76,90,15,64,53,6,72,43,85,73,35,54
255,7,3,42,67,56,6,59,1,55,81,8,81,61
255,54,19,22,97,82,32,29,6,60,64,72,78,26
255,65,59,32,52,47,14,12,42,1,65,45,6,2
256,58,18,29,50,39,12,11,48,81,15,11,3,87
256,30,63,8,18,42,69,6,35,2,64,53,1,38
256,38,29,63,7,78,16,6,37,18,12,28,49,95
256,59,63,99,23,75,50,28,98,30,87,57,19,39
256,71,75,40,27,71,13,31,51,20,95,15,57,2
256,89,35,96,99,79,58,82,54,14,38,48,70,5
256,16,52,94,10,58,7,54,48,27,40,69,64,4
256,82,9,43,73,8,22,31,78,2,23,69,47,99
256,47,59,70,57,3,71,78,45,26,43,83,87,47
256,40,93,64,40,69,23,50,92,89,84,24,68,52
256,81,76,84,6,45,62,89,44,93,81,100,87,15
256,46,62,91,39,2,66,21,92,81,1,73,34,2
257,69,33,83,46,65,44,73,53,68,69,44,77,63
257,21,61,25,56,16,35,36,2,7,27,74,99,22
257,63,22,75,20,76,95,37,52,71,32,35,88,59
257,57,83,69,95,54,98,66,46,29,96,31,2,17
257,79,7,82,90,5,42,4,16,18,20,25,19,11
257,72,46,66,82,29,71,4,46,71,33,41,74,58
257,90,49,39,2,90,84,6,31,21,37,35,43,77
257,66,13,83,70,32,75,59,89,43,80,72,35,65
257,1,88,34,19,61,96,99,10,97,19,78,13,91
257,17,54,27,32,53,39,3,88,100,34,25,93,12
257,12,72,27,52,56,70,49,92,33,53,42,50,86
257,1,70,85,53,34,20,7,55,68,98,81,41,83
258,89,49,78,89,44,5,39,48,23,90,54,31,9
258,8,93,48,74,93,76,33,28,12,88,89,96,30
258,80,66,37,42,20,41,20,22,39,69,49,15,61
258,67,91,30,31,12,71,62,40,55,68,12,59,69
258,60,91,6,63,22,83,77,12,52,8,61,30,84
258,63,90,37,100,58,24,0,50,15,85,48,26,27
258,31,82,48,5,9,85,66,32,27,15,27,82,91
258,82,37,35,9,83,20,74,22,47,6,33,5,97
258,50,2,52,88,36,54,46,87,91,8,15,50,81
258,0,6,68,45,99,94,10,5,68,20,95,20,85
258,65,23,48,41,64,7,85,7,56,7,53,56,5
258,95,54,28,54,3,22,53,61,17,88,73,19,98
259,18,20,100,36,32,35,88,13,88,39,55,74,95
259,9,100,55,44,19,81,94,93,91,80,33,35,20
259,5,37,45,25,68,77,85,81,48,26,51,87,44
259,68,7,90,63,2,90,90,38,51,42,45,44,55
259,24,48,36,92,23,8,59,71,35,85,72,6,98
259,5,49,5,31,33,65,38,98,55,88,89,84,55
259,61,58,57,20,5,22,16,95,39,92,21,93,7
259,16,99,80,44,17,16,36,25,55,52,22,43,90
259,99,78,75,55,43,16,20,7,100,71,69,12,61
259,65,79,23,33,66,51,25,54,28,69,96,47,87
259,42,27,15,98,37,14,42,47,71,76,42,57,40
259,57,46,84,24,10,90,38,51,68,14,31,7,55
260,42,83,99,94,67,27,95,55,28,92,46,76,26
260,83,99,55,55,46,29,81,67,78,18,67,13,99
260,8,5,83,57,43,32,83,35,9,73,34,83,25
260,98,2,27,69,82,100,25,63,93,41,21,58,34
260,49,49,76,28,14,38,93,55,90,4,81,66,49
260,91,91,9,87,67,79,27,51,85,24,81,57,46
260,16,92,7,32,38,36,62,24,81,89,64,23,71
260,33,18,39,94,16,12,21,26,39,7,100,36,36
260,26,100,10,78,15,56,81,23,92,14,7,42,71
260,9,17,90,0,85,60,57,30,90,18,3,98,63
260,76,6,11,84,94,46,26,95,96,60,48,88,2
260,48,99,58,11,69,76,33,87,79,65,24,96,7
261,85,44,40,83,75,90,42,74,84,28,71,82,7
261,10,49,80,96,95,10,97,69,13,14,73,6,8
261,49,66,21,3,78,10,63,56,62,89,73,3,20
261,92,32,50,90,34,6,54,29,96,28,21,27,78
261,74,88,90,5,37,30,76,29,58,45,63,87,1
261,14,93,26,94,14,15,44,58,78,20,40,37,44
261,31,50,43,1,84,62,93,75,100,2,51,0,13
261,81,81,43,84,47,51,71,39,28,56,9,60,6
261,10,57,38,20,3,94,14,20,63,43,64,53,54
261,58,61,77,18,93,80,31,83,42,2,35,63,66
261,30,77,56,87,15,78,60,25,10,11,57,63,7
261,47,99,74,24,38,20,74,65,83,21,19,15,81
262,24,7,48,21,45,83,90,28,19,16,79,95,35
262,61,66,91,16,62,62,32,68,45,34,76,15,56
262,20,1,64,80,77,64,25,35,56,42,99,59,93
262,1,90,35,79,76,89,52,31,34,96,51,27,32
262,65,96,67,60,37,39,77,41,42,2,14,83,2
262,3,17,35,74,21,45,91,0,49,58,22,61,2
262,41,29,12,34,59,8,38,50,19,57,64,80,65
262,37,57,78,59,89,66,39,80,38,92,29,20,53
262,58,49,85,34,90,73,70,93,83,72,93,35,98
262,8,48,40,58,92,13,34,40,41,88,46,47,20
262,11,91,85,32,86,90,10,16,81,33,35,45,40
262,10,98,56,58,17,82,26,51,99,93,73,25,72
263,72,42,2,88,59,61,40,71,18,2,97,75,55
263,77,11,30,61,4,89,86,73,90,86,30,83,73
263,34,33,92,95,53,65,10,78,92,47,23,36,46
263,7,89,70,22,91,32,23,22,62,98,10,75,6
263,15,98,84,49,36,60,90,59,31,2,61,26,30
263,70,80,29,79,40,43,25,3,98,79,34,36,53
263,93,61,35,36,38,73,8,82,78,94,34,83,36
263,37,75,90,21,79,93,34,18,68,63,33,31,34
263,27,69,72,82,43,40,97,23,63,37,58,32,85
263,6,93,19,28,94,45,83,20,57,39,82,87,61
263,81,39,72,18,56,43,4,72,28,53,10,71,73
263,88,58,19,36,12,69,87,43,53,32,16,38,22
264,26,98,81,57,69,68,35,41,74,43,20,32,78
264,81,39,94,49,57,33,85,27,77,43,0,38,26
264,23,78,44,2,0,35,17,79,23,16,54,57,61
264,77,7,66,40,4,47,66,40,55,13,21,83,10
264,2,63,47,34,63,98,73,97,0,28,3,48,25
264,37,6,90,86,5,61,48,58,24,73,44,44,47
264,9,18,88,0,20,56,61,12,75,100,42,9,57
264,79,64,43,52,70,20,46,11,47,45,6,90,93
264,19,30,88,78,72,59,31,7,5,58,52,26,25
264,87,18,77,92,52,8,79,51,48,12,98,89,37
264,89,56,53,74,38,39,94,4,66,53,6,96,59
264,53,42,45,27,65,44,94,50,74,76,25,81,25
265,42,0,46,35,44,11,27,2,24,25,98,2,97
265,90,96,31,82,18,10,74,42,85,24,36,39,87
265,100,25,86,39,52,5,22,43,62,93,40,21,18
265,98,97,27,63,12,45,53,47,1,74,30,84,52
265,53,45,7,76,17,77,97,74,18,78,16,92,24
265,77,60,2,94,96,97,96,78,87,74,2,64,8
265,58,13,21,94,20,57,55,24,66,63,32,38,70
265,63,81,62,8,17,8,54,73,71,72,87,36,93
265,18,34,90,8,29,78,18,28,37,44,90,56,76
265,66,71,21,22,50,53,78,43,59,19,69,61,34
265,43,18,62,65,24,46,57,11,8,48,97,86,11
265,15,91,89,59,65,49,42,9,81,24,89,57,15
266,35,28,18,57,100,87,26,52,100,39,47,34,55
266,52,46,48,95,30,82,41,42,31,63,47,6,67
266,56,18,52,85,21,34,45,58,88,76,26,53,82
266,40,59,87,53,64,28,55,97,29,83,100,27,71
266,14,32,76,94,42,6,49,32,53,54,6,22,98
266,39,49,53,46,43,80,65,59,57,71,90,82,49
266,5,59,96,95,65,61,81,97,95,37,92,92,33
266,95,24,49,58,23,47,56,1,96,47,47,96,33
266,80,71,44,12,0,76,11,82,79,23,94,28,1
266,23,68,28,71,92,39,95,96,48,4,30,61,54
266,41,25,67,40,97,57,94,36,21,46,26,64,25
266,45,99,15,72,98,42,2,64,0,40,31,59,46
267,48,16,99,73,56,32,43,9,41,15,24,58,42
267,34,52,13,8,93,92,80,37,8,71,41,94,31
267,17,100,57,51,53,14,94,23,3,53,37,56,10
267,84,46,28,22,70,73,86,15,23,38,93,7,5
267,9,48,78,89,4,31,37,37,81,39,16,24,32
267,72,98,63,22,53,9,38,46,76,12,52,63,5
267,50,62,67,100,15,50,37,46,40,60,31,43,46
267,82,99,55,95,9,26,17,69,30,76,33,6,98
267,12,33,97,46,32,40,66,72,88,77,35,74,72
267,56,24,52,4,10,100,69,88,100,68,14,52,86
267,49,42,13,97,85,14,71,19,26,51,90,1,13
267,29,84,79,65,26,2,28,10,87,43,77,56,2
268,20,23,9,22,26,22,98,34,39,12,4,77,46
268,47,52,13,22,48,10,2,39,49,45,89,52,9
268,70,26,42,0,2,15,2,54,75,77,53,100,43
268,80,86,79,49,88,18,6,13,75,71,66,2,63
268,94,35,59,100,11,50,78,53,18,16,47,9,88
268,53,73,54,9,35,78,59,23,18,11,15,6,57
268,18,34,85,36,26,82,36,89,81,2,67,71,78
268,96,20,50,3,10,10,3,0,50,18,54,1,6
268,46,23,19,0,9,5,63,98,25,41,37,52,87
268,34,80,90,67,45,16,36,26,62,13,5,81,99
268,47,83,42,45,45,59,42,99,51,27,72,12,37
268,19,82,26,84,10,78,72,59,65,49,60,26,39
269,78,52,44,81,35,98,21,31,35,97,50,90,60
269,72,52,23,53,31,12,84,97,78,16,89,40,55
269,92,71,77,69,4,18,94,2,97,67,58,59,14
269,16,80,55,1,37,26,96,95,24,98,49,5,60
269,89,86,86,95,64,76,64,52,99,83,22,81,16
269,1,57,98,27,80,27,25,80,32,17,82,24,89
269,93,41,72,60,47,63,14,37,74,60,41,98,31
269,26,34,60,93,6,78,91,90,0,55,46,38,92
269,61,42,48,6,87,89,86,63,31,12,99,24,63
269,27,59,0,40,46,48,69,76,27,56,31,70,70
269,79,0,34,0,28,83,25,71,5,97,33,21,91
269,22,79,85,14,58,100,53,74,72,37,23,17,83
270,25,13,87,24,22,55,14,58,96,77,12,6,12
270,67,95,4,73,82,0,89,73,46,43,24,14,18
270,75,59,8,85,7,75,31,34,100,8,31,35,88
270,57,1,13,39,43,96,86,13,73,58,73,90,69
270,11,88,24,20,84,57,85,24,18,95,94,84,34
270,72,98,6,98,23,89,31,11,98,13,68,52,6
270,89,23,48,48,87,73,21,31,23,35,21,59,69
270,54,25,27,17,62,2,78,63,29,58,84,88,71
270,16,23,86,46,19,83,72,47,77,37,60,34,61
270,35,92,59,62,82,65,96,47,63,22,72,12,90
270,78,41,84,55,100,94,13,69,48,98,38,95,78
270,0,80,52,72,77,85,6,36,93,76,70,41,33
271,29,36,60,6,44,18,76,67,18,90,75,41,65
271,87,12,30,41,47,97,86,97,80,47,56,84,51
271,53,72,56,77,68,87,89,43,100,72,99,53,93
271,69,49,43,45,17,42,54,72,45,48,5,94,26
271,1,86,31,95,22,91,16,86,40,20,91,9,45
271,85,28,88,8,43,18,67,0,12,8,74,23,25
271,26,62,72,38,77,21,59,15,21,55,65,44,70
271,33,61,69,14,34,20,92,88,83,77,4,21,60
271,79,11,59,60,23,80,97,26,99,43,78,22,35
271,81,49,27,37,26,77,49,65,71,24,93,88,58
271,75,34,57,19,54,14,83,7,95,33,75,94,13
271,37,28,70,39,40,19,46,40,13,71,33,82,76
272,74,32,64,60,32,72,72,74,50,55,94,23,66
272,90,37,75,89,32,91,96,64,16,89,41,52,59
272,100,54,30,91,10,1,47,71,57,46,67,80,7
272,85,65,49,4,1,0,13,99,92,28,1,92,79
272,6,5,85,70,42,2,17,77,25,29,70,45,91
272,61,49,31,53,8,76,48,15,29,28,90,76,10
272,0,21,59,98,72,85,58,27,54,85,17,69,56
272,87,58,45,90,5,48,87,72,83,48,64,82,81
272,87,51,53,10,13,88,3,54,21,5,11,32,54
272,42,74,59,49,28,13,1,93,52,34,62,87,49
272,26,33,46,62,45,65,94,2,76,7,81,74,49
272,88,75,52,76,81,14,47,82,38,29,81,20,68
273,70,63,96,85,3,32,46,48,69,67,18,24,93
273,80,68,72,49,69,67,35,55,47,96,15,67,29
273,65,33,60,73,52,76,98,2,19,58,93,83,44
273,50,64,98,84,49,97,15,59,34,96,34,63,57
273,97,61,7,29,62,30,60,64,32,80,41,0,50
273,31,69,33,54,28,80,65,46,82,13,62,34,62
273,29,21,27,60,21,28,54,94,83,42,92,93,66
273,41,28,83,2,18,39,82,78,71,52,41,98,56
273,72,20,44,88,30,83,26,49,20,46,70,11,45
273,80,44,59,15,0,40,42,33,71,14,0,38,76
273,39,100,81,22,27,86,14,20,86,86,88,3,50
273,100,43,31,47,94,72,10,20,19,86,66,11,46
274,69,5,84,85,30,48,87,45,30,90,42,7,77
274,37,58,81,73,6,48,0,88,66,79,26,13,6
274,41,4,37,86,74,100,29,11,86,41,35,87,52
274,27,94,63,69,26,25,23,30,24,21,62,32,10
274,77,86,91,85,89,67,15,2,69,66,77,51,15
274,82,99,56,18,65,70,17,14,45,25,90,3,2
274,10,18,21,75,86,77,39,41,43,89,34,22,23
274,99,45,11,69,24,75,64,71,92,81,55,81,81
274,35,71,41,38,6,67,41,69,36,34,77,57,56
274,35,82,53,60,54,40,0,11,20,48,94,0,97
274,84,92,54,51,89,35,33,70,76,0,57,16,73
274,45,79,71,71,22,4,14,0,24,74,56,67,22
275,38,98,32,63,5,74,43,52,91,38,44,72,74
275,11,79,31,7,7,24,33,7,12,41,45,67,17
275,56,29,66,37,94,23,70,95,75,44,84,23,70
275,40,67,63,29,54,95,58,65,98,61,3,65,26
275,84,77,77,34,54,95,78,15,66,11,70,85,63
275,97,70,88,71,32,42,90,33,71,75,67,68,43
275,34,22,52,38,80,14,39,3,10,0,95,96,0
275,22,88,11,7,92,70,82,83,47,17,5,99,77
275,77,33,42,94,47,99,50,54,90,71,14,77,60
275,58,7,92,86,63,90,54,100,25,6,45,62,62
275,59,73,19,85,11,28,33,41,85,98,25,55,87
275,6,68,99,93,74,68,77,37,38,83,41,15,29
276,64,59,8,67,86,50,53,87,66,67,36,37,4
276,70,96,45,49,58,91,13,71,89,69,42,39,59
276,87,14,18,43,36,39,53,47,16,11,94,20,36
276,51,10,59,78,41,73,93,72,94,24,41,66,29
276,23,82,9,29,6,77,46,77,88,9,65,1,67
276,55,36,41,82,30,83,58,33,64,92,45,32,34
276,73,78,6,72,23,27,34,33,48,42,1,91,12
276,36,29,48,16,79,43,40,99,100,96,32,85,57
276,35,80,7,2,49,91,38,96,18,65,11,10,45
276,46,82,77,26,93,17,9,16,37,98,75,70,84
276,22,60,94,45,38,18,12,33,67,57,100,60,53
276,0,74,87,100,90,84,5,58,4,100,19,63,96
277,21,34,33,27,39,52,90,18,51,84,93,33,48
277,42,33,7,51,58,84,13,28,100,21,11,22,43
277,56,37,6,6,4,63,95,7,7,30,56,2,81
277,73,11,64,45,65,72,93,40,73,40,92,29,46
277,71,39,19,100,82,17,46,35,16,0,87,10,64
277,98,71,99,7,46,87,13,49,94,37,99,24,85
277,6,45,56,22,10,92,31,11,97,57,36,5,88
277,58,24,73,24,98,93,95,15,77,26,44,72,35
277,36,19,23,48,57,80,65,0,78,46,58,60,69
277,10,99,52,2,6,57,33,15,39,69,10,36,8
277,64,76,89,82,96,44,14,51,28,98,58,20,63
277,84,92,96,21,64,14,68,71,11,32,71,34,85
278,64,73,66,4,74,24,62,46,64,3,40,75,97
278,31,37,34,44,80,95,73,8,75,53,63,48,57
278,75,50,60,90,16,80,11,12,0,56,92,16,54
278,25,25,4,65,23,81,73,28,92,22,23,24,50
278,45,71,26,92,89,37,20,69,68,48,58,50,30
278,41,8,17,76,95,32,30,7,100,77,37,81,10
278,46,91,50,58,46,20,82,11,1,58,9,78,15
278,55,54,32,37,27,55,87,74,42,88,26,100,52
278,55,39,57,62,3,1,60,57,76,100,62,54,66
278,96,48,40,2,27,50,99,12,71,82,70,87,54
278,91,25,25,63,35,14,15,63,91,13,68,14,56
278,16,92,81,8,38,87,43,60,79,12,82,86,35
279,96,12,63,8,89,0,65,1,78,81,97,59,75
279,36,35,63,92,6,18,33,12,86,78,48,82,46
279,63,46,87,96,68,6,53,74,48,54,58,51,23
279,62,98,9,82,16,63,21,97,35,99,16,21,71
279,83,67,12,19,70,39,78,85,85,46,99,21,84
279,86,99,73,2,33,91,22,11,49,81,88,82,7
279,46,29,53,19,17,98,2,61,72,34,74,28,69
279,81,59,39,59,81,2,100,21,3,32,41,10,60
279,92,83,66,69,76,95,3,16,46,57,83,88,56
279,6,30,3,98,81,12,27,3,18,76,44,37,76
279,36,92,16,15,27,28,57,79,76,21,37,96,20
279,52,30,87,100,82,63,26,40,47,69,89,22,85
280,85,51,86,26,27,76,2,43,19,87,28,4,87
280,11,68,71,5,14,34,87,11,66,95,12,20,76
280,24,59,26,14,11,100,45,27,34,42,1,9,29
280,40,79,58,49,65,55,65,77,7,86,49,49,24
280,8,37,3,86,86,3,16,59,74,4,31,97,31
280,42,97,13,13,67,100,21,2,98,86,65,98,32
280,1,48,14,90,14,91,91,64,5,43,82,11,57
280,18,25,87,66,73,46,98,40,8,85,97,8,44
280,16,95,30,10,77,5,66,25,79,24,90,7,9
280,58,67,10,32,13,3,54,88,62,6,9,44,82
280,82,43,59,39,10,56,9,44,8,34,2,2,21
280,76,30,44,22,7,59,44,21,74,64,36,16,49
281,17,34,57,35,91,70,58,54,51,50,21,69,25
281,18,99,3,99,75,55,27,25,79,90,17,61,25
281,17,8,30,44,70,57,29,69,26,24,17,16,21
281,51,44,32,90,41,12,45,55,13,49,55,26,4
281,47,3,18,42,64,74,15,22,61,46,16,22,83
281,27,7,21,39,20,17,61,65,75,87,15,93,61
281,72,30,93,13,1,22,7,98,24,50,68,57,36
281,100,74,66,49,8,54,93,44,18,100,48,7,51
281,65,65,13,72,26,17,60,25,82,96,77,30,38
281,46,56,88,67,33,92,36,44,64,1,10,21,96
281,8,89,21,88,100,91,1,32,70,3,17,77,1
281,37,94,97,72,90,34,84,22,66,36,78,58,98
282,2,77,21,46,73,84,70,65,23,7,95,65,60
282,80,67,92,47,88,0,53,7,77,90,36,0,45
282,32,59,41,57,41,41,96,6,37,38,43,35,25
282,77,83,77,4,33,90,25,52,91,51,64,68,91
282,38,82,48,92,54,47,17,76,8,23,23,22,90
282,62,96,91,31,6,45,45,32,12,15,100,1,45
282,37,65,67,67,42,99,46,20,75,63,84,66,36
282,8,78,21,41,17,33,56,7,58,39,69,85,84
282,30,22,5,93,35,19,68,53,93,59,90,30,88
282,12,65,30,1,43,36,59,73,49,98,98,94,54
282,22,28,44,62,87,4,83,95,16,16,92,96,44
282,15,62,14,43,3,98,74,12,19,23,27,83,88
283,34,92,44,44,98,46,59,79,58,81,20,50,67
283,71,79,64,15,67,27,51,41,48,38,52,25,98
283,78,64,41,56,15,76,24,62,0,43,91,18,78
283,65,49,66,61,1,36,0,45,58,8,26,72,98
283,9,84,40,92,22,24,17,65,89,73,61,16,2
283,21,15,19,28,21,77,99,42,77,17,95,81,92
283,73,54,5,52,74,49,88,19,59,69,49,6,9
283,79,38,24,88,93,9,43,5,20,11,90,74,80
283,10,88,50,16,58,65,25,96,85,36,69,59,60
283,62,48,66,32,68,27,35,9,57,87,41,10,98
283,54,97,27,64,59,84,54,3,38,3,34,28,6
283,60,1,62,99,31,83,1,31,75,30,27,51,22
284,23,59,90,83,40,26,9,49,96,18,24,0,75
284,7,6,1,9,72,31,50,100,13,91,30,26,73
284,72,27,94,47,15,61,84,74,58,98,22,80,94
284,16,88,89,96,97,68,85,51,98,56,75,56,51
284,18,19,64,81,19,44,65,66,0,15,90,42,12
284,27,16,70,15,28,35,7,39,1,6,10,39,58
284,0,34,81,8,14,70,4,26,55,16,22,59,55
284,57,62,91,11,21,2,75,49,78,91,74,20,73
284,11,65,6,70,90,65,48,77,89,23,17,24,2
284,81,48,9,21,67,59,81,38,14,85,5,17,16
284,10,51,26,93,81,89,80,88,60,52,25,97,8
284,54,10,4,65,100,6,37,56,47,90,65,65,21
285,8,13,15,29,74,42,10,98,35,99,47,54,5
285,49,64,27,70,11,55,10,87,39,86,87,14,68
285,38,83,24,27,37,70,33,92,2,53,58,98,20
285,12,17,69,0,65,53,38,75,52,35,68,43,100
285,44,77,84,93,45,36,87,72,83,79,11,67,90
285,60,23,74,84,22,82,97,43,89,83,83,8,0
285,41,31,85,61,96,55,82,34,96,2,15,13,85
285,9,80,30,61,90,25,73,94,91,87,28,8,99
285,15,99,90,73,72,32,17,52,49,76,91,40,15
285,43,28,4,25,48,52,57,84,23,34,29,23,96
285,59,51,7,14,76,13,80,17,84,20,24,29,53
285,60,10,36,48,66,36,34,99,75,72,27,25,64
286,35,72,90,71,61,46,79,76,11,75,53,69,100
286,59,57,75,93,35,21,0,34,21,14,6,85,10
286,14,62,64,44,16,98,39,37,7,20,60,68,90
286,85,25,99,100,78,33,68,51,23,72,0,79,21
286,48,70,38,27,1,36,81,70,92,10,30,70,11
286,53,92,19,72,49,33,49,80,85,64,49,78,81
286,56,10,61,61,15,97,37,99,46,20,30,39,75
286,73,86,40,93,67,19,77,16,9,89,70,67,67
286,22,87,98,84,87,6,10,88,12,70,78,47,83
286,37,30,52,58,49,46,25,45,64,60,35,75,92
286,13,18,18,41,56,58,76,13,63,71,98,79,97
286,39,57,81,32,53,11,99,77,29,27,96,52,70
287,4,92,53,91,12,50,47,57,38,32,98,0,55
287,54,11,75,11,17,47,78,13,65,19,0,84,52
287,100,97,80,19,62,100,58,51,10,53,10,35,32
287,91,40,94,86,28,18,24,85,93,58,14,19,20
287,27,23,51,28,4,17,77,55,56,34,54,46,26
287,48,99,95,78,100,38,62,96,43,49,70,1,66
287,89,43,52,92,0,43,45,21,58,53,78,49,64
287,51,34,64,87,9,72,87,7,16,4,53,96,9
287,35,57,77,31,85,30,63,28,2,80,35,8,43
287,3,59,90,26,54,6,62,58,34,75,31,8,63
287,50,24,64,96,41,85,66,95,94,73,3,37,27
287,92,0,13,80,22,73,26,7,10,51,6,37,63
288,32,8,47,7,81,29,16,34,68,12,73,32,62
288,19,1,70,44,92,57,71,91,69,7,84,62,42
288,18,43,17,90,77,58,4,45,62,100,30,87,20
288,75,92,19,62,93,44,62,9,87,9,71,81,4
288,100,27,28,74,68,58,27,55,32,99,71,88,76
288,87,85,49,74,89,75,63,84,72,40,95,24,39
288,47,95,34,22,13,55,57,97,14,66,65,83,45
288,49,1,20,65,50,30,74,27,1,6,88,89,12
288,60,93,22,13,96,88,6,18,66,1,72,37,96
288,50,16,95,81,20,89,98,75,9,50,43,79,34
288,67,25,71,68,2,20,14,16,63,77,98,6,39
288,53,36,99,85,69,46,49,98,77,31,15,80,14
289,17,21,11,68,27,21,3,14,90,35,24,9,28
289,95,57,10,12,70,39,51,52,97,39,51,52,5
289,88,47,73,33,97,93,37,2,3,62,13,2,96
289,13,98,47,40,1,24,13,21,74,44,15,92,17
289,96,15,11,88,88,62,93,51,39,50,63,12,55
289,20,5,56,82,49,99,65,37,67,29,48,22,84
289,34,85,19,63,68,63,66,5,24,43,100,20,72
289,68,87,17,89,89,11,10,14,36,78,53,10,7
289,23,92,62,54,3,76,13,74,56,32,33,21,86
289,83,24,20,82,28,70,3,23,8,97,8,5,57
289,55,32,7,55,38,92,33,47,85,66,0,42,8
289,11,8,0,74,53,90,25,23,25,4,5,9,84
290,87,0,87,76,87,13,8,5,59,92,96,41,98
290,25,81,49,31,36,25,78,52,89,2,41,10,76
290,80,51,86,75,38,29,67,58,50,30,50,80,87
290,76,44,18,71,83,57,36,75,72,90,39,42,17
290,11,68,66,8,56,10,92,22,24,25,19,0,5
290,78,23,84,2,17,81,97,24,67,60,77,37,39
290,53,56,33,18,56,6,62,65,39,52,46,25,44
290,40,14,29,50,49,41,41,58,52,61,41,34,92
290,50,27,55,22,55,7,4,63,49,9,40,80,84
290,31,58,4,63,30,68,44,11,92,69,55,53,1
290,93,14,18,89,10,55,24,89,26,23,31,77,64
290,24,100,53,37,23,80,33,65,18,27,85,15,86
291,37,33,63,8,56,80,78,13,22,0,17,12,92
291,82,21,30,63,25,18,44,97,7,48,83,81,5
291,46,85,89,58,62,13,10,12,27,41,5,10,40
291,88,66,45,7,32,22,78,39,41,100,76,58,55
291,19,100,73,21,96,17,52,1,63,61,88,6,14
291,38,78,30,65,69,15,53,12,74,6,86,10,87
291,0,55,95,48,58,98,76,96,71,10,13,78,40
291,70,11,16,5,6,64,20,64,25,11,52,59,75
291,90,28,5,63,79,21,46,75,71,60,70,40,67
291,18,98,26,74,74,7,0,66,100,72,48,46,88
291,49,99,69,5,12,72,89,5,19,43,86,96,11
291,50,9,41,44,61,28,76,93,71,63,67,1,75
292,15,83,66,86,9,67,91,35,78,26,4,11,21
292,53,54,36,81,21,26,59,82,30,78,68,71,1
292,52,59,62,5,76,59,76,27,55,31,45,44,20
292,46,11,66,96,39,56,51,51,100,8,51,24,95
292,83,10,54,86,95,18,46,78,31,5,23,15,84
292,40,17,23,62,40,41,54,79,23,18,86,35,28
292,67,34,35,11,56,9,61,57,70,84,4,4,29
292,62,81,79,80,69,82,89,34,41,28,76,12,49
292,15,0,93,23,46,35,73,14,35,73,94,35,79
292,2,99,5,7,75,42,82,79,77,60,86,9,15
292,24,21,79,46,41,96,48,58,78,93,39,9,49
292,7,24,4,8,14,66,25,96,30,78,0,89,0
293,59,35,51,77,67,73,47,88,88,28,92,17,2
293,49,47,36,71,72,16,46,9,67,4,37,66,22
293,3,8,34,38,89,67,38,7,28,45,38,100,7
293,0,8,44,25,55,12,17,19,9,40,86,30,30
293,81,50,82,1,52,59,60,9,68,57,77,99,79
293,8,27,15,57,7,4,6,16,87,20,52,71,79
293,100,58,24,19,54,68,64,96,85,44,76,38,80
293,24,90,54,1,99,12,98,22,79,10,24,31,60
293,73,83,21,82,30,70,27,44,84,6,90,0,91
293,55,76,66,35,82,71,23,94,38,29,95,50,26
293,85,12,59,51,87,88,37,84,36,90,27,30,7
293,83,34,81,65,11,57,12,25,99,15,80,15,53
294,76,10,28,37,26,93,2,0,94,89,9,4,62
294,5,68,48,78,22,64,28,10,23,68,14,48,30
294,18,81,7,27,73,56,33,2,4,50,88,34,25
294,51,6,12,56,28,8,60,96,34,39,13,5,85
294,69,79,30,27,45,15,37,26,100,39,53,54,75
294,54,2,29,38,34,47,33,29,18,47,38,39,77
294,84,64,82,98,57,87,84,97,7,64,12,30,36
294,4,59,38,23,81,84,14,50,21,94,60,35,4
294,86,58,92,91,37,76,68,30,24,99,36,98,89
294,80,10,1,84,69,83,75,92,9,45,14,12,93
294,26,52,55,38,34,95,71,63,37,96,91,12,12
294,10,74,80,13,34,9,15,88,5,46,2,2,5
295,12,94,20,28,87,41,76,93,26,67,37,55,0
295,7,100,40,37,8,80,44,34,36,40,65,88,70
295,93,45,95,78,45,87,0,43,91,17,3,73,92
295,82,74,89,25,99,7,34,10,26,60,70,44,20
295,21,3,20,42,37,52,77,72,37,94,74,77,74
295,47,97,100,67,37,14,36,41,5,73,77,77,26
295,70,53,44,90,87,71,67,90,53,15,50,74,38
295,12,24,70,28,73,86,69,59,80,7,0,44,86
295,54,83,38,3,7,50,4,98,67,57,53,34,99
295,25,6,49,32,55,77,11,19,91,87,44,44,74
295,18,6,43,39,50,50,45,2,82,50,86,37,53
295,7,12,51,35,25,83,4,82,100,70,44,42,67
296,45,34,70,6,73,28,42,40,4,66,19,57,1
296,36,21,61,22,45,82,33,63,83,77,71,37,27
296,41,57,18,23,22,97,43,19,69,54,25,99,61
296,57,48,60,38,49,14,30,87,88,70,29,62,13
296,15,33,74,12,38,3,46,82,96,47,24,23,73
296,46,52,1,79,99,16,55,77,58,41,6,77,95
296,47,91,6,82,12,64,80,18,62,12,81,91,63
296,85,73,83,47,49,98,51,55,50,68,13,87,3
296,31,63,96,33,7,21,92,0,27,61,5,49,98
296,69,11,83,65,64,6,24,51,84,1,30,44,95
296,56,26,28,64,8,49,7,83,79,71,44,3,8
296,3,45,79,88,47,48,34,72,55,86,65,25,66
297,57,42,80,79,29,4,25,57,62,78,49,5,62
297,6,50,83,50,11,39,78,41,12,78,58,50,47
297,3,55,54,53,27,60,88,51,90,12,50,35,91
297,38,74,4,11,90,62,71,7,86,87,81,26,37
297,10,42,43,63,75,99,80,1,59,72,88,98,7
297,75,8,37,95,70,66,26,82,91,51,93,93,52
297,80,23,42,38,10,22,50,38,93,85,83,88,68
297,39,85,25,83,95,2,58,12,53,74,22,11,45
297,67,91,26,67,72,16,97,76,31,16,58,56,28
297,89,37,81,23,23,43,39,78,35,97,74,80,96
297,45,100,16,94,31,33,37,94,49,89,42,27,32
297,51,85,98,32,37,23,45,19,6,83,33,3,97
298,58,2,15,87,21,72,24,16,87,21,14,40,20
298,22,1,66,82,34,53,82,0,27,70,25,69,27
298,75,34,36,16,10,90,0,34,59,20,80,47,37
298,50,83,27,56,55,11,64,25,41,72,61,77,47
298,60,87,50,32,74,55,75,79,63,61,1,65,30
298,35,87,100,62,79,80,70,80,100,20,77,35,88
298,23,46,79,94,51,70,65,77,96,27,94,57,14
298,92,62,18,45,53,71,4,73,49,35,26,8,76
298,96,54,3,0,87,88,23,42,59,20,22,66,54
298,77,13,60,81,60,61,79,12,80,32,39,74,93
298,56,49,84,17,57,65,58,62,4,55,24,50,74
298,79,25,55,13,93,91,66,20,44,46,15,9,86
299,8,67,12,18,9,81,86,32,80,93,63,17,35
299,90,61,17,88,97,95,26,57,76,5,93,73,0
299,69,53,73,10,8,18,62,71,98,11,94,95,52
299,48,56,24,30,54,53,59,87,65,51,81,83,66
299,93,33,96,94,52,6,0,99,92,56,7,63,34
299,38,72,30,63,9,85,20,93,85,41,81,77,100
299,98,14,36,53,87,62,23,60,90,98,2,10,48
299,37,49,58,38,23,19,18,58,34,61,56,85,20
299,11,44,7,40,72,79,50,10,40,19,98,99,27
299,87,39,84,55,5,91,5,30,22,19,56,63,99
299,25,0,67,43,30,74,29,65,55,70,61,46,83
299,82,23,97,55,90,21,21,45,55,85,2,39,71
300,72,78,14,55,57,57,40,23,45,95,23,20,74
300,8,83,68,51,98,30,53,18,9,91,90,5,75
300,75,13,59,57,28,9,30,15,72,76,11,43,47
300,90,22,76,90,97,81,14,90,65,60,28,78,38
300,65,25,50,35,42,83,45,98,64,95,94,80,43
300,7,21,33,67,72,57,24,86,91,63,46,9,29
300,92,75,39,54,41,43,12,23,37,53,6,94,38
300,6,74,74,100,12,28,100,69,29,14,30,81,16
300,83,33,42,66,10,91,34,34,23,8,44,1,13
300,100,5,70,57,69,42,96,19,57,46,8,83,99
300,0,76,99,38,30,33,52,3,97,78,79,93,1
300,98,34,7,63,38,82,78,71,35,6,83,25,68
301,96,77,94,8,25,63,45,28,9,29,0,1,62
301,5,13,83,26,85,23,99,74,98,6,35,36,64
301,68,20,4,100,71,95,54,39,35,25,12,58,2
301,79,6,39,21,66,74,73,33,39,57,85,68,73
301,69,17,42,8,12,16,46,44,78,73,6,3,55
301,78,15,74,69,65,85,44,52,45,83,19,66,77
301,15,89,76,78,39,9,40,10,73,56,15,99,25
301,68,95,56,36,28,80,32,49,91,73,38,29,29
301,40,56,13,47,66,38,70,84,14,55,2,39,3
301,80,54,42,26,50,4,31,93,6,68,11,62,64
301,8,63,96,82,92,82,45,93,92,87,21,10,51
301,92,9,97,37,79,3,15,9,35,11,68,65,29
302,82,53,41,44,37,47,29,99,36,53,30,32,75
302,59,81,38,46,16,14,28,56,55,73,53,36,2
302,100,88,2,13,23,73,64,5,74,15,7,63,36
302,63,50,44,0,72,54,18,27,77,43,39,28,41
302,56,31,22,83,44,100,73,67,100,100,52,94,54
302,63,26,1,89,54,75,96,38,77,10,87,87,39
302,23,85,2,81,65,9,90,15,0,19,77,40,62
302,25,6,4,50,91,80,76,10,96,65,0,93,59
302,72,79,21,90,39,90,95,73,8,43,19,15,71
302,99,25,25,30,60,69,5,8,100,92,44,70,93
302,7,95,96,99,16,97,2,71,62,44,2,51,4
302,35,15,34,54,19,41,89,53,12,10,67,50,77
303,1,82,77,30,99,78,66,51,69,12,0,0,69
303,35,48,25,99,55,71,73,84,39,30,55,6,29
303,4,99,48,78,53,78,0,51,11,100,99,81,19
303,23,22,100,90,53,99,73,70,52,24,46,19,18
303,92,74,25,1,65,61,38,68,21,54,10,54,2
303,87,36,23,46,67,46,63,49,34,25,39,25,47
303,34,53,53,19,61,80,17,41,75,21,2,60,49
303,61,15,96,59,39,61,30,17,75,67,76,69,8
303,87,74,62,96,9,60,24,26,55,51,10,11,46
303,33,27,17,33,77,60,99,42,32,37,53,93,60
303,47,51,89,67,57,31,95,40,62,93,76,33,11
303,39,71,44,4,35,60,63,53,50,98,69,66,49
304,65,93,86,32,29,10,66,64,35,46,22,99,62
304,10,70,22,70,40,8,11,59,41,99,9,72,3
304,24,20,20,89,89,65,26,54,59,50,29,13,80
304,8,18,7,95,46,21,32,3,23,79,85,2,75
304,16,70,19,93,31,54,92,8,22,100,19,9,30
304,71,73,15,90,77,72,84,100,55,54,90,79,39
304,37,79,7,30,95,87,20,73,11,41,37,55,97
304,56,82,80,46,54,7,61,74,87,81,86,34,48
304,46,35,41,59,7,1,5,20,83,15,42,4,16
304,99,35,88,63,68,76,44,74,53,98,89,37,89
304,73,16,39,83,14,95,77,76,81,79,90,61,49
304,30,39,18,98,51,42,87,39,42,47,22,28,22
305,3,12,48,15,24,89,10,3,62,58,73,26,55
305,1,18,42,60,15,62,99,57,2,11,13,51,41
305,26,71,3,68,50,36,36,66,10,19,48,60,66
305,95,74,31,5,49,66,78,96,45,68,73,6,31
305,98,98,22,75,34,58,29,21,98,81,5,85,25
305,77,33,97,12,84,49,29,25,83,19,11,4,32
305,33,79,19,97,91,62,12,27,99,62,63,28,77
305,25,50,47,73,43,48,39,92,64,31,74,78,5
305,71,98,34,42,98,17,2,87,79,54,8,20,7
305,47,50,38,44,64,49,87,25,74,84,41,41,43
305,76,70,76,87,1,26,75,67,37,61,51,71,46
305,56,14,69,93,24,7,95,95,81,1,12,49,87
306,11,44,88,31,13,89,12,88,95,75,74,1,68
306,58,87,17,55,48,45,15,21,93,17,26,39,13
306,9,96,45,22,5,0,37,50,95,100,87,55,24
306,40,88,47,87,95,97,31,23,32,45,18,5,47
306,56,40,51,99,46,64,81,78,76,65,82,20,67
306,92,91,35,49,97,57,44,32,51,85,17,99,65
306,38,70,55,69,34,78,44,91,68,58,26,66,29
306,67,36,72,69,15,30,75,89,79,82,8,34,19
306,72,77,14,1,12,2,66,29,15,15,51,0,78
306,23,39,94,34,89,12,91,64,84,85,46,32,49
306,20,100,11,44,51,74,20,53,40,37,54,82,8
306,37,40,78,67,28,43,17,96,50,85,63,60,16
307,69,20,82,1,80,69,87,32,97,20,18,98,56
307,35,55,58,10,83,10,53,70,89,87,49,5,96
307,4,71,5,61,67,90,56,22,80,54,44,93,99
307,32,37,17,72,60,48,67,55,50,54,22,55,47
307,3,91,99,87,1,32,73,55,64,37,64,64,76
307,64,29,94,19,17,38,29,8,93,39,30,56,67
307,22,15,7,18,45,92,67,84,43,34,87,44,59
307,31,69,47,50,9,39,26,59,71,91,42,13,80
307,59,10,12,35,65,100,30,73,8,39,81,32,64
307,9,40,5,11,48,30,48,70,15,31,27,76,31
307,31,4,93,24,74,92,40,20,32,4,29,22,33
307,22,91,36,31,80,42,4,5,57,33,25,85,75
308,79,22,33,18,67,15,8,59,37,19,23,59,55
308,28,1,23,80,65,62,60,97,77,6,58,60,56
308,94,57,21,6,40,33,68,2,10,83,52,69,12
308,43,69,12,15,25,13,26,92,75,69,69,48,34
308,46,66,14,36,96,73,68,88,42,91,13,19,76
308,95,91,14,84,47,89,2,3,7,91,86,23,5
308,54,80,36,61,49,54,86,63,79,62,30,70,8
308,39,48,22,91,65,13,61,60,38,63,55,87,55
308,79,69,63,14,70,51,96,76,27,42,59,27,15
308,13,45,34,84,36,53,78,27,77,48,8,43,87
308,71,58,72,44,94,79,70,68,83,72,11,31,60
308,17,88,70,6,69,33,61,47,39,30,21,57,21
309,52,17,49,72,28,1,17,66,47,25,6,45,21
309,19,83,97,100,95,33,81,93,93,63,10,30,5
309,88,11,87,91,11,39,8,44,78,38,19,82,9
309,96,4,45,7,82,72,25,17,62,60,2,46,44
309,40,66,31,76,59,9,65,6,58,38,35,44,98
309,79,80,15,56,2,3,2,97,53,0,11,63,66
309,37,88,35,39,54,83,12,42,49,53,73,43,78
309,95,0,98,62,10,63,48,52,96,17,14,84,1
309,1,92,73,74,58,62,81,78,41,12,41,10,68
309,81,3,46,91,39,34,66,93,26,84,51,76,73
309,26,98,5,29,81,37,60,35,36,9,54,43,63
309,62,6,91,24,99,1,24,1,84,10,86,26,11
310,92,40,30,92,38,19,62,40,80,49,29,35,96
310,88,35,57,60,93,75,40,23,84,88,2,68,60
310,29,0,57,18,5,58,8,53,29,78,97,21,76
310,59,19,97,10,86,87,6,20,95,92,96,55,37
310,59,19,67,51,90,96,17,53,88,56,24,51,31
310,32,52,27,67,89,2,52,48,83,95,27,5,22
310,17,39,91,6,95,53,12,80,73,12,77,24,55
310,72,70,39,8,35,34,44,69,75,9,20,8,67
310,35,65,97,44,60,73,7,84,33,35,74,15,89
310,87,13,47,32,47,61,28,43,96,76,38,9,3
310,22,7,23,49,59,90,15,3,60,79,66,4,13
310,59,51,100,76,90,88,7,65,85,18,75,79,28
311,88,23,79,100,82,81,75,57,58,21,57,59,83
311,26,74,46,71,60,79,51,20,83,47,68,90,11
311,38,10,57,90,21,74,35,91,16,71,64,35,37
311,97,7,2,59,40,33,29,94,94,83,32,91,4
311,47,76,36,43,84,21,97,21,56,30,32,88,96
311,76,58,30,47,83,79,42,2,12,33,9,89,96
311,5,55,46,18,79,2,96,21,2,37,28,92,34
311,35,4,30,79,47,33,84,53,0,89,8,33,11
311,70,28,54,32,46,47,44,94,36,39,73,52,7
311,74,14,41,96,90,24,57,14,36,58,79,34,0
311,44,88,15,56,86,14,79,2,91,36,53,10,67
311,54,46,76,7,17,39,24,0,23,81,87,18,17
312,18,24,47,17,91,34,72,2,31,45,56,24,46
312,58,23,39,61,39,2,27,89,76,91,51,82,87
312,18,63,20,24,85,45,2,81,100,97,63,37,0
312,67,58,36,11,82,42,97,2,5,14,68,10,45
312,64,31,33,45,76,68,38,20,53,2,29,11,23
312,97,44,63,86,21,4,20,15,18,17,37,18,74
312,65,47,68,85,50,81,21,77,58,1,5,19,82
312,76,50,78,48,9,55,80,40,57,50,77,82,6
312,8,55,79,60,74,43,100,96,33,65,8,18,62
312,49,81,93,28,81,8,69,78,21,21,48,10,52
312,71,71,98,27,17,89,82,62,72,14,27,67,94
312,62,18,52,66,43,70,8,25,60,19,46,20,18
313,69,52,21,4,13,19,66,51,82,66,99,22,92
313,62,83,43,36,71,21,79,83,62,19,71,21,5
313,28,31,6,77,50,9,84,16,21,8,14,63,22
313,30,70,10,32,14,59,92,54,48,7,15,33,83
313,15,53,90,98,81,92,96,79,49,88,50,38,44
313,64,67,36,65,11,10,48,88,85,87,56,81,71
313,99,3,25,93,23,38,4,48,4,81,34,96,13
313,89,75,30,2,53,83,47,84,68,3,49,50,38
313,63,76,93,19,73,16,78,42,59,13,38,17,40
313,92,64,93,56,71,69,74,18,48,76,77,20,47
313,28,97,70,99,54,72,1,86,50,72,23,13,45
313,59,59,28,35,71,23,47,46,79,90,53,59,96
314,5,49,53,20,30,32,88,19,81,83,12,7,34
314,76,11,8,95,82,33,55,66,38,5,97,73,26
314,89,41,53,70,16,100,91,68,5,15,82,30,30
314,93,72,17,82,81,31,78,95,80,30,86,14,34
314,43,75,77,20,98,26,52,64,66,49,98,100,4
314,90,80,26,51,56,16,8,69,53,22,28,1,34
314,44,78,31,22,15,56,20,62,55,64,44,79,70
314,6,39,84,41,4,11,26,83,93,31,0,17,95
314,37,4,57,89,80,75,18,50,20,30,48,37,56
314,97,100,5,79,70,59,91,46,39,33,95,77,14
314,38,97,20,32,52,71,93,40,22,98,20,38,47
314,50,98,85,24,22,21,4,72,67,67,12,74,1
315,8,16,52,93,85,72,18,17,22,37,48,92,80
315,87,3,93,11,25,93,56,40,93,9,97,86,31
315,3,77,17,24,75,19,17,13,54,83,78,1,97
315,65,14,36,97,6,2,7,12,70,60,85,4,74
315,36,62,1,12,75,23,45,46,80,72,72,22,35
315,41,41,1,35,30,78,40,32,1,54,16,9,64
315,43,97,87,32,70,7,25,54,99,91,28,16,10
315,2,17,17,93,24,27,27,7,40,80,52,77,85
315,34,54,71,15,95,9,62,63,17,26,21,83,83
315,41,79,51,60,73,49,85,63,58,65,72,29,4
315,68,24,47,14,92,71,49,1,65,78,88,46,53
315,85,29,6,70,96,40,86,68,42,52,62,2,42
316,27,85,61,9,33,97,30,65,31,68,57,81,0
316,93,47,24,54,0,51,21,1,83,53,8,89,32
316,32,56,82,44,51,92,86,26,40,16,62,67,17
316,55,40,55,15,14,62,71,32,25,15,21,84,17
316,4,10,23,33,32,16,74,38,16,34,74,72,36
316,2,69,20,73,88,88,86,92,4,41,90,92,97
316,73,22,88,97,98,42,83,36,59,47,68,9,10
316,8,22,10,31,42,21,54,43,92,45,89,100,16
316,16,8,85,35,53,33,72,61,55,22,80,39,11
316,37,86,50,89,47,56,56,7,3,77,25,14,13
316,39,84,40,79,2,64,93,69,62,15,74,63,92
316,25,74,21,100,57,73,64,15,31,82,89,94,66
317,1,17,26,34,5,69,14,0,39,21,79,7,72
317,73,48,14,34,67,58,94,32,73,4,10,100,52
317,80,60,44,5,30,88,97,48,95,72,55,35,22
317,73,9,39,15,60,84,24,32,31,95,53,12,0
317,74,34,25,22,15,46,73,43,3,85,78,83,81
317,29,58,37,7,2,99,87,88,28,96,82,77,65
317,92,8,58,9,86,23,72,57,93,72,37,13,92
317,25,65,43,64,16,12,20,46,61,13,66,72,44
317,77,31,8,30,6,70,43,11,100,32,8,98,8
317,25,32,20,50,18,59,32,26,65,21,11,91,19
317,97,87,96,89,19,20,44,39,39,42,28,11,97
317,15,36,78,61,74,47,98,60,20,78,19,81,56
318,29,100,99,9,4,27,11,94,76,82,100,92,33
318,50,55,71,57,6,33,4,99,38,25,38,65,16
318,12,17,53,23,2,26,9,83,53,88,61,50,21
318,29,50,86,76,92,86,31,25,51,29,69,87,72
318,80,69,62,65,70,80,20,67,66,85,83,46,68
318,2,34,12,40,56,23,22,63,14,61,79,99,78
318,75,98,51,44,77,91,4,13,95,9,5,92,53
318,36,62,31,8,80,84,10,3,42,48,8,76,25
318,52,40,61,6,61,72,83,63,99,64,79,23,62
318,80,39,54,62,53,26,10,14,30,74,26,50,30
318,68,89,52,43,76,71,31,40,80,32,81,21,30
318,42,95,59,55,52,43,48,72,71,58,8,61,71
319,99,10,71,21,30,96,67,54,60,52,57,86,33
319,30,63,97,46,22,51,99,53,89,34,39,79,13
319,78,76,24,69,77,12,77,82,14,100,10,94,35
319,54,38,29,52,87,45,58,65,70,75,27,37,58
319,91,10,75,50,34,55,29,73,55,22,85,34,27
319,30,18,33,100,44,9,92,24,20,91,60,57,39
319,33,28,29,100,44,51,84,18,30,28,81,9,74
319,63,76,67,30,97,15,54,47,74,12,77,18,2
319,8,14,74,40,81,70,5,45,37,68,27,35,3
319,65,65,70,85,39,42,36,34,59,11,99,36,23
319,60,42,96,72,90,82,49,85,87,1,33,80,23
319,88,3,51,2,92,36,1,49,3,74,30,8,88
320,17,87,56,74,100,29,21,41,28,21,84,67,73
320,36,42,42,95,49,71,46,32,81,78,51,58,40
320,9,53,82,49,46,82,13,54,41,45,80,96,53
320,83,60,40,99,59,85,38,94,33,100,85,72,8
320,42,13,22,95,36,14,66,49,52,4,58,25,13
320,27,78,55,42,96,92,100,57,24,81,66,70,8
320,78,27,78,86,44,83,9,59,18,31,59,86,19
320,50,22,97,87,40,4,61,10,66,36,82,83,34
320,43,10,50,92,83,5,13,63,56,3,94,90,25
320,7,17,71,86,58,54,56,25,32,3,61,33,31
320,97,83,98,87,8,48,72,8,82,86,98,69,86
320,79,82,12,55,82,15,73,42,2,54,15,64,14
321,74,36,22,35,78,31,65,5,61,81,74,97,10
321,40,51,73,7,26,67,84,93,88,27,69,99,36
321,28,48,91,34,35,39,84,99,76,44,79,2,57
321,17,68,88,82,20,10,54,18,35,37,63,14,90
321,18,62,52,58,28,30,2,50,4,62,24,18,94
321,95,71,86,96,61,11,81,47,33,79,64,76,7
321,85,51,63,11,84,16,75,1,12,33,69,41,56
321,79,86,30,74,95,20,69,49,41,69,1,39,15
321,79,31,70,0,55,72,37,39,32,46,33,16,19
321,43,70,89,32,70,54,99,79,59,100,60,11,20
321,57,39,50,67,98,56,49,14,7,80,28,41,7
321,82,100,61,10,50,33,62,39,23,4,62,9,27
322,61,91,13,42,61,86,53,82,16,54,1,72,95
322,28,45,30,3,31,23,73,29,37,4,77,97,76
322,81,91,80,41,65,34,32,57,1,26,70,15,100
322,55,13,88,39,29,69,8,4,89,21,39,78,55
322,57,27,41,75,1,60,39,13,18,89,59,53,8
322,44,58,29,67,40,94,56,51,34,66,38,27,96
322,93,83,3,4,9,29,17,60,81,69,32,56,89
322,93,14,99,90,53,24,36,57,0,42,73,50,55
322,41,35,80,87,46,91,30,43,3,11,68,27,66
322,87,92,94,58,4,97,39,61,91,54,92,35,46
322,46,77,83,35,6,71,90,56,99,27,2,43,0
322,34,20,86,58,88,2,30,49,96,24,59,86,31
323,77,19,21,10,28,95,95,6,97,17,64,25,80
323,30,6,69,94,34,11,36,29,56,59,88,82,29
323,39,89,87,96,0,74,74,25,19,88,41,28,54
323,92,23,63,76,82,7,54,6,94,93,76,46,26
323,73,29,83,55,33,83,91,98,47,56,63,52,93
323,74,24,19,47,88,1,46,4,28,25,24,14,90
323,64,24,66,36,83,43,37,38,10,21,9,44,87
323,3,0,18,37,35,17,75,14,18,50,23,85,11
323,57,57,2,21,49,88,75,71,54,25,4,50,58
323,41,66,33,95,19,40,50,42,14,68,63,1,71
323,97,6,0,28,26,81,66,3,43,4,23,97,92
323,28,17,82,44,50,60,89,77,64,68,40,44,68
324,95,7,99,75,10,7,85,85,100,22,92,2,96
324,20,60,7,98,48,86,46,5,8,28,55,17,33
324,20,62,95,69,5,58,47,35,1,31,6,96,80
324,64,49,30,63,54,94,92,55,11,27,22,62,46
324,49,66,83,74,27,79,86,35,57,24,98,34,88
324,70,53,13,95,8,68,86,78,47,35,68,35,53
324,37,100,29,71,34,15,83,25,62,81,80,14,64
324,99,92,54,31,45,67,49,29,62,44,51,89,4
324,79,15,47,71,31,41,36,28,14,79,71,22,70
324,48,25,90,67,90,65,74,17,91,60,69,61,11
324,33,52,93,22,58,55,64,50,88,84,89,24,61
324,0,85,68,76,17,31,90,58,42,67,33,50,84
325,57,4,32,79,90,1,98,16,29,93,33,74,69
325,37,82,49,88,23,10,60,77,68,42,41,61,61
325,66,59,53,65,10,69,40,89,41,61,81,32,43
325,84,11,59,64,6,75,55,60,78,64,49,35,43
325,7,51,38,83,37,2,20,92,17,10,13,12,13
325,93,40,92,10,38,80,27,85,40,11,38,99,52
325,69,55,72,72,27,87,12,28,83,71,59,66,38
325,23,32,33,69,68,93,35,23,11,50,23,22,10
325,23,79,11,93,10,67,60,98,91,49,74,51,63
325,45,24,56,37,50,24,49,78,45,69,59,85,16
325,68,52,73,17,15,74,53,23,27,60,82,27,26
325,32,59,46,93,15,51,18,84,5,46,27,35,97
326,25,58,55,22,36,78,0,21,36,10,73,54,68
326,7,39,74,92,56,7,33,35,76,54,88,43,63
326,90,0,84,5,12,29,22,73,78,6,88,55,47
326,4,35,86,91,61,9,63,57,74,55,72,23,64
326,0,27,52,81,13,3,51,68,70,28,29,89,2
326,76,87,65,11,97,88,88,41,54,72,56,32,65
326,99,25,18,35,100,59,98,65,80,42,49,89,93
326,7,54,89,77,64,9,9,83,35,77,100,59,24
326,36,59,6,91,24,75,2,20,44,97,53,10,81
326,45,2,38,5,34,43,36,37,12,8,80,73,16
326,37,29,25,43,96,86,99,75,1,77,44,96,21
326,17,62,39,3,16,47,35,82,97,79,85,56,61
327,44,77,38,35,52,59,11,45,67,4,46,95,99
327,12,84,87,71,81,92,38,39,82,55,84,40,15
327,74,68,83,9,54,73,40,24,25,49,42,32,96
327,75,33,82,65,85,11,66,77,30,36,82,80,93
327,61,66,94,58,8,18,4,48,4,56,40,34,98
327,86,67,38,59,17,43,24,78,61,50,4,31,4
327,90,79,38,55,74,98,79,71,52,19,69,89,96
327,46,50,10,93,82,59,70,52,92,95,45,7,7
327,60,79,72,56,82,16,68,24,26,96,91,24,90
327,18,100,79,3,7,13,96,20,99,36,94,12,36
327,23,93,50,55,32,62,24,8,91,84,95,52,49
327,57,9,11,11,62,98,46,61,47,77,48,39,75
328,26,97,100,87,0,26,80,44,96,53,73,14,97
328,45,24,43,65,15,43,26,87,43,15,35,16,78
328,62,16,70,24,47,74,52,52,51,68,55,39,4
328,7,50,100,92,57,44,100,87,26,84,80,80,58
328,52,32,7,68,94,88,25,70,95,93,72,69,98
328,62,7,70,60,67,29,88,14,18,84,65,59,51
328,26,45,20,82,20,75,27,25,60,61,84,95,83
328,0,57,55,50,73,61,15,83,81,83,67,53,34
328,31,6,52,44,49,67,54,91,36,9,68,87,16
328,46,17,3,64,20,86,26,8,81,75,9,91,12
328,56,97,35,12,93,22,4,88,72,91,12,74,24
328,1,76,62,70,55,33,32,43,79,40,27,51,86
329,87,58,100,85,38,21,36,62,7,88,31,30,13
329,49,19,74,35,62,3,68,20,39,67,1,55,20
329,9,23,7,22,71,10,46,1,98,26,62,70,69
329,0,11,16,12,39,4,88,14,71,46,20,65,88
329,25,81,79,71,7,81,98,22,44,97,67,34,70
329,93,86,47,16,88,62,77,90,28,67,77,99,62
329,30,39,90,35,44,18,97,95,48,10,83,86,82
329,74,32,91,35,13,78,16,3,41,7,27,80,42
329,38,58,20,100,93,20,49,35,94,29,13,7,71
329,71,1,51,18,43,34,57,41,96,80,13,24,76
329,32,6,38,53,60,89,31,56,48,96,33,79,43
329,25,21,19,24,36,27,95,99,100,65,33,93,42
330,12,5,44,74,73,92,36,21,80,36,77,95,20
330,64,50,57,72,10,50,18,28,59,95,10,70,23
330,49,90,17,53,41,24,37,2,50,80,53,74,63
330,64,15,47,23,55,12,72,70,55,50,49,76,16
330,99,64,92,52,72,67,68,70,59,4,4,14,80
330,71,18,33,86,20,92,97,96,0,36,45,20,89
330,69,77,28,31,84,88,93,69,16,58,89,68,53
330,100,98,32,22,77,55,31,28,54,34,14,83,4
330,78,47,65,67,19,34,66,30,43,71,37,84,41
330,93,69,80,46,6,99,56,99,25,44,82,39,49
330,2,38,63,62,79,6,94,77,100,63,62,38,1
330,86,2,13,19,17,43,91,51,43,92,67,27,25
331,45,0,17,1,77,52,60,0,81,64,4,54,31
331,16,78,3,35,52,11,22,31,31,18,80,12,44
331,27,11,13,31,30,3,45,56,100,22,85,75,10
331,4,46,63,50,3,80,43,56,45,82,28,37,33
331,38,72,89,93,36,14,49,16,100,24,85,72,72
331,5,71,93,54,43,4,19,29,83,19,94,84,86
331,2,71,76,52,23,75,8,12,11,90,15,38,26
331,21,22,67,45,46,19,49,65,41,85,35,32,81
331,82,95,80,66,98,62,36,18,46,93,95,34,79
331,2,98,27,12,70,51,45,21,8,1,38,46,44
331,45,95,15,54,77,29,46,98,89,84,1,8,50
331,88,29,88,79,14,57,2,38,29,87,8,66,52
332,29,38,91,81,3,63,6,3,40,35,87,52,42
332,69,43,30,28,28,96,78,89,14,84,38,72,77
332,20,49,59,40,71,54,81,95,15,6,4,10,96
332,20,57,68,98,86,32,28,51,88,93,40,8,56
332,40,54,14,30,100,33,10,35,12,79,94,30,75
332,7,40,40,41,55,40,56,29,76,47,17,63,99
332,94,61,9,90,58,29,28,85,44,36,18,23,65
332,44,80,42,21,63,69,71,88,72,55,81,48,7
332,20,61,70,73,58,67,22,18,28,64,59,41,49
332,39,93,94,27,10,77,76,42,28,89,25,47,91
332,36,1,44,23,0,71,84,50,99,32,53,27,84
332,85,22,23,8,38,77,45,18,87,57,76,98,65
333,99,53,22,90,84,95,87,41,55,81,24,33,42
333,18,20,14,64,79,79,100,31,53,89,63,31,44
333,48,46,41,69,9,45,65,18,54,97,60,3,77
333,7,12,53,49,86,13,57,41,37,4,29,48,41
333,44,34,52,64,71,80,71,53,79,60,5,70,11
333,39,44,89,79,22,17,10,42,24,72,1,43,19
333,24,67,60,18,96,76,30,24,52,99,18,81,31
333,10,5,80,99,45,45,76,49,58,14,65,36,25
333,47,53,51,19,99,58,57,7,100,35,0,4,75
333,90,7,57,44,55,5,4,23,40,64,37,33,52
333,48,46,75,27,47,87,13,66,8,82,14,3,36
333,63,86,76,80,61,70,42,42,40,12,39,51,90
334,25,15,54,9,43,83,47,72,54,64,58,57,54
334,35,54,60,46,89,51,41,48,22,9,5,85,92
334,77,91,26,54,97,22,94,64,61,68,45,85,84
334,75,25,29,21,28,24,69,59,16,83,80,18,60
334,92,8,9,16,43,45,53,71,81,98,70,83,8
334,80,83,65,59,99,73,65,80,17,61,62,85,95
334,96,21,3,53,0,59,60,16,26,41,71,99,24
334,79,21,86,92,39,65,46,70,15,30,93,57,4
334,70,47,95,40,92,22,22,38,71,48,83,100,86
334,44,59,37,39,69,35,4,81,61,48,66,73,86
334,65,23,45,80,3,59,97,100,3,43,36,78,98
334,81,79,33,18,48,64,86,28,90,94,79,64,59
335,4,85,41,28,32,51,11,89,43,84,40,64,90
335,96,4,1,54,98,23,97,51,11,75,96,29,77
335,82,96,19,6,24,0,19,35,29,62,87,16,14
335,79,51,56,32,71,73,30,32,62,48,35,56,13
335,59,72,37,69,59,35,37,35,0,57,48,8,16
335,30,69,51,6,26,71,93,90,82,19,88,6,55
335,72,1,17,79,21,18,94,18,44,82,77,90,71
335,54,8,24,12,83,62,40,16,56,12,47,69,18
335,83,47,14,49,93,3,19,29,49,83,33,60,94
335,47,14,8,35,4,36,67,45,72,100,11,21,65
335,73,1,11,94,19,0,32,59,16,76,12,93,63
335,11,70,53,89,33,1,16,28,4,15,78,21,87
336,44,1,67,95,20,41,24,28,79,46,50,73,61
336,52,44,44,7,72,75,100,1,48,50,47,34,39
336,51,64,45,57,77,79,46,73,4,50,60,10,66
336,42,78,79,34,72,49,19,68,74,37,53,10,45
336,71,25,24,56,19,4,57,84,32,50,72,41,70
336,12,6,22,42,14,0,37,83,47,58,89,7,29
336,43,48,92,46,62,61,35,90,11,10,37,78,37
336,17,91,87,98,48,12,5,11,79,40,64,79,43
336,77,23,30,83,90,86,54,64,16,94,38,59,90
336,18,43,60,54,79,30,41,46,78,3,13,73,60
336,7,70,15,67,24,72,77,46,34,98,12,35,69
336,45,0,4,3,45,99,15,11,21,89,14,37,96
337,44,60,87,68,81,39,48,97,83,57,84,92,39
337,31,63,70,87,24,60,58,54,73,8,95,55,47
337,9,25,93,20,36,32,74,35,77,100,8,59,94
337,69,96,56,16,61,79,92,8,58,78,79,40,53
337,21,33,5,89,36,32,14,82,84,17,80,1,1
337,62,66,64,87,40,85,92,92,33,54,42,33,4
337,23,7,81,49,78,38,53,57,30,14,78,54,59
337,48,54,11,72,85,28,83,84,46,73,46,43,3
337,1,89,79,47,61,8,97,31,68,17,79,87,35
337,87,55,45,67,41,82,48,43,27,86,85,97,62
337,30,23,91,26,38,89,5,26,90,37,46,40,90
337,76,36,73,32,44,4,64,98,42,43,97,85,24
338,76,9,68,41,50,79,80,69,100,16,91,0,61
338,1,88,9,21,84,68,1,38,96,21,21,32,29
338,82,21,67,36,36,7,7,3,57,45,57,89,29
338,99,67,34,27,17,20,50,18,91,85,19,18,82
338,49,65,29,52,94,72,16,17,75,10,22,83,32
338,84,44,12,27,60,50,15,8,84,60,20,25,33
338,18,84,88,36,79,72,80,46,66,56,60,43,76
338,60,55,9,27,79,10,25,37,26,74,38,20,47
338,69,60,43,80,37,90,78,35,46,9,26,65,95
338,12,75,94,36,45,17,38,19,7,15,52,18,86
338,52,89,9,34,84,10,41,19,77,19,15,1,91
338,35,46,77,6,41,37,17,82,55,66,70,33,82
339,87,69,71,43,23,94,4,66,27,63,3,88,38
339,13,17,3,41,68,33,15,79,61,52,31,61,7
339,72,25,59,64,43,89,18,93,3,91,98,89,97
339,26,90,87,48,73,31,45,71,35,3,20,51,69
339,34,21,88,72,7,80,62,88,32,77,70,24,20
339,45,4,77,3,59,9,63,98,10,37,11,63,1
339,44,93,89,17,56,3,45,10,86,64,76,48,92
339,7,2,87,67,21,11,27,19,44,4,62,72,30
339,48,67,80,83,17,31,7,23,5,35,66,77,16
339,56,12,92,0,14,0,89,0,12,1,77,88,38
339,21,97,37,89,8,83,94,43,9,97,71,33,88
339,99,37,0,52,17,74,33,78,60,44,16,17,7
340,92,29,36,5,84,9,55,42,89,5,100,54,45
340,72,71,33,44,18,32,82,34,94,42,85,63,23
340,19,38,31,14,40,81,2,79,100,40,18,86,77
340,75,35,22,84,79,62,72,19,86,5,76,41,32
340,60,73,33,31,53,78,62,95,49,70,55,51,11
340,15,11,57,17,79,93,62,1,92,40,79,14,39
340,92,81,87,27,12,48,99,32,71,13,0,90,42
340,25,47,12,59,37,90,85,88,11,11,55,97,31
340,36,84,83,96,53,65,22,85,87,43,28,47,50
340,95,39,17,12,49,18,24,60,50,6,77,74,35
340,47,90,50,96,99,72,14,33,71,71,45,58,0
340,71,6,27,36,69,26,64,29,24,50,6,26,89
341,47,31,58,99,75,44,20,89,26,42,0,30,94
341,75,55,56,61,70,43,71,5,22,23,97,71,93
341,74,12,74,75,28,25,73,61,11,42,39,98,80
341,53,50,97,94,6,41,96,59,17,44,51,20,60
341,31,95,22,49,12,74,65,90,61,58,30,74,36
341,95,86,14,18,0,45,84,77,33,80,49,79,42
341,36,6,99,0,45,18,44,36,73,38,92,72,9
341,86,24,74,6,29,61,20,71,55,62,42,79,90
341,61,17,5,60,95,49,90,19,11,46,32,66,81
341,93,20,46,97,33,31,93,27,93,38,84,6,28
341,60,27,32,46,86,48,94,59,30,25,57,92,9
341,33,26,53,55,34,74,44,8,11,35,98,25,60
342,65,9,27,34,85,29,8,7,42,58,28,76,46
342,0,89,63,48,95,99,65,71,86,60,70,89,91
342,13,8,48,100,19,8,19,19,41,98,53,12,57
342,89,50,99,98,51,75,60,59,12,29,47,77,40
342,41,14,45,58,19,53,31,99,94,73,75,87,4
342,74,18,55,88,90,91,97,68,52,5,9,81,91
342,67,67,85,11,41,37,62,100,4,76,2,47,57
342,30,66,39,74,70,44,26,69,30,94,96,3,15
342,44,47,38,67,18,24,94,93,9,13,0,47,42
342,19,36,86,94,80,94,23,65,76,26,86,18,0
342,9,13,3,1,73,61,7,60,82,24,9,40,17
342,13,34,8,11,56,63,97,1,92,29,89,4,5
343,86,10,27,17,92,100,39,62,41,25,63,33,14
343,50,19,98,46,48,85,68,85,86,35,12,44,54
343,67,13,68,55,19,12,65,19,63,67,9,22,68
343,46,31,55,22,15,60,35,35,26,21,21,28,6
343,74,99,95,44,95,45,89,19,39,5,66,38,0
343,44,22,45,41,94,43,7,43,61,8,95,68,96
343,5,28,77,35,26,61,78,84,15,24,51,77,97
343,39,49,6,76,15,3,62,11,20,88,82,22,94
343,86,88,84,88,56,20,76,43,27,22,28,49,81
343,80,13,26,71,13,50,7,69,99,3,100,98,66
343,10,81,28,67,88,99,77,17,89,43,74,3,22
343,57,90,79,69,62,65,34,6,97,70,25,4,25
344,81,49,24,43,76,53,83,100,57,47,98,60,46
344,69,90,22,43,37,15,12,86,58,11,17,68,41
344,13,20,39,82,99,26,83,33,42,63,71,23,38
344,41,57,57,77,66,19,86,10,69,65,46,84,7
344,68,86,47,97,23,90,43,90,71,47,96,57,34
344,7,55,43,1,1,12,18,58,64,61,96,82,11
344,24,73,65,64,33,80,14,7,95,63,16,1,93
344,93,41,78,51,20,63,13,41,57,4,76,20,6
344,33,83,81,61,66,3,55,76,90,94,64,94,67
344,0,41,15,57,8,55,85,81,87,100,85,52,93
344,56,16,7,30,55,16,30,92,92,85,51,48,81
344,45,82,14,26,17,69,30,30,72,84,3,72,70
345,20,3,14,96,4,10,41,55,71,41,56,15,28
345,10,13,93,19,94,13,35,31,19,25,27,3,53
345,88,43,33,53,93,44,38,63,43,26,90,3,70
345,60,71,7,84,18,35,35,55,40,89,0,51,12
345,72,66,10,91,60,2,54,75,100,60,81,79,6
345,92,45,91,85,45,92,98,26,23,70,23,38,0
345,45,69,100,71,73,31,28,77,85,44,11,22,99
345,4,5,31,60,98,63,12,59,34,78,80,69,0
345,34,72,29,25,5,22,65,7,5,29,49,3,82
345,66,34,13,67,10,86,11,55,33,98,39,21,77
345,62,50,3,87,99,66,6,72,72,18,63,5,62
345,91,55,63,57,56,5,45,1,78,59,55,10,86
346,39,69,66,61,22,36,69,67,70,70,20,96,52
346,98,53,71,63,12,4,47,92,88,34,88,88,30
346,23,46,83,13,98,8,24,43,17,27,36,18,80
346,30,53,11,37,73,3,88,70,12,57,65,97,98
346,41,31,75,79,9,63,82,15,97,10,26,90,39
346,20,50,90,14,77,28,8,78,51,95,87,70,92
346,18,43,91,1,61,30,90,41,20,42,100,9,47
346,73,27,43,44,98,66,26,79,62,38,66,38,56
346,15,74,64,46,23,39,97,88,70,77,80,69,27
346,60,99,73,10,73,3,78,51,14,75,25,83,35
346,17,35,44,80,76,43,33,88,86,90,91,44,27
346,37,5,83,27,65,13,34,10,27,90,80,53,82
347,99,26,100,22,33,15,29,60,74,87,57,71,61
347,26,96,43,55,46,65,83,40,34,14,26,47,62
347,90,6,24,19,5,40,78,58,54,26,65,87,20
347,8,23,70,43,76,89,6,43,41,65,5,77,30
347,41,90,38,98,93,80,15,13,29,72,50,81,56
347,49,65,6,45,100,98,84,13,26,95,92,84,99
347,44,18,56,66,19,39,5,9,58,76,18,82,48
347,88,21,38,88,15,89,57,53,42,32,6,42,8
347,92,80,67,28,24,90,9,49,60,20,61,61,58
347,21,17,84,78,86,14,65,13,52,97,88,92,88
347,42,96,61,89,67,26,23,60,49,62,90,98,74
347,48,84,43,60,97,91,27,20,85,2,38,92,21
348,8,68,15,84,44,6,62,80,64,96,7,52,100
348,74,98,95,54,28,47,30,22,30,94,94,75,42
348,53,11,82,92,34,23,21,96,97,100,69,28,47
348,31,75,47,53,94,67,2,21,22,54,25,30,17
348,46,12,33,47,18,78,100,6,34,89,3,61,95
348,72,50,96,68,100,93,55,98,38,61,54,77,20
348,43,28,68,34,70,16,89,43,88,85,16,0,9
348,7,64,79,17,93,73,15,84,61,80,51,72,44
348,69,59,22,32,6,21,20,76,92,77,74,48,33
348,39,97,31,47,82,2,24,35,23,61,54,27,53
348,43,19,72,1,58,62,100,47,98,67,28,93,49
348,50,74,84,19,49,79,39,88,8,39,57,13,89
349,22,16,51,97,96,26,85,17,39,37,75,64,41
349,67,67,63,76,73,79,18,34,76,22,88,83,64
349,15,0,55,6,23,64,89,92,4,53,13,90,28
349,68,9,23,88,70,85,81,43,56,19,52,21,95
349,79,68,80,84,29,17,62,22,97,8,88,48,29
349,67,99,73,99,49,54,92,75,51,83,85,60,9
349,14,70,86,71,5,94,53,43,30,49,1,66,55
349,79,55,16,91,71,3,37,33,3,100,68,29,100
349,43,64,56,62,47,95,45,6,15,10,95,96,9
349,12,21,0,75,71,12,16,30,51,87,83,3,0
349,3,58,1,10,31,83,31,33,19,48,76,86,81
349,89,67,79,4,22,96,72,55,44,66,50,79,84
350,0,37,93,61,47,85,85,68,89,46,96,32,48
350,12,5,46,8,22,18,51,3,8,82,6,31,50
350,77,96,23,48,71,95,15,54,86,86,66,90,47
350,94,12,98,14,89,59,82,82,54,92,14,52,43
350,10,22,11,86,82,18,97,73,58,7,40,3,30
350,87,5,71,27,46,3,57,70,51,62,22,55,60
350,64,44,77,28,98,93,59,11,85,84,60,71,16
350,42,6,66,91,10,57,76,6,89,38,27,9,72
350,38,84,71,94,93,94,3,7,98,6,9,71,53
350,30,66,53,45,100,54,27,28,41,60,65,15,54
350,37,48,46,43,12,97,21,36,97,70,88,15,41
350,97,13,86,36,74,97,7,72,56,86,27,72,39
351,4,67,44,41,38,51,80,26,97,3,43,31,26
351,13,46,91,0,82,100,73,66,10,70,77,81,18
351,66,48,29,64,67,63,53,75,32,24,26,49,88
351,16,53,56,51,8,65,11,47,69,99,1,7,34
351,91,75,87,53,35,69,92,35,98,36,22,51,38
351,50,43,83,95,75,31,86,70,13,84,62,89,83
351,85,86,60,50,64,45,81,29,83,94,65,79,95
351,78,96,31,96,70,90,10,56,80,54,78,49,25
351,18,88,14,67,63,78,81,5,8,50,36,100,7
351,45,31,82,55,93,91,1,80,38,84,18,51,48
351,29,8,97,51,9,95,48,51,42,7,10,73,21
351,8,30,25,94,49,96,39,77,91,87,1,86,28
352,95,39,17,48,91,47,61,55,49,63,34,6,51
352,37,70,57,45,82,84,66,65,36,50,72,46,9
352,88,59,12,56,32,58,91,63,68,46,84,29,51
352,49,49,86,55,43,31,55,76,17,18,59,8,82
352,99,66,68,12,2,78,83,14,70,38,26,63,5
352,87,91,60,77,97,20,14,98,46,17,86,3,86
352,22,71,41,61,41,88,98,98,38,66,63,71,69
352,21,48,13,65,85,61,4,64,10,21,71,40,3
352,44,51,17,75,33,44,69,14,19,15,15,97,78
352,6,66,50,31,36,80,4,34,75,60,44,37,60
352,36,80,73,11,35,18,81,16,20,67,91,3,39
352,80,83,13,77,10,27,76,78,67,84,91,71,49
353,49,78,86,47,78,29,85,86,47,74,89,14,46
353,73,47,93,63,48,87,51,26,2,70,77,18,98
353,33,96,33,29,20,75,96,95,1,99,94,46,26
353,66,95,11,68,85,87,82,44,85,7,30,91,59
353,16,7,37,13,100,72,81,42,83,35,37,75,5
353,47,6,71,42,99,37,80,37,11,92,43,1,46
353,46,77,91,41,91,40,63,37,26,14,63,81,11
353,94,74,95,64,19,2,14,70,79,72,21,62,11
353,74,11,35,42,45,25,67,58,80,25,78,13,66
353,0,24,30,31,1,85,37,80,11,84,93,1,5
353,38,73,2,19,95,99,53,35,31,30,86,92,77
353,35,97,73,71,76,56,27,18,39,9,31,75,84
354,76,87,50,31,47,26,22,39,11,28,20,52,69
354,50,96,9,66,17,88,66,88,89,49,64,79,81
354,41,34,8,13,48,69,93,83,57,78,94,41,89
354,40,37,79,5,66,28,7,96,13,100,83,93,82
354,2,8,73,86,44,96,92,43,32,2,62,64,100
354,75,79,75,90,9,11,15,24,31,74,6,85,78
354,76,28,14,54,32,14,17,12,93,63,91,60,78
354,8,81,62,94,1,40,30,15,36,46,35,84,38
354,13,91,1,38,21,40,22,64,55,21,36,5,25
354,11,91,8,94,68,28,81,93,16,9,48,43,79
354,90,60,86,37,99,24,38,76,37,40,50,16,86
354,37,41,0,90,36,54,46,63,55,15,25,6,10
355,76,81,57,38,57,23,61,26,52,96,0,76,10
355,83,26,6,13,73,53,60,20,89,10,20,29,22
355,41,49,83,19,57,52,80,82,18,43,58,7,58
355,61,48,72,14,86,71,6,3,80,90,55,74,94
355,21,95,84,17,1,53,61,72,20,32,72,18,39
355,76,46,43,68,25,22,62,63,86,52,94,75,43
355,44,72,41,64,42,64,76,22,92,98,49,80,0
355,47,72,39,11,58,2,97,71,80,31,49,79,40
355,75,24,82,67,78,60,98,67,74,1,78,15,54
355,69,41,10,13,16,26,16,46,3,56,68,95,60
355,4,57,74,31,99,79,45,28,99,9,9,45,37
355,6,12,84,70,44,95,36,96,28,2,95,85,28
356,54,61,43,19,36,56,81,81,73,9,84,21,93
356,32,80,75,0,46,85,16,17,72,97,3,83,46
356,41,25,52,100,8,22,68,75,22,87,85,0,53
356,27,41,13,38,32,85,16,82,55,78,43,90,11
356,36,70,71,93,85,41,5,12,32,63,4,73,2
356,45,29,86,10,97,44,23,88,94,73,42,93,32
356,8,72,37,11,23,67,43,93,77,58,23,83,68
356,70,26,59,40,68,42,73,91,25,59,1,83,56
356,50,79,61,40,59,79,30,82,47,92,86,42,91
356,57,2,27,37,56,29,48,41,19,20,79,59,3
356,16,25,22,81,24,41,96,16,95,54,13,65,67
356,97,17,26,25,15,36,26,59,4,7,89,31,7
357,8,77,7,15,72,13,13,37,44,21,98,71,61
357,65,25,19,33,72,59,55,46,75,63,40,46,28
357,51,1,50,48,48,77,78,19,59,63,65,85,19
357,30,54,6,59,21,2,57,92,56,26,98,10,56
357,93,71,88,78,64,77,55,47,24,98,33,5,14
357,62,38,51,19,84,22,60,49,94,19,57,9,61
357,74,29,48,39,90,69,94,73,43,6,100,75,53
357,78,42,64,93,16,22,83,77,24,27,6,61,57
357,6,38,7,99,60,18,0,80,45,43,27,19,51
357,59,62,18,65,47,20,44,48,24,6,43,86,83
357,49,35,18,18,34,88,95,35,85,27,27,78,8
357,69,99,41,11,39,57,99,59,4,95,84,47,38
358,15,88,89,19,75,77,29,30,49,0,59,4,70
358,37,42,62,14,96,68,84,7,57,58,42,62,4
358,38,29,50,24,10,48,59,64,3,37,47,78,94
358,48,8,26,76,2,46,31,66,40,68,88,0,5
358,88,69,39,65,39,59,68,24,0,13,85,98,91
358,25,96,31,41,8,20,47,76,20,94,81,49,34
358,1,6,38,59,82,4,87,67,37,69,29,30,6
358,62,42,17,5,90,3,29,43,70,66,82,42,67
358,76,96,62,93,85,81,91,99,60,19,44,34,8
358,37,76,96,2,89,6,41,46,29,95,87,74,14
358,60,58,23,86,38,36,98,98,10,76,89,40,1
358,60,42,51,56,57,41,73,26,99,8,81,30,18
359,60,79,12,61,22,62,67,84,88,71,91,58,17
359,52,3,9,52,0,42,78,61,93,40,79,78,19
359,95,82,45,3,27,23,39,21,8,80,43,50,38
359,43,91,56,79,45,76,76,15,34,45,62,72,60
359,29,38,54,17,7,15,24,54,47,86,23,18,52
359,76,3,7,30,100,37,18,86,28,95,75,11,88
359,75,85,51,48,94,72,16,29,90,60,53,98,32
359,79,1,14,82,14,85,80,61,91,89,2,32,88
359,37,91,16,66,27,28,90,55,44,46,64,10,27
359,36,24,14,9,73,88,85,34,76,9,34,56,55
359,80,20,70,65,77,40,62,16,76,96,67,1,52
359,10,40,83,75,83,80,10,10,61,91,51,14,14
360,64,16,65,66,30,59,51,24,76,71,6,100,69
360,77,5,22,77,50,82,87,6,84,93,62,29,58
360,37,95,20,75,99,41,4,23,7,30,81,43,12
360,24,50,66,72,24,15,3,32,57,66,61,49,47
360,32,18,74,34,62,5,64,66,84,25,50,100,63
360,47,94,26,48,51,51,47,41,28,61,8,69,89
360,82,93,85,72,0,55,32,32,45,41,55,85,6
360,20,48,68,78,76,63,69,10,51,50,78,10,87
360,80,78,48,10,41,38,79,51,60,13,17,97,16
360,93,9,37,98,33,58,46,55,59,17,38,52,5
360,16,0,78,28,55,86,23,88,46,5,13,64,46
360,72,77,80,43,84,24,88,66,6,94,69,97,4
361,91,33,59,27,53,11,5,81,67,82,1,41,23
361,88,95,42,62,85,4,97,77,89,70,9,96,48
361,21,35,65,30,88,76,58,20,18,73,69,37,97
361,17,8,31,9,23,66,90,10,15,45,48,47,17
361,17,48,88,78,44,100,32,86,25,30,83,43,58
361,51,18,4,3,47,51,97,33,41,31,23,31,35
361,0,77,98,15,49,20,71,99,49,65,18,57,0
361,93,24,2,71,82,17,67,79,20,61,19,97,47
361,23,31,49,66,48,24,75,94,54,2,31,17,90
361,21,71,31,54,77,79,46,9,37,6,11,30,60
361,69,30,52,38,56,8,40,30,91,97,26,25,77
361,100,50,76,77,91,54,12,92,58,61,93,44,11
362,9,26,40,23,74,63,69,37,33,67,39,82,30
362,11,70,36,31,29,65,70,9,26,23,22,26,10
362,32,94,85,60,12,0,93,86,55,9,0,38,15
362,63,47,17,17,27,53,38,25,14,19,23,93,89
362,10,25,8,38,25,5,11,55,24,5,12,61,83
362,17,35,16,31,39,23,47,71,66,57,15,42,7
362,39,11,4,88,41,65,59,56,58,35,90,36,39
362,41,62,59,80,53,36,30,40,27,47,76,60,36
362,72,37,91,46,18,28,48,96,52,32,56,73,17
362,24,8,55,96,15,87,87,12,84,72,16,64,82
362,80,18,1,89,38,54,81,22,5,17,53,73,95
362,74,82,76,28,60,41,19,12,65,23,24,53,55
363,87,73,40,85,46,21,18,7,35,53,87,27,27
363,52,73,4,63,11,5,1,86,23,81,7,87,29
363,73,30,12,57,97,92,63,65,7,51,26,70,45
363,36,2,34,42,79,13,100,39,74,0,58,70,81
363,11,53,17,20,41,28,41,40,64,76,26,76,52
363,32,92,5,13,20,62,27,78,22,26,41,64,6
363,40,34,8,58,37,68,12,11,84,23,27,74,27
363,52,68,50,1,52,81,58,32,23,64,70,50,4
363,85,27,8,23,14,5,33,16,8,54,82,67,2
363,4,97,22,91,80,57,43,51,98,81,100,12,11
363,41,62,53,47,45,9,97,25,65,82,10,96,49
363,74,38,24,94,21,71,75,100,62,52,59,44,61
364,28,72,94,95,26,50,26,33,36,13,86,26,86
364,26,11,96,69,64,8,21,49,84,95,90,92,66
364,17,66,43,56,28,42,76,33,18,28,22,2,68
364,33,69,26,77,67,11,26,89,16,16,15,75,96
364,17,20,0,83,90,26,84,8,38,87,59,33,72
364,5,24,20,36,8,47,61,93,12,81,25,28,10
364,34,23,21,98,89,38,43,96,81,43,46,17,86
364,88,42,3,9,4,34,33,90,51,71,8,31,32
364,1,0,80,87,78,58,64,8,44,19,48,22,41
364,95,94,41,3,42,99,5,20,71,53,50,1,99
364,55,14,63,10,95,86,30,68,53,27,7,72,62
364,47,28,70,70,25,34,61,6,98,3,37,94,71
365,90,24,2,7,84,86,26,64,73,21,75,78,44
365,94,39,8,59,4,24,83,2,17,38,14,39,14
365,68,5,15,15,4,37,90,89,74,81,72,94,85
365,87,44,28,53,49,64,92,88,50,85,39,14,8
365,79,3,25,76,60,21,82,44,72,95,63,41,57
365,1,92,18,43,89,98,28,35,66,8,84,29,17
365,45,56,11,19,49,0,18,95,66,21,85,62,72
365,76,62,11,21,87,46,17,87,77,5,26,85,85
365,10,24,67,10,91,37,87,81,40,27,72,6,20
365,20,49,70,39,11,56,93,33,74,78,50,94,8
365,52,12,72,66,35,85,18,84,54,16,2,29,88
365,69,45,45,8,11,34,96,93,6,63,86,9,68
366,77,44,46,33,37,88,61,42,100,76,35,75,89
366,99,61,83,31,42,45,29,79,15,16,89,40,100
366,4,77,94,45,62,66,77,55,41,24,64,55,73
366,87,100,19,80,54,18,35,72,100,56,24,11,41
366,40,90,32,11,2,77,74,23,44,86,94,24,58
366,20,55,61,46,27,63,30,39,42,53,90,12,27
366,43,13,91,33,52,34,62,61,23,69,48,21,2
366,61,40,39,66,38,52,6,41,91,9,77,56,53
366,27,8,86,100,21,70,66,6,5,77,78,71,18
366,61,48,40,20,38,79,91,51,98,82,5,0,76
366,100,97,61,61,21,62,32,58,84,54,94,40,16
366,46,58,34,68,85,9,84,18,34,95,44,36,47
367,57,32,6,50,69,89,37,80,72,77,51,93,12
367,90,62,73,37,80,94,36,94,49,66,41,89,15
367,88,50,54,59,82,35,40,1,76,61,17,25,20
367,54,12,14,17,41,52,23,81,57,4,39,17,53
367,71,12,40,93,32,53,29,40,56,69,96,67,88
367,26,95,85,78,60,64,66,54,85,29,98,80,20
367,9,63,4,28,83,29,78,86,79,70,89,79,42
367,14,30,8,84,3,87,71,94,78,87,96,93,28
367,84,4,6,60,100,81,52,65,87,44,17,72,63
367,35,64,26,100,27,25,64,32,58,47,93,85,80
367,1,21,87,92,85,91,57,41,52,32,71,50,29
367,70,36,100,86,58,31,17,33,37,55,11,10,3
368,52,62,61,72,14,9,37,69,33,99,50,64,0
368,33,13,4,34,17,75,68,13,45,97,77,61,58
368,82,16,4,78,27,14,70,65,47,33,9,24,22
368,91,29,2,97,46,66,75,95,72,84,96,40,60
368,12,96,97,86,17,41,64,94,50,86,44,41,84
368,27,77,40,21,42,45,46,4,26,82,85,85,55
368,40,37,95,55,75,83,93,51,51,32,80,49,58
368,42,58,1,92,64,26,73,90,61,44,58,86,23
368,24,25,22,72,66,5,45,68,27,1,74,95,93
368,15,22,53,82,97,32,80,28,26,98,9,60,44
368,61,87,29,54,52,6,33,0,5,34,83,31,79
368,30,18,14,50,75,39,34,0,0,14,50,74,74
369,51,86,57,53,80,11,90,48,7,18,95,90,30
369,35,54,87,16,18,5,67,14,91,93,62,23,70
369,8,58,19,31,23,19,12,72,35,49,4,34,32
369,49,33,71,72,48,78,6,11,85,7,27,31,72
369,58,6,46,31,19,61,81,27,90,53,53,5,18
369,18,74,47,2,50,44,64,83,45,6,43,10,54
369,20,6,7,46,62,74,16,60,77,72,50,25,94
369,3,55,60,80,18,51,70,10,9,5,50,50,31
369,26,95,31,19,50,97,70,99,99,9,9,8,80
369,12,80,15,5,10,98,70,80,13,53,8,39,14
369,75,2,87,1,16,19,78,30,54,83,89,57,96
369,2,48,7,58,48,71,57,19,71,18,47,83,39
370,21,11,50,100,29,44,51,50,15,85,20,91,79
370,45,6,54,29,16,35,61,91,59,16,30,32,48
370,13,37,6,77,80,9,51,2,9,85,22,58,64
370,68,82,62,61,94,63,94,33,4,48,90,40,40
370,28,17,100,78,37,91,23,71,36,3,82,51,18
370,77,64,57,48,73,74,15,81,6,13,48,29,39
370,54,42,66,33,14,11,10,55,71,70,82,67,81
370,16,26,86,10,52,55,35,80,27,42,28,25,60
370,80,13,5,9,5,24,60,11,95,60,73,86,75
370,75,58,88,29,13,42,65,3,40,33,5,5,73
370,22,0,97,95,92,62,31,60,57,88,39,32,23
370,26,7,33,6,95,91,34,99,41,93,83,35,30
371,2,44,17,2,99,59,68,30,90,99,65,4,8
371,75,59,95,20,83,5,35,6,84,99,31,27,65
371,10,13,77,20,19,59,13,56,68,75,14,32,84
371,64,91,6,100,70,42,99,99,93,14,92,74,56
371,25,23,96,0,10,42,65,5,34,11,66,79,19
371,36,30,84,52,43,63,68,77,64,11,46,45,37
371,86,17,43,88,21,8,49,15,42,30,99,96,8
371,98,68,90,83,83,24,40,50,61,65,80,53,99
371,67,66,55,74,25,24,31,36,79,52,21,75,32
371,69,39,64,31,88,69,97,94,54,25,18,93,95
371,43,34,51,30,77,56,78,4,53,22,13,57,0
371,18,75,97,98,52,79,16,64,43,23,93,86,52
372,11,54,12,79,17,98,12,98,45,48,72,86,28
372,12,88,88,62,49,70,57,9,87,28,49,28,19
372,2,87,4,84,12,49,66,19,0,30,23,63,63
372,16,41,78,60,72,84,56,19,8,73,36,11,53
372,55,86,5,59,52,74,51,77,8,75,41,20,8
372,17,61,94,49,22,34,74,39,87,30,42,66,2
372,7,92,51,76,55,54,32,2,23,60,25,37,79
372,50,23,87,90,29,51,10,46,39,64,19,19,30
372,42,9,40,52,26,14,39,19,89,66,99,26,53
372,78,95,10,8,29,97,72,81,55,47,89,14,7
372,21,40,39,34,11,32,59,69,100,26,41,83,41
372,13,79,71,12,17,15,5,21,44,1,76,19,14
373,95,57,46,51,55,16,7,25,34,49,0,23,97
373,75,32,87,25,93,30,32,63,26,68,44,50,15
373,98,84,65,18,20,69,40,68,40,77,23,75,96
373,37,1,51,52,28,47,75,31,17,44,12,27,50
373,91,99,91,34,66,82,87,4,23,71,20,69,92
373,62,79,98,46,5,62,29,64,14,33,87,17,0
373,79,89,24,99,46,86,8,30,49,46,96,91,57
373,7,0,52,1,23,31,43,19,59,44,26,79,60
373,81,62,70,84,40,83,16,73,69,43,68,52,94
373,94,30,45,70,86,32,24,69,88,80,32,0,29
373,79,55,11,73,67,35,23,31,45,40,86,60,34
373,36,93,56,25,95,11,7,50,48,41,41,18,90
374,90,78,23,56,18,17,24,82,72,96,96,20,59
374,55,14,50,87,4,6,29,62,77,73,80,0,87
374,86,97,94,49,75,91,65,85,13,64,88,42,67
374,98,61,79,13,35,62,29,79,7,67,53,59,99
374,21,47,50,50,87,28,27,95,8,50,64,3,24
374,51,62,99,24,31,73,26,69,1,81,84,68,83
374,15,69,38,82,87,25,33,79,32,77,1,3,10
374,32,84,74,100,37,42,4,25,5,71,7,41,37
374,69,63,13,39,60,40,68,87,90,46,44,72,90
374,52,23,86,6,52,9,75,40,32,91,33,4,89
374,23,46,63,1,87,25,63,93,46,28,33,26,12
374,7,66,97,23,34,70,80,35,2,59,82,96,63
375,72,33,68,9,35,49,1,45,95,89,30,14,38
375,86,94,68,21,31,60,64,73,74,97,54,97,91
375,93,74,75,14,12,94,82,72,82,52,91,89,53
375,64,40,99,44,21,75,46,85,0,31,16,38,35
375,53,58,39,62,2,13,7,32,55,11,90,89,16
375,74,25,1,73,11,0,72,70,42,76,75,44,86
375,78,27,70,18,7,30,77,77,39,22,13,55,22
375,12,57,15,25,20,58,95,42,61,50,26,54,46
375,35,64,21,35,2,96,24,18,4,39,76,1,90
375,94,50,57,16,68,88,20,88,40,41,22,20,21
375,46,99,63,47,9,75,78,55,29,65,19,64,11
375,0,25,78,73,11,48,89,15,92,26,51,37,42
376,51,34,62,24,72,50,99,59,97,30,33,71,49
376,10,61,95,96,32,47,88,40,19,81,51,21,92
376,34,25,8,48,62,64,89,5,9,10,39,6,41
376,2,76,97,76,15,44,97,4,79,15,41,78,67
376,15,66,29,74,48,53,90,62,17,56,27,85,2
376,42,82,0,63,40,0,96,57,67,38,68,16,77
376,70,96,81,48,41,19,22,49,16,39,74,34,12
376,58,33,30,34,88,70,98,3,4,95,6,66,50
376,19,41,76,14,32,46,13,83,60,24,31,6,9
376,100,69,6,54,89,18,25,76,88,21,9,84,46
376,75,61,92,66,37,78,50,71,60,93,65,41,22
376,81,28,85,49,74,79,88,24,43,99,88,33,70
377,51,60,58,29,64,88,87,84,75,52,21,8,1
377,71,72,100,100,24,99,59,97,42,90,92,14,2
377,25,62,91,43,30,27,1,28,43,19,78,12,39
377,32,97,87,28,41,75,22,80,86,65,10,62,59
377,11,42,1,85,19,35,28,51,55,51,98,50,46
377,74,87,70,66,1,49,53,62,91,97,22,34,72
377,9,61,88,28,70,11,28,55,3,14,97,56,84
377,6,9,14,25,24,11,85,98,35,72,82,78,67
377,35,28,91,6,1,47,35,37,86,55,91,23,12
377,18,72,36,62,93,60,4,83,80,1,31,17,83
377,8,63,13,94,39,16,45,46,27,73,70,33,74
377,76,15,82,43,10,32,74,59,79,99,45,95,20
378,0,11,29,64,37,89,71,91,20,80,78,45,30
378,99,4,24,88,57,56,86,6,82,20,38,44,94
378,45,34,33,42,48,89,52,26,65,99,19,63,65
378,89,84,68,91,53,55,6,52,14,45,51,63,66
378,60,70,84,56,26,81,31,70,30,47,1,33,39
378,43,30,17,40,16,17,18,50,49,0,61,25,5
378,67,32,5,84,97,88,10,76,20,97,83,28,42
378,81,31,49,12,56,23,15,40,84,65,72,26,21
378,7,65,85,76,96,68,11,22,58,95,71,73,5
378,73,46,16,49,86,89,71,9,88,19,44,40,3
378,3,41,17,66,80,20,30,57,57,88,85,40,77
378,97,16,5,81,22,77,12,58,84,99,84,64,76
379,93,64,93,67,16,24,17,43,11,2,96,7,63
379,46,18,12,19,52,24,71,16,0,40,48,40,13
379,77,89,26,33,8,18,59,22,61,100,96,97,0
379,95,8,82,79,96,91,78,61,58,18,75,27,21
379,53,39,37,47,59,4,34,78,51,54,40,61,68
379,84,52,58,39,61,70,29,95,88,59,30,88,88
379,63,90,62,20,50,58,70,66,62,78,26,5,89
379,3,76,46,37,24,38,36,87,1,27,99,99,12
379,24,87,50,33,17,23,58,26,0,90,56,92,65
379,72,48,91,91,63,54,36,34,86,92,89,60,20
379,1,58,12,53,37,55,75,75,55,58,31,55,60
379,81,67,71,29,97,49,29,69,65,30,65,15,92
380,22,57,48,90,38,42,97,40,49,65,42,23,54
380,54,53,44,65,84,94,35,21,80,76,50,12,43
380,70,42,1,97,52,65,77,23,35,22,40,49,40
380,80,33,84,12,26,54,2,79,63,85,41,93,96
380,75,27,69,27,81,50,5,67,9,30,91,71,60
380,7,21,31,52,70,15,42,69,50,22,54,94,95
380,82,80,62,4,54,69,15,58,84,20,40,64,96
380,99,21,69,52,70,8,29,28,41,54,59,94,79
380,6,35,65,99,54,61,63,5,47,50,71,70,83
380,36,55,31,95,8,72,65,95,26,4,50,45,48
380,96,24,55,65,69,6,56,52,35,30,89,31,25
380,12,39,15,38,83,54,51,68,31,89,76,84,89
381,54,79,11,26,88,12,45,81,60,93,63,14,84
381,86,58,12,87,48,13,76,8,23,18,71,18,25
381,60,49,80,65,84,13,34,73,88,100,89,90,84
381,57,44,52,7,1,94,9,74,49,2,44,77,27
381,48,3,97,90,62,38,14,37,49,90,32,71,23
381,6,51,43,68,96,37,65,58,76,54,44,10,61
381,9,6,45,13,48,13,15,15,47,51,20,95,76
381,22,39,38,78,93,28,11,18,71,90,60,74,10
381,92,74,100,57,6,64,73,69,89,20,99,11,0
381,76,20,71,49,65,66,68,20,93,16,44,32,39
381,48,82,23,89,49,73,78,54,56,84,17,86,63
381,98,85,61,33,59,42,31,64,0,16,36,44,25
382,58,21,94,72,37,19,71,93,30,13,49,49,44
382,62,75,7,37,93,12,73,49,62,89,93,62,61
382,26,43,3,60,63,91,62,34,40,0,27,20,52
382,37,11,19,36,23,6,45,18,73,9,99,96,66
382,3,21,84,52,43,83,27,21,97,3,100,0,87
382,45,39,38,20,22,47,71,9,0,89,40,39,41
382,40,75,55,25,68,13,45,11,45,12,87,77,88
382,62,18,4,55,48,85,32,6,99,31,57,47,45
382,44,1,95,14,40,90,70,60,78,51,15,29,91
382,97,77,57,9,79,58,21,21,85,74,98,62,40
382,90,66,33,60,10,30,14,59,8,26,10,69,74
382,15,37,82,27,96,37,40,47,34,7,0,56,45
383,8,48,14,98,99,79,71,10,57,57,84,13,37
383,65,13,93,63,24,12,23,94,52,81,24,82,84
383,17,87,43,4,89,32,0,36,61,33,18,8,91
383,95,81,38,13,87,98,46,54,5,32,73,75,81
383,42,28,79,96,74,74,86,96,43,67,88,95,97
383,60,40,40,41,28,95,97,35,80,27,44,100,51
383,15,80,85,20,12,45,31,28,8,7,23,1,92
383,4,96,7,9,43,52,82,43,81,26,54,53,80
383,61,11,65,65,0,89,92,53,79,92,97,39,87
383,4,82,59,61,6,62,51,62,93,19,80,82,20
383,22,67,6,25,36,72,3,3,57,74,96,6,8
383,98,45,2,13,46,62,83,98,41,4,30,89,81
384,21,37,8,94,41,94,25,17,71,62,47,63,73
384,49,65,44,6,59,7,6,40,43,36,3,7,6
384,27,10,49,17,88,5,55,48,18,81,38,23,3
384,63,97,12,22,82,4,69,73,56,23,21,22,54
384,86,72,59,78,96,2,66,19,45,50,20,48,75
384,32,91,89,27,84,20,23,70,48,86,72,25,1
384,68,70,86,35,32,37,73,100,57,69,45,77,65
384,44,84,32,1,92,57,56,8,68,45,11,94,14
384,8,42,81,78,50,14,23,72,55,81,82,42,54
384,10,33,34,24,2,33,72,49,38,35,18,29,75
384,94,27,67,30,44,33,11,0,84,59,37,70,38
384,36,31,72,48,42,97,35,35,88,23,30,75,31
385,84,16,66,42,73,25,90,100,28,50,88,80,95
385,71,74,87,14,11,78,56,16,18,84,49,95,33
385,19,69,78,14,21,29,98,4,50,86,78,55,62
385,30,85,87,48,17,51,94,16,47,52,18,18,51
385,77,61,51,67,75,67,94,55,51,66,87,40,11
385,13,40,54,7,95,41,12,4,81,20,93,26,32
385,40,43,83,61,93,19,19,13,77,63,83,45,17
385,19,3,10,55,17,65,68,2,98,36,100,68,71
385,17,58,98,80,63,69,25,5,75,16,82,1,37
385,65,65,97,41,20,2,76,41,59,13,83,22,53
385,89,83,80,2,3,64,52,88,60,89,94,2,14
385,97,35,4,39,50,40,37,63,25,72,80,77,66
386,4,74,47,31,72,65,21,8,66,23,21,76,84
386,47,49,24,66,17,73,66,69,36,1,2,59,24
386,12,22,75,0,59,25,84,45,78,10,21,5,23
386,38,7,1,16,87,18,12,40,79,83,40,31,85
386,68,68,19,39,94,39,11,2,89,0,18,95,91
386,83,53,83,42,91,60,61,14,50,53,95,34,75
386,20,52,97,42,29,5,1,26,63,71,4,94,44
386,76,39,82,23,50,76,54,26,82,36,52,75,74
386,36,7,61,21,93,95,26,65,22,26,27,97,0
386,16,25,27,3,92,45,55,17,12,74,94,50,73
386,19,13,22,21,0,30,11,53,47,71,69,86,7
386,88,88,38,92,10,66,86,71,11,76,76,8,53
387,17,86,16,55,32,39,85,71,76,95,77,57,38
387,84,34,95,40,31,64,78,26,61,56,1,29,47
387,54,8,9,49,66,25,5,70,19,22,3,31,93
387,57,35,45,65,54,24,94,27,83,46,36,45,83
387,31,66,40,16,52,68,56,41,22,74,72,80,17
387,54,60,4,70,83,76,52,47,59,6,21,95,38
387,42,80,70,41,25,74,50,92,93,31,97,72,67
387,60,53,38,0,52,37,60,87,42,39,37,34,92
387,65,54,76,76,74,61,72,7,68,16,3,59,17
387,52,44,59,83,61,33,6,75,45,52,37,37,41
387,4,65,28,19,29,82,29,59,69,0,45,93,34
387,47,14,31,32,9,24,83,89,56,58,49,39,26
388,65,3,68,3,66,70,38,46,15,68,82,73,29
388,39,71,76,33,64,33,87,19,18,68,39,53,47
388,99,45,38,4,27,68,43,30,10,17,37,28,69
388,39,71,33,59,79,91,94,43,87,88,8,63,29
388,12,11,34,82,85,74,83,62,52,41,89,89,4
388,90,87,15,59,53,15,42,58,60,20,46,91,77
388,14,6,94,1,3,66,46,12,26,1,77,61,10
388,27,23,87,48,93,25,69,25,6,81,23,76,14
388,45,87,57,57,96,10,25,51,33,100,58,10,42
388,68,48,15,46,91,95,23,35,22,7,36,82,3
388,2,10,42,56,82,96,38,25,82,1,53,88,41
388,77,1,88,28,81,61,60,50,50,92,23,40,59
389,28,18,63,63,72,86,97,70,0,93,61,0,90
389,32,62,8,73,88,60,66,15,72,44,71,94,80
389,13,98,96,61,91,2,48,25,90,50,69,68,4
389,3,45,34,4,62,93,78,26,78,78,33,33,33
389,2,42,58,65,38,69,62,26,71,57,6,32,21
389,73,52,5,23,75,69,71,25,17,47,74,65,13
389,6,5,43,46,94,2,4,7,66,10,70,64,50
389,87,80,44,10,20,41,25,43,94,85,83,27,93
389,91,70,23,26,14,95,0,11,82,40,79,42,18
389,77,32,62,24,3,2,40,87,30,30,28,9,93
389,14,29,26,9,73,100,29,33,8,7,0,48,67
389,54,69,38,74,98,92,5,91,98,20,39,25,36
390,58,8,39,68,96,62,82,49,9,21,65,79,6
390,20,26,51,64,83,55,63,84,79,51,31,88,44
390,59,60,55,52,27,39,90,82,32,40,24,23,3
390,98,47,95,37,60,71,80,56,68,61,80,32,56
390,77,8,95,95,13,98,15,64,31,12,20,59,15
390,27,44,50,12,66,12,97,51,82,27,20,0,97
390,66,100,5,77,42,6,46,82,59,62,76,90,54
390,53,37,65,54,24,79,30,58,84,31,48,36,62
390,76,11,71,1,35,0,76,86,87,1,22,62,81
390,50,30,84,76,33,77,27,61,12,22,48,61,65
390,18,65,69,1,88,7,24,57,65,45,62,1,95
390,1,89,16,88,33,76,1,46,6,0,24,51,30
391,47,38,52,2,35,47,35,10,22,60,13,89,80
391,74,75,6,48,6,19,95,83,54,58,4,31,21
391,10,61,54,88,65,45,47,52,5,87,49,65,76
391,40,37,86,35,75,33,43,78,11,11,35,37,10
391,77,12,49,92,56,98,27,88,92,48,16,33,16
391,48,95,94,28,77,81,61,38,98,45,98,98,8
391,4,9,39,71,89,16,9,17,74,73,23,9,77
391,22,49,35,89,7,24,1,21,33,39,47,52,99
391,50,86,75,10,24,54,86,50,55,35,48,99,97
391,20,86,87,51,16,11,41,76,13,10,94,69,87
391,36,26,12,52,82,37,48,6,92,79,84,95,25
391,44,55,52,78,84,71,60,43,9,22,35,95,65
392,12,87,54,23,90,86,32,99,85,35,15,69,28
392,71,69,13,69,11,96,13,90,9,60,65,69,22
392,45,78,39,68,59,75,18,42,99,43,83,39,90
392,93,73,36,78,42,55,51,70,32,26,57,92,27
392,54,66,63,7,32,33,0,79,45,45,65,21,29
392,54,46,36,18,25,54,3,74,1,79,57,44,3
392,23,55,37,52,7,76,1,57,82,81,61,6,12
392,9,50,53,18,38,2,83,69,70,88,30,30,99
392,89,97,65,45,91,81,55,23,69,29,70,13,9
392,80,7,14,53,99,89,76,67,92,93,44,80,78
392,16,5,56,56,74,16,65,13,57,39,15,58,16
392,10,3,19,69,42,25,42,22,41,71,74,86,93
393,47,88,55,40,91,74,61,68,9,100,13,85,86
393,3,45,67,41,89,75,48,68,33,43,0,100,10
393,12,43,49,23,72,74,55,38,20,75,23,4,32
393,71,58,70,46,22,93,72,86,87,4,87,0,50
393,20,47,79,11,89,10,56,28,98,7,22,96,2
393,19,28,58,74,82,36,87,18,13,77,92,13,94
393,17,76,72,58,13,61,36,37,22,62,40,48,39
393,20,7,21,86,26,67,69,31,35,31,20,45,26
393,74,74,50,87,24,93,47,78,38,61,73,28,5
393,45,77,73,40,17,76,87,24,38,35,30,25,97
393,96,42,50,97,95,18,35,51,4,26,78,45,62
393,22,47,24,28,34,30,63,24,13,11,10,9,87
394,54,18,21,2,54,48,79,41,6,11,34,36,79
394,39,83,63,11,82,66,26,21,17,54,98,75,71
394,35,52,75,2,31,18,85,54,48,82,90,28,85
394,17,100,91,42,32,71,72,37,99,44,70,46,4
394,66,66,25,87,85,32,32,55,19,82,76,41,2
394,59,18,43,97,61,9,88,21,84,14,11,9,33
394,79,77,29,23,95,0,37,91,14,3,60,55,64
394,52,50,3,41,2,82,37,23,36,45,47,91,15
394,48,77,81,61,91,16,59,98,41,41,28,69,44
394,14,87,17,74,50,0,61,37,26,47,47,60,98
394,12,61,26,85,64,18,71,100,69,27,100,92,7
394,26,98,36,93,50,25,99,37,56,65,4,84,63
395,33,56,34,16,12,24,50,78,52,49,45,33,89
395,35,85,68,39,7,51,76,55,38,53,64,93,90
395,31,77,72,23,63,30,38,29,54,78,87,60,67
395,10,56,56,48,54,47,18,22,23,10,24,41,61
395,17,30,42,90,11,84,7,98,65,29,3,67,53
395,99,86,65,69,29,60,74,43,82,61,57,36,43
395,18,87,97,78,84,82,91,62,90,9,84,23,60
395,72,29,7,34,56,30,44,83,84,79,39,56,86
395,95,82,36,84,72,68,67,31,1,21,59,46,79
395,69,11,76,15,72,13,51,49,79,91,68,65,12
395,13,1,49,2,76,27,73,49,36,75,55,18,12
395,66,41,42,15,65,82,69,98,18,31,17,89,20
396,46,73,47,54,56,65,30,64,4,87,97,82,85
396,74,70,74,8,13,44,43,81,52,20,34,34,42
396,50,64,88,62,89,100,20,77,77,77,71,70,37
396,93,64,12,54,45,3,3,76,27,90,51,45,60
396,4,46,82,55,2,20,11,18,67,75,64,17,70
396,10,24,89,40,27,76,100,36,89,89,3,66,81
396,21,87,29,41,33,59,1,7,45,82,18,82,39
396,45,4,13,33,63,81,49,2,23,56,79,10,61
396,66,17,34,99,88,33,57,31,3,99,79,67,94
396,33,30,87,34,41,1,88,87,95,70,91,21,15
396,38,56,67,62,41,89,36,56,36,90,57,59,34
396,57,51,66,87,91,66,1,14,78,18,48,58,49
397,68,98,52,49,37,8,85,66,8,97,78,19,35
397,80,93,7,65,75,100,24,49,79,84,13,23,63
397,69,36,56,52,93,25,43,80,11,79,27,96,3
397,9,78,89,86,60,57,96,67,11,78,81,12,43
397,8,11,57,9,75,24,19,13,6,0,10,88,46
397,27,74,95,91,97,91,12,33,66,83,100,20,3
397,53,22,51,39,51,0,45,100,10,29,49,58,6
397,87,16,100,19,21,58,3,33,88,39,61,67,9
397,89,9,19,93,33,95,67,9,44,50,68,29,27
397,83,77,40,14,10,86,95,37,54,64,19,5,84
397,91,27,31,36,63,96,100,72,96,41,72,37,2
397,84,100,8,38,77,16,74,15,85,91,41,47,59
398,87,88,70,74,65,41,76,63,39,43,32,62,76
398,52,95,20,61,55,29,60,91,67,97,3,26,13
398,70,86,40,16,6,12,20,41,6,51,74,15,81
398,85,11,62,10,16,56,89,90,67,73,70,81,56
398,45,53,15,71,64,49,26,44,84,59,62,6,2
398,25,80,61,63,5,67,55,42,76,50,94,35,57
398,77,62,44,9,18,60,51,11,3,67,12,91,57
398,10,17,37,56,18,31,38,49,77,12,4,35,100
398,78,7,44,5,7,96,82,58,94,74,58,34,77
398,57,54,34,35,8,44,53,46,87,20,90,7,80
398,21,77,48,22,9,51,37,65,68,58,39,73,10
398,3,61,39,77,20,85,48,31,45,5,99,62,42
399,97,78,95,18,4,95,81,64,38,26,3,8,77
399,68,65,1,55,89,97,47,17,88,60,96,10,63
399,69,15,81,1,42,10,25,15,76,44,98,13,24
399,31,40,51,45,91,98,34,38,55,20,2,34,15
399,64,77,53,79,50,97,63,70,83,53,8,83,82
399,74,20,89,79,99,1,54,100,15,28,60,68,48
399,78,91,30,34,17,48,15,20,89,10,60,60,59
399,92,65,76,9,87,10,29,79,21,51,25,73,39
399,14,82,71,97,28,73,46,100,20,37,14,2,86
399,62,79,41,44,46,82,23,9,25,100,75,80,88
399,80,86,48,19,91,87,5,18,68,60,78,80,87
399,94,47,49,25,31,91,77,83,49,34,34,72,89
400,51,56,73,71,41,28,40,80,36,96,54,56,21
400,13,33,36,9,20,5,42,98,91,4,11,90,22
400,93,90,15,18,20,5,53,68,65,97,99,57,38
400,53,90,86,16,44,57,54,78,88,30,64,68,84
400,19,17,0,67,93,19,7,47,5,96,97,34,46
400,87,51,52,96,94,19,49,22,68,61,6,41,55
400,56,21,48,7,73,56,13,90,80,100,59,29,58
400,56,14,51,55,39,18,79,63,39,9,43,68,71
400,90,22,1,32,53,99,33,7,85,18,64,80,83
400,42,81,76,18,45,6,20,61,15,67,76,6,26
400,75,92,72,28,91,58,29,96,93,0,50,65,98
400,46,89,67,20,23,75,93,84,96,16,25,82,23
401,72,88,30,29,98,3,75,29,88,50,98,85,21
401,65,88,1,63,5,10,34,59,96,40,10,58,10
401,21,80,70,90,5,84,36,20,80,85,47,50,77
401,76,76,8,97,93,5,8,13,21,12,58,0,82
401,8,92,96,68,60,81,84,82,76,23,70,57,74
401,18,60,76,36,68,89,46,20,69,29,69,27,53
401,51,81,49,81,91,63,41,1,5,58,43,34,31
401,32,56,25,21,53,61,72,63,99,20,97,21,31
401,21,63,75,99,57,81,23,45,48,86,7,72,21
401,26,34,12,5,85,22,92,63,25,89,11,44,99
401,36,32,64,66,11,5,80,96,65,80,26,88,46
401,73,55,37,55,39,56,60,71,37,47,7,55,75
402,79,94,31,68,47,100,16,31,32,4,3,46,96
402,16,6,98,61,11,45,69,34,49,12,80,32,72
402,14,47,31,20,21,64,77,4,55,60,55,91,55
402,72,54,43,77,59,15,56,68,24,48,27,91,36
402,22,14,66,46,39,26,68,81,64,40,37,31,43
402,8,82,45,85,5,93,59,40,15,96,74,4,32
402,89,10,45,1,0,59,43,45,46,38,72,44,86
402,33,65,87,81,21,83,13,50,60,16,99,45,39
402,86,47,82,11,17,44,76,32,43,41,94,100,45
402,86,39,31,79,100,26,91,36,55,80,85,70,23
402,12,23,22,44,95,47,92,91,10,27,13,71,71
402,80,70,59,60,73,81,83,22,82,50,57,77,56
403,62,58,70,11,38,50,48,86,78,55,57,0,65
403,83,65,82,6,94,20,91,51,74,29,90,12,11
403,2,33,37,50,11,32,80,55,57,99,29,69,40
403,61,61,71,32,70,20,91,80,81,52,51,25,0
403,27,66,0,33,24,59,18,93,91,72,9,36,89
403,80,1,42,75,61,9,67,75,22,58,12,89,56
403,74,21,31,84,49,7,17,58,50,80,81,20,39
403,9,7,96,86,90,68,13,62,40,1,90,83,9
403,15,67,65,16,17,29,95,62,42,75,12,25,23
403,78,79,19,34,90,60,30,70,68,33,95,3,25
403,58,21,31,33,96,52,56,83,11,41,83,25,37
403,73,54,64,57,0,68,32,91,96,93,27,59,19
404,38,7,52,20,14,40,40,71,57,25,29,87,63
404,97,50,81,63,54,10,7,49,19,99,95,79,57
404,35,65,87,21,90,87,79,46,19,25,26,16,97
404,87,95,77,85,44,90,12,64,78,55,68,83,0
404,1,96,47,2,87,22,38,82,37,41,73,71,89
404,23,77,84,82,12,35,41,79,54,94,29,64,25
404,70,82,77,97,45,71,97,51,15,89,13,65,49
404,70,19,86,51,97,33,70,23,5,23,80,7,96
404,47,77,1,96,28,76,2,64,39,81,14,67,2
404,97,43,10,76,28,54,30,100,39,10,31,25,47
404,10,53,19,71,59,7,47,54,97,2,24,12,74
404,2,30,99,95,19,22,3,57,4,44,82,15,74
405,49,89,80,61,69,64,51,32,30,9,93,98,11
405,99,21,84,35,5,31,92,41,36,20,83,24,46
405,11,53,44,71,1,80,83,58,63,74,50,84,44
405,91,88,23,8,11,10,95,3,71,92,63,51,22
405,88,99,9,26,67,90,3,84,45,50,9,6,49
405,74,76,79,46,55,37,66,93,96,24,2,12,82
405,2,49,87,26,100,67,62,34,21,31,46,30,6
405,49,6,43,20,86,51,38,42,96,41,73,67,94
405,72,66,100,36,90,19,46,7,58,4,45,40,0
405,62,61,67,93,83,68,96,52,49,5,31,95,71
405,82,93,40,97,2,52,1,76,12,61,33,69,24
405,70,63,40,91,83,48,73,59,83,89,57,50,99
406,35,6,31,47,13,18,100,43,22,69,34,34,82
406,31,35,59,89,80,71,73,90,53,40,71,79,48
406,86,51,33,14,33,73,15,35,46,22,100,66,13
406,24,29,70,89,24,48,68,37,35,50,58,90,66
406,12,51,50,30,98,79,61,94,71,3,65,28,95
406,53,45,84,25,68,87,99,72,9,70,13,46,77
406,31,68,11,92,72,42,99,85,15,86,82,85,29
406,17,13,24,65,20,28,7,58,31,40,23,56,43
406,67,37,26,57,47,13,45,59,62,67,86,61,7
406,75,26,41,93,90,61,1,83,31,61,94,83,33
406,85,32,6,87,54,55,9,8,28,44,25,52,47
406,23,2,24,72,13,66,63,4,17,90,60,76,73
407,18,15,0,58,51,31,13,83,70,12,20,23,23
407,43,49,52,89,6,39,3,35,16,74,96,50,78
407,77,89,93,60,83,68,85,22,94,82,6,33,16
407,87,0,39,92,100,88,94,90,38,69,21,38,28
407,12,76,18,80,46,30,31,23,74,90,79,86,44
407,23,18,22,10,94,69,87,92,72,31,32,49,3
407,75,42,77,100,0,22,75,72,58,3,86,92,70
407,42,82,11,48,77,50,57,84,35,21,77,14,16
407,24,55,40,57,61,60,75,88,45,48,56,55,63
407,30,67,84,50,61,22,56,66,30,91,58,72,97
407,49,34,36,47,80,100,45,80,39,3,97,13,15
407,89,15,55,70,92,64,97,80,1,40,50,91,4
408,94,47,60,53,24,11,83,44,25,23,42,61,80
408,28,43,2,73,63,18,18,25,96,92,34,64,75
408,30,49,40,65,97,30,55,99,19,39,22,32,22
408,78,58,90,89,78,76,23,73,0,99,28,40,40
408,52,87,2,17,46,79,23,81,90,77,40,99,36
408,87,93,97,24,11,62,56,2,6,84,94,43,92
408,69,46,4,66,88,37,84,74,2,68,89,44,6
408,84,41,100,81,62,60,48,61,68,15,57,98,93
408,42,97,37,2,91,62,4,6,98,33,0,42,30
408,23,36,87,62,50,8,46,51,41,24,19,58,18
408,47,33,13,16,40,77,65,49,64,80,87,22,24
408,70,52,89,50,88,98,97,93,11,59,97,46,13
409,70,44,27,28,25,54,16,72,51,68,27,42,42
409,2,29,58,54,96,33,8,24,39,77,8,52,3
409,21,49,20,24,17,45,40,74,22,53,60,44,97
409,87,24,32,13,67,3,46,40,100,49,26,47,34
409,78,40,12,98,82,59,33,99,27,42,61,34,81
409,82,16,86,40,69,98,61,25,30,88,28,8,49
409,23,7,2,54,33,48,47,60,87,7,79,0,82
409,63,64,55,74,15,23,67,39,20,75,91,44,71
409,45,41,1,61,89,54,0,100,1,31,15,55,30
409,41,79,37,79,93,64,34,12,13,63,87,14,96
409,70,79,65,94,25,64,99,74,98,62,15,52,62
409,28,27,8,24,100,49,47,53,3,16,87,71,77
410,47,52,43,27,79,72,80,25,92,19,61,83,71
410,95,77,39,64,68,33,4,16,47,65,20,79,2
410,65,30,42,86,12,20,16,8,88,89,56,79,47
410,56,43,1,91,75,64,99,66,11,81,11,51,76
410,4,53,14,54,90,82,70,94,20,31,97,34,77
410,82,57,78,57,76,76,35,56,46,99,90,90,21
410,94,100,65,46,2,33,47,9,92,90,87,21,40
410,10,27,3,34,75,1,43,18,17,94,37,93,65
410,48,24,21,93,60,64,98,69,71,10,6,83,88
410,26,37,8,67,77,79,44,48,60,78,61,56,10
410,21,56,8,44,32,90,81,1,81,87,92,71,3
410,57,35,65,83,49,80,94,13,38,32,0,90,100
411,45,69,42,34,4,24,67,2,93,20,42,92,76
411,14,28,95,45,32,15,48,91,45,4,3,73,37
411,25,15,72,93,68,23,78,63,6,0,67,86,84
411,70,67,54,47,84,24,19,2,43,89,84,39,51
411,73,55,93,28,95,65,88,29,66,3,95,59,64
411,68,14,22,82,18,29,22,85,28,39,56,55,65
411,35,35,75,44,35,87,20,98,67,39,71,62,4
411,31,1,3,1,66,69,75,6,15,6,46,54,80
411,76,19,80,100,36,86,78,25,25,5,10,26,38
411,95,56,4,61,44,44,87,61,66,56,67,65,3
411,96,27,93,74,5,5,98,60,65,51,43,99,67
411,42,58,47,78,16,97,5,95,54,18,92,81,80
412,60,6,32,48,50,30,56,21,59,51,19,69,5
412,65,41,0,100,41,13,22,71,20,39,59,43,90
412,88,60,66,65,96,34,99,69,97,10,5,55,26
412,77,33,15,41,45,77,9,79,54,0,18,30,89
412,76,34,19,42,62,92,97,54,80,67,24,50,10
412,60,66,11,80,53,6,100,48,34,56,18,1,47
412,23,89,89,30,87,8,42,9,53,63,32,65,97
412,96,42,11,79,80,92,42,79,81,85,82,72,62
412,11,23,54,37,82,65,68,97,16,17,48,28,3
412,40,35,23,96,42,47,53,43,34,89,57,69,62
412,21,42,98,60,17,54,83,10,71,28,82,19,53
412,22,85,67,8,58,32,79,78,18,47,12,25,1
413,35,22,76,37,0,10,86,44,64,20,8,13,12
413,98,68,75,49,22,21,36,96,88,10,27,6,24
413,90,35,51,56,29,45,93,91,69,42,95,43,29
413,20,8,95,61,36,71,77,7,90,100,6,74,88
413,56,10,72,22,83,62,85,57,20,47,8,60,55
413,64,23,88,72,26,25,52,34,21,5,5,86,73
413,63,98,61,39,84,16,83,91,50,25,88,79,2
413,99,84,41,94,100,34,57,14,95,43,31,92,82
413,57,36,48,72,9,98,17,73,86,32,12,100,6
413,94,97,72,4,18,50,54,22,75,58,22,39,59
413,16,47,3,6,4,91,85,17,92,35,19,31,96
413,73,86,15,9,51,25,12,3,15,55,20,56,9
414,26,10,96,70,26,50,44,42,21,0,2,75,57
414,1,12,10,27,46,44,83,4,29,49,9,65,99
414,60,59,60,71,87,36,72,44,75,77,25,59,69
414,31,64,30,24,35,41,11,27,29,1,39,52,2
414,56,72,60,95,17,99,17,55,67,85,82,40,14
414,72,90,3,15,19,67,79,71,49,9,46,6,97
414,2,41,35,37,37,64,100,9,82,17,0,80,10
414,90,36,69,67,94,48,46,69,99,29,74,94,30
414,59,29,66,1,92,62,23,60,23,73,78,31,5
414,41,83,2,57,60,9,49,25,68,38,49,4,90
414,18,98,79,14,13,31,81,62,28,64,50,11,90
414,71,58,9,70,65,85,93,43,73,77,64,36,93
415,94,13,20,64,9,26,38,31,18,71,28,47,51
415,26,26,44,4,62,31,61,38,45,67,54,38,55
415,31,80,69,68,26,25,93,78,6,23,36,32,22
415,7,31,85,76,62,70,55,66,66,6,66,32,11
415,88,88,57,12,50,31,64,37,22,76,74,79,65
415,2,10,77,67,35,49,23,37,45,84,11,90,1
415,7,64,11,97,71,10,47,3,6,54,72,15,21
415,94,18,52,12,16,8,51,11,22,37,74,75,60
415,43,28,32,1,93,72,9,44,41,46,80,55,59
415,26,90,9,22,50,92,23,66,48,42,22,94,43
415,79,68,71,99,97,23,37,40,96,68,32,13,18
415,9,35,60,6,21,78,25,80,17,100,76,19,48
416,34,25,74,4,49,69,28,32,28,67,25,33,75
416,3,39,0,76,24,61,94,19,68,92,100,16,29
416,82,23,49,99,89,44,25,98,89,95,54,76,94
416,28,53,78,78,87,68,68,8,97,85,78,43,34
416,65,2,40,45,85,76,58,33,40,99,75,22,95
416,3,8,70,29,81,51,94,15,42,18,32,17,70
416,97,88,74,62,65,83,84,64,24,12,63,5,59
416,58,28,99,75,54,69,55,11,26,19,5,10,19
416,60,25,0,35,87,5,67,12,88,69,71,35,86
416,10,11,87,69,35,32,7,11,51,56,21,21,87
416,76,74,82,57,73,5,26,65,15,8,16,33,6
416,71,78,28,91,18,12,47,30,25,98,48,7,76
417,36,93,61,97,64,4,78,26,22,63,26,83,2
417,83,49,45,41,56,52,4,13,41,67,26,9,57
417,72,42,61,92,60,55,59,4,32,46,85,41,43
417,28,2,17,33,5,85,4,59,19,79,63,15,8
417,17,17,29,53,1,49,21,3,42,48,24,66,14
417,68,12,56,80,51,49,97,35,49,65,39,47,62
417,60,20,75,76,33,8,99,48,93,73,19,23,90
417,81,15,23,88,79,51,0,74,0,67,89,25,31
417,37,42,82,49,48,70,94,49,2,90,12,28,12
417,55,60,20,33,26,1,57,32,20,57,64,7,59
417,70,7,71,72,37,22,60,32,33,17,100,36,10
417,50,73,86,34,22,41,52,39,63,45,52,15,51
418,55,89,44,91,38,100,52,74,21,60,46,72,47
418,7,60,80,26,0,18,27,1,98,58,58,96,4
418,24,73,90,3,43,66,91,51,71,70,36,87,48
418,83,38,45,70,38,39,7,18,37,34,41,89,0
418,65,30,61,12,59,65,59,54,75,44,71,12,76
418,42,60,94,77,84,81,19,30,89,87,16,68,88
418,76,86,17,1,32,18,40,67,73,94,46,39,13
418,62,25,39,62,79,58,50,98,65,47,38,41,50
418,26,40,53,46,57,73,95,26,68,99,60,95,92
418,20,67,59,13,84,37,65,48,96,99,36,41,77
418,3,64,27,28,84,14,37,8,87,96,44,83,99
418,63,55,60,43,10,80,56,97,13,27,74,2,4
419,54,23,98,48,71,92,65,18,7,10,5,97,8
419,19,20,83,93,91,68,27,92,49,59,41,71,85
419,26,89,6,50,73,76,51,10,100,72,23,32,62
419,61,54,73,34,47,76,19,60,69,19,97,70,98
419,36,56,33,30,89,64,89,38,72,49,27,35,41
419,65,66,27,5,8,21,92,7,88,41,39,82,100
419,24,94,95,59,73,60,7,95,2,88,44,60,100
419,64,19,90,91,97,44,9,100,89,66,6,78,21
419,82,69,25,44,80,75,52,55,59,48,38,6,2
419,47,97,97,20,69,55,97,99,72,74,85,50,45
419,83,74,53,74,84,21,94,79,54,82,52,24,56
419,23,46,26,81,33,2,48,38,20,22,86,44,16
420,69,51,10,25,16,20,87,90,30,30,49,55,20
420,89,69,91,7,56,86,14,4,55,97,37,16,83
420,17,22,44,8,10,0,10,68,64,70,17,18,47
420,60,77,60,10,55,8,52,95,81,45,59,76,33
420,54,20,94,1,3,56,30,40,87,54,57,97,58
420,23,67,81,80,99,2,3,53,27,91,67,62,61
420,13,31,8,4,70,96,29,21,25,35,14,97,6
420,49,31,9,67,47,90,91,36,68,42,60,99,64
420,99,15,49,87,86,97,40,60,73,97,7,53,8
420,7,5,84,58,73,81,43,25,38,30,5,84,19
420,97,71,33,52,93,4,65,69,21,75,92,30,93
420,24,23,4,69,41,40,34,30,88,89,90,37,70
421,2,28,28,30,38,26,58,0,76,55,80,80,18
421,77,98,35,84,23,41,31,47,71,76,4,68,6
421,33,48,3,55,17,62,4,59,18,28,8,77,14
421,41,80,0,65,78,60,23,91,61,41,81,82,61
421,88,54,89,96,12,94,71,79,39,21,27,79,46
421,83,26,52,48,26,50,0,62,89,50,70,54,57
421,1,89,88,70,53,92,31,42,10,89,15,3,62
421,92,1,2,76,64,3,42,84,95,69,44,54,13
421,85,84,83,5,83,52,96,33,97,77,33,79,51
421,35,56,7,46,34,20,5,17,82,5,94,94,14
421,22,11,77,35,45,97,62,46,69,12,76,35,41
421,57,54,19,80,66,66,92,87,64,1,53,63,38
422,19,10,12,47,85,35,82,31,29,6,34,38,92
422,31,63,95,18,98,12,92,76,28,21,11,5,48
422,27,66,19,54,49,51,17,36,3,37,74,50,46
422,98,49,96,99,81,29,24,64,63,81,59,86,5
422,74,68,98,87,41,88,1,53,98,53,13,33,43
422,9,51,55,71,79,27,34,31,46,55,76,100,60
422,17,23,43,7,99,85,44,31,11,39,51,67,53
422,17,8,77,70,54,27,84,50,73,38,57,93,32
422,87,43,95,31,80,50,88,81,65,92,0,50,28
422,27,63,91,11,12,67,95,10,31,76,38,96,39
422,11,66,100,75,15,35,25,49,29,0,70,18,4
422,24,55,8,64,78,32,36,35,11,89,80,7,64
423,41,5,51,30,21,25,28,32,50,70,25,90,87
423,1,63,8,46,47,40,71,30,78,32,50,13,45
423,87,13,53,90,29,85,67,36,17,75,47,100,60
423,69,71,28,41,32,25,76,85,20,80,74,94,88
423,11,42,3,61,91,63,35,73,1,7,77,74,5
423,9,88,70,99,59,81,0,1,87,8,62,15,77
423,2,2,25,100,26,46,27,97,15,91,71,39,42
423,53,89,17,84,42,96,0,61,30,51,25,19,17
423,78,73,6,95,62,57,18,94,98,90,9,35,54
423,12,45,17,64,25,77,49,58,46,40,38,14,67
423,77,89,12,13,97,37,91,10,65,11,7,13,33
423,46,5,70,97,37,4,65,78,93,19,26,19,62
424,62,76,84,11,6,92,12,71,14,96,31,11,68
424,92,76,36,34,15,96,22,95,77,88,55,0,51
424,93,89,71,71,73,82,8,33,0,50,79,38,28
424,14,60,41,73,77,29,7,48,73,25,69,73,12
424,73,28,41,43,74,62,77,54,88,68,25,30,17
424,64,79,53,97,55,84,0,48,67,12,23,84,12
424,89,20,20,82,49,84,90,14,36,92,35,93,96
424,64,97,99,89,10,99,38,87,62,52,42,67,58
424,72,46,37,71,79,16,100,53,49,98,46,46,82
424,31,91,82,58,0,72,35,86,80,97,48,46,73
424,93,31,20,45,62,96,58,80,25,8,96,36,43
424,0,89,67,21,53,77,36,80,92,86,26,64,91
425,51,38,31,68,73,0,72,10,42,28,6,7,9
425,57,56,69,5,75,88,56,92,45,1,73,43,79
425,93,45,50,73,16,36,61,53,40,0,53,14,82
425,1,5,87,50,14,86,72,41,35,23,10,100,56
425,44,40,92,10,26,58,92,90,5,59,68,82,80
425,97,5,30,9,61,7,23,47,44,57,39,30,64
425,35,54,78,30,99,90,75,7,18,15,5,23,2
425,32,2,46,96,86,99,58,51,65,93,41,12,25
425,16,90,67,91,18,58,10,44,22,88,7,50,97
425,24,19,89,50,73,90,43,62,15,27,49,39,7
425,10,29,41,49,85,93,1,36,82,91,49,51,33
425,16,33,26,93,4,97,58,5,68,29,91,71,49
426,38,67,63,35,92,65,97,23,55,97,85,66,16
426,18,27,43,82,74,27,7,6,60,18,63,77,74
426,77,6,33,57,46,15,96,66,32,48,35,97,60
426,9,69,16,85,36,43,76,39,33,37,87,73,6
426,23,25,41,56,43,29,81,73,91,81,13,13,71
426,68,0,41,48,53,6,36,71,25,39,78,52,15
426,86,60,29,28,17,80,51,52,15,40,60,12,87
426,77,88,53,4,47,57,98,14,90,58,57,74,80
426,95,46,63,52,22,99,62,70,23,70,30,73,86
426,61,95,50,1,86,96,75,95,97,98,42,93,4
426,74,48,5,30,86,8,58,49,10,4,84,33,7
426,84,48,31,58,20,58,40,90,85,9,31,82,80
427,18,36,60,40,99,81,1,46,14,17,72,88,32
427,58,49,56,20,24,12,78,45,44,27,87,1,2
427,22,60,50,22,43,31,33,46,88,72,33,69,49
427,98,90,0,63,49,55,48,32,96,83,98,42,91
427,75,97,67,42,96,70,65,21,32,65,83,52,35
427,9,68,78,63,60,95,76,32,31,90,35,71,22
427,31,71,5,79,70,41,58,27,26,52,72,25,8
427,82,47,68,31,74,73,56,23,9,53,91,24,45
427,94,65,12,63,41,98,61,81,60,63,80,98,55
427,84,85,12,22,63,33,76,48,70,10,100,10,37
427,12,100,83,57,40,53,83,84,3,70,100,34,84
427,72,54,3,39,61,0,42,13,10,66,73,16,80
428,15,51,85,37,91,22,24,12,13,24,3,43,68
428,45,3,99,57,9,57,52,47,24,40,16,8,77
428,76,49,99,11,17,5,75,61,46,92,8,42,5
428,67,16,77,36,25,39,53,21,80,77,84,41,100
428,35,28,2,90,49,36,23,47,54,88,69,75,34
428,47,46,84,49,68,98,30,87,9,2,64,89,35
428,90,27,52,32,60,56,9,42,83,43,83,29,97
428,77,57,98,30,40,8,100,38,9,48,94,16,27
428,50,19,64,43,9,37,77,35,83,45,38,51,6
428,72,99,23,17,76,25,38,18,44,46,33,59,95
428,23,85,24,30,72,85,90,55,34,9,82,95,26
428,59,96,17,33,35,15,74,37,73,96,3,35,76
429,2,26,20,5,29,11,12,38,71,31,95,37,27
429,77,42,87,30,26,34,18,42,73,0,63,80,2
429,13,37,32,14,57,16,16,39,95,15,99,18,34
429,35,19,2,17,15,51,54,22,28,58,63,58,5
429,71,0,13,36,50,3,21,12,8,1,16,80,63
429,11,19,43,25,96,22,99,62,25,31,73,16,83
429,65,51,35,11,50,50,85,9,14,22,45,6,55
429,73,94,19,57,65,98,20,88,18,79,8,11,39
429,45,7,73,47,99,83,58,19,67,30,35,76,28
429,49,42,11,94,40,99,32,6,35,29,40,35,37
429,17,59,97,86,28,59,23,85,73,57,24,62,42
429,40,87,39,67,78,88,92,96,48,32,98,37,17
430,38,28,21,48,56,3,48,22,86,87,36,92,67
430,76,76,40,13,56,60,79,5,34,0,22,57,68
430,45,35,38,17,62,32,3,97,54,47,70,1,14
430,96,59,65,97,44,69,86,44,34,0,66,66,3
430,12,30,23,13,85,27,66,80,0,48,2,60,92
430,91,72,49,8,13,91,36,11,2,56,24,15,67
430,89,5,54,66,54,28,84,32,75,91,53,19,88
430,28,9,84,49,12,27,42,93,42,99,3,8,45
430,97,36,9,66,41,87,82,50,5,24,99,64,72
430,24,35,37,15,6,50,28,57,99,33,28,61,93
430,79,86,72,73,24,22,18,44,83,64,41,70,18
430,89,85,13,28,18,83,62,24,87,35,0,79,95
431,19,79,74,52,86,41,78,72,5,44,26,2,17
431,31,97,84,97,1,58,11,21,100,62,68,72,70
431,86,10,38,64,60,15,22,86,57,14,10,87,62
431,27,100,38,84,13,33,76,82,85,38,42,63,91
431,64,65,50,58,43,56,98,87,19,30,91,63,26
431,4,48,57,17,9,27,12,86,85,12,26,71,17
431,59,8,95,40,26,80,88,59,68,56,100,26,94
431,35,37,3,20,18,57,70,46,72,93,34,53,16
431,2,29,11,97,5,5,18,41,4,16,90,23,4
431,30,26,31,67,46,9,21,11,96,34,10,69,94
431,62,32,32,30,11,8,87,60,48,15,91,25,41
431,27,44,90,72,49,68,56,75,80,38,89,42,99
432,66,1,44,98,34,25,11,48,85,39,24,73,16
432,39,71,48,2,99,7,40,3,60,30,15,51,52
432,62,86,8,3,75,89,21,76,67,16,43,56,70
432,20,94,94,37,80,53,58,20,68,36,90,5,1
432,86,71,83,14,65,10,15,73,30,25,59,58,20
432,72,44,95,32,13,8,60,17,26,79,6,34,64
432,62,85,35,97,12,92,24,89,74,0,5,64,44
432,39,46,41,82,18,94,69,67,40,80,13,59,14
432,56,58,14,97,88,89,76,83,77,97,94,85,89
432,70,77,0,57,29,71,42,51,26,87,23,36,5
432,39,45,7,93,91,81,24,54,4,57,49,26,29
432,33,64,42,34,93,71,45,3,4,76,22,82,77
433,66,69,31,46,55,79,34,33,73,4,16,94,46
433,88,43,68,27,38,100,60,43,14,61,100,73,76
433,85,3,19,11,77,87,11,40,78,94,63,30,29
433,63,84,88,41,64,55,0,4,18,17,75,75,85
433,49,99,63,35,53,13,33,42,19,66,49,19,99
433,78,51,78,99,80,1,47,51,39,17,71,73,34
433,83,75,98,35,26,25,51,89,100,56,72,83,19
433,79,17,67,37,0,15,25,32,90,92,31,45,18
433,41,58,41,0,81,13,17,70,24,56,8,100,87
433,93,51,83,77,46,36,38,38,61,89,71,73,58
433,63,25,66,39,77,5,43,88,20,50,11,58,81
433,78,35,63,97,20,32,60,4,31,70,2,30,33
434,68,85,61,36,6,80,78,67,22,12,67,60,33
434,82,0,45,62,36,0,93,55,42,85,95,52,79
434,6,46,28,83,60,42,77,33,82,94,9,81,29
434,11,58,5,65,7,23,71,82,53,49,30,95,48
434,21,78,38,25,58,20,82,16,33,18,75,34,86
434,57,72,38,4,14,76,63,2,75,54,94,6,13
434,57,61,2,33,8,53,14,67,53,4,24,10,65
434,71,58,18,62,23,52,81,100,31,65,22,74,42
434,72,21,77,15,45,0,1,20,82,93,5,87,81
434,96,19,85,33,68,85,5,23,51,57,44,3,100
434,97,95,48,87,86,50,25,19,11,94,77,69,91
434,41,5,23,6,37,29,54,2,18,90,39,34,34
435,49,25,27,25,73,19,54,15,0,73,75,15,57
435,48,75,20,0,24,36,36,92,36,30,54,31,97
435,6,26,14,56,97,0,14,25,66,12,24,10,77
435,8,23,54,31,6,39,71,8,17,91,81,93,17
435,19,97,41,52,58,55,66,96,25,39,55,85,96
435,57,99,27,23,10,88,90,14,76,35,25,77,39
435,32,63,19,86,98,5,88,48,18,6,91,47,68
435,35,77,77,82,35,79,94,0,59,22,8,61,25
435,32,97,49,58,37,88,95,13,90,59,97,40,41
435,45,90,49,17,67,46,66,64,88,53,77,45,45
435,10,8,10,87,89,48,97,59,83,7,17,90,55
435,53,93,46,23,98,11,68,65,17,58,31,70,10
436,50,40,60,40,49,21,30,69,63,51,10,77,16
436,16,98,59,38,28,49,10,27,71,37,18,65,16
436,21,31,22,82,26,56,45,40,16,49,95,95,72
436,96,89,33,73,69,34,78,41,79,30,4,96,77
436,42,65,30,17,42,42,30,66,99,63,54,35,65
436,27,57,66,23,52,95,26,41,66,49,74,78,82
436,74,54,38,60,0,50,52,12,33,75,61,16,62
436,79,38,78,11,66,24,18,95,44,28,48,43,32
436,17,3,53,63,44,33,15,44,48,50,14,66,82
436,25,58,43,4,68,46,68,43,67,30,79,80,5
436,63,13,3,50,45,18,18,83,86,85,56,27,91
436,98,33,42,85,80,79,22,12,22,96,87,93,59
437,13,29,95,97,65,94,51,6,10,73,71,9,65
437,91,28,12,91,6,32,18,89,99,22,13,59,51
437,83,65,34,27,33,90,25,46,14,7,9,7,25
437,82,35,65,58,84,42,19,90,4,2,99,35,92
437,93,99,30,91,9,20,52,100,79,69,49,81,70
437,13,41,68,14,24,77,38,39,5,22,82,24,26
437,66,60,44,18,22,36,2,81,55,42,66,47,49
437,2,45,64,46,22,29,78,48,0,67,14,80,56
437,15,33,35,50,13,84,14,21,67,25,67,64,39
437,59,74,92,70,77,48,11,45,50,33,11,71,97
437,49,45,64,13,18,89,70,1,91,13,10,7,34
437,52,99,69,67,37,17,91,84,8,11,99,0,18
438,77,37,34,37,7,14,89,87,98,7,36,81,43
438,35,38,47,18,10,79,98,56,99,90,7,53,8
438,1,49,78,3,41,57,55,9,23,54,24,7,75
438,57,89,45,31,93,59,42,50,43,8,99,56,61
438,43,53,52,15,61,73,3,40,42,5,93,61,38
438,87,58,0,15,95,83,26,3,15,65,93,100,32
438,7,33,47,20,74,99,64,25,96,19,29,88,32
438,15,13,64,73,42,39,3,62,19,44,97,45,89
438,25,68,12,32,9,4,66,82,12,24,10,44,80
438,6,54,78,100,94,18,69,25,86,6,44,26,92
438,39,29,94,3,1,14,81,2,30,42,9,11,18
438,13,55,43,43,96,61,70,15,27,61,18,16,87
439,64,33,20,72,69,61,18,84,88,28,69,0,49
439,44,25,57,75,22,18,95,40,13,84,0,87,17
439,9,38,95,46,3,55,62,68,39,84,8,71,30
439,45,26,68,83,33,4,12,87,18,74,23,91,95
439,39,17,15,78,42,1,44,13,75,77,15,56,71
439,64,76,92,98,88,59,10,99,30,73,7,99,8
439,31,53,48,10,85,9,58,61,12,44,95,14,68
439,0,94,72,30,55,39,63,99,28,8,37,94,60
439,16,72,60,90,86,85,38,92,88,33,21,18,56
439,72,46,70,11,28,50,68,58,52,21,21,100,2
439,1,48,74,54,85,8,89,71,80,74,30,36,75
439,6,100,35,90,57,12,27,98,27,95,62,39,5
440,6,86,52,36,64,25,43,54,71,29,74,19,3
440,51,91,94,0,85,16,13,51,75,51,68,41,35
440,42,78,90,10,50,74,50,85,79,2,65,66,1
440,78,78,47,31,21,62,52,40,5,70,92,31,50
440,32,43,29,74,14,72,89,49,76,2,75,69,82
440,30,3,80,42,80,38,37,41,29,55,23,37,73
440,34,9,26,42,19,82,30,63,82,99,26,14,16
440,7,32,100,33,93,33,95,78,16,27,99,22,81
440,22,3,81,51,48,40,95,78,51,21,97,8,79
440,72,37,53,23,55,45,75,25,0,11,24,23,15
440,97,36,87,90,9,76,92,94,20,45,38,31,65
440,93,61,93,4,8,63,75,73,11,49,81,62,91
441,74,50,1,65,25,68,85,24,21,41,77,88,26
441,19,56,50,79,42,98,83,66,76,4,84,68,73
441,0,0,65,10,49,43,97,38,74,29,67,59,49
441,42,16,95,15,56,55,50,69,50,94,36,20,49
441,65,29,34,40,10,2,90,3,83,22,23,55,27
441,57,77,25,90,8,34,76,18,94,44,7,50,99
441,20,83,82,61,21,62,22,8,94,99,92,91,100
441,16,30,73,40,5,15,51,74,62,81,100,46,71
441,64,35,71,13,65,41,44,61,18,90,78,0,11
441,7,45,2,98,75,40,32,89,24,77,56,16,66
441,5,29,23,25,24,19,49,60,20,89,18,81,8
441,33,85,62,75,6,81,75,23,54,18,81,20,38
442,20,32,75,98,55,77,11,66,31,78,31,45,40
442,85,33,41,79,21,90,15,32,31,83,69,11,62
442,78,25,80,100,61,75,36,76,100,46,63,34,62
442,27,98,65,94,9,69,93,86,69,90,5,70,48
442,67,30,35,83,94,99,21,58,21,68,35,25,59
442,99,85,60,15,2,59,86,54,51,30,68,92,68
442,12,10,17,18,86,78,11,89,34,14,10,12,10
442,2,48,48,41,95,16,48,19,96,77,42,52,93
442,36,3,5,98,61,90,21,36,31,68,72,58,63
442,67,41,35,51,55,73,8,92,44,52,4,24,56
442,80,13,42,6,99,7,33,68,75,30,80,40,26
442,88,12,36,4,83,66,95,24,24,41,5,75,37
443,74,86,46,59,18,60,63,16,53,62,24,1,22
443,17,21,48,82,64,33,70,30,84,60,92,9,45
443,70,68,61,81,52,5,75,65,68,95,1,36,70
443,41,20,63,37,43,23,21,16,69,83,41,15,67
443,93,100,11,75,61,88,59,92,96,32,27,10,49
443,100,71,44,90,92,77,34,42,37,46,28,28,20
443,93,5,0,55,85,16,34,96,17,57,29,100,8
443,8,99,42,0,61,41,20,6,12,62,51,18,59
443,43,17,4,18,1,90,59,83,73,72,16,43,24
443,74,79,61,99,95,73,30,10,73,52,29,71,73
443,75,48,63,84,97,17,74,91,75,55,92,67,48
443,53,23,36,50,78,80,90,45,25,80,97,94,16
444,91,89,9,9,73,44,16,1,44,50,84,9,19
444,43,59,95,78,67,60,14,14,43,93,16,15,3
444,5,29,1,3,14,71,87,18,71,28,83,64,80
444,90,48,44,44,90,19,84,76,1,79,65,76,65
444,2,79,64,38,76,72,70,76,99,36,73,22,16
444,9,22,52,54,45,96,12,39,3,40,44,19,48
444,87,34,23,16,15,68,21,81,56,65,59,21,91
444,88,20,93,78,2,63,42,92,0,94,63,78,97
444,16,44,49,1,53,44,51,8,80,67,37,15,34
444,97,8,61,0,18,2,0,36,39,19,10,55,74
444,52,92,61,13,92,74,21,38,22,49,20,11,100
444,89,5,85,69,100,100,39,44,82,28,45,71,75
445,80,7,42,71,53,34,54,49,62,98,85,78,35
445,14,52,57,39,79,81,89,41,72,23,44,43,17
445,48,70,91,82,20,63,60,66,71,5,6,98,15
445,70,21,32,51,64,91,45,8,22,41,25,24,13
445,36,9,7,11,59,2,96,23,4,36,49,82,16
445,98,41,13,54,97,90,30,39,74,52,92,39,54
445,12,69,55,25,54,57,2,18,99,0,74,94,92
445,84,80,30,83,1,94,21,19,34,79,76,22,24
445,32,17,45,93,54,18,77,51,43,89,5,94,94
445,12,22,23,59,59,44,69,48,55,57,19,80,96
445,18,24,25,99,100,43,42,2,79,49,82,7,56
445,63,62,18,12,88,5,8,50,55,90,2,73,64
446,51,32,65,59,10,56,64,12,80,64,22,100,77
446,66,47,44,58,63,75,40,29,62,17,27,9,62
446,55,26,47,0,38,75,100,37,43,25,3,8,38
446,92,52,33,41,31,60,69,5,17,10,75,39,28
446,83,78,4,10,69,55,54,74,62,40,27,11,78
446,100,95,61,98,30,97,47,30,20,59,12,21,71
446,18,7,9,75,31,94,2,66,4,36,69,16,11
446,8,20,64,75,73,10,87,25,4,54,51,73,8
446,57,74,0,27,74,68,93,36,34,55,54,29,20
446,28,71,49,30,9,40,79,18,5,3,75,6,64
446,66,44,69,38,61,46,52,81,48,34,78,0,10
446,68,33,73,69,20,79,77,88,99,80,81,94,71
447,44,95,62,42,15,65,61,49,50,69,82,74,6
447,97,84,86,86,14,10,4,50,80,33,10,2,85
447,1,54,21,85,34,3,12,90,39,95,38,94,68
447,42,42,50,9,55,68,39,93,6,72,94,21,22
447,96,36,74,99,4,24,41,10,85,96,69,50,27
447,58,54,17,58,8,54,24,34,13,6,75,1,36
447,49,33,63,64,91,54,12,20,71,6,66,46,4
447,69,42,81,26,47,8,94,96,30,58,22,65,65
447,66,80,7,28,79,77,25,21,78,43,77,81,43
447,28,37,20,88,9,15,1,25,29,54,86,64,100
447,40,13,75,71,82,64,78,79,76,48,69,40,59
447,24,0,26,70,29,60,82,36,83,69,83,81,12
448,69,13,19,67,75,74,53,37,64,30,72,50,64
448,91,54,4,91,16,99,41,42,25,48,18,73,92
448,39,38,14,14,11,69,32,3,57,59,90,45,12
448,98,17,15,98,33,10,85,34,29,85,97,55,83
448,75,12,14,72,7,38,0,0,34,46,39,39,81
448,59,91,29,38,3,41,42,17,1,12,82,7,4
448,18,57,47,45,28,29,70,17,39,22,32,81,38
448,35,84,63,56,61,69,74,30,32,99,53,52,23
448,18,91,91,18,41,75,14,11,82,30,81,81,27
448,86,90,12,29,66,53,86,15,65,78,19,66,51
448,7,71,54,43,43,88,8,0,83,86,32,99,88
448,42,45,71,2,13,81,88,24,46,53,69,74,88
449,53,71,52,5,81,97,6,4,45,53,64,91,71
449,60,94,20,46,37,43,19,98,13,36,61,84,3
449,0,37,26,41,37,14,81,66,11,66,28,16,43
449,68,76,7,69,21,55,18,5,86,76,29,83,59
449,97,89,64,26,93,85,81,33,78,27,73,86,77
449,10,21,86,12,69,99,41,73,72,33,60,52,53
449,12,73,85,3,6,96,96,7,59,8,67,11,87
449,17,28,68,48,89,13,4,37,19,23,56,6,3
449,1,58,23,78,45,14,68,88,65,21,54,21,18
449,6,14,91,94,49,43,23,81,82,81,61,69,27
449,15,97,95,3,29,92,72,92,11,75,93,50,47
449,1,57,96,24,52,39,78,7,35,11,93,78,76
450,97,19,83,95,89,4,16,17,55,23,73,0,69
450,34,5,94,47,78,22,95,68,7,15,41,24,95
450,76,94,79,29,43,3,96,38,54,83,76,100,24
450,89,74,97,65,72,60,97,5,11,4,45,50,72
450,61,40,4,45,64,1,49,64,96,67,99,68,51
450,10,90,45,10,75,10,86,1,95,13,47,42,6
450,57,38,28,15,73,44,85,62,46,29,58,7,99
450,95,78,52,96,94,32,91,7,39,16,83,10,60
450,97,77,70,67,61,67,18,96,46,46,50,67,11
450,10,57,50,48,36,96,61,2,8,51,17,1,32
450,14,39,34,33,20,98,49,40,23,24,66,50,59
450,42,24,40,45,50,58,68,71,66,90,62,23,24
451,16,94,9,41,30,41,39,33,98,50,59,68,86
451,10,3,79,21,52,16,19,55,82,35,40,55,77
451,67,61,27,100,12,68,70,46,85,87,18,48,92
451,24,42,83,60,72,83,6,80,66,71,70,4,4
451,66,50,33,19,65,42,75,37,3,47,15,79,22
451,83,1,70,68,85,95,49,82,22,75,6,75,51
451,74,78,62,2,59,27,66,67,66,12,98,80,54
451,99,69,26,21,86,73,19,66,97,67,20,71,35
451,37,65,0,56,23,71,0,59,42,30,42,46,27
451,95,50,33,95,75,0,39,52,76,44,29,61,70
451,96,16,48,31,18,54,38,2,34,75,75,31,84
451,40,30,78,72,7,12,87,93,76,4,66,54,11
452,94,21,85,37,32,3,64,92,46,9,0,66,50
452,11,14,21,93,26,31,89,0,72,32,29,35,38
452,69,36,83,5,53,2,35,94,30,13,71,80,26
452,30,17,22,48,86,71,10,50,14,17,89,16,24
452,99,58,24,83,10,22,65,97,7,36,74,72,73
452,58,87,68,40,93,39,65,1,9,8,80,76,43
452,98,82,57,46,68,75,97,78,39,27,5,69,60
452,46,30,99,96,66,53,24,51,30,25,82,68,94
452,66,41,93,33,5,12,19,31,0,30,67,19,4
452,8,90,88,4,72,81,31,10,26,29,18,7,7
452,92,42,45,17,78,18,46,40,38,80,72,53,15
452,65,90,85,59,5,56,47,90,56,59,51,34,6
453,37,86,46,47,24,10,72,76,3,16,42,71,51
453,62,99,100,75,98,0,47,85,31,34,7,31,60
453,81,68,87,55,34,24,33,84,83,30,10,23,62
453,7,90,14,73,58,56,93,57,90,20,30,22,2
453,92,76,54,91,76,82,47,26,42,75,98,0,27
453,4,82,77,53,92,91,46,29,70,21,54,50,14
453,74,71,81,60,14,26,16,74,28,0,75,82,65
453,64,69,69,28,40,6,89,64,90,92,96,55,46
453,67,42,26,70,91,47,53,68,78,71,26,10,86
453,93,16,59,41,55,45,85,28,80,45,31,51,28
453,52,55,93,53,6,13,95,14,48,96,69,74,44
453,39,81,3,3,34,60,77,80,100,100,83,27,30
454,91,92,37,43,9,18,76,13,30,68,69,25,93
454,67,15,70,78,1,76,55,62,55,99,0,51,19
454,2,39,73,66,64,94,78,88,64,55,89,97,26
454,84,65,26,52,30,90,97,88,92,62,15,62,82
454,19,64,51,10,59,85,19,94,67,16,91,37,18
454,62,38,60,62,44,22,96,69,35,74,96,86,30
454,100,17,50,0,55,43,5,96,74,9,78,19,95
454,13,12,75,24,48,40,45,99,95,59,65,18,92
454,73,59,100,25,62,33,32,21,77,75,5,93,34
454,36,95,61,100,93,50,81,4,70,84,53,49,32
454,40,53,81,68,26,70,17,26,90,43,69,99,54
454,82,24,81,84,25,74,87,57,76,1,52,63,43
455,51,45,9,37,58,43,60,69,60,83,32,40,35
455,29,18,36,33,42,83,61,49,22,59,86,100,100
455,75,92,10,79,52,23,11,31,88,13,7,58,26
455,69,74,5,69,90,74,56,62,52,45,47,79,60
455,58,77,51,80,80,86,50,2,3,94,78,86,6
455,9,44,91,36,90,96,1,2,82,77,28,96,70
455,100,2,34,45,16,23,2,28,69,21,80,38,19
455,95,96,48,46,96,96,84,15,1,42,84,36,40
455,34,59,9,26,36,68,62,40,1,49,100,12,100
455,23,71,32,57,25,94,64,16,94,62,75,54,33
455,17,32,40,36,28,0,59,13,15,87,39,80,97
455,50,96,59,6,74,60,35,3,49,0,88,36,65
456,98,70,57,84,16,42,27,8,38,80,83,6,30
456,71,31,28,36,90,82,18,76,46,76,98,42,16
456,64,2,58,27,94,21,89,89,48,45,45,44,39
456,85,25,46,9,27,0,62,80,99,13,87,43,74
456,34,39,31,65,54,89,57,52,85,1,75,23,81
456,25,97,7,12,22,79,78,75,56,58,8,68,46
456,36,50,15,98,49,9,39,90,42,0,23,36,69
456,81,32,32,39,23,22,2,28,55,82,79,78,8
456,82,15,92,76,78,96,36,39,47,97,54,25,81
456,2,85,100,60,65,77,71,8,27,40,51,31,66
456,67,86,16,16,53,64,55,29,27,38,45,25,41
456,36,25,71,71,50,27,5,69,8,39,84,66,23
457,81,32,85,97,67,3,91,77,18,27,98,79,79
457,79,98,45,65,6,21,25,8,55,47,27,80,50
457,24,58,31,82,58,13,42,53,8,15,40,17,61
457,17,99,72,67,73,31,28,97,80,35,26,98,46
457,0,18,48,90,50,29,82,44,98,94,0,23,49
457,88,87,97,2,60,44,96,0,25,77,19,9,3
457,63,40,22,60,17,97,68,31,9,37,24,37,5
457,60,82,26,24,34,33,84,38,63,71,9,19,74
457,67,69,26,78,37,51,36,64,99,94,77,26,23
457,66,75,53,60,99,48,95,13,8,38,57,38,83
457,15,96,2,34,56,6,89,50,54,7,62,61,85
457,54,17,46,67,13,51,47,7,11,18,26,81,95
458,49,16,56,78,23,84,99,12,8,2,41,16,20
458,2,77,72,9,87,84,42,87,44,83,4,93,19
458,3,22,95,11,10,87,37,18,34,73,4,6,66
458,81,69,87,87,91,26,27,6,100,91,56,15,44
458,45,92,53,92,74,90,64,28,87,38,22,58,88
458,72,91,72,56,19,54,84,49,44,76,7,23,68
458,15,73,56,1,43,76,46,4,86,12,86,35,89
458,100,23,86,14,56,51,4,85,25,35,74,87,35
458,88,76,91,23,70,60,3,37,64,63,88,34,15
458,90,63,99,85,7,51,82,95,77,45,37,57,35
458,16,45,79,9,76,89,12,36,18,46,11,55,68
458,70,37,86,84,73,48,97,59,38,30,76,76,56
459,8,54,16,45,53,62,73,16,60,75,10,6,5
459,91,73,7,74,59,8,56,79,12,71,85,7,32
459,93,44,62,51,48,37,23,73,9,74,64,84,85
459,12,18,16,11,76,53,35,53,97,61,2,26,40
459,91,72,89,23,81,72,78,23,36,85,82,23,5
459,64,65,44,42,47,32,83,78,8,83,87,67,67
459,8,23,87,79,21,51,58,94,52,100,66,53,15
459,25,62,15,15,13,61,89,81,1,86,9,2,24
459,55,87,79,94,51,29,88,3,23,35,68,57,93
459,72,70,80,36,8,77,36,1,14,16,60,59,28
459,84,99,26,69,99,63,73,12,22,81,21,89,26
459,100,82,15,44,33,98,79,10,19,52,14,71,52
460,14,94,67,96,10,27,5,49,21,76,96,96,15
460,87,75,38,40,15,87,93,31,9,65,62,64,83
460,90,93,25,65,53,78,80,43,59,96,100,89,36
460,19,15,30,7,47,63,19,25,87,5,66,37,50
460,49,55,40,11,10,96,38,26,6,21,62,8,83
460,4,36,76,47,22,68,56,21,67,35,88,1,12
460,50,56,23,12,8,54,39,55,67,26,67,9,45
460,82,73,97,62,82,1,50,55,34,5,81,59,24
460,33,42,95,56,85,57,68,11,84,64,75,43,21
460,69,10,25,47,87,77,19,7,100,9,85,66,14
460,66,10,32,13,96,81,44,7,96,75,25,79,57
460,27,66,32,18,50,71,73,91,81,73,95,29,85
461,60,0,20,5,38,82,62,64,80,28,30,72,14
461,33,58,10,8,99,85,62,30,76,71,83,90,14
461,100,14,18,0,23,82,72,65,47,39,23,27,75
461,89,94,18,18,28,27,14,45,94,50,15,13,49
461,41,63,81,23,65,65,74,54,90,38,69,28,11
461,91,52,76,30,78,9,58,98,32,39,29,20,50
461,96,64,68,56,13,73,65,90,41,21,79,19,36
461,93,100,73,86,0,19,53,43,25,97,97,69,12
461,66,25,53,26,28,92,25,14,30,52,10,20,47
461,41,57,17,89,3,53,63,30,53,34,74,91,85
461,92,21,58,41,93,70,36,38,76,35,37,2,10
461,61,85,96,94,34,90,29,72,69,68,88,76,18
462,68,81,39,54,74,98,26,23,43,40,32,52,77
462,66,79,75,62,0,97,10,89,39,19,70,43,81
462,22,77,15,47,41,75,62,100,84,85,30,24,18
462,14,5,49,47,93,50,44,96,83,34,56,4,11
462,91,65,2,87,39,74,26,49,90,84,50,37,8
462,45,62,84,83,83,82,28,69,10,10,28,13,27
462,13,25,24,26,3,4,72,91,59,29,48,94,36
462,29,81,14,87,1,100,65,15,35,4,14,41,8
462,46,39,44,100,58,51,70,32,11,4,12,83,35
462,45,61,21,27,26,2,58,49,59,29,70,28,98
462,97,14,31,26,23,47,34,5,100,42,84,89,83
462,48,68,0,61,1,59,19,59,25,34,5,13,88
463,63,26,50,39,73,47,18,46,44,100,4,3,23
463,26,63,55,88,81,17,83,23,75,65,45,37,67
463,11,65,41,25,83,80,51,56,62,42,78,37,100
463,22,75,44,60,70,75,54,9,20,55,8,57,70
463,90,35,58,50,46,86,23,60,59,2,45,100,89
463,43,53,95,96,34,21,82,76,45,96,17,87,38
463,20,34,100,47,53,49,87,9,34,97,19,22,44
463,82,4,33,22,93,87,22,34,92,39,88,58,76
463,51,74,18,33,69,3,1,6,52,25,88,51,47
463,78,19,29,1,47,76,24,43,25,71,7,61,80
463,21,23,99,12,83,48,87,2,94,49,99,87,6
463,39,0,2,24,62,14,20,35,84,20,52,17,51
464,35,31,53,98,97,73,57,38,97,72,94,77,40
464,78,17,9,76,11,66,54,30,10,10,79,33,43
464,99,88,98,48,19,18,35,91,80,77,37,4,9
464,8,88,99,100,82,33,54,41,31,8,80,7,15
464,10,59,2,29,62,95,69,41,38,15,46,94,53
464,1,77,94,39,50,78,63,77,4,14,89,91,30
464,14,27,77,74,80,34,43,61,65,28,33,71,0
464,88,92,81,22,19,18,38,39,80,18,67,55,1
464,48,86,94,61,87,98,38,85,42,61,66,7,16
464,95,70,95,41,65,27,9,2,35,26,24,77,9
464,54,41,30,25,100,88,10,25,95,76,42,57,67
464,46,28,0,80,5,79,85,26,42,71,18,20,89
465,31,78,49,92,39,99,93,85,49,58,74,22,46
465,29,61,97,83,5,61,97,13,74,33,70,16,24
465,27,31,49,44,49,80,16,26,48,49,54,21,54
465,25,10,95,16,64,69,16,100,44,46,44,28,9
465,22,35,40,29,93,14,48,37,14,16,29,30,16
465,89,43,98,31,38,57,21,95,75,23,35,93,77
465,79,94,54,82,60,7,89,7,89,49,69,28,61
465,48,14,55,10,38,19,81,38,32,10,67,29,95
465,12,4,72,52,94,67,73,49,51,3,90,65,63
465,28,40,38,46,21,88,33,51,78,97,2,4,8
465,86,59,92,97,13,48,32,95,92,12,71,72,77
465,53,72,57,19,63,83,41,34,13,37,11,74,73
466,61,85,72,24,53,70,34,66,35,55,86,70,21
466,67,40,46,28,96,100,29,87,27,77,18,54,42
466,6,36,12,80,73,47,71,82,33,92,64,34,93
466,45,27,27,57,89,81,75,92,99,95,22,38,87
466,31,99,35,45,60,31,79,35,58,48,55,93,89
466,18,68,45,49,63,70,12,81,8,81,67,18,19
466,36,61,97,68,49,81,32,31,10,55,37,17,51
466,5,4,41,3,72,78,38,57,80,97,54,98,51
466,39,69,15,25,14,78,47,75,77,92,68,11,85
466,26,39,48,62,75,93,50,55,76,37,6,72,98
466,81,91,54,46,29,100,2,71,12,49,16,87,35
466,12,16,55,24,14,2,95,25,97,85,84,0,60
467,84,90,54,36,95,38,31,76,60,66,14,24,83
467,46,38,13,31,20,2,40,95,73,19,37,44,33
467,52,41,42,17,18,65,59,76,64,48,29,17,99
467,45,91,7,90,38,59,51,71,67,79,25,69,10
467,81,93,43,20,26,63,55,88,48,94,30,72,88
467,34,98,26,17,38,72,12,59,4,65,48,61,94
467,21,92,100,97,35,57,57,49,66,14,29,21,99
467,37,58,92,88,65,21,44,44,77,60,57,86,98
467,92,89,12,30,32,59,40,93,60,19,73,28,40
467,100,29,24,4,74,37,74,69,1,14,33,79,63
467,23,74,67,15,56,11,53,70,77,37,46,79,59
467,9,76,70,77,53,93,23,78,67,91,62,58,66
468,88,86,90,19,37,62,62,77,87,69,6,10,86
468,82,71,60,23,40,38,25,45,74,12,70,50,31
468,17,81,30,56,52,4,62,52,49,12,75,20,28
468,89,61,82,13,14,8,58,8,29,31,88,66,17
468,0,40,7,36,75,81,61,1,82,48,66,24,45
468,52,30,45,68,29,4,26,41,66,68,40,66,56
468,36,22,1,5,62,39,15,19,29,70,100,96,51
468,39,65,36,72,33,11,38,78,85,8,91,14,72
468,57,43,9,79,96,21,7,37,40,9,89,84,66
468,19,100,57,28,54,19,31,71,86,78,57,77,69
468,35,4,46,82,74,7,34,83,8,77,72,15,95
468,59,76,57,12,65,29,22,96,21,6,16,30,12
469,92,24,2,61,28,30,43,71,65,78,28,44,25
469,98,29,7,29,4,2,92,1,40,70,77,87,38
469,83,46,59,89,55,34,34,56,65,55,20,42,47
469,4,10,94,76,55,17,27,46,86,76,22,17,0
469,26,21,93,30,57,60,6,90,81,34,9,90,86
469,71,86,18,33,3,4,93,50,12,9,18,7,80
469,30,69,33,80,88,69,3,62,30,26,23,95,86
469,62,26,66,52,32,46,60,37,49,65,78,23,40
469,54,48,53,63,13,1,34,44,76,28,11,4,64
469,92,36,87,20,89,6,41,11,26,45,71,51,29
469,12,97,26,42,50,85,56,92,51,46,90,19,83
469,29,71,40,27,87,72,38,37,4,7,90,35,18
470,3,1,94,87,15,31,15,3,52,68,72,76,86
470,29,45,98,49,37,15,20,4,8,35,67,15,74
470,25,14,25,44,14,22,59,66,42,27,81,39,18
470,40,82,62,63,26,32,67,95,40,99,49,73,44
470,5,45,75,84,5,55,53,60,77,28,46,65,89
470,88,76,56,8,90,94,32,70,89,13,0,39,11
470,96,77,78,28,25,77,24,84,35,90,57,56,89
470,45,90,80,88,6,29,54,37,99,77,35,31,67
470,16,93,25,21,32,90,54,97,24,42,40,67,42
470,3,57,80,77,13,100,75,49,98,12,96,76,95
470,73,75,34,43,9,78,66,95,49,96,15,10,0
470,49,42,59,39,61,53,31,48,15,75,32,31,38
471,18,76,69,22,16,34,84,59,75,4,8,84,78
471,44,58,98,19,89,23,4,24,85,26,21,97,48
471,35,98,100,99,75,10,77,47,24,66,68,42,98
471,1,69,85,86,24,1,95,23,75,76,54,88,19
471,46,83,77,56,66,46,33,13,91,10,96,38,95
471,59,47,17,31,8,72,33,64,81,70,71,83,57
471,91,58,1,78,89,8,14,5,0,52,5,67,62
471,78,70,58,12,38,37,28,42,40,99,60,44,27
471,89,32,15,68,28,16,57,24,47,33,5,57,76
471,6,1,69,25,46,76,57,48,49,6,91,85,35
471,9,69,28,72,17,46,57,32,27,87,83,26,52
471,29,84,10,44,61,60,5,86,23,2,9,32,95
472,74,39,17,66,39,89,33,8,100,39,88,77,17
472,78,21,27,29,1,25,7,96,19,90,39,13,29
472,27,87,87,26,50,7,87,34,13,64,22,15,28
472,52,56,52,57,87,35,93,21,30,47,24,36,55
472,77,70,56,62,13,95,17,4,78,9,69,68,37
472,42,80,63,49,55,29,30,83,86,28,6,5,24
472,44,49,88,73,96,89,70,82,82,76,32,35,47
472,91,95,96,38,40,83,91,2,78,36,15,62,21
472,0,92,33,79,75,62,85,1,48,57,7,16,81
472,51,90,19,67,26,54,37,6,56,44,8,44,29
472,83,5,49,59,91,80,43,53,20,17,55,93,92
472,16,48,8,4,69,17,17,92,51,69,63,34,91
473,63,100,63,54,37,61,30,12,98,22,13,15,76
473,51,69,97,51,62,27,47,76,84,90,60,76,49
473,16,95,21,92,93,35,75,69,16,29,83,81,70
473,56,86,69,22,15,0,20,34,40,80,96,89,44
473,36,58,57,22,6,60,40,92,72,91,41,26,39
473,32,83,58,94,14,13,52,54,63,55,99,56,39
473,86,83,15,95,65,56,63,30,78,46,50,56,87
473,64,86,13,66,10,87,61,87,2,20,20,78,1
473,49,23,6,82,35,54,2,70,45,63,3,64,16
473,52,77,27,28,31,31,50,33,9,43,13,41,26
473,24,100,57,78,34,9,80,48,28,29,41,88,35
473,37,2,99,34,61,100,53,39,28,35,25,64,56
474,4,31,22,55,28,15,1,12,98,29,56,14,15
474,66,95,19,17,47,94,95,16,70,4,20,71,79
474,100,96,40,63,3,63,38,97,49,37,72,52,5
474,95,49,100,38,25,36,4,44,3,74,69,78,14
474,32,46,75,98,42,40,74,56,71,68,68,79,2
474,47,73,84,21,87,73,98,24,60,98,49,22,20
474,81,86,47,40,14,75,21,80,8,8,94,93,0
474,40,47,18,92,49,49,67,4,72,13,64,97,92
474,12,35,93,8,43,78,2,69,50,52,53,0,60
474,72,66,93,40,9,52,68,3,27,43,55,49,68
474,98,72,88,41,69,51,27,90,18,40,18,68,87
474,22,92,24,42,86,78,93,50,35,77,5,84,65
475,53,37,78,33,35,91,48,78,73,63,3,5,41
475,4,24,38,30,95,50,74,37,100,7,35,24,46
475,61,35,72,44,12,5,23,43,19,56,7,24,20
475,78,37,33,58,54,88,37,80,95,67,1,13,73
475,6,46,34,73,45,59,86,39,20,92,75,22,29
475,81,20,100,26,8,47,40,4,25,100,53,8,25
475,30,4,3,57,25,86,49,12,71,50,75,10,93
475,12,81,93,79,88,41,85,17,58,44,81,76,59
475,46,23,55,36,28,20,90,26,43,96,94,41,65
475,67,72,76,67,13,81,84,5,77,74,78,6,54
475,87,91,44,43,46,75,44,29,9,70,33,62,7
475,38,70,60,53,29,16,99,84,20,32,25,43,78
476,46,52,20,49,69,7,13,97,51,79,69,13,95
476,36,33,90,25,19,20,31,32,65,5,17,60,73
476,49,87,53,31,50,83,2,6,45,98,96,72,70
476,96,63,22,98,13,54,39,71,93,47,42,73,80
476,47,64,54,12,87,80,58,6,21,53,0,45,24
476,52,50,96,91,15,92,67,87,1,20,87,20,91
476,7,97,28,40,24,66,30,74,7,83,27,0,44
476,61,45,70,0,57,40,66,97,1,63,9,75,67
476,93,97,27,11,2,97,30,2,30,81,10,40,99
476,86,33,83,71,61,40,74,33,18,62,29,70,79
476,38,67,40,72,90,49,47,90,14,80,67,73,1
476,93,26,69,32,47,9,28,30,16,0,44,58,94
477,82,74,42,53,36,14,78,23,83,46,54,58,31
477,75,77,2,87,74,12,26,33,100,11,4,48,20
477,28,69,31,33,20,47,18,38,75,17,26,80,26
477,0,0,39,72,63,62,60,22,60,83,9,83,43
477,63,44,58,18,75,53,99,37,56,54,65,75,39
477,4,5,87,50,4,69,49,60,62,98,23,9,43
477,100,66,16,89,83,89,35,25,82,48,94,0,71
477,56,6,74,3,54,58,61,16,4,86,97,33,42
477,61,60,48,27,22,24,91,93,23,84,30,14,8
477,10,91,81,63,20,75,43,75,22,50,6,77,91
477,58,23,61,75,97,3,75,25,44,73,57,90,0
477,93,3,75,96,50,55,65,34,3,29,14,94,96
478,88,95,80,24,89,23,45,52,97,70,42,9,66
478,0,10,48,64,9,62,57,99,8,72,13,62,79
478,48,80,12,23,100,36,45,58,64,26,16,68,63
478,53,28,15,80,43,56,87,47,19,63,72,33,10
478,54,86,79,46,88,7,57,22,39,30,73,44,25
478,87,60,41,36,70,8,42,39,35,92,30,50,76
478,8,70,56,59,7,96,54,81,73,48,24,81,31
478,46,83,75,9,11,15,27,44,53,50,96,52,15
478,74,30,88,39,51,92,81,77,88,47,82,28,7
478,17,73,70,44,33,17,94,6,67,7,13,21,21
478,11,36,88,97,59,72,88,9,70,60,41,39,79
478,82,69,40,22,45,4,1,4,37,2,15,9,71
479,72,13,12,65,22,48,67,11,1,6,95,76,67
479,1,56,39,42,3,33,73,85,52,33,23,7,98
479,41,83,68,2,32,83,100,89,51,98,24,42,62
479,53,16,20,45,52,82,68,39,20,43,59,65,19
479,3,17,57,3,20,2,47,32,31,75,70,42,18
479,29,60,34,6,49,25,96,99,88,39,46,17,13
479,68,42,13,25,20,55,12,32,45,34,4,84,61
479,26,27,44,9,62,55,36,13,67,44,48,79,26
479,1,21,60,44,9,72,96,47,77,5,20,27,26
479,83,20,31,4,37,100,36,7,0,98,6,65,22
479,11,38,43,58,17,88,36,52,56,59,23,77,91
479,10,52,76,45,28,77,26,48,33,29,79,47,19
480,34,95,52,34,7,40,31,57,30,86,9,34,82
480,30,32,80,24,50,88,49,98,32,42,44,32,89
480,22,49,28,83,46,59,77,65,64,75,67,66,34
480,16,19,92,8,58,4,7,47,14,12,12,37,42
480,27,83,22,31,17,29,82,65,57,45,96,55,21
480,95,55,18,100,78,43,88,10,14,31,95,39,70
480,38,36,35,89,19,52,12,81,63,48,88,14,73
480,27,52,80,30,97,23,96,52,21,37,100,45,13
480,24,67,30,10,82,55,22,47,74,79,86,85,22
480,70,61,85,20,63,90,62,46,2,7,69,86,74
480,75,1,10,29,97,38,30,90,94,15,73,95,89
480,78,36,43,81,59,46,46,99,19,81,57,44,61
481,1,23,27,64,97,2,15,39,75,30,83,30,98
481,24,4,25,12,76,71,89,77,47,47,20,43,71
481,26,28,2,23,15,47,32,51,75,27,27,59,76
481,58,10,33,95,12,53,45,54,2,63,94,14,25
481,52,77,79,22,89,91,64,30,51,2,18,26,56
481,62,90,65,77,1,2,33,65,27,91,31,25,60
481,22,95,18,60,76,22,93,56,97,90,71,23,6
481,83,14,88,35,29,60,95,95,25,50,35,35,14
481,56,45,60,26,23,89,14,93,94,74,3,57,14
481,65,73,19,84,6,26,65,88,73,84,23,46,42
481,64,40,60,51,91,32,1,58,42,48,90,29,97
481,75,44,79,50,14,9,31,47,9,72,46,15,28
482,71,20,67,27,30,34,62,14,12,30,56,27,28
482,78,81,15,0,80,16,32,1,0,15,33,20,72
482,73,86,72,51,3,50,62,1,12,66,4,70,28
482,21,98,53,59,60,20,3,73,30,7,71,34,61
482,57,62,36,43,66,30,29,17,70,21,76,34,15
482,93,67,90,33,36,44,58,61,20,40,57,30,37
482,32,22,0,60,28,92,40,100,63,88,87,37,56
482,18,49,23,79,69,49,99,59,53,68,61,98,9
482,83,41,12,66,64,90,30,59,22,44,86,26,47
482,32,81,2,7,32,95,53,36,0,8,78,61,12
482,61,92,26,34,87,77,89,63,3,2,40,69,13
482,92,49,20,36,51,24,100,84,29,65,38,6,66
483,74,26,10,0,6,41,56,69,67,55,48,65,44
483,65,72,25,56,90,99,17,59,93,13,29,36,46
483,0,72,6,93,50,87,32,100,55,65,40,88,60
483,91,20,43,49,95,85,77,86,78,91,67,33,76
483,7,94,28,65,85,76,21,63,45,46,72,7,26
483,91,29,54,6,77,23,74,8,83,75,25,5,37
483,65,4,48,8,51,46,95,39,24,75,65,82,15
483,96,81,57,69,27,11,20,5,26,62,59,84,46
483,39,16,58,59,24,87,85,72,11,88,27,0,96
483,93,98,29,19,46,30,81,2,74,24,56,77,45
483,55,28,60,89,100,96,44,12,42,90,68,12,40
483,49,7,32,95,87,39,45,0,39,27,66,40,21
484,46,98,36,11,20,84,42,36,60,0,12,94,95
484,64,6,70,79,82,0,1,79,24,34,59,77,74
484,94,4,0,2,100,89,38,71,83,79,5,7,80
484,42,90,12,19,51,74,85,74,54,74,72,81,35
484,1,46,82,88,50,63,59,10,52,41,59,71,36
484,96,56,81,48,13,57,74,22,99,92,100,7,52
484,40,93,87,39,12,23,36,17,87,84,53,85,97
484,36,21,75,63,35,80,74,28,22,47,12,38,32
484,60,47,23,71,72,30,36,42,11,64,98,92,15
484,6,7,65,61,26,11,70,1,81,24,23,80,82
484,59,60,64,34,87,0,79,19,86,48,28,1,11
484,31,65,77,40,23,14,34,65,51,44,71,56,96
485,5,9,97,19,14,17,32,40,60,50,45,23,84
485,68,35,49,52,43,41,24,57,10,100,35,17,90
485,90,50,58,66,10,33,55,78,52,81,61,40,99
485,70,49,41,67,2,14,25,60,98,49,47,75,22
485,21,74,51,5,83,37,61,8,3,85,11,69,12
485,25,6,8,81,8,75,6,50,9,99,24,99,54
485,56,75,6,93,50,31,94,41,34,15,3,79,57
485,71,54,13,29,27,27,90,9,97,41,72,13,33
485,92,74,75,94,72,95,34,23,96,66,77,89,53
485,95,62,13,33,29,84,69,33,35,69,72,82,69
485,84,60,52,81,71,85,58,75,53,61,18,60,71
485,65,8,93,11,4,91,32,19,0,24,53,58,42
486,95,73,98,28,30,32,73,28,96,61,41,38,62
486,12,32,21,80,40,16,3,4,87,47,100,63,65
486,55,43,83,94,59,63,74,70,98,22,13,48,50
486,49,76,76,63,49,86,61,50,99,43,42,95,88
486,36,39,89,87,20,2,29,89,68,84,59,8,29
486,14,59,19,85,40,66,35,26,33,69,93,85,53
486,72,47,98,67,57,83,96,1,9,24,67,90,45
486,63,87,19,50,5,5,3,92,36,77,64,23,1
486,15,100,71,28,89,80,46,32,42,61,92,100,84
486,89,99,23,29,78,76,7,52,76,7,72,46,91
486,30,86,29,39,43,45,83,35,32,29,76,52,35
486,22,66,79,28,80,95,99,0,28,56,10,41,79
487,33,9,15,13,39,25,70,34,55,88,64,0,2
487,77,78,68,97,50,48,6,72,14,15,0,5,57
487,3,87,64,53,64,35,93,99,82,83,39,86,70
487,25,45,84,56,33,3,30,82,89,66,38,62,67
487,85,86,60,57,83,68,8,43,97,54,3,98,68
487,84,77,86,30,81,89,79,99,65,53,64,43,63
487,54,78,85,24,51,90,53,26,100,0,41,66,74
487,27,52,12,67,31,9,95,6,0,84,100,95,18
487,100,39,55,3,14,64,15,22,24,75,49,1,45
487,69,85,81,59,46,24,52,29,35,70,9,62,72
487,57,18,16,32,76,51,65,47,11,56,56,24,24
487,16,50,53,70,59,99,49,21,46,23,8,28,29
488,64,15,90,41,30,1,11,54,76,8,81,23,14
488,1,91,44,62,71,47,26,40,88,42,7,90,2
488,47,51,35,9,17,93,97,55,38,83,95,88,69
488,17,47,50,73,64,24,79,57,98,89,80,99,5
488,12,38,47,92,83,83,73,44,91,33,57,86,0
488,42,51,82,19,18,19,5,51,23,4,43,22,67
488,68,87,95,66,83,75,96,73,3,62,14,31,55
488,76,95,15,4,92,75,4,4,27,17,23,31,72
488,94,24,61,22,82,32,59,5,57,22,93,95,48
488,73,96,41,65,65,21,33,52,84,92,87,53,64
488,13,78,8,89,13,26,27,82,19,72,14,48,17
488,15,26,38,24,27,28,82,60,67,35,93,93,65
489,28,61,83,94,42,33,49,100,58,80,9,7,91
489,28,21,61,74,62,34,2,64,79,31,28,47,48
489,58,42,78,5,14,21,77,92,41,55,43,67,88
489,67,55,84,15,0,99,42,1,73,75,21,96,88
489,22,63,25,72,12,49,46,15,51,73,4,1,39
489,57,85,67,17,85,47,52,38,4,89,1,44,65
489,32,1,98,77,82,70,36,89,66,58,68,31,52
489,40,37,14,83,86,95,32,91,82,22,57,2,12
489,59,92,73,54,7,30,86,37,71,11,16,39,77
489,56,48,17,85,59,24,70,36,89,18,82,73,50
489,25,7,67,10,47,100,52,44,68,74,79,77,28
489,6,86,65,15,88,25,32,37,92,13,96,25,67
490,98,71,96,99,28,54,73,20,57,76,53,80,43
490,83,69,51,43,55,46,95,84,54,24,98,60,21
490,61,65,68,51,62,82,92,45,70,20,80,77,98
490,54,25,15,63,23,27,34,13,49,53,59,46,8
490,88,32,52,96,44,0,72,62,55,97,11,45,99
490,6,64,6,81,65,73,57,16,39,69,74,12,95
490,1,68,95,55,29,37,46,16,65,66,12,3,93
490,24,20,7,34,8,98,58,2,38,78,21,93,50
490,14,22,40,46,2,74,54,24,19,31,50,51,0
490,44,57,48,13,25,45,99,38,96,3,68,76,31
490,91,65,54,91,31,73,31,7,2,64,28,25,45
490,1,56,57,30,70,35,85,93,100,17,89,38,76
491,46,71,31,63,12,79,60,72,26,64,24,75,58
491,17,85,89,31,31,98,93,26,12,4,65,57,44
491,2,77,29,61,87,61,32,9,7,34,44,59,50
491,40,12,9,22,48,94,4,83,90,4,34,90,67
491,83,57,50,0,88,67,14,22,0,18,93,26,40
491,71,96,49,81,86,74,62,78,75,70,25,27,19
491,55,63,41,59,34,0,12,75,1,1,73,26,11
491,25,97,88,52,19,42,0,66,37,35,0,12,21
491,4,12,39,60,86,26,28,59,6,95,26,65,65
491,42,76,43,66,20,79,32,2,72,26,39,85,87
491,92,38,98,90,68,2,27,53,69,18,93,8,15
491,92,94,95,44,61,30,26,89,99,94,25,50,45
492,6,96,61,94,61,36,76,63,32,69,84,30,70
492,93,64,71,8,93,30,7,87,0,22,3,94,26
492,32,86,49,40,54,48,1,32,66,14,24,82,24
492,62,70,37,71,22,78,46,85,20,73,46,6,4
492,19,85,52,50,15,90,12,99,86,91,12,22,34
492,33,74,2,76,52,89,40,12,70,55,17,26,75
492,19,36,61,54,77,80,60,13,52,83,9,64,49
492,38,53,56,77,70,8,46,47,7,11,40,88,33
492,74,79,84,45,91,45,52,75,7,88,48,4,91
492,80,20,56,0,1,1,26,7,42,56,69,45,50
492,60,78,70,26,53,69,48,38,46,66,43,89,100
492,29,73,32,33,36,79,42,32,57,62,99,6,75
493,7,68,27,97,56,88,95,32,34,14,90,12,33
493,56,92,23,24,75,16,42,94,3,76,67,42,95
493,61,72,22,74,51,74,96,18,24,59,83,62,83
493,72,57,34,34,54,78,61,91,46,6,77,50,55
493,99,33,78,69,26,37,84,74,23,24,50,78,57
493,87,28,78,37,13,3,1,35,70,80,12,69,19
493,81,53,41,17,89,77,41,51,65,80,40,52,36
493,11,25,80,70,50,12,39,6,40,93,21,52,12
493,80,14,23,77,2,78,65,73,28,12,48,44,38
493,59,34,81,30,97,33,35,70,7,62,85,5,99
493,8,31,6,68,23,24,36,50,74,50,61,50,12
493,11,55,58,35,27,51,43,95,11,54,1,0,42
494,94,55,42,14,4,37,17,3,81,46,19,5,65
494,22,55,42,76,21,11,18,44,93,22,68,72,82
494,9,23,17,68,31,94,94,22,0,92,68,96,68
494,34,65,0,59,30,52,65,23,89,71,79,51,36
494,64,20,72,64,7,16,24,33,62,29,83,11,63
494,88,96,56,7,72,22,95,11,8,5,4,54,51
494,15,98,60,85,33,85,29,15,18,84,31,100,34
494,21,34,15,39,89,30,83,70,67,90,43,5,19
494,77,98,55,100,93,57,88,17,74,17,33,61,34
494,84,20,90,7,90,38,22,99,40,81,81,8,2
494,98,5,10,13,53,86,15,57,97,69,29,47,2
494,22,34,37,71,50,22,19,12,34,65,79,35,63
495,19,58,60,6,26,49,6,9,14,67,44,44,11
495,12,91,77,17,56,28,13,50,50,65,88,40,16
495,30,33,95,82,27,65,51,61,66,4,16,71,47
495,7,85,59,41,78,24,84,72,57,65,20,75,42
495,71,51,95,81,40,9,8,91,56,23,30,33,17
495,89,28,55,57,47,43,79,44,84,43,1,9,56
495,9,62,80,82,53,59,40,88,52,46,93,18,33
495,75,63,68,0,93,29,70,10,44,13,34,24,65
495,43,28,17,90,87,85,30,80,79,73,17,41,22
495,94,57,17,97,85,45,50,29,39,83,67,18,85
495,80,49,99,34,31,70,92,99,86,54,14,34,14
495,75,3,28,58,62,55,94,6,0,6,88,56,45
496,8,57,5,22,28,48,3,38,60,2,43,20,81
496,27,3,27,96,7,56,82,74,70,7,62,13,48
496,92,44,21,22,81,24,93,78,40,61,79,75,90
496,39,65,48,36,65,31,4,24,100,68,77,81,87
496,45,25,52,25,15,83,42,9,32,52,42,73,49
496,64,29,29,46,54,55,88,24,82,50,65,22,12
496,61,44,59,32,19,79,76,57,81,44,54,84,86
496,59,35,42,43,98,93,60,22,36,24,25,86,27
496,5,49,29,30,2,83,71,69,71,54,77,80,40
496,84,95,63,78,94,55,19,19,69,18,73,44,82
496,89,53,89,85,80,70,2,68,39,67,18,4,85
496,87,55,85,92,38,7,85,84,5,66,34,28,3
497,53,84,30,57,93,8,14,17,12,17,64,100,91
497,80,28,87,22,79,64,2,54,34,47,13,99,17
497,75,53,94,61,94,75,38,69,76,46,87,70,50
497,48,20,78,69,30,74,73,45,51,73,35,42,98
497,28,19,87,78,22,22,62,54,57,14,95,85,87
497,69,36,22,91,97,11,5,78,93,12,99,34,50
497,71,99,57,86,72,96,26,46,93,4,24,28,89
497,17,24,75,26,60,10,88,4,35,7,31,49,54
497,51,98,23,44,68,91,96,0,76,83,95,32,20
497,46,70,83,37,63,41,85,9,51,42,70,29,1
497,54,35,100,82,95,5,100,94,25,30,44,57,39
497,19,26,77,37,50,1,9,27,58,76,47,21,8
498,84,65,69,55,28,32,66,44,85,15,9,41,52
498,83,99,62,83,50,73,100,65,23,64,82,1,78
498,7,88,40,46,13,16,96,50,39,98,18,77,96
498,7,29,60,35,34,33,3,18,45,33,51,42,22
498,53,70,1,38,5,54,82,13,33,37,72,21,17
498,60,3,94,48,13,28,55,24,2,75,29,86,34
498,100,53,49,63,8,4,58,82,49,26,61,2,24
498,2,14,45,70,99,97,94,22,11,65,67,18,55
498,60,48,70,63,20,13,2,0,63,92,88,16,64
498,95,88,59,19,76,26,67,17,76,95,29,55,19
498,38,45,92,72,30,3,41,30,78,63,78,100,27
498,100,64,94,93,59,76,99,9,65,55,77,72,44
499,84,54,8,60,36,31,70,9,60,88,78,46,39
499,37,43,22,48,51,71,22,5,66,40,34,11,13
499,65,38,99,36,47,39,28,27,79,84,72,100,46
499,94,44,82,41,81,41,18,68,23,36,92,96,92
499,62,86,14,46,30,86,45,2,25,75,34,6,61
499,67,98,45,97,94,65,89,17,14,50,0,17,64
499,42,21,70,45,100,4,27,6,44,61,82,63,55
499,46,88,13,77,93,82,20,73,22,51,34,71,100
499,46,45,61,82,95,13,90,56,73,38,55,77,58
499,35,32,1,18,16,90,51,37,48,88,34,53,49
499,54,94,10,55,69,27,29,80,15,14,67,22,42
499,68,46,3,79,39,35,32,5,85,2,23,98,34
500,83,93,96,87,8,69,78,63,15,89,74,3,52
500,69,96,93,78,68,99,41,66,98,39,43,40,42
500,87,60,53,79,65,44,60,88,88,31,6,88,99
500,36,58,26,34,70,66,100,94,25,21,26,40,70
500,81,19,78,19,91,78,20,50,85,71,32,48,42
500,75,38,19,7,7,10,41,46,35,89,17,85,49
500,34,19,34,14,24,34,11,6,18,79,27,98,13
500,48,100,71,39,17,93,22,20,17,24,46,10,25
500,88,42,59,24,53,21,82,34,14,34,12,52,97
500,77,23,43,15,49,46,2,32,9,68,34,77,2
500,20,22,88,4,56,6,57,80,33,45,19,97,5
500,12,9,69,96,16,81,69,13,51,90,41,82,23
