Pilot ID,Performance Level,Training Hours,Simulator Hours,Flight Experience (Years),Training Score,Performance Score,Incidents,Accidents,Aircraft Types Flown,Last Check Ride Score,Reaction Time (ms),Stress Level,Sleep Quality,Cognitive Flexibility Score,Psychological Condition Index
P001,Needs Improvement,415.34,496.76,28.41,75.83,31.89,1.42,1.01,2.63,55.12,351.09,2.27,1.05,41.32,47.44
P001,Needs Improvement,658.34,418.98,18.53,54.11,46.08,3.36,0.42,3.69,55.83,211.74,3.33,2.64,36.78,46.74
P001,Needs Improvement,704.25,425.05,7.54,51.96,28.53,0.92,1.07,1.87,50.52,227.39,3.13,5.37,54.67,56.39
P001,Needs Improvement,538.52,494.68,29.12,72.26,11.32,2.73,0.47,5.78,47.85,356.68,4.44,5.48,45.59,61.29
P001,Needs Improvement,407.05,335.19,31.75,64.9,13.74,2.75,1.27,7.06,75.35,303.76,3.45,7.11,48.86,57.9
P001,Needs Improvement,358.7,319.98,11.84,64.92,40.74,2.31,0.94,4.25,52.71,301.8,6.35,4.16,62.28,74.5
P001,Needs Improvement,500.97,495.8,10.5,66.15,5.5,0.69,0.72,3.57,68.23,201.5,3.07,2.68,65.97,64.54
P001,Needs Improvement,486.6,212.62,2.93,61.23,5.25,0.2,0.04,3.79,47.51,387.68,6.34,0.99,56.31,66.46
P001,Needs Improvement,1087.49,495.99,13.12,46.74,74.8,0.15,0.67,2.34,40.15,286.95,6.87,2.24,46.93,61.57
P001,Needs Improvement,809.4,430.63,16.52,47.58,6.51,1.24,0.25,6.14,50.25,278.35,7.53,2.35,72.51,59.14
P001,Needs Improvement,825.39,598.68,20.14,65.95,10.04,3.13,1.26,2.08,44.8,161.27,3.08,3.43,48.67,57.54
P001,Needs Improvement,569.85,94.53,29.24,58.23,44.53,0.46,0.91,4.38,65.01,200.28,4.35,3.29,38.79,76.84
P001,Needs Improvement,577.57,429.3,14.33,48.4,39.94,3.68,0.18,7.81,40.85,280.32,7.47,6.71,68.26,45.21
P001,Needs Improvement,979.28,332.24,18.61,68.9,68.91,1.35,0.71,5.32,49.45,204.46,4.76,6.18,66.99,45.79
P001,Needs Improvement,618.52,349.4,25.75,60.22,3.44,3.33,0.98,1.8,51.75,302.07,6.04,6.8,49.55,47.88
P001,Needs Improvement,795.14,189.33,10.93,54.94,20.73,2.19,0.19,7.02,62.61,177.09,4.27,3.66,59.11,53.35
P001,Needs Improvement,604.09,352.02,1.74,42.84,52.12,2.97,0.9,5.76,44.71,200.37,2.26,5.51,44.54,56.0
P001,Needs Improvement,948.29,535.03,3.47,62.53,32.74,2.5,1.38,7.47,61.82,175.62,4.42,6.71,58.64,67.0
P001,Needs Improvement,1018.12,103.13,18.52,51.82,25.74,1.74,0.62,2.02,55.58,282.7,4.64,6.17,47.38,58.34
P001,Needs Improvement,574.06,139.36,9.6,60.92,36.62,1.32,1.23,5.09,60.88,210.17,4.46,1.12,43.55,71.47
P001,Needs Improvement,264.78,257.35,3.94,50.9,59.6,1.94,0.51,3.21,56.11,318.22,4.75,3.24,72.26,46.65
P001,Needs Improvement,552.52,76.06,11.42,66.65,56.86,2.97,0.03,7.88,62.39,160.77,4.18,6.47,57.38,66.24
P001,Needs Improvement,1127.03,185.4,16.7,64.29,40.14,1.22,0.55,4.48,46.17,161.59,0.73,4.0,63.76,71.68
P001,Needs Improvement,626.88,571.83,12.52,62.63,61.18,2.93,1.19,2.38,69.79,289.26,3.91,6.94,57.27,58.01
P001,Needs Improvement,579.79,106.0,16.48,56.67,49.72,3.29,1.12,7.74,66.39,175.03,5.57,5.53,56.69,55.39
P001,Needs Improvement,680.66,326.33,21.81,63.5,54.42,3.29,0.5,3.51,63.89,171.65,2.55,4.5,74.74,39.14
P001,Needs Improvement,903.73,104.92,3.97,68.68,16.9,0.73,0.49,2.32,53.41,203.79,4.58,3.72,71.78,58.63
P001,Needs Improvement,706.44,535.59,16.86,44.86,56.8,0.79,0.82,3.88,70.1,186.39,2.8,3.78,50.39,59.94
P001,Needs Improvement,989.31,235.92,16.26,59.41,54.36,1.18,1.1,6.83,71.84,355.54,3.53,2.36,57.17,50.69
P001,Needs Improvement,1031.46,471.89,30.08,73.47,67.44,1.49,0.13,5.98,44.22,302.67,7.01,3.15,47.94,67.23
P001,Needs Improvement,904.59,507.35,30.35,48.85,73.62,0.68,0.79,5.4,46.56,232.88,7.0,5.59,59.77,52.94
P001,Needs Improvement,589.52,429.34,4.69,54.64,19.14,1.87,1.24,5.89,53.87,181.02,5.61,6.35,73.95,64.01
P001,Needs Improvement,617.22,145.56,8.69,52.13,67.33,0.59,0.7,3.09,64.77,239.1,1.19,6.8,40.34,71.95
P001,Needs Improvement,959.79,329.47,29.77,66.38,55.3,3.87,0.99,1.12,39.62,377.64,3.85,1.61,42.43,55.42
P001,Needs Improvement,842.41,314.89,20.0,56.39,37.93,1.97,0.61,6.21,64.29,264.43,6.59,4.12,35.94,54.89
P001,Needs Improvement,269.19,97.03,1.84,60.52,28.25,1.27,1.03,3.8,71.48,274.16,6.48,1.47,44.73,65.26
P001,Needs Improvement,803.23,546.45,28.96,63.4,31.48,0.9,0.17,3.14,76.59,335.89,2.22,4.8,47.35,59.62
P001,Needs Improvement,1027.65,415.33,1.86,70.4,28.45,1.68,1.2,3.14,63.17,193.2,5.12,4.61,43.79,70.31
P001,Needs Improvement,1021.8,556.16,20.23,73.15,41.01,0.88,0.24,2.5,42.57,202.37,7.21,6.24,65.78,66.82
P001,Needs Improvement,750.39,202.19,3.14,58.63,26.4,2.92,0.4,3.83,49.97,331.89,1.99,6.83,68.26,52.0
P001,Needs Improvement,305.96,608.79,14.07,61.86,5.13,1.45,0.35,1.82,69.04,343.43,6.15,6.65,43.86,74.38
P001,Needs Improvement,260.98,578.83,29.97,56.81,24.78,2.69,1.34,4.53,55.24,185.16,1.78,4.05,65.53,76.16
P001,Needs Improvement,389.93,76.64,17.89,59.49,12.31,1.24,0.69,1.75,62.14,380.23,5.36,7.57,66.81,40.7
P001,Needs Improvement,691.37,315.56,11.27,69.06,42.11,0.32,0.52,7.05,66.22,162.88,6.81,6.89,61.54,51.53
P001,Needs Improvement,1095.62,493.58,15.24,62.39,58.64,0.15,0.68,4.85,56.33,223.14,6.06,3.45,40.78,60.61
P001,Needs Improvement,712.59,116.28,7.12,53.43,13.87,1.63,0.97,5.94,57.98,264.6,3.47,4.97,66.14,47.24
P001,Needs Improvement,567.86,495.8,23.15,64.17,28.01,1.46,0.62,3.53,60.51,174.91,2.82,6.11,60.35,50.54
P001,Needs Improvement,458.52,300.14,14.19,49.04,46.73,0.93,0.58,3.17,68.65,262.59,4.54,1.04,40.6,40.17
P001,Needs Improvement,409.0,115.07,18.3,56.77,48.14,1.29,0.84,4.18,54.59,171.31,7.31,1.77,61.93,49.16
P001,Needs Improvement,464.58,578.91,1.22,73.33,54.67,3.15,0.95,6.47,57.95,188.44,3.04,7.71,39.74,42.43
P001,Needs Improvement,965.53,321.37,25.78,69.89,22.71,1.25,0.92,3.34,60.23,233.82,4.5,5.26,56.58,76.57
P001,Needs Improvement,1091.65,126.0,15.61,58.47,42.56,2.69,1.22,6.41,74.81,226.01,3.82,1.9,58.41,72.67
P001,Needs Improvement,706.92,445.73,30.58,57.63,67.03,0.67,1.14,6.87,42.48,234.87,1.41,5.07,62.1,59.07
P001,Needs Improvement,579.44,482.84,8.01,70.09,52.44,2.74,0.61,2.45,55.49,185.39,2.21,4.89,57.6,41.53
P001,Needs Improvement,780.22,305.2,20.53,57.58,44.26,3.52,0.41,4.71,50.19,286.64,6.51,1.24,48.26,60.74
P001,Needs Improvement,609.91,100.82,12.12,57.09,41.15,3.67,1.08,3.48,63.77,231.66,3.89,1.66,39.46,64.06
P001,Needs Improvement,784.39,218.01,26.42,57.47,4.49,0.83,0.56,2.37,66.44,380.06,1.91,4.67,52.17,52.67
P001,Needs Improvement,808.52,365.02,4.69,67.92,1.64,0.89,0.91,4.62,49.96,190.95,6.19,7.49,59.34,55.48
P001,Needs Improvement,409.97,458.45,19.19,69.17,59.6,0.07,0.54,4.37,45.35,324.8,2.73,1.79,64.76,45.29
P001,Needs Improvement,795.12,188.21,6.89,67.67,56.44,1.55,0.53,3.83,55.23,195.88,3.71,4.79,45.32,51.84
P001,Needs Improvement,759.59,102.28,11.25,64.38,19.02,0.5,0.37,6.32,68.73,347.29,1.47,7.41,39.18,70.0
P001,Needs Improvement,968.29,330.03,13.41,71.21,62.7,3.68,0.07,5.91,64.02,158.18,3.35,7.91,75.59,50.21
P001,Needs Improvement,751.37,109.95,3.17,74.68,18.17,2.34,0.37,1.29,58.36,211.38,3.75,4.26,57.91,40.74
P001,Needs Improvement,328.99,122.82,16.59,48.41,71.26,1.74,1.52,3.04,47.47,282.21,7.6,4.32,38.57,63.72
P001,Needs Improvement,732.2,134.92,3.65,56.87,25.38,2.94,0.87,1.68,62.12,236.41,4.7,6.05,45.97,71.97
P001,Needs Improvement,521.15,510.65,20.52,61.36,66.49,2.92,1.16,5.51,68.8,249.8,3.42,5.79,43.6,35.96
P001,Needs Improvement,240.01,167.64,13.14,62.1,7.52,2.48,0.74,4.51,50.48,188.31,6.16,2.26,56.05,43.41
P001,Needs Improvement,429.78,112.17,23.89,51.63,47.79,0.69,1.54,6.09,45.5,353.89,5.54,4.83,75.09,41.47
P001,Needs Improvement,420.96,316.6,14.27,67.34,3.94,3.54,0.01,2.16,55.41,239.59,2.5,0.97,49.67,72.78
P001,Needs Improvement,639.09,205.89,24.15,64.12,25.3,2.73,0.37,4.23,69.58,349.17,4.96,7.01,62.03,48.9
P001,Needs Improvement,1144.47,160.18,21.57,48.83,43.5,0.84,0.85,4.52,48.11,234.64,5.04,1.48,56.58,50.25
P001,Needs Improvement,319.49,611.55,14.97,71.59,58.81,0.06,0.94,2.62,60.46,277.47,1.36,2.62,66.29,53.69
P001,Needs Improvement,306.64,170.27,3.43,65.71,23.87,0.77,0.77,4.31,59.4,336.33,4.23,0.96,67.75,51.2
P001,Needs Improvement,1148.13,141.13,10.76,56.56,53.11,3.98,0.94,5.09,40.26,194.01,7.16,2.9,43.09,78.54
P001,Needs Improvement,791.38,217.4,26.57,49.63,6.73,1.66,1.06,4.85,61.02,346.58,2.31,5.44,46.05,60.26
P001,Needs Improvement,868.17,106.77,11.23,50.51,5.32,1.58,1.31,5.84,72.64,323.6,1.86,3.19,49.25,55.11
P001,Needs Improvement,613.99,277.58,27.57,70.41,63.6,3.35,0.94,5.01,60.91,189.07,1.17,1.07,50.23,38.81
P001,Needs Improvement,893.84,114.33,25.81,58.81,47.16,3.05,0.62,6.14,60.15,199.24,5.75,1.02,42.35,39.44
P001,Needs Improvement,315.36,303.42,10.24,53.11,34.68,2.45,0.19,6.44,45.91,272.94,2.53,6.32,39.53,69.04
P001,Needs Improvement,643.4,328.59,14.39,59.95,42.18,0.19,1.23,3.84,45.07,155.25,6.08,6.3,71.2,39.52
P001,Needs Improvement,263.62,537.82,12.53,73.1,19.81,1.15,1.47,6.14,67.24,167.01,2.54,6.29,41.49,61.21
P001,Needs Improvement,574.77,463.21,20.03,72.58,35.85,0.41,0.26,5.77,73.08,343.19,4.31,1.3,74.57,45.4
P001,Needs Improvement,904.67,291.44,11.86,64.23,42.66,1.43,0.9,1.49,37.3,153.94,4.31,1.9,40.55,71.44
P001,Needs Improvement,679.37,77.33,24.21,50.26,41.65,2.19,0.15,7.05,74.47,170.91,2.28,3.5,46.93,53.04
P001,Needs Improvement,960.05,270.83,14.65,57.99,43.4,0.12,1.23,3.99,42.33,332.18,6.51,1.95,60.68,69.06
P001,Needs Improvement,377.85,571.9,23.68,70.61,22.01,2.96,1.04,6.69,68.01,287.17,3.12,1.04,54.67,62.75
P001,Needs Improvement,272.05,574.27,3.61,58.18,36.97,2.09,0.96,3.29,70.62,253.18,4.94,4.23,37.1,59.85
P001,Needs Improvement,430.28,196.32,28.08,69.37,65.33,3.28,0.97,6.14,65.24,350.0,2.24,1.27,38.33,57.72
P001,Needs Improvement,243.51,527.39,27.33,47.48,52.65,2.41,0.46,5.07,59.47,181.21,5.08,6.21,52.81,65.56
P001,Needs Improvement,435.11,277.78,5.04,46.17,63.58,0.77,0.32,5.63,67.65,262.94,4.58,4.28,45.08,48.78
P001,Needs Improvement,351.46,447.39,5.66,71.77,20.1,0.37,1.21,5.01,59.11,239.89,1.38,6.02,61.56,62.14
P001,Needs Improvement,1062.57,288.98,19.45,46.67,72.96,2.41,0.4,1.93,43.35,351.23,4.03,7.1,55.34,69.74
P001,Needs Improvement,330.7,447.87,24.79,60.87,53.05,3.36,1.01,5.48,55.31,183.92,6.89,5.33,55.94,39.98
P001,Needs Improvement,1002.3,341.27,20.16,75.59,56.39,0.12,0.52,2.63,66.11,247.85,3.7,2.12,70.34,39.73
P001,Needs Improvement,532.37,296.84,11.09,52.68,43.19,2.5,1.35,4.64,58.55,187.48,7.01,7.17,52.01,63.37
P001,Needs Improvement,1077.37,360.75,19.76,65.62,55.29,3.52,0.46,7.4,68.29,306.81,6.99,5.67,40.78,67.02
P001,Needs Improvement,648.39,97.29,9.91,58.96,73.34,3.6,0.79,3.88,69.72,360.16,1.79,4.25,58.97,61.36
P001,Needs Improvement,626.71,336.25,14.97,48.37,0.91,3.21,0.55,3.62,72.71,354.66,2.74,3.99,76.09,70.53
P001,Needs Improvement,1013.91,274.81,22.82,66.27,40.19,0.92,0.64,0.79,46.1,364.58,4.2,4.76,36.44,52.54
P001,Needs Improvement,836.37,280.55,13.5,75.69,68.47,3.26,0.36,1.79,45.51,314.44,3.55,6.11,56.52,68.31
P002,Good,1194.23,689.32,8.31,68.91,3.16,1.69,1.66,1.82,50.95,404.19,8.02,4.68,64.06,66.44
P002,Good,899.99,133.82,26.87,61.4,43.24,0.24,0.6,6.37,84.52,460.28,3.04,1.99,94.04,59.57
P002,Good,870.1,345.02,27.42,67.35,25.89,2.26,1.83,2.07,86.44,250.93,4.62,2.39,82.26,55.42
P002,Good,644.37,124.63,9.01,60.45,73.96,2.08,0.59,5.22,85.95,396.59,7.86,7.81,74.06,81.34
P002,Good,894.76,299.81,5.6,88.16,22.4,3.91,1.16,7.93,49.87,473.41,9.47,2.96,53.53,63.91
P002,Good,788.83,396.48,22.76,67.43,32.27,0.33,0.76,7.85,54.59,418.21,9.24,9.39,47.79,89.99
P002,Good,955.33,449.24,21.82,73.31,57.62,3.56,1.07,2.2,58.17,207.94,6.87,1.75,79.65,65.67
P002,Good,813.25,484.38,9.66,61.05,43.17,1.06,0.01,6.21,50.57,313.67,5.84,2.9,78.76,58.7
P002,Good,874.56,325.31,4.21,92.73,48.39,4.6,1.06,6.73,81.2,213.1,1.18,1.04,89.39,65.65
P002,Good,975.33,336.49,33.32,74.03,73.94,2.38,1.84,7.48,59.1,296.04,9.11,1.29,69.68,80.54
P002,Good,857.5,196.73,16.49,87.74,19.29,1.93,0.05,3.43,47.58,434.83,5.53,9.24,84.54,70.91
P002,Good,307.22,391.99,10.66,62.26,76.32,3.96,1.19,3.18,65.29,219.47,3.94,8.06,63.62,63.75
P002,Good,619.7,376.98,15.19,75.18,82.26,3.67,1.01,4.6,85.82,374.08,1.9,3.48,57.63,65.11
P002,Good,984.94,380.71,33.86,74.59,19.0,2.62,0.04,6.9,91.23,470.03,1.98,6.95,95.39,79.42
P002,Good,1042.32,663.92,28.53,86.55,71.24,4.02,0.24,5.5,85.61,311.23,4.52,1.06,54.61,67.91
P002,Good,1173.58,481.03,17.67,91.92,85.23,2.02,1.4,6.9,61.94,302.83,4.34,8.04,74.22,49.93
P002,Good,939.98,460.46,14.19,81.44,20.13,1.87,0.65,2.25,75.72,425.92,5.73,3.54,80.38,72.96
P002,Good,1005.6,688.53,28.75,76.16,41.95,4.52,1.05,6.56,58.37,423.73,3.39,7.63,87.26,72.95
P002,Good,1215.89,570.53,8.96,66.43,87.29,3.11,1.48,2.67,81.92,363.8,7.59,7.34,90.45,94.76
P002,Good,998.83,407.81,11.98,97.38,79.87,0.06,0.56,1.14,79.41,228.08,1.04,4.45,63.06,79.73
P002,Good,1015.6,483.44,32.7,72.0,59.95,2.1,1.63,8.99,95.83,304.52,1.98,6.05,82.0,51.11
P002,Good,1174.63,358.67,2.54,77.72,5.87,0.11,0.86,7.11,81.57,445.19,8.2,1.66,52.52,77.19
P002,Good,572.09,491.37,26.81,79.87,64.08,3.95,0.23,2.86,77.1,471.43,2.01,4.62,82.56,62.38
P002,Good,1174.48,206.25,3.14,59.46,52.91,0.76,0.02,2.76,55.01,419.57,3.89,8.97,92.79,53.75
P002,Good,569.24,660.56,22.96,77.4,28.27,0.01,1.65,9.26,79.6,284.12,3.94,9.59,54.24,53.85
P002,Good,1210.93,105.78,18.7,79.8,60.0,3.65,1.32,5.57,92.77,343.73,5.54,4.61,94.12,58.42
P002,Good,1214.99,662.44,16.69,80.59,52.36,3.63,1.86,3.93,73.45,448.15,3.12,5.46,84.29,72.44
P002,Good,694.1,273.02,8.16,69.13,90.78,4.52,1.06,7.72,78.83,343.4,8.83,6.99,81.73,50.43
P002,Good,553.21,418.14,5.6,70.09,92.8,3.88,0.4,5.07,87.98,462.2,5.98,1.44,76.06,76.71
P002,Good,1292.62,331.83,28.51,58.95,38.9,1.54,0.08,6.15,55.42,370.44,5.2,8.61,70.44,72.11
P002,Good,805.86,269.41,13.01,63.51,54.02,4.44,0.36,3.07,59.46,331.73,2.44,1.53,76.39,54.71
P002,Good,435.2,614.06,32.13,87.41,34.81,1.37,0.2,7.52,79.09,409.82,4.9,7.1,55.34,78.21
P002,Good,718.61,121.38,1.53,63.42,50.74,1.96,1.71,3.21,49.86,280.46,5.78,8.87,81.73,85.93
P002,Good,1319.36,596.35,9.99,82.86,72.26,0.66,0.05,2.96,71.94,402.47,6.99,8.88,52.42,71.29
P002,Good,1218.0,706.93,7.43,81.08,72.49,0.92,1.23,4.6,90.19,265.42,6.13,9.21,56.54,73.9
P002,Good,342.03,511.21,27.41,57.66,43.38,4.54,1.43,5.42,56.52,331.28,8.39,2.84,77.77,65.68
P002,Good,572.58,620.44,17.93,67.47,8.51,0.21,0.75,8.73,50.12,246.95,7.52,4.54,71.76,87.62
P002,Good,1301.25,660.42,26.27,63.88,84.18,2.01,0.74,4.98,91.8,318.67,3.44,1.57,67.42,93.7
P002,Good,436.76,401.27,28.34,72.19,4.8,1.52,0.46,8.87,58.67,256.0,8.61,4.31,90.4,95.21
P002,Good,625.57,550.99,20.79,59.57,55.2,0.63,0.35,4.3,56.92,252.47,1.66,1.4,59.73,64.35
P002,Good,1312.36,577.86,26.8,63.22,29.37,2.66,0.65,1.95,87.57,295.32,3.21,3.83,59.84,53.6
P002,Good,1321.86,189.74,4.63,82.25,7.41,4.47,0.85,1.88,65.98,339.37,9.64,4.64,78.23,72.37
P002,Good,309.52,269.54,4.69,74.9,44.7,0.94,1.53,6.11,49.27,227.16,2.03,8.96,79.51,46.95
P002,Good,425.73,422.43,13.17,79.64,59.92,0.59,0.23,2.54,64.4,200.49,8.13,5.23,81.34,71.89
P002,Good,1190.37,637.09,6.74,71.13,76.65,3.95,0.3,9.65,89.19,355.23,8.21,5.77,79.75,89.73
P002,Good,428.05,125.64,35.62,59.41,80.73,2.19,0.63,6.32,64.23,190.27,5.48,1.8,93.05,90.7
P002,Good,1196.19,565.76,9.21,72.37,7.97,4.59,0.16,8.54,62.55,280.39,8.38,6.79,84.03,53.59
P002,Good,596.18,397.94,4.51,84.93,29.19,3.68,0.43,5.3,60.22,416.43,8.47,4.78,48.71,92.02
P002,Good,588.52,501.0,6.99,74.72,81.09,4.54,1.37,4.01,74.44,476.05,7.91,9.34,93.41,61.24
P002,Good,940.4,309.03,14.21,71.41,15.05,2.27,0.23,8.37,89.36,369.46,4.81,4.8,79.04,54.97
P002,Good,585.77,175.5,11.54,78.65,60.13,0.97,0.66,1.9,61.73,387.09,2.14,8.52,87.62,76.88
P002,Good,646.75,415.64,13.01,90.45,28.23,3.16,1.84,4.37,85.31,326.65,1.08,2.29,75.57,84.45
P002,Good,547.25,332.6,1.77,59.81,44.79,4.45,0.37,2.59,68.17,263.74,4.91,1.05,85.52,63.78
P002,Good,788.44,661.93,29.45,89.22,35.98,0.06,1.37,5.99,92.3,431.15,2.6,0.96,73.94,91.77
P002,Good,555.68,725.79,32.75,76.55,31.68,2.15,1.87,7.97,77.02,211.0,6.84,8.5,62.19,52.97
P002,Good,681.06,376.06,21.3,90.0,92.42,4.39,0.9,1.4,57.9,218.1,7.58,6.42,85.96,84.04
P002,Good,1116.29,527.41,22.43,66.51,26.53,1.77,0.12,9.51,78.15,387.37,5.54,6.54,89.84,82.8
P002,Good,749.25,361.42,12.47,84.41,87.76,1.18,0.37,2.74,84.56,309.2,6.81,7.25,56.88,53.36
P002,Good,674.77,138.29,7.57,75.92,22.05,1.45,0.25,1.4,80.25,219.88,6.29,4.97,73.97,79.79
P002,Good,961.16,260.25,6.81,85.99,41.83,2.67,1.53,7.34,82.13,191.31,6.05,8.17,59.93,63.69
P002,Good,1109.67,657.81,29.61,82.36,12.81,1.45,0.25,8.24,56.94,304.26,1.3,7.08,79.43,50.86
P002,Good,740.22,188.49,12.51,67.06,41.24,3.4,0.27,3.68,62.97,354.22,8.16,7.6,80.7,79.91
P002,Good,323.67,678.63,29.68,79.68,54.19,4.26,0.54,1.85,60.12,370.0,2.97,1.44,47.47,52.49
P002,Good,579.46,659.44,30.92,95.46,7.91,3.01,0.61,8.88,50.03,431.74,6.32,5.77,72.33,98.39
P002,Good,1335.72,415.55,33.79,65.96,56.96,1.48,0.69,3.0,80.37,239.15,6.24,8.49,48.88,70.05
P002,Good,474.03,112.46,15.61,71.88,44.54,2.51,0.81,8.92,76.46,256.06,9.06,7.19,85.45,46.96
P002,Good,933.57,640.52,21.5,69.99,73.27,4.26,0.45,3.48,52.28,381.66,7.68,1.82,81.16,73.77
P002,Good,820.66,569.82,34.42,78.45,48.35,3.77,1.04,7.95,68.97,267.09,8.14,8.74,50.43,53.39
P002,Good,1317.26,437.49,16.04,64.57,43.77,3.93,1.06,3.94,92.86,395.94,8.98,3.31,49.82,51.43
P002,Good,405.76,422.2,6.06,73.07,11.37,2.26,1.6,6.13,93.47,402.72,6.14,2.6,88.33,68.18
P002,Good,415.42,604.12,8.21,63.34,94.39,3.45,0.22,5.44,72.54,325.41,7.62,6.33,74.61,88.53
P002,Good,1383.57,477.09,35.71,90.1,51.01,2.12,1.26,9.01,74.47,380.41,4.97,4.19,65.0,64.07
P002,Good,976.44,568.83,4.05,75.33,50.22,3.99,0.48,3.72,75.23,382.92,4.64,1.71,80.41,73.58
P002,Good,1247.18,97.57,22.74,57.92,46.01,3.96,0.94,3.23,84.06,453.95,3.48,3.71,88.31,97.22
P002,Good,954.15,435.07,28.38,55.1,37.13,2.23,0.93,2.71,75.71,195.17,1.86,4.39,83.96,93.55
P002,Good,1008.68,539.0,16.04,56.97,31.32,0.67,1.7,5.27,87.38,290.97,5.36,2.37,88.55,60.93
P002,Good,926.38,241.26,4.01,80.88,80.61,3.6,0.26,5.52,89.11,466.08,3.48,6.68,52.08,82.9
P002,Good,1226.71,396.34,7.58,87.57,53.16,0.59,0.34,4.86,58.74,259.37,7.41,3.24,65.86,90.48
P002,Good,1156.85,147.22,14.98,87.53,80.35,3.85,0.1,1.46,78.09,235.63,4.85,7.85,71.72,51.56
P002,Good,1213.11,744.83,29.98,72.25,68.65,4.37,0.19,6.46,64.98,293.38,8.27,4.64,89.36,70.41
P002,Good,906.67,538.47,8.21,60.75,38.2,0.82,0.3,3.56,68.96,421.54,7.33,8.48,47.47,86.49
P002,Good,333.57,605.91,20.18,82.3,31.13,2.3,0.75,6.07,63.22,406.46,9.41,3.09,85.03,91.18
P002,Good,1459.03,620.57,1.26,65.13,47.52,3.05,0.24,2.53,73.01,216.64,6.13,6.6,90.21,57.52
P002,Good,719.93,241.34,33.31,69.18,23.01,3.15,1.41,6.38,75.58,221.82,3.6,2.86,66.17,55.65
P002,Good,1282.09,515.6,13.93,58.57,54.18,4.26,1.52,7.22,74.64,318.29,5.66,4.96,61.35,85.12
P002,Good,1335.94,363.35,2.13,87.56,14.36,3.83,0.76,8.26,74.1,343.88,8.98,0.99,67.56,47.62
P002,Good,629.22,384.23,14.29,73.78,92.64,3.48,0.08,2.54,91.54,274.5,1.93,5.99,91.89,74.79
P002,Good,1178.55,689.94,33.77,80.99,24.89,1.61,1.6,6.18,65.77,392.09,1.43,2.01,71.5,64.48
P002,Good,701.88,534.3,26.33,83.92,71.13,2.59,1.38,8.77,61.11,207.46,1.96,7.8,57.88,58.88
P002,Good,1006.13,683.56,1.52,56.51,3.02,2.52,0.66,2.62,56.51,234.71,5.53,1.67,81.66,58.79
P002,Good,1363.02,339.81,10.77,80.96,57.26,2.49,1.56,8.25,54.35,217.71,1.92,2.19,52.13,77.06
P002,Good,1157.51,614.73,25.44,68.6,79.73,2.23,0.98,3.29,82.8,302.77,9.14,1.88,68.39,61.93
P002,Good,395.88,282.85,26.28,73.45,85.51,1.98,0.59,3.92,65.11,382.12,6.24,2.98,97.43,56.24
P002,Good,1265.03,193.24,32.77,94.96,4.79,2.71,0.86,4.67,46.4,345.61,2.45,7.02,48.53,64.37
P002,Good,433.91,129.32,21.02,71.66,29.26,1.49,1.19,1.28,81.76,408.96,7.64,8.36,60.06,71.59
P002,Good,513.78,483.46,20.73,70.05,39.77,3.58,0.61,2.81,86.74,310.36,9.19,5.32,95.25,55.23
P002,Good,838.73,503.97,36.24,64.84,31.38,0.44,1.67,5.42,86.2,346.87,1.7,6.22,87.93,88.74
P002,Good,592.26,702.27,36.57,84.89,72.7,1.39,0.66,1.73,55.36,491.01,5.37,7.25,71.85,90.6
P002,Good,807.95,308.84,23.11,84.51,58.35,2.53,1.33,7.45,55.91,455.11,2.02,1.83,95.33,64.17
P002,Good,1378.23,277.72,28.0,92.75,27.51,1.49,1.13,5.25,63.79,290.08,1.58,8.01,74.49,58.62
P003,Needs Improvement,575.57,553.55,24.7,52.36,3.6,0.06,1.41,2.23,49.48,273.58,6.37,7.3,40.8,78.43
P003,Needs Improvement,287.11,305.21,25.38,70.54,44.33,2.1,0.29,3.69,66.69,279.83,3.99,3.59,67.96,54.74
P003,Needs Improvement,418.59,137.91,7.18,43.64,7.37,1.62,0.21,2.93,37.59,293.17,1.72,2.51,72.59,54.24
P003,Needs Improvement,397.3,355.91,14.71,71.03,46.65,3.18,0.01,3.03,68.79,216.18,1.47,7.52,67.02,39.65
P003,Needs Improvement,1001.33,81.9,2.96,63.07,6.52,2.52,0.49,5.72,47.2,189.6,1.36,3.58,67.56,40.13
P003,Needs Improvement,230.19,433.18,22.94,54.06,4.81,3.62,1.13,1.63,45.72,306.87,3.03,7.05,62.16,68.33
P003,Needs Improvement,739.52,400.68,13.62,51.0,70.2,0.74,0.98,0.9,74.24,248.77,2.17,5.51,68.26,73.17
P003,Needs Improvement,377.48,288.52,17.89,62.95,38.17,2.47,1.4,4.14,41.22,364.15,0.76,5.69,39.04,48.96
P003,Needs Improvement,640.75,576.16,26.88,52.32,32.94,1.07,0.74,7.46,41.53,163.76,3.23,5.52,52.01,71.6
P003,Needs Improvement,698.06,76.65,3.69,45.17,16.63,3.88,1.29,0.99,70.9,178.0,2.69,7.84,56.18,63.88
P003,Needs Improvement,240.58,429.04,18.07,50.7,10.48,0.13,1.03,2.94,65.45,288.93,1.85,2.0,54.84,47.12
P003,Needs Improvement,1114.97,327.94,19.89,47.1,27.17,3.48,1.25,1.65,44.31,335.96,6.3,4.58,63.77,57.58
P003,Needs Improvement,240.36,424.98,7.0,71.19,52.3,0.95,0.0,7.19,40.18,161.76,5.21,7.02,39.89,51.24
P003,Needs Improvement,932.52,276.51,9.15,48.21,64.68,0.28,0.7,3.18,61.77,235.95,2.86,4.54,74.73,75.83
P003,Needs Improvement,771.96,391.1,22.14,65.35,32.26,2.72,0.41,2.83,48.35,191.43,2.69,1.29,46.34,49.66
P003,Needs Improvement,1135.6,379.4,25.29,52.67,30.83,1.02,0.75,1.5,61.23,208.55,1.7,4.06,40.11,55.03
P003,Needs Improvement,319.03,539.57,18.94,49.02,48.03,3.17,0.48,5.19,43.64,268.86,7.61,1.6,38.48,56.1
P003,Needs Improvement,391.2,171.01,15.9,52.76,76.32,1.95,0.02,6.35,52.24,283.0,2.78,2.59,45.72,39.81
P003,Needs Improvement,722.91,455.07,14.55,54.73,1.16,0.33,0.13,2.23,38.28,191.97,1.47,4.55,71.23,49.04
P003,Needs Improvement,1056.7,249.94,21.76,63.53,66.19,1.01,0.79,5.91,54.92,221.13,2.06,1.2,56.32,37.65
P003,Needs Improvement,606.3,155.48,12.83,62.51,17.09,1.85,0.24,0.78,61.43,209.68,1.51,1.06,66.85,70.35
P003,Needs Improvement,664.14,334.64,2.35,58.17,72.17,2.48,1.33,6.08,63.06,282.78,3.94,3.32,40.54,54.39
P003,Needs Improvement,513.88,598.21,30.57,55.05,51.76,0.07,0.03,1.87,52.74,234.77,6.81,4.14,48.33,45.16
P003,Needs Improvement,479.95,446.67,10.64,57.34,48.92,2.69,0.38,3.25,50.42,176.25,6.21,4.96,63.83,70.65
P003,Needs Improvement,994.86,427.74,28.68,43.18,57.78,1.78,1.34,2.26,71.87,282.17,6.26,3.91,72.95,45.36
P003,Needs Improvement,837.59,456.91,26.78,46.09,52.77,3.45,0.81,2.66,54.57,319.23,1.69,4.75,57.16,54.37
P003,Needs Improvement,952.09,591.49,15.02,55.88,53.93,0.74,0.18,6.98,67.65,221.5,1.64,4.46,63.9,66.85
P003,Needs Improvement,399.93,207.12,3.01,63.92,75.15,2.73,0.39,1.99,76.2,240.0,4.54,1.3,56.97,41.02
P003,Needs Improvement,443.03,605.54,28.17,61.21,62.68,1.04,1.05,3.93,59.17,324.8,4.54,5.76,50.35,70.07
P003,Needs Improvement,466.18,491.22,8.34,63.87,28.93,3.3,0.22,7.35,77.76,161.43,2.71,2.58,69.3,65.88
P003,Needs Improvement,321.3,419.43,6.91,68.26,37.55,2.67,1.13,1.27,67.2,171.91,2.36,6.61,40.94,64.7
P003,Needs Improvement,712.18,369.69,21.6,53.92,54.9,1.76,0.36,2.69,36.47,352.67,4.79,5.1,64.72,60.78
P003,Needs Improvement,903.72,298.71,20.6,65.68,29.82,1.93,1.44,4.1,51.71,207.42,3.02,5.53,54.79,67.1
P003,Needs Improvement,966.35,311.43,27.29,60.4,20.2,3.5,0.28,4.55,62.99,302.72,3.46,2.82,64.25,70.45
P003,Needs Improvement,454.68,264.79,14.14,65.0,67.01,1.74,0.38,5.13,61.66,170.31,2.6,2.14,51.5,53.27
P003,Needs Improvement,618.0,332.34,2.75,60.63,59.72,2.91,0.12,3.55,48.9,325.32,6.42,4.87,66.01,49.66
P003,Needs Improvement,844.09,347.79,12.14,62.9,62.34,1.51,0.42,5.5,59.43,204.67,0.75,3.66,65.35,44.97
P003,Needs Improvement,530.19,293.83,4.27,50.98,18.2,2.33,1.38,1.0,62.68,286.73,3.69,0.82,44.26,61.33
P003,Needs Improvement,1016.74,155.28,24.3,72.84,65.58,2.99,1.03,4.3,46.75,181.36,6.9,1.19,56.58,74.4
P003,Needs Improvement,730.77,383.2,9.17,65.05,47.11,0.55,0.47,1.67,58.98,208.92,6.36,6.62,51.71,39.97
P003,Needs Improvement,817.47,222.56,5.95,48.47,46.24,2.09,1.3,6.37,41.88,165.87,6.21,1.12,73.54,70.57
P003,Needs Improvement,1102.25,450.97,2.51,51.74,22.77,1.42,1.38,3.21,60.88,285.19,5.79,4.13,67.16,55.79
P003,Needs Improvement,985.54,284.73,17.41,62.14,75.69,1.34,1.36,2.24,62.73,208.79,2.51,5.57,48.39,53.08
P003,Needs Improvement,680.09,84.72,2.96,65.97,66.56,3.15,0.99,4.15,65.7,166.14,6.18,4.1,70.9,68.44
P003,Needs Improvement,529.2,487.49,25.61,49.41,47.85,2.9,0.75,6.54,46.01,349.81,5.1,2.73,71.25,54.11
P003,Needs Improvement,271.14,101.84,12.35,54.84,37.66,0.26,1.26,5.9,64.84,335.16,4.11,5.02,47.67,55.22
P003,Needs Improvement,1160.42,526.56,22.1,69.71,7.95,2.21,1.24,1.85,48.27,301.61,5.51,2.94,66.09,66.5
P003,Needs Improvement,1034.22,264.77,5.71,56.8,55.2,0.91,0.58,5.33,52.74,176.84,2.27,1.9,60.0,40.95
P003,Needs Improvement,306.27,201.02,10.28,65.15,5.9,2.16,0.01,2.55,57.18,379.92,1.87,2.58,52.84,68.4
P003,Needs Improvement,876.48,468.59,14.45,53.85,20.36,3.31,0.82,3.61,47.73,290.66,2.99,2.52,53.36,40.64
P003,Needs Improvement,441.6,111.52,26.58,43.81,30.35,1.05,0.89,2.5,74.62,318.07,1.01,3.04,60.18,72.03
P003,Needs Improvement,1197.73,171.01,15.29,64.65,52.21,0.4,0.25,2.78,38.92,181.87,4.22,4.43,62.41,53.03
P003,Needs Improvement,951.61,367.24,21.57,69.61,76.13,2.96,0.71,1.08,64.16,248.9,2.88,2.3,69.04,55.2
P003,Needs Improvement,857.85,435.48,26.04,59.02,44.52,2.75,1.41,3.21,48.16,373.88,3.78,3.13,41.5,55.54
P003,Needs Improvement,621.16,146.15,26.08,70.05,63.86,0.95,0.68,5.81,66.4,346.09,4.03,5.82,76.79,66.19
P003,Needs Improvement,1031.15,122.57,3.47,65.34,33.08,3.51,1.3,4.5,55.23,312.8,6.62,1.76,45.15,76.56
P003,Needs Improvement,248.47,459.19,2.38,58.37,23.99,3.3,0.93,2.62,78.58,319.18,6.19,3.05,38.05,53.9
P003,Needs Improvement,979.68,133.16,1.53,64.21,61.03,2.32,0.16,4.5,73.59,366.37,3.24,4.19,62.32,72.54
P003,Needs Improvement,572.66,504.47,9.16,61.38,19.8,1.78,0.23,5.76,38.55,374.09,1.52,6.37,59.51,47.19
P003,Needs Improvement,912.8,188.4,17.73,47.65,6.45,3.1,0.31,1.71,67.24,233.41,1.6,5.51,59.51,36.29
P003,Needs Improvement,1048.59,412.73,22.31,50.43,48.39,0.75,0.24,4.0,63.69,214.82,2.68,1.82,48.06,63.16
P003,Needs Improvement,967.26,385.39,9.5,44.8,51.1,0.7,0.87,5.93,39.15,221.47,1.76,4.2,56.71,47.12
P003,Needs Improvement,302.87,262.35,9.91,69.02,13.73,2.29,0.29,1.76,59.06,170.8,5.29,1.97,71.28,59.76
P003,Needs Improvement,215.65,574.03,14.4,76.34,65.37,0.66,0.31,3.94,53.11,229.31,7.06,7.82,56.71,71.85
P003,Needs Improvement,1051.51,525.87,9.07,50.78,44.85,3.05,0.76,1.31,61.09,300.81,6.95,7.58,75.97,60.71
P003,Needs Improvement,451.55,392.07,27.69,57.19,70.69,2.86,0.99,6.77,42.84,277.19,5.94,3.05,68.05,51.14
P003,Needs Improvement,867.02,585.58,21.25,69.7,20.1,2.99,0.68,0.96,71.52,226.58,5.89,6.16,52.8,73.83
P003,Needs Improvement,322.84,353.82,15.74,65.64,17.65,2.89,0.93,2.69,52.56,218.41,1.47,5.09,48.11,48.54
P003,Needs Improvement,675.85,452.58,22.32,66.07,27.66,3.14,0.71,1.12,78.77,326.78,2.38,2.68,65.32,75.05
P003,Needs Improvement,1023.65,559.37,17.87,74.9,33.29,2.25,1.47,2.08,42.21,233.65,3.11,3.31,55.51,60.23
P003,Needs Improvement,1029.06,529.6,4.55,76.36,3.4,0.83,0.91,4.11,62.44,353.59,6.49,1.93,61.59,71.46
P003,Needs Improvement,956.31,246.72,1.72,69.28,54.88,1.28,1.48,7.08,46.93,343.45,4.7,5.74,45.61,62.56
P003,Needs Improvement,761.01,156.91,16.9,61.56,65.2,2.52,0.05,5.65,46.95,241.24,1.34,3.59,55.8,44.04
P003,Needs Improvement,359.5,102.43,5.63,65.55,4.07,2.64,1.16,7.12,52.82,277.48,5.72,1.89,44.24,73.4
P003,Needs Improvement,587.47,86.83,4.48,73.07,39.29,2.67,0.91,0.8,62.58,367.2,4.48,6.55,50.0,67.8
P003,Needs Improvement,1018.31,476.65,22.49,74.27,22.02,1.05,0.63,4.23,50.55,369.83,6.78,1.82,60.4,49.51
P003,Needs Improvement,647.89,238.3,28.73,62.96,17.74,2.3,0.68,4.79,58.45,309.63,4.53,4.72,69.31,53.11
P003,Needs Improvement,560.25,471.07,16.55,54.0,62.65,1.49,1.04,5.59,48.32,166.17,1.58,2.55,53.95,58.19
P003,Needs Improvement,862.07,281.81,1.19,56.11,13.59,3.59,0.93,5.67,63.4,152.16,2.23,3.67,41.09,58.61
P003,Needs Improvement,869.99,569.72,18.22,50.24,52.96,3.58,0.59,3.42,69.12,242.05,2.76,5.88,69.24,64.38
P003,Needs Improvement,848.92,475.32,14.86,47.83,68.4,1.16,0.9,4.72,42.31,237.12,0.99,1.48,78.82,39.64
P003,Needs Improvement,776.75,159.33,31.0,70.19,24.79,0.3,1.23,7.27,72.43,325.45,2.67,6.47,39.45,63.65
P003,Needs Improvement,411.47,197.55,1.9,54.9,1.34,3.06,1.12,2.83,51.86,221.6,1.72,7.01,62.09,59.07
P003,Needs Improvement,501.51,449.02,11.56,47.45,4.88,0.35,0.09,6.35,56.33,226.41,2.66,2.07,50.71,56.32
P003,Needs Improvement,389.99,503.39,2.53,58.55,68.65,2.82,1.22,1.1,76.6,178.64,6.0,4.04,51.18,67.48
P003,Needs Improvement,841.89,252.03,19.1,67.24,32.06,3.36,0.01,6.04,44.24,293.11,2.9,4.64,60.79,71.83
P003,Needs Improvement,954.36,540.03,16.08,67.97,17.67,0.87,0.2,6.83,62.18,214.13,5.81,7.59,72.88,45.66
P003,Needs Improvement,799.28,456.55,14.53,65.53,62.8,3.17,1.08,0.92,40.23,317.63,4.3,4.52,63.87,49.9
P003,Needs Improvement,836.03,528.55,11.76,63.25,8.36,2.88,0.37,2.19,42.6,275.34,1.64,4.6,57.58,68.71
P003,Needs Improvement,252.44,140.34,19.25,49.2,52.15,3.54,0.19,6.43,36.18,241.43,4.12,2.94,36.38,60.35
P003,Needs Improvement,424.05,478.01,21.09,61.17,66.2,1.58,0.69,4.1,72.26,377.5,5.59,1.5,76.44,75.26
P003,Needs Improvement,359.37,243.22,18.89,67.15,0.33,1.93,0.17,2.59,38.83,147.73,5.37,3.9,52.14,38.45
P003,Needs Improvement,974.61,433.19,8.51,46.05,9.53,0.79,0.75,0.96,60.71,268.89,1.22,3.89,72.12,40.92
P003,Needs Improvement,357.1,162.95,1.53,72.05,10.08,2.65,0.67,5.72,59.59,357.28,5.25,0.88,54.8,42.66
P003,Needs Improvement,972.85,491.63,20.0,67.28,75.0,1.35,0.24,1.4,50.58,298.18,5.43,4.76,39.87,50.91
P003,Needs Improvement,724.71,214.54,10.71,59.48,8.78,0.05,0.07,6.28,57.18,337.22,6.16,3.26,55.35,78.42
P003,Needs Improvement,514.65,414.72,21.02,70.41,4.7,2.62,0.8,2.65,53.71,221.33,4.44,6.4,64.35,48.24
P003,Needs Improvement,1124.23,603.19,5.54,61.15,21.51,1.34,1.33,3.3,68.7,153.99,4.19,7.75,70.06,69.07
P003,Needs Improvement,386.66,272.62,20.23,59.75,20.66,0.01,0.05,1.03,55.55,188.88,5.79,1.28,39.72,47.8
P003,Needs Improvement,489.95,229.43,9.37,66.06,72.63,2.66,1.22,5.91,66.25,311.47,1.4,5.18,38.47,37.23
P004,Good,1350.65,546.57,28.84,71.82,10.4,1.43,0.27,1.15,53.23,466.82,8.18,3.77,51.4,89.29
P004,Good,1022.94,548.1,28.89,74.17,91.22,2.23,0.09,4.48,59.11,236.12,7.87,1.87,80.89,66.95
P004,Good,1330.01,350.88,21.51,62.27,93.05,3.25,0.25,5.93,89.0,413.58,9.68,3.82,58.31,73.12
P004,Good,597.86,532.11,37.43,85.2,7.51,1.45,1.8,2.37,64.03,261.58,6.44,2.69,59.77,49.94
P004,Good,455.05,627.86,11.96,85.91,59.05,4.2,0.69,0.96,86.09,440.06,6.06,4.94,63.89,68.13
P004,Good,1299.68,767.83,20.2,63.09,58.15,3.13,1.49,3.15,67.79,446.95,9.62,5.97,74.39,63.69
P004,Good,765.41,462.9,12.84,78.6,63.61,4.56,0.21,5.26,69.41,344.63,1.06,9.34,46.46,74.63
P004,Good,347.02,437.88,2.14,76.74,13.95,4.52,1.95,4.41,68.34,281.3,5.16,7.31,58.23,62.36
P004,Good,1314.63,394.23,24.92,83.76,89.36,3.11,1.21,7.33,85.8,197.94,3.29,8.15,82.71,95.5
P004,Good,1013.03,241.06,16.07,87.74,90.72,2.27,0.23,3.29,59.19,379.49,6.4,5.29,83.24,58.51
P004,Good,1215.57,234.02,28.11,81.54,74.58,1.19,0.13,3.19,93.92,313.71,5.65,3.69,62.47,66.29
P004,Good,626.26,382.91,1.48,61.42,34.03,2.45,0.66,1.15,67.93,407.52,3.71,5.82,59.09,69.67
P004,Good,1056.53,145.45,23.41,61.93,29.71,1.14,0.6,6.69,66.48,354.58,5.66,6.21,86.03,60.81
P004,Good,1230.67,322.31,20.57,57.77,17.64,4.79,0.12,5.0,90.64,469.47,5.89,4.7,89.8,88.69
P004,Good,1195.39,403.6,25.12,62.75,87.65,0.75,1.68,8.3,96.09,340.5,0.97,4.57,55.65,57.84
P004,Good,631.43,409.14,35.96,66.86,30.54,1.73,1.69,1.83,65.66,204.29,1.16,2.29,78.07,54.76
P004,Good,1261.68,439.02,1.18,87.86,10.2,3.31,0.38,7.41,78.99,425.22,1.89,7.68,59.7,94.95
P004,Good,595.55,213.87,30.78,58.39,20.01,3.61,1.23,9.37,85.96,241.33,5.75,6.08,58.0,81.69
P004,Good,1054.27,276.87,29.48,79.18,69.04,3.27,0.88,6.8,73.91,475.37,4.17,1.29,60.6,88.53
P004,Good,882.46,194.33,30.44,75.66,83.13,3.7,1.11,7.01,53.05,227.44,5.46,3.94,48.33,59.48
P004,Good,310.45,358.41,27.36,90.82,40.5,2.02,0.93,4.89,89.71,229.74,9.27,4.2,79.53,78.61
P004,Good,1241.28,565.27,30.76,91.04,79.47,2.34,1.3,7.11,51.91,401.19,7.95,4.84,80.07,81.48
P004,Good,681.82,164.62,31.99,77.35,77.52,3.67,0.29,2.52,94.59,313.12,3.29,7.6,50.13,73.45
P004,Good,1024.47,258.82,17.48,97.38,68.93,3.43,0.48,6.98,60.03,415.74,7.62,9.01,72.07,56.37
P004,Good,764.31,141.69,29.02,83.82,59.67,3.02,0.59,5.48,90.22,252.31,3.33,3.78,59.74,50.33
P004,Good,1004.48,462.48,33.74,56.91,15.36,3.18,1.83,3.79,86.73,360.63,4.91,8.07,54.8,69.79
P004,Good,445.64,431.23,7.1,91.01,23.08,3.58,1.21,3.65,61.04,372.12,4.21,7.94,71.48,67.03
P004,Good,404.35,581.29,3.11,63.68,30.91,1.87,1.6,2.08,66.53,267.52,7.99,7.36,59.64,82.22
P004,Good,1377.74,272.02,16.75,65.57,75.22,4.46,0.43,7.22,52.81,475.43,3.5,8.6,89.59,95.2
P004,Good,1030.52,411.2,31.91,75.34,43.01,2.84,0.98,1.21,58.78,201.24,7.49,8.39,59.3,81.83
P004,Good,1329.93,435.58,35.51,67.31,49.83,2.1,1.92,2.58,62.86,449.74,2.1,6.88,77.09,65.14
P004,Good,1289.2,340.48,24.27,68.58,38.88,1.12,0.57,5.39,57.42,233.84,5.75,1.32,88.41,59.87
P004,Good,801.26,639.24,29.75,79.71,83.56,0.14,1.92,5.91,92.2,373.04,1.57,6.8,75.86,84.15
P004,Good,433.31,346.11,30.47,65.33,8.93,0.26,0.17,1.34,64.59,383.4,2.24,0.99,75.76,89.59
P004,Good,1441.93,444.91,11.57,71.66,92.58,2.79,0.3,4.79,77.74,443.19,6.13,2.02,88.63,60.55
P004,Good,658.66,561.26,12.88,60.9,42.34,2.12,1.39,3.48,64.03,216.66,3.69,6.4,50.52,81.66
P004,Good,443.4,571.05,3.79,73.46,59.28,3.26,1.59,5.76,50.83,349.87,9.54,5.88,53.22,49.83
P004,Good,372.42,185.49,30.49,67.22,25.45,1.21,1.9,3.33,73.07,235.54,7.54,2.22,55.28,77.56
P004,Good,928.02,136.74,12.06,60.03,37.1,2.22,0.19,3.76,89.37,364.29,5.45,8.79,73.17,80.65
P004,Good,295.29,655.05,12.98,60.98,64.29,3.26,0.46,9.01,60.27,231.78,1.54,4.98,78.39,59.56
P004,Good,1052.11,671.06,2.89,91.75,72.71,2.29,1.49,2.92,88.01,303.58,9.6,6.84,57.8,66.02
P004,Good,858.0,354.72,30.46,69.3,94.16,3.2,1.69,8.14,78.57,402.21,6.38,5.1,69.63,92.58
P004,Good,892.49,728.03,28.04,74.2,91.11,1.27,1.63,5.84,49.71,350.98,5.9,6.92,67.12,54.26
P004,Good,952.02,318.87,3.88,60.6,43.52,1.16,0.5,6.47,81.35,447.65,1.91,2.63,72.85,90.82
P004,Good,1450.49,670.26,5.99,80.94,13.92,0.08,0.14,7.43,74.25,254.9,3.85,5.64,67.55,85.78
P004,Good,1231.79,578.79,23.73,85.51,43.54,4.02,0.68,6.74,88.82,295.79,6.17,2.93,51.57,87.29
P004,Good,1130.77,573.12,29.85,83.6,46.84,1.25,1.3,5.21,48.69,229.79,1.29,1.34,80.02,46.49
P004,Good,385.23,460.22,19.46,94.13,29.91,1.16,1.84,3.53,60.39,340.91,3.22,1.17,63.88,79.62
P004,Good,836.63,538.62,32.83,99.58,84.47,1.86,0.02,7.17,86.72,241.39,3.85,9.76,69.19,82.27
P004,Good,1161.25,482.84,2.67,78.96,83.43,4.12,0.62,4.31,75.37,480.09,6.34,1.22,81.4,82.01
P004,Good,468.85,421.39,30.53,81.51,56.07,1.06,0.69,2.51,55.91,487.3,7.58,9.31,60.17,82.03
P004,Good,817.16,701.66,38.23,81.64,33.38,0.62,0.86,3.36,67.73,278.08,1.13,6.22,76.16,82.46
P004,Good,644.49,779.09,35.81,88.0,8.13,3.11,0.16,1.55,65.2,448.99,6.08,5.4,84.85,64.1
P004,Good,1235.64,767.64,30.59,56.18,70.81,0.83,0.64,8.43,86.13,320.22,4.36,2.03,78.59,93.83
P004,Good,534.63,534.04,3.93,92.87,89.12,0.72,0.81,7.0,58.49,422.51,3.83,3.91,85.53,75.82
P004,Good,325.89,374.55,17.68,82.05,89.81,0.05,1.3,5.72,60.37,473.77,9.39,2.68,87.32,75.91
P004,Good,291.9,507.76,5.2,58.84,88.25,3.31,0.94,3.74,90.28,351.25,2.01,6.92,61.4,86.27
P004,Good,1280.85,213.1,12.91,77.96,53.55,4.1,0.68,7.44,48.9,199.4,6.38,3.92,98.59,65.61
P004,Good,614.62,453.99,18.87,64.91,32.55,3.25,0.88,3.22,75.18,390.55,9.2,1.09,81.15,50.06
P004,Good,466.87,106.97,16.52,60.7,11.7,3.07,1.23,3.5,94.49,282.15,8.95,8.56,67.92,70.14
P004,Good,846.96,262.59,16.38,76.73,77.93,2.34,1.27,4.95,65.94,254.18,4.75,5.7,69.35,68.05
P004,Good,875.37,675.47,6.14,57.04,16.93,2.52,0.16,7.68,77.06,398.28,2.86,4.83,83.08,81.91
P004,Good,892.79,570.72,35.66,83.63,16.14,1.35,0.47,8.49,71.23,359.84,4.14,6.08,72.36,50.65
P004,Good,723.96,329.65,19.36,84.68,12.65,0.49,1.74,9.14,92.91,267.84,2.45,3.2,73.55,87.53
P004,Good,1433.87,128.98,31.44,88.6,44.91,2.64,1.18,6.26,70.96,399.82,6.8,9.28,51.15,90.17
P004,Good,711.84,618.23,6.49,87.8,26.16,0.38,0.01,1.0,65.89,435.56,4.48,4.63,52.88,69.72
P004,Good,569.64,648.88,3.26,68.79,27.89,1.65,0.07,9.25,82.68,312.38,9.19,8.44,86.43,47.84
P004,Good,862.74,292.24,18.02,81.96,70.45,3.56,0.11,4.15,67.67,295.7,2.11,5.5,54.25,73.92
P004,Good,579.5,132.78,25.16,66.61,75.45,1.48,0.47,7.85,95.96,281.92,4.63,3.57,75.6,77.28
P004,Good,1225.98,118.73,33.22,88.92,27.14,2.6,0.3,5.4,72.11,243.09,4.01,8.08,64.11,96.67
P004,Good,1437.38,575.92,16.35,92.27,58.25,0.71,0.49,8.6,48.05,281.81,3.67,3.13,72.5,67.39
P004,Good,292.68,450.04,34.65,58.05,41.96,4.07,0.39,8.57,74.63,409.81,3.08,1.67,54.28,86.5
P004,Good,423.66,631.4,26.73,78.35,44.41,3.64,0.13,1.52,84.94,355.32,3.22,2.43,83.05,63.19
P004,Good,1230.05,728.46,36.08,63.93,81.68,3.52,0.08,8.16,63.79,270.76,9.24,8.23,48.9,61.1
P004,Good,1049.44,411.02,15.17,71.85,58.93,1.84,0.04,3.61,59.17,356.25,5.46,4.21,58.47,67.09
P004,Good,528.34,400.09,31.94,63.17,80.58,3.21,0.3,2.99,70.86,364.48,4.92,3.69,76.08,72.02
P004,Good,1343.02,325.14,17.21,56.74,65.89,1.27,1.16,4.21,94.92,314.57,1.9,1.14,63.31,50.08
P004,Good,956.86,356.93,27.2,87.15,70.04,0.79,0.9,5.35,79.91,337.09,4.24,3.83,71.84,56.33
P004,Good,612.62,663.3,28.04,83.38,60.32,0.33,0.85,6.85,59.6,321.38,6.08,5.75,61.85,87.61
P004,Good,706.03,644.81,35.87,60.08,80.13,0.32,1.36,1.98,48.63,205.65,7.92,6.87,77.3,79.93
P004,Good,1273.13,345.47,22.07,91.41,9.48,1.32,0.32,5.71,70.07,348.59,8.07,5.22,54.35,66.99
P004,Good,344.61,150.05,1.69,63.74,25.42,1.56,0.56,1.18,67.78,254.14,9.54,3.03,75.03,89.86
P004,Good,1423.94,576.14,33.06,85.04,15.5,2.3,0.9,4.11,75.36,462.81,5.27,4.26,76.86,77.33
P004,Good,312.58,518.87,21.39,80.94,5.86,1.44,1.45,3.89,62.41,357.66,7.29,6.39,64.11,87.7
P004,Good,848.95,208.51,35.69,62.16,53.78,0.21,0.78,1.27,85.66,332.06,2.12,7.06,81.26,84.55
P004,Good,779.33,169.15,19.99,72.32,11.22,2.12,0.36,6.71,71.6,499.31,7.5,3.17,69.99,51.02
P004,Good,909.49,237.34,29.4,67.52,23.57,3.4,0.92,3.54,56.35,425.5,5.72,5.07,55.97,88.31
P004,Good,486.79,617.89,10.49,73.77,7.86,2.32,1.22,5.02,54.91,407.51,2.98,3.52,70.82,50.65
P004,Good,1260.91,94.34,13.58,95.98,77.22,4.52,0.65,5.44,51.35,437.72,4.59,6.53,86.31,90.33
P004,Good,503.84,160.2,6.08,70.03,83.07,4.42,0.62,3.2,72.59,310.14,8.36,5.68,81.69,77.48
P004,Good,998.97,613.03,20.96,82.84,51.95,1.06,0.28,7.08,50.46,435.14,5.12,5.24,85.44,85.77
P004,Good,997.0,536.93,32.05,61.87,44.97,0.07,0.16,3.28,69.37,484.99,3.04,8.97,62.22,81.27
P004,Good,1190.4,471.14,5.9,73.47,23.67,0.5,0.53,1.39,55.46,267.73,5.58,9.66,70.71,48.37
P004,Good,1098.62,130.77,17.33,71.02,45.94,0.51,1.34,7.21,57.76,467.34,1.0,9.01,48.92,91.76
P004,Good,762.88,115.68,20.12,93.99,38.84,3.84,1.86,2.02,65.99,208.09,6.53,8.67,69.58,86.68
P004,Good,1339.93,382.17,25.06,83.41,10.71,0.41,0.27,1.1,83.02,397.96,3.04,2.54,52.17,51.34
P004,Good,1246.02,419.78,21.8,60.25,40.11,0.98,1.08,4.04,58.43,273.8,6.42,4.14,59.01,92.93
P004,Good,1173.53,313.71,23.23,80.61,72.89,2.47,1.6,8.91,66.53,233.88,9.16,1.25,85.27,47.84
P004,Good,807.37,282.95,4.72,81.46,29.2,0.05,0.73,6.8,70.37,320.24,5.7,1.12,74.2,76.98
P004,Good,678.31,321.19,24.16,95.15,0.11,2.67,1.56,1.28,72.18,264.09,2.68,6.65,74.8,85.19
P005,Good,587.08,366.65,10.29,57.41,68.68,2.92,0.1,1.37,60.69,315.95,8.03,3.7,61.58,61.43
P005,Good,337.13,512.01,12.46,94.27,78.13,1.35,0.28,7.33,54.5,425.63,1.08,1.14,74.82,80.08
P005,Good,1196.34,577.75,13.54,71.91,57.51,4.52,0.99,7.79,52.64,434.48,6.91,9.1,74.57,55.14
P005,Good,1362.19,117.97,1.55,89.53,8.36,1.16,0.42,1.5,52.63,254.22,7.28,4.15,62.25,80.63
P005,Good,648.82,404.6,14.32,72.4,42.88,0.62,0.51,8.92,70.05,212.71,6.32,8.87,63.5,54.0
P005,Good,1009.25,553.9,22.47,68.98,24.26,3.15,1.14,6.71,67.59,403.98,9.31,8.47,65.95,50.09
P005,Good,656.56,518.93,26.85,84.84,76.58,1.32,0.83,3.95,70.26,232.02,3.64,3.49,77.96,81.01
P005,Good,768.66,204.4,20.36,76.19,75.03,0.54,0.48,5.81,77.49,369.96,7.27,9.52,53.12,93.24
P005,Good,410.47,587.75,12.97,89.05,10.87,2.32,1.12,8.78,64.08,307.3,8.15,4.49,73.88,80.21
P005,Good,651.38,501.74,8.01,63.37,32.29,1.7,1.07,3.83,49.99,315.02,5.89,2.07,76.06,87.16
P005,Good,1155.59,238.97,18.75,68.56,11.16,0.21,0.66,2.66,86.08,390.82,1.32,2.14,73.14,71.05
P005,Good,306.81,587.63,9.83,90.04,52.63,1.52,1.58,3.1,78.72,435.29,3.5,7.25,81.28,51.28
P005,Good,1287.22,668.02,13.94,90.42,38.64,1.44,0.14,6.14,67.65,320.56,5.8,1.55,76.65,89.99
P005,Good,1201.67,182.6,20.44,86.15,36.47,3.15,0.47,5.48,83.08,198.32,5.01,4.22,93.77,54.97
P005,Good,646.22,695.1,2.09,89.86,37.36,0.79,1.08,1.7,58.41,279.34,2.02,1.78,79.53,63.41
P005,Good,1232.05,198.45,7.98,77.7,94.09,3.09,0.73,1.51,53.95,345.22,4.13,6.27,74.17,56.78
P005,Good,1098.93,112.85,8.39,76.41,12.34,1.98,1.77,3.43,91.02,329.79,5.89,8.99,57.49,52.43
P005,Good,1046.69,390.69,23.59,88.39,8.42,2.35,1.61,6.38,80.67,465.84,5.52,8.86,50.25,54.04
P005,Good,461.81,235.88,37.88,80.48,71.3,3.04,0.83,6.84,75.0,387.85,7.06,7.45,61.76,90.79
P005,Good,854.56,582.93,36.0,85.15,54.82,1.04,1.48,1.73,78.61,251.57,2.01,3.15,58.67,73.08
P005,Good,1272.89,683.54,31.4,61.45,40.98,2.47,1.13,9.66,90.62,357.92,8.93,4.46,83.13,79.92
P005,Good,1089.14,508.65,23.95,86.41,67.73,2.24,0.06,2.36,58.26,228.85,1.0,2.04,97.52,69.54
P005,Good,953.37,372.4,29.6,74.35,55.05,3.34,0.96,4.6,97.09,244.16,4.66,7.41,73.76,50.43
P005,Good,906.26,594.8,12.3,62.41,42.0,4.11,1.01,8.08,67.53,410.7,7.26,8.58,55.01,82.05
P005,Good,462.26,300.69,6.87,55.42,83.13,1.5,1.32,1.29,54.52,459.72,5.58,6.2,60.31,87.79
P005,Good,1235.33,343.92,27.57,79.2,9.89,1.89,1.88,4.24,50.08,438.13,4.2,9.69,70.27,76.22
P005,Good,1084.73,145.23,5.91,79.35,11.45,3.79,1.62,2.64,94.69,289.9,6.94,3.49,75.26,66.74
P005,Good,600.56,120.61,8.55,70.17,69.29,0.95,0.9,1.17,86.48,372.63,1.9,5.65,82.1,66.0
P005,Good,515.4,462.87,8.33,61.04,63.39,2.71,1.76,4.4,73.25,403.09,4.81,1.24,72.61,58.92
P005,Good,330.71,377.84,28.97,84.76,73.03,1.61,1.63,3.79,46.88,319.06,3.55,4.92,95.49,93.79
P005,Good,1269.74,333.35,17.27,88.45,75.38,1.59,0.43,5.72,86.47,272.65,8.76,2.77,86.76,52.77
P005,Good,823.62,232.89,7.06,88.75,65.04,4.19,1.48,3.73,87.69,352.73,8.8,7.91,61.97,67.1
P005,Good,385.89,330.07,30.91,72.3,50.36,2.73,1.0,4.85,92.72,404.24,8.41,3.0,96.82,94.2
P005,Good,868.79,739.9,7.58,97.75,85.61,4.37,1.33,6.28,88.37,214.61,6.78,3.65,66.74,62.66
P005,Good,812.94,275.71,13.72,62.49,6.1,2.91,1.03,1.34,52.97,237.14,5.08,5.9,85.7,56.84
P005,Good,299.89,311.91,35.63,95.95,22.85,3.5,0.13,7.84,71.96,449.56,1.24,8.8,80.45,75.87
P005,Good,1132.76,727.92,23.78,69.0,83.5,3.09,0.42,6.95,71.22,243.7,3.5,5.21,88.09,68.79
P005,Good,314.82,705.64,14.79,56.86,45.61,4.45,1.59,6.14,60.95,396.02,1.31,1.96,57.08,86.13
P005,Good,1040.83,730.51,33.8,85.76,59.31,0.03,1.82,2.9,92.83,301.64,7.69,7.59,58.38,51.18
P005,Good,468.73,385.14,37.65,93.82,16.43,4.28,1.33,1.1,50.54,345.41,1.12,8.63,76.75,54.53
P005,Good,425.97,496.43,1.06,77.72,59.32,2.48,0.36,6.54,53.7,263.95,4.23,1.0,83.1,75.01
P005,Good,1375.26,273.3,17.44,79.56,59.89,0.3,0.03,4.04,92.08,255.23,5.13,5.99,77.46,49.1
P005,Good,835.43,409.05,30.45,67.54,72.05,4.81,1.54,7.58,74.55,290.76,4.68,2.78,80.08,66.06
P005,Good,348.81,616.62,14.39,70.68,54.22,4.02,0.62,6.64,80.38,278.92,7.98,6.95,63.13,84.73
P005,Good,539.5,250.03,15.68,65.84,36.0,3.55,1.68,8.42,72.47,279.39,8.44,3.62,66.24,63.76
P005,Good,737.05,224.47,30.88,92.37,59.37,1.39,1.49,4.72,81.63,325.95,9.23,6.43,82.95,82.37
P005,Good,767.43,627.38,33.52,87.68,62.97,2.3,0.92,3.93,71.49,225.41,4.36,8.31,79.15,74.13
P005,Good,550.81,339.6,24.11,67.27,75.99,3.07,1.08,2.01,73.45,470.04,2.17,1.85,85.19,74.78
P005,Good,979.24,583.12,22.4,69.85,3.79,2.72,0.53,5.63,50.21,248.22,3.46,6.1,58.28,48.61
P005,Good,1018.35,267.37,21.53,56.09,92.77,4.19,0.93,4.48,88.5,358.15,1.94,2.31,58.5,73.1
P005,Good,1290.52,553.47,32.49,62.9,43.54,1.18,1.63,7.15,79.2,474.36,6.62,2.98,64.53,78.92
P005,Good,1087.72,236.39,28.4,59.58,37.89,3.02,0.18,7.25,69.26,433.73,2.3,1.22,79.09,56.96
P005,Good,527.5,476.24,38.32,80.6,86.37,0.03,1.1,4.11,68.96,267.41,1.96,8.3,84.56,80.79
P005,Good,1047.34,344.78,12.07,71.74,90.24,1.42,1.58,6.4,61.73,252.58,6.01,2.1,73.25,47.81
P005,Good,1095.17,388.69,21.27,63.84,45.17,3.48,0.72,3.02,71.78,393.38,6.27,1.87,84.12,51.71
P005,Good,908.31,224.63,14.42,73.61,19.84,4.27,0.58,7.81,54.73,215.04,4.6,2.83,92.68,70.36
P005,Good,1366.29,620.67,35.07,75.48,48.22,3.06,0.65,5.66,53.93,452.2,9.54,2.22,68.11,75.25
P005,Good,734.56,449.19,36.83,81.38,58.1,1.41,1.7,8.77,57.58,388.78,1.82,4.57,70.08,70.36
P005,Good,722.66,309.9,31.62,89.44,88.06,2.81,0.62,3.41,81.56,423.47,5.76,6.88,84.88,60.01
P005,Good,703.35,175.04,22.76,87.55,6.86,1.76,0.12,8.84,86.99,238.67,8.21,5.67,72.4,52.09
P005,Good,759.27,178.92,22.14,77.91,4.57,2.96,1.13,9.63,88.65,420.34,6.51,2.36,48.9,88.1
P005,Good,357.28,631.22,14.72,60.26,74.29,3.79,1.83,2.17,94.34,357.35,7.95,2.54,92.15,80.84
P005,Good,1089.52,652.11,2.25,90.18,25.53,2.77,1.43,6.18,66.29,424.03,6.59,4.91,61.27,82.08
P005,Good,1107.9,461.01,36.59,67.7,17.19,0.73,0.3,5.68,53.43,386.2,3.08,4.36,56.01,91.16
P005,Good,1115.76,348.99,10.94,94.78,9.32,4.54,1.28,3.87,91.73,283.97,3.84,7.51,58.96,97.42
P005,Good,1160.86,579.25,35.41,69.85,80.49,1.79,1.51,8.18,46.68,275.68,5.17,5.61,80.13,88.38
P005,Good,1120.79,422.31,7.56,75.2,79.49,2.59,0.51,6.64,83.52,320.53,4.05,6.94,69.18,66.36
P005,Good,1383.62,292.71,3.85,75.11,25.46,3.27,1.4,5.78,76.14,208.59,5.85,8.27,83.15,66.79
P005,Good,960.4,215.81,23.03,90.72,6.32,1.97,0.8,4.03,82.71,293.96,2.32,4.03,51.16,69.28
P005,Good,876.1,549.76,3.99,90.32,7.47,0.96,1.84,6.71,55.21,189.42,3.35,3.03,88.83,55.72
P005,Good,517.83,512.39,15.56,92.93,0.93,1.86,0.84,1.94,70.22,469.05,8.74,7.71,88.9,48.69
P005,Good,490.03,278.82,25.45,81.61,41.69,4.43,0.82,9.02,56.61,236.0,4.14,7.95,77.57,76.27
P005,Good,828.96,652.18,3.32,90.48,78.06,2.75,1.34,2.88,78.19,306.03,2.2,7.04,55.85,65.41
P005,Good,802.66,536.76,27.08,68.94,52.83,3.2,0.89,6.21,58.54,471.09,8.65,3.03,51.76,97.46
P005,Good,897.9,223.23,25.52,95.94,9.35,3.12,1.52,2.91,69.41,207.47,6.69,0.99,75.75,85.33
P005,Good,1226.57,609.68,32.52,69.98,59.77,2.31,1.72,7.06,81.19,307.01,9.18,5.82,66.7,65.45
P005,Good,999.36,403.19,27.42,89.64,91.7,3.82,0.37,7.17,80.66,272.67,7.03,6.97,80.95,58.36
P005,Good,894.87,678.98,16.03,71.68,28.84,1.92,0.39,1.05,79.81,329.94,6.15,3.12,73.37,81.36
P005,Good,865.03,466.16,3.43,68.12,19.68,0.24,1.0,9.39,65.91,253.91,5.65,7.35,97.79,71.96
P005,Good,518.1,255.22,35.73,83.77,78.74,1.98,1.62,6.77,68.0,376.51,6.95,6.7,59.07,54.71
P005,Good,521.02,185.77,38.58,61.23,99.17,3.25,0.24,1.43,93.81,238.61,9.06,8.25,63.98,48.41
P005,Good,361.78,556.82,26.46,96.65,31.72,3.43,1.62,2.18,73.13,305.81,7.12,5.26,90.18,62.28
P005,Good,753.26,490.82,25.58,76.16,93.55,3.15,0.83,9.12,69.6,223.81,9.02,8.83,52.64,80.85
P005,Good,662.28,524.22,5.35,66.21,84.79,1.15,1.65,7.71,95.33,447.53,4.05,1.85,88.87,91.71
P005,Good,1065.19,132.13,16.53,60.49,86.15,2.8,0.49,6.43,69.02,288.79,3.92,5.31,89.99,86.95
P005,Good,963.88,476.31,14.8,86.77,16.25,1.0,1.0,1.61,87.88,466.53,7.87,2.08,52.19,71.85
P005,Good,345.8,288.66,14.58,74.63,81.55,1.82,1.08,5.36,62.94,387.2,8.29,6.08,62.61,93.96
P005,Good,1282.05,675.95,12.13,66.96,89.67,0.47,1.62,2.4,65.3,400.88,1.88,5.57,55.1,65.07
P005,Good,730.97,547.74,21.71,94.01,34.41,3.93,0.62,6.92,60.28,441.52,1.77,8.18,88.57,63.85
P005,Good,1264.84,115.32,15.4,88.63,22.26,1.54,1.28,8.6,58.37,405.92,8.19,9.14,51.74,96.84
P005,Good,432.91,221.95,30.01,82.54,0.8,2.8,1.66,4.66,63.07,319.82,8.05,7.62,58.85,86.48
P005,Good,1060.07,224.94,20.08,66.76,0.73,2.47,1.27,1.86,80.89,208.01,9.21,1.2,83.54,55.76
P005,Good,1376.86,226.37,22.38,63.52,48.46,3.97,1.8,3.07,67.63,426.14,3.73,5.46,70.49,59.5
P005,Good,572.41,355.59,20.09,88.8,13.96,0.17,0.81,6.95,92.5,201.0,3.24,2.22,73.92,80.42
P005,Good,881.91,528.49,27.49,61.47,10.34,3.54,0.75,2.66,65.46,365.17,9.43,1.52,49.41,58.69
P005,Good,663.2,323.07,12.05,84.34,88.78,3.18,0.05,3.77,89.79,206.07,6.75,9.02,62.52,70.51
P005,Good,1237.03,480.96,9.35,84.67,2.67,1.65,1.47,4.38,50.77,216.01,1.9,5.77,82.8,54.7
P005,Good,894.2,223.34,3.58,58.36,19.64,4.33,0.52,2.55,50.8,409.03,9.76,7.4,60.85,75.35
P005,Good,1362.27,558.76,7.57,77.47,47.05,2.23,0.93,1.56,62.21,373.01,2.19,4.76,76.3,82.01
P005,Good,1294.4,526.37,25.49,69.91,18.0,2.66,1.2,7.84,89.36,361.17,3.4,4.63,70.86,89.56
P006,Good,294.45,308.64,15.35,74.8,14.63,3.37,1.39,1.82,51.07,340.54,2.03,5.56,92.93,65.87
P006,Good,1183.28,331.3,1.5,78.68,28.72,1.92,1.7,7.03,67.32,221.15,4.83,2.2,59.49,57.74
P006,Good,1149.41,277.41,27.9,68.45,23.61,4.31,1.03,5.32,72.05,465.58,8.41,2.94,82.47,90.48
P006,Good,1064.54,570.86,15.58,89.5,85.17,1.59,0.25,9.06,91.09,230.63,7.65,9.56,92.66,71.1
P006,Good,1155.27,740.91,1.56,75.54,64.39,3.1,0.45,2.74,78.48,253.6,3.07,4.5,51.72,51.69
P006,Good,1307.95,187.38,25.15,77.2,83.67,3.18,1.16,6.98,63.25,352.33,4.05,5.71,90.81,67.51
P006,Good,1420.21,246.55,17.6,63.75,42.08,2.05,1.78,3.53,62.8,208.34,8.69,6.89,57.35,64.23
P006,Good,313.08,627.88,27.38,76.54,68.67,1.15,0.05,5.97,71.94,478.78,7.67,2.93,53.65,58.4
P006,Good,1109.25,122.62,5.44,73.48,87.54,3.15,1.33,5.79,77.75,404.45,6.71,4.32,91.76,90.81
P006,Good,441.04,313.67,21.28,84.61,87.14,3.71,0.07,8.35,97.22,399.62,6.11,4.72,82.88,81.49
P006,Good,359.47,269.8,16.51,60.55,57.87,4.33,0.5,7.5,96.95,186.86,7.82,1.82,69.04,57.31
P006,Good,885.21,324.6,36.77,69.63,76.07,2.57,1.39,1.97,91.66,366.33,8.72,2.66,65.34,52.21
P006,Good,767.01,170.13,16.57,74.29,79.73,2.54,0.55,6.15,47.14,316.74,5.07,4.76,73.63,55.22
P006,Good,683.29,655.1,10.52,72.66,96.82,4.56,0.27,6.19,88.67,310.42,6.07,9.36,52.29,97.82
P006,Good,1272.8,673.73,29.88,59.16,49.92,0.38,0.26,8.54,62.41,401.14,8.95,1.8,55.52,57.11
P006,Good,969.22,571.02,25.26,84.04,1.35,1.37,1.81,1.23,65.09,230.28,4.34,2.73,94.9,49.25
P006,Good,629.09,403.82,20.2,76.28,67.84,0.69,1.49,5.81,76.79,459.39,3.32,8.05,73.83,80.48
P006,Good,969.59,751.11,37.67,74.22,10.88,2.26,1.46,3.79,65.23,262.93,4.38,8.68,63.28,52.41
P006,Good,453.93,207.71,5.17,98.41,4.3,3.92,1.63,9.27,80.98,240.64,4.35,1.79,83.88,60.91
P006,Good,837.99,742.32,19.24,78.14,20.54,0.1,0.13,3.66,76.75,310.66,1.48,1.36,60.4,79.81
P006,Good,645.27,268.65,12.24,81.22,25.13,4.39,1.36,6.37,64.62,219.28,8.84,1.14,71.91,67.12
P006,Good,1375.93,416.66,7.03,95.36,19.66,1.01,0.16,1.4,81.13,290.56,6.65,5.99,59.08,82.0
P006,Good,1327.37,368.66,31.25,65.71,12.3,0.83,1.1,4.03,64.24,313.59,9.35,7.66,81.14,65.21
P006,Good,1418.44,378.15,13.57,78.27,63.94,0.52,1.01,9.26,53.59,419.09,2.45,4.55,82.18,61.48
P006,Good,1390.79,754.35,22.72,78.65,27.61,0.69,1.45,3.36,49.68,318.82,5.32,7.03,58.4,91.48
P006,Good,1113.12,657.73,29.52,98.08,58.71,0.62,1.87,5.45,61.88,389.58,2.57,3.02,68.89,56.31
P006,Good,1017.33,458.48,2.38,60.96,61.48,0.58,1.87,8.51,80.81,343.37,8.18,7.75,70.29,87.88
P006,Good,1339.93,527.26,16.51,79.95,70.5,4.29,1.2,4.41,88.12,253.89,1.56,6.86,89.92,75.78
P006,Good,789.79,233.88,12.27,66.1,89.97,1.54,0.04,2.96,86.65,420.5,1.1,5.95,58.14,92.16
P006,Good,397.34,271.67,11.44,59.7,82.3,1.56,1.16,4.13,61.94,357.14,3.46,3.34,55.42,64.05
P006,Good,675.93,263.34,12.96,83.38,52.24,1.19,0.03,2.83,73.57,443.68,9.01,9.06,78.95,57.23
P006,Good,1436.63,600.32,35.04,80.21,37.82,2.1,0.83,3.65,87.62,259.91,4.59,5.92,74.08,82.26
P006,Good,593.77,611.88,14.35,84.25,33.01,1.57,1.01,5.82,54.5,446.07,5.92,5.46,77.32,70.82
P006,Good,1179.94,204.72,8.65,75.67,50.63,3.34,1.48,9.19,47.98,406.19,6.65,6.82,58.62,52.66
P006,Good,627.5,509.64,34.56,84.72,67.63,1.05,0.11,9.08,76.28,248.62,1.51,6.8,70.0,69.68
P006,Good,1092.76,115.55,31.81,55.13,34.84,0.95,1.46,5.05,65.36,216.1,3.84,3.22,87.18,90.12
P006,Good,1270.42,690.26,20.65,74.54,56.72,0.37,0.89,9.38,91.38,229.45,4.22,7.67,69.65,70.47
P006,Good,757.4,416.12,11.12,75.67,10.22,0.83,0.21,3.86,81.71,254.58,7.3,9.05,65.74,78.15
P006,Good,675.64,595.16,5.63,61.29,20.49,0.28,0.15,6.4,82.7,309.55,4.86,6.64,80.89,53.33
P006,Good,1126.47,664.99,14.64,77.75,79.91,0.39,1.47,5.53,60.99,260.79,1.64,7.7,48.13,72.74
P006,Good,1260.21,692.46,14.15,57.27,1.61,1.04,1.23,2.48,55.62,284.03,3.48,2.68,55.24,88.43
P006,Good,784.81,424.12,8.58,57.8,40.3,2.6,1.99,9.64,89.55,440.39,7.99,6.99,52.28,91.41
P006,Good,449.81,473.15,24.73,81.3,89.51,0.61,1.29,8.78,52.42,412.87,4.4,9.51,60.31,74.27
P006,Good,668.23,294.81,14.69,74.14,69.46,2.4,0.66,4.48,85.34,369.43,9.04,7.91,81.5,85.96
P006,Good,894.64,377.18,13.46,64.55,25.91,3.34,0.72,5.19,63.1,464.58,1.13,3.78,64.37,59.02
P006,Good,801.38,573.32,16.69,68.65,2.86,0.71,0.04,9.4,65.85,366.33,7.03,5.33,77.31,72.66
P006,Good,1061.04,777.12,11.01,67.08,13.98,3.67,1.61,4.31,88.77,396.07,9.04,6.2,88.87,48.39
P006,Good,1007.71,295.84,20.96,65.15,74.53,0.99,0.98,6.35,70.8,241.44,3.84,1.38,46.46,60.93
P006,Good,712.66,337.71,24.02,61.25,14.86,3.29,0.83,8.09,87.7,295.46,9.52,5.07,76.6,82.64
P006,Good,688.1,688.94,8.85,76.31,16.47,1.06,0.45,7.16,68.23,425.93,9.12,6.44,85.63,51.94
P006,Good,855.84,670.45,15.58,72.31,35.24,0.86,0.34,5.8,74.75,299.67,6.23,2.55,76.4,87.24
P006,Good,371.77,674.48,24.24,80.58,78.94,1.72,0.07,5.34,84.29,488.29,6.68,8.95,57.72,63.33
P006,Good,1315.79,616.69,8.3,63.07,91.92,1.39,1.13,6.55,94.36,393.97,2.36,7.85,69.75,68.34
P006,Good,1163.16,225.17,18.65,93.18,11.13,4.65,1.33,8.55,82.65,218.1,1.37,3.24,67.36,92.86
P006,Good,855.35,137.91,22.43,67.72,57.99,0.59,1.1,5.06,50.53,203.37,6.72,6.4,96.56,79.31
P006,Good,1493.91,450.71,17.94,75.35,87.95,3.99,1.34,6.29,67.55,221.82,2.71,3.16,54.81,87.05
P006,Good,1008.66,373.06,22.58,79.37,36.27,3.78,0.37,1.37,84.58,320.18,6.19,4.96,69.36,76.75
P006,Good,1336.28,368.67,20.2,92.64,27.38,0.02,1.08,9.34,73.16,275.76,5.82,3.3,61.88,73.2
P006,Good,863.67,437.21,3.82,77.87,10.69,0.52,1.73,1.29,75.92,203.01,2.53,6.96,60.89,75.79
P006,Good,609.85,454.41,15.44,69.78,45.59,2.58,1.49,3.8,74.73,388.01,2.28,4.45,51.15,78.19
P006,Good,1332.04,762.76,18.51,82.06,85.46,3.46,0.87,7.28,52.93,208.3,8.6,1.77,77.67,68.91
P006,Good,1025.2,364.85,13.38,68.16,83.95,1.42,1.27,6.45,78.4,379.62,7.7,6.59,84.47,54.68
P006,Good,972.7,329.61,35.09,82.98,84.56,0.96,1.28,2.15,86.9,393.16,2.49,5.07,83.52,76.29
P006,Good,858.09,135.72,18.29,68.41,3.74,1.33,1.06,4.34,64.0,218.16,9.29,8.86,70.49,50.21
P006,Good,1396.05,118.54,35.92,71.78,77.42,2.03,0.68,8.79,64.16,267.05,5.12,2.01,64.21,75.54
P006,Good,1155.35,364.37,20.34,65.4,35.59,2.24,0.11,2.98,92.58,195.04,5.84,1.17,53.19,73.19
P006,Good,610.76,451.03,12.2,61.61,4.44,2.26,0.25,9.16,75.98,409.48,3.67,3.26,51.27,96.02
P006,Good,330.69,183.44,8.91,58.37,8.06,4.46,0.78,2.83,81.91,281.51,3.01,4.05,69.57,60.28
P006,Good,364.53,649.53,10.32,85.92,28.17,3.41,0.94,5.51,88.64,372.54,8.79,9.65,59.6,70.52
P006,Good,484.79,612.51,33.07,80.79,43.04,1.16,1.12,7.63,67.18,195.27,6.7,2.29,62.12,50.33
P006,Good,1314.49,673.84,14.99,56.02,51.47,3.33,0.5,3.21,97.77,299.54,1.42,1.11,93.03,85.35
P006,Good,1303.51,387.03,25.35,67.54,29.93,0.41,1.65,5.76,70.05,281.8,2.27,9.19,54.22,82.16
P006,Good,1415.07,675.82,13.35,72.04,14.51,2.84,0.22,2.43,70.39,421.53,6.99,1.5,69.46,68.46
P006,Good,558.38,759.43,1.53,67.03,52.75,3.31,0.31,3.61,66.13,377.59,2.2,9.11,63.62,46.22
P006,Good,1316.71,200.78,35.42,66.96,64.58,1.78,0.85,5.77,60.78,200.29,6.21,4.67,71.55,58.4
P006,Good,1234.6,588.07,36.52,63.62,3.43,4.28,0.49,4.37,60.88,282.0,7.02,7.61,53.69,78.16
P006,Good,567.71,450.73,22.98,65.08,56.62,1.21,0.2,5.86,74.88,393.91,5.67,4.57,90.25,73.12
P006,Good,1242.59,490.8,30.88,64.64,63.12,4.74,0.12,8.05,63.03,424.76,5.99,4.5,65.98,47.29
P006,Good,665.7,308.45,26.9,79.2,35.71,0.31,1.54,6.06,61.94,214.1,8.55,6.49,83.16,76.41
P006,Good,1261.82,637.52,6.17,87.39,22.89,0.45,1.28,3.71,62.46,245.86,2.74,6.74,88.58,85.96
P006,Good,874.94,294.19,18.32,96.03,17.83,4.61,1.48,8.52,47.54,364.69,1.84,3.68,82.7,52.59
P006,Good,983.28,319.87,18.7,60.48,40.36,2.51,0.81,8.7,57.75,430.33,1.22,7.71,68.01,63.97
P006,Good,283.76,362.93,8.48,59.56,84.54,1.96,0.83,5.56,71.8,295.07,5.76,8.15,53.02,91.22
P006,Good,1308.37,359.08,1.29,71.15,49.55,1.28,0.28,3.5,65.27,393.4,7.41,7.7,70.55,53.32
P006,Good,539.96,468.71,16.49,88.36,56.34,4.57,1.71,3.44,74.05,272.07,1.53,2.31,85.39,76.49
P006,Good,1064.17,717.78,10.55,64.55,55.17,1.64,1.68,5.62,82.22,219.62,2.27,8.23,89.71,90.1
P006,Good,1087.68,94.56,27.24,73.88,7.18,4.43,1.16,6.63,55.96,293.72,7.76,1.55,76.66,71.3
P006,Good,922.57,236.81,18.2,67.44,22.76,0.55,0.59,4.64,72.71,478.68,8.15,6.58,87.9,50.74
P006,Good,814.08,354.79,9.74,93.13,51.87,2.46,0.95,2.1,93.24,209.11,0.97,2.7,49.7,66.43
P006,Good,1176.09,121.54,38.81,89.92,20.27,1.47,0.31,3.36,46.42,347.11,4.9,8.35,81.59,95.68
P006,Good,890.08,367.25,26.48,56.36,18.92,1.91,1.16,2.55,89.41,310.48,3.1,2.8,82.1,61.36
P006,Good,555.56,330.99,6.31,87.84,41.55,1.63,1.8,7.41,89.35,410.63,2.37,6.32,85.75,54.39
P006,Good,1361.78,473.87,23.67,64.72,43.05,0.15,1.61,7.37,76.02,414.3,6.85,7.16,74.22,74.54
P006,Good,1103.48,650.19,38.29,59.54,50.89,3.42,1.25,1.97,61.66,221.96,8.23,3.33,70.19,58.05
P006,Good,1094.49,484.44,8.39,88.82,32.15,2.11,0.79,8.06,59.33,437.46,7.8,7.79,66.78,88.57
P006,Good,787.17,223.31,8.64,77.13,17.94,0.37,0.79,8.76,83.53,303.87,4.95,3.18,55.97,72.04
P006,Good,1032.02,339.2,13.31,83.51,33.95,3.23,1.94,1.98,70.38,299.73,6.73,3.97,73.37,76.33
P006,Good,887.98,144.26,4.51,66.16,7.15,2.43,0.13,5.15,85.61,240.91,9.05,8.28,73.24,67.03
P006,Good,882.31,352.15,30.76,92.41,7.13,3.51,1.69,8.88,86.21,344.38,2.63,6.92,86.31,62.5
P006,Good,1117.76,685.54,35.29,75.78,78.38,4.07,1.32,1.79,93.83,314.23,5.43,1.35,49.59,76.83
P007,Very Good,1064.17,677.66,17.25,107.17,80.7,3.89,0.6,9.7,72.41,483.84,4.38,6.64,87.82,60.65
P007,Very Good,1031.63,805.36,21.01,68.39,57.28,4.53,1.04,1.79,90.03,416.83,9.43,9.54,92.68,62.84
P007,Very Good,722.1,321.12,20.36,76.2,47.54,0.76,0.97,2.38,87.51,416.81,7.16,9.53,78.29,97.18
P007,Very Good,1053.13,479.43,24.85,71.07,71.63,3.29,1.95,2.07,76.66,469.91,4.25,8.92,59.26,87.84
P007,Very Good,709.27,261.69,11.52,64.36,9.59,3.57,0.69,6.38,82.32,202.48,7.34,8.64,94.64,60.2
P007,Very Good,971.88,590.2,32.78,80.45,77.15,1.68,1.3,6.61,83.77,315.03,8.08,3.33,93.44,85.17
P007,Very Good,561.19,261.77,8.14,72.04,65.76,4.91,1.02,6.11,105.05,222.98,4.95,9.33,86.48,63.45
P007,Very Good,302.5,142.23,36.08,80.2,55.62,2.2,2.01,8.09,83.53,387.0,1.53,4.96,82.73,78.49
P007,Very Good,956.71,197.38,6.52,74.45,45.77,0.18,0.71,5.64,83.38,279.62,3.5,2.24,67.22,63.0
P007,Very Good,1182.97,350.2,35.56,64.79,22.68,3.5,0.59,9.24,58.06,486.53,3.74,1.28,103.22,67.81
P007,Very Good,1200.25,262.07,29.96,65.47,4.34,3.18,0.36,4.53,80.64,508.0,4.91,8.8,88.1,75.43
P007,Very Good,1141.02,110.3,13.19,73.06,47.78,0.27,0.6,4.78,55.85,475.55,2.6,7.32,73.12,98.13
P007,Very Good,463.68,195.92,31.03,65.32,45.44,1.35,0.42,2.68,58.98,415.4,4.95,9.29,54.74,59.12
P007,Very Good,1235.34,480.0,7.17,81.64,27.23,2.68,0.49,1.93,80.86,265.08,6.94,5.79,79.84,89.5
P007,Very Good,1072.67,373.11,9.17,99.21,37.53,1.84,2.06,8.08,56.98,291.44,5.37,6.0,68.91,64.87
P007,Very Good,570.2,286.56,33.22,78.29,46.39,3.07,0.11,4.54,74.76,513.25,4.99,6.24,61.35,57.34
P007,Very Good,1062.01,694.65,40.36,82.07,50.03,1.87,0.45,7.88,62.4,441.72,7.4,7.61,71.3,82.26
P007,Very Good,1089.56,500.04,19.87,103.06,67.47,0.23,1.0,2.27,53.09,224.36,3.36,8.5,97.65,67.89
P007,Very Good,423.54,203.55,3.25,70.79,23.56,1.02,0.7,1.41,60.23,253.0,2.04,6.98,77.44,80.81
P007,Very Good,383.09,747.6,26.28,78.07,56.33,2.02,2.04,6.89,57.92,432.53,5.62,7.42,92.66,69.46
P007,Very Good,1521.01,714.21,33.03,84.82,86.34,2.48,1.67,5.27,53.66,373.64,8.61,9.62,102.47,86.24
P007,Very Good,741.68,208.21,17.24,80.21,20.75,1.7,1.06,2.91,82.15,450.25,9.31,4.38,70.69,91.26
P007,Very Good,770.33,197.61,1.42,97.79,66.79,4.46,1.84,2.8,83.28,347.31,2.09,6.85,67.87,73.45
P007,Very Good,377.95,401.61,2.97,94.76,20.41,5.21,1.69,3.31,85.51,372.05,9.85,3.41,59.83,57.11
P007,Very Good,1051.82,253.08,16.41,84.26,45.13,3.87,1.75,6.16,101.74,368.48,8.94,8.83,103.78,55.87
P007,Very Good,453.13,417.83,32.24,84.73,91.51,3.89,1.76,10.27,95.95,480.22,6.89,1.31,98.17,94.0
P007,Very Good,1163.87,665.49,31.13,105.22,65.59,3.85,0.04,8.67,64.77,456.51,10.26,2.88,93.12,89.3
P007,Very Good,525.98,542.1,21.17,78.8,5.33,1.08,0.31,4.31,56.89,204.8,8.48,7.62,65.41,100.16
P007,Very Good,784.03,261.19,5.17,72.9,58.53,0.82,1.44,8.83,97.43,409.8,3.08,10.1,64.84,103.25
P007,Very Good,1540.79,465.07,5.84,66.04,85.5,5.47,1.37,2.49,60.19,499.3,2.51,6.55,65.75,67.37
P007,Very Good,901.99,330.19,36.27,64.68,82.74,0.68,1.12,6.89,60.32,239.37,4.77,5.98,84.76,87.89
P007,Very Good,1158.08,148.99,40.63,91.37,59.63,4.41,0.63,4.81,81.44,460.75,9.19,6.57,81.72,64.99
P007,Very Good,616.5,432.42,10.56,94.69,60.0,2.83,0.77,6.57,93.61,257.75,5.85,3.05,57.37,61.78
P007,Very Good,1436.79,495.69,25.93,84.87,58.72,0.86,1.76,9.13,72.74,217.83,7.42,3.58,87.68,68.77
P007,Very Good,554.01,794.85,16.84,78.48,95.95,1.07,0.45,6.14,86.49,458.06,1.54,7.22,83.31,79.37
P007,Very Good,1440.73,485.32,20.57,103.9,93.95,0.98,1.88,7.03,87.05,346.52,1.08,2.86,51.85,95.86
P007,Very Good,1362.65,186.34,15.29,93.97,9.3,1.35,1.99,9.68,88.97,399.54,8.1,1.85,76.24,98.98
P007,Very Good,484.34,314.47,2.46,91.48,56.43,0.58,1.84,3.48,69.76,229.05,2.39,4.66,51.77,90.17
P007,Very Good,1236.95,185.25,8.17,98.32,77.44,5.02,2.05,8.86,84.03,323.44,2.1,1.32,61.21,78.08
P007,Very Good,403.59,775.82,12.94,70.57,38.33,0.84,1.53,1.42,83.98,353.49,2.53,3.92,73.86,73.2
P007,Very Good,1272.62,773.63,8.9,88.07,0.46,4.82,2.0,2.35,79.43,370.33,1.25,4.17,70.59,65.86
P007,Very Good,613.43,837.69,40.45,88.76,66.65,1.38,1.19,5.81,78.74,281.27,4.63,10.85,56.05,105.08
P007,Very Good,1473.2,440.92,36.25,63.66,59.54,0.71,0.39,9.95,93.75,330.52,10.49,5.09,96.26,69.08
P007,Very Good,1504.98,372.43,22.36,68.76,94.34,3.99,1.77,4.87,109.2,346.17,3.85,5.54,90.14,102.6
P007,Very Good,721.71,637.44,2.42,71.33,95.57,4.18,1.86,1.81,82.01,514.06,5.77,7.03,85.54,88.61
P007,Very Good,835.21,130.17,41.47,65.94,12.4,2.64,1.16,3.93,53.15,486.77,3.02,1.96,100.56,76.45
P007,Very Good,1194.49,610.12,42.32,79.54,14.23,2.31,1.18,9.03,87.26,479.3,1.6,10.49,77.02,81.71
P007,Very Good,473.96,230.79,40.8,88.97,15.19,0.66,0.98,4.28,94.25,267.73,3.08,7.58,62.4,52.14
P007,Very Good,340.04,213.7,16.11,77.59,70.5,0.76,0.48,9.88,86.73,220.24,9.24,10.39,63.99,104.18
P007,Very Good,1234.21,148.06,20.19,96.28,29.63,4.52,0.92,6.64,72.51,349.61,6.13,10.37,58.77,81.47
P007,Very Good,566.33,515.2,11.31,99.37,51.39,1.04,0.87,6.33,54.88,248.06,6.1,1.85,53.9,83.87
P007,Very Good,971.07,272.23,23.79,86.55,31.18,1.64,0.9,4.85,90.77,454.14,3.38,3.01,96.55,55.96
P007,Very Good,1129.56,520.48,18.62,78.95,20.53,4.02,1.68,9.49,53.06,468.75,5.05,1.59,78.02,90.1
P007,Very Good,434.62,466.42,22.18,84.68,12.22,3.63,0.12,6.81,75.93,489.9,7.99,1.16,58.6,78.36
P007,Very Good,587.98,307.67,14.38,87.13,8.38,1.34,1.45,4.66,58.55,482.09,7.05,4.38,98.35,58.54
P007,Very Good,896.67,109.15,7.82,96.96,67.06,1.35,1.9,1.98,72.16,262.55,5.63,4.31,79.41,68.37
P007,Very Good,555.15,764.88,37.94,79.19,3.21,3.24,1.52,10.22,100.66,443.28,4.85,3.49,105.33,65.14
P007,Very Good,1323.44,553.53,31.23,102.54,65.77,2.51,2.12,8.17,93.24,240.71,7.83,7.18,63.33,55.38
P007,Very Good,1205.87,405.93,35.32,96.41,44.46,0.84,0.5,8.61,94.12,521.59,2.44,8.33,77.35,99.75
P007,Very Good,1178.05,503.37,2.87,68.46,95.2,4.56,2.03,4.18,65.08,423.41,10.07,1.44,61.0,87.3
P007,Very Good,786.4,502.67,39.26,103.19,79.72,2.74,1.73,5.01,82.85,411.06,1.31,5.84,87.36,89.84
P007,Very Good,696.56,142.33,11.89,74.63,51.31,1.6,1.13,1.85,91.58,251.35,6.7,4.71,72.81,73.88
P007,Very Good,1057.71,585.02,11.48,90.16,99.98,1.64,0.09,5.46,99.19,254.76,2.07,4.08,68.25,93.9
P007,Very Good,981.94,459.47,3.71,98.21,3.08,1.21,1.73,7.94,61.41,387.11,4.71,6.37,76.51,54.6
P007,Very Good,733.3,231.21,37.64,76.93,30.03,0.65,0.95,7.94,97.87,527.7,9.97,3.72,96.39,51.28
P007,Very Good,1424.85,338.26,23.17,93.83,73.64,2.77,1.58,9.09,92.61,224.72,10.55,2.86,69.93,91.89
P007,Very Good,1328.39,546.89,8.77,92.23,0.3,3.25,1.5,9.65,88.42,366.46,10.04,4.0,99.87,88.0
P007,Very Good,448.22,813.55,5.48,87.15,13.83,3.17,0.06,3.73,63.46,217.03,4.37,8.88,96.62,95.62
P007,Very Good,1351.02,686.73,14.06,67.84,88.17,1.19,0.85,1.92,57.0,239.95,2.79,3.71,53.18,64.62
P007,Very Good,1131.33,366.91,2.6,90.41,91.96,2.15,0.56,2.49,78.67,269.09,5.33,3.4,78.34,91.57
P007,Very Good,745.27,301.51,1.65,75.2,6.76,1.79,1.61,9.13,68.22,412.33,6.87,1.39,68.54,77.17
P007,Very Good,859.89,629.63,24.84,62.02,57.4,1.02,1.01,2.61,88.89,281.93,9.47,3.12,60.34,56.51
P007,Very Good,797.49,746.68,24.82,90.54,82.38,3.52,1.64,2.03,99.51,455.75,5.2,2.61,89.08,79.12
P007,Very Good,830.27,343.91,25.15,84.57,63.97,0.75,1.11,5.9,69.82,505.68,9.4,9.32,72.82,82.28
P007,Very Good,573.4,559.9,10.78,71.48,50.97,0.71,0.11,4.44,91.6,301.07,4.67,9.63,107.0,57.59
P007,Very Good,640.24,305.21,21.87,74.96,36.13,1.29,1.35,9.81,74.64,225.88,8.87,9.49,89.34,73.38
P007,Very Good,1242.02,712.05,35.8,73.61,90.14,3.35,0.62,1.67,75.79,267.42,9.35,3.02,53.33,77.8
P007,Very Good,1199.17,446.26,27.44,66.59,37.14,5.11,1.97,9.04,108.45,538.71,1.15,3.69,99.42,84.11
P007,Very Good,617.63,143.58,27.96,67.14,68.99,1.45,0.78,7.21,100.11,348.26,5.3,7.01,104.17,76.15
P007,Very Good,1001.02,708.68,7.66,97.81,31.65,1.62,1.97,5.03,78.25,363.17,10.16,3.14,107.27,76.25
P007,Very Good,986.52,666.64,20.6,68.06,87.93,4.5,1.82,4.7,69.59,493.27,9.96,6.04,65.85,84.98
P007,Very Good,1106.92,117.86,22.12,86.94,73.48,3.68,1.46,2.82,53.14,405.23,6.5,3.79,67.56,89.73
P007,Very Good,386.9,604.73,31.55,83.77,45.95,2.54,0.8,6.96,86.9,424.53,6.04,8.22,86.95,69.64
P007,Very Good,1517.27,533.63,3.98,99.0,2.31,0.29,1.45,7.58,95.41,310.82,9.49,4.67,74.01,89.99
P007,Very Good,811.31,813.88,32.59,103.96,3.56,4.52,1.8,8.32,82.64,497.69,7.32,7.78,87.17,57.93
P007,Very Good,1209.43,744.98,2.83,92.21,71.91,3.48,0.75,1.94,65.36,292.57,8.87,5.01,73.14,69.99
P007,Very Good,502.99,517.39,18.85,103.75,25.8,1.85,1.07,1.86,95.34,424.25,4.86,6.86,100.36,98.33
P007,Very Good,330.93,669.86,33.39,66.09,17.81,4.49,0.27,1.88,69.67,322.54,1.62,7.61,65.27,94.33
P007,Very Good,480.41,520.83,15.48,102.08,17.17,1.46,1.29,8.67,90.32,313.64,9.35,1.62,86.02,58.26
P007,Very Good,627.03,704.93,9.77,68.83,25.91,1.96,1.52,8.65,91.65,426.94,10.22,4.01,101.48,102.23
P007,Very Good,1356.32,120.8,27.39,84.6,66.52,2.41,0.39,6.23,64.21,207.33,2.35,9.9,106.17,78.55
P007,Very Good,463.26,695.78,34.24,74.37,50.49,5.03,0.28,4.65,59.82,333.07,5.89,4.57,66.05,99.34
P007,Very Good,787.24,573.5,15.68,91.06,87.13,3.75,1.45,6.0,93.03,294.38,7.24,4.36,76.23,96.61
P007,Very Good,1571.68,328.86,29.93,66.8,16.47,0.72,1.68,6.6,80.12,319.01,2.54,10.65,70.9,105.0
P007,Very Good,897.47,616.11,5.83,79.35,21.69,3.35,0.41,4.7,65.21,261.89,6.9,8.46,98.56,57.08
P007,Very Good,1150.64,168.71,7.56,67.28,56.16,0.59,0.11,3.22,86.88,457.42,6.89,5.29,108.34,74.08
P007,Very Good,1482.75,446.97,6.66,97.54,87.94,3.7,1.46,3.53,55.48,459.82,1.84,9.29,63.85,68.15
P007,Very Good,1216.64,768.59,22.56,98.75,15.87,2.52,2.0,5.69,91.86,348.43,1.98,6.7,66.94,80.86
P007,Very Good,820.79,223.98,33.17,85.36,45.91,4.87,1.55,10.44,73.81,317.0,10.68,3.97,60.02,72.52
P007,Very Good,1436.79,693.41,29.56,83.21,63.48,1.29,1.47,8.7,74.02,377.53,6.46,6.12,66.98,83.83
P008,Needs Improvement,475.15,72.09,9.49,46.27,64.2,1.91,0.04,6.42,78.72,200.08,7.01,6.93,60.34,42.79
P008,Needs Improvement,511.85,353.36,6.15,70.81,45.86,1.45,1.53,3.64,57.43,261.17,2.94,6.43,70.45,46.34
P008,Needs Improvement,971.77,160.75,17.1,57.57,43.09,0.6,0.12,6.09,39.39,321.72,7.25,2.81,60.14,54.61
P008,Needs Improvement,543.4,292.43,19.95,55.05,0.3,0.9,1.33,3.78,45.8,206.79,5.67,4.82,56.62,60.7
P008,Needs Improvement,740.82,543.12,22.39,49.85,45.51,2.72,0.9,2.1,65.57,205.12,3.28,4.04,70.22,63.07
P008,Needs Improvement,459.96,147.84,7.93,59.72,37.32,2.51,1.05,2.03,48.49,324.77,6.86,1.05,53.34,66.06
P008,Needs Improvement,675.93,186.01,17.83,72.07,57.6,0.19,0.29,3.0,60.79,178.82,3.7,7.15,60.59,42.52
P008,Needs Improvement,605.36,528.51,5.77,46.46,38.61,2.54,0.24,6.76,66.75,222.0,1.09,1.08,72.2,42.25
P008,Needs Improvement,657.53,394.03,5.15,73.38,29.02,0.69,0.51,1.33,39.5,170.98,3.55,1.96,48.94,71.09
P008,Needs Improvement,795.84,298.37,26.31,68.14,21.48,3.46,0.16,4.48,73.04,187.05,3.39,2.4,42.24,60.73
P008,Needs Improvement,793.47,388.26,26.91,51.73,5.68,1.12,0.8,1.74,49.77,347.82,1.87,7.39,38.89,43.49
P008,Needs Improvement,875.45,483.59,23.37,56.53,53.39,0.75,0.08,1.94,53.68,386.59,6.16,1.46,67.68,63.26
P008,Needs Improvement,438.56,264.75,6.92,69.8,13.38,3.64,1.51,2.89,52.67,177.2,5.25,2.82,43.63,61.77
P008,Needs Improvement,771.09,103.77,28.38,63.0,21.83,3.25,1.01,6.47,69.04,370.49,7.59,2.12,39.34,44.35
P008,Needs Improvement,544.94,355.32,17.54,67.35,22.74,0.12,0.34,2.72,76.58,224.08,1.97,2.66,62.14,68.86
P008,Needs Improvement,730.7,394.08,29.81,47.39,47.66,2.31,1.37,4.83,72.52,182.1,6.98,3.45,70.61,55.53
P008,Needs Improvement,991.02,535.27,17.18,67.22,74.48,0.7,0.77,4.54,75.37,370.56,6.62,6.1,58.99,44.04
P008,Needs Improvement,773.3,295.61,24.29,73.09,53.64,3.59,0.43,3.42,57.49,244.48,5.02,3.88,40.12,55.71
P008,Needs Improvement,450.21,357.81,13.57,58.69,23.29,0.56,1.11,0.92,45.41,355.01,2.54,6.87,60.45,61.66
P008,Needs Improvement,867.47,538.39,17.4,53.75,32.2,1.01,0.89,1.47,67.88,347.29,4.94,6.04,50.18,72.2
P008,Needs Improvement,545.45,505.4,20.09,53.87,13.78,1.46,0.44,1.47,70.03,205.13,6.63,2.59,55.74,61.79
P008,Needs Improvement,802.0,425.14,17.51,57.61,17.88,2.37,0.63,6.19,62.92,248.79,3.62,6.08,62.5,43.2
P008,Needs Improvement,1002.11,386.12,7.47,71.78,22.05,0.09,1.54,6.92,59.19,264.54,5.76,4.08,41.79,73.22
P008,Needs Improvement,466.46,394.17,15.87,56.59,38.29,1.07,0.69,5.83,51.51,236.09,3.4,2.25,68.72,60.99
P008,Needs Improvement,730.97,141.48,29.51,47.95,16.92,3.11,0.89,2.02,75.5,188.1,6.87,2.85,51.6,44.57
P008,Needs Improvement,526.38,381.46,2.55,56.16,25.55,0.15,0.27,6.31,60.98,225.8,2.41,5.97,47.55,57.65
P008,Needs Improvement,440.03,466.77,16.2,57.03,25.28,0.94,0.56,1.64,54.34,245.63,7.12,5.98,53.95,69.2
P008,Needs Improvement,948.98,408.57,12.18,58.46,23.49,1.85,0.32,5.91,45.67,361.79,1.31,0.97,75.46,66.43
P008,Needs Improvement,540.44,408.51,15.03,73.64,51.57,2.32,0.03,6.77,70.74,293.5,2.78,2.98,51.64,49.97
P008,Needs Improvement,299.09,509.18,29.18,65.89,61.5,0.5,0.71,5.77,38.9,348.4,3.42,6.47,38.7,53.75
P008,Needs Improvement,1045.13,501.81,22.33,60.58,74.97,3.0,1.05,4.22,41.13,236.28,1.85,3.34,62.75,68.85
P008,Needs Improvement,688.23,76.55,23.09,46.47,50.65,2.63,0.36,2.07,54.05,305.3,1.78,2.89,52.56,56.69
P008,Needs Improvement,687.17,395.2,16.37,46.08,33.12,3.5,1.02,4.35,44.93,165.46,5.52,5.69,67.19,66.69
P008,Needs Improvement,571.48,506.34,20.31,62.59,11.04,1.4,1.17,7.39,69.62,272.45,2.52,5.93,45.96,71.33
P008,Needs Improvement,292.17,543.62,20.45,58.36,55.22,0.96,0.88,5.98,66.66,252.07,1.22,3.07,56.43,70.41
P008,Needs Improvement,927.43,81.49,23.19,71.11,8.78,0.7,1.48,4.38,41.97,282.59,5.07,1.15,50.39,47.07
P008,Needs Improvement,663.24,589.47,18.6,61.11,24.34,2.95,0.99,1.13,69.95,181.16,5.76,4.57,57.18,42.03
P008,Needs Improvement,615.8,232.48,27.92,54.16,36.08,2.46,0.45,0.79,54.48,260.65,5.99,2.72,39.12,51.95
P008,Needs Improvement,475.74,85.5,21.98,75.16,42.76,0.04,1.15,4.65,43.43,220.18,1.0,2.87,50.35,49.16
P008,Needs Improvement,1164.82,357.85,19.28,45.92,70.67,1.85,0.19,2.91,50.68,283.49,0.88,5.66,69.11,44.42
P008,Needs Improvement,391.69,315.02,28.07,60.35,10.39,2.9,0.74,3.23,39.61,147.81,2.85,5.46,66.81,44.96
P008,Needs Improvement,317.69,501.4,28.68,56.08,8.21,2.23,0.51,6.33,49.91,285.2,7.05,5.24,68.05,44.44
P008,Needs Improvement,1110.31,298.06,7.94,61.27,34.15,1.3,1.45,5.04,58.13,212.06,5.11,2.63,44.52,64.05
P008,Needs Improvement,507.2,286.97,13.99,46.23,67.51,3.28,0.27,1.17,37.61,164.2,6.6,4.72,35.87,50.36
P008,Needs Improvement,1037.95,282.31,6.01,57.05,2.63,1.96,0.7,3.17,55.97,149.31,3.39,2.85,76.95,62.47
P008,Needs Improvement,1011.6,487.24,1.59,74.42,77.17,1.91,0.89,7.45,71.73,156.92,5.04,4.94,49.61,45.44
P008,Needs Improvement,1083.15,582.56,27.19,65.21,7.47,0.12,1.0,1.76,60.27,229.92,2.81,0.76,51.42,58.78
P008,Needs Improvement,782.57,350.34,10.98,55.4,46.51,1.45,1.17,6.44,68.12,229.03,6.64,6.07,43.37,54.11
P008,Needs Improvement,979.57,479.65,2.09,75.62,7.88,2.98,0.41,7.67,65.25,283.39,7.43,5.32,39.92,49.88
P008,Needs Improvement,372.54,498.13,2.51,49.47,48.76,2.13,1.41,2.38,76.11,156.88,3.69,2.7,57.06,67.3
P008,Needs Improvement,852.44,384.41,28.25,66.37,71.42,1.02,0.23,6.95,40.54,171.22,1.59,5.93,46.79,52.88
P008,Needs Improvement,1027.07,428.71,14.07,60.37,56.94,0.75,1.51,1.92,57.74,164.69,5.44,1.14,47.2,45.71
P008,Needs Improvement,608.83,210.07,10.35,69.39,57.36,3.22,0.06,2.04,55.94,161.41,3.05,0.98,55.74,58.63
P008,Needs Improvement,371.57,300.54,6.97,61.55,10.73,1.27,1.12,1.74,56.01,228.54,4.37,5.64,59.54,49.6
P008,Needs Improvement,791.58,619.16,22.63,76.62,47.94,0.58,0.8,5.05,41.46,243.64,1.02,6.17,41.29,46.59
P008,Needs Improvement,1044.09,256.47,28.66,61.72,19.75,0.11,0.85,1.91,47.67,169.11,6.99,3.91,44.55,71.08
P008,Needs Improvement,920.11,558.92,9.97,56.41,64.87,2.19,0.74,7.11,68.23,193.21,4.11,5.09,44.26,56.3
P008,Needs Improvement,878.41,343.14,10.4,62.54,0.16,2.8,0.02,6.3,65.5,325.97,2.8,1.83,59.63,51.12
P008,Needs Improvement,842.92,237.76,4.67,44.23,8.24,0.17,0.07,6.9,69.53,340.72,2.14,7.08,74.71,55.96
P008,Needs Improvement,945.72,94.87,29.2,48.95,63.81,1.96,0.41,2.32,48.93,265.44,5.08,1.02,69.1,48.34
P008,Needs Improvement,773.53,146.76,8.64,69.38,47.06,1.27,1.07,1.78,41.41,255.56,2.81,3.95,45.24,66.45
P008,Needs Improvement,931.57,542.41,9.08,45.24,6.39,0.44,0.83,0.92,48.57,368.62,2.56,5.72,62.19,67.45
P008,Needs Improvement,487.42,390.51,23.66,53.55,16.3,0.53,0.6,2.08,70.16,326.24,6.71,6.8,63.2,61.14
P008,Needs Improvement,632.57,485.12,18.54,73.03,17.04,1.83,0.59,1.98,43.38,222.72,3.93,6.79,70.72,67.04
P008,Needs Improvement,400.57,192.92,11.19,76.87,26.51,3.86,0.07,2.1,43.05,317.13,6.25,4.89,66.72,64.25
P008,Needs Improvement,849.93,315.34,1.29,50.87,64.54,0.42,0.67,6.04,63.36,208.97,1.81,1.41,74.18,43.88
P008,Needs Improvement,370.08,94.85,16.09,65.3,62.88,1.91,0.96,3.16,63.31,271.86,4.92,6.8,69.25,58.64
P008,Needs Improvement,455.08,529.77,31.09,55.01,7.29,0.8,1.37,5.07,40.12,280.68,2.85,1.43,71.81,55.49
P008,Needs Improvement,959.4,564.66,31.25,70.13,62.89,2.84,1.24,1.49,60.41,224.38,4.38,4.47,62.36,52.38
P008,Needs Improvement,1091.55,273.88,16.86,46.53,21.23,0.05,1.29,4.07,67.41,205.78,6.51,0.81,68.71,54.02
P008,Needs Improvement,797.36,557.73,18.19,52.46,65.57,3.52,0.56,4.97,53.91,293.4,3.44,5.05,51.4,42.8
P008,Needs Improvement,551.73,236.71,28.8,52.85,41.27,0.84,1.33,2.2,47.73,327.41,4.93,2.7,44.61,43.13
P008,Needs Improvement,410.51,496.86,12.79,66.93,53.0,0.5,0.17,1.15,63.55,257.19,5.57,0.94,58.46,67.55
P008,Needs Improvement,926.97,81.96,14.53,67.25,22.49,0.87,1.51,2.93,38.14,314.55,4.02,3.22,56.94,68.78
P008,Needs Improvement,249.45,451.39,15.66,61.05,45.05,0.79,0.35,4.66,62.74,306.1,4.06,2.21,60.59,57.74
P008,Needs Improvement,745.42,262.51,23.58,61.41,30.46,2.55,1.37,6.44,64.27,317.67,3.75,0.9,60.51,45.43
P008,Needs Improvement,1006.13,256.44,26.27,47.06,27.04,1.41,0.96,4.34,51.77,156.19,6.71,2.83,49.3,46.74
P008,Needs Improvement,880.03,99.32,17.67,48.13,41.33,0.8,1.22,6.32,40.18,220.6,3.83,2.84,72.96,53.05
P008,Needs Improvement,455.13,83.31,19.42,51.73,25.65,1.35,0.4,6.12,52.07,311.4,3.85,5.96,38.45,53.8
P008,Needs Improvement,536.65,286.23,14.79,61.24,27.77,0.53,1.34,6.44,52.89,265.7,2.08,2.4,73.1,46.26
P008,Needs Improvement,541.51,325.98,25.55,74.62,66.97,3.68,1.1,2.09,43.49,244.29,4.19,2.9,56.93,51.11
P008,Needs Improvement,408.62,420.95,2.93,59.35,26.76,1.6,0.86,5.49,41.98,278.92,7.17,5.61,72.12,58.18
P008,Needs Improvement,267.63,129.67,5.9,63.1,19.8,3.35,0.74,2.49,65.49,220.35,7.51,5.77,48.66,44.92
P008,Needs Improvement,617.39,330.36,3.42,74.19,33.95,3.58,0.74,0.95,63.64,157.54,4.09,7.03,66.72,63.08
P008,Needs Improvement,479.22,261.8,25.22,70.18,44.52,3.46,1.28,1.24,78.83,184.91,6.06,5.19,47.65,46.35
P008,Needs Improvement,407.59,313.45,17.59,71.61,26.12,0.67,0.71,1.32,70.14,296.76,5.28,3.12,70.93,68.67
P008,Needs Improvement,573.82,247.33,10.81,49.65,73.72,0.99,0.39,6.93,72.44,204.48,3.33,1.75,73.35,60.37
P008,Needs Improvement,879.13,566.99,14.66,72.4,10.54,2.27,0.67,0.92,41.72,246.25,2.47,6.78,49.34,69.15
P008,Needs Improvement,314.66,467.01,12.32,56.82,49.83,2.02,0.94,6.81,55.88,201.49,2.53,7.38,41.75,50.06
P008,Needs Improvement,474.31,559.29,16.65,43.3,38.23,1.74,1.36,6.39,52.82,326.63,2.59,1.24,51.53,39.88
P008,Needs Improvement,554.67,185.62,12.65,72.12,1.54,2.69,0.63,7.17,63.9,317.65,3.64,6.59,46.11,57.2
P008,Needs Improvement,476.7,324.64,1.22,55.33,38.94,0.17,1.09,1.81,65.33,330.86,5.97,3.18,64.19,62.35
P008,Needs Improvement,541.74,258.21,16.75,56.94,21.49,2.13,1.39,4.57,47.96,355.22,3.13,6.91,53.13,47.73
P008,Needs Improvement,734.15,512.5,13.62,71.32,60.89,2.97,0.55,2.61,65.28,229.18,4.89,7.15,48.98,41.62
P008,Needs Improvement,457.55,280.37,20.34,55.16,43.6,1.55,1.18,2.81,49.53,276.48,1.5,6.03,37.18,56.34
P008,Needs Improvement,655.5,277.4,19.1,57.79,21.51,1.39,0.1,1.82,72.42,180.23,2.64,1.19,55.13,56.9
P008,Needs Improvement,1042.96,162.44,2.92,58.01,67.76,1.04,0.21,5.52,65.26,168.02,0.9,6.69,49.92,62.18
P008,Needs Improvement,356.38,184.31,24.75,49.21,10.48,0.74,1.29,3.32,47.34,321.26,0.88,4.39,58.69,65.25
P008,Needs Improvement,454.17,290.83,14.19,63.83,53.02,3.62,0.7,3.11,50.96,271.02,7.22,4.69,58.99,63.91
P008,Needs Improvement,714.82,383.3,22.49,75.17,26.77,2.49,0.12,4.33,48.85,146.97,7.18,2.64,57.28,75.34
P009,Very Good,1593.65,467.45,34.56,65.4,13.99,3.74,1.36,3.53,103.09,406.66,7.93,3.29,70.51,89.65
P009,Very Good,650.72,635.24,38.51,107.11,39.76,1.63,1.29,3.93,65.14,276.85,7.15,1.65,58.82,58.25
P009,Very Good,1097.49,413.31,41.77,91.2,103.63,3.33,1.58,4.1,85.06,457.95,2.29,5.09,99.08,98.56
P009,Very Good,981.66,464.1,29.39,70.63,89.0,3.17,1.68,7.53,73.01,530.27,9.14,7.15,90.87,74.0
P009,Very Good,863.26,179.29,29.82,83.55,46.34,3.47,1.98,3.12,72.89,229.78,4.66,1.16,66.37,94.46
P009,Very Good,1019.38,742.11,13.47,91.18,2.84,4.25,1.21,3.14,52.83,414.86,8.23,9.9,55.7,66.07
P009,Very Good,684.95,473.81,30.72,88.23,102.98,4.52,0.72,10.03,69.69,273.63,6.81,6.66,89.66,103.11
P009,Very Good,328.95,646.81,2.96,93.08,69.07,2.98,0.66,8.05,76.69,473.66,6.43,8.06,81.1,90.15
P009,Very Good,818.1,206.36,28.22,88.13,61.82,0.6,1.68,7.77,56.07,239.98,3.09,1.71,100.45,64.89
P009,Very Good,1283.12,514.19,30.43,96.03,9.44,3.42,0.39,10.94,92.59,303.25,4.82,3.58,107.76,65.04
P009,Very Good,493.66,576.03,39.39,81.71,88.75,3.74,1.42,3.72,106.27,233.17,5.92,4.09,101.03,67.92
P009,Very Good,902.06,362.05,28.46,78.4,20.71,3.78,0.49,7.47,73.06,245.22,5.5,6.55,98.3,77.6
P009,Very Good,741.53,253.12,27.03,82.39,3.36,2.83,1.63,5.34,100.6,386.03,1.72,3.62,63.79,57.78
P009,Very Good,543.0,256.02,10.37,97.03,16.42,0.36,0.69,2.74,91.89,244.92,6.08,3.65,61.18,55.23
P009,Very Good,1580.42,376.31,25.26,90.26,23.09,1.72,0.66,7.0,62.9,504.24,5.45,5.43,100.83,67.56
P009,Very Good,1167.05,786.59,6.0,108.0,57.73,0.88,1.25,5.57,95.72,284.12,9.55,3.53,63.57,82.08
P009,Very Good,1046.55,190.51,21.52,94.83,38.07,4.52,0.84,4.12,67.57,309.67,4.19,4.69,66.52,67.65
P009,Very Good,587.96,278.03,41.22,76.01,25.19,4.42,0.59,3.08,100.78,455.63,7.18,6.44,99.08,75.8
P009,Very Good,845.62,523.88,18.13,82.51,7.5,3.27,0.75,1.37,94.62,288.6,7.97,3.09,74.55,101.68
P009,Very Good,1447.75,198.92,21.77,75.57,66.0,4.36,1.55,2.21,81.41,317.1,4.42,10.66,84.18,95.13
P009,Very Good,410.63,352.97,15.56,89.95,31.49,0.61,1.73,9.42,95.13,263.42,2.33,8.97,98.8,83.71
P009,Very Good,851.88,126.85,35.47,99.42,91.75,0.67,1.52,7.4,92.21,413.04,5.14,3.76,64.86,96.2
P009,Very Good,1322.64,143.12,10.02,67.15,51.55,0.91,1.85,3.23,94.32,213.53,7.93,1.56,87.71,65.38
P009,Very Good,921.93,495.91,10.76,79.54,74.78,4.74,0.74,7.37,99.69,297.34,8.05,3.05,55.91,59.63
P009,Very Good,1026.75,336.52,10.72,78.52,37.18,4.73,1.61,9.87,86.0,495.12,5.8,10.15,53.52,71.51
P009,Very Good,731.94,612.8,19.27,80.96,54.14,5.15,1.73,5.57,67.81,467.78,3.24,3.25,67.95,54.57
P009,Very Good,360.53,199.65,7.38,94.58,8.68,0.04,0.27,2.13,91.1,514.55,9.47,2.84,56.74,77.01
P009,Very Good,542.29,554.83,13.77,107.0,59.61,0.32,1.91,4.58,55.1,535.43,9.34,3.08,77.33,102.68
P009,Very Good,660.15,214.26,6.48,85.42,31.28,3.94,2.02,9.34,82.28,507.0,2.41,3.21,107.96,62.61
P009,Very Good,1029.97,605.36,24.71,92.33,2.15,2.93,0.77,4.22,65.5,458.23,9.64,9.49,68.38,87.33
P009,Very Good,1251.65,176.53,3.61,100.27,55.85,2.76,1.61,8.8,84.19,240.84,9.02,5.09,78.8,79.27
P009,Very Good,1053.64,684.09,9.11,65.69,103.26,0.79,0.13,5.58,61.08,418.97,8.74,9.13,65.04,72.72
P009,Very Good,432.6,194.03,16.75,104.95,2.11,4.22,1.43,6.9,101.05,431.09,10.46,9.8,95.34,62.14
P009,Very Good,1304.49,714.7,20.99,95.97,78.44,4.82,1.44,7.75,63.17,321.65,8.02,5.61,54.86,64.32
P009,Very Good,1338.8,345.48,31.75,108.54,43.07,3.23,1.02,1.28,92.19,318.45,8.99,6.74,66.01,66.05
P009,Very Good,591.12,606.28,17.12,68.93,92.43,1.36,1.14,1.53,97.75,370.9,4.23,10.0,79.75,96.14
P009,Very Good,1379.77,750.81,31.21,71.34,76.4,0.42,0.11,5.0,70.32,227.39,6.2,8.92,91.86,90.62
P009,Very Good,414.2,746.46,39.42,78.55,104.46,2.02,1.2,7.17,90.25,533.3,10.15,4.0,55.31,86.32
P009,Very Good,1026.48,259.5,19.78,79.86,48.07,0.95,0.14,9.71,89.41,271.14,2.9,2.06,73.97,97.22
P009,Very Good,1012.39,399.99,25.92,74.66,71.05,1.3,1.78,7.0,96.21,318.9,6.5,10.51,80.79,59.12
P009,Very Good,644.17,496.35,20.51,73.2,95.24,4.0,0.83,3.4,61.82,216.97,5.66,4.01,67.01,65.53
P009,Very Good,914.68,392.52,23.73,88.93,5.16,5.11,1.2,2.12,100.14,401.02,8.92,8.15,89.77,62.42
P009,Very Good,740.91,642.51,29.95,65.23,43.59,0.57,0.95,7.45,86.14,458.38,9.85,4.7,64.82,92.01
P009,Very Good,517.07,528.84,33.83,96.92,75.92,2.06,1.54,4.3,92.42,496.39,5.92,2.45,74.63,91.26
P009,Very Good,1519.7,289.18,31.42,105.95,102.57,2.17,0.4,5.65,67.09,208.35,2.13,3.0,58.7,82.65
P009,Very Good,995.79,203.83,40.72,90.39,50.98,4.27,1.89,6.33,103.65,303.88,1.84,5.85,77.18,85.75
P009,Very Good,362.11,401.17,39.16,65.06,23.86,0.31,1.46,5.03,87.66,396.16,4.59,9.32,88.44,95.94
P009,Very Good,855.41,323.38,15.84,107.8,84.5,5.43,0.17,5.88,91.78,317.17,6.06,7.88,85.36,90.76
P009,Very Good,382.68,662.22,6.34,96.07,53.26,0.71,0.77,9.29,88.51,285.51,7.44,4.98,100.19,54.17
P009,Very Good,1204.96,539.1,12.57,77.39,19.41,3.39,1.19,7.63,93.69,399.56,1.64,8.85,77.86,55.45
P009,Very Good,655.97,246.57,9.22,78.25,27.56,1.84,1.42,4.69,78.17,461.76,10.79,3.9,95.86,90.26
P009,Very Good,318.59,247.97,39.51,90.44,0.78,0.88,0.42,1.33,53.76,353.56,3.42,5.39,91.01,95.41
P009,Very Good,582.54,397.5,4.28,92.28,26.35,0.37,0.1,9.66,86.75,247.0,4.4,10.06,71.31,75.86
P009,Very Good,1273.68,579.0,40.76,80.51,85.4,2.66,1.77,6.5,103.94,229.35,4.18,10.0,74.25,52.89
P009,Very Good,369.16,573.16,8.72,98.86,6.04,4.37,1.77,8.36,67.62,404.76,9.02,6.07,90.48,89.35
P009,Very Good,1161.26,277.54,4.58,71.01,34.56,3.61,0.89,7.32,57.36,318.87,1.26,2.7,87.25,65.55
P009,Very Good,580.94,300.12,29.65,108.01,45.79,4.3,0.56,3.97,71.0,443.18,6.9,4.82,79.94,75.89
P009,Very Good,422.41,409.78,27.86,96.26,16.47,0.35,2.14,6.88,58.35,339.66,1.09,8.52,58.58,102.15
P009,Very Good,1117.61,521.28,15.02,90.23,57.47,0.87,0.47,3.96,64.8,333.14,4.89,2.79,93.91,77.23
P009,Very Good,405.46,715.54,38.26,81.83,43.04,0.26,1.57,1.98,79.74,209.86,10.39,9.29,82.78,86.11
P009,Very Good,583.56,274.09,33.38,89.24,25.99,4.78,0.12,8.14,90.09,487.33,9.88,3.07,73.76,106.39
P009,Very Good,540.09,226.56,36.93,68.7,86.94,1.52,1.67,2.6,89.38,264.04,7.4,10.15,107.28,86.86
P009,Very Good,1210.06,117.59,5.05,68.52,45.99,2.98,1.66,4.17,84.88,335.01,5.59,2.44,97.5,61.32
P009,Very Good,1445.41,508.44,30.07,101.39,29.53,1.78,1.89,9.31,64.72,374.81,9.68,5.37,104.41,69.14
P009,Very Good,1273.47,499.05,34.85,77.77,17.94,3.12,1.05,5.85,96.4,351.14,1.43,8.1,74.46,73.99
P009,Very Good,1369.49,562.09,24.9,74.04,56.57,0.86,0.67,3.75,66.52,415.79,8.57,9.06,108.8,82.41
P009,Very Good,1042.78,171.09,3.16,65.34,32.79,5.07,0.6,1.45,56.92,233.49,1.99,9.09,96.61,82.97
P009,Very Good,1520.53,407.6,11.89,88.74,83.52,2.31,1.63,7.28,82.24,276.83,3.73,3.89,95.06,98.05
P009,Very Good,1450.82,180.99,33.07,70.67,33.54,0.76,0.04,9.43,52.41,351.02,5.97,9.55,58.96,75.23
P009,Very Good,1244.46,702.22,41.81,90.37,77.5,3.3,0.23,1.52,103.19,433.9,5.18,2.76,72.14,99.77
P009,Very Good,1434.22,626.23,6.8,74.2,70.5,4.6,0.79,7.35,78.51,438.66,8.04,9.75,76.08,57.22
P009,Very Good,1242.43,294.49,34.86,70.3,59.21,3.81,1.79,1.36,86.79,391.49,4.82,9.52,101.24,79.48
P009,Very Good,1434.84,501.16,26.15,92.31,35.58,3.58,0.53,10.45,79.05,262.42,7.06,10.16,108.94,84.73
P009,Very Good,1236.67,542.22,27.94,74.81,31.42,3.56,1.3,4.76,85.88,502.39,4.27,5.65,87.08,93.54
P009,Very Good,1015.36,809.89,28.46,71.19,44.39,4.14,1.98,5.39,98.11,501.93,1.08,5.12,56.11,60.57
P009,Very Good,1331.0,696.07,8.73,101.11,6.53,1.92,1.23,7.83,92.69,488.56,4.14,8.43,59.54,53.82
P009,Very Good,723.25,437.74,2.35,67.39,21.84,2.41,0.53,6.44,82.61,293.47,6.04,5.17,83.74,103.75
P009,Very Good,1214.4,318.87,4.84,89.98,3.82,2.02,0.31,10.07,94.77,281.26,8.4,4.04,96.08,88.9
P009,Very Good,1353.06,496.32,36.54,92.21,75.38,2.39,1.22,2.04,99.88,374.27,7.81,5.91,79.3,75.08
P009,Very Good,1311.97,508.42,27.17,103.15,99.0,2.28,1.71,10.06,106.43,450.41,6.81,6.33,94.13,78.33
P009,Very Good,647.41,688.93,34.99,78.86,106.3,3.17,1.1,3.14,90.3,220.23,8.38,1.41,74.25,83.23
P009,Very Good,690.72,464.25,16.82,73.71,99.13,1.78,1.95,3.45,95.16,308.33,7.12,4.92,101.2,66.84
P009,Very Good,1276.19,268.49,29.53,95.7,84.69,4.65,1.21,1.94,72.0,347.33,8.71,8.72,75.17,95.85
P009,Very Good,503.38,701.72,31.82,87.31,33.24,3.39,1.2,5.49,99.74,270.28,7.0,7.37,99.65,55.87
P009,Very Good,357.42,452.58,15.95,76.24,23.8,0.4,0.55,1.58,75.95,299.11,4.17,8.49,101.17,98.14
P009,Very Good,1499.14,106.3,28.36,92.88,81.79,1.59,0.11,1.91,91.97,371.0,1.05,6.01,62.3,62.21
P009,Very Good,485.55,141.82,10.36,82.44,8.01,1.46,1.93,3.31,72.6,382.99,2.91,5.27,91.59,74.66
P009,Very Good,397.47,806.77,19.0,95.86,71.51,0.22,0.61,9.25,52.11,395.68,7.31,7.75,79.55,95.06
P009,Very Good,856.86,748.18,33.9,73.42,19.94,1.08,0.96,9.73,68.86,421.1,8.43,5.33,100.54,85.28
P009,Very Good,897.2,211.33,7.71,99.63,39.89,2.33,0.6,8.13,75.95,361.79,7.54,8.61,79.73,78.66
P009,Very Good,452.58,298.88,8.98,69.1,60.28,4.3,1.21,7.76,55.76,309.35,6.04,9.72,79.71,59.2
P009,Very Good,788.89,790.41,1.89,78.95,29.79,3.97,1.74,1.48,102.03,291.37,7.37,7.72,58.67,62.97
P009,Very Good,323.25,320.64,3.66,69.1,53.96,1.52,0.43,5.51,81.41,328.02,3.69,9.41,53.27,63.14
P009,Very Good,350.42,782.2,14.62,97.29,63.47,0.99,0.11,3.81,103.14,375.81,2.24,1.32,98.82,90.5
P009,Very Good,1503.26,448.78,20.26,93.7,95.39,0.58,0.36,9.28,79.77,378.24,8.03,9.0,84.5,84.03
P009,Very Good,1086.71,296.55,3.04,80.65,66.25,1.68,1.85,1.23,87.81,483.73,5.27,3.17,56.5,86.05
P009,Very Good,425.81,808.2,39.88,66.54,95.9,3.46,1.17,2.63,67.86,447.45,7.9,10.77,101.82,58.99
P009,Very Good,471.2,303.15,39.14,102.02,21.94,4.53,1.49,1.22,74.03,485.48,7.97,1.5,79.26,70.79
P009,Very Good,863.19,345.67,27.9,74.04,40.42,3.57,0.67,5.47,99.16,397.19,7.64,8.82,84.32,107.42
P009,Very Good,1189.33,382.36,15.94,97.85,63.37,1.94,1.58,3.39,59.88,264.69,1.76,7.87,106.44,62.3
P010,Excellent,1718.61,637.71,12.37,84.06,120.13,1.49,0.23,6.47,67.63,624.61,5.86,8.87,105.11,70.99
P010,Excellent,1456.33,214.21,14.2,98.47,20.26,3.99,0.9,9.22,121.72,515.9,2.66,1.77,71.02,57.52
P010,Excellent,1600.3,585.05,49.13,100.02,53.34,1.59,1.31,8.11,81.15,291.22,9.01,2.02,63.61,72.28
P010,Excellent,1390.17,712.45,14.53,86.16,95.32,4.71,0.43,4.95,113.92,408.1,8.43,8.07,88.73,68.67
P010,Excellent,920.92,641.36,13.62,109.91,11.84,5.57,1.65,10.13,111.78,510.14,5.11,1.52,65.76,84.28
P010,Excellent,653.0,716.54,47.17,90.92,77.44,4.2,1.51,4.42,116.04,253.23,9.35,12.21,89.94,58.56
P010,Excellent,557.44,862.93,19.87,99.12,62.02,5.6,0.39,1.43,119.86,638.25,6.5,7.47,95.88,99.64
P010,Excellent,821.46,405.7,31.73,108.93,72.88,1.17,1.57,2.48,75.67,508.17,5.87,7.81,78.19,68.13
P010,Excellent,631.15,370.5,3.85,83.88,7.83,2.36,0.14,8.92,74.88,566.6,6.16,5.15,74.56,64.34
P010,Excellent,1303.82,830.12,20.48,114.17,3.3,3.74,0.11,5.32,69.62,304.34,4.44,2.92,81.14,76.04
P010,Excellent,1062.92,655.38,33.2,88.1,103.69,1.11,2.14,7.18,121.16,388.97,2.09,12.46,118.21,91.21
P010,Excellent,840.13,562.25,1.98,93.1,50.7,3.97,1.48,1.42,91.82,231.76,12.23,2.06,109.0,61.14
P010,Excellent,1837.69,277.45,45.8,97.02,86.4,4.51,0.23,9.79,62.28,504.42,5.17,7.3,116.87,85.53
P010,Excellent,849.65,402.29,20.99,81.74,3.07,3.21,1.85,11.71,88.36,348.91,8.37,6.75,96.41,95.47
P010,Excellent,1322.23,540.28,40.54,90.19,22.48,1.44,2.02,11.21,91.2,227.89,1.54,9.22,64.64,99.2
P010,Excellent,1301.51,585.68,27.45,75.47,77.58,3.16,0.38,4.02,99.84,599.3,5.41,11.04,111.83,81.12
P010,Excellent,347.31,148.78,24.1,77.11,78.23,2.87,1.07,10.64,79.75,549.33,1.76,8.55,69.54,68.74
P010,Excellent,628.65,320.26,14.87,82.71,122.15,1.8,1.52,1.28,109.33,515.19,3.39,7.58,114.08,63.45
P010,Excellent,1089.38,448.75,33.17,105.84,36.09,5.34,0.87,11.56,83.04,430.35,3.91,4.62,93.95,71.86
P010,Excellent,1412.48,806.82,32.84,99.06,37.77,5.43,1.31,9.69,84.19,507.55,10.17,12.51,68.57,98.26
P010,Excellent,366.99,940.15,10.53,104.71,68.82,5.16,1.87,9.76,78.25,266.36,10.59,2.69,86.18,117.97
P010,Excellent,1643.56,476.46,20.15,127.35,66.25,0.04,1.79,3.27,70.01,638.6,9.16,2.17,84.79,74.27
P010,Excellent,870.24,463.24,19.79,115.74,12.14,5.99,0.69,3.68,106.7,539.89,3.34,5.46,118.74,59.81
P010,Excellent,1104.56,477.43,23.13,117.11,9.39,1.9,0.46,5.15,113.18,557.91,10.46,11.34,110.49,112.71
P010,Excellent,480.85,480.25,21.47,100.74,31.38,5.34,1.45,1.75,65.2,470.84,6.03,1.36,123.36,93.2
P010,Excellent,475.1,635.26,43.17,70.95,65.79,5.01,2.4,10.65,90.62,299.85,10.15,7.42,91.73,92.98
P010,Excellent,977.49,749.24,34.92,98.48,3.98,3.97,1.12,3.72,116.67,570.15,8.73,4.37,76.72,113.61
P010,Excellent,1533.92,170.62,20.51,111.69,28.62,1.52,2.18,3.43,82.94,312.59,11.77,2.98,113.8,101.42
P010,Excellent,871.09,218.96,1.7,75.2,41.48,4.11,0.77,5.32,123.86,382.89,4.79,6.83,111.85,82.64
P010,Excellent,541.47,697.07,25.36,79.09,74.7,1.86,1.01,2.51,86.36,357.38,8.07,8.81,124.67,99.84
P010,Excellent,840.02,784.7,8.99,118.54,31.13,1.51,2.24,11.63,88.26,333.36,4.34,2.97,86.61,105.52
P010,Excellent,1408.75,783.73,11.83,77.7,47.39,1.04,1.43,6.64,101.57,516.26,5.27,10.33,73.85,99.6
P010,Excellent,378.45,959.55,44.13,101.87,34.39,2.74,1.23,10.83,120.88,576.53,9.11,8.81,82.48,68.42
P010,Excellent,1697.67,175.86,47.45,100.69,42.34,0.43,2.32,4.05,77.18,478.84,10.47,8.46,71.2,103.32
P010,Excellent,515.18,397.78,37.45,101.0,106.02,0.23,1.18,10.14,79.28,306.64,4.41,5.88,69.75,63.27
P010,Excellent,1732.24,529.87,33.16,92.4,45.82,3.1,2.06,12.14,71.48,491.31,5.93,12.15,84.13,108.2
P010,Excellent,947.17,702.11,38.57,97.58,18.47,0.01,0.95,4.45,81.43,383.61,3.78,4.76,99.16,93.52
P010,Excellent,611.44,584.65,17.02,82.41,87.94,4.35,1.63,10.16,102.75,493.08,11.58,9.32,78.38,70.22
P010,Excellent,541.03,782.57,39.56,111.97,11.5,4.15,2.0,6.18,95.08,450.9,7.71,2.38,113.16,81.55
P010,Excellent,1184.0,805.84,29.22,101.45,20.54,0.86,1.17,2.5,77.19,495.13,9.25,3.07,88.03,66.08
P010,Excellent,1103.09,581.7,28.31,114.96,33.36,0.82,0.82,1.76,90.32,464.73,11.18,6.68,92.1,72.26
P010,Excellent,668.47,196.2,12.11,109.08,107.83,4.89,2.14,8.59,93.2,492.16,11.41,5.32,93.09,105.09
P010,Excellent,1132.62,436.09,11.91,114.5,85.72,3.75,1.22,6.55,71.07,346.38,4.02,4.86,92.51,77.01
P010,Excellent,1357.08,860.2,17.59,89.49,53.95,0.27,2.4,5.94,115.7,556.32,3.49,7.08,71.14,80.61
P010,Excellent,1347.32,716.84,34.81,99.74,98.7,4.06,0.33,7.82,77.68,238.7,5.05,7.51,77.35,66.66
P010,Excellent,1082.6,864.33,17.18,113.33,95.83,5.22,0.55,9.13,68.88,357.59,3.17,8.61,112.81,102.12
P010,Excellent,731.37,804.67,41.02,86.6,61.58,0.23,2.07,7.18,83.29,404.22,9.4,4.76,101.11,99.76
P010,Excellent,799.29,710.61,21.04,101.44,1.13,1.02,0.73,4.89,99.71,278.18,1.88,3.2,114.02,89.87
P010,Excellent,723.8,873.52,5.6,82.35,61.52,0.93,0.35,1.97,74.88,492.08,9.68,1.83,92.35,123.46
P010,Excellent,1466.33,559.15,26.58,98.97,94.71,2.51,0.78,7.21,96.38,411.74,10.92,1.64,97.69,113.89
P010,Excellent,352.23,813.79,23.3,96.24,77.14,5.88,1.04,1.85,85.07,302.0,2.16,3.95,100.4,99.68
P010,Excellent,352.9,903.6,37.48,116.05,68.71,5.01,1.48,5.41,92.59,346.01,7.82,3.28,70.71,101.75
P010,Excellent,1558.35,328.82,9.66,104.83,102.19,4.22,0.42,8.98,91.25,514.98,3.19,7.23,113.49,64.54
P010,Excellent,1533.52,861.38,13.54,97.91,93.67,0.01,1.01,3.9,112.3,387.52,7.83,9.98,109.51,100.41
P010,Excellent,440.62,230.88,24.86,73.8,74.75,1.74,0.45,10.01,84.73,242.02,11.37,7.96,95.22,68.74
P010,Excellent,810.11,519.85,10.11,92.6,68.09,1.3,0.9,1.62,84.7,454.74,10.29,9.45,127.26,71.89
P010,Excellent,1409.04,947.22,39.91,73.86,10.66,4.0,1.82,8.35,72.87,433.0,7.38,4.47,101.3,101.9
P010,Excellent,569.52,727.8,8.55,76.77,50.74,1.71,0.94,10.19,120.02,402.45,4.83,9.08,90.31,92.21
P010,Excellent,561.05,708.07,22.8,84.83,64.49,4.35,0.41,10.97,110.85,507.59,9.84,6.84,119.09,106.1
P010,Excellent,445.05,581.94,19.05,92.93,43.57,1.09,1.35,9.26,103.67,295.69,8.96,5.73,84.9,115.93
P010,Excellent,820.6,803.57,2.44,83.98,97.13,4.69,1.53,4.89,101.53,274.04,12.24,8.73,94.52,94.3
P010,Excellent,1717.77,944.65,39.88,95.33,9.42,5.56,0.55,8.06,117.91,369.34,9.76,4.59,97.79,72.06
P010,Excellent,1602.8,773.33,32.17,89.71,35.21,5.97,1.8,12.18,84.23,591.55,9.42,3.21,76.12,73.71
P010,Excellent,455.27,354.21,39.62,124.8,52.87,1.75,0.65,1.7,106.28,555.03,4.98,4.02,89.36,68.18
P010,Excellent,1793.71,772.45,33.16,122.79,33.24,3.46,0.56,9.7,73.56,558.23,6.84,7.55,107.26,71.3
P010,Excellent,618.12,659.48,45.82,76.41,119.93,3.62,0.52,6.94,101.55,238.79,10.65,9.44,112.45,87.12
P010,Excellent,628.18,507.58,45.21,80.41,35.25,4.96,0.24,5.04,71.48,348.32,6.89,8.98,64.14,84.13
P010,Excellent,814.35,251.08,37.69,72.82,85.29,0.75,0.92,8.87,94.0,403.26,11.2,5.45,69.22,87.72
P010,Excellent,502.0,124.04,30.45,81.68,36.51,3.04,0.81,11.23,69.65,450.29,3.26,3.26,65.82,73.11
P010,Excellent,846.52,523.48,35.63,92.84,65.1,5.0,2.46,11.83,71.04,550.57,4.46,11.1,63.29,89.43
P010,Excellent,1683.92,730.17,7.72,112.81,54.76,3.94,0.96,6.7,108.39,506.15,2.66,5.41,85.68,72.88
P010,Excellent,506.91,215.65,6.97,117.68,113.51,5.11,1.12,4.78,119.19,437.06,11.83,9.67,58.9,98.94
P010,Excellent,361.96,375.07,4.26,80.75,106.63,2.7,2.24,8.96,74.02,476.16,4.34,4.28,82.66,74.49
P010,Excellent,683.56,426.5,49.16,111.55,111.21,2.38,2.34,8.28,99.1,271.45,12.57,3.42,79.37,79.71
P010,Excellent,1630.73,170.45,12.82,90.66,113.06,3.45,1.76,10.71,108.79,302.84,5.47,8.9,96.25,117.47
P010,Excellent,1555.01,718.77,6.76,71.31,117.36,5.23,0.93,10.7,90.2,324.37,7.64,8.29,119.3,110.4
P010,Excellent,1645.16,215.93,12.36,116.71,115.78,4.32,1.69,10.43,94.04,533.73,7.12,4.56,97.62,108.06
P010,Excellent,442.35,694.42,16.12,70.65,93.42,6.25,1.56,4.36,100.38,633.64,12.04,8.1,68.53,76.21
P010,Excellent,1660.97,185.05,39.97,111.08,21.53,3.42,1.05,12.02,108.24,545.07,6.65,9.52,59.83,61.61
P010,Excellent,1242.96,307.72,7.56,103.89,15.2,3.28,0.75,2.71,61.84,490.17,8.12,4.92,88.24,109.06
P010,Excellent,697.11,601.4,11.57,90.66,35.46,4.98,2.19,6.41,58.23,269.86,5.25,8.87,104.91,64.6
P010,Excellent,1463.9,574.31,44.69,96.84,117.2,0.03,0.81,6.13,92.32,483.71,5.27,1.18,123.73,75.25
P010,Excellent,1642.22,522.14,32.37,114.51,78.86,0.38,2.22,5.36,122.51,468.55,9.01,11.03,89.66,102.04
P010,Excellent,754.56,494.67,15.67,107.36,35.23,5.91,1.96,7.22,113.16,346.95,8.64,6.69,90.48,69.41
P010,Excellent,610.63,402.69,23.86,106.83,18.31,2.54,2.22,7.92,69.23,398.7,1.39,6.35,59.38,75.45
P010,Excellent,1706.12,795.75,16.81,101.3,39.06,3.98,0.44,5.35,97.7,362.74,5.02,7.74,96.2,77.37
P010,Excellent,898.72,335.84,42.27,67.6,15.65,4.34,1.45,4.2,72.66,474.99,2.92,3.76,117.07,103.06
P010,Excellent,1850.56,590.58,40.71,110.1,77.9,6.02,1.92,9.22,99.82,275.2,6.89,4.37,77.95,119.27
P010,Excellent,422.43,591.21,20.01,103.75,109.05,2.24,1.13,5.47,57.75,289.37,8.98,5.97,76.4,101.25
P010,Excellent,1114.34,911.0,24.86,114.29,76.15,5.65,2.2,7.44,101.25,375.8,5.78,4.29,63.22,63.25
P010,Excellent,407.22,643.08,30.52,102.88,29.34,2.32,2.28,9.26,72.77,349.44,3.21,9.72,107.88,65.96
P010,Excellent,742.6,797.31,47.16,114.04,92.83,3.68,0.29,6.41,118.04,355.32,5.51,2.32,78.31,69.99
P010,Excellent,1242.34,790.41,4.47,84.39,51.16,1.41,2.47,12.07,71.02,275.47,3.37,2.47,59.37,84.34
P010,Excellent,1924.09,300.13,33.09,114.67,20.52,2.32,0.89,9.65,80.49,397.19,12.88,8.18,66.47,110.13
P010,Excellent,389.28,191.54,40.73,78.37,89.3,2.58,1.12,2.46,112.34,529.32,1.79,10.86,76.07,89.16
P010,Excellent,1289.38,738.63,10.72,113.67,78.13,3.93,1.7,7.73,63.22,282.74,4.94,11.17,78.02,95.03
P010,Excellent,1776.41,573.08,27.67,97.55,52.41,1.53,1.82,5.07,119.61,509.58,11.81,4.48,92.76,100.41
P010,Excellent,1251.98,875.02,41.24,106.5,29.28,1.43,0.75,2.65,87.17,557.68,3.69,2.83,86.17,66.97
P010,Excellent,1492.63,952.71,44.04,89.78,2.72,4.45,0.4,11.68,100.64,589.17,4.89,11.33,71.2,99.55
P010,Excellent,1006.36,366.35,23.12,79.47,53.98,1.29,1.8,2.81,83.02,404.34,6.9,4.48,115.93,87.7
P011,Very Good,993.74,634.13,14.79,91.04,55.73,4.64,0.24,9.39,71.27,255.2,5.36,2.26,99.96,56.06
P011,Very Good,933.01,535.06,24.66,77.1,40.45,0.78,1.79,9.97,92.23,228.88,3.79,4.32,63.34,54.69
P011,Very Good,552.42,724.22,34.45,104.69,33.79,2.01,1.04,1.37,108.66,434.87,9.79,7.67,88.71,99.81
P011,Very Good,1481.54,595.42,1.51,96.44,2.91,4.61,0.47,3.94,101.02,296.38,8.96,1.78,91.82,71.44
P011,Very Good,1206.24,803.78,26.48,99.44,92.32,0.92,0.53,9.98,84.67,490.1,2.08,5.5,91.08,101.56
P011,Very Good,1610.0,238.32,18.23,88.02,88.82,4.81,0.02,1.93,87.35,463.53,1.4,5.51,67.12,72.06
P011,Very Good,332.06,740.93,37.51,100.83,28.24,2.11,1.3,9.35,79.76,356.26,4.02,9.74,94.46,99.49
P011,Very Good,1081.91,683.11,17.7,77.42,39.21,0.54,1.75,6.29,59.39,291.19,10.76,6.12,102.65,87.08
P011,Very Good,1223.36,610.83,33.87,90.73,90.16,2.18,1.31,3.32,54.41,426.57,8.2,9.58,90.81,77.87
P011,Very Good,962.29,557.92,18.48,87.83,57.72,2.95,1.57,2.17,63.59,358.22,9.09,2.78,87.0,64.23
P011,Very Good,851.15,294.68,21.5,71.5,74.62,0.17,1.62,5.07,69.01,260.84,9.5,2.68,58.14,79.6
P011,Very Good,568.22,643.43,29.31,66.1,8.13,3.04,1.72,10.36,69.31,229.54,1.11,9.97,90.76,67.55
P011,Very Good,680.07,295.46,28.09,66.57,54.03,4.77,1.02,8.38,53.82,221.95,3.53,7.26,73.39,87.81
P011,Very Good,916.12,363.06,10.41,76.06,32.09,3.14,1.22,3.98,85.02,295.3,10.02,1.84,74.18,77.84
P011,Very Good,314.68,258.37,7.86,73.66,83.23,4.49,1.19,8.61,53.0,476.37,4.1,8.56,83.84,78.06
P011,Very Good,812.87,641.06,33.16,93.81,27.13,2.06,0.61,9.13,71.91,391.24,8.77,4.04,73.21,56.47
P011,Very Good,1632.7,772.19,38.91,67.71,5.08,4.24,0.74,1.52,55.57,334.63,2.86,4.81,84.77,57.6
P011,Very Good,1032.51,767.1,10.37,93.75,71.64,3.17,0.8,8.96,65.89,453.33,5.63,3.04,73.91,73.14
P011,Very Good,600.8,414.22,10.71,105.95,63.54,2.19,1.76,9.26,84.97,397.11,10.24,2.99,89.8,56.59
P011,Very Good,489.09,415.23,24.35,97.48,36.47,0.63,0.76,9.44,103.4,245.24,1.86,5.46,89.73,88.66
P011,Very Good,1505.27,574.24,35.42,99.17,30.5,0.41,0.6,1.59,65.36,231.95,2.05,9.7,100.22,80.74
P011,Very Good,772.43,444.11,16.47,72.21,65.53,0.12,1.43,7.48,91.23,375.47,2.67,8.08,70.62,67.21
P011,Very Good,775.54,531.61,3.53,78.28,22.64,4.37,1.46,10.32,80.08,362.45,9.91,8.61,56.92,63.22
P011,Very Good,1132.53,755.48,4.44,94.43,28.95,2.27,0.02,6.39,86.42,377.1,6.23,7.16,64.09,77.17
P011,Very Good,884.45,145.18,25.41,85.32,78.78,0.47,0.35,6.47,104.21,353.11,1.72,4.01,69.74,55.98
P011,Very Good,1109.53,661.84,32.68,77.68,99.5,1.18,0.88,7.58,85.18,323.73,4.06,8.95,56.97,82.64
P011,Very Good,1046.72,299.01,9.87,90.98,8.36,2.14,1.96,4.51,74.95,424.53,7.57,3.76,57.87,56.55
P011,Very Good,590.88,644.97,37.87,92.89,0.17,4.54,1.44,7.44,84.1,292.95,10.06,6.6,95.12,96.93
P011,Very Good,419.41,788.37,18.55,76.97,69.51,2.15,1.15,7.63,78.97,434.01,9.51,7.32,77.89,67.63
P011,Very Good,759.18,611.4,13.19,84.24,55.96,0.13,1.55,8.68,106.69,491.39,2.58,2.18,90.24,69.62
P011,Very Good,378.65,751.81,3.33,75.3,85.48,2.81,0.87,10.04,87.96,456.49,7.44,2.32,97.75,90.81
P011,Very Good,723.23,237.99,24.29,92.61,3.46,1.2,1.56,4.69,78.38,209.2,8.49,6.4,102.84,88.63
P011,Very Good,1375.04,562.78,6.58,63.94,92.38,2.99,1.14,5.43,71.24,337.19,4.49,6.0,82.32,55.96
P011,Very Good,836.29,201.74,25.87,99.01,79.57,0.91,1.2,9.52,73.77,500.94,1.74,9.07,103.65,55.31
P011,Very Good,722.01,446.93,26.37,77.28,84.37,2.49,1.79,6.35,54.46,391.12,6.41,9.42,51.86,90.92
P011,Very Good,1016.79,227.62,11.1,94.85,63.78,1.65,0.76,7.96,83.98,497.68,4.1,6.77,102.63,87.97
P011,Very Good,406.15,315.85,39.71,102.84,83.01,2.31,2.11,3.35,78.58,484.01,8.04,6.13,99.74,54.57
P011,Very Good,359.82,239.06,16.16,83.0,33.45,4.22,0.67,1.82,68.93,400.56,2.48,6.25,60.66,72.71
P011,Very Good,1359.69,338.55,29.07,74.71,32.83,1.84,1.47,3.8,68.38,325.42,1.51,8.68,59.99,72.38
P011,Very Good,1545.79,605.1,12.87,103.78,45.65,1.13,1.73,4.57,58.58,247.16,1.5,8.71,81.71,66.49
P011,Very Good,654.53,191.83,38.06,77.21,37.81,4.65,0.19,5.42,78.19,332.62,4.54,4.94,74.62,71.27
P011,Very Good,1305.71,744.95,33.16,80.39,29.1,3.27,1.3,1.42,59.64,376.91,3.74,9.35,85.05,88.64
P011,Very Good,1172.36,784.75,2.31,97.76,104.78,2.69,0.01,9.7,87.88,404.88,1.85,4.75,76.07,85.58
P011,Very Good,993.61,368.36,3.71,66.31,28.17,0.07,1.59,9.06,87.19,286.31,2.67,9.18,68.31,79.76
P011,Very Good,1364.66,765.27,38.37,65.49,97.91,3.12,0.73,6.03,67.29,515.28,7.7,2.39,91.11,73.05
P011,Very Good,948.4,356.95,17.47,107.54,101.67,4.39,1.52,8.38,68.75,445.41,7.19,7.02,96.39,101.84
P011,Very Good,856.6,357.67,35.16,81.33,6.39,4.61,0.33,9.74,99.12,510.59,9.04,8.1,82.35,95.85
P011,Very Good,1230.8,596.91,14.8,91.86,82.1,2.85,0.96,4.64,103.89,257.21,6.32,7.23,87.79,75.61
P011,Very Good,1077.7,353.82,8.24,83.76,69.87,2.05,1.49,2.72,53.03,377.18,3.16,5.13,96.25,74.35
P011,Very Good,1038.83,431.61,31.33,92.54,29.54,0.08,1.44,4.83,69.01,381.28,3.93,8.68,80.87,70.13
P011,Very Good,900.23,555.72,27.3,62.4,98.96,0.49,0.33,3.38,60.22,293.36,4.94,2.05,99.27,89.18
P011,Very Good,1203.64,213.79,6.25,62.65,35.4,2.92,0.36,9.89,93.86,346.38,8.73,4.05,82.01,55.34
P011,Very Good,886.43,645.79,23.83,85.99,82.06,4.6,1.7,8.72,101.2,398.55,8.26,1.18,77.63,70.09
P011,Very Good,647.94,319.98,23.37,102.63,13.26,3.65,1.96,6.25,82.29,519.24,8.56,4.27,102.53,59.75
P011,Very Good,785.18,790.05,27.53,85.85,45.68,3.31,0.67,5.57,69.6,446.77,7.79,8.95,101.59,81.94
P011,Very Good,760.38,337.19,28.35,73.93,97.99,4.46,1.34,4.53,56.96,466.95,7.33,9.05,93.88,89.17
P011,Very Good,375.31,414.69,5.33,107.75,50.07,0.03,1.8,9.25,57.65,460.85,2.47,10.01,55.24,95.42
P011,Very Good,1484.2,149.48,27.69,104.04,55.85,0.81,1.18,3.79,93.44,404.69,7.72,2.32,67.83,78.41
P011,Very Good,1239.03,659.75,9.56,86.29,60.88,4.64,0.57,9.87,89.96,428.12,2.78,4.62,90.58,52.17
P011,Very Good,1294.87,622.49,26.2,94.03,66.35,4.98,0.45,6.41,60.38,520.8,5.0,3.85,72.98,91.48
P011,Very Good,1144.87,591.72,26.85,91.68,3.3,3.15,0.88,5.49,81.99,404.02,8.06,6.63,81.78,87.95
P011,Very Good,599.3,422.4,34.81,65.79,17.29,2.94,1.96,6.48,82.97,494.89,4.59,9.34,105.77,86.75
P011,Very Good,686.69,214.39,4.01,101.34,17.12,4.27,0.57,4.58,90.32,415.91,3.75,5.14,97.08,106.56
P011,Very Good,449.38,335.92,6.37,97.16,42.93,4.59,0.35,8.73,61.02,354.93,4.88,2.21,70.16,74.3
P011,Very Good,1278.15,677.28,10.52,96.01,15.08,2.07,2.12,9.21,104.86,472.12,2.66,5.9,68.97,63.37
P011,Very Good,1083.04,632.97,4.19,78.21,18.95,4.87,1.22,2.56,76.16,501.88,9.55,5.66,91.53,56.07
P011,Very Good,733.44,285.02,1.57,92.44,18.15,2.73,0.95,5.49,55.73,409.56,5.75,4.49,52.94,94.25
P011,Very Good,1138.72,822.27,8.68,83.04,70.83,2.68,1.8,7.18,86.6,530.26,5.26,4.71,88.79,99.47
P011,Very Good,1401.27,717.68,20.56,88.84,56.3,3.94,1.73,10.08,66.91,330.49,7.97,9.59,85.38,61.8
P011,Very Good,707.23,157.2,26.79,88.59,15.54,2.18,1.38,1.61,86.76,292.74,4.6,1.67,81.79,84.78
P011,Very Good,355.64,338.64,8.42,94.42,86.14,2.7,0.89,8.35,70.68,368.28,10.41,1.37,94.05,81.79
P011,Very Good,450.85,267.71,13.49,93.94,6.84,0.69,1.7,1.65,85.23,335.98,7.88,10.6,54.95,81.8
P011,Very Good,1519.17,741.82,31.67,90.11,99.6,0.81,0.24,5.65,81.36,312.51,2.02,7.36,76.63,70.31
P011,Very Good,845.48,582.98,38.18,68.61,50.32,3.18,1.95,10.23,94.93,458.02,7.85,4.32,75.14,56.76
P011,Very Good,1429.37,745.38,39.73,90.47,35.12,3.84,0.97,9.25,53.98,274.16,5.08,2.51,69.14,64.6
P011,Very Good,779.38,335.04,24.89,69.94,18.83,0.91,0.95,8.07,79.49,329.81,10.56,5.38,88.82,93.89
P011,Very Good,1349.74,114.8,18.74,80.84,65.78,0.89,0.5,3.96,52.75,385.99,3.04,1.26,83.4,84.88
P011,Very Good,1372.31,198.89,10.65,70.61,55.59,0.03,1.1,10.69,82.8,237.53,7.51,3.1,73.82,101.94
P011,Very Good,1410.91,814.26,1.87,68.21,45.62,1.28,0.56,4.01,53.97,220.8,5.25,4.25,52.08,85.29
P011,Very Good,988.89,224.42,11.82,90.8,58.05,2.78,1.19,3.84,50.94,339.89,3.68,6.25,79.34,65.88
P011,Very Good,500.96,351.04,39.07,102.26,45.28,3.59,1.02,8.36,106.79,345.67,9.01,1.2,100.97,94.58
P011,Very Good,568.65,651.94,16.41,81.94,71.71,0.75,1.24,9.49,57.62,343.44,1.29,6.04,99.95,94.04
P011,Very Good,993.23,499.85,19.51,85.64,18.86,1.38,0.98,1.89,59.49,500.61,7.83,10.19,101.96,83.6
P011,Very Good,867.25,522.65,34.91,63.13,23.66,3.11,0.05,8.17,96.0,248.83,10.09,7.77,90.62,95.31
P011,Very Good,1236.2,453.92,28.72,105.15,90.12,1.9,0.67,6.89,100.81,482.05,9.12,7.75,93.5,90.5
P011,Very Good,492.08,389.57,23.4,90.99,37.16,4.18,1.09,2.82,88.13,349.12,2.11,7.62,64.11,105.84
P011,Very Good,898.65,826.5,7.92,94.82,34.02,5.12,0.27,5.39,94.22,513.41,3.45,4.3,67.15,55.47
P011,Very Good,1296.78,147.38,9.65,92.54,37.52,3.24,0.5,4.41,62.81,381.37,8.59,9.63,52.6,78.31
P011,Very Good,432.41,651.05,25.35,80.64,104.15,1.76,1.96,8.64,77.58,255.81,1.41,1.54,96.33,63.61
P011,Very Good,961.07,788.79,7.31,65.1,95.19,4.53,0.43,4.62,84.39,408.59,9.41,8.63,93.64,54.43
P011,Very Good,1561.06,718.12,26.71,81.02,8.24,2.54,1.99,9.06,91.62,367.69,2.64,1.44,83.38,92.59
P011,Very Good,1264.47,499.26,23.27,103.97,74.7,4.99,0.58,8.29,85.06,305.9,3.47,8.96,59.28,93.23
P011,Very Good,779.25,512.81,9.43,75.78,75.87,1.39,0.16,8.69,74.21,321.76,9.82,4.35,59.61,100.13
P011,Very Good,1513.91,845.25,5.55,70.48,53.58,4.13,1.81,5.13,93.19,502.54,4.68,1.87,93.1,106.46
P011,Very Good,739.4,203.63,21.48,73.11,80.2,4.48,1.33,6.14,53.32,397.64,2.59,7.93,72.57,84.88
P011,Very Good,1358.08,390.92,36.61,95.94,54.41,5.37,0.52,3.67,75.64,238.7,5.99,3.21,68.88,89.39
P011,Very Good,581.46,171.39,22.33,101.36,1.64,4.34,1.93,8.65,88.25,320.93,1.96,9.14,74.13,98.13
P011,Very Good,1352.84,806.9,15.49,67.0,86.0,2.25,1.03,4.63,60.97,494.21,1.58,2.0,68.04,96.76
P011,Very Good,763.93,210.67,10.35,79.75,21.08,0.5,0.54,1.32,67.45,298.86,7.42,5.44,89.74,61.26
P011,Very Good,448.41,574.11,7.34,78.25,51.36,2.46,0.92,3.44,68.28,358.04,1.55,9.6,62.93,65.56
P012,Very Good,694.37,103.37,9.81,69.83,25.86,1.45,0.12,5.64,67.17,457.27,6.13,1.43,89.36,97.23
P012,Very Good,388.06,427.62,23.55,74.1,105.48,3.35,1.42,4.96,69.18,429.2,3.44,2.66,87.25,78.57
P012,Very Good,1077.93,472.09,41.56,65.44,68.37,0.31,0.73,6.24,70.94,380.59,9.71,10.32,96.51,102.72
P012,Very Good,1062.58,709.0,11.63,63.65,85.21,2.88,1.77,2.94,58.94,229.21,9.77,4.56,73.35,92.62
P012,Very Good,1432.27,596.22,13.99,98.05,26.36,0.63,0.1,4.39,98.05,208.08,4.3,5.77,72.15,75.47
P012,Very Good,1139.34,300.76,4.07,87.17,103.8,3.65,0.61,6.39,87.72,223.55,2.15,8.07,66.76,73.37
P012,Very Good,1520.33,813.86,15.62,92.92,52.7,1.94,0.6,10.17,76.97,270.82,7.63,8.36,63.75,74.43
P012,Very Good,899.63,687.04,29.64,92.53,84.72,1.81,1.72,10.26,89.54,420.11,2.38,5.77,75.53,67.98
P012,Very Good,1193.86,339.93,9.67,78.17,35.8,2.69,1.7,8.25,96.28,233.53,8.06,2.02,93.16,86.04
P012,Very Good,1359.95,442.38,6.97,65.55,61.33,2.24,0.64,4.0,78.78,486.96,2.59,2.32,99.65,89.22
P012,Very Good,816.72,160.24,20.29,103.06,59.43,1.72,0.03,7.73,94.32,506.33,7.67,7.97,82.58,99.04
P012,Very Good,1376.52,426.08,30.97,75.13,69.21,1.87,1.21,7.77,74.66,397.53,10.04,1.76,90.4,77.84
P012,Very Good,325.53,615.45,35.35,79.77,80.59,1.69,1.61,1.91,101.8,312.33,2.45,4.96,89.65,97.72
P012,Very Good,459.32,786.53,19.5,98.16,3.88,4.33,0.07,7.41,80.57,275.34,4.26,8.2,60.45,65.39
P012,Very Good,1059.33,474.17,10.34,79.77,40.96,0.89,1.47,8.76,60.41,438.71,6.18,8.42,54.21,69.61
P012,Very Good,1387.76,122.72,26.83,94.1,45.69,4.13,0.1,8.23,79.69,243.85,2.95,7.05,89.12,52.95
P012,Very Good,1358.1,326.89,25.78,105.12,43.45,4.58,1.72,5.92,64.31,425.07,3.05,7.66,92.62,92.33
P012,Very Good,1458.95,126.2,8.82,93.97,9.11,4.83,0.26,3.49,59.62,410.46,8.99,3.56,56.3,70.17
P012,Very Good,729.03,556.31,18.69,80.03,30.86,4.48,1.69,7.49,54.95,392.18,4.89,6.87,70.52,95.25
P012,Very Good,1225.2,679.18,11.95,79.32,90.45,0.39,1.16,2.67,68.53,341.98,1.76,1.18,69.34,67.8
P012,Very Good,890.94,731.11,1.52,95.85,37.76,2.72,1.73,1.93,104.27,461.15,1.24,4.18,75.83,77.56
P012,Very Good,938.58,252.23,2.5,68.25,61.27,1.48,1.51,2.15,100.29,209.07,8.58,4.5,77.39,70.49
P012,Very Good,405.13,577.22,22.66,101.18,41.61,4.24,1.37,4.58,101.59,228.08,5.89,9.16,68.57,70.76
P012,Very Good,389.83,573.29,27.8,106.15,42.76,1.65,1.83,6.24,83.84,479.58,5.84,1.18,56.56,56.52
P012,Very Good,923.39,749.45,39.16,104.15,67.26,3.28,0.02,10.33,103.86,316.6,10.38,2.92,59.34,55.79
P012,Very Good,413.97,498.74,33.96,78.69,96.36,1.33,0.61,8.72,80.97,270.15,7.06,2.2,97.8,58.89
P012,Very Good,664.37,735.79,25.03,69.01,14.75,0.73,0.89,6.38,54.16,269.69,6.39,3.14,70.47,97.11
P012,Very Good,1238.38,243.8,33.21,86.48,40.11,3.67,0.03,5.36,59.14,439.88,10.07,10.11,58.15,87.12
P012,Very Good,1275.75,222.86,1.02,98.77,25.95,1.02,0.45,2.85,72.45,367.81,10.52,9.9,85.32,89.71
P012,Very Good,476.99,442.91,40.47,97.66,79.86,2.93,1.4,6.28,65.52,222.92,7.95,4.44,72.04,92.89
P012,Very Good,1467.38,568.45,29.97,91.9,99.18,0.68,0.77,9.84,100.05,416.8,2.08,2.05,100.09,61.15
P012,Very Good,1332.77,798.05,30.02,63.38,23.28,2.37,1.71,6.4,72.16,377.17,5.75,3.12,62.2,85.84
P012,Very Good,583.8,696.11,36.55,87.94,107.06,5.44,1.28,7.47,56.54,454.95,4.51,10.1,79.7,100.18
P012,Very Good,435.97,401.3,22.29,65.33,97.6,1.63,1.05,6.82,88.69,219.59,7.62,3.55,60.66,92.25
P012,Very Good,421.73,277.37,15.21,96.12,31.83,0.09,0.21,6.09,101.98,242.23,2.37,5.52,99.22,56.94
P012,Very Good,641.28,320.01,1.45,78.96,60.05,2.0,1.08,2.41,70.06,277.44,7.94,5.52,100.19,83.04
P012,Very Good,1011.29,159.71,19.59,72.68,0.59,3.03,0.36,6.29,98.2,253.83,7.8,3.58,84.03,83.9
P012,Very Good,1137.18,267.68,35.84,66.84,50.04,4.17,0.96,6.78,93.22,373.27,7.02,9.41,97.05,90.59
P012,Very Good,1567.26,135.3,3.47,71.14,82.08,3.98,1.67,5.38,102.7,278.4,7.2,6.12,90.83,68.27
P012,Very Good,1459.35,627.68,19.32,69.67,101.21,0.05,1.94,8.93,88.53,325.07,8.43,8.59,70.83,62.35
P012,Very Good,1514.78,311.12,25.79,83.77,37.03,2.95,1.96,1.87,85.56,394.13,10.32,2.72,83.46,99.83
P012,Very Good,836.12,502.24,28.55,76.38,54.99,0.46,0.74,10.19,80.0,453.57,6.94,2.09,95.9,93.01
P012,Very Good,1345.16,594.57,5.94,98.0,62.53,4.72,0.25,4.13,85.4,371.7,3.45,3.92,80.1,97.93
P012,Very Good,839.35,421.08,9.07,80.05,55.52,3.25,1.47,7.34,61.18,290.38,1.92,4.54,73.36,83.36
P012,Very Good,712.71,402.89,34.32,78.64,50.11,0.53,0.07,2.95,53.97,488.95,8.9,5.69,66.01,56.64
P012,Very Good,1395.24,512.59,29.32,69.26,64.12,2.2,1.8,1.1,86.01,328.14,4.05,2.24,99.57,78.38
P012,Very Good,627.3,266.22,27.66,94.76,4.77,1.99,1.14,6.37,67.48,404.84,4.04,4.64,87.43,81.59
P012,Very Good,1315.26,704.72,24.61,90.64,39.44,4.28,1.46,1.32,55.2,536.87,5.58,2.19,67.98,85.84
P012,Very Good,1592.92,770.49,31.0,83.31,11.68,3.3,0.93,1.56,88.76,301.53,5.06,4.88,62.62,59.43
P012,Very Good,1155.09,443.92,31.99,97.63,76.19,3.37,1.36,4.62,86.78,510.41,7.32,9.74,68.46,83.8
P012,Very Good,1236.9,407.3,4.45,89.81,7.39,0.28,1.99,8.07,74.41,351.29,8.34,9.67,74.39,85.94
P012,Very Good,1439.97,233.27,27.83,89.82,41.73,3.17,1.47,3.35,53.15,277.39,5.92,8.45,65.64,57.85
P012,Very Good,1003.55,133.01,36.92,97.09,10.97,0.95,0.35,2.52,78.78,481.32,7.0,1.5,79.27,86.09
P012,Very Good,1221.05,369.95,27.07,98.36,67.11,4.69,1.27,3.55,79.01,357.14,6.79,9.34,103.12,62.34
P012,Very Good,737.98,625.18,40.18,99.92,92.78,2.99,1.35,3.55,89.48,315.59,1.31,4.1,86.57,100.59
P012,Very Good,1474.59,348.59,30.11,81.84,12.31,3.56,1.46,3.7,93.77,377.94,2.37,3.45,83.96,88.84
P012,Very Good,620.58,284.14,7.8,87.44,7.17,1.76,0.36,3.63,72.3,244.81,6.43,8.75,62.62,53.89
P012,Very Good,1204.87,183.69,37.35,74.93,103.2,2.56,0.36,9.03,88.26,497.79,9.0,4.97,95.0,97.19
P012,Very Good,1336.54,203.62,21.61,87.34,63.52,0.7,0.99,1.81,77.1,205.17,3.05,9.27,84.13,92.88
P012,Very Good,673.88,419.76,17.2,95.28,33.31,0.16,1.95,8.34,86.81,236.07,9.62,6.03,92.98,88.6
P012,Very Good,464.52,849.65,19.77,91.05,7.45,3.24,0.04,9.03,57.55,293.24,5.86,6.12,80.91,98.09
P012,Very Good,400.07,761.43,22.12,63.49,13.17,2.61,1.85,5.64,97.48,264.99,9.5,3.0,98.1,84.75
P012,Very Good,979.27,142.23,33.44,67.48,90.61,1.83,0.07,6.57,102.29,350.15,7.12,1.58,95.33,84.15
P012,Very Good,535.24,726.31,35.52,97.91,59.65,1.97,0.99,9.86,75.61,490.05,6.94,1.51,78.04,84.82
P012,Very Good,416.67,305.03,15.33,67.02,106.71,1.29,1.38,9.75,63.14,395.59,9.47,2.49,71.82,103.41
P012,Very Good,500.83,263.42,30.59,83.29,32.51,1.62,1.72,7.29,65.3,404.22,8.15,10.26,72.46,75.85
P012,Very Good,355.88,152.52,29.12,73.9,96.82,1.7,1.79,3.65,58.58,217.99,5.65,9.64,55.89,103.83
P012,Very Good,695.38,169.12,3.1,73.44,43.11,2.35,1.78,5.34,88.45,248.13,4.04,6.01,53.08,77.23
P012,Very Good,596.46,209.96,17.47,73.86,42.1,2.2,0.76,8.14,61.9,266.06,4.79,5.62,63.12,71.73
P012,Very Good,1022.33,599.15,18.77,80.28,28.03,3.5,0.21,2.8,92.49,480.11,2.55,6.21,97.83,64.43
P012,Very Good,1237.91,721.77,28.51,100.13,66.17,4.69,1.04,6.47,95.69,321.86,5.78,7.91,73.66,60.32
P012,Very Good,598.44,378.87,6.16,86.54,17.27,0.87,1.63,4.8,75.46,323.74,4.45,3.87,78.82,103.99
P012,Very Good,1213.75,115.77,35.97,61.16,46.31,0.85,0.03,9.6,73.2,262.72,7.74,4.79,90.59,79.28
P012,Very Good,537.16,344.31,34.23,73.75,61.18,1.37,0.67,5.78,100.34,352.08,9.05,4.14,104.48,70.68
P012,Very Good,926.66,861.39,30.51,91.1,103.94,1.63,0.83,8.92,78.66,467.13,6.95,8.22,93.46,65.71
P012,Very Good,753.75,338.0,33.38,87.99,38.42,4.49,0.42,4.11,56.35,345.69,8.51,5.77,69.92,86.07
P012,Very Good,774.02,555.25,25.51,94.83,26.26,2.3,1.88,8.89,59.66,509.07,8.02,2.9,75.15,82.33
P012,Very Good,436.3,504.5,22.27,95.07,13.36,1.21,0.8,2.34,86.79,264.13,1.17,1.42,79.56,81.76
P012,Very Good,954.78,214.09,20.56,106.36,91.02,4.57,1.32,9.29,60.34,407.24,8.8,4.59,86.94,90.36
P012,Very Good,1286.95,758.62,5.92,81.7,0.82,4.8,1.86,7.96,103.7,501.21,5.93,2.72,94.6,108.67
P012,Very Good,790.59,754.58,14.67,104.2,34.54,2.24,1.87,7.7,76.77,479.31,2.35,8.51,81.56,63.7
P012,Very Good,949.3,381.29,4.48,76.37,24.23,3.33,1.25,8.67,92.68,376.87,9.36,7.08,60.1,56.75
P012,Very Good,772.31,146.03,26.66,71.46,11.47,0.52,0.33,2.25,72.7,429.12,9.97,8.43,89.8,67.89
P012,Very Good,1060.96,389.77,20.74,73.01,101.95,4.82,0.68,2.7,100.65,486.73,10.01,6.74,66.35,50.96
P012,Very Good,1051.17,646.45,34.96,96.95,32.42,2.76,1.09,3.31,59.96,296.82,4.11,2.3,64.28,72.08
P012,Very Good,984.2,512.05,39.39,70.59,96.23,4.41,1.85,7.52,90.18,427.49,2.15,2.64,82.4,52.58
P012,Very Good,1374.14,557.24,21.26,80.47,80.91,0.17,0.8,6.29,95.28,485.61,5.63,8.07,88.67,84.57
P012,Very Good,1308.21,127.69,8.93,64.79,10.78,0.29,1.78,1.66,82.64,303.42,5.96,9.77,61.88,84.25
P012,Very Good,541.08,335.26,8.39,75.72,69.04,3.42,2.02,4.01,55.7,305.49,3.05,8.28,63.52,104.52
P012,Very Good,1439.34,563.07,23.0,90.72,11.28,1.42,0.17,10.31,84.49,516.21,4.63,5.09,69.14,92.95
P012,Very Good,1480.37,429.68,2.51,75.39,99.84,2.96,0.76,6.0,62.44,224.4,3.16,4.03,78.26,65.53
P012,Very Good,1467.62,684.27,25.93,92.51,72.94,2.59,0.08,3.44,95.95,495.12,7.42,1.01,86.3,72.25
P012,Very Good,1069.98,209.42,14.94,86.77,94.31,0.12,0.99,8.81,105.41,369.28,8.81,6.76,65.19,57.29
P012,Very Good,710.33,443.82,23.27,85.42,17.9,4.78,1.42,4.59,70.09,474.71,5.96,10.44,61.31,61.07
P012,Very Good,1019.89,633.34,22.18,99.31,21.12,4.12,0.29,10.27,95.12,389.71,1.24,3.35,85.76,100.17
P012,Very Good,1105.19,233.08,10.93,99.3,78.22,2.71,1.43,5.71,77.45,226.93,2.68,4.62,98.62,94.09
P012,Very Good,769.24,209.84,28.55,70.94,75.42,5.05,1.78,1.26,69.28,285.31,8.3,8.62,67.91,62.54
P012,Very Good,471.18,139.29,40.42,83.01,104.02,1.28,0.6,4.57,68.29,277.36,5.18,8.22,103.44,97.85
P012,Very Good,931.45,563.62,4.46,104.13,34.67,1.24,0.29,3.79,75.06,496.49,8.55,2.21,58.56,91.7
P012,Very Good,668.27,673.47,34.59,72.06,68.0,0.72,0.03,6.17,68.62,437.69,3.0,9.1,97.19,58.5
P013,Needs Improvement,861.05,343.22,13.77,60.7,56.79,2.31,1.54,5.95,56.13,312.88,1.02,1.82,67.31,50.18
P013,Needs Improvement,635.95,545.42,23.7,74.04,42.36,3.11,1.18,0.99,60.76,288.5,3.58,5.91,63.01,60.25
P013,Needs Improvement,750.79,219.31,7.52,62.74,53.7,1.77,1.42,2.74,68.62,282.0,3.65,6.6,45.52,48.08
P013,Needs Improvement,506.32,118.8,21.44,57.41,44.97,1.31,1.08,0.74,58.08,283.17,7.42,5.49,42.13,62.9
P013,Needs Improvement,352.54,623.84,22.44,43.45,56.13,1.12,0.87,6.89,55.82,216.72,5.42,1.4,68.77,53.21
P013,Needs Improvement,346.5,194.26,14.78,44.09,34.9,2.15,0.6,5.21,38.42,255.31,5.74,5.37,62.48,69.13
P013,Needs Improvement,993.55,154.43,9.85,66.6,44.1,1.9,0.15,2.38,48.19,154.74,0.87,5.95,57.2,74.59
P013,Needs Improvement,535.75,152.5,13.5,71.53,42.71,3.18,1.41,6.92,50.58,321.23,2.94,4.86,48.32,50.51
P013,Needs Improvement,1098.39,220.84,12.32,66.02,38.8,1.7,0.84,5.08,36.86,208.9,6.5,2.61,58.85,63.5
P013,Needs Improvement,866.58,240.24,16.4,67.45,24.74,0.35,0.27,6.89,45.66,195.38,2.4,2.71,50.66,45.6
P013,Needs Improvement,658.36,177.16,15.96,55.35,29.23,0.2,0.09,5.65,56.32,312.51,1.82,7.15,39.45,60.65
P013,Needs Improvement,926.26,100.23,0.78,59.66,31.95,3.39,0.21,5.01,49.24,144.23,6.1,0.93,67.69,56.66
P013,Needs Improvement,392.36,460.51,18.7,48.72,62.63,1.26,0.56,6.6,49.17,317.01,5.69,3.67,46.47,59.92
P013,Needs Improvement,1036.72,487.66,11.16,53.21,54.04,0.9,1.07,1.52,44.93,239.98,7.11,6.72,77.87,41.06
P013,Needs Improvement,999.74,322.56,1.79,53.97,43.45,3.35,0.65,6.15,64.28,246.13,5.76,5.5,41.75,45.96
P013,Needs Improvement,453.44,117.89,6.9,47.16,41.28,0.73,0.96,3.05,50.89,228.39,5.83,1.76,44.52,63.51
P013,Needs Improvement,1144.62,151.82,23.1,53.66,70.96,1.8,1.11,1.52,52.73,339.37,5.93,3.53,59.74,40.29
P013,Needs Improvement,495.2,194.48,4.81,52.8,2.59,0.21,1.12,2.01,61.65,250.09,3.93,1.29,69.69,64.34
P013,Needs Improvement,812.55,516.97,26.49,48.56,57.62,3.77,1.04,2.17,39.87,235.38,1.63,3.6,61.38,48.24
P013,Needs Improvement,355.78,267.66,23.0,49.28,28.75,0.05,1.45,1.0,66.61,369.98,1.71,0.9,72.25,67.37
P013,Needs Improvement,1104.62,559.89,14.45,42.73,47.14,1.77,1.39,3.72,38.67,271.01,6.06,6.88,67.06,43.45
P013,Needs Improvement,431.46,220.81,4.29,61.55,64.38,0.94,0.51,2.0,65.66,243.1,1.3,5.07,64.45,44.69
P013,Needs Improvement,1006.99,435.22,11.62,67.23,53.86,1.97,0.03,4.48,40.13,322.2,4.37,1.9,43.19,56.69
P013,Needs Improvement,279.95,366.98,9.04,51.73,72.68,0.97,1.05,4.48,66.61,288.09,7.31,1.84,45.21,55.71
P013,Needs Improvement,756.77,109.8,27.31,45.54,21.84,1.02,1.22,2.82,63.95,371.61,3.44,3.31,56.33,42.47
P013,Needs Improvement,581.59,439.57,2.28,42.55,66.09,3.5,1.31,4.98,54.01,317.59,0.92,7.2,65.82,62.8
P013,Needs Improvement,261.73,376.55,21.68,68.82,5.26,2.57,0.04,6.17,72.44,238.18,6.21,4.68,69.55,45.68
P013,Needs Improvement,1096.8,127.51,5.89,67.5,61.13,3.29,0.88,3.2,58.02,327.24,2.53,4.32,45.66,41.6
P013,Needs Improvement,322.54,572.81,8.83,63.73,41.05,3.31,1.02,4.66,71.18,173.75,7.58,2.72,37.68,73.92
P013,Needs Improvement,1061.5,389.8,28.27,73.94,4.71,0.35,0.28,4.64,51.17,295.51,1.47,5.11,58.26,40.76
P013,Needs Improvement,655.72,443.63,7.27,56.2,49.96,0.67,1.34,3.59,73.76,359.75,2.03,4.26,67.09,50.0
P013,Needs Improvement,250.87,517.94,15.52,51.17,15.37,3.73,0.02,2.03,64.22,241.7,2.57,6.45,43.46,45.09
P013,Needs Improvement,444.91,494.56,11.17,50.24,41.39,3.26,0.38,1.79,62.44,357.95,4.55,5.66,46.62,59.23
P013,Needs Improvement,445.96,303.54,20.3,55.33,27.21,0.68,1.52,4.87,49.9,233.8,7.18,3.6,60.32,39.31
P013,Needs Improvement,464.6,551.06,22.48,54.17,70.04,3.74,1.19,0.79,73.38,205.33,4.16,4.87,46.96,55.55
P013,Needs Improvement,481.2,603.84,23.7,52.77,13.86,0.82,1.35,7.92,62.1,165.33,2.27,4.59,61.48,68.99
P013,Needs Improvement,927.74,279.63,13.87,67.19,77.27,2.36,1.31,7.15,68.94,283.65,4.16,4.87,51.93,50.88
P013,Needs Improvement,592.69,380.9,3.33,60.39,9.61,3.1,0.13,7.41,50.9,232.52,1.66,4.38,41.59,40.75
P013,Needs Improvement,555.01,579.67,18.7,50.06,65.05,2.98,0.83,3.83,48.8,197.76,2.51,4.68,67.5,65.94
P013,Needs Improvement,854.32,119.2,22.34,75.03,22.21,1.6,0.32,0.91,44.37,170.57,4.07,7.04,48.88,43.49
P013,Needs Improvement,320.96,320.13,14.72,57.93,8.29,0.54,0.3,1.26,45.63,350.24,4.13,1.38,57.4,62.46
P013,Needs Improvement,694.49,347.03,12.37,67.19,20.08,1.74,1.38,6.28,44.07,356.14,1.9,6.42,63.52,43.24
P013,Needs Improvement,946.47,117.69,9.67,71.49,15.53,0.16,0.82,6.79,49.25,189.87,0.77,4.07,64.76,51.28
P013,Needs Improvement,317.94,163.45,28.91,61.97,51.34,1.25,0.09,6.04,52.93,251.33,2.9,4.7,48.7,65.7
P013,Needs Improvement,681.39,558.94,10.84,57.11,64.46,3.01,0.37,1.96,70.76,207.69,0.89,0.85,46.08,78.4
P013,Needs Improvement,820.3,345.87,22.32,44.73,24.47,2.36,0.03,4.93,69.25,148.44,1.61,3.27,52.2,46.37
P013,Needs Improvement,398.82,309.72,2.85,64.75,50.97,0.28,1.48,2.54,70.44,329.0,4.55,0.98,71.53,58.95
P013,Needs Improvement,660.92,439.87,11.06,60.83,7.98,0.06,0.09,5.5,57.62,339.82,3.3,1.1,50.77,64.03
P013,Needs Improvement,386.28,328.99,21.39,59.03,13.73,0.82,0.31,5.1,73.64,333.37,2.88,4.91,56.11,72.62
P013,Needs Improvement,431.9,263.8,10.92,77.7,68.13,2.39,1.06,1.42,44.01,338.93,1.51,5.02,69.92,69.79
P013,Needs Improvement,610.63,352.27,25.09,58.73,22.24,3.43,0.51,4.88,67.6,242.7,3.98,2.3,61.72,44.25
P013,Needs Improvement,426.15,354.3,10.38,62.67,27.76,2.48,1.0,2.98,54.69,206.0,6.69,4.77,37.51,50.97
P013,Needs Improvement,308.73,438.13,14.46,51.64,67.64,2.91,1.42,7.63,58.86,316.03,4.54,1.28,67.16,38.26
P013,Needs Improvement,1004.72,421.69,7.71,46.96,25.57,3.17,0.67,2.93,74.98,155.44,5.22,1.41,76.51,57.18
P013,Needs Improvement,780.2,289.33,9.38,44.0,33.88,3.04,1.13,6.67,49.26,300.89,1.6,4.12,49.35,40.42
P013,Needs Improvement,1142.66,526.81,2.92,73.47,47.15,3.06,1.32,5.14,49.11,280.38,7.35,7.01,74.09,64.98
P013,Needs Improvement,681.31,271.99,25.71,48.43,69.57,1.38,1.18,0.78,55.69,299.46,1.97,2.28,47.37,53.07
P013,Needs Improvement,680.6,324.36,27.25,58.93,22.73,3.48,0.46,6.51,54.27,201.5,3.28,3.54,40.97,49.4
P013,Needs Improvement,473.38,368.77,24.19,57.14,41.71,0.75,0.46,4.15,57.21,192.36,5.09,5.41,69.26,69.2
P013,Needs Improvement,244.05,198.34,8.48,69.22,55.09,0.1,0.18,3.48,66.8,342.0,6.28,2.89,63.62,42.15
P013,Needs Improvement,308.14,156.68,14.24,63.91,3.53,3.26,0.93,4.21,44.61,177.05,4.64,3.96,76.1,63.02
P013,Needs Improvement,655.92,89.35,14.54,74.24,23.23,2.14,0.58,4.96,69.96,296.6,3.44,6.4,39.8,38.43
P013,Needs Improvement,810.14,447.09,17.03,55.53,8.81,3.45,0.88,3.78,55.28,183.85,6.56,5.05,59.82,52.09
P013,Needs Improvement,249.8,406.79,24.45,64.74,69.0,0.9,1.5,2.41,59.75,258.51,7.04,6.23,59.21,66.82
P013,Needs Improvement,518.39,541.54,13.08,70.42,63.67,2.6,0.74,1.99,38.34,195.92,1.86,5.49,57.89,53.67
P013,Needs Improvement,774.72,351.99,12.19,56.08,54.87,0.24,1.19,4.29,60.42,217.44,4.61,1.82,45.67,40.44
P013,Needs Improvement,513.58,340.37,13.59,52.07,8.38,0.62,0.94,6.04,52.22,383.38,6.08,4.2,60.94,70.48
P013,Needs Improvement,727.47,421.53,29.69,47.21,54.61,0.19,1.21,5.52,38.7,232.53,7.09,3.89,51.71,43.03
P013,Needs Improvement,638.9,327.8,6.26,72.74,0.09,1.98,1.3,5.04,59.7,237.5,4.5,4.15,65.87,50.9
P013,Needs Improvement,523.97,474.46,13.58,57.11,20.67,0.3,0.74,2.57,63.04,297.48,6.75,2.64,39.09,75.04
P013,Needs Improvement,317.91,287.98,9.09,65.22,12.73,1.93,0.4,4.65,55.62,245.41,1.4,2.5,63.29,68.33
P013,Needs Improvement,932.45,181.08,28.97,62.23,43.32,1.67,1.36,2.76,41.27,267.49,4.92,2.96,64.94,37.66
P013,Needs Improvement,722.37,517.18,15.66,57.38,12.39,3.67,1.47,1.78,54.89,261.95,5.69,1.18,56.96,50.91
P013,Needs Improvement,1079.93,163.5,17.84,45.23,23.65,0.04,0.75,3.76,68.34,200.51,5.11,4.1,41.11,74.76
P013,Needs Improvement,329.99,120.51,23.9,49.87,9.27,2.49,0.26,5.56,39.19,234.19,0.9,3.48,64.79,53.93
P013,Needs Improvement,869.01,484.53,23.21,52.6,27.97,0.63,1.36,4.36,60.24,310.97,2.15,1.18,42.07,59.07
P013,Needs Improvement,609.13,293.94,18.5,64.69,30.23,3.57,0.78,6.67,60.27,191.2,6.96,5.79,51.49,56.55
P013,Needs Improvement,774.05,420.81,25.98,54.24,8.74,1.85,0.84,0.98,45.27,210.08,3.09,3.45,38.88,50.91
P013,Needs Improvement,533.7,243.97,7.2,59.74,9.86,3.42,1.22,5.51,59.77,161.63,3.66,7.2,40.28,51.1
P013,Needs Improvement,934.33,88.15,9.06,63.7,29.45,1.62,0.55,1.34,58.96,236.48,7.58,7.23,62.46,57.58
P013,Needs Improvement,565.0,475.53,1.97,67.19,70.82,0.71,1.23,0.79,50.24,344.1,6.31,4.78,53.74,64.3
P013,Needs Improvement,276.05,80.82,11.3,49.8,69.47,0.93,0.97,4.4,73.83,271.55,5.8,5.35,69.92,59.3
P013,Needs Improvement,548.62,130.56,20.37,68.68,17.35,3.31,0.33,4.57,68.12,299.43,6.06,3.17,47.5,42.11
P013,Needs Improvement,968.07,255.87,14.66,55.17,49.73,1.03,0.48,6.96,52.74,184.16,5.86,6.68,52.9,75.1
P013,Needs Improvement,725.87,298.73,25.49,65.96,52.75,0.59,0.71,5.05,54.5,155.5,1.31,3.86,56.21,69.63
P013,Needs Improvement,650.97,547.58,21.06,66.45,26.36,1.36,1.16,2.67,69.5,193.86,3.7,4.92,48.66,35.9
P013,Needs Improvement,377.62,187.93,19.76,58.84,67.48,1.45,0.92,2.63,50.55,202.81,3.21,7.35,65.01,40.27
P013,Needs Improvement,602.26,591.59,8.91,54.87,34.89,2.81,0.21,1.6,77.77,209.09,7.85,1.32,50.96,42.96
P013,Needs Improvement,228.03,248.74,13.71,46.86,1.59,2.15,1.54,5.34,41.83,191.34,2.05,5.75,37.02,63.3
P013,Needs Improvement,305.63,350.9,27.99,48.01,4.06,2.3,1.01,6.46,52.73,366.09,6.37,1.49,72.93,51.83
P013,Needs Improvement,352.12,551.53,20.27,55.29,28.48,1.35,0.47,4.75,68.49,213.9,3.37,4.78,54.5,40.49
P013,Needs Improvement,782.82,565.46,10.41,60.22,68.71,2.82,0.57,7.17,42.93,348.69,3.29,7.74,69.94,44.96
P013,Needs Improvement,767.75,508.0,2.54,61.74,40.57,3.71,1.38,6.5,49.55,371.74,3.39,3.21,68.9,59.34
P013,Needs Improvement,1069.82,374.99,5.73,68.94,5.88,2.8,0.98,3.18,65.38,256.4,4.97,3.03,65.71,51.4
P013,Needs Improvement,939.17,416.76,18.68,54.15,71.23,1.25,1.03,5.44,48.96,379.32,5.34,3.04,61.08,62.76
P013,Needs Improvement,571.9,146.75,16.45,65.02,23.99,2.41,0.6,0.94,39.15,198.44,2.95,1.27,39.68,64.52
P013,Needs Improvement,508.84,620.09,23.23,48.11,14.24,0.66,0.17,5.4,48.84,244.77,5.51,3.42,48.28,52.6
P013,Needs Improvement,1090.47,234.77,7.32,61.69,17.6,0.64,1.12,2.59,72.77,171.71,4.32,3.76,42.52,49.39
P013,Needs Improvement,217.87,552.34,6.13,67.83,54.34,2.9,1.05,6.35,70.42,328.02,3.47,6.75,51.2,43.8
P013,Needs Improvement,434.52,563.88,20.15,55.61,67.56,3.09,0.44,3.08,66.65,307.6,1.78,2.62,45.31,58.34
P014,Very Good,956.12,512.49,37.07,98.89,57.16,0.79,0.7,1.35,76.31,302.78,4.07,8.0,96.92,55.54
P014,Very Good,1534.87,474.09,9.51,89.63,31.06,0.66,1.56,9.89,78.43,503.89,4.66,3.98,55.46,106.04
P014,Very Good,998.14,738.66,37.66,60.9,6.03,5.02,1.37,5.98,81.56,383.01,8.85,5.86,98.43,79.19
P014,Very Good,688.19,442.64,2.25,88.36,66.44,5.23,1.45,3.87,74.93,227.94,4.92,8.78,94.06,64.61
P014,Very Good,938.73,479.74,41.29,95.83,43.64,3.95,1.58,6.74,84.36,497.74,8.33,7.57,101.89,59.9
P014,Very Good,469.31,273.59,14.79,95.93,49.47,2.89,0.69,7.76,89.23,353.8,4.13,6.11,90.79,70.82
P014,Very Good,761.11,135.9,5.89,86.18,84.65,2.06,0.81,7.13,51.83,278.82,2.77,8.38,96.01,81.34
P014,Very Good,1570.84,580.84,29.62,103.14,51.74,0.02,0.55,1.92,72.78,359.88,9.05,2.65,71.95,75.07
P014,Very Good,1232.39,407.96,6.85,64.44,62.64,0.49,2.05,3.59,89.05,262.91,6.06,9.98,103.81,77.0
P014,Very Good,1174.17,527.47,23.89,69.93,100.32,4.05,1.4,1.39,93.0,351.28,10.69,8.3,65.46,90.57
P014,Very Good,700.46,134.71,8.6,93.35,0.57,4.87,1.85,4.02,99.47,303.77,7.0,7.88,69.2,77.19
P014,Very Good,1490.84,175.05,4.2,99.93,38.55,4.96,1.85,3.8,54.84,340.9,1.47,7.12,87.37,67.0
P014,Very Good,969.22,673.03,18.49,82.57,20.79,3.07,0.29,9.4,88.68,247.84,5.33,4.62,53.86,54.26
P014,Very Good,644.42,281.48,7.08,81.55,104.34,2.49,0.28,8.51,64.18,252.51,3.79,2.56,64.12,74.14
P014,Very Good,678.7,654.29,24.14,69.96,67.63,3.0,1.87,6.35,76.47,467.67,7.72,5.29,68.95,64.23
P014,Very Good,1165.71,255.73,17.2,79.75,14.48,1.57,0.21,9.31,82.91,264.77,5.17,3.3,78.46,78.32
P014,Very Good,385.51,324.53,14.88,72.82,9.2,4.89,0.49,6.34,104.46,422.17,6.06,3.95,66.01,53.26
P014,Very Good,1533.2,260.36,26.44,79.46,20.49,1.27,0.58,1.74,74.06,323.43,4.19,6.0,77.82,71.24
P014,Very Good,1017.82,499.5,26.08,84.95,94.35,0.25,1.12,5.16,59.85,404.68,8.55,5.93,87.81,101.66
P014,Very Good,1427.58,761.72,23.32,66.23,83.84,1.43,0.52,4.74,71.74,271.98,8.91,9.62,56.52,58.61
P014,Very Good,1032.27,373.85,22.45,100.48,41.6,2.81,0.14,6.47,100.72,230.6,7.65,4.33,98.22,59.46
P014,Very Good,518.86,392.16,40.66,94.68,14.78,4.6,1.19,9.07,87.05,218.21,2.69,8.18,58.51,104.23
P014,Very Good,921.29,381.8,41.22,92.46,42.49,4.37,0.88,7.03,75.66,374.16,9.7,9.75,64.53,77.57
P014,Very Good,1101.99,622.44,20.2,65.62,24.44,1.67,1.22,8.35,73.3,542.9,6.07,6.04,83.21,68.53
P014,Very Good,1385.15,620.64,13.58,101.01,78.34,4.32,1.68,2.35,86.36,436.23,7.89,1.63,67.24,53.25
P014,Very Good,428.12,565.22,21.37,76.41,47.06,3.47,1.4,1.57,61.56,496.26,1.26,3.19,95.5,87.73
P014,Very Good,1373.02,819.06,3.08,94.84,77.54,4.83,1.44,9.53,96.92,443.2,5.84,7.04,63.66,67.3
P014,Very Good,1016.67,525.35,17.3,105.89,79.13,2.5,0.53,4.97,54.96,487.08,6.42,9.33,58.75,78.24
P014,Very Good,803.05,244.58,13.88,101.07,29.25,5.12,1.85,5.85,77.88,445.88,10.1,3.25,95.54,57.02
P014,Very Good,988.34,503.45,6.33,64.74,43.37,2.86,2.05,2.34,92.88,373.44,10.19,1.2,53.82,79.16
P014,Very Good,1344.04,182.72,34.24,93.49,26.25,3.31,1.91,9.25,59.17,508.62,5.97,8.84,94.02,64.6
P014,Very Good,375.25,259.67,30.25,98.22,24.67,1.11,2.08,5.31,79.11,262.88,1.92,6.56,61.31,78.4
P014,Very Good,322.17,225.63,9.06,62.11,3.39,2.78,1.43,1.16,70.21,442.82,1.19,5.74,91.19,61.05
P014,Very Good,1222.39,643.69,25.5,72.99,43.58,0.18,0.61,7.94,69.48,292.52,3.96,1.93,64.08,62.09
P014,Very Good,770.98,161.29,31.6,99.24,21.31,0.07,0.93,2.63,88.28,505.35,1.46,1.32,66.04,79.44
P014,Very Good,1043.69,394.36,28.63,81.04,36.6,2.18,1.91,5.92,56.18,244.24,4.21,7.12,91.13,66.58
P014,Very Good,504.29,162.9,14.74,93.07,36.53,2.67,1.29,5.85,70.64,300.47,2.51,7.51,99.27,81.29
P014,Very Good,952.6,160.68,24.26,66.97,14.01,4.19,1.88,10.64,57.87,438.6,4.94,3.44,67.68,62.84
P014,Very Good,343.22,179.23,36.54,102.22,98.13,3.08,0.03,3.29,85.36,282.12,6.48,3.41,81.22,72.06
P014,Very Good,405.5,282.21,41.43,102.21,84.96,4.64,0.84,5.53,85.2,305.67,1.22,9.14,86.54,70.84
P014,Very Good,1355.7,286.29,26.08,98.71,33.82,3.67,1.14,4.13,58.88,391.53,10.95,3.23,65.01,60.45
P014,Very Good,1426.45,779.07,17.27,65.08,37.58,2.29,1.76,7.35,58.7,290.66,1.97,6.39,68.03,94.07
P014,Very Good,481.47,311.23,26.19,84.82,48.48,0.43,1.29,7.92,90.4,248.48,5.55,1.3,55.47,91.95
P014,Very Good,1183.34,678.86,20.36,100.69,54.17,4.03,0.96,4.07,99.56,214.73,4.29,5.67,66.57,62.76
P014,Very Good,1008.55,603.55,39.41,77.85,95.44,0.76,1.16,6.43,91.61,543.18,8.02,4.8,69.27,77.49
P014,Very Good,1444.12,328.06,7.57,72.49,43.66,1.19,1.03,2.9,100.12,498.52,1.97,2.29,70.33,77.91
P014,Very Good,566.97,700.72,22.46,77.28,22.72,2.82,2.02,10.45,93.31,381.89,4.63,5.14,56.52,61.79
P014,Very Good,1303.45,300.34,2.57,81.59,69.17,5.32,1.47,9.58,69.13,287.44,9.09,2.85,59.01,74.29
P014,Very Good,1242.87,708.2,23.44,74.44,76.68,1.96,1.33,8.58,64.01,229.43,4.89,3.58,69.73,77.44
P014,Very Good,456.67,824.05,33.85,95.24,49.42,2.55,1.35,4.11,96.11,269.92,3.38,3.68,52.66,61.43
P014,Very Good,1479.88,114.17,23.76,61.92,59.52,3.03,0.31,10.48,90.63,332.65,8.32,8.65,86.97,71.69
P014,Very Good,788.0,130.32,38.01,95.84,16.11,1.2,0.18,3.73,98.15,506.33,9.22,7.85,61.86,79.97
P014,Very Good,759.53,617.01,11.05,91.53,22.72,0.77,0.57,7.74,74.39,356.1,1.53,2.1,77.41,96.17
P014,Very Good,592.19,644.22,35.47,63.49,45.69,4.84,0.97,6.57,82.39,431.31,9.68,7.76,86.99,86.93
P014,Very Good,831.71,295.77,8.1,94.39,45.32,3.98,1.01,1.27,61.99,512.54,2.89,2.43,90.89,98.25
P014,Very Good,894.05,131.53,29.01,88.88,43.98,5.19,0.93,7.6,92.81,362.48,9.64,3.1,55.46,56.98
P014,Very Good,1546.54,399.3,37.18,84.99,25.74,2.17,0.8,2.86,54.18,273.8,8.75,8.45,103.32,70.84
P014,Very Good,685.28,392.67,27.56,70.55,92.21,0.02,0.42,8.19,59.64,317.76,4.9,1.25,85.84,80.09
P014,Very Good,1243.25,343.43,28.68,96.18,97.61,3.24,0.57,8.31,96.71,311.5,4.22,6.02,52.16,87.03
P014,Very Good,923.6,287.49,9.12,67.38,49.12,0.55,1.23,3.37,65.32,245.79,7.32,6.6,74.33,79.52
P014,Very Good,534.06,422.52,11.04,103.75,106.96,0.41,1.87,1.68,63.21,445.09,8.4,6.12,87.66,88.56
P014,Very Good,1446.02,414.55,33.52,75.36,54.27,1.06,0.59,6.3,53.7,306.89,6.12,8.66,67.81,87.87
P014,Very Good,321.05,230.12,26.66,97.37,46.01,4.27,0.44,4.67,70.64,456.32,4.54,9.38,83.32,62.1
P014,Very Good,1139.24,364.91,6.97,92.4,51.06,1.07,0.34,8.91,62.77,319.82,5.25,7.55,68.9,70.1
P014,Very Good,1147.22,344.69,25.72,66.03,13.7,1.25,0.58,3.86,68.43,362.29,5.4,1.88,101.56,62.83
P014,Very Good,1049.78,530.94,38.57,73.49,16.01,4.2,1.86,6.62,103.18,370.46,5.45,8.17,98.82,101.29
P014,Very Good,1112.89,160.16,15.33,93.51,69.13,2.19,1.86,3.6,86.27,460.6,7.85,2.75,67.81,57.58
P014,Very Good,1321.96,600.11,14.99,95.15,43.0,1.91,1.63,2.28,88.97,452.4,1.68,3.75,70.67,98.0
P014,Very Good,1555.78,168.42,35.04,81.45,23.71,0.94,0.52,6.9,57.86,343.07,5.78,1.16,72.04,72.88
P014,Very Good,794.63,671.68,32.02,69.41,75.33,3.17,2.0,7.76,101.91,248.99,2.5,5.66,73.34,53.27
P014,Very Good,1361.76,271.3,12.79,63.45,38.79,3.27,0.4,9.89,64.05,360.83,5.68,1.39,76.82,104.8
P014,Very Good,1236.52,476.35,37.19,70.92,85.28,2.32,0.75,2.55,85.04,384.87,7.21,4.7,55.89,55.95
P014,Very Good,592.48,294.26,31.18,89.57,91.24,2.53,1.09,10.68,84.11,448.5,10.64,1.68,93.8,99.53
P014,Very Good,899.37,560.51,41.92,103.03,1.66,0.65,1.07,3.92,90.69,254.86,8.95,5.33,74.18,55.32
P014,Very Good,1115.17,631.26,35.02,98.7,77.15,1.16,1.3,9.37,58.93,503.83,6.25,3.18,90.48,60.75
P014,Very Good,1126.36,200.34,40.93,85.99,53.08,4.98,2.0,5.43,102.52,211.49,5.21,6.57,96.82,80.75
P014,Very Good,1460.63,402.9,39.78,96.84,54.84,4.16,0.96,4.98,65.8,307.17,3.62,5.2,96.78,65.96
P014,Very Good,706.37,390.07,22.62,72.35,61.78,3.05,1.62,5.66,84.03,454.83,2.69,6.95,88.06,64.39
P014,Very Good,1342.63,504.14,36.05,79.18,69.82,4.73,0.07,4.93,101.19,421.68,6.56,5.96,66.49,101.84
P014,Very Good,1225.31,645.8,12.64,82.58,43.55,1.77,1.42,4.17,57.48,451.24,8.09,4.78,102.28,63.43
P014,Very Good,1113.5,800.84,32.78,87.36,45.68,3.83,0.19,9.57,86.1,319.62,2.72,4.61,61.89,103.49
P014,Very Good,796.83,394.56,22.5,83.13,35.52,2.92,0.73,8.79,85.91,525.61,7.25,9.01,97.34,56.38
P014,Very Good,1225.38,828.95,5.56,87.85,30.1,0.95,0.6,7.41,78.03,396.71,3.5,6.97,69.77,81.27
P014,Very Good,1387.17,625.08,8.53,75.52,96.8,1.84,1.05,8.2,78.15,489.56,6.09,1.43,77.37,54.11
P014,Very Good,377.83,444.21,28.72,70.58,46.76,4.77,1.61,8.89,95.27,351.45,4.67,1.61,76.12,80.72
P014,Very Good,1150.85,794.38,11.52,102.2,45.93,4.8,0.38,5.46,80.38,448.89,5.04,1.81,60.04,69.7
P014,Very Good,760.33,862.58,28.8,77.64,74.33,3.09,1.71,7.62,74.06,500.07,2.75,7.01,66.27,98.35
P014,Very Good,1183.91,360.78,11.89,84.14,67.02,1.05,0.05,3.54,60.77,287.54,7.96,4.43,78.05,90.35
P014,Very Good,780.75,514.35,35.31,81.3,64.1,4.69,0.91,7.52,70.67,254.25,9.71,4.21,62.07,68.76
P014,Very Good,662.9,141.93,22.59,93.19,36.33,1.85,0.73,8.42,68.06,388.15,2.27,6.77,105.98,67.22
P014,Very Good,1087.68,620.04,23.15,89.85,68.3,2.23,1.52,3.74,81.36,229.94,9.85,9.79,62.66,82.8
P014,Very Good,533.91,270.5,13.86,80.2,15.37,1.13,1.42,4.38,101.9,230.17,3.73,4.11,56.32,99.95
P014,Very Good,1507.12,550.73,32.5,89.03,89.81,2.19,1.05,4.22,88.55,211.35,3.6,2.19,100.59,84.74
P014,Very Good,676.16,536.59,17.88,76.45,86.64,5.15,0.51,9.54,91.71,441.83,7.1,6.08,99.9,51.9
P014,Very Good,1594.33,480.52,8.33,87.27,36.47,0.81,0.79,8.81,67.35,214.56,1.46,9.68,85.99,100.64
P014,Very Good,762.92,324.84,11.24,90.45,1.44,1.69,0.95,7.12,64.6,215.45,1.55,9.39,69.23,94.65
P014,Very Good,542.8,362.87,10.73,66.4,62.45,2.08,0.24,9.86,69.21,244.52,2.24,3.74,60.73,98.28
P014,Very Good,741.21,412.28,7.78,102.08,49.48,4.6,0.82,10.24,90.8,423.08,4.33,7.12,78.56,97.8
P014,Very Good,1456.63,577.47,6.42,71.75,47.77,5.09,1.34,1.98,65.32,546.4,3.89,10.29,81.06,88.97
P014,Very Good,1493.92,545.49,21.0,86.43,71.85,3.22,0.79,1.64,73.19,420.76,8.4,5.36,89.83,95.46
P015,Unacceptable,690.78,71.9,16.45,60.25,4.25,2.07,0.6,5.07,36.92,121.65,4.29,1.51,36.55,32.73
P015,Unacceptable,686.48,497.76,12.15,50.99,39.15,1.5,0.31,3.51,55.74,293.09,4.76,4.44,28.23,48.11
P015,Unacceptable,615.04,302.11,13.42,48.12,54.36,2.14,0.45,5.0,49.87,257.46,1.07,2.84,44.58,31.82
P015,Unacceptable,326.45,395.91,8.83,34.64,16.21,1.66,0.08,4.55,50.68,284.13,2.67,5.26,57.56,61.47
P015,Unacceptable,487.58,450.11,9.06,60.5,35.58,1.37,0.97,3.31,46.69,178.09,4.18,4.88,49.12,33.26
P015,Unacceptable,274.68,338.76,15.7,36.87,32.02,1.08,0.83,2.33,36.02,272.44,1.48,5.04,34.94,49.7
P015,Unacceptable,403.74,382.37,22.21,37.24,46.97,1.75,0.09,2.09,42.89,237.9,4.24,2.22,41.99,34.82
P015,Unacceptable,473.82,91.8,3.68,50.87,21.79,1.21,1.25,1.57,55.33,179.08,1.07,3.92,47.04,56.85
P015,Unacceptable,451.19,307.49,6.57,50.37,35.59,0.09,0.95,5.72,52.5,166.48,2.16,0.75,50.01,56.59
P015,Unacceptable,678.24,100.29,10.08,61.8,31.34,2.25,0.93,0.85,27.86,175.93,5.0,2.37,45.86,33.42
P015,Unacceptable,499.68,179.11,19.45,54.74,56.96,0.05,0.14,3.32,57.23,254.94,2.92,4.13,34.14,43.87
P015,Unacceptable,644.92,179.1,1.87,48.75,1.08,1.0,0.56,2.91,38.64,140.7,4.18,1.38,46.88,34.97
P015,Unacceptable,420.23,422.15,12.2,48.25,61.69,0.78,1.03,3.33,55.95,222.82,3.47,2.52,42.47,49.35
P015,Unacceptable,446.3,174.46,15.96,51.05,39.85,0.13,0.87,3.4,35.71,117.39,5.37,4.28,57.85,46.32
P015,Unacceptable,231.93,403.51,11.63,59.04,13.17,1.67,0.52,3.86,52.39,225.19,4.76,4.64,52.73,40.46
P015,Unacceptable,606.76,175.86,6.14,51.42,2.52,0.79,1.02,2.25,60.62,168.33,5.39,4.71,53.12,63.55
P015,Unacceptable,358.88,116.0,1.86,49.56,13.71,2.8,0.48,1.5,44.22,200.23,3.94,4.67,38.38,48.19
P015,Unacceptable,445.78,264.97,3.85,49.11,49.21,0.89,0.89,4.26,56.51,187.95,3.36,4.55,55.45,59.38
P015,Unacceptable,565.3,102.65,12.7,48.45,51.54,2.59,0.23,4.05,53.8,174.12,4.4,1.22,55.42,36.92
P015,Unacceptable,444.95,217.67,16.88,41.27,18.41,2.08,1.02,2.94,43.16,327.59,5.38,2.89,41.96,63.41
P015,Unacceptable,293.08,359.21,18.94,43.47,6.9,1.45,0.19,4.11,48.93,247.17,1.97,1.7,66.51,52.91
P015,Unacceptable,474.65,314.34,6.72,69.53,51.42,2.33,0.31,4.54,48.68,203.31,1.07,4.03,34.69,32.41
P015,Unacceptable,213.84,360.64,22.71,43.47,19.71,2.04,0.11,6.31,38.35,115.79,2.2,3.75,55.57,62.71
P015,Unacceptable,883.99,299.71,6.92,39.78,7.33,2.81,0.71,1.76,52.15,139.68,3.92,5.54,59.85,28.23
P015,Unacceptable,187.79,493.67,15.31,40.62,3.36,1.06,0.28,0.88,54.77,298.04,1.71,6.73,48.24,64.05
P015,Unacceptable,630.15,313.73,16.21,49.35,29.57,1.94,0.32,4.88,47.29,205.64,2.98,1.15,42.6,35.15
P015,Unacceptable,376.51,225.49,15.86,54.86,28.19,2.46,1.17,1.12,29.23,206.58,1.31,4.21,56.99,52.37
P015,Unacceptable,810.99,407.89,5.88,39.87,41.56,2.14,0.55,3.87,39.98,143.77,1.58,1.94,41.47,29.03
P015,Unacceptable,471.66,427.13,17.45,39.45,27.03,1.44,0.95,2.41,56.11,215.2,3.13,3.55,49.21,43.42
P015,Unacceptable,636.44,241.3,15.39,37.23,29.49,0.03,1.27,2.57,31.92,269.4,6.13,4.67,56.96,55.47
P015,Unacceptable,405.12,86.71,20.47,34.61,11.86,0.26,1.25,2.69,41.83,201.68,2.82,0.78,50.06,49.45
P015,Unacceptable,996.77,226.02,19.98,56.37,58.04,0.29,0.46,1.37,53.84,141.74,1.73,3.67,35.47,48.18
P015,Unacceptable,548.1,131.49,18.77,64.66,39.54,2.74,0.46,1.71,63.22,206.52,5.08,2.86,33.31,69.01
P015,Unacceptable,485.45,438.09,2.81,48.9,38.15,3.09,0.42,4.61,51.82,292.9,1.03,0.68,43.23,62.32
P015,Unacceptable,750.17,223.97,2.98,44.56,12.16,0.14,0.96,5.65,44.89,269.19,5.04,1.38,49.02,36.7
P015,Unacceptable,318.6,87.26,15.98,48.48,51.15,1.74,0.54,2.54,35.68,277.02,5.08,4.15,32.87,35.98
P015,Unacceptable,224.1,228.02,17.61,44.86,1.75,0.07,0.56,2.32,51.77,265.18,3.67,1.15,55.42,66.59
P015,Unacceptable,933.37,85.14,17.78,37.12,19.43,1.91,0.66,0.83,39.9,206.66,2.09,1.61,60.6,34.26
P015,Unacceptable,325.31,447.48,19.42,58.71,55.29,0.35,0.15,2.92,31.91,204.05,2.58,5.08,52.65,47.51
P015,Unacceptable,698.55,289.61,13.97,43.59,19.26,2.07,0.02,5.99,48.43,247.9,2.58,0.85,43.29,45.34
P015,Unacceptable,649.38,110.28,8.47,39.46,10.74,2.5,0.92,4.9,41.03,278.94,4.7,2.2,53.11,59.07
P015,Unacceptable,697.06,461.44,4.42,50.59,22.02,1.78,0.46,2.34,37.56,211.66,3.38,5.38,43.94,57.48
P015,Unacceptable,749.33,278.82,1.16,46.01,1.76,0.9,0.1,3.28,50.16,237.06,2.1,6.43,43.61,48.75
P015,Unacceptable,454.03,151.65,2.83,56.57,17.44,2.53,0.7,4.37,27.01,166.3,5.8,2.89,46.19,58.94
P015,Unacceptable,324.37,211.25,16.59,50.74,20.8,2.36,0.4,4.17,61.41,173.32,4.74,3.74,48.76,51.36
P015,Unacceptable,855.57,309.15,4.73,34.4,5.72,1.04,0.73,5.01,35.95,254.47,3.43,1.26,51.67,66.93
P015,Unacceptable,605.05,62.17,5.68,41.39,3.84,0.8,0.95,5.6,52.12,151.2,3.51,4.92,42.46,41.52
P015,Unacceptable,462.87,543.61,15.93,44.93,28.53,1.38,1.24,6.62,45.46,157.09,0.86,6.07,38.8,45.12
P015,Unacceptable,302.28,173.91,18.24,61.41,11.82,2.6,0.99,3.96,46.73,195.12,3.48,3.23,32.56,58.17
P015,Unacceptable,953.56,241.63,24.36,46.17,14.25,0.87,0.99,3.51,52.56,191.81,1.12,4.58,59.41,44.68
P015,Unacceptable,729.59,372.41,19.54,49.57,20.84,0.95,0.32,1.37,29.18,332.72,4.33,0.63,47.56,52.17
P015,Unacceptable,526.74,332.24,3.17,42.62,13.62,0.47,0.68,2.02,28.58,122.64,3.15,4.02,58.07,38.62
P015,Unacceptable,899.15,281.83,1.72,58.99,36.04,0.89,1.24,3.22,37.57,150.88,2.74,1.74,48.61,39.6
P015,Unacceptable,767.44,302.31,22.75,59.95,2.6,0.96,1.06,4.44,46.24,143.13,0.99,2.36,52.58,40.74
P015,Unacceptable,428.61,523.75,13.16,58.74,56.96,3.22,0.99,2.9,30.59,283.01,2.04,2.35,60.75,32.59
P015,Unacceptable,283.15,361.61,6.62,43.51,8.17,0.02,0.46,3.78,37.99,252.85,1.38,4.77,40.82,56.86
P015,Unacceptable,501.55,306.34,3.57,54.36,25.18,2.46,0.29,2.38,32.11,233.08,1.37,1.38,57.14,34.52
P015,Unacceptable,646.72,344.53,11.2,52.26,57.48,0.99,0.18,3.57,63.4,322.36,2.97,3.23,47.24,50.3
P015,Unacceptable,266.46,402.92,27.38,48.63,0.46,1.37,0.55,3.89,53.1,154.33,0.76,0.95,54.78,56.66
P015,Unacceptable,413.89,135.88,6.79,41.4,14.54,0.46,0.84,5.7,38.11,206.04,1.51,3.85,50.15,33.44
P015,Unacceptable,201.95,399.79,20.94,51.73,10.55,2.45,0.4,2.0,44.2,212.78,2.05,0.89,45.29,40.37
P015,Unacceptable,889.3,188.62,25.64,40.14,8.57,0.79,0.69,2.9,45.63,141.9,4.12,3.73,49.04,53.04
P015,Unacceptable,441.3,366.77,18.71,51.63,11.13,2.95,1.18,2.81,35.39,282.93,2.28,4.86,49.8,49.77
P015,Unacceptable,440.65,387.31,14.39,46.5,2.15,3.01,0.98,1.87,34.34,223.24,5.11,4.79,65.81,41.94
P015,Unacceptable,797.59,92.4,12.89,31.49,45.63,3.19,1.06,1.49,39.38,245.71,0.91,1.92,41.67,55.53
P015,Unacceptable,531.57,328.92,6.25,37.01,14.93,1.0,0.64,2.1,38.26,151.32,1.85,3.43,49.1,56.94
P015,Unacceptable,218.72,99.88,0.85,40.82,33.74,2.06,0.09,5.69,35.36,162.17,4.22,5.65,51.2,36.77
P015,Unacceptable,613.79,341.73,7.28,41.41,53.44,0.38,0.67,5.16,31.99,132.93,5.0,2.22,38.88,28.74
P015,Unacceptable,238.0,223.29,4.51,59.11,13.86,2.24,0.74,1.18,52.64,273.15,5.27,3.81,28.75,37.96
P015,Unacceptable,566.34,117.43,0.95,53.29,15.11,1.74,1.33,1.47,40.22,127.18,5.5,2.61,55.28,39.52
P015,Unacceptable,779.16,133.21,18.08,48.28,45.61,2.14,0.21,3.62,38.49,186.75,4.84,3.56,52.79,48.03
P015,Unacceptable,418.94,428.37,23.26,46.42,43.7,1.68,0.91,4.16,46.62,173.49,1.05,6.32,58.66,62.18
P015,Unacceptable,720.88,340.82,22.5,42.44,3.94,1.43,1.35,2.99,44.89,264.56,5.54,4.4,50.11,54.02
P015,Unacceptable,627.65,381.87,21.62,57.11,20.63,2.16,0.1,3.53,40.17,195.92,1.13,4.44,45.85,58.63
P015,Unacceptable,390.97,465.05,21.14,42.72,35.54,0.3,0.7,2.88,46.86,294.11,1.98,5.83,34.22,36.12
P015,Unacceptable,596.62,396.56,3.25,57.17,45.06,1.17,0.66,3.7,47.5,141.01,4.68,2.75,29.59,45.46
P015,Unacceptable,287.28,236.16,22.61,42.95,33.91,2.73,0.06,2.17,36.18,153.69,1.86,1.43,45.8,44.32
P015,Unacceptable,733.63,112.34,5.61,57.62,56.47,1.65,1.18,6.6,33.58,234.0,1.15,6.05,46.65,40.61
P015,Unacceptable,931.24,389.58,14.22,47.05,17.34,2.62,0.72,4.09,55.85,118.72,4.78,3.23,43.83,57.73
P015,Unacceptable,370.41,70.88,10.32,39.75,41.58,0.75,0.55,3.91,41.63,231.92,1.95,1.54,48.72,45.12
P015,Unacceptable,921.97,163.52,7.69,53.97,43.72,1.64,1.08,3.88,43.2,214.78,2.88,6.58,39.16,67.91
P015,Unacceptable,863.65,445.27,1.51,55.08,15.45,1.03,0.0,4.61,41.78,238.62,1.9,5.81,42.78,31.17
P015,Unacceptable,586.87,312.46,17.76,42.13,52.24,1.88,0.9,3.97,35.64,226.61,4.37,2.0,46.6,46.93
P015,Unacceptable,227.21,360.59,15.33,50.67,29.78,0.73,0.26,3.2,52.51,342.28,1.37,4.11,65.35,44.0
P015,Unacceptable,491.72,162.08,21.69,54.87,41.54,0.55,0.48,6.39,40.71,262.85,3.13,4.95,38.34,40.06
P015,Unacceptable,468.78,353.27,22.12,41.32,9.52,0.37,0.52,2.34,39.72,245.04,5.33,5.34,42.1,45.13
P015,Unacceptable,984.41,175.06,15.39,40.16,38.56,1.33,0.66,2.27,44.21,234.22,1.04,2.49,59.77,44.44
P015,Unacceptable,382.21,74.6,9.2,38.69,3.8,0.96,0.31,2.02,49.46,290.73,3.69,3.97,33.62,35.0
P015,Unacceptable,872.85,160.68,1.28,48.76,10.61,2.42,0.37,1.87,35.65,190.54,4.83,0.92,43.39,48.86
P015,Unacceptable,622.11,97.49,20.32,44.13,52.31,0.81,0.37,1.44,58.97,132.64,4.08,3.05,44.37,52.45
P015,Unacceptable,639.58,72.69,15.27,45.04,56.13,1.62,0.76,4.78,46.73,296.29,5.52,3.72,40.86,55.82
P015,Unacceptable,566.4,108.24,12.99,41.66,45.45,2.41,1.19,2.06,62.53,289.26,0.92,1.97,47.34,44.1
P015,Unacceptable,360.03,492.91,6.66,46.61,16.95,0.47,0.45,4.3,32.27,264.99,2.59,4.01,46.88,41.29
P015,Unacceptable,570.17,177.39,5.94,58.9,4.49,0.33,0.9,5.83,68.59,246.66,1.0,2.14,34.49,38.69
P015,Unacceptable,753.71,278.88,3.91,52.4,57.13,1.17,0.32,5.31,57.9,236.99,2.17,2.64,59.67,43.2
P015,Unacceptable,809.41,444.52,5.03,38.05,10.63,0.24,0.58,2.87,34.31,278.74,2.41,3.88,59.89,43.89
P015,Unacceptable,992.54,408.05,10.73,40.37,52.81,1.79,0.51,3.57,32.69,122.12,4.0,6.02,44.37,34.15
P015,Unacceptable,721.06,245.97,20.04,39.82,59.57,0.76,1.21,2.37,60.98,111.23,6.07,1.21,46.68,36.72
P015,Unacceptable,275.73,117.33,1.87,48.67,43.36,0.13,0.65,4.46,32.82,146.92,4.99,2.13,59.64,55.35
P015,Unacceptable,308.44,197.02,11.01,41.86,61.99,1.48,0.81,1.43,40.61,179.79,4.01,1.68,38.0,49.43
P016,Excellent,753.06,559.81,25.99,84.04,4.61,0.55,0.81,1.92,112.56,572.93,1.79,3.24,113.68,77.74
P016,Excellent,1614.74,958.02,31.89,120.19,61.25,0.43,0.03,10.17,103.53,252.38,10.17,8.94,97.2,75.31
P016,Excellent,1437.07,848.62,16.51,81.3,75.9,3.98,1.82,11.63,61.07,528.72,8.08,11.95,99.95,57.76
P016,Excellent,787.94,404.98,38.51,102.68,13.49,1.3,1.07,3.58,81.67,633.45,9.42,8.2,87.19,64.61
P016,Excellent,1273.45,292.35,31.3,88.18,1.01,1.74,1.38,10.1,66.58,404.03,7.14,8.99,64.92,92.61
P016,Excellent,1199.68,919.33,44.62,71.7,66.39,5.38,1.88,10.66,92.03,538.75,3.54,9.81,92.69,98.36
P016,Excellent,1058.09,707.7,7.54,97.67,16.04,2.49,1.56,10.15,76.8,622.43,5.89,12.75,64.9,98.19
P016,Excellent,1535.43,517.87,14.19,114.41,18.31,2.5,2.0,7.96,86.37,443.87,6.15,6.08,69.51,88.19
P016,Excellent,741.98,309.41,40.87,106.94,85.39,3.69,1.47,6.96,80.44,293.4,7.99,4.48,100.52,70.45
P016,Excellent,956.07,719.92,45.69,99.06,44.17,0.8,2.24,11.23,94.43,395.96,9.9,10.63,109.59,76.35
P016,Excellent,1087.74,885.79,15.73,85.83,85.01,5.51,1.57,3.17,74.36,423.86,7.42,7.3,88.67,90.03
P016,Excellent,933.89,348.25,27.6,72.57,100.7,0.84,2.43,11.82,86.33,470.22,1.59,7.82,101.32,119.59
P016,Excellent,1034.45,358.01,6.96,100.82,2.51,3.91,2.51,7.42,119.53,269.95,11.71,12.17,89.69,64.41
P016,Excellent,754.12,264.81,5.98,113.49,91.32,2.21,0.9,6.81,61.65,476.34,7.44,11.27,65.11,94.74
P016,Excellent,1340.3,754.35,35.42,111.22,65.94,0.7,1.08,1.68,72.41,271.28,3.81,9.4,80.88,64.23
P016,Excellent,787.44,816.35,38.34,124.88,16.64,2.92,0.41,4.28,79.44,356.02,9.69,6.82,105.21,68.1
P016,Excellent,870.32,596.2,30.05,83.84,34.04,5.02,1.01,11.59,71.32,349.99,9.55,8.55,69.81,98.46
P016,Excellent,1287.28,196.54,6.77,98.88,0.58,0.83,1.09,7.96,109.88,411.42,6.95,10.17,64.46,126.25
P016,Excellent,1373.61,696.61,23.79,108.91,87.54,4.07,2.41,4.34,94.63,314.81,8.63,7.18,122.41,90.14
P016,Excellent,934.64,427.17,49.63,102.31,18.16,3.23,0.8,7.91,73.67,373.51,4.89,6.97,117.18,83.77
P016,Excellent,1644.21,129.07,37.85,76.85,27.09,5.24,0.32,2.51,102.59,408.22,4.57,6.94,110.31,100.89
P016,Excellent,1285.6,213.25,29.22,84.32,5.6,1.36,0.58,3.3,120.5,326.84,6.22,9.18,72.47,74.82
P016,Excellent,1872.88,142.1,21.21,84.15,10.93,6.27,1.92,3.55,88.84,378.73,6.67,8.29,66.5,94.04
P016,Excellent,835.28,801.76,19.96,75.98,34.82,5.58,0.41,10.67,79.13,401.28,8.28,7.4,107.15,111.18
P016,Excellent,650.4,895.35,13.32,76.42,1.18,5.65,0.85,11.8,123.87,273.91,6.87,9.81,112.47,101.36
P016,Excellent,1647.05,210.11,8.41,77.54,11.67,3.18,0.71,10.49,115.56,335.12,11.45,3.14,71.78,80.0
P016,Excellent,1082.27,382.02,22.46,102.35,9.54,3.45,0.04,4.74,108.35,606.07,5.63,5.7,64.74,85.16
P016,Excellent,836.76,903.3,22.97,83.27,98.3,4.63,1.58,3.82,96.81,629.64,1.7,7.94,71.47,96.87
P016,Excellent,796.61,252.67,32.3,79.35,85.37,0.85,1.87,1.41,83.33,380.5,11.61,4.6,106.24,125.75
P016,Excellent,1087.66,154.22,34.21,105.77,66.23,2.51,1.56,8.88,92.76,301.56,12.09,5.69,104.39,74.45
P016,Excellent,603.62,618.8,3.94,92.74,50.26,4.89,2.39,8.29,116.97,407.88,3.04,9.55,107.97,123.37
P016,Excellent,1793.66,585.77,14.81,88.61,79.77,2.24,0.31,10.96,88.14,532.63,11.95,10.48,75.03,67.84
P016,Excellent,1248.51,374.09,42.33,97.62,27.28,2.78,1.31,8.56,98.33,422.74,9.36,10.77,112.09,85.34
P016,Excellent,1448.58,145.76,8.67,121.9,109.5,0.78,1.92,11.67,124.86,399.22,4.16,2.52,108.02,86.14
P016,Excellent,1101.36,130.95,42.59,87.13,35.4,5.3,0.4,2.84,103.27,446.42,11.64,4.27,91.61,128.3
P016,Excellent,1018.82,395.18,28.23,85.11,37.37,6.31,0.78,6.1,65.56,513.74,5.49,3.58,104.33,107.76
P016,Excellent,1635.62,325.9,46.02,88.12,5.46,4.14,0.59,5.67,117.98,287.88,4.42,10.49,84.85,98.65
P016,Excellent,862.59,876.33,48.42,102.55,77.77,2.09,2.01,6.72,88.94,509.48,11.61,2.16,95.01,70.45
P016,Excellent,1007.6,612.74,39.21,86.77,42.06,1.16,0.84,11.01,90.31,251.86,10.92,12.05,79.54,112.62
P016,Excellent,549.36,621.81,5.45,74.66,38.03,2.77,1.04,10.11,115.52,283.93,9.74,3.01,111.46,87.06
P016,Excellent,622.57,843.57,2.72,82.32,60.53,4.01,2.25,6.42,75.42,340.7,2.88,10.95,70.42,109.73
P016,Excellent,1913.05,740.89,8.95,82.84,58.77,1.68,1.92,6.73,122.19,499.14,6.53,11.02,68.92,99.28
P016,Excellent,747.88,454.96,9.96,79.79,38.35,0.95,1.14,3.02,84.17,380.33,5.01,5.12,100.24,113.52
P016,Excellent,727.11,679.87,50.07,69.75,5.5,4.42,1.46,3.22,109.86,294.21,1.63,5.08,111.24,116.54
P016,Excellent,1371.66,248.69,16.13,94.59,114.07,0.9,0.01,2.81,62.09,514.62,9.88,7.06,118.25,104.92
P016,Excellent,636.45,285.39,23.86,95.18,117.98,3.24,0.26,5.07,123.08,279.98,9.15,2.53,98.32,71.19
P016,Excellent,1244.45,860.58,24.11,71.79,80.71,3.41,0.53,10.02,91.69,274.98,8.44,6.03,86.87,126.67
P016,Excellent,1117.73,470.62,20.1,78.03,42.15,3.03,1.51,6.24,75.76,417.96,7.33,10.71,110.24,90.33
P016,Excellent,1406.87,839.07,5.5,101.7,75.18,1.94,0.13,6.21,67.14,400.89,1.26,5.97,97.96,101.12
P016,Excellent,856.14,379.02,42.17,73.72,109.61,1.93,1.79,7.38,101.57,452.93,1.66,5.32,103.34,104.44
P016,Excellent,546.05,599.77,27.01,97.27,42.12,3.53,2.31,5.43,101.41,302.31,7.99,5.73,79.84,104.37
P016,Excellent,607.75,237.92,31.65,101.82,81.45,1.58,2.06,10.13,85.11,429.91,9.47,5.54,89.9,115.06
P016,Excellent,610.07,515.29,6.03,121.76,56.66,0.56,1.57,4.23,73.19,472.75,9.75,7.51,108.48,63.47
P016,Excellent,1004.33,401.2,15.2,85.46,107.81,4.36,0.76,10.61,67.81,329.88,5.92,10.31,82.05,115.63
P016,Excellent,1163.56,580.42,19.47,97.49,13.87,4.72,1.33,2.18,95.76,351.75,8.63,2.28,75.56,72.11
P016,Excellent,624.37,655.85,30.88,111.8,55.93,1.97,1.58,9.58,66.89,337.63,5.09,2.37,113.67,94.31
P016,Excellent,754.78,496.14,9.99,92.6,76.97,0.8,1.49,6.98,61.84,443.06,10.23,4.09,94.84,111.11
P016,Excellent,1709.7,357.56,27.34,116.83,35.47,0.75,0.68,10.08,101.91,561.11,9.28,9.52,93.81,108.75
P016,Excellent,1148.69,760.68,1.27,89.16,103.05,3.69,0.26,3.11,107.28,443.48,9.96,6.02,122.01,91.72
P016,Excellent,1399.52,511.15,19.94,106.25,56.74,0.69,0.53,3.38,57.64,346.51,6.02,5.42,90.9,110.85
P016,Excellent,1565.28,587.65,28.4,70.31,1.39,5.02,1.17,5.04,60.39,597.99,11.53,8.58,97.41,91.64
P016,Excellent,1197.46,372.41,3.5,116.2,102.32,2.02,0.23,9.16,111.46,554.22,3.06,10.24,117.79,61.98
P016,Excellent,1515.65,759.26,39.66,86.51,76.82,1.07,2.39,1.95,118.34,482.21,8.4,2.73,124.54,95.48
P016,Excellent,785.34,809.69,15.26,109.02,89.63,1.01,2.12,6.8,102.06,319.74,8.77,4.9,75.31,108.85
P016,Excellent,1132.76,895.32,39.9,107.85,2.29,4.22,0.75,9.3,109.91,523.85,10.62,8.85,102.38,124.64
P016,Excellent,1029.44,346.02,39.68,80.08,128.02,0.69,1.41,11.14,77.25,355.43,12.17,5.7,69.6,109.91
P016,Excellent,792.23,627.95,36.68,113.54,91.11,1.51,0.35,7.0,106.17,366.39,10.22,8.51,84.73,115.18
P016,Excellent,1324.12,510.74,8.09,88.86,68.82,2.68,1.47,3.92,99.02,498.28,4.13,10.67,102.05,116.75
P016,Excellent,572.68,715.92,29.72,107.81,111.28,2.82,1.04,5.69,101.78,517.75,4.07,11.44,98.66,92.19
P016,Excellent,1869.32,843.37,18.61,95.14,8.69,3.49,0.18,8.92,63.31,247.52,2.98,10.78,81.55,72.2
P016,Excellent,714.81,264.74,6.8,84.55,30.44,2.94,1.97,3.04,115.6,401.06,9.34,5.33,68.42,114.06
P016,Excellent,1460.1,424.1,6.42,105.46,63.18,1.27,0.16,3.14,70.47,260.1,3.6,7.52,105.05,112.15
P016,Excellent,771.1,321.13,28.57,99.56,55.3,2.89,1.88,1.7,98.38,543.99,10.48,7.69,127.94,98.29
P016,Excellent,1661.23,419.82,35.91,101.57,41.81,3.44,1.47,1.84,65.36,450.33,2.42,2.54,79.0,87.3
P016,Excellent,796.75,135.98,35.59,106.91,66.74,3.65,2.4,3.01,119.29,381.45,3.21,9.59,125.32,80.55
P016,Excellent,483.49,500.87,45.15,69.55,28.47,4.75,1.77,3.85,98.04,311.78,8.38,1.91,71.42,68.22
P016,Excellent,489.38,835.11,18.58,90.0,28.97,6.01,0.32,1.73,65.53,423.14,4.7,2.09,78.6,100.77
P016,Excellent,1809.53,453.0,10.5,123.95,29.86,1.92,0.29,2.01,100.02,466.61,4.37,1.93,80.62,94.43
P016,Excellent,1035.85,594.19,24.57,103.67,35.26,4.77,0.22,5.2,108.08,260.46,2.59,4.02,77.54,99.3
P016,Excellent,1179.47,791.23,27.9,108.97,59.54,4.08,0.73,5.06,109.48,309.08,4.69,7.34,68.69,82.27
P016,Excellent,1616.42,260.7,20.73,104.38,23.87,4.93,0.95,11.08,63.99,288.78,7.26,2.37,85.85,113.24
P016,Excellent,931.54,188.96,38.46,104.47,117.95,4.15,0.89,6.94,88.37,589.43,5.23,5.82,57.94,103.19
P016,Excellent,1397.84,574.64,38.46,84.28,34.08,4.5,1.49,2.13,60.8,478.53,10.53,6.0,117.67,128.19
P016,Excellent,1834.4,560.27,38.55,111.73,110.99,0.98,1.93,3.84,74.23,259.25,7.66,8.87,112.04,69.33
P016,Excellent,1563.94,960.4,30.36,113.33,69.69,3.51,1.41,2.65,94.21,380.32,2.93,8.01,83.96,68.81
P016,Excellent,686.89,539.32,35.34,88.43,68.81,6.2,1.45,3.23,82.44,266.22,3.62,4.83,72.38,108.65
P016,Excellent,662.93,489.47,6.21,100.74,44.2,4.22,0.35,8.85,63.12,271.47,4.13,4.05,88.47,75.69
P016,Excellent,554.93,329.8,1.66,79.43,84.91,2.39,0.06,6.52,77.77,501.76,11.01,9.62,68.13,79.61
P016,Excellent,688.66,769.45,43.15,93.61,91.16,5.67,0.1,4.89,100.47,329.36,11.54,3.86,91.11,103.84
P016,Excellent,1664.62,485.07,30.51,105.35,42.01,6.1,1.6,7.4,96.35,330.47,2.1,5.05,84.06,101.63
P016,Excellent,1162.18,646.28,27.24,97.48,36.94,5.87,2.38,10.1,94.5,539.61,11.63,5.79,84.56,125.67
P016,Excellent,1353.23,415.81,40.28,75.19,79.98,1.29,1.58,9.76,63.14,303.03,3.81,1.9,64.42,103.61
P016,Excellent,1600.69,413.68,16.2,67.82,89.96,4.34,2.47,2.65,97.81,489.96,7.87,6.94,65.94,69.16
P016,Excellent,1797.34,776.63,10.91,87.28,106.78,3.49,0.23,3.77,111.47,286.2,6.0,11.1,103.07,95.6
P016,Excellent,1054.82,307.24,5.51,93.97,104.92,4.64,1.03,8.02,62.13,546.65,1.34,2.07,102.51,101.09
P016,Excellent,547.79,604.23,43.04,95.36,57.28,5.07,2.04,10.8,86.68,402.1,4.53,9.16,71.63,69.83
P016,Excellent,977.09,132.22,5.65,77.67,77.4,5.31,0.81,10.84,76.01,462.69,6.81,8.61,122.37,81.09
P016,Excellent,1462.04,312.1,37.27,99.53,102.59,2.63,0.44,11.13,98.05,553.6,12.41,4.34,82.76,104.49
P016,Excellent,412.01,940.43,41.39,102.67,40.81,1.38,1.32,7.81,87.06,472.85,11.86,4.76,77.41,107.04
P016,Excellent,883.09,501.05,9.8,103.48,69.14,4.86,1.64,6.82,110.91,330.27,1.91,9.38,114.85,69.63
P017,Needs Improvement,452.27,310.04,1.67,64.16,6.63,1.82,0.19,4.05,67.09,286.84,1.17,2.3,52.94,76.32
P017,Needs Improvement,635.17,608.7,12.3,48.88,12.75,1.95,0.92,1.56,51.84,291.85,3.63,1.64,47.75,72.29
P017,Needs Improvement,864.3,210.14,2.79,62.37,34.67,3.02,1.44,1.61,69.93,146.08,3.21,2.79,73.65,47.61
P017,Needs Improvement,506.7,354.12,9.99,54.97,48.88,3.36,0.62,1.78,47.4,240.33,6.3,5.66,64.9,57.15
P017,Needs Improvement,736.36,259.3,17.71,58.57,64.75,3.44,0.14,3.28,70.16,228.12,2.8,7.37,44.65,52.36
P017,Needs Improvement,936.89,90.23,20.53,50.11,10.79,2.29,1.1,1.43,59.06,268.0,4.2,0.92,67.58,70.8
P017,Needs Improvement,744.12,335.69,29.15,63.44,60.86,2.06,0.31,1.67,47.96,342.74,1.33,3.6,61.2,38.82
P017,Needs Improvement,737.51,87.48,5.06,65.38,63.53,2.77,0.88,6.31,65.8,183.85,1.11,6.55,54.65,37.97
P017,Needs Improvement,983.68,485.06,1.66,69.4,46.79,3.24,1.46,3.89,66.77,346.44,4.54,5.28,58.28,60.72
P017,Needs Improvement,975.49,484.44,17.71,58.6,56.19,3.52,0.97,1.75,57.6,347.1,6.45,1.68,69.21,55.4
P017,Needs Improvement,754.85,91.32,23.37,70.48,2.1,1.87,0.29,4.21,42.87,280.34,6.33,7.79,49.39,38.58
P017,Needs Improvement,758.78,281.28,22.74,47.51,9.98,1.27,0.1,2.56,55.54,208.8,5.15,7.07,73.3,49.42
P017,Needs Improvement,416.28,547.43,12.97,52.73,18.99,3.36,0.01,4.39,57.72,173.03,2.28,2.51,66.74,53.99
P017,Needs Improvement,713.03,324.32,5.91,55.42,67.17,1.67,0.33,3.85,47.45,327.51,5.06,2.97,42.85,71.68
P017,Needs Improvement,1076.13,279.99,25.48,60.3,40.77,2.85,0.75,1.09,70.64,342.9,1.57,3.81,37.81,58.59
P017,Needs Improvement,937.57,101.19,16.16,71.54,11.17,1.81,1.23,6.49,36.87,287.32,2.25,2.14,71.99,54.49
P017,Needs Improvement,970.82,380.94,25.67,71.77,27.87,0.7,0.09,6.78,64.18,177.24,5.94,1.99,60.38,47.33
P017,Needs Improvement,826.75,381.99,30.53,60.32,45.74,2.87,0.47,4.26,41.52,155.66,5.85,5.89,59.96,71.9
P017,Needs Improvement,762.92,94.58,30.79,68.79,10.14,0.2,1.23,3.42,72.87,325.04,3.99,3.45,40.5,51.67
P017,Needs Improvement,368.35,216.23,3.86,58.32,40.39,0.03,0.73,7.08,36.81,257.62,7.7,4.46,50.03,64.39
P017,Needs Improvement,506.49,364.36,21.98,63.04,53.4,2.02,0.17,6.52,56.9,243.32,2.78,1.07,60.7,61.89
P017,Needs Improvement,628.83,517.27,4.38,58.33,69.14,3.78,1.2,1.7,55.92,196.83,6.51,6.78,61.71,42.41
P017,Needs Improvement,289.75,185.09,13.38,76.82,2.33,2.85,1.28,6.47,61.01,221.74,1.51,3.62,43.47,59.51
P017,Needs Improvement,572.21,501.42,12.67,69.97,13.55,1.5,1.03,5.33,56.05,221.13,3.76,1.91,67.44,43.22
P017,Needs Improvement,861.12,104.32,17.55,54.01,25.2,2.27,1.11,4.37,59.19,201.7,6.99,3.04,47.29,74.1
P017,Needs Improvement,974.17,562.6,1.31,66.64,38.08,2.88,0.76,2.57,47.82,216.36,1.98,1.67,44.35,44.19
P017,Needs Improvement,339.86,262.27,1.79,64.39,34.32,1.61,0.86,4.75,40.8,376.03,1.25,2.05,61.93,57.34
P017,Needs Improvement,253.03,290.78,9.43,71.2,64.95,3.63,1.35,2.33,61.94,230.99,5.84,6.95,40.5,60.51
P017,Needs Improvement,1066.12,309.54,27.27,52.24,35.2,1.14,0.86,6.65,46.85,321.58,1.39,1.94,48.47,63.69
P017,Needs Improvement,577.26,565.26,22.14,53.86,32.9,3.36,0.93,4.4,41.86,300.76,5.69,1.32,56.7,68.4
P017,Needs Improvement,1011.71,357.41,19.96,51.87,20.51,2.36,0.03,6.32,64.86,305.18,4.14,1.25,59.97,52.02
P017,Needs Improvement,848.94,243.47,21.2,50.44,35.37,3.74,0.11,6.51,46.27,375.8,2.49,3.73,47.57,55.14
P017,Needs Improvement,1018.49,334.17,10.45,71.41,55.17,0.57,1.39,3.72,43.03,172.91,5.51,6.58,44.01,71.38
P017,Needs Improvement,1086.07,514.21,17.82,64.74,21.29,2.71,0.06,1.75,41.75,238.36,4.33,1.34,39.86,56.91
P017,Needs Improvement,817.37,428.87,29.96,56.86,12.93,0.34,0.39,2.48,43.55,167.2,0.8,7.5,39.1,63.97
P017,Needs Improvement,939.17,312.65,25.76,53.7,19.1,0.12,0.48,7.29,64.6,315.66,4.95,1.55,67.47,62.7
P017,Needs Improvement,706.75,398.53,7.8,45.92,58.93,0.46,1.23,2.11,55.97,209.82,6.91,0.97,61.07,62.48
P017,Needs Improvement,373.6,192.94,7.23,49.43,19.06,0.1,1.06,1.53,52.72,167.05,2.26,0.74,43.95,45.38
P017,Needs Improvement,1066.56,623.09,8.71,60.04,71.19,2.8,1.48,2.69,73.36,347.67,2.92,6.59,54.98,64.03
P017,Needs Improvement,707.63,164.78,28.45,48.82,24.8,2.02,0.34,2.89,55.11,338.35,1.5,1.34,64.66,75.45
P017,Needs Improvement,536.64,334.37,17.26,49.42,63.59,3.63,0.23,6.87,37.47,182.26,5.99,3.34,46.44,69.87
P017,Needs Improvement,536.58,292.27,10.95,64.91,29.34,1.79,1.3,1.88,68.83,219.31,1.71,4.61,67.95,70.77
P017,Needs Improvement,1065.78,616.84,3.5,70.75,13.19,2.17,0.24,1.77,46.08,328.7,4.78,6.72,47.38,38.63
P017,Needs Improvement,584.12,421.44,15.31,66.65,17.7,0.68,0.89,6.27,52.69,260.53,2.12,4.18,67.22,67.55
P017,Needs Improvement,736.78,384.77,15.43,47.79,45.31,0.31,0.12,4.46,72.47,353.38,3.31,1.82,71.83,49.0
P017,Needs Improvement,679.42,142.89,16.7,60.57,51.26,1.05,0.99,1.59,50.21,375.4,5.7,1.95,69.7,75.01
P017,Needs Improvement,473.95,438.4,6.31,56.89,2.85,2.56,0.38,6.81,73.67,376.71,2.89,2.65,57.77,76.43
P017,Needs Improvement,1103.0,313.99,16.3,68.97,38.9,2.08,0.75,6.17,76.4,316.56,4.56,4.36,47.82,44.21
P017,Needs Improvement,661.32,169.95,8.18,52.18,1.29,2.7,0.51,2.88,53.37,236.6,6.56,3.09,57.81,72.64
P017,Needs Improvement,312.9,85.23,12.32,72.98,67.24,3.06,1.52,1.68,74.14,179.56,2.38,4.62,39.98,73.26
P017,Needs Improvement,904.5,288.53,13.62,53.67,29.66,2.55,0.46,6.15,48.28,199.67,3.3,4.49,39.79,45.43
P017,Needs Improvement,892.52,252.32,18.38,48.15,76.24,3.63,0.34,2.86,58.1,205.13,2.87,4.55,70.66,56.35
P017,Needs Improvement,605.96,150.85,20.54,73.48,22.43,3.25,1.31,7.28,53.01,165.52,5.71,3.38,51.07,58.38
P017,Needs Improvement,275.36,79.28,22.2,47.53,59.34,2.76,0.84,7.01,53.8,243.66,4.84,2.91,71.51,50.05
P017,Needs Improvement,305.06,269.05,24.36,45.69,31.74,2.07,1.36,5.1,48.94,175.62,3.26,1.46,74.22,45.33
P017,Needs Improvement,221.63,262.51,8.77,66.63,38.04,2.42,0.84,3.09,56.6,302.65,4.98,6.65,72.61,41.57
P017,Needs Improvement,583.32,354.21,14.03,63.45,61.47,2.18,0.66,2.13,66.66,197.05,2.85,1.72,77.63,70.01
P017,Needs Improvement,462.42,484.88,1.99,58.1,4.65,2.4,0.33,3.6,47.06,211.39,3.66,4.89,49.96,57.99
P017,Needs Improvement,874.61,444.73,18.69,52.36,34.65,3.4,0.95,1.28,66.97,188.96,2.68,4.95,36.57,58.06
P017,Needs Improvement,731.92,147.36,20.17,58.27,40.01,0.39,0.77,3.54,49.06,293.56,7.13,1.3,66.14,43.26
P017,Needs Improvement,626.8,494.19,3.34,42.8,72.67,2.63,0.39,5.13,49.79,344.08,3.75,1.77,45.3,69.02
P017,Needs Improvement,640.47,328.04,27.26,47.11,41.26,0.64,0.94,4.94,53.75,315.85,1.75,4.48,62.61,42.62
P017,Needs Improvement,324.23,296.75,14.32,52.14,57.53,1.99,1.28,1.41,56.38,240.84,4.95,6.44,66.87,72.57
P017,Needs Improvement,413.97,422.8,26.35,51.16,23.91,2.53,1.19,5.72,41.35,348.88,4.84,3.47,42.1,57.5
P017,Needs Improvement,283.06,253.7,21.91,60.4,65.32,0.7,1.35,6.55,55.01,219.51,2.67,4.67,39.31,57.53
P017,Needs Improvement,457.27,272.42,6.98,73.15,26.14,0.42,1.45,6.08,63.04,335.67,2.71,6.14,61.04,54.36
P017,Needs Improvement,496.3,130.77,7.41,52.2,72.87,2.36,1.06,5.02,69.69,243.11,7.03,4.63,73.3,53.99
P017,Needs Improvement,357.75,465.33,9.76,69.67,17.42,1.82,1.43,5.94,60.99,213.03,6.29,6.34,42.06,44.61
P017,Needs Improvement,366.23,148.01,27.86,72.9,17.56,1.71,1.36,4.68,37.82,288.9,4.57,5.36,56.88,42.67
P017,Needs Improvement,672.62,459.68,15.85,52.41,60.8,2.64,0.97,6.97,53.99,200.49,6.93,3.36,58.71,59.7
P017,Needs Improvement,994.43,431.04,21.74,68.82,17.3,0.42,0.72,4.66,47.22,386.94,1.96,0.81,61.12,66.93
P017,Needs Improvement,705.4,557.81,9.15,54.19,27.23,2.63,1.17,5.55,50.39,279.64,4.15,7.38,71.86,55.94
P017,Needs Improvement,1044.52,249.97,13.65,55.31,4.12,1.62,1.09,2.11,69.99,221.25,6.82,5.4,52.25,54.28
P017,Needs Improvement,499.48,418.08,21.09,49.89,8.68,0.38,0.25,4.74,37.14,172.87,5.03,7.54,47.59,43.69
P017,Needs Improvement,596.51,567.74,21.85,65.62,44.18,0.31,0.62,6.74,72.07,253.45,5.58,4.06,62.26,47.82
P017,Needs Improvement,288.27,270.44,31.05,65.1,47.48,0.99,0.97,3.35,75.96,291.48,1.46,3.57,65.87,68.4
P017,Needs Improvement,851.17,506.64,14.22,71.38,57.78,3.73,0.68,7.86,38.74,343.94,7.25,3.43,41.32,59.04
P017,Needs Improvement,760.12,562.92,18.94,72.62,13.74,3.34,0.35,4.41,60.85,166.99,4.21,2.47,72.35,48.38
P017,Needs Improvement,591.21,531.63,6.11,73.41,44.62,1.35,0.04,7.41,56.47,369.71,6.46,5.99,53.81,39.45
P017,Needs Improvement,278.69,125.38,1.84,67.34,48.51,1.26,1.26,2.19,77.69,184.91,6.09,3.64,39.95,66.45
P017,Needs Improvement,383.68,269.36,9.92,63.2,61.94,0.83,0.53,2.44,55.01,357.4,2.47,6.06,66.26,41.07
P017,Needs Improvement,653.3,606.78,19.97,54.27,63.1,2.59,0.98,5.05,57.35,315.51,4.59,2.09,68.72,70.49
P017,Needs Improvement,427.03,616.54,4.55,47.4,24.04,2.04,0.63,3.62,54.51,246.22,2.12,2.83,53.42,77.79
P017,Needs Improvement,752.52,235.22,3.05,71.85,31.4,1.23,0.62,6.91,75.59,225.56,6.27,5.91,46.72,65.96
P017,Needs Improvement,886.74,569.18,24.28,59.67,34.01,2.06,0.51,4.03,60.79,328.48,3.47,1.59,69.73,58.1
P017,Needs Improvement,616.13,365.7,17.63,44.74,56.14,0.91,1.15,2.77,53.5,317.13,4.03,1.8,46.87,40.64
P017,Needs Improvement,757.34,224.69,14.08,56.6,43.44,0.8,0.8,0.94,42.73,182.92,1.41,2.74,57.63,40.23
P017,Needs Improvement,330.35,526.21,7.48,62.56,57.43,3.71,1.39,6.28,49.6,187.56,7.25,3.72,47.17,73.45
P017,Needs Improvement,886.22,481.53,21.79,58.82,16.68,0.46,0.78,1.71,61.83,292.19,6.86,2.08,43.38,54.24
P017,Needs Improvement,440.64,245.68,18.9,48.1,48.3,2.81,0.5,6.44,53.98,229.23,3.06,5.02,61.57,55.23
P017,Needs Improvement,878.86,584.58,3.22,56.11,47.83,2.63,0.71,6.02,40.24,282.7,2.96,3.76,41.32,44.93
P017,Needs Improvement,565.37,164.91,12.67,65.17,25.98,2.05,1.21,6.98,46.83,200.21,4.75,4.83,39.83,52.1
P017,Needs Improvement,462.36,429.7,29.29,45.13,25.7,1.84,0.95,1.01,44.35,225.52,5.81,4.63,63.67,45.93
P017,Needs Improvement,275.0,196.63,15.95,63.78,38.25,3.55,0.7,2.28,43.97,169.17,2.13,7.43,55.32,41.1
P017,Needs Improvement,861.13,273.95,7.78,62.17,2.82,0.48,0.86,5.52,61.73,374.01,4.06,5.33,41.23,51.64
P017,Needs Improvement,475.78,144.8,16.9,53.96,48.59,1.0,0.97,3.26,49.13,253.75,1.75,7.42,65.61,58.54
P017,Needs Improvement,1047.92,588.08,12.45,70.64,25.64,1.84,1.16,4.47,51.32,183.34,2.9,7.83,44.08,75.5
P017,Needs Improvement,1049.45,195.26,17.04,59.98,42.64,2.24,0.42,5.58,41.0,318.57,2.06,2.77,65.68,46.04
P017,Needs Improvement,868.48,95.08,17.69,45.48,49.45,1.85,1.0,2.44,65.62,289.3,6.27,7.16,41.98,75.33
P017,Needs Improvement,453.57,373.61,7.52,65.84,33.35,3.43,0.03,6.01,63.64,158.93,6.75,1.17,65.72,60.57
P018,Needs Improvement,267.79,485.85,5.61,47.36,50.27,1.29,1.4,4.19,52.81,348.3,4.66,5.6,70.9,44.36
P018,Needs Improvement,650.28,485.05,20.14,72.88,47.61,0.36,0.24,4.98,58.55,169.33,4.03,1.33,51.89,57.97
P018,Needs Improvement,704.45,481.03,29.75,59.13,30.18,0.47,1.53,3.86,56.89,182.97,3.1,1.75,52.09,66.67
P018,Needs Improvement,801.36,305.25,25.22,52.62,73.19,1.66,0.91,5.91,50.9,360.73,6.6,5.21,44.08,60.89
P018,Needs Improvement,764.29,514.72,4.77,59.2,62.88,2.43,0.5,4.19,62.11,306.28,2.9,0.82,49.93,69.59
P018,Needs Improvement,1154.95,577.7,14.66,72.97,8.47,1.61,0.96,5.12,39.64,168.52,6.89,2.18,49.27,63.23
P018,Needs Improvement,296.87,127.49,13.87,44.56,34.39,0.43,1.21,3.17,54.9,150.74,1.78,1.49,62.95,70.21
P018,Needs Improvement,748.02,95.63,4.33,67.71,36.07,1.89,0.5,6.65,66.36,312.04,6.05,1.37,70.66,65.27
P018,Needs Improvement,291.43,286.38,21.11,65.26,1.73,0.62,0.83,1.98,67.08,252.15,6.55,4.05,37.62,59.69
P018,Needs Improvement,1035.34,156.0,21.59,73.27,56.97,3.18,0.22,6.59,43.14,329.63,2.6,7.48,42.41,67.92
P018,Needs Improvement,270.9,354.33,30.2,59.34,52.26,2.47,0.95,6.56,42.47,317.5,2.2,6.87,64.85,65.11
P018,Needs Improvement,342.65,492.11,18.8,47.56,55.89,2.36,1.03,2.79,46.21,192.49,1.6,6.87,57.22,71.36
P018,Needs Improvement,853.35,447.24,6.66,67.23,57.99,3.62,0.85,2.63,78.36,334.86,4.74,2.11,53.04,73.24
P018,Needs Improvement,706.57,543.05,16.0,62.08,47.22,2.73,0.67,5.22,41.48,148.98,6.63,2.23,41.86,51.37
P018,Needs Improvement,509.18,460.05,1.29,68.39,23.0,0.44,0.73,5.68,61.8,209.16,2.01,7.88,62.08,54.76
P018,Needs Improvement,495.28,414.27,25.59,51.24,74.47,0.01,1.01,2.72,60.57,271.48,6.57,5.51,71.4,63.44
P018,Needs Improvement,581.52,515.88,20.7,56.44,76.72,0.71,0.31,1.66,71.34,285.77,5.29,6.08,75.32,58.32
P018,Needs Improvement,1050.21,624.89,26.4,67.45,76.09,0.32,1.33,1.54,40.23,315.36,6.22,2.56,57.13,71.38
P018,Needs Improvement,523.22,479.57,6.3,68.64,45.74,1.57,1.01,4.59,66.87,215.65,4.51,3.87,51.87,68.57
P018,Needs Improvement,399.56,491.01,24.93,63.63,4.81,1.36,0.92,1.86,63.48,312.81,4.5,5.97,51.14,40.42
P018,Needs Improvement,816.15,540.69,8.17,49.6,71.32,2.56,0.5,6.34,47.36,219.64,1.95,3.72,67.37,50.79
P018,Needs Improvement,480.24,341.61,20.23,75.37,56.55,3.5,1.55,1.5,42.82,338.71,5.11,1.71,58.18,68.99
P018,Needs Improvement,917.39,179.16,6.08,49.66,42.26,0.85,0.69,7.08,39.7,202.49,5.82,1.61,44.25,50.99
P018,Needs Improvement,248.16,372.27,14.65,67.94,32.36,3.53,1.28,5.33,51.56,260.97,2.83,2.01,74.22,65.26
P018,Needs Improvement,1116.02,372.19,19.72,47.97,30.01,1.29,0.95,4.09,56.47,151.89,1.66,2.01,69.13,72.76
P018,Needs Improvement,414.22,125.85,27.5,43.91,72.47,3.0,1.09,5.85,65.98,374.79,2.47,6.99,70.22,54.57
P018,Needs Improvement,979.05,462.55,12.22,57.05,56.98,0.51,0.6,1.76,68.06,285.09,1.25,6.98,54.1,55.34
P018,Needs Improvement,537.23,431.26,22.5,43.69,64.79,2.92,0.07,3.93,70.03,193.78,6.58,5.29,63.92,62.85
P018,Needs Improvement,1017.43,389.17,25.4,72.32,4.04,1.61,0.36,2.34,72.56,191.47,1.32,1.73,65.41,70.65
P018,Needs Improvement,508.62,491.42,5.98,55.47,1.52,2.73,0.3,2.64,38.35,184.31,3.87,0.91,42.61,68.94
P018,Needs Improvement,937.62,591.01,2.77,56.73,22.7,0.56,1.19,2.14,67.41,236.42,1.88,6.96,70.93,67.07
P018,Needs Improvement,427.52,544.26,10.53,74.35,44.62,0.19,0.21,2.5,76.42,247.53,1.27,2.6,41.16,46.22
P018,Needs Improvement,770.45,297.98,2.35,45.62,61.71,0.76,1.02,2.67,50.7,177.74,5.66,7.68,61.24,54.05
P018,Needs Improvement,561.27,160.24,30.58,60.92,64.25,2.16,0.53,2.47,50.1,268.83,3.79,4.31,46.69,67.93
P018,Needs Improvement,290.15,369.58,8.11,69.08,61.33,2.4,0.05,7.52,53.1,305.71,6.0,3.68,64.0,68.54
P018,Needs Improvement,510.36,588.63,14.59,66.57,7.24,0.18,0.52,3.43,49.8,194.98,7.8,5.96,61.87,41.39
P018,Needs Improvement,720.43,439.9,9.41,51.9,32.24,3.3,0.87,2.91,54.47,235.77,5.47,2.2,38.35,50.52
P018,Needs Improvement,475.45,501.77,18.16,69.85,60.56,2.93,0.49,2.13,69.68,168.45,7.34,4.38,42.72,52.49
P018,Needs Improvement,719.16,550.82,22.56,51.68,34.29,0.29,0.6,4.55,54.43,325.44,7.35,2.1,43.66,70.82
P018,Needs Improvement,433.47,113.01,29.38,65.4,42.88,3.22,0.98,5.29,56.94,359.45,2.74,4.68,58.25,66.18
P018,Needs Improvement,246.02,513.85,8.59,62.23,4.61,1.72,0.12,2.59,41.0,255.41,2.84,3.38,38.63,43.34
P018,Needs Improvement,262.6,298.33,0.84,48.12,41.3,3.7,0.61,5.38,40.53,376.02,3.15,5.44,62.1,73.45
P018,Needs Improvement,753.31,410.45,10.68,57.66,59.38,1.98,0.23,2.68,38.81,230.06,5.5,6.81,47.3,61.47
P018,Needs Improvement,1069.89,495.42,24.75,54.53,26.71,1.6,0.46,4.36,76.4,320.9,1.58,6.55,60.24,67.29
P018,Needs Improvement,268.12,280.71,4.92,46.05,27.7,2.23,0.36,0.76,52.57,207.45,3.33,5.44,45.16,62.74
P018,Needs Improvement,687.26,341.97,2.71,64.53,57.9,1.95,1.37,6.06,57.07,247.75,3.68,4.51,67.92,71.66
P018,Needs Improvement,962.25,317.65,8.49,53.55,1.65,0.89,1.04,6.74,53.58,257.66,4.12,2.5,55.89,44.79
P018,Needs Improvement,579.04,536.4,26.02,65.12,20.62,0.33,0.56,6.07,68.38,321.81,2.0,1.53,38.8,65.06
P018,Needs Improvement,856.15,558.56,16.0,73.75,28.43,1.64,1.25,3.58,37.08,269.93,7.44,5.52,49.23,49.55
P018,Needs Improvement,611.27,465.66,15.0,68.37,18.53,1.13,0.93,4.49,77.4,224.44,5.55,3.87,64.47,39.69
P018,Needs Improvement,490.51,602.01,29.7,49.73,15.64,2.94,0.4,4.6,74.4,276.94,3.5,6.49,41.27,63.78
P018,Needs Improvement,668.06,216.6,11.99,69.92,37.37,2.44,1.34,5.7,44.52,154.88,3.76,0.96,45.59,57.9
P018,Needs Improvement,269.92,552.17,14.23,58.5,41.38,0.82,1.34,1.62,36.58,165.78,2.92,0.74,45.61,68.62
P018,Needs Improvement,912.72,108.89,24.92,73.36,78.82,3.06,0.41,5.58,45.33,183.94,4.89,5.32,74.88,36.95
P018,Needs Improvement,995.06,259.88,8.48,55.13,30.62,2.63,0.17,1.08,44.76,355.08,3.42,5.86,38.97,42.74
P018,Needs Improvement,506.46,339.61,3.14,51.57,70.09,2.61,0.62,6.58,53.68,345.94,2.37,5.52,67.03,43.76
P018,Needs Improvement,803.28,451.23,22.24,60.8,57.01,1.34,0.78,2.41,65.32,342.42,7.64,3.95,61.07,60.63
P018,Needs Improvement,353.28,195.57,12.47,45.94,71.08,1.2,0.74,5.81,45.69,241.46,4.37,5.25,40.91,63.07
P018,Needs Improvement,549.41,175.14,23.82,50.45,16.16,2.23,0.78,6.51,67.01,181.09,2.13,3.77,48.54,63.13
P018,Needs Improvement,1059.91,480.98,2.95,55.14,0.21,1.58,1.43,2.8,46.44,355.71,4.54,1.68,57.48,51.24
P018,Needs Improvement,798.76,245.74,26.45,53.47,19.17,1.08,0.74,6.88,65.75,377.73,4.02,5.54,72.04,49.6
P018,Needs Improvement,843.89,188.25,9.42,51.18,4.74,1.61,0.67,1.39,45.55,272.21,5.15,3.12,69.71,69.62
P018,Needs Improvement,799.05,392.8,17.19,51.34,35.69,3.5,0.89,7.38,41.33,253.02,6.85,3.76,39.85,73.24
P018,Needs Improvement,767.37,180.5,19.22,65.52,44.51,0.68,0.42,4.33,67.51,162.81,5.88,1.02,40.76,47.16
P018,Needs Improvement,306.29,549.22,9.28,57.54,45.8,3.01,1.41,4.49,56.57,339.3,2.88,1.67,46.57,40.77
P018,Needs Improvement,813.16,474.59,6.44,70.89,17.14,2.84,0.39,5.32,64.89,176.57,4.56,3.66,58.96,50.18
P018,Needs Improvement,1132.12,504.63,6.21,55.86,11.42,0.38,1.39,1.1,61.14,251.82,7.25,3.89,47.39,41.5
P018,Needs Improvement,1060.62,477.49,15.43,56.52,43.23,1.94,0.71,0.83,45.48,376.19,0.79,6.38,54.46,48.91
P018,Needs Improvement,620.69,322.32,27.75,64.52,10.98,1.3,0.94,1.98,52.47,352.45,1.05,1.81,63.0,42.55
P018,Needs Improvement,325.19,112.19,25.88,67.6,61.31,1.04,1.43,5.1,57.08,180.03,1.41,4.22,46.62,54.31
P018,Needs Improvement,1056.64,289.4,18.58,69.85,55.37,2.54,0.98,2.73,72.72,296.05,5.52,2.32,42.9,59.32
P018,Needs Improvement,345.06,556.02,17.18,57.08,63.39,1.19,1.15,5.27,38.46,190.08,3.64,6.9,68.56,68.26
P018,Needs Improvement,253.68,189.07,20.85,75.82,54.33,0.69,0.49,5.48,48.15,171.6,2.16,2.65,36.84,75.61
P018,Needs Improvement,964.09,249.63,13.02,55.74,58.08,1.25,0.45,3.66,55.82,194.72,2.6,6.08,75.36,65.44
P018,Needs Improvement,1052.53,362.16,23.44,57.9,39.07,1.89,0.98,6.22,40.9,308.79,4.86,1.24,57.29,47.34
P018,Needs Improvement,519.0,522.32,23.0,56.84,41.07,1.71,0.86,3.41,41.36,362.65,3.93,2.1,59.72,51.57
P018,Needs Improvement,1020.79,343.08,13.96,47.69,32.08,1.04,0.45,6.03,53.1,192.72,7.03,3.29,69.54,50.88
P018,Needs Improvement,835.49,230.9,12.82,64.96,53.87,2.41,0.69,6.74,71.27,199.44,4.14,3.65,47.07,76.24
P018,Needs Improvement,941.16,303.72,30.93,62.07,45.91,3.32,0.29,2.44,66.77,185.72,4.54,4.32,71.33,58.12
P018,Needs Improvement,1047.63,178.62,13.52,71.46,64.54,1.54,1.3,5.39,68.91,154.96,3.11,6.15,56.9,36.75
P018,Needs Improvement,851.46,351.29,5.37,53.61,61.37,3.2,0.38,3.96,63.21,254.24,2.14,3.22,69.96,37.97
P018,Needs Improvement,495.14,462.72,3.55,49.0,51.04,3.46,0.21,1.13,63.75,333.64,4.13,1.49,44.26,58.13
P018,Needs Improvement,445.87,357.72,9.52,54.52,42.86,1.37,0.93,3.59,59.44,205.8,4.54,1.79,63.77,63.51
P018,Needs Improvement,750.88,536.86,2.54,69.88,62.99,0.45,1.41,3.42,62.04,296.84,1.4,3.17,44.19,43.59
P018,Needs Improvement,1123.24,582.39,16.13,50.41,35.49,2.78,1.3,4.3,63.01,350.45,4.36,4.96,69.08,38.11
P018,Needs Improvement,931.21,555.85,21.94,72.64,28.89,2.96,0.95,4.93,40.87,259.59,2.56,2.77,40.24,71.94
P018,Needs Improvement,1037.29,487.89,6.7,44.29,43.74,1.18,1.27,1.66,46.09,277.47,1.98,5.01,41.29,72.56
P018,Needs Improvement,556.06,567.8,15.38,53.76,47.82,0.06,0.68,1.62,55.98,190.78,1.57,4.77,62.03,42.82
P018,Needs Improvement,291.89,485.04,17.39,72.07,50.15,1.03,0.72,1.48,74.54,316.2,7.38,6.79,54.68,55.11
P018,Needs Improvement,714.26,140.7,19.3,64.01,70.38,2.09,1.38,3.11,49.27,220.1,2.76,4.9,45.52,71.23
P018,Needs Improvement,676.16,205.08,18.01,56.37,34.07,1.56,0.39,1.43,60.11,272.16,1.11,3.71,36.31,57.93
P018,Needs Improvement,531.74,542.11,26.65,55.07,22.93,2.05,1.41,6.97,66.53,275.89,1.75,3.18,65.15,53.81
P018,Needs Improvement,878.38,472.4,11.57,70.42,36.92,0.48,0.86,5.34,41.97,309.27,5.58,2.85,70.52,71.52
P018,Needs Improvement,326.66,183.25,20.93,60.37,16.06,0.81,1.0,2.86,60.69,233.78,5.23,5.43,47.17,67.96
P018,Needs Improvement,651.73,492.06,27.48,43.66,29.26,1.47,0.03,2.25,66.05,315.79,0.89,2.88,55.71,74.15
P018,Needs Improvement,1112.12,557.98,1.95,56.67,5.99,3.82,0.81,0.8,50.47,182.8,1.35,6.22,49.47,55.52
P018,Needs Improvement,581.28,316.92,13.54,67.33,23.32,2.64,0.24,5.91,76.35,333.74,4.89,2.78,75.08,48.05
P018,Needs Improvement,958.41,560.75,5.36,66.71,35.96,0.74,0.87,2.17,50.31,164.83,6.54,1.86,42.69,62.04
P018,Needs Improvement,334.83,340.52,21.83,55.15,22.14,3.37,0.26,1.12,44.51,289.31,6.13,1.16,48.53,62.96
P018,Needs Improvement,395.28,182.16,27.28,68.13,5.75,1.23,1.39,6.87,38.91,354.55,7.89,3.19,38.42,71.31
P019,Very Good,1425.61,182.07,20.31,99.6,45.82,1.81,0.34,2.6,97.78,203.23,1.78,9.16,74.14,51.05
P019,Very Good,1186.84,310.49,25.27,74.76,41.05,1.04,0.74,8.37,73.72,442.58,2.0,1.71,73.42,67.25
P019,Very Good,1353.09,526.95,7.23,101.51,77.92,4.95,1.97,8.5,69.3,425.87,3.54,7.08,56.69,100.44
P019,Very Good,1297.46,758.8,31.91,76.35,20.7,3.12,0.17,1.95,54.48,286.8,6.04,6.81,62.79,71.99
P019,Very Good,1603.19,642.12,21.96,95.11,28.37,3.52,1.57,3.1,71.73,457.42,4.43,4.26,87.76,91.69
P019,Very Good,1613.4,796.17,29.42,89.27,29.96,4.93,0.64,4.32,60.86,454.81,10.29,1.4,58.84,108.12
P019,Very Good,1460.21,110.23,32.44,89.97,74.94,2.42,1.11,9.14,84.91,451.99,8.05,5.74,72.88,102.84
P019,Very Good,1448.95,489.97,27.88,98.0,34.09,1.75,1.92,2.57,56.76,481.27,10.06,3.67,65.29,83.19
P019,Very Good,815.91,654.83,24.72,79.93,74.02,3.89,0.05,9.35,101.21,305.78,1.5,5.89,60.78,62.23
P019,Very Good,1563.0,274.49,30.76,91.22,9.94,1.89,0.64,5.52,77.04,526.66,8.05,9.11,103.95,87.85
P019,Very Good,1268.58,511.67,37.48,76.3,77.98,4.78,1.08,9.35,84.93,543.25,8.22,7.71,61.28,56.94
P019,Very Good,877.33,427.02,20.8,71.05,71.86,0.96,0.52,6.99,79.08,408.01,8.13,8.49,74.71,98.62
P019,Very Good,596.88,123.38,8.54,95.3,25.68,0.86,2.0,4.9,84.97,329.47,6.49,10.39,77.75,62.96
P019,Very Good,1402.61,291.78,18.8,81.84,78.61,3.41,0.73,8.18,89.41,531.5,7.66,1.44,93.82,86.7
P019,Very Good,520.65,186.09,35.22,64.45,93.93,4.95,0.88,7.5,68.57,438.57,4.88,9.01,70.74,105.4
P019,Very Good,582.7,309.89,28.46,63.97,69.42,3.64,0.67,8.27,75.66,299.81,6.71,10.23,70.69,82.67
P019,Very Good,1456.33,768.16,22.5,88.84,82.56,1.79,1.99,3.79,90.45,319.83,1.86,4.48,63.27,102.89
P019,Very Good,540.06,646.35,13.11,99.64,34.94,4.93,1.54,6.41,85.36,249.44,10.02,3.1,88.25,95.38
P019,Very Good,892.96,596.53,24.77,99.99,31.52,3.91,1.92,8.6,94.65,390.46,10.36,6.71,64.48,79.01
P019,Very Good,524.61,242.3,28.76,85.55,48.65,3.49,0.55,9.24,57.71,234.72,3.07,5.16,69.21,65.17
P019,Very Good,843.4,254.29,31.43,95.12,88.01,2.5,0.76,6.5,94.77,256.64,9.6,2.67,73.23,85.14
P019,Very Good,722.06,587.87,16.33,92.83,101.46,4.55,0.07,5.47,58.75,365.14,1.45,2.37,101.36,79.8
P019,Very Good,921.88,617.69,40.56,64.45,65.68,1.88,1.79,2.23,101.42,398.08,8.81,2.19,104.77,94.01
P019,Very Good,839.65,803.6,20.63,72.63,96.14,2.91,1.26,9.3,98.12,521.07,4.8,9.18,54.07,73.78
P019,Very Good,731.58,512.42,32.91,61.06,3.28,1.33,1.83,2.89,97.01,207.87,2.09,6.31,58.01,101.79
P019,Very Good,1037.02,372.03,39.37,63.69,2.85,0.98,0.21,7.54,91.07,244.43,6.38,3.9,99.62,67.18
P019,Very Good,1173.85,200.75,25.99,74.87,59.55,4.17,1.41,6.32,100.0,364.31,7.14,1.8,92.47,93.02
P019,Very Good,899.19,661.35,27.29,93.02,78.21,3.39,0.21,3.14,100.59,268.52,3.6,2.85,92.97,97.21
P019,Very Good,1082.79,692.51,17.88,65.44,61.99,0.49,1.46,3.77,83.13,342.54,3.75,2.16,80.38,67.37
P019,Very Good,1400.39,435.44,15.04,86.57,14.68,1.24,1.61,6.82,74.56,275.65,6.8,3.24,98.49,68.86
P019,Very Good,722.02,531.2,29.73,87.89,0.27,3.63,0.08,5.08,94.32,495.44,9.97,1.08,72.87,74.55
P019,Very Good,1285.98,243.02,29.61,100.81,12.25,1.29,0.4,1.67,60.35,329.14,4.94,8.47,62.01,84.66
P019,Very Good,442.87,651.15,25.99,81.89,92.96,0.24,0.09,5.3,60.35,516.84,8.08,2.74,88.87,65.73
P019,Very Good,1209.52,445.7,28.03,98.13,4.17,5.16,1.07,7.59,55.31,407.31,9.85,8.01,89.53,54.69
P019,Very Good,1470.79,508.33,33.95,96.12,22.1,1.64,0.82,1.22,60.55,438.97,5.55,9.91,66.79,95.47
P019,Very Good,462.99,429.26,37.85,81.33,7.24,4.33,0.3,5.88,88.16,395.59,6.23,9.17,71.61,84.76
P019,Very Good,1410.8,256.25,24.76,93.25,17.72,1.31,1.22,5.46,63.7,312.58,5.42,1.17,85.59,56.26
P019,Very Good,980.11,780.51,26.04,98.66,101.68,2.64,1.02,4.1,99.53,355.59,8.61,5.91,87.75,91.58
P019,Very Good,1561.27,379.65,14.26,71.06,71.22,5.01,2.06,1.82,58.02,283.35,9.97,8.44,73.48,64.6
P019,Very Good,1483.7,508.62,1.09,66.13,25.42,2.73,1.35,9.64,56.24,343.35,8.77,1.11,97.06,70.93
P019,Very Good,579.4,751.67,39.29,86.16,76.77,4.83,0.63,10.37,94.22,501.05,8.7,6.11,100.08,79.1
P019,Very Good,865.25,384.17,8.79,97.56,50.09,5.26,0.02,9.04,64.39,416.24,7.87,3.99,80.26,75.87
P019,Very Good,649.18,203.24,36.81,83.8,7.84,0.26,1.17,7.73,78.26,440.95,1.89,7.09,76.8,70.0
P019,Very Good,1297.52,231.39,33.55,89.31,56.91,2.5,0.07,9.25,101.26,514.8,9.25,8.82,55.61,87.3
P019,Very Good,1288.7,429.09,2.45,80.45,84.97,0.54,1.47,8.94,50.95,384.26,1.13,10.96,57.26,99.83
P019,Very Good,1525.0,515.15,38.07,78.0,35.73,4.45,1.84,5.16,65.22,241.96,2.08,9.25,84.57,90.83
P019,Very Good,737.62,137.32,29.4,67.12,52.05,1.7,0.39,8.48,62.9,305.16,4.75,3.48,85.9,80.59
P019,Very Good,1527.52,132.66,13.2,86.71,85.72,1.76,0.69,2.0,91.6,304.25,4.11,1.4,55.25,76.66
P019,Very Good,1168.54,304.62,16.33,98.96,104.55,5.34,0.28,7.67,93.57,529.17,5.18,6.88,54.92,61.15
P019,Very Good,1488.04,189.62,9.84,82.63,104.55,3.54,1.73,5.54,61.98,305.76,3.92,3.86,79.15,50.51
P019,Very Good,831.35,301.14,32.92,66.77,45.89,3.22,1.07,9.88,61.06,447.51,7.76,7.78,72.71,82.43
P019,Very Good,1533.06,406.97,33.47,81.52,67.09,1.67,1.26,3.83,60.0,271.32,2.31,9.03,83.58,94.82
P019,Very Good,1434.5,568.15,17.0,76.97,98.72,1.85,0.17,9.23,82.83,319.06,2.08,7.04,94.2,72.64
P019,Very Good,1475.3,798.43,31.9,66.46,47.06,1.79,2.08,5.11,54.97,356.29,2.52,2.86,59.67,76.85
P019,Very Good,655.38,460.31,4.17,76.15,85.04,3.81,1.78,1.94,101.27,299.71,2.46,4.65,102.96,90.32
P019,Very Good,814.13,252.81,24.58,77.07,12.07,3.22,0.44,5.16,73.79,450.61,1.08,8.28,74.08,96.07
P019,Very Good,648.04,292.24,20.17,72.25,101.61,2.9,0.64,7.91,78.93,377.24,5.66,7.76,96.62,55.19
P019,Very Good,1088.25,847.69,18.11,66.09,15.17,0.51,0.93,1.76,74.68,328.42,9.44,10.04,56.75,58.11
P019,Very Good,911.76,515.17,4.85,74.1,34.02,4.99,0.81,8.45,93.04,455.17,5.7,10.34,73.12,95.23
P019,Very Good,1407.31,147.9,18.08,78.84,14.15,2.89,0.52,8.44,104.54,541.19,6.77,2.13,94.67,70.8
P019,Very Good,685.03,258.42,31.25,65.84,62.56,1.73,0.17,4.65,79.37,315.16,2.98,3.55,77.3,87.91
P019,Very Good,538.33,430.6,1.83,91.7,82.93,1.52,0.13,3.22,89.29,400.33,3.33,2.36,64.6,103.21
P019,Very Good,1541.17,747.49,16.75,68.82,12.87,4.87,0.35,2.28,91.25,201.01,8.88,8.84,69.77,83.48
P019,Very Good,1499.63,192.5,33.8,75.22,54.93,3.48,0.24,6.08,103.11,497.6,7.65,7.16,92.8,67.18
P019,Very Good,721.15,277.96,42.9,76.61,37.94,4.11,0.3,9.52,72.71,517.56,1.43,1.27,57.27,53.05
P019,Very Good,856.92,447.86,12.48,95.75,62.79,4.6,1.08,2.68,76.35,242.08,1.05,1.83,84.42,68.44
P019,Very Good,414.44,426.72,19.98,98.48,18.72,3.57,1.14,5.11,72.01,277.15,9.78,1.08,88.12,108.6
P019,Very Good,619.51,614.71,8.82,87.25,61.49,1.25,1.97,2.48,81.19,427.27,7.45,2.21,100.83,103.81
P019,Very Good,1538.72,421.87,27.32,71.69,57.38,5.28,0.74,7.62,73.56,278.95,5.29,1.99,67.27,92.43
P019,Very Good,1185.52,549.46,17.66,91.0,76.44,5.35,1.65,4.68,81.89,509.94,3.13,4.89,97.47,79.89
P019,Very Good,394.61,695.8,33.99,83.26,90.97,0.67,0.59,7.59,69.81,274.2,3.11,3.48,101.45,84.8
P019,Very Good,381.26,219.2,27.64,97.66,98.05,1.91,1.92,3.72,98.72,311.89,1.63,6.23,68.46,75.63
P019,Very Good,636.05,739.72,6.5,74.19,79.63,3.55,0.61,1.24,59.65,515.08,8.0,8.58,80.05,87.62
P019,Very Good,715.51,352.71,31.18,81.43,76.32,2.24,1.9,4.82,59.11,224.79,3.17,3.27,104.89,90.41
P019,Very Good,1491.71,568.54,35.75,75.77,26.68,1.88,1.25,1.63,83.54,257.86,6.73,7.15,80.8,56.49
P019,Very Good,584.27,664.73,25.58,99.72,68.0,3.66,1.38,3.03,96.11,252.24,9.3,4.88,54.93,68.26
P019,Very Good,1028.6,173.97,32.13,84.87,86.78,3.62,0.7,1.27,72.42,470.32,7.21,7.88,82.9,65.28
P019,Very Good,680.13,686.02,29.36,84.37,10.99,1.39,1.88,5.27,72.38,526.05,9.1,2.86,86.74,63.27
P019,Very Good,432.82,835.43,18.67,83.51,44.97,2.32,1.71,3.24,70.08,441.68,10.23,4.87,97.03,83.73
P019,Very Good,922.42,160.48,33.44,101.07,59.53,4.32,1.28,5.42,100.04,398.04,6.87,2.27,87.75,88.13
P019,Very Good,800.73,130.59,5.33,85.77,98.24,0.45,0.73,9.9,80.84,291.61,9.54,5.75,97.9,101.98
P019,Very Good,536.24,324.0,17.19,79.24,29.43,2.36,0.16,8.38,100.02,298.23,3.44,5.47,79.98,72.09
P019,Very Good,381.94,560.95,43.15,82.61,22.28,4.41,1.09,3.71,71.33,336.39,2.8,5.03,79.3,76.74
P019,Very Good,587.56,793.58,36.31,87.12,70.91,5.26,1.73,1.17,51.9,461.48,8.77,8.37,90.55,100.05
P019,Very Good,1230.07,373.73,28.63,69.69,20.62,4.96,0.94,6.96,107.15,230.87,2.17,3.85,52.36,55.95
P019,Very Good,323.38,508.34,30.16,73.77,26.32,5.02,0.32,3.21,84.43,210.23,6.73,9.61,67.4,76.71
P019,Very Good,1518.88,795.8,4.25,69.73,99.95,2.49,1.07,10.79,102.24,377.89,5.15,6.06,66.71,59.05
P019,Very Good,1101.27,683.0,29.31,89.54,15.94,3.63,1.26,7.94,78.97,278.72,4.21,3.46,72.01,74.53
P019,Very Good,976.54,525.0,17.82,103.84,60.2,1.32,1.1,9.59,78.94,367.53,6.68,5.22,98.77,104.45
P019,Very Good,892.58,477.81,37.01,64.73,18.38,5.09,0.42,4.9,82.47,408.35,3.09,5.64,99.42,96.8
P019,Very Good,604.16,179.66,9.87,92.66,44.35,1.72,1.2,4.76,75.79,469.98,6.96,6.98,78.39,55.12
P019,Very Good,1145.92,404.69,21.68,98.28,4.55,4.69,0.26,8.08,80.13,276.75,2.15,3.98,75.07,79.24
P019,Very Good,885.98,204.0,18.39,101.36,103.44,4.08,2.04,7.25,76.97,345.72,3.45,6.05,62.43,84.08
P019,Very Good,1115.3,787.37,2.53,86.01,13.0,1.59,0.05,4.77,90.24,268.87,1.78,1.63,78.07,61.29
P019,Very Good,1576.72,581.86,20.74,65.41,22.16,2.94,0.18,9.52,74.16,289.42,7.55,4.31,61.05,55.83
P019,Very Good,745.81,622.08,3.13,88.95,66.92,1.51,0.48,2.76,96.84,216.17,7.23,1.28,58.13,76.75
P019,Very Good,608.33,494.75,7.13,104.69,64.33,2.45,1.28,7.33,82.66,411.01,1.09,9.69,77.6,68.14
P019,Very Good,687.67,658.08,21.89,91.9,95.29,2.91,1.0,2.53,74.07,325.29,5.98,4.0,75.58,78.69
P019,Very Good,510.68,362.13,38.1,93.96,89.35,1.37,0.69,7.21,86.71,298.79,8.33,7.5,104.92,100.1
P019,Very Good,1302.48,493.72,39.83,79.97,35.8,0.27,1.26,3.33,89.25,299.55,5.98,7.8,95.77,68.07
P020,Very Good,314.21,535.6,27.6,89.1,81.72,2.8,1.78,2.59,76.23,377.3,8.02,5.85,66.9,55.78
P020,Very Good,371.34,463.2,23.58,70.59,1.95,4.23,0.37,9.25,86.4,425.37,3.1,4.56,92.94,67.31
P020,Very Good,1321.88,250.0,21.23,71.11,37.88,0.28,0.0,2.48,80.51,285.34,8.59,3.61,75.34,53.17
P020,Very Good,906.92,215.22,31.68,69.24,45.85,3.07,1.15,8.37,73.72,221.08,5.81,1.9,61.29,61.48
P020,Very Good,778.38,805.03,32.66,62.56,3.13,1.85,1.8,3.71,73.89,218.2,8.44,6.48,90.36,99.78
P020,Very Good,1053.6,129.38,21.49,77.84,55.72,5.18,0.72,6.69,79.83,353.31,8.17,9.29,88.41,54.42
P020,Very Good,993.1,709.22,20.64,90.16,96.02,3.02,1.56,7.09,61.91,319.09,2.19,1.17,58.77,76.81
P020,Very Good,571.23,538.99,17.75,92.12,99.19,2.59,2.1,5.44,82.39,432.26,2.59,1.7,96.71,90.5
P020,Very Good,551.55,120.22,33.46,95.24,77.97,1.71,1.19,10.31,54.47,503.02,5.09,5.35,96.52,87.78
P020,Very Good,1453.91,365.33,30.8,100.33,45.99,3.43,1.91,4.14,79.39,275.88,2.5,9.75,99.82,70.31
P020,Very Good,460.23,349.32,30.06,87.83,43.29,5.12,0.61,7.85,86.5,271.98,5.69,4.83,96.35,76.17
P020,Very Good,1278.89,194.19,24.7,87.51,56.25,0.03,1.21,9.41,98.66,376.72,9.56,6.9,103.5,70.0
P020,Very Good,691.45,749.57,15.11,70.71,77.09,0.4,0.79,9.34,93.57,466.1,3.54,5.57,80.8,92.6
P020,Very Good,817.41,351.71,4.62,107.67,86.92,4.47,0.67,9.03,55.67,303.56,6.84,7.65,84.15,95.95
P020,Very Good,571.52,453.48,17.06,94.21,45.5,4.6,1.83,4.16,75.95,431.38,7.53,3.6,71.46,59.9
P020,Very Good,1508.35,527.37,35.1,73.96,47.72,4.66,1.89,6.07,83.17,374.65,4.84,5.07,99.73,72.7
P020,Very Good,784.15,436.53,1.55,98.21,42.6,0.49,1.7,8.18,96.12,445.31,4.44,9.46,59.21,65.8
P020,Very Good,737.98,171.77,12.8,79.98,47.32,0.33,1.42,2.5,56.05,318.6,8.2,1.65,95.81,69.6
P020,Very Good,1182.62,447.72,27.26,93.91,19.61,3.63,0.89,2.15,55.73,398.05,1.37,4.37,53.27,94.23
P020,Very Good,1281.53,700.66,34.55,92.0,52.18,2.53,1.65,5.71,93.35,455.6,8.93,6.21,90.31,97.42
P020,Very Good,1381.2,668.64,11.23,103.3,39.72,3.52,0.07,8.36,90.22,461.62,5.71,5.77,68.01,88.94
P020,Very Good,1241.59,303.85,11.66,100.25,103.25,1.08,2.01,5.51,91.97,271.13,2.56,6.16,72.1,94.33
P020,Very Good,1059.93,664.78,42.72,79.17,88.68,2.73,0.81,1.35,73.27,304.88,1.93,1.2,61.29,74.79
P020,Very Good,404.88,201.2,10.95,64.38,50.18,4.78,1.93,4.44,81.91,338.75,1.74,2.73,58.85,58.52
P020,Very Good,385.88,749.36,37.88,104.46,83.51,4.38,0.71,1.07,89.65,252.88,2.53,4.5,73.26,93.41
P020,Very Good,1048.35,523.19,28.09,82.53,57.66,0.67,0.24,7.56,92.0,535.79,5.64,3.72,79.91,79.3
P020,Very Good,1067.8,189.33,6.25,66.19,73.14,4.57,1.45,9.22,89.89,227.92,3.62,4.61,99.77,92.56
P020,Very Good,828.15,611.18,24.97,89.61,25.54,2.92,1.77,3.23,100.24,496.36,9.72,9.74,65.65,91.5
P020,Very Good,925.11,624.77,33.93,65.13,89.37,5.02,0.72,1.53,53.58,485.61,5.15,1.16,71.93,69.25
P020,Very Good,859.27,395.7,14.92,62.99,49.68,4.24,1.57,3.63,67.34,292.57,7.86,1.19,69.81,79.21
P020,Very Good,1566.53,689.6,8.24,69.42,82.78,1.9,1.6,9.46,82.56,469.17,3.64,7.51,67.72,100.08
P020,Very Good,1274.1,398.92,23.93,89.08,54.49,4.39,1.51,1.78,75.35,461.43,3.24,7.94,59.14,70.27
P020,Very Good,1124.58,176.45,23.03,99.03,57.77,0.17,1.03,8.23,64.65,439.84,9.36,1.14,94.06,79.57
P020,Very Good,1170.93,301.71,43.16,95.37,13.96,4.63,1.29,4.86,61.12,506.6,9.31,2.32,51.04,85.37
P020,Very Good,1538.98,631.53,5.26,82.97,101.38,0.15,0.27,6.7,90.43,460.87,4.48,4.38,59.18,70.83
P020,Very Good,1011.69,772.74,10.46,83.9,62.27,4.14,1.5,6.1,79.23,283.97,9.1,10.08,94.32,58.8
P020,Very Good,1147.31,235.19,22.73,105.2,30.59,2.19,0.1,10.09,93.06,348.81,6.44,9.83,100.2,70.4
P020,Very Good,1399.98,737.95,9.67,84.01,30.52,0.83,0.96,9.0,92.56,346.99,3.5,8.58,59.8,61.61
P020,Very Good,1362.11,737.38,10.59,107.73,0.04,0.15,1.67,6.26,101.32,375.31,5.97,1.68,77.83,80.58
P020,Very Good,1226.97,796.49,26.17,92.04,35.41,1.96,0.51,9.92,84.15,474.1,4.24,7.92,85.28,55.18
P020,Very Good,1432.4,577.52,24.66,83.92,3.84,3.0,1.19,5.48,93.83,440.59,3.65,4.85,87.36,82.42
P020,Very Good,581.46,681.07,25.9,102.53,21.67,3.75,0.52,10.26,91.03,495.73,5.45,5.76,108.14,64.66
P020,Very Good,1355.42,654.78,39.93,76.86,33.27,1.65,0.83,6.78,108.71,484.7,8.29,4.32,82.58,96.35
P020,Very Good,782.01,605.94,13.34,68.81,90.68,3.64,1.03,8.12,86.81,323.64,4.5,7.8,74.31,87.47
P020,Very Good,1025.9,772.59,4.59,84.09,47.19,4.76,0.92,8.79,53.16,527.89,4.76,6.67,90.5,95.11
P020,Very Good,1016.73,459.67,26.3,82.83,94.15,5.25,1.09,2.71,64.84,439.73,8.48,1.19,79.88,84.0
P020,Very Good,1160.98,701.39,32.13,77.39,48.57,0.8,0.12,1.66,56.97,411.22,1.64,6.79,101.05,53.22
P020,Very Good,1317.58,259.86,26.79,90.79,23.62,0.56,1.73,2.95,100.67,442.91,8.29,5.09,62.29,69.52
P020,Very Good,772.53,685.2,31.79,102.73,4.51,4.71,2.03,9.57,55.2,473.33,6.48,5.56,87.81,99.94
P020,Very Good,1312.49,422.82,36.1,79.83,30.16,1.96,0.81,7.92,103.97,408.74,6.36,2.25,90.38,66.03
P020,Very Good,1574.23,640.88,9.7,91.11,70.96,1.15,0.65,5.1,65.45,471.85,2.41,4.79,89.78,55.32
P020,Very Good,841.95,732.61,30.56,74.18,5.97,4.02,1.55,3.31,90.7,498.82,1.22,9.59,59.05,86.11
P020,Very Good,1046.42,215.0,29.9,89.8,81.46,3.62,1.31,10.06,63.6,432.15,3.78,6.54,96.93,67.64
P020,Very Good,1088.16,829.28,5.57,81.44,24.55,2.89,0.38,1.36,84.72,260.57,3.9,7.5,71.26,70.92
P020,Very Good,1317.09,399.75,22.57,86.02,57.13,0.13,1.74,7.47,76.19,321.07,5.6,3.62,84.15,59.34
P020,Very Good,1503.38,221.43,15.32,64.17,103.68,0.74,0.53,4.56,81.76,385.71,4.31,2.1,57.42,93.44
P020,Very Good,1390.7,202.08,28.82,92.39,36.16,2.8,1.41,2.74,101.16,303.71,5.54,1.41,63.79,82.51
P020,Very Good,975.37,387.19,28.64,96.07,87.17,2.3,0.38,8.87,99.92,427.53,3.3,10.2,73.73,79.22
P020,Very Good,888.91,643.26,28.43,98.94,96.91,3.21,0.43,2.66,96.19,527.04,3.66,6.43,72.52,71.41
P020,Very Good,834.97,762.04,17.17,79.9,51.81,2.14,0.37,3.76,92.84,407.61,9.12,7.88,89.81,93.36
P020,Very Good,1535.91,135.46,40.32,75.56,11.76,1.18,1.93,2.12,77.6,303.56,4.31,3.7,88.47,85.59
P020,Very Good,331.49,865.21,35.96,63.89,85.35,0.41,0.0,2.82,63.14,351.16,1.48,7.93,78.41,97.22
P020,Very Good,405.41,663.87,21.21,93.02,60.24,4.04,1.63,6.9,92.9,493.89,8.95,9.53,100.86,58.51
P020,Very Good,1314.52,609.24,39.65,79.76,97.42,3.14,0.68,2.15,65.72,475.56,4.25,7.18,93.86,57.39
P020,Very Good,376.03,202.4,28.77,90.78,78.71,0.12,2.04,7.09,89.8,353.35,7.14,8.71,95.02,78.47
P020,Very Good,1401.1,128.02,4.67,84.82,28.15,1.4,0.62,7.54,62.97,339.64,5.6,7.13,89.56,93.17
P020,Very Good,961.75,496.21,3.61,62.58,80.18,3.02,0.18,9.66,76.26,231.51,7.14,1.58,66.81,60.53
P020,Very Good,985.44,254.33,31.13,81.33,65.04,4.76,1.58,1.91,85.09,480.49,1.82,5.07,59.04,63.37
P020,Very Good,969.89,742.6,24.17,73.81,75.42,4.97,1.12,4.69,97.8,305.49,5.37,1.57,54.29,78.06
P020,Very Good,1025.57,596.0,14.34,60.55,23.86,5.22,0.15,5.71,82.33,502.23,7.59,2.25,102.77,63.67
P020,Very Good,847.23,793.96,21.71,72.11,54.32,1.88,1.31,1.16,66.33,342.52,8.39,8.48,79.86,57.48
P020,Very Good,1283.86,547.87,35.4,104.12,50.94,1.28,0.46,4.0,78.43,393.99,8.85,8.52,76.04,79.84
P020,Very Good,1399.09,453.82,20.2,76.01,36.55,3.53,0.52,4.94,71.3,236.5,2.21,5.97,74.27,59.32
P020,Very Good,770.88,342.54,31.71,87.24,94.38,3.59,1.64,1.6,80.22,269.98,7.99,1.55,88.28,99.39
P020,Very Good,1084.12,481.26,38.13,94.47,23.02,4.89,1.31,8.2,72.18,311.65,4.58,4.45,64.3,88.22
P020,Very Good,954.03,789.07,2.6,102.47,14.1,3.96,0.03,9.19,78.76,516.79,5.84,3.22,71.86,51.51
P020,Very Good,1002.08,831.36,36.25,98.65,70.44,3.38,1.38,2.05,58.85,331.86,9.88,3.09,64.57,77.14
P020,Very Good,1287.95,416.66,31.88,107.58,75.0,3.32,0.97,3.79,66.02,222.23,7.58,1.66,67.06,73.51
P020,Very Good,1387.22,200.2,21.23,65.82,20.85,2.36,0.37,2.71,60.82,424.37,1.71,5.84,68.65,60.4
P020,Very Good,429.47,538.64,17.03,67.11,39.38,1.01,1.03,4.82,89.74,402.81,5.56,4.2,76.32,67.96
P020,Very Good,1294.96,741.86,11.23,68.64,83.76,0.33,0.56,6.11,73.29,240.32,4.8,8.14,66.97,67.39
P020,Very Good,419.22,389.23,8.33,89.39,53.36,0.55,1.99,7.96,92.53,350.87,9.42,2.92,87.32,97.47
P020,Very Good,876.89,121.25,34.75,95.93,65.71,0.55,1.14,9.21,85.44,326.9,5.72,1.46,68.24,62.82
P020,Very Good,442.49,694.28,23.14,96.03,98.76,0.67,1.96,6.82,101.89,430.87,2.68,7.57,66.28,89.81
P020,Very Good,783.87,397.6,5.08,100.15,82.57,3.43,1.88,7.29,76.82,469.78,4.24,7.38,103.48,85.6
P020,Very Good,1300.17,662.46,6.26,86.65,47.23,3.49,0.38,8.95,101.89,392.06,6.06,7.44,96.24,98.13
P020,Very Good,998.33,429.74,34.42,77.71,89.02,3.86,1.18,4.04,52.72,492.52,3.94,10.28,85.53,60.85
P020,Very Good,1508.84,764.25,5.36,74.3,94.16,2.42,0.39,6.03,66.44,451.11,2.14,6.86,63.37,98.12
P020,Very Good,339.04,692.49,33.53,71.92,48.73,0.62,0.81,9.13,65.89,301.87,7.83,3.45,94.58,55.24
P020,Very Good,753.04,330.05,14.34,84.75,70.69,4.81,0.36,8.53,96.94,301.07,4.08,6.61,86.25,57.17
P020,Very Good,1130.29,735.97,25.05,76.04,8.86,4.34,1.07,1.47,67.78,503.55,4.04,8.59,67.21,101.67
P020,Very Good,1431.13,443.4,12.94,87.1,85.84,3.07,1.71,5.47,80.64,272.45,4.85,3.26,52.32,94.77
P020,Very Good,1473.85,650.58,30.68,92.32,15.53,0.13,1.6,2.28,63.57,481.3,9.38,3.02,54.4,77.08
P020,Very Good,532.65,238.85,6.4,61.72,55.18,1.2,2.1,10.28,104.29,481.0,8.09,3.38,73.11,103.29
P020,Very Good,1114.86,285.21,21.17,71.55,83.45,2.28,1.03,2.35,69.79,302.79,1.53,9.63,100.76,56.0
P020,Very Good,1217.22,226.35,7.91,73.3,83.46,1.8,1.49,8.24,77.66,518.55,4.55,1.9,91.62,87.74
P020,Very Good,1307.1,133.4,18.34,81.35,47.06,4.95,0.91,10.89,72.36,212.08,6.28,4.46,73.79,61.8
P020,Very Good,668.52,189.77,33.68,84.43,73.6,4.18,0.4,1.11,68.7,403.49,2.42,7.07,105.32,80.45
P020,Very Good,1296.68,419.19,9.85,91.68,95.89,1.47,1.76,9.27,83.63,281.91,7.44,3.91,99.1,97.41
P020,Very Good,556.28,710.29,6.96,91.17,5.73,0.46,0.43,2.55,66.54,529.69,5.03,2.2,50.92,78.15
P021,OK,847.85,148.03,18.83,56.22,72.87,2.19,1.07,4.89,81.1,229.17,0.85,1.39,61.32,44.63
P021,OK,1219.13,239.75,5.49,63.66,22.3,4.07,1.18,5.02,84.37,258.59,4.15,3.28,58.69,50.72
P021,OK,1298.92,474.97,20.89,56.3,57.4,3.47,1.4,1.15,56.89,188.67,7.08,7.55,87.66,75.03
P021,OK,631.07,291.09,33.4,60.75,12.96,0.73,0.63,7.22,66.77,256.5,2.67,2.95,79.0,85.72
P021,OK,972.63,222.5,10.46,59.8,49.47,4.09,0.54,6.79,45.03,319.48,4.76,1.22,61.05,53.42
P021,OK,394.56,346.21,3.24,59.85,49.03,0.08,0.68,1.26,52.7,324.44,7.83,3.53,62.79,87.69
P021,OK,386.12,494.62,31.74,82.89,27.59,3.07,0.57,4.22,70.18,170.72,7.12,2.3,74.29,57.99
P021,OK,603.61,607.71,3.31,63.87,3.26,3.14,0.41,3.79,69.17,428.45,1.5,1.63,66.05,74.59
P021,OK,1043.77,492.12,25.94,80.39,7.73,2.23,0.61,4.65,41.9,225.91,3.59,5.79,66.16,51.49
P021,OK,261.79,189.98,10.66,81.44,68.47,3.61,0.49,2.17,76.39,359.25,2.74,1.31,56.54,43.42
P021,OK,540.39,220.62,9.32,65.11,27.15,2.53,0.76,3.43,79.15,353.0,4.32,8.45,61.76,71.02
P021,OK,1179.22,450.64,24.81,73.95,27.31,1.78,0.25,5.2,42.0,435.94,6.89,5.58,69.57,68.93
P021,OK,1114.91,206.78,24.34,53.9,38.78,3.6,1.53,1.28,47.91,288.13,1.03,1.41,81.79,77.14
P021,OK,473.51,416.92,1.81,78.63,65.49,0.73,0.26,6.9,45.35,184.17,4.39,1.83,82.88,73.89
P021,OK,525.62,238.03,23.08,61.1,61.44,2.72,0.57,4.43,50.6,266.58,7.22,6.7,44.66,76.31
P021,OK,581.71,140.6,20.27,71.92,15.24,2.44,0.89,4.21,46.47,354.3,5.07,7.97,54.45,43.45
P021,OK,728.45,259.19,29.72,61.17,0.74,1.33,1.0,4.42,78.41,336.04,4.36,5.59,60.07,72.5
P021,OK,578.63,467.55,12.74,57.41,65.56,2.82,0.1,3.69,56.15,201.13,7.02,3.6,55.93,52.49
P021,OK,821.7,372.97,8.87,53.23,78.67,2.18,1.55,4.97,77.93,369.69,4.05,4.17,45.46,58.06
P021,OK,445.0,567.23,17.08,62.14,56.22,0.06,0.78,8.67,73.61,305.67,6.16,4.2,86.09,51.31
P021,OK,872.02,553.88,8.47,82.03,57.38,0.18,1.19,2.08,72.64,269.68,5.79,3.51,78.17,63.52
P021,OK,361.53,527.52,5.28,56.71,10.3,2.32,0.57,7.6,46.98,419.19,7.9,7.65,81.14,76.16
P021,OK,1039.76,86.4,25.07,67.61,67.9,3.65,1.64,7.06,46.99,283.98,4.98,4.63,43.66,67.54
P021,OK,839.51,419.46,30.08,52.4,59.28,2.74,0.29,6.59,64.57,363.12,1.57,2.13,74.64,81.66
P021,OK,263.46,550.21,33.45,69.93,56.13,0.66,0.33,2.03,63.18,350.88,2.7,2.45,53.73,82.62
P021,OK,1130.38,518.08,34.62,79.9,53.08,4.33,0.73,4.88,59.8,244.08,7.9,8.13,53.34,70.24
P021,OK,1068.2,548.19,4.69,55.96,6.2,1.19,1.64,5.99,66.2,375.2,2.91,0.88,44.45,45.58
P021,OK,663.84,579.23,11.64,71.37,23.44,1.86,0.28,7.86,76.57,189.55,2.28,1.27,78.78,84.85
P021,OK,1123.9,488.69,10.31,61.25,72.31,2.64,1.05,8.18,53.91,321.76,2.86,1.36,54.11,88.06
P021,OK,1041.4,621.34,11.87,79.82,65.95,0.84,0.59,6.56,48.45,390.87,2.84,1.12,68.38,62.95
P021,OK,399.36,182.43,6.18,79.03,59.33,0.17,0.88,5.71,72.14,284.98,1.23,5.71,66.95,75.23
P021,OK,784.91,174.95,32.0,52.62,58.42,3.16,1.06,8.6,60.98,221.27,6.42,2.56,70.77,82.73
P021,OK,741.98,288.08,22.89,67.18,13.14,0.75,1.34,5.21,41.61,284.08,4.07,8.47,71.77,80.6
P021,OK,430.45,435.2,30.7,72.79,84.99,3.19,1.34,2.73,51.7,315.16,3.74,6.34,80.01,83.74
P021,OK,950.91,94.92,23.67,76.87,75.15,3.26,0.28,3.56,74.21,417.48,5.83,5.9,73.28,81.0
P021,OK,1058.53,334.56,21.01,53.38,70.06,3.51,0.22,7.24,66.67,237.26,2.56,6.08,52.44,73.34
P021,OK,377.68,582.85,15.07,62.36,1.76,2.91,0.61,7.03,70.62,253.11,5.82,1.0,54.11,80.62
P021,OK,659.3,345.0,9.6,64.72,84.6,3.97,0.39,4.35,61.06,432.69,2.42,1.64,82.77,78.15
P021,OK,295.21,169.04,30.18,82.43,11.7,0.82,0.67,7.47,82.91,225.28,3.73,1.06,81.57,46.56
P021,OK,1115.77,212.94,30.66,69.57,23.17,0.25,0.71,3.21,72.55,173.59,7.45,1.74,59.54,84.0
P021,OK,518.82,456.86,14.68,53.42,2.4,1.4,0.48,2.74,78.29,291.47,4.08,4.73,84.66,81.61
P021,OK,1118.47,557.91,24.89,57.24,42.32,0.66,1.13,5.14,56.74,361.06,2.3,7.53,68.52,76.1
P021,OK,804.62,648.38,23.23,51.48,58.48,3.34,0.42,3.78,45.72,356.08,2.04,2.68,64.94,60.12
P021,OK,954.28,578.14,5.94,63.52,39.89,2.11,0.3,8.24,51.79,263.62,8.15,1.01,77.44,52.25
P021,OK,464.07,187.33,8.07,79.72,69.46,1.35,0.04,4.19,54.69,364.91,5.42,6.24,65.01,71.08
P021,OK,805.56,454.54,17.52,64.51,29.59,1.47,1.29,7.22,63.14,245.15,7.2,3.61,51.18,63.63
P021,OK,562.62,253.5,26.74,63.41,51.29,2.01,1.51,3.61,49.42,406.25,5.95,7.11,83.42,78.72
P021,OK,958.0,622.57,2.99,54.39,35.79,1.43,0.16,4.4,69.62,368.47,5.3,2.34,72.23,46.31
P021,OK,461.65,484.85,11.91,55.5,41.26,2.87,1.74,3.7,86.99,314.66,1.6,8.63,43.83,55.91
P021,OK,805.33,246.76,2.15,67.9,52.75,3.76,0.94,4.09,63.35,272.82,1.91,4.17,50.93,56.11
P021,OK,336.8,158.4,13.17,65.05,73.16,3.63,1.6,2.64,76.82,429.47,7.53,1.91,64.35,82.76
P021,OK,836.8,589.84,29.01,65.69,17.63,0.04,0.56,5.99,72.84,285.63,6.64,6.73,64.86,55.76
P021,OK,1005.89,252.22,3.69,57.43,37.07,2.24,0.05,4.64,56.67,387.16,2.63,8.49,45.56,67.0
P021,OK,452.56,410.71,25.1,60.55,60.22,1.76,1.03,8.31,64.76,317.61,4.33,4.67,44.9,51.0
P021,OK,396.42,699.94,31.95,72.49,61.52,1.71,0.86,5.93,55.67,373.65,2.08,7.64,41.46,54.74
P021,OK,1230.37,266.4,13.06,73.45,17.71,0.42,0.66,8.46,42.63,335.41,3.92,8.18,68.36,73.2
P021,OK,743.61,615.7,32.4,63.44,4.19,3.32,0.3,1.25,44.43,422.2,5.86,4.76,46.06,66.5
P021,OK,629.86,524.25,12.01,75.44,49.24,3.37,1.06,7.76,83.07,203.71,7.95,2.34,54.41,41.22
P021,OK,650.16,644.28,12.37,81.65,21.59,2.63,1.75,3.99,61.46,287.04,2.3,7.44,57.51,53.47
P021,OK,1134.26,643.61,32.65,68.75,54.47,4.22,1.24,2.95,57.72,216.88,2.32,6.85,48.08,68.25
P021,OK,1234.07,499.93,14.16,62.69,15.36,1.67,1.1,5.44,81.1,360.03,3.08,3.91,76.3,64.6
P021,OK,445.08,287.72,6.95,55.32,85.02,2.46,0.07,6.79,44.42,195.14,8.12,7.33,64.94,54.38
P021,OK,404.15,264.58,2.15,48.19,71.77,3.11,1.15,3.24,70.24,361.89,4.58,2.58,68.37,51.89
P021,OK,1250.17,542.75,3.55,56.58,76.84,1.23,0.01,1.51,76.84,382.09,6.75,6.63,60.38,73.07
P021,OK,273.86,312.78,27.6,63.92,45.42,3.39,1.44,7.33,76.52,349.4,1.49,2.21,56.58,51.47
P021,OK,1141.62,310.15,22.6,60.61,49.27,1.13,1.42,8.46,84.37,295.93,2.1,8.4,56.94,73.49
P021,OK,526.68,432.63,6.16,84.39,76.27,3.7,0.44,5.82,51.05,273.28,8.68,1.76,53.53,71.11
P021,OK,1009.27,204.03,19.68,80.65,36.04,0.31,0.82,8.18,72.15,283.23,2.42,3.14,79.85,71.38
P021,OK,814.25,688.24,19.8,77.8,53.32,1.67,0.61,3.8,56.07,190.45,2.42,5.64,58.71,45.53
P021,OK,538.01,238.96,18.2,55.79,16.06,1.52,0.56,4.79,62.7,404.07,1.7,7.72,80.49,55.3
P021,OK,1010.07,445.12,21.31,83.82,52.65,1.16,1.42,5.79,58.4,423.34,1.89,1.51,52.45,46.04
P021,OK,858.3,178.92,18.23,63.78,2.07,1.73,0.19,3.6,65.03,216.39,1.34,3.18,56.33,45.73
P021,OK,832.31,111.34,30.48,61.09,59.82,2.92,0.07,6.08,71.24,242.76,2.49,2.91,46.72,48.49
P021,OK,551.9,111.93,15.34,54.92,39.15,4.34,0.37,7.91,61.92,269.93,5.4,4.86,76.74,46.62
P021,OK,974.23,255.33,1.13,82.51,47.27,1.18,0.19,6.56,78.82,424.24,7.17,3.02,51.8,69.22
P021,OK,831.94,174.37,20.84,88.55,44.73,2.88,1.06,3.43,79.2,303.1,1.01,5.47,64.35,51.93
P021,OK,1012.16,595.69,23.5,63.07,70.13,1.86,0.02,1.74,85.99,392.97,3.55,6.96,70.7,81.37
P021,OK,1078.17,203.11,32.16,65.02,62.95,1.28,0.04,2.02,83.85,201.42,5.01,5.67,79.24,64.22
P021,OK,790.5,240.61,3.6,84.57,85.37,1.11,0.31,3.74,81.18,214.72,7.52,2.39,63.66,77.96
P021,OK,876.21,122.73,2.7,57.51,53.23,4.2,1.36,7.23,49.48,231.66,4.84,6.25,72.06,43.66
P021,OK,829.6,85.61,29.27,63.19,37.8,3.55,1.63,5.12,48.89,412.83,6.87,5.8,73.74,80.03
P021,OK,562.57,87.17,5.93,79.69,0.45,0.02,1.53,7.93,49.58,361.92,3.45,1.53,50.29,75.5
P021,OK,1082.0,295.99,8.76,58.37,81.69,3.19,0.2,5.86,77.83,202.67,5.41,6.94,59.92,72.48
P021,OK,261.76,253.11,31.05,76.19,65.07,2.37,0.82,8.14,46.27,338.7,3.35,6.53,71.68,54.93
P021,OK,998.86,150.96,4.51,75.21,24.99,1.88,0.0,6.39,48.45,185.97,1.39,4.1,71.18,55.19
P021,OK,998.06,458.0,19.42,56.07,14.18,4.18,0.41,3.11,79.52,306.24,2.13,5.8,77.85,75.15
P021,OK,371.1,300.1,3.27,79.5,38.62,0.81,1.17,0.91,69.94,212.45,4.97,6.7,57.79,81.11
P021,OK,689.74,481.54,22.82,57.9,62.89,1.07,0.14,6.22,40.58,236.74,6.05,7.04,78.66,43.45
P021,OK,532.45,145.63,26.67,66.56,52.68,2.09,1.32,3.81,46.22,351.49,2.28,5.3,56.09,78.18
P021,OK,1300.26,122.85,25.43,68.12,73.27,1.46,0.62,3.45,72.6,442.05,8.49,1.61,77.18,55.26
P021,OK,751.2,310.27,15.41,76.39,46.66,2.67,1.02,7.92,47.66,211.62,1.44,3.26,57.36,77.61
P021,OK,743.51,398.41,28.58,75.17,21.35,2.56,0.08,6.52,82.56,274.18,6.58,7.38,56.39,80.35
P021,OK,961.91,500.14,30.18,75.76,48.13,0.8,1.43,2.81,82.44,363.27,8.21,3.87,55.6,43.11
P021,OK,428.68,520.87,5.66,60.18,44.86,0.76,0.13,5.98,80.43,247.73,1.51,8.1,65.74,81.93
P021,OK,518.17,97.01,1.54,66.91,15.44,1.1,1.26,1.26,60.23,350.27,6.01,5.88,75.54,70.46
P021,OK,857.74,126.54,2.83,73.79,39.11,3.86,0.03,7.24,63.08,308.58,3.9,2.01,72.98,59.76
P021,OK,414.88,491.76,21.38,51.56,46.16,0.64,1.12,7.5,57.35,340.54,6.1,6.78,76.98,55.72
P021,OK,737.65,336.44,23.55,59.26,10.66,3.39,1.12,6.29,46.12,230.18,1.43,5.07,69.74,50.92
P021,OK,827.46,338.14,14.14,56.05,45.15,0.05,0.23,3.23,59.95,224.13,2.49,7.57,58.77,45.19
P021,OK,988.07,404.57,1.76,59.56,61.91,2.96,1.54,8.25,49.08,198.9,7.79,2.91,60.8,66.4
P022,Needs Improvement,542.23,288.08,5.09,59.65,32.72,0.61,0.39,3.35,66.27,196.7,2.03,4.19,74.96,54.71
P022,Needs Improvement,319.74,114.17,5.24,73.67,49.28,2.59,1.26,1.05,56.34,358.73,3.63,2.25,61.91,72.41
P022,Needs Improvement,663.82,436.53,20.92,61.8,32.31,0.49,1.0,1.24,46.44,257.92,7.64,4.88,69.87,48.5
P022,Needs Improvement,252.48,341.33,29.36,55.69,16.26,1.8,0.48,5.1,64.55,227.22,1.8,0.97,73.84,64.44
P022,Needs Improvement,542.43,245.71,14.49,64.09,58.68,2.04,1.26,6.11,63.35,289.89,7.3,1.69,65.76,67.47
P022,Needs Improvement,1087.47,518.5,26.76,50.25,14.04,2.67,1.32,1.1,47.01,374.6,1.83,7.49,42.27,50.43
P022,Needs Improvement,613.86,81.93,29.17,60.57,22.04,0.72,1.15,5.97,40.3,300.28,2.58,1.37,55.67,59.16
P022,Needs Improvement,1083.67,331.96,28.23,62.28,42.99,3.64,1.02,1.67,51.14,311.55,2.36,7.25,64.1,49.3
P022,Needs Improvement,1148.25,561.53,11.27,77.48,33.51,3.1,1.32,4.6,37.86,173.29,4.31,0.87,57.49,39.78
P022,Needs Improvement,338.03,148.64,6.93,65.21,53.86,1.01,0.58,3.34,63.79,295.36,3.97,4.99,61.16,58.29
P022,Needs Improvement,959.56,613.07,27.93,48.87,53.16,2.06,0.7,1.34,49.67,251.72,3.42,2.69,50.71,70.55
P022,Needs Improvement,1038.84,377.81,14.52,50.58,41.31,2.55,1.34,4.89,40.59,309.5,4.78,5.39,56.3,39.73
P022,Needs Improvement,563.61,275.27,9.08,54.63,76.03,0.28,1.09,5.9,44.95,141.79,7.17,4.55,64.93,63.99
P022,Needs Improvement,885.7,254.46,15.1,67.4,67.24,2.02,0.48,2.01,66.03,190.12,5.73,4.94,58.06,60.06
P022,Needs Improvement,303.96,154.34,6.45,68.72,51.98,1.8,0.46,5.8,60.08,312.75,6.09,6.72,39.45,49.36
P022,Needs Improvement,720.23,364.5,6.64,64.51,13.37,0.88,0.33,2.83,65.58,167.47,5.02,4.05,59.85,64.93
P022,Needs Improvement,824.26,480.24,21.82,73.15,57.5,0.8,0.19,3.66,42.4,279.54,3.05,5.99,67.87,73.87
P022,Needs Improvement,896.84,445.09,27.53,58.91,27.1,1.1,0.53,1.72,43.1,187.16,5.62,6.83,69.84,50.9
P022,Needs Improvement,783.83,275.23,6.92,52.48,22.8,2.28,0.44,1.14,51.47,251.88,6.12,5.31,41.76,75.66
P022,Needs Improvement,573.54,324.88,6.07,45.73,32.3,0.93,0.77,5.51,70.98,318.91,2.24,2.2,47.81,43.94
P022,Needs Improvement,283.01,533.36,12.99,65.38,53.91,3.66,0.86,2.51,35.81,289.05,5.82,6.27,57.74,66.51
P022,Needs Improvement,489.55,241.12,15.88,72.74,10.0,0.34,0.45,6.62,55.69,219.83,6.76,6.64,40.75,53.91
P022,Needs Improvement,569.87,401.16,10.55,70.39,53.31,3.11,0.27,3.55,64.94,238.09,4.56,3.25,43.48,42.36
P022,Needs Improvement,787.49,485.2,29.64,58.47,14.77,1.44,1.22,3.44,37.25,371.7,4.37,5.74,47.42,39.78
P022,Needs Improvement,286.07,220.09,4.94,48.03,42.59,1.71,0.58,6.54,49.31,170.96,3.5,2.55,48.87,58.04
P022,Needs Improvement,864.33,593.18,16.46,69.72,36.51,0.33,0.32,6.16,54.8,155.75,6.01,7.29,75.05,41.32
P022,Needs Improvement,1076.66,126.27,19.11,48.21,41.28,2.06,1.26,5.69,44.25,204.13,6.41,6.67,62.48,38.58
P022,Needs Improvement,395.27,77.32,22.35,67.87,73.53,0.33,0.78,2.4,65.11,272.66,7.11,4.26,57.43,42.28
P022,Needs Improvement,950.55,537.63,10.44,51.92,41.63,3.54,0.27,2.68,59.12,269.13,6.02,6.4,70.38,60.62
P022,Needs Improvement,430.96,598.12,29.58,60.08,51.93,0.32,0.02,6.47,44.66,318.31,4.18,3.68,54.45,57.98
P022,Needs Improvement,1072.0,530.79,14.31,74.18,11.18,0.26,0.69,7.8,41.57,171.95,2.63,1.87,36.22,65.37
P022,Needs Improvement,311.59,372.91,30.54,51.95,37.23,2.91,1.21,5.14,65.7,183.35,3.65,1.18,70.89,52.44
P022,Needs Improvement,492.6,289.9,23.76,47.23,19.55,1.98,0.9,3.2,62.28,187.76,6.95,6.6,68.42,67.25
P022,Needs Improvement,1144.08,240.03,19.39,51.62,26.04,2.96,1.37,6.56,52.69,237.16,2.61,5.89,70.63,59.69
P022,Needs Improvement,1005.06,508.47,16.63,66.71,42.47,1.35,1.19,7.41,57.2,287.24,2.5,1.04,61.68,69.16
P022,Needs Improvement,884.35,531.91,19.7,73.42,2.26,0.05,0.91,1.76,71.94,230.76,6.88,1.45,76.11,65.91
P022,Needs Improvement,520.89,429.38,13.44,53.84,22.12,2.77,1.47,2.27,67.26,327.84,6.96,2.5,78.77,46.2
P022,Needs Improvement,625.11,443.74,6.85,48.71,50.99,0.77,0.45,1.68,59.3,189.9,4.19,4.87,37.98,69.31
P022,Needs Improvement,819.8,328.88,5.19,50.18,12.59,3.38,0.02,6.44,68.44,304.21,2.89,2.01,75.91,66.58
P022,Needs Improvement,1020.13,524.15,29.56,69.9,61.58,1.27,0.3,5.47,65.92,313.0,3.24,5.12,68.54,39.68
P022,Needs Improvement,981.72,128.69,20.05,50.58,61.13,1.37,1.21,6.8,53.54,290.21,6.89,5.08,57.81,66.99
P022,Needs Improvement,330.17,310.67,1.31,58.83,75.08,0.85,0.54,1.81,41.55,166.87,3.11,1.77,56.54,55.45
P022,Needs Improvement,464.37,93.95,14.42,61.89,17.35,0.97,0.84,7.4,60.99,231.16,3.93,7.47,51.77,41.03
P022,Needs Improvement,1102.8,215.12,23.54,62.86,16.59,1.66,1.26,4.79,74.34,237.13,1.83,7.13,66.19,56.46
P022,Needs Improvement,877.88,289.87,20.42,60.82,11.46,3.05,0.69,6.84,46.39,211.3,3.38,4.43,49.29,44.94
P022,Needs Improvement,997.95,320.72,16.68,71.62,38.29,2.72,0.45,1.54,42.29,198.05,5.22,4.97,58.61,45.0
P022,Needs Improvement,811.83,263.06,25.33,67.08,31.7,2.52,0.65,5.95,42.11,170.51,6.29,3.63,57.04,63.14
P022,Needs Improvement,1022.36,260.96,17.86,53.37,4.0,0.33,0.68,5.97,68.81,340.09,7.43,0.85,70.81,47.89
P022,Needs Improvement,438.4,451.23,5.67,61.39,17.73,2.49,0.34,1.13,46.15,357.71,2.67,5.34,61.29,76.33
P022,Needs Improvement,425.3,241.72,8.15,50.4,19.28,2.14,1.17,1.74,67.28,186.74,5.16,5.21,72.3,39.23
P022,Needs Improvement,888.12,407.97,15.96,66.04,20.67,0.31,0.9,6.16,45.62,267.71,5.69,6.69,72.93,57.78
P022,Needs Improvement,396.93,252.49,17.41,52.08,0.17,0.05,0.32,5.44,56.71,238.84,4.49,5.53,62.37,59.02
P022,Needs Improvement,656.27,337.56,12.63,54.88,76.43,1.26,0.29,1.58,47.85,200.98,6.35,1.03,37.45,71.21
P022,Needs Improvement,382.17,107.39,12.43,72.78,57.35,3.8,0.4,1.84,35.31,179.3,4.26,2.58,50.65,64.96
P022,Needs Improvement,521.58,512.54,25.62,75.85,14.67,2.45,1.24,1.37,55.03,343.08,3.22,1.72,65.08,75.27
P022,Needs Improvement,330.45,477.74,8.13,70.19,30.72,0.76,1.05,4.08,76.47,279.63,4.32,3.03,52.01,56.3
P022,Needs Improvement,714.63,133.65,28.63,66.03,45.63,2.16,0.58,6.4,55.41,203.91,0.9,5.52,67.69,74.86
P022,Needs Improvement,599.61,430.2,20.9,52.6,13.71,0.51,1.25,7.4,44.99,284.68,0.82,6.83,62.93,71.65
P022,Needs Improvement,567.53,384.52,25.8,49.58,74.77,2.7,1.22,2.48,63.61,357.53,5.47,5.79,38.43,76.59
P022,Needs Improvement,1071.38,414.02,24.33,72.29,56.27,1.05,0.85,3.72,40.48,314.43,1.55,1.63,43.8,68.46
P022,Needs Improvement,614.85,255.31,15.53,69.48,57.94,3.68,0.38,7.0,47.88,233.21,2.42,6.29,41.18,39.93
P022,Needs Improvement,571.86,354.53,28.02,50.14,33.39,2.9,1.04,2.21,42.04,192.13,1.9,1.33,37.37,60.62
P022,Needs Improvement,720.22,256.58,31.6,69.36,20.31,0.18,1.04,2.7,63.21,306.75,3.06,3.82,67.78,55.14
P022,Needs Improvement,920.65,105.47,4.4,55.71,56.81,3.67,0.34,5.82,58.23,226.49,2.44,4.91,42.2,51.13
P022,Needs Improvement,538.68,491.1,2.09,67.43,29.53,1.44,0.11,6.21,62.92,253.7,4.86,1.06,67.04,58.56
P022,Needs Improvement,1086.42,530.95,22.46,67.3,69.98,2.77,0.88,4.91,62.64,357.29,6.61,5.79,68.71,44.41
P022,Needs Improvement,350.6,377.23,19.58,55.92,19.69,1.04,0.63,4.12,50.78,189.73,4.37,2.64,66.19,53.88
P022,Needs Improvement,509.55,513.29,18.58,50.25,21.21,2.32,0.79,1.8,75.27,341.62,1.17,2.66,57.61,56.81
P022,Needs Improvement,825.81,375.19,13.14,55.96,58.02,0.66,0.22,5.0,38.92,252.08,5.51,5.32,42.22,61.42
P022,Needs Improvement,488.52,405.01,15.92,49.72,48.37,2.8,1.22,1.88,70.09,169.04,1.01,5.33,79.27,48.07
P022,Needs Improvement,909.6,466.44,12.72,70.03,20.99,0.26,0.97,2.47,49.81,336.0,1.98,1.75,47.75,52.12
P022,Needs Improvement,924.88,333.42,21.26,60.86,39.86,1.78,0.56,1.75,67.47,187.44,3.79,2.26,40.19,54.86
P022,Needs Improvement,430.55,158.57,9.84,58.47,47.81,1.84,1.46,6.01,59.46,382.28,6.81,2.66,49.08,64.8
P022,Needs Improvement,252.95,413.76,26.62,76.86,67.64,0.99,1.38,1.74,52.87,268.89,4.25,2.36,62.58,55.11
P022,Needs Improvement,427.62,121.79,3.7,51.94,11.88,1.59,0.5,3.63,71.96,342.58,5.09,6.32,66.77,47.92
P022,Needs Improvement,797.7,133.27,24.9,50.95,51.78,3.39,0.41,5.68,47.7,336.78,2.32,5.06,68.31,66.68
P022,Needs Improvement,825.51,257.43,30.6,50.27,59.22,1.7,0.51,2.47,56.48,188.91,3.07,6.43,44.16,66.99
P022,Needs Improvement,861.47,278.8,10.48,56.01,14.03,2.71,1.23,6.56,50.08,176.44,7.08,6.81,48.62,69.21
P022,Needs Improvement,590.16,348.51,4.32,58.15,22.55,2.6,1.36,5.59,70.26,333.17,4.7,7.62,41.53,75.75
P022,Needs Improvement,538.14,139.59,18.73,71.91,18.34,2.77,0.95,1.3,57.43,219.95,4.12,2.02,57.73,48.74
P022,Needs Improvement,951.57,496.41,9.02,58.25,66.11,3.63,1.35,6.53,48.86,213.16,6.64,4.94,70.95,65.07
P022,Needs Improvement,1032.33,545.88,15.97,68.89,70.5,0.93,0.12,7.09,38.61,337.48,3.42,3.28,72.65,68.5
P022,Needs Improvement,314.27,361.57,28.99,77.27,62.48,2.84,0.28,1.19,66.82,223.02,3.71,5.9,75.11,46.74
P022,Needs Improvement,672.89,215.69,5.26,54.55,75.89,1.04,0.01,1.46,58.73,200.88,4.88,4.71,49.4,54.75
P022,Needs Improvement,502.88,105.62,25.53,68.35,42.26,0.2,0.5,2.81,61.43,265.52,7.01,6.71,67.06,43.72
P022,Needs Improvement,983.32,495.63,26.89,72.81,50.65,1.4,1.39,4.85,54.83,168.98,2.29,5.04,50.41,72.55
P022,Needs Improvement,331.86,440.17,8.27,65.77,18.79,2.59,1.13,2.18,63.6,246.09,6.71,5.59,49.92,74.22
P022,Needs Improvement,614.98,381.67,15.39,63.13,43.37,0.76,0.4,1.0,68.62,384.97,2.07,6.15,39.34,53.92
P022,Needs Improvement,960.15,515.4,5.88,70.71,11.85,0.09,0.32,2.7,50.98,178.16,6.4,5.35,71.99,48.08
P022,Needs Improvement,394.39,209.19,8.14,65.93,2.17,1.15,0.05,2.72,54.03,204.48,4.23,3.07,48.31,67.67
P022,Needs Improvement,707.98,122.8,25.47,65.98,65.56,0.55,1.35,3.84,63.07,273.38,6.97,1.58,43.2,63.99
P022,Needs Improvement,1045.19,131.96,13.53,49.23,51.45,0.82,1.29,7.07,49.95,162.99,1.42,1.83,50.05,40.93
P022,Needs Improvement,950.4,133.33,23.22,52.29,26.23,0.31,0.66,1.77,50.3,251.62,3.35,4.2,38.27,58.73
P022,Needs Improvement,1007.19,229.59,11.44,61.35,20.7,1.33,0.03,1.73,38.46,291.88,5.73,4.45,67.87,38.81
P022,Needs Improvement,260.02,316.01,20.13,56.95,28.77,0.68,1.08,3.08,75.25,330.92,3.21,5.47,47.2,50.36
P022,Needs Improvement,674.96,163.68,23.74,69.63,40.18,0.57,0.35,4.34,64.75,258.18,5.9,5.27,46.15,61.54
P022,Needs Improvement,540.72,108.29,18.78,54.94,27.01,3.89,0.36,1.31,49.25,263.24,0.76,1.22,40.79,74.44
P022,Needs Improvement,355.1,296.63,0.74,55.62,10.2,2.15,1.38,2.92,61.53,280.02,6.37,1.48,66.78,59.6
P022,Needs Improvement,760.85,552.72,5.05,65.12,19.93,1.37,1.5,6.36,70.07,199.18,4.37,1.57,43.38,48.38
P022,Needs Improvement,1106.15,235.15,14.8,56.21,67.6,3.17,0.72,1.41,36.79,286.62,1.98,5.75,69.5,53.79
P023,Very Good,1372.04,144.64,35.05,77.41,104.79,1.61,2.17,3.61,99.13,347.4,3.32,6.85,60.5,55.16
P023,Very Good,781.02,762.16,17.61,75.85,60.96,3.86,0.1,2.96,74.85,312.2,7.87,1.66,67.89,86.37
P023,Very Good,1224.42,218.7,32.68,93.73,88.45,0.87,2.05,9.97,88.54,333.37,7.5,3.11,53.53,89.51
P023,Very Good,1552.56,673.42,30.75,88.56,59.04,5.1,1.98,9.28,74.21,406.06,8.21,3.58,97.25,62.98
P023,Very Good,1101.0,777.32,8.63,77.06,92.74,0.85,0.6,2.55,66.32,411.16,7.15,6.65,97.0,76.17
P023,Very Good,535.41,488.56,14.76,101.09,62.43,2.13,0.03,4.08,96.8,352.18,1.88,4.87,70.61,78.7
P023,Very Good,981.13,575.03,9.68,91.04,49.26,0.73,0.45,7.91,71.55,465.41,2.84,5.96,105.73,92.65
P023,Very Good,611.54,547.45,32.22,73.26,35.29,3.69,0.34,4.06,61.52,275.18,2.92,7.08,97.25,65.52
P023,Very Good,1142.9,554.16,20.71,85.52,39.58,1.74,0.54,7.67,96.97,341.3,5.75,10.06,76.16,104.7
P023,Very Good,670.65,579.16,13.39,65.72,52.13,3.98,1.21,7.93,59.53,288.05,6.8,9.27,79.58,107.64
P023,Very Good,501.29,188.69,41.68,90.13,9.26,1.62,1.45,6.72,50.93,435.69,2.96,7.19,89.32,66.07
P023,Very Good,450.03,757.48,40.38,81.6,31.98,0.17,1.61,4.13,102.21,344.81,6.62,8.48,64.81,55.08
P023,Very Good,623.49,309.26,11.14,100.55,5.6,1.05,0.77,10.05,86.49,378.56,10.09,1.74,81.5,94.74
P023,Very Good,913.11,388.33,8.11,104.43,10.95,4.75,0.2,1.77,84.5,499.96,8.58,7.15,70.88,58.51
P023,Very Good,1515.27,372.58,19.67,74.48,49.57,3.9,1.77,1.31,89.79,371.46,6.21,5.18,53.76,105.78
P023,Very Good,766.15,322.91,18.07,100.82,97.36,1.31,0.53,4.7,58.07,390.55,7.56,3.73,63.77,87.31
P023,Very Good,1083.81,505.44,21.71,85.68,34.64,1.34,1.11,9.21,74.9,332.21,3.85,6.3,104.69,102.15
P023,Very Good,439.83,600.84,36.77,64.51,33.8,1.18,0.92,4.61,78.27,529.16,2.23,1.75,69.07,80.2
P023,Very Good,613.49,609.25,34.98,91.53,16.01,3.52,0.92,6.61,81.53,260.57,8.93,6.79,97.63,88.56
P023,Very Good,1390.86,260.29,12.59,65.96,83.96,1.94,1.64,2.03,88.47,494.9,8.9,5.26,87.76,72.02
P023,Very Good,515.41,422.34,17.59,100.09,68.9,4.45,1.47,4.52,73.23,477.37,4.57,6.77,70.57,80.14
P023,Very Good,353.49,171.33,27.0,82.14,26.19,1.2,1.53,5.48,90.43,418.23,4.6,5.01,76.38,79.04
P023,Very Good,716.49,213.03,37.7,65.11,102.08,3.06,0.81,3.9,54.61,503.49,4.11,9.67,55.53,106.32
P023,Very Good,606.97,248.48,29.08,76.05,42.05,3.23,1.22,7.43,60.75,521.61,9.12,6.8,69.95,55.45
P023,Very Good,416.57,180.04,21.05,102.68,96.36,4.1,0.31,8.83,94.1,427.79,2.5,7.05,79.15,103.18
P023,Very Good,667.44,165.32,21.02,83.47,91.21,0.41,0.53,2.39,101.53,323.41,10.16,4.32,75.65,78.74
P023,Very Good,330.85,402.9,32.7,102.66,29.85,2.75,0.49,9.71,79.19,308.94,7.83,4.3,67.94,70.95
P023,Very Good,1002.24,461.08,8.59,82.72,48.52,1.38,0.05,2.93,64.34,489.5,9.07,4.26,97.95,101.57
P023,Very Good,373.38,435.99,5.43,103.28,85.84,4.23,1.94,5.28,72.13,498.39,10.17,7.85,64.35,67.09
P023,Very Good,1328.38,342.7,1.5,101.95,30.02,3.06,0.1,5.29,101.05,353.79,4.19,2.96,57.56,54.38
P023,Very Good,1586.09,785.61,30.08,67.24,57.74,0.82,1.03,7.54,95.6,404.35,8.43,3.95,87.59,81.54
P023,Very Good,1378.17,607.66,14.65,91.03,99.3,5.02,0.58,7.91,98.31,384.7,8.65,4.58,69.33,95.79
P023,Very Good,1268.69,642.64,6.79,78.12,32.54,4.23,2.06,9.84,69.41,480.93,6.6,10.73,74.34,74.69
P023,Very Good,425.1,594.27,27.52,98.21,19.61,4.32,1.57,7.16,87.17,279.67,6.78,5.28,63.49,79.03
P023,Very Good,1340.56,553.03,42.1,100.81,46.53,0.87,0.59,3.88,92.1,334.69,1.76,9.88,92.1,78.08
P023,Very Good,769.6,790.7,14.08,74.48,38.54,0.39,0.34,6.74,88.79,256.1,6.91,7.59,98.86,92.5
P023,Very Good,1495.99,556.1,17.53,79.74,21.4,1.92,1.78,8.65,90.45,229.69,2.31,8.5,55.16,66.27
P023,Very Good,1503.09,679.99,17.4,105.49,34.6,0.99,1.34,8.88,86.89,309.05,8.77,9.52,84.83,75.74
P023,Very Good,1073.52,155.15,22.14,95.52,103.35,5.16,0.83,5.67,59.11,330.44,8.69,5.06,98.64,97.73
P023,Very Good,327.67,671.76,33.86,87.35,72.96,3.22,1.24,5.7,57.25,321.41,4.26,5.17,94.66,96.34
P023,Very Good,356.96,241.87,4.66,77.86,59.62,1.59,0.93,9.18,55.57,422.38,1.27,7.5,64.06,97.98
P023,Very Good,937.42,345.08,41.02,91.3,20.81,1.91,1.59,10.1,97.78,233.6,4.4,6.75,70.66,77.49
P023,Very Good,593.96,407.38,4.43,83.3,22.58,1.18,1.19,2.3,82.36,228.5,5.75,8.36,62.69,57.42
P023,Very Good,339.88,795.56,15.23,98.89,33.09,1.99,0.75,7.07,71.19,397.28,10.39,3.26,81.86,63.12
P023,Very Good,852.5,168.53,27.89,71.82,25.67,2.12,1.53,5.7,84.77,457.75,3.63,5.42,60.55,90.19
P023,Very Good,1347.84,239.87,27.96,100.91,45.13,2.54,1.1,9.98,103.82,261.17,7.39,9.3,78.62,74.68
P023,Very Good,702.52,378.56,8.62,104.92,7.2,2.89,1.82,7.35,65.15,419.14,2.92,1.93,83.77,50.91
P023,Very Good,467.08,527.21,24.62,71.76,67.45,0.11,0.53,8.85,72.09,236.25,7.58,5.17,105.5,77.15
P023,Very Good,1519.16,323.22,42.17,90.51,94.75,2.61,0.82,6.32,96.82,217.44,1.12,2.79,62.9,67.97
P023,Very Good,1036.23,817.84,36.87,62.24,63.18,2.91,0.33,10.03,99.79,216.17,7.24,3.55,74.88,66.99
P023,Very Good,990.95,486.8,41.16,97.34,95.8,2.33,0.89,5.47,67.38,399.66,7.99,6.61,64.23,63.64
P023,Very Good,402.27,829.33,24.77,80.43,87.96,1.2,0.59,10.02,57.48,454.67,6.87,4.2,85.69,62.84
P023,Very Good,937.96,697.12,30.29,95.75,72.35,2.87,0.41,9.13,105.31,466.42,7.57,5.65,90.08,55.91
P023,Very Good,1029.68,188.08,40.24,78.64,47.59,2.62,1.69,8.66,103.52,495.06,9.36,1.85,93.24,100.25
P023,Very Good,1255.72,827.06,23.61,66.78,27.63,2.78,0.74,3.55,66.78,292.28,3.25,8.74,91.0,58.06
P023,Very Good,829.03,117.95,1.53,77.52,65.25,4.52,0.88,1.75,89.38,213.58,3.93,1.6,101.66,99.81
P023,Very Good,1069.95,793.93,20.96,88.36,81.13,0.13,0.91,4.74,79.27,331.6,1.47,1.84,73.82,81.39
P023,Very Good,535.7,871.61,38.41,63.87,89.63,2.91,0.76,7.46,76.46,353.41,7.35,3.99,94.47,89.68
P023,Very Good,577.85,517.13,39.87,92.74,14.38,0.54,1.02,1.88,55.1,261.74,6.9,6.19,75.96,56.58
P023,Very Good,1041.12,217.34,1.14,95.7,62.39,1.97,1.82,9.18,102.73,452.22,7.25,6.49,64.0,90.67
P023,Very Good,328.19,771.6,10.55,71.58,32.95,3.59,0.35,4.57,74.77,400.94,5.63,7.81,83.26,61.19
P023,Very Good,1148.21,378.82,26.81,94.48,5.1,1.81,1.87,7.42,66.79,409.01,8.75,10.32,71.8,64.85
P023,Very Good,904.54,594.33,28.14,71.56,87.03,1.22,0.91,10.22,88.97,469.14,6.46,7.51,64.59,60.66
P023,Very Good,350.34,603.4,26.7,74.49,18.61,0.1,0.06,3.73,89.45,542.54,10.24,1.52,76.34,97.77
P023,Very Good,1213.74,249.67,28.14,102.04,102.66,2.71,0.54,8.66,95.46,276.94,4.48,3.3,68.09,71.86
P023,Very Good,1431.25,786.71,39.52,71.44,45.24,2.1,0.82,3.63,61.07,341.01,7.71,9.51,70.33,87.78
P023,Very Good,1353.83,465.51,16.67,64.24,43.23,3.63,2.05,5.74,90.57,463.86,6.49,4.14,74.83,57.98
P023,Very Good,1345.53,244.56,18.08,78.33,11.94,1.14,0.25,6.99,70.08,512.0,4.62,7.77,69.62,95.31
P023,Very Good,467.73,685.74,18.34,74.13,93.04,5.06,0.07,3.84,98.78,371.15,2.21,8.81,98.07,60.24
P023,Very Good,1464.93,488.82,17.78,99.9,24.6,1.42,1.5,9.26,70.55,400.89,10.21,6.71,66.48,61.43
P023,Very Good,318.74,817.74,32.8,86.62,10.27,0.21,1.84,8.75,57.05,365.78,5.48,9.45,107.05,92.41
P023,Very Good,1417.02,200.22,33.13,89.96,23.29,4.74,1.26,9.27,69.14,325.18,2.76,1.14,74.0,85.07
P023,Very Good,422.96,676.25,32.72,73.04,29.16,0.35,0.22,3.7,105.96,407.51,6.89,1.39,52.31,54.89
P023,Very Good,969.5,363.63,16.64,96.28,84.43,1.89,1.34,7.7,99.14,481.46,4.22,3.45,81.83,96.33
P023,Very Good,1338.73,792.08,38.86,71.78,13.61,2.08,1.02,1.03,61.46,288.26,8.53,2.09,102.61,65.68
P023,Very Good,1366.55,603.77,18.99,93.18,34.04,4.62,0.59,4.82,85.49,300.38,4.61,7.6,64.89,58.81
P023,Very Good,843.71,642.99,24.4,94.93,22.76,3.14,0.32,8.4,60.75,349.74,5.41,8.64,82.31,103.47
P023,Very Good,483.43,563.88,3.94,62.49,97.76,1.11,1.61,4.81,99.19,366.76,5.46,6.27,60.79,93.02
P023,Very Good,530.74,607.86,27.06,82.29,88.26,3.82,1.05,6.69,69.87,508.8,4.75,5.8,95.83,91.97
P023,Very Good,754.66,730.35,25.29,80.34,37.16,1.25,1.95,9.21,94.04,285.96,9.92,6.55,98.69,85.42
P023,Very Good,1358.49,146.38,21.13,81.4,81.68,4.95,0.13,6.71,79.21,358.21,6.54,2.45,65.4,81.61
P023,Very Good,665.57,383.64,37.51,64.67,1.16,2.27,0.85,4.26,59.15,310.86,3.61,5.4,75.68,76.82
P023,Very Good,447.21,174.41,5.91,93.12,7.73,3.02,0.84,9.59,75.33,331.47,3.67,3.74,101.85,104.87
P023,Very Good,1296.31,271.93,42.45,91.19,94.08,3.47,1.96,5.91,59.89,307.7,10.61,2.99,84.59,100.63
P023,Very Good,1321.63,817.29,42.96,70.88,32.83,0.0,1.66,2.66,86.92,367.35,10.73,7.84,86.16,105.35
P023,Very Good,966.15,446.74,14.28,66.03,3.62,2.8,1.99,6.49,53.45,483.77,9.03,1.61,90.95,93.87
P023,Very Good,1461.18,369.63,9.86,74.56,6.96,1.63,0.34,2.28,92.08,401.89,9.25,2.6,74.77,81.31
P023,Very Good,365.81,145.79,7.96,89.61,54.75,0.34,0.66,3.68,58.42,219.96,8.34,1.71,79.1,103.24
P023,Very Good,405.68,143.49,28.27,81.05,40.43,3.63,0.25,9.91,100.02,285.9,5.35,10.51,79.78,65.75
P023,Very Good,538.89,246.1,13.66,94.16,86.28,1.23,1.88,5.05,85.81,325.53,1.78,4.38,107.14,101.82
P023,Very Good,925.11,503.59,7.58,89.99,79.99,3.39,0.8,5.48,77.82,356.72,10.17,5.47,100.09,88.81
P023,Very Good,702.45,540.87,26.31,93.33,27.44,5.01,0.08,8.82,93.62,428.75,1.17,7.99,95.7,83.87
P023,Very Good,984.98,662.39,34.77,70.23,63.25,4.48,0.67,9.95,106.15,230.19,4.05,10.36,56.54,98.8
P023,Very Good,1184.36,249.16,18.61,100.53,20.46,2.95,0.49,2.73,93.42,418.84,2.98,5.29,59.52,53.14
P023,Very Good,844.47,674.94,20.83,79.52,72.55,0.29,0.08,5.8,105.41,343.45,2.87,10.44,50.84,76.17
P023,Very Good,851.46,598.57,16.05,76.87,66.59,5.15,1.91,4.94,60.06,498.49,3.01,9.08,63.09,97.16
P023,Very Good,1047.36,596.62,23.73,100.95,86.76,4.99,2.05,5.42,59.29,459.21,8.25,1.41,102.24,85.53
P023,Very Good,1448.71,552.41,34.69,97.41,62.32,1.36,1.46,5.46,83.3,475.23,7.73,6.69,93.83,80.37
P023,Very Good,586.67,665.57,28.16,85.02,14.64,1.7,0.01,10.23,59.48,323.84,7.28,5.91,89.32,85.65
P023,Very Good,1462.71,106.87,20.2,106.14,97.71,3.58,1.96,2.75,84.87,243.58,3.68,5.99,72.6,93.59
P024,Good,823.19,452.68,25.54,58.86,17.91,3.13,1.32,2.3,79.46,381.38,6.37,1.03,93.58,54.6
P024,Good,1096.08,346.61,12.4,83.09,44.14,4.09,1.66,3.85,63.65,460.39,4.24,4.04,83.49,65.17
P024,Good,1150.45,317.54,28.08,60.92,35.88,2.93,1.57,5.51,61.82,409.28,9.16,6.94,77.37,77.9
P024,Good,858.99,409.38,1.45,70.53,12.81,4.53,1.81,4.67,52.99,253.45,2.2,2.92,83.13,84.03
P024,Good,1354.88,699.33,10.75,72.58,8.31,0.86,0.53,2.55,80.43,332.03,8.01,2.47,65.05,95.81
P024,Good,1053.52,411.5,3.59,66.35,50.99,2.81,0.53,4.37,62.18,427.51,2.52,6.45,70.86,91.89
P024,Good,516.47,564.08,12.39,73.76,45.74,1.12,1.26,2.03,59.59,254.85,8.08,3.63,72.04,54.47
P024,Good,756.73,701.96,15.07,79.0,80.49,2.72,1.42,7.07,48.42,459.16,8.59,3.61,96.97,48.04
P024,Good,801.42,516.78,38.48,90.88,78.72,3.71,1.63,4.12,61.92,375.51,5.8,8.16,57.45,49.56
P024,Good,393.71,579.28,17.2,66.83,84.27,0.72,1.02,8.43,52.84,338.09,2.71,1.36,86.28,61.77
P024,Good,1365.04,441.98,7.44,96.12,27.57,2.46,0.04,7.31,61.06,241.42,1.93,6.16,78.45,64.78
P024,Good,801.51,162.73,22.37,79.09,73.61,3.18,0.19,7.28,57.02,350.36,6.17,2.04,89.03,78.16
P024,Good,571.94,251.37,22.6,65.63,44.03,1.93,0.48,4.74,63.15,196.85,7.57,9.54,54.46,86.8
P024,Good,1404.15,309.67,28.22,66.5,17.8,2.43,0.66,2.77,64.86,226.52,8.14,2.36,94.94,67.0
P024,Good,709.23,617.01,12.8,86.33,21.18,2.24,1.33,2.01,91.76,295.47,3.72,2.61,76.99,54.9
P024,Good,733.97,577.77,10.51,76.03,71.2,0.2,1.05,6.21,75.21,310.63,4.57,2.41,96.62,65.1
P024,Good,1261.69,131.33,19.0,67.28,24.52,0.04,0.89,5.51,64.48,201.22,2.51,8.35,73.43,84.52
P024,Good,629.4,264.24,24.28,65.95,57.98,4.34,1.2,3.6,83.09,416.42,1.68,1.96,88.0,76.89
P024,Good,403.99,640.76,31.89,72.86,89.99,3.66,0.47,5.82,82.99,377.79,8.71,7.73,90.06,63.97
P024,Good,1414.85,219.24,26.29,65.93,89.32,1.94,1.58,4.21,71.05,304.73,1.31,1.25,59.15,78.13
P024,Good,1011.47,453.52,31.59,65.05,29.61,1.75,0.53,2.35,69.73,192.19,1.13,4.09,58.13,58.77
P024,Good,1194.56,735.32,1.92,97.65,22.76,4.14,1.29,9.32,61.7,330.06,1.94,5.14,60.25,59.26
P024,Good,885.65,633.03,7.62,81.05,87.79,2.77,0.68,8.53,95.4,272.95,8.64,4.44,54.95,96.79
P024,Good,1124.05,160.19,23.36,71.96,33.33,1.6,0.41,7.34,70.94,317.61,3.24,5.92,60.38,75.16
P024,Good,1442.36,638.51,27.19,60.37,57.31,1.42,0.12,7.03,88.36,329.56,8.05,7.8,77.73,54.74
P024,Good,1277.83,504.19,20.19,67.52,75.29,2.3,1.65,8.96,84.98,373.22,7.1,4.29,55.06,80.98
P024,Good,1040.52,246.32,13.7,74.43,38.8,0.46,0.62,5.64,79.32,478.13,8.57,1.41,94.8,58.22
P024,Good,646.18,632.33,15.65,75.78,19.45,3.72,1.65,3.09,75.62,336.84,7.53,7.67,96.59,66.67
P024,Good,495.26,235.46,1.24,90.78,40.63,2.13,1.1,9.67,62.84,444.81,7.72,4.75,57.12,71.54
P024,Good,984.71,555.96,12.54,68.3,86.63,4.19,0.13,9.04,86.75,435.2,3.51,5.19,76.14,57.99
P024,Good,807.06,378.08,24.46,73.64,34.34,4.0,0.58,3.35,74.46,212.85,3.86,3.89,82.08,71.22
P024,Good,326.74,335.99,23.47,86.28,22.31,1.05,1.54,4.74,64.31,424.17,6.81,1.76,68.87,57.06
P024,Good,1188.93,776.52,35.12,64.94,4.62,4.09,1.46,1.52,70.13,446.57,8.66,6.5,60.36,70.01
P024,Good,391.55,627.14,19.71,71.2,57.87,1.39,0.69,4.28,54.65,289.75,7.34,9.17,54.54,93.2
P024,Good,1036.45,613.71,8.79,73.62,38.38,3.32,0.69,1.49,93.98,187.26,5.84,8.62,65.98,61.42
P024,Good,423.96,617.15,15.03,71.37,59.79,0.05,0.23,3.08,82.84,202.56,8.13,4.05,62.43,78.91
P024,Good,1233.65,409.79,19.84,69.4,85.41,1.18,1.84,8.34,86.73,360.55,9.06,7.2,86.46,90.47
P024,Good,864.45,716.79,22.94,66.73,2.04,4.22,0.87,6.23,50.42,208.82,9.18,8.77,89.93,48.39
P024,Good,1007.4,437.39,7.66,80.26,73.29,0.6,0.03,4.31,51.59,431.21,9.63,2.74,49.96,69.94
P024,Good,1270.27,695.15,26.57,74.77,44.08,2.29,0.28,7.69,53.12,318.89,2.52,7.17,76.49,68.73
P024,Good,1248.98,317.47,6.75,66.98,48.39,0.85,0.93,1.57,90.71,223.53,1.42,8.64,53.79,88.74
P024,Good,800.67,268.26,39.17,72.4,86.29,1.46,0.59,3.26,68.58,196.05,5.95,3.17,62.61,67.88
P024,Good,1240.49,612.07,31.32,90.81,40.16,4.44,1.34,5.02,86.29,408.63,2.63,0.96,52.88,53.07
P024,Good,1424.94,724.98,34.54,85.96,37.04,1.26,1.22,1.16,61.62,316.8,8.13,9.0,75.93,92.2
P024,Good,688.68,456.28,22.03,68.65,84.61,0.86,0.58,8.42,82.37,394.73,7.2,4.34,69.79,71.61
P024,Good,897.55,278.0,32.69,82.14,16.52,4.18,0.19,8.59,60.5,274.49,7.22,8.42,93.9,84.52
P024,Good,302.83,441.43,31.88,60.62,81.07,0.76,0.7,7.12,54.53,432.44,1.74,1.79,57.74,91.38
P024,Good,432.16,520.36,29.7,66.01,5.07,3.84,1.71,2.17,58.77,393.23,3.22,2.49,84.34,57.47
P024,Good,1261.85,421.87,19.84,75.64,27.22,4.25,1.51,3.02,61.65,457.76,1.67,3.83,48.65,50.87
P024,Good,1412.79,514.19,31.62,97.68,91.93,3.24,1.37,3.9,83.64,207.0,6.24,6.78,58.45,63.19
P024,Good,908.42,230.39,29.14,57.08,9.62,1.96,0.37,7.23,53.78,275.0,1.92,7.25,80.63,80.55
P024,Good,668.4,555.98,37.13,75.97,65.67,0.2,0.98,2.57,96.91,409.55,3.53,1.63,87.16,80.06
P024,Good,1309.12,155.19,15.22,88.52,11.88,3.03,1.8,8.24,59.33,218.8,8.5,9.21,68.47,66.07
P024,Good,489.42,463.13,19.13,95.45,11.33,4.07,1.59,2.28,80.78,298.64,2.9,5.72,68.24,82.9
P024,Good,1129.88,264.78,27.89,80.33,5.07,0.11,0.23,3.24,69.42,288.06,4.3,4.48,70.8,85.9
P024,Good,1469.1,237.15,11.96,62.31,86.09,4.17,0.28,5.05,74.72,313.24,3.7,7.38,64.96,83.37
P024,Good,1216.84,528.75,18.55,82.0,12.43,1.34,1.45,2.83,77.6,452.94,3.61,5.31,47.66,52.02
P024,Good,1315.05,504.87,14.53,60.17,87.56,3.05,1.51,1.53,85.96,462.03,5.73,8.62,92.09,76.86
P024,Good,1165.66,721.96,4.15,66.85,26.63,1.81,1.06,4.28,53.64,380.04,9.49,3.35,80.12,71.38
P024,Good,1239.11,130.69,27.29,78.18,68.99,0.43,0.24,2.1,86.43,258.3,4.08,7.51,61.51,82.43
P024,Good,1168.82,150.91,3.26,81.14,67.44,4.04,0.53,8.1,92.02,251.28,7.52,1.67,50.77,77.03
P024,Good,1406.66,150.94,25.17,84.94,80.57,1.18,0.98,8.58,72.73,400.86,1.17,8.29,55.89,75.86
P024,Good,1278.44,782.39,15.24,74.59,36.93,0.76,1.22,4.45,71.94,334.08,2.76,1.14,86.08,60.58
P024,Good,439.03,164.7,31.98,65.05,27.77,1.45,1.05,6.41,76.86,417.19,2.33,4.89,93.51,63.7
P024,Good,1310.16,569.07,1.95,82.23,7.59,1.37,0.28,2.85,63.17,430.63,4.31,7.6,79.39,94.98
P024,Good,535.59,199.62,11.18,83.15,13.93,0.62,1.8,2.76,85.99,409.15,4.74,5.37,73.54,54.36
P024,Good,367.33,608.97,37.99,65.46,2.41,3.94,1.15,4.18,82.78,403.74,7.86,7.55,73.47,58.89
P024,Good,1165.91,722.22,26.4,69.42,24.42,1.14,1.6,9.16,89.74,445.19,7.46,5.96,74.48,97.92
P024,Good,363.78,494.09,8.7,61.39,27.92,0.15,1.02,1.38,53.75,390.09,1.19,4.06,48.49,62.08
P024,Good,508.43,441.33,19.61,66.48,85.88,2.56,0.51,6.86,60.68,313.48,4.14,7.58,59.87,84.24
P024,Good,605.52,463.68,19.61,60.07,16.36,0.68,1.61,5.47,47.13,483.23,8.37,6.23,82.93,63.31
P024,Good,978.94,654.99,3.11,80.1,15.84,2.81,1.66,6.78,86.18,327.92,1.6,5.77,75.04,53.71
P024,Good,1379.12,484.87,20.68,94.69,15.99,0.09,0.31,5.95,55.8,204.07,6.37,3.91,85.76,45.93
P024,Good,274.18,624.72,28.67,84.17,89.01,3.4,1.18,5.58,89.15,383.05,6.51,1.93,53.04,73.07
P024,Good,767.83,200.12,29.57,76.34,53.63,4.2,0.25,4.19,54.92,201.01,5.94,3.17,95.99,65.26
P024,Good,1138.67,694.97,10.93,93.58,86.15,4.26,1.05,5.59,69.39,303.32,4.74,7.55,74.88,67.86
P024,Good,404.89,280.58,27.72,64.29,7.99,4.33,1.49,4.31,80.19,373.71,9.82,7.16,51.42,67.71
P024,Good,1086.29,393.8,13.68,66.38,67.2,0.34,1.36,3.14,53.05,378.14,5.64,2.8,71.23,48.97
P024,Good,721.69,232.37,12.91,79.17,60.01,4.74,1.1,3.44,49.4,278.59,2.22,5.89,72.33,91.67
P024,Good,801.34,547.22,6.44,66.5,63.01,0.16,1.73,1.93,56.91,380.3,5.59,7.92,78.85,73.1
P024,Good,361.94,613.07,25.87,85.84,41.22,0.61,0.17,8.82,58.64,390.84,8.12,1.87,59.72,73.04
P024,Good,1328.15,631.88,9.56,77.29,91.16,3.69,0.07,2.07,85.65,456.24,6.41,3.95,64.13,64.73
P024,Good,955.91,254.71,17.58,90.86,44.74,4.06,1.92,7.86,81.51,207.46,7.1,7.56,89.46,52.92
P024,Good,1146.84,257.63,1.54,72.48,80.53,1.58,0.36,4.74,83.08,378.58,8.15,8.67,78.13,72.32
P024,Good,859.15,358.86,3.13,62.99,58.18,0.03,1.29,4.22,72.14,452.34,6.5,5.62,89.95,52.61
P024,Good,1312.77,224.92,17.02,75.53,65.13,1.79,0.68,4.47,91.1,441.67,6.73,3.69,67.41,89.48
P024,Good,959.71,337.4,9.3,86.44,9.92,1.12,0.03,9.09,50.4,235.86,2.75,6.78,68.41,84.95
P024,Good,423.89,696.65,12.52,85.0,64.36,2.68,1.55,5.45,70.82,472.83,2.0,0.96,54.66,59.64
P024,Good,862.91,349.79,10.29,93.08,49.73,2.32,1.16,8.7,73.88,349.68,3.66,6.93,59.41,68.78
P024,Good,611.12,498.37,34.88,65.54,27.6,1.91,1.23,5.84,58.03,238.29,7.21,3.98,50.78,77.86
P024,Good,1092.18,527.96,8.75,80.37,67.37,3.91,0.76,7.41,90.01,328.28,7.75,5.11,65.38,70.35
P024,Good,869.92,535.39,27.01,60.59,49.83,2.57,0.89,5.37,85.96,383.91,5.07,8.53,66.68,69.22
P024,Good,1056.73,508.55,14.15,76.31,26.18,1.27,1.83,5.65,57.89,253.38,4.39,3.18,61.08,56.95
P024,Good,700.82,326.19,32.78,57.7,82.74,2.7,0.92,6.66,84.32,330.88,3.55,5.85,65.24,63.36
P024,Good,1336.85,331.12,32.53,80.35,53.01,4.21,0.97,8.46,86.26,390.02,7.17,6.93,85.1,65.33
P024,Good,307.84,357.4,4.93,76.02,65.86,3.28,0.72,6.67,77.01,418.48,6.37,7.71,83.59,55.95
P024,Good,1238.96,663.54,38.99,62.57,15.69,2.34,1.64,1.08,55.77,304.64,1.41,2.22,60.04,85.67
P024,Good,376.79,414.48,3.98,94.72,28.72,2.65,0.43,2.64,77.21,446.56,5.11,7.71,76.59,75.89
P024,Good,531.71,320.03,26.43,61.39,9.46,2.4,1.89,5.21,58.66,417.39,2.68,3.66,56.53,84.56
P024,Good,773.36,478.41,4.8,61.69,51.85,1.97,1.09,7.61,95.35,186.99,8.39,3.05,53.43,88.78
P025,OK,886.46,393.77,6.39,76.93,54.88,0.19,0.96,8.16,59.9,242.57,0.89,2.01,73.52,69.56
P025,OK,974.29,588.93,7.62,52.53,25.75,1.63,0.48,2.34,60.9,332.14,4.87,2.14,89.59,81.22
P025,OK,1152.09,130.02,6.48,81.56,2.85,3.16,0.75,5.65,74.29,440.61,6.04,1.75,77.86,62.95
P025,OK,718.9,129.15,3.04,70.23,33.54,2.1,1.47,2.74,68.38,299.12,4.23,1.56,77.67,74.28
P025,OK,286.7,489.86,3.2,53.94,60.58,3.94,0.37,8.34,57.64,314.65,7.9,7.83,62.6,46.12
P025,OK,577.9,129.84,15.83,63.46,76.94,2.99,0.85,7.77,78.98,376.15,3.54,5.59,61.06,65.25
P025,OK,764.95,150.43,23.58,65.52,5.14,1.69,0.22,8.1,54.08,389.84,7.44,6.4,42.15,74.16
P025,OK,1005.48,184.82,23.52,53.63,5.48,2.07,1.58,7.79,69.72,182.74,2.07,1.15,64.51,57.54
P025,OK,723.79,676.59,11.15,79.94,0.32,0.61,1.03,7.27,42.48,200.68,6.28,3.1,68.28,73.25
P025,OK,473.74,446.46,26.22,50.41,84.79,1.31,1.33,5.29,59.94,332.79,4.09,6.42,58.73,60.16
P025,OK,655.45,306.35,32.5,69.96,67.29,2.77,1.59,8.71,60.17,316.4,7.79,6.65,53.55,75.57
P025,OK,1237.16,141.38,4.64,68.8,18.68,2.84,0.09,6.28,67.7,211.75,1.98,2.9,59.15,86.71
P025,OK,274.91,505.76,33.7,60.04,46.71,1.23,1.57,1.15,49.22,365.63,3.3,8.03,54.13,49.98
P025,OK,742.43,413.06,31.73,76.6,72.14,2.58,0.14,6.99,73.99,218.47,7.8,5.24,74.66,77.66
P025,OK,529.78,118.25,26.83,80.23,25.73,2.38,1.51,2.77,57.55,205.55,1.12,3.23,82.63,74.79
P025,OK,872.17,164.37,15.26,68.06,61.97,3.78,0.95,3.49,43.13,236.18,7.68,8.58,76.94,69.65
P025,OK,366.26,292.79,6.93,58.18,57.16,1.59,0.47,0.9,59.74,343.93,3.37,3.35,47.71,55.92
P025,OK,1300.35,346.06,14.94,80.64,6.8,2.34,1.58,6.22,67.82,341.58,1.11,7.79,47.25,73.05
P025,OK,1107.54,381.77,3.97,62.88,82.79,4.02,1.56,7.29,84.08,229.03,1.93,6.49,70.45,83.18
P025,OK,686.68,461.83,3.31,79.88,62.7,2.16,0.1,1.16,49.47,382.36,5.26,8.57,51.38,44.89
P025,OK,973.56,120.22,25.71,82.32,18.17,2.21,1.48,8.55,69.26,211.49,8.24,4.36,70.36,75.4
P025,OK,504.64,281.82,9.96,69.71,65.22,0.72,0.58,6.13,49.68,347.19,2.55,1.46,72.35,74.96
P025,OK,302.43,567.93,10.42,83.82,3.96,0.23,1.24,2.13,62.06,323.14,3.29,1.23,51.78,50.62
P025,OK,500.2,184.97,3.31,64.11,30.78,0.02,1.3,5.59,72.99,333.51,8.1,3.49,48.54,76.04
P025,OK,1085.78,232.07,25.07,83.8,20.69,3.64,1.37,1.23,56.99,298.69,1.6,8.69,84.86,76.87
P025,OK,1284.71,615.94,35.55,65.6,16.26,0.15,0.08,4.44,43.94,391.85,2.36,6.03,43.61,72.21
P025,OK,869.96,399.72,4.32,76.87,9.03,1.03,0.38,1.32,67.36,226.52,8.36,3.07,60.52,66.59
P025,OK,671.15,565.87,12.35,59.72,17.24,0.85,0.71,7.73,50.26,412.13,7.89,0.91,70.38,53.78
P025,OK,1126.12,506.35,17.4,65.56,70.64,4.35,0.26,7.44,57.91,275.82,7.66,6.22,46.65,67.01
P025,OK,376.33,396.88,7.57,63.23,51.3,3.45,0.18,3.15,71.97,429.3,2.2,4.94,44.32,54.46
P025,OK,402.63,178.64,18.45,73.36,67.4,3.23,0.28,1.63,44.83,257.55,1.49,3.71,58.18,57.22
P025,OK,631.11,211.4,33.24,67.78,19.71,1.06,0.22,4.43,52.37,179.07,6.38,1.55,70.57,67.79
P025,OK,1047.62,309.6,23.35,57.31,66.95,3.32,0.76,1.45,75.29,444.42,6.03,5.03,69.76,86.5
P025,OK,443.01,348.86,14.28,84.25,18.08,2.39,1.23,8.29,58.52,405.36,6.07,3.86,46.12,48.24
P025,OK,356.67,182.96,14.31,82.81,61.17,0.78,0.65,2.75,48.97,242.81,4.42,5.67,74.34,62.94
P025,OK,1010.68,650.7,24.85,76.71,31.39,2.09,0.1,4.53,57.96,223.54,7.72,1.04,74.94,60.81
P025,OK,558.69,209.71,17.01,62.41,31.25,3.69,1.16,2.46,71.74,384.23,5.52,7.37,49.09,48.99
P025,OK,442.77,175.49,29.1,80.27,47.03,4.44,1.5,2.04,52.57,335.48,7.11,6.01,66.61,55.08
P025,OK,922.63,196.12,6.2,54.83,20.14,1.76,0.94,6.59,55.87,243.27,3.84,1.9,52.62,65.85
P025,OK,447.94,86.07,15.58,64.34,74.2,0.46,1.33,8.26,61.33,383.77,1.45,3.05,80.38,47.91
P025,OK,831.16,262.9,20.98,60.72,74.1,3.33,1.63,3.81,68.0,256.16,6.91,1.63,44.54,68.13
P025,OK,884.29,615.31,23.05,83.83,55.18,4.29,1.22,7.16,57.35,320.22,4.3,2.68,46.23,55.56
P025,OK,1050.7,503.42,27.91,60.98,84.46,0.96,1.37,3.02,43.49,183.1,6.55,8.21,56.2,78.69
P025,OK,800.49,327.33,21.8,86.88,72.87,0.62,0.65,2.41,73.22,409.98,2.0,2.62,79.42,50.36
P025,OK,933.77,613.39,17.27,69.1,67.14,3.23,0.05,5.26,47.43,389.92,8.18,5.55,80.22,66.0
P025,OK,445.17,536.56,7.29,53.77,10.27,0.43,1.4,3.97,67.55,351.72,7.33,3.06,76.15,53.13
P025,OK,968.93,360.54,4.73,71.7,44.05,1.47,0.55,4.88,49.3,339.56,2.76,7.39,83.23,79.67
P025,OK,852.15,395.46,17.93,69.42,30.61,1.8,0.06,5.14,57.9,249.9,7.4,8.33,67.49,67.74
P025,OK,649.78,133.62,34.11,68.9,72.28,3.5,0.3,3.63,45.19,360.59,4.49,2.93,70.35,70.01
P025,OK,1020.91,601.87,16.25,49.21,44.37,3.78,0.16,6.51,77.88,341.66,6.78,2.11,61.01,58.57
P025,OK,477.26,529.05,14.42,56.22,65.46,0.24,0.03,5.31,49.37,263.35,3.18,4.22,68.97,61.43
P025,OK,262.02,128.11,34.47,76.36,34.08,1.7,0.81,8.28,87.22,299.53,6.72,7.3,80.52,67.94
P025,OK,862.61,310.48,7.53,74.87,51.82,3.4,0.76,8.39,63.31,208.05,8.47,4.58,57.17,63.76
P025,OK,742.73,632.17,6.77,62.66,67.59,0.07,1.22,8.04,51.51,284.84,4.42,2.58,88.52,68.13
P025,OK,585.43,594.88,27.75,68.04,78.92,0.16,1.31,1.55,52.1,287.33,3.25,7.15,63.66,52.42
P025,OK,708.89,424.72,6.18,74.8,0.89,1.22,1.6,7.47,59.16,298.43,5.33,5.48,49.97,47.98
P025,OK,1116.96,641.22,31.9,65.7,83.83,0.03,0.22,6.7,73.03,265.42,8.24,7.25,57.4,62.29
P025,OK,946.34,587.66,3.75,78.69,31.85,0.54,0.17,5.76,56.34,251.61,4.8,7.04,58.71,60.58
P025,OK,587.41,326.92,23.62,60.05,58.94,1.03,0.36,1.89,60.22,285.72,5.03,3.1,77.32,52.45
P025,OK,1288.64,559.41,7.85,70.28,18.54,3.44,0.7,5.65,88.52,271.32,1.67,3.62,73.6,52.26
P025,OK,1067.35,231.03,12.27,69.58,77.71,1.36,0.7,6.72,81.21,298.32,7.8,2.87,60.04,71.57
P025,OK,781.99,578.14,21.79,76.9,77.93,0.62,0.94,7.05,45.61,395.94,4.92,4.61,65.6,70.51
P025,OK,431.45,404.06,25.74,67.85,56.4,1.58,0.32,4.5,78.37,252.38,3.9,6.86,79.75,78.64
P025,OK,620.07,571.71,27.91,63.85,13.15,0.08,0.17,7.2,75.42,290.69,5.83,0.83,69.09,83.1
P025,OK,358.21,495.32,20.12,82.86,12.54,0.94,0.35,7.91,48.65,206.96,5.34,7.03,71.03,61.46
P025,OK,301.4,232.17,3.13,74.06,83.56,0.96,1.62,7.54,50.26,371.57,6.17,1.74,43.89,61.66
P025,OK,295.99,150.81,32.23,83.61,61.11,2.14,1.56,2.49,52.61,407.68,2.21,3.77,42.8,68.4
P025,OK,1211.35,459.0,9.85,79.92,21.37,1.66,0.94,8.45,46.86,277.18,1.89,4.3,64.78,50.37
P025,OK,967.84,270.26,4.94,72.82,25.96,0.5,1.31,3.51,47.74,285.48,4.54,3.73,46.24,61.06
P025,OK,1240.94,646.83,1.89,79.01,59.35,3.41,1.31,7.6,57.49,203.51,5.08,3.19,77.44,58.67
P025,OK,753.79,501.89,8.45,56.44,49.02,0.82,1.55,1.98,83.44,308.84,8.44,3.31,46.69,46.95
P025,OK,1123.36,522.76,27.38,67.37,21.37,2.77,1.06,2.8,54.66,378.6,7.18,7.52,46.88,78.07
P025,OK,478.89,639.43,5.6,83.66,73.36,4.27,0.32,6.82,69.92,276.62,7.64,5.21,55.12,76.47
P025,OK,452.02,143.93,29.17,62.53,41.37,4.24,0.66,6.65,70.78,294.55,5.26,3.63,70.19,70.44
P025,OK,820.23,376.59,14.0,74.44,13.97,3.84,1.2,3.13,64.42,349.74,4.07,1.97,42.89,44.58
P025,OK,764.93,192.21,3.89,61.63,11.85,0.04,0.08,7.42,50.68,334.45,3.32,4.01,82.61,87.42
P025,OK,1067.46,139.62,14.49,60.33,15.03,4.06,0.58,7.43,68.4,292.56,6.06,2.31,60.78,48.53
P025,OK,619.14,299.64,16.02,65.65,48.01,2.19,0.95,4.04,47.25,392.64,8.39,1.05,57.35,64.87
P025,OK,429.89,582.12,8.23,79.11,6.34,3.07,1.13,3.94,58.93,310.18,7.06,5.06,78.61,68.66
P025,OK,847.83,572.63,22.8,60.45,71.56,0.68,0.85,8.21,50.14,328.52,8.34,5.0,60.59,81.52
P025,OK,703.54,303.54,31.44,59.35,65.98,0.72,1.31,7.29,77.75,202.14,7.85,6.17,52.17,53.39
P025,OK,688.11,491.68,26.76,57.85,4.8,3.41,1.5,2.69,68.73,224.07,8.23,1.98,80.01,60.92
P025,OK,1189.73,667.69,17.94,49.18,62.58,4.35,1.18,3.3,63.73,224.03,5.68,7.45,52.92,75.51
P025,OK,696.56,331.82,21.58,83.06,19.26,1.28,1.33,3.02,58.77,270.83,2.84,2.26,81.35,56.38
P025,OK,963.1,570.98,32.35,69.95,57.94,3.86,0.45,3.06,65.48,307.27,5.39,1.91,72.69,73.06
P025,OK,1051.4,95.71,12.91,78.13,4.97,1.42,1.53,2.89,76.32,243.88,2.38,6.93,74.19,82.7
P025,OK,606.32,245.68,29.9,56.05,83.32,1.6,1.32,2.84,80.63,271.41,5.0,4.24,71.88,63.48
P025,OK,284.94,636.03,24.44,52.67,58.1,1.25,1.18,3.94,44.07,304.51,3.33,1.52,76.49,79.72
P025,OK,251.38,675.52,5.13,61.92,71.56,3.86,1.34,8.8,75.11,387.0,2.51,6.75,79.86,63.49
P025,OK,867.23,324.78,13.47,68.22,6.5,2.06,0.3,7.2,88.89,317.55,2.24,7.23,68.93,78.93
P025,OK,887.91,213.7,4.55,65.94,35.38,1.91,1.69,8.15,79.25,233.22,7.16,1.29,83.97,75.2
P025,OK,885.96,562.56,25.86,86.67,4.37,3.91,0.16,3.6,72.07,399.72,7.84,7.49,77.82,75.79
P025,OK,623.63,285.19,23.23,61.2,4.7,1.73,0.03,7.14,71.2,315.42,6.27,6.08,49.49,64.72
P025,OK,899.23,381.46,29.16,57.68,38.17,1.59,0.39,2.71,77.28,375.25,3.51,5.59,50.58,81.29
P025,OK,696.72,303.54,21.58,67.75,54.14,3.16,1.35,5.04,74.75,284.51,6.68,3.05,55.72,66.7
P025,OK,907.0,401.56,28.55,72.17,39.72,1.33,0.19,4.33,66.89,365.62,1.25,8.01,80.85,64.06
P025,OK,582.14,374.44,21.65,74.44,62.1,3.41,0.8,1.72,64.67,258.6,4.53,3.28,77.91,49.88
P025,OK,367.31,144.46,14.03,79.96,70.12,0.63,1.14,7.77,78.79,290.15,1.15,3.67,42.57,59.44
P025,OK,448.01,234.92,14.2,54.26,11.57,3.47,0.7,8.22,69.18,355.16,5.8,0.91,65.46,63.39
P025,OK,780.9,647.98,17.21,70.49,22.71,3.09,1.26,3.08,70.25,213.04,6.76,6.97,60.86,88.34
P026,Very Good,1448.09,730.43,21.34,64.42,29.23,3.74,0.63,5.35,105.12,258.87,2.83,4.35,90.96,95.49
P026,Very Good,383.21,449.02,30.25,61.14,86.58,4.84,1.19,5.53,106.81,467.4,3.44,6.18,53.83,87.21
P026,Very Good,404.67,374.01,37.41,86.97,51.08,2.1,0.87,2.53,84.98,486.62,4.82,10.13,66.98,66.02
P026,Very Good,757.04,246.96,31.34,92.33,21.7,4.4,0.53,4.51,89.63,267.81,7.62,5.83,99.37,60.58
P026,Very Good,1134.37,614.79,17.51,69.81,74.46,2.39,1.52,9.07,65.68,391.25,9.78,2.18,97.78,98.38
P026,Very Good,343.61,130.41,39.4,89.98,95.64,2.57,0.2,4.81,82.98,527.19,4.48,10.08,101.92,97.02
P026,Very Good,1113.33,552.54,7.12,102.62,100.64,0.45,1.56,1.08,75.04,229.38,10.7,9.12,62.86,88.98
P026,Very Good,1020.47,775.63,8.23,60.96,67.3,0.73,1.68,5.33,58.04,241.55,5.15,5.74,89.74,79.93
P026,Very Good,640.4,323.56,4.05,80.75,93.78,3.02,1.36,6.63,102.72,304.34,5.11,10.39,90.16,83.53
P026,Very Good,1495.47,540.65,19.23,84.77,43.13,2.95,0.06,8.54,96.2,204.96,5.58,3.04,71.1,77.95
P026,Very Good,350.13,572.47,23.28,97.81,52.84,1.59,1.18,3.07,75.29,433.33,5.33,8.65,60.44,67.3
P026,Very Good,1361.73,803.72,21.33,66.78,92.89,3.96,1.41,7.61,65.54,427.74,8.32,8.69,53.43,93.33
P026,Very Good,658.1,358.05,2.34,93.54,87.15,2.55,0.57,7.03,58.71,403.96,3.22,7.94,62.23,106.65
P026,Very Good,921.69,743.93,42.89,107.21,30.52,1.47,0.75,8.97,75.1,443.03,1.56,4.53,81.45,84.43
P026,Very Good,1219.03,748.79,36.96,91.97,68.28,4.49,1.95,7.41,102.34,243.05,1.72,4.27,66.09,86.08
P026,Very Good,755.3,228.69,5.16,103.15,32.86,0.45,0.74,5.64,79.43,229.89,4.89,2.17,59.91,66.91
P026,Very Good,1302.42,793.07,14.15,86.42,51.32,0.04,0.46,5.08,78.57,288.11,9.47,1.94,85.61,85.93
P026,Very Good,822.6,812.49,10.09,97.71,78.22,4.99,1.12,7.34,63.03,449.5,2.64,2.21,82.41,93.03
P026,Very Good,923.31,313.36,1.21,98.08,62.03,3.33,0.53,9.46,75.72,510.06,7.65,3.67,58.48,97.48
P026,Very Good,356.8,789.7,37.58,102.63,99.03,4.66,1.01,8.73,74.85,463.16,4.33,6.36,70.42,76.62
P026,Very Good,1152.79,835.41,32.38,71.02,35.13,4.58,0.24,1.38,77.89,449.65,4.92,9.0,55.36,51.85
P026,Very Good,1443.22,563.07,7.13,93.02,73.03,3.47,2.13,6.77,59.77,432.76,9.35,6.4,104.01,74.57
P026,Very Good,585.62,643.0,12.78,95.73,38.93,2.67,0.88,2.66,80.36,438.54,4.8,8.4,82.43,78.03
P026,Very Good,638.15,557.24,34.24,104.1,71.45,2.55,1.82,9.14,75.38,274.76,3.66,9.96,91.68,99.68
P026,Very Good,912.74,136.45,2.58,67.33,31.43,3.41,0.28,4.43,88.24,257.84,1.35,9.04,94.89,64.42
P026,Very Good,380.15,420.62,21.69,75.34,20.5,4.88,1.09,8.39,72.64,479.62,9.97,3.96,65.93,108.03
P026,Very Good,1198.8,593.37,1.33,87.67,18.49,4.97,0.02,3.06,86.08,258.38,6.73,8.52,71.13,80.4
P026,Very Good,1320.6,797.4,37.75,104.44,68.41,0.29,0.3,7.72,62.87,339.6,9.63,5.67,56.77,54.12
P026,Very Good,947.03,359.11,19.79,81.65,100.57,0.05,1.97,2.43,74.34,395.94,4.51,3.82,84.64,61.02
P026,Very Good,702.98,685.91,6.78,68.88,81.27,0.04,0.63,5.19,72.94,287.46,3.78,6.47,83.86,101.1
P026,Very Good,1301.94,420.53,13.63,73.39,27.51,1.29,0.94,2.59,92.33,218.6,6.65,4.53,62.99,51.17
P026,Very Good,1324.0,654.22,35.82,82.19,12.56,1.01,1.65,8.99,67.97,209.22,1.43,3.35,58.74,90.7
P026,Very Good,1197.62,110.55,12.23,88.25,8.62,1.0,2.01,8.56,103.29,293.95,9.12,6.3,62.24,53.66
P026,Very Good,1429.63,506.39,22.54,99.73,82.13,0.02,1.27,9.98,58.43,293.03,4.6,6.09,74.1,77.42
P026,Very Good,1104.43,286.23,34.61,102.21,32.51,0.93,0.28,4.35,54.83,290.75,2.83,3.62,51.95,55.45
P026,Very Good,365.82,363.78,14.0,73.43,62.06,0.26,1.62,4.43,62.83,229.31,4.36,8.54,60.21,71.78
P026,Very Good,380.86,795.33,39.16,82.94,21.19,0.01,1.37,10.27,57.03,535.99,5.85,6.13,85.54,60.77
P026,Very Good,1058.46,352.84,31.5,77.95,5.7,0.56,0.4,2.75,53.8,254.35,9.27,9.52,76.69,66.83
P026,Very Good,344.29,680.78,15.04,74.81,28.76,3.03,2.06,2.76,65.96,343.05,5.04,8.24,69.42,100.13
P026,Very Good,411.96,552.37,8.64,81.09,21.08,0.96,1.88,6.95,100.49,358.13,2.81,5.36,72.05,74.68
P026,Very Good,652.39,734.4,4.83,72.99,34.76,3.91,1.44,7.83,77.89,325.42,2.3,4.73,65.78,98.35
P026,Very Good,746.52,755.71,36.27,104.12,17.16,3.71,0.27,5.98,72.57,306.23,1.61,4.1,106.07,96.53
P026,Very Good,1200.12,540.66,6.72,93.56,60.13,2.72,0.02,6.3,81.76,456.19,7.3,2.54,102.15,56.18
P026,Very Good,575.49,828.82,36.44,63.56,104.29,5.12,0.84,1.49,72.8,368.46,5.27,1.79,82.51,67.99
P026,Very Good,1400.84,184.68,20.55,78.95,71.8,2.34,0.16,3.64,80.71,218.71,6.58,1.62,102.5,52.48
P026,Very Good,1350.12,371.96,28.37,78.11,45.2,1.35,1.92,7.19,79.2,447.51,4.77,6.06,96.52,76.27
P026,Very Good,902.71,522.33,34.76,79.91,65.55,0.23,0.17,4.24,69.22,299.93,9.22,5.22,53.8,66.34
P026,Very Good,517.03,241.97,39.56,63.03,63.76,4.06,0.16,4.08,70.08,219.68,1.34,7.97,56.23,71.49
P026,Very Good,1359.98,345.48,4.89,82.99,86.98,4.71,1.5,2.43,76.78,307.0,3.12,9.83,89.3,81.59
P026,Very Good,1385.12,184.19,6.89,100.27,25.95,4.16,1.69,7.02,56.78,263.94,1.52,7.06,77.29,69.15
P026,Very Good,787.51,420.74,16.81,87.8,5.4,2.12,1.8,9.44,67.6,432.73,4.26,9.28,67.71,95.54
P026,Very Good,383.04,485.29,33.57,67.72,43.88,4.29,0.39,2.28,73.25,304.56,6.52,2.46,57.78,65.79
P026,Very Good,370.17,117.0,2.48,100.61,37.89,3.97,1.7,9.67,63.59,340.7,7.12,5.38,79.46,74.24
P026,Very Good,354.6,124.71,15.83,102.12,16.67,1.15,1.55,5.49,107.16,502.18,6.91,8.87,78.86,100.84
P026,Very Good,559.61,174.04,1.82,89.47,13.87,3.98,0.96,5.88,75.66,243.03,4.0,4.37,89.86,83.01
P026,Very Good,630.87,312.66,4.38,75.03,52.79,3.36,0.27,4.47,88.24,294.75,5.88,2.63,98.11,71.14
P026,Very Good,1550.44,341.53,22.03,89.2,3.4,0.71,2.04,2.49,87.41,441.35,8.14,9.06,91.15,88.61
P026,Very Good,1213.48,233.49,41.48,107.51,97.62,1.87,0.04,10.42,60.23,450.34,10.42,10.11,86.61,57.84
P026,Very Good,571.42,154.66,19.07,102.85,80.87,3.71,1.61,5.43,88.03,241.15,10.0,9.66,102.69,89.93
P026,Very Good,683.01,278.79,30.06,89.78,7.48,3.19,0.54,4.37,97.15,241.56,1.91,4.63,76.01,80.67
P026,Very Good,909.73,520.21,39.36,87.64,52.36,3.86,1.66,3.28,87.37,234.26,9.33,7.37,83.01,79.7
P026,Very Good,912.92,306.23,24.33,105.6,21.73,1.09,0.81,4.13,56.4,474.94,6.63,5.23,100.02,102.58
P026,Very Good,1017.43,346.89,41.96,79.29,48.06,4.53,1.25,3.35,61.89,235.26,4.49,3.3,97.83,89.61
P026,Very Good,888.82,715.12,2.24,64.89,49.77,0.88,1.38,8.51,100.97,311.36,9.94,5.66,53.59,77.88
P026,Very Good,1096.04,805.29,12.24,81.42,85.0,2.43,0.22,3.87,84.42,334.81,9.14,6.24,101.95,94.79
P026,Very Good,1289.42,606.23,25.8,68.94,22.0,2.48,0.06,4.61,86.98,254.02,7.46,10.35,62.15,56.03
P026,Very Good,1357.81,497.38,23.69,98.28,102.18,3.38,0.32,7.6,108.84,521.53,3.89,1.52,82.77,86.33
P026,Very Good,862.24,166.48,23.4,66.6,69.91,0.0,0.14,3.32,81.47,412.66,4.39,9.34,61.03,79.52
P026,Very Good,1015.62,194.33,32.32,86.36,36.59,4.73,1.87,6.16,63.53,291.73,6.27,6.56,98.23,100.93
P026,Very Good,429.84,441.65,39.03,83.51,52.07,0.73,0.67,7.82,70.17,224.71,4.33,9.72,90.54,50.76
P026,Very Good,1275.92,273.76,20.72,100.41,64.45,5.1,0.59,1.91,89.01,355.52,7.54,1.61,98.14,59.98
P026,Very Good,1428.28,671.71,10.62,71.23,90.77,3.82,1.97,2.14,88.45,491.13,5.75,7.52,56.69,66.83
P026,Very Good,478.12,351.15,40.16,101.81,17.14,0.09,0.71,8.18,63.92,373.04,5.7,8.52,75.17,52.99
P026,Very Good,1072.27,740.66,29.47,94.59,75.24,1.35,0.25,3.6,78.95,230.39,3.0,7.28,54.08,85.63
P026,Very Good,1436.66,331.87,3.9,83.89,20.83,4.67,1.11,7.25,73.12,500.12,10.0,8.55,80.39,51.82
P026,Very Good,349.87,661.68,1.6,93.86,81.65,4.65,2.06,9.41,100.05,492.52,2.43,8.58,82.73,73.19
P026,Very Good,1037.54,166.46,19.41,65.95,52.7,3.93,1.14,8.5,74.0,380.75,10.0,4.21,55.92,78.25
P026,Very Good,1532.09,552.58,12.44,80.87,37.82,4.35,2.02,9.9,90.29,444.22,2.15,7.13,95.99,74.03
P026,Very Good,629.43,494.02,22.49,86.47,5.3,4.36,1.43,5.85,61.57,218.46,3.27,9.62,79.3,68.66
P026,Very Good,565.38,255.77,11.22,81.31,22.58,4.88,1.62,6.34,77.24,400.95,8.82,9.56,59.62,103.12
P026,Very Good,827.6,363.35,33.53,78.22,45.0,0.84,1.2,7.75,84.53,345.27,4.84,5.79,71.57,85.01
P026,Very Good,1443.66,701.15,33.97,96.91,11.72,2.58,1.24,3.95,100.37,278.48,6.95,3.2,82.17,57.67
P026,Very Good,1336.32,145.85,42.26,65.23,19.86,0.59,1.04,4.31,91.89,371.86,10.19,9.82,72.47,100.19
P026,Very Good,462.19,623.83,9.72,107.9,73.18,1.94,1.08,5.73,91.63,400.8,4.87,5.98,90.95,68.71
P026,Very Good,683.59,483.89,12.59,74.65,14.85,4.67,1.85,7.47,69.31,416.46,3.14,3.36,89.19,91.69
P026,Very Good,1285.42,470.41,5.31,85.51,34.5,4.28,1.14,3.99,93.72,313.32,8.99,2.35,79.25,56.53
P026,Very Good,405.81,742.59,10.48,71.8,3.4,1.41,0.79,2.45,73.6,424.63,6.04,3.78,68.18,103.19
P026,Very Good,1470.9,132.61,37.39,80.9,46.78,1.4,0.23,6.77,78.64,456.73,7.22,3.26,77.23,96.39
P026,Very Good,1348.32,554.57,37.13,70.08,27.21,0.59,1.19,4.14,60.84,361.81,4.17,6.21,78.31,77.59
P026,Very Good,615.76,788.4,19.65,103.45,100.53,2.02,0.67,6.2,56.96,264.27,2.73,1.88,87.97,78.08
P026,Very Good,1269.19,514.91,23.31,92.9,62.52,3.42,0.29,9.43,99.89,366.92,2.21,8.29,74.54,86.82
P026,Very Good,666.55,474.94,13.21,92.12,83.65,0.97,0.42,5.7,65.14,225.98,9.73,2.94,79.89,70.96
P026,Very Good,351.59,408.32,27.3,87.33,36.07,3.13,1.59,7.17,80.7,201.12,3.03,6.94,80.87,55.66
P026,Very Good,1408.5,268.88,6.72,69.71,60.93,0.33,1.79,8.17,63.94,298.38,6.61,5.41,87.26,83.73
P026,Very Good,1041.89,440.25,6.04,89.64,81.2,2.71,1.85,2.93,102.22,432.77,7.11,5.6,101.83,66.01
P026,Very Good,689.46,484.45,38.88,105.34,81.75,0.04,1.8,6.89,91.82,316.79,2.57,2.82,93.95,83.77
P026,Very Good,765.96,315.3,27.06,67.43,10.82,1.15,0.54,2.32,100.48,263.66,3.9,9.35,81.84,108.5
P026,Very Good,848.79,287.17,1.96,81.19,90.29,2.0,0.21,3.68,73.3,316.39,6.48,10.5,61.65,68.8
P026,Very Good,1365.97,221.42,15.48,70.84,54.49,3.7,1.18,7.17,94.9,476.23,9.79,1.38,94.48,92.46
P026,Very Good,854.31,697.27,40.42,65.73,35.72,1.98,2.13,10.3,58.11,245.54,10.03,10.39,63.03,73.24
P027,Good,1134.64,684.38,33.3,97.27,38.78,0.39,0.17,7.4,76.06,372.39,8.88,2.46,85.18,80.82
P027,Good,1054.35,790.53,10.19,80.04,41.33,2.6,0.62,4.96,63.25,316.74,4.62,5.16,87.67,65.15
P027,Good,542.36,477.4,25.68,94.44,51.13,3.37,1.89,1.51,74.64,321.78,5.08,5.33,85.51,72.84
P027,Good,1197.78,408.07,30.03,80.18,71.89,1.37,0.97,9.44,59.07,407.39,3.63,4.18,77.13,71.5
P027,Good,1227.66,655.5,15.09,73.63,60.56,1.0,1.12,5.16,81.28,436.6,8.29,6.81,81.54,74.17
P027,Good,426.51,674.05,35.75,61.33,64.59,1.6,1.74,2.34,53.75,398.94,4.49,2.77,78.4,60.95
P027,Good,287.15,345.36,32.57,68.74,16.4,4.5,0.11,2.99,49.75,412.54,8.47,5.05,80.81,88.18
P027,Good,418.35,578.45,38.34,74.87,58.34,0.8,0.57,6.9,74.96,420.91,8.85,4.84,65.1,89.55
P027,Good,805.56,580.11,30.2,80.43,45.65,1.34,0.83,1.41,79.71,223.58,6.3,9.53,90.98,48.26
P027,Good,730.44,326.32,23.36,62.02,94.88,0.81,1.25,8.72,95.58,279.12,4.45,2.61,53.3,79.42
P027,Good,962.75,656.62,6.85,60.38,65.73,2.87,1.81,5.28,67.59,387.14,3.3,8.91,76.21,77.71
P027,Good,1077.99,338.62,1.1,88.97,13.14,0.1,0.86,7.89,68.51,289.21,9.35,3.05,86.73,75.04
P027,Good,774.95,623.01,3.03,82.62,19.88,3.14,0.3,4.08,79.42,228.9,6.79,9.17,89.99,68.93
P027,Good,441.34,278.91,1.37,77.16,17.59,4.89,0.56,5.47,54.62,300.63,7.24,6.31,64.86,81.14
P027,Good,488.55,146.72,30.71,75.59,48.91,2.56,1.6,8.13,94.89,426.63,3.05,3.47,64.49,67.22
P027,Good,1274.2,764.52,10.54,82.42,48.04,3.71,0.48,3.18,57.14,374.9,3.04,6.29,68.16,94.02
P027,Good,489.07,634.58,28.32,76.01,38.82,3.61,1.14,3.94,95.68,236.74,2.97,5.23,82.5,79.3
P027,Good,1191.65,502.22,32.44,64.0,66.17,0.69,1.67,4.15,60.86,388.14,6.1,1.09,55.81,72.39
P027,Good,969.58,723.36,36.92,80.4,70.33,0.71,0.33,4.44,51.01,291.38,7.31,5.89,65.71,48.53
P027,Good,1073.32,179.43,16.26,78.68,17.39,0.44,0.72,6.37,62.93,442.35,1.82,7.59,70.21,65.76
P027,Good,439.83,314.11,32.43,80.31,36.2,2.84,0.57,3.26,89.99,267.52,8.59,3.61,78.08,49.42
P027,Good,589.91,624.1,32.14,67.97,49.36,3.02,1.27,4.75,58.38,352.12,5.93,2.66,49.05,91.58
P027,Good,773.58,714.33,17.83,67.41,15.91,4.16,0.06,7.72,68.44,427.43,3.26,5.27,91.04,67.47
P027,Good,465.57,632.13,3.68,73.2,40.76,3.13,1.14,3.52,82.9,267.46,5.43,2.56,74.48,52.73
P027,Good,771.77,209.11,19.8,64.02,77.05,0.13,0.23,9.16,76.01,361.5,2.71,6.93,65.59,78.25
P027,Good,351.47,123.03,0.96,96.74,20.18,2.08,1.24,4.53,58.59,212.3,5.29,9.04,56.27,89.88
P027,Good,1154.82,276.09,35.67,63.91,83.29,1.25,0.13,3.25,51.16,451.11,9.03,6.31,84.46,79.3
P027,Good,603.33,224.79,28.17,59.85,14.73,3.7,0.83,1.8,85.82,208.72,5.89,3.87,85.59,71.24
P027,Good,851.91,466.37,34.04,68.6,60.32,1.17,1.37,9.69,63.45,430.54,9.11,4.96,50.06,52.02
P027,Good,1202.2,622.05,7.11,83.06,75.12,3.2,0.81,8.5,82.26,281.79,1.39,4.07,64.41,63.31
P027,Good,1213.79,627.85,33.04,69.1,5.48,0.77,0.8,5.68,52.65,268.33,3.48,1.27,76.59,72.53
P027,Good,347.38,233.67,17.38,74.14,85.43,1.49,1.39,7.81,58.5,307.36,1.36,2.75,78.14,73.13
P027,Good,520.64,646.39,23.41,69.6,68.01,0.01,0.63,7.46,61.49,407.19,4.25,7.48,82.55,82.89
P027,Good,839.32,527.14,5.77,86.65,16.71,2.21,1.82,2.4,88.02,220.43,3.17,8.28,63.13,58.74
P027,Good,1227.36,301.62,32.92,65.86,56.4,3.9,0.2,7.94,82.18,425.51,8.94,3.22,91.96,92.44
P027,Good,762.09,292.0,14.14,91.24,10.41,0.29,1.13,5.65,59.82,339.55,9.37,3.02,61.0,90.33
P027,Good,959.98,697.16,8.07,69.72,8.84,1.29,0.67,8.88,67.53,393.18,9.71,5.07,51.66,82.59
P027,Good,547.96,406.79,30.1,75.3,60.56,2.22,1.59,4.11,55.08,294.4,1.84,7.15,50.98,74.07
P027,Good,1395.04,448.46,10.64,90.53,79.87,2.41,1.16,1.35,78.52,288.36,9.21,2.01,61.59,61.55
P027,Good,1317.64,491.36,24.33,84.3,78.6,1.53,1.06,3.77,49.94,466.42,1.58,6.85,90.72,93.85
P027,Good,845.31,225.3,30.45,61.05,85.86,0.89,1.18,8.85,66.0,347.94,5.74,1.63,90.54,50.79
P027,Good,655.68,183.51,29.88,74.57,38.44,2.37,0.11,9.74,57.24,372.13,1.04,6.19,47.93,74.27
P027,Good,1219.78,710.79,15.98,79.65,0.56,4.71,0.33,9.17,76.06,288.69,5.37,4.28,86.31,80.72
P027,Good,767.14,507.35,28.67,89.13,39.64,2.65,1.61,2.36,73.28,295.15,4.15,1.98,50.36,92.02
P027,Good,1011.86,439.91,11.32,84.15,58.77,2.47,1.7,1.03,59.84,267.59,8.03,6.58,61.39,89.56
P027,Good,556.52,793.44,17.3,70.87,64.22,1.26,1.06,1.4,78.82,234.4,1.74,1.73,70.41,70.91
P027,Good,516.25,583.63,8.49,71.89,18.65,4.44,0.62,4.01,69.53,339.28,9.22,1.15,73.59,78.81
P027,Good,400.84,106.95,31.41,70.16,69.85,0.22,1.31,8.61,80.23,345.01,5.38,3.47,50.28,47.96
P027,Good,712.61,233.98,34.77,84.38,73.87,3.46,0.88,8.11,86.65,465.65,6.36,7.79,54.55,52.81
P027,Good,916.81,362.68,6.76,80.3,92.43,2.79,1.47,7.75,46.65,434.45,4.42,4.87,89.53,81.23
P027,Good,394.0,123.02,6.22,64.9,42.35,3.63,1.13,4.04,84.64,394.93,3.24,5.79,87.25,85.28
P027,Good,755.59,214.27,19.97,56.51,67.29,0.63,0.63,4.83,76.19,213.74,5.37,2.64,91.15,70.97
P027,Good,1052.01,306.03,34.38,75.95,68.42,1.55,1.71,8.47,48.62,281.44,5.05,8.27,81.44,51.05
P027,Good,718.3,263.64,22.37,65.45,31.56,4.12,1.31,3.84,48.42,456.13,1.06,9.35,59.64,57.9
P027,Good,1301.99,183.99,26.98,69.48,72.39,0.41,0.78,1.35,47.73,286.66,2.41,2.89,93.35,69.3
P027,Good,1392.82,123.94,3.65,75.61,88.6,3.44,1.57,3.04,80.68,307.94,4.46,2.7,69.86,48.29
P027,Good,1191.99,699.67,26.96,95.42,61.38,3.95,0.64,4.34,97.07,345.8,5.44,3.94,74.31,87.88
P027,Good,307.71,715.89,36.37,63.37,84.68,4.25,0.13,3.05,57.28,253.72,8.14,6.49,50.31,83.38
P027,Good,1227.22,750.31,6.34,79.68,1.63,2.89,1.35,1.75,85.57,205.8,4.62,2.17,71.51,97.14
P027,Good,1197.81,336.43,36.97,58.93,53.36,0.78,1.3,1.11,61.58,227.04,3.62,3.73,64.61,92.68
P027,Good,422.66,561.63,27.3,68.91,67.65,0.22,1.12,7.35,65.81,447.04,3.36,9.05,68.72,66.12
P027,Good,889.97,645.75,37.02,91.02,21.47,0.1,1.63,8.77,84.07,383.6,5.14,6.85,65.42,49.99
P027,Good,1206.92,578.13,16.7,84.56,63.52,3.16,1.35,3.46,86.86,326.84,4.82,6.96,52.92,68.22
P027,Good,1020.52,145.99,12.41,70.71,52.5,0.71,0.8,2.45,89.87,398.2,6.46,8.13,87.12,73.45
P027,Good,611.0,622.66,25.6,89.52,90.19,0.82,1.32,3.37,76.21,333.56,1.37,1.92,76.42,47.59
P027,Good,1029.8,688.41,35.93,94.15,11.84,3.47,1.32,6.58,80.11,260.3,4.4,2.08,57.75,77.68
P027,Good,1315.82,368.2,27.47,85.4,84.33,3.88,0.28,8.72,79.43,475.44,3.25,4.7,75.22,93.42
P027,Good,465.62,573.57,4.04,85.09,56.6,0.75,1.53,3.8,65.58,463.02,8.03,5.94,50.07,65.6
P027,Good,694.22,365.55,21.64,57.81,17.84,4.23,0.76,3.98,73.27,388.44,2.25,5.44,51.59,46.19
P027,Good,625.87,388.96,32.25,80.93,38.61,3.33,0.32,2.64,49.97,335.15,4.28,6.14,69.42,91.0
P027,Good,804.28,362.49,17.45,90.16,36.03,0.91,0.39,4.66,71.12,348.03,8.61,1.69,66.37,61.06
P027,Good,858.07,215.51,35.21,82.83,44.95,2.64,1.59,4.93,72.33,257.12,3.16,8.02,94.84,51.62
P027,Good,1043.68,202.59,36.55,77.21,40.98,0.68,0.77,4.1,91.45,290.27,6.24,4.17,59.5,73.81
P027,Good,998.15,476.18,14.68,66.88,37.37,0.15,1.84,5.08,73.26,288.41,6.64,3.25,50.88,49.75
P027,Good,429.74,432.65,3.22,91.19,9.15,0.64,1.84,8.1,49.11,317.15,5.66,1.43,77.25,51.01
P027,Good,749.65,444.13,7.49,66.33,66.01,4.29,1.47,9.12,57.5,284.49,3.44,4.81,46.85,89.44
P027,Good,725.61,278.85,6.92,61.29,60.94,1.6,1.06,1.75,86.87,410.35,4.69,6.47,85.01,84.84
P027,Good,802.01,268.6,22.2,61.64,20.27,0.63,0.15,1.25,77.86,441.44,8.38,4.22,94.9,84.8
P027,Good,1268.07,290.78,34.95,59.77,34.5,1.62,1.8,2.42,82.72,327.39,3.51,7.05,65.84,58.71
P027,Good,511.08,776.95,19.35,57.54,79.83,0.02,0.04,6.16,97.67,315.73,1.08,3.16,70.39,90.5
P027,Good,1158.51,644.51,20.24,91.4,90.52,4.6,1.73,2.18,60.34,448.84,6.82,1.2,94.91,71.98
P027,Good,453.68,627.3,8.7,70.39,31.49,2.11,1.06,4.42,74.95,458.76,1.45,3.08,58.54,67.52
P027,Good,795.39,717.8,28.67,72.38,84.99,3.22,1.42,9.07,90.27,234.97,5.94,5.98,59.9,90.74
P027,Good,828.03,365.48,29.83,60.66,27.56,3.32,0.46,4.88,55.7,331.89,9.52,9.32,45.54,78.95
P027,Good,770.67,329.19,14.57,94.3,34.7,3.89,1.53,6.46,76.95,214.85,3.7,1.39,70.21,92.79
P027,Good,1058.86,219.51,11.73,59.95,37.78,3.81,0.18,2.06,79.03,199.32,2.0,8.98,79.2,85.68
P027,Good,670.15,683.41,14.05,82.71,84.08,3.75,1.27,1.71,93.58,335.73,4.48,2.68,69.86,91.16
P027,Good,868.68,110.94,13.53,87.18,3.33,4.1,1.25,2.28,62.1,322.9,3.25,1.11,70.72,88.59
P027,Good,1406.99,613.96,9.95,76.09,75.92,4.04,1.34,5.81,49.7,251.69,9.35,8.98,49.97,50.72
P027,Good,860.06,265.07,26.25,71.34,36.41,2.2,0.16,1.8,49.51,216.89,4.99,7.23,67.51,96.02
P027,Good,453.1,409.67,31.4,72.45,31.46,4.61,1.04,8.31,81.71,240.03,3.27,3.16,88.66,56.83
P027,Good,1002.22,609.9,5.22,62.91,82.06,4.2,1.85,5.72,70.17,270.27,7.88,7.7,55.66,48.15
P027,Good,1012.97,730.36,33.25,86.91,57.58,1.22,0.39,7.35,67.05,318.37,7.9,3.18,64.94,59.15
P027,Good,1116.59,155.35,19.86,66.28,45.36,0.88,1.13,4.75,76.19,308.27,3.04,3.95,49.87,93.45
P027,Good,1230.64,467.68,25.83,89.3,29.39,3.39,0.37,8.52,59.53,231.9,7.82,5.02,72.98,68.46
P027,Good,1374.18,592.95,8.99,70.08,69.62,3.86,1.52,1.41,67.5,400.98,1.14,2.24,54.95,84.15
P027,Good,663.05,605.83,31.43,61.61,83.08,0.92,0.57,6.47,50.77,251.07,2.02,5.48,81.95,66.8
P027,Good,820.94,765.02,33.2,66.38,59.99,3.49,1.53,8.81,96.87,477.83,7.1,1.03,67.57,53.53
P027,Good,1039.83,714.61,14.39,65.33,11.2,3.43,1.06,4.38,46.95,471.79,6.62,2.91,59.11,73.87
P027,Good,1168.82,241.64,8.9,74.09,39.33,4.69,1.54,3.79,72.32,366.45,7.03,1.37,81.31,89.2
P028,Unacceptable,293.58,254.79,1.6,50.67,49.24,2.13,1.33,4.02,49.06,240.58,4.05,4.13,35.01,46.93
P028,Unacceptable,841.83,412.52,21.13,52.57,8.82,2.37,0.67,4.63,46.52,240.12,1.95,4.71,35.02,43.05
P028,Unacceptable,749.23,469.2,17.05,41.47,36.08,2.09,0.05,2.01,52.11,130.4,3.88,3.8,30.75,44.82
P028,Unacceptable,232.05,122.61,4.76,43.68,39.98,2.72,0.45,1.74,47.97,199.66,4.23,5.18,36.88,61.47
P028,Unacceptable,919.25,204.77,21.37,45.85,18.59,2.08,0.85,4.4,43.72,144.23,2.8,3.0,51.67,31.48
P028,Unacceptable,356.94,391.35,14.2,51.98,43.45,1.36,0.53,2.09,45.73,247.45,2.14,3.52,36.71,57.24
P028,Unacceptable,574.85,244.0,25.84,52.5,21.42,1.32,0.29,4.55,35.81,167.1,2.17,1.23,30.5,51.12
P028,Unacceptable,307.86,97.85,18.59,44.91,33.0,1.57,0.01,2.79,36.31,197.75,3.12,4.9,35.72,41.68
P028,Unacceptable,257.21,348.16,18.18,39.14,37.75,2.32,0.79,6.03,57.03,225.62,2.51,4.7,40.62,39.97
P028,Unacceptable,486.08,347.55,22.09,45.02,6.74,1.74,0.44,3.59,35.49,327.33,2.09,4.91,44.95,57.09
P028,Unacceptable,459.55,277.16,10.71,53.58,28.91,0.94,0.59,1.67,43.93,157.44,3.92,4.16,56.05,30.91
P028,Unacceptable,774.75,282.04,17.08,32.12,64.76,0.78,1.17,2.42,53.59,238.15,5.22,3.22,42.38,48.36
P028,Unacceptable,685.71,493.38,8.77,53.28,20.72,0.36,1.19,0.9,30.83,275.55,1.68,4.61,46.53,37.61
P028,Unacceptable,939.49,263.36,22.5,52.08,32.18,0.29,0.09,0.93,37.31,171.42,2.09,5.01,42.66,47.07
P028,Unacceptable,736.98,172.05,21.03,32.06,51.61,1.51,0.28,4.92,41.01,263.56,2.38,1.25,38.56,45.53
P028,Unacceptable,516.16,472.18,16.35,51.19,44.86,2.23,0.76,1.48,44.87,195.54,0.66,1.33,40.58,32.45
P028,Unacceptable,276.26,68.09,6.15,50.78,4.25,2.54,0.97,6.35,38.57,161.79,1.55,1.11,40.19,48.55
P028,Unacceptable,623.51,51.38,6.08,44.33,44.14,1.43,0.13,4.69,43.81,305.7,1.4,2.02,50.94,41.53
P028,Unacceptable,795.44,279.15,5.68,57.49,43.48,1.57,0.65,4.12,41.57,273.55,3.92,1.3,43.01,44.1
P028,Unacceptable,867.59,150.39,21.96,39.6,53.43,1.98,0.45,2.46,34.85,117.04,4.98,1.71,27.12,50.19
P028,Unacceptable,363.18,63.75,22.26,45.72,58.11,0.31,1.14,3.01,42.26,248.01,2.41,4.93,44.9,38.13
P028,Unacceptable,665.17,437.55,11.99,40.35,40.37,0.06,0.1,1.5,55.24,277.66,1.91,3.39,45.06,47.66
P028,Unacceptable,812.01,402.72,14.35,53.19,54.69,2.9,0.7,5.61,53.38,287.99,2.88,5.51,41.33,40.19
P028,Unacceptable,395.18,126.89,15.02,39.31,15.8,2.47,0.48,5.13,65.3,225.78,2.01,3.04,57.8,50.67
P028,Unacceptable,700.06,82.56,16.86,37.55,30.33,1.91,0.46,1.57,43.98,169.53,2.15,1.53,66.66,44.7
P028,Unacceptable,340.31,96.37,7.47,45.22,11.05,2.54,0.21,5.99,38.51,237.14,2.91,1.1,44.72,35.94
P028,Unacceptable,474.8,383.73,21.41,38.05,48.59,0.88,0.92,5.5,40.93,244.28,1.08,3.41,30.01,58.82
P028,Unacceptable,275.26,131.99,3.7,40.29,54.3,1.57,0.15,1.13,44.37,246.39,2.41,3.02,32.51,37.42
P028,Unacceptable,331.91,327.23,1.33,47.51,61.66,0.93,0.11,1.97,37.19,155.17,1.49,5.02,43.09,39.67
P028,Unacceptable,629.37,480.98,10.69,34.24,34.43,0.03,0.04,4.66,38.44,114.29,4.66,4.6,55.62,28.05
P028,Unacceptable,189.2,135.18,14.23,41.08,13.16,0.94,1.08,5.77,49.83,152.54,3.27,2.41,65.23,35.43
P028,Unacceptable,447.51,157.98,8.34,34.62,24.32,2.69,0.33,4.16,42.75,149.38,5.01,5.26,35.3,66.74
P028,Unacceptable,696.74,143.02,13.01,39.39,53.01,0.69,0.15,2.83,65.19,282.08,3.48,2.84,37.27,41.76
P028,Unacceptable,177.1,419.81,15.44,41.73,51.27,1.86,0.1,4.85,31.85,314.44,3.22,5.68,47.39,38.89
P028,Unacceptable,206.9,389.95,12.5,50.08,26.52,2.7,0.58,2.64,68.7,133.24,1.0,5.18,39.09,53.34
P028,Unacceptable,238.71,282.45,13.69,34.27,32.58,0.91,0.14,4.89,52.71,201.75,3.04,3.9,48.59,46.06
P028,Unacceptable,459.22,428.6,6.06,55.49,0.65,2.45,0.25,3.47,48.66,121.7,3.03,2.14,54.79,40.84
P028,Unacceptable,402.66,168.41,7.82,44.25,11.75,1.55,0.48,2.48,44.33,119.42,3.83,2.26,39.38,34.95
P028,Unacceptable,774.1,177.67,3.86,58.3,37.08,1.0,0.19,3.98,42.02,303.96,4.28,2.34,31.64,52.6
P028,Unacceptable,737.48,211.71,26.76,40.23,2.32,2.34,0.95,2.75,30.2,151.69,2.28,1.95,46.23,62.32
P028,Unacceptable,783.81,110.01,10.15,39.24,5.89,0.59,0.82,3.86,30.28,230.88,1.19,4.63,34.13,45.38
P028,Unacceptable,304.71,288.54,3.49,50.6,32.76,1.94,0.64,5.39,37.2,264.27,0.9,2.84,51.72,46.63
P028,Unacceptable,812.76,189.85,21.25,45.82,49.45,0.51,0.88,1.7,46.08,150.05,3.75,2.85,34.79,61.9
P028,Unacceptable,944.59,87.65,6.62,49.56,54.85,1.02,0.03,4.3,50.06,254.07,4.93,5.4,42.6,33.74
P028,Unacceptable,766.53,94.35,6.86,63.49,2.09,0.73,0.85,1.22,49.6,135.48,6.6,2.5,29.25,47.87
P028,Unacceptable,454.24,470.9,0.86,44.3,35.7,1.92,1.19,0.73,59.55,196.48,4.53,2.79,62.75,53.25
P028,Unacceptable,282.97,129.02,7.18,48.18,8.79,1.16,0.24,6.0,51.44,278.56,4.77,3.59,27.77,56.25
P028,Unacceptable,186.79,323.03,14.81,43.64,41.58,2.24,1.04,2.18,32.32,239.73,5.38,0.94,39.63,31.35
P028,Unacceptable,458.14,326.33,4.25,65.08,24.55,1.06,0.93,1.42,41.97,245.21,5.06,1.63,49.55,52.57
P028,Unacceptable,748.73,363.24,12.76,56.48,2.18,1.08,0.61,4.91,49.35,175.7,5.87,1.6,31.25,31.77
P028,Unacceptable,887.23,331.24,7.85,37.87,53.62,0.58,0.3,1.99,44.35,265.76,3.06,2.21,65.48,45.79
P028,Unacceptable,686.87,264.23,21.86,64.1,41.71,2.85,0.55,6.39,43.39,202.42,2.76,0.72,44.93,38.48
P028,Unacceptable,405.41,205.2,21.46,36.92,28.97,0.5,0.13,1.65,45.15,267.32,1.45,3.34,29.04,61.23
P028,Unacceptable,184.5,189.29,26.98,41.13,20.53,1.28,0.34,2.52,49.5,171.91,5.0,1.69,62.56,62.59
P028,Unacceptable,697.02,86.75,11.1,43.64,58.58,1.55,0.74,2.26,44.79,272.43,1.1,2.12,32.34,31.86
P028,Unacceptable,253.55,176.15,11.39,50.0,48.33,1.12,0.45,1.42,40.13,254.16,2.89,1.8,56.88,54.92
P028,Unacceptable,258.18,186.53,18.25,61.54,42.38,1.91,0.19,3.39,49.53,190.37,2.27,0.8,33.66,49.85
P028,Unacceptable,784.9,483.12,21.57,36.28,31.04,1.19,0.82,4.65,37.89,264.01,1.62,5.46,41.7,46.16
P028,Unacceptable,429.83,252.56,2.26,56.6,7.38,0.8,0.1,4.28,40.78,253.11,2.89,1.75,47.79,45.97
P028,Unacceptable,734.74,75.33,20.22,54.9,15.76,0.51,0.1,5.07,40.37,118.67,3.51,3.19,58.49,60.0
P028,Unacceptable,693.83,274.74,8.06,45.41,48.89,2.1,0.25,5.58,55.52,237.74,4.93,2.62,44.61,31.63
P028,Unacceptable,996.63,415.98,17.75,53.76,0.11,0.44,1.08,2.75,38.63,300.0,3.39,1.65,41.16,52.67
P028,Unacceptable,799.3,395.87,8.3,46.85,68.23,1.22,0.84,1.56,60.35,249.82,5.74,4.66,38.67,37.35
P028,Unacceptable,398.27,334.92,8.38,48.9,19.8,1.3,0.38,1.54,46.52,136.77,6.12,1.28,53.05,63.43
P028,Unacceptable,783.3,294.85,18.35,63.05,47.12,0.03,0.45,5.43,56.35,138.73,4.57,5.52,39.6,54.27
P028,Unacceptable,373.8,241.08,18.93,47.86,52.63,2.31,0.1,4.21,63.4,192.6,2.93,1.94,46.27,29.95
P028,Unacceptable,920.99,429.25,23.5,46.09,30.05,0.9,0.85,1.17,50.89,146.36,4.05,0.53,54.69,36.01
P028,Unacceptable,421.79,353.88,15.45,39.22,6.58,3.23,0.93,0.98,57.48,152.92,4.33,4.64,36.29,32.61
P028,Unacceptable,250.27,116.04,7.2,53.13,3.03,2.47,0.2,2.62,60.55,222.73,1.63,5.91,56.25,61.46
P028,Unacceptable,934.02,281.3,24.92,38.97,42.57,1.24,1.17,1.91,36.55,245.6,5.06,2.17,39.8,55.32
P028,Unacceptable,228.46,132.05,6.03,46.34,24.44,1.88,0.37,2.18,33.95,179.09,4.47,1.16,55.52,25.95
P028,Unacceptable,459.45,220.7,18.52,37.94,42.8,0.82,0.81,4.79,54.04,316.01,5.42,4.91,51.95,56.14
P028,Unacceptable,799.74,286.29,12.74,42.41,41.23,0.7,0.33,0.98,60.08,326.54,1.26,1.7,45.67,36.28
P028,Unacceptable,303.85,347.99,20.84,57.96,22.73,2.65,0.2,3.26,64.82,232.77,1.26,3.05,42.59,53.73
P028,Unacceptable,190.43,159.51,21.39,56.16,26.73,0.3,0.94,3.17,28.38,137.54,2.56,3.04,33.47,45.72
P028,Unacceptable,318.3,227.09,4.64,46.97,3.34,0.62,0.38,5.76,58.09,299.79,2.08,5.81,53.74,56.02
P028,Unacceptable,567.88,103.89,21.82,31.47,6.86,1.89,0.22,5.44,41.62,194.67,0.92,4.43,27.57,60.82
P028,Unacceptable,322.54,311.9,14.11,36.98,62.06,0.65,0.95,5.0,58.54,221.69,2.12,2.36,46.95,54.8
P028,Unacceptable,475.7,384.53,6.15,41.64,43.5,0.6,0.99,4.71,37.21,159.33,1.47,3.26,53.23,36.87
P028,Unacceptable,314.72,220.59,23.97,48.41,62.71,1.93,0.11,3.97,48.28,197.94,3.9,5.75,30.59,51.6
P028,Unacceptable,493.41,412.36,17.27,36.16,19.69,1.28,0.99,4.88,34.98,271.95,0.68,2.64,38.47,38.73
P028,Unacceptable,180.58,146.28,3.26,50.84,8.71,3.32,0.29,1.35,42.23,198.95,4.68,2.47,57.17,60.8
P028,Unacceptable,677.63,117.94,8.59,46.12,17.49,0.12,0.91,2.81,32.98,178.7,4.9,1.99,52.1,27.87
P028,Unacceptable,846.75,237.96,7.6,42.46,25.46,0.61,1.01,3.82,52.77,165.91,3.32,5.63,34.23,48.79
P028,Unacceptable,307.91,224.09,11.36,44.8,31.18,0.23,0.63,2.91,34.8,162.03,5.38,5.86,39.69,59.41
P028,Unacceptable,895.51,338.48,4.19,60.44,45.99,2.05,0.5,3.21,45.03,305.66,5.72,1.03,39.69,33.31
P028,Unacceptable,478.47,151.69,5.74,42.46,19.79,2.78,0.02,2.8,45.1,288.37,1.72,1.54,34.54,34.58
P028,Unacceptable,722.35,80.39,15.6,46.15,13.84,1.23,0.36,6.28,40.4,274.3,3.6,1.83,32.75,36.94
P028,Unacceptable,903.96,258.45,10.18,37.95,14.59,0.7,0.08,1.74,57.69,186.29,1.3,5.47,34.46,52.29
P028,Unacceptable,245.21,352.48,3.81,48.16,25.61,0.82,0.77,3.25,58.6,149.86,2.78,4.29,30.15,60.56
P028,Unacceptable,288.37,199.89,5.31,58.58,12.62,1.2,0.36,4.69,47.66,114.56,4.6,4.77,50.62,43.25
P028,Unacceptable,332.95,296.01,22.34,47.14,1.15,0.68,0.77,3.24,36.95,323.82,1.22,2.5,51.01,38.58
P028,Unacceptable,237.98,111.2,12.34,58.73,33.99,2.15,0.56,1.12,37.28,197.72,2.42,4.04,39.46,43.44
P028,Unacceptable,437.8,131.43,0.63,46.52,47.32,2.42,0.57,4.72,63.35,129.61,1.35,1.81,59.34,57.07
P028,Unacceptable,1022.3,66.31,25.22,46.36,13.85,0.29,0.09,3.28,37.08,228.55,1.67,3.95,40.54,47.11
P028,Unacceptable,790.67,77.01,23.68,40.45,37.74,2.98,0.5,5.02,57.45,148.31,6.53,2.81,35.55,49.68
P028,Unacceptable,535.81,321.79,18.37,44.44,40.28,0.53,0.35,3.57,30.09,143.28,5.59,4.84,41.13,30.71
P028,Unacceptable,817.4,218.44,9.48,40.53,34.77,2.28,1.13,2.55,34.62,141.94,4.56,2.33,46.51,34.5
P028,Unacceptable,532.16,312.8,22.72,34.88,3.0,0.1,0.96,2.16,34.56,218.4,4.6,2.02,33.13,52.05
P028,Unacceptable,226.39,353.88,9.69,56.06,37.57,2.45,1.01,4.54,44.7,216.44,4.75,3.18,28.13,57.94
P029,Excellent,721.03,833.59,2.85,92.89,86.31,1.16,1.66,4.09,76.6,437.14,7.24,11.55,89.14,65.75
P029,Excellent,1589.86,686.1,5.69,94.87,0.7,3.73,0.97,10.19,88.2,365.2,8.94,2.69,101.9,113.58
P029,Excellent,670.12,652.58,46.2,108.01,118.37,6.15,0.47,5.79,59.32,329.79,4.07,3.0,107.98,63.66
P029,Excellent,503.32,841.28,45.46,92.89,108.11,3.62,0.63,2.73,120.57,461.63,8.16,8.56,71.41,95.8
P029,Excellent,1166.91,715.63,34.19,85.07,103.86,4.65,1.17,7.07,125.44,540.56,4.12,5.87,109.16,118.54
P029,Excellent,1520.27,294.75,39.43,82.51,39.44,3.02,1.38,1.86,98.83,502.27,5.11,1.59,99.43,110.15
P029,Excellent,791.03,601.48,10.7,109.57,113.5,3.46,0.13,3.93,99.7,444.42,9.63,8.36,113.41,106.16
P029,Excellent,573.33,318.0,34.3,80.89,59.41,3.96,0.39,2.02,83.08,411.77,10.77,8.01,107.36,86.67
P029,Excellent,502.89,687.18,22.05,99.22,7.32,0.31,1.57,6.61,88.88,300.38,6.37,3.76,113.48,100.55
P029,Excellent,510.14,413.59,19.42,119.01,75.46,2.44,1.35,11.0,70.38,384.62,6.68,4.14,75.67,108.23
P029,Excellent,1149.49,694.08,10.82,118.19,15.72,5.53,0.82,8.96,123.98,395.99,5.6,5.9,89.25,65.32
P029,Excellent,1629.68,813.07,20.37,121.16,55.68,2.31,0.75,10.51,100.74,289.77,7.27,9.76,68.25,61.66
P029,Excellent,667.15,507.76,2.43,128.87,50.14,3.22,0.68,4.66,90.91,525.28,12.02,5.01,98.5,124.79
P029,Excellent,535.35,510.21,14.76,118.21,108.03,1.97,1.03,4.8,103.62,417.02,9.98,4.78,79.54,105.34
P029,Excellent,421.52,291.72,39.41,86.03,59.65,1.9,1.54,6.22,121.09,387.69,9.97,9.03,109.47,82.13
P029,Excellent,1580.58,374.85,4.59,87.37,17.97,5.63,0.51,4.32,65.31,451.4,4.86,8.02,60.99,58.31
P029,Excellent,863.25,408.03,5.3,92.55,116.6,4.3,2.01,3.87,112.15,230.5,9.27,7.24,62.64,73.87
P029,Excellent,625.29,886.32,11.77,129.16,99.16,3.73,0.65,12.24,62.81,581.3,8.6,3.77,86.41,75.62
P029,Excellent,1685.04,422.83,23.2,81.81,49.97,0.11,0.54,12.17,59.22,384.43,5.77,7.25,85.8,69.12
P029,Excellent,1432.85,877.91,26.65,92.42,77.86,2.81,0.07,9.95,84.64,524.45,10.68,12.58,92.12,89.59
P029,Excellent,842.68,796.86,37.99,114.76,57.48,2.75,1.35,2.44,86.55,554.89,11.69,9.8,63.13,80.88
P029,Excellent,804.45,496.48,27.7,73.9,79.85,2.73,0.9,10.11,75.96,438.15,6.08,3.28,65.11,69.13
P029,Excellent,1095.47,285.46,25.7,102.94,84.05,3.91,0.25,11.79,66.07,364.28,5.03,5.01,72.28,100.52
P029,Excellent,421.14,887.68,46.9,70.04,38.02,3.26,0.71,1.57,75.24,375.56,8.54,2.33,74.15,91.65
P029,Excellent,1256.84,899.91,42.6,78.38,87.51,3.68,1.86,11.13,85.79,365.34,4.84,12.11,91.67,114.55
P029,Excellent,1400.31,853.23,13.41,80.24,42.94,2.71,1.49,4.84,79.4,385.24,11.04,6.02,116.6,118.16
P029,Excellent,1767.3,197.75,13.7,89.62,20.51,0.9,0.11,4.17,65.82,368.54,10.62,6.64,91.05,104.71
P029,Excellent,632.39,922.06,3.18,85.63,52.13,5.55,2.17,7.64,87.93,325.97,9.87,3.15,101.44,85.29
P029,Excellent,1363.26,603.12,30.75,84.63,97.93,0.47,0.95,8.28,110.93,378.12,6.81,9.73,103.0,101.73
P029,Excellent,1388.02,681.87,15.01,96.5,12.9,1.07,2.12,6.1,106.18,538.08,3.78,5.25,71.18,87.04
P029,Excellent,990.81,739.09,11.36,70.61,40.49,5.4,1.52,2.98,103.61,327.85,4.33,4.0,80.12,64.33
P029,Excellent,1837.11,282.92,44.52,102.78,3.19,1.17,0.04,3.12,82.81,405.28,4.34,11.19,103.3,91.49
P029,Excellent,1350.95,493.96,13.99,103.74,111.76,2.47,0.97,3.65,111.38,470.72,9.99,1.27,99.38,82.47
P029,Excellent,1088.31,876.37,35.1,76.58,9.62,4.54,0.13,4.35,104.45,419.71,2.26,10.61,74.82,63.04
P029,Excellent,1619.69,912.81,5.09,76.59,116.12,2.08,1.58,12.47,101.56,369.8,7.67,10.89,113.18,104.23
P029,Excellent,1754.64,212.44,34.31,99.1,52.53,6.01,1.26,7.54,69.09,577.88,1.81,2.73,63.45,84.7
P029,Excellent,1351.32,353.85,29.67,95.6,38.56,2.8,1.59,3.28,94.01,504.5,9.33,9.81,103.03,102.64
P029,Excellent,1204.42,291.27,5.39,83.83,97.42,1.13,1.22,9.07,98.62,447.88,3.13,5.88,81.59,85.51
P029,Excellent,1089.67,463.26,36.12,108.33,6.81,0.52,1.07,7.86,121.96,444.6,6.51,1.19,86.01,107.7
P029,Excellent,599.86,342.97,1.41,110.97,103.01,3.81,1.3,9.63,116.18,336.53,8.07,9.47,102.17,99.84
P029,Excellent,381.13,655.62,45.99,92.1,55.46,5.89,2.43,8.93,67.83,414.77,4.03,4.17,126.79,116.79
P029,Excellent,705.11,289.35,46.28,116.76,33.99,3.06,0.31,7.19,107.92,598.96,5.72,4.61,79.4,89.37
P029,Excellent,1411.54,434.0,15.32,110.23,43.94,1.88,1.2,4.7,108.05,452.69,6.68,1.39,81.6,117.36
P029,Excellent,1391.0,934.51,34.12,114.55,98.2,0.54,1.65,8.49,79.22,259.64,10.39,3.1,72.22,114.44
P029,Excellent,702.61,270.76,4.57,107.72,59.73,0.34,0.25,1.74,94.34,407.37,8.87,1.33,83.24,120.61
P029,Excellent,555.5,637.55,32.7,101.88,105.12,2.4,1.7,7.5,119.45,307.1,3.59,5.01,83.35,99.8
P029,Excellent,705.66,148.35,6.68,100.89,68.88,0.57,1.94,5.19,61.67,282.03,4.4,3.06,96.59,96.78
P029,Excellent,523.62,846.74,27.25,91.23,16.6,2.08,0.29,10.86,108.94,425.69,5.71,8.9,104.94,70.28
P029,Excellent,1100.83,402.22,39.02,77.9,99.59,4.27,0.19,10.98,116.57,321.47,9.95,11.07,73.61,102.97
P029,Excellent,1634.55,765.47,7.5,80.08,64.8,2.42,2.09,4.71,101.19,329.42,6.91,6.17,67.82,76.77
P029,Excellent,1141.81,252.39,7.32,116.94,113.33,2.21,0.32,4.99,81.77,489.07,8.48,5.15,96.82,110.45
P029,Excellent,602.18,630.47,13.18,114.11,69.7,5.16,2.16,8.3,76.21,467.05,5.37,4.54,109.41,123.99
P029,Excellent,528.42,438.36,24.51,96.93,52.48,3.96,0.72,7.91,119.43,438.21,4.88,8.22,79.56,106.2
P029,Excellent,776.3,519.16,9.72,100.26,49.62,5.36,0.67,8.34,92.44,255.3,10.88,10.81,122.67,79.22
P029,Excellent,1462.05,802.74,16.33,80.72,15.56,1.2,1.8,8.47,83.48,536.49,4.81,2.66,85.03,104.9
P029,Excellent,1337.84,622.63,6.99,100.55,90.26,4.09,0.56,2.4,104.69,301.02,3.01,6.59,88.04,82.77
P029,Excellent,1297.11,320.07,10.41,96.42,4.07,0.54,1.13,3.31,100.72,342.59,11.29,8.53,102.34,123.23
P029,Excellent,755.3,821.16,19.01,81.15,62.26,1.83,1.87,7.98,76.75,265.13,4.38,11.26,124.05,80.61
P029,Excellent,875.33,421.74,34.36,102.82,46.5,5.94,0.54,6.56,108.61,560.1,4.34,3.03,105.52,101.38
P029,Excellent,1192.7,865.6,25.84,82.56,51.75,3.57,1.66,4.13,70.97,586.79,9.51,1.78,96.7,91.14
P029,Excellent,1834.86,871.55,49.6,120.75,18.01,0.3,2.56,10.03,91.12,317.3,3.52,8.48,87.92,109.79
P029,Excellent,431.59,889.63,30.28,85.97,81.83,5.24,1.85,9.11,75.28,335.98,8.72,7.89,88.95,81.85
P029,Excellent,573.55,290.25,31.95,85.0,102.31,3.29,1.4,8.86,86.44,268.81,11.42,7.38,117.34,98.17
P029,Excellent,1024.75,470.45,46.61,106.19,86.57,2.73,1.01,7.97,85.55,483.05,10.14,9.31,81.99,81.37
P029,Excellent,843.25,145.43,1.83,88.72,100.35,1.17,1.22,5.44,107.64,254.78,8.45,7.22,101.9,79.12
P029,Excellent,1582.08,482.99,36.01,93.44,24.7,5.87,1.17,3.53,120.96,495.03,7.83,10.01,83.23,67.06
P029,Excellent,812.38,171.59,24.83,104.22,11.61,5.02,1.2,5.76,75.24,286.85,6.5,5.08,97.87,97.36
P029,Excellent,408.8,360.71,44.3,127.82,75.95,4.29,2.36,5.42,57.89,358.76,4.35,4.88,128.74,109.93
P029,Excellent,730.11,930.49,44.89,106.55,68.91,4.64,0.99,6.43,73.6,305.89,9.86,10.65,108.88,111.19
P029,Excellent,1197.81,642.98,8.71,90.97,44.77,1.09,1.57,8.96,85.4,584.92,8.24,1.36,109.6,110.23
P029,Excellent,1681.27,722.04,27.02,85.15,34.13,1.48,2.15,9.66,100.16,532.38,6.1,3.92,123.31,79.53
P029,Excellent,911.61,864.43,19.82,75.3,0.84,1.12,1.62,10.71,86.18,399.78,9.87,8.41,78.22,97.0
P029,Excellent,678.07,225.24,19.92,122.53,113.14,5.56,1.47,3.06,76.52,513.82,6.12,5.88,116.67,68.09
P029,Excellent,1237.87,689.84,3.27,77.95,108.98,3.02,1.48,4.16,114.77,455.11,11.06,1.38,58.81,63.2
P029,Excellent,1209.79,491.1,23.05,107.09,40.19,5.6,0.84,7.3,98.45,465.64,3.21,5.23,113.89,100.81
P029,Excellent,1516.66,371.38,25.31,95.45,113.39,6.05,0.62,7.49,62.45,556.9,4.22,8.18,90.77,106.76
P029,Excellent,1113.95,489.05,2.43,85.26,70.6,3.71,1.62,9.16,96.55,317.78,12.09,9.54,71.63,72.95
P029,Excellent,379.52,672.63,36.98,77.03,6.88,0.79,1.06,11.18,61.06,296.31,6.86,9.04,106.59,89.62
P029,Excellent,678.15,436.6,16.71,72.98,35.1,5.98,1.38,4.99,101.68,509.16,9.03,7.74,98.05,68.52
P029,Excellent,1538.5,199.39,24.17,87.31,104.1,0.1,1.6,2.15,76.43,339.98,5.13,6.98,79.26,108.66
P029,Excellent,1610.14,219.57,21.88,86.58,53.94,0.32,0.44,3.43,68.13,415.83,5.69,8.88,66.31,110.82
P029,Excellent,1228.08,893.26,27.76,89.61,47.9,0.6,2.16,6.42,83.8,330.76,1.81,10.38,58.73,98.68
P029,Excellent,714.33,394.25,40.32,98.43,37.32,0.53,1.53,2.72,97.88,574.69,10.95,1.73,77.43,57.84
P029,Excellent,1276.21,698.08,39.24,91.45,108.11,2.59,1.8,11.02,92.31,543.19,2.35,9.44,75.81,102.48
P029,Excellent,1393.53,404.98,13.78,106.88,22.15,4.99,1.14,11.87,82.61,309.61,8.59,10.39,92.1,72.54
P029,Excellent,985.56,381.79,41.91,98.81,68.86,5.89,1.9,11.0,83.36,459.45,8.39,8.66,84.26,104.68
P029,Excellent,952.26,212.16,20.09,124.83,20.18,5.48,0.11,5.53,100.24,313.5,8.25,10.48,67.7,112.58
P029,Excellent,1341.84,155.4,14.03,74.49,76.01,1.51,0.53,8.28,111.04,291.43,6.26,1.85,72.15,108.87
P029,Excellent,1536.6,711.21,11.16,104.99,21.54,6.25,0.87,6.7,78.17,425.14,4.17,9.73,80.68,66.37
P029,Excellent,1706.12,366.11,41.39,81.96,108.08,3.26,1.7,7.24,78.9,248.48,10.56,11.66,74.77,107.63
P029,Excellent,901.57,338.18,40.66,115.8,107.88,4.34,1.57,7.59,113.48,419.48,7.64,2.3,106.98,95.0
P029,Excellent,780.48,639.39,11.52,112.47,100.03,4.95,1.49,10.98,72.57,357.13,2.56,10.48,121.25,70.52
P029,Excellent,417.37,280.56,19.77,75.21,83.44,4.13,1.08,1.88,71.07,526.02,5.08,3.06,63.55,84.52
P029,Excellent,449.59,644.42,35.76,104.38,59.7,2.32,1.43,8.55,63.23,445.0,3.57,6.99,65.3,116.94
P029,Excellent,1137.49,445.04,38.39,103.8,87.83,6.3,1.99,2.27,91.54,425.62,9.41,10.47,113.54,79.44
P029,Excellent,960.35,528.4,24.15,103.97,34.86,3.91,0.3,8.38,78.36,299.07,4.09,10.17,113.77,77.47
P029,Excellent,881.91,277.12,32.65,101.24,39.12,1.71,2.53,5.94,122.31,548.24,5.92,1.89,73.4,114.61
P029,Excellent,1518.66,771.2,31.82,109.01,26.66,1.94,0.96,2.12,90.53,494.45,7.64,8.0,94.15,129.0
P029,Excellent,1554.54,705.3,42.08,95.4,42.04,5.0,1.11,9.45,109.33,279.75,10.56,8.43,67.23,77.96
P029,Excellent,395.88,319.97,20.22,91.16,102.9,0.67,1.79,7.32,111.88,539.42,10.98,3.08,118.08,119.56
P030,Needs Improvement,227.31,482.56,21.06,66.52,64.37,3.63,0.31,4.31,54.46,299.24,4.35,1.67,45.94,51.71
P030,Needs Improvement,544.79,302.77,19.69,63.83,30.32,0.45,1.4,5.29,46.78,234.7,3.58,6.0,62.7,38.63
P030,Needs Improvement,796.2,234.65,12.43,56.16,6.01,0.24,0.11,3.63,36.18,289.99,2.83,4.63,48.14,73.38
P030,Needs Improvement,305.37,92.74,10.3,69.69,8.06,1.78,1.31,4.33,39.89,179.74,3.88,4.6,41.33,53.69
P030,Needs Improvement,633.9,451.14,22.29,67.12,40.54,3.54,0.28,0.98,70.45,268.44,6.57,6.88,59.49,55.27
P030,Needs Improvement,763.96,260.16,10.7,47.16,25.83,0.04,0.57,5.87,71.75,163.36,5.89,7.51,42.71,58.39
P030,Needs Improvement,733.04,312.64,10.67,74.72,38.14,2.18,0.06,2.39,65.48,221.36,6.47,6.74,44.82,46.5
P030,Needs Improvement,665.22,429.88,5.45,47.98,51.34,0.78,0.63,6.64,66.62,369.42,1.43,6.79,76.31,63.03
P030,Needs Improvement,643.08,310.52,11.69,67.84,22.91,1.2,0.01,3.92,65.54,237.13,4.94,3.58,63.6,41.5
P030,Needs Improvement,950.78,203.33,24.99,47.33,62.85,2.54,0.05,2.62,49.34,347.9,7.35,3.6,53.46,67.67
P030,Needs Improvement,473.19,531.9,26.83,53.66,66.76,1.0,0.71,2.7,45.42,244.48,6.02,0.97,57.79,38.47
P030,Needs Improvement,983.88,501.17,30.22,68.59,23.41,1.31,1.38,1.07,72.28,371.39,2.66,2.65,64.77,69.91
P030,Needs Improvement,656.75,128.92,13.52,71.02,40.91,2.05,1.05,5.77,73.8,213.17,4.69,1.44,36.25,56.99
P030,Needs Improvement,771.76,216.56,17.59,56.49,46.74,0.02,0.38,4.26,48.43,353.77,1.06,4.79,50.33,50.16
P030,Needs Improvement,610.05,537.51,25.23,52.36,51.37,3.83,1.18,5.78,73.77,254.5,2.78,3.4,43.35,61.42
P030,Needs Improvement,1006.93,450.65,7.45,43.52,24.08,2.85,0.54,1.5,46.35,225.39,3.65,3.74,61.37,38.29
P030,Needs Improvement,1064.77,117.34,5.06,44.54,71.28,1.27,1.27,3.2,61.73,260.53,6.27,1.42,68.77,60.72
P030,Needs Improvement,911.65,531.14,4.81,57.22,41.75,1.95,0.58,1.05,66.65,307.72,3.31,6.88,42.01,44.94
P030,Needs Improvement,782.37,236.0,14.31,60.12,41.71,3.54,1.1,2.27,69.15,392.25,3.62,0.92,36.36,61.45
P030,Needs Improvement,1127.55,463.78,17.52,44.24,11.33,2.13,0.55,6.98,48.18,367.51,4.5,6.54,52.64,59.82
P030,Needs Improvement,358.24,133.3,9.03,49.19,51.05,2.63,0.98,3.24,64.39,282.6,7.47,4.33,50.98,48.4
P030,Needs Improvement,337.38,538.72,21.9,47.6,59.61,1.99,0.14,2.75,56.07,359.7,2.62,4.12,46.59,51.82
P030,Needs Improvement,949.17,477.18,4.36,61.93,68.95,3.57,0.92,2.91,46.02,193.66,5.16,3.87,55.2,39.66
P030,Needs Improvement,942.17,276.6,9.08,58.57,18.43,0.79,1.04,5.52,75.66,204.81,4.93,2.13,58.84,55.03
P030,Needs Improvement,977.14,465.45,25.7,48.89,73.02,0.15,1.46,2.68,63.45,261.34,2.52,5.98,49.88,65.81
P030,Needs Improvement,743.37,514.66,12.17,73.6,54.22,0.1,0.54,2.6,69.86,351.37,2.53,1.35,63.18,45.78
P030,Needs Improvement,937.42,515.26,5.42,49.82,39.14,2.72,0.02,5.39,59.06,236.05,6.67,3.66,70.14,52.85
P030,Needs Improvement,613.89,123.07,13.0,62.31,53.12,2.6,0.87,6.69,51.12,195.62,6.91,6.22,40.72,52.15
P030,Needs Improvement,630.81,374.51,18.3,65.68,45.6,0.33,1.08,5.76,51.78,162.52,1.64,3.96,73.13,72.79
P030,Needs Improvement,382.81,563.89,10.22,67.99,74.34,2.73,0.02,4.33,71.23,361.26,3.42,6.06,58.57,55.94
P030,Needs Improvement,387.54,241.07,20.18,73.22,54.06,1.66,1.37,6.4,50.75,279.66,6.7,3.97,50.2,69.92
P030,Needs Improvement,281.59,281.26,8.65,62.3,56.55,3.33,0.6,2.72,37.14,192.05,3.9,1.22,52.06,60.92
P030,Needs Improvement,1014.39,376.36,27.08,79.14,4.55,0.22,1.21,2.59,49.11,198.4,6.28,7.11,44.92,63.36
P030,Needs Improvement,961.91,233.19,11.1,66.47,17.79,0.27,0.86,2.45,47.59,335.65,3.16,5.35,68.03,41.41
P030,Needs Improvement,939.69,339.04,25.99,73.59,36.66,3.92,0.47,2.06,69.0,244.38,4.02,2.6,52.3,75.85
P030,Needs Improvement,646.67,96.89,22.87,71.55,54.97,1.6,1.26,4.2,58.43,281.44,1.51,4.92,72.43,66.24
P030,Needs Improvement,808.56,208.42,1.82,51.46,56.13,1.08,0.35,5.59,59.98,152.99,2.54,5.48,50.02,52.07
P030,Needs Improvement,1080.29,73.77,20.07,60.32,71.09,0.73,1.09,4.15,74.42,187.09,5.74,4.65,37.52,51.32
P030,Needs Improvement,1040.55,452.41,29.27,67.2,27.67,0.02,1.08,6.76,53.11,180.07,0.82,7.18,62.47,44.4
P030,Needs Improvement,457.06,381.02,16.34,66.3,46.05,3.52,0.56,1.04,70.64,184.09,1.13,6.12,72.03,69.01
P030,Needs Improvement,617.02,533.49,15.27,62.54,62.97,0.04,0.98,4.16,70.46,238.89,5.1,4.83,40.1,53.45
P030,Needs Improvement,288.95,467.57,29.63,68.83,10.02,3.02,0.5,3.49,59.01,330.72,2.77,6.73,58.33,74.78
P030,Needs Improvement,922.5,285.95,8.79,75.13,26.63,0.78,1.55,5.7,67.85,237.99,0.98,2.32,62.01,69.65
P030,Needs Improvement,418.17,149.54,16.73,51.73,53.06,1.14,0.07,4.41,50.29,204.06,2.11,5.11,43.93,72.9
P030,Needs Improvement,521.7,302.66,22.09,61.42,8.87,2.9,1.18,1.88,55.12,184.98,4.36,3.68,63.19,55.69
P030,Needs Improvement,261.94,567.73,29.9,47.65,66.13,3.32,0.93,4.32,52.8,280.25,6.21,7.3,58.57,46.5
P030,Needs Improvement,969.49,125.29,10.98,53.53,57.74,0.73,0.17,5.13,60.43,174.42,5.14,3.28,63.47,58.08
P030,Needs Improvement,1098.46,100.83,20.46,55.59,3.4,1.06,1.03,2.12,67.95,345.68,1.02,4.37,46.4,44.01
P030,Needs Improvement,567.75,444.02,4.4,58.34,23.73,3.49,1.48,4.68,60.52,200.53,4.58,3.92,45.51,67.97
P030,Needs Improvement,266.49,433.68,13.57,50.26,19.66,3.34,0.42,4.09,62.36,257.27,1.02,1.66,47.52,76.22
P030,Needs Improvement,324.42,463.43,17.01,52.69,69.8,0.09,0.36,6.23,58.74,357.62,4.03,3.64,65.67,48.09
P030,Needs Improvement,829.33,359.7,29.37,51.31,38.5,3.07,0.87,4.5,51.33,203.97,5.68,4.12,62.59,65.86
P030,Needs Improvement,645.21,92.62,11.38,71.08,37.66,0.21,0.09,1.43,64.86,221.43,5.08,6.61,43.89,57.79
P030,Needs Improvement,1019.81,353.68,2.36,45.02,75.01,2.86,1.2,6.93,62.35,208.68,3.21,1.17,38.61,46.03
P030,Needs Improvement,943.92,201.34,14.34,49.48,25.32,1.06,1.02,2.56,73.93,215.02,6.35,2.57,72.05,39.88
P030,Needs Improvement,946.02,586.65,27.15,72.31,35.33,0.14,1.24,4.82,51.41,233.0,4.38,2.24,48.29,42.29
P030,Needs Improvement,1078.82,291.51,23.09,76.18,62.57,1.39,1.44,1.49,53.78,306.07,4.28,6.62,68.11,69.89
P030,Needs Improvement,722.64,283.03,19.9,70.71,20.96,1.15,1.33,6.67,75.37,330.62,3.75,2.99,48.5,61.7
P030,Needs Improvement,360.12,563.73,11.19,53.22,77.08,0.86,0.95,2.02,61.45,155.14,2.12,6.39,47.41,45.85
P030,Needs Improvement,453.05,222.76,12.92,50.95,7.5,1.19,0.75,7.06,63.32,358.46,4.45,0.98,57.86,44.86
P030,Needs Improvement,713.67,439.87,25.75,59.22,27.02,2.24,0.8,6.01,44.02,230.49,5.06,0.98,65.22,48.04
P030,Needs Improvement,515.08,314.47,16.75,48.16,34.05,1.66,1.11,7.46,68.02,290.46,5.48,7.76,50.21,60.53
P030,Needs Improvement,602.57,442.25,19.77,60.64,48.64,2.37,0.56,2.55,53.1,292.83,1.55,1.93,59.14,66.2
P030,Needs Improvement,815.89,308.29,18.24,57.09,19.37,1.33,0.21,7.0,71.44,209.11,6.96,6.84,51.79,50.38
P030,Needs Improvement,450.93,529.42,28.21,65.06,0.78,0.56,0.12,5.64,58.05,239.39,2.13,1.79,47.37,46.94
P030,Needs Improvement,1020.29,95.71,27.25,67.11,52.35,1.32,1.51,3.97,68.71,316.55,1.6,4.23,66.8,54.08
P030,Needs Improvement,446.86,105.97,8.65,52.26,48.42,0.14,1.25,1.87,44.45,259.32,3.61,5.47,52.25,51.09
P030,Needs Improvement,292.81,443.77,3.06,46.39,62.11,3.47,0.69,5.19,58.06,311.09,6.86,4.0,40.03,73.14
P030,Needs Improvement,326.57,149.31,1.47,61.94,11.5,1.49,1.33,1.97,55.05,254.68,6.74,3.29,41.07,67.0
P030,Needs Improvement,367.55,362.59,6.78,55.17,27.46,3.91,0.98,3.31,68.52,203.71,3.86,0.95,58.18,65.71
P030,Needs Improvement,236.21,389.06,17.49,50.3,64.07,3.46,0.71,5.83,38.76,223.13,1.17,4.73,54.78,52.39
P030,Needs Improvement,1100.35,173.14,25.02,57.51,46.51,1.97,0.24,4.56,45.39,314.13,1.2,1.09,68.98,67.7
P030,Needs Improvement,390.72,559.02,5.05,53.13,56.0,1.98,1.04,5.11,39.68,265.99,5.66,7.17,72.03,48.65
P030,Needs Improvement,241.15,505.46,17.77,50.77,48.97,1.42,0.6,0.94,77.41,368.25,4.92,4.04,62.05,52.68
P030,Needs Improvement,502.4,534.39,3.71,70.33,60.14,1.09,1.21,1.5,64.38,269.51,1.11,6.86,71.15,37.63
P030,Needs Improvement,481.95,506.82,9.52,75.95,3.28,2.62,0.17,2.21,44.18,299.96,5.92,2.13,53.03,60.93
P030,Needs Improvement,612.85,454.79,25.03,74.82,48.26,3.28,0.86,6.51,49.31,334.03,2.8,3.44,67.76,54.82
P030,Needs Improvement,777.54,613.5,1.54,48.73,3.24,2.74,0.67,1.22,38.99,191.5,6.25,2.19,69.97,58.07
P030,Needs Improvement,382.54,159.35,7.73,49.83,6.87,0.93,0.54,1.31,62.24,284.08,7.55,2.83,45.58,65.16
P030,Needs Improvement,1018.54,315.86,14.57,46.44,24.81,2.27,1.53,5.66,58.95,297.42,3.65,1.58,47.25,76.04
P030,Needs Improvement,900.26,368.81,25.8,49.22,7.27,1.63,1.31,1.67,40.43,224.38,6.74,5.63,63.04,38.34
P030,Needs Improvement,429.71,542.54,5.94,59.98,70.47,2.15,1.02,3.27,59.45,189.58,3.26,0.79,65.49,37.41
P030,Needs Improvement,1111.38,538.11,17.04,70.42,47.22,1.94,1.3,1.74,71.7,240.69,3.12,6.46,60.23,36.73
P030,Needs Improvement,245.74,157.72,13.4,52.45,41.92,3.81,0.61,6.66,39.18,156.65,2.79,7.31,44.94,62.64
P030,Needs Improvement,393.82,350.75,17.74,72.79,19.74,1.81,0.47,3.55,57.1,238.44,3.18,2.58,73.94,40.62
P030,Needs Improvement,787.44,250.66,30.65,48.1,35.08,2.31,0.67,5.21,73.29,185.45,2.24,6.54,64.14,47.63
P030,Needs Improvement,575.35,269.76,26.15,51.27,29.36,1.59,1.03,5.33,48.74,345.92,2.54,4.04,45.79,60.88
P030,Needs Improvement,1067.88,411.6,5.93,57.23,34.82,1.54,0.28,2.2,50.76,277.84,3.04,6.33,57.36,47.82
P030,Needs Improvement,1051.9,542.7,7.5,51.98,19.92,1.05,1.41,4.54,67.48,321.03,5.06,1.18,66.6,50.53
P030,Needs Improvement,403.04,469.52,22.19,65.78,37.17,0.25,1.04,1.92,63.76,348.24,6.06,6.79,38.4,69.77
P030,Needs Improvement,273.43,425.33,12.68,63.45,49.13,1.57,0.55,3.23,56.22,177.14,2.45,1.85,56.69,44.18
P030,Needs Improvement,1019.72,479.89,22.2,64.71,42.18,1.77,0.18,4.43,39.12,246.9,2.6,5.47,61.68,47.76
P030,Needs Improvement,464.77,192.0,12.6,46.79,45.24,2.97,1.35,2.19,66.45,216.5,5.57,4.61,73.12,41.3
P030,Needs Improvement,264.18,603.35,10.39,45.12,32.92,1.4,1.02,6.08,63.67,181.28,4.79,5.1,51.02,54.08
P030,Needs Improvement,918.98,572.03,11.25,57.45,52.05,0.84,0.87,4.03,71.29,386.64,7.1,6.09,69.09,55.81
P030,Needs Improvement,258.1,518.95,14.74,62.43,62.64,1.19,1.35,4.82,37.51,282.54,4.55,0.85,69.65,65.97
P030,Needs Improvement,593.56,283.63,19.07,70.08,70.21,1.02,0.17,4.5,54.44,309.89,4.29,4.23,60.02,73.57
P030,Needs Improvement,666.87,199.95,18.38,54.13,72.4,0.81,0.48,4.73,58.73,355.5,7.19,3.59,40.52,49.32
P030,Needs Improvement,1038.26,208.82,18.71,67.12,36.34,2.74,0.58,0.97,52.43,345.47,2.85,4.28,46.54,46.32
P030,Needs Improvement,1088.52,460.5,17.0,68.76,20.45,0.49,0.46,6.05,48.79,239.2,3.76,5.77,53.69,62.19
P031,Very Good,684.7,591.14,1.74,92.48,81.9,3.19,0.33,6.34,99.91,350.4,1.21,4.82,88.16,93.31
P031,Very Good,512.68,594.91,19.12,86.47,14.71,2.02,1.0,2.29,104.81,347.48,5.43,2.23,66.76,66.2
P031,Very Good,1022.42,580.7,24.33,70.06,51.38,3.43,1.53,9.66,108.55,468.18,2.97,8.04,55.91,77.16
P031,Very Good,1155.67,585.28,25.34,72.33,42.04,4.09,1.41,3.1,66.24,242.78,4.44,10.15,97.59,67.5
P031,Very Good,558.72,300.73,4.29,101.79,89.47,1.37,1.6,3.85,52.4,469.26,6.99,5.19,54.49,77.41
P031,Very Good,885.09,864.46,34.35,88.92,66.09,4.7,0.87,3.27,103.25,316.82,2.24,4.05,57.57,91.33
P031,Very Good,619.02,304.48,19.16,63.29,67.39,2.93,0.78,1.35,72.6,215.51,3.99,7.42,90.02,100.9
P031,Very Good,878.84,786.44,16.13,69.37,24.91,2.15,0.7,6.61,78.63,342.05,10.61,8.72,58.27,91.25
P031,Very Good,1350.71,327.81,11.09,90.4,74.89,3.31,1.22,2.54,62.58,250.39,7.99,4.35,96.31,95.95
P031,Very Good,1327.21,144.36,13.41,86.69,49.3,1.96,0.83,3.38,83.14,401.58,5.69,6.42,65.86,96.12
P031,Very Good,370.31,614.19,31.34,93.99,78.9,1.47,1.03,10.63,90.61,367.08,6.76,1.84,86.53,80.46
P031,Very Good,523.41,369.56,22.06,69.53,2.41,0.25,1.82,4.23,101.88,397.58,6.91,5.83,99.75,79.83
P031,Very Good,1009.3,533.06,27.23,80.95,21.71,3.6,1.18,6.69,63.47,420.33,9.33,5.0,97.58,69.65
P031,Very Good,1484.52,653.6,28.34,89.72,82.41,4.33,1.22,1.04,57.63,259.15,3.9,3.7,99.28,100.71
P031,Very Good,906.61,159.66,35.9,99.2,26.8,1.69,1.69,3.65,52.81,227.4,1.39,5.81,77.54,100.68
P031,Very Good,1122.78,684.29,3.99,100.8,67.89,0.68,1.6,4.56,53.87,384.24,1.95,1.57,76.55,94.48
P031,Very Good,788.38,558.23,10.2,104.49,73.98,2.45,1.59,9.61,70.04,400.74,2.67,2.27,96.27,87.23
P031,Very Good,1584.87,582.3,27.38,99.46,67.06,4.48,0.96,1.72,51.41,429.27,6.61,4.53,87.65,90.41
P031,Very Good,1120.19,438.23,2.34,66.12,61.39,1.08,1.62,10.64,97.82,387.22,7.1,7.72,93.6,65.92
P031,Very Good,1384.06,660.28,38.86,67.22,1.87,1.41,0.58,4.03,95.88,245.39,6.44,9.26,98.16,83.79
P031,Very Good,716.22,780.02,5.53,78.52,6.61,2.06,0.45,2.34,52.57,440.68,3.29,4.64,68.15,97.62
P031,Very Good,1259.85,714.18,11.67,79.95,28.7,3.27,1.85,7.01,87.97,402.91,3.8,8.83,94.62,78.53
P031,Very Good,911.6,539.38,34.73,92.44,19.61,1.09,1.14,2.99,71.53,333.34,6.96,9.56,77.84,90.07
P031,Very Good,580.36,626.53,17.82,105.73,28.89,2.23,0.34,10.09,62.51,345.79,3.8,1.98,65.55,85.51
P031,Very Good,1612.47,698.14,11.27,100.51,72.41,2.38,0.32,3.68,58.21,515.39,2.46,9.23,76.17,77.75
P031,Very Good,742.63,247.51,26.2,85.65,38.64,0.43,0.22,10.21,74.02,312.95,3.29,5.89,56.99,63.31
P031,Very Good,1041.7,507.62,7.14,89.52,73.89,4.98,1.59,4.27,67.79,256.63,2.09,1.45,70.43,95.91
P031,Very Good,1505.0,488.53,27.17,85.28,88.02,1.19,0.31,4.29,88.95,342.44,3.07,2.48,65.38,75.73
P031,Very Good,897.3,688.63,33.44,64.69,57.21,5.14,0.5,9.41,98.43,212.62,1.53,3.59,68.7,99.01
P031,Very Good,939.61,453.79,38.32,70.27,29.7,4.63,1.23,9.01,66.78,349.82,2.94,7.85,95.95,61.95
P031,Very Good,713.44,651.21,1.94,97.34,55.48,3.41,1.68,2.62,82.24,481.51,4.02,9.48,77.12,54.74
P031,Very Good,464.79,125.95,22.11,86.64,11.04,4.31,0.87,8.84,101.08,347.38,1.64,8.19,96.47,64.76
P031,Very Good,443.93,257.8,17.11,62.96,6.05,0.25,1.01,4.61,74.98,438.91,1.55,8.73,91.06,64.59
P031,Very Good,740.51,397.96,30.12,93.28,11.02,5.23,0.5,1.66,105.3,422.44,6.03,10.0,80.73,88.93
P031,Very Good,697.31,709.85,17.0,61.67,56.35,5.21,0.92,4.48,88.16,346.51,9.73,1.93,90.34,109.57
P031,Very Good,1391.27,497.88,13.21,78.83,95.64,4.76,1.71,6.76,61.35,310.63,5.65,4.94,63.89,105.99
P031,Very Good,1418.15,131.62,17.97,87.83,12.66,4.46,1.26,3.96,57.12,419.98,5.29,1.85,83.83,53.93
P031,Very Good,1482.58,666.42,32.08,65.94,17.8,3.17,1.66,9.23,65.79,443.56,10.4,10.52,86.83,63.78
P031,Very Good,907.77,690.74,3.04,72.74,16.02,3.76,0.6,8.66,67.52,353.41,8.86,1.16,84.9,57.54
P031,Very Good,830.81,248.16,18.22,74.78,102.19,2.27,1.93,9.58,88.69,310.91,2.1,4.44,65.62,74.69
P031,Very Good,1059.91,863.77,12.22,75.96,37.97,2.3,1.92,3.32,96.3,342.98,6.99,8.99,100.2,88.43
P031,Very Good,1053.11,709.87,17.41,82.86,10.46,4.08,2.01,1.59,66.34,244.46,7.26,2.09,100.24,89.77
P031,Very Good,1448.43,370.5,17.34,91.65,69.88,2.66,0.59,8.62,57.33,383.27,4.98,7.83,92.9,68.32
P031,Very Good,669.29,169.02,7.5,84.3,61.07,0.28,0.36,6.95,80.58,439.16,1.81,6.77,93.43,71.55
P031,Very Good,1192.77,279.19,21.62,83.89,6.99,4.96,0.95,9.6,90.3,249.75,5.35,7.62,84.18,61.59
P031,Very Good,533.3,450.54,32.78,90.98,26.58,3.61,1.48,6.75,66.63,264.34,5.73,3.99,98.66,67.26
P031,Very Good,633.11,377.02,2.19,67.86,36.65,3.97,2.0,1.34,57.64,407.08,7.37,6.55,86.36,82.35
P031,Very Good,1271.88,438.53,6.04,62.03,12.91,5.06,0.58,7.71,82.67,294.32,1.97,5.74,104.73,96.33
P031,Very Good,362.58,770.86,33.69,66.42,96.07,1.81,1.1,6.47,86.99,240.33,7.96,1.3,62.81,96.32
P031,Very Good,1210.0,366.29,16.46,88.03,72.04,5.2,0.71,2.63,82.49,224.97,4.46,5.81,104.22,55.11
P031,Very Good,1067.51,814.56,29.93,77.37,50.56,2.16,0.42,1.18,59.28,287.55,9.33,4.5,100.39,55.31
P031,Very Good,694.34,130.75,24.6,98.68,54.02,4.79,1.61,2.93,57.82,271.2,9.16,4.77,59.59,84.45
P031,Very Good,593.46,370.65,2.83,64.88,84.7,0.16,0.18,5.64,95.9,502.16,7.13,2.92,100.51,98.52
P031,Very Good,783.55,661.47,11.99,88.36,63.76,1.05,0.52,8.08,72.52,486.32,8.1,5.7,70.46,58.58
P031,Very Good,1142.01,411.75,32.86,86.12,93.85,1.89,1.66,4.6,107.79,230.8,5.43,5.24,58.16,105.58
P031,Very Good,992.69,192.57,17.14,96.59,8.43,0.79,1.1,2.3,61.5,361.46,3.73,8.36,99.61,71.84
P031,Very Good,759.65,592.57,18.71,68.12,55.46,4.28,0.2,7.64,84.78,378.0,3.31,9.95,74.54,90.05
P031,Very Good,934.21,556.69,32.86,67.13,100.36,2.93,0.91,6.63,77.65,457.34,2.74,6.13,91.95,84.82
P031,Very Good,1130.06,149.86,19.47,84.57,48.63,4.85,1.31,3.56,76.46,360.46,9.36,4.8,78.55,103.43
P031,Very Good,1072.16,593.43,28.18,80.68,62.58,3.63,1.62,10.37,87.71,312.73,8.75,3.48,92.18,68.47
P031,Very Good,491.75,401.8,40.0,68.73,37.7,4.17,1.95,4.91,94.81,512.03,10.48,5.34,95.11,100.88
P031,Very Good,706.55,252.73,8.12,99.78,20.33,1.83,1.07,8.61,67.26,418.19,6.23,2.11,63.53,55.15
P031,Very Good,1152.21,274.9,16.33,70.17,33.21,3.94,0.15,1.97,53.15,262.06,3.04,1.15,89.15,75.78
P031,Very Good,576.02,540.27,24.77,87.45,15.03,1.69,1.09,7.3,54.88,288.79,6.42,7.13,95.27,91.61
P031,Very Good,1238.29,787.8,3.52,106.49,64.11,0.98,1.52,10.64,95.16,416.09,8.73,6.93,55.83,71.54
P031,Very Good,1266.58,620.38,29.82,66.82,21.03,0.84,1.39,9.47,88.97,325.26,3.31,5.05,98.27,63.7
P031,Very Good,940.23,104.14,19.62,98.25,107.24,0.94,0.41,4.51,88.97,323.94,4.15,4.21,86.51,96.9
P031,Very Good,676.0,538.44,11.18,93.55,103.22,1.18,0.37,7.71,94.99,261.2,6.16,3.21,65.19,55.73
P031,Very Good,545.62,776.62,23.35,66.08,98.6,3.21,1.34,4.27,80.55,328.77,5.27,2.45,82.92,100.95
P031,Very Good,1232.39,493.87,22.02,105.22,37.38,0.9,1.59,8.86,83.24,444.52,9.09,6.11,79.82,96.9
P031,Very Good,1141.32,530.34,32.87,86.38,86.03,2.86,1.73,3.98,68.34,253.42,7.93,6.28,104.8,61.08
P031,Very Good,1291.39,140.67,31.39,106.97,22.17,0.24,1.0,4.09,104.15,463.2,1.2,6.94,86.94,72.49
P031,Very Good,844.9,245.64,43.59,90.19,11.95,2.52,1.11,4.35,69.66,420.32,6.85,9.18,82.76,93.01
P031,Very Good,578.92,364.97,34.88,72.98,33.75,2.55,1.0,8.4,86.63,291.4,1.83,4.31,64.91,73.96
P031,Very Good,922.95,578.47,42.14,87.82,25.14,3.17,1.08,5.09,102.25,309.93,8.88,8.5,99.42,80.28
P031,Very Good,585.83,618.45,26.01,100.16,91.79,3.91,1.58,2.17,99.51,339.11,4.02,9.27,61.33,85.51
P031,Very Good,427.67,577.66,27.15,95.03,1.76,3.79,1.68,3.38,55.91,350.71,3.04,9.55,100.13,89.43
P031,Very Good,1189.39,353.49,2.37,97.23,96.95,3.67,1.56,9.34,99.96,480.43,5.57,1.3,61.32,109.78
P031,Very Good,605.35,799.0,17.82,97.98,26.0,4.27,0.41,2.5,66.19,324.13,1.19,3.85,62.2,80.67
P031,Very Good,519.37,109.7,15.09,100.33,62.18,3.43,0.01,4.67,57.91,512.02,6.73,4.36,76.84,88.63
P031,Very Good,778.25,293.13,15.68,96.05,44.26,1.63,1.18,3.95,87.0,546.42,2.46,3.54,76.29,58.04
P031,Very Good,1227.14,555.63,4.03,87.66,52.58,0.96,1.78,8.45,56.58,319.96,7.22,5.78,70.6,60.29
P031,Very Good,380.82,671.22,31.02,77.18,32.15,0.38,1.57,7.22,87.34,470.18,4.12,8.5,101.89,85.19
P031,Very Good,804.34,315.67,5.66,72.8,71.96,1.93,1.47,5.16,98.15,471.67,3.57,10.01,84.52,78.54
P031,Very Good,1018.49,786.89,29.1,80.89,94.03,4.22,0.89,6.61,86.17,477.24,6.55,8.33,90.97,89.98
P031,Very Good,626.03,768.04,9.09,86.98,33.17,2.24,1.73,3.5,100.58,438.14,6.7,8.73,101.24,84.39
P031,Very Good,624.71,756.18,1.97,102.61,34.61,4.92,0.13,4.95,75.26,257.87,8.71,8.56,75.18,58.52
P031,Very Good,723.61,248.69,26.59,64.05,93.63,1.2,1.78,7.64,94.62,231.97,7.15,5.92,61.74,102.51
P031,Very Good,363.83,392.61,15.61,79.0,31.01,0.85,1.5,8.49,64.08,395.65,7.29,2.88,78.99,101.39
P031,Very Good,1509.43,206.95,39.29,74.17,30.11,0.5,0.14,5.86,94.91,275.35,7.12,2.15,64.29,77.36
P031,Very Good,479.11,697.45,27.3,95.43,56.54,4.88,0.25,9.73,78.17,484.67,1.19,3.37,95.6,73.49
P031,Very Good,617.33,213.33,2.24,82.55,50.41,1.69,1.07,9.84,53.53,393.1,8.7,1.71,87.2,69.07
P031,Very Good,1571.09,507.6,33.14,104.17,95.99,2.13,2.02,1.26,92.8,219.48,8.42,3.39,82.86,99.93
P031,Very Good,1380.85,367.19,32.13,72.1,76.31,1.68,0.51,8.87,89.7,247.07,2.03,5.98,71.44,86.17
P031,Very Good,1327.68,536.4,9.91,103.06,100.08,2.67,0.43,7.83,70.7,441.08,9.25,8.25,97.94,70.81
P031,Very Good,1356.02,816.07,18.84,80.87,28.64,4.14,0.39,6.03,70.45,293.46,2.77,9.28,94.43,85.03
P031,Very Good,305.9,763.18,22.38,70.69,65.65,3.93,2.15,8.48,67.11,247.69,9.88,10.24,61.41,94.59
P031,Very Good,1538.67,126.71,31.49,69.27,31.73,1.7,0.93,4.44,87.71,325.99,4.11,1.83,104.46,83.22
P031,Very Good,1462.07,205.54,25.72,101.02,17.99,4.4,1.84,4.42,58.52,409.84,9.47,10.71,93.99,80.07
P031,Very Good,1220.23,722.88,38.45,95.1,61.37,2.98,1.3,3.67,63.24,474.6,5.93,2.51,101.06,84.18
P032,Good,1402.76,139.83,25.8,80.81,16.44,3.13,0.99,6.66,94.36,413.07,9.4,9.63,90.5,58.44
P032,Good,775.85,701.67,1.26,68.93,67.69,4.2,0.2,2.45,74.05,465.55,2.34,3.18,76.77,49.09
P032,Good,348.28,545.98,29.67,73.32,38.33,3.07,0.47,1.93,85.83,380.67,7.35,7.45,53.19,65.5
P032,Good,917.81,392.36,1.73,77.99,66.42,1.79,0.59,3.14,85.51,410.69,7.02,2.31,89.28,65.57
P032,Good,1197.73,222.1,31.11,91.09,72.17,1.22,0.91,4.39,74.88,455.28,7.47,7.82,97.07,49.3
P032,Good,905.93,776.27,5.93,67.54,24.95,4.05,0.28,8.0,73.46,233.82,2.57,7.42,61.25,59.58
P032,Good,857.96,335.38,22.09,69.03,30.39,4.63,0.61,6.44,70.33,385.86,6.94,8.64,77.82,56.31
P032,Good,795.55,229.04,13.11,75.35,94.17,2.52,1.49,1.0,83.55,207.85,9.09,2.02,67.42,58.24
P032,Good,1026.4,387.76,26.48,79.03,32.71,3.85,0.46,1.64,72.54,335.79,2.14,5.55,64.55,62.44
P032,Good,850.24,678.5,28.27,86.04,74.69,2.02,0.39,4.03,83.82,365.11,1.52,7.79,62.57,69.4
P032,Good,1330.77,171.07,30.79,69.33,14.12,0.35,0.3,4.53,70.9,251.97,9.72,3.57,70.4,80.19
P032,Good,774.06,408.11,17.58,69.76,75.4,2.27,1.51,6.79,64.36,468.93,2.27,3.19,82.6,78.69
P032,Good,1248.21,642.48,23.71,73.69,40.29,0.74,0.55,3.06,71.69,411.37,1.21,7.9,90.82,57.85
P032,Good,720.5,268.85,4.84,83.7,3.01,3.73,1.75,5.33,98.25,215.17,2.94,9.1,63.11,83.24
P032,Good,338.83,360.25,19.21,76.86,74.57,1.47,1.63,5.62,57.07,368.8,2.49,3.7,87.76,56.93
P032,Good,905.16,667.29,4.07,73.62,40.8,2.65,1.32,6.66,77.46,421.7,5.88,8.39,46.11,87.79
P032,Good,1225.64,478.12,5.15,82.66,25.44,0.75,0.04,2.48,79.59,321.62,9.06,5.56,61.89,84.06
P032,Good,770.13,109.82,33.0,56.85,44.79,0.16,0.85,3.06,96.4,335.13,5.98,3.91,61.48,92.76
P032,Good,374.64,745.04,34.93,89.64,13.63,0.14,1.17,2.1,83.17,446.69,5.8,1.46,49.81,88.36
P032,Good,807.11,284.2,14.61,78.56,56.87,3.28,0.01,5.52,59.64,325.81,8.09,7.89,56.61,48.29
P032,Good,1371.56,497.97,5.65,83.77,34.8,2.96,0.53,3.98,82.67,242.41,5.26,6.24,66.52,92.85
P032,Good,1156.39,512.23,36.59,81.58,3.35,3.91,0.05,4.09,86.97,432.62,2.7,1.34,96.73,89.83
P032,Good,952.48,507.02,3.5,74.54,71.25,0.44,0.82,8.83,55.91,315.44,5.97,5.63,81.31,87.1
P032,Good,553.11,281.38,7.29,57.92,41.68,4.21,0.16,8.26,95.65,461.77,7.64,7.28,45.6,87.17
P032,Good,706.43,188.95,31.66,73.98,70.46,2.55,1.71,9.02,90.82,218.23,3.92,5.63,52.65,73.45
P032,Good,571.35,316.41,19.57,72.19,8.95,4.71,1.62,1.51,71.48,312.38,4.91,5.21,92.99,72.32
P032,Good,979.62,296.59,8.3,89.8,42.68,4.7,1.49,3.25,53.5,237.89,7.78,3.3,72.71,52.41
P032,Good,741.07,127.16,5.88,62.9,77.62,3.11,1.35,3.65,95.52,369.22,1.71,2.84,87.11,53.39
P032,Good,689.73,430.14,8.65,69.59,20.08,0.47,1.08,7.17,71.98,220.78,4.0,5.64,69.56,57.05
P032,Good,310.76,332.88,22.34,85.28,24.41,2.55,1.34,7.5,51.79,291.39,7.92,1.18,79.68,61.67
P032,Good,921.51,762.03,7.57,79.93,47.14,0.73,0.94,7.7,65.93,412.05,6.77,9.7,71.0,75.1
P032,Good,1155.08,286.45,4.09,59.73,67.94,1.77,1.07,4.11,94.68,195.95,6.8,2.14,91.93,68.34
P032,Good,1274.12,307.38,27.75,81.36,20.92,3.92,0.32,5.43,64.4,198.98,9.05,1.27,75.19,90.88
P032,Good,835.62,218.09,20.38,78.7,78.3,3.37,0.78,6.93,73.37,375.93,7.31,1.06,58.98,85.32
P032,Good,710.91,488.68,5.15,82.45,21.04,3.94,0.01,1.73,65.43,485.8,6.17,2.92,62.72,69.45
P032,Good,838.48,727.3,14.12,77.17,30.36,3.32,0.92,2.28,50.99,277.52,2.37,7.14,52.8,62.42
P032,Good,1234.3,563.62,28.02,80.38,59.94,0.75,0.02,9.41,93.22,410.32,1.06,4.57,67.15,60.32
P032,Good,894.14,347.49,27.25,85.06,35.14,3.24,0.78,8.19,83.21,409.89,6.63,7.47,48.94,54.08
P032,Good,885.65,713.19,7.17,65.0,81.0,1.7,1.5,8.11,70.13,210.29,7.41,4.89,52.38,77.94
P032,Good,1055.46,365.69,2.2,75.02,64.33,0.27,0.74,6.87,78.69,430.95,6.12,8.62,91.23,88.95
P032,Good,922.9,489.48,20.96,83.49,18.72,1.53,1.37,6.77,69.9,441.8,1.77,1.61,48.24,48.5
P032,Good,860.77,264.01,20.02,68.43,57.79,3.48,0.89,8.23,67.76,401.26,6.25,8.39,87.42,79.66
P032,Good,1243.1,441.52,24.73,83.5,12.19,0.16,0.09,9.44,65.45,322.06,8.27,9.16,86.0,79.48
P032,Good,466.54,501.8,20.25,88.97,42.29,3.31,0.74,3.08,77.8,206.9,1.62,6.42,49.64,76.74
P032,Good,645.3,243.96,1.43,68.62,33.92,1.89,1.25,9.64,54.3,199.22,2.51,4.58,74.85,80.21
P032,Good,355.54,345.49,26.42,97.15,73.42,2.59,1.78,4.83,77.0,449.25,7.78,4.72,72.6,53.34
P032,Good,691.54,260.44,28.72,77.45,13.65,4.78,1.52,1.72,66.49,191.17,9.63,3.08,65.39,62.32
P032,Good,1352.22,137.26,24.54,90.38,39.09,3.28,0.99,8.56,69.75,244.47,8.19,4.91,51.52,65.38
P032,Good,930.41,225.45,37.17,73.16,56.13,2.6,1.66,9.19,77.72,398.31,4.08,1.52,72.36,55.04
P032,Good,477.9,226.45,31.3,89.87,36.11,4.39,1.11,4.89,48.68,230.23,3.38,9.51,55.89,71.06
P032,Good,1153.34,599.97,20.12,74.85,41.85,3.03,1.02,5.13,56.02,302.69,5.23,5.36,50.84,49.88
P032,Good,646.83,573.78,25.21,73.81,33.37,0.43,1.88,1.7,74.24,367.97,4.12,1.78,64.53,84.26
P032,Good,581.87,308.05,12.87,73.11,63.67,1.07,0.91,6.6,76.55,279.72,6.37,6.05,97.16,73.39
P032,Good,823.68,142.12,10.29,68.18,81.04,3.87,1.14,5.51,67.24,184.75,3.56,4.23,72.2,63.53
P032,Good,575.68,426.91,11.96,86.24,27.12,0.51,0.42,2.18,78.47,325.09,1.25,1.27,81.65,64.31
P032,Good,504.23,332.7,8.22,63.16,81.59,3.76,1.25,7.15,51.0,238.72,9.39,9.12,85.88,59.69
P032,Good,863.72,393.12,29.23,61.48,18.88,4.29,0.75,4.91,58.44,352.18,5.11,8.86,64.58,72.52
P032,Good,547.33,313.1,12.14,61.39,64.14,0.11,0.96,2.99,56.8,347.26,5.23,7.91,55.88,51.39
P032,Good,978.86,519.53,26.52,65.32,77.71,0.15,0.38,9.22,54.47,443.07,8.77,8.06,82.44,64.49
P032,Good,685.08,615.75,4.85,76.33,23.11,2.67,0.49,1.18,80.67,367.45,5.6,6.14,69.54,56.44
P032,Good,335.12,427.99,4.25,59.38,71.66,1.36,0.6,3.54,64.65,413.98,4.34,6.64,52.4,72.42
P032,Good,857.24,660.59,8.43,75.99,65.94,0.68,0.76,5.17,84.87,444.87,6.8,1.37,82.44,59.59
P032,Good,1067.96,545.63,27.6,82.98,67.17,2.28,0.14,6.96,76.01,236.34,4.27,2.92,83.49,81.93
P032,Good,1162.82,757.31,30.11,78.85,12.82,4.39,0.11,6.91,65.07,242.61,4.34,7.83,50.98,57.16
P032,Good,1344.32,379.57,4.95,82.4,36.22,0.88,0.86,7.88,94.24,210.34,5.09,7.05,56.3,77.63
P032,Good,360.79,180.11,31.39,79.64,45.66,4.05,0.56,7.71,77.86,219.84,8.07,1.39,67.92,83.09
P032,Good,1236.44,291.45,27.68,63.97,34.55,3.95,1.39,1.14,53.99,314.19,1.78,3.9,93.06,76.03
P032,Good,1182.9,436.09,7.2,60.31,70.22,2.26,0.42,5.71,92.39,463.14,6.49,4.65,48.61,75.04
P032,Good,638.11,209.07,23.7,65.45,61.93,2.19,0.27,4.66,90.85,302.71,4.08,0.98,60.35,87.4
P032,Good,971.64,194.46,31.15,75.84,76.08,3.83,0.1,8.12,69.41,248.76,6.5,5.64,91.99,65.48
P032,Good,1051.1,634.81,32.11,60.61,6.59,0.41,1.85,2.31,79.8,376.89,8.92,2.96,96.63,83.68
P032,Good,320.66,263.59,17.4,75.55,63.38,4.95,0.3,5.2,83.4,390.5,4.18,3.81,79.34,78.88
P032,Good,1388.4,118.59,11.22,66.08,4.29,0.51,0.36,5.15,70.49,441.75,1.99,3.2,69.05,50.49
P032,Good,686.75,257.33,36.03,60.47,75.97,2.49,0.27,4.03,59.78,338.28,9.21,8.01,55.52,61.72
P032,Good,1133.25,295.05,27.65,74.67,29.13,1.24,1.47,8.29,85.89,331.53,3.27,4.79,63.05,78.94
P032,Good,576.15,109.75,11.64,76.81,14.64,2.21,0.61,9.5,58.4,245.52,5.35,7.72,61.53,73.91
P032,Good,546.16,609.96,36.51,73.77,35.68,0.96,1.06,6.73,65.05,346.29,8.19,6.38,77.08,78.68
P032,Good,794.14,162.03,38.14,71.45,62.95,2.4,0.93,4.55,51.15,363.43,2.42,8.22,71.5,55.45
P032,Good,1012.08,346.34,25.88,95.21,44.85,0.75,1.08,5.14,58.78,366.57,5.5,3.31,86.53,55.99
P032,Good,1065.57,115.22,1.65,67.37,13.69,2.62,1.17,6.24,67.7,237.1,4.26,3.38,58.49,48.3
P032,Good,758.36,607.18,34.65,86.23,82.11,2.82,0.4,3.13,96.17,388.43,2.74,6.18,56.69,54.25
P032,Good,411.53,510.76,7.52,79.39,29.39,1.65,0.97,3.33,63.12,468.29,5.89,8.16,70.32,57.09
P032,Good,770.53,408.49,33.14,76.33,57.12,0.66,1.21,1.08,82.95,217.34,8.25,9.66,48.99,61.75
P032,Good,1155.1,124.02,3.82,68.32,64.04,1.7,0.66,5.82,61.27,433.15,4.74,5.27,48.74,77.81
P032,Good,1166.64,245.42,8.12,75.03,8.4,2.82,1.2,4.07,76.66,208.65,4.76,9.0,78.15,91.05
P032,Good,970.43,422.65,23.55,84.88,10.75,0.58,0.83,3.48,66.13,259.89,7.92,3.16,91.74,89.76
P032,Good,1075.42,710.69,29.41,84.6,70.23,2.31,0.62,1.28,75.15,391.83,4.67,4.47,50.08,53.98
P032,Good,1343.24,187.67,23.11,83.09,3.82,3.8,1.34,5.94,57.88,221.28,4.82,2.93,81.23,51.3
P032,Good,912.28,226.03,8.42,82.01,39.53,2.69,0.01,8.87,80.82,312.11,1.68,5.52,65.3,46.33
P032,Good,629.52,468.32,23.42,76.38,33.56,4.15,0.75,8.71,69.62,271.94,9.5,2.99,76.24,69.18
P032,Good,949.15,203.58,3.16,86.41,6.77,4.39,1.39,6.9,70.62,223.94,6.26,2.18,68.5,67.95
P032,Good,491.67,351.07,37.48,84.39,52.03,3.16,0.85,8.07,62.0,306.64,1.41,7.88,82.16,67.8
P032,Good,1368.59,243.37,10.33,90.14,49.72,0.33,1.48,5.72,70.56,358.3,1.46,3.03,50.83,77.32
P032,Good,1357.17,504.68,4.39,90.03,48.88,3.77,0.18,7.85,78.03,287.12,5.27,2.23,52.02,86.95
P032,Good,636.09,139.12,4.42,89.6,61.88,2.03,0.65,7.0,61.47,491.77,6.76,7.36,96.13,78.45
P032,Good,725.43,247.85,9.92,72.69,93.13,3.75,0.71,3.5,52.57,435.37,7.02,3.96,73.6,80.38
P032,Good,547.42,576.38,30.18,69.25,40.11,1.81,1.76,9.69,84.93,214.04,8.53,1.46,53.76,96.68
P032,Good,481.87,522.92,19.34,94.41,11.31,0.39,1.94,6.02,58.61,255.05,1.01,1.71,87.83,57.28
P032,Good,399.7,651.34,29.49,84.45,76.75,3.83,1.15,3.22,60.02,443.66,4.86,7.48,56.62,93.83
P032,Good,735.28,263.68,21.09,68.66,92.4,3.18,1.1,6.82,70.54,482.0,9.22,5.9,73.17,80.92
P033,Needs Improvement,1091.51,323.63,7.89,48.63,67.64,3.08,1.15,5.5,50.2,367.76,2.63,3.3,46.49,65.15
P033,Needs Improvement,484.04,430.48,19.76,46.41,71.6,2.53,1.26,1.14,50.34,247.53,3.46,0.81,57.13,48.19
P033,Needs Improvement,829.73,344.66,29.69,58.19,17.85,2.86,0.87,5.15,66.62,301.59,4.79,4.97,44.48,46.96
P033,Needs Improvement,889.55,218.27,24.53,51.95,54.25,1.8,0.43,6.72,42.47,212.01,3.0,4.03,70.34,62.44
P033,Needs Improvement,847.54,474.19,21.94,53.19,51.42,3.1,0.86,4.88,73.6,333.65,6.58,2.27,55.47,57.6
P033,Needs Improvement,533.35,461.94,30.59,50.62,13.13,3.35,0.96,6.6,48.59,277.64,5.44,1.07,62.55,48.53
P033,Needs Improvement,409.96,163.9,11.28,63.67,45.98,2.52,1.42,6.59,69.15,325.42,4.43,5.18,53.13,61.27
P033,Needs Improvement,716.51,79.55,23.08,56.5,41.67,0.72,0.96,6.94,38.68,375.31,2.58,1.36,75.55,70.12
P033,Needs Improvement,1077.81,112.04,10.77,49.79,35.79,1.95,0.15,5.32,39.27,328.13,4.85,2.35,40.94,51.98
P033,Needs Improvement,822.86,335.65,6.17,50.64,1.25,1.15,1.35,3.86,46.96,232.06,2.69,4.49,59.57,36.39
P033,Needs Improvement,239.05,102.29,9.98,49.27,52.78,0.48,0.73,0.93,62.3,308.66,5.41,6.18,40.55,54.81
P033,Needs Improvement,500.29,597.42,28.15,48.38,58.32,0.02,1.04,3.75,42.18,322.94,6.15,2.81,65.15,70.59
P033,Needs Improvement,1096.53,120.35,4.37,71.54,57.42,1.72,1.16,5.97,56.82,353.29,2.3,2.65,70.71,51.11
P033,Needs Improvement,836.52,533.41,23.68,55.8,67.21,0.42,0.15,1.5,65.5,282.99,5.07,1.51,70.54,66.8
P033,Needs Improvement,580.42,600.85,17.81,48.98,16.65,3.78,0.1,1.09,54.1,347.0,6.0,7.55,46.08,67.58
P033,Needs Improvement,1064.36,235.88,30.35,53.38,33.78,0.68,1.22,4.4,66.6,309.83,3.67,4.15,58.11,44.04
P033,Needs Improvement,514.14,476.38,19.09,52.41,64.51,0.52,0.47,3.34,56.45,167.75,1.73,4.88,42.72,47.07
P033,Needs Improvement,938.51,226.46,26.98,44.26,34.19,0.3,1.36,5.93,69.21,171.24,2.1,4.63,40.3,46.72
P033,Needs Improvement,860.49,122.49,8.64,70.36,2.66,0.09,0.94,5.74,62.32,356.43,5.34,1.39,52.91,43.78
P033,Needs Improvement,994.11,418.68,22.83,56.15,65.33,0.6,1.02,1.81,56.35,248.61,2.95,1.51,73.86,38.71
P033,Needs Improvement,922.17,256.55,16.96,57.07,23.61,2.85,0.38,4.08,61.28,268.21,3.62,7.08,69.33,50.54
P033,Needs Improvement,1148.74,346.79,6.47,71.75,18.73,2.58,1.35,4.5,51.06,380.8,4.24,2.13,63.61,74.01
P033,Needs Improvement,1025.81,226.52,6.34,62.33,48.39,0.99,0.94,3.18,64.34,211.35,1.37,5.69,37.6,51.24
P033,Needs Improvement,581.36,324.1,19.4,47.58,19.62,2.84,0.47,5.67,40.2,366.42,1.22,6.42,59.97,69.7
P033,Needs Improvement,645.67,372.65,5.77,60.43,2.87,3.74,1.38,6.98,49.34,207.42,6.58,1.52,71.68,64.89
P033,Needs Improvement,289.86,206.73,2.68,43.47,9.53,0.74,0.18,2.63,45.38,287.85,4.76,3.48,68.39,59.79
P033,Needs Improvement,727.41,139.02,28.55,47.53,10.35,1.85,0.3,6.37,47.73,262.05,1.61,1.58,37.86,49.77
P033,Needs Improvement,344.75,224.65,5.06,64.73,54.85,3.06,0.33,3.47,48.55,269.98,2.49,2.03,49.47,69.2
P033,Needs Improvement,1004.08,569.52,1.71,58.52,72.78,0.67,0.76,4.39,71.78,393.67,4.59,6.12,54.99,76.23
P033,Needs Improvement,453.43,440.73,20.68,49.74,14.35,1.07,1.5,7.7,54.43,193.34,6.47,3.85,39.47,39.34
P033,Needs Improvement,252.28,187.95,10.55,64.56,62.11,2.43,0.18,6.57,65.26,171.96,5.34,6.1,64.96,70.7
P033,Needs Improvement,927.09,327.85,4.64,46.82,13.15,1.88,1.02,0.92,68.15,343.24,1.69,3.3,73.6,51.21
P033,Needs Improvement,804.48,348.3,17.01,60.32,21.3,1.42,1.3,2.46,42.96,278.64,6.54,2.61,55.48,65.83
P033,Needs Improvement,320.39,365.47,9.98,65.75,9.34,2.91,0.84,5.84,38.24,196.77,3.99,3.01,40.39,76.75
P033,Needs Improvement,1030.11,342.89,8.2,69.81,45.13,3.28,1.39,6.4,67.26,267.3,5.12,6.63,40.1,40.8
P033,Needs Improvement,999.25,462.56,3.28,66.72,27.58,1.95,0.35,2.06,69.48,173.06,0.99,6.14,54.47,72.11
P033,Needs Improvement,924.4,179.59,1.85,64.94,55.77,1.12,0.58,6.93,67.34,283.24,6.67,2.16,58.05,45.74
P033,Needs Improvement,500.18,131.94,12.0,65.81,20.59,1.12,1.12,2.16,63.8,174.09,6.81,1.21,59.42,63.09
P033,Needs Improvement,777.41,553.56,22.03,54.04,59.2,2.39,1.43,6.29,62.58,286.49,6.09,3.07,53.67,62.56
P033,Needs Improvement,507.96,257.71,20.82,58.83,64.01,0.23,0.54,1.05,56.86,285.49,4.12,3.61,48.71,47.24
P033,Needs Improvement,1038.45,145.27,10.66,61.94,51.94,3.34,0.02,4.26,72.89,345.49,5.71,5.31,59.18,44.68
P033,Needs Improvement,565.7,460.24,3.81,57.33,60.18,2.11,0.38,4.2,53.88,277.03,1.91,3.11,60.25,42.61
P033,Needs Improvement,890.12,193.91,27.43,57.43,55.52,1.96,1.53,6.29,37.26,311.1,6.31,2.37,40.64,37.71
P033,Needs Improvement,251.89,381.12,25.23,63.6,26.77,3.04,1.02,5.45,69.6,319.11,4.87,7.15,50.09,64.5
P033,Needs Improvement,563.34,510.72,16.0,46.0,49.45,3.46,0.38,3.66,39.32,210.33,3.38,3.29,76.76,61.12
P033,Needs Improvement,319.22,299.99,10.12,62.24,75.08,1.0,0.8,5.99,43.55,201.18,1.6,1.96,56.33,63.82
P033,Needs Improvement,756.04,349.0,4.65,45.45,33.93,2.78,0.98,6.87,54.83,266.05,2.72,1.63,51.84,44.54
P033,Needs Improvement,604.52,463.25,25.06,62.98,50.91,2.85,0.24,5.52,36.0,164.34,6.64,4.06,59.46,55.4
P033,Needs Improvement,271.09,176.44,23.46,55.96,60.23,3.68,0.05,4.38,71.29,238.26,6.25,0.82,58.13,73.74
P033,Needs Improvement,892.5,107.29,27.47,55.07,13.56,3.67,1.34,1.72,72.74,230.14,6.33,4.3,64.79,46.49
P033,Needs Improvement,495.76,581.18,9.33,48.69,64.42,1.97,0.12,2.15,70.35,294.28,1.73,1.65,39.72,52.3
P033,Needs Improvement,353.42,190.64,25.94,72.32,22.44,1.02,0.14,1.73,75.29,325.37,3.56,3.59,44.36,57.76
P033,Needs Improvement,333.28,222.01,28.53,69.83,22.95,2.59,1.03,0.82,64.14,197.3,2.01,4.29,70.02,51.91
P033,Needs Improvement,1056.88,278.77,23.09,63.7,19.62,1.56,0.31,6.69,44.21,214.24,6.42,5.54,48.69,36.27
P033,Needs Improvement,831.8,391.28,17.94,63.15,20.86,0.1,0.11,3.01,54.19,210.66,5.1,6.48,65.7,51.15
P033,Needs Improvement,753.25,298.31,15.06,70.93,33.77,2.16,1.21,7.4,43.65,167.72,2.98,1.43,60.76,69.0
P033,Needs Improvement,742.89,221.8,17.59,67.4,58.64,0.24,1.08,4.4,63.48,260.83,3.77,6.6,54.39,56.12
P033,Needs Improvement,523.25,522.47,2.12,61.77,52.38,0.91,0.3,2.41,70.69,210.45,1.57,3.8,35.67,47.38
P033,Needs Improvement,814.84,565.45,3.89,46.64,35.94,0.84,0.39,1.86,55.81,194.25,2.83,4.84,50.25,73.95
P033,Needs Improvement,658.02,488.07,29.14,53.64,57.61,1.13,1.28,5.52,49.78,358.22,2.2,3.85,67.41,48.57
P033,Needs Improvement,896.48,275.65,25.61,52.02,43.23,1.88,1.1,3.68,68.63,222.6,6.91,6.33,53.78,48.63
P033,Needs Improvement,671.6,135.67,18.83,58.32,41.62,2.34,0.0,5.83,54.0,315.64,4.14,6.87,64.19,54.35
P033,Needs Improvement,514.55,567.99,9.81,62.45,61.85,1.9,1.33,2.1,71.05,217.09,4.4,6.19,48.95,59.02
P033,Needs Improvement,734.21,526.07,23.77,77.39,46.77,1.28,0.61,6.17,68.78,306.7,5.71,5.89,54.51,67.42
P033,Needs Improvement,434.36,404.86,26.82,65.4,1.06,2.4,0.74,2.97,72.59,154.23,3.42,1.38,72.9,37.06
P033,Needs Improvement,352.11,273.26,27.0,66.88,6.71,0.18,0.77,6.23,52.41,285.02,5.81,6.13,56.7,52.94
P033,Needs Improvement,790.71,403.65,27.66,72.93,4.13,2.95,0.65,0.81,74.26,236.84,2.94,1.69,51.91,60.29
P033,Needs Improvement,384.76,518.65,27.36,64.21,0.87,2.81,0.78,6.37,41.44,302.77,7.55,7.12,41.02,52.87
P033,Needs Improvement,814.56,125.48,26.91,50.35,54.5,1.7,0.05,1.11,70.32,331.21,5.83,5.35,64.18,47.72
P033,Needs Improvement,304.75,378.83,25.91,76.99,29.75,1.7,0.45,4.62,69.22,259.81,5.74,4.84,55.46,69.86
P033,Needs Improvement,414.12,157.28,12.42,74.85,19.32,1.62,0.67,2.18,41.89,273.47,4.98,0.88,43.39,39.03
P033,Needs Improvement,318.45,513.11,2.47,70.93,33.06,3.38,1.14,2.33,55.25,291.43,1.92,5.55,63.27,36.35
P033,Needs Improvement,461.73,426.31,19.44,50.32,51.75,1.37,1.05,1.88,43.4,206.69,4.83,4.03,53.12,36.9
P033,Needs Improvement,460.09,543.35,28.91,56.9,74.44,0.01,0.79,5.6,66.23,338.61,3.36,7.49,53.11,64.03
P033,Needs Improvement,283.13,328.82,11.97,49.8,28.46,3.49,0.96,2.49,51.43,248.16,2.24,6.95,39.86,66.42
P033,Needs Improvement,825.7,590.78,15.19,70.03,45.59,0.76,0.23,4.18,61.91,206.73,1.1,2.1,48.48,71.42
P033,Needs Improvement,971.64,79.46,12.21,44.41,56.59,1.79,1.04,5.9,39.27,185.13,6.64,1.69,70.28,51.23
P033,Needs Improvement,586.55,451.2,25.54,73.79,46.48,2.95,0.77,3.25,50.6,209.41,5.12,1.19,55.21,41.42
P033,Needs Improvement,762.19,268.46,16.95,61.88,14.04,0.76,1.05,5.37,47.61,286.85,4.68,1.5,49.48,70.15
P033,Needs Improvement,692.49,343.41,7.08,63.7,44.65,1.27,0.63,3.56,69.94,350.39,4.21,2.57,51.17,45.8
P033,Needs Improvement,1099.26,230.23,22.28,52.54,37.91,0.12,1.14,6.72,48.44,207.24,6.88,6.29,66.04,56.53
P033,Needs Improvement,869.71,200.27,16.73,49.42,17.16,3.5,0.97,3.4,48.59,360.7,6.49,4.44,45.46,76.48
P033,Needs Improvement,686.71,377.81,20.69,53.3,20.87,1.37,1.27,2.92,43.8,364.92,4.12,5.39,42.34,57.96
P033,Needs Improvement,995.05,184.61,22.23,60.79,1.27,1.63,0.28,2.27,40.43,332.37,5.12,4.92,55.66,35.76
P033,Needs Improvement,980.55,314.16,15.97,74.52,38.32,3.55,0.9,4.11,70.31,351.89,4.21,6.24,47.39,75.12
P033,Needs Improvement,731.87,95.89,23.64,62.68,50.15,2.64,0.14,3.24,64.27,363.66,6.17,2.2,43.14,44.1
P033,Needs Improvement,1048.34,112.56,7.35,45.99,57.12,0.41,0.49,5.95,37.82,331.87,5.31,4.53,71.3,42.37
P033,Needs Improvement,937.56,503.62,3.84,53.49,12.56,3.73,1.52,5.78,71.68,300.54,6.04,1.36,55.46,65.13
P033,Needs Improvement,863.93,80.67,16.8,77.84,4.66,2.31,1.52,2.34,66.81,193.72,6.05,4.81,75.2,64.74
P033,Needs Improvement,1088.38,184.15,5.46,67.55,22.31,2.85,1.25,3.72,44.4,320.95,7.0,4.48,71.35,60.87
P033,Needs Improvement,745.06,379.83,22.36,66.38,40.28,2.26,0.12,1.51,50.46,235.39,6.91,0.94,62.06,60.4
P033,Needs Improvement,925.16,306.52,24.63,73.04,73.28,3.44,1.04,2.09,50.22,285.18,2.53,5.91,66.39,39.67
P033,Needs Improvement,874.38,118.93,27.31,68.72,12.34,2.11,0.79,3.09,37.65,226.79,6.23,2.89,51.96,61.21
P033,Needs Improvement,536.65,300.08,2.4,57.86,39.28,0.89,0.49,3.81,44.78,304.38,3.0,2.18,76.01,68.61
P033,Needs Improvement,1074.33,233.48,17.34,62.21,1.34,1.35,0.16,7.63,70.15,240.75,5.59,2.94,61.68,43.46
P033,Needs Improvement,250.4,417.46,19.2,52.25,68.74,2.86,0.82,5.52,37.98,319.32,4.46,3.93,58.76,48.41
P033,Needs Improvement,936.08,388.34,19.77,51.8,58.17,1.86,0.78,6.27,48.22,306.38,4.46,1.35,42.22,75.27
P033,Needs Improvement,617.35,126.87,19.77,59.99,42.41,0.16,1.26,7.18,50.44,252.62,5.25,3.5,67.75,65.1
P033,Needs Improvement,494.82,495.6,12.97,51.12,36.53,1.34,0.54,1.56,54.52,276.47,3.54,3.66,49.8,37.82
P033,Needs Improvement,578.81,78.61,4.2,51.9,12.02,0.89,0.07,6.08,63.57,341.89,3.5,3.81,56.13,68.57
P034,Very Good,440.05,618.99,21.13,104.8,26.42,2.25,0.75,10.0,54.82,298.49,8.58,5.98,51.26,86.12
P034,Very Good,925.38,720.59,9.35,107.07,56.28,0.59,2.0,8.62,65.54,481.76,10.0,4.49,53.02,104.11
P034,Very Good,732.23,347.51,25.27,67.1,37.65,3.26,0.34,4.9,102.11,388.26,10.12,7.81,81.66,52.65
P034,Very Good,540.25,147.0,22.1,100.05,103.34,3.96,0.25,2.59,62.06,228.62,4.5,4.0,99.14,54.71
P034,Very Good,717.05,399.9,33.62,88.34,20.16,1.76,1.84,2.64,75.19,418.61,1.33,6.7,95.94,72.54
P034,Very Good,938.2,315.88,5.47,83.93,69.63,3.39,2.13,9.35,70.04,259.99,5.44,7.7,57.24,87.95
P034,Very Good,1515.88,504.99,34.3,103.77,94.28,3.9,1.76,7.78,99.52,372.25,5.95,5.61,65.69,77.09
P034,Very Good,1448.5,512.07,19.89,89.46,86.62,5.05,1.05,3.32,81.27,397.88,3.53,10.03,85.38,54.89
P034,Very Good,735.51,625.35,35.01,84.12,102.8,1.24,0.02,7.29,52.61,505.66,2.7,1.06,89.28,82.72
P034,Very Good,452.76,522.07,39.48,71.9,24.33,4.28,1.53,5.73,65.28,267.1,6.54,5.67,85.72,93.26
P034,Very Good,436.07,629.13,30.56,92.67,56.72,3.09,0.71,1.84,88.53,291.81,3.0,8.11,77.68,88.79
P034,Very Good,1231.89,469.59,18.13,89.69,8.93,3.45,1.47,10.17,97.18,284.85,6.23,9.03,97.86,60.22
P034,Very Good,788.73,677.43,4.77,96.94,69.44,1.64,1.48,8.55,64.4,236.01,10.6,4.21,67.97,102.08
P034,Very Good,789.66,613.7,15.36,81.99,28.94,1.73,0.86,5.14,77.18,312.71,2.75,5.89,77.02,50.88
P034,Very Good,346.34,257.62,33.63,67.7,57.04,0.89,1.07,1.93,66.15,524.75,8.64,9.87,71.75,97.72
P034,Very Good,1355.72,640.07,30.39,85.35,60.41,1.19,1.44,1.82,66.51,441.58,5.69,6.25,77.98,57.62
P034,Very Good,1595.74,221.4,18.83,77.72,22.07,1.61,1.67,2.9,94.3,342.14,8.77,4.93,72.36,89.88
P034,Very Good,1140.46,398.22,26.23,87.67,96.57,1.37,2.06,4.6,78.6,307.99,7.05,1.89,65.14,85.33
P034,Very Good,1386.08,265.9,8.04,92.09,59.62,0.81,0.89,6.29,67.96,416.26,2.41,3.96,77.99,96.97
P034,Very Good,812.75,295.04,11.43,76.39,76.39,0.19,1.56,7.98,75.05,436.69,8.21,6.51,76.95,52.19
P034,Very Good,975.88,384.02,38.99,100.08,24.14,4.01,0.21,1.73,89.57,288.39,8.36,2.86,87.42,85.39
P034,Very Good,1142.04,579.12,36.41,64.92,25.79,1.47,1.89,1.86,72.95,235.48,9.85,3.29,101.82,54.81
P034,Very Good,1558.87,315.47,33.15,92.49,18.23,3.41,0.14,9.56,79.13,495.89,5.5,7.04,108.78,63.44
P034,Very Good,451.87,637.54,15.02,67.23,50.77,3.15,0.77,7.18,54.72,282.44,1.15,10.32,66.09,95.63
P034,Very Good,935.7,513.13,25.6,60.96,99.83,2.5,0.72,4.91,77.07,228.88,4.62,4.37,103.24,82.43
P034,Very Good,925.61,563.17,24.84,65.01,59.6,1.52,0.05,2.86,103.54,541.95,5.81,9.71,59.77,69.09
P034,Very Good,438.5,509.27,3.79,93.36,86.57,4.26,1.02,4.84,83.49,381.31,4.68,2.05,92.27,73.96
P034,Very Good,689.58,364.21,4.74,91.61,45.29,1.76,1.88,6.54,94.55,225.88,1.62,4.25,77.72,89.85
P034,Very Good,620.23,567.42,9.36,68.59,34.69,3.14,0.46,8.42,90.81,313.03,8.2,9.51,77.83,73.41
P034,Very Good,1324.56,769.85,1.93,79.35,2.71,3.54,0.66,2.94,55.34,326.22,1.52,8.58,59.86,99.22
P034,Very Good,1373.02,732.67,33.89,66.5,28.78,4.42,1.09,6.38,83.65,395.93,7.49,7.09,70.63,89.59
P034,Very Good,734.98,740.9,13.39,76.52,29.83,1.25,1.52,9.05,83.21,318.69,7.76,7.8,61.97,86.91
P034,Very Good,973.15,567.61,24.41,97.77,101.32,1.12,0.82,8.94,54.9,428.54,4.23,7.11,102.76,78.54
P034,Very Good,1137.57,774.18,34.23,85.3,80.62,1.11,0.12,2.23,69.36,238.57,9.14,3.98,56.9,86.41
P034,Very Good,877.03,663.43,29.03,84.13,43.62,1.75,0.34,9.76,70.32,327.08,3.59,2.7,80.14,91.85
P034,Very Good,1483.96,136.45,18.87,69.44,58.68,0.07,0.59,4.97,107.28,358.47,4.14,5.06,73.4,72.71
P034,Very Good,1299.54,576.09,37.88,69.13,38.04,4.49,1.61,6.44,78.41,337.53,1.4,1.19,65.75,91.6
P034,Very Good,1345.43,251.23,35.13,96.78,39.67,4.77,1.4,10.06,81.6,322.5,5.91,10.77,58.48,81.22
P034,Very Good,1031.65,317.73,23.05,107.39,26.64,1.5,1.1,4.71,54.06,398.19,2.92,8.27,75.13,61.48
P034,Very Good,1264.57,397.54,39.16,84.45,77.37,4.35,1.99,5.45,96.12,422.21,10.09,7.33,95.53,94.83
P034,Very Good,324.28,706.0,13.51,91.37,77.46,0.94,0.14,1.61,80.0,402.53,6.71,7.05,100.38,86.37
P034,Very Good,946.62,716.24,28.3,92.79,61.55,0.0,1.89,2.25,91.37,388.49,2.8,2.83,100.33,56.93
P034,Very Good,433.25,446.04,13.57,70.02,7.06,4.01,1.77,1.74,86.81,367.68,9.87,7.36,76.67,101.07
P034,Very Good,904.22,379.93,1.94,83.19,106.86,3.2,1.2,4.37,102.75,265.28,2.58,4.05,97.31,106.46
P034,Very Good,619.21,509.14,11.39,82.28,32.94,5.19,0.48,8.24,57.1,371.19,2.4,6.03,86.7,91.34
P034,Very Good,864.45,627.0,38.12,97.28,70.85,1.86,0.69,2.34,89.62,342.21,2.0,7.1,55.14,67.18
P034,Very Good,1401.9,318.42,27.83,99.91,84.47,0.74,0.58,1.07,79.21,386.7,4.0,5.4,80.17,95.75
P034,Very Good,830.64,110.88,19.55,102.78,26.88,1.72,0.36,7.74,99.11,236.72,5.68,7.27,77.81,83.97
P034,Very Good,393.98,272.29,35.92,86.07,89.62,3.0,2.09,8.32,98.67,284.95,4.95,1.55,77.3,61.06
P034,Very Good,717.29,154.86,28.48,79.71,32.73,1.14,1.02,4.81,98.07,352.32,6.3,5.19,105.78,84.08
P034,Very Good,984.74,231.4,35.33,91.68,103.94,1.36,1.47,7.52,99.62,349.28,2.64,9.99,98.08,69.8
P034,Very Good,1107.61,238.93,34.66,91.55,36.24,4.12,0.02,4.52,56.92,404.32,4.69,2.4,95.7,63.83
P034,Very Good,1566.79,776.03,20.46,66.6,59.34,2.99,2.02,1.42,97.75,439.83,7.04,5.75,61.48,91.96
P034,Very Good,1040.32,457.98,28.93,91.74,69.0,3.67,1.22,3.42,55.96,365.01,3.74,3.37,98.02,98.97
P034,Very Good,623.18,129.61,13.97,77.61,22.16,3.21,1.2,5.3,101.37,304.86,2.62,4.15,87.04,72.8
P034,Very Good,1000.09,470.82,32.64,90.87,48.46,2.56,0.48,5.7,74.84,308.49,4.79,7.78,93.49,92.01
P034,Very Good,1240.46,692.33,25.8,89.25,64.44,4.84,1.93,1.12,65.55,373.96,9.76,4.39,105.96,94.38
P034,Very Good,886.71,271.75,21.89,97.9,96.71,2.9,1.93,3.82,72.41,356.9,4.9,4.71,59.93,82.9
P034,Very Good,1110.37,565.38,6.92,108.42,12.82,0.96,1.72,2.3,86.83,285.72,10.19,5.08,81.72,90.45
P034,Very Good,673.74,374.95,35.51,88.47,29.62,4.92,0.5,1.69,72.0,328.01,9.11,5.46,81.48,76.17
P034,Very Good,529.49,668.49,39.91,100.22,84.15,1.11,1.6,5.15,61.15,431.81,6.07,7.43,80.12,92.69
P034,Very Good,1408.97,118.24,9.38,83.99,61.01,4.23,1.15,5.26,62.48,299.6,2.53,4.72,88.95,93.59
P034,Very Good,548.9,544.55,13.29,95.6,63.34,3.03,1.52,3.8,60.1,399.32,8.72,9.07,64.77,63.67
P034,Very Good,1394.32,434.54,22.39,89.73,10.59,5.27,0.77,6.09,87.04,314.15,5.55,1.97,60.61,74.02
P034,Very Good,1024.66,826.09,24.09,72.95,23.01,2.63,1.39,5.7,54.22,493.96,8.2,1.23,69.0,64.56
P034,Very Good,498.91,210.76,9.29,93.36,10.92,3.1,0.87,4.04,65.3,289.7,1.19,9.05,66.57,73.51
P034,Very Good,1528.88,622.23,30.98,74.38,23.15,4.95,1.58,7.5,73.18,472.71,6.54,5.21,55.74,53.98
P034,Very Good,1452.62,580.51,12.04,106.58,44.44,1.98,0.37,3.62,65.8,440.01,2.08,1.22,84.65,88.66
P034,Very Good,637.97,199.21,13.81,70.47,10.0,4.27,1.77,8.67,79.46,217.82,10.17,10.27,59.64,70.19
P034,Very Good,798.31,517.92,13.12,78.4,46.37,4.52,1.98,4.25,85.32,244.65,6.87,7.24,65.96,82.43
P034,Very Good,1516.69,743.74,20.27,95.53,37.25,5.36,1.26,9.37,62.61,401.3,2.32,7.47,68.54,64.36
P034,Very Good,1413.85,487.18,22.8,77.02,98.39,1.56,1.57,9.39,99.12,301.15,4.93,1.18,57.92,102.02
P034,Very Good,851.43,754.88,36.92,99.54,51.07,3.73,0.04,6.09,61.25,346.74,8.01,2.26,105.19,100.65
P034,Very Good,403.78,784.85,8.77,70.94,82.76,2.16,0.66,8.75,66.15,273.14,4.77,8.83,102.49,86.0
P034,Very Good,417.33,367.19,21.64,70.53,21.82,4.94,1.85,3.95,86.71,387.13,3.93,1.59,84.13,90.48
P034,Very Good,880.1,645.18,16.83,65.94,76.5,2.09,0.8,6.45,91.93,331.13,4.37,4.26,70.64,75.17
P034,Very Good,1462.83,523.29,28.45,65.55,100.62,1.69,1.2,7.18,65.94,358.61,1.65,5.51,61.78,90.42
P034,Very Good,457.92,744.04,26.36,75.16,0.72,3.14,1.62,8.87,58.45,501.24,5.0,7.47,58.45,84.14
P034,Very Good,1366.51,276.8,9.08,77.67,55.62,1.17,1.87,7.88,96.45,488.48,8.2,7.01,60.56,99.0
P034,Very Good,1350.57,589.31,32.47,84.94,31.31,3.91,0.36,1.75,59.78,231.59,6.98,2.69,70.23,73.39
P034,Very Good,1292.46,642.37,29.06,99.99,63.76,2.61,0.19,3.22,85.95,489.03,9.63,4.17,74.61,79.43
P034,Very Good,627.48,570.81,4.11,77.01,61.15,4.67,1.17,6.66,75.7,459.84,2.73,1.92,92.81,86.55
P034,Very Good,832.53,420.16,20.39,74.72,69.56,0.05,0.31,2.39,99.46,204.87,9.71,5.93,101.17,84.67
P034,Very Good,416.2,492.59,31.63,88.74,92.6,0.11,1.13,2.28,70.03,282.99,8.13,6.18,75.4,98.9
P034,Very Good,682.29,453.54,26.79,64.87,3.14,5.43,0.95,7.85,54.41,297.52,8.29,4.31,54.58,72.03
P034,Very Good,547.43,492.82,20.24,64.49,88.58,3.91,0.22,8.56,54.2,278.67,5.4,2.92,100.24,53.49
P034,Very Good,768.55,256.22,37.98,92.17,89.0,0.72,1.02,9.78,65.48,494.08,7.76,2.94,68.45,89.66
P034,Very Good,1615.93,197.98,37.07,87.48,90.17,2.87,0.34,9.52,91.38,389.85,3.55,4.78,75.16,91.5
P034,Very Good,1506.5,744.74,13.85,98.86,62.11,3.77,0.99,8.75,100.75,459.42,7.19,7.03,69.26,101.53
P034,Very Good,879.21,325.35,14.1,72.49,72.12,2.32,1.21,5.17,92.31,340.43,3.64,8.88,97.61,70.66
P034,Very Good,1427.9,656.84,25.45,66.27,31.34,3.04,0.95,2.25,82.36,224.38,9.69,10.19,61.33,59.24
P034,Very Good,1232.58,110.75,10.11,98.09,81.63,4.02,1.18,6.6,97.79,285.98,6.37,6.69,81.99,71.64
P034,Very Good,943.04,328.12,27.48,106.18,34.0,4.8,0.5,5.86,54.67,512.35,8.64,1.51,89.34,65.68
P034,Very Good,1523.46,581.5,37.21,93.97,21.89,1.18,1.64,2.13,57.91,397.0,9.05,8.91,72.02,63.16
P034,Very Good,1092.42,341.94,1.11,97.71,57.36,1.3,1.45,8.98,102.46,441.43,6.46,9.32,100.15,71.83
P034,Very Good,556.49,109.69,13.6,100.24,72.42,1.61,1.65,6.59,84.4,493.7,4.58,10.06,93.11,98.1
P034,Very Good,1488.82,402.88,24.36,104.68,26.06,2.41,0.68,8.29,91.26,506.19,4.58,3.23,67.55,99.07
P034,Very Good,853.61,436.02,30.4,67.64,42.74,4.41,0.86,2.66,82.08,239.89,1.09,9.21,90.21,59.39
P034,Very Good,1357.55,730.59,8.53,86.36,94.09,0.04,1.38,5.84,87.11,361.31,9.26,7.82,80.61,55.01
P034,Very Good,1582.31,168.84,33.86,105.42,104.39,3.6,1.75,8.13,65.18,517.04,4.44,3.88,73.47,75.43
P035,Unacceptable,540.22,256.59,23.55,51.47,48.52,0.38,1.02,1.6,30.37,299.33,1.45,0.86,57.89,63.5
P035,Unacceptable,358.27,367.2,13.55,62.65,0.42,2.92,0.1,3.82,38.85,219.91,3.01,4.01,45.2,36.13
P035,Unacceptable,413.23,245.54,12.86,31.81,0.3,1.98,0.98,0.79,55.08,181.29,3.35,2.42,53.04,46.65
P035,Unacceptable,275.33,77.85,6.43,47.29,17.97,0.03,0.32,3.35,53.57,205.57,1.63,2.81,33.86,53.86
P035,Unacceptable,968.01,347.16,10.95,50.7,21.42,1.09,1.01,2.03,54.91,137.76,1.01,2.58,50.84,35.72
P035,Unacceptable,604.01,433.71,12.85,45.64,29.73,0.84,0.29,1.6,49.34,115.35,1.97,4.55,37.01,65.98
P035,Unacceptable,673.23,485.25,7.15,48.69,27.84,2.67,1.23,5.7,51.51,150.71,0.72,5.78,35.49,53.87
P035,Unacceptable,775.19,136.67,19.63,39.26,44.55,2.34,0.54,5.6,54.43,154.46,6.18,0.76,36.28,35.94
P035,Unacceptable,649.65,372.32,19.11,61.33,0.02,0.11,0.83,2.41,37.13,251.47,1.25,4.75,43.7,29.4
P035,Unacceptable,818.55,85.52,5.58,46.05,7.11,0.89,0.19,0.76,37.7,264.39,4.13,1.49,48.93,53.35
P035,Unacceptable,351.59,219.42,13.9,36.5,24.65,0.9,1.03,3.21,41.02,192.92,2.17,3.14,41.86,59.71
P035,Unacceptable,626.31,223.46,3.05,42.72,46.83,0.92,0.22,1.45,40.31,253.4,3.37,5.21,53.05,47.26
P035,Unacceptable,659.48,154.48,5.42,36.39,56.45,3.01,0.3,1.48,48.41,186.66,1.72,1.0,40.83,51.28
P035,Unacceptable,338.11,347.38,0.57,52.57,33.23,1.97,0.26,3.45,44.87,167.3,2.59,3.15,33.75,31.91
P035,Unacceptable,517.65,195.36,13.77,54.81,35.42,0.56,0.61,1.11,34.16,328.91,4.76,4.3,47.42,28.91
P035,Unacceptable,216.77,332.72,25.81,38.49,1.78,0.73,0.69,4.6,52.48,236.48,5.3,1.88,60.07,34.19
P035,Unacceptable,852.82,403.93,9.85,45.37,28.73,0.23,0.68,5.98,41.4,209.84,1.89,0.74,45.38,35.99
P035,Unacceptable,219.62,239.15,2.9,40.0,3.32,0.16,0.47,5.67,52.08,189.79,1.11,2.9,36.76,34.32
P035,Unacceptable,834.52,477.08,4.02,58.77,26.74,3.33,0.8,4.19,46.41,137.86,4.0,1.11,43.43,58.58
P035,Unacceptable,513.61,250.6,1.68,54.72,57.84,0.03,0.56,1.37,53.21,251.92,2.41,1.3,45.48,27.39
P035,Unacceptable,713.65,92.5,5.95,40.57,34.09,0.62,1.23,6.2,43.27,170.18,3.68,2.76,40.15,51.1
P035,Unacceptable,760.53,288.62,18.28,59.48,18.34,0.12,0.55,2.22,47.17,125.35,1.0,1.02,48.33,54.14
P035,Unacceptable,678.93,315.9,4.14,46.33,26.53,2.09,1.1,0.85,62.71,162.38,2.97,2.39,53.9,53.33
P035,Unacceptable,184.7,490.29,15.95,50.26,37.81,1.24,0.9,0.63,39.76,264.05,2.85,2.37,31.89,43.82
P035,Unacceptable,656.04,357.13,20.39,43.77,28.79,0.72,0.38,5.13,31.04,162.03,5.96,4.98,34.7,42.82
P035,Unacceptable,828.83,388.9,16.38,52.77,33.38,1.27,0.3,5.19,43.39,112.99,3.93,2.69,36.94,44.43
P035,Unacceptable,635.91,294.78,21.84,60.96,45.57,2.17,1.05,2.4,52.58,200.42,4.86,1.04,64.37,45.22
P035,Unacceptable,332.47,323.58,23.45,53.04,39.47,1.67,0.15,6.39,66.73,192.52,3.94,4.1,40.95,61.06
P035,Unacceptable,539.76,300.31,6.7,43.9,13.69,1.64,0.15,1.04,63.76,271.46,1.44,5.51,43.58,32.53
P035,Unacceptable,439.33,78.58,8.18,41.89,36.26,0.05,0.98,1.28,29.18,268.2,1.04,1.71,42.67,43.44
P035,Unacceptable,193.39,109.4,6.64,59.24,48.42,0.37,1.07,1.95,29.7,179.66,6.33,3.97,30.02,48.34
P035,Unacceptable,753.66,470.3,8.66,47.14,8.75,1.69,0.29,2.48,46.22,240.99,4.87,5.03,35.01,41.79
P035,Unacceptable,802.27,301.55,6.09,54.4,53.57,2.51,0.55,0.86,49.55,215.77,3.89,1.43,39.21,42.85
P035,Unacceptable,314.67,78.58,19.62,46.45,33.13,2.85,0.41,4.12,39.62,197.58,3.21,3.8,42.56,33.86
P035,Unacceptable,711.62,172.28,17.3,46.3,4.85,0.16,0.83,3.59,34.66,206.84,5.11,4.15,31.5,41.21
P035,Unacceptable,297.51,386.2,27.16,40.79,25.53,0.16,0.64,6.49,48.46,178.38,4.87,1.73,47.78,45.43
P035,Unacceptable,631.19,256.14,16.22,46.55,13.23,2.1,1.1,1.91,48.07,243.48,4.23,0.75,40.96,34.55
P035,Unacceptable,797.84,121.43,22.46,49.05,20.63,0.34,0.95,1.49,39.97,257.24,2.19,4.26,29.29,33.27
P035,Unacceptable,939.22,211.63,5.89,34.51,60.08,1.74,0.54,5.59,45.69,124.48,1.63,5.58,51.47,43.13
P035,Unacceptable,173.39,187.55,14.66,46.49,10.03,1.23,0.3,5.23,33.85,182.7,1.48,4.62,35.73,35.97
P035,Unacceptable,229.4,71.21,4.03,39.79,47.19,2.31,1.17,3.9,33.94,180.38,4.27,5.14,40.09,50.8
P035,Unacceptable,319.61,423.25,15.21,46.61,28.72,1.82,0.53,3.15,49.2,170.75,5.65,1.45,31.74,39.06
P035,Unacceptable,286.79,337.27,12.94,60.32,66.56,0.43,0.35,4.44,43.35,274.2,2.05,5.28,31.92,32.46
P035,Unacceptable,497.13,233.38,13.13,52.59,35.69,1.56,0.98,4.65,55.65,162.29,3.19,2.37,38.99,46.03
P035,Unacceptable,214.59,257.22,20.3,44.41,40.51,2.21,0.58,3.69,55.1,247.17,4.14,4.98,47.75,52.62
P035,Unacceptable,575.16,152.09,5.5,37.06,45.59,0.95,0.09,1.3,38.69,226.39,3.57,1.62,42.69,33.78
P035,Unacceptable,816.47,480.04,8.21,63.12,29.12,2.91,0.33,1.2,43.0,134.1,2.38,4.89,43.61,58.61
P035,Unacceptable,361.23,373.15,11.96,42.23,44.97,2.33,0.45,3.92,62.37,223.77,2.71,2.91,50.06,39.84
P035,Unacceptable,275.1,100.32,24.92,54.85,10.4,2.49,0.66,3.51,64.32,112.36,3.12,6.25,39.99,50.44
P035,Unacceptable,479.19,316.39,4.56,42.17,53.37,0.14,0.99,4.07,45.64,134.08,2.66,5.04,53.34,55.84
P035,Unacceptable,541.66,465.66,9.21,55.42,2.45,1.35,0.0,5.08,28.61,322.27,3.26,4.0,36.99,65.67
P035,Unacceptable,246.95,409.24,9.0,45.0,26.08,0.09,0.93,2.84,53.72,276.76,4.51,3.22,50.21,44.54
P035,Unacceptable,863.41,303.63,1.76,58.25,42.68,2.13,0.45,2.36,29.35,180.63,1.25,1.52,41.96,33.05
P035,Unacceptable,321.27,90.59,6.25,56.01,50.42,1.72,0.19,4.59,52.53,134.91,2.72,1.41,51.76,35.39
P035,Unacceptable,810.82,209.5,24.75,45.61,39.07,1.9,0.89,2.89,48.5,265.42,2.31,2.61,44.37,42.96
P035,Unacceptable,333.66,501.81,18.29,42.25,13.39,2.31,0.31,0.77,52.92,298.61,3.91,1.23,52.35,34.7
P035,Unacceptable,772.24,462.75,10.93,39.86,4.38,1.91,0.87,2.0,39.79,266.16,3.01,4.57,45.3,48.84
P035,Unacceptable,482.12,344.98,18.95,65.32,29.5,2.22,0.43,2.26,58.98,251.38,0.71,6.0,35.05,50.67
P035,Unacceptable,252.34,363.34,17.17,44.68,4.48,1.08,0.24,1.32,53.99,303.55,4.86,3.06,35.32,43.44
P035,Unacceptable,367.68,247.37,16.48,41.96,57.61,2.85,0.15,3.69,55.28,123.79,3.34,0.83,39.61,38.1
P035,Unacceptable,522.52,199.72,3.61,45.66,51.27,0.56,0.27,2.65,46.66,178.32,5.11,4.23,29.74,39.09
P035,Unacceptable,644.58,227.58,20.9,41.42,41.91,2.76,0.93,2.84,62.77,281.09,0.93,2.6,35.72,27.27
P035,Unacceptable,774.59,228.76,12.63,59.82,25.63,1.29,1.05,4.23,34.68,277.79,3.79,4.47,44.48,42.48
P035,Unacceptable,286.53,169.28,14.33,48.54,41.65,3.43,0.88,0.78,60.92,209.39,6.62,5.55,42.91,56.77
P035,Unacceptable,666.16,163.14,9.73,60.23,46.4,2.63,0.65,0.75,56.69,297.1,4.28,3.54,37.28,44.27
P035,Unacceptable,547.87,113.06,9.58,56.96,61.94,0.93,0.79,3.8,32.42,245.05,5.65,4.74,43.95,41.4
P035,Unacceptable,829.29,392.89,13.52,44.28,31.16,0.52,1.1,1.86,44.94,169.74,4.04,1.22,54.2,54.66
P035,Unacceptable,600.45,88.72,21.33,50.47,43.23,0.04,0.47,1.59,58.88,250.48,4.31,4.27,44.54,43.38
P035,Unacceptable,818.27,341.03,9.94,42.41,38.35,2.25,0.56,5.38,66.01,141.63,4.37,1.93,31.82,49.86
P035,Unacceptable,315.22,413.36,6.48,38.84,24.9,1.59,0.96,1.93,51.97,193.44,1.75,0.98,43.54,32.05
P035,Unacceptable,250.97,419.41,13.51,42.02,56.51,1.19,0.67,2.59,44.17,275.85,6.35,0.89,49.02,44.76
P035,Unacceptable,387.2,345.12,16.32,47.3,33.3,1.18,0.28,5.36,58.97,193.43,1.53,2.54,42.07,42.25
P035,Unacceptable,871.5,174.4,17.3,41.25,30.85,2.09,0.19,5.61,46.0,186.66,5.61,4.88,39.45,32.67
P035,Unacceptable,751.21,64.89,3.59,46.1,7.59,1.57,0.05,3.5,41.09,199.02,1.81,2.68,63.46,53.73
P035,Unacceptable,640.12,135.2,8.89,40.93,54.55,1.06,0.37,4.41,58.22,280.87,0.58,1.25,56.28,53.25
P035,Unacceptable,233.01,123.66,6.71,41.17,5.87,2.03,0.76,3.4,36.54,193.78,2.9,3.3,51.22,65.67
P035,Unacceptable,632.21,196.59,13.21,48.82,5.99,0.9,0.68,3.9,29.98,112.78,4.98,3.89,53.71,52.32
P035,Unacceptable,529.18,170.4,19.82,47.32,12.55,0.88,1.02,3.14,40.53,207.83,4.66,3.86,56.45,55.56
P035,Unacceptable,247.86,142.51,16.12,44.9,19.74,2.67,0.57,1.66,45.23,233.62,5.47,3.56,49.68,55.03
P035,Unacceptable,759.95,493.94,13.53,51.09,38.8,2.36,0.72,4.62,48.46,296.84,3.05,2.7,67.92,41.26
P035,Unacceptable,335.91,185.21,20.24,56.28,25.09,2.54,0.05,1.83,66.51,194.89,5.35,3.0,27.09,45.26
P035,Unacceptable,164.6,260.31,14.09,45.03,60.51,0.66,0.26,4.29,41.9,220.6,0.72,2.3,39.4,65.11
P035,Unacceptable,643.6,189.04,6.91,38.43,45.47,0.75,1.08,1.32,58.15,207.02,4.23,4.31,28.26,32.13
P035,Unacceptable,627.12,240.84,20.58,45.41,5.05,0.02,0.35,3.86,56.59,190.04,4.44,0.95,44.53,62.68
P035,Unacceptable,429.06,270.0,18.96,41.2,9.44,1.99,0.16,3.95,47.68,237.59,0.83,0.98,35.82,68.95
P035,Unacceptable,417.26,317.65,16.62,47.17,56.94,2.63,1.04,0.76,34.82,262.73,5.48,1.26,47.98,43.68
P035,Unacceptable,751.13,273.12,18.89,38.32,47.38,3.07,0.34,3.99,30.21,190.93,2.76,2.91,43.01,46.68
P035,Unacceptable,433.23,106.66,11.74,43.78,7.45,2.55,0.64,1.55,38.51,125.57,1.34,1.22,46.16,54.08
P035,Unacceptable,382.48,140.08,1.69,44.89,8.49,2.53,0.05,1.99,57.17,221.65,3.07,3.15,52.53,50.22
P035,Unacceptable,412.27,357.52,13.27,44.18,39.96,1.65,1.06,2.69,41.59,202.94,2.51,5.63,48.7,53.83
P035,Unacceptable,424.14,248.58,0.7,65.07,35.87,0.24,0.34,6.26,65.44,117.53,4.48,2.26,44.64,41.67
P035,Unacceptable,316.82,328.68,3.13,44.92,51.14,1.22,0.95,0.68,57.69,136.7,5.02,3.82,30.87,34.95
P035,Unacceptable,641.41,261.6,11.53,34.0,67.49,2.21,0.84,0.88,50.48,174.56,3.56,2.61,28.86,44.77
P035,Unacceptable,703.35,382.66,17.56,48.79,17.42,0.47,1.15,4.99,38.48,328.33,3.64,5.27,46.25,36.52
P035,Unacceptable,691.64,114.39,18.49,45.43,46.01,2.58,0.28,0.74,38.69,125.44,2.7,5.85,35.27,40.16
P035,Unacceptable,858.04,136.38,26.18,61.86,7.13,2.54,0.28,1.03,36.34,241.04,2.67,3.43,59.01,49.08
P035,Unacceptable,721.96,532.79,15.44,46.55,47.27,0.95,0.0,1.53,49.06,265.81,3.52,2.74,45.67,47.45
P035,Unacceptable,796.41,104.66,20.16,54.41,55.95,1.9,0.72,2.27,45.74,128.56,1.97,3.17,36.69,28.62
P035,Unacceptable,351.18,322.91,9.01,45.11,53.34,0.2,0.23,2.6,35.87,223.26,3.28,4.3,34.44,40.31
P035,Unacceptable,926.22,70.41,1.96,47.44,59.82,0.84,0.17,3.08,51.04,214.3,5.91,4.65,58.23,27.26
P036,Excellent,658.55,437.68,22.71,78.73,104.1,2.25,2.49,9.88,126.84,318.03,5.8,1.9,81.17,64.82
P036,Excellent,1283.99,888.52,20.6,81.99,97.0,2.65,1.43,5.81,100.58,541.78,1.22,2.8,87.13,97.59
P036,Excellent,1378.5,487.72,2.04,84.92,58.86,3.7,1.71,10.55,79.43,443.68,3.75,6.21,105.19,90.44
P036,Excellent,1531.31,709.17,3.18,74.34,49.06,0.02,0.89,2.78,103.51,356.63,10.96,6.75,92.32,109.77
P036,Excellent,1521.7,141.8,7.27,111.62,40.69,3.45,0.24,4.71,119.12,461.83,2.2,7.8,102.29,100.3
P036,Excellent,1165.11,191.64,36.62,95.56,7.29,0.76,1.09,2.29,114.17,335.71,10.22,8.9,111.61,66.21
P036,Excellent,698.18,928.73,35.0,76.41,56.57,3.7,1.27,6.92,69.61,272.45,8.33,6.15,74.38,97.44
P036,Excellent,1652.34,356.71,19.62,92.69,7.79,2.15,2.24,9.32,64.87,609.45,10.96,5.84,117.02,102.52
P036,Excellent,1504.1,784.04,35.48,87.14,70.88,5.69,2.28,8.51,76.85,360.58,11.2,5.2,82.83,81.24
P036,Excellent,637.8,756.14,34.66,96.53,89.14,2.0,0.98,1.83,63.47,390.45,7.84,10.43,71.73,71.23
P036,Excellent,1089.24,160.39,14.36,79.97,60.8,2.5,0.58,7.94,103.22,448.33,5.96,6.31,90.46,57.0
P036,Excellent,1788.67,131.88,15.01,78.81,15.22,0.08,1.05,3.98,109.8,515.36,11.43,3.91,119.57,104.81
P036,Excellent,1359.24,890.7,15.06,99.01,79.75,1.53,2.33,1.42,108.29,554.79,8.04,11.33,69.71,109.12
P036,Excellent,985.57,992.81,30.72,79.34,121.27,0.18,1.45,9.22,69.08,570.42,7.37,10.65,102.37,76.89
P036,Excellent,1326.93,665.19,43.5,93.65,47.17,1.48,1.59,5.66,91.92,489.91,4.55,8.82,116.83,106.22
P036,Excellent,1349.28,600.7,22.91,74.41,41.58,0.8,0.01,10.01,72.02,503.92,5.95,9.46,80.19,103.41
P036,Excellent,521.12,258.89,12.33,87.58,100.92,2.51,0.63,5.8,104.66,498.97,10.6,10.84,97.89,67.78
P036,Excellent,1403.65,471.32,44.45,87.44,4.0,2.31,2.16,4.51,95.79,565.78,8.17,4.37,90.33,91.4
P036,Excellent,1857.81,728.16,37.49,69.39,12.49,3.7,1.76,9.64,106.04,286.15,9.41,2.16,95.35,88.71
P036,Excellent,516.71,313.7,18.68,103.38,1.59,5.46,1.11,4.72,108.12,353.61,6.52,10.99,71.95,113.51
P036,Excellent,1263.6,935.78,27.02,75.81,60.45,6.17,2.25,3.22,103.86,415.52,11.59,4.78,95.43,68.35
P036,Excellent,569.79,670.92,48.01,76.73,59.3,2.7,1.91,7.55,111.88,512.35,5.58,6.41,98.82,96.23
P036,Excellent,805.91,581.66,1.29,102.12,65.18,4.43,0.77,3.62,99.55,467.83,3.94,2.76,89.0,105.02
P036,Excellent,790.82,802.38,16.72,81.21,111.64,2.86,1.72,5.51,104.75,543.79,4.23,7.32,86.3,64.74
P036,Excellent,853.64,190.41,4.15,76.74,70.99,1.25,2.01,4.73,109.43,585.91,1.53,4.52,93.32,94.57
P036,Excellent,1514.18,127.91,40.02,112.72,71.03,2.99,0.73,3.95,68.32,601.95,8.32,11.13,86.45,71.14
P036,Excellent,1265.75,418.81,13.03,114.49,8.4,0.1,0.63,8.27,66.81,463.82,4.98,2.84,101.72,88.25
P036,Excellent,1583.29,692.64,38.39,113.81,101.94,5.15,1.98,5.42,90.01,421.61,2.33,3.66,85.94,99.06
P036,Excellent,1137.36,684.99,26.73,101.54,7.04,0.22,2.16,4.9,104.29,313.65,10.74,11.87,121.39,82.02
P036,Excellent,408.98,834.81,10.25,107.44,101.9,4.2,2.42,2.81,83.99,269.23,3.75,12.07,125.31,114.04
P036,Excellent,855.48,621.19,23.11,83.28,94.76,6.1,0.97,9.28,70.19,327.41,12.7,8.7,106.15,74.27
P036,Excellent,1608.28,521.49,43.26,75.24,16.03,3.98,0.32,6.46,115.94,633.4,10.78,2.65,59.78,73.42
P036,Excellent,1513.4,557.43,27.29,77.04,33.0,0.45,0.38,6.12,92.76,474.72,10.84,10.12,71.33,121.12
P036,Excellent,1574.73,275.42,21.91,76.87,106.5,3.98,0.89,4.82,65.05,285.12,6.06,7.0,71.04,91.38
P036,Excellent,619.4,768.73,38.6,82.67,38.92,1.68,1.18,6.65,85.87,490.48,9.95,5.12,92.49,77.06
P036,Excellent,1376.86,760.13,46.62,108.15,112.61,4.16,2.36,4.04,80.28,413.64,6.23,8.88,67.91,74.23
P036,Excellent,806.71,167.87,44.66,124.04,35.49,3.97,0.93,5.65,79.76,402.87,7.54,6.87,103.81,61.74
P036,Excellent,522.93,791.52,42.29,110.64,93.03,4.15,1.13,8.63,89.87,354.24,4.52,8.69,99.71,77.6
P036,Excellent,1388.61,167.94,36.26,80.99,26.72,3.97,0.68,2.86,118.7,252.43,8.38,11.73,75.99,78.85
P036,Excellent,725.25,609.23,29.44,97.18,44.74,2.43,0.35,4.6,62.37,345.62,4.58,3.4,120.14,111.13
P036,Excellent,1372.0,790.59,10.94,107.98,3.31,0.81,1.34,12.1,85.95,424.99,1.93,1.84,69.85,62.12
P036,Excellent,880.66,211.69,3.91,101.11,69.85,1.98,0.02,8.82,71.53,312.2,4.25,7.38,116.04,99.14
P036,Excellent,1214.54,371.95,14.25,78.83,56.46,5.66,2.32,5.28,86.24,374.46,9.49,5.47,76.09,91.47
P036,Excellent,1370.06,410.94,19.0,97.5,3.17,5.55,1.82,10.04,96.62,350.71,10.89,8.37,85.13,88.99
P036,Excellent,1066.6,803.25,14.18,108.2,18.36,4.79,2.2,6.67,106.02,415.17,4.67,4.47,70.31,73.99
P036,Excellent,1271.54,592.3,36.17,105.22,30.0,6.12,1.17,2.66,69.6,247.09,10.01,2.93,70.56,117.46
P036,Excellent,902.62,549.63,42.87,119.53,52.54,2.39,0.02,5.98,68.57,596.49,3.62,8.38,92.3,72.86
P036,Excellent,1329.28,638.19,10.49,94.16,72.09,0.9,0.44,3.15,108.96,295.51,8.27,6.74,79.75,105.88
P036,Excellent,1311.88,339.38,12.0,70.72,76.72,4.56,1.45,10.77,82.09,427.64,11.07,8.46,70.19,78.92
P036,Excellent,1650.29,989.03,39.27,74.82,67.53,0.42,1.99,6.8,103.78,538.46,3.26,5.54,65.99,103.48
P036,Excellent,452.11,296.6,37.73,83.31,16.5,3.97,1.63,8.53,99.67,540.67,6.2,7.48,91.75,96.63
P036,Excellent,833.29,234.35,1.2,101.39,0.11,3.62,1.82,11.41,66.01,301.92,3.1,4.26,67.83,71.27
P036,Excellent,1813.8,669.07,8.25,81.73,22.19,4.7,1.71,4.12,82.15,486.75,2.77,8.75,64.96,100.28
P036,Excellent,1745.96,431.27,48.97,93.79,17.77,2.01,0.31,7.16,70.06,545.15,1.82,2.91,78.05,99.94
P036,Excellent,904.34,693.46,4.62,118.64,52.46,3.93,1.39,10.23,70.7,252.7,2.2,11.14,74.97,112.99
P036,Excellent,617.25,903.23,30.74,123.02,61.13,4.23,0.19,6.0,69.34,449.7,5.21,9.95,94.87,117.98
P036,Excellent,1681.96,583.91,31.29,94.84,49.63,3.13,1.51,2.93,61.11,262.71,10.18,2.9,114.11,116.03
P036,Excellent,1386.5,482.63,45.44,75.88,1.78,2.51,1.96,9.24,113.65,472.31,4.28,9.77,86.44,85.34
P036,Excellent,1400.79,731.42,35.28,87.64,58.93,2.83,1.69,7.7,117.32,353.95,9.67,1.34,102.11,114.99
P036,Excellent,1308.41,313.41,4.38,89.94,45.96,5.37,0.42,1.63,114.46,339.9,10.93,2.87,110.11,100.08
P036,Excellent,1672.19,149.15,26.77,96.27,26.75,1.73,2.27,7.41,97.81,405.87,5.2,1.96,117.46,95.58
P036,Excellent,621.98,827.85,31.78,108.68,43.57,2.37,1.75,11.34,71.92,463.07,9.77,6.48,99.13,64.52
P036,Excellent,1639.35,503.39,47.41,108.58,24.49,1.02,0.01,8.36,74.12,257.53,9.51,2.64,66.46,108.92
P036,Excellent,1157.04,431.82,30.04,82.31,74.24,2.93,2.3,4.85,76.04,525.32,9.18,9.84,109.14,91.63
P036,Excellent,443.03,389.2,31.32,107.94,15.84,1.48,1.42,9.11,75.01,509.05,12.47,8.34,73.53,74.65
P036,Excellent,1052.37,191.61,46.41,112.6,102.09,2.29,1.66,5.53,76.69,364.44,10.78,5.49,59.44,99.22
P036,Excellent,1246.91,797.89,10.04,103.62,22.89,0.66,1.11,10.37,85.65,364.16,11.63,3.97,73.89,110.48
P036,Excellent,1682.23,392.49,22.7,108.25,67.4,3.4,0.73,6.95,57.7,579.37,9.77,5.37,113.79,72.48
P036,Excellent,1893.33,915.85,41.84,95.7,99.06,4.47,0.95,5.45,67.3,311.45,11.54,1.48,96.37,87.42
P036,Excellent,401.77,487.4,4.02,94.72,20.74,5.63,0.64,5.25,89.68,477.68,4.67,5.67,81.14,104.84
P036,Excellent,744.47,618.67,21.98,77.55,30.58,4.23,2.04,9.81,74.15,480.95,7.9,11.83,64.03,100.11
P036,Excellent,1768.69,419.07,39.95,111.13,21.93,3.69,1.68,10.22,63.99,459.75,6.32,1.95,103.58,80.07
P036,Excellent,1669.17,818.08,24.07,79.51,49.6,2.71,0.52,2.91,74.76,549.85,2.22,1.38,109.75,106.74
P036,Excellent,1787.62,403.55,29.38,85.69,8.12,6.03,1.92,8.5,68.81,557.49,9.68,6.46,81.45,117.57
P036,Excellent,1053.74,421.08,37.58,117.29,49.23,0.84,1.78,10.69,116.79,271.16,8.78,1.95,62.78,95.57
P036,Excellent,1165.38,653.15,7.12,76.13,123.04,5.15,1.04,7.72,82.65,386.6,3.78,6.3,112.65,81.31
P036,Excellent,1356.58,585.32,22.26,107.04,105.71,4.43,1.35,6.85,90.42,460.08,9.62,3.55,91.35,88.2
P036,Excellent,1211.59,763.48,15.78,88.13,54.57,0.21,0.09,2.98,82.98,334.28,1.35,4.72,68.98,102.43
P036,Excellent,880.67,172.91,12.06,99.64,74.33,0.63,0.26,8.65,93.22,453.25,8.11,6.31,79.42,86.78
P036,Excellent,1155.19,595.46,9.14,112.0,68.82,2.55,2.35,2.84,79.98,384.72,9.25,1.35,79.13,76.9
P036,Excellent,1411.3,474.05,4.67,86.82,46.4,0.78,1.58,12.64,64.56,394.84,9.43,4.44,72.13,65.69
P036,Excellent,1630.72,814.93,30.56,101.27,46.0,0.15,0.31,2.12,98.08,532.46,5.49,4.98,79.15,87.87
P036,Excellent,921.28,383.34,28.08,68.26,63.13,0.45,0.1,7.18,97.3,264.25,4.86,4.2,90.35,81.77
P036,Excellent,1408.71,704.32,41.53,74.32,20.59,5.17,0.52,1.95,125.39,392.29,3.07,10.02,111.41,82.14
P036,Excellent,1333.81,723.15,31.51,76.91,54.08,4.63,2.48,10.95,91.41,532.68,4.85,6.06,87.72,112.4
P036,Excellent,858.55,190.23,36.48,85.77,25.23,1.3,2.1,4.27,98.87,547.48,3.51,8.41,71.15,75.25
P036,Excellent,676.3,593.82,18.51,75.67,114.64,2.68,2.36,3.16,92.58,430.0,2.69,6.73,89.2,109.79
P036,Excellent,496.94,963.71,16.05,88.97,28.84,4.75,1.45,5.59,84.63,474.2,11.37,7.84,82.92,84.51
P036,Excellent,974.72,988.29,35.01,121.21,16.96,5.3,2.19,6.4,107.02,301.73,8.41,2.82,125.78,105.57
P036,Excellent,672.73,846.29,8.88,106.62,64.24,0.45,0.49,8.36,123.49,458.13,11.14,3.37,92.42,94.49
P036,Excellent,1228.04,733.74,22.96,87.81,93.9,2.59,0.08,9.13,125.25,488.36,5.96,7.24,76.05,74.95
P036,Excellent,985.09,458.04,6.12,82.21,13.31,0.38,1.4,10.28,104.65,316.83,12.58,9.84,104.13,77.29
P036,Excellent,482.75,702.82,40.99,83.07,33.65,4.76,1.44,3.49,92.34,486.75,11.72,3.79,64.7,79.72
P036,Excellent,1682.09,771.26,36.38,82.67,87.14,4.66,1.77,7.32,116.05,490.08,5.97,2.77,98.61,106.68
P036,Excellent,913.15,551.96,11.64,104.09,15.77,5.77,1.34,8.7,102.56,444.07,9.52,8.7,98.82,108.35
P036,Excellent,1676.49,809.74,19.24,116.89,8.26,3.51,0.53,6.65,119.73,482.67,8.14,6.06,83.14,62.13
P036,Excellent,618.68,696.35,26.45,113.89,8.47,3.44,0.9,6.71,121.11,444.18,2.38,3.05,116.9,66.78
P036,Excellent,1832.67,243.66,31.18,84.69,67.86,2.1,0.62,8.1,98.33,483.72,7.78,4.97,99.35,89.51
P036,Excellent,685.48,402.05,49.72,90.57,123.49,0.92,0.29,1.93,111.07,417.61,1.22,7.81,103.1,73.14
P036,Excellent,869.41,506.18,44.67,82.91,46.44,0.6,2.05,1.66,104.2,431.57,3.99,10.39,96.2,80.68
P037,OK,534.51,616.46,12.56,85.59,54.29,4.05,0.2,4.58,58.62,290.95,3.14,6.02,75.86,84.25
P037,OK,313.36,407.68,6.29,67.31,23.74,2.23,1.11,6.92,55.56,253.99,3.82,5.59,70.38,65.86
P037,OK,446.55,588.97,32.1,79.88,55.14,3.76,0.36,6.72,65.44,210.67,4.68,7.52,66.6,65.24
P037,OK,940.17,436.73,28.07,52.64,28.91,4.15,0.96,2.81,83.14,353.0,5.09,7.35,86.43,52.74
P037,OK,349.04,627.97,16.24,79.05,30.47,1.78,0.0,1.21,86.63,190.23,7.67,2.13,61.96,44.07
P037,OK,733.22,421.37,29.82,65.82,65.77,2.05,1.37,3.91,82.47,356.78,3.91,2.38,49.89,71.01
P037,OK,1132.1,371.95,21.93,77.05,44.77,2.71,0.81,4.79,67.12,407.92,7.01,7.58,79.14,48.57
P037,OK,282.42,203.1,1.19,65.54,1.9,0.78,0.3,5.01,51.13,205.13,8.66,5.86,57.45,64.65
P037,OK,881.68,516.06,28.37,83.98,83.64,2.11,1.58,7.39,86.24,179.66,1.04,1.1,59.65,59.9
P037,OK,544.02,284.92,12.62,80.7,71.81,0.33,1.46,2.6,77.53,378.11,5.86,2.89,41.32,82.63
P037,OK,371.95,233.13,4.59,58.37,79.85,2.54,1.62,5.2,84.27,206.68,7.44,8.28,44.6,42.3
P037,OK,357.34,87.39,21.9,77.65,70.75,3.63,1.09,8.22,65.12,179.75,1.05,3.34,80.28,71.01
P037,OK,1178.61,520.24,4.4,57.54,80.25,1.49,1.4,3.29,80.77,271.86,4.82,5.34,45.83,75.97
P037,OK,838.05,625.51,25.19,59.3,29.07,2.61,1.74,2.37,81.22,340.9,7.43,4.82,64.99,69.61
P037,OK,612.14,432.11,20.95,63.27,62.44,1.5,0.61,7.56,48.85,347.25,8.53,3.48,60.57,73.22
P037,OK,771.72,612.86,31.92,80.36,55.17,3.0,0.45,5.06,44.13,288.5,4.64,5.04,48.11,65.11
P037,OK,339.42,236.7,24.66,55.09,36.43,1.36,1.72,1.19,64.35,329.64,4.76,8.86,53.62,72.6
P037,OK,905.05,318.75,9.02,67.5,62.21,0.72,1.3,4.34,66.75,409.09,1.86,1.35,69.22,66.8
P037,OK,587.58,118.31,29.6,73.31,60.23,3.08,0.98,6.32,67.35,237.47,1.49,6.47,77.12,72.29
P037,OK,1020.35,318.41,18.68,64.16,50.02,2.74,0.11,5.35,61.37,352.08,6.73,1.66,42.27,84.27
P037,OK,718.81,543.03,26.17,71.07,18.68,1.58,1.12,2.06,67.42,347.24,2.58,6.6,76.49,70.84
P037,OK,282.18,507.46,24.15,71.0,17.93,0.19,0.58,2.88,47.17,245.61,1.22,6.96,65.42,52.66
P037,OK,455.51,256.63,27.03,54.39,38.92,3.86,0.41,4.08,58.12,300.11,6.01,2.8,49.86,69.89
P037,OK,1244.35,210.21,27.93,59.39,48.88,2.76,0.02,6.21,79.68,189.73,5.72,2.66,42.32,47.47
P037,OK,690.74,151.48,35.13,80.26,15.84,3.29,0.83,8.18,82.07,190.7,5.06,3.97,51.69,58.06
P037,OK,614.14,200.83,33.45,52.26,49.11,3.36,0.41,6.02,83.72,214.96,3.81,3.37,80.69,80.43
P037,OK,721.68,597.23,25.27,77.49,4.2,0.91,0.34,2.48,44.4,252.04,7.64,7.78,69.68,44.23
P037,OK,529.64,102.16,4.79,65.06,11.91,2.79,0.56,3.7,74.3,424.45,1.55,5.86,77.31,82.48
P037,OK,975.24,245.12,19.71,69.73,45.93,0.92,1.02,6.32,68.87,327.68,5.31,1.05,53.87,85.53
P037,OK,444.98,186.68,27.12,59.72,85.25,2.64,0.39,4.47,80.32,412.69,6.61,1.54,84.75,62.42
P037,OK,846.06,638.71,6.38,59.23,24.72,0.81,1.17,1.61,68.83,172.81,1.77,1.21,54.94,57.53
P037,OK,613.2,259.67,18.43,87.49,18.0,0.08,0.16,3.45,72.52,435.88,5.85,4.97,80.82,42.04
P037,OK,800.71,472.89,16.77,53.56,57.3,0.32,1.27,6.59,43.9,398.5,7.35,5.81,66.17,48.48
P037,OK,624.08,572.66,31.78,67.39,65.19,1.3,0.09,1.75,76.54,341.79,2.1,5.28,81.57,51.2
P037,OK,421.32,567.71,5.0,55.7,50.24,3.72,1.2,6.67,61.0,410.28,4.86,1.47,76.51,67.68
P037,OK,553.76,119.73,21.24,76.76,79.93,0.23,0.69,6.19,46.89,305.21,5.03,6.85,80.17,80.6
P037,OK,629.38,215.54,12.89,50.79,85.6,3.99,1.62,4.93,54.9,301.53,3.81,1.48,80.12,43.79
P037,OK,310.75,639.07,17.47,69.98,12.07,3.67,1.28,7.8,63.23,337.67,1.62,3.47,46.6,78.79
P037,OK,939.16,432.12,22.63,72.55,14.21,0.3,1.34,1.14,72.2,179.95,3.62,7.47,48.5,69.92
P037,OK,273.63,236.17,11.34,51.2,65.35,1.27,0.28,1.06,62.83,329.01,5.34,2.13,74.94,40.86
P037,OK,517.72,286.11,2.89,67.14,1.44,2.07,1.22,5.6,47.33,293.11,7.8,6.75,80.47,77.6
P037,OK,1008.49,575.23,16.69,62.66,50.57,3.75,1.08,1.27,65.38,318.24,1.3,2.61,57.51,66.95
P037,OK,903.63,646.3,7.96,74.19,27.95,1.68,1.29,2.16,76.08,408.96,1.78,1.09,73.68,69.11
P037,OK,389.02,141.02,15.47,64.05,7.17,1.77,0.28,4.42,45.94,261.27,6.25,3.8,58.65,78.36
P037,OK,560.17,439.82,6.98,85.45,68.57,3.47,1.11,0.91,85.94,317.63,3.82,5.61,53.48,73.59
P037,OK,664.01,524.65,30.12,68.39,20.17,2.98,0.2,7.43,44.78,403.59,4.71,7.53,64.48,75.07
P037,OK,733.87,120.54,16.02,60.42,44.39,1.6,0.43,4.51,43.99,441.05,3.33,2.18,44.47,64.06
P037,OK,412.13,137.84,15.66,78.54,34.07,4.44,1.64,8.03,80.6,417.37,5.54,8.06,69.93,70.12
P037,OK,321.67,599.37,16.35,72.16,30.21,1.94,1.36,7.73,75.47,317.53,7.24,5.23,75.02,45.96
P037,OK,518.77,387.78,5.97,66.52,47.81,1.19,0.56,4.37,81.99,295.55,6.33,3.65,75.98,60.02
P037,OK,635.87,293.54,1.39,52.13,37.56,3.31,1.37,5.99,87.86,233.29,5.57,1.83,69.85,52.68
P037,OK,1202.77,221.96,12.91,61.74,53.83,3.87,0.02,4.66,83.92,358.72,5.47,7.13,61.07,44.0
P037,OK,269.3,633.92,33.45,56.5,77.9,1.7,0.24,2.78,69.75,411.82,1.9,2.79,57.21,71.18
P037,OK,1113.29,677.64,29.27,51.2,46.11,0.8,0.71,5.62,55.91,311.31,5.77,1.74,49.44,84.51
P037,OK,877.24,99.28,2.82,61.11,76.41,1.56,1.57,7.97,51.11,318.12,5.79,4.96,53.11,61.79
P037,OK,1065.19,561.04,27.88,59.44,39.24,0.12,0.04,7.01,62.66,316.84,7.26,6.12,79.77,40.64
P037,OK,469.71,200.17,16.95,78.02,52.03,0.38,0.91,4.91,54.34,186.35,7.81,2.05,72.35,81.29
P037,OK,365.64,387.98,31.09,74.62,58.91,4.07,0.51,6.32,62.42,403.79,5.79,2.1,79.1,76.71
P037,OK,551.35,239.23,23.14,69.68,11.57,2.72,1.18,4.99,70.23,341.79,3.04,3.04,68.58,70.94
P037,OK,989.75,657.47,23.31,83.38,34.88,4.04,1.46,3.32,69.67,280.08,2.19,8.42,55.74,70.1
P037,OK,1053.76,541.61,15.36,58.13,9.41,3.32,1.29,7.89,64.4,269.69,7.78,3.99,82.98,76.21
P037,OK,451.24,391.78,14.89,81.65,68.42,3.26,0.44,6.13,55.76,182.0,3.44,4.67,57.81,69.99
P037,OK,1263.92,421.31,7.96,88.11,79.28,1.57,0.96,6.1,44.31,380.08,7.3,3.19,73.54,46.73
P037,OK,641.45,291.91,18.98,60.84,5.48,1.53,0.03,3.5,50.61,262.11,2.36,2.34,71.69,56.25
P037,OK,761.95,594.44,11.97,54.97,61.15,1.3,0.55,5.29,74.99,191.24,7.76,5.17,72.52,64.96
P037,OK,938.94,333.11,6.65,58.95,76.95,3.7,0.99,1.2,42.1,321.25,1.84,7.11,44.55,45.93
P037,OK,904.61,537.35,9.17,51.79,27.4,2.57,0.9,3.19,47.14,393.15,5.63,4.92,63.66,70.62
P037,OK,1110.57,392.3,8.07,81.2,79.35,0.23,1.18,7.7,67.15,339.0,5.54,8.01,49.76,61.37
P037,OK,1147.85,122.23,21.53,84.24,51.35,2.03,0.06,6.87,70.26,385.13,1.33,6.54,78.17,58.04
P037,OK,539.26,148.72,1.83,56.06,50.25,3.35,1.1,5.41,70.27,408.29,2.51,0.92,62.53,77.29
P037,OK,1229.07,651.81,7.75,87.52,71.66,2.88,0.86,1.7,45.53,268.81,4.3,7.01,76.35,52.44
P037,OK,357.84,280.93,7.77,75.22,65.93,3.17,1.45,6.99,61.16,281.78,1.62,1.55,49.48,57.64
P037,OK,846.65,446.54,31.4,56.44,44.2,1.87,0.58,4.5,70.23,402.08,3.58,6.26,68.77,64.84
P037,OK,459.92,232.99,9.49,62.62,29.29,3.9,0.38,4.98,56.66,260.97,4.77,6.45,52.76,80.14
P037,OK,969.46,592.96,22.84,53.01,62.75,2.57,0.35,8.16,81.54,383.93,2.27,8.16,59.44,52.4
P037,OK,797.16,644.13,23.87,64.04,66.61,2.91,0.42,4.47,54.03,213.24,5.13,4.52,42.56,85.99
P037,OK,1221.97,444.39,30.3,78.54,13.03,3.46,0.07,0.83,45.2,228.58,8.64,0.82,46.69,57.29
P037,OK,436.2,183.03,1.59,49.97,0.35,1.56,0.14,1.09,55.82,382.86,5.21,5.22,57.91,78.02
P037,OK,1343.53,141.98,26.17,64.32,41.98,1.76,0.68,6.3,64.64,327.93,7.39,3.05,63.1,68.26
P037,OK,1118.23,337.97,6.61,78.43,43.48,3.04,0.88,5.52,75.44,262.79,3.51,2.41,54.76,69.9
P037,OK,855.17,529.33,12.26,50.18,15.86,1.57,0.41,2.81,68.24,186.87,8.2,0.91,55.38,55.69
P037,OK,1198.48,606.25,12.67,70.95,64.11,1.11,0.0,1.98,45.9,285.68,6.51,8.68,60.86,44.73
P037,OK,451.6,683.57,27.7,51.77,76.61,1.02,1.05,6.77,74.98,187.71,2.07,2.84,58.0,44.39
P037,OK,665.94,122.54,4.96,82.32,12.62,3.66,0.08,5.23,42.6,329.82,2.41,7.31,77.72,79.7
P037,OK,1004.42,160.82,6.09,80.91,19.04,0.34,0.94,2.42,71.17,353.18,5.99,6.9,48.96,65.72
P037,OK,528.87,367.63,6.96,60.16,11.43,2.16,0.05,3.81,65.92,323.39,4.28,8.4,66.55,77.15
P037,OK,260.01,578.25,11.21,68.98,51.42,0.45,0.98,2.66,45.04,175.78,7.52,3.77,69.53,70.27
P037,OK,838.81,169.68,22.18,54.96,16.96,1.2,0.28,6.03,82.03,302.97,2.33,2.88,51.57,83.41
P037,OK,898.74,231.9,29.17,67.9,21.67,0.07,1.28,7.12,54.73,282.87,2.88,2.24,54.0,52.16
P037,OK,534.86,457.88,28.71,50.73,4.94,3.84,1.6,6.85,54.15,170.81,4.14,5.56,71.88,56.25
P037,OK,320.25,417.2,1.18,60.21,67.32,2.21,1.14,0.83,57.87,245.35,5.24,3.29,72.49,62.25
P037,OK,683.22,251.3,29.51,69.72,53.92,2.29,1.21,5.78,70.25,347.7,7.65,6.98,51.89,52.12
P037,OK,841.23,215.44,23.86,76.91,17.83,3.11,0.79,2.76,69.78,332.61,1.25,6.42,47.9,57.06
P037,OK,754.4,453.55,23.35,55.27,77.63,2.78,1.41,3.36,54.94,251.97,5.74,4.24,77.87,77.61
P037,OK,953.91,138.57,1.04,72.44,71.9,0.02,0.65,6.49,87.82,219.22,6.11,2.12,46.28,72.29
P037,OK,713.31,309.88,25.92,80.92,41.28,1.87,1.47,1.0,65.02,233.11,8.33,2.03,56.17,49.38
P037,OK,1138.8,122.9,6.65,76.22,49.35,1.8,0.55,7.69,60.03,194.19,1.7,6.6,58.0,60.63
P037,OK,790.21,209.44,6.77,82.91,59.42,2.63,0.84,4.84,68.45,243.67,3.48,4.74,62.26,82.0
P037,OK,687.23,401.58,17.25,72.37,18.45,1.86,1.73,1.39,79.26,410.19,7.0,1.51,49.98,79.17
P037,OK,599.58,355.39,11.44,77.95,55.44,1.54,0.91,3.65,70.85,340.76,7.35,2.6,59.06,75.54
P038,OK,308.42,305.41,16.54,63.35,71.43,2.38,0.72,5.78,41.83,248.99,2.5,3.05,81.84,49.62
P038,OK,551.84,531.62,12.04,76.7,2.24,2.36,1.08,7.22,81.86,307.12,8.31,1.16,57.06,73.44
P038,OK,395.33,393.03,12.55,70.76,35.86,1.44,0.6,8.17,62.9,396.3,6.66,5.85,58.89,78.51
P038,OK,762.55,581.67,18.19,69.88,44.57,1.1,1.17,1.4,46.36,182.45,2.89,2.87,75.4,49.02
P038,OK,314.53,454.95,22.08,59.69,84.98,0.12,0.62,3.63,74.23,227.79,4.97,3.43,74.28,83.8
P038,OK,434.81,576.61,6.22,84.35,36.32,3.2,0.26,4.82,82.41,186.05,7.8,8.51,87.55,81.38
P038,OK,1268.36,513.08,27.27,58.03,76.87,3.23,0.76,1.73,70.82,367.86,4.31,1.43,65.68,58.03
P038,OK,911.35,310.65,9.94,82.24,70.85,1.37,0.78,1.58,46.45,181.97,5.28,1.95,69.08,63.38
P038,OK,691.86,382.06,27.47,67.67,69.52,1.72,0.84,6.97,66.98,412.17,3.58,3.24,75.45,81.17
P038,OK,637.11,612.5,17.43,53.43,69.62,1.25,0.89,0.83,62.74,334.6,3.37,6.43,46.71,63.18
P038,OK,1132.92,599.09,30.12,53.99,50.55,1.78,0.9,2.46,49.53,313.61,7.95,8.45,69.83,69.64
P038,OK,373.05,314.58,30.69,53.28,67.04,0.36,1.2,5.93,62.84,397.36,8.1,6.55,69.46,85.13
P038,OK,924.76,525.06,27.59,60.69,72.34,0.87,1.29,5.62,43.73,312.15,7.21,6.92,52.29,64.58
P038,OK,946.46,109.74,11.17,86.0,26.06,2.07,1.36,6.31,44.01,296.16,4.62,5.48,74.67,61.88
P038,OK,1300.69,445.38,28.63,74.04,27.55,3.39,0.41,3.72,84.05,422.3,7.02,3.18,46.29,66.83
P038,OK,531.75,442.46,16.46,63.63,51.84,0.54,1.3,0.84,49.14,255.56,6.9,3.84,82.9,78.71
P038,OK,576.24,483.35,32.47,76.3,33.07,2.55,0.62,2.08,65.18,376.94,4.8,5.69,55.44,86.03
P038,OK,471.14,168.84,16.3,61.69,10.95,2.31,0.75,5.14,68.27,178.88,1.12,2.96,82.32,55.39
P038,OK,375.14,447.45,13.0,57.35,60.11,3.42,0.4,7.97,76.7,401.82,8.33,4.8,68.04,44.95
P038,OK,856.83,545.47,23.7,84.45,54.45,2.24,1.05,4.71,58.93,230.14,6.35,1.85,70.49,78.8
P038,OK,799.82,226.7,22.74,86.85,14.43,1.76,1.43,6.63,66.72,428.14,6.03,6.77,67.59,56.48
P038,OK,1166.7,593.35,21.77,76.45,11.64,2.91,1.52,8.23,84.25,407.01,5.13,6.25,75.68,58.32
P038,OK,736.02,599.0,11.63,61.52,28.76,2.48,1.59,2.62,81.47,389.34,7.74,2.55,75.78,49.62
P038,OK,1095.59,607.27,20.86,58.72,48.82,3.44,0.31,6.09,68.85,394.49,5.28,1.21,60.82,69.32
P038,OK,525.59,140.79,28.33,82.13,73.13,0.97,0.96,4.4,78.38,433.24,6.76,5.77,72.92,61.52
P038,OK,972.45,312.63,30.5,80.56,23.47,3.17,0.35,3.65,59.89,325.96,8.46,8.09,71.02,65.45
P038,OK,455.13,212.11,26.25,64.26,39.1,2.64,1.06,7.39,67.88,343.89,1.89,4.84,62.54,44.58
P038,OK,899.9,439.97,22.98,71.55,15.2,2.26,0.37,2.84,65.53,303.34,7.22,4.95,52.82,46.36
P038,OK,1028.79,591.55,7.97,64.51,24.72,3.73,1.49,7.49,51.93,199.17,4.62,6.95,82.37,43.6
P038,OK,1264.75,472.15,13.29,56.94,48.11,3.73,1.65,8.32,63.58,192.14,4.34,4.5,56.51,76.17
P038,OK,456.18,328.35,28.29,80.4,41.21,3.07,1.41,3.59,57.39,323.85,5.94,1.58,54.41,88.14
P038,OK,458.14,446.64,12.41,52.46,23.51,4.06,0.66,5.88,68.32,333.24,4.32,6.27,72.88,67.61
P038,OK,604.25,271.23,27.16,53.71,39.61,3.91,0.99,6.07,77.32,417.17,6.48,6.81,46.03,63.44
P038,OK,807.53,317.61,12.96,68.25,73.12,1.02,0.51,7.37,78.62,171.36,1.6,6.24,54.62,53.16
P038,OK,516.46,189.75,23.61,71.37,31.83,2.98,0.5,6.07,44.52,390.35,1.78,3.11,63.66,77.97
P038,OK,840.9,690.62,7.89,79.51,7.35,0.62,1.48,6.19,52.98,395.49,4.39,7.27,55.95,58.47
P038,OK,697.94,117.6,16.27,55.65,47.0,3.38,1.34,6.51,59.08,304.14,8.03,6.31,75.76,62.14
P038,OK,805.39,136.23,1.98,73.48,10.19,4.1,0.36,3.46,59.7,345.2,4.7,4.78,74.11,52.98
P038,OK,1079.39,157.34,21.25,50.72,82.24,2.85,0.73,2.6,54.12,321.13,1.88,5.92,75.83,71.77
P038,OK,1034.69,336.57,27.93,76.08,66.18,3.33,1.26,7.82,61.37,222.41,1.45,3.91,79.85,54.5
P038,OK,495.14,207.38,12.36,61.38,63.82,0.25,0.23,5.64,72.57,373.26,1.91,7.03,61.94,64.42
P038,OK,1053.79,695.85,31.16,76.91,21.83,2.24,0.0,7.85,80.71,249.87,6.89,5.41,46.13,49.13
P038,OK,356.21,524.41,27.31,77.2,38.96,2.7,1.01,2.27,72.61,326.0,3.96,5.39,74.48,69.1
P038,OK,296.85,163.61,30.23,71.5,64.93,2.48,0.01,1.64,48.87,244.8,5.81,6.82,76.21,62.03
P038,OK,517.96,362.29,11.87,62.38,17.77,1.71,1.11,5.49,61.14,179.87,5.08,7.79,63.79,66.81
P038,OK,483.94,367.5,27.07,70.75,58.43,1.61,0.53,4.27,58.41,366.29,2.74,3.72,79.85,52.04
P038,OK,635.56,502.58,3.59,62.29,53.0,3.74,1.69,6.58,79.69,331.26,2.51,1.67,45.49,83.8
P038,OK,1007.67,221.7,16.39,84.58,59.32,2.34,1.07,8.0,66.43,385.46,5.66,1.71,62.64,46.12
P038,OK,692.63,454.72,29.92,61.05,42.56,2.58,1.67,2.09,72.95,340.04,7.94,5.82,57.18,73.8
P038,OK,469.27,496.04,2.87,66.97,74.53,0.35,1.72,6.85,48.03,243.64,1.95,4.31,50.22,43.54
P038,OK,374.28,625.86,30.75,55.22,70.61,3.03,0.65,3.55,47.32,197.41,4.76,1.34,72.53,48.3
P038,OK,509.3,426.33,23.8,69.07,1.52,2.57,0.76,4.93,76.23,217.19,2.91,4.62,50.85,81.12
P038,OK,1171.97,416.9,18.17,56.73,39.4,0.61,0.04,5.99,60.88,424.81,4.12,8.35,56.15,68.63
P038,OK,659.2,329.73,19.14,59.04,43.05,2.62,1.1,5.83,70.37,260.19,0.95,2.38,54.68,62.89
P038,OK,319.7,203.84,21.41,81.46,15.39,2.62,0.08,4.8,82.45,243.6,8.13,3.97,60.49,50.43
P038,OK,638.91,529.18,2.8,62.94,7.1,3.87,0.88,7.77,80.64,281.36,7.71,4.11,59.25,68.7
P038,OK,594.26,485.75,3.44,80.64,21.79,0.51,0.89,3.52,70.86,366.96,8.43,1.13,72.39,65.11
P038,OK,1196.2,575.43,5.55,66.21,80.19,0.38,0.8,4.77,49.8,353.81,5.62,5.3,48.73,47.89
P038,OK,406.45,561.0,28.2,63.76,79.89,3.37,0.79,1.57,84.23,184.71,3.14,7.41,64.02,75.6
P038,OK,517.31,419.71,3.48,64.18,76.48,2.46,0.16,7.55,53.28,427.68,2.03,1.66,69.9,50.81
P038,OK,511.85,571.18,22.73,71.45,21.97,1.59,1.42,7.84,73.02,266.29,2.24,4.55,60.15,47.21
P038,OK,348.91,211.96,26.42,86.37,54.82,0.87,1.28,2.96,62.98,373.73,4.84,4.63,79.64,58.39
P038,OK,957.77,210.07,1.52,65.73,43.11,2.11,1.53,1.71,48.92,326.28,2.0,6.86,71.4,75.2
P038,OK,454.04,619.44,18.84,67.63,65.63,3.61,1.72,6.33,82.43,242.98,2.09,7.67,60.28,69.38
P038,OK,855.04,613.55,14.86,74.42,44.9,1.27,1.1,3.8,83.96,343.52,8.29,3.07,72.59,52.49
P038,OK,334.19,90.64,9.88,85.0,30.94,1.43,1.58,7.95,60.87,280.03,7.13,3.6,46.42,66.97
P038,OK,1148.98,485.91,11.21,81.94,63.05,3.29,0.02,2.79,81.2,342.95,5.74,2.37,64.86,40.87
P038,OK,353.63,481.76,2.25,69.39,83.97,0.51,1.01,6.19,41.85,205.03,5.63,1.96,67.76,62.31
P038,OK,667.23,373.91,10.14,78.13,78.84,3.01,0.68,2.38,45.36,205.67,1.2,3.38,62.17,70.44
P038,OK,665.7,358.85,6.96,78.81,66.22,1.14,0.25,2.55,80.55,164.1,4.11,7.31,83.16,66.89
P038,OK,1035.09,374.93,28.47,51.32,38.83,2.14,0.54,1.46,66.78,254.33,1.08,3.19,48.53,60.56
P038,OK,303.47,472.42,0.97,62.86,67.99,1.03,0.97,3.2,82.63,258.28,3.55,3.46,69.33,45.14
P038,OK,1218.51,390.66,20.26,75.72,8.75,3.8,0.12,6.7,77.84,389.08,8.61,8.21,76.73,65.37
P038,OK,663.97,393.48,13.27,62.97,55.3,2.18,0.84,3.05,73.74,279.38,1.41,2.28,72.03,46.15
P038,OK,907.14,189.74,22.86,60.36,62.71,3.26,0.04,3.66,43.19,281.16,3.02,7.65,71.08,54.37
P038,OK,932.2,188.44,31.87,73.19,50.09,1.74,0.58,3.46,73.23,325.4,2.72,8.61,47.54,45.78
P038,OK,1171.89,600.53,15.4,79.27,43.73,1.28,1.1,2.12,41.58,300.41,5.29,1.6,80.45,53.36
P038,OK,523.78,220.49,15.53,63.07,7.07,1.52,1.52,8.64,85.24,365.85,6.97,4.71,61.0,56.68
P038,OK,908.92,434.25,29.58,56.79,44.18,0.04,0.93,4.46,63.33,260.08,2.93,3.91,47.26,62.8
P038,OK,618.24,140.69,14.86,64.27,64.06,1.66,1.66,7.02,76.36,275.24,8.42,4.3,48.69,58.26
P038,OK,627.13,224.66,17.44,65.93,33.57,3.41,1.1,6.98,77.3,314.4,5.05,3.6,62.09,61.52
P038,OK,598.03,374.53,32.37,57.87,25.27,2.67,0.04,1.9,63.29,331.86,5.67,7.36,71.99,71.52
P038,OK,926.45,486.49,23.37,65.57,28.83,0.76,0.45,4.05,59.54,375.87,6.83,7.15,51.62,56.2
P038,OK,405.06,134.16,14.35,58.9,10.3,1.46,1.54,6.54,75.28,189.07,3.22,6.89,55.94,70.13
P038,OK,439.74,434.98,17.17,75.55,51.87,1.44,0.19,3.83,64.7,188.2,8.07,4.23,80.41,72.73
P038,OK,1211.63,279.71,10.57,82.43,4.2,3.96,1.19,4.73,84.38,431.31,5.9,4.37,62.01,58.19
P038,OK,685.39,232.33,32.83,74.93,34.72,1.05,0.84,6.45,83.33,279.08,7.28,2.73,67.22,72.78
P038,OK,642.46,485.86,31.95,70.38,40.56,3.83,0.79,5.16,45.25,213.05,5.67,3.05,69.92,78.46
P038,OK,670.35,675.14,21.02,69.86,71.8,3.63,0.24,5.61,80.82,356.47,3.11,7.33,67.27,69.91
P038,OK,714.94,632.86,3.18,71.95,65.09,2.37,1.37,2.87,79.82,169.44,5.02,3.43,50.52,49.54
P038,OK,1104.83,588.64,15.81,52.62,16.89,3.85,1.16,2.74,47.43,265.55,3.2,6.49,81.75,79.62
P038,OK,1182.77,512.19,2.77,58.27,68.28,3.82,0.91,6.69,49.1,400.31,5.41,4.86,58.5,51.33
P038,OK,962.7,574.81,26.63,60.71,80.62,1.42,1.02,2.81,61.79,189.26,2.2,6.33,61.8,66.91
P038,OK,888.13,239.78,21.27,71.41,6.81,2.54,0.97,7.07,69.75,309.54,5.32,5.47,57.99,86.98
P038,OK,657.69,349.71,15.03,49.4,6.48,0.41,0.01,1.75,45.8,400.97,5.73,7.6,52.63,78.21
P038,OK,1220.41,629.02,14.72,58.07,31.34,2.49,0.94,3.05,61.36,278.4,2.93,5.57,54.33,48.75
P038,OK,512.81,345.81,29.26,65.65,35.06,2.58,1.3,1.29,72.43,297.96,6.94,6.89,59.16,75.56
P038,OK,348.94,409.8,7.47,51.15,41.46,3.05,0.42,3.48,51.83,243.21,3.48,0.95,74.0,41.02
P038,OK,1120.92,464.27,10.73,82.84,74.39,1.53,1.19,8.57,56.49,385.97,5.66,5.0,64.18,52.29
P038,OK,1055.95,510.39,9.41,82.89,5.58,0.49,1.59,7.49,81.72,376.81,3.16,6.54,58.79,70.48
P039,Good,1390.91,507.38,1.77,86.22,74.84,2.54,0.54,6.65,70.29,405.47,6.63,2.93,86.85,81.43
P039,Good,1429.34,680.87,36.46,61.29,61.02,0.78,0.25,8.32,81.89,458.33,4.93,5.01,82.24,49.22
P039,Good,506.63,151.3,10.33,58.81,11.35,1.51,1.56,1.12,61.06,415.87,2.94,2.6,62.59,60.14
P039,Good,1428.33,417.94,11.13,94.35,63.81,2.13,0.23,7.31,69.56,394.96,5.43,4.37,93.02,61.85
P039,Good,665.03,147.2,12.85,92.35,17.51,2.33,0.68,3.08,65.44,372.66,4.5,4.56,95.12,71.46
P039,Good,283.17,645.71,28.89,93.86,28.98,2.03,1.27,8.01,48.56,220.42,1.9,4.0,51.96,97.7
P039,Good,576.4,360.54,7.88,90.59,87.07,2.81,0.25,3.9,66.08,273.34,7.65,3.95,75.68,82.96
P039,Good,1378.09,408.41,25.71,63.62,8.49,0.77,1.86,1.29,55.88,220.4,2.36,9.47,76.77,79.81
P039,Good,1186.71,123.46,29.42,59.58,69.66,2.37,0.42,1.9,45.71,424.77,9.69,4.05,60.92,46.54
P039,Good,1340.97,400.4,32.06,93.17,4.96,3.22,1.02,2.43,46.85,407.79,7.11,1.58,51.49,74.53
P039,Good,371.72,129.5,30.19,59.04,57.63,2.64,0.88,1.48,76.49,431.31,3.49,9.45,76.07,66.49
P039,Good,878.55,486.48,6.63,58.23,15.98,3.27,0.29,6.96,76.93,317.15,9.28,5.02,92.87,95.4
P039,Good,1361.79,169.39,35.62,67.72,47.56,3.55,1.39,9.05,87.31,446.17,9.39,2.72,64.36,51.08
P039,Good,597.34,510.92,8.23,65.54,30.37,2.78,1.59,2.05,96.66,443.49,7.74,1.53,82.52,77.01
P039,Good,1249.62,126.32,2.57,78.4,29.73,0.54,0.96,6.93,62.59,425.67,1.83,1.07,59.24,67.09
P039,Good,1155.13,718.92,9.47,79.47,63.14,2.84,1.34,1.2,60.88,254.21,2.58,4.91,73.44,73.29
P039,Good,530.94,223.43,13.95,95.06,29.87,3.93,0.41,7.34,77.25,287.35,7.0,3.35,47.99,64.26
P039,Good,1219.06,152.39,22.91,65.96,88.2,2.02,1.82,5.21,75.93,458.83,8.16,5.86,92.48,78.19
P039,Good,777.45,418.16,17.56,65.04,18.52,3.51,0.94,6.08,88.19,197.51,2.99,4.07,92.14,62.38
P039,Good,440.2,659.72,8.63,76.67,33.56,0.81,1.06,6.73,79.78,367.6,8.94,3.36,86.91,50.97
P039,Good,395.77,111.07,6.66,59.45,10.19,1.67,0.83,4.08,76.75,322.31,1.68,9.66,77.41,57.58
P039,Good,1056.08,620.59,20.11,87.62,12.04,0.37,1.24,5.78,47.51,353.41,7.83,3.93,70.16,94.57
P039,Good,382.3,759.59,20.3,67.52,56.28,4.23,0.61,6.29,89.75,255.68,3.33,6.88,81.25,89.11
P039,Good,1409.13,550.75,10.48,85.39,79.68,4.42,0.84,3.72,46.83,246.03,9.31,1.29,57.31,52.69
P039,Good,1074.25,744.11,36.95,68.81,50.49,4.67,0.42,6.46,65.19,249.64,6.04,4.41,68.19,54.69
P039,Good,450.41,216.21,24.45,86.04,42.36,2.44,0.12,1.48,80.14,356.81,2.37,5.4,90.05,70.26
P039,Good,642.01,787.4,27.53,91.42,76.15,3.1,0.93,3.15,59.02,273.38,5.09,9.35,63.22,61.48
P039,Good,343.95,456.08,15.96,72.48,7.14,2.71,0.81,3.21,74.95,351.59,2.38,4.44,79.09,72.9
P039,Good,542.45,463.78,2.86,64.15,50.38,1.7,1.86,4.14,59.22,387.01,8.84,6.53,77.93,70.98
P039,Good,333.87,645.45,38.13,85.51,27.88,0.85,0.08,8.71,70.08,403.16,4.59,3.43,48.57,51.88
P039,Good,755.13,460.54,2.86,69.6,5.23,4.57,1.36,5.66,74.5,304.08,3.58,7.99,97.55,63.42
P039,Good,1099.41,614.55,28.41,74.47,67.57,3.69,1.87,2.32,66.65,230.08,7.47,4.28,73.28,65.22
P039,Good,557.4,230.13,7.5,71.37,60.19,2.61,0.29,9.13,81.55,433.17,8.33,1.38,61.75,54.41
P039,Good,978.02,420.28,35.13,60.24,68.28,0.91,1.46,3.14,72.9,414.86,3.68,9.36,82.45,90.21
P039,Good,472.26,482.85,9.01,80.42,18.55,3.99,1.59,2.31,84.3,203.29,3.62,1.41,51.46,78.07
P039,Good,444.54,241.23,38.15,62.06,16.03,1.52,1.07,4.47,91.49,393.1,9.4,2.65,64.55,76.94
P039,Good,823.31,630.52,24.22,99.34,53.08,3.9,1.81,8.01,58.33,415.69,9.12,8.57,86.73,87.87
P039,Good,1316.17,687.5,30.01,62.73,70.57,1.67,0.11,3.06,76.35,317.48,1.3,1.24,83.47,49.38
P039,Good,309.47,461.2,22.58,76.63,64.84,1.29,0.68,9.02,80.04,390.52,8.36,5.51,64.18,67.64
P039,Good,742.54,214.29,33.73,95.9,53.53,0.08,1.79,9.66,78.58,458.94,2.88,4.57,84.81,79.07
P039,Good,497.68,543.83,6.87,60.53,94.1,0.76,1.27,5.59,58.04,184.1,9.14,5.45,90.16,85.5
P039,Good,1146.85,560.2,3.0,61.61,79.66,0.9,1.73,8.62,65.23,208.76,6.96,2.27,74.78,82.11
P039,Good,588.19,201.0,26.01,60.87,10.74,1.17,1.98,7.4,90.45,438.17,1.43,1.74,83.61,69.15
P039,Good,1345.32,658.78,17.09,76.72,14.33,3.54,1.53,4.18,46.89,480.82,4.55,6.28,65.99,61.45
P039,Good,1251.93,136.16,28.21,57.17,35.09,0.69,0.89,7.22,91.0,259.85,5.49,3.68,52.11,87.33
P039,Good,1251.04,404.77,12.74,61.01,73.57,4.01,0.69,6.12,75.18,479.23,8.0,2.71,76.59,55.52
P039,Good,1324.28,387.88,21.62,77.63,19.69,2.94,0.01,3.08,77.15,269.71,7.68,4.06,79.46,51.53
P039,Good,1431.03,439.62,19.2,82.33,45.86,2.44,0.92,4.81,85.2,249.51,0.97,2.25,53.45,59.0
P039,Good,1358.06,434.26,34.31,98.95,89.09,0.4,1.63,9.58,74.28,426.75,5.15,2.29,45.83,55.19
P039,Good,972.1,118.91,21.11,72.22,24.7,0.9,0.29,7.1,53.51,432.75,3.63,5.71,60.01,80.38
P039,Good,1017.14,663.76,7.05,91.13,88.31,3.33,1.39,6.14,66.81,259.39,2.32,8.77,51.65,52.6
P039,Good,1344.13,428.23,4.62,74.34,44.4,3.13,1.38,4.17,54.9,203.98,7.8,3.0,55.26,74.62
P039,Good,400.02,521.51,20.75,94.27,83.71,4.6,0.28,8.41,85.72,186.26,1.31,3.64,65.31,72.33
P039,Good,1248.55,311.15,22.72,86.6,5.22,2.07,1.69,8.79,75.64,226.37,9.14,6.73,80.19,90.23
P039,Good,1027.06,532.44,29.63,75.24,94.42,4.5,1.43,5.81,60.2,261.99,4.34,2.13,84.77,62.73
P039,Good,480.08,715.1,2.71,92.53,0.9,4.33,0.12,6.57,59.8,363.2,3.64,5.25,88.88,50.62
P039,Good,465.48,313.71,3.58,68.42,21.65,4.55,0.24,8.19,73.24,250.84,3.0,4.8,60.18,46.81
P039,Good,1400.99,370.19,27.16,81.03,0.07,3.63,1.24,8.02,50.63,356.28,1.66,5.4,56.67,63.46
P039,Good,680.48,134.16,1.31,70.64,72.41,4.51,0.33,5.14,60.61,388.29,5.52,6.78,54.66,86.9
P039,Good,428.34,509.21,21.58,81.08,13.61,2.54,0.42,4.9,58.87,391.14,1.86,9.06,88.87,54.73
P039,Good,305.06,241.44,36.37,82.53,49.96,4.19,1.49,3.95,84.21,481.51,5.28,5.09,65.16,83.93
P039,Good,914.05,593.16,16.25,83.48,68.46,4.57,1.13,5.99,47.41,456.53,3.49,8.24,77.02,92.4
P039,Good,1133.62,482.27,8.98,82.05,75.79,0.9,0.71,6.17,62.66,307.68,1.02,3.3,88.75,78.56
P039,Good,1416.63,211.84,16.14,83.13,54.13,0.32,0.09,6.8,70.59,367.92,3.25,1.2,56.96,72.62
P039,Good,297.03,636.93,12.18,67.53,20.16,4.63,0.41,3.11,90.31,287.28,2.86,8.29,95.17,79.12
P039,Good,799.05,624.48,28.86,65.97,57.37,3.68,0.27,2.53,63.74,418.73,3.44,7.99,96.05,63.55
P039,Good,353.19,399.73,24.89,78.51,58.07,4.31,1.36,6.42,79.97,446.16,4.65,8.35,84.41,72.51
P039,Good,1024.27,395.76,36.46,74.86,41.51,2.61,1.29,5.78,66.82,356.49,6.42,9.12,51.6,92.58
P039,Good,1373.23,129.17,34.42,79.99,56.65,1.63,0.59,6.58,69.91,428.54,5.19,1.01,47.92,60.17
P039,Good,781.41,458.27,2.88,91.25,10.56,4.27,1.62,8.45,71.91,426.02,4.76,3.21,70.4,80.47
P039,Good,401.59,705.14,38.52,87.41,2.52,3.42,1.05,8.66,66.41,421.89,3.44,7.03,50.71,73.93
P039,Good,1294.26,308.81,35.58,78.38,80.87,4.33,1.37,5.56,54.6,211.44,5.74,2.3,65.3,62.41
P039,Good,564.99,649.91,21.88,88.47,47.62,2.15,1.12,1.1,82.84,218.2,5.88,4.13,56.57,80.85
P039,Good,500.63,453.83,22.91,67.84,40.77,1.66,1.14,2.58,62.46,334.73,5.51,6.91,75.08,75.61
P039,Good,1156.39,665.29,11.47,70.94,72.16,2.23,0.09,2.84,87.92,265.91,0.95,4.85,68.87,70.12
P039,Good,732.85,609.91,5.35,64.5,77.97,1.24,1.33,5.93,90.09,425.17,2.34,6.07,59.01,46.92
P039,Good,834.17,640.82,12.31,75.66,91.52,0.53,1.09,3.97,47.72,195.96,5.0,8.17,62.53,60.07
P039,Good,1333.46,603.97,31.55,81.45,91.66,3.87,0.3,4.37,93.14,349.75,3.83,5.49,55.79,73.96
P039,Good,1420.01,589.96,13.1,74.41,51.41,1.33,0.15,4.95,88.49,455.39,1.29,6.72,73.29,73.94
P039,Good,749.55,633.72,30.98,81.45,7.07,0.11,1.18,1.4,88.65,389.61,3.41,6.12,64.16,67.56
P039,Good,551.5,195.41,28.39,71.1,53.33,1.26,0.19,5.57,71.38,242.35,5.81,6.06,84.06,72.98
P039,Good,968.75,583.39,4.58,56.84,3.42,0.04,1.74,5.75,75.75,418.69,3.57,1.87,66.26,72.77
P039,Good,628.23,430.24,17.77,92.24,24.63,3.27,1.77,4.49,62.83,211.35,6.96,6.32,62.06,73.65
P039,Good,1163.38,161.03,32.85,83.88,76.87,3.92,1.81,9.1,61.18,250.62,2.44,1.29,79.3,72.93
P039,Good,381.93,133.82,3.27,92.81,38.67,1.67,0.75,8.36,74.26,220.83,2.66,6.22,48.9,69.91
P039,Good,1057.6,408.91,12.3,60.53,0.3,4.66,1.01,9.44,67.39,399.41,2.2,5.6,68.56,60.88
P039,Good,1062.65,350.56,25.04,82.56,38.22,1.14,0.39,2.69,58.93,442.43,8.18,6.94,92.97,48.75
P039,Good,649.32,730.81,36.95,66.21,25.1,4.42,1.28,4.87,93.69,495.82,8.44,2.95,61.41,91.4
P039,Good,351.57,322.89,21.26,70.62,88.91,0.72,0.15,4.2,70.15,220.2,2.92,8.66,89.27,66.95
P039,Good,1005.96,202.39,33.91,62.86,47.41,2.53,0.73,4.1,60.0,315.08,4.96,2.91,57.89,87.77
P039,Good,1379.15,481.16,32.11,57.31,62.51,3.73,1.25,8.76,92.47,230.57,7.75,6.19,63.03,55.59
P039,Good,980.79,275.47,30.14,72.89,37.05,3.28,1.93,4.3,47.37,397.16,1.81,2.18,86.65,88.5
P039,Good,1044.63,192.05,24.63,64.16,28.62,2.93,1.66,4.56,84.62,443.32,5.36,6.04,51.45,77.98
P039,Good,330.66,93.28,32.89,89.65,96.61,3.76,0.39,8.15,87.31,437.37,6.85,8.41,85.21,65.63
P039,Good,659.0,499.36,33.54,79.61,60.04,1.19,1.55,7.67,70.25,303.22,1.82,8.26,52.48,52.38
P039,Good,893.05,184.53,14.46,86.72,70.81,4.39,1.45,3.07,73.34,452.52,6.94,6.91,88.17,91.27
P039,Good,921.0,492.55,31.44,96.49,14.05,0.69,1.4,2.49,76.53,248.36,6.25,2.47,73.67,86.86
P039,Good,671.65,666.55,6.03,85.98,24.37,1.45,0.67,6.44,52.4,278.75,2.52,4.95,60.93,51.28
P039,Good,863.83,629.46,22.16,86.99,20.95,0.67,0.42,1.38,92.8,217.84,4.07,8.26,69.13,64.11
P039,Good,1132.1,107.15,4.13,75.88,0.59,0.82,1.03,7.58,85.49,270.92,7.63,4.02,75.65,56.91
P040,Very Good,345.51,554.09,39.43,71.92,7.66,1.78,1.58,5.34,89.57,333.05,7.32,2.01,52.93,107.57
P040,Very Good,1624.99,807.3,27.44,80.27,16.77,0.58,1.34,3.21,62.74,254.07,8.45,2.83,75.57,87.31
P040,Very Good,1198.23,541.12,35.72,66.49,26.31,1.3,1.35,9.95,76.99,482.09,10.01,9.07,62.43,60.25
P040,Very Good,1439.33,409.06,20.57,108.16,17.68,2.62,1.75,1.3,54.15,527.65,4.79,8.02,92.93,65.19
P040,Very Good,727.96,467.21,19.58,66.31,66.45,1.62,1.65,2.66,58.58,256.68,2.96,6.43,72.13,86.4
P040,Very Good,715.41,774.13,6.0,74.97,86.87,4.93,0.43,4.89,104.4,415.16,9.7,6.45,82.17,79.4
P040,Very Good,1573.24,316.13,22.53,85.52,44.56,4.25,0.54,6.35,72.7,459.31,3.57,8.02,65.02,83.34
P040,Very Good,950.78,465.53,21.24,67.49,70.87,1.67,0.91,8.61,94.07,462.87,9.57,9.18,92.85,80.37
P040,Very Good,435.33,603.91,36.03,69.09,10.36,3.35,0.93,4.07,70.9,394.96,6.76,4.08,80.43,63.45
P040,Very Good,1054.0,218.51,23.64,81.48,20.39,2.07,1.11,7.61,59.6,299.96,7.86,5.95,53.7,86.94
P040,Very Good,873.14,244.24,41.75,86.15,49.95,3.2,1.71,8.88,83.14,331.76,5.1,4.33,57.03,85.93
P040,Very Good,418.35,499.81,21.14,95.13,94.0,4.3,1.23,4.96,70.5,228.19,2.09,7.99,78.28,75.17
P040,Very Good,1046.68,767.66,29.34,107.56,97.74,0.12,1.58,8.89,89.34,364.16,3.18,3.89,102.24,52.24
P040,Very Good,533.96,827.07,40.34,87.78,81.67,1.34,1.18,10.04,78.25,330.61,3.23,5.26,68.55,80.19
P040,Very Good,519.94,654.62,5.04,87.7,46.16,0.27,0.12,7.55,94.7,504.23,3.89,10.32,63.58,69.82
P040,Very Good,1247.29,549.5,35.07,102.16,54.64,0.7,0.63,6.77,85.57,484.07,7.32,1.18,71.99,71.83
P040,Very Good,1460.1,176.25,39.0,76.73,103.88,2.3,0.83,3.97,102.25,296.35,3.3,6.15,56.05,86.67
P040,Very Good,964.91,445.79,25.43,74.96,14.31,0.7,1.37,3.32,66.31,479.1,10.49,6.62,65.24,59.01
P040,Very Good,1220.69,413.25,39.95,62.47,29.23,4.91,0.29,1.25,77.74,348.91,2.04,8.93,87.38,60.89
P040,Very Good,1206.82,696.18,14.61,73.71,13.94,1.32,0.09,1.5,66.91,381.78,1.85,9.1,81.62,96.84
P040,Very Good,461.29,157.14,30.45,89.14,40.67,4.28,1.43,3.05,80.87,237.7,7.41,1.33,71.77,82.02
P040,Very Good,685.42,409.13,18.4,92.76,91.57,3.32,1.11,2.9,94.07,496.8,8.77,2.53,94.61,55.26
P040,Very Good,816.46,490.27,43.25,80.08,38.68,3.68,1.91,3.56,61.48,301.06,3.93,6.7,96.23,94.34
P040,Very Good,924.56,202.36,40.73,99.69,61.52,1.09,0.32,3.45,86.04,483.64,9.0,2.44,75.51,59.84
P040,Very Good,1112.04,818.3,11.2,99.3,18.56,0.13,1.28,1.83,99.44,493.4,4.93,2.68,64.72,81.85
P040,Very Good,793.34,793.82,2.01,98.82,4.69,3.46,1.07,3.64,90.71,443.7,1.55,8.39,83.4,87.97
P040,Very Good,559.08,539.43,36.21,94.26,23.83,2.95,1.48,3.03,64.81,457.18,8.62,8.59,93.98,63.29
P040,Very Good,422.22,371.68,33.63,70.88,17.83,2.93,0.74,10.4,85.0,353.96,9.03,2.07,93.0,71.78
P040,Very Good,1350.56,177.22,22.96,65.9,10.64,0.0,0.34,7.31,75.23,481.83,4.93,1.39,76.82,97.87
P040,Very Good,1216.4,648.39,34.68,94.51,0.9,3.89,0.95,2.34,97.65,370.91,10.18,1.66,102.6,69.63
P040,Very Good,1467.17,412.97,5.59,92.31,50.96,0.42,0.43,3.22,98.56,322.69,1.31,5.39,74.84,88.43
P040,Very Good,1263.56,385.96,31.34,74.38,0.74,4.03,1.66,9.31,55.08,303.01,9.2,3.32,101.97,57.32
P040,Very Good,329.36,535.69,39.39,91.44,79.5,2.44,0.6,3.01,71.19,380.1,8.78,9.44,76.61,62.29
P040,Very Good,1306.18,338.33,28.38,77.71,73.58,4.58,1.65,4.67,78.95,480.31,7.24,6.85,54.5,104.91
P040,Very Good,1402.92,286.93,30.93,87.78,75.74,5.23,1.15,4.83,76.92,292.57,8.21,1.9,97.05,89.87
P040,Very Good,846.36,423.26,42.06,86.6,40.47,2.57,1.75,6.58,78.05,390.04,2.96,7.81,97.67,68.04
P040,Very Good,668.11,429.59,10.09,106.54,105.38,5.06,1.95,6.83,81.29,460.56,5.26,10.07,107.78,60.87
P040,Very Good,1290.82,805.34,2.05,90.33,14.0,3.79,1.26,8.49,81.97,251.79,1.01,9.68,58.54,59.53
P040,Very Good,602.51,289.39,8.28,68.69,46.47,4.64,0.07,7.16,97.32,273.83,6.62,6.12,69.96,73.25
P040,Very Good,752.13,290.37,9.43,65.7,4.33,2.76,1.28,8.25,105.64,479.94,4.45,4.5,66.99,94.78
P040,Very Good,787.38,754.62,22.39,90.8,85.7,3.95,0.25,1.87,70.3,461.51,3.37,6.2,69.12,104.37
P040,Very Good,367.55,660.71,18.82,63.18,72.0,0.88,0.87,5.89,55.11,491.53,9.02,9.18,99.53,62.94
P040,Very Good,1255.21,807.79,26.75,80.66,37.37,3.94,0.34,9.99,93.83,440.69,4.7,4.0,92.99,74.62
P040,Very Good,1044.04,350.82,21.16,68.5,107.77,0.46,0.8,3.98,75.27,286.15,7.75,5.72,70.04,82.4
P040,Very Good,591.08,227.41,9.4,78.35,2.89,2.67,1.36,3.12,90.09,397.66,4.7,6.05,82.77,100.02
P040,Very Good,813.17,401.9,15.41,68.85,92.78,4.0,1.99,6.06,64.03,320.68,4.87,1.8,78.7,83.68
P040,Very Good,822.51,120.2,29.09,86.96,23.36,0.95,0.43,1.16,87.01,386.59,5.34,8.72,73.49,99.64
P040,Very Good,956.03,537.57,22.32,68.41,56.19,1.42,1.48,3.52,55.49,439.31,3.16,5.95,82.69,63.17
P040,Very Good,1609.03,507.32,6.36,99.46,88.92,2.98,1.14,5.76,71.18,388.86,1.63,6.23,53.32,73.72
P040,Very Good,475.39,797.24,38.13,106.97,29.83,3.73,1.99,5.65,75.13,433.67,8.73,1.33,98.95,100.86
P040,Very Good,912.24,575.83,38.59,62.29,96.24,4.15,0.07,7.36,87.27,358.37,4.09,7.22,88.92,97.59
P040,Very Good,690.11,778.46,37.86,81.24,82.1,0.3,0.12,5.12,62.94,462.47,2.65,2.65,61.52,81.5
P040,Very Good,776.86,328.15,33.38,92.6,57.7,2.19,0.06,3.15,56.45,308.68,10.0,1.02,59.84,61.49
P040,Very Good,1145.21,193.87,13.25,75.32,44.15,1.72,0.94,9.67,83.66,328.68,6.2,7.59,99.85,101.76
P040,Very Good,453.66,519.76,25.42,73.44,31.93,1.39,0.03,8.84,91.65,364.95,1.94,1.32,53.09,61.3
P040,Very Good,806.98,450.5,20.02,70.69,77.31,0.09,0.19,3.98,72.62,493.54,10.05,6.43,52.13,84.24
P040,Very Good,1041.43,586.37,26.41,67.91,53.78,4.6,1.23,10.12,80.51,405.52,3.45,9.03,103.25,92.77
P040,Very Good,948.34,352.5,20.58,79.31,89.31,2.65,0.92,6.8,68.33,440.62,2.52,4.27,80.79,69.23
P040,Very Good,325.98,221.57,22.8,66.75,97.29,0.84,1.93,7.59,78.61,256.19,9.3,8.5,83.0,71.68
P040,Very Good,1243.89,625.61,22.69,68.85,97.2,2.24,0.5,6.0,71.93,205.99,2.64,4.62,107.59,99.86
P040,Very Good,937.97,543.29,2.26,108.22,40.87,4.38,0.44,2.33,83.21,261.86,10.39,1.55,56.14,72.05
P040,Very Good,1394.12,474.46,23.54,74.35,10.81,3.31,1.54,2.96,97.03,252.1,7.94,4.26,76.21,58.56
P040,Very Good,420.82,247.42,4.32,88.46,66.39,4.8,0.91,6.88,72.43,360.23,8.05,1.27,51.3,91.34
P040,Very Good,1018.77,775.3,20.87,70.73,51.21,1.03,0.33,9.14,68.71,481.23,6.04,2.65,90.47,69.91
P040,Very Good,1492.65,602.97,5.62,78.65,13.55,1.87,0.23,7.81,81.1,269.43,9.91,4.01,55.6,71.28
P040,Very Good,575.15,600.76,1.92,102.45,26.11,4.38,0.87,3.11,86.02,238.89,5.52,10.62,55.91,105.79
P040,Very Good,1042.49,717.3,31.29,94.09,99.45,3.26,0.91,9.59,78.64,359.02,1.69,1.21,64.07,74.99
P040,Very Good,1066.14,149.55,16.16,99.7,81.82,2.44,0.67,5.79,69.64,507.43,9.95,6.66,94.73,52.67
P040,Very Good,374.16,727.14,38.8,67.53,57.57,3.28,0.07,5.49,87.56,391.17,9.13,10.1,83.98,77.74
P040,Very Good,841.83,167.68,37.13,78.8,52.76,0.85,1.04,2.39,75.76,547.38,5.23,7.37,67.25,97.56
P040,Very Good,1205.27,643.18,37.13,90.3,71.57,4.78,1.79,6.22,56.54,307.71,6.43,10.41,68.15,92.77
P040,Very Good,713.14,790.43,33.09,102.89,79.04,3.83,0.76,4.97,54.18,539.16,8.48,4.75,66.12,76.61
P040,Very Good,743.94,194.96,12.49,72.78,30.86,1.66,1.38,8.89,71.36,406.35,1.34,2.52,93.2,95.14
P040,Very Good,824.03,798.89,5.32,100.73,49.44,1.97,0.43,4.31,94.14,313.96,5.04,2.32,82.29,98.15
P040,Very Good,1061.22,580.15,3.57,65.61,1.82,1.27,0.95,7.04,96.22,511.77,9.33,1.07,53.37,55.78
P040,Very Good,680.84,250.97,33.65,64.29,88.58,3.6,0.9,9.43,99.11,508.45,3.4,2.57,79.27,97.16
P040,Very Good,571.89,572.08,37.99,96.5,35.82,3.04,1.52,3.08,81.19,519.43,5.68,6.36,80.63,103.93
P040,Very Good,422.96,577.35,17.94,87.58,87.2,1.73,0.98,4.8,56.84,358.69,8.62,8.36,93.92,96.9
P040,Very Good,597.78,472.78,33.53,95.91,36.26,0.29,1.4,4.47,54.17,496.76,9.68,4.24,57.45,69.92
P040,Very Good,1232.72,662.45,19.45,84.62,6.71,3.53,0.21,9.27,77.86,314.92,9.27,3.47,93.69,93.11
P040,Very Good,383.3,439.96,30.98,79.09,59.01,2.76,1.95,6.14,59.98,478.55,6.0,10.4,94.97,64.32
P040,Very Good,877.21,489.55,3.24,75.7,37.38,3.86,1.48,3.33,100.9,430.76,5.38,8.7,51.73,70.59
P040,Very Good,1515.2,452.5,15.22,85.15,54.57,0.85,0.78,9.82,94.67,494.18,5.02,3.87,100.37,69.33
P040,Very Good,620.61,551.7,17.05,67.82,97.5,1.87,1.16,9.22,57.37,238.63,1.66,7.07,77.99,55.65
P040,Very Good,813.15,112.76,14.13,75.17,20.87,0.27,1.63,9.64,102.75,448.3,7.44,8.61,69.41,74.58
P040,Very Good,1361.95,540.0,25.75,103.48,81.89,1.48,0.31,6.26,65.11,228.81,3.24,1.76,53.79,92.75
P040,Very Good,450.57,305.98,18.67,68.92,103.77,3.27,1.89,2.39,60.36,521.93,6.53,1.43,75.37,60.88
P040,Very Good,1265.53,567.21,30.01,89.94,49.81,5.29,0.89,4.94,66.29,327.98,1.13,3.22,90.29,66.24
P040,Very Good,335.4,400.68,27.53,62.54,84.95,5.22,0.77,5.4,66.4,347.35,7.4,6.74,77.8,97.98
P040,Very Good,450.71,761.71,31.27,75.02,16.6,2.38,0.69,9.04,52.25,312.91,3.41,10.24,100.98,58.03
P040,Very Good,1328.76,592.82,25.38,98.38,100.51,0.08,0.9,6.76,68.49,317.2,3.57,5.65,68.74,74.86
P040,Very Good,1252.17,804.86,10.99,74.76,56.92,2.49,1.53,9.47,100.97,304.65,10.22,7.76,96.41,82.21
P040,Very Good,490.26,415.22,21.29,74.07,96.63,2.28,1.15,9.95,75.21,235.39,2.41,1.95,76.92,55.68
P040,Very Good,802.56,855.85,25.77,91.58,27.59,0.18,0.72,6.5,56.77,310.21,9.85,1.03,67.76,69.05
P040,Very Good,617.23,645.1,38.89,73.29,82.57,0.78,1.15,4.07,101.27,396.48,1.72,6.17,97.89,56.51
P040,Very Good,866.8,582.36,43.52,85.83,29.06,0.94,1.43,3.44,59.61,477.86,8.16,3.92,107.46,82.84
P040,Very Good,594.66,332.66,26.77,99.31,73.62,4.22,1.53,1.72,87.55,391.18,9.44,5.49,72.5,101.42
P040,Very Good,1127.42,829.06,1.79,75.73,43.1,2.13,0.86,8.95,66.22,340.69,1.66,8.66,79.08,70.99
P040,Very Good,508.45,569.37,18.18,101.86,67.06,2.02,1.94,8.38,91.64,348.96,10.45,7.38,104.63,61.28
P040,Very Good,685.64,314.54,39.13,86.05,23.37,2.58,1.12,9.31,91.5,249.66,9.52,6.92,93.27,87.66
P041,Good,407.18,504.53,20.37,70.81,90.0,3.64,0.35,7.88,82.24,268.32,6.8,6.71,68.32,91.63
P041,Good,1143.54,464.44,27.91,65.05,23.07,2.35,0.92,3.0,79.21,265.76,3.4,3.65,69.5,71.67
P041,Good,1414.08,436.15,10.16,80.53,53.48,0.52,1.37,3.58,55.82,361.2,9.6,9.52,91.92,74.73
P041,Good,1077.71,352.13,36.38,57.35,20.5,0.4,0.57,6.69,91.47,481.2,5.98,3.39,56.75,77.43
P041,Good,869.07,413.18,14.24,76.48,17.35,0.41,0.6,8.52,84.26,254.09,6.59,7.26,86.3,71.07
P041,Good,859.54,122.06,1.61,71.97,76.68,0.67,0.26,4.8,95.22,277.25,9.08,1.97,90.64,48.68
P041,Good,1090.65,378.06,4.7,79.05,20.68,3.15,0.79,6.3,92.69,462.08,8.1,7.36,56.05,51.68
P041,Good,762.5,684.19,22.89,80.41,35.28,3.83,0.11,1.76,72.75,382.78,3.56,1.26,88.18,66.43
P041,Good,295.79,429.76,5.07,85.75,20.19,2.61,1.14,6.71,85.13,222.41,3.2,4.46,88.59,89.05
P041,Good,1246.4,718.21,9.98,93.01,13.93,2.73,0.85,3.67,84.43,343.89,7.88,4.66,53.28,79.27
P041,Good,885.09,468.53,35.96,80.26,88.82,4.38,1.57,5.53,88.59,263.24,3.92,1.14,79.02,55.88
P041,Good,1104.55,149.88,37.4,85.15,32.45,2.19,1.66,2.08,54.31,451.28,1.32,7.49,60.74,84.88
P041,Good,447.37,509.49,2.71,80.75,6.55,0.49,1.03,5.62,54.26,258.94,3.06,8.42,91.0,79.94
P041,Good,720.02,555.41,13.19,95.38,37.58,3.16,0.74,5.28,68.83,258.81,5.27,1.86,75.36,56.86
P041,Good,1186.3,215.91,28.47,63.31,2.66,0.28,1.09,2.02,61.86,188.68,8.08,1.12,78.83,70.51
P041,Good,937.79,734.42,23.28,84.0,14.4,3.47,0.37,9.66,65.31,359.2,3.71,3.94,79.57,81.95
P041,Good,942.49,324.83,5.46,83.67,64.75,3.59,0.15,3.39,85.86,285.28,2.71,7.3,55.44,53.64
P041,Good,515.3,439.06,23.13,84.47,2.42,0.9,0.22,5.81,96.78,258.99,3.8,3.51,53.99,94.14
P041,Good,668.23,273.34,32.4,89.42,40.59,3.26,1.16,2.35,71.34,448.65,5.06,7.41,68.5,55.86
P041,Good,465.06,517.77,32.48,65.34,44.15,4.09,0.98,6.52,57.15,473.33,3.17,9.67,76.63,60.17
P041,Good,1283.45,717.97,15.93,95.82,36.15,1.75,0.62,1.3,54.2,364.35,9.05,3.07,59.1,81.8
P041,Good,673.16,121.06,21.37,87.48,51.78,2.61,1.41,5.35,61.36,249.29,7.22,2.75,89.86,79.79
P041,Good,821.42,735.14,13.65,92.84,58.13,2.4,1.61,3.62,93.51,455.13,8.48,4.3,78.53,58.8
P041,Good,327.15,511.49,16.2,86.78,61.79,2.92,0.97,7.58,75.95,259.48,7.59,8.45,86.83,72.15
P041,Good,317.74,171.88,21.31,94.12,83.35,3.06,1.89,6.84,83.47,449.14,4.36,6.29,80.59,80.85
P041,Good,1060.3,374.63,12.84,63.33,32.53,4.51,0.29,1.13,87.96,400.0,1.71,6.44,73.92,88.87
P041,Good,326.6,301.95,1.62,62.38,64.34,4.55,0.64,4.94,67.13,253.25,8.66,4.11,64.9,69.31
P041,Good,1238.15,759.81,12.86,66.59,70.99,1.61,1.13,2.21,73.56,272.87,4.27,9.61,70.31,63.56
P041,Good,562.4,625.81,16.16,92.16,93.1,3.23,1.25,5.42,60.05,388.95,4.52,1.23,72.65,81.39
P041,Good,723.15,377.08,33.82,79.93,82.49,4.2,0.74,8.41,91.06,457.59,3.27,9.52,60.17,92.13
P041,Good,1159.58,571.32,8.46,76.87,36.68,2.4,1.62,8.46,69.28,216.77,2.91,3.73,68.13,70.09
P041,Good,315.64,593.62,1.81,56.81,89.93,2.27,1.68,2.91,78.36,356.83,2.73,7.52,71.24,63.36
P041,Good,285.33,100.15,12.47,61.85,30.99,3.61,0.83,8.12,54.38,322.46,8.02,2.31,79.49,76.13
P041,Good,1226.72,409.11,2.81,66.11,56.51,2.31,1.1,6.24,78.05,406.53,7.05,8.76,67.37,73.33
P041,Good,602.58,351.52,26.28,65.95,31.75,4.36,0.95,3.7,74.11,288.09,1.18,3.54,62.86,58.08
P041,Good,1119.25,505.64,24.6,60.91,76.35,0.87,1.7,1.77,68.2,217.62,4.34,2.48,81.13,64.8
P041,Good,542.33,432.16,28.33,99.54,8.66,1.41,1.13,2.43,61.79,373.64,8.89,4.28,89.76,81.42
P041,Good,429.85,399.11,8.09,88.16,25.52,2.07,0.32,2.73,49.07,315.23,1.33,3.4,81.33,64.81
P041,Good,717.9,319.67,35.23,94.12,84.71,4.87,1.64,9.71,90.71,354.82,4.31,6.21,55.2,62.48
P041,Good,692.95,221.34,6.59,60.92,6.67,1.28,0.66,3.99,90.48,270.95,5.03,4.12,59.97,52.71
P041,Good,472.92,189.51,36.16,71.52,21.4,0.54,1.14,8.7,79.38,243.65,3.44,4.13,93.61,54.7
P041,Good,857.71,429.89,35.55,91.18,70.11,1.25,0.08,1.54,82.78,476.34,1.92,3.71,69.27,55.82
P041,Good,765.74,646.08,17.6,82.72,70.95,4.49,0.35,5.33,89.68,212.02,2.03,7.17,97.37,92.4
P041,Good,810.41,649.64,4.21,90.32,35.88,0.02,0.99,1.84,55.56,414.81,1.47,3.96,50.54,91.76
P041,Good,435.66,369.5,16.05,96.66,38.24,0.6,0.82,2.91,79.38,279.18,9.37,3.61,70.59,72.56
P041,Good,921.89,100.61,22.97,70.58,34.55,0.15,1.53,6.42,72.33,435.56,5.08,5.78,89.76,71.61
P041,Good,576.26,544.12,24.99,83.17,91.83,1.99,0.47,6.6,92.04,284.57,2.23,5.53,46.24,93.5
P041,Good,1375.42,615.39,2.95,58.45,58.25,2.1,1.07,6.72,83.49,195.34,8.6,7.57,74.32,71.91
P041,Good,1050.52,114.6,29.78,62.88,47.98,1.92,0.85,4.42,55.07,321.27,3.91,7.15,64.77,87.95
P041,Good,593.16,324.21,32.28,61.63,54.3,2.37,0.38,6.4,82.75,403.6,3.07,4.59,92.49,90.21
P041,Good,1003.12,283.95,16.71,83.14,23.98,3.17,1.22,3.87,64.56,342.73,2.88,7.07,70.93,54.29
P041,Good,535.37,269.69,25.31,67.62,18.48,3.87,1.64,5.97,49.99,319.22,8.77,8.2,76.67,76.95
P041,Good,608.92,441.92,29.34,74.44,17.15,0.38,0.34,2.48,92.75,365.5,6.71,7.4,88.62,74.61
P041,Good,307.96,700.83,7.26,89.87,50.33,1.0,1.89,3.42,64.35,193.73,6.52,1.7,53.64,65.19
P041,Good,712.84,225.75,10.89,94.43,65.96,3.92,1.89,2.19,75.89,336.38,2.7,6.46,74.79,88.58
P041,Good,1094.02,657.53,15.15,60.23,53.86,1.48,0.18,1.21,58.41,230.09,9.2,3.5,53.1,56.53
P041,Good,1092.05,222.11,39.08,89.64,51.64,1.5,1.33,3.05,48.82,266.08,5.08,2.14,47.76,49.23
P041,Good,1322.78,352.87,8.31,75.13,51.37,1.88,1.78,2.51,90.09,217.42,5.34,7.94,78.83,50.39
P041,Good,646.43,762.2,25.05,72.52,47.31,4.04,1.8,8.66,68.09,284.17,6.83,6.64,73.54,81.42
P041,Good,995.7,191.21,2.68,74.65,27.29,0.92,1.58,3.65,71.06,251.67,8.96,4.37,59.87,83.75
P041,Good,923.93,450.11,24.1,59.17,80.36,4.41,1.11,3.62,58.14,206.67,8.31,6.6,87.55,90.89
P041,Good,834.81,409.34,23.87,85.04,71.5,3.34,0.2,2.38,49.02,302.48,3.32,7.77,67.97,69.15
P041,Good,851.55,368.29,35.7,90.36,18.04,2.33,1.37,5.94,58.9,451.64,8.19,5.35,93.06,77.18
P041,Good,431.27,337.12,31.77,95.31,53.87,2.61,1.86,5.41,54.68,324.77,9.81,0.97,53.81,62.23
P041,Good,942.11,404.65,22.51,88.47,24.18,3.65,0.36,6.82,58.9,220.2,9.04,1.72,62.97,50.07
P041,Good,1397.02,255.68,2.96,84.29,58.58,1.51,0.52,2.54,54.37,302.38,7.84,6.35,75.54,56.59
P041,Good,768.56,135.05,7.64,80.89,75.95,4.65,1.63,3.66,56.26,302.18,1.7,9.13,54.64,85.04
P041,Good,1082.06,709.99,26.1,81.41,19.7,2.97,1.2,5.64,76.9,344.42,2.77,4.95,79.47,71.95
P041,Good,1364.59,493.86,6.2,75.98,69.03,1.02,0.96,1.21,76.07,285.01,3.75,6.79,70.76,75.68
P041,Good,1236.47,489.19,8.9,88.23,65.7,3.91,1.6,6.74,95.05,407.32,4.62,3.45,60.66,82.61
P041,Good,1049.57,103.58,36.55,80.69,36.26,2.31,0.03,7.75,58.97,302.49,2.5,1.09,57.83,80.74
P041,Good,965.41,640.58,6.14,71.84,22.7,3.54,1.86,9.18,83.66,461.26,1.74,5.65,65.6,94.63
P041,Good,985.98,697.23,13.26,58.74,65.92,1.16,1.28,1.08,72.92,298.36,4.88,9.06,84.58,57.32
P041,Good,1254.17,562.99,37.62,82.64,66.72,2.57,1.03,2.21,78.51,235.6,5.14,6.05,83.69,48.13
P041,Good,1414.97,190.02,15.31,88.91,22.09,2.61,1.08,4.56,89.56,436.56,1.74,5.72,74.44,91.19
P041,Good,1297.28,586.22,19.44,84.93,39.55,2.46,0.59,1.28,66.43,222.57,4.35,8.46,69.78,80.77
P041,Good,1084.79,340.13,19.37,67.47,24.08,2.43,0.78,5.27,95.47,436.47,6.56,8.28,90.65,93.74
P041,Good,1291.81,706.13,13.4,66.26,15.52,3.74,0.78,1.23,88.4,224.39,6.94,2.22,75.39,55.19
P041,Good,1370.22,571.11,10.97,76.61,70.86,3.46,0.29,4.66,55.44,420.3,2.05,6.8,63.13,49.3
P041,Good,543.95,293.9,19.2,62.18,94.88,1.26,1.34,5.78,89.1,394.98,6.77,9.38,71.78,47.31
P041,Good,927.22,416.19,36.88,67.62,35.52,1.65,1.13,7.5,65.84,305.86,7.72,2.73,98.2,69.0
P041,Good,429.05,272.52,2.85,89.78,7.15,3.77,1.73,8.73,80.36,394.95,3.99,2.35,79.71,68.04
P041,Good,1011.88,574.99,11.58,80.95,49.21,0.95,0.26,2.43,89.01,462.73,7.22,7.18,75.7,75.04
P041,Good,690.05,683.31,15.04,97.72,62.06,1.77,0.09,3.57,48.36,337.43,4.47,4.33,64.48,87.77
P041,Good,1234.74,157.7,33.56,86.78,31.91,3.05,1.26,8.85,48.01,231.96,6.75,2.08,54.4,61.08
P041,Good,343.83,369.65,25.09,57.29,5.05,3.69,1.79,5.88,53.62,412.62,6.67,9.01,50.39,74.62
P041,Good,874.19,715.5,9.8,67.24,76.5,1.5,0.55,1.31,93.46,321.1,6.19,6.48,78.64,81.48
P041,Good,579.01,506.8,36.34,68.84,74.25,2.8,1.33,2.22,88.77,304.3,8.29,7.92,57.45,80.6
P041,Good,990.1,641.34,8.74,68.21,70.78,2.02,0.87,1.98,82.61,307.63,4.55,4.96,89.65,57.6
P041,Good,596.23,486.16,2.11,63.51,6.33,0.03,1.2,9.18,75.21,399.66,9.37,2.09,73.32,73.06
P041,Good,792.14,216.69,2.34,70.39,55.61,2.31,0.82,9.42,67.11,261.57,8.81,7.64,52.93,68.23
P041,Good,1173.91,449.79,25.79,87.33,38.24,1.99,0.39,6.91,95.11,453.75,4.47,4.8,79.24,86.43
P041,Good,695.68,387.15,37.17,77.54,44.46,2.08,1.81,7.56,88.66,216.51,5.09,5.67,90.04,49.6
P041,Good,560.39,474.26,13.71,66.57,8.07,1.93,0.91,8.81,77.05,279.99,1.53,3.94,82.28,85.04
P041,Good,1404.6,446.15,34.57,63.67,47.98,0.32,0.29,5.0,60.05,221.37,8.93,1.17,53.91,90.72
P041,Good,1440.38,573.96,27.54,90.76,22.34,2.57,0.51,6.59,74.76,457.12,8.65,2.84,70.82,83.62
P041,Good,333.64,737.51,31.26,70.21,35.12,3.78,1.44,6.63,55.29,199.02,8.65,8.56,74.27,58.13
P041,Good,635.97,339.82,17.19,63.74,59.7,4.58,0.8,8.35,67.33,274.67,7.73,4.17,72.53,75.48
P041,Good,1329.47,307.24,9.79,63.17,84.97,3.29,0.69,9.18,57.34,317.35,7.42,7.47,81.32,69.16
P041,Good,1064.74,574.78,16.7,84.85,7.23,2.38,1.29,3.39,77.98,288.62,2.09,3.9,69.95,76.18
P042,Very Good,1510.21,821.91,27.56,89.11,88.13,3.65,0.85,7.47,56.19,393.01,9.33,9.35,87.03,91.52
P042,Very Good,756.85,766.64,23.43,89.48,88.74,2.59,0.62,1.97,88.48,222.8,5.34,2.0,83.96,67.08
P042,Very Good,878.15,865.77,6.72,70.59,48.3,2.02,1.55,6.54,74.72,510.12,4.97,9.69,103.75,90.22
P042,Very Good,802.42,316.6,23.15,84.98,51.1,1.06,0.66,3.92,84.49,464.73,1.14,8.37,67.59,64.16
P042,Very Good,546.04,716.01,18.88,94.47,45.9,4.07,1.23,10.37,75.39,261.97,8.82,6.63,63.53,91.33
P042,Very Good,1499.38,710.74,19.52,77.81,45.15,1.27,1.46,2.67,60.07,461.22,2.99,2.37,97.82,99.31
P042,Very Good,1244.76,439.16,27.91,105.79,55.03,0.3,1.01,7.86,93.63,462.04,3.13,6.97,52.99,89.44
P042,Very Good,831.17,432.07,4.87,74.2,98.7,3.37,1.85,8.39,82.45,518.06,7.36,7.73,61.39,94.07
P042,Very Good,1271.21,774.28,34.8,102.5,50.38,2.16,0.4,7.28,62.02,478.38,8.59,5.37,62.74,78.15
P042,Very Good,1300.0,348.05,37.35,103.4,69.43,1.94,1.3,6.61,78.53,466.5,5.41,7.68,103.22,74.47
P042,Very Good,519.93,468.43,2.83,63.55,58.96,2.73,0.66,9.89,97.5,387.98,5.3,2.93,83.24,97.0
P042,Very Good,762.44,495.14,14.12,68.01,31.12,1.51,0.41,5.68,100.59,314.75,5.23,6.49,77.48,88.61
P042,Very Good,919.61,267.5,20.74,85.66,96.74,3.51,0.74,1.86,75.79,310.46,7.7,7.76,86.62,91.06
P042,Very Good,1228.22,315.71,6.69,91.34,55.2,3.18,0.85,1.84,100.31,357.89,1.75,2.54,102.84,102.65
P042,Very Good,1377.81,714.95,17.17,83.8,96.05,3.83,0.19,6.18,102.45,506.53,9.97,5.41,94.42,53.31
P042,Very Good,832.84,304.84,17.42,95.62,96.88,3.07,0.6,9.92,65.67,305.74,9.14,3.65,83.1,60.67
P042,Very Good,950.55,207.67,6.76,66.25,42.77,2.61,1.48,8.39,59.66,384.91,8.78,7.03,70.12,63.74
P042,Very Good,564.94,748.02,1.63,71.99,7.62,1.56,1.66,10.74,76.2,402.64,4.56,4.82,91.29,73.47
P042,Very Good,1247.41,418.46,32.42,86.61,87.7,0.9,0.09,1.47,50.1,424.0,7.21,7.71,81.31,57.79
P042,Very Good,714.95,742.41,13.42,104.51,88.66,0.91,0.64,1.84,66.05,374.87,6.18,10.68,65.11,78.26
P042,Very Good,1222.82,760.63,6.15,72.61,65.47,1.77,1.51,4.88,95.11,407.15,9.09,4.31,65.96,102.4
P042,Very Good,415.51,126.27,24.62,69.03,70.37,1.25,1.77,5.08,80.78,516.8,6.21,8.79,69.61,102.17
P042,Very Good,596.75,527.86,26.59,72.91,11.58,0.2,0.09,7.42,52.88,345.85,1.98,2.87,97.58,73.18
P042,Very Good,1170.36,706.53,18.85,103.09,27.25,0.82,1.42,3.15,68.59,456.71,6.23,8.74,51.12,90.95
P042,Very Good,657.9,668.82,3.17,83.25,100.68,3.53,1.33,3.46,58.66,403.3,6.19,2.83,86.7,67.26
P042,Very Good,776.65,226.29,37.92,82.75,57.74,4.35,0.42,8.97,91.0,436.83,4.28,3.33,89.74,100.09
P042,Very Good,1062.92,269.42,10.31,78.67,81.92,1.7,1.7,8.02,90.07,235.76,6.39,5.66,101.57,62.8
P042,Very Good,885.99,867.12,17.94,89.35,0.55,0.51,0.09,1.32,74.22,231.67,1.6,5.56,57.78,104.83
P042,Very Good,568.6,568.25,14.98,91.42,96.04,4.35,0.04,1.64,56.97,261.91,10.76,2.85,92.36,70.78
P042,Very Good,480.63,745.9,22.86,99.12,48.27,0.96,1.46,2.29,56.22,248.51,8.82,1.19,57.51,96.15
P042,Very Good,545.56,809.94,1.6,93.07,16.15,3.92,0.59,2.18,60.8,368.84,1.87,3.84,89.16,81.96
P042,Very Good,770.29,814.31,16.49,74.81,17.24,3.57,0.46,7.26,59.27,413.66,2.16,5.31,77.31,108.02
P042,Very Good,355.01,822.78,2.13,85.02,74.71,1.48,1.12,4.24,78.07,404.04,3.14,3.66,78.03,83.71
P042,Very Good,1226.4,168.89,33.89,96.96,8.08,3.88,1.26,7.62,53.41,286.39,6.17,7.64,83.95,92.09
P042,Very Good,764.03,721.22,34.77,66.44,29.43,0.09,0.03,7.39,85.89,261.98,9.85,8.59,72.68,93.25
P042,Very Good,987.27,764.75,30.89,101.21,74.17,0.7,0.86,2.97,64.79,298.93,10.49,9.19,54.45,101.19
P042,Very Good,1137.79,481.78,33.0,66.26,83.75,1.69,1.88,10.06,81.65,508.6,6.43,5.48,80.88,73.65
P042,Very Good,1433.41,286.44,3.99,72.29,30.77,1.41,0.18,7.5,96.26,416.34,8.43,3.74,105.86,92.95
P042,Very Good,1478.85,225.79,21.13,92.04,10.83,3.56,1.44,5.25,86.78,354.35,7.41,5.39,78.25,77.98
P042,Very Good,1592.09,161.16,38.97,100.75,38.6,3.19,1.65,9.97,94.72,493.6,3.66,1.73,80.5,81.05
P042,Very Good,1231.15,800.2,39.95,96.35,84.01,1.95,0.63,8.25,61.35,427.21,1.82,9.24,93.56,95.66
P042,Very Good,763.1,235.71,27.37,62.07,15.46,5.1,1.6,4.24,92.42,307.49,4.99,8.56,56.46,95.03
P042,Very Good,1146.78,649.87,40.31,82.3,65.76,0.31,1.12,8.76,58.4,447.93,4.0,6.92,66.26,69.93
P042,Very Good,1243.06,663.01,33.42,93.6,64.29,4.7,0.76,3.03,97.6,487.7,9.1,5.22,89.12,53.39
P042,Very Good,910.65,677.83,25.26,68.35,74.55,1.26,1.45,10.06,63.33,363.78,7.99,1.25,52.31,57.71
P042,Very Good,1209.62,257.09,7.46,87.38,45.24,3.41,0.84,2.21,52.67,331.35,8.4,4.24,87.56,96.21
P042,Very Good,1002.3,300.89,6.94,71.45,28.45,4.48,0.46,9.95,98.6,469.57,5.19,10.24,60.25,101.46
P042,Very Good,1264.71,403.48,35.33,80.18,67.33,1.41,0.31,3.26,92.86,448.9,6.0,8.49,83.41,88.23
P042,Very Good,791.93,180.72,37.1,80.54,79.53,0.64,0.69,9.06,81.03,354.43,6.19,7.17,68.8,70.09
P042,Very Good,1266.16,589.39,31.09,96.63,92.16,1.08,1.15,6.72,61.28,522.03,8.59,9.32,61.25,74.41
P042,Very Good,1102.02,388.44,13.42,67.94,88.35,0.21,1.34,5.28,89.17,514.3,8.52,3.1,107.46,86.76
P042,Very Good,789.29,469.74,39.94,61.8,21.83,4.0,0.38,7.51,85.8,245.63,3.76,7.86,83.83,85.86
P042,Very Good,897.62,392.83,10.8,93.71,58.01,1.11,0.38,7.41,57.52,450.37,10.84,2.3,83.3,99.95
P042,Very Good,1294.55,345.76,34.1,87.21,60.91,0.85,0.93,7.77,62.01,286.6,8.53,7.1,67.82,63.43
P042,Very Good,1092.02,492.01,1.59,85.3,65.26,0.11,1.38,4.63,53.12,401.57,6.13,7.27,75.67,64.04
P042,Very Good,569.45,372.38,21.11,69.78,60.24,0.33,1.36,4.92,81.74,386.14,6.32,1.55,83.09,83.73
P042,Very Good,1251.69,592.07,7.8,77.64,102.97,4.72,1.35,1.45,67.81,448.24,1.33,10.41,101.57,96.09
P042,Very Good,901.11,685.09,8.54,79.15,73.78,2.96,0.09,8.05,75.56,499.39,5.17,6.6,80.83,52.96
P042,Very Good,1566.92,339.81,29.23,72.2,89.43,3.99,0.65,6.8,78.04,362.0,1.78,5.37,84.01,64.94
P042,Very Good,599.27,523.31,34.68,96.45,65.51,3.74,1.8,5.85,77.24,208.33,1.56,5.28,67.03,93.04
P042,Very Good,1317.99,116.71,14.52,71.76,86.36,1.16,0.41,6.34,85.18,224.14,9.55,3.11,61.81,95.28
P042,Very Good,1176.02,307.26,36.26,81.87,84.83,4.76,0.23,10.1,100.74,332.63,4.01,3.8,78.31,54.69
P042,Very Good,936.35,733.21,30.92,106.38,88.63,3.56,0.41,1.23,65.41,262.3,2.42,5.91,105.61,74.74
P042,Very Good,1390.67,614.73,36.5,72.87,89.42,5.05,0.16,6.14,80.69,476.7,1.93,1.86,78.48,63.23
P042,Very Good,314.87,712.97,39.01,77.68,72.07,4.49,2.02,10.41,65.19,318.19,5.88,8.25,95.25,93.44
P042,Very Good,912.29,148.86,20.46,93.5,96.52,4.39,0.44,6.78,103.46,469.12,9.19,7.92,54.92,89.31
P042,Very Good,1129.24,691.76,14.45,66.74,34.79,3.78,1.87,7.38,92.7,278.6,6.66,6.57,80.04,71.08
P042,Very Good,608.52,545.6,24.06,93.32,53.92,2.14,0.99,1.6,64.43,276.22,3.82,6.38,71.73,77.23
P042,Very Good,1276.78,393.76,8.93,91.02,70.66,1.23,0.14,2.14,54.98,287.66,1.42,9.25,58.57,62.13
P042,Very Good,1206.24,514.53,29.8,79.58,15.68,0.79,0.33,5.42,83.85,359.37,1.58,9.38,103.72,77.78
P042,Very Good,1243.81,573.62,21.41,83.27,58.84,0.82,1.37,1.59,64.99,408.38,6.2,8.34,54.84,67.22
P042,Very Good,1303.29,461.23,37.95,76.49,46.52,3.56,0.52,6.76,94.42,439.7,6.77,7.49,78.8,84.03
P042,Very Good,892.66,801.75,23.57,66.06,74.11,3.25,2.0,6.31,59.95,390.82,2.52,1.13,84.0,94.08
P042,Very Good,584.34,750.78,18.39,96.97,73.3,3.08,1.78,5.75,63.99,257.06,3.4,3.79,84.24,82.32
P042,Very Good,372.55,812.43,12.21,91.65,37.98,1.0,1.83,4.49,55.97,272.5,10.46,2.96,85.32,55.79
P042,Very Good,639.47,552.37,5.32,95.48,56.7,0.3,1.13,7.14,69.07,412.8,2.82,4.77,82.86,87.32
P042,Very Good,335.66,376.83,42.49,79.68,70.29,4.6,0.29,3.89,54.42,457.89,4.73,9.58,79.28,68.63
P042,Very Good,1495.07,385.28,38.7,88.62,50.68,1.66,1.07,3.77,57.98,459.87,8.78,2.2,84.62,73.25
P042,Very Good,371.99,564.6,16.78,69.86,74.75,0.12,1.6,6.66,57.04,405.04,8.59,9.73,96.02,88.66
P042,Very Good,319.62,183.01,9.01,64.31,72.54,4.8,1.76,10.15,93.35,464.61,9.39,8.63,57.62,65.05
P042,Very Good,1485.88,163.49,35.51,64.96,14.24,3.26,0.74,1.96,94.6,392.39,9.77,2.52,55.82,74.29
P042,Very Good,486.13,142.37,5.09,79.53,85.43,1.47,1.14,5.91,51.33,220.31,5.66,2.18,58.14,78.27
P042,Very Good,364.06,352.42,42.68,96.97,20.19,2.21,0.07,4.72,64.7,481.37,5.96,8.76,92.13,53.19
P042,Very Good,1363.35,133.98,26.11,97.3,99.99,3.03,0.55,6.37,90.61,500.99,9.58,4.9,67.78,109.04
P042,Very Good,1482.03,568.41,36.79,65.11,93.91,0.24,1.59,8.12,65.69,360.19,4.33,6.57,58.15,101.57
P042,Very Good,689.47,150.13,33.46,101.48,47.81,0.39,1.9,2.79,92.49,458.82,1.08,5.93,64.29,92.03
P042,Very Good,693.49,123.59,27.85,81.01,7.37,0.79,1.68,7.65,91.86,410.17,1.84,3.68,94.76,74.19
P042,Very Good,1440.35,648.46,18.02,73.68,84.45,1.16,1.37,5.28,59.3,268.32,8.7,9.87,105.48,105.1
P042,Very Good,428.77,752.53,7.44,98.58,17.18,1.2,1.22,9.4,80.32,302.54,2.65,8.92,63.93,64.31
P042,Very Good,1188.5,745.73,11.81,91.68,42.29,2.9,1.37,7.03,107.46,208.74,5.15,9.87,98.83,101.28
P042,Very Good,869.87,832.06,8.93,99.88,6.03,2.55,1.24,4.86,76.03,405.26,8.04,7.54,76.16,86.87
P042,Very Good,1256.54,170.23,10.32,69.99,21.07,4.21,0.21,9.47,83.22,368.17,9.21,5.52,70.44,98.68
P042,Very Good,1312.56,144.69,15.86,82.13,82.87,2.71,1.16,2.49,93.95,339.44,5.88,4.77,54.58,92.84
P042,Very Good,1527.76,366.42,2.86,86.95,95.73,1.45,0.88,10.11,91.41,455.39,8.08,4.28,85.18,86.16
P042,Very Good,1373.14,183.89,30.97,75.43,72.13,3.24,1.85,3.54,66.32,267.5,4.92,8.04,89.5,69.17
P042,Very Good,813.79,226.46,5.18,70.41,79.44,3.53,0.73,5.02,60.97,252.61,8.76,2.05,70.23,59.89
P042,Very Good,618.37,286.48,30.06,87.23,34.69,1.2,2.0,4.82,71.29,417.14,7.9,8.93,82.43,78.08
P042,Very Good,1353.98,357.97,32.17,93.84,85.89,2.17,1.23,10.12,63.61,348.24,2.67,3.52,76.82,80.05
P042,Very Good,705.88,663.95,10.12,97.23,3.42,3.08,1.85,8.84,95.47,286.34,5.93,4.13,70.59,81.91
P042,Very Good,933.48,118.76,1.08,74.13,57.77,0.8,1.32,1.83,59.05,331.47,10.56,1.51,94.79,92.19
P043,Excellent,961.0,338.33,46.05,105.36,83.26,3.63,0.26,1.29,85.64,389.32,2.26,10.53,86.04,64.02
P043,Excellent,1019.51,546.25,24.9,96.44,111.45,2.11,1.73,5.78,94.02,395.54,10.42,10.79,81.0,96.42
P043,Excellent,1585.92,697.63,33.32,105.31,119.16,4.93,0.52,7.08,98.04,568.82,11.93,3.36,97.5,82.93
P043,Excellent,1323.03,717.51,19.95,81.58,58.26,2.4,0.77,3.66,64.39,540.7,11.32,4.91,64.16,88.27
P043,Excellent,1084.24,393.49,15.15,107.02,6.97,4.7,0.4,4.92,109.07,413.02,4.53,4.58,76.54,109.67
P043,Excellent,1142.75,703.71,9.42,82.78,56.98,0.79,1.86,7.97,75.5,348.21,1.41,7.54,92.73,94.98
P043,Excellent,1597.16,592.04,33.09,116.19,116.52,2.24,1.71,8.45,79.2,405.77,2.07,3.74,107.67,95.24
P043,Excellent,1258.81,453.03,18.51,84.13,96.43,4.79,0.05,3.49,108.03,242.94,2.01,7.18,86.25,66.29
P043,Excellent,1131.9,265.98,37.4,108.32,71.49,2.61,0.33,1.24,86.35,550.88,7.83,2.56,95.4,108.11
P043,Excellent,700.59,852.3,1.9,100.96,73.2,1.34,0.68,6.15,91.82,551.73,3.72,5.52,117.35,103.26
P043,Excellent,437.32,665.43,22.72,99.12,87.25,4.45,0.34,1.7,111.0,319.92,10.12,5.08,107.6,82.21
P043,Excellent,1052.16,559.62,18.78,101.11,118.69,0.41,0.6,7.3,117.82,521.59,5.38,4.83,87.5,82.39
P043,Excellent,1585.12,137.49,35.81,83.83,47.64,3.44,0.07,7.04,58.97,469.75,4.14,4.2,64.25,115.5
P043,Excellent,1207.4,541.49,7.72,75.55,86.02,3.59,0.79,9.49,85.76,376.65,3.03,4.21,114.18,92.05
P043,Excellent,1769.46,750.64,13.2,106.51,105.32,4.77,2.15,8.89,105.87,562.23,11.04,10.62,89.81,84.79
P043,Excellent,947.14,904.18,18.12,109.66,29.79,4.91,1.33,4.63,63.86,332.89,11.55,10.12,68.26,83.45
P043,Excellent,1216.74,785.56,26.83,109.68,91.97,3.15,1.45,5.75,75.79,325.38,6.21,10.82,115.65,96.37
P043,Excellent,1310.58,503.12,16.5,117.19,75.17,4.39,0.1,5.67,64.14,408.48,9.54,2.71,115.92,72.47
P043,Excellent,798.76,426.58,35.2,107.15,97.67,4.37,0.03,8.9,56.13,348.08,3.02,1.2,87.91,95.01
P043,Excellent,419.13,683.16,20.29,107.19,34.41,0.75,2.36,8.36,97.04,421.81,10.46,6.93,68.96,91.65
P043,Excellent,1396.97,334.12,6.24,107.99,14.93,1.26,0.67,10.97,75.74,405.61,4.83,8.66,94.27,76.26
P043,Excellent,370.42,857.5,27.0,74.32,72.79,4.73,0.92,5.31,103.09,420.19,7.84,1.84,75.96,67.28
P043,Excellent,1530.83,169.87,34.54,126.43,114.14,5.48,2.11,2.46,77.41,508.59,1.99,8.43,93.99,101.23
P043,Excellent,766.0,254.85,10.41,100.26,103.52,2.71,1.04,3.74,99.02,610.77,1.79,4.84,114.69,79.52
P043,Excellent,1234.58,371.06,4.26,98.97,25.17,2.03,0.62,9.53,74.71,288.15,6.92,11.34,117.62,126.14
P043,Excellent,1198.61,879.48,24.23,102.63,13.86,6.39,1.5,10.2,66.92,334.99,5.31,5.06,84.31,74.83
P043,Excellent,512.57,493.47,21.02,104.63,15.21,1.87,1.55,2.79,92.03,483.22,8.91,12.49,96.51,105.63
P043,Excellent,569.73,815.96,6.47,109.94,67.31,0.78,0.52,2.09,76.7,549.5,2.96,4.09,64.05,57.98
P043,Excellent,1787.25,287.99,6.78,101.22,62.43,3.79,2.51,11.74,75.09,437.66,6.65,4.01,85.7,62.11
P043,Excellent,1096.45,378.28,45.6,94.84,29.37,3.4,0.42,6.5,67.55,336.95,2.6,6.56,80.05,71.86
P043,Excellent,1401.28,890.9,5.13,110.2,62.9,0.6,1.54,5.07,92.69,539.04,10.01,11.69,62.99,83.99
P043,Excellent,1168.1,557.25,44.72,106.42,33.93,3.67,1.69,7.48,94.64,270.86,9.28,3.57,89.37,66.68
P043,Excellent,565.53,854.64,15.3,91.3,59.9,1.54,0.75,1.9,103.52,494.61,7.74,2.78,68.26,82.72
P043,Excellent,1452.47,763.86,20.91,101.82,12.2,4.42,1.89,11.27,56.02,273.84,2.47,9.62,97.64,108.94
P043,Excellent,1769.03,732.29,36.24,69.6,33.3,4.94,0.34,2.68,118.9,501.76,8.82,1.49,106.35,107.85
P043,Excellent,832.29,788.44,32.51,105.54,86.66,4.09,0.05,9.59,107.17,450.87,3.14,2.84,88.89,96.89
P043,Excellent,435.54,184.87,41.47,94.99,74.68,3.65,2.01,4.33,68.76,455.19,1.74,6.78,87.17,69.16
P043,Excellent,1328.04,871.95,18.55,101.98,101.77,3.3,1.33,10.93,112.29,545.02,3.85,2.45,59.4,93.34
P043,Excellent,466.26,163.95,35.72,95.1,18.82,0.06,0.93,10.93,72.61,575.17,8.32,1.51,88.64,90.91
P043,Excellent,1043.77,766.84,25.08,111.41,111.36,3.26,0.99,3.06,85.35,331.71,6.55,10.69,111.78,63.99
P043,Excellent,478.82,477.66,19.98,77.75,105.24,4.48,1.29,8.79,70.27,488.2,8.69,10.33,99.72,65.33
P043,Excellent,1478.41,276.15,25.19,79.5,21.36,3.45,1.23,10.28,104.19,472.09,3.4,6.24,83.02,78.63
P043,Excellent,1448.75,667.26,38.47,78.55,30.23,5.71,0.71,5.63,96.72,259.01,10.01,4.85,90.57,78.98
P043,Excellent,1746.82,209.04,5.39,88.82,67.47,0.36,2.14,2.2,62.9,608.22,10.8,3.37,60.78,100.99
P043,Excellent,1429.93,512.77,13.24,105.6,65.01,4.77,2.25,10.09,66.72,291.78,10.07,7.7,87.96,112.59
P043,Excellent,1520.91,721.92,8.24,104.34,69.42,0.36,2.27,3.17,79.67,251.77,8.53,10.02,105.74,114.7
P043,Excellent,1067.99,452.78,1.31,106.13,47.43,2.15,2.07,2.61,75.57,393.55,7.7,6.13,104.46,66.87
P043,Excellent,1245.86,138.27,10.35,85.75,98.17,3.4,2.05,8.29,100.0,292.96,8.15,10.33,92.84,89.96
P043,Excellent,402.68,767.6,23.34,86.86,6.31,2.07,1.6,6.16,95.9,381.42,9.45,6.23,59.12,115.48
P043,Excellent,501.86,654.71,35.4,75.65,40.6,5.34,1.18,5.16,108.85,396.23,10.72,10.69,90.44,89.51
P043,Excellent,665.63,705.56,35.94,102.03,35.1,1.26,1.84,2.4,63.5,324.83,2.92,2.75,91.3,79.05
P043,Excellent,1565.85,323.87,30.27,99.99,83.81,1.61,1.49,7.05,102.13,494.15,8.48,9.55,79.67,89.03
P043,Excellent,1428.39,492.79,3.69,87.52,14.44,3.45,0.9,6.68,99.69,557.94,5.98,12.19,83.6,92.45
P043,Excellent,688.03,879.15,34.09,85.47,38.59,0.61,2.18,1.63,64.48,400.79,12.12,2.81,67.61,85.37
P043,Excellent,1417.42,893.42,37.84,117.37,48.85,3.67,2.26,7.55,73.85,429.06,8.41,11.45,94.5,84.64
P043,Excellent,979.96,681.46,42.0,80.55,35.39,3.47,0.26,1.37,62.07,527.97,8.7,3.43,109.74,126.22
P043,Excellent,1593.3,454.15,17.39,108.1,89.06,1.1,1.5,7.34,72.4,528.35,10.74,6.36,61.25,84.43
P043,Excellent,800.49,681.4,45.22,111.29,96.58,3.58,0.31,3.85,113.78,505.33,8.57,10.9,96.77,92.13
P043,Excellent,1292.31,182.55,15.1,116.15,90.0,1.21,0.4,6.72,81.13,495.0,3.42,1.97,123.7,64.98
P043,Excellent,1601.26,773.28,6.52,80.16,52.19,0.75,0.27,8.82,105.83,356.54,9.62,7.5,116.22,63.27
P043,Excellent,648.78,611.9,4.89,121.18,73.84,4.45,0.33,1.9,83.69,298.21,4.06,8.09,87.87,124.76
P043,Excellent,1592.05,711.55,11.84,68.2,20.23,3.29,1.93,6.69,73.38,495.06,1.6,8.56,97.8,62.29
P043,Excellent,646.2,515.93,2.94,115.59,114.06,3.26,0.2,9.59,77.18,551.56,8.67,2.43,104.33,120.68
P043,Excellent,1136.6,873.4,44.31,81.45,87.49,0.79,2.35,1.73,68.51,316.12,10.64,5.83,75.24,105.17
P043,Excellent,1658.96,536.94,4.7,71.09,2.56,2.5,0.75,12.0,85.41,384.5,11.75,2.13,72.25,58.8
P043,Excellent,825.83,679.08,24.37,113.0,93.48,4.74,0.67,9.25,102.78,609.91,8.35,6.3,67.63,97.69
P043,Excellent,1105.29,687.22,20.74,103.84,44.97,2.24,1.29,1.47,96.82,279.22,7.5,9.54,76.43,91.35
P043,Excellent,1526.59,325.53,41.66,104.14,105.31,2.95,1.66,11.27,120.56,393.57,1.66,11.38,79.97,106.57
P043,Excellent,1629.99,745.9,35.51,94.74,22.54,1.0,1.94,9.51,123.66,529.6,4.27,8.24,62.24,64.91
P043,Excellent,571.82,590.92,19.02,88.57,39.41,4.2,1.5,7.4,99.22,519.15,2.54,5.77,70.14,60.31
P043,Excellent,1359.73,312.06,21.47,88.33,84.71,3.31,0.52,3.25,106.44,387.51,1.4,7.37,114.8,84.56
P043,Excellent,582.31,309.42,47.64,87.96,95.67,2.48,1.41,2.1,103.4,468.65,9.07,12.64,63.63,70.24
P043,Excellent,980.29,726.06,8.33,109.49,25.86,5.05,0.54,9.93,60.15,269.15,10.79,6.11,85.64,79.09
P043,Excellent,1280.34,625.58,26.66,109.38,92.45,2.44,2.21,11.8,83.38,450.89,6.41,8.92,120.88,62.76
P043,Excellent,1349.01,219.31,46.29,85.7,68.69,3.87,2.34,5.14,111.53,305.71,9.71,8.89,61.27,93.19
P043,Excellent,1492.87,151.29,20.22,97.83,12.23,5.84,1.99,3.45,104.52,632.35,2.94,3.11,80.17,117.12
P043,Excellent,1372.78,835.91,18.64,80.8,24.82,3.15,0.83,11.25,76.45,340.17,7.11,8.78,86.84,79.89
P043,Excellent,1580.46,437.02,39.29,105.43,38.36,0.53,2.47,9.02,65.9,571.26,8.71,8.01,125.51,76.49
P043,Excellent,1016.32,494.11,26.55,71.97,60.35,3.74,0.23,5.6,126.02,313.78,6.8,5.87,76.22,89.7
P043,Excellent,804.97,673.59,16.64,105.07,59.89,2.94,0.23,6.23,80.16,370.43,6.51,9.44,72.89,115.83
P043,Excellent,601.2,222.87,4.16,109.98,11.72,3.42,0.8,11.6,91.98,369.44,5.76,10.29,122.28,105.36
P043,Excellent,1118.54,265.9,3.05,104.86,60.14,3.06,2.09,1.55,66.28,226.94,7.01,11.77,72.15,101.66
P043,Excellent,1036.22,882.26,10.8,90.63,81.29,5.21,0.31,4.17,94.76,440.41,4.96,3.62,80.28,74.79
P043,Excellent,1248.59,151.28,42.04,115.31,110.3,0.43,0.47,4.66,59.9,474.12,1.18,7.37,59.1,107.53
P043,Excellent,1120.3,556.26,38.52,84.74,21.36,2.15,0.18,10.96,121.32,313.77,3.53,7.97,111.37,69.82
P043,Excellent,1302.6,548.96,14.18,99.8,13.84,5.33,1.95,2.1,116.83,399.74,3.12,9.08,104.1,71.14
P043,Excellent,900.54,358.41,34.56,76.28,67.88,2.92,2.02,5.06,88.46,282.76,1.85,3.16,110.98,106.22
P043,Excellent,565.73,205.65,8.79,89.13,26.0,0.1,0.41,7.33,75.18,333.39,9.63,6.65,118.27,90.09
P043,Excellent,1226.6,867.17,10.72,75.84,100.96,5.63,1.04,5.32,123.44,260.53,2.51,9.77,124.99,85.63
P043,Excellent,472.18,827.93,41.34,123.74,80.43,3.01,1.82,7.89,71.59,513.42,8.91,11.68,98.98,99.74
P043,Excellent,527.89,826.78,38.49,93.2,9.66,1.15,0.19,2.05,77.11,506.73,7.03,2.68,70.88,62.85
P043,Excellent,566.62,194.55,4.28,75.68,25.92,5.62,0.84,9.5,73.29,557.68,9.84,4.21,88.26,114.28
P043,Excellent,1526.69,521.72,14.69,111.51,67.92,3.17,1.4,10.37,78.75,412.84,4.64,3.46,103.54,117.04
P043,Excellent,1421.38,522.19,37.22,111.53,1.68,5.84,0.49,11.65,74.31,434.72,7.16,3.52,65.4,122.6
P043,Excellent,1075.5,889.62,6.23,88.93,100.01,0.49,1.4,2.27,111.13,337.27,4.89,8.97,65.47,105.84
P043,Excellent,792.04,598.77,16.35,70.9,74.51,0.85,2.06,5.08,95.04,354.27,9.0,9.24,103.24,67.18
P043,Excellent,1446.47,739.22,32.69,103.94,77.25,2.43,2.03,9.91,68.28,332.48,6.16,8.92,119.69,86.3
P043,Excellent,1575.07,343.82,21.48,100.23,25.7,2.63,0.63,7.09,81.48,355.12,5.41,7.39,99.78,90.4
P043,Excellent,874.22,766.76,46.47,95.0,50.8,4.4,1.26,2.53,61.79,289.93,10.92,4.31,76.78,87.4
P043,Excellent,485.42,346.52,27.93,117.36,25.5,5.2,0.68,8.53,78.85,370.52,7.41,4.73,59.29,66.29
P044,Unacceptable,445.94,441.52,20.03,50.71,4.47,1.0,0.52,2.92,52.82,258.83,4.59,1.4,35.47,47.08
P044,Unacceptable,273.75,160.75,8.08,39.46,48.63,0.03,0.86,1.85,44.33,194.78,1.42,5.65,34.69,43.85
P044,Unacceptable,718.42,472.5,3.09,46.81,19.95,2.73,0.4,0.77,40.89,212.52,2.73,1.11,60.87,36.09
P044,Unacceptable,350.41,181.06,20.04,39.7,43.39,1.67,0.52,3.53,48.9,265.43,3.18,6.61,41.06,41.49
P044,Unacceptable,750.88,339.02,24.19,38.23,16.28,2.51,1.2,2.55,41.37,207.12,0.56,1.72,55.55,37.6
P044,Unacceptable,948.91,235.28,12.7,40.51,12.96,0.1,1.3,5.05,33.89,222.5,3.78,5.9,27.7,30.89
P044,Unacceptable,336.72,201.61,9.45,38.49,24.36,0.32,0.27,3.68,31.65,300.96,1.92,1.67,30.6,42.66
P044,Unacceptable,690.73,384.82,2.57,42.75,1.54,2.2,0.31,4.23,42.32,343.8,2.17,0.65,34.56,41.18
P044,Unacceptable,512.18,78.55,1.01,48.86,23.13,1.9,1.1,2.25,52.79,128.11,5.35,4.61,50.89,34.78
P044,Unacceptable,898.18,164.51,5.43,30.38,6.27,2.92,0.31,5.23,39.32,215.37,1.07,3.91,35.94,46.63
P044,Unacceptable,793.93,371.26,3.33,57.98,12.17,0.52,0.06,2.69,39.17,250.2,4.64,4.71,58.51,28.31
P044,Unacceptable,388.82,345.94,12.03,55.36,60.55,2.68,0.01,0.75,42.73,218.17,5.06,3.29,36.7,26.82
P044,Unacceptable,237.17,102.18,11.82,34.78,59.45,1.17,0.42,3.25,50.19,185.67,4.42,3.96,45.15,45.71
P044,Unacceptable,276.92,359.94,10.5,45.2,22.99,2.31,0.76,1.54,63.59,219.52,4.2,3.93,47.36,49.58
P044,Unacceptable,317.51,239.5,7.3,53.0,16.36,0.39,0.39,1.74,43.55,103.59,2.1,6.91,36.55,31.03
P044,Unacceptable,567.89,174.2,4.67,50.09,68.36,2.96,0.05,1.13,37.23,176.15,3.72,3.3,53.39,33.81
P044,Unacceptable,476.79,361.66,21.16,48.04,24.46,2.21,0.1,3.93,49.14,218.32,3.99,3.37,67.17,45.52
P044,Unacceptable,886.34,106.49,10.11,55.14,15.29,2.89,0.96,2.82,51.21,323.29,2.99,2.82,40.25,36.76
P044,Unacceptable,737.83,85.13,21.63,59.11,45.7,1.67,0.26,5.17,41.33,203.41,3.56,3.47,54.91,35.28
P044,Unacceptable,859.2,492.19,16.62,50.76,4.82,2.82,0.5,4.43,52.97,175.63,2.3,5.02,54.71,55.3
P044,Unacceptable,203.13,416.64,9.69,53.87,29.37,1.52,0.66,2.79,51.72,214.79,5.24,3.16,44.48,35.46
P044,Unacceptable,541.15,164.58,16.84,59.12,38.82,1.47,0.44,2.13,54.14,176.73,4.07,2.92,48.5,33.4
P044,Unacceptable,244.62,322.43,13.18,61.89,19.79,0.53,0.61,5.33,50.63,195.76,2.86,0.83,39.84,53.18
P044,Unacceptable,688.46,128.84,2.69,46.14,7.67,0.44,0.24,4.4,51.77,232.21,4.65,4.34,48.02,36.92
P044,Unacceptable,647.75,420.11,15.87,43.82,15.7,2.51,0.66,1.43,40.08,133.42,5.52,5.58,38.74,55.71
P044,Unacceptable,811.76,242.52,1.02,47.87,15.77,0.93,1.18,3.73,52.82,141.6,6.76,0.79,49.98,62.17
P044,Unacceptable,700.29,456.77,21.22,59.29,15.27,0.01,0.42,4.82,46.16,156.78,2.33,4.51,55.84,40.44
P044,Unacceptable,566.14,333.28,13.07,60.28,42.3,2.05,0.83,4.39,32.2,279.5,4.74,3.03,35.16,26.94
P044,Unacceptable,592.84,463.35,16.12,55.15,15.54,1.65,0.08,4.71,56.0,281.8,2.18,2.18,56.96,54.47
P044,Unacceptable,463.15,503.36,15.75,46.97,40.83,0.87,0.08,4.92,48.61,155.43,0.78,2.09,32.97,34.98
P044,Unacceptable,750.3,256.34,12.11,41.14,66.97,2.21,0.66,1.62,41.91,186.2,2.18,5.78,44.46,44.87
P044,Unacceptable,986.52,377.61,9.72,54.25,17.88,2.2,0.16,4.29,55.63,128.14,5.12,3.8,48.07,43.97
P044,Unacceptable,562.46,399.39,10.12,46.08,44.83,2.59,0.92,4.85,44.79,333.03,4.16,4.66,60.56,55.35
P044,Unacceptable,676.38,425.54,19.79,44.38,1.52,0.63,0.74,5.12,55.95,165.97,3.72,0.61,27.42,41.68
P044,Unacceptable,533.95,386.19,16.85,39.3,45.82,0.69,0.14,3.2,49.85,127.11,3.12,6.31,40.19,46.2
P044,Unacceptable,767.69,85.39,5.7,48.22,29.83,0.78,0.98,2.94,33.08,315.63,6.65,2.42,41.16,62.3
P044,Unacceptable,938.16,407.42,20.18,45.79,39.35,1.41,0.93,1.59,46.03,175.44,2.36,2.01,60.68,32.56
P044,Unacceptable,646.55,332.28,4.74,64.22,1.15,2.16,0.51,2.8,52.58,328.19,4.35,5.27,40.14,38.38
P044,Unacceptable,526.33,207.77,9.81,43.74,27.75,1.09,0.87,4.56,43.73,320.54,1.27,3.6,36.9,41.67
P044,Unacceptable,328.41,339.23,9.51,56.2,24.5,0.31,0.82,1.05,42.23,305.68,4.85,1.6,32.89,47.1
P044,Unacceptable,454.3,467.99,14.48,60.95,37.73,2.71,0.03,1.47,45.84,259.95,1.03,3.26,59.21,38.94
P044,Unacceptable,313.79,327.69,10.5,43.66,49.08,1.2,1.14,1.2,30.29,235.91,5.1,4.17,40.08,38.86
P044,Unacceptable,840.28,242.86,10.23,44.31,21.79,0.76,0.05,3.84,43.59,258.58,4.16,1.02,48.7,49.27
P044,Unacceptable,445.96,506.43,21.67,54.85,24.89,1.77,0.61,5.73,43.46,151.36,2.33,1.97,55.65,36.15
P044,Unacceptable,387.19,311.45,5.27,63.44,50.34,0.45,0.13,1.54,30.15,298.28,1.78,6.41,46.27,51.42
P044,Unacceptable,693.53,294.3,26.52,53.56,43.71,2.82,0.26,4.87,66.03,224.83,0.57,0.68,36.66,32.82
P044,Unacceptable,388.3,347.44,20.78,52.2,17.92,1.62,0.85,5.37,50.3,246.5,2.88,2.11,33.82,40.65
P044,Unacceptable,698.73,481.53,18.54,49.95,39.22,2.35,0.93,5.19,46.04,124.15,0.62,5.49,34.82,44.31
P044,Unacceptable,559.87,308.97,6.92,53.7,31.91,0.52,0.62,2.64,45.42,248.48,1.81,1.65,39.98,42.73
P044,Unacceptable,578.52,350.88,13.55,54.15,46.1,3.36,0.29,4.91,44.25,233.62,2.46,2.62,48.47,32.89
P044,Unacceptable,810.55,258.09,5.64,43.67,38.16,2.38,0.19,6.6,44.13,168.69,2.07,3.85,58.37,48.74
P044,Unacceptable,679.73,87.52,12.44,50.81,16.72,0.25,0.98,5.75,59.26,147.77,5.31,3.84,66.69,46.46
P044,Unacceptable,411.89,137.34,2.38,41.46,32.22,0.47,0.93,5.12,48.06,226.98,1.76,2.78,53.34,54.76
P044,Unacceptable,490.62,131.29,5.21,49.28,24.97,0.21,0.33,1.66,49.81,215.36,2.2,5.31,43.41,38.49
P044,Unacceptable,451.09,312.15,6.32,50.99,36.19,1.3,0.65,4.39,52.88,263.81,4.55,6.66,35.88,34.85
P044,Unacceptable,628.64,337.06,16.64,39.22,39.64,0.02,0.51,3.88,55.12,216.79,5.02,2.8,55.13,35.31
P044,Unacceptable,515.25,357.5,5.61,45.44,25.31,2.76,0.44,1.4,45.66,138.96,1.95,2.66,39.76,42.52
P044,Unacceptable,816.47,453.15,7.64,38.05,25.25,1.96,0.85,2.26,49.42,186.09,1.47,4.92,42.25,51.87
P044,Unacceptable,398.0,312.66,17.28,36.96,20.5,1.17,0.6,5.05,49.92,233.36,4.82,3.98,60.15,45.62
P044,Unacceptable,238.73,476.95,5.72,48.91,5.18,1.28,1.0,2.3,47.31,195.37,2.7,5.07,27.73,54.96
P044,Unacceptable,635.04,261.55,2.69,51.15,39.87,2.74,0.21,0.62,49.55,232.43,4.79,5.12,38.91,47.66
P044,Unacceptable,281.42,322.34,3.66,41.56,49.61,1.22,0.38,1.71,30.93,156.24,5.65,4.47,33.54,59.39
P044,Unacceptable,821.62,416.35,0.92,42.41,31.37,1.36,0.2,3.59,53.72,261.01,5.52,5.78,46.69,39.35
P044,Unacceptable,483.88,150.98,16.01,58.22,28.35,2.82,0.48,3.1,28.43,266.31,5.77,3.63,29.91,34.47
P044,Unacceptable,748.71,94.57,2.73,35.72,32.43,0.24,0.79,4.05,63.33,260.86,4.1,4.77,53.26,43.89
P044,Unacceptable,886.09,204.23,22.98,42.78,60.87,1.74,1.39,4.23,41.45,221.15,2.72,4.05,37.36,61.75
P044,Unacceptable,710.42,369.06,5.32,54.09,59.99,0.97,0.81,3.7,39.69,215.1,4.56,5.06,48.81,33.25
P044,Unacceptable,346.01,86.66,22.65,50.23,29.37,1.87,0.86,4.64,26.27,322.15,2.35,5.59,50.45,64.4
P044,Unacceptable,644.16,102.71,18.07,44.77,7.71,1.8,0.55,0.88,58.09,222.76,1.5,3.18,35.42,34.99
P044,Unacceptable,233.58,329.82,12.71,57.13,28.47,1.48,0.27,5.82,34.47,147.04,2.36,2.06,30.98,35.15
P044,Unacceptable,896.5,205.92,22.97,36.21,44.99,0.26,0.86,1.84,52.79,300.67,2.96,2.47,47.33,43.77
P044,Unacceptable,771.17,129.19,20.52,46.05,33.7,3.02,1.16,4.47,61.19,220.86,4.68,2.41,37.62,28.61
P044,Unacceptable,181.46,247.99,8.08,52.68,42.17,0.36,0.97,3.7,39.35,193.7,1.33,3.11,63.22,61.13
P044,Unacceptable,496.15,357.08,7.49,62.02,25.67,1.11,0.56,4.03,38.26,181.66,5.07,2.92,44.19,51.74
P044,Unacceptable,208.09,456.29,12.87,46.22,7.73,0.82,1.08,6.03,46.25,145.02,3.21,3.12,56.03,40.74
P044,Unacceptable,220.97,86.0,17.68,59.37,43.82,0.83,0.53,2.41,32.04,202.89,4.97,2.93,34.31,31.29
P044,Unacceptable,773.76,300.27,26.59,43.09,1.5,2.39,0.1,3.5,29.67,267.36,1.4,2.47,31.2,52.47
P044,Unacceptable,323.49,285.49,1.15,42.85,29.79,1.84,1.13,0.94,43.98,264.89,5.28,3.36,38.57,62.88
P044,Unacceptable,294.18,99.4,18.94,35.39,17.61,0.61,0.88,1.41,44.02,271.74,5.0,4.63,50.1,50.86
P044,Unacceptable,182.32,387.08,12.25,46.09,1.33,2.43,1.21,2.5,50.96,130.61,2.14,2.63,34.46,61.03
P044,Unacceptable,651.62,364.07,5.54,37.18,26.33,0.49,0.14,5.37,47.39,210.81,0.72,0.64,49.79,41.46
P044,Unacceptable,401.95,164.47,10.38,54.32,23.95,1.66,0.24,1.38,32.81,221.07,1.42,5.55,30.31,36.99
P044,Unacceptable,658.92,286.55,17.49,43.63,26.75,1.76,0.05,4.48,44.1,133.36,4.56,2.56,44.32,53.38
P044,Unacceptable,1008.77,65.42,9.43,41.84,19.57,1.15,0.25,3.53,56.22,204.65,3.67,5.0,48.91,52.85
P044,Unacceptable,690.8,406.89,13.24,46.51,40.02,1.68,0.05,2.7,49.51,121.78,1.27,1.55,47.2,40.97
P044,Unacceptable,199.14,165.55,5.06,47.58,37.43,0.37,1.1,0.63,48.16,144.75,1.88,5.24,49.28,46.51
P044,Unacceptable,715.23,125.52,20.52,48.06,63.51,1.65,0.86,1.33,53.23,225.16,4.62,0.62,45.21,39.05
P044,Unacceptable,772.82,65.09,5.47,55.37,57.57,0.74,1.14,3.81,34.41,154.21,1.18,5.73,34.83,57.63
P044,Unacceptable,544.25,148.65,22.2,50.14,30.59,0.93,0.21,2.81,50.64,191.37,3.06,1.73,38.19,54.85
P044,Unacceptable,614.58,238.46,9.19,44.75,51.48,2.3,0.25,0.88,53.43,246.95,1.53,1.15,66.39,33.52
P044,Unacceptable,764.78,363.86,5.44,51.92,4.16,2.21,0.75,1.3,44.63,151.48,4.06,2.82,38.61,34.63
P044,Unacceptable,675.58,88.42,5.26,42.75,55.14,2.44,0.28,6.94,61.96,182.95,3.32,1.8,36.4,30.75
P044,Unacceptable,332.67,303.25,8.72,54.15,46.74,2.95,0.56,4.25,33.68,157.67,5.24,2.15,33.43,40.16
P044,Unacceptable,863.16,408.61,7.8,45.43,22.89,1.11,0.62,1.47,41.17,219.5,2.32,2.52,47.96,39.94
P044,Unacceptable,713.75,238.33,6.61,49.06,31.01,1.07,0.42,1.53,46.78,211.69,3.39,3.17,52.51,48.59
P044,Unacceptable,806.36,375.82,7.83,58.95,22.82,0.04,0.94,0.93,36.92,286.74,3.1,3.06,31.91,65.14
P044,Unacceptable,606.51,300.28,21.34,48.17,48.43,2.2,0.91,3.76,41.96,193.92,2.61,4.36,61.76,40.36
P044,Unacceptable,399.62,219.27,17.43,56.92,25.95,1.04,0.2,3.66,33.24,268.09,3.8,1.53,53.55,29.53
P044,Unacceptable,446.24,187.33,9.39,57.57,46.89,3.33,1.32,3.47,28.84,286.71,1.13,2.2,52.6,47.03
P044,Unacceptable,702.47,199.28,21.06,44.0,6.27,1.08,0.35,1.92,45.84,112.74,2.09,6.21,27.97,42.33
P045,Very Good,726.99,129.01,29.86,71.06,57.87,2.41,0.79,4.29,104.24,527.66,9.66,3.35,77.16,69.79
P045,Very Good,1318.31,156.18,20.53,101.83,7.19,3.54,0.53,6.55,94.27,231.65,4.21,5.4,62.29,70.49
P045,Very Good,1043.58,194.06,3.58,68.82,73.47,4.27,0.38,5.94,90.17,458.77,4.57,9.7,73.74,67.24
P045,Very Good,487.05,618.15,31.92,96.68,37.44,3.66,0.04,4.02,94.15,265.06,5.84,4.66,66.7,98.32
P045,Very Good,328.24,128.48,8.27,75.76,31.51,0.26,1.92,10.63,85.96,262.02,3.61,2.85,98.5,60.63
P045,Very Good,1045.34,498.39,8.97,100.99,62.68,4.65,1.02,4.33,74.71,442.4,1.67,5.27,76.5,79.48
P045,Very Good,1184.05,215.27,28.59,94.56,92.38,4.59,0.68,7.61,61.91,204.63,6.78,9.81,96.22,92.37
P045,Very Good,745.66,313.47,32.68,78.95,9.75,2.52,1.84,7.89,78.16,359.79,6.7,1.64,57.31,60.58
P045,Very Good,1494.28,234.26,25.83,73.68,82.54,0.38,1.3,2.39,69.66,245.79,7.13,2.67,64.8,70.57
P045,Very Good,735.62,735.41,41.86,94.66,85.25,1.93,1.64,2.66,85.28,229.46,5.83,4.46,63.89,69.23
P045,Very Good,780.76,297.6,3.67,66.15,86.63,0.34,0.07,6.55,74.61,390.71,1.56,6.64,93.71,65.71
P045,Very Good,1182.73,410.05,40.42,92.42,6.0,1.3,1.06,9.21,109.09,233.7,4.05,2.36,85.62,98.41
P045,Very Good,1109.05,631.14,1.82,63.39,30.81,1.39,1.31,7.31,70.2,248.8,1.75,8.15,82.21,100.21
P045,Very Good,1494.04,182.62,27.35,99.71,25.02,2.72,1.2,1.52,90.24,422.97,5.45,2.01,91.88,58.88
P045,Very Good,1393.77,505.2,23.05,63.36,85.8,2.08,1.84,3.95,66.69,221.21,1.09,5.6,76.53,82.09
P045,Very Good,937.27,294.51,22.41,79.64,57.67,0.59,1.07,10.07,71.38,511.66,2.65,1.15,82.95,52.32
P045,Very Good,1378.09,702.06,30.4,62.89,49.02,1.87,1.42,9.97,78.12,306.73,9.58,3.68,76.36,66.26
P045,Very Good,511.22,249.83,42.89,96.46,34.34,4.85,0.9,10.3,79.36,450.75,7.86,8.29,105.71,74.67
P045,Very Good,327.55,456.82,7.65,106.58,16.12,1.0,0.48,9.49,95.99,375.89,7.66,1.21,57.72,62.7
P045,Very Good,532.17,718.77,2.61,101.4,53.34,2.91,1.77,5.67,79.9,263.61,7.82,10.1,96.59,85.36
P045,Very Good,382.25,775.15,6.97,87.76,30.56,1.51,1.77,9.93,59.7,341.65,6.11,7.23,58.61,99.87
P045,Very Good,1455.0,451.65,6.32,83.44,26.4,0.85,0.47,3.74,63.69,233.27,9.02,2.34,75.1,75.76
P045,Very Good,582.66,655.48,39.34,82.25,47.78,2.19,0.34,6.22,83.66,216.73,6.61,3.46,79.57,89.26
P045,Very Good,1077.22,829.2,21.57,70.43,95.97,0.59,0.43,9.45,81.93,397.24,8.62,7.81,71.02,98.44
P045,Very Good,862.63,571.02,31.88,101.45,63.52,3.62,1.05,1.37,96.48,232.2,8.12,10.48,53.49,83.22
P045,Very Good,780.06,369.74,8.93,68.22,67.2,3.99,0.6,5.22,88.77,501.59,5.33,5.39,76.53,79.28
P045,Very Good,641.07,284.2,21.99,91.74,75.02,1.49,1.11,6.11,83.68,332.66,5.35,5.86,70.48,55.89
P045,Very Good,1523.17,739.13,15.67,79.26,94.92,4.14,0.98,5.82,73.38,224.95,5.89,6.31,87.28,101.02
P045,Very Good,1429.09,186.38,42.11,85.82,41.98,1.95,1.41,9.78,74.32,398.63,10.24,5.11,79.72,92.08
P045,Very Good,1152.92,233.4,16.05,77.17,95.58,4.8,1.34,9.67,61.84,346.24,3.01,9.22,54.85,77.03
P045,Very Good,879.6,419.75,26.46,99.32,35.7,5.14,0.82,7.63,62.84,414.96,9.44,8.11,65.72,67.12
P045,Very Good,1034.22,470.74,24.15,103.8,43.05,2.88,1.49,6.17,76.81,274.76,8.72,8.47,72.61,83.67
P045,Very Good,831.57,819.32,20.06,99.11,15.71,0.47,1.31,5.28,85.77,389.73,5.34,10.3,78.89,69.22
P045,Very Good,458.84,459.37,6.21,71.08,66.19,2.0,0.36,4.25,81.68,293.71,9.62,7.16,62.05,90.92
P045,Very Good,843.39,424.17,3.6,105.33,23.42,4.66,1.57,8.24,87.07,398.16,6.49,10.51,92.05,96.93
P045,Very Good,706.36,445.46,18.63,74.32,95.2,0.85,0.38,5.12,85.36,389.86,6.33,7.11,88.2,67.38
P045,Very Good,1004.61,111.15,37.18,90.57,15.96,2.14,1.77,8.1,59.29,475.32,8.77,8.19,99.38,60.6
P045,Very Good,901.94,557.5,21.0,91.89,73.51,4.31,0.9,1.1,102.5,369.97,2.66,4.27,82.47,96.12
P045,Very Good,1376.55,497.44,38.57,106.05,100.88,0.84,1.69,8.4,79.88,420.13,5.12,8.37,94.7,67.27
P045,Very Good,709.56,522.4,41.69,84.97,6.93,1.38,1.87,4.9,88.95,462.04,5.69,10.29,96.18,77.27
P045,Very Good,1080.54,801.18,35.75,88.86,81.61,0.71,0.63,4.56,65.42,441.22,7.28,9.68,83.33,81.52
P045,Very Good,703.93,123.76,42.61,92.26,76.96,1.48,1.55,2.99,83.25,239.18,6.77,3.3,86.46,82.99
P045,Very Good,503.68,664.18,6.61,74.05,100.75,0.96,1.08,4.73,87.89,232.0,8.86,10.73,62.79,65.75
P045,Very Good,374.65,585.84,39.16,100.88,87.56,3.46,1.96,3.21,57.18,225.29,4.51,6.84,55.68,77.26
P045,Very Good,569.03,267.39,14.58,89.69,58.14,4.0,0.06,2.58,68.46,350.41,7.76,10.38,91.78,71.75
P045,Very Good,834.41,181.07,37.67,92.24,74.66,2.16,0.27,7.51,99.12,386.51,7.95,8.36,77.13,52.27
P045,Very Good,1183.0,626.9,13.36,93.9,19.11,4.86,1.3,8.88,83.35,248.62,5.37,8.97,61.71,72.68
P045,Very Good,847.57,707.36,1.4,83.81,16.41,0.19,1.1,9.7,70.0,300.33,2.68,1.62,75.02,53.22
P045,Very Good,418.95,463.64,39.21,101.62,23.96,1.33,0.25,9.95,70.49,254.95,9.71,6.03,74.48,77.06
P045,Very Good,851.66,153.85,39.44,86.79,34.92,1.23,2.0,5.93,59.79,386.73,5.57,5.42,99.94,78.27
P045,Very Good,1049.74,197.39,17.33,88.03,8.75,1.77,0.08,5.47,78.73,509.75,5.53,2.93,90.92,106.69
P045,Very Good,1475.51,688.36,1.08,98.26,28.93,0.1,1.03,1.42,81.85,347.79,2.48,8.41,99.26,59.62
P045,Very Good,938.81,852.11,17.36,99.89,95.76,2.26,0.13,1.48,78.09,334.46,8.52,1.31,84.66,52.94
P045,Very Good,340.87,830.01,28.37,67.5,92.59,1.49,1.42,9.51,98.19,346.28,1.19,1.25,67.14,75.04
P045,Very Good,543.29,754.7,6.65,89.45,24.42,2.65,0.77,3.69,79.98,389.71,7.74,6.11,85.58,92.27
P045,Very Good,858.6,361.72,14.35,97.13,57.82,3.15,0.32,9.32,95.77,294.84,2.87,5.83,82.93,98.13
P045,Very Good,556.92,614.69,18.7,100.43,93.44,4.77,1.06,4.89,89.66,343.19,6.44,5.55,53.34,91.11
P045,Very Good,1292.09,724.54,22.18,93.7,98.81,0.71,0.93,1.4,63.6,228.44,2.67,5.84,81.74,71.22
P045,Very Good,573.73,847.6,3.8,91.45,44.38,1.66,0.68,6.6,86.42,238.02,2.37,4.07,79.52,100.93
P045,Very Good,905.28,130.23,38.67,106.45,16.88,3.04,1.34,2.91,75.31,378.81,1.34,9.43,99.59,89.35
P045,Very Good,1470.65,218.56,2.65,102.81,10.11,3.91,1.16,7.48,100.46,445.94,9.09,10.38,69.81,68.86
P045,Very Good,1524.93,349.82,21.98,98.25,103.94,0.42,1.4,4.35,64.84,369.77,5.71,10.17,70.57,96.43
P045,Very Good,851.42,455.1,35.15,89.02,37.31,5.27,0.84,1.49,98.79,396.57,9.52,7.24,102.1,79.61
P045,Very Good,704.88,503.87,5.6,74.89,27.54,0.55,1.3,1.39,73.88,303.09,5.92,4.48,58.3,97.51
P045,Very Good,431.62,710.94,8.4,88.87,94.92,2.02,0.68,3.53,65.44,436.21,6.33,7.08,99.78,75.67
P045,Very Good,320.76,671.33,33.14,67.17,78.48,4.51,1.29,7.51,75.2,300.9,5.26,4.41,79.45,52.42
P045,Very Good,568.69,373.34,13.9,99.34,59.12,1.54,1.56,6.39,60.84,306.59,4.6,7.08,57.63,65.0
P045,Very Good,611.97,801.34,12.26,89.31,29.67,0.05,1.01,7.82,61.53,427.54,5.06,6.38,68.76,66.06
P045,Very Good,933.61,612.73,41.66,81.57,12.23,2.58,0.76,5.77,73.14,246.94,1.88,2.84,76.66,52.4
P045,Very Good,1051.11,243.17,2.0,66.36,46.84,2.16,0.08,9.33,70.71,472.46,1.55,5.39,81.75,65.42
P045,Very Good,991.71,468.99,30.52,88.53,75.28,3.15,0.14,3.25,65.77,476.44,4.2,4.63,90.87,52.22
P045,Very Good,560.84,783.27,7.94,96.8,69.05,4.88,0.83,2.82,85.35,462.88,7.96,5.31,89.36,64.38
P045,Very Good,364.77,429.67,4.37,81.64,14.51,4.65,0.72,6.17,79.78,290.61,8.08,8.61,87.35,83.08
P045,Very Good,1301.98,765.57,28.13,74.36,28.83,1.82,1.7,7.51,62.07,474.2,1.53,8.43,87.73,84.16
P045,Very Good,1024.5,616.46,28.24,88.6,90.14,0.23,1.95,3.96,96.16,454.99,7.79,8.55,101.45,62.08
P045,Very Good,644.31,191.05,12.4,91.85,0.15,3.39,0.34,3.72,72.22,429.95,3.52,4.68,69.1,82.03
P045,Very Good,929.63,119.62,21.19,90.83,88.77,0.28,1.65,9.2,98.31,236.09,1.7,8.6,62.95,70.67
P045,Very Good,1633.91,254.86,7.66,91.21,42.96,0.86,0.78,4.12,93.87,250.78,7.32,10.13,76.51,56.61
P045,Very Good,1641.26,380.44,39.54,93.5,39.32,4.46,1.3,6.31,73.82,224.37,10.35,2.76,98.44,63.46
P045,Very Good,481.28,617.74,18.07,76.23,39.03,3.87,0.69,7.53,87.69,385.4,9.16,4.61,65.0,90.48
P045,Very Good,742.12,179.37,16.19,65.16,19.45,1.57,0.26,10.12,99.07,326.34,2.77,4.5,86.61,100.22
P045,Very Good,329.98,650.98,32.03,72.11,33.77,2.39,1.43,8.47,61.6,332.34,3.19,8.31,85.42,54.93
P045,Very Good,730.11,529.95,13.52,95.68,89.96,3.59,0.52,3.01,75.84,437.6,5.99,6.51,72.55,62.94
P045,Very Good,1180.42,399.83,9.07,98.36,39.33,1.24,1.39,5.67,90.2,395.45,7.27,2.67,100.86,67.32
P045,Very Good,1237.8,414.69,34.31,92.67,92.31,0.26,2.18,3.98,89.93,513.01,7.94,6.06,65.63,98.67
P045,Very Good,1173.03,767.29,5.23,70.54,13.22,0.1,1.25,3.65,76.66,422.39,3.72,4.34,86.58,79.84
P045,Very Good,1408.83,194.9,38.43,89.98,16.67,0.89,0.29,2.23,60.42,493.82,9.29,4.59,59.77,102.31
P045,Very Good,350.31,578.12,18.47,99.65,62.47,1.1,0.72,8.66,100.01,366.8,8.04,5.91,90.73,101.14
P045,Very Good,928.23,798.34,31.78,72.74,42.07,0.31,1.78,8.15,88.98,278.17,2.8,5.6,99.93,78.1
P045,Very Good,940.93,425.74,11.43,76.0,63.18,3.31,0.82,3.52,63.6,504.34,2.15,3.19,55.44,100.46
P045,Very Good,1147.02,190.48,14.42,78.34,20.31,1.78,1.59,9.94,72.57,313.78,7.65,1.77,84.43,70.46
P045,Very Good,889.4,555.26,9.68,74.71,5.57,2.23,1.83,5.42,56.48,306.85,1.68,9.81,53.36,82.51
P045,Very Good,973.95,341.18,4.23,94.98,3.26,1.08,0.81,1.96,59.33,420.67,7.94,8.84,96.94,83.86
P045,Very Good,693.84,411.72,2.73,82.9,31.22,0.84,1.21,6.63,72.51,355.82,7.38,3.52,79.04,98.45
P045,Very Good,395.24,125.69,25.6,78.82,20.61,0.88,0.81,5.94,97.02,324.67,5.93,4.07,78.08,88.3
P045,Very Good,1591.42,598.46,2.64,81.69,26.92,0.16,0.7,1.54,67.97,499.95,4.69,5.93,86.63,82.48
P045,Very Good,359.42,325.7,24.4,67.38,85.25,2.02,0.33,6.63,89.97,401.83,5.04,9.09,67.82,83.91
P045,Very Good,854.3,740.05,23.17,78.11,76.9,0.31,0.79,4.13,84.56,412.81,7.25,4.13,57.76,59.38
P045,Very Good,1465.2,860.11,37.97,71.96,73.38,2.81,1.9,9.78,78.63,234.41,1.76,2.9,81.45,81.15
P045,Very Good,553.2,465.83,18.45,96.71,89.24,1.85,1.89,1.24,86.16,276.34,7.82,6.52,97.57,76.18
P046,Very Good,470.74,170.03,1.69,85.53,26.33,2.59,0.26,3.84,66.54,340.8,1.41,6.67,104.03,55.15
P046,Very Good,1559.34,604.96,14.19,102.07,99.68,0.24,0.43,5.26,76.7,409.67,6.1,5.14,67.97,93.73
P046,Very Good,605.11,607.68,18.5,69.55,34.19,0.34,0.11,3.82,84.56,322.47,5.07,9.57,98.02,51.79
P046,Very Good,489.46,238.91,16.02,71.95,37.71,0.66,1.3,6.84,73.07,439.46,1.21,9.52,92.02,64.15
P046,Very Good,339.57,697.53,24.94,69.75,17.99,1.25,1.89,6.75,87.15,278.3,8.01,6.98,80.43,64.43
P046,Very Good,1425.51,391.29,32.76,97.0,54.72,1.61,0.66,5.91,53.49,323.91,1.81,8.46,66.04,54.16
P046,Very Good,462.01,542.58,31.9,100.53,70.55,0.23,0.63,8.06,96.28,384.46,8.55,2.16,85.9,89.93
P046,Very Good,1104.91,115.52,17.59,102.35,25.49,3.94,0.86,1.69,54.39,243.76,3.0,8.8,54.35,107.42
P046,Very Good,1317.7,368.81,32.33,79.81,11.33,1.34,0.71,7.71,86.03,304.82,6.55,4.75,86.97,60.7
P046,Very Good,1374.1,494.46,29.41,82.67,86.31,3.5,2.04,10.51,81.22,256.82,5.35,8.27,53.54,64.0
P046,Very Good,874.3,644.74,27.91,82.92,47.83,0.28,1.78,9.86,77.97,357.99,10.06,9.42,103.24,97.37
P046,Very Good,1171.23,744.5,10.77,93.49,51.13,2.03,1.52,3.34,84.35,439.67,1.96,2.96,71.7,100.14
P046,Very Good,547.16,130.93,40.01,84.87,12.47,4.22,0.32,8.74,82.43,281.51,3.35,3.03,98.84,92.94
P046,Very Good,634.42,248.62,14.56,81.35,86.05,1.62,2.08,2.17,105.18,492.42,4.97,10.67,69.53,65.34
P046,Very Good,1056.98,490.23,38.46,73.6,85.76,0.31,0.55,9.53,88.0,402.03,3.56,9.6,102.4,81.98
P046,Very Good,1562.49,517.91,31.15,100.86,59.09,3.41,0.54,9.23,102.2,479.22,10.38,10.21,90.99,57.3
P046,Very Good,913.18,508.17,12.59,104.15,79.45,2.2,0.7,9.99,94.19,388.22,7.01,9.51,66.77,64.83
P046,Very Good,1556.86,445.17,32.82,88.8,23.0,0.63,0.02,7.42,86.08,376.24,7.89,3.53,73.69,94.5
P046,Very Good,454.7,253.45,30.17,90.46,32.23,3.61,0.23,6.37,74.65,273.22,6.27,2.68,59.1,69.66
P046,Very Good,1222.65,546.03,35.97,77.13,88.06,2.45,1.62,7.19,85.36,296.66,5.44,9.14,66.05,59.38
P046,Very Good,989.81,545.85,3.2,97.69,32.9,3.05,1.71,3.57,71.96,239.09,7.1,2.62,62.66,75.16
P046,Very Good,950.74,294.3,7.88,64.78,67.49,3.69,0.86,8.64,75.69,397.22,1.78,10.22,77.58,95.26
P046,Very Good,512.67,383.51,17.51,94.13,23.61,4.05,0.67,8.17,81.13,534.2,3.71,6.18,53.59,51.21
P046,Very Good,883.38,124.05,29.96,89.81,87.43,1.18,0.31,7.66,79.75,484.29,7.06,5.88,72.74,69.29
P046,Very Good,683.18,209.87,30.52,81.59,49.07,1.86,1.9,8.33,68.06,472.59,4.53,5.7,86.73,85.71
P046,Very Good,1173.03,562.93,22.18,98.89,87.15,0.35,0.99,9.69,87.87,258.09,8.97,9.0,59.73,55.42
P046,Very Good,368.44,455.68,39.88,98.83,22.24,3.99,1.11,7.08,100.97,322.96,4.63,5.71,60.16,66.5
P046,Very Good,559.67,232.7,40.4,65.88,10.88,2.69,1.87,4.17,98.39,377.45,7.16,1.49,76.33,72.89
P046,Very Good,528.71,450.03,18.1,96.17,49.82,0.76,0.52,1.39,84.68,492.07,2.54,6.84,62.74,70.78
P046,Very Good,1458.61,615.21,33.16,103.11,0.99,1.22,0.41,4.71,94.08,288.32,7.87,3.26,53.62,52.94
P046,Very Good,1063.72,773.39,33.6,66.28,38.2,0.52,0.2,5.85,103.04,349.79,8.09,5.49,62.69,58.9
P046,Very Good,361.93,635.65,26.29,101.16,63.91,2.29,0.63,8.44,55.2,332.36,6.28,10.51,77.23,59.34
P046,Very Good,1121.04,494.26,29.47,88.67,96.44,3.79,2.06,9.42,68.09,309.15,1.61,4.55,77.12,100.59
P046,Very Good,990.52,639.25,16.54,80.31,90.09,0.66,1.0,6.76,88.92,477.26,5.73,6.66,85.76,53.66
P046,Very Good,1376.85,240.16,24.34,97.77,89.86,4.32,0.66,6.06,72.58,401.21,9.11,1.74,92.44,102.29
P046,Very Good,937.59,528.9,11.23,96.89,36.71,3.79,0.66,5.13,98.71,419.08,5.14,3.05,97.23,78.22
P046,Very Good,401.63,262.84,10.34,63.19,18.62,3.33,1.88,2.11,96.01,354.01,8.86,8.25,52.79,97.12
P046,Very Good,456.17,190.31,2.2,96.83,21.87,0.02,0.01,2.9,59.67,334.37,4.07,1.5,100.28,57.73
P046,Very Good,1211.69,757.72,9.72,70.29,52.11,3.33,1.16,7.57,99.9,279.88,8.22,5.44,68.53,87.43
P046,Very Good,392.66,354.54,27.9,83.88,28.99,2.82,1.21,6.46,84.55,318.74,10.29,8.26,93.35,51.68
P046,Very Good,872.87,325.08,12.61,97.96,94.1,0.69,1.05,1.88,75.34,424.62,8.52,4.93,55.02,89.26
P046,Very Good,839.74,782.72,14.44,72.42,88.16,4.57,0.09,7.78,103.48,457.31,3.18,5.93,82.6,91.8
P046,Very Good,1496.49,293.15,40.45,92.76,106.26,2.79,0.81,9.57,59.42,518.95,2.35,2.01,80.16,56.71
P046,Very Good,1308.75,809.72,2.93,64.61,108.69,2.65,1.75,8.12,103.52,510.29,4.47,3.86,108.29,78.84
P046,Very Good,1315.95,534.64,14.02,77.12,7.72,1.64,1.09,9.21,98.45,368.91,3.58,3.68,71.04,94.04
P046,Very Good,672.06,376.62,23.48,79.28,64.67,1.49,0.68,2.36,77.41,349.0,7.0,5.16,69.02,78.94
P046,Very Good,974.27,424.68,9.37,97.16,16.55,4.88,0.14,9.75,100.27,489.46,5.32,4.87,55.46,108.42
P046,Very Good,1410.73,296.04,21.55,80.4,50.86,2.69,1.11,1.6,83.33,443.43,2.35,7.06,91.2,86.62
P046,Very Good,746.52,158.89,12.8,75.4,16.08,0.76,1.85,8.01,97.02,243.43,1.94,6.35,73.01,78.92
P046,Very Good,401.18,587.78,25.49,94.97,26.63,4.99,2.15,9.38,71.09,425.87,9.11,7.46,102.59,75.57
P046,Very Good,474.56,145.95,22.46,75.47,9.32,2.7,0.15,1.06,81.55,461.93,7.67,6.11,76.14,80.63
P046,Very Good,1154.57,334.7,26.62,94.09,37.92,4.37,1.24,9.2,67.19,371.46,2.51,1.58,86.22,74.68
P046,Very Good,605.9,585.41,41.55,78.25,102.64,2.14,1.4,2.13,69.07,410.33,6.85,7.14,81.58,79.67
P046,Very Good,853.7,719.76,36.25,95.61,15.34,2.79,1.22,4.98,76.51,493.8,1.67,4.95,84.5,81.47
P046,Very Good,1451.05,531.12,30.12,101.2,89.71,0.16,0.37,5.16,74.22,357.38,8.42,6.34,92.56,93.48
P046,Very Good,1276.71,383.05,19.84,106.69,35.87,2.74,1.4,2.65,53.7,438.68,5.76,8.3,100.87,54.16
P046,Very Good,1579.12,570.59,20.65,66.85,86.32,4.59,1.82,2.68,78.01,223.36,9.39,9.63,54.52,70.7
P046,Very Good,1130.83,176.32,3.74,95.63,30.13,2.66,0.18,6.67,67.39,305.86,6.85,2.54,94.75,103.29
P046,Very Good,1502.85,115.8,26.1,93.35,32.09,1.33,0.32,10.33,85.52,329.77,1.64,6.5,60.2,53.21
P046,Very Good,1093.81,677.53,30.24,106.51,11.15,4.26,0.77,6.16,94.38,304.93,7.59,2.56,98.93,95.68
P046,Very Good,673.98,735.94,29.29,65.16,102.17,0.87,1.43,2.75,104.37,354.04,1.79,8.95,72.59,104.99
P046,Very Good,1502.81,584.95,15.15,68.97,81.72,2.1,0.73,4.93,82.79,465.72,3.82,2.48,90.46,89.08
P046,Very Good,904.68,603.93,32.47,73.89,69.88,1.23,0.75,10.39,82.02,468.08,3.76,2.02,77.42,75.07
P046,Very Good,920.93,261.38,26.99,74.57,63.98,3.77,1.84,6.09,78.26,396.04,7.71,7.44,89.59,82.34
P046,Very Good,1419.78,770.23,7.9,100.64,101.39,0.32,0.38,9.14,55.04,299.12,9.65,1.25,107.26,100.16
P046,Very Good,1565.51,261.87,38.59,87.64,46.89,0.73,0.49,2.01,84.36,456.1,2.81,4.41,63.16,59.5
P046,Very Good,1597.49,452.5,24.05,89.41,19.11,3.86,0.03,2.96,66.16,375.44,8.47,6.21,61.84,95.16
P046,Very Good,729.68,766.22,4.25,95.93,59.74,1.49,0.55,4.71,72.0,271.75,8.86,3.46,87.32,86.05
P046,Very Good,684.24,263.32,38.88,102.28,104.16,0.26,1.71,6.04,96.82,210.91,8.29,2.5,66.24,93.7
P046,Very Good,392.1,487.64,7.3,99.61,98.2,1.18,1.12,6.35,54.7,359.98,10.37,7.89,83.2,79.25
P046,Very Good,1391.69,199.87,14.92,76.79,31.74,0.85,0.52,4.09,58.38,386.34,1.27,4.54,63.65,73.19
P046,Very Good,417.48,125.64,9.06,73.4,57.36,2.77,0.82,1.75,84.13,500.32,4.73,9.24,95.29,78.38
P046,Very Good,1001.56,256.04,15.04,92.85,86.94,2.77,0.89,5.49,77.83,277.11,1.64,5.09,60.85,87.24
P046,Very Good,1397.62,601.21,15.03,84.44,24.26,1.57,0.68,3.43,100.3,438.48,7.13,10.02,83.59,60.44
P046,Very Good,348.05,540.38,11.7,76.32,3.41,4.93,1.7,10.49,51.64,380.11,6.33,9.33,96.19,55.28
P046,Very Good,314.09,201.05,8.04,69.97,96.87,1.57,2.12,2.27,72.05,275.27,2.64,10.26,61.49,79.51
P046,Very Good,640.8,567.23,21.01,84.02,42.87,2.94,1.12,8.79,92.61,403.59,6.86,7.17,89.37,66.15
P046,Very Good,933.13,771.07,10.4,100.58,75.69,0.39,1.1,9.72,89.58,525.9,6.5,6.08,74.68,96.42
P046,Very Good,1168.86,676.06,17.56,105.87,20.6,0.5,1.85,1.68,52.27,295.52,6.04,3.03,77.77,78.01
P046,Very Good,947.71,398.25,29.32,91.42,2.34,0.4,2.06,5.68,76.45,355.74,2.8,1.07,52.97,74.53
P046,Very Good,984.65,157.57,36.99,101.76,58.69,3.53,1.67,4.31,75.32,350.53,6.12,6.69,92.68,92.54
P046,Very Good,1488.8,229.82,18.27,67.22,36.42,4.62,0.43,10.4,73.78,339.93,5.12,8.7,87.72,70.03
P046,Very Good,1243.17,759.08,24.68,98.83,31.74,2.13,1.47,2.26,105.2,402.24,7.73,7.67,102.52,58.63
P046,Very Good,1075.28,843.02,24.85,82.24,92.06,0.46,0.54,9.28,74.66,510.63,4.93,5.07,57.75,65.42
P046,Very Good,1343.33,577.97,29.78,86.64,50.5,4.92,0.85,3.97,91.52,256.97,5.98,7.25,86.33,72.94
P046,Very Good,1400.64,217.24,28.14,72.97,40.37,3.51,0.08,2.4,51.72,360.55,5.82,6.62,63.63,70.28
P046,Very Good,797.47,830.39,6.9,79.92,62.09,1.73,1.83,9.61,79.86,303.86,7.26,4.05,65.97,96.0
P046,Very Good,843.17,680.19,12.29,92.68,50.79,5.4,0.47,3.57,96.84,516.26,4.08,6.25,66.63,68.53
P046,Very Good,1283.41,814.18,36.3,74.18,101.32,3.01,0.72,5.54,82.23,428.4,8.11,3.94,58.65,63.0
P046,Very Good,865.83,543.57,38.78,73.82,48.52,4.48,1.64,8.85,100.59,289.38,4.24,6.95,92.72,97.71
P046,Very Good,1003.07,115.33,1.24,99.27,86.37,1.17,1.82,1.63,96.4,250.75,6.9,9.61,57.17,83.55
P046,Very Good,537.71,484.53,14.91,80.56,89.55,5.07,1.99,6.46,71.56,488.11,8.3,6.35,53.93,81.33
P046,Very Good,742.84,137.85,15.97,97.64,54.13,2.85,0.32,4.69,104.05,285.16,5.93,3.19,63.4,72.44
P046,Very Good,1208.84,662.23,27.94,72.84,78.91,1.1,0.23,8.35,88.18,540.75,10.43,3.44,55.61,72.2
P046,Very Good,806.32,847.59,11.04,79.53,23.88,2.62,1.29,4.41,64.39,261.76,3.24,5.26,89.49,87.28
P046,Very Good,1359.5,624.1,26.04,68.1,76.54,4.34,0.32,6.41,65.01,205.86,3.62,9.0,93.61,72.15
P046,Very Good,883.13,705.66,10.29,91.28,72.21,0.81,0.52,6.29,76.52,443.72,7.8,6.56,89.54,91.39
P046,Very Good,664.06,311.77,25.89,62.7,101.96,0.0,1.55,2.3,54.38,329.87,1.28,4.53,107.7,84.12
P046,Very Good,968.84,613.24,36.78,82.45,67.76,0.26,1.72,7.49,84.65,342.34,7.26,9.41,104.24,57.37
P046,Very Good,1331.37,236.38,22.18,87.34,104.83,1.36,0.02,1.44,81.93,372.8,7.55,5.66,106.74,103.73
P047,Needs Improvement,661.69,296.21,18.26,58.44,25.33,1.37,0.72,5.49,55.02,183.06,3.64,2.36,40.11,41.5
P047,Needs Improvement,958.53,116.13,7.0,55.12,9.3,1.42,0.57,3.05,54.15,194.19,2.01,5.71,38.82,69.24
P047,Needs Improvement,969.42,499.05,19.61,56.04,45.69,3.74,0.73,1.66,45.83,244.68,7.05,1.74,59.93,65.43
P047,Needs Improvement,799.36,187.77,1.97,50.19,40.01,0.5,0.72,1.95,59.24,151.99,6.78,0.87,61.71,57.92
P047,Needs Improvement,934.11,316.35,14.43,68.93,43.41,2.15,0.93,5.9,45.02,243.78,4.28,0.97,38.56,60.32
P047,Needs Improvement,385.51,335.97,29.55,77.27,48.06,3.2,1.35,5.94,60.6,275.88,3.36,5.85,72.54,49.19
P047,Needs Improvement,571.45,437.28,22.77,45.96,67.19,1.78,0.62,1.75,69.94,369.54,2.6,3.43,63.19,50.49
P047,Needs Improvement,717.37,204.44,30.87,55.12,33.05,0.96,0.68,3.25,45.69,277.33,1.07,7.33,67.15,52.3
P047,Needs Improvement,362.53,153.86,4.18,60.25,56.56,0.05,1.24,2.33,58.38,254.8,6.14,7.05,56.61,50.93
P047,Needs Improvement,497.33,392.65,12.43,57.87,68.85,1.95,1.17,5.15,61.58,323.91,1.9,2.51,65.79,45.24
P047,Needs Improvement,687.54,345.73,17.73,60.29,29.72,0.39,0.88,5.99,71.14,248.59,4.05,3.37,37.44,61.49
P047,Needs Improvement,464.85,357.29,4.28,62.22,20.03,0.92,0.68,3.51,70.18,217.51,1.63,4.82,72.84,59.82
P047,Needs Improvement,348.69,174.82,16.61,69.49,16.49,3.36,0.34,4.23,43.9,214.09,6.77,6.88,63.15,39.37
P047,Needs Improvement,774.58,140.45,3.94,44.1,63.65,0.54,0.51,4.35,50.55,337.85,4.4,2.6,50.33,48.34
P047,Needs Improvement,1075.06,131.44,19.99,60.7,25.23,1.78,0.03,2.42,63.49,337.24,4.75,3.32,40.14,61.26
P047,Needs Improvement,450.7,306.01,18.65,54.19,24.62,2.29,0.41,3.03,66.92,315.24,4.67,7.55,71.27,49.7
P047,Needs Improvement,255.3,237.67,16.63,56.52,2.97,1.65,0.95,6.01,71.66,199.96,3.46,1.89,50.83,39.45
P047,Needs Improvement,703.96,122.56,24.2,73.09,34.75,0.6,0.62,7.3,59.88,260.9,2.11,2.26,53.47,78.21
P047,Needs Improvement,916.48,578.48,24.88,69.25,17.02,3.77,0.51,7.0,42.66,332.59,4.54,5.14,61.18,74.46
P047,Needs Improvement,713.82,473.73,3.26,46.94,38.7,2.33,1.38,5.35,40.25,391.49,0.93,4.7,59.92,52.95
P047,Needs Improvement,1183.75,74.97,16.94,48.82,16.67,3.45,0.89,1.34,69.97,242.45,4.63,3.69,56.84,71.9
P047,Needs Improvement,739.41,531.38,21.07,49.17,26.36,2.2,1.45,5.89,41.56,374.89,6.2,6.91,42.26,39.94
P047,Needs Improvement,662.65,571.03,9.58,54.38,55.64,2.91,0.73,7.05,43.29,173.1,2.09,6.07,37.91,59.28
P047,Needs Improvement,809.09,315.13,28.79,50.69,9.03,2.31,1.09,5.91,56.81,170.3,5.42,7.06,57.95,68.75
P047,Needs Improvement,299.87,212.85,24.17,56.98,49.82,0.91,0.7,5.55,48.08,242.71,3.77,6.72,69.99,59.94
P047,Needs Improvement,411.47,99.61,7.59,73.95,73.53,0.29,0.61,7.17,57.17,275.86,4.64,1.64,42.26,68.4
P047,Needs Improvement,414.05,379.32,19.01,45.99,23.74,1.66,0.82,4.43,46.53,191.38,7.52,5.41,68.3,52.01
P047,Needs Improvement,923.34,551.92,22.05,50.67,66.31,0.33,0.63,3.0,41.61,301.59,3.08,2.51,68.23,60.59
P047,Needs Improvement,387.67,143.84,7.83,72.96,24.66,3.35,1.45,3.18,58.14,328.29,4.12,4.74,73.93,67.53
P047,Needs Improvement,254.65,232.55,27.17,74.0,50.3,1.92,1.23,5.21,47.84,362.71,3.19,2.46,69.87,66.49
P047,Needs Improvement,1033.79,536.8,13.33,48.09,20.97,1.94,0.21,7.29,46.51,157.89,7.46,3.66,58.71,72.91
P047,Needs Improvement,308.2,570.51,27.76,53.69,47.26,1.51,1.1,5.44,40.96,181.88,3.67,4.63,42.75,53.9
P047,Needs Improvement,267.49,227.29,2.93,49.24,21.43,0.17,1.4,6.06,45.59,182.68,3.14,4.17,61.58,75.46
P047,Needs Improvement,853.25,363.77,24.68,46.2,43.78,2.5,0.77,3.07,53.84,356.63,5.93,4.24,64.04,59.19
P047,Needs Improvement,1169.24,547.06,25.52,68.9,30.33,2.09,1.04,5.78,73.85,321.38,4.34,4.42,62.66,44.76
P047,Needs Improvement,277.36,597.42,25.71,53.12,46.91,2.28,1.1,6.48,39.01,222.07,6.61,4.57,75.69,48.82
P047,Needs Improvement,790.03,516.18,15.37,47.85,10.53,1.34,1.2,1.72,53.39,185.01,4.14,3.64,44.21,44.01
P047,Needs Improvement,352.27,388.29,28.21,55.72,21.09,1.33,0.15,3.91,72.92,314.73,3.27,3.32,48.06,50.88
P047,Needs Improvement,1046.17,278.35,12.46,56.77,58.33,1.69,1.44,3.85,37.82,336.74,3.54,3.76,50.38,49.78
P047,Needs Improvement,624.01,476.77,25.66,67.38,68.49,0.65,0.13,1.31,44.39,277.54,1.11,6.4,58.68,61.59
P047,Needs Improvement,977.65,497.83,16.41,57.48,37.35,2.14,1.49,6.37,40.41,241.75,3.39,7.3,47.42,50.58
P047,Needs Improvement,345.71,293.12,22.82,64.44,35.17,3.26,1.47,3.5,58.45,157.43,6.23,6.62,36.03,50.77
P047,Needs Improvement,1075.89,560.22,10.2,76.53,8.17,3.35,0.4,4.57,54.47,247.09,3.35,1.22,61.44,68.67
P047,Needs Improvement,728.31,317.77,25.77,65.03,75.79,0.35,1.15,4.64,73.84,335.6,4.14,2.82,52.19,40.27
P047,Needs Improvement,1050.99,95.3,2.56,49.24,65.58,2.21,1.31,3.96,58.9,315.6,2.99,6.9,55.42,50.49
P047,Needs Improvement,238.3,101.83,20.12,53.38,3.98,2.07,1.07,3.56,64.43,233.06,3.01,3.82,78.44,74.68
P047,Needs Improvement,1066.9,103.32,5.06,71.35,31.76,1.28,0.02,1.86,40.26,208.81,2.97,7.56,37.52,48.71
P047,Needs Improvement,1064.93,363.11,10.74,43.16,3.11,0.66,1.05,3.12,63.54,263.53,3.22,1.01,39.75,40.68
P047,Needs Improvement,293.44,304.79,5.45,58.98,68.94,2.9,0.58,3.17,64.37,378.06,4.58,5.42,69.83,57.33
P047,Needs Improvement,1037.96,415.59,2.25,49.76,30.34,0.56,1.24,1.96,48.47,243.83,6.37,5.41,67.91,50.21
P047,Needs Improvement,590.52,338.34,8.49,72.77,13.69,2.05,0.78,2.96,53.36,338.95,5.7,1.66,45.97,45.82
P047,Needs Improvement,1103.38,114.09,8.57,52.02,17.59,2.52,0.94,2.52,56.0,196.13,3.78,2.18,38.41,57.19
P047,Needs Improvement,881.08,106.36,21.15,55.85,77.72,2.08,1.3,6.69,52.21,240.45,5.41,4.61,57.02,77.62
P047,Needs Improvement,820.89,489.94,13.16,55.73,43.99,3.2,0.96,5.44,63.22,172.85,4.94,4.91,54.02,49.69
P047,Needs Improvement,250.93,243.57,19.23,50.47,61.61,1.79,1.19,3.08,38.33,379.75,3.18,6.87,73.14,67.64
P047,Needs Improvement,323.97,180.13,26.91,68.7,14.9,1.55,0.4,1.6,63.35,203.98,7.57,6.86,38.9,67.03
P047,Needs Improvement,247.61,100.79,10.95,50.41,53.39,3.42,0.52,5.01,45.6,267.35,1.52,7.67,45.11,48.34
P047,Needs Improvement,774.88,278.47,13.7,66.44,40.63,1.56,0.18,2.79,55.08,331.78,0.9,1.67,41.04,63.48
P047,Needs Improvement,497.4,222.36,9.3,47.72,3.55,0.0,0.75,6.0,41.97,343.2,6.06,6.97,60.89,52.46
P047,Needs Improvement,238.35,288.67,28.76,61.3,25.34,0.63,0.74,1.76,54.4,317.94,4.09,5.88,38.96,39.74
P047,Needs Improvement,298.16,341.49,10.37,64.87,64.67,1.35,1.0,0.97,55.85,170.44,6.21,1.72,41.95,46.51
P047,Needs Improvement,738.81,473.47,21.94,49.95,4.09,2.19,1.24,1.87,60.74,200.73,1.37,3.14,42.36,54.87
P047,Needs Improvement,387.79,174.09,27.43,52.38,2.83,0.09,1.39,1.19,43.42,157.48,1.27,5.73,46.47,73.21
P047,Needs Improvement,1068.85,300.65,3.2,68.65,60.92,0.34,1.27,1.05,51.2,173.73,4.11,4.62,63.02,68.7
P047,Needs Improvement,728.12,302.29,5.83,63.69,17.69,1.46,1.45,7.17,56.61,292.54,5.43,6.57,40.45,54.11
P047,Needs Improvement,729.78,463.42,18.18,50.04,66.1,0.47,0.58,6.97,39.36,282.44,2.62,6.17,70.01,41.02
P047,Needs Improvement,653.47,488.01,13.91,49.66,55.28,1.12,0.23,3.78,42.37,241.11,5.46,1.95,71.4,58.86
P047,Needs Improvement,1002.05,468.63,8.14,60.83,31.52,1.69,1.28,4.26,45.8,243.89,6.53,3.44,51.18,52.16
P047,Needs Improvement,561.06,521.57,4.85,71.36,27.14,0.4,1.16,4.15,63.58,219.33,2.13,5.96,47.1,70.22
P047,Needs Improvement,748.29,352.71,15.66,73.96,47.39,1.3,0.97,5.61,62.82,334.18,3.5,1.73,62.87,55.51
P047,Needs Improvement,1092.53,78.26,12.77,71.95,50.81,1.68,1.0,7.08,58.94,291.29,4.3,5.91,42.49,50.75
P047,Needs Improvement,511.7,504.69,5.04,77.52,1.33,3.04,0.15,6.57,56.85,304.46,0.84,1.76,56.43,43.23
P047,Needs Improvement,752.89,562.45,21.98,60.03,50.43,1.52,0.72,1.27,43.36,333.83,4.68,5.98,52.48,70.48
P047,Needs Improvement,934.76,331.69,2.88,56.47,15.06,2.59,1.05,4.63,45.67,164.62,1.56,4.84,56.4,70.8
P047,Needs Improvement,1024.3,398.2,15.2,54.06,19.13,2.54,0.31,5.47,66.31,256.31,2.27,1.15,40.14,76.58
P047,Needs Improvement,269.83,138.23,11.57,57.53,63.18,0.45,1.53,5.33,66.96,333.35,2.18,4.16,65.19,63.53
P047,Needs Improvement,1000.15,166.16,5.88,68.3,28.77,2.81,0.66,4.82,51.85,143.33,2.69,3.01,59.59,43.09
P047,Needs Improvement,310.33,584.43,13.57,62.68,56.73,1.22,1.07,5.83,62.15,196.43,2.27,1.19,64.42,77.61
P047,Needs Improvement,971.22,326.37,14.03,48.2,42.61,1.09,0.56,7.78,73.7,268.14,5.24,0.93,48.05,68.31
P047,Needs Improvement,685.03,462.75,27.3,46.42,51.33,2.07,0.06,7.59,60.5,259.37,5.24,1.37,41.96,76.55
P047,Needs Improvement,769.73,184.01,4.81,55.33,0.72,0.65,0.5,4.22,67.47,339.55,2.97,5.7,57.97,54.3
P047,Needs Improvement,871.5,573.61,26.39,59.58,58.27,2.36,0.57,5.44,73.39,348.24,6.0,2.17,41.62,53.47
P047,Needs Improvement,443.91,407.53,12.91,73.79,71.92,2.65,0.26,1.71,41.01,201.13,4.72,1.86,50.42,48.16
P047,Needs Improvement,308.44,485.35,23.54,74.65,46.24,1.63,0.21,5.15,76.39,369.15,2.07,6.3,69.59,74.11
P047,Needs Improvement,258.37,153.25,6.13,49.17,45.46,3.26,0.66,1.0,73.25,227.51,3.25,3.07,73.01,47.86
P047,Needs Improvement,384.45,182.87,24.14,59.5,27.58,1.64,0.49,5.65,72.85,343.81,3.82,0.82,59.13,55.4
P047,Needs Improvement,795.65,405.61,19.97,47.37,29.37,1.87,1.17,5.74,40.86,159.95,2.47,1.8,60.47,75.91
P047,Needs Improvement,320.42,397.14,1.38,55.96,46.27,2.56,1.04,3.3,68.01,274.81,1.34,2.1,61.7,61.77
P047,Needs Improvement,624.07,249.72,3.26,51.25,32.61,3.77,0.21,3.75,44.95,266.28,2.39,7.01,61.6,41.61
P047,Needs Improvement,823.78,384.01,21.94,60.35,29.4,1.69,1.18,6.09,69.57,332.58,6.15,1.36,67.61,53.82
P047,Needs Improvement,1097.08,300.98,20.11,51.94,59.47,0.99,0.18,5.3,39.7,317.98,4.54,0.74,57.07,56.53
P047,Needs Improvement,461.82,351.4,20.61,68.91,51.1,3.46,0.33,1.31,63.49,267.75,2.75,5.1,39.78,39.06
P047,Needs Improvement,731.75,215.42,3.65,79.38,31.32,2.2,0.83,4.9,63.3,229.85,1.36,3.28,45.08,63.63
P047,Needs Improvement,611.51,125.91,14.29,71.19,39.73,1.78,0.1,2.36,55.87,167.7,5.3,6.7,49.25,46.46
P047,Needs Improvement,849.38,556.66,21.63,60.94,4.27,2.96,0.88,5.07,55.04,271.49,6.51,4.17,45.18,35.84
P047,Needs Improvement,370.58,466.66,6.56,78.6,60.34,2.11,1.31,4.57,46.6,281.84,2.33,4.37,37.35,54.58
P047,Needs Improvement,651.78,490.01,3.77,75.43,44.64,2.85,1.19,0.94,74.56,228.33,7.73,5.06,64.46,46.45
P047,Needs Improvement,1086.04,302.69,9.94,57.95,32.34,2.51,1.2,3.53,56.46,214.15,3.94,5.78,64.83,55.39
P047,Needs Improvement,909.91,328.24,10.94,53.3,30.72,3.34,1.09,4.59,54.45,196.22,4.22,6.16,43.04,53.41
P047,Needs Improvement,978.23,340.04,17.21,58.01,14.79,1.32,0.21,7.32,75.91,214.2,3.75,6.51,66.1,48.51
P048,Very Good,820.61,500.52,14.37,79.86,3.37,0.8,0.44,1.33,85.23,407.12,5.36,9.83,85.71,103.25
P048,Very Good,498.88,228.21,7.84,94.63,39.34,4.24,1.01,9.83,56.36,480.77,5.49,4.81,81.29,61.09
P048,Very Good,1124.18,230.7,11.72,62.44,0.74,1.14,1.16,3.0,59.16,350.09,9.79,7.59,72.84,79.56
P048,Very Good,1420.28,596.0,20.46,86.57,78.62,1.64,0.68,9.89,58.81,219.93,4.03,2.39,91.1,95.09
P048,Very Good,760.45,155.84,33.35,79.76,4.11,2.44,0.72,7.62,83.15,416.15,8.26,5.45,62.92,94.32
P048,Very Good,817.08,405.02,5.58,82.15,79.25,2.76,0.6,3.9,77.27,433.83,5.45,1.67,76.87,101.32
P048,Very Good,1025.31,443.14,5.7,88.99,74.31,3.72,0.2,8.52,53.67,285.15,7.19,9.4,65.63,84.6
P048,Very Good,342.48,198.8,5.86,91.71,86.54,1.56,0.3,5.9,87.88,407.92,9.56,3.31,91.47,70.79
P048,Very Good,1011.0,786.46,14.1,93.62,50.56,4.52,0.77,3.43,65.85,460.88,9.22,4.57,61.95,90.73
P048,Very Good,1362.47,681.66,3.1,87.02,83.01,0.6,0.85,1.8,106.09,418.61,8.21,1.15,104.96,98.12
P048,Very Good,442.0,370.07,42.14,87.03,83.97,2.24,0.19,3.27,97.41,412.03,5.02,8.82,53.93,107.59
P048,Very Good,772.97,460.56,16.43,98.99,98.2,2.95,0.46,7.0,71.06,501.87,7.08,3.54,65.04,59.84
P048,Very Good,1215.37,389.27,27.87,81.97,50.99,4.54,0.96,4.96,105.12,338.64,3.73,1.39,66.64,81.92
P048,Very Good,816.1,359.55,41.33,75.55,25.88,1.65,1.64,3.88,95.73,225.32,7.04,4.05,83.15,77.64
P048,Very Good,456.21,174.23,35.68,90.73,101.6,3.22,0.68,5.26,77.21,420.28,5.44,7.63,67.46,100.22
P048,Very Good,1018.55,176.46,8.05,69.11,36.04,0.93,0.86,1.57,64.56,340.26,1.66,4.58,97.94,93.02
P048,Very Good,1056.6,113.55,6.35,71.47,84.31,3.18,1.24,3.99,75.37,267.49,1.85,1.39,82.32,76.85
P048,Very Good,962.51,334.57,1.73,84.62,3.05,2.25,1.75,9.83,69.66,337.42,7.74,7.4,95.29,70.53
P048,Very Good,623.59,375.99,35.66,75.03,78.25,0.59,0.71,7.8,99.78,316.32,1.35,5.28,82.18,102.22
P048,Very Good,1324.15,252.94,35.65,79.93,0.54,0.03,1.56,1.37,87.06,214.54,9.06,3.54,90.64,91.98
P048,Very Good,591.17,678.43,16.28,90.82,40.48,4.41,1.73,4.66,92.41,366.52,1.36,1.89,66.91,88.79
P048,Very Good,670.86,512.32,40.89,68.97,44.66,4.45,0.29,1.66,100.42,454.45,2.61,4.35,75.05,82.49
P048,Very Good,1390.14,676.49,37.82,97.28,58.67,1.14,1.81,9.78,81.41,359.97,10.77,7.84,56.73,63.89
P048,Very Good,527.27,226.15,38.62,69.49,10.62,2.32,1.33,8.55,62.46,441.9,5.95,7.74,58.13,63.35
P048,Very Good,678.28,549.47,15.27,63.73,28.57,2.91,1.33,1.99,80.25,333.83,1.87,9.92,71.79,99.83
P048,Very Good,1252.97,787.57,16.24,102.58,2.04,0.67,0.63,10.1,65.04,469.34,2.09,9.3,90.04,97.62
P048,Very Good,1290.74,664.15,26.26,69.8,96.05,4.68,0.85,1.98,105.35,290.08,2.51,3.84,54.41,105.27
P048,Very Good,580.24,619.51,24.86,97.79,94.82,0.26,0.86,7.17,62.84,251.12,6.45,5.1,81.94,81.96
P048,Very Good,776.58,607.57,37.29,65.15,41.26,0.5,0.59,6.16,90.26,455.73,4.38,1.74,72.38,101.96
P048,Very Good,1109.66,307.82,3.01,76.74,55.34,4.48,0.02,6.06,56.48,243.35,1.09,5.06,58.42,102.87
P048,Very Good,1125.56,193.98,7.0,104.27,0.65,2.55,1.24,9.46,79.95,380.52,5.47,3.27,79.87,67.53
P048,Very Good,1435.95,503.04,2.32,105.34,17.19,0.65,0.48,3.5,72.03,341.68,10.5,4.36,56.47,57.57
P048,Very Good,438.17,867.56,25.54,103.28,1.07,2.13,0.39,8.16,96.08,361.96,3.39,5.06,98.87,58.97
P048,Very Good,1246.12,730.82,9.31,71.03,59.95,1.24,1.37,7.92,93.87,482.85,8.37,6.79,66.68,57.05
P048,Very Good,640.75,746.17,28.87,75.96,43.15,3.86,1.04,1.76,64.67,438.1,8.25,2.47,86.27,73.02
P048,Very Good,1379.15,778.87,11.75,68.72,20.06,5.23,1.33,8.0,92.46,307.52,2.57,5.75,66.81,76.01
P048,Very Good,1352.43,128.58,10.27,68.51,49.01,0.51,1.87,8.07,72.25,258.25,3.24,8.8,87.74,61.41
P048,Very Good,930.22,648.73,34.85,103.64,2.63,3.18,0.4,2.25,57.1,246.97,8.95,3.39,57.71,61.01
P048,Very Good,1516.99,515.04,29.5,99.66,93.11,3.73,0.52,1.15,80.0,323.89,1.22,2.92,99.85,56.73
P048,Very Good,600.26,768.56,38.97,89.33,50.39,2.31,1.37,5.0,98.71,389.46,1.33,7.23,60.44,55.83
P048,Very Good,484.57,480.46,12.78,82.39,51.0,3.75,2.12,2.9,80.49,514.77,2.42,4.07,74.71,56.66
P048,Very Good,686.49,616.74,3.04,63.41,16.09,3.0,1.43,3.83,63.39,425.29,9.59,10.0,53.53,83.73
P048,Very Good,1575.3,383.47,28.28,90.78,27.16,0.38,1.47,1.55,88.91,500.25,8.74,3.71,72.38,54.22
P048,Very Good,883.16,571.78,26.77,72.65,6.27,2.05,0.15,1.67,86.11,261.83,6.8,5.61,69.39,83.47
P048,Very Good,861.66,621.2,17.53,105.04,82.62,3.81,2.04,5.94,96.41,345.26,2.06,5.18,79.59,82.87
P048,Very Good,847.02,860.53,11.52,77.95,90.37,4.74,1.92,2.78,92.66,303.99,10.69,8.24,82.96,54.08
P048,Very Good,1437.73,101.73,32.48,86.43,65.75,4.9,1.19,9.23,94.47,447.92,7.32,4.44,91.85,98.99
P048,Very Good,450.54,248.63,34.24,64.75,92.42,3.6,1.64,8.58,102.28,472.89,2.25,6.51,90.39,67.4
P048,Very Good,352.45,195.06,37.64,64.51,78.08,2.56,0.57,2.63,73.96,466.67,8.35,5.06,92.88,52.54
P048,Very Good,378.97,259.53,22.41,106.01,64.09,1.59,0.44,4.11,66.24,277.28,6.33,4.07,94.73,66.33
P048,Very Good,527.4,318.66,24.14,99.69,26.1,4.81,0.1,1.8,66.94,339.31,9.22,9.57,59.05,75.6
P048,Very Good,968.61,603.05,33.97,88.55,50.3,4.14,1.39,8.74,90.3,295.72,2.8,8.73,66.11,102.19
P048,Very Good,569.45,623.65,34.82,101.19,1.15,1.31,0.27,9.33,82.31,223.29,6.11,10.08,101.2,76.49
P048,Very Good,1134.09,225.56,22.75,82.11,60.08,2.4,1.62,5.73,58.31,430.71,2.76,10.18,85.73,95.26
P048,Very Good,512.11,293.84,35.46,63.22,3.19,1.5,0.62,1.18,75.83,460.05,1.16,3.64,60.36,85.8
P048,Very Good,743.12,168.3,34.44,89.06,32.57,0.32,0.63,4.56,92.86,387.25,7.19,6.66,90.11,57.3
P048,Very Good,1063.12,653.62,23.57,96.1,102.97,3.07,0.96,10.82,60.33,306.08,2.37,7.91,72.91,86.93
P048,Very Good,363.77,493.98,40.85,93.34,46.87,4.69,0.97,8.34,104.61,408.24,9.02,6.56,61.43,59.69
P048,Very Good,1178.86,681.61,13.29,100.44,21.84,1.42,1.1,1.98,100.46,241.74,9.95,2.19,104.4,57.32
P048,Very Good,686.69,651.07,6.67,69.92,15.71,5.07,0.67,6.22,99.99,329.68,2.45,3.33,70.57,55.34
P048,Very Good,488.16,843.27,25.63,83.93,96.6,0.57,0.9,10.15,97.34,373.64,1.31,8.5,53.4,91.08
P048,Very Good,577.18,319.52,14.9,71.91,39.51,5.2,1.53,7.32,92.47,416.46,9.32,7.33,67.11,105.31
P048,Very Good,1407.16,413.31,42.89,102.82,51.44,0.29,0.66,7.9,96.36,330.48,3.72,2.96,55.46,101.66
P048,Very Good,1298.45,518.46,34.86,98.21,92.8,4.79,0.92,9.75,57.52,306.31,5.99,9.63,77.91,67.44
P048,Very Good,1130.01,131.47,26.3,97.72,3.01,3.99,2.02,4.62,92.72,429.0,9.08,2.27,84.31,75.27
P048,Very Good,535.68,615.35,26.32,67.17,96.62,0.03,2.18,1.79,57.79,424.33,2.96,9.05,94.76,52.88
P048,Very Good,1248.88,816.84,28.93,82.05,90.27,4.45,0.98,7.71,53.13,257.45,6.52,2.97,86.09,73.01
P048,Very Good,1340.35,306.95,16.71,99.72,79.07,1.99,0.61,3.12,85.95,262.84,10.03,4.6,98.64,106.49
P048,Very Good,1459.53,611.76,9.48,69.68,38.29,0.96,1.51,5.81,100.22,480.24,2.03,5.42,85.54,82.8
P048,Very Good,549.92,183.15,30.83,71.69,56.56,3.8,1.91,3.5,57.85,512.63,4.64,2.46,70.07,96.91
P048,Very Good,1217.81,491.24,11.69,97.12,41.93,1.73,1.57,1.68,88.55,537.57,7.7,8.65,73.71,104.98
P048,Very Good,625.12,691.89,1.08,87.55,20.33,0.27,0.83,7.76,53.75,249.42,3.14,6.29,97.6,93.64
P048,Very Good,1307.33,638.57,6.42,84.15,100.77,2.06,1.26,6.37,86.75,484.43,3.61,5.9,77.97,102.01
P048,Very Good,1007.34,572.13,5.08,96.53,68.58,2.89,0.12,6.81,89.59,457.92,1.71,3.57,107.22,80.13
P048,Very Good,1556.8,538.23,23.01,70.55,15.3,2.33,1.93,10.77,96.06,366.39,2.12,9.62,68.4,85.9
P048,Very Good,1088.02,389.26,38.68,97.94,13.68,3.49,0.14,1.23,102.76,278.14,5.28,2.18,74.34,91.18
P048,Very Good,1443.35,245.63,28.27,83.84,61.94,2.74,0.04,2.63,81.86,405.25,3.69,6.76,83.47,59.75
P048,Very Good,1043.2,435.7,27.27,78.98,76.38,1.17,0.15,3.65,88.05,217.97,3.7,5.43,63.75,76.01
P048,Very Good,931.05,330.18,30.81,88.68,46.21,4.48,0.08,4.28,74.35,211.14,3.64,8.82,80.82,69.51
P048,Very Good,1103.79,270.17,12.75,102.42,0.62,1.23,1.49,8.12,52.67,316.93,6.9,7.96,67.25,88.66
P048,Very Good,1196.46,192.63,36.13,64.13,29.11,2.04,1.93,10.36,59.37,257.19,9.11,9.16,105.29,85.64
P048,Very Good,1458.08,832.64,35.52,87.55,2.18,4.8,1.71,8.44,62.31,207.13,1.79,9.27,77.58,54.7
P048,Very Good,1560.65,681.22,15.31,77.48,73.68,4.73,0.77,4.48,73.67,373.84,8.39,4.66,56.11,90.36
P048,Very Good,1024.99,705.97,29.85,86.59,20.09,3.99,0.66,2.16,64.64,359.29,2.44,10.35,62.47,74.92
P048,Very Good,817.54,590.88,8.89,63.55,94.34,3.94,0.98,3.53,54.97,214.5,10.53,8.99,99.82,70.61
P048,Very Good,1259.0,404.22,9.15,76.24,11.31,1.56,1.76,4.7,75.45,444.09,10.55,1.83,54.11,59.12
P048,Very Good,964.47,831.36,37.03,98.38,27.58,1.87,1.77,4.89,96.48,466.51,6.82,2.85,98.63,66.44
P048,Very Good,975.61,388.96,25.29,67.17,75.99,4.02,1.99,5.92,66.62,512.65,5.84,3.21,94.68,99.65
P048,Very Good,1301.86,455.95,25.81,74.18,70.64,2.23,0.24,3.09,77.66,510.97,1.39,6.41,66.37,98.33
P048,Very Good,1511.16,517.62,20.25,75.52,47.77,4.47,0.46,6.9,79.14,253.37,4.71,9.86,58.42,59.39
P048,Very Good,468.87,719.48,2.7,101.82,47.55,1.32,1.04,3.91,55.73,206.61,1.15,1.33,75.04,62.1
P048,Very Good,419.4,490.92,34.21,91.28,61.65,0.77,1.11,7.87,71.56,370.2,9.15,3.33,59.4,84.54
P048,Very Good,887.41,734.08,12.36,97.98,41.39,3.15,1.21,1.65,99.14,435.3,8.48,7.33,81.11,96.73
P048,Very Good,1379.23,692.61,5.61,96.81,63.37,4.46,0.83,7.0,101.82,266.9,5.79,2.5,78.34,57.2
P048,Very Good,495.62,687.55,11.35,72.01,96.6,2.24,0.74,6.08,86.75,254.22,5.37,4.4,81.13,101.61
P048,Very Good,652.52,543.45,7.49,79.25,17.56,3.17,1.01,10.33,73.23,304.76,5.09,5.39,56.2,72.88
P048,Very Good,1180.41,635.58,33.78,88.83,80.22,0.24,1.55,9.4,103.25,404.09,6.09,2.08,54.8,107.38
P048,Very Good,1564.48,308.66,27.2,73.89,72.4,4.46,2.02,5.36,83.59,276.45,8.39,7.83,84.0,60.9
P048,Very Good,1234.68,224.16,4.95,74.72,59.37,1.39,0.56,5.23,59.29,292.39,3.65,10.73,91.69,71.97
P048,Very Good,1437.76,817.3,33.28,86.87,41.85,3.72,0.73,3.71,85.5,359.67,1.55,8.84,51.93,105.67
P049,OK,1108.2,360.8,8.09,61.83,74.4,2.92,0.13,6.32,79.41,249.02,0.93,1.51,80.41,72.61
P049,OK,924.49,208.46,2.89,65.38,39.73,2.3,1.06,5.47,60.14,358.15,7.74,2.22,71.36,78.43
P049,OK,461.57,553.57,4.18,87.52,0.54,1.89,0.27,3.63,60.17,197.94,5.68,7.23,62.0,83.16
P049,OK,1237.18,323.04,17.52,70.9,37.44,0.03,0.43,0.95,67.38,211.38,8.77,4.52,49.3,59.44
P049,OK,1228.72,359.76,12.72,77.64,1.09,1.49,0.57,3.39,66.06,350.27,2.36,6.57,60.94,83.67
P049,OK,811.98,129.71,32.01,75.44,53.07,0.45,0.84,5.61,45.36,188.71,1.51,4.26,66.44,50.67
P049,OK,1089.38,427.26,6.11,66.46,38.99,0.44,0.18,4.35,57.83,176.03,6.4,5.74,77.3,59.34
P049,OK,956.63,591.76,32.34,56.42,55.17,1.0,1.74,1.97,52.48,195.93,4.03,1.9,58.16,43.14
P049,OK,1114.67,533.5,9.01,51.01,61.08,0.73,1.54,6.24,68.42,294.87,5.14,5.76,62.53,61.54
P049,OK,291.43,270.45,4.4,67.98,45.67,2.3,0.86,7.6,49.53,302.96,4.38,3.79,43.52,86.48
P049,OK,326.28,402.16,24.49,71.91,4.36,1.52,1.65,3.67,46.75,269.71,5.57,7.9,69.0,46.59
P049,OK,658.44,163.93,15.61,62.6,64.47,2.79,0.66,6.42,64.73,336.47,5.39,6.8,78.8,75.13
P049,OK,1143.26,367.19,28.18,67.27,35.43,0.12,1.33,5.68,78.3,314.52,2.19,1.27,75.73,71.32
P049,OK,668.7,472.74,14.97,79.28,10.47,0.55,0.1,5.74,80.61,173.14,0.98,8.7,48.71,76.54
P049,OK,463.26,384.98,7.59,75.24,29.55,1.38,0.64,1.36,76.11,280.81,4.4,2.52,54.54,58.92
P049,OK,1252.81,366.92,16.3,51.86,46.18,2.93,1.61,5.98,71.76,406.02,8.81,4.32,69.07,67.09
P049,OK,405.14,92.78,14.96,50.31,31.02,3.37,1.11,2.85,66.29,235.35,7.9,8.48,67.73,59.48
P049,OK,360.44,357.84,12.15,83.45,15.8,0.74,0.27,1.95,46.21,380.5,7.05,3.49,48.16,46.66
P049,OK,916.29,241.56,31.89,51.73,44.65,1.27,0.77,8.03,73.48,405.23,5.95,6.1,44.64,66.91
P049,OK,1234.61,117.58,11.09,85.81,3.89,3.52,0.32,5.95,54.17,204.02,6.44,1.92,72.52,67.99
P049,OK,1091.29,236.29,24.36,79.99,37.16,1.55,0.14,7.11,43.33,220.43,0.96,3.33,69.57,66.63
P049,OK,977.56,327.48,17.99,56.04,13.78,0.13,0.34,5.84,73.5,228.07,7.72,5.49,82.13,81.4
P049,OK,498.17,449.39,11.17,54.44,22.28,3.94,0.69,7.0,78.67,268.44,1.33,1.99,73.66,72.13
P049,OK,1223.46,275.14,27.19,73.9,4.5,0.34,0.79,3.74,55.0,249.59,3.66,2.51,47.44,48.27
P049,OK,768.0,335.14,22.07,82.9,78.83,1.45,0.62,2.1,67.92,362.01,6.82,2.24,78.9,44.99
P049,OK,907.93,565.52,3.54,65.13,2.06,1.44,0.38,3.53,52.05,377.75,8.53,2.45,69.12,55.89
P049,OK,450.67,271.26,14.71,75.42,49.26,1.36,0.17,5.07,57.52,397.04,2.4,2.53,84.53,79.27
P049,OK,640.06,219.33,3.46,69.49,11.9,3.89,1.19,7.92,82.0,270.73,6.22,1.24,71.2,57.88
P049,OK,811.29,307.42,16.08,80.18,49.74,2.81,1.04,3.01,40.34,375.8,0.9,3.12,83.51,65.14
P049,OK,801.31,470.05,26.42,52.46,72.71,1.18,0.03,3.69,79.07,319.24,4.37,6.67,69.5,56.85
P049,OK,761.55,546.29,22.33,56.38,62.26,2.46,1.33,5.11,72.29,268.29,4.15,6.08,85.48,58.94
P049,OK,590.35,365.67,20.93,81.67,19.31,3.58,0.24,6.85,58.1,274.53,5.16,3.41,74.63,61.58
P049,OK,943.14,401.73,24.41,72.31,43.23,3.27,0.82,3.74,65.4,223.02,8.83,6.97,56.53,49.24
P049,OK,688.87,534.28,9.77,72.73,60.81,3.37,0.73,6.3,59.45,353.2,4.63,5.7,81.34,60.43
P049,OK,460.32,206.76,9.44,75.99,74.98,2.66,0.91,1.95,61.35,214.45,7.67,7.96,72.82,44.21
P049,OK,1250.64,238.59,4.44,52.04,22.81,1.73,0.55,4.05,54.46,271.71,7.94,8.17,51.12,75.13
P049,OK,1000.11,531.96,23.33,52.89,27.26,3.47,0.84,8.37,79.64,224.64,4.97,6.72,55.57,72.4
P049,OK,1303.34,93.51,24.93,78.73,4.47,2.81,1.69,4.04,78.31,214.32,2.76,6.29,86.74,67.49
P049,OK,596.42,194.77,23.09,56.76,71.93,0.16,1.27,3.71,49.64,409.46,2.61,8.48,70.91,70.76
P049,OK,682.8,389.38,7.12,58.91,44.07,0.87,0.44,1.36,84.23,181.06,1.75,1.36,70.75,54.45
P049,OK,530.81,238.83,12.55,63.32,73.56,3.73,1.18,4.61,42.28,305.49,5.7,4.54,57.76,62.33
P049,OK,325.84,607.01,12.73,53.49,71.82,1.57,0.26,7.78,86.92,174.78,2.04,4.69,66.89,67.36
P049,OK,846.78,641.75,14.44,73.9,26.74,1.47,0.1,4.92,58.33,404.57,1.81,1.78,82.29,71.95
P049,OK,1043.02,625.45,17.46,85.04,22.84,3.13,1.19,2.89,73.47,380.03,7.86,7.55,56.18,56.37
P049,OK,991.01,492.14,12.53,70.73,41.72,0.94,1.62,5.25,81.96,196.46,7.6,5.22,47.01,73.39
P049,OK,508.49,488.61,30.18,54.71,80.73,1.94,0.18,3.21,61.76,282.59,2.94,5.06,60.94,57.14
P049,OK,683.83,262.45,17.06,52.74,61.49,1.56,1.58,4.61,68.67,245.13,4.55,7.58,70.79,50.73
P049,OK,1060.47,434.74,2.54,80.27,6.87,0.28,0.59,3.15,48.32,424.69,1.87,3.48,78.41,78.08
P049,OK,628.97,157.1,18.8,51.89,59.7,0.52,0.16,2.8,58.08,353.95,6.4,2.34,70.51,58.25
P049,OK,286.26,129.56,15.64,60.16,9.14,3.87,0.29,6.57,48.69,362.2,2.71,1.45,47.45,79.04
P049,OK,695.7,652.68,16.87,59.39,40.01,2.28,0.28,3.83,62.09,356.5,5.38,1.59,44.6,55.38
P049,OK,854.38,212.42,14.43,83.82,63.26,3.39,1.11,2.19,75.85,259.87,3.33,8.01,48.25,50.15
P049,OK,297.3,184.54,9.17,59.32,13.78,4.1,1.58,6.31,75.22,232.7,1.46,6.09,61.5,63.37
P049,OK,1205.47,346.85,6.36,86.58,3.6,2.88,0.68,4.33,42.95,380.44,1.63,3.73,78.56,48.52
P049,OK,1232.74,147.43,18.47,73.0,28.28,3.88,1.21,6.65,60.79,244.75,5.58,1.32,52.1,47.23
P049,OK,495.14,127.85,20.3,76.49,70.29,0.51,0.52,0.88,49.95,409.29,0.97,1.29,80.79,65.5
P049,OK,327.08,384.76,2.74,57.29,38.28,3.29,0.74,5.9,67.44,399.3,7.38,1.26,45.71,43.87
P049,OK,545.65,461.05,15.76,56.71,86.08,3.43,0.62,7.75,61.27,295.06,6.37,4.18,84.85,51.9
P049,OK,574.3,413.74,1.12,76.61,9.03,2.39,0.33,8.24,78.7,437.58,3.83,1.8,41.99,79.62
P049,OK,829.39,667.31,30.59,56.62,29.82,4.03,0.94,1.83,87.91,255.74,6.72,7.32,49.61,43.92
P049,OK,848.31,460.95,18.92,84.88,35.59,1.29,0.92,0.95,44.63,287.04,8.45,1.33,45.27,68.29
P049,OK,1095.9,276.59,3.59,71.6,4.02,3.97,0.97,2.85,56.25,210.73,1.01,3.63,81.52,64.88
P049,OK,604.8,656.67,27.25,87.96,1.0,1.76,0.31,2.9,47.67,266.74,1.24,5.09,69.72,69.44
P049,OK,318.37,423.63,16.56,60.19,67.45,1.85,1.03,1.53,57.94,305.54,8.45,7.41,71.87,52.8
P049,OK,924.98,398.8,9.08,62.45,12.31,0.13,0.1,1.13,42.53,258.19,3.05,3.2,84.49,41.7
P049,OK,1182.84,263.3,24.61,78.64,66.37,0.79,1.31,5.75,59.65,362.0,7.62,1.05,73.26,64.63
P049,OK,634.12,318.58,31.77,77.81,30.86,0.92,1.41,6.32,48.27,175.38,2.46,3.52,75.53,73.66
P049,OK,316.9,115.1,5.96,67.36,10.61,1.01,0.48,5.19,57.33,269.96,3.1,4.86,79.41,53.61
P049,OK,1274.96,639.05,32.09,74.65,14.0,1.7,0.43,2.18,63.59,399.5,3.23,3.94,64.13,66.68
P049,OK,863.17,642.89,16.99,63.46,55.44,1.95,0.42,8.03,57.69,357.74,0.99,3.41,52.43,44.42
P049,OK,296.91,590.85,31.65,81.21,14.01,3.23,0.76,0.87,57.8,302.64,5.97,3.21,63.97,60.41
P049,OK,931.22,272.87,13.7,78.41,51.79,2.81,0.39,3.47,44.1,278.23,7.81,2.87,59.26,51.96
P049,OK,598.2,553.51,5.55,69.6,54.32,2.52,1.26,6.15,79.38,274.18,4.25,7.55,43.42,57.67
P049,OK,594.03,422.0,4.63,87.72,20.11,1.71,1.46,3.77,77.53,414.04,0.84,5.17,41.0,51.95
P049,OK,785.33,219.86,24.99,55.78,62.23,0.18,0.07,4.98,84.66,279.93,0.96,2.36,72.25,51.15
P049,OK,1023.15,416.18,8.52,70.67,74.55,2.95,1.14,3.41,50.37,284.52,3.64,4.55,89.77,64.55
P049,OK,1056.86,265.51,5.55,61.83,40.93,0.99,0.15,7.45,72.94,281.5,6.1,3.89,75.87,67.92
P049,OK,851.91,145.11,12.68,56.02,41.38,2.1,1.47,6.57,84.19,361.46,3.06,5.62,74.99,66.61
P049,OK,929.51,245.86,25.0,81.35,37.78,0.07,0.57,3.1,40.39,219.25,0.88,1.94,57.86,68.54
P049,OK,436.53,110.6,17.29,64.31,72.79,3.2,1.39,4.08,46.95,317.14,1.86,1.87,72.76,48.11
P049,OK,531.93,113.68,19.09,79.07,74.36,4.02,1.15,7.81,64.04,215.88,5.36,1.67,49.8,46.11
P049,OK,1119.21,609.95,25.1,59.79,51.72,2.29,0.61,8.23,47.62,376.03,2.69,3.15,46.86,52.42
P049,OK,387.61,336.05,15.5,66.41,74.61,1.55,0.95,7.25,57.6,370.59,3.41,1.43,76.26,54.63
P049,OK,835.09,128.59,11.9,57.34,77.41,3.87,1.02,4.89,47.85,399.37,4.36,5.64,70.69,53.98
P049,OK,630.26,110.47,14.9,73.71,64.9,1.25,0.37,5.86,46.59,163.79,2.17,5.09,62.38,65.73
P049,OK,1139.59,491.97,19.48,70.1,56.35,0.28,0.13,2.85,50.33,266.63,3.81,2.15,55.04,59.68
P049,OK,937.31,241.9,24.39,80.35,22.67,4.0,0.24,8.57,69.31,363.26,6.0,3.78,78.7,67.76
P049,OK,555.8,429.02,30.74,70.59,1.6,0.97,1.59,7.94,44.71,208.17,3.68,5.47,52.81,75.83
P049,OK,1009.51,195.83,30.46,52.3,0.47,2.82,0.91,3.97,71.09,323.2,1.74,7.89,73.99,67.03
P049,OK,1147.09,171.49,6.21,65.83,6.7,3.81,1.21,4.61,77.28,250.85,3.05,4.43,42.91,71.29
P049,OK,844.37,334.42,6.94,65.93,69.9,0.59,0.88,1.51,79.06,311.8,5.81,4.5,64.17,51.4
P049,OK,567.75,293.9,10.7,85.71,75.15,2.91,1.33,7.12,67.09,369.8,8.28,1.32,73.03,54.8
P049,OK,831.21,388.46,8.83,68.2,3.26,0.03,0.69,5.07,59.68,217.7,2.36,7.64,68.26,72.6
P049,OK,1020.86,557.9,31.61,71.09,9.1,2.09,0.26,2.52,60.06,382.95,8.19,3.82,85.06,66.09
P049,OK,727.4,616.55,13.3,68.59,73.34,2.16,1.31,7.43,67.55,205.25,1.72,6.16,65.31,67.85
P049,OK,431.91,110.82,7.55,64.91,4.99,0.41,1.36,3.32,59.74,255.95,8.4,4.97,67.65,49.51
P049,OK,1048.57,643.73,7.67,60.05,12.97,1.3,0.57,1.67,46.4,384.31,3.47,2.1,66.3,48.67
P049,OK,1192.61,619.2,2.34,61.1,40.79,3.15,0.36,7.45,58.31,197.84,4.61,7.03,75.44,52.44
P049,OK,320.53,292.44,9.59,66.15,66.49,3.04,1.49,3.08,43.93,396.63,8.29,6.85,45.42,71.61
P049,OK,568.14,408.22,22.51,62.56,32.23,1.01,0.89,6.25,64.31,434.56,7.2,4.99,41.55,70.01
P050,Very Good,840.01,243.22,14.87,93.24,4.09,2.8,0.19,1.23,65.99,408.78,1.41,9.88,55.01,96.23
P050,Very Good,994.62,561.62,7.07,95.55,36.07,5.28,1.02,6.42,66.75,353.18,10.37,9.13,67.7,63.63
P050,Very Good,615.65,725.34,6.09,101.9,50.17,3.11,1.43,10.11,63.59,402.65,6.39,3.24,62.04,62.94
P050,Very Good,1131.49,441.65,28.06,89.98,16.06,3.5,0.42,2.81,57.95,431.58,7.8,5.5,101.82,70.64
P050,Very Good,742.24,338.62,5.75,82.89,94.23,0.02,0.45,1.45,81.34,405.06,2.45,9.89,83.74,75.06
P050,Very Good,631.95,688.59,34.23,94.83,93.39,3.48,1.49,6.96,72.05,369.89,5.73,8.89,84.72,93.87
P050,Very Good,604.22,576.94,35.03,90.59,3.98,1.55,0.35,10.52,89.67,508.14,7.61,5.42,63.95,83.34
P050,Very Good,963.47,681.59,39.92,86.76,92.91,0.6,0.76,9.64,95.45,383.12,2.98,1.1,91.65,74.87
P050,Very Good,1057.2,400.69,19.22,78.37,10.57,4.21,0.6,4.71,63.5,307.15,4.45,2.23,68.45,75.06
P050,Very Good,1477.41,469.2,24.75,92.11,58.69,0.19,1.69,9.32,78.58,415.98,6.87,2.18,70.44,56.89
P050,Very Good,366.51,484.18,29.05,72.28,44.44,4.69,1.58,8.65,70.96,304.84,6.57,4.12,69.98,55.68
P050,Very Good,1384.19,273.23,36.16,95.41,108.27,4.62,1.45,7.6,100.86,292.06,6.74,4.17,81.36,99.42
P050,Very Good,904.22,619.24,23.8,70.22,83.33,2.15,1.93,3.89,94.68,368.73,4.01,2.17,61.48,103.48
P050,Very Good,330.81,384.89,19.59,77.67,14.63,2.66,1.49,1.31,60.57,388.55,2.01,5.47,64.99,91.16
P050,Very Good,438.14,547.52,5.22,92.46,48.55,2.1,0.85,6.56,78.79,517.29,2.42,3.32,61.96,95.85
P050,Very Good,1133.9,785.23,17.7,79.04,91.74,1.04,0.36,9.22,86.34,216.48,3.56,6.07,86.97,97.25
P050,Very Good,350.69,203.08,2.02,100.54,83.2,2.13,1.74,8.59,101.21,331.17,9.43,6.46,86.47,100.44
P050,Very Good,932.59,646.6,22.17,89.51,23.36,1.09,0.29,1.98,91.34,261.81,10.31,5.23,90.32,80.07
P050,Very Good,1483.14,776.76,11.04,88.18,72.52,3.49,1.76,4.65,62.05,360.6,7.21,1.68,69.52,78.29
P050,Very Good,1072.14,480.64,30.97,86.7,32.94,0.5,2.05,2.44,69.61,410.51,9.5,1.85,64.44,60.64
P050,Very Good,691.81,211.86,15.37,78.08,83.59,2.04,1.15,8.88,67.3,323.13,7.49,3.86,71.79,65.99
P050,Very Good,1034.16,506.0,38.21,100.83,36.2,4.07,1.27,9.04,78.13,485.59,10.78,6.65,60.43,92.03
P050,Very Good,691.94,557.11,3.14,101.55,12.81,1.76,1.17,2.11,56.12,523.04,1.98,5.23,100.68,106.19
P050,Very Good,925.83,419.54,23.23,93.34,72.08,4.56,0.73,3.33,102.41,372.65,1.78,7.74,73.57,95.02
P050,Very Good,1463.79,281.95,2.41,81.93,22.64,3.62,1.47,5.84,88.53,465.33,8.91,5.88,84.98,56.73
P050,Very Good,481.36,786.62,15.2,63.07,38.72,0.55,0.48,6.19,77.27,396.93,8.41,10.53,83.64,55.41
P050,Very Good,1321.85,614.37,18.15,93.47,41.69,2.42,1.0,3.75,89.63,304.65,10.78,2.36,67.52,79.97
P050,Very Good,773.58,500.66,27.33,78.85,43.68,4.94,0.88,10.2,77.04,234.26,3.47,3.66,78.02,88.45
P050,Very Good,496.76,176.45,5.66,74.0,71.36,5.12,1.39,7.73,104.67,450.56,9.55,4.09,62.11,77.4
P050,Very Good,547.03,142.84,33.88,75.09,43.86,1.68,1.7,4.47,70.85,386.74,1.62,3.5,73.22,76.86
P050,Very Good,760.62,168.19,23.72,81.97,28.36,1.64,1.84,1.68,106.9,441.42,2.2,4.67,54.99,71.17
P050,Very Good,721.02,457.36,1.96,74.34,87.11,2.19,1.61,2.05,74.13,227.03,5.43,7.19,54.3,68.67
P050,Very Good,1541.9,821.83,3.85,75.69,27.76,2.87,1.04,6.28,61.4,351.63,2.55,3.34,96.22,57.65
P050,Very Good,761.13,243.72,3.9,102.03,40.95,2.68,0.04,10.21,93.97,282.72,10.33,8.01,102.94,103.8
P050,Very Good,1103.0,217.63,16.06,66.21,19.09,2.16,0.61,4.54,91.9,376.23,2.81,3.59,105.32,76.34
P050,Very Good,1081.97,764.21,20.65,73.3,72.26,3.02,0.35,2.18,98.82,274.36,5.35,2.79,56.49,71.52
P050,Very Good,1532.36,558.02,4.29,105.66,78.91,3.65,0.76,5.14,63.58,404.95,3.62,7.67,55.33,108.46
P050,Very Good,1358.41,205.74,15.29,71.06,64.15,4.35,1.31,8.66,93.26,322.75,1.09,2.03,83.07,82.39
P050,Very Good,741.93,361.96,30.2,63.21,77.69,1.1,1.6,2.81,76.21,453.87,2.18,4.06,70.86,58.7
P050,Very Good,1454.75,205.14,25.1,67.11,78.25,2.93,0.34,6.09,99.69,214.24,9.77,9.15,97.87,61.11
P050,Very Good,708.01,510.09,20.92,87.48,51.57,3.19,1.85,7.8,97.52,403.7,4.84,6.89,87.88,66.27
P050,Very Good,1423.15,382.87,9.03,90.42,25.66,1.4,1.41,2.46,63.8,231.19,3.79,7.56,91.03,83.84
P050,Very Good,1030.57,673.93,2.51,97.91,83.88,1.26,1.56,7.67,75.82,358.92,7.52,6.74,58.43,83.15
P050,Very Good,473.87,695.59,14.84,78.31,98.2,3.8,0.94,8.18,99.94,492.76,6.65,1.9,100.28,77.88
P050,Very Good,1258.42,567.97,23.43,79.97,91.37,3.35,0.27,4.29,97.59,460.93,3.27,3.82,97.36,80.98
P050,Very Good,1307.95,380.47,33.21,83.02,85.23,2.14,0.37,7.39,58.52,255.14,1.56,5.21,98.33,58.11
P050,Very Good,1157.33,450.86,17.59,73.25,41.96,0.35,0.21,6.76,72.57,317.59,10.43,6.5,82.04,55.44
P050,Very Good,663.02,414.89,23.54,90.36,76.79,5.2,0.71,1.64,92.71,396.35,5.5,8.4,99.01,61.73
P050,Very Good,775.52,767.91,37.5,81.62,49.98,2.89,1.66,5.59,96.21,462.78,2.03,2.55,80.5,62.91
P050,Very Good,569.82,781.06,34.41,96.82,1.26,0.91,0.97,10.39,92.89,228.77,9.54,8.79,64.97,57.49
P050,Very Good,1224.46,389.05,36.42,84.66,52.19,4.61,1.24,5.53,99.74,228.11,5.15,10.19,104.46,102.87
P050,Very Good,911.15,396.02,28.12,105.23,56.92,1.23,1.05,4.3,102.3,475.98,1.3,9.33,96.17,77.19
P050,Very Good,1244.96,515.89,14.16,74.25,87.65,0.98,1.68,2.84,101.52,242.49,9.94,6.63,66.3,69.45
P050,Very Good,492.54,439.74,34.81,73.27,37.02,0.66,0.2,8.35,92.4,367.99,3.35,4.17,58.74,93.6
P050,Very Good,1216.08,164.94,4.35,100.64,56.05,1.7,0.6,3.58,93.21,304.65,5.9,1.29,100.74,81.97
P050,Very Good,674.71,610.32,25.69,79.66,19.91,2.7,0.37,9.17,69.9,460.02,3.77,6.41,81.1,71.43
P050,Very Good,1277.41,544.45,12.66,92.98,83.16,0.94,1.66,5.82,69.75,332.11,9.02,5.99,70.6,104.28
P050,Very Good,684.52,204.41,36.93,72.0,77.81,2.32,1.06,1.44,99.18,439.48,4.23,7.1,80.9,66.2
P050,Very Good,1323.05,377.75,32.4,101.58,74.77,2.11,1.55,2.72,70.29,424.88,3.02,2.81,74.82,97.31
P050,Very Good,435.15,307.1,36.09,67.38,97.72,3.17,0.67,1.7,62.46,316.55,9.23,8.26,85.98,91.56
P050,Very Good,1272.83,335.9,23.8,95.96,83.74,0.75,1.77,7.23,60.23,297.62,6.51,7.55,74.87,74.22
P050,Very Good,1134.85,818.41,13.05,64.75,25.67,0.03,0.79,6.11,63.32,461.54,9.18,1.49,88.54,64.26
P050,Very Good,1117.47,669.62,23.01,78.81,29.78,1.22,1.0,9.36,59.44,292.64,5.48,9.32,72.55,64.07
P050,Very Good,1181.84,455.66,10.46,67.74,22.44,3.79,1.09,2.78,65.42,442.05,7.95,7.82,71.83,89.33
P050,Very Good,882.29,610.63,14.82,89.73,48.78,0.65,0.26,7.28,61.43,370.9,4.45,8.82,54.88,77.86
P050,Very Good,379.99,449.43,25.7,88.98,38.37,1.9,1.93,8.04,106.07,340.99,8.53,2.32,75.55,71.75
P050,Very Good,923.05,173.12,3.08,94.39,22.1,2.99,0.42,6.33,89.4,282.49,5.9,2.81,64.52,76.73
P050,Very Good,489.95,614.34,40.81,96.6,83.75,4.85,1.19,6.87,90.75,426.53,9.1,9.36,99.34,100.44
P050,Very Good,1303.42,413.45,24.79,79.81,69.16,1.67,1.81,9.46,77.22,515.83,5.06,8.95,93.7,89.33
P050,Very Good,617.07,385.39,27.87,67.5,17.62,3.95,1.01,5.1,82.2,383.73,4.01,4.39,55.83,90.4
P050,Very Good,981.24,665.5,36.03,64.46,98.11,3.41,0.38,1.41,78.64,224.68,6.73,2.26,105.09,66.64
P050,Very Good,1128.06,154.94,5.67,88.79,34.73,2.38,1.98,8.44,61.01,323.37,10.47,8.3,98.31,104.58
P050,Very Good,1319.51,471.75,36.64,89.29,72.68,2.75,0.5,2.43,84.96,502.04,7.45,7.46,60.59,67.41
P050,Very Good,570.16,542.94,29.37,77.03,23.74,0.11,0.02,2.15,72.72,366.39,1.46,7.35,61.84,93.35
P050,Very Good,1142.59,543.81,9.51,83.75,60.08,3.0,0.52,5.79,87.58,224.12,3.83,1.97,87.76,85.13
P050,Very Good,679.85,303.61,15.74,73.02,13.46,1.71,2.06,5.86,99.57,366.14,5.38,8.29,51.02,82.18
P050,Very Good,1538.77,336.69,36.9,84.05,22.77,3.23,1.93,9.35,55.58,382.85,5.99,7.45,82.5,71.83
P050,Very Good,1464.09,729.11,28.34,69.86,27.37,2.11,1.2,2.14,52.22,369.17,2.6,3.78,106.19,104.53
P050,Very Good,424.01,687.33,4.3,79.37,75.79,0.46,1.55,2.63,77.38,253.27,4.86,7.97,90.9,66.06
P050,Very Good,463.43,245.24,18.14,70.83,39.2,3.14,1.79,8.61,59.25,426.3,1.34,7.52,99.11,100.47
P050,Very Good,663.44,509.46,10.23,90.68,35.93,5.34,1.7,5.41,93.35,478.84,8.25,8.42,88.84,89.78
P050,Very Good,1114.95,427.69,16.0,105.3,63.09,0.3,1.58,5.0,73.23,275.85,3.09,4.14,93.41,83.91
P050,Very Good,650.62,560.84,26.64,63.75,11.11,2.02,1.97,9.82,99.61,461.22,2.84,2.22,74.96,58.8
P050,Very Good,1099.77,242.04,38.02,77.86,86.64,2.51,0.25,4.49,76.71,402.2,3.71,9.74,63.63,94.03
P050,Very Good,1495.29,854.1,22.71,97.45,51.41,3.29,0.97,3.72,71.43,268.23,7.89,9.94,92.57,60.66
P050,Very Good,916.26,300.32,10.29,80.04,64.85,4.51,1.94,5.01,73.05,416.64,6.72,2.89,97.86,76.64
P050,Very Good,1357.85,594.7,14.82,93.43,11.68,2.58,0.13,2.95,83.88,272.89,6.83,7.57,81.68,92.83
P050,Very Good,1329.86,608.51,22.46,88.71,59.26,5.32,1.91,1.87,80.18,254.22,8.27,6.67,58.11,88.66
P050,Very Good,595.67,567.54,22.69,63.3,38.38,2.44,1.46,2.22,59.3,242.09,2.61,5.29,57.22,95.99
P050,Very Good,1112.2,379.3,29.54,65.22,0.19,1.84,0.13,4.63,50.98,254.1,8.26,1.94,68.22,63.68
P050,Very Good,842.19,717.48,38.04,76.39,53.93,2.87,1.75,1.56,59.25,401.53,6.44,7.95,59.91,81.16
P050,Very Good,845.47,662.05,29.88,66.55,35.66,1.35,1.52,2.77,62.74,432.77,8.36,2.42,86.26,50.58
P050,Very Good,425.23,412.61,32.21,65.81,40.12,1.06,0.26,5.75,84.24,370.86,7.19,2.38,99.99,67.38
P050,Very Good,1203.71,767.3,34.65,91.01,70.21,3.09,1.84,7.52,67.48,387.39,7.23,2.23,79.17,77.37
P050,Very Good,993.14,146.43,5.74,64.81,9.44,4.91,0.17,8.12,98.3,361.83,8.48,3.86,79.41,95.0
P050,Very Good,1600.56,282.75,25.7,87.38,86.44,1.24,1.58,1.57,96.81,298.12,4.41,3.58,99.42,64.22
P050,Very Good,1504.94,202.61,24.09,93.89,72.6,1.25,0.44,2.72,94.67,521.28,2.17,3.96,75.42,105.74
P050,Very Good,481.97,117.64,29.05,85.98,44.5,1.39,0.55,8.28,90.86,338.98,10.73,3.27,82.77,58.04
P050,Very Good,726.82,225.39,2.9,91.36,79.1,4.39,0.74,9.65,89.73,337.93,10.21,10.01,88.07,55.49
P050,Very Good,464.89,231.81,21.19,73.05,89.25,2.9,0.93,10.02,53.77,511.95,6.67,7.7,83.39,50.93
P051,Very Good,1395.37,700.88,5.82,72.77,68.35,0.16,1.14,1.97,92.44,275.47,8.66,8.93,73.18,88.08
P051,Very Good,534.87,677.8,34.98,91.66,59.41,1.6,0.61,3.46,70.89,454.91,2.33,3.96,58.85,71.22
P051,Very Good,1116.27,353.74,12.08,65.93,35.99,0.65,0.75,7.85,54.18,461.21,5.05,2.43,76.43,83.67
P051,Very Good,834.56,239.93,25.9,71.34,56.58,1.36,0.53,7.04,80.62,306.81,3.89,9.84,54.65,91.76
P051,Very Good,683.21,267.01,24.66,79.26,57.28,0.76,1.13,3.85,69.2,519.4,8.87,8.99,70.57,61.51
P051,Very Good,1027.77,739.06,27.0,72.79,73.92,4.51,0.89,8.22,76.37,262.68,8.07,7.9,91.7,54.03
P051,Very Good,1085.05,491.48,3.84,81.24,88.5,0.83,0.74,4.25,77.99,256.64,2.39,4.59,67.8,82.53
P051,Very Good,1283.56,549.54,41.37,105.34,100.46,3.21,1.21,3.86,78.2,380.35,4.96,9.39,61.85,61.48
P051,Very Good,1481.76,384.44,39.2,103.57,98.16,0.91,0.3,4.2,65.9,217.69,3.0,6.63,94.77,95.99
P051,Very Good,784.45,562.68,40.32,81.58,82.32,0.61,1.1,1.93,83.41,236.64,3.78,3.75,79.87,75.64
P051,Very Good,749.25,579.67,30.58,91.67,26.83,5.1,1.04,4.59,92.75,267.94,7.6,6.16,72.79,53.5
P051,Very Good,1279.99,197.31,23.19,95.67,87.66,3.12,0.62,7.53,68.32,381.82,3.34,2.0,95.01,81.09
P051,Very Good,873.48,679.86,6.99,99.91,15.58,3.01,0.78,7.38,58.48,406.51,1.7,3.69,75.69,53.88
P051,Very Good,507.37,204.69,33.73,94.82,41.71,3.31,1.86,1.84,71.93,342.23,7.11,5.32,66.88,53.33
P051,Very Good,959.85,668.98,34.06,72.29,12.07,3.19,1.08,5.2,79.84,373.75,2.59,9.25,63.74,83.26
P051,Very Good,1119.55,508.74,22.43,78.3,79.58,3.61,0.15,9.32,92.12,512.19,4.76,2.15,101.87,102.39
P051,Very Good,452.64,257.2,39.82,79.57,3.69,1.56,0.43,10.08,99.95,329.48,4.42,7.37,97.95,98.2
P051,Very Good,1193.16,370.07,41.19,72.61,57.91,2.37,0.45,5.37,64.63,481.54,9.4,2.25,90.29,102.64
P051,Very Good,862.3,418.83,2.7,67.47,81.67,4.5,0.86,4.1,103.49,506.79,3.9,9.82,65.76,90.45
P051,Very Good,1253.7,809.34,31.19,95.11,59.48,3.81,1.72,2.78,93.79,459.34,4.63,10.18,92.02,52.14
P051,Very Good,1559.9,256.24,3.29,81.17,65.56,4.9,0.11,9.88,107.91,388.51,3.85,8.67,97.69,90.42
P051,Very Good,799.2,128.92,19.42,97.52,74.44,5.16,1.38,7.03,63.53,296.0,7.71,1.06,69.33,88.65
P051,Very Good,1176.53,204.63,17.76,71.01,68.82,3.89,0.77,8.19,79.96,383.77,3.21,3.45,94.54,79.52
P051,Very Good,441.21,130.06,39.42,67.9,17.9,4.7,0.63,8.8,96.51,351.0,4.23,6.75,60.08,86.38
P051,Very Good,673.71,396.17,6.92,101.25,53.39,2.34,0.44,9.17,54.08,259.44,10.78,5.23,98.23,99.93
P051,Very Good,1186.61,390.11,2.01,74.76,87.35,3.59,0.11,6.25,88.83,432.35,9.09,4.79,101.32,78.31
P051,Very Good,1256.89,500.76,19.69,96.39,51.49,4.96,1.56,9.43,54.93,427.29,2.54,10.31,86.99,85.22
P051,Very Good,1167.5,289.61,22.33,94.61,12.01,1.82,1.41,8.29,69.44,374.97,3.71,2.11,73.72,72.6
P051,Very Good,1051.99,112.63,25.4,73.63,24.04,0.48,1.76,3.47,67.01,252.58,9.52,9.95,78.31,98.57
P051,Very Good,699.02,508.88,27.22,86.95,76.73,2.37,1.5,8.77,57.39,482.4,1.63,8.48,75.12,52.82
P051,Very Good,1559.41,724.96,36.77,70.54,35.17,3.34,1.74,6.99,82.41,371.82,7.64,2.03,59.67,95.36
P051,Very Good,1078.55,228.37,34.85,63.83,9.99,3.65,2.06,6.17,94.74,285.06,5.11,3.89,77.23,91.98
P051,Very Good,1415.35,857.43,25.79,104.48,31.49,4.5,0.46,9.38,75.56,337.13,1.87,4.22,74.31,88.44
P051,Very Good,1282.69,780.39,35.66,97.98,101.71,3.96,1.44,3.95,91.11,279.0,2.97,2.36,81.38,57.35
P051,Very Good,715.98,587.38,6.45,102.42,34.55,0.33,0.53,10.15,98.79,291.14,9.89,9.47,75.07,97.84
P051,Very Good,1268.67,186.23,11.68,71.01,81.45,2.26,1.0,1.12,73.72,240.92,8.97,1.32,94.4,100.11
P051,Very Good,920.15,518.56,2.38,64.89,81.44,4.12,0.12,6.07,71.17,345.51,2.78,5.87,85.55,71.25
P051,Very Good,1413.52,158.73,19.04,79.02,2.9,4.0,0.59,4.59,77.24,293.25,9.74,8.59,90.28,94.61
P051,Very Good,642.78,502.61,2.77,86.54,92.67,0.92,1.37,6.78,52.03,395.08,1.15,9.73,93.26,86.31
P051,Very Good,540.02,175.22,41.28,75.7,22.48,1.16,1.95,1.87,86.14,416.02,1.38,7.05,51.71,78.12
P051,Very Good,1198.92,729.79,21.27,84.9,85.79,1.39,1.61,8.99,68.56,479.72,2.48,9.92,85.81,70.12
P051,Very Good,720.29,762.16,25.13,99.21,81.91,3.15,1.16,1.95,73.21,367.67,8.7,3.99,104.01,87.26
P051,Very Good,1178.15,188.95,30.76,98.71,79.6,1.18,1.0,3.01,99.2,445.31,7.71,2.6,95.42,93.64
P051,Very Good,1543.86,589.34,35.96,69.6,36.83,1.22,1.5,5.8,85.05,401.76,2.91,2.4,97.29,60.78
P051,Very Good,860.98,616.1,9.96,89.59,18.64,1.17,0.92,6.56,93.45,381.68,9.59,8.36,50.26,58.08
P051,Very Good,1260.12,776.64,13.8,100.83,16.59,1.22,0.38,10.3,70.21,220.6,10.32,5.69,71.86,80.03
P051,Very Good,1043.09,399.94,11.33,102.44,58.72,0.65,0.28,7.6,97.93,349.02,6.97,8.82,61.22,101.79
P051,Very Good,1512.62,525.64,15.5,66.5,70.18,0.51,1.67,1.54,99.27,513.74,8.47,4.69,68.54,76.78
P051,Very Good,1081.58,612.23,13.54,85.0,14.9,3.7,1.26,3.89,79.57,214.92,1.93,7.47,53.26,82.18
P051,Very Good,1567.82,311.86,16.03,87.51,25.45,3.38,0.99,1.84,60.48,475.75,4.79,6.09,65.52,59.9
P051,Very Good,1152.96,425.33,17.19,67.57,100.37,1.18,1.86,3.71,51.75,350.92,8.19,1.95,55.17,92.29
P051,Very Good,469.75,541.78,29.48,92.29,20.16,1.08,1.26,3.75,57.4,497.27,3.7,3.42,60.43,94.01
P051,Very Good,1135.57,510.68,21.31,73.28,9.58,3.81,0.7,8.74,66.02,353.94,8.4,5.04,82.32,70.63
P051,Very Good,1003.41,468.87,30.32,66.12,2.99,3.44,1.29,1.35,73.28,394.43,2.11,3.6,56.15,103.21
P051,Very Good,1220.16,533.77,16.66,95.79,40.35,4.77,0.69,3.59,90.58,359.93,5.42,7.97,94.43,95.04
P051,Very Good,686.38,633.89,31.98,71.02,89.19,2.05,1.25,3.07,61.68,401.77,8.4,4.73,78.25,103.19
P051,Very Good,1361.42,287.54,31.21,87.72,74.15,1.41,0.39,7.51,91.9,490.27,5.28,8.55,78.42,55.45
P051,Very Good,1471.76,136.6,16.96,75.34,90.42,5.16,0.91,10.86,89.64,231.24,8.34,3.38,106.23,51.23
P051,Very Good,1065.3,382.87,1.14,82.07,20.74,3.53,1.2,5.8,101.4,307.21,1.91,2.88,101.59,71.46
P051,Very Good,750.42,792.11,37.31,98.36,12.2,2.71,1.59,7.21,78.9,236.92,3.73,10.5,101.5,56.73
P051,Very Good,1059.29,597.84,27.92,67.4,58.38,1.43,1.18,10.07,87.77,330.87,2.39,1.54,67.18,62.59
P051,Very Good,1134.29,112.21,13.94,84.85,62.15,3.68,0.32,6.13,97.33,487.3,1.05,1.94,57.86,74.22
P051,Very Good,577.63,205.93,35.23,100.12,58.34,2.18,0.51,8.07,67.34,216.7,2.93,8.26,80.55,58.27
P051,Very Good,1183.29,283.72,8.37,97.03,5.84,0.31,1.83,4.21,71.97,243.11,4.52,2.47,102.6,60.02
P051,Very Good,1127.3,117.85,15.56,72.33,85.91,1.23,1.93,4.56,93.79,230.38,9.49,1.71,55.16,62.44
P051,Very Good,340.85,444.41,6.02,101.42,72.82,3.25,0.77,2.6,104.91,275.24,4.97,4.97,68.63,60.39
P051,Very Good,633.32,760.61,8.39,69.72,39.7,4.54,0.06,10.65,92.65,230.73,3.97,4.15,66.48,85.34
P051,Very Good,1618.99,676.0,4.33,72.64,73.16,4.84,0.43,8.39,100.14,490.69,7.17,3.5,67.51,91.49
P051,Very Good,1192.17,388.31,40.16,62.88,36.55,1.15,0.67,5.12,83.08,456.67,2.62,7.32,76.98,74.81
P051,Very Good,1255.49,802.41,12.13,89.91,57.95,2.13,1.04,7.77,106.4,495.28,6.94,1.49,82.07,81.77
P051,Very Good,1157.31,410.42,23.8,76.8,21.77,5.09,2.03,7.4,75.86,354.47,3.41,6.67,99.66,88.02
P051,Very Good,1319.14,127.36,31.52,74.27,69.43,3.59,1.11,7.45,87.69,388.39,5.06,1.98,103.03,50.62
P051,Very Good,506.9,476.13,8.58,70.39,7.92,0.49,0.68,2.33,79.76,352.33,2.22,5.44,78.98,60.76
P051,Very Good,1419.41,687.76,20.68,90.69,19.67,4.23,0.54,6.47,100.46,394.03,8.8,5.33,55.84,67.93
P051,Very Good,1051.28,664.65,16.98,70.69,24.7,2.21,1.92,10.05,65.88,293.83,3.56,5.21,55.83,84.89
P051,Very Good,959.06,751.03,8.54,107.31,59.53,0.29,1.29,8.77,93.9,429.63,9.6,3.61,93.84,87.07
P051,Very Good,1453.26,533.36,33.91,78.6,21.58,1.94,0.86,8.89,70.41,335.39,9.1,4.47,95.45,56.56
P051,Very Good,1480.32,725.29,35.62,94.68,62.96,0.68,0.63,5.67,85.32,250.61,1.06,8.62,87.58,59.62
P051,Very Good,1564.43,150.41,40.19,80.21,56.53,2.77,1.55,7.17,101.43,277.09,4.74,3.24,62.66,62.87
P051,Very Good,752.33,475.56,31.77,71.62,2.34,1.2,0.36,1.17,75.35,218.25,8.59,8.04,54.37,97.74
P051,Very Good,559.28,216.9,34.63,73.23,66.65,1.98,1.06,2.75,76.31,332.98,4.43,2.61,54.26,80.13
P051,Very Good,742.13,821.74,13.27,90.17,45.45,2.79,0.89,5.55,78.37,484.55,6.29,9.75,90.62,53.69
P051,Very Good,1072.72,711.11,36.78,81.35,87.45,2.05,0.19,3.0,93.92,316.54,1.14,7.35,94.87,73.18
P051,Very Good,336.48,549.75,25.56,89.13,65.65,0.14,0.78,8.52,53.1,451.16,9.6,9.1,66.04,91.67
P051,Very Good,1316.22,164.78,12.95,63.11,81.85,3.55,0.97,3.61,73.79,270.84,4.28,1.51,97.49,54.09
P051,Very Good,498.19,807.88,30.02,82.97,102.33,4.74,2.12,6.18,98.12,241.18,8.86,7.57,95.37,61.69
P051,Very Good,1176.49,154.26,19.05,84.2,9.49,1.41,1.01,8.85,93.31,394.09,6.81,7.25,75.77,53.49
P051,Very Good,1044.54,460.57,18.97,97.92,77.34,4.81,0.75,5.59,91.55,426.22,8.66,9.78,67.15,55.2
P051,Very Good,1055.91,709.92,32.98,81.41,65.9,0.13,0.41,5.88,68.31,217.68,7.37,2.15,61.32,53.85
P051,Very Good,1052.89,543.04,5.09,74.74,49.62,3.77,0.27,1.41,90.61,399.02,6.07,1.25,103.88,103.49
P051,Very Good,1406.27,640.65,23.75,98.69,105.05,1.85,0.84,6.71,67.21,285.58,9.03,5.5,79.98,51.61
P051,Very Good,632.36,255.09,3.22,77.18,26.59,1.14,0.35,4.16,74.05,368.18,8.46,1.85,69.78,80.77
P051,Very Good,1045.09,511.51,42.82,81.36,43.62,0.48,0.74,6.41,82.29,304.75,3.04,8.62,60.42,56.63
P051,Very Good,1204.96,648.24,21.43,102.63,93.9,2.69,1.1,6.02,69.86,328.92,9.6,1.18,68.76,106.86
P051,Very Good,376.42,686.04,9.29,73.04,6.21,2.04,1.97,4.89,84.32,357.35,10.34,2.69,60.25,87.31
P051,Very Good,1167.48,473.65,8.17,92.31,101.67,2.23,0.75,5.78,75.45,454.91,7.51,4.03,101.24,65.39
P051,Very Good,1084.43,184.53,9.38,68.62,101.77,2.94,0.41,8.32,79.27,309.58,2.29,3.49,75.01,57.86
P051,Very Good,833.57,512.85,31.73,98.93,24.98,4.19,0.23,5.29,98.36,228.88,8.97,4.8,104.7,56.3
P051,Very Good,1028.3,361.62,13.17,83.48,65.37,0.63,0.92,2.72,106.83,471.73,6.11,7.48,60.92,64.57
P051,Very Good,360.39,360.62,6.32,100.23,7.44,0.47,0.44,7.46,104.75,269.81,10.29,9.55,65.92,91.34
P052,Excellent,815.2,860.18,12.34,94.67,34.05,3.1,1.01,8.13,114.73,392.08,4.39,6.88,100.48,99.24
P052,Excellent,1150.48,132.41,4.69,123.65,58.44,5.32,2.04,7.17,93.08,482.32,2.94,6.83,71.15,68.95
P052,Excellent,1419.96,603.2,25.94,105.06,96.32,1.07,1.04,4.69,94.81,237.8,3.01,9.86,95.17,107.35
P052,Excellent,1625.98,799.23,2.32,99.19,76.87,1.29,0.45,8.56,82.23,312.28,1.59,10.63,78.71,71.94
P052,Excellent,868.45,298.29,36.08,75.61,22.02,2.61,0.04,2.47,106.76,571.31,7.02,10.52,66.33,89.68
P052,Excellent,1463.44,134.07,17.09,94.88,39.48,1.77,1.26,5.07,112.51,484.04,2.7,10.04,88.61,70.85
P052,Excellent,1011.98,123.22,40.48,96.45,16.28,1.4,2.01,4.67,102.77,439.91,10.25,11.33,66.45,82.92
P052,Excellent,782.7,513.92,22.2,88.14,43.45,2.91,1.97,9.91,80.01,404.22,1.56,9.2,87.06,112.17
P052,Excellent,1176.0,917.0,29.9,104.88,8.56,2.6,0.51,6.99,63.41,283.48,10.58,8.43,83.29,80.48
P052,Excellent,1893.36,311.7,13.95,91.67,14.63,4.56,1.5,11.05,109.8,297.31,8.4,3.15,98.88,75.14
P052,Excellent,757.22,431.52,21.66,76.09,104.59,3.5,2.41,9.42,97.8,246.15,1.73,1.3,61.25,104.4
P052,Excellent,1070.32,527.97,44.85,108.32,85.99,0.79,0.42,3.31,83.14,332.47,9.45,10.97,113.33,79.4
P052,Excellent,1045.63,782.06,17.81,81.38,77.11,3.67,0.99,8.24,63.58,298.46,7.22,2.67,105.66,120.14
P052,Excellent,1227.25,341.49,8.35,116.65,51.83,3.5,0.58,11.13,100.18,466.73,3.64,4.58,107.76,88.68
P052,Excellent,1150.54,546.55,5.65,109.54,80.43,0.59,1.29,1.47,110.18,288.78,10.66,5.24,73.73,73.52
P052,Excellent,817.67,684.51,29.35,100.44,13.95,0.33,1.64,10.46,74.08,553.56,4.65,9.23,62.97,103.84
P052,Excellent,396.43,249.12,8.14,72.96,27.59,1.6,2.09,6.16,74.15,270.16,9.13,5.14,114.42,71.08
P052,Excellent,1759.48,413.74,4.35,80.76,78.77,0.8,0.73,10.73,59.49,435.69,9.69,9.7,88.26,110.01
P052,Excellent,826.32,617.57,8.93,105.82,110.45,1.53,0.91,10.33,113.38,441.18,3.53,10.87,100.19,91.2
P052,Excellent,503.4,577.57,15.94,72.8,26.59,3.39,1.12,8.22,97.12,563.14,9.74,6.74,74.85,86.22
P052,Excellent,1446.17,575.18,2.76,98.51,102.65,0.89,1.99,8.76,107.96,369.11,11.42,7.67,84.29,66.21
P052,Excellent,433.43,368.1,41.65,111.28,3.38,5.37,0.64,12.49,89.83,309.13,6.66,6.14,70.85,100.28
P052,Excellent,457.03,518.11,3.5,96.07,75.61,5.4,2.4,11.35,81.04,251.28,7.7,7.89,117.0,118.56
P052,Excellent,443.24,317.85,17.38,77.63,103.89,1.2,1.02,6.42,100.89,249.39,11.51,8.37,71.61,118.6
P052,Excellent,863.97,667.54,45.74,73.69,63.75,5.48,0.37,5.91,116.81,240.63,9.31,9.31,72.38,97.3
P052,Excellent,707.75,615.25,46.22,92.17,8.94,5.39,1.41,11.3,107.03,542.88,2.72,3.16,72.8,90.36
P052,Excellent,994.46,1025.28,15.25,81.66,95.98,6.35,1.97,10.19,74.63,316.9,4.81,9.83,108.61,73.96
P052,Excellent,1629.61,574.3,22.54,114.93,37.28,2.51,0.23,9.56,113.87,416.97,8.0,10.94,100.13,70.0
P052,Excellent,764.28,440.74,6.92,111.07,94.28,5.56,0.62,7.35,61.4,484.95,4.16,4.06,96.41,78.58
P052,Excellent,1217.53,203.27,40.67,120.78,91.27,4.46,1.55,8.99,89.86,361.37,1.7,2.87,68.78,87.78
P052,Excellent,1069.08,280.24,6.11,121.78,84.06,1.7,2.16,5.47,83.83,568.83,4.16,4.64,69.67,109.34
P052,Excellent,1422.36,794.13,37.69,84.82,7.62,0.57,1.31,10.79,60.66,469.76,7.3,5.76,97.38,76.63
P052,Excellent,1389.04,168.51,40.33,84.56,20.01,4.18,0.07,7.94,114.2,234.51,3.74,4.72,78.68,61.22
P052,Excellent,1345.87,1001.98,28.38,82.06,88.82,2.44,1.73,4.82,120.94,526.29,6.92,6.82,70.81,73.92
P052,Excellent,1796.49,827.67,16.66,88.91,117.68,1.17,1.06,2.04,66.34,578.27,5.92,5.46,109.44,72.5
P052,Excellent,841.82,141.49,31.09,89.26,61.0,5.46,1.07,1.76,76.48,278.31,11.66,3.78,126.37,119.8
P052,Excellent,536.83,366.08,7.74,94.0,74.94,0.04,1.33,6.72,111.57,347.14,1.83,9.85,71.65,94.16
P052,Excellent,1104.44,217.06,6.24,107.27,23.63,5.45,0.81,7.4,110.41,250.02,7.48,4.94,92.39,125.32
P052,Excellent,792.25,665.11,8.96,95.13,7.31,4.48,2.33,9.1,103.41,611.69,2.56,8.62,112.29,104.23
P052,Excellent,1289.29,740.31,21.6,86.09,73.6,4.9,0.36,3.78,68.34,260.14,6.2,7.73,74.57,95.79
P052,Excellent,1075.87,677.83,20.99,90.9,30.38,1.25,0.26,7.76,82.92,404.27,7.3,9.23,73.05,114.95
P052,Excellent,461.84,812.31,4.9,117.6,93.22,1.05,1.81,8.49,122.72,456.56,3.21,3.41,103.83,81.08
P052,Excellent,1378.38,795.97,28.96,98.86,37.42,5.27,2.23,1.95,121.55,491.56,12.15,10.3,97.24,112.84
P052,Excellent,1372.87,872.12,22.83,112.93,11.31,4.88,0.79,10.8,107.8,285.19,8.1,1.86,63.56,112.44
P052,Excellent,1133.24,291.84,3.57,101.95,95.11,1.67,1.66,10.11,89.59,274.33,10.92,6.33,97.02,87.06
P052,Excellent,1506.22,257.49,29.1,88.06,42.41,5.67,0.62,4.18,74.91,355.75,11.81,4.93,61.06,71.27
P052,Excellent,995.65,606.63,19.97,91.26,35.77,1.73,1.78,4.06,65.35,296.96,2.98,10.03,91.22,96.0
P052,Excellent,1113.73,561.87,32.5,90.81,107.7,1.35,0.85,12.44,81.83,480.38,1.3,5.57,69.18,93.21
P052,Excellent,1252.85,508.06,43.48,103.84,53.48,3.51,0.72,10.38,102.28,364.12,6.77,8.92,70.3,107.4
P052,Excellent,521.98,426.53,18.38,81.19,106.96,1.62,2.12,8.95,79.71,369.77,4.16,7.44,93.68,74.12
P052,Excellent,1162.91,387.25,36.47,99.66,48.0,2.46,2.14,5.06,123.15,487.2,7.3,2.73,106.51,85.37
P052,Excellent,887.9,908.46,31.21,119.57,24.55,4.21,2.13,7.23,111.11,501.03,6.21,10.16,95.56,94.4
P052,Excellent,1642.31,254.38,3.74,78.56,87.88,2.69,1.0,12.3,65.93,582.28,8.56,8.13,105.41,103.35
P052,Excellent,536.26,447.12,35.66,118.09,69.28,5.01,1.55,10.95,79.37,385.44,4.23,2.7,105.19,114.75
P052,Excellent,1383.61,863.2,4.92,110.72,64.61,5.09,0.63,5.24,97.79,515.23,2.97,6.69,79.81,93.45
P052,Excellent,662.67,641.24,32.52,86.47,61.39,1.08,0.55,9.42,108.72,261.08,8.06,8.08,102.83,88.31
P052,Excellent,787.63,818.44,41.34,76.35,113.43,3.1,2.42,5.59,77.28,391.08,3.79,4.97,102.75,70.08
P052,Excellent,1605.91,444.85,39.08,92.08,55.81,1.71,0.25,10.85,103.72,501.35,12.35,5.48,84.23,65.77
P052,Excellent,469.3,628.24,18.83,102.13,28.2,0.99,1.92,10.83,79.02,262.05,4.25,9.41,117.48,61.19
P052,Excellent,942.0,640.36,42.04,108.33,43.08,0.46,1.79,9.49,107.4,590.51,2.21,2.75,72.65,74.18
P052,Excellent,716.1,167.24,38.4,99.01,50.58,0.62,1.92,3.51,78.14,448.71,5.17,4.49,82.55,98.26
P052,Excellent,1241.69,884.94,45.56,120.66,88.0,4.92,2.1,9.63,102.72,440.05,9.78,3.22,86.22,69.77
P052,Excellent,1652.38,792.81,6.11,108.15,92.37,2.8,0.71,7.82,94.14,239.95,7.07,1.49,75.96,97.13
P052,Excellent,1529.55,406.06,8.85,83.21,91.69,0.07,1.69,10.78,79.33,527.05,5.48,10.69,59.42,96.59
P052,Excellent,1612.41,279.77,48.37,90.72,19.84,4.54,1.23,9.51,84.58,237.58,8.83,3.7,101.67,107.37
P052,Excellent,1785.4,236.53,16.04,79.79,46.44,5.19,1.7,1.62,70.8,370.74,9.51,7.31,95.77,104.6
P052,Excellent,1413.41,874.33,22.79,101.43,107.51,4.15,1.24,10.91,69.72,545.14,1.36,2.07,96.35,97.97
P052,Excellent,589.47,300.21,37.56,107.94,101.76,1.31,2.17,8.0,59.33,311.91,4.74,8.78,128.41,79.51
P052,Excellent,923.61,618.05,29.71,107.47,92.88,2.44,0.72,3.56,98.17,390.03,6.02,4.11,75.2,61.53
P052,Excellent,1447.21,153.42,31.62,115.91,70.19,3.92,0.27,4.37,122.51,362.54,8.36,11.27,119.91,102.05
P052,Excellent,403.92,842.5,2.17,111.34,81.27,0.88,0.4,3.99,122.44,470.95,3.85,3.07,105.29,110.13
P052,Excellent,1186.72,260.59,13.13,111.25,74.0,3.73,0.08,6.85,97.86,493.43,3.86,4.74,96.49,66.71
P052,Excellent,1556.88,435.34,50.09,101.09,74.56,2.99,1.85,3.82,88.28,247.11,4.45,4.77,78.95,79.55
P052,Excellent,908.15,517.93,37.94,107.32,119.46,5.53,0.19,6.25,97.68,561.77,10.62,2.9,113.4,63.11
P052,Excellent,1521.84,759.27,17.36,109.69,97.88,0.17,1.75,2.77,80.23,460.99,9.57,6.99,103.37,91.32
P052,Excellent,613.82,629.57,47.41,87.56,78.03,3.49,0.07,9.72,94.3,460.31,7.57,3.24,113.12,114.29
P052,Excellent,1119.03,814.73,27.62,90.93,102.62,3.59,1.89,6.2,67.72,487.29,3.31,2.15,64.19,66.44
P052,Excellent,1579.55,814.19,20.34,87.95,54.1,1.92,1.16,11.17,71.1,521.22,11.14,7.21,88.93,58.93
P052,Excellent,1136.31,802.81,29.92,88.95,70.12,1.72,0.41,3.4,120.86,517.66,5.46,8.53,111.29,105.29
P052,Excellent,1264.47,396.57,36.93,97.36,66.28,5.58,0.99,7.83,60.24,565.6,3.0,6.44,61.62,121.98
P052,Excellent,1117.28,664.55,31.58,72.27,66.9,1.89,1.4,4.6,72.69,285.54,4.9,5.37,86.73,72.06
P052,Excellent,1397.96,447.6,5.97,107.32,101.84,2.73,1.65,7.87,112.53,332.76,3.07,10.87,73.81,75.94
P052,Excellent,1689.47,148.19,24.65,113.58,88.71,0.65,1.93,4.39,59.7,371.08,4.56,3.38,77.3,84.94
P052,Excellent,1791.62,458.83,3.42,81.44,50.42,0.85,2.07,9.57,100.27,429.6,3.61,4.71,87.81,84.96
P052,Excellent,1650.77,917.24,14.52,86.3,18.86,4.24,0.78,5.53,85.68,600.79,7.03,11.53,61.27,103.2
P052,Excellent,1495.71,843.41,38.8,109.11,39.24,0.37,2.04,9.19,101.94,475.95,10.07,2.66,79.78,75.02
P052,Excellent,639.38,498.35,21.57,93.38,46.89,4.06,0.95,2.99,96.49,356.69,5.09,9.35,87.78,119.58
P052,Excellent,392.32,136.9,13.22,109.14,58.0,5.57,0.09,8.24,110.37,372.14,6.43,9.56,114.8,110.17
P052,Excellent,616.37,868.11,46.39,104.67,93.12,1.77,1.26,12.27,118.96,252.47,6.18,1.97,112.86,99.08
P052,Excellent,816.64,534.91,28.82,110.99,60.36,6.05,1.89,2.19,79.97,563.13,3.46,3.16,70.09,103.91
P052,Excellent,433.68,975.68,23.89,101.49,56.79,3.68,1.87,2.57,56.28,514.06,3.84,7.28,111.15,125.73
P052,Excellent,1329.68,745.08,41.86,108.51,8.69,5.52,0.37,7.88,90.0,398.49,3.95,2.4,76.79,61.89
P052,Excellent,1093.9,540.11,42.92,117.28,60.63,0.92,0.3,4.91,105.48,308.43,7.41,5.15,94.59,63.25
P052,Excellent,1078.33,750.71,29.84,116.03,3.65,1.91,1.27,1.64,75.91,292.44,1.46,1.6,64.0,55.39
P052,Excellent,542.69,696.87,36.59,100.01,1.82,4.6,1.9,4.85,106.27,531.98,6.01,8.86,102.48,110.75
P052,Excellent,789.73,773.88,13.98,80.48,2.46,2.96,2.29,5.28,78.24,597.54,2.53,3.95,82.77,64.79
P052,Excellent,1709.11,183.64,5.66,123.99,5.78,3.43,0.94,7.04,79.29,497.88,7.35,11.5,65.82,72.84
P052,Excellent,907.27,130.49,18.36,89.08,71.09,3.32,0.7,6.73,122.05,269.76,7.15,7.29,113.17,84.91
P052,Excellent,1429.67,430.49,40.32,114.13,72.91,3.68,0.77,5.55,94.83,281.85,1.29,10.51,73.95,90.31
P052,Excellent,654.47,986.88,42.4,83.15,53.74,1.48,0.41,7.42,65.33,540.07,12.26,7.07,85.16,103.89
P053,Very Good,1469.71,182.39,39.03,90.94,46.38,1.85,1.56,4.32,79.78,471.2,7.81,5.74,64.67,77.68
P053,Very Good,1463.0,740.41,27.09,97.68,8.65,3.59,0.74,8.03,66.68,503.74,9.69,2.75,77.84,80.46
P053,Very Good,722.49,162.82,9.28,75.84,94.57,4.8,1.97,5.87,98.84,232.2,5.24,5.25,102.52,57.78
P053,Very Good,761.37,219.39,15.11,79.05,76.71,0.94,0.98,4.29,77.76,384.33,5.63,4.58,95.24,75.71
P053,Very Good,1230.66,238.25,5.99,107.39,50.17,2.39,0.84,8.55,97.6,409.99,8.55,2.96,100.33,101.79
P053,Very Good,666.04,425.16,28.0,89.95,94.49,0.26,0.09,3.66,94.68,401.61,4.08,3.18,69.41,85.15
P053,Very Good,1071.65,491.65,37.56,70.13,49.33,3.93,2.08,3.15,88.26,437.63,8.12,2.36,98.57,92.02
P053,Very Good,868.86,466.67,17.67,81.19,60.52,2.44,0.08,2.2,77.81,389.02,9.73,4.76,79.06,82.8
P053,Very Good,327.21,428.43,23.05,95.64,60.04,3.94,0.24,4.08,98.49,215.38,4.37,8.3,82.6,80.44
P053,Very Good,478.37,764.95,27.05,73.29,96.69,5.21,1.81,3.48,60.85,486.72,1.12,8.96,96.81,77.09
P053,Very Good,456.25,415.87,40.12,79.85,100.46,4.13,0.37,10.75,90.42,266.16,3.99,2.38,78.94,76.87
P053,Very Good,1150.84,723.88,13.59,72.23,22.18,4.39,1.54,8.92,101.26,447.69,7.55,7.91,74.73,65.86
P053,Very Good,1396.9,592.29,36.35,83.58,87.36,2.93,1.13,4.24,84.24,275.26,3.85,8.22,70.93,83.88
P053,Very Good,684.97,500.93,20.35,83.01,57.08,1.18,1.84,4.79,71.29,480.8,9.29,9.21,55.23,91.71
P053,Very Good,934.08,438.84,13.74,63.32,79.79,2.95,0.7,3.43,88.21,412.17,1.25,5.1,73.67,70.02
P053,Very Good,386.35,443.6,6.0,64.51,85.09,1.32,1.77,8.92,61.61,445.82,5.73,7.94,74.31,97.75
P053,Very Good,471.33,402.51,2.36,96.52,95.64,0.8,0.37,7.48,70.11,489.51,10.38,9.26,96.84,59.16
P053,Very Good,574.08,716.55,36.12,90.94,82.02,1.17,0.09,1.65,57.5,466.34,8.12,3.61,56.06,60.74
P053,Very Good,1429.05,490.37,31.97,64.49,36.0,2.07,0.25,9.49,82.62,362.82,8.14,4.51,65.6,102.65
P053,Very Good,676.58,572.71,33.25,97.95,28.32,4.05,1.61,5.32,72.59,233.28,4.1,9.84,64.77,101.06
P053,Very Good,979.65,336.06,6.89,69.5,44.79,2.19,0.65,7.04,67.54,494.18,6.63,1.11,87.29,72.87
P053,Very Good,1571.17,649.42,28.52,79.95,40.12,4.76,0.12,2.36,94.23,505.69,10.8,1.14,82.57,63.32
P053,Very Good,1396.99,568.17,24.87,87.63,96.66,0.86,1.41,1.78,56.83,464.3,4.41,2.21,96.18,105.09
P053,Very Good,1402.99,775.79,18.86,101.83,100.57,3.33,1.65,4.95,105.25,344.01,7.07,1.75,102.87,66.17
P053,Very Good,1415.19,582.96,38.7,75.23,26.35,4.5,0.22,5.45,102.26,332.81,8.31,8.34,57.04,66.15
P053,Very Good,725.94,194.84,6.23,84.15,100.81,0.94,0.77,6.71,98.02,238.73,4.46,9.0,55.14,62.0
P053,Very Good,1509.53,239.66,23.71,76.67,70.1,1.11,0.28,7.27,50.71,409.85,3.8,1.65,97.93,64.36
P053,Very Good,589.32,609.21,8.89,69.44,103.74,0.57,1.17,5.06,96.21,486.56,6.55,6.04,69.87,66.71
P053,Very Good,862.95,596.25,39.15,90.74,95.92,3.05,1.58,9.77,55.17,245.11,8.72,10.43,79.5,58.16
P053,Very Good,1327.16,697.09,9.26,100.09,74.84,1.46,0.93,2.05,75.08,480.32,9.89,3.07,98.84,91.42
P053,Very Good,921.61,562.86,1.73,85.29,93.25,0.24,2.15,2.97,59.13,462.53,6.97,4.08,75.63,53.0
P053,Very Good,1231.31,560.39,34.02,92.83,27.13,3.71,1.63,4.29,74.37,255.95,8.27,2.13,91.39,55.27
P053,Very Good,756.46,150.73,33.74,91.0,37.75,0.09,2.13,5.55,89.34,410.52,7.35,5.88,85.04,98.61
P053,Very Good,803.67,635.83,6.25,90.49,74.73,0.38,1.1,9.65,99.76,483.92,7.02,4.03,65.83,77.2
P053,Very Good,1052.94,600.87,39.04,69.83,46.69,2.88,1.27,5.09,82.37,381.16,2.28,3.56,100.96,65.81
P053,Very Good,339.11,288.58,3.06,92.36,83.32,5.04,1.4,5.39,88.1,299.37,3.48,4.68,82.55,89.7
P053,Very Good,594.71,773.43,19.24,74.65,57.13,3.42,0.1,1.51,87.94,375.66,9.1,10.55,81.56,90.83
P053,Very Good,351.52,645.09,1.15,66.37,9.08,1.2,0.92,4.95,93.01,357.03,7.6,2.55,54.87,95.84
P053,Very Good,1102.11,379.56,32.52,101.22,1.45,1.73,1.48,4.73,72.41,445.38,3.75,10.17,85.23,106.57
P053,Very Good,1446.05,386.36,27.96,76.16,83.82,2.38,1.5,5.11,86.8,291.7,2.41,9.52,81.84,80.34
P053,Very Good,587.07,207.59,34.75,66.81,58.1,1.22,1.7,6.13,101.43,500.16,6.91,9.17,60.92,56.83
P053,Very Good,587.04,275.12,40.13,83.47,91.69,2.12,1.67,9.65,85.39,267.5,2.29,7.97,76.9,68.15
P053,Very Good,938.66,674.36,41.21,68.96,71.01,2.89,2.13,2.21,65.76,331.15,7.35,1.5,60.45,54.77
P053,Very Good,1451.67,114.4,37.36,81.12,4.89,1.85,0.43,5.53,89.75,339.99,7.93,5.58,102.98,101.11
P053,Very Good,1114.34,409.35,34.72,96.75,54.14,4.68,1.74,3.34,67.95,251.62,7.75,6.77,61.58,56.14
P053,Very Good,328.2,647.65,31.08,93.67,68.63,1.02,1.63,9.92,64.65,496.19,10.49,4.34,97.45,88.38
P053,Very Good,433.84,283.05,40.09,83.4,5.27,4.29,1.47,6.17,81.33,505.13,3.66,6.45,71.44,98.85
P053,Very Good,1137.29,510.01,25.23,69.0,85.87,2.56,1.65,8.22,102.07,262.58,1.19,7.99,91.62,74.14
P053,Very Good,1313.43,599.84,30.66,70.79,23.44,2.96,1.79,6.22,92.22,248.63,5.45,3.07,60.56,66.65
P053,Very Good,558.28,794.07,12.43,65.89,6.25,1.24,1.7,5.26,65.23,421.63,5.19,8.35,99.53,74.93
P053,Very Good,732.28,663.57,5.71,95.85,26.28,2.27,0.86,4.39,52.96,257.85,7.74,6.32,90.93,64.38
P053,Very Good,654.37,171.53,39.78,91.01,78.54,0.52,0.22,7.14,90.93,487.17,3.82,2.89,76.0,80.91
P053,Very Good,1512.85,285.89,15.25,99.1,8.57,1.35,1.4,4.43,83.88,285.63,3.29,5.88,54.94,64.78
P053,Very Good,1564.98,691.37,15.6,79.74,30.72,1.12,0.27,7.4,61.73,422.12,6.39,7.73,57.97,52.6
P053,Very Good,536.33,328.11,30.89,88.94,86.8,2.03,1.2,2.36,75.13,306.29,8.62,1.51,55.25,59.68
P053,Very Good,508.29,593.03,10.62,71.09,79.39,1.41,0.04,8.15,92.66,358.05,2.59,3.12,93.34,82.22
P053,Very Good,1425.24,488.77,25.46,90.15,74.38,4.33,0.23,6.77,96.43,310.93,8.12,4.72,96.96,54.17
P053,Very Good,956.98,791.89,24.84,77.99,22.13,3.07,1.23,8.49,53.35,372.14,3.17,6.87,72.41,63.02
P053,Very Good,397.72,196.21,26.61,95.22,13.93,2.21,1.75,6.03,96.89,307.86,4.28,9.13,70.54,75.71
P053,Very Good,1199.04,567.02,40.63,81.18,95.29,0.27,2.02,7.15,73.9,297.08,5.53,6.92,80.68,88.52
P053,Very Good,1316.64,570.07,12.14,67.89,88.86,1.54,0.32,3.4,77.33,298.9,3.42,4.44,85.76,68.97
P053,Very Good,1576.6,189.2,10.83,109.65,86.48,0.98,1.31,3.44,59.22,503.27,6.89,1.18,55.24,55.46
P053,Very Good,657.57,848.96,5.91,85.5,13.07,1.32,1.25,10.47,98.55,341.4,4.92,4.8,55.33,52.18
P053,Very Good,729.98,452.29,23.03,94.02,55.13,4.97,1.04,2.51,62.43,473.41,8.82,6.98,94.75,53.71
P053,Very Good,349.52,709.72,19.8,97.98,79.31,2.7,1.08,6.78,57.72,434.49,5.67,5.48,65.92,79.33
P053,Very Good,764.14,470.51,3.95,104.2,20.87,3.39,1.57,6.48,78.46,407.2,5.66,7.11,96.95,79.05
P053,Very Good,1064.23,506.97,29.24,76.49,40.59,4.36,0.13,8.06,86.55,396.58,9.64,5.28,56.93,74.68
P053,Very Good,1546.58,504.02,26.33,82.35,41.14,2.46,1.48,3.65,53.9,262.22,5.39,9.21,65.81,79.27
P053,Very Good,1062.4,802.73,12.58,93.95,11.38,0.73,0.94,2.29,87.16,287.24,3.86,7.75,96.42,75.67
P053,Very Good,1343.52,637.49,42.0,97.26,84.25,0.48,1.12,9.12,90.17,212.58,7.4,4.78,55.79,74.7
P053,Very Good,901.46,337.59,21.88,92.15,48.2,0.16,0.72,6.19,66.3,516.37,9.86,1.19,56.54,53.63
P053,Very Good,1062.96,705.92,30.97,98.95,95.34,1.95,1.12,8.11,87.65,483.42,6.24,4.74,100.97,57.27
P053,Very Good,657.31,621.23,19.68,87.33,19.3,4.15,1.1,9.33,106.22,352.87,3.17,5.77,63.5,72.53
P053,Very Good,1001.68,555.65,7.72,69.35,24.92,1.48,0.91,8.6,75.77,243.41,8.92,5.76,62.16,76.69
P053,Very Good,1344.39,366.24,22.42,75.35,37.23,2.18,1.5,5.72,73.85,323.23,4.12,6.46,88.67,86.53
P053,Very Good,1202.16,520.93,37.35,81.32,11.66,0.36,0.23,7.45,76.2,265.15,9.93,9.03,97.45,97.45
P053,Very Good,697.56,564.3,21.37,78.72,32.07,4.53,1.42,3.75,64.75,279.39,7.42,7.71,61.24,70.4
P053,Very Good,608.22,550.34,15.99,84.18,64.51,0.11,0.93,2.33,83.25,300.4,6.12,8.05,84.61,103.79
P053,Very Good,471.82,683.11,6.85,91.76,26.85,5.16,1.09,7.69,61.11,273.53,2.27,2.62,97.66,96.14
P053,Very Good,1216.65,787.28,35.91,91.54,4.23,2.01,0.5,3.3,93.33,494.98,1.68,2.82,78.72,102.77
P053,Very Good,1497.82,343.72,18.0,97.79,95.72,2.75,0.62,5.14,105.88,324.43,9.78,10.39,67.13,70.29
P053,Very Good,1065.42,759.08,1.72,68.66,95.34,1.4,0.97,7.21,99.91,219.47,8.41,1.43,55.68,100.35
P053,Very Good,1442.63,718.45,24.97,96.62,87.3,0.58,0.22,6.02,90.24,345.62,4.64,2.37,106.76,91.42
P053,Very Good,727.1,442.2,19.96,86.1,30.32,4.59,0.12,6.43,63.69,324.69,6.74,2.66,69.79,100.36
P053,Very Good,1210.12,660.0,17.22,78.27,9.66,2.4,0.43,4.7,94.24,220.45,3.64,6.19,58.2,99.67
P053,Very Good,1390.5,520.56,20.05,69.08,86.58,0.5,1.01,4.53,92.15,514.24,8.95,8.92,84.19,77.34
P053,Very Good,922.32,784.6,34.97,79.35,72.75,1.26,0.79,1.77,67.27,324.04,1.06,5.12,103.95,55.77
P053,Very Good,1323.53,718.39,23.73,77.54,58.54,0.3,1.84,7.63,95.31,529.05,1.32,1.37,55.6,71.31
P053,Very Good,1386.86,538.46,13.39,92.98,30.49,2.71,0.75,2.29,95.35,298.8,10.61,8.1,76.29,63.05
P053,Very Good,1436.41,581.88,29.37,60.31,97.24,3.42,1.17,2.78,65.11,376.77,6.58,4.95,72.17,73.14
P053,Very Good,455.58,530.7,18.54,65.28,84.31,3.29,1.76,4.65,55.56,415.0,3.51,4.45,77.05,90.03
P053,Very Good,1403.56,509.55,12.64,86.84,46.72,0.07,0.79,1.31,93.62,441.13,6.15,7.59,85.66,100.37
P053,Very Good,1131.16,700.79,15.15,84.08,30.78,2.05,2.13,3.13,85.79,316.43,1.18,8.69,77.75,74.8
P053,Very Good,1031.88,682.26,5.8,96.62,100.96,2.42,1.32,3.56,74.84,436.65,10.68,8.62,80.02,88.47
P053,Very Good,1546.1,316.92,1.83,97.39,105.68,2.23,1.69,1.19,94.84,407.26,6.41,3.16,66.46,101.68
P053,Very Good,836.21,282.98,17.03,98.54,54.05,5.14,0.38,8.41,65.93,325.76,2.72,8.47,97.46,102.4
P053,Very Good,326.03,333.58,29.38,84.02,61.23,3.25,1.58,1.57,95.25,490.9,8.76,10.14,101.37,95.37
P053,Very Good,1257.77,279.72,28.57,88.37,16.82,1.37,0.48,7.14,83.72,375.51,5.59,5.0,56.06,75.13
P053,Very Good,451.7,337.94,1.67,73.6,23.64,1.27,2.0,1.93,101.18,358.91,4.95,6.15,91.63,104.03
P053,Very Good,1395.67,262.49,17.73,65.71,34.56,1.54,0.12,9.21,75.67,401.78,6.87,4.22,74.8,85.99
P054,Good,578.63,527.35,22.64,72.29,54.8,0.02,1.48,1.32,82.57,325.67,3.7,5.54,89.17,88.37
P054,Good,471.22,444.35,7.94,64.23,44.67,3.14,0.36,9.27,85.8,483.0,3.68,4.51,91.25,99.23
P054,Good,873.75,380.77,20.69,58.24,16.08,3.21,0.15,2.38,95.73,226.95,6.09,4.44,76.08,67.91
P054,Good,407.62,300.08,9.75,83.96,80.89,2.37,1.74,2.44,86.86,286.48,9.44,6.48,82.07,60.91
P054,Good,383.64,539.82,38.03,56.74,8.65,3.46,0.46,5.72,91.37,234.79,1.25,3.5,90.69,55.91
P054,Good,689.22,398.09,5.64,75.14,81.26,2.84,1.23,2.83,86.92,281.59,8.7,2.34,64.85,54.83
P054,Good,1121.02,503.06,3.85,55.8,40.71,3.6,1.7,8.13,83.46,254.93,2.34,2.69,87.85,51.28
P054,Good,1276.44,682.38,26.25,87.8,10.77,2.02,0.8,4.0,90.45,324.73,2.0,3.53,90.39,78.45
P054,Good,565.7,530.96,35.56,70.55,96.92,0.61,1.39,8.1,52.53,464.4,2.6,7.24,82.72,83.95
P054,Good,457.32,230.24,24.19,79.83,16.45,1.97,0.08,1.82,91.88,416.45,2.91,2.9,85.62,95.45
P054,Good,658.44,259.71,10.76,65.36,75.4,1.44,1.34,7.35,89.41,264.44,1.31,4.82,62.77,51.56
P054,Good,645.15,481.38,3.54,56.74,79.09,4.34,1.06,8.05,79.73,260.58,2.97,8.46,69.13,60.75
P054,Good,1346.39,517.35,9.79,75.09,18.25,0.67,1.4,4.36,48.85,431.43,3.19,2.23,88.84,73.31
P054,Good,1369.71,669.1,9.52,73.42,66.9,2.16,1.47,3.13,81.97,301.71,1.86,5.04,64.41,77.94
P054,Good,738.79,166.72,19.95,62.06,94.9,2.14,1.37,1.3,78.15,306.64,8.93,8.57,96.7,88.49
P054,Good,714.95,114.8,5.32,88.77,64.17,1.49,0.6,1.95,96.8,262.02,4.98,6.62,61.98,88.9
P054,Good,670.61,579.29,22.25,79.29,17.89,2.79,1.14,3.73,73.92,423.26,1.05,4.6,69.73,89.3
P054,Good,1226.65,112.89,20.79,70.02,2.8,3.47,0.69,2.85,62.81,201.6,5.98,7.75,86.03,63.14
P054,Good,448.91,731.93,35.02,61.54,47.7,4.02,1.85,5.1,65.33,456.62,1.57,3.24,74.29,80.39
P054,Good,1111.33,608.68,3.95,65.56,70.06,4.37,0.15,9.0,79.79,302.87,7.0,7.17,91.63,73.75
P054,Good,1043.82,327.54,22.6,60.35,86.92,1.07,1.33,5.15,64.98,410.21,8.82,5.46,73.45,50.46
P054,Good,990.73,514.56,4.82,72.78,76.67,1.72,0.44,9.29,52.07,331.77,8.97,6.56,83.67,72.06
P054,Good,1405.7,649.63,32.96,73.2,34.31,3.87,0.12,8.16,74.81,338.89,6.33,7.92,89.28,50.64
P054,Good,726.53,129.86,21.72,71.4,82.63,2.59,1.02,4.54,89.83,358.84,7.76,2.56,83.07,66.05
P054,Good,283.98,517.37,23.8,84.27,31.32,0.24,0.43,3.65,50.14,436.2,5.56,6.75,64.02,61.7
P054,Good,802.6,653.89,9.31,98.09,49.61,0.71,0.5,4.91,55.02,434.77,3.33,5.78,52.11,63.15
P054,Good,1222.06,473.52,17.99,81.44,37.17,0.26,1.17,6.09,67.79,407.82,3.95,5.23,66.61,90.44
P054,Good,692.51,396.8,15.26,71.66,35.79,4.61,1.46,6.02,88.2,317.76,1.76,4.52,97.83,52.7
P054,Good,1019.7,373.54,18.94,86.25,20.75,2.2,0.55,9.29,50.81,374.19,5.15,7.84,56.47,67.57
P054,Good,795.4,545.97,16.24,66.61,77.24,0.89,1.61,5.6,94.21,232.63,2.94,2.59,82.98,76.02
P054,Good,924.33,611.23,7.04,76.06,51.13,0.63,1.44,7.18,70.31,206.3,7.64,3.38,93.55,50.5
P054,Good,1186.06,573.06,7.04,66.49,4.84,2.88,1.91,4.86,93.11,416.24,8.79,6.72,80.87,56.87
P054,Good,1484.26,134.72,34.1,60.76,17.35,1.5,0.96,3.32,60.8,239.28,5.93,3.09,64.62,89.11
P054,Good,959.6,334.63,32.69,71.46,12.17,2.07,0.08,6.36,61.61,192.62,9.27,8.46,46.59,54.09
P054,Good,285.64,369.24,6.53,81.97,45.64,2.21,1.81,3.99,97.0,283.68,5.72,2.8,88.99,60.64
P054,Good,1082.43,290.33,24.96,75.73,89.11,2.27,0.6,1.59,67.47,442.9,7.74,6.58,68.56,53.98
P054,Good,301.95,140.44,5.68,66.15,14.11,0.64,1.55,4.36,56.42,399.55,5.58,4.55,64.79,66.95
P054,Good,492.56,608.9,16.43,73.54,71.74,4.58,0.79,7.21,62.11,277.28,2.52,8.46,70.19,71.66
P054,Good,531.43,651.34,22.32,55.97,14.25,3.27,1.16,3.01,89.45,337.12,2.71,3.43,83.7,76.25
P054,Good,516.24,469.82,19.11,89.48,15.25,2.47,0.24,4.61,72.57,369.85,6.28,2.54,63.78,73.09
P054,Good,654.5,317.61,20.94,88.85,65.33,2.54,1.18,1.06,73.8,266.0,9.69,4.88,50.95,74.72
P054,Good,770.84,664.47,6.14,89.96,72.46,0.31,0.62,1.42,73.71,208.14,2.85,4.28,82.31,49.11
P054,Good,807.73,628.1,15.09,66.77,62.98,3.38,1.63,1.77,54.13,343.04,4.25,2.3,58.98,59.82
P054,Good,340.57,329.21,19.87,89.45,65.85,1.59,0.34,9.1,52.92,315.59,2.84,5.17,52.43,58.0
P054,Good,307.7,384.63,32.81,86.51,3.65,2.23,1.13,8.92,61.14,295.48,6.57,2.2,88.15,83.7
P054,Good,1125.12,578.49,16.3,90.02,29.23,2.04,1.12,5.46,75.33,399.9,2.17,4.9,94.38,64.25
P054,Good,1198.55,664.38,35.25,91.68,20.59,3.03,1.56,8.56,72.26,198.53,3.67,4.35,90.9,82.79
P054,Good,1193.26,451.94,21.5,88.96,74.67,2.72,1.56,1.22,78.25,436.67,7.23,5.98,89.08,84.59
P054,Good,906.47,362.96,8.63,69.39,54.82,1.88,1.06,3.1,97.39,421.71,2.93,4.09,78.26,56.93
P054,Good,1385.7,213.78,8.48,79.66,71.54,0.79,1.84,1.18,58.15,298.19,5.68,7.83,69.84,76.1
P054,Good,997.79,302.46,26.31,60.55,80.2,1.04,1.14,8.27,88.31,234.61,6.19,4.38,94.99,60.41
P054,Good,673.92,224.48,20.04,65.32,0.57,3.2,1.84,9.39,70.17,468.29,3.16,9.26,89.71,73.04
P054,Good,452.41,675.15,1.28,69.89,36.82,2.41,0.42,7.33,57.72,224.68,3.8,6.63,87.46,95.77
P054,Good,1136.55,143.03,33.83,83.27,70.09,2.46,0.5,6.43,51.2,446.92,1.33,9.15,55.12,50.26
P054,Good,1401.73,329.48,17.48,91.31,89.28,0.02,0.2,2.42,87.64,447.1,4.1,4.95,59.8,72.7
P054,Good,834.21,217.84,27.31,75.42,30.3,1.63,1.24,8.71,53.06,341.63,1.02,5.95,57.29,65.92
P054,Good,1178.63,248.66,9.68,68.38,37.33,4.0,1.23,7.54,69.86,467.28,7.2,5.76,71.57,54.28
P054,Good,462.94,190.62,25.05,69.47,93.38,3.08,0.21,4.09,47.46,414.23,4.88,3.01,47.09,56.52
P054,Good,1123.71,549.04,26.1,75.81,51.61,3.55,0.81,8.13,82.68,329.73,5.53,2.74,77.23,70.9
P054,Good,285.13,465.81,11.31,59.47,39.76,1.39,0.37,8.12,73.33,447.07,7.51,9.16,70.84,53.45
P054,Good,1169.55,244.48,29.31,73.78,46.72,0.77,0.81,1.23,81.02,230.85,9.39,2.65,93.14,78.45
P054,Good,1035.76,567.73,1.29,64.21,43.28,0.02,1.6,3.21,81.31,326.11,8.39,3.27,89.58,82.46
P054,Good,1330.94,507.14,4.73,67.96,54.97,0.43,0.63,6.82,53.88,270.04,6.86,9.16,81.6,60.8
P054,Good,1288.38,358.66,13.93,67.51,85.7,2.98,0.47,1.78,79.41,286.61,5.49,3.76,81.21,70.01
P054,Good,1433.31,583.07,32.51,79.13,3.47,0.72,1.55,6.22,55.46,327.11,2.33,2.24,82.6,61.48
P054,Good,675.47,401.46,34.72,60.45,39.81,2.97,1.36,7.96,62.44,440.78,9.35,2.16,89.2,55.91
P054,Good,992.15,230.01,21.64,87.52,49.05,0.95,1.75,1.96,70.27,462.18,7.78,5.47,64.33,84.16
P054,Good,992.13,232.64,12.67,81.88,2.8,3.19,1.55,1.55,87.8,299.58,3.86,6.68,59.83,75.17
P054,Good,1230.81,383.15,9.49,69.49,75.56,1.44,1.37,7.04,48.97,224.36,1.59,8.13,85.33,54.71
P054,Good,555.47,469.5,11.37,65.82,6.67,3.57,0.43,4.65,93.13,462.24,0.94,9.0,56.3,92.43
P054,Good,1212.41,511.41,30.61,69.59,57.63,0.41,0.75,8.11,65.29,490.85,1.77,5.72,58.18,88.11
P054,Good,1343.78,502.83,21.84,76.79,19.01,2.9,1.32,2.82,95.56,422.57,4.98,8.19,80.11,57.49
P054,Good,995.35,697.82,34.91,86.24,84.27,3.03,1.29,4.72,61.34,239.91,9.0,8.59,61.17,68.65
P054,Good,787.99,683.78,6.22,74.65,53.23,0.56,1.33,7.29,68.86,474.12,6.52,2.61,77.17,76.36
P054,Good,1346.14,660.54,7.93,83.35,0.39,0.29,0.6,5.83,47.39,442.88,5.64,5.56,58.05,64.28
P054,Good,634.23,100.52,22.76,93.68,3.41,0.77,1.82,6.65,68.57,245.96,8.98,3.35,87.88,57.94
P054,Good,1123.44,408.53,1.76,75.7,36.83,1.56,0.62,3.23,73.11,408.76,8.31,1.7,77.12,70.65
P054,Good,897.03,672.13,12.8,73.05,10.94,4.64,0.87,9.34,50.53,419.34,9.46,8.38,81.99,93.22
P054,Good,427.03,274.6,10.68,88.08,47.21,0.64,0.64,8.67,51.69,365.89,4.68,4.23,66.67,77.84
P054,Good,1132.58,244.84,13.09,60.43,13.26,1.42,0.76,5.39,68.11,197.77,4.5,2.87,80.57,83.32
P054,Good,1315.84,610.41,23.04,59.42,39.26,3.95,1.75,4.27,52.07,276.11,4.45,2.68,58.05,94.47
P054,Good,880.25,248.94,32.47,92.55,33.05,2.55,0.87,8.62,67.92,227.29,1.81,4.33,58.73,60.23
P054,Good,832.36,471.14,1.18,81.69,23.09,3.88,0.77,8.74,80.83,347.28,3.5,8.85,73.21,62.55
P054,Good,1410.2,147.87,16.3,91.99,1.16,4.53,1.34,7.36,82.07,300.56,2.21,6.56,64.59,81.27
P054,Good,357.14,185.71,29.29,59.88,43.57,3.57,1.68,4.69,91.09,222.76,7.84,5.38,89.93,79.02
P054,Good,1089.39,146.73,10.22,89.54,84.65,2.61,0.73,4.05,50.88,260.44,5.48,2.82,75.07,85.89
P054,Good,540.04,462.2,3.95,71.48,82.4,0.69,0.5,8.23,76.94,402.76,6.33,8.73,58.16,60.9
P054,Good,870.34,595.49,19.78,58.91,52.07,3.39,0.51,4.01,83.09,228.7,5.78,5.73,62.64,60.9
P054,Good,428.65,170.6,32.34,73.42,57.29,1.17,1.1,7.04,69.72,249.15,4.06,7.87,87.73,91.71
P054,Good,1362.54,527.89,6.82,67.15,0.18,4.43,0.18,3.71,83.28,248.79,2.2,5.39,54.58,58.08
P054,Good,658.46,590.0,8.42,95.21,54.13,1.82,0.95,1.71,49.62,441.48,4.26,5.13,56.13,58.57
P054,Good,624.96,504.54,35.86,70.15,8.79,4.44,1.35,4.7,46.91,396.77,9.66,2.01,88.62,45.9
P054,Good,667.36,243.41,24.0,58.97,45.02,2.99,1.26,4.72,52.1,444.22,7.91,7.18,65.01,48.67
P054,Good,630.7,370.62,7.74,68.66,59.33,2.94,1.2,4.2,82.95,300.27,2.29,1.79,93.41,48.61
P054,Good,826.55,569.01,36.51,59.32,72.75,1.43,0.46,6.29,76.15,494.96,4.43,6.36,65.21,76.28
P054,Good,813.41,217.46,33.77,80.93,9.04,2.27,0.39,7.27,73.1,258.78,7.5,4.42,77.68,81.97
P054,Good,299.92,473.48,4.11,73.72,37.93,4.31,0.35,7.13,80.82,226.44,9.56,9.39,45.89,89.44
P054,Good,827.05,582.9,15.68,89.8,56.94,2.14,1.89,7.24,50.25,485.41,5.9,3.43,65.6,60.94
P054,Good,1080.91,274.17,34.81,78.97,51.16,1.25,0.57,3.11,88.27,247.24,8.91,7.45,79.97,66.85
P054,Good,1204.78,125.23,3.32,58.68,74.08,0.11,1.14,7.06,77.28,417.66,2.23,3.56,53.49,71.31
P055,Excellent,1480.19,309.28,33.11,112.58,107.47,6.34,1.6,7.94,70.89,405.5,2.99,7.9,82.74,82.63
P055,Excellent,1683.09,906.68,10.85,86.24,28.97,4.88,0.68,7.11,104.91,453.79,8.86,2.23,122.06,63.73
P055,Excellent,942.14,588.93,3.66,103.15,85.99,4.84,1.15,2.24,97.64,479.03,9.38,4.04,104.92,79.84
P055,Excellent,1639.74,599.15,24.96,75.52,57.14,4.71,1.78,10.98,92.19,553.23,2.77,9.63,82.2,115.74
P055,Excellent,557.23,531.1,43.55,83.14,67.06,0.27,2.34,5.23,93.96,394.72,8.21,5.92,56.49,66.89
P055,Excellent,509.67,346.59,15.88,82.51,78.91,1.86,2.08,9.02,101.18,443.44,6.28,6.81,95.89,85.21
P055,Excellent,1046.94,699.23,17.22,101.43,113.17,3.69,2.01,6.21,100.27,572.9,1.65,2.35,83.13,93.16
P055,Excellent,1421.28,686.14,38.42,91.96,101.57,5.49,0.11,5.26,116.26,475.45,7.87,11.12,111.12,73.02
P055,Excellent,1574.2,125.97,20.07,91.24,13.89,5.79,1.6,11.13,111.73,242.48,10.97,6.55,111.36,75.35
P055,Excellent,767.34,636.57,32.34,75.08,4.43,1.39,2.04,1.31,111.44,432.89,7.11,3.4,76.12,96.25
P055,Excellent,1554.96,129.65,4.05,99.8,12.36,2.02,1.63,9.11,101.41,482.83,9.42,1.57,66.15,111.02
P055,Excellent,862.93,536.06,31.84,120.44,15.53,3.89,1.46,11.04,81.8,316.49,6.51,1.35,67.86,105.1
P055,Excellent,439.95,552.81,46.45,81.26,104.39,0.88,0.09,10.92,94.94,327.01,8.21,6.36,80.2,85.17
P055,Excellent,885.07,674.49,35.23,90.65,39.76,5.08,1.07,4.52,76.84,499.73,8.89,9.99,82.5,68.52
P055,Excellent,1427.94,685.76,7.89,94.8,31.5,2.28,2.0,7.0,94.38,336.31,8.42,2.09,101.26,93.02
P055,Excellent,1587.61,487.64,41.19,95.66,85.6,5.79,2.06,4.56,118.76,609.14,10.34,3.18,95.25,68.16
P055,Excellent,1501.05,521.53,40.74,84.44,56.1,2.68,2.29,6.93,68.77,382.01,11.19,5.0,71.55,96.45
P055,Excellent,521.03,790.82,19.91,71.6,76.76,3.52,1.12,6.66,87.59,544.4,3.54,9.52,84.7,74.77
P055,Excellent,719.97,548.28,15.64,76.41,10.95,3.55,1.05,10.29,120.25,385.34,6.78,5.08,60.31,96.48
P055,Excellent,857.04,258.47,23.06,108.54,76.76,6.23,1.6,8.9,57.67,389.36,7.14,5.96,63.8,122.91
P055,Excellent,654.52,404.07,34.28,69.35,5.76,0.28,0.36,6.39,77.9,390.32,1.82,11.63,66.56,109.27
P055,Excellent,1446.97,255.6,7.49,91.32,103.48,1.38,0.03,3.51,98.76,528.42,5.89,5.64,120.97,116.83
P055,Excellent,816.28,311.28,45.19,87.64,99.79,2.23,2.37,9.98,86.56,403.72,4.81,7.78,114.39,96.75
P055,Excellent,1545.84,517.99,43.2,119.65,8.85,1.53,1.93,2.6,106.7,364.99,9.91,1.68,98.98,86.42
P055,Excellent,1150.28,169.95,27.55,108.2,50.41,1.96,0.04,7.76,114.39,496.05,11.38,1.68,80.5,86.86
P055,Excellent,736.09,498.73,24.28,70.87,32.71,0.53,1.89,9.28,63.98,573.55,1.69,9.39,74.84,113.25
P055,Excellent,555.45,576.7,5.76,94.98,44.91,5.29,0.59,1.35,70.18,503.83,9.85,8.92,105.21,104.47
P055,Excellent,1181.87,153.41,28.98,79.51,85.56,1.18,1.3,4.58,71.98,399.08,1.43,2.11,88.54,115.62
P055,Excellent,1322.22,369.05,21.2,84.76,123.05,4.15,0.88,2.7,110.27,345.72,4.11,3.53,106.9,80.98
P055,Excellent,1240.23,804.88,14.24,91.88,50.31,0.9,1.88,5.07,62.98,415.12,9.95,4.94,63.45,81.38
P055,Excellent,1788.76,648.79,45.12,112.91,27.09,5.45,1.34,4.27,71.47,276.55,3.49,4.98,86.42,99.49
P055,Excellent,1293.52,600.66,39.95,112.58,26.97,3.77,1.79,11.37,66.42,327.4,7.0,3.35,97.3,115.49
P055,Excellent,490.82,640.63,5.41,82.79,37.17,2.96,1.92,9.46,104.93,362.05,5.42,1.15,102.47,104.15
P055,Excellent,1313.91,329.16,38.63,78.62,97.94,2.54,0.54,11.31,89.01,337.78,4.1,5.81,84.85,80.71
P055,Excellent,348.45,260.98,22.66,84.72,69.03,2.58,1.6,9.93,65.41,611.94,1.42,5.2,65.72,90.14
P055,Excellent,706.15,909.99,41.42,87.52,78.52,0.61,2.42,4.51,105.67,526.35,12.47,11.19,65.87,106.91
P055,Excellent,748.01,345.29,11.47,106.7,42.14,3.92,1.83,11.15,72.07,511.98,2.82,10.94,86.99,59.07
P055,Excellent,466.48,560.25,10.07,73.95,117.67,4.87,2.05,2.58,64.22,408.39,10.61,8.35,98.75,105.11
P055,Excellent,1304.57,692.4,22.87,68.57,16.18,5.1,2.19,11.71,82.61,530.91,7.48,10.1,67.99,89.25
P055,Excellent,1047.68,816.93,29.3,77.06,12.06,4.86,1.5,2.9,114.84,529.37,5.08,10.06,105.61,79.51
P055,Excellent,1787.96,697.67,31.69,80.39,30.94,2.12,1.58,1.97,108.04,439.19,7.15,7.14,106.06,107.82
P055,Excellent,1513.52,774.12,42.46,109.8,2.45,0.59,1.19,2.94,67.58,484.83,2.48,8.31,88.97,68.17
P055,Excellent,1620.73,574.88,44.63,89.72,88.39,1.52,0.45,8.45,67.53,503.43,2.57,9.31,62.83,91.21
P055,Excellent,675.83,316.02,23.93,128.8,47.46,4.99,0.91,3.77,75.26,287.59,4.0,2.61,70.7,119.5
P055,Excellent,1739.29,789.71,19.51,80.69,26.9,2.47,1.86,9.76,56.52,332.89,5.56,7.12,94.94,72.19
P055,Excellent,1203.23,644.57,18.65,76.1,14.61,3.42,0.17,2.82,97.19,516.68,6.75,1.48,101.31,94.64
P055,Excellent,1118.82,539.72,27.46,86.09,93.06,5.01,0.91,7.58,105.44,429.58,4.8,10.82,109.35,76.04
P055,Excellent,1351.45,806.73,38.31,77.83,89.5,1.6,1.35,1.34,77.4,347.4,7.43,5.39,68.51,113.67
P055,Excellent,768.64,657.48,40.75,104.34,63.56,4.43,1.62,5.06,78.47,467.32,12.02,10.56,72.46,74.17
P055,Excellent,1308.53,769.56,22.51,91.03,64.07,2.17,2.22,6.52,95.98,378.78,11.51,10.56,107.6,76.24
P055,Excellent,1293.57,547.29,46.82,92.39,28.9,4.2,2.0,11.92,75.54,622.69,7.06,11.11,80.22,107.38
P055,Excellent,1378.23,464.74,33.24,118.93,53.14,4.04,1.6,7.04,88.07,249.82,5.59,10.95,112.64,102.48
P055,Excellent,781.18,269.09,26.65,73.74,109.51,3.32,1.73,2.4,96.89,383.46,7.84,4.6,110.3,89.53
P055,Excellent,1637.24,774.39,45.63,116.51,33.44,2.01,0.49,11.16,111.92,447.48,8.87,6.06,71.13,67.52
P055,Excellent,1162.57,884.14,30.64,91.05,32.2,6.01,1.49,10.0,100.24,499.64,6.1,12.1,82.91,78.83
P055,Excellent,500.59,264.06,30.53,101.32,108.61,4.08,1.83,11.14,112.38,538.43,1.59,4.89,74.72,78.42
P055,Excellent,877.07,438.99,12.88,99.66,14.93,2.99,0.78,6.29,74.35,270.04,5.34,4.0,94.46,90.6
P055,Excellent,444.65,702.98,16.56,109.6,65.54,1.71,1.1,7.35,86.53,539.69,8.48,6.39,66.5,69.95
P055,Excellent,1444.27,562.02,40.56,79.11,0.39,1.95,0.83,3.07,107.95,275.35,4.26,10.68,121.76,98.57
P055,Excellent,1117.08,596.73,20.69,95.81,53.83,5.55,0.71,7.17,68.87,252.31,3.28,10.25,115.31,92.09
P055,Excellent,998.99,844.89,18.64,118.4,88.69,4.87,0.45,3.4,81.12,549.58,6.99,7.53,99.35,98.52
P055,Excellent,1149.62,337.09,35.36,103.7,54.24,4.83,0.35,10.82,82.19,326.73,7.87,11.26,92.74,90.62
P055,Excellent,1193.98,334.95,19.38,96.24,46.39,5.14,2.28,11.38,102.45,305.98,4.93,1.46,78.48,78.93
P055,Excellent,587.9,842.78,49.92,70.23,24.16,3.77,2.27,2.68,93.64,403.64,7.8,10.23,79.39,64.24
P055,Excellent,1630.74,929.64,47.01,106.56,8.46,4.97,1.28,8.16,108.65,321.19,7.45,10.7,72.79,109.83
P055,Excellent,1904.28,850.86,45.5,91.5,86.04,4.6,2.09,7.83,67.89,405.78,10.83,11.47,103.06,60.36
P055,Excellent,1753.47,865.13,2.26,86.19,58.69,2.71,1.14,4.42,89.34,584.23,9.52,2.77,88.31,97.55
P055,Excellent,1002.2,356.81,16.27,72.5,76.74,4.44,2.12,9.68,84.05,260.79,9.75,10.46,120.62,70.77
P055,Excellent,1708.8,147.85,16.75,108.65,11.68,3.6,2.21,6.29,70.0,541.53,4.89,11.92,100.81,109.93
P055,Excellent,1588.46,683.37,38.23,94.44,111.82,0.06,2.15,11.18,121.41,272.48,1.49,9.19,68.59,98.58
P055,Excellent,422.82,675.84,8.45,85.34,74.12,0.98,0.5,9.43,106.17,534.77,11.71,9.01,84.44,94.3
P055,Excellent,357.77,637.58,12.28,119.52,110.6,6.08,0.46,5.96,122.61,360.7,9.86,8.62,71.07,103.64
P055,Excellent,1711.63,603.43,18.96,77.9,63.15,4.66,0.02,10.07,95.06,558.21,1.64,7.0,84.8,79.2
P055,Excellent,1417.95,776.54,1.77,68.07,40.69,0.79,1.27,5.26,108.14,281.39,6.73,8.15,92.43,113.75
P055,Excellent,1285.15,827.51,2.56,83.83,118.37,2.09,1.31,2.13,64.04,560.84,2.14,9.51,98.78,101.37
P055,Excellent,1136.32,528.8,19.51,80.11,50.22,3.77,1.97,6.9,96.63,369.07,10.57,8.41,120.03,96.23
P055,Excellent,882.23,710.44,4.4,103.63,43.96,4.58,1.09,11.5,95.12,273.18,10.62,5.92,82.89,62.48
P055,Excellent,1140.36,810.5,22.48,89.64,66.34,1.27,0.29,12.98,110.8,394.63,7.88,1.21,102.52,116.12
P055,Excellent,1109.15,953.07,5.43,70.77,67.94,3.35,1.17,9.89,71.38,496.72,7.03,5.38,101.04,67.98
P055,Excellent,1811.64,576.3,17.85,96.78,13.82,3.85,1.3,2.19,73.69,355.09,8.16,8.45,75.43,70.64
P055,Excellent,535.92,550.68,33.15,89.0,15.59,3.36,2.29,11.23,92.96,272.63,2.37,8.62,106.56,72.76
P055,Excellent,1341.22,849.09,43.18,74.07,44.45,3.62,1.09,8.5,84.13,550.31,6.77,8.18,107.83,104.03
P055,Excellent,1031.23,299.28,29.43,94.02,52.07,1.15,1.68,6.26,92.96,399.5,6.58,5.68,96.34,70.03
P055,Excellent,1635.75,500.85,44.89,76.0,9.37,4.32,1.16,1.92,87.51,389.38,3.82,3.79,66.57,100.67
P055,Excellent,1602.29,793.48,28.32,82.78,52.69,1.35,0.32,10.03,62.28,455.57,3.78,11.61,69.91,106.1
P055,Excellent,1217.42,234.92,25.57,76.8,37.98,6.31,0.45,9.8,72.55,234.37,8.97,5.86,100.33,66.29
P055,Excellent,492.54,508.86,41.87,94.95,106.74,4.96,1.42,2.95,123.45,328.8,3.57,1.65,108.93,64.29
P055,Excellent,515.67,179.78,12.41,114.28,102.06,3.25,1.96,2.87,84.23,356.63,1.15,9.31,120.63,109.8
P055,Excellent,1002.58,625.66,10.31,86.93,96.81,2.91,1.99,1.5,97.49,257.95,9.63,3.82,89.4,83.7
P055,Excellent,884.13,959.81,43.56,100.45,90.03,2.73,1.23,3.89,96.91,351.87,4.53,7.01,85.93,97.09
P055,Excellent,1392.29,715.91,1.67,91.97,66.59,3.78,0.8,4.61,70.09,481.22,1.44,4.92,114.97,113.74
P055,Excellent,430.85,779.34,6.79,103.76,101.02,4.59,1.62,11.09,92.41,355.05,9.67,7.27,99.45,96.07
P055,Excellent,869.22,461.19,24.32,88.45,45.12,2.81,0.87,10.11,66.98,412.61,5.33,10.32,108.27,109.91
P055,Excellent,1204.76,835.93,3.88,106.54,34.09,2.06,0.0,9.26,88.78,422.37,2.53,2.19,105.45,95.62
P055,Excellent,662.83,629.78,48.38,88.17,19.06,2.57,1.66,10.17,120.05,391.04,5.32,1.69,117.56,65.68
P055,Excellent,911.91,923.87,21.76,97.08,14.8,2.17,2.45,2.7,75.01,491.9,4.0,6.63,84.85,66.96
P055,Excellent,898.1,710.35,9.97,103.55,109.74,0.24,0.84,5.91,89.15,289.85,9.98,2.79,77.35,112.81
P055,Excellent,1311.58,924.21,47.93,75.38,32.07,1.88,1.85,11.58,73.32,405.67,10.99,5.95,109.93,119.43
P055,Excellent,525.07,533.29,12.8,94.83,67.47,5.42,1.08,8.4,114.25,519.54,8.97,2.59,96.51,108.2
P055,Excellent,793.43,646.21,40.94,90.85,109.69,3.69,0.46,9.67,96.24,431.8,10.59,3.34,115.72,96.83
P056,Needs Improvement,1049.16,97.49,26.75,56.86,38.76,0.34,1.32,7.0,62.09,381.27,6.11,3.61,57.11,58.09
P056,Needs Improvement,893.46,412.29,10.41,65.76,50.87,1.12,1.31,2.27,74.01,277.25,1.23,3.27,71.68,61.7
P056,Needs Improvement,820.91,470.93,12.46,48.87,70.7,0.72,0.16,6.71,70.68,370.78,6.86,6.99,74.78,60.76
P056,Needs Improvement,251.53,470.26,18.96,74.65,35.85,2.95,0.07,4.89,53.21,315.38,4.05,5.95,50.16,47.97
P056,Needs Improvement,876.58,153.09,12.45,63.22,1.58,0.25,1.19,2.37,53.68,206.04,1.27,4.38,43.72,74.62
P056,Needs Improvement,497.22,214.73,5.17,78.46,21.62,0.51,0.11,0.98,59.72,306.37,4.26,4.41,60.14,44.52
P056,Needs Improvement,693.43,122.61,29.43,70.88,52.18,2.56,0.57,5.08,48.93,151.82,3.1,5.72,53.08,40.44
P056,Needs Improvement,389.0,349.09,3.6,60.29,61.96,1.51,1.19,5.14,42.66,285.1,3.17,0.89,61.88,44.3
P056,Needs Improvement,1062.38,165.78,9.09,48.55,38.83,2.74,0.75,4.25,67.38,186.56,1.57,2.99,48.38,45.4
P056,Needs Improvement,526.53,261.87,17.04,59.16,56.59,1.19,1.48,5.07,57.25,214.16,1.25,4.78,39.39,71.09
P056,Needs Improvement,365.64,335.13,28.9,59.2,31.26,3.64,0.23,3.16,62.49,224.62,4.33,4.43,60.1,40.7
P056,Needs Improvement,332.08,470.73,4.39,69.4,39.36,1.1,1.16,1.52,61.4,241.15,3.79,3.32,48.95,42.35
P056,Needs Improvement,440.91,538.67,10.88,54.78,43.12,3.23,0.84,7.13,52.83,190.24,1.42,2.45,63.88,68.62
P056,Needs Improvement,857.91,537.94,7.49,42.61,20.42,0.78,0.26,2.66,44.09,197.43,2.74,1.35,68.76,75.69
P056,Needs Improvement,750.1,140.44,18.33,60.43,55.25,0.48,1.33,6.56,46.03,311.77,3.15,1.38,47.84,47.55
P056,Needs Improvement,561.4,433.42,19.92,67.18,57.56,3.1,0.46,3.32,40.38,222.94,2.85,1.77,42.78,40.54
P056,Needs Improvement,336.88,233.15,5.11,53.33,51.64,3.16,0.11,3.94,57.73,322.75,6.96,3.84,69.36,53.51
P056,Needs Improvement,630.66,417.99,27.47,47.41,64.69,2.47,0.34,3.16,67.59,224.85,3.53,1.24,56.58,50.54
P056,Needs Improvement,990.16,516.36,8.73,51.92,67.37,2.05,1.19,0.87,58.66,213.52,4.82,5.35,40.28,64.88
P056,Needs Improvement,803.7,153.65,25.96,62.78,64.84,2.75,1.46,2.17,69.73,169.74,1.12,1.27,53.15,44.77
P056,Needs Improvement,396.13,548.18,5.67,64.0,60.58,2.07,0.11,6.03,40.37,303.82,6.72,5.15,63.89,53.1
P056,Needs Improvement,747.62,426.11,12.35,65.26,52.27,0.79,0.78,3.62,39.27,395.36,3.05,2.2,47.7,55.15
P056,Needs Improvement,989.2,481.6,9.68,49.49,60.33,1.67,0.1,3.92,67.67,313.03,1.81,5.78,41.65,57.63
P056,Needs Improvement,774.21,541.16,16.77,59.35,45.45,2.75,0.27,5.94,67.82,240.14,4.48,4.4,64.4,63.49
P056,Needs Improvement,578.69,164.98,19.17,56.89,32.42,2.52,1.15,5.57,67.4,246.9,1.71,6.41,46.07,56.74
P056,Needs Improvement,508.44,246.24,9.93,62.2,16.04,0.75,1.36,2.43,46.83,267.51,4.06,4.5,74.73,45.28
P056,Needs Improvement,949.14,135.88,5.58,43.78,58.14,0.19,0.18,6.08,38.1,182.02,1.48,4.66,48.33,64.29
P056,Needs Improvement,341.68,103.28,26.71,62.72,57.78,0.52,0.48,5.99,65.52,179.09,4.37,1.56,58.52,69.65
P056,Needs Improvement,415.88,256.82,5.69,66.74,45.72,3.46,0.15,4.72,67.35,166.64,5.54,4.99,40.05,40.3
P056,Needs Improvement,698.39,339.48,17.67,71.68,61.23,3.17,0.83,1.32,67.38,204.37,1.81,2.2,54.84,53.28
P056,Needs Improvement,245.98,347.83,18.34,45.36,24.03,3.45,0.56,2.91,48.63,298.07,4.44,6.13,65.19,73.57
P056,Needs Improvement,764.42,272.83,19.4,64.25,72.41,1.98,0.7,2.23,72.11,205.21,2.83,6.01,48.24,65.58
P056,Needs Improvement,602.36,336.15,13.51,66.45,55.45,1.39,0.12,3.05,50.76,357.94,2.67,4.76,49.29,70.28
P056,Needs Improvement,865.8,595.14,7.08,72.6,24.67,1.5,0.52,0.91,61.3,315.96,5.84,5.44,53.31,48.51
P056,Needs Improvement,370.41,492.73,2.14,52.16,12.18,1.95,0.72,4.93,76.84,333.04,6.49,2.69,38.59,56.79
P056,Needs Improvement,941.94,95.48,22.96,43.62,9.68,1.91,0.01,7.22,55.39,297.56,2.98,1.44,49.95,56.26
P056,Needs Improvement,708.09,354.46,20.07,58.63,8.23,2.53,1.16,7.12,57.71,296.86,2.73,4.25,37.95,47.52
P056,Needs Improvement,249.26,141.8,23.88,52.67,6.08,3.71,0.09,3.86,52.82,268.25,4.55,3.32,54.32,39.59
P056,Needs Improvement,624.89,98.85,5.44,75.17,24.29,1.31,0.12,4.21,67.98,268.04,1.06,5.41,56.78,54.05
P056,Needs Improvement,771.95,266.14,17.82,56.3,58.78,0.57,0.17,1.31,67.89,235.9,1.7,7.04,62.19,75.36
P056,Needs Improvement,1117.69,365.99,9.4,64.25,68.85,2.68,0.1,6.78,71.87,165.32,4.94,2.72,62.52,53.44
P056,Needs Improvement,646.45,380.52,11.85,59.02,9.52,3.39,1.14,6.73,66.84,349.03,1.5,1.36,38.91,65.08
P056,Needs Improvement,909.51,518.61,10.33,51.6,23.85,0.72,0.74,4.31,66.14,348.84,7.0,1.64,63.54,54.63
P056,Needs Improvement,735.83,152.08,4.03,74.15,65.73,0.91,0.8,2.15,65.69,328.42,6.05,3.05,63.7,61.68
P056,Needs Improvement,836.39,318.1,18.2,55.0,7.74,2.41,1.06,2.19,39.99,304.77,6.77,6.58,59.35,65.22
P056,Needs Improvement,806.37,136.32,12.95,74.99,31.2,0.1,0.96,4.52,71.71,186.04,6.8,2.8,50.15,53.0
P056,Needs Improvement,687.51,153.7,18.55,48.7,35.92,1.97,1.15,3.58,42.78,299.97,5.83,2.26,37.25,54.07
P056,Needs Improvement,790.14,442.36,13.53,72.41,35.42,2.86,1.43,3.07,49.92,225.86,4.89,6.29,63.1,70.79
P056,Needs Improvement,872.09,385.79,25.61,75.38,5.8,3.01,0.85,6.83,62.32,161.04,1.19,2.02,58.34,43.37
P056,Needs Improvement,529.07,499.16,29.97,67.89,66.25,1.33,1.55,4.37,66.19,334.3,4.19,2.03,66.72,40.65
P056,Needs Improvement,736.08,216.95,0.78,71.24,9.94,0.9,0.61,4.22,41.72,291.33,1.48,7.65,54.37,73.29
P056,Needs Improvement,222.04,180.29,0.77,51.12,76.22,2.59,1.4,5.1,60.05,378.89,1.36,3.43,59.2,41.47
P056,Needs Improvement,865.51,512.27,11.23,64.91,37.78,2.15,1.42,4.83,40.57,301.19,5.72,2.29,64.07,46.29
P056,Needs Improvement,781.15,358.12,13.76,63.71,49.61,1.78,0.13,6.93,43.48,374.77,1.83,1.03,60.23,74.87
P056,Needs Improvement,585.18,418.5,4.04,46.82,52.18,2.52,1.18,1.37,54.79,276.27,1.71,7.24,71.1,39.95
P056,Needs Improvement,664.31,457.91,24.57,70.96,18.56,1.19,0.16,3.08,62.59,243.67,6.21,2.81,65.67,58.57
P056,Needs Improvement,551.63,229.74,10.43,45.45,59.46,0.45,0.08,5.32,49.59,191.3,3.84,2.96,41.23,65.61
P056,Needs Improvement,1100.45,322.23,19.61,74.47,56.25,2.69,0.6,3.16,47.19,351.5,4.34,5.67,59.75,46.27
P056,Needs Improvement,894.54,273.74,30.02,68.77,67.57,2.44,1.08,7.13,65.42,324.68,2.91,2.83,70.05,72.65
P056,Needs Improvement,1132.86,163.04,10.77,54.45,6.57,0.41,0.23,2.51,38.31,285.05,5.26,5.16,38.98,55.61
P056,Needs Improvement,937.72,380.73,19.31,66.93,52.71,3.19,0.71,3.76,64.16,346.52,3.15,4.69,64.55,48.85
P056,Needs Improvement,427.67,358.3,3.0,62.12,3.6,2.57,0.86,7.16,71.5,310.28,1.54,4.76,42.01,43.24
P056,Needs Improvement,325.41,556.91,21.74,58.06,35.44,3.28,0.02,3.22,62.61,267.97,2.75,1.98,59.89,72.06
P056,Needs Improvement,973.11,149.4,26.89,69.94,51.29,1.78,0.97,3.41,50.24,148.78,1.92,1.64,66.54,55.83
P056,Needs Improvement,1080.48,334.64,6.33,48.35,71.29,3.81,1.43,4.53,74.7,335.84,2.26,1.14,53.54,39.73
P056,Needs Improvement,462.77,395.1,12.91,45.92,33.45,1.36,0.47,1.61,48.22,325.28,6.02,6.55,61.51,65.27
P056,Needs Improvement,1118.6,594.15,8.06,52.67,71.76,0.06,1.21,4.27,39.12,235.79,6.57,5.83,45.16,44.83
P056,Needs Improvement,328.13,86.01,12.24,68.36,43.72,3.29,1.35,4.9,64.99,204.27,3.68,1.03,47.93,71.4
P056,Needs Improvement,297.36,620.28,5.15,60.3,77.85,0.07,0.43,3.4,65.76,383.94,5.45,4.31,61.19,62.69
P056,Needs Improvement,788.25,247.45,8.78,61.86,79.28,3.15,0.23,3.68,66.97,356.64,1.7,7.66,47.14,53.46
P056,Needs Improvement,871.44,549.84,25.74,71.76,17.3,2.42,0.86,0.79,39.95,261.58,2.12,1.11,41.06,61.75
P056,Needs Improvement,830.81,515.85,18.32,61.05,41.8,2.53,0.05,1.21,44.52,338.96,6.68,2.3,78.13,62.36
P056,Needs Improvement,257.2,560.78,20.99,45.05,72.25,0.27,0.44,1.34,73.24,223.76,3.59,6.09,37.91,66.47
P056,Needs Improvement,649.1,585.25,17.52,55.51,64.71,2.83,1.25,5.28,40.28,329.12,4.42,5.17,46.21,65.87
P056,Needs Improvement,690.4,408.37,11.7,69.25,13.81,2.1,0.68,7.05,59.09,329.72,1.67,5.54,42.06,39.43
P056,Needs Improvement,970.18,230.83,12.01,53.42,45.94,0.6,0.68,3.79,45.43,282.37,7.39,4.37,39.03,55.93
P056,Needs Improvement,501.64,175.97,0.94,73.63,35.87,1.64,1.58,6.62,37.31,196.55,4.3,1.98,75.4,45.14
P056,Needs Improvement,1154.78,339.91,8.85,66.03,26.43,1.68,0.47,1.43,60.44,171.16,2.61,6.39,44.79,70.18
P056,Needs Improvement,628.25,125.75,5.09,53.78,59.07,0.39,1.58,2.33,74.7,345.33,4.62,2.84,54.41,37.23
P056,Needs Improvement,578.9,188.94,4.24,75.61,74.37,3.36,1.23,2.69,54.11,342.87,1.38,1.44,70.86,70.5
P056,Needs Improvement,851.09,86.8,8.65,55.79,64.3,0.96,0.94,2.01,39.65,343.54,5.89,7.36,64.24,62.46
P056,Needs Improvement,395.79,133.23,28.19,69.58,67.35,0.2,1.04,5.67,63.01,379.99,4.7,5.02,59.46,43.07
P056,Needs Improvement,251.3,286.25,19.85,69.4,62.77,1.23,1.2,1.89,59.42,257.66,7.09,5.56,41.52,66.57
P056,Needs Improvement,966.95,308.44,15.83,52.91,17.24,2.28,1.39,6.07,50.68,269.78,7.01,7.25,65.35,51.09
P056,Needs Improvement,615.9,362.39,26.22,48.34,68.57,3.05,0.37,7.72,58.97,226.86,2.53,7.18,71.54,49.43
P056,Needs Improvement,766.87,230.94,26.15,69.67,32.21,3.3,0.62,5.94,63.86,215.34,5.37,7.18,52.13,61.25
P056,Needs Improvement,961.82,313.31,13.76,59.89,6.79,0.66,1.21,5.49,40.42,273.65,5.86,2.53,41.59,65.08
P056,Needs Improvement,584.37,591.29,21.91,73.87,47.83,0.35,1.2,1.61,67.42,241.55,7.08,5.92,63.76,41.0
P056,Needs Improvement,798.21,206.33,5.57,59.91,56.16,0.68,1.25,1.43,40.06,314.31,7.04,1.96,60.67,51.77
P056,Needs Improvement,971.69,293.9,6.66,45.39,44.61,0.36,0.2,6.32,59.91,347.39,5.72,7.53,61.02,50.5
P056,Needs Improvement,222.51,532.87,11.33,52.04,33.24,1.94,0.6,2.24,54.1,329.03,4.3,7.12,66.86,48.54
P056,Needs Improvement,907.1,511.52,26.98,55.38,53.72,2.54,0.16,1.49,71.36,246.3,1.26,3.81,41.9,71.99
P056,Needs Improvement,425.74,428.87,8.26,66.5,49.51,2.44,1.55,2.2,63.56,354.19,3.39,1.49,53.49,75.86
P056,Needs Improvement,691.24,253.93,21.25,49.61,1.07,2.04,1.22,6.91,70.09,211.47,3.17,5.09,52.13,68.08
P056,Needs Improvement,343.91,238.49,23.02,59.37,2.64,1.48,1.43,6.74,63.48,274.0,1.92,1.28,53.07,55.34
P056,Needs Improvement,331.76,144.88,19.94,48.69,71.05,1.03,1.34,2.56,45.69,157.29,1.89,6.93,63.43,43.75
P056,Needs Improvement,297.28,540.84,28.82,52.43,67.43,1.43,0.61,6.8,67.34,356.58,5.31,2.09,54.5,47.31
P056,Needs Improvement,251.98,174.76,16.23,66.91,32.37,2.51,1.2,4.26,74.99,185.05,2.02,6.23,73.11,48.41
P056,Needs Improvement,389.88,344.14,9.49,52.03,15.68,3.26,0.99,6.32,60.66,305.02,5.32,5.43,41.71,38.25
P056,Needs Improvement,342.26,264.6,26.66,49.26,29.58,0.76,0.94,5.64,52.5,222.93,4.98,3.84,38.23,36.15
P057,Excellent,612.04,235.17,10.29,106.78,67.87,3.53,1.66,7.24,97.28,571.29,10.72,3.31,115.42,118.16
P057,Excellent,656.42,131.8,40.89,111.61,24.92,2.25,0.78,4.64,121.81,553.63,5.06,1.92,104.99,69.61
P057,Excellent,433.46,332.85,6.84,93.76,49.98,3.61,2.24,3.77,101.02,624.9,5.62,6.3,83.89,94.65
P057,Excellent,785.77,636.18,12.55,108.47,106.87,3.96,2.23,3.99,103.49,276.5,2.98,10.33,77.05,112.9
P057,Excellent,1531.83,854.56,12.77,124.82,69.18,0.31,1.81,8.16,68.07,323.89,9.49,4.77,67.51,76.72
P057,Excellent,1542.61,604.66,12.29,114.55,58.44,5.67,2.44,6.3,76.26,540.51,9.36,2.5,59.55,125.46
P057,Excellent,469.4,507.77,1.58,106.62,97.0,3.41,0.99,10.91,81.5,472.58,9.3,12.37,115.09,68.85
P057,Excellent,1634.31,385.74,36.52,103.85,88.52,5.24,1.92,5.55,99.14,337.73,2.63,3.23,75.42,80.48
P057,Excellent,436.03,587.1,11.87,68.78,72.23,5.63,0.09,8.08,114.89,390.44,8.93,6.25,80.42,119.08
P057,Excellent,829.29,882.04,11.24,87.34,39.13,2.34,0.76,11.03,85.03,277.46,3.46,2.22,109.18,106.28
P057,Excellent,1325.19,633.22,14.65,72.35,4.56,5.81,2.41,1.43,100.48,492.78,7.68,7.13,122.6,105.83
P057,Excellent,839.59,715.21,27.24,95.69,45.96,2.74,2.12,9.44,78.89,567.43,5.23,8.63,118.34,119.02
P057,Excellent,584.83,666.8,39.33,97.4,104.62,2.04,0.27,8.89,63.43,534.71,9.91,3.52,71.03,78.45
P057,Excellent,1369.81,218.87,39.08,99.26,77.39,4.28,0.71,4.31,64.94,378.29,2.96,8.72,103.57,98.8
P057,Excellent,1217.51,853.68,23.97,93.33,62.55,0.76,2.44,9.32,69.88,392.06,5.64,9.9,61.61,108.64
P057,Excellent,1259.44,412.86,37.17,82.55,71.16,3.51,1.84,9.95,116.6,255.96,7.66,7.09,81.75,87.85
P057,Excellent,1376.79,762.33,42.59,108.4,15.56,5.51,0.78,9.92,98.95,427.01,9.17,9.93,118.68,115.2
P057,Excellent,754.59,570.33,28.09,111.35,10.68,2.74,2.23,5.0,74.09,322.96,5.4,8.55,68.72,102.83
P057,Excellent,1661.11,600.0,7.84,101.06,81.15,1.43,1.94,2.71,120.07,493.0,2.39,4.2,124.55,116.54
P057,Excellent,1426.68,136.46,2.46,102.65,45.84,1.25,0.85,3.03,118.51,442.72,5.28,5.2,107.04,78.47
P057,Excellent,463.12,773.46,25.4,107.36,68.63,4.25,1.46,12.33,84.09,569.83,6.76,6.91,92.52,101.18
P057,Excellent,1374.52,328.37,38.23,95.12,10.08,4.46,2.54,10.7,62.09,308.71,9.49,3.35,65.24,112.44
P057,Excellent,1260.18,419.42,5.05,82.29,68.29,3.86,2.02,5.66,67.14,344.61,7.74,2.57,97.11,72.33
P057,Excellent,1835.04,276.51,34.49,114.54,13.04,3.88,1.22,4.71,71.65,373.36,12.12,4.55,88.56,100.09
P057,Excellent,1534.79,295.96,24.57,71.83,58.52,2.89,0.24,11.25,90.48,621.22,7.62,10.42,106.17,90.44
P057,Excellent,570.74,741.2,2.23,111.84,32.05,1.65,2.26,4.81,99.18,275.45,8.71,11.29,96.36,116.3
P057,Excellent,1598.47,122.47,12.62,89.74,115.19,1.28,1.59,3.58,102.29,535.75,5.67,9.68,67.98,79.17
P057,Excellent,827.24,860.07,6.3,78.3,67.24,3.92,0.06,7.46,67.0,424.75,4.74,5.05,75.84,61.22
P057,Excellent,1079.18,688.34,41.32,93.13,23.16,4.02,0.35,6.91,127.26,526.87,8.9,8.78,95.89,61.26
P057,Excellent,1543.11,640.84,7.05,85.59,80.83,6.14,2.25,9.59,80.99,540.58,2.55,3.25,78.79,61.85
P057,Excellent,512.54,451.31,35.69,108.63,10.07,0.81,2.14,5.63,101.3,518.15,9.22,9.49,112.73,113.03
P057,Excellent,1021.04,850.94,27.33,94.58,33.49,1.32,0.87,8.35,81.76,598.64,11.18,3.54,106.98,101.6
P057,Excellent,810.59,443.38,13.23,104.8,20.47,5.33,1.4,12.47,78.37,526.64,2.6,4.49,120.05,90.63
P057,Excellent,1551.76,768.68,22.42,103.02,63.69,1.16,0.91,4.75,104.58,397.43,10.52,4.96,89.55,82.46
P057,Excellent,1007.76,561.4,12.54,91.64,98.28,5.59,0.86,1.93,127.41,625.23,3.76,2.46,113.2,103.31
P057,Excellent,1831.09,432.03,31.31,123.99,84.39,1.69,0.89,10.78,58.22,428.43,10.99,11.22,68.0,107.7
P057,Excellent,1477.43,442.14,22.02,110.9,24.83,2.0,1.68,8.82,70.99,489.17,5.08,4.15,84.84,71.36
P057,Excellent,1052.51,835.91,26.74,107.71,26.4,3.54,0.51,10.91,84.64,366.43,8.36,4.17,74.18,61.31
P057,Excellent,1787.7,275.42,31.03,104.67,58.87,5.35,2.21,3.55,70.93,450.19,1.32,9.32,69.26,121.64
P057,Excellent,1654.88,187.37,4.75,93.23,66.71,4.54,0.38,2.69,70.14,351.75,10.93,6.76,88.65,83.61
P057,Excellent,1290.83,314.98,48.51,117.57,90.83,0.53,0.55,11.05,98.36,582.45,3.39,6.82,116.67,67.06
P057,Excellent,1683.23,143.2,30.24,110.84,121.18,5.52,1.39,8.51,61.49,393.96,10.91,6.18,100.92,70.03
P057,Excellent,1447.89,475.8,18.95,112.59,18.65,1.91,1.61,5.66,109.96,362.61,6.89,11.89,110.83,91.84
P057,Excellent,1219.03,940.96,47.39,93.09,28.18,5.74,1.42,3.17,66.03,506.97,8.7,4.53,75.61,117.41
P057,Excellent,1518.64,476.68,13.69,88.52,41.96,3.04,0.51,3.89,109.56,393.93,4.11,3.83,70.44,84.7
P057,Excellent,1185.16,894.67,17.98,91.25,82.92,5.12,0.71,9.55,72.45,470.21,8.51,8.59,86.06,116.72
P057,Excellent,1380.16,401.11,16.84,74.25,81.97,2.33,2.36,9.55,115.54,474.51,10.51,6.34,101.15,70.08
P057,Excellent,596.59,334.53,38.01,92.09,63.82,4.92,1.5,7.55,66.21,544.92,3.82,8.63,123.39,113.68
P057,Excellent,1055.52,933.72,24.41,87.38,73.74,2.51,1.83,11.05,86.59,419.5,8.64,10.27,89.89,94.32
P057,Excellent,1770.71,382.95,7.82,79.49,22.35,4.82,1.76,5.27,117.83,405.45,3.65,5.08,115.87,83.99
P057,Excellent,379.67,403.18,30.87,113.63,57.57,0.53,2.07,5.11,106.65,337.03,10.41,7.07,122.02,109.01
P057,Excellent,520.74,720.36,13.79,103.85,36.1,3.86,0.04,7.08,67.49,390.88,5.56,5.77,113.72,67.55
P057,Excellent,559.97,263.5,16.74,90.95,92.98,0.27,1.59,12.34,67.17,408.4,1.84,9.93,112.36,59.85
P057,Excellent,1413.61,127.21,41.91,79.2,112.01,0.3,0.1,4.76,80.73,386.92,11.2,9.28,100.67,58.23
P057,Excellent,466.51,745.84,19.81,95.94,114.59,1.96,1.36,11.35,77.61,527.86,6.81,9.44,76.82,56.69
P057,Excellent,1617.26,694.48,26.0,105.69,25.26,5.53,0.33,4.49,94.34,477.26,11.24,7.88,91.67,80.64
P057,Excellent,559.57,623.99,24.7,96.86,86.62,0.49,0.36,4.5,89.58,487.46,7.5,5.57,118.46,95.23
P057,Excellent,1344.49,138.61,10.9,98.17,13.88,0.66,2.35,8.36,98.52,414.69,6.47,1.89,90.41,67.95
P057,Excellent,1398.73,200.68,12.95,92.92,1.84,3.57,0.5,12.04,75.79,448.06,9.67,11.19,70.02,115.21
P057,Excellent,1712.75,225.3,21.67,77.7,40.26,1.89,1.36,5.83,81.87,267.75,7.88,9.26,122.86,87.95
P057,Excellent,337.36,901.39,32.17,108.27,21.37,0.65,0.64,3.45,106.87,484.16,9.09,8.74,99.59,120.57
P057,Excellent,1648.32,815.51,16.54,94.34,99.81,0.68,0.24,10.67,83.25,393.78,10.23,10.37,89.06,74.68
P057,Excellent,587.93,355.59,13.76,87.22,29.34,4.8,1.79,6.11,74.18,279.97,8.62,8.29,115.3,74.76
P057,Excellent,1193.98,185.12,13.73,102.06,78.44,0.6,0.8,2.91,60.39,596.99,3.82,5.42,101.72,70.98
P057,Excellent,773.7,744.85,44.24,80.27,106.02,0.51,1.69,5.75,81.58,444.85,7.47,12.32,92.85,79.49
P057,Excellent,1410.45,823.92,11.7,105.83,56.21,4.32,2.26,11.37,90.59,570.81,10.43,7.45,98.98,59.68
P057,Excellent,1410.12,915.36,41.18,76.74,20.68,0.89,1.69,1.86,88.41,453.82,11.45,6.03,77.72,104.1
P057,Excellent,921.29,362.13,37.88,103.73,93.44,2.08,1.34,1.57,93.42,331.46,8.8,8.79,89.56,118.38
P057,Excellent,1209.96,600.92,15.81,100.66,71.48,3.82,1.22,5.68,76.2,509.65,11.59,10.82,110.68,69.45
P057,Excellent,1023.11,874.06,7.0,89.28,106.72,2.15,0.97,6.28,63.57,311.96,11.97,10.99,94.94,64.02
P057,Excellent,874.08,250.81,6.92,69.7,25.05,3.72,0.53,1.45,89.66,559.51,7.17,11.67,74.38,89.83
P057,Excellent,499.93,778.21,11.03,116.89,28.81,5.73,1.82,4.07,87.28,526.82,6.31,7.88,122.48,71.72
P057,Excellent,603.69,649.83,30.88,70.06,27.87,1.35,1.3,2.91,112.84,436.72,8.22,9.87,85.68,88.47
P057,Excellent,1102.07,665.27,43.62,91.09,50.28,1.3,1.54,6.39,61.77,618.94,11.76,6.92,82.67,68.19
P057,Excellent,969.63,527.62,12.65,100.08,80.61,0.2,1.77,11.62,76.49,379.84,9.16,9.75,65.82,84.53
P057,Excellent,1494.07,469.52,30.39,68.77,69.71,2.4,0.8,10.12,105.74,408.29,10.37,9.68,110.99,119.98
P057,Excellent,514.58,924.49,3.77,80.72,69.62,1.41,1.39,11.49,66.26,647.85,6.19,10.52,103.13,92.19
P057,Excellent,481.97,480.88,12.96,106.99,52.2,4.54,2.03,12.27,111.37,244.16,9.83,8.38,106.75,97.76
P057,Excellent,425.15,407.58,24.3,107.61,39.45,1.34,1.68,9.64,81.81,337.86,6.88,4.13,72.33,79.06
P057,Excellent,1804.42,307.27,21.25,97.7,95.49,3.46,0.64,7.87,77.07,475.85,4.21,4.88,66.6,63.5
P057,Excellent,836.09,603.82,30.18,95.82,19.38,2.12,0.66,11.11,108.01,588.34,3.11,9.63,69.95,98.65
P057,Excellent,708.46,137.65,18.79,80.26,65.33,0.48,1.73,2.91,115.29,499.62,5.51,10.69,116.82,94.36
P057,Excellent,1133.74,392.87,37.25,95.14,120.21,5.85,1.04,7.17,111.9,263.85,12.42,1.52,100.01,73.76
P057,Excellent,1709.82,527.87,16.83,115.38,66.34,1.01,0.08,7.96,109.56,479.02,6.9,4.95,69.74,104.29
P057,Excellent,1387.62,142.93,7.86,103.62,73.07,1.54,1.17,6.22,92.77,277.62,4.26,10.43,75.21,68.44
P057,Excellent,749.41,189.48,28.57,96.63,102.72,3.75,1.31,11.35,65.52,401.2,2.6,5.27,72.22,107.82
P057,Excellent,1291.75,242.41,24.1,101.38,50.06,3.51,0.07,2.98,73.22,424.75,4.45,4.07,98.26,92.92
P057,Excellent,1676.35,298.15,42.92,110.09,25.33,5.42,1.26,6.64,111.54,344.41,5.18,4.12,93.88,58.66
P057,Excellent,1671.88,151.31,25.74,108.94,92.79,1.93,1.14,8.64,66.32,487.01,5.74,1.39,68.56,60.91
P057,Excellent,1699.18,629.73,24.51,107.91,83.92,4.06,0.55,4.83,97.45,387.86,4.89,10.49,115.79,66.04
P057,Excellent,1175.96,313.59,13.2,82.64,50.05,1.48,0.96,9.17,115.58,248.4,1.76,9.12,80.31,78.53
P057,Excellent,568.78,634.87,18.29,74.41,22.76,5.71,0.92,10.96,70.17,297.78,3.91,4.02,82.88,124.82
P057,Excellent,1483.45,296.21,36.98,95.82,72.49,4.05,1.27,2.38,62.67,507.99,6.26,4.52,71.06,87.17
P057,Excellent,640.26,642.3,9.7,84.85,23.63,2.54,1.75,9.31,111.78,480.22,10.86,11.13,89.78,105.06
P057,Excellent,552.32,794.16,16.22,98.66,88.27,1.13,1.28,3.99,75.54,495.25,9.27,4.62,71.43,70.78
P057,Excellent,698.53,120.46,42.57,90.7,80.56,2.54,1.43,4.72,100.68,519.88,2.02,8.02,78.07,63.93
P057,Excellent,1403.0,189.24,1.33,77.17,42.94,5.29,0.88,4.87,108.17,555.91,8.76,10.57,80.53,106.6
P057,Excellent,1470.67,288.84,45.75,80.29,24.93,5.85,0.45,7.17,94.39,527.35,9.89,7.25,125.81,66.41
P057,Excellent,1085.4,726.05,7.56,88.91,91.17,5.31,0.3,4.16,116.95,369.54,11.22,6.68,120.31,114.72
P057,Excellent,1476.27,265.98,2.42,89.97,61.59,4.01,1.47,6.27,101.15,523.73,3.25,4.39,123.62,78.15
P058,OK,463.47,246.4,12.65,74.17,72.73,3.51,0.44,6.27,84.59,297.83,1.69,8.7,52.83,56.09
P058,OK,1094.89,247.31,32.64,65.34,59.66,4.18,0.21,6.86,44.53,287.29,2.16,7.89,51.71,62.78
P058,OK,1239.22,329.2,3.92,52.26,45.41,0.3,1.26,6.68,43.22,305.38,7.95,6.4,62.37,65.46
P058,OK,387.86,540.45,14.9,53.39,67.51,2.21,1.39,3.49,44.43,299.7,2.42,2.19,49.37,50.31
P058,OK,441.59,511.95,18.47,69.42,58.11,0.68,1.58,3.71,80.54,325.64,2.29,2.19,44.0,65.93
P058,OK,1149.1,511.91,29.11,84.69,61.85,1.0,0.9,3.36,79.14,214.08,8.6,6.27,64.65,67.15
P058,OK,770.38,642.93,22.7,65.22,82.3,2.85,1.4,6.15,61.64,354.9,7.87,7.67,67.11,79.07
P058,OK,281.15,677.25,27.38,78.04,82.49,1.56,0.98,1.49,42.46,258.69,7.71,7.98,56.04,73.38
P058,OK,958.71,427.6,4.23,51.59,37.31,3.89,0.62,5.28,56.53,268.84,6.83,5.3,52.68,45.52
P058,OK,388.16,340.46,7.32,71.43,7.29,2.02,0.76,7.93,54.01,330.17,2.35,5.82,45.7,66.37
P058,OK,1022.9,614.94,29.39,71.62,87.71,3.18,0.39,6.41,57.13,191.33,2.62,6.55,78.66,75.03
P058,OK,1264.52,377.05,21.3,82.84,38.46,0.82,0.1,5.37,61.35,260.02,7.71,2.33,65.09,68.29
P058,OK,391.76,334.35,10.83,65.76,5.95,2.5,0.69,6.16,47.32,186.36,5.34,3.35,72.02,54.49
P058,OK,841.43,182.07,24.76,64.63,18.2,1.55,0.71,2.25,54.63,291.51,4.21,3.92,76.35,48.21
P058,OK,1116.86,123.61,30.83,55.8,81.73,0.44,0.04,6.88,57.58,197.38,3.18,2.35,72.53,51.26
P058,OK,744.75,365.81,18.88,55.82,72.61,3.43,0.26,3.53,71.99,225.41,1.91,8.06,55.18,70.24
P058,OK,851.67,166.02,16.68,73.69,41.76,2.31,0.01,3.14,48.52,385.22,5.14,6.14,82.23,82.99
P058,OK,790.96,375.51,8.17,74.54,23.98,0.6,1.55,4.79,78.77,281.59,6.47,4.17,61.0,78.36
P058,OK,1285.34,527.54,21.13,61.02,19.14,0.72,0.11,7.29,80.98,332.02,4.3,6.06,58.95,52.33
P058,OK,883.11,195.6,22.08,51.97,36.77,3.33,1.6,4.85,63.84,186.92,7.29,6.61,68.85,46.87
P058,OK,724.74,321.03,23.34,53.97,41.82,2.88,1.12,5.38,60.78,177.78,4.88,6.09,71.21,79.0
P058,OK,1035.27,502.58,34.38,68.12,34.53,2.79,1.44,3.71,75.14,216.57,3.24,1.62,81.87,48.38
P058,OK,599.31,112.36,29.34,77.6,46.87,3.76,1.19,3.08,63.16,426.59,1.66,7.91,61.48,64.3
P058,OK,809.69,190.48,6.02,64.21,35.84,1.41,0.28,7.02,52.43,207.8,8.44,3.05,62.9,80.57
P058,OK,1175.11,492.89,23.34,58.74,30.02,3.9,1.57,7.72,82.95,184.37,6.03,1.35,44.08,59.31
P058,OK,1001.56,309.68,8.06,56.71,60.16,3.2,0.54,2.51,83.69,273.65,7.23,5.39,70.68,87.04
P058,OK,324.56,340.82,2.19,84.86,76.69,0.79,0.92,2.39,52.5,377.46,4.6,5.36,59.09,55.05
P058,OK,961.9,197.86,3.16,56.49,39.77,3.44,0.65,5.75,44.8,366.34,7.92,2.86,65.81,55.41
P058,OK,753.42,610.4,19.77,73.05,72.44,3.76,1.11,2.69,78.05,318.79,3.44,1.6,66.88,81.56
P058,OK,316.33,366.45,22.9,86.44,80.41,1.69,0.9,4.81,48.75,393.21,0.95,3.47,48.29,62.49
P058,OK,789.07,224.76,28.76,56.8,63.99,3.77,0.52,8.67,61.83,378.96,1.88,7.37,75.68,55.71
P058,OK,1075.02,694.14,25.08,72.82,13.63,3.07,0.01,5.02,74.12,358.57,2.59,6.15,51.24,77.45
P058,OK,1160.55,446.74,5.44,69.26,8.32,1.24,0.71,2.09,42.05,218.97,3.68,2.88,73.61,42.88
P058,OK,291.08,388.44,12.61,68.61,14.25,1.42,0.4,4.62,52.45,274.38,3.39,0.9,59.67,72.64
P058,OK,665.04,165.37,23.06,65.86,22.66,2.16,1.54,4.89,57.97,255.22,4.36,7.27,66.09,61.36
P058,OK,769.56,430.55,27.74,51.67,16.63,1.99,1.67,1.93,55.71,335.43,5.78,4.6,78.59,63.5
P058,OK,973.36,525.25,30.34,76.43,87.07,2.82,0.74,6.74,73.82,257.41,5.29,1.34,53.03,48.79
P058,OK,1187.37,255.29,16.06,76.31,64.85,0.22,0.43,3.35,54.42,280.04,6.83,6.69,46.22,59.04
P058,OK,966.47,477.59,11.23,62.86,61.42,1.4,0.83,3.35,61.91,293.58,6.37,4.37,48.47,78.18
P058,OK,692.62,273.08,32.81,55.98,16.46,0.21,0.72,5.81,54.48,378.53,3.61,5.37,65.31,49.83
P058,OK,1165.33,436.22,23.35,88.75,11.71,1.99,0.74,5.57,46.83,207.42,4.01,4.68,79.8,81.73
P058,OK,681.57,268.78,10.32,75.92,38.37,3.97,0.14,1.86,63.6,262.49,5.41,2.42,46.68,82.59
P058,OK,845.95,600.67,17.08,80.52,5.66,2.13,1.37,4.65,60.1,189.24,4.98,7.38,47.29,61.3
P058,OK,618.99,371.82,12.38,77.41,17.93,3.87,0.2,4.18,40.55,314.05,6.02,8.31,75.89,62.95
P058,OK,1293.17,613.65,4.46,66.47,31.39,2.05,0.75,4.88,62.16,292.68,5.56,3.83,57.83,72.04
P058,OK,1232.57,541.85,20.66,54.16,24.09,0.35,1.36,4.11,53.71,361.55,1.35,5.73,42.3,82.66
P058,OK,742.12,105.01,8.09,53.64,38.22,0.27,0.04,5.5,57.1,180.75,6.67,4.45,56.31,62.6
P058,OK,965.94,159.86,26.24,52.91,31.82,0.43,1.05,5.41,47.76,339.13,5.52,6.67,77.95,54.69
P058,OK,1280.4,588.12,13.58,53.95,14.56,2.13,0.08,7.69,42.47,249.89,6.66,1.65,51.59,52.1
P058,OK,1114.11,139.21,5.62,55.5,29.22,3.85,0.03,5.31,47.37,322.49,2.58,8.43,75.08,82.32
P058,OK,1232.69,506.62,3.59,58.67,79.55,0.24,0.54,2.33,44.39,193.45,5.7,8.03,80.34,64.21
P058,OK,452.5,118.07,2.44,79.22,5.85,0.23,1.13,6.6,81.18,390.17,7.83,7.23,78.19,60.35
P058,OK,973.55,171.84,23.08,63.35,82.12,0.37,0.23,6.46,78.14,336.57,3.68,4.68,51.55,81.57
P058,OK,1103.61,585.93,19.09,73.2,27.97,3.86,0.26,6.74,80.71,345.32,4.51,1.72,61.22,77.6
P058,OK,1059.76,335.75,3.72,60.07,8.29,0.36,1.08,2.58,70.53,177.42,2.67,4.72,81.19,47.31
P058,OK,897.53,452.27,5.2,55.58,32.33,0.81,1.59,1.75,54.62,406.72,4.04,3.1,86.7,70.56
P058,OK,1030.24,295.78,15.92,70.73,71.62,3.32,1.02,5.11,80.65,337.95,0.92,3.13,63.82,79.37
P058,OK,756.71,130.93,6.36,71.78,76.46,2.32,1.14,6.23,85.27,319.47,1.29,5.7,71.02,52.04
P058,OK,298.15,401.56,16.61,83.86,3.15,3.52,1.23,5.61,84.49,394.05,1.64,6.15,67.78,59.14
P058,OK,1125.12,172.14,25.06,80.31,39.26,3.02,0.16,4.55,80.8,361.66,7.11,6.83,76.93,76.36
P058,OK,1186.91,472.43,8.92,68.69,68.13,0.81,0.16,2.82,65.03,342.2,3.36,6.63,83.25,49.17
P058,OK,901.13,563.31,20.26,76.71,58.94,3.1,0.5,2.42,60.23,191.7,7.15,2.31,63.32,72.84
P058,OK,319.37,316.78,21.0,54.42,23.41,2.75,0.59,3.16,50.2,295.24,1.22,2.77,44.88,82.09
P058,OK,712.56,345.8,26.52,64.71,58.12,4.22,0.72,2.54,42.88,298.25,1.38,1.32,48.19,66.82
P058,OK,1039.72,541.21,4.58,63.25,8.0,1.77,0.97,7.92,68.67,222.01,6.43,5.56,72.97,75.7
P058,OK,437.66,446.74,22.38,62.94,7.6,1.16,1.15,7.48,43.6,390.0,5.2,4.97,87.58,57.29
P058,OK,312.78,494.28,24.48,67.41,48.32,4.02,0.69,3.73,45.82,250.94,8.59,4.67,76.04,79.94
P058,OK,1149.92,469.76,17.09,73.71,33.25,3.52,0.6,2.23,53.56,389.03,6.66,2.52,54.75,44.86
P058,OK,337.92,556.81,20.47,80.31,58.01,3.84,0.71,2.92,72.76,431.59,8.1,6.27,67.49,59.17
P058,OK,772.77,349.72,27.94,84.05,59.19,0.75,1.21,3.04,50.66,195.56,7.76,8.72,70.47,53.1
P058,OK,632.78,461.93,2.5,68.8,5.49,0.41,1.34,5.42,58.31,186.02,1.74,1.93,48.42,77.18
P058,OK,824.58,478.43,8.5,78.1,29.66,0.61,1.06,7.88,70.91,385.23,7.75,7.72,79.1,42.47
P058,OK,725.67,89.73,18.75,87.98,71.85,0.72,1.35,8.2,73.96,382.4,8.99,3.14,51.69,62.52
P058,OK,310.12,509.44,28.82,51.55,69.94,1.2,0.01,5.93,44.85,224.54,5.16,5.96,42.69,55.18
P058,OK,416.98,296.26,11.92,55.49,58.35,3.77,1.4,7.06,84.22,185.3,3.96,6.98,72.04,54.14
P058,OK,1149.17,606.6,29.14,52.36,64.53,1.95,1.08,5.33,65.76,248.12,4.27,2.48,66.63,84.5
P058,OK,383.97,422.07,4.93,57.04,24.91,3.27,1.09,5.81,74.38,371.7,4.79,5.7,66.49,80.23
P058,OK,1115.26,119.01,12.98,52.85,77.83,2.48,1.12,7.48,57.87,388.91,4.44,7.42,53.57,60.06
P058,OK,944.81,493.23,15.34,81.35,7.7,2.97,0.12,5.91,45.38,233.34,6.97,4.04,81.01,60.8
P058,OK,654.19,145.38,17.65,57.58,66.68,0.49,0.99,4.92,85.96,404.61,6.7,1.49,43.02,78.57
P058,OK,1228.23,126.62,28.55,74.84,55.54,3.19,0.08,5.47,70.27,302.25,0.98,2.03,83.14,48.66
P058,OK,522.25,353.38,15.79,50.99,26.68,2.79,0.39,3.2,50.6,203.07,5.4,4.11,52.21,82.02
P058,OK,637.31,157.43,2.89,53.04,6.56,0.38,1.39,6.74,69.99,183.59,7.4,2.63,82.17,60.68
P058,OK,858.59,349.65,2.3,57.22,34.77,0.49,1.02,6.52,83.33,167.54,4.39,5.23,58.08,66.56
P058,OK,968.71,323.37,1.46,56.13,33.34,3.85,1.52,2.43,77.36,339.89,3.26,4.3,65.0,58.41
P058,OK,1090.85,467.54,12.54,58.86,84.67,0.02,1.18,6.18,58.38,308.86,7.55,0.96,54.86,43.84
P058,OK,1013.14,473.95,30.81,79.14,43.7,0.45,1.54,5.92,71.48,187.3,8.22,7.46,71.64,68.94
P058,OK,673.53,455.07,11.88,66.89,41.36,3.58,0.13,3.17,47.58,279.95,7.94,6.51,85.54,81.19
P058,OK,868.88,390.54,2.64,81.65,37.83,1.14,1.48,2.59,56.73,355.87,1.22,6.94,63.72,48.48
P058,OK,942.89,478.44,18.31,61.54,12.69,3.99,1.41,4.29,66.66,330.56,7.89,7.22,75.4,61.06
P058,OK,559.52,619.4,18.46,68.45,65.46,0.5,0.67,7.61,81.16,274.38,1.6,5.39,75.82,77.85
P058,OK,921.29,381.96,6.26,53.01,1.5,1.5,1.59,6.68,80.39,286.03,5.16,7.85,70.73,85.45
P058,OK,485.97,305.08,5.14,78.93,22.05,3.89,0.29,8.74,43.63,281.25,4.89,6.04,55.59,83.07
P058,OK,409.57,466.4,27.06,73.81,70.98,2.34,0.34,2.84,81.24,300.09,7.8,3.54,55.76,73.96
P058,OK,1090.71,210.6,10.46,74.4,69.23,1.23,1.11,1.72,52.54,281.25,1.54,7.04,65.02,46.25
P058,OK,741.13,450.88,14.78,62.83,33.11,0.56,0.27,3.84,53.51,302.08,3.35,3.27,78.85,54.2
P058,OK,249.05,292.67,7.79,74.97,26.23,3.24,0.68,8.47,50.37,353.87,1.42,6.56,50.87,60.6
P058,OK,277.85,272.75,17.58,77.62,55.36,0.38,0.64,8.52,80.92,425.48,1.3,3.0,47.28,79.89
P058,OK,627.95,364.74,15.86,76.19,57.69,2.99,0.78,4.2,64.28,238.8,4.07,2.04,57.52,75.02
P058,OK,926.3,711.29,5.07,84.43,26.55,3.44,1.48,5.21,44.44,256.98,8.44,1.45,52.12,65.64
P059,Good,423.49,233.14,33.74,56.09,31.06,0.46,1.22,2.33,93.98,205.26,8.36,6.29,73.01,54.46
P059,Good,1290.46,621.94,30.93,78.43,26.5,3.16,0.78,7.06,76.17,382.11,8.88,2.37,88.61,92.0
P059,Good,1216.95,658.37,14.22,98.18,46.36,1.19,1.38,8.94,76.17,351.12,2.19,1.51,87.17,62.64
P059,Good,947.49,686.08,10.13,90.74,85.31,1.1,1.27,3.43,71.93,251.55,8.07,4.98,77.61,70.03
P059,Good,962.26,651.85,2.62,56.74,86.59,1.0,1.65,8.56,75.73,207.1,8.81,4.42,48.66,87.06
P059,Good,1191.81,438.47,16.94,85.47,59.5,2.22,0.79,6.54,69.34,225.19,3.22,7.2,59.35,90.14
P059,Good,1062.74,107.35,7.41,67.89,12.07,2.76,1.3,1.82,59.49,297.06,6.64,5.75,55.75,56.15
P059,Good,346.85,309.05,11.5,61.86,19.99,2.19,0.28,4.96,81.8,240.03,5.46,1.89,52.3,89.91
P059,Good,569.45,207.91,5.57,63.95,39.6,4.15,0.38,8.8,75.2,296.33,5.97,1.1,92.89,58.14
P059,Good,1120.19,427.76,8.66,81.81,8.26,1.1,1.64,9.39,52.23,334.43,1.53,7.39,68.49,65.59
P059,Good,1029.73,183.66,21.72,64.5,58.78,2.87,1.49,4.77,74.75,381.91,3.37,3.33,95.63,76.04
P059,Good,659.36,399.55,31.59,82.19,40.63,2.42,1.21,1.24,90.12,300.43,3.7,9.47,58.89,73.2
P059,Good,1103.08,625.25,36.8,80.05,2.31,3.94,0.62,3.49,91.81,481.8,3.25,2.37,75.05,88.52
P059,Good,944.95,269.51,29.06,88.25,58.77,1.35,0.08,7.22,65.47,191.97,2.28,3.25,93.32,71.98
P059,Good,996.75,551.84,10.91,85.02,15.43,0.2,0.58,1.53,54.07,283.17,1.78,3.13,80.53,86.98
P059,Good,748.06,210.21,34.89,72.88,41.53,4.55,1.4,8.02,84.1,299.31,2.67,7.1,74.01,45.95
P059,Good,1361.15,330.23,22.29,63.5,1.72,0.04,1.27,4.22,81.32,302.25,6.13,5.76,93.01,72.57
P059,Good,937.81,384.06,23.7,59.29,59.64,0.58,0.21,1.12,50.7,375.19,6.33,7.95,90.32,49.91
P059,Good,1355.99,287.25,16.22,69.26,29.84,3.12,0.45,2.72,83.43,325.32,5.6,7.76,80.26,82.18
P059,Good,806.92,170.93,1.57,72.58,63.76,0.31,0.29,5.41,63.5,263.3,1.07,2.53,76.5,67.54
P059,Good,1420.48,606.22,17.41,66.61,33.23,3.9,0.09,1.51,49.11,423.51,6.69,5.56,55.16,53.37
P059,Good,1400.68,324.29,36.28,78.16,28.59,2.31,0.57,3.04,55.46,368.66,2.73,6.1,70.53,71.97
P059,Good,608.51,476.27,35.19,65.41,29.75,3.13,1.89,2.3,56.11,242.89,3.74,2.63,67.92,77.29
P059,Good,769.02,130.2,32.68,79.76,64.2,3.37,1.28,8.15,62.76,412.61,1.15,8.91,62.32,93.61
P059,Good,1399.36,612.87,28.54,64.49,2.21,3.31,1.59,2.62,71.97,309.45,7.82,1.56,51.49,83.11
P059,Good,440.26,294.58,12.19,57.15,65.08,4.81,1.06,8.41,70.58,297.23,1.99,2.36,95.5,80.72
P059,Good,778.69,349.26,9.05,81.32,71.49,1.74,0.79,8.49,82.48,351.71,7.99,9.21,59.67,76.92
P059,Good,374.13,260.94,30.12,93.15,38.64,2.92,0.88,4.79,93.42,223.78,6.11,2.61,71.55,59.91
P059,Good,355.27,786.27,37.74,67.21,83.08,3.74,1.26,2.23,50.08,264.12,4.72,6.91,82.8,52.37
P059,Good,1051.23,239.0,6.12,84.56,8.02,0.83,1.43,9.31,79.38,472.78,2.76,4.04,78.83,60.22
P059,Good,963.19,103.15,38.64,80.15,87.31,4.27,0.38,7.06,57.96,357.39,1.78,6.23,51.8,52.25
P059,Good,421.29,741.57,11.53,62.79,10.92,0.56,0.89,7.04,64.09,194.46,3.7,6.87,83.23,72.28
P059,Good,980.51,605.57,36.84,67.71,31.6,1.86,0.98,9.19,51.95,382.99,6.64,3.46,53.34,52.75
P059,Good,1379.03,458.65,15.03,67.7,61.14,4.58,0.96,6.09,76.78,392.83,8.66,2.46,83.12,73.93
P059,Good,1240.68,94.31,7.05,58.55,49.71,4.19,1.49,6.16,46.02,328.54,6.7,5.71,84.28,69.0
P059,Good,928.66,151.97,25.36,94.77,50.02,1.98,1.09,7.01,76.1,329.91,2.05,4.33,52.0,47.56
P059,Good,495.25,470.75,35.04,90.75,43.5,0.55,0.89,5.13,84.88,217.51,5.04,8.0,82.04,65.7
P059,Good,1138.03,273.19,4.21,91.07,76.71,4.32,1.17,9.25,95.83,324.23,3.45,3.59,76.17,51.62
P059,Good,602.13,306.68,35.82,87.18,64.54,3.44,0.38,4.61,74.82,299.73,7.28,7.99,66.87,94.48
P059,Good,872.4,461.86,7.55,93.66,58.33,0.91,0.56,5.2,50.4,331.51,8.7,8.45,62.86,70.17
P059,Good,1223.39,149.69,38.32,63.13,94.76,3.57,0.01,2.56,67.65,431.18,6.11,9.02,83.25,64.73
P059,Good,1240.11,468.11,22.96,71.85,22.6,1.32,1.87,7.14,78.75,285.13,3.58,2.45,93.25,80.11
P059,Good,1194.1,223.17,9.52,62.05,89.35,3.45,1.91,9.11,84.4,299.73,1.35,9.09,60.97,51.96
P059,Good,397.75,351.35,1.6,84.25,23.4,0.77,1.72,8.24,86.85,279.96,1.47,4.35,49.74,84.99
P059,Good,601.58,600.34,28.09,67.84,42.17,0.33,0.79,9.09,91.78,261.32,7.98,1.31,66.96,90.84
P059,Good,959.07,287.28,9.72,87.15,67.74,4.03,0.07,3.5,90.46,247.41,2.35,4.45,71.58,88.81
P059,Good,718.02,209.94,18.0,69.37,10.42,1.48,1.8,6.7,85.16,392.5,3.75,6.75,50.15,60.79
P059,Good,1478.28,106.24,26.04,81.24,21.57,1.18,1.85,1.98,55.95,397.11,7.94,2.64,55.63,82.86
P059,Good,362.17,783.9,15.9,66.41,80.74,4.56,0.61,3.69,93.44,252.52,5.87,8.39,63.97,51.19
P059,Good,313.86,542.73,17.24,63.6,19.81,3.08,0.33,2.15,68.27,187.23,5.14,2.28,58.9,94.12
P059,Good,382.69,652.69,3.62,65.73,59.3,3.91,0.53,7.71,77.36,434.49,5.88,9.07,55.04,65.32
P059,Good,661.32,461.74,2.35,73.43,71.71,1.4,1.4,1.76,80.84,403.53,5.53,4.27,89.06,91.75
P059,Good,1434.64,529.29,31.24,85.4,69.0,4.38,0.5,4.42,67.93,439.46,5.15,1.9,58.32,73.49
P059,Good,1167.72,397.4,21.37,83.69,22.79,1.82,1.75,1.43,65.78,274.69,3.89,4.01,50.02,92.15
P059,Good,995.49,603.35,5.37,68.8,69.81,2.48,0.99,3.11,51.53,465.67,3.82,8.25,62.65,80.21
P059,Good,388.17,676.74,14.59,89.65,30.41,3.49,1.41,4.56,47.89,233.03,7.87,4.03,67.77,71.77
P059,Good,345.12,429.62,21.32,78.45,72.99,4.31,1.28,9.36,72.7,300.7,6.13,2.88,63.89,52.78
P059,Good,882.61,582.03,2.69,81.1,29.82,2.26,1.84,6.33,50.25,408.33,7.53,2.52,50.22,56.84
P059,Good,700.88,291.92,12.16,88.61,32.34,1.92,1.76,9.52,54.44,448.44,4.43,7.4,69.45,95.37
P059,Good,905.1,453.21,16.05,86.88,16.88,1.02,0.36,3.95,94.34,412.45,6.63,9.05,83.07,73.31
P059,Good,770.68,95.77,27.36,63.7,18.56,2.74,1.41,8.76,85.7,451.77,2.71,3.95,52.66,71.85
P059,Good,581.46,205.62,30.0,87.06,47.51,1.32,1.03,1.6,90.49,293.22,4.74,3.26,67.08,87.74
P059,Good,985.98,118.41,24.33,74.45,44.83,1.18,1.83,9.2,55.29,305.05,1.2,7.98,84.92,84.92
P059,Good,1304.61,551.99,32.61,90.99,32.24,4.28,1.63,8.58,73.41,411.23,3.51,5.79,94.22,87.13
P059,Good,1362.07,134.64,35.76,97.48,62.12,3.06,0.63,8.22,53.47,223.15,4.21,6.05,51.29,73.4
P059,Good,374.62,658.21,21.62,76.52,88.79,0.67,0.37,4.89,60.04,311.04,2.63,4.01,51.35,87.34
P059,Good,369.94,639.8,1.68,94.62,27.7,2.53,0.25,4.03,67.59,456.55,2.18,1.55,69.49,61.48
P059,Good,872.36,111.49,21.81,64.75,46.73,2.29,0.83,8.03,63.52,320.08,4.02,8.34,94.71,59.8
P059,Good,1351.68,735.91,35.15,65.59,91.18,3.4,1.83,2.63,50.98,437.89,2.93,7.2,87.51,49.57
P059,Good,676.55,661.65,23.64,80.21,54.04,2.1,1.37,3.58,77.13,222.54,5.82,6.14,82.85,80.64
P059,Good,1362.92,638.46,5.95,58.66,65.94,0.24,0.19,3.22,72.1,458.2,2.23,5.91,64.35,78.0
P059,Good,482.74,464.98,18.68,79.04,17.68,4.36,1.57,5.6,49.83,241.18,2.8,7.38,56.41,52.78
P059,Good,635.83,383.03,23.74,95.05,57.94,2.61,0.92,7.23,64.21,327.57,5.0,6.34,63.27,72.59
P059,Good,1373.03,730.72,4.66,89.19,47.8,1.4,0.56,3.45,57.26,468.16,1.6,8.26,91.39,66.25
P059,Good,1100.67,743.83,6.17,76.09,49.92,3.69,0.63,3.13,66.29,377.05,7.72,4.86,81.7,66.68
P059,Good,761.3,331.33,1.82,75.28,30.52,2.86,0.28,3.53,69.59,408.04,7.79,6.53,66.09,70.59
P059,Good,1389.86,677.88,24.13,75.11,63.0,2.76,0.47,1.84,46.61,473.34,7.21,2.44,88.97,66.13
P059,Good,1387.67,443.47,13.56,95.51,71.9,4.34,1.59,8.97,71.01,195.8,5.3,2.01,85.29,65.94
P059,Good,1010.26,172.28,10.73,56.1,54.39,1.98,0.4,5.55,49.95,320.94,6.28,9.56,63.83,78.3
P059,Good,1142.03,551.57,12.36,68.08,87.34,4.28,0.76,3.88,49.24,383.13,2.35,2.07,68.06,56.08
P059,Good,827.06,397.19,8.64,60.01,77.77,3.26,1.55,6.56,72.91,276.21,2.45,9.19,49.68,92.68
P059,Good,996.01,610.29,9.57,89.97,52.94,3.45,1.62,7.67,82.91,263.55,3.05,6.97,63.38,78.0
P059,Good,1219.64,527.14,23.24,85.59,43.99,1.69,1.0,7.84,97.67,269.32,2.61,1.14,67.22,80.69
P059,Good,1127.54,233.55,23.81,88.62,84.09,3.76,1.3,4.23,76.7,344.46,6.05,6.36,74.38,54.48
P059,Good,978.63,520.63,17.86,74.04,67.1,1.3,0.73,5.15,73.47,253.85,5.64,5.43,91.93,83.2
P059,Good,869.63,455.81,34.03,81.56,4.6,2.28,1.16,8.0,68.11,194.6,2.11,8.55,59.03,60.43
P059,Good,1295.24,654.97,10.73,72.57,64.17,1.22,1.93,8.89,60.76,416.69,1.07,2.71,72.41,80.36
P059,Good,736.9,250.51,13.78,72.77,21.46,1.55,1.2,3.24,61.01,376.26,7.99,6.66,93.01,92.48
P059,Good,1189.24,705.98,35.15,64.88,8.54,2.15,1.0,4.13,85.82,440.5,6.42,2.38,90.25,76.2
P059,Good,1099.03,738.25,20.61,65.54,85.77,1.86,1.43,7.81,78.45,290.76,3.11,5.25,50.13,75.38
P059,Good,1366.3,257.51,7.47,77.38,50.38,2.12,0.17,8.57,77.73,198.95,5.02,9.39,48.0,86.11
P059,Good,970.62,369.12,21.78,85.15,2.58,0.35,0.05,1.8,69.7,236.6,1.63,4.22,90.45,71.04
P059,Good,945.91,431.06,21.96,74.18,18.88,3.33,1.62,1.92,93.35,386.24,7.35,5.4,82.65,74.29
P059,Good,1139.58,521.59,13.99,92.13,27.7,1.54,0.94,4.6,71.77,340.98,2.98,4.78,66.15,81.02
P059,Good,1368.88,678.57,18.48,88.55,14.0,2.44,1.48,1.6,86.38,301.57,1.98,8.7,53.32,84.76
P059,Good,904.68,160.02,39.17,68.25,27.4,3.82,0.11,7.77,73.56,496.41,6.24,2.86,49.83,61.86
P059,Good,538.64,598.04,33.77,95.06,58.96,0.59,1.71,5.51,59.78,231.63,4.26,4.78,82.1,77.87
P059,Good,1226.77,618.03,21.79,71.38,1.86,4.25,1.52,1.32,66.42,467.27,8.43,8.37,86.83,82.17
P059,Good,1294.7,449.67,8.51,89.73,66.12,1.68,0.7,1.01,60.85,344.21,1.22,4.54,50.13,57.91
P059,Good,365.88,397.7,20.62,55.36,81.53,1.32,1.72,3.73,91.68,422.22,3.32,4.03,60.41,54.87
P060,Needs Improvement,1013.96,370.41,4.9,48.73,17.83,1.14,1.26,6.64,50.12,205.65,5.5,5.24,54.51,58.99
P060,Needs Improvement,710.01,220.09,8.86,53.63,50.88,3.91,1.47,1.62,45.48,157.24,4.18,1.6,39.5,71.8
P060,Needs Improvement,399.12,212.83,27.55,65.99,70.22,0.94,0.28,7.07,42.51,355.31,0.92,0.84,62.37,64.25
P060,Needs Improvement,1030.23,85.07,31.75,45.06,32.85,2.04,0.09,2.8,70.6,159.19,2.92,6.01,44.22,63.11
P060,Needs Improvement,655.76,150.05,24.89,71.32,29.32,0.83,0.11,6.98,67.95,173.84,5.23,1.49,71.36,76.19
P060,Needs Improvement,563.25,337.2,3.31,59.25,55.71,3.04,0.33,3.87,62.07,276.33,2.56,1.82,70.05,51.82
P060,Needs Improvement,439.3,607.72,27.7,54.21,46.3,0.94,0.22,1.94,43.78,264.42,2.27,2.88,54.22,68.71
P060,Needs Improvement,667.39,573.06,19.05,62.76,51.98,1.76,0.56,5.2,40.62,338.6,0.84,2.31,74.97,72.12
P060,Needs Improvement,804.64,363.95,22.63,65.96,5.14,3.61,0.13,4.05,37.08,322.3,2.81,2.5,63.38,63.79
P060,Needs Improvement,638.76,318.34,9.21,48.56,50.79,3.33,0.63,1.58,40.96,335.03,4.31,1.76,54.8,68.89
P060,Needs Improvement,776.66,275.79,2.4,58.3,69.2,3.23,1.19,5.74,73.13,168.49,4.1,4.69,59.39,67.46
P060,Needs Improvement,912.18,306.71,0.84,61.75,12.48,3.41,1.21,7.49,44.74,325.95,4.1,6.73,63.63,57.04
P060,Needs Improvement,907.22,347.47,21.75,57.87,53.23,1.0,1.34,5.88,46.57,198.64,3.14,5.52,62.49,43.4
P060,Needs Improvement,465.32,334.23,3.72,66.66,9.42,3.9,1.05,1.07,63.6,341.04,2.03,4.46,49.58,67.51
P060,Needs Improvement,729.97,409.77,10.62,50.26,51.69,3.81,1.26,3.77,70.23,204.15,7.48,6.34,75.69,76.89
P060,Needs Improvement,924.16,602.72,25.64,56.25,67.74,2.26,1.06,3.06,49.07,320.86,3.08,1.94,45.2,46.55
P060,Needs Improvement,1133.62,330.3,25.75,49.65,53.43,2.66,0.04,6.77,38.25,277.53,3.53,4.44,44.49,71.92
P060,Needs Improvement,409.01,78.83,9.45,50.33,47.98,1.3,0.82,4.38,58.86,167.91,5.43,3.47,70.84,49.67
P060,Needs Improvement,248.58,269.04,25.13,46.11,52.47,0.75,0.71,1.36,65.61,337.62,6.62,6.07,57.89,74.46
P060,Needs Improvement,836.67,432.03,28.78,78.75,65.67,1.43,0.21,5.19,39.5,262.89,7.74,4.68,53.38,59.16
P060,Needs Improvement,1090.2,347.97,22.33,47.09,20.94,0.71,0.28,3.07,57.74,212.11,5.69,6.1,41.98,55.07
P060,Needs Improvement,756.86,474.66,12.03,67.06,53.33,2.12,1.46,3.51,54.89,201.88,3.19,7.23,40.78,46.84
P060,Needs Improvement,826.49,304.04,22.51,55.32,42.69,0.37,1.34,4.65,74.76,285.61,4.76,1.38,48.22,54.67
P060,Needs Improvement,804.77,492.7,24.9,59.49,6.62,0.24,1.31,1.74,73.01,198.92,0.92,7.11,38.8,40.24
P060,Needs Improvement,526.51,285.99,21.37,62.7,19.18,0.9,0.68,1.02,70.4,366.55,1.31,1.77,43.68,68.4
P060,Needs Improvement,753.71,248.15,5.18,68.12,51.05,0.78,0.48,3.01,65.65,204.82,5.78,6.09,65.03,39.42
P060,Needs Improvement,672.66,110.72,15.44,59.05,9.21,1.52,0.7,5.52,66.33,273.66,2.33,3.32,44.58,73.2
P060,Needs Improvement,228.49,386.96,27.05,74.53,60.95,0.12,0.6,0.99,58.45,186.6,5.25,4.4,40.22,48.54
P060,Needs Improvement,920.66,82.2,12.75,74.82,58.11,1.85,1.2,7.25,44.62,377.43,4.83,6.82,64.65,74.97
P060,Needs Improvement,780.05,481.07,20.87,54.75,11.52,1.21,1.15,7.15,38.28,329.08,3.39,3.64,66.7,54.65
P060,Needs Improvement,1071.13,308.36,2.94,65.83,36.77,1.52,0.5,4.98,74.75,362.41,6.09,4.24,66.87,69.2
P060,Needs Improvement,705.84,233.79,3.35,75.71,34.98,0.37,1.15,5.45,54.59,225.23,3.34,0.88,75.03,65.67
P060,Needs Improvement,771.18,241.89,15.08,49.58,61.78,0.05,0.58,3.46,74.81,211.29,2.25,4.23,68.2,52.27
P060,Needs Improvement,238.47,474.04,7.94,61.74,18.22,0.01,0.86,1.59,61.47,304.8,7.0,5.82,56.83,43.52
P060,Needs Improvement,462.74,261.09,5.36,48.68,65.95,1.89,1.49,1.87,59.52,319.11,5.75,6.73,55.81,39.85
P060,Needs Improvement,383.09,600.11,19.95,76.31,58.13,3.0,0.18,2.86,70.48,180.39,5.34,1.52,58.93,38.51
P060,Needs Improvement,577.53,125.67,17.91,44.95,15.69,0.37,0.19,1.53,58.57,169.16,3.34,1.61,56.31,63.46
P060,Needs Improvement,384.04,394.17,27.46,70.25,39.31,0.54,0.49,7.05,35.86,306.78,6.29,2.57,49.56,62.42
P060,Needs Improvement,813.84,342.83,9.88,61.69,46.08,3.57,0.53,3.53,43.99,156.35,5.15,2.8,39.91,63.68
P060,Needs Improvement,1047.12,536.54,2.32,62.21,67.6,2.61,1.19,5.17,47.49,369.58,3.54,4.83,49.55,48.68
P060,Needs Improvement,540.43,419.42,13.62,55.1,10.54,2.3,0.98,6.64,74.76,242.7,1.36,5.75,56.83,65.14
P060,Needs Improvement,870.68,215.69,3.79,54.38,43.12,1.62,0.93,6.95,48.87,167.86,1.28,2.02,42.56,36.54
P060,Needs Improvement,907.31,71.38,2.59,51.41,53.71,1.11,0.14,0.85,40.87,289.05,5.51,3.99,55.25,48.17
P060,Needs Improvement,652.37,300.4,25.82,61.26,13.66,0.1,0.44,0.83,47.54,275.87,3.69,4.9,36.91,55.35
P060,Needs Improvement,1008.13,377.31,11.63,54.26,54.03,1.55,0.81,1.68,53.55,190.07,3.4,2.58,74.26,40.46
P060,Needs Improvement,1035.26,521.91,8.77,53.67,10.46,1.63,0.34,4.78,62.6,226.75,1.28,0.76,52.92,58.94
P060,Needs Improvement,426.08,438.7,18.15,68.54,19.47,2.75,0.84,7.43,47.61,301.52,1.02,1.09,67.83,42.87
P060,Needs Improvement,797.33,502.29,3.7,56.18,66.44,2.37,0.94,6.48,46.12,185.04,4.81,6.43,54.0,70.47
P060,Needs Improvement,364.04,412.38,21.54,63.03,37.06,0.35,1.21,4.76,67.28,260.63,5.84,2.08,62.72,67.71
P060,Needs Improvement,463.81,310.32,16.98,44.73,47.26,3.75,1.35,5.98,66.64,195.03,6.82,4.49,73.17,46.69
P060,Needs Improvement,616.48,523.73,20.93,48.06,70.58,0.69,0.91,5.27,66.7,373.23,1.9,2.59,45.69,55.79
P060,Needs Improvement,803.35,508.68,25.31,74.21,71.27,1.05,0.37,4.82,70.24,345.21,7.27,7.35,58.88,52.91
P060,Needs Improvement,911.83,373.41,17.52,67.71,45.39,2.18,0.47,1.67,51.75,282.72,5.69,5.49,40.09,54.37
P060,Needs Improvement,1056.56,116.15,14.28,61.67,37.4,2.49,1.25,1.9,47.93,228.5,7.74,1.02,55.82,38.47
P060,Needs Improvement,1098.07,594.64,1.2,49.63,62.94,0.64,1.32,5.45,61.14,160.45,2.66,4.57,51.29,51.78
P060,Needs Improvement,628.28,477.26,15.16,54.92,63.7,0.61,1.19,2.09,60.71,252.62,4.61,6.75,50.9,59.75
P060,Needs Improvement,293.15,402.25,23.31,64.08,51.37,2.55,0.07,5.04,67.79,222.34,1.37,3.16,61.24,66.45
P060,Needs Improvement,710.21,425.95,18.14,55.37,75.39,2.24,0.9,1.27,65.22,273.0,1.44,1.06,36.31,63.94
P060,Needs Improvement,686.52,230.12,7.18,66.32,22.12,2.43,0.3,5.41,59.96,340.15,2.88,7.2,56.52,53.99
P060,Needs Improvement,741.41,291.33,11.15,68.23,18.67,0.81,0.89,3.32,40.77,315.24,6.82,4.54,63.26,61.54
P060,Needs Improvement,287.28,474.41,15.11,50.21,55.82,0.94,0.11,5.03,57.12,360.47,1.35,7.26,59.17,38.41
P060,Needs Improvement,865.9,506.74,23.72,65.71,40.27,2.17,1.24,5.52,64.69,166.87,4.95,5.45,70.03,43.62
P060,Needs Improvement,383.25,439.49,8.46,50.94,23.17,1.93,1.45,3.05,38.03,165.61,3.75,3.67,70.13,71.04
P060,Needs Improvement,842.79,364.28,12.27,52.24,52.78,1.88,1.49,5.49,42.19,253.04,3.14,6.9,41.62,59.44
P060,Needs Improvement,261.33,81.85,26.7,69.46,6.89,2.38,1.27,2.73,72.77,296.97,6.14,1.54,73.69,53.7
P060,Needs Improvement,403.64,569.99,11.8,62.99,68.43,3.66,1.41,3.88,62.44,206.16,4.99,5.05,38.34,60.01
P060,Needs Improvement,871.89,217.35,7.08,53.75,11.94,2.08,1.42,4.88,51.75,173.64,3.08,2.86,44.92,39.99
P060,Needs Improvement,427.1,124.86,13.34,54.83,65.31,3.54,0.73,4.53,69.17,240.83,5.74,5.92,62.3,67.1
P060,Needs Improvement,1024.71,427.33,9.03,66.52,34.05,3.44,0.58,5.66,53.82,158.88,2.62,1.8,57.66,45.32
P060,Needs Improvement,936.23,126.11,25.91,77.35,66.12,2.39,0.09,4.31,54.76,213.67,1.45,1.04,68.58,62.06
P060,Needs Improvement,351.29,399.09,29.23,57.07,10.97,3.47,0.31,3.2,65.33,287.73,2.91,1.5,54.16,44.8
P060,Needs Improvement,1007.89,486.41,14.71,59.66,39.97,1.51,0.18,3.31,45.53,184.88,4.14,1.69,39.69,54.66
P060,Needs Improvement,569.49,535.52,13.98,62.01,71.78,1.4,0.53,3.58,54.78,292.44,2.91,3.21,56.02,69.29
P060,Needs Improvement,953.59,597.1,3.36,69.25,42.83,2.78,1.35,2.19,61.86,308.59,3.11,2.43,73.6,71.8
P060,Needs Improvement,416.5,522.23,3.95,49.38,8.15,0.97,1.18,1.42,39.96,357.4,3.03,2.2,62.41,59.58
P060,Needs Improvement,258.26,609.35,25.94,67.32,42.55,1.09,0.02,5.79,71.17,251.49,1.13,6.27,37.39,50.85
P060,Needs Improvement,927.24,108.97,9.43,61.53,27.48,3.59,1.47,3.46,78.88,254.06,7.01,1.77,47.7,72.25
P060,Needs Improvement,695.23,203.26,9.82,66.64,59.38,2.84,0.65,6.66,62.32,336.22,0.84,6.16,53.6,51.13
P060,Needs Improvement,787.09,311.1,27.23,65.55,30.12,2.49,0.58,3.78,73.54,218.89,3.01,1.95,55.81,58.68
P060,Needs Improvement,605.99,411.37,26.18,59.89,8.44,2.92,1.14,0.96,55.12,291.55,7.64,2.66,65.08,72.84
P060,Needs Improvement,977.02,603.84,8.0,63.23,37.56,3.14,1.18,7.07,57.33,313.06,4.09,7.31,56.47,37.7
P060,Needs Improvement,532.36,163.46,13.57,65.49,3.05,3.2,0.05,4.2,55.45,321.4,4.01,5.94,68.15,60.96
P060,Needs Improvement,413.24,551.73,24.74,69.28,47.94,1.28,0.48,1.83,67.63,206.83,5.66,1.87,57.53,69.88
P060,Needs Improvement,315.23,486.19,12.93,65.11,35.67,2.42,1.23,1.06,55.72,236.62,5.58,4.92,53.71,42.42
P060,Needs Improvement,639.64,561.2,18.34,64.17,60.26,2.0,0.7,2.83,38.57,293.56,2.64,4.67,63.39,41.49
P060,Needs Improvement,709.07,454.52,1.83,57.95,44.62,1.53,0.29,5.42,60.85,152.43,5.69,6.75,56.7,51.0
P060,Needs Improvement,1189.53,497.04,26.98,70.75,71.47,2.23,0.69,6.01,66.5,289.04,4.3,6.2,56.61,58.87
P060,Needs Improvement,521.32,400.93,23.11,56.54,25.84,0.99,0.53,1.73,58.56,300.55,1.54,7.31,61.46,40.42
P060,Needs Improvement,1125.09,512.22,26.84,66.53,23.57,2.75,0.45,3.59,43.49,375.25,4.3,2.55,59.78,41.68
P060,Needs Improvement,304.7,508.06,1.05,61.34,27.04,1.81,1.29,4.15,44.95,302.68,2.46,1.75,53.76,68.95
P060,Needs Improvement,730.63,495.76,15.44,50.06,20.84,1.46,1.32,2.75,47.18,230.61,3.51,5.66,56.44,54.53
P060,Needs Improvement,743.1,250.16,22.83,57.39,42.17,3.19,0.28,6.79,42.84,192.68,6.01,4.25,53.69,37.34
P060,Needs Improvement,986.51,553.22,22.44,70.24,26.01,3.77,1.09,6.02,60.66,294.31,3.09,4.97,52.52,40.96
P060,Needs Improvement,868.08,330.11,20.68,60.26,74.42,2.06,0.93,6.81,49.15,266.26,3.75,1.39,51.13,74.54
P060,Needs Improvement,428.07,531.12,6.9,51.76,34.55,0.91,0.14,7.12,73.31,303.56,6.94,5.04,51.75,43.75
P060,Needs Improvement,767.04,149.29,9.74,70.21,33.71,2.24,0.81,1.49,78.81,187.72,2.76,5.64,55.09,52.38
P060,Needs Improvement,603.77,87.82,24.14,74.06,58.88,0.66,1.15,6.05,75.75,280.54,4.86,6.98,59.2,49.92
P060,Needs Improvement,506.47,516.5,16.26,74.15,70.99,2.75,0.52,1.41,44.96,252.82,4.56,0.75,66.21,59.08
P060,Needs Improvement,1039.71,348.64,19.99,43.45,40.2,3.77,0.06,2.16,59.57,327.2,6.17,2.1,62.55,70.98
P060,Needs Improvement,1091.71,388.33,12.41,68.75,60.33,0.94,0.79,1.45,61.86,234.88,6.86,7.64,56.97,59.62
P061,OK,406.27,260.51,27.04,48.93,27.79,3.19,1.12,7.14,57.88,344.65,2.96,1.8,54.59,67.53
P061,OK,907.02,147.32,28.64,63.71,0.44,2.1,1.23,8.19,57.21,250.58,6.34,8.34,64.52,66.52
P061,OK,454.71,539.2,28.7,75.5,77.69,1.43,1.25,5.24,46.38,426.71,1.13,6.44,75.45,81.93
P061,OK,533.34,248.16,30.58,81.34,79.06,3.79,0.78,5.09,43.81,329.94,5.78,2.48,57.42,72.64
P061,OK,791.66,123.67,19.67,68.91,73.6,1.02,1.62,1.37,53.44,199.26,2.26,1.17,54.13,81.6
P061,OK,299.27,258.38,25.8,69.82,36.46,2.62,0.88,6.02,66.93,266.52,7.82,3.86,77.91,58.25
P061,OK,878.13,142.56,31.96,58.9,3.13,3.12,0.42,6.3,45.92,314.76,8.66,5.83,55.36,66.09
P061,OK,681.4,593.51,20.96,79.88,5.79,1.68,1.16,5.17,61.0,267.23,3.94,3.34,82.07,77.12
P061,OK,592.31,161.48,27.93,62.44,81.31,1.66,0.02,7.83,50.18,272.24,7.96,6.63,65.86,52.61
P061,OK,835.62,270.56,3.06,55.27,81.62,1.9,0.66,2.37,85.12,183.88,6.57,5.04,54.48,54.68
P061,OK,1165.38,138.66,26.33,76.59,46.42,1.55,1.52,1.43,57.22,176.73,5.85,1.08,58.78,48.42
P061,OK,702.87,436.37,3.24,80.8,59.69,0.86,0.21,1.24,77.8,378.66,1.84,5.91,47.46,75.06
P061,OK,1009.35,611.46,21.25,50.12,53.4,1.29,0.79,7.08,57.06,354.35,4.84,1.87,60.43,69.18
P061,OK,326.32,459.1,30.55,68.38,56.05,2.56,0.42,6.44,56.95,405.98,5.79,7.7,65.56,53.99
P061,OK,1143.63,566.75,27.03,77.21,75.0,3.46,0.71,6.22,46.19,393.62,7.7,5.83,55.53,71.95
P061,OK,782.14,412.95,28.32,56.32,51.25,3.22,1.2,2.83,60.4,270.81,7.98,7.08,78.0,42.91
P061,OK,843.24,491.08,16.72,77.37,78.74,3.81,0.05,2.2,48.64,429.32,8.04,7.07,79.11,58.05
P061,OK,788.5,180.67,8.53,76.46,38.02,1.51,0.87,6.6,45.5,359.29,6.85,6.62,58.28,69.05
P061,OK,1296.54,366.67,8.46,56.81,63.92,1.7,0.14,1.96,59.24,198.13,6.93,2.67,80.01,47.32
P061,OK,273.81,348.49,18.92,74.42,87.76,2.91,1.37,2.84,76.97,298.23,1.1,3.69,80.2,57.59
P061,OK,1308.46,604.22,5.38,53.96,68.43,3.8,0.4,7.06,64.58,231.04,4.32,8.17,51.02,50.06
P061,OK,720.93,197.3,17.96,51.91,11.08,1.8,1.43,1.59,70.72,348.56,2.67,5.73,53.64,57.62
P061,OK,697.33,534.18,4.14,82.05,44.32,2.92,0.45,8.77,75.46,194.73,3.9,7.21,54.47,42.78
P061,OK,893.2,316.08,15.32,65.43,35.32,0.09,0.84,5.25,82.17,322.72,1.58,7.31,52.71,50.43
P061,OK,725.79,551.03,16.13,78.33,22.59,3.04,0.76,6.41,54.03,201.93,4.6,8.09,68.09,61.8
P061,OK,951.46,414.2,16.79,63.82,30.4,3.44,1.18,2.97,46.32,354.1,5.07,4.21,45.97,63.73
P061,OK,1129.25,623.78,25.88,66.72,55.76,2.38,0.49,7.13,46.83,417.49,2.12,1.93,53.2,44.88
P061,OK,511.57,656.95,15.1,60.61,0.6,2.48,1.07,4.78,78.19,213.61,2.63,7.48,66.57,71.2
P061,OK,637.65,512.51,27.25,67.21,14.14,0.85,0.06,4.0,68.7,356.35,7.25,1.82,64.91,70.81
P061,OK,1096.07,582.98,8.49,54.91,61.43,1.59,0.48,4.02,63.74,389.68,1.7,6.96,51.06,60.24
P061,OK,1157.53,561.36,27.92,60.71,6.51,0.62,0.6,2.45,78.99,206.69,7.6,8.56,79.88,77.52
P061,OK,1203.39,314.92,5.93,65.26,86.15,3.28,1.41,1.83,42.1,414.69,6.9,7.46,52.06,84.35
P061,OK,574.75,296.91,15.19,86.69,58.81,1.04,0.87,1.63,51.99,218.28,7.85,5.37,64.96,86.38
P061,OK,706.96,492.19,23.84,77.09,8.0,1.59,1.75,1.27,70.86,410.78,4.91,6.94,58.63,60.64
P061,OK,794.46,563.31,16.18,70.29,49.86,3.21,0.19,4.43,77.8,366.84,8.65,4.9,58.18,67.99
P061,OK,912.89,257.61,6.03,67.94,9.43,3.89,0.59,5.26,48.6,275.07,6.39,2.31,64.21,47.92
P061,OK,671.11,331.47,6.67,72.38,58.96,2.95,0.96,6.87,78.86,237.02,2.97,0.91,54.56,76.5
P061,OK,1245.79,443.69,1.37,51.99,18.12,0.39,0.27,8.37,60.93,402.44,0.94,2.14,73.85,84.31
P061,OK,859.29,525.15,1.61,81.49,63.4,0.91,1.68,4.48,48.62,163.17,0.97,7.21,50.59,76.34
P061,OK,1011.75,585.3,31.26,52.91,35.24,0.03,0.04,4.7,58.76,396.56,3.64,2.13,68.37,51.31
P061,OK,933.4,449.37,3.7,73.06,24.6,2.43,0.63,4.29,67.44,312.74,5.83,6.98,73.27,82.34
P061,OK,1094.19,598.89,26.43,52.51,66.75,1.26,1.3,6.62,57.24,247.29,5.86,7.65,80.26,68.36
P061,OK,551.58,91.09,22.5,76.39,85.93,0.25,1.1,4.91,58.95,220.69,6.13,7.32,71.15,46.62
P061,OK,710.84,660.68,10.18,54.41,3.27,0.91,0.88,8.13,66.65,277.37,4.03,5.24,79.6,65.87
P061,OK,501.9,317.46,8.1,56.23,16.17,2.5,1.65,5.6,52.46,330.22,7.04,8.07,88.37,61.1
P061,OK,964.46,599.99,16.8,58.87,57.07,0.23,0.77,2.74,53.82,234.75,0.9,4.87,40.81,71.7
P061,OK,722.18,233.65,20.93,68.48,36.13,2.23,1.67,2.77,72.71,334.24,4.73,4.18,77.75,66.79
P061,OK,660.27,155.01,11.54,72.06,1.28,1.41,1.44,5.93,79.14,301.19,1.06,4.8,48.44,66.12
P061,OK,650.56,443.16,13.84,72.52,43.96,2.84,0.17,3.69,44.51,374.16,2.22,2.45,79.92,60.85
P061,OK,478.47,545.66,17.29,53.64,32.94,3.85,1.04,8.19,79.18,389.05,7.29,7.42,57.78,62.96
P061,OK,877.51,643.64,20.69,69.53,64.46,1.06,1.56,3.91,76.46,398.42,4.16,3.7,59.86,83.08
P061,OK,956.29,114.94,28.45,80.82,13.86,1.01,0.82,7.51,66.99,300.5,4.08,2.84,47.46,72.98
P061,OK,738.12,166.84,26.67,53.51,82.51,2.23,0.4,3.35,49.76,310.87,4.91,5.81,48.56,65.99
P061,OK,288.19,290.14,31.46,72.77,56.45,1.95,1.47,7.35,47.5,215.15,6.97,3.18,50.67,55.19
P061,OK,507.07,419.83,14.11,78.04,2.8,4.04,1.71,3.45,46.99,298.31,4.93,6.7,59.34,69.39
P061,OK,1101.35,94.44,4.63,75.7,64.45,0.5,0.31,4.74,68.21,405.12,5.5,6.45,61.32,57.82
P061,OK,302.49,435.99,4.42,61.45,44.85,3.54,0.14,3.01,84.17,260.71,1.77,7.82,58.44,47.54
P061,OK,567.91,584.29,17.21,80.75,12.37,3.75,0.47,3.38,80.35,408.63,6.35,8.02,65.5,46.81
P061,OK,581.96,472.48,11.11,79.33,65.55,3.35,0.78,5.83,84.01,298.13,3.39,7.38,65.63,76.1
P061,OK,267.82,627.17,11.36,72.64,37.51,3.58,0.21,1.63,65.76,263.82,6.83,1.26,76.13,44.87
P061,OK,716.19,397.36,11.32,69.7,73.7,2.15,0.62,7.31,53.31,414.77,1.97,3.82,64.44,82.11
P061,OK,374.09,613.3,15.25,85.25,29.64,1.09,1.28,1.11,77.49,253.15,1.22,8.35,44.0,59.27
P061,OK,898.26,354.17,8.99,50.58,60.95,1.78,0.01,4.55,58.24,384.72,5.81,6.5,55.52,52.79
P061,OK,359.02,644.77,30.05,54.52,84.03,3.11,1.51,1.58,73.23,390.37,6.24,4.64,78.33,75.84
P061,OK,868.34,170.34,32.61,81.84,6.73,2.84,0.8,3.22,66.64,379.4,7.31,4.56,68.01,81.56
P061,OK,932.53,310.38,0.82,60.64,66.04,3.84,1.46,7.54,70.29,401.05,1.9,6.27,61.48,52.08
P061,OK,810.56,217.28,19.56,56.34,41.64,3.92,0.32,1.6,57.45,199.18,2.07,2.47,47.73,62.34
P061,OK,1161.23,296.01,18.73,76.61,52.5,3.35,0.68,1.11,83.89,327.0,8.37,7.86,83.47,62.62
P061,OK,822.12,525.8,11.03,67.45,20.49,2.05,0.29,7.29,52.31,192.31,4.17,1.9,80.66,73.27
P061,OK,526.32,327.27,16.48,50.62,80.89,3.62,0.08,8.02,42.19,357.83,1.85,5.67,82.97,83.18
P061,OK,1159.28,611.12,30.23,70.78,23.8,3.68,0.65,6.49,50.5,252.37,7.6,8.46,80.06,60.61
P061,OK,1150.84,89.99,28.24,76.92,71.1,1.64,0.45,5.95,82.76,203.15,2.95,6.73,49.3,80.56
P061,OK,1174.84,149.75,4.75,75.87,73.47,0.38,1.17,2.29,54.81,252.55,1.79,4.91,78.29,80.58
P061,OK,904.12,301.54,35.31,59.18,63.4,3.46,1.0,5.5,67.38,187.65,2.81,3.39,55.62,58.96
P061,OK,1218.43,433.6,30.15,70.24,2.5,1.21,0.94,2.22,57.42,334.45,6.69,3.49,79.83,56.76
P061,OK,995.58,332.41,5.56,82.94,11.22,4.2,1.01,7.32,46.41,263.8,5.59,0.91,73.83,55.48
P061,OK,444.82,438.64,7.16,56.64,28.96,2.37,0.44,1.06,63.65,396.17,1.29,5.36,56.56,77.12
P061,OK,1053.58,401.54,23.85,63.94,9.07,0.39,1.32,5.87,70.69,306.88,2.38,1.07,43.05,53.31
P061,OK,1165.51,443.04,33.07,82.88,72.54,2.61,1.18,3.57,58.38,205.06,2.65,1.61,56.52,64.93
P061,OK,410.7,198.26,17.64,78.46,82.23,3.1,0.81,5.42,80.7,350.04,4.22,3.85,50.0,60.76
P061,OK,957.05,551.54,17.55,85.39,22.3,4.11,1.16,6.07,60.14,169.01,1.17,5.9,80.19,85.97
P061,OK,563.77,702.43,12.24,59.16,19.25,1.21,1.27,8.75,43.5,286.5,5.89,1.94,49.59,54.65
P061,OK,709.02,266.19,11.47,82.86,68.31,1.95,1.1,5.55,65.08,381.97,8.17,5.36,79.47,44.75
P061,OK,1253.13,281.03,20.3,63.88,60.62,2.91,0.95,6.77,79.91,276.89,6.56,8.57,60.19,50.26
P061,OK,749.82,545.73,17.36,82.37,60.74,1.21,1.38,2.85,81.22,230.45,3.05,4.04,50.62,79.51
P061,OK,312.39,401.72,7.66,66.93,24.34,4.06,1.59,2.48,59.36,370.76,2.51,7.77,61.4,78.97
P061,OK,616.97,219.83,13.53,67.95,83.66,2.68,1.35,6.8,82.25,342.15,7.81,5.75,67.26,84.47
P061,OK,629.39,182.48,29.73,53.08,8.49,1.55,1.44,5.22,73.92,286.3,1.81,1.9,76.56,56.99
P061,OK,821.43,144.24,6.7,48.79,50.42,2.63,1.38,1.27,73.91,184.2,5.89,0.99,57.36,82.32
P061,OK,621.45,559.0,28.63,64.19,19.08,3.87,1.13,2.36,73.25,432.16,5.01,5.92,67.59,80.31
P061,OK,422.31,336.3,23.97,66.85,63.46,2.08,1.38,5.75,48.03,405.24,6.73,4.21,67.37,74.71
P061,OK,980.8,440.91,20.21,62.45,74.62,0.85,0.87,5.75,56.18,385.6,5.67,6.08,80.13,53.24
P061,OK,324.56,634.47,32.84,59.19,72.58,1.84,0.13,5.84,73.11,297.21,4.25,6.15,65.97,77.44
P061,OK,385.23,437.63,8.16,56.77,13.3,3.46,0.65,3.24,63.38,192.05,4.14,5.31,72.15,72.87
P061,OK,733.39,92.19,28.21,63.47,36.64,3.26,0.41,2.62,75.19,315.97,6.9,5.25,82.2,46.75
P061,OK,481.91,101.69,22.04,72.73,20.88,1.52,0.51,6.71,54.56,236.86,6.18,2.63,60.26,73.65
P061,OK,825.02,370.43,5.25,50.12,3.87,1.65,0.36,1.04,51.64,416.53,3.81,3.88,42.78,65.88
P061,OK,426.53,400.24,4.78,56.58,36.7,3.06,1.09,4.88,48.99,383.72,2.03,4.33,55.79,65.78
P061,OK,292.17,564.33,11.85,72.72,22.2,1.14,1.65,7.08,67.67,317.55,0.94,1.95,80.12,60.47
P061,OK,491.98,649.56,27.68,54.54,41.47,1.23,0.33,7.98,68.39,387.3,3.04,2.2,73.24,79.57
P062,Unacceptable,922.11,401.68,19.48,45.77,32.35,1.57,0.7,2.86,48.61,287.47,4.71,3.9,43.03,38.83
P062,Unacceptable,952.1,370.43,1.87,42.4,39.97,0.52,1.16,5.97,41.68,181.42,3.49,4.5,35.36,40.05
P062,Unacceptable,513.73,85.85,20.26,67.45,0.88,2.33,1.01,3.07,55.85,161.37,0.83,1.38,52.86,39.16
P062,Unacceptable,533.2,435.75,16.01,55.34,41.41,1.91,0.72,0.9,53.52,242.98,5.52,6.23,35.61,54.35
P062,Unacceptable,553.65,128.05,11.38,42.31,4.7,0.37,0.75,1.69,32.21,149.35,6.1,2.52,50.43,31.42
P062,Unacceptable,686.0,131.35,11.62,41.68,17.98,1.97,1.32,5.04,35.14,124.25,0.98,1.79,39.62,43.11
P062,Unacceptable,395.11,349.2,3.17,50.2,51.22,1.46,0.31,0.9,45.27,118.63,1.4,2.88,36.52,32.21
P062,Unacceptable,844.14,353.64,3.0,38.14,9.36,1.39,0.27,4.9,36.19,191.84,2.22,5.12,34.77,47.35
P062,Unacceptable,446.51,308.93,4.82,45.45,13.51,0.4,0.21,3.43,47.21,285.43,2.08,1.89,41.17,40.06
P062,Unacceptable,504.57,88.72,18.3,38.32,15.37,0.63,0.77,2.63,42.96,189.51,2.58,2.34,38.45,46.57
P062,Unacceptable,281.31,89.14,3.35,60.9,31.2,2.43,0.45,4.69,49.2,242.08,1.59,1.57,51.82,34.61
P062,Unacceptable,452.77,195.04,5.39,37.44,63.93,1.46,0.84,6.08,35.31,187.27,2.47,4.46,53.35,35.64
P062,Unacceptable,251.02,354.28,1.98,36.94,32.14,1.48,1.12,5.04,28.27,279.71,3.96,3.3,33.74,66.14
P062,Unacceptable,725.09,273.96,3.18,36.71,38.57,2.77,0.82,2.69,48.91,156.61,1.71,1.59,43.33,52.78
P062,Unacceptable,303.58,202.4,11.13,47.65,57.38,1.62,0.76,2.41,40.81,221.58,4.19,4.21,40.36,48.62
P062,Unacceptable,239.99,105.5,5.52,42.52,61.42,0.27,0.49,1.26,52.17,308.46,5.4,3.54,26.89,40.33
P062,Unacceptable,549.66,490.88,21.39,49.94,10.69,1.67,0.77,3.09,44.65,307.37,3.95,5.6,34.7,41.07
P062,Unacceptable,481.49,262.19,12.78,51.35,4.21,2.78,0.26,4.13,51.0,219.56,3.17,1.88,64.75,50.62
P062,Unacceptable,222.08,248.03,1.82,37.13,39.03,0.79,0.84,3.86,48.55,143.0,5.22,4.99,44.88,52.97
P062,Unacceptable,472.23,118.2,7.9,39.25,4.81,1.39,0.58,4.88,51.87,240.81,2.74,5.05,58.64,26.81
P062,Unacceptable,399.18,231.8,0.57,44.14,63.13,2.4,0.29,4.65,41.48,302.76,1.43,0.83,36.55,37.06
P062,Unacceptable,174.54,211.03,15.15,44.55,13.76,1.13,0.81,5.26,35.39,138.94,1.56,4.64,55.1,45.49
P062,Unacceptable,807.64,92.36,18.48,42.99,4.83,1.86,0.98,4.03,35.02,183.84,2.11,0.81,45.26,43.21
P062,Unacceptable,325.78,209.0,17.12,53.48,1.92,2.45,0.16,3.77,36.92,221.5,2.56,3.63,34.88,59.99
P062,Unacceptable,444.9,517.33,2.64,46.29,36.33,0.49,0.65,2.27,64.34,182.13,0.67,5.67,63.48,39.71
P062,Unacceptable,620.07,409.72,14.96,58.16,25.1,1.11,0.61,4.47,56.16,147.48,2.38,1.94,52.63,51.3
P062,Unacceptable,478.04,82.83,15.46,49.14,38.1,2.61,1.11,6.25,52.34,163.32,4.89,4.76,35.11,49.03
P062,Unacceptable,489.32,465.03,19.93,65.43,31.28,0.33,0.64,5.65,43.78,187.54,1.31,3.92,55.84,35.04
P062,Unacceptable,190.59,160.39,18.43,49.71,17.58,0.92,0.93,2.65,57.39,179.58,0.87,3.79,33.26,43.39
P062,Unacceptable,441.79,334.53,18.63,46.57,9.75,1.31,0.08,1.51,36.19,249.45,2.94,2.91,48.84,47.94
P062,Unacceptable,648.24,145.22,4.66,42.16,7.55,0.85,0.77,1.03,47.66,235.97,5.71,2.24,50.78,50.39
P062,Unacceptable,657.33,312.79,11.91,35.21,26.32,1.87,0.81,3.35,43.78,182.2,6.65,1.83,54.97,59.57
P062,Unacceptable,641.58,384.09,5.82,56.24,58.69,0.28,1.09,3.78,34.09,200.32,2.75,1.7,44.84,30.32
P062,Unacceptable,545.35,343.24,16.6,40.02,3.29,2.19,0.44,5.88,39.07,177.5,1.81,4.77,54.24,32.19
P062,Unacceptable,1016.05,113.74,7.58,45.24,56.99,1.79,0.67,3.45,30.54,164.51,6.01,0.76,53.0,34.31
P062,Unacceptable,503.41,308.28,18.71,45.98,13.68,1.01,0.41,4.34,34.3,222.03,1.03,3.51,34.78,39.19
P062,Unacceptable,716.28,200.82,24.69,41.62,39.46,0.48,0.23,5.11,52.78,161.59,1.32,3.17,41.0,38.13
P062,Unacceptable,202.75,332.14,11.06,48.68,28.99,0.14,0.34,0.52,50.32,159.22,3.84,4.02,51.35,32.87
P062,Unacceptable,863.27,205.85,13.09,51.85,46.49,2.84,0.19,1.39,32.3,127.55,4.25,1.59,38.14,34.83
P062,Unacceptable,667.58,169.0,14.81,40.54,45.43,1.84,0.41,3.18,43.3,281.47,6.73,2.24,63.84,63.7
P062,Unacceptable,939.71,149.5,12.55,50.47,41.86,0.42,0.75,1.91,55.27,198.16,5.86,3.23,36.84,36.89
P062,Unacceptable,844.94,271.5,20.33,36.88,64.74,0.98,0.35,3.95,48.47,232.16,2.14,1.28,43.47,42.0
P062,Unacceptable,426.06,311.74,15.54,57.07,14.05,2.66,0.43,1.9,49.7,270.17,4.88,1.8,32.45,30.3
P062,Unacceptable,714.5,70.27,18.3,56.93,38.08,0.87,0.52,2.57,56.31,241.71,1.74,3.71,56.64,57.85
P062,Unacceptable,654.92,386.35,18.01,44.69,17.05,1.01,1.16,3.95,41.95,181.95,4.87,1.91,37.58,27.18
P062,Unacceptable,524.11,464.37,11.98,66.04,46.84,0.81,0.43,2.73,46.37,179.48,3.72,2.77,35.93,53.31
P062,Unacceptable,365.78,454.72,16.71,47.72,48.9,1.82,0.05,3.42,38.32,238.29,1.07,1.92,48.7,56.09
P062,Unacceptable,499.15,87.3,6.45,52.15,51.26,2.38,1.02,1.93,68.67,283.89,4.0,1.58,49.88,42.33
P062,Unacceptable,479.4,193.61,7.14,58.18,58.94,0.62,0.89,6.58,48.64,219.25,4.33,4.61,40.74,47.2
P062,Unacceptable,481.55,311.16,14.68,51.28,27.8,0.84,0.51,0.8,64.7,220.6,0.68,5.52,50.13,31.51
P062,Unacceptable,389.43,285.36,24.28,48.5,38.93,1.95,1.22,4.09,45.24,171.6,1.05,3.43,64.83,41.83
P062,Unacceptable,190.37,106.75,7.84,53.38,35.23,2.54,0.46,5.13,41.91,299.58,1.62,5.98,35.96,50.05
P062,Unacceptable,284.09,452.22,9.74,63.03,17.57,0.99,1.19,2.48,61.06,260.79,4.66,2.73,35.34,35.67
P062,Unacceptable,182.41,74.81,5.3,56.84,3.6,0.8,0.66,3.76,37.98,225.53,1.33,1.65,47.62,28.38
P062,Unacceptable,509.68,304.88,5.32,51.16,58.78,0.97,0.38,0.78,33.65,259.73,0.89,1.39,46.93,58.69
P062,Unacceptable,575.75,496.6,8.47,46.3,38.96,1.79,0.65,5.07,34.51,224.46,1.69,0.88,55.37,50.93
P062,Unacceptable,399.05,145.66,16.62,51.96,6.96,2.71,0.31,4.41,55.88,287.21,0.57,4.63,39.62,58.09
P062,Unacceptable,891.06,263.97,17.71,50.66,2.2,1.8,0.33,1.47,31.91,245.27,3.78,3.54,31.36,51.73
P062,Unacceptable,377.37,105.8,9.39,37.71,58.92,2.94,0.3,5.59,56.49,321.08,0.91,1.41,47.54,54.9
P062,Unacceptable,586.04,400.12,15.0,40.52,20.02,2.87,0.15,3.63,39.59,257.35,1.09,2.22,54.35,44.6
P062,Unacceptable,568.68,318.27,8.79,42.61,45.26,2.87,0.76,6.65,63.71,296.44,0.88,1.45,51.14,38.1
P062,Unacceptable,461.02,96.56,21.38,35.21,8.56,1.27,0.23,4.44,39.08,205.71,5.04,4.14,45.42,38.23
P062,Unacceptable,643.63,182.29,1.55,33.02,15.05,1.55,0.25,0.82,56.97,119.37,1.35,2.11,56.15,29.7
P062,Unacceptable,521.68,288.45,15.35,63.25,27.73,0.28,1.19,4.18,45.2,301.05,6.07,5.71,37.97,47.36
P062,Unacceptable,553.64,274.48,12.6,40.18,56.29,1.84,0.42,0.69,30.45,228.09,0.63,1.36,34.82,35.75
P062,Unacceptable,861.56,233.47,1.83,43.62,26.27,2.43,0.74,1.4,47.45,282.68,3.39,4.73,56.04,42.79
P062,Unacceptable,216.37,136.19,4.65,50.16,50.46,2.48,0.12,4.81,38.07,205.69,3.87,2.94,41.45,54.12
P062,Unacceptable,670.68,487.67,14.39,49.42,43.02,1.96,0.73,4.96,38.3,222.66,2.37,3.86,59.57,55.17
P062,Unacceptable,388.33,101.37,22.79,57.03,45.78,1.31,0.33,0.85,43.98,225.48,1.52,1.87,32.93,49.63
P062,Unacceptable,242.22,326.84,17.58,35.9,8.14,0.07,0.18,4.93,53.97,206.47,1.68,5.39,68.23,39.6
P062,Unacceptable,502.99,196.84,25.08,38.16,2.0,2.18,0.21,3.45,46.72,297.62,4.65,6.0,44.39,27.71
P062,Unacceptable,596.15,417.24,7.99,55.61,3.16,3.1,0.83,2.54,59.26,146.72,5.81,3.17,32.59,37.16
P062,Unacceptable,360.96,375.05,16.4,67.08,43.47,1.55,0.62,5.3,42.23,247.04,0.79,4.6,65.44,38.99
P062,Unacceptable,713.35,67.45,16.76,35.72,56.38,2.09,0.3,3.04,40.52,215.21,3.58,0.71,37.21,32.21
P062,Unacceptable,601.5,359.85,4.08,49.04,8.27,3.14,0.13,3.39,52.84,150.78,2.3,2.66,37.56,68.22
P062,Unacceptable,810.06,334.32,22.46,42.24,18.41,0.81,0.31,4.26,48.34,138.41,2.94,4.65,51.4,53.5
P062,Unacceptable,485.27,156.41,15.07,52.02,54.14,0.25,0.16,3.17,37.12,169.83,4.54,5.42,35.05,33.87
P062,Unacceptable,348.68,438.8,17.08,49.8,51.8,0.79,0.56,2.05,54.94,136.25,0.83,2.12,61.2,40.47
P062,Unacceptable,560.26,149.95,15.02,65.4,13.59,0.83,0.0,5.05,33.92,247.33,5.45,4.75,61.62,54.85
P062,Unacceptable,335.02,154.76,13.99,45.11,0.04,0.52,1.14,5.77,35.85,268.77,2.06,4.0,61.34,44.7
P062,Unacceptable,291.6,320.93,11.21,45.65,28.78,2.72,0.72,4.02,37.25,231.05,3.69,3.92,47.79,53.88
P062,Unacceptable,829.92,209.49,1.24,43.44,55.63,2.21,1.14,2.97,44.53,147.49,5.62,1.61,30.23,34.67
P062,Unacceptable,672.46,229.6,19.51,43.43,45.05,0.89,1.05,2.2,54.48,223.02,2.14,3.87,44.43,43.87
P062,Unacceptable,628.5,504.87,7.26,45.39,65.13,0.64,0.9,5.27,28.2,163.58,2.56,1.43,36.07,42.41
P062,Unacceptable,181.81,381.27,13.6,49.9,13.31,2.46,1.33,4.86,51.27,279.7,4.75,3.51,52.34,46.59
P062,Unacceptable,904.96,393.07,12.18,38.24,2.2,2.7,0.11,5.11,47.5,145.18,5.78,5.57,30.55,52.71
P062,Unacceptable,346.91,157.44,6.26,58.14,61.06,0.48,1.04,4.69,27.37,221.78,3.03,3.05,50.6,55.16
P062,Unacceptable,491.67,186.46,21.07,42.83,22.85,1.57,0.92,4.08,54.39,193.78,6.34,5.81,41.96,45.19
P062,Unacceptable,440.42,227.08,17.88,46.62,50.1,2.05,0.33,1.83,54.1,182.06,4.58,2.84,60.67,38.85
P062,Unacceptable,929.1,157.81,19.59,35.67,11.14,0.42,0.15,1.24,37.09,269.86,1.33,4.22,54.46,55.75
P062,Unacceptable,752.82,442.01,8.97,32.07,30.42,0.5,0.03,5.55,43.94,234.88,1.11,1.81,35.92,65.44
P062,Unacceptable,359.23,170.01,23.78,48.78,49.27,1.74,1.06,3.36,29.8,262.84,5.34,3.37,36.33,36.53
P062,Unacceptable,334.83,262.98,26.5,39.06,4.15,2.91,0.34,0.9,42.67,244.67,5.55,3.14,28.61,50.4
P062,Unacceptable,361.08,422.15,14.25,40.47,32.41,1.12,0.6,4.52,41.99,285.41,3.72,2.65,59.29,44.46
P062,Unacceptable,190.26,212.28,6.43,66.64,48.87,1.27,0.83,0.99,39.79,319.89,4.16,3.14,40.15,52.62
P062,Unacceptable,880.04,89.13,21.82,56.76,32.09,0.34,0.49,3.58,26.83,129.27,2.52,5.72,62.18,47.13
P062,Unacceptable,419.71,101.15,12.23,56.52,48.62,1.92,0.1,1.82,45.61,208.83,5.13,2.91,33.17,43.83
P062,Unacceptable,744.43,526.66,1.89,51.05,32.68,2.42,0.25,1.7,62.41,236.47,1.35,4.37,38.66,57.72
P062,Unacceptable,534.51,499.31,10.08,41.41,8.3,2.1,0.77,4.82,48.17,254.14,5.08,2.88,31.01,52.96
P062,Unacceptable,380.3,170.17,9.79,63.51,31.72,2.19,0.27,0.65,53.58,321.0,2.32,3.93,43.24,28.39
P063,Good,424.14,627.07,10.79,77.82,53.85,3.21,0.5,2.17,50.2,345.86,4.43,7.41,70.21,55.01
P063,Good,848.65,687.73,22.8,84.27,73.74,0.82,1.48,8.48,68.48,465.84,5.81,4.34,85.52,53.1
P063,Good,1105.83,411.83,31.31,78.55,95.73,0.17,0.47,7.23,93.32,453.81,5.69,4.24,67.55,64.77
P063,Good,835.24,325.11,29.9,63.65,36.51,2.39,0.21,4.29,71.1,291.41,2.45,4.5,70.29,69.67
P063,Good,276.26,137.64,17.08,71.54,1.22,4.36,0.41,5.24,87.71,383.81,6.19,2.92,87.28,78.28
P063,Good,606.25,754.19,9.9,58.75,83.47,4.15,1.5,9.74,89.45,476.99,6.57,8.87,74.2,67.44
P063,Good,825.52,259.38,24.77,73.71,47.25,0.25,1.14,5.48,81.11,211.13,8.94,8.64,74.8,71.57
P063,Good,963.89,700.76,25.7,82.74,77.61,0.84,1.02,5.81,70.7,268.38,6.71,4.69,90.48,60.65
P063,Good,1308.58,569.2,19.67,60.48,83.03,1.2,1.83,6.18,54.45,431.26,6.84,2.35,53.34,75.14
P063,Good,753.28,333.37,36.63,56.55,74.69,1.71,0.96,8.57,74.33,403.96,0.99,8.56,85.91,85.6
P063,Good,683.33,267.7,25.05,88.74,60.53,3.55,0.41,8.61,52.09,393.05,3.77,3.74,67.63,55.4
P063,Good,836.93,464.54,6.53,74.89,36.83,0.86,1.73,3.48,84.62,206.39,3.32,1.02,56.61,98.12
P063,Good,1327.34,781.98,2.57,68.9,63.78,3.12,1.05,8.33,64.98,377.2,7.98,7.37,89.98,59.77
P063,Good,841.59,298.62,34.4,76.55,9.76,2.53,0.13,3.09,94.53,252.62,3.66,4.96,89.33,68.31
P063,Good,808.34,160.6,31.79,94.61,50.37,1.05,0.06,5.59,89.17,367.52,8.19,5.47,88.79,68.69
P063,Good,1351.25,339.8,30.58,92.32,45.61,0.27,0.13,9.31,51.68,208.75,7.56,2.68,80.28,54.25
P063,Good,1003.84,336.9,4.68,80.68,66.69,4.56,1.16,1.1,73.89,199.22,2.77,3.06,56.81,74.52
P063,Good,646.23,636.55,37.16,83.8,0.05,0.73,1.05,1.15,88.0,330.6,5.29,8.41,79.24,95.77
P063,Good,901.42,657.21,11.28,77.16,56.7,0.35,0.54,4.29,85.46,214.21,8.25,9.53,63.7,84.14
P063,Good,1014.43,729.19,7.42,80.65,46.45,2.74,1.77,4.41,59.66,324.14,4.54,8.77,84.98,52.42
P063,Good,611.4,196.73,6.69,81.27,60.11,3.0,1.31,1.08,65.15,319.04,8.67,1.42,60.5,76.67
P063,Good,372.17,694.11,24.64,86.71,36.39,2.0,1.44,3.02,81.84,192.75,5.94,7.15,56.58,95.31
P063,Good,1473.27,128.54,15.37,82.5,15.5,0.97,1.38,1.71,50.29,436.84,7.36,5.94,64.11,71.85
P063,Good,1160.56,301.27,22.11,60.77,51.89,4.92,0.03,6.53,93.24,277.16,8.01,2.68,81.76,60.8
P063,Good,648.71,415.72,36.96,58.63,53.47,3.01,0.56,9.11,75.89,481.37,4.59,4.92,88.18,81.94
P063,Good,1425.13,560.02,36.65,84.38,5.06,4.24,0.6,5.22,47.72,332.1,8.09,1.79,58.13,87.69
P063,Good,1261.9,119.25,5.07,74.57,47.42,0.07,1.35,6.24,75.2,196.82,5.51,6.59,85.69,75.86
P063,Good,1299.71,725.63,31.65,70.43,45.3,0.96,1.25,7.77,50.13,283.56,7.52,3.73,90.98,87.03
P063,Good,526.11,230.01,10.37,92.72,13.66,4.14,0.92,8.8,69.61,437.51,1.02,4.51,84.36,56.51
P063,Good,1382.03,102.32,15.6,69.99,39.51,0.13,1.27,6.44,64.92,455.72,6.61,4.13,60.56,61.46
P063,Good,1318.03,720.5,6.79,95.41,33.21,4.51,0.62,3.85,76.08,446.44,7.25,7.88,51.66,68.12
P063,Good,894.49,666.57,29.54,89.41,62.51,2.3,1.17,1.84,83.5,190.72,4.13,5.91,81.77,72.48
P063,Good,736.14,772.4,31.89,65.93,85.2,2.27,0.26,6.4,47.86,257.84,5.24,3.86,75.8,61.68
P063,Good,815.26,213.41,23.66,80.44,59.77,1.58,1.68,2.34,50.1,242.59,7.26,1.38,94.79,51.17
P063,Good,1097.52,533.53,3.6,78.74,50.79,2.97,0.45,2.03,86.58,347.04,4.57,5.18,82.28,60.77
P063,Good,481.47,358.86,35.92,94.4,77.05,1.56,1.32,5.24,59.51,484.7,6.43,3.65,68.84,80.96
P063,Good,443.84,248.8,29.53,84.06,79.08,1.98,0.11,3.28,66.12,408.41,4.47,6.9,82.55,78.83
P063,Good,679.77,177.86,32.98,88.71,77.76,4.35,0.96,7.92,88.05,311.78,1.33,2.59,69.49,54.78
P063,Good,986.0,138.3,35.24,77.66,22.09,3.58,0.3,8.35,69.66,355.42,1.58,2.23,61.19,51.68
P063,Good,799.92,428.16,17.95,81.57,75.44,0.92,1.36,9.77,72.31,372.56,7.66,8.51,65.91,79.27
P063,Good,820.04,383.49,13.44,73.27,19.19,2.54,0.21,6.11,75.29,383.21,7.51,9.02,65.65,84.88
P063,Good,420.49,547.86,25.59,57.75,59.52,3.54,0.89,1.32,55.99,291.23,7.9,3.65,78.1,78.48
P063,Good,972.29,485.48,13.58,71.79,13.97,2.22,0.87,4.47,51.56,407.64,2.54,3.66,68.14,78.5
P063,Good,909.93,108.58,27.24,59.84,53.93,2.66,0.22,2.84,72.02,395.99,6.65,1.56,94.84,77.19
P063,Good,1386.35,322.97,31.16,88.97,29.43,3.41,1.61,7.97,94.89,234.27,6.67,7.53,54.78,80.01
P063,Good,455.98,211.72,21.19,82.73,51.2,2.38,1.64,2.54,80.66,447.81,6.36,9.4,68.21,83.39
P063,Good,387.4,512.29,24.91,66.86,42.21,0.18,0.73,6.42,47.2,398.27,1.0,5.59,84.39,81.65
P063,Good,998.85,299.73,24.15,91.75,6.93,0.56,1.53,5.61,82.08,300.38,3.26,5.17,65.54,50.44
P063,Good,1161.29,670.59,4.08,73.07,66.73,4.29,0.42,5.68,45.81,381.11,4.99,6.54,49.79,54.15
P063,Good,1002.37,584.18,9.96,95.38,87.02,2.99,0.4,7.58,65.16,277.2,4.1,1.16,73.16,46.26
P063,Good,1169.11,357.1,10.92,93.51,80.29,0.13,1.37,9.06,65.14,408.63,3.77,8.34,56.77,55.84
P063,Good,742.45,505.8,21.86,58.39,82.75,3.98,0.49,8.8,86.19,339.1,2.54,8.18,49.76,73.37
P063,Good,1215.67,284.56,4.47,88.25,40.3,0.33,1.2,7.72,56.6,209.36,3.61,4.04,66.65,74.91
P063,Good,1157.58,673.31,3.7,70.46,41.19,4.14,0.29,7.01,86.04,462.29,3.33,1.99,90.66,50.16
P063,Good,724.16,356.76,32.28,77.11,67.55,4.67,0.54,4.65,58.2,441.02,4.98,9.51,85.57,72.64
P063,Good,1080.83,578.91,1.81,66.05,40.05,2.93,0.7,4.5,76.81,296.52,7.69,2.59,83.75,89.65
P063,Good,1267.94,601.18,17.0,75.89,15.95,2.01,0.55,2.05,61.23,262.02,8.95,8.05,69.75,54.2
P063,Good,1207.26,207.62,4.24,61.28,81.86,1.07,0.57,5.34,64.85,235.15,7.02,2.48,67.27,88.2
P063,Good,497.68,572.17,2.9,74.9,19.16,3.36,0.49,5.7,67.33,387.93,4.96,4.46,55.98,61.39
P063,Good,1273.32,593.9,34.36,79.56,60.04,2.37,0.56,6.65,47.53,197.68,1.13,8.88,86.64,66.87
P063,Good,514.0,112.44,12.66,62.16,57.85,1.52,1.39,5.91,82.32,340.03,9.5,4.08,84.53,51.4
P063,Good,788.29,222.41,38.45,80.11,74.75,1.42,0.26,7.96,60.88,407.42,8.72,4.41,83.12,63.12
P063,Good,1008.91,153.98,17.14,69.2,23.21,2.35,1.97,3.97,76.14,393.5,2.2,3.15,68.58,96.21
P063,Good,529.96,440.98,19.6,86.15,85.36,2.83,0.48,5.6,73.25,215.92,7.58,5.39,83.06,53.35
P063,Good,937.61,627.76,19.67,63.72,49.86,2.49,0.24,7.64,70.8,422.27,2.54,1.27,84.49,66.21
P063,Good,606.18,715.83,23.07,77.37,16.84,1.77,1.74,6.13,75.54,245.68,5.49,8.02,49.21,73.19
P063,Good,505.8,491.48,24.41,62.75,70.04,2.6,1.83,1.01,54.43,332.73,2.52,7.96,53.11,97.43
P063,Good,1235.49,614.29,32.01,77.47,66.05,1.67,1.32,5.68,79.93,375.95,4.38,3.98,60.58,62.54
P063,Good,1317.55,542.58,14.12,90.7,9.01,0.95,0.41,6.43,63.77,390.4,3.47,9.26,50.77,64.68
P063,Good,838.6,137.53,6.26,68.41,59.17,2.77,0.69,2.37,56.42,399.78,2.59,6.52,56.77,93.75
P063,Good,675.42,627.5,9.18,81.67,16.42,2.97,1.32,2.72,60.82,381.09,2.7,8.67,89.2,88.35
P063,Good,880.31,242.62,35.58,68.36,85.41,2.63,0.59,3.66,68.19,196.41,3.74,8.13,48.64,79.76
P063,Good,711.83,239.21,13.42,67.34,74.46,4.03,0.04,1.16,95.04,318.21,8.06,6.15,52.98,88.95
P063,Good,969.34,452.95,12.91,91.52,55.21,1.59,0.57,6.45,73.44,336.68,8.56,4.5,69.23,65.32
P063,Good,303.39,683.35,34.37,71.16,59.06,3.59,1.22,3.99,83.67,263.08,4.93,4.37,84.06,52.75
P063,Good,1347.55,129.97,33.73,86.47,68.66,0.03,0.66,8.12,96.82,244.4,1.98,9.15,78.59,79.31
P063,Good,496.18,595.86,5.48,80.77,30.2,0.63,1.43,5.92,67.66,365.65,2.53,4.02,70.4,70.18
P063,Good,335.49,470.41,24.56,58.38,63.82,4.03,0.89,2.53,59.93,440.37,7.62,6.69,72.51,85.16
P063,Good,1086.23,571.01,2.34,56.83,93.12,1.06,0.85,1.23,70.62,288.88,2.66,9.04,77.71,54.13
P063,Good,962.5,433.05,21.56,70.16,20.84,1.4,0.9,7.24,74.13,229.65,5.79,4.98,82.07,94.48
P063,Good,326.65,363.76,1.77,82.03,6.19,0.46,0.97,7.51,47.57,226.4,6.82,8.11,87.06,61.79
P063,Good,711.55,746.65,28.06,91.48,65.18,0.18,1.81,5.88,73.72,443.5,2.04,5.53,77.39,52.33
P063,Good,937.33,548.8,10.07,70.33,61.54,2.26,1.59,8.78,50.79,209.0,2.08,2.74,78.14,55.59
P063,Good,682.81,587.39,12.36,90.18,32.95,4.38,0.54,7.49,64.62,440.92,1.66,5.03,90.56,90.06
P063,Good,476.2,684.76,31.52,87.19,69.78,2.37,1.64,5.95,46.92,334.72,2.53,5.94,45.8,52.42
P063,Good,653.83,402.15,12.76,68.03,36.6,2.39,0.62,3.81,53.48,427.55,9.67,4.18,70.93,76.49
P063,Good,1195.24,497.45,22.34,90.31,79.16,2.86,0.46,2.95,97.43,466.41,6.72,8.93,48.61,89.1
P063,Good,389.07,94.17,3.42,59.74,8.25,1.77,1.82,8.2,96.56,234.72,6.54,7.43,82.3,75.63
P063,Good,676.8,190.83,3.26,74.61,63.25,3.53,0.69,4.65,78.73,328.55,8.06,5.97,63.87,88.64
P063,Good,636.73,686.6,12.25,57.05,55.07,3.0,1.05,8.85,48.96,342.37,2.75,4.15,90.75,63.67
P063,Good,566.48,124.39,1.44,76.39,59.31,3.48,0.1,4.71,57.26,456.28,6.4,7.74,81.83,71.21
P063,Good,1359.96,105.75,32.69,89.7,51.39,0.5,1.37,8.99,85.68,315.84,2.5,6.33,55.11,72.92
P063,Good,696.88,756.95,8.63,67.38,47.03,2.63,1.19,6.63,56.05,261.7,1.07,7.37,54.63,65.55
P063,Good,556.1,552.94,29.46,73.44,61.34,3.35,1.12,2.29,87.49,316.12,3.08,1.2,81.33,65.48
P063,Good,1163.92,380.08,35.49,69.41,59.6,2.45,0.56,1.56,80.81,400.96,3.94,5.96,94.43,72.03
P063,Good,1258.43,370.68,19.25,76.73,85.45,3.5,0.58,5.91,49.22,273.82,8.16,8.66,77.06,80.31
P063,Good,531.78,752.74,23.22,80.23,36.45,4.01,0.15,1.39,48.57,225.78,1.11,1.98,53.01,93.59
P063,Good,858.95,426.26,6.04,56.53,30.73,0.01,1.62,3.84,90.29,207.11,3.88,5.99,51.86,49.54
P063,Good,1028.19,333.09,35.54,73.7,67.1,0.43,0.05,6.19,70.06,392.56,1.33,8.62,97.45,79.49
P063,Good,895.86,563.28,24.91,75.39,96.89,0.61,1.9,6.7,74.71,355.78,5.66,5.88,69.14,91.71
P064,Good,744.02,482.53,25.88,82.87,19.79,0.19,1.81,1.34,68.48,392.61,2.14,2.72,71.67,65.52
P064,Good,1098.47,539.47,8.29,62.4,91.09,2.41,0.82,5.41,78.08,260.7,8.06,7.58,46.48,70.23
P064,Good,661.2,542.82,33.77,59.74,98.15,4.76,0.43,3.46,63.55,323.04,1.24,7.78,65.72,83.6
P064,Good,1095.07,455.55,20.39,86.86,35.89,4.11,1.18,2.74,65.62,335.54,5.44,4.98,89.94,67.75
P064,Good,678.13,240.8,33.59,87.98,37.53,0.05,1.21,2.75,72.23,316.7,1.59,5.15,56.82,83.61
P064,Good,1126.7,97.17,7.56,79.38,67.65,3.53,1.79,8.6,61.02,466.49,7.11,5.54,76.36,62.66
P064,Good,456.22,675.2,20.03,77.98,60.07,4.03,0.48,6.63,65.13,233.91,8.8,5.25,90.95,91.12
P064,Good,1431.29,375.82,12.94,61.51,25.88,0.3,1.97,5.86,61.79,197.67,1.69,1.39,79.24,62.03
P064,Good,985.33,532.15,34.09,75.8,70.45,2.94,0.9,7.69,62.67,330.41,3.24,0.97,66.78,74.33
P064,Good,466.16,740.2,31.3,80.87,83.94,2.37,1.43,5.36,58.34,457.97,7.39,5.86,51.58,79.43
P064,Good,406.19,195.67,8.28,90.37,65.2,2.96,1.6,8.92,55.28,305.31,3.74,4.62,83.86,83.14
P064,Good,1415.19,155.81,23.3,92.5,15.66,4.13,0.56,6.01,79.76,252.78,2.65,6.93,54.89,64.0
P064,Good,964.19,181.71,21.47,70.17,34.54,3.25,1.05,7.54,86.5,262.07,2.81,2.61,53.52,82.01
P064,Good,1026.13,324.65,10.99,81.83,39.17,2.7,1.37,7.63,62.67,451.36,7.35,2.73,89.44,57.55
P064,Good,622.16,443.11,19.17,96.13,10.49,3.25,0.57,8.42,58.26,310.67,8.32,7.05,69.63,76.18
P064,Good,309.69,664.36,10.12,85.01,67.43,0.46,0.44,2.49,51.44,459.84,2.38,8.19,74.18,59.31
P064,Good,674.46,398.2,25.33,57.99,73.93,2.86,1.08,7.58,53.42,256.5,6.14,2.1,89.44,77.56
P064,Good,1038.83,740.34,12.32,91.27,5.57,4.65,0.15,1.51,90.09,408.1,3.07,4.28,69.15,79.13
P064,Good,315.95,342.41,19.85,67.14,4.75,4.49,1.66,6.23,84.84,455.98,2.83,6.51,91.06,56.17
P064,Good,1033.1,160.54,18.63,77.23,41.09,3.91,1.12,6.18,50.87,254.9,7.05,7.61,70.16,76.94
P064,Good,609.47,161.68,24.83,89.87,12.23,4.81,1.9,3.65,68.64,354.89,2.35,5.67,50.71,60.55
P064,Good,1122.75,374.41,3.89,91.1,0.68,1.77,1.94,4.43,66.76,267.36,6.04,1.71,85.64,52.87
P064,Good,601.71,699.91,4.26,86.94,45.38,0.05,1.52,8.61,52.63,398.07,6.86,6.37,77.04,78.1
P064,Good,1285.25,473.63,34.32,61.86,25.54,1.28,0.26,3.01,78.22,217.8,3.43,4.25,68.8,53.49
P064,Good,800.7,723.7,4.3,69.06,26.31,1.26,0.89,7.85,71.23,197.34,7.5,1.0,84.58,75.39
P064,Good,422.78,560.84,3.05,83.96,25.43,2.77,1.29,4.72,88.02,444.51,1.72,2.49,63.26,52.6
P064,Good,797.85,601.48,8.51,86.79,61.18,3.9,0.64,3.3,57.02,406.55,2.35,7.98,80.49,59.14
P064,Good,448.3,661.06,15.97,85.73,86.91,0.29,0.82,8.0,68.81,397.99,8.89,1.28,71.91,60.03
P064,Good,818.94,267.06,32.71,83.89,9.05,0.5,1.57,1.11,70.21,395.94,9.15,6.75,59.68,57.15
P064,Good,1055.09,345.39,25.21,89.56,11.62,0.84,0.69,9.43,64.54,223.39,8.11,4.77,56.94,87.9
P064,Good,325.5,582.48,1.21,77.73,65.96,2.87,0.09,8.81,70.92,453.84,1.08,3.42,90.11,81.13
P064,Good,1289.24,792.23,5.59,88.29,83.23,2.6,1.39,5.17,68.44,325.47,2.6,7.61,50.2,69.61
P064,Good,963.21,636.61,26.97,69.88,22.09,4.82,1.28,8.83,56.21,348.2,5.79,6.94,64.66,82.39
P064,Good,1205.49,261.28,29.36,60.35,52.28,2.83,1.14,7.24,58.13,456.35,3.91,3.91,51.78,64.87
P064,Good,507.43,717.32,27.12,91.33,64.39,3.56,0.17,2.68,54.9,322.45,4.14,3.61,93.07,94.14
P064,Good,431.59,482.06,19.21,79.68,13.66,1.67,0.4,2.15,69.42,441.66,9.39,8.01,61.73,85.14
P064,Good,907.58,350.49,10.67,94.56,69.97,2.75,0.92,1.41,61.99,414.65,8.55,1.82,84.99,57.98
P064,Good,734.25,310.02,29.41,63.46,24.13,1.56,0.72,4.49,89.27,268.1,1.83,1.65,73.43,88.87
P064,Good,438.61,216.4,38.28,62.04,17.75,1.71,0.27,4.57,71.52,299.66,7.75,7.61,53.96,89.91
P064,Good,1105.25,328.03,26.68,91.22,74.11,1.18,1.49,4.0,83.59,367.97,7.19,0.98,79.49,76.38
P064,Good,576.53,155.85,19.95,96.64,77.67,2.57,0.87,1.36,91.04,314.62,5.64,8.82,56.55,80.37
P064,Good,812.14,476.3,11.84,70.48,89.63,2.46,1.13,3.83,66.99,393.17,4.55,8.81,74.22,54.85
P064,Good,797.48,525.84,28.26,80.37,30.24,1.95,0.92,7.93,53.5,445.53,2.15,4.67,67.12,55.75
P064,Good,1279.28,599.08,13.72,91.83,70.86,4.02,1.01,6.43,73.99,326.98,5.26,1.05,87.0,53.54
P064,Good,1120.77,362.58,22.43,66.57,44.78,1.34,1.78,1.93,57.87,280.2,1.43,3.3,84.09,78.02
P064,Good,498.3,772.04,24.74,58.88,86.59,0.28,1.64,7.06,67.65,472.38,2.17,8.08,94.51,53.26
P064,Good,1089.31,667.91,11.93,75.07,66.5,3.9,0.43,6.68,73.01,347.39,6.28,7.75,92.62,83.52
P064,Good,555.93,496.85,20.91,63.16,42.15,0.79,0.38,7.41,73.41,249.74,7.8,4.9,60.51,56.16
P064,Good,634.23,302.1,28.55,95.69,54.36,4.09,0.75,3.93,83.47,434.13,4.92,5.25,90.65,51.03
P064,Good,1379.01,202.83,17.05,69.77,91.96,2.21,0.24,8.25,56.66,205.33,8.44,8.0,55.38,60.81
P064,Good,1300.26,278.74,1.75,67.65,86.0,3.05,0.43,9.45,68.83,200.82,2.84,2.88,87.51,56.57
P064,Good,1182.25,158.59,20.23,87.28,28.72,1.12,0.83,2.95,80.41,259.54,4.45,3.99,55.98,50.17
P064,Good,296.22,655.99,24.45,81.26,92.91,2.68,0.8,7.37,84.42,272.21,4.5,6.78,63.73,61.03
P064,Good,685.28,202.66,17.56,75.82,33.73,1.85,1.28,8.36,84.46,336.48,2.73,5.83,67.62,65.24
P064,Good,1236.08,444.68,11.07,66.21,23.53,1.0,0.09,6.25,57.48,369.3,4.76,1.95,66.83,52.45
P064,Good,762.49,305.99,14.43,58.43,90.26,3.79,1.29,2.23,69.73,256.77,4.69,1.17,58.69,68.37
P064,Good,739.44,497.08,12.88,70.99,75.43,0.82,0.47,5.03,51.11,343.58,2.49,6.34,67.66,78.1
P064,Good,1364.72,548.8,6.15,92.29,38.62,4.01,1.13,7.64,88.12,281.09,2.86,7.31,65.54,86.96
P064,Good,1329.74,607.13,17.76,90.72,72.07,3.21,1.1,9.05,60.7,345.8,7.73,7.14,81.19,48.72
P064,Good,614.73,461.07,11.88,67.55,86.19,1.86,0.08,6.25,58.01,353.6,8.57,6.3,83.86,94.01
P064,Good,1152.03,436.51,19.04,92.79,95.86,2.09,1.6,8.27,57.92,405.85,2.82,8.72,58.84,89.28
P064,Good,911.32,275.83,10.82,96.54,59.29,0.57,1.06,1.29,78.1,219.85,6.06,4.0,80.03,92.19
P064,Good,402.2,783.47,12.81,65.41,56.18,0.95,0.5,3.25,46.21,432.66,1.04,3.88,55.14,58.19
P064,Good,1248.46,410.14,6.94,64.51,5.74,0.31,1.8,6.95,48.12,239.0,4.08,7.26,74.0,53.01
P064,Good,838.88,440.46,16.5,66.19,88.0,3.88,1.05,2.41,57.51,249.15,2.71,4.79,74.38,65.53
P064,Good,542.0,368.34,27.29,76.41,36.33,1.43,1.42,5.38,70.92,296.78,2.53,5.55,62.6,58.49
P064,Good,477.9,112.13,8.73,80.12,9.69,4.05,1.8,2.23,70.84,353.0,1.33,6.4,64.24,70.26
P064,Good,972.72,352.47,8.94,80.54,56.95,0.33,1.62,3.48,75.56,304.19,5.13,8.29,53.38,69.49
P064,Good,1295.17,747.55,19.57,90.39,75.8,0.17,0.49,4.37,88.17,225.03,7.93,6.22,79.57,66.11
P064,Good,509.17,335.65,15.54,58.28,44.79,4.79,0.38,5.63,62.17,205.74,1.51,1.73,54.31,90.64
P064,Good,425.68,193.37,5.53,92.35,49.3,0.15,1.22,2.65,55.37,204.74,6.24,7.7,71.37,93.01
P064,Good,1135.05,247.25,24.84,69.78,46.5,0.45,1.43,6.16,92.94,383.81,6.11,7.25,92.62,57.26
P064,Good,1049.01,310.14,6.64,87.1,44.76,1.79,0.12,6.63,68.6,454.16,2.39,4.7,84.59,51.09
P064,Good,1192.8,633.84,10.53,85.51,50.03,1.67,1.74,3.71,93.45,209.86,4.69,3.6,62.56,72.2
P064,Good,568.03,281.81,14.91,66.88,35.73,3.75,1.01,3.97,59.29,437.33,6.82,2.58,84.93,53.24
P064,Good,300.86,738.22,8.36,81.0,62.64,2.85,0.75,6.19,67.35,337.69,8.93,6.0,60.9,92.99
P064,Good,338.91,705.02,3.39,67.06,19.95,4.51,0.99,7.9,63.06,381.99,1.65,2.52,66.15,77.11
P064,Good,721.36,619.6,32.86,82.07,65.34,2.13,1.59,6.45,70.36,474.01,3.39,8.76,47.44,75.76
P064,Good,455.44,520.49,21.48,92.27,35.33,2.49,1.29,1.73,62.18,257.89,2.24,1.62,62.12,82.81
P064,Good,890.49,142.75,10.32,59.75,25.15,4.31,1.16,9.84,81.43,444.97,1.12,3.79,81.16,81.37
P064,Good,283.7,623.15,35.88,70.21,82.04,1.56,0.98,7.09,72.61,382.35,8.1,6.72,95.99,64.03
P064,Good,1153.63,321.85,25.81,91.52,38.11,0.39,0.23,1.06,67.11,395.2,6.38,9.57,55.46,68.03
P064,Good,514.94,344.4,34.8,65.63,56.41,4.5,1.86,1.97,51.33,447.96,1.4,1.98,47.77,69.42
P064,Good,845.92,235.17,30.8,74.95,15.84,3.56,1.21,7.78,55.73,338.57,1.65,1.49,50.12,90.4
P064,Good,716.35,129.77,20.87,77.26,8.04,2.3,0.35,1.3,57.82,265.19,1.59,2.92,60.91,58.7
P064,Good,427.74,419.78,21.37,82.85,90.09,3.32,1.13,6.03,45.73,357.04,6.7,2.16,69.76,54.7
P064,Good,1093.92,229.54,30.92,69.45,6.45,4.01,0.49,8.09,82.0,332.98,9.3,3.26,89.07,88.84
P064,Good,1287.29,456.47,30.07,92.87,83.5,3.52,1.1,3.07,57.49,254.47,6.97,6.0,71.02,93.7
P064,Good,538.92,381.55,17.34,65.16,10.44,3.21,1.09,2.1,92.71,208.79,3.63,4.24,63.94,81.66
P064,Good,751.27,217.99,8.97,94.04,8.04,2.29,1.29,4.51,66.45,231.06,6.05,3.26,74.44,76.58
P064,Good,323.47,496.81,29.26,68.07,87.81,2.13,1.43,3.42,71.59,457.65,2.75,8.78,76.85,81.64
P064,Good,1370.19,134.62,19.19,65.15,64.51,3.23,1.71,3.57,54.27,343.05,5.45,7.56,98.7,61.94
P064,Good,937.52,627.02,28.32,67.06,57.98,2.1,1.19,7.25,63.01,337.04,2.47,7.06,65.73,78.78
P064,Good,792.67,391.53,19.03,59.56,32.77,0.49,0.34,4.08,80.35,364.28,7.37,7.92,84.66,78.81
P064,Good,360.14,687.02,37.74,68.83,28.45,2.55,1.18,3.28,90.44,442.64,1.21,2.17,51.52,82.21
P064,Good,714.03,452.3,20.64,74.66,83.04,1.52,1.72,3.66,91.37,439.17,3.87,9.17,77.93,81.71
P064,Good,893.98,258.8,7.63,74.01,9.7,1.09,0.5,9.04,64.88,292.52,6.7,8.6,81.37,53.84
P064,Good,849.01,685.56,35.37,64.15,45.98,2.43,0.56,0.98,89.76,281.13,4.5,9.28,88.37,71.25
P064,Good,785.68,325.52,23.52,89.48,17.27,4.75,1.14,7.18,58.62,322.99,2.98,1.04,68.12,89.86
P064,Good,637.95,745.31,26.27,68.17,59.39,0.03,1.58,4.89,73.51,223.9,3.95,2.24,74.17,69.39
P065,Good,1274.49,582.81,2.29,81.59,23.25,1.93,0.23,8.19,89.18,410.35,6.21,5.37,78.08,57.2
P065,Good,386.83,194.7,23.51,63.59,35.55,0.08,1.12,1.81,55.43,420.73,2.5,6.56,83.39,85.51
P065,Good,762.77,243.73,33.39,76.16,71.91,1.32,1.39,2.98,81.86,330.77,9.01,1.24,66.08,56.66
P065,Good,388.9,740.7,33.19,77.68,0.15,0.84,0.73,6.14,87.7,222.81,1.59,7.34,75.89,66.35
P065,Good,1298.79,515.94,6.31,94.31,89.25,2.17,0.95,1.6,75.33,300.22,4.41,5.02,77.14,65.01
P065,Good,1244.38,478.37,12.27,62.26,58.21,1.71,1.93,4.64,48.59,251.7,9.28,4.29,65.19,56.48
P065,Good,1198.7,580.68,31.69,57.62,64.8,0.29,1.77,4.38,82.36,347.44,7.32,3.2,92.72,78.49
P065,Good,928.43,378.32,19.34,86.47,89.09,2.88,1.76,5.75,54.38,415.27,4.24,7.33,92.86,87.44
P065,Good,442.16,612.75,4.53,61.97,71.85,4.32,0.51,7.38,51.11,448.11,2.73,8.52,52.05,58.45
P065,Good,992.98,694.83,1.55,94.06,11.51,1.23,0.59,9.2,75.56,297.96,6.73,4.95,84.07,67.46
P065,Good,819.08,277.01,14.73,66.19,63.0,1.52,0.15,3.03,89.93,332.32,8.71,2.19,85.06,54.2
P065,Good,990.81,494.64,26.08,63.88,63.83,4.39,1.03,5.0,67.17,325.92,3.5,1.87,81.2,53.31
P065,Good,1410.81,285.72,10.5,86.55,62.56,0.02,0.62,6.15,93.56,439.53,7.74,7.92,56.91,62.17
P065,Good,996.65,497.98,30.71,61.91,59.33,3.49,0.75,9.34,68.59,329.11,8.12,9.02,85.04,78.82
P065,Good,315.23,512.82,13.1,93.22,57.1,0.75,1.04,8.99,66.98,204.94,3.99,5.62,82.66,92.73
P065,Good,1472.78,506.38,36.61,75.78,87.6,3.59,1.09,7.57,79.07,282.73,5.88,1.68,89.19,70.0
P065,Good,1168.46,240.87,24.73,63.84,31.05,3.1,0.47,4.64,60.58,423.91,5.49,2.45,84.98,59.84
P065,Good,978.84,508.92,32.99,78.17,77.64,4.15,1.87,7.2,88.19,233.23,3.8,4.87,71.84,95.16
P065,Good,445.51,167.05,32.55,66.43,4.68,3.61,0.88,3.14,75.91,203.8,6.41,4.98,71.85,70.05
P065,Good,535.16,525.38,21.0,66.9,53.9,2.27,1.13,9.4,92.79,389.81,5.43,5.2,61.31,49.95
P065,Good,324.4,516.44,5.45,56.22,14.19,4.26,0.45,5.91,75.84,329.88,3.0,8.8,59.65,52.79
P065,Good,580.01,499.49,34.8,66.93,9.87,0.73,0.21,8.48,68.82,382.05,5.82,5.01,52.07,81.81
P065,Good,963.32,672.99,12.54,60.31,55.26,4.07,1.19,7.05,85.77,367.6,3.78,5.68,84.0,68.35
P065,Good,946.95,626.49,10.86,78.87,83.58,1.79,0.23,1.32,58.39,248.63,5.05,4.44,78.05,67.36
P065,Good,870.32,602.33,35.94,72.59,22.7,1.5,1.83,2.11,64.62,367.12,7.75,5.23,80.54,73.87
P065,Good,1106.5,311.8,35.76,79.76,2.4,2.04,1.38,5.84,74.05,474.95,2.25,1.11,92.5,67.66
P065,Good,1098.53,549.1,35.06,54.42,61.04,2.03,0.83,6.84,75.27,457.47,8.7,9.23,70.52,51.95
P065,Good,1003.55,514.87,2.07,63.52,97.09,0.43,1.45,7.57,51.66,333.13,3.09,1.07,84.22,68.1
P065,Good,855.79,274.16,26.0,92.39,22.61,2.52,1.29,6.84,56.94,243.2,2.2,7.72,58.14,62.04
P065,Good,317.82,220.5,1.32,71.16,76.72,4.56,0.31,9.06,99.7,335.52,1.06,5.48,62.42,64.56
P065,Good,1009.11,322.78,26.18,87.8,97.68,0.35,1.26,5.23,69.47,449.55,4.58,8.58,81.41,90.08
P065,Good,490.12,621.61,2.59,93.02,83.0,2.74,0.34,7.16,73.41,363.15,7.21,8.89,67.33,52.35
P065,Good,1414.94,161.66,12.47,82.86,41.17,0.55,1.39,2.66,49.57,242.46,8.58,7.1,83.89,87.89
P065,Good,977.73,144.8,21.32,95.68,17.2,4.38,1.51,5.4,50.9,424.46,2.13,4.5,53.88,86.78
P065,Good,913.97,396.84,33.69,68.91,54.54,2.75,1.1,7.89,48.41,236.64,1.95,8.49,52.29,80.14
P065,Good,1365.38,766.98,24.87,61.48,1.39,3.33,0.71,6.55,83.29,262.76,1.47,5.45,87.19,76.09
P065,Good,786.34,128.69,20.3,95.03,72.44,1.57,1.36,5.68,80.21,337.33,1.04,8.43,52.07,48.0
P065,Good,729.71,620.59,22.51,83.51,54.03,2.83,0.71,7.26,79.92,206.26,9.16,9.32,70.76,57.35
P065,Good,1106.17,708.63,7.21,94.92,9.22,4.13,1.53,5.55,60.93,341.69,5.49,4.1,68.91,61.95
P065,Good,813.03,564.06,19.21,64.09,54.69,0.62,1.26,4.87,52.0,392.3,4.49,8.54,85.71,73.74
P065,Good,523.61,512.34,24.54,73.94,35.45,4.56,0.37,1.35,77.44,270.76,2.59,1.83,60.37,72.18
P065,Good,1126.33,148.87,35.06,92.57,67.27,3.4,0.19,2.91,83.51,277.82,9.05,1.69,88.41,80.89
P065,Good,414.22,528.29,30.32,66.04,6.23,3.19,1.14,5.79,48.93,294.16,2.97,6.56,79.96,89.08
P065,Good,1172.23,347.86,13.42,66.39,37.3,0.79,0.91,7.7,53.22,410.28,7.4,2.57,91.26,86.37
P065,Good,363.38,626.58,10.88,64.63,32.72,1.94,0.18,4.88,64.4,423.02,3.79,6.02,58.38,80.55
P065,Good,886.94,385.85,29.57,86.02,71.94,3.9,0.6,8.75,70.46,275.86,7.65,7.89,57.62,52.3
P065,Good,638.1,375.38,19.24,81.29,56.97,1.8,1.82,6.14,50.24,308.99,4.35,2.78,96.89,56.06
P065,Good,1390.1,205.15,23.39,60.19,78.09,4.28,0.39,5.5,72.13,430.44,8.8,1.89,75.78,79.9
P065,Good,573.7,513.72,12.77,78.01,59.92,2.45,1.25,4.42,67.98,370.2,7.66,3.51,60.82,61.86
P065,Good,1052.01,203.5,28.06,84.4,58.95,2.33,0.15,4.9,60.54,289.28,6.52,3.63,51.09,73.41
P065,Good,981.12,762.71,23.59,73.01,30.61,2.77,1.03,7.48,80.3,443.24,8.2,1.13,76.73,93.32
P065,Good,433.01,123.79,2.67,82.78,78.81,3.72,0.43,4.82,73.21,376.06,5.57,4.48,49.79,55.87
P065,Good,315.47,645.94,38.26,84.27,55.17,3.86,0.37,8.59,60.36,405.47,9.43,2.72,54.27,75.9
P065,Good,391.36,431.05,26.38,84.05,61.78,4.72,1.07,5.21,67.95,412.06,2.68,3.01,52.06,58.52
P065,Good,950.84,738.62,14.87,69.61,32.82,4.12,0.47,5.08,55.92,466.38,5.5,8.92,57.48,61.53
P065,Good,1378.82,558.35,3.11,62.71,68.13,1.17,0.99,6.08,63.73,252.52,6.61,5.53,79.13,69.61
P065,Good,1070.65,691.96,2.53,63.1,58.77,4.47,1.18,9.5,86.72,443.29,9.11,8.37,64.14,83.06
P065,Good,881.11,327.43,20.47,72.61,1.58,3.09,1.16,8.53,75.3,481.76,9.51,4.85,60.72,77.74
P065,Good,783.3,175.51,3.44,83.22,38.82,2.88,1.06,1.19,54.56,356.42,9.01,1.32,56.22,74.57
P065,Good,795.37,132.22,27.61,70.4,8.8,2.98,1.7,7.54,86.59,397.82,8.01,2.82,73.15,73.2
P065,Good,640.24,198.27,9.8,75.83,88.53,0.64,0.66,8.03,61.25,384.92,8.37,6.54,73.6,51.65
P065,Good,731.69,418.72,29.76,84.36,79.12,0.31,0.51,2.52,80.41,465.1,3.59,6.24,95.44,90.39
P065,Good,1144.86,333.6,21.13,71.12,39.2,0.91,1.4,7.61,66.34,477.76,4.73,9.44,46.52,73.11
P065,Good,665.49,414.66,6.62,71.44,68.38,1.64,1.3,8.57,65.67,244.88,4.4,5.04,88.48,96.68
P065,Good,1412.74,324.26,32.64,75.89,35.62,1.71,0.29,7.26,93.04,258.09,2.53,4.07,50.93,54.2
P065,Good,485.1,445.32,7.46,84.0,39.31,2.65,1.39,8.97,85.23,397.03,6.47,2.87,95.18,66.12
P065,Good,767.74,578.57,23.56,91.69,91.56,0.28,0.15,1.55,53.82,304.69,3.29,9.18,49.24,46.64
P065,Good,1382.78,718.05,38.29,79.82,47.86,0.77,0.46,4.82,91.48,382.53,8.12,8.57,78.6,84.16
P065,Good,720.58,153.55,6.51,83.01,37.08,4.52,1.58,3.17,70.21,215.96,6.17,3.1,75.9,66.07
P065,Good,1306.01,576.49,11.15,88.93,3.56,2.55,1.61,6.16,62.01,251.57,3.88,1.34,72.65,62.13
P065,Good,570.58,697.16,28.36,76.8,47.44,0.56,1.83,8.89,54.0,186.87,7.28,6.98,69.25,84.4
P065,Good,618.21,161.71,8.63,70.79,7.18,1.28,0.15,1.9,52.17,228.19,4.67,1.81,61.63,86.01
P065,Good,310.45,254.71,29.39,86.08,42.48,3.57,1.84,5.1,81.28,331.4,7.31,8.82,59.99,49.61
P065,Good,846.85,386.46,7.08,94.17,26.95,3.76,1.44,5.75,63.49,302.56,7.42,2.21,63.23,67.55
P065,Good,1120.8,316.93,4.79,82.32,72.23,0.81,1.14,1.36,77.31,315.42,1.25,2.2,86.58,95.91
P065,Good,891.42,534.53,3.56,88.26,24.47,2.82,0.83,4.72,89.39,387.87,7.51,7.28,75.35,79.25
P065,Good,314.28,250.69,33.76,60.23,30.36,3.24,0.58,7.33,83.5,205.33,5.54,4.51,60.04,95.16
P065,Good,830.56,694.72,12.02,88.49,48.58,4.1,0.43,4.35,67.51,254.54,4.91,7.14,77.58,80.59
P065,Good,1281.38,610.9,5.74,93.78,80.39,1.41,1.47,3.73,49.42,436.09,2.3,2.46,68.9,50.53
P065,Good,585.54,241.16,17.61,55.2,69.31,2.26,1.77,6.94,59.23,373.67,1.15,7.74,58.06,66.71
P065,Good,775.4,607.93,3.22,62.6,30.34,0.57,1.41,2.04,55.76,240.01,4.46,1.21,56.39,98.22
P065,Good,1330.39,440.03,20.78,71.4,87.5,4.81,1.83,7.16,90.39,267.22,5.06,6.75,66.38,83.24
P065,Good,865.19,741.21,21.28,81.19,2.62,3.15,1.15,2.01,66.25,321.33,1.19,5.8,88.73,79.79
P065,Good,324.05,539.75,19.13,60.86,27.9,4.02,1.76,5.08,59.91,262.24,6.99,4.82,56.28,56.62
P065,Good,1261.48,238.2,33.05,80.83,34.41,3.74,0.49,2.82,54.29,313.15,7.63,8.06,81.21,86.84
P065,Good,378.93,676.99,15.4,79.68,21.44,2.69,0.99,5.28,64.61,429.51,2.62,6.17,96.57,94.89
P065,Good,520.6,129.64,15.93,81.89,72.59,2.59,0.76,9.32,67.55,497.85,6.74,2.57,55.41,80.77
P065,Good,759.75,749.94,26.4,68.68,31.14,0.1,1.43,9.62,94.43,467.33,2.96,4.5,80.89,88.99
P065,Good,1021.78,700.2,33.08,91.17,4.63,2.5,1.13,7.24,66.75,376.07,5.97,4.4,60.24,73.09
P065,Good,828.32,549.88,14.82,77.04,97.65,4.05,0.0,6.15,68.63,231.55,8.27,4.22,57.45,64.89
P065,Good,918.34,336.82,29.04,88.67,88.85,0.65,1.12,3.76,70.78,474.47,5.31,1.24,51.39,67.16
P065,Good,1390.93,523.35,29.81,54.62,70.97,0.78,1.61,1.81,66.32,248.35,6.59,5.17,83.6,75.92
P065,Good,855.13,598.26,37.08,78.04,24.98,0.91,1.34,2.34,55.67,328.01,9.11,7.48,80.04,48.05
P065,Good,1343.8,680.41,37.8,80.61,84.18,4.39,0.21,7.22,92.74,196.23,8.38,9.23,66.29,62.66
P065,Good,1372.29,202.8,9.58,58.99,18.58,4.5,1.51,8.56,61.91,449.0,6.25,4.56,60.85,80.18
P065,Good,736.12,223.15,34.87,72.5,63.39,3.68,1.7,1.66,70.23,278.53,1.59,4.13,48.73,52.36
P065,Good,660.91,673.54,25.86,63.97,61.46,2.44,1.21,8.5,68.09,383.6,7.87,2.08,81.29,75.35
P065,Good,565.36,345.81,19.56,61.69,80.6,2.52,1.69,2.81,96.48,236.83,6.87,6.78,53.3,66.43
P065,Good,792.2,489.35,35.56,67.16,49.9,1.77,1.77,3.11,88.89,460.78,1.82,1.53,66.07,76.57
P065,Good,606.15,682.67,2.88,70.4,8.48,1.99,0.34,6.41,49.74,453.65,5.91,2.62,69.5,59.05
P066,OK,851.37,318.44,2.63,68.48,75.04,0.26,0.42,7.8,73.38,334.45,2.33,6.96,81.22,75.07
P066,OK,524.74,321.73,20.55,65.18,46.28,1.44,0.06,7.64,60.58,235.33,5.68,7.81,54.22,83.69
P066,OK,880.0,283.86,22.11,62.31,6.44,2.87,0.72,6.01,51.88,281.49,8.15,2.99,75.14,44.54
P066,OK,1041.95,93.68,7.79,84.01,30.44,2.84,0.46,2.84,53.87,269.9,4.8,5.98,42.79,58.69
P066,OK,597.32,488.37,3.71,72.04,68.04,2.39,0.39,8.17,49.18,267.5,5.26,2.9,42.6,54.68
P066,OK,1298.03,206.57,10.91,64.62,54.22,1.7,1.04,6.31,41.81,293.13,0.99,5.19,70.43,44.79
P066,OK,984.17,573.52,23.32,59.29,74.78,3.31,1.67,6.14,81.96,187.25,2.6,6.04,61.1,59.48
P066,OK,441.84,419.53,4.23,52.83,44.33,0.95,0.6,6.01,63.85,204.82,6.68,7.39,86.29,69.77
P066,OK,1284.22,561.48,29.45,71.28,76.49,3.23,0.43,4.34,42.46,317.55,1.62,6.11,57.3,49.01
P066,OK,908.41,151.08,21.28,68.31,42.74,0.04,0.1,6.82,75.93,363.38,3.74,4.19,56.94,63.17
P066,OK,968.12,227.48,5.72,60.54,62.12,3.22,0.6,5.76,56.92,388.51,1.02,3.97,71.7,85.19
P066,OK,445.82,584.06,24.77,85.57,89.06,0.3,1.35,2.22,45.57,408.91,4.99,3.4,60.71,81.89
P066,OK,467.47,119.51,6.56,67.51,75.99,1.05,0.32,8.2,61.97,322.87,0.84,3.8,73.53,69.2
P066,OK,460.4,660.91,2.21,59.74,17.27,0.36,1.63,6.67,51.3,420.08,2.28,3.64,72.77,54.41
P066,OK,523.26,669.27,11.89,50.87,72.97,1.57,0.75,5.44,72.51,254.04,3.92,0.96,64.73,69.62
P066,OK,1108.79,269.82,33.84,73.34,24.97,3.61,0.69,4.33,57.35,285.25,1.16,5.16,53.12,74.74
P066,OK,1023.47,459.31,35.49,62.56,6.66,2.36,1.64,6.36,60.87,178.56,4.25,4.26,81.02,62.02
P066,OK,786.27,394.88,7.55,64.95,45.92,3.7,0.1,4.53,56.38,290.44,7.53,5.65,73.63,84.98
P066,OK,737.02,207.03,31.51,66.6,50.07,3.8,0.41,1.43,47.78,198.19,6.59,7.87,72.79,64.86
P066,OK,843.49,567.61,23.75,69.2,76.77,1.1,0.29,4.26,59.49,331.46,2.51,6.83,53.37,70.0
P066,OK,372.08,620.83,34.53,63.19,39.73,2.24,0.36,2.84,56.15,197.48,6.98,5.92,85.91,42.38
P066,OK,408.81,349.42,31.44,54.15,42.3,1.99,0.07,3.64,54.87,355.1,4.22,5.68,66.5,80.65
P066,OK,679.02,228.19,34.24,52.66,40.41,0.59,1.52,0.89,53.05,238.36,1.29,7.82,63.13,54.35
P066,OK,865.79,424.28,12.33,68.45,55.67,2.45,0.35,1.39,81.12,326.5,7.74,4.49,84.67,52.21
P066,OK,1301.43,517.48,1.41,57.1,46.92,2.75,1.67,7.51,59.72,223.03,2.03,6.52,49.18,48.85
P066,OK,580.11,475.05,18.26,48.71,72.08,0.72,1.61,2.72,73.26,381.83,1.35,5.13,45.44,58.24
P066,OK,439.53,367.24,14.04,59.34,71.32,0.76,0.39,3.4,47.56,174.71,8.54,3.75,49.44,43.53
P066,OK,793.85,117.51,25.61,66.0,39.64,2.19,1.01,4.18,56.69,336.45,6.06,3.47,65.82,58.17
P066,OK,369.46,322.93,1.23,52.01,30.75,0.1,1.28,1.55,80.89,285.77,1.28,4.65,42.78,48.8
P066,OK,667.85,557.64,23.67,57.56,61.32,4.38,1.13,3.55,46.46,273.02,4.58,7.08,60.64,69.2
P066,OK,310.18,444.78,14.48,70.4,74.78,2.09,0.81,1.06,64.93,349.1,3.77,2.71,54.32,52.28
P066,OK,466.72,311.27,3.68,50.62,17.52,1.45,1.03,0.98,50.42,218.19,1.97,5.32,46.49,44.38
P066,OK,921.36,276.57,0.89,84.92,14.05,0.53,1.28,1.66,69.33,377.57,6.09,5.86,56.0,64.95
P066,OK,521.62,129.83,3.72,75.27,70.67,0.63,1.72,2.39,52.14,231.13,1.74,4.82,75.87,68.46
P066,OK,308.25,608.28,34.84,63.96,45.64,0.5,0.12,8.39,57.78,379.49,4.92,1.76,79.34,76.7
P066,OK,798.29,200.48,3.77,62.25,63.38,2.08,1.53,3.9,52.84,348.35,1.51,5.42,75.31,66.83
P066,OK,642.19,526.63,32.4,48.63,73.72,3.71,0.63,4.22,78.57,389.63,1.77,6.34,45.26,52.49
P066,OK,986.78,364.56,9.93,60.81,79.73,1.75,0.94,1.71,75.68,411.82,4.65,2.01,65.4,51.21
P066,OK,829.22,453.23,26.85,72.59,23.91,1.71,0.09,5.81,45.09,338.42,2.31,7.52,77.94,55.42
P066,OK,958.47,607.08,21.08,52.09,21.7,1.46,0.19,6.82,45.92,276.68,1.01,7.48,75.97,58.61
P066,OK,439.12,163.27,8.84,64.13,63.47,0.94,1.49,5.28,79.18,257.92,6.79,4.07,83.17,85.12
P066,OK,1030.81,437.03,7.41,74.91,10.71,0.09,0.97,4.0,54.39,322.23,3.92,6.08,82.93,57.13
P066,OK,685.1,128.22,16.47,76.82,28.51,1.88,0.02,4.89,57.82,194.21,6.69,2.63,44.57,42.05
P066,OK,1151.29,503.06,30.81,64.93,80.84,0.4,0.38,8.07,75.33,333.27,2.74,1.0,49.2,53.8
P066,OK,786.11,187.5,25.83,86.43,32.66,2.01,0.56,7.09,54.28,258.68,7.63,2.3,56.15,66.58
P066,OK,752.81,659.72,31.13,82.48,85.08,4.09,1.28,6.18,59.05,292.4,2.32,5.16,67.33,56.09
P066,OK,695.32,644.81,9.05,75.88,62.29,0.86,0.51,2.16,56.4,286.96,1.98,3.65,76.52,53.05
P066,OK,1113.82,603.75,10.72,67.29,45.19,2.62,0.22,2.39,59.04,372.99,1.22,4.56,61.85,83.09
P066,OK,527.75,657.75,10.86,71.73,39.91,0.89,0.62,5.33,58.07,315.57,3.86,3.4,53.94,47.93
P066,OK,415.04,211.68,27.53,67.3,33.01,0.86,1.09,1.06,58.61,265.09,6.27,2.38,46.02,75.73
P066,OK,542.63,338.53,3.92,66.3,15.74,2.23,0.74,1.49,56.9,317.05,3.46,2.53,74.07,43.74
P066,OK,384.08,301.92,5.29,68.5,15.21,1.43,0.36,3.93,87.91,266.58,6.28,1.21,49.66,61.64
P066,OK,795.02,366.37,20.44,66.55,45.57,0.56,0.03,1.74,75.08,349.97,4.1,6.79,82.35,83.28
P066,OK,1149.99,89.05,30.67,64.87,2.42,0.62,1.3,2.41,70.45,252.65,6.15,3.32,57.96,48.09
P066,OK,432.36,462.62,35.11,81.09,72.69,3.69,0.95,7.69,62.19,231.04,6.29,7.24,45.28,77.24
P066,OK,833.44,284.69,17.37,62.8,76.67,2.9,0.04,8.61,72.05,218.66,4.61,2.76,51.45,63.9
P066,OK,673.73,128.45,28.3,60.24,40.45,3.19,0.39,1.79,46.86,357.66,1.62,3.1,66.09,59.37
P066,OK,797.26,589.77,23.08,86.08,22.17,4.31,0.13,3.61,69.74,306.52,4.64,8.25,71.24,57.53
P066,OK,517.11,227.48,17.0,76.56,65.83,1.11,0.59,8.57,57.5,281.01,7.98,1.3,68.91,69.1
P066,OK,803.53,205.6,28.66,82.43,60.21,4.39,1.15,4.57,68.09,243.62,3.54,5.39,52.45,51.86
P066,OK,912.31,535.99,7.57,59.11,65.99,0.44,1.45,5.4,45.32,236.76,6.17,7.71,51.44,50.25
P066,OK,396.03,454.27,32.58,54.52,19.78,0.67,0.72,4.19,81.83,356.21,2.17,0.92,61.25,50.14
P066,OK,567.3,148.12,21.93,64.18,22.46,1.52,0.5,3.69,72.67,244.17,2.78,6.37,66.72,82.69
P066,OK,755.74,684.55,9.06,55.52,8.17,2.01,1.25,0.98,59.06,383.85,7.0,1.72,81.63,69.21
P066,OK,1207.41,440.69,28.91,66.0,25.88,3.57,0.92,4.13,69.25,253.28,3.89,7.97,81.48,56.42
P066,OK,645.71,191.42,9.46,83.89,47.76,3.52,0.67,2.29,70.31,392.06,7.73,5.91,72.69,70.1
P066,OK,1149.93,360.52,30.93,57.1,61.06,0.37,0.97,7.98,72.58,228.73,5.13,1.37,47.21,45.88
P066,OK,285.91,507.81,4.53,53.78,53.33,1.38,1.23,0.87,59.31,301.18,3.74,5.91,71.78,68.15
P066,OK,1230.11,648.56,10.46,69.1,57.53,2.06,0.85,5.58,74.94,325.98,8.35,7.53,65.0,78.12
P066,OK,830.79,563.24,32.19,50.56,0.99,0.5,0.33,3.81,59.48,289.15,1.36,1.56,69.8,79.26
P066,OK,629.41,123.38,22.07,72.61,71.51,2.98,0.72,1.16,65.92,289.56,8.17,2.63,78.34,64.05
P066,OK,388.2,387.58,17.88,74.69,24.02,3.4,1.41,3.0,44.95,184.87,5.63,4.13,77.82,61.46
P066,OK,336.46,653.2,10.42,55.53,27.7,2.66,0.57,1.43,51.91,300.65,1.39,8.0,60.56,61.78
P066,OK,491.53,619.62,15.54,82.4,42.61,3.32,0.37,6.43,72.99,175.59,5.88,6.12,60.27,78.33
P066,OK,498.77,250.05,31.08,73.78,75.34,3.36,0.98,4.71,58.65,234.46,2.22,7.54,51.99,46.25
P066,OK,306.31,616.55,30.84,74.55,53.1,2.08,1.03,5.64,77.1,255.37,6.86,2.44,83.2,78.03
P066,OK,470.08,314.22,8.17,80.41,69.03,1.78,0.48,6.72,53.47,367.86,4.87,8.66,65.39,78.14
P066,OK,1029.58,502.03,15.53,68.41,59.4,3.06,0.17,5.71,59.43,222.2,5.48,6.08,71.49,55.3
P066,OK,531.07,398.02,3.26,71.53,0.94,3.74,0.58,5.34,50.63,367.38,7.42,4.03,73.35,63.81
P066,OK,298.52,181.85,32.57,54.47,22.35,4.11,0.18,6.51,50.05,406.3,5.6,3.71,51.23,44.68
P066,OK,265.66,380.8,23.88,63.87,78.14,2.83,1.61,2.93,74.55,195.34,1.09,7.66,45.86,79.11
P066,OK,703.84,273.45,15.09,53.08,9.39,0.47,1.52,6.64,61.99,400.98,7.57,3.01,59.06,74.1
P066,OK,1144.57,511.13,23.44,63.05,82.74,1.48,1.35,3.98,70.67,385.23,2.24,1.8,53.23,52.61
P066,OK,545.98,457.0,27.81,68.63,7.39,0.85,1.09,4.38,65.91,177.02,6.45,1.41,43.88,80.75
P066,OK,1112.27,531.02,31.11,70.9,38.55,1.55,0.53,5.51,70.65,314.99,5.65,6.93,71.57,68.28
P066,OK,425.63,619.6,5.72,50.93,60.68,3.9,1.45,5.63,46.28,188.64,6.15,1.4,60.09,68.29
P066,OK,548.71,377.45,4.49,50.6,52.75,3.31,1.41,2.11,66.27,392.7,5.41,3.87,48.83,76.91
P066,OK,761.72,139.04,27.63,54.88,44.67,1.67,1.6,3.29,44.45,305.57,5.99,7.9,73.44,81.0
P066,OK,1236.02,192.65,5.66,83.47,18.09,4.01,0.08,8.05,58.33,316.51,4.19,1.55,80.44,79.84
P066,OK,548.8,600.63,6.04,82.06,67.45,1.32,0.58,1.6,68.35,348.95,6.9,5.24,60.33,50.27
P066,OK,1187.03,314.34,4.9,81.86,6.2,2.97,0.69,7.61,57.68,202.51,7.2,7.06,62.8,68.49
P066,OK,952.44,198.01,6.63,54.61,9.06,1.82,1.33,2.08,50.04,282.43,7.55,6.17,56.91,45.02
P066,OK,543.75,635.9,18.68,70.36,45.18,1.36,1.23,7.62,46.99,318.38,2.65,1.47,65.13,53.6
P066,OK,1019.07,243.82,13.26,69.16,21.39,3.1,1.26,1.12,66.12,291.04,4.28,6.43,77.59,67.43
P066,OK,378.96,497.7,2.46,68.87,41.45,0.94,1.14,2.15,61.28,165.99,3.92,1.65,48.46,68.84
P066,OK,898.72,301.6,3.33,79.82,32.36,3.25,0.21,3.42,48.67,261.89,2.92,7.16,69.19,52.8
P066,OK,988.91,277.31,2.21,81.51,26.54,1.06,0.6,4.92,49.25,203.45,5.78,7.83,68.44,70.19
P066,OK,859.95,179.38,8.01,76.61,66.14,1.8,0.53,4.13,72.72,407.53,4.5,1.96,69.29,54.94
P066,OK,842.5,444.19,18.84,84.74,61.4,3.92,1.57,5.12,50.02,272.15,5.18,2.01,69.87,46.28
P066,OK,383.09,630.11,4.86,65.52,80.16,1.87,1.62,7.42,52.43,415.02,3.21,7.98,55.3,51.81
P067,Good,1323.0,320.27,9.94,73.68,37.53,2.89,0.39,7.21,61.26,208.14,8.89,2.95,52.83,80.44
P067,Good,785.66,553.14,33.18,67.78,19.93,3.24,0.6,6.89,88.39,346.98,3.49,5.92,85.03,84.33
P067,Good,442.92,652.66,33.83,80.02,46.33,0.18,1.17,4.57,69.38,435.18,3.14,5.69,59.37,61.28
P067,Good,582.59,671.23,22.39,95.1,90.22,1.43,1.67,2.55,74.41,404.5,5.9,3.48,56.96,68.4
P067,Good,752.8,611.45,11.25,77.47,68.08,3.19,1.11,3.94,74.16,386.58,4.38,3.73,85.28,82.39
P067,Good,709.44,239.78,36.05,63.03,83.72,0.36,0.2,8.77,65.58,256.78,6.16,1.72,78.11,65.61
P067,Good,1325.97,229.23,18.72,86.66,43.85,1.1,0.08,9.04,56.97,333.67,6.27,3.22,81.33,56.21
P067,Good,755.09,432.5,24.21,79.07,10.99,3.31,0.86,2.37,91.69,223.88,6.85,7.14,72.5,64.82
P067,Good,851.84,211.5,14.02,93.79,85.07,2.02,1.1,8.21,66.62,298.92,7.26,9.21,67.49,76.18
P067,Good,527.21,457.04,3.45,85.08,77.04,2.73,0.29,4.86,48.92,322.56,6.24,8.78,65.7,51.99
P067,Good,1146.91,439.83,26.64,68.51,7.44,2.57,0.37,3.95,75.93,469.3,3.9,6.77,77.04,73.52
P067,Good,1343.93,306.67,35.91,93.09,44.3,3.73,1.34,2.14,61.1,203.16,8.0,6.29,66.55,56.41
P067,Good,1421.2,655.5,24.38,62.88,16.09,2.15,1.81,2.4,49.94,228.76,9.59,2.33,54.59,52.13
P067,Good,768.87,540.42,8.89,84.96,51.19,2.86,1.07,8.76,48.14,204.65,8.37,9.46,70.89,60.27
P067,Good,1288.9,199.43,21.57,83.08,84.57,0.42,0.59,6.71,60.97,245.47,5.58,8.56,72.12,52.53
P067,Good,918.46,267.54,16.93,81.01,94.76,2.38,1.53,8.11,94.87,455.98,8.41,3.95,61.1,61.72
P067,Good,277.58,694.42,36.86,69.57,69.97,3.93,1.75,5.43,58.26,438.48,7.81,3.94,87.86,48.04
P067,Good,828.12,371.67,33.93,85.63,39.7,1.19,0.32,8.11,60.4,433.96,1.85,5.09,61.65,58.26
P067,Good,281.89,608.22,14.57,70.24,15.54,3.38,1.44,7.46,82.59,291.49,6.54,4.78,93.41,67.04
P067,Good,1099.93,571.63,3.69,89.12,70.15,0.69,0.81,1.78,97.59,275.21,4.06,3.06,99.06,93.63
P067,Good,1161.23,690.75,21.41,66.11,78.24,1.4,1.57,3.92,92.19,445.86,6.85,8.97,92.04,78.07
P067,Good,1327.64,410.95,3.24,88.71,27.53,1.81,1.92,6.44,50.06,426.89,7.7,2.17,68.62,69.85
P067,Good,664.53,559.52,34.07,65.64,78.83,1.02,1.57,3.15,88.83,379.65,1.75,9.13,59.73,73.15
P067,Good,302.77,553.29,19.78,61.22,1.92,0.84,0.24,3.01,56.48,230.29,9.4,6.15,66.98,88.38
P067,Good,1243.69,259.77,16.19,70.5,72.63,2.28,0.38,5.04,84.22,401.68,4.49,5.07,86.9,87.09
P067,Good,891.99,493.93,27.07,66.31,87.08,4.12,0.19,6.62,97.06,314.07,5.77,3.19,78.63,65.71
P067,Good,808.51,145.31,34.27,72.66,66.87,3.96,1.78,9.53,68.75,440.29,8.73,4.5,67.25,95.13
P067,Good,558.66,372.51,10.42,88.54,31.7,2.08,1.52,2.53,84.95,292.59,9.11,3.74,72.09,75.43
P067,Good,1234.59,501.63,19.33,65.49,9.96,0.59,1.12,2.3,52.12,316.05,2.78,6.76,83.51,74.77
P067,Good,1355.85,741.3,2.07,56.48,4.92,4.08,0.67,6.11,50.51,233.34,4.5,6.28,54.02,70.89
P067,Good,417.23,561.61,29.49,65.53,21.64,3.94,1.01,7.06,88.65,297.23,8.96,5.06,49.83,51.15
P067,Good,1131.53,278.72,31.92,92.35,68.87,3.9,1.91,8.64,61.76,425.15,5.78,6.51,75.57,79.2
P067,Good,392.02,564.16,31.45,69.24,68.9,1.51,0.18,8.49,92.02,346.39,4.85,3.86,82.54,76.03
P067,Good,501.51,693.06,34.54,61.63,68.57,1.08,1.66,1.94,94.61,390.72,8.2,9.6,58.96,65.58
P067,Good,1227.45,451.91,20.57,74.88,33.42,3.75,0.9,2.01,55.86,461.03,5.49,6.98,66.92,58.66
P067,Good,1037.31,389.48,22.53,55.12,78.1,1.09,1.32,5.47,75.61,431.48,6.37,4.34,87.92,91.41
P067,Good,785.7,440.47,25.72,81.29,78.92,3.04,0.34,2.16,75.39,458.43,1.17,8.91,51.33,54.1
P067,Good,1438.32,676.89,2.9,74.51,42.03,3.1,0.86,8.41,86.09,360.73,7.88,8.98,66.99,60.14
P067,Good,1157.47,620.73,3.34,93.73,31.57,0.04,0.93,6.22,48.86,236.36,7.66,7.29,49.45,58.4
P067,Good,382.09,679.7,31.97,67.58,90.97,4.29,0.89,7.19,48.77,341.1,5.69,6.86,80.91,83.23
P067,Good,546.22,297.27,30.49,83.26,56.57,0.14,1.72,3.25,69.26,423.06,4.59,8.54,93.65,55.48
P067,Good,558.41,536.15,18.51,80.44,68.51,0.83,1.31,9.2,73.47,442.49,6.45,8.34,57.63,77.82
P067,Good,803.9,611.33,31.42,60.1,8.04,0.65,0.37,9.79,68.41,254.41,4.51,8.44,78.75,67.51
P067,Good,780.6,442.85,26.14,61.32,63.38,2.18,1.49,3.87,53.49,355.28,8.33,4.83,70.3,68.14
P067,Good,512.4,498.35,31.72,70.29,46.98,2.92,0.88,5.18,72.61,315.59,2.38,2.03,87.32,68.8
P067,Good,871.21,753.42,12.96,67.94,20.36,0.48,1.41,6.2,54.62,392.22,7.66,3.24,82.27,84.69
P067,Good,1148.17,123.21,36.07,78.04,61.41,3.23,1.31,4.31,71.28,289.66,1.2,4.84,75.48,63.89
P067,Good,722.4,507.7,10.12,88.16,63.89,1.09,1.34,4.0,46.75,383.96,1.78,5.09,78.52,59.69
P067,Good,893.66,711.44,37.14,69.07,8.76,0.5,1.71,2.37,56.48,472.22,2.07,2.42,64.47,49.22
P067,Good,1143.96,768.25,24.68,75.64,64.11,1.79,1.77,1.45,54.34,248.84,2.23,9.11,77.32,79.59
P067,Good,866.73,519.72,36.8,78.64,34.77,4.87,0.22,8.45,93.77,219.29,1.4,6.83,51.62,49.76
P067,Good,964.4,166.88,16.62,58.03,85.19,3.02,0.59,2.02,58.05,357.92,8.61,2.59,50.03,84.88
P067,Good,1059.47,661.14,4.56,74.13,29.06,1.32,0.05,1.97,90.65,235.51,8.89,3.89,60.97,57.99
P067,Good,388.51,663.41,10.09,81.79,78.79,2.49,0.23,8.33,82.48,428.25,8.92,2.75,47.54,72.56
P067,Good,1223.74,104.93,10.87,78.24,51.73,4.19,1.07,4.11,55.86,273.1,5.78,2.38,53.96,50.3
P067,Good,407.91,320.72,32.28,70.88,41.32,1.67,0.75,3.51,49.54,308.49,3.84,1.26,77.14,76.36
P067,Good,678.17,772.64,10.68,83.09,51.02,4.28,0.12,1.84,85.44,303.65,5.09,4.33,78.3,56.27
P067,Good,433.88,175.21,0.99,76.9,64.41,3.1,0.49,5.26,50.06,275.28,1.54,2.13,70.31,88.1
P067,Good,929.57,270.47,22.7,78.63,92.02,2.13,1.04,6.67,81.59,397.5,2.62,1.2,61.82,94.06
P067,Good,1261.43,452.93,12.93,82.11,73.45,0.61,0.87,4.7,85.55,402.87,2.35,4.13,69.83,76.06
P067,Good,1028.4,297.92,20.02,57.59,19.94,4.36,1.11,7.52,83.35,351.77,7.94,8.08,78.66,96.36
P067,Good,1265.97,183.31,20.7,86.14,54.27,0.07,0.06,2.83,79.65,352.69,1.29,1.48,81.26,77.95
P067,Good,1135.42,649.81,11.15,66.59,19.93,1.51,0.14,3.71,50.99,477.88,9.11,2.24,55.33,56.65
P067,Good,1295.29,312.98,10.36,69.51,32.81,3.78,1.21,7.63,49.15,262.74,2.07,3.51,93.29,82.58
P067,Good,741.58,610.84,9.01,59.0,14.65,0.43,0.28,5.9,80.77,426.31,8.56,6.67,72.13,73.62
P067,Good,539.41,188.33,24.23,59.66,87.32,3.12,1.93,7.16,81.49,360.68,4.61,1.5,55.0,59.62
P067,Good,605.4,449.53,15.01,89.96,79.04,3.7,0.5,9.47,92.14,360.87,3.73,1.71,48.55,53.29
P067,Good,519.27,591.72,24.37,95.59,71.27,3.56,0.93,5.08,65.54,204.56,6.07,7.57,53.45,83.7
P067,Good,1012.18,159.26,9.96,93.04,2.81,3.54,1.07,6.01,87.85,218.49,9.67,7.19,62.16,52.8
P067,Good,1252.22,640.41,7.01,70.34,50.43,4.72,0.35,9.46,78.49,208.33,1.64,1.68,75.4,81.37
P067,Good,1396.73,569.32,4.96,73.45,3.01,1.77,0.32,3.34,69.98,432.09,8.89,8.22,92.54,83.76
P067,Good,1072.65,251.33,16.67,66.07,34.57,0.92,0.56,4.42,59.22,332.25,2.13,8.11,80.3,76.17
P067,Good,1326.4,530.64,28.21,90.43,23.36,4.35,0.7,1.72,55.12,208.99,5.26,4.55,82.29,81.33
P067,Good,1198.93,250.78,8.59,63.05,93.02,2.22,1.66,4.45,85.76,425.6,4.7,7.52,90.63,87.65
P067,Good,387.66,499.39,30.76,68.84,85.75,4.68,1.84,7.49,48.1,440.83,9.19,3.9,73.52,73.24
P067,Good,330.35,193.14,1.91,75.12,88.08,3.42,1.05,8.21,76.24,287.53,3.53,8.24,60.58,55.79
P067,Good,1299.24,249.71,30.32,83.31,11.5,4.61,0.74,3.41,85.78,337.95,6.34,5.86,65.99,69.11
P067,Good,1061.42,376.51,9.61,69.77,73.76,0.76,1.3,5.11,72.62,339.61,3.68,3.59,53.12,54.92
P067,Good,1285.72,149.47,19.52,89.69,24.24,0.76,0.31,1.26,49.68,253.72,5.12,4.64,69.88,87.15
P067,Good,666.07,549.9,17.24,85.06,44.47,4.83,1.85,2.45,71.16,410.31,7.52,4.2,86.84,53.73
P067,Good,365.19,332.38,14.74,80.6,70.24,1.71,1.95,7.74,55.26,375.43,4.42,1.45,69.36,88.13
P067,Good,326.86,159.31,15.48,84.36,3.4,2.04,0.91,6.15,62.35,372.7,3.05,3.8,75.36,53.44
P067,Good,734.1,177.0,19.13,63.41,94.54,2.86,1.06,4.45,56.96,251.42,4.62,1.52,95.61,54.79
P067,Good,856.69,199.8,3.91,65.97,13.32,1.57,1.2,9.77,75.42,323.3,5.83,8.58,74.9,65.61
P067,Good,335.04,324.81,3.67,65.01,36.32,0.38,0.64,8.9,74.84,341.61,1.19,2.48,49.21,64.18
P067,Good,1111.75,135.02,25.77,66.69,63.39,0.15,0.82,5.25,59.36,425.24,5.28,8.73,90.02,97.72
P067,Good,819.98,766.93,14.11,69.98,87.11,4.31,1.45,8.44,88.27,350.46,3.97,8.27,83.02,64.84
P067,Good,968.86,484.22,12.13,84.67,58.54,1.84,0.22,6.17,75.85,228.06,7.21,8.01,65.8,87.51
P067,Good,987.92,647.23,3.34,82.8,68.97,4.79,1.78,2.96,53.64,376.05,1.84,3.68,87.69,51.24
P067,Good,1038.41,419.03,2.83,65.4,51.9,0.07,1.12,2.03,66.24,335.89,3.46,6.35,91.94,55.77
P067,Good,757.91,440.88,31.21,85.34,15.67,1.72,1.39,2.69,84.83,201.83,6.18,3.52,79.96,67.89
P067,Good,823.29,563.07,3.07,87.44,7.71,1.61,0.12,6.08,73.77,372.04,4.17,2.75,86.78,85.98
P067,Good,425.22,314.02,12.93,59.38,7.29,4.55,1.25,2.84,73.5,264.44,1.2,1.26,66.06,60.25
P067,Good,467.34,404.63,9.37,64.65,25.29,2.35,0.9,5.8,71.43,345.41,1.95,5.01,88.88,90.68
P067,Good,588.54,313.87,4.41,92.57,62.25,3.08,0.55,7.24,80.77,262.05,8.62,8.48,61.01,96.36
P067,Good,845.81,762.77,1.23,61.09,41.72,3.08,0.77,9.21,86.04,205.92,3.35,8.84,66.75,80.31
P067,Good,1141.73,182.65,9.64,64.86,87.34,1.56,1.51,7.79,69.2,201.23,2.49,1.36,80.93,65.86
P067,Good,654.11,430.68,15.07,95.68,73.53,4.18,0.4,8.71,60.13,317.2,4.19,1.88,90.88,51.16
P067,Good,560.19,584.57,25.81,72.17,16.68,0.24,1.32,8.97,75.63,442.58,1.99,6.92,59.59,87.3
P067,Good,555.72,635.11,34.18,69.67,65.42,1.38,0.2,7.94,90.7,469.98,4.2,5.68,45.86,69.08
P068,OK,1084.61,176.81,1.46,56.2,70.93,3.58,0.5,1.46,57.6,377.32,4.36,6.96,74.93,83.18
P068,OK,581.28,108.06,2.44,55.57,71.98,0.52,0.41,2.38,45.44,402.26,5.69,3.8,68.82,70.6
P068,OK,832.31,208.74,14.34,53.17,36.92,0.72,0.62,2.84,62.27,205.19,7.04,2.1,62.84,65.43
P068,OK,574.9,413.74,12.1,59.58,2.69,0.25,0.67,3.74,73.1,197.86,7.09,2.85,44.88,59.5
P068,OK,1065.23,543.64,25.14,59.63,32.91,3.98,0.73,5.99,44.9,403.47,6.95,1.77,80.51,64.12
P068,OK,278.46,601.64,5.04,77.45,61.16,3.69,0.79,7.39,61.73,334.96,1.86,5.21,68.46,69.7
P068,OK,1196.8,663.47,17.47,77.47,61.71,2.04,0.53,7.78,65.68,385.24,4.12,7.04,81.54,82.77
P068,OK,614.68,699.62,26.09,71.99,27.22,1.99,1.57,2.97,44.09,295.01,4.34,7.81,53.73,69.23
P068,OK,367.39,641.69,1.47,65.78,3.25,2.56,0.84,3.06,52.55,270.21,6.37,7.56,70.31,47.61
P068,OK,854.41,561.72,2.57,83.58,83.56,1.41,0.56,5.83,62.38,375.32,2.47,3.38,79.22,62.95
P068,OK,1199.77,545.01,21.77,79.68,20.1,1.48,0.98,7.32,82.66,402.64,2.36,5.06,59.59,76.32
P068,OK,726.08,399.11,28.16,67.8,50.78,1.02,1.18,7.61,75.34,246.6,1.26,7.78,86.94,42.23
P068,OK,773.18,162.52,28.53,69.2,60.18,1.1,1.61,1.15,47.78,249.95,6.2,4.35,58.41,70.74
P068,OK,948.47,255.2,26.07,83.1,75.74,3.36,0.36,1.24,45.66,339.9,1.12,6.75,65.58,68.37
P068,OK,709.04,509.48,15.8,64.85,74.58,1.44,0.71,3.65,53.83,234.24,3.84,8.3,56.71,74.48
P068,OK,332.62,242.81,30.63,69.97,29.99,3.83,0.19,7.91,53.7,281.81,5.77,5.79,82.35,72.15
P068,OK,442.46,636.82,5.16,74.8,79.08,3.2,1.56,3.15,48.11,429.95,7.41,7.59,46.8,68.74
P068,OK,484.65,93.77,15.24,49.58,47.72,2.22,1.35,6.35,51.56,334.35,4.54,2.31,59.38,79.32
P068,OK,1187.24,624.99,20.12,62.73,32.38,0.47,0.44,7.15,58.04,206.15,3.66,7.71,64.91,57.27
P068,OK,1085.06,418.67,12.89,81.31,49.42,0.99,1.14,1.57,57.9,271.67,5.77,2.6,76.73,71.48
P068,OK,1042.34,504.26,9.86,68.8,79.29,1.12,0.09,6.04,65.65,228.65,6.66,6.39,61.88,48.86
P068,OK,641.57,226.34,10.8,78.36,44.4,3.22,0.9,7.86,72.03,377.05,6.37,3.39,68.09,74.66
P068,OK,906.06,202.24,26.07,72.95,46.56,3.2,1.13,8.25,66.44,307.85,5.17,6.68,52.04,50.41
P068,OK,701.16,466.17,4.01,52.58,53.13,3.49,0.78,2.08,74.45,288.7,7.9,2.66,65.06,66.88
P068,OK,822.77,688.83,1.26,80.29,31.06,2.11,1.07,1.62,59.99,368.01,5.16,2.66,55.98,56.66
P068,OK,359.46,346.93,10.38,62.15,58.65,0.86,1.51,7.13,64.08,383.13,5.68,6.73,68.0,55.4
P068,OK,1002.39,541.05,16.59,78.61,56.67,4.21,0.53,2.74,50.71,213.01,6.64,2.29,54.96,68.35
P068,OK,537.23,174.58,6.4,52.7,43.29,0.2,1.72,5.62,78.51,427.13,7.7,1.14,55.8,82.55
P068,OK,847.53,137.34,2.52,58.51,6.29,0.84,0.85,7.59,77.27,296.13,6.18,3.86,55.42,77.93
P068,OK,585.51,436.91,2.26,89.18,54.01,0.11,1.12,2.97,49.86,245.09,2.32,3.04,77.85,43.56
P068,OK,482.34,344.42,11.93,53.73,37.75,0.56,0.18,7.24,85.98,213.12,1.18,4.19,80.0,45.9
P068,OK,941.55,175.89,24.54,59.85,78.42,0.01,0.43,6.42,79.79,293.67,1.61,4.53,73.45,82.28
P068,OK,798.86,157.82,23.35,72.67,32.5,2.23,0.81,5.88,53.51,195.8,6.02,7.04,71.85,54.15
P068,OK,734.21,473.73,30.07,74.12,33.57,2.84,1.1,1.81,55.1,183.79,5.68,2.15,42.48,73.43
P068,OK,288.76,645.57,28.48,84.12,2.59,1.04,1.5,4.97,75.21,423.1,5.94,2.95,65.72,41.58
P068,OK,1221.73,666.03,27.23,62.96,27.95,0.4,1.39,3.57,74.59,287.01,3.39,2.97,41.94,52.87
P068,OK,447.47,86.05,7.42,62.46,72.63,2.6,0.85,7.55,79.83,333.23,8.47,4.43,59.84,60.36
P068,OK,1019.76,284.79,1.02,58.92,12.71,0.15,0.04,2.28,71.37,179.52,1.5,1.78,65.25,74.88
P068,OK,866.07,544.54,18.15,72.82,42.04,2.95,1.43,2.16,64.7,386.47,7.72,4.69,87.34,87.07
P068,OK,583.74,330.32,18.47,67.66,87.41,2.64,0.59,2.98,76.7,247.1,6.0,3.01,42.96,84.59
P068,OK,365.05,507.39,25.88,84.88,72.02,0.19,1.37,7.64,48.81,330.02,4.19,3.6,55.81,45.39
P068,OK,608.84,608.09,9.04,88.16,8.85,0.27,1.33,3.42,54.9,318.16,6.55,1.47,75.17,46.87
P068,OK,1232.23,365.92,4.41,74.88,77.62,2.27,0.64,7.37,58.06,362.02,4.43,4.42,49.49,42.44
P068,OK,637.14,231.42,1.56,79.99,54.36,2.79,1.37,4.4,70.91,227.84,2.37,2.33,73.16,67.31
P068,OK,329.02,424.64,30.08,50.67,15.74,1.35,1.62,7.89,65.83,291.14,6.48,7.8,61.43,67.35
P068,OK,428.51,119.12,35.02,66.26,12.52,1.25,0.69,5.66,68.55,428.77,4.48,0.85,53.53,52.36
P068,OK,567.91,562.8,32.43,80.61,68.1,3.93,0.71,7.85,63.73,298.99,4.95,4.72,64.25,53.23
P068,OK,848.92,442.22,14.78,73.98,9.06,3.97,0.88,8.4,43.27,273.27,2.34,0.85,71.88,87.08
P068,OK,439.09,569.32,1.22,66.98,79.6,2.99,1.5,4.31,70.1,368.1,4.38,6.99,64.21,64.82
P068,OK,662.69,231.41,7.52,57.75,31.74,1.69,1.63,6.51,75.28,185.81,1.18,7.9,57.73,54.34
P068,OK,1016.27,534.27,12.8,54.24,44.55,3.57,0.55,5.85,76.67,273.61,6.4,1.9,78.4,69.18
P068,OK,836.29,335.01,29.81,69.1,32.78,0.42,0.34,6.35,65.0,383.77,4.93,1.67,64.94,48.21
P068,OK,998.7,175.46,16.68,78.37,71.87,3.82,0.67,5.96,45.98,256.43,1.74,1.67,48.32,53.27
P068,OK,253.64,85.7,25.95,66.54,18.49,1.73,0.13,0.94,62.25,214.16,4.97,8.71,85.18,60.45
P068,OK,1067.94,337.78,30.56,85.55,70.18,1.6,1.66,2.5,87.02,416.48,3.18,4.91,54.14,44.53
P068,OK,754.85,478.48,10.57,70.18,62.17,1.31,0.46,2.33,66.26,373.63,4.07,6.3,78.46,77.42
P068,OK,568.18,628.99,22.7,70.66,0.17,2.8,0.3,3.78,52.36,397.48,5.5,8.59,82.19,66.4
P068,OK,1097.55,520.93,20.54,76.59,3.61,3.15,0.91,3.18,41.28,389.04,3.57,1.1,70.19,74.63
P068,OK,1166.89,93.1,8.88,79.66,15.83,2.55,0.54,7.9,55.57,355.4,4.64,2.85,57.53,68.48
P068,OK,277.57,518.97,4.71,50.74,19.71,3.16,0.75,5.72,80.49,165.83,8.3,4.78,41.81,69.07
P068,OK,1313.22,358.71,13.83,76.72,24.39,3.4,1.32,0.91,74.75,346.59,5.97,4.41,59.11,46.61
P068,OK,1294.13,409.56,21.21,77.51,37.46,1.52,0.74,4.79,51.25,308.71,7.52,1.35,73.07,71.73
P068,OK,1091.12,570.31,26.54,77.33,45.69,1.27,1.39,5.77,78.81,339.02,6.5,7.59,48.73,83.42
P068,OK,732.56,483.26,2.65,61.21,6.35,1.44,1.39,2.18,41.5,261.6,6.52,6.45,80.2,47.8
P068,OK,445.46,603.21,6.38,67.23,22.9,0.55,0.82,5.61,63.47,193.04,2.16,7.31,83.02,46.43
P068,OK,690.03,477.48,1.04,79.39,3.33,1.07,1.25,3.33,45.35,400.82,6.03,5.34,65.18,68.88
P068,OK,1115.15,160.06,30.69,82.3,48.72,3.82,0.01,1.7,63.45,402.55,3.08,4.04,75.98,45.54
P068,OK,1069.19,123.98,32.0,63.18,22.27,3.02,0.94,6.8,44.24,422.11,8.0,1.43,75.13,81.19
P068,OK,1195.98,555.65,9.98,54.16,58.28,1.62,1.2,2.67,55.72,234.12,5.5,1.69,47.46,66.85
P068,OK,264.65,578.68,26.48,60.51,26.43,3.84,1.08,2.88,66.49,173.52,1.61,5.48,81.23,54.03
P068,OK,579.05,508.85,21.75,58.05,27.47,2.39,1.14,5.59,50.46,218.14,3.46,7.51,62.26,67.48
P068,OK,329.37,602.81,26.25,84.9,17.14,3.12,0.95,1.41,75.72,211.52,4.27,6.29,60.5,74.67
P068,OK,654.57,465.26,21.7,57.31,30.06,1.74,1.18,6.86,52.17,365.93,4.71,6.62,46.38,59.06
P068,OK,1313.47,264.3,11.2,51.14,18.66,4.0,1.15,3.26,66.82,415.13,7.15,7.2,69.33,69.18
P068,OK,284.24,710.53,7.08,85.9,20.83,2.43,0.96,8.12,64.18,170.16,4.83,6.11,43.25,45.51
P068,OK,857.58,577.87,28.11,52.23,20.52,1.96,1.33,5.35,67.33,296.99,5.83,6.56,76.21,74.95
P068,OK,560.65,627.75,16.84,59.44,59.74,1.38,0.42,8.17,46.55,258.36,3.33,3.58,73.41,79.55
P068,OK,1120.67,394.03,22.94,83.53,22.51,3.63,1.01,6.75,77.03,424.22,5.28,1.59,78.36,44.6
P068,OK,768.14,187.28,29.79,75.51,10.71,1.87,0.16,8.42,55.91,200.89,2.67,1.28,45.31,80.31
P068,OK,775.59,413.26,4.54,79.52,68.74,3.81,1.06,1.53,60.61,199.39,6.32,8.35,70.6,50.64
P068,OK,840.07,332.54,30.54,80.54,17.6,1.23,0.22,5.57,67.82,366.09,7.6,4.34,48.14,52.1
P068,OK,638.94,648.53,20.38,55.15,28.55,3.06,1.59,2.82,72.01,320.28,7.33,8.06,43.96,72.27
P068,OK,1065.36,413.2,1.51,50.14,44.31,3.5,0.49,4.77,66.88,353.19,2.64,3.3,76.41,45.3
P068,OK,290.14,312.98,12.16,83.09,49.68,1.2,1.47,4.98,76.66,246.3,6.51,5.52,61.3,53.97
P068,OK,268.82,561.88,17.35,60.08,63.88,2.81,1.21,3.68,75.94,303.05,3.43,3.61,60.66,50.05
P068,OK,1008.54,459.97,3.21,57.11,16.04,2.7,1.44,3.81,75.2,362.11,4.93,6.8,63.36,72.17
P068,OK,1058.53,96.53,22.33,51.04,6.31,1.99,1.24,3.39,45.8,241.55,2.87,3.99,77.09,75.15
P068,OK,663.65,122.07,17.14,61.13,67.44,3.9,1.45,8.01,74.55,177.78,2.13,3.39,71.07,80.06
P068,OK,569.22,215.03,7.68,83.09,31.14,2.3,1.6,1.21,81.17,228.55,2.76,8.24,50.77,65.87
P068,OK,803.94,261.79,27.59,65.08,12.51,3.74,1.42,3.47,47.72,274.2,5.34,8.15,54.96,47.93
P068,OK,905.12,480.35,10.69,60.44,47.83,1.38,1.01,5.92,46.98,369.35,6.82,4.2,65.82,53.9
P068,OK,1119.81,405.31,5.85,51.25,32.41,1.25,1.0,8.31,42.77,364.69,6.3,6.21,76.28,48.87
P068,OK,306.44,624.18,1.05,60.46,43.49,0.95,0.96,6.15,69.3,409.99,3.98,6.86,54.5,62.1
P068,OK,969.93,304.15,22.14,75.31,49.02,0.53,1.31,6.59,71.34,176.19,1.64,3.26,59.59,49.89
P068,OK,464.94,679.51,19.76,54.2,48.84,2.13,0.04,5.17,81.96,260.81,7.15,8.02,50.47,60.09
P068,OK,1223.52,221.61,9.23,51.43,2.26,1.44,1.08,6.59,87.08,263.02,5.07,3.88,48.99,69.39
P068,OK,663.9,499.25,20.4,54.34,83.62,2.51,0.85,3.64,55.36,187.61,8.02,2.92,83.27,45.18
P068,OK,490.87,619.59,34.31,87.42,17.6,2.74,0.5,2.7,48.2,263.61,3.54,1.0,61.2,78.4
P068,OK,761.79,234.02,12.09,65.76,62.97,1.35,0.41,1.29,62.98,368.89,6.67,3.39,67.31,48.61
P068,OK,289.33,292.08,2.7,56.47,20.11,0.07,0.43,5.67,43.98,241.02,4.92,3.25,58.56,59.38
P069,OK,1123.4,396.39,12.33,63.13,81.68,0.64,1.48,7.52,59.86,367.4,2.8,7.14,80.78,51.43
P069,OK,870.52,234.01,10.54,72.75,65.57,2.92,1.6,6.19,58.2,284.6,1.2,6.04,82.9,74.94
P069,OK,329.91,608.1,6.51,62.04,70.98,3.51,0.89,5.28,71.11,443.94,5.4,3.32,62.94,56.51
P069,OK,298.38,132.65,6.42,79.08,39.88,1.88,0.43,2.85,55.5,253.56,7.99,7.49,84.55,71.17
P069,OK,778.6,177.25,2.03,76.98,9.1,2.85,1.14,8.64,69.79,336.96,8.7,1.8,80.33,51.09
P069,OK,315.24,543.21,23.62,74.28,5.98,1.96,1.01,3.83,52.6,412.25,6.87,7.44,65.54,61.93
P069,OK,415.67,223.05,1.45,82.91,63.77,3.01,1.61,7.67,78.87,381.3,5.2,7.5,84.81,50.26
P069,OK,1205.46,674.97,16.74,80.35,33.86,1.63,0.21,3.51,60.35,238.46,3.4,6.06,85.78,61.84
P069,OK,844.56,148.76,33.12,67.45,60.19,4.01,0.48,2.39,46.6,207.27,2.14,6.08,77.17,59.21
P069,OK,590.29,133.46,1.59,54.61,77.19,3.72,1.15,2.32,63.52,348.85,8.47,4.05,64.71,46.82
P069,OK,753.85,194.62,2.97,71.62,57.97,0.8,1.34,3.38,44.36,239.79,7.62,5.67,72.03,84.47
P069,OK,517.02,220.37,26.54,55.24,36.09,4.45,0.89,1.91,66.01,406.1,1.93,5.72,62.22,41.37
P069,OK,1022.51,462.79,5.36,62.34,70.18,1.25,0.43,2.62,69.79,358.75,5.21,6.95,54.88,63.95
P069,OK,267.73,285.75,13.12,88.24,84.58,1.55,1.08,4.25,49.3,332.96,1.2,2.79,56.92,71.05
P069,OK,582.67,298.6,3.67,79.28,59.44,2.47,1.22,5.01,48.57,303.73,5.68,3.25,60.73,52.15
P069,OK,955.07,633.37,20.78,67.15,47.99,2.01,0.83,3.37,50.76,371.49,5.53,2.64,45.95,64.21
P069,OK,715.63,131.87,19.88,57.56,34.93,2.3,0.78,1.29,82.32,301.17,3.13,8.92,76.35,41.14
P069,OK,962.96,134.1,17.22,55.24,59.6,3.39,0.01,4.73,51.57,276.98,1.06,1.23,64.72,59.72
P069,OK,698.94,429.2,8.63,55.72,36.23,2.71,1.39,5.63,80.64,235.81,4.42,2.46,60.5,40.96
P069,OK,1259.01,623.53,24.75,73.3,28.32,2.62,1.65,1.59,52.87,370.53,4.8,2.52,56.1,48.11
P069,OK,786.39,515.11,14.38,53.95,57.01,1.84,1.31,7.26,77.94,420.43,2.18,2.0,47.36,59.38
P069,OK,1063.19,528.05,32.48,66.1,86.42,1.04,1.48,1.64,62.75,264.54,3.28,0.96,45.37,57.49
P069,OK,347.54,582.11,10.62,58.9,4.05,3.75,0.03,6.01,59.0,403.42,2.17,8.54,73.48,69.98
P069,OK,1184.22,539.67,19.01,69.41,71.4,0.97,1.02,4.32,71.25,204.01,4.2,4.9,78.85,62.88
P069,OK,713.11,696.18,6.71,58.32,44.87,0.11,0.49,6.51,41.23,220.55,8.37,8.42,79.8,54.42
P069,OK,1269.83,488.5,6.04,82.02,54.81,0.82,1.57,1.16,58.1,306.72,0.85,5.36,68.9,48.7
P069,OK,622.42,448.26,18.07,84.35,77.65,3.7,0.6,6.48,71.81,384.25,4.31,5.66,46.48,52.53
P069,OK,702.19,271.9,14.95,67.03,28.28,1.72,1.63,8.08,50.14,259.18,6.21,3.73,59.54,72.81
P069,OK,946.49,668.42,29.44,51.28,16.77,0.41,0.05,3.32,62.22,269.23,8.57,5.69,84.44,71.75
P069,OK,510.17,580.42,18.23,59.56,15.46,1.68,0.44,2.35,53.53,332.36,7.21,5.25,74.98,61.63
P069,OK,568.43,485.91,34.03,72.0,67.79,3.42,1.14,2.76,65.38,195.27,4.4,6.11,73.16,78.03
P069,OK,1317.78,639.03,28.16,52.41,12.14,2.6,1.21,7.0,85.29,246.51,3.14,1.35,79.57,73.42
P069,OK,550.94,422.13,25.81,60.29,23.83,3.91,0.67,4.58,60.2,173.96,6.96,6.57,80.51,73.43
P069,OK,591.07,229.72,24.92,51.42,18.94,2.22,1.23,5.93,47.49,326.64,6.67,6.16,52.17,83.49
P069,OK,620.48,668.38,7.49,67.04,13.4,2.37,0.05,2.11,80.79,390.94,1.52,6.27,63.8,70.8
P069,OK,635.16,307.75,3.79,84.61,64.85,1.05,0.4,1.25,76.66,175.27,4.53,7.84,62.1,52.72
P069,OK,952.71,611.04,6.51,54.54,14.03,2.06,0.0,1.46,61.03,412.92,4.17,3.35,73.75,52.23
P069,OK,579.49,680.55,12.31,56.99,18.62,2.17,1.21,7.13,70.25,175.59,1.66,5.43,56.39,75.46
P069,OK,683.74,181.67,23.14,76.96,31.94,2.7,1.37,1.3,74.05,217.29,1.56,2.17,54.68,67.36
P069,OK,787.91,233.5,22.93,52.99,54.51,2.02,1.07,6.25,67.7,243.29,1.15,3.88,68.88,52.22
P069,OK,1048.35,353.25,25.27,54.87,58.84,3.66,1.31,2.95,52.62,233.3,2.4,3.48,71.08,59.32
P069,OK,514.6,451.33,18.75,84.85,21.49,0.5,0.62,2.44,66.54,341.88,1.82,6.5,81.83,62.63
P069,OK,658.71,86.9,8.72,83.92,20.03,1.46,0.89,5.06,45.55,361.9,4.59,2.59,54.75,52.3
P069,OK,872.29,430.49,28.08,52.92,13.11,0.95,0.42,5.4,71.51,318.54,6.47,8.02,84.88,71.02
P069,OK,414.67,472.31,7.39,76.06,81.78,0.42,1.61,6.17,53.0,226.53,4.98,2.13,65.04,77.84
P069,OK,1085.31,424.3,16.24,64.3,67.78,2.06,0.01,2.17,56.2,257.4,5.24,4.04,66.22,73.46
P069,OK,1224.56,164.63,15.45,51.16,51.83,3.43,0.5,7.62,62.15,184.15,2.57,2.72,80.84,68.72
P069,OK,637.79,398.43,12.66,67.08,0.38,3.01,0.41,6.85,51.23,248.35,4.67,3.04,51.73,65.88
P069,OK,541.71,545.94,7.53,60.28,85.78,3.51,1.15,3.99,44.37,185.39,3.56,3.84,89.29,43.81
P069,OK,468.35,677.31,10.67,73.21,17.35,1.91,1.0,6.7,56.14,240.43,6.21,1.9,57.39,58.58
P069,OK,1217.7,201.12,16.86,79.91,63.78,2.89,0.02,3.7,62.62,193.81,7.55,3.5,68.32,62.43
P069,OK,769.85,496.11,30.0,76.47,69.34,1.88,1.29,8.64,64.34,395.87,6.39,8.2,63.89,61.85
P069,OK,902.06,132.7,17.46,80.0,75.16,3.79,0.8,8.71,54.06,326.64,5.61,0.86,69.11,53.69
P069,OK,705.65,286.17,20.89,53.88,9.77,2.84,1.3,3.5,63.93,307.74,1.81,7.38,51.52,44.19
P069,OK,1286.49,114.2,24.62,81.51,44.27,3.8,0.29,5.68,79.77,385.96,7.14,3.93,87.87,49.01
P069,OK,294.52,470.8,8.14,57.36,16.49,2.68,0.35,2.74,80.28,227.97,3.24,4.11,62.56,47.38
P069,OK,656.56,545.62,19.93,66.19,48.85,0.68,0.2,3.44,49.21,285.45,4.69,1.89,78.31,56.41
P069,OK,1168.73,368.6,12.56,67.12,42.43,0.63,1.39,1.42,54.77,315.32,6.54,3.83,82.95,70.06
P069,OK,817.33,331.82,5.77,54.54,70.09,0.05,0.51,8.18,53.62,183.7,7.32,4.77,49.95,42.47
P069,OK,586.71,590.05,16.39,64.17,64.29,0.79,0.37,2.95,45.87,391.9,6.68,1.93,48.67,45.58
P069,OK,715.47,634.59,14.53,57.01,33.48,3.08,1.12,6.09,68.97,289.89,7.77,6.75,75.96,69.81
P069,OK,604.48,579.04,9.86,57.8,39.98,0.16,0.87,2.3,47.8,370.01,5.63,1.85,54.92,64.35
P069,OK,958.67,379.45,15.93,85.08,21.45,2.44,0.26,2.92,76.8,270.84,7.23,1.27,74.5,57.19
P069,OK,491.78,157.46,18.28,76.0,79.47,3.99,0.18,3.05,64.74,367.61,5.81,5.05,42.78,61.31
P069,OK,1141.79,211.66,3.89,65.42,39.38,2.23,0.46,1.7,86.13,427.13,7.58,5.14,72.66,83.6
P069,OK,1171.77,310.01,5.64,69.4,79.01,2.7,1.24,3.42,63.59,360.8,1.84,4.06,89.84,54.79
P069,OK,852.42,650.17,27.21,56.53,74.53,3.55,0.24,1.97,65.08,259.93,4.25,4.1,53.94,47.61
P069,OK,979.11,707.39,25.19,78.84,40.25,0.96,0.08,5.72,47.75,386.49,8.18,1.3,76.85,72.46
P069,OK,1191.54,130.82,31.93,74.41,30.85,3.57,1.65,7.48,79.01,240.91,8.09,5.72,82.62,42.41
P069,OK,637.34,227.17,12.23,76.6,44.94,2.62,0.88,6.52,41.75,350.88,1.76,3.6,78.52,46.67
P069,OK,823.72,616.99,9.8,60.87,17.13,1.94,1.54,4.0,85.13,281.29,8.3,8.53,63.05,69.23
P069,OK,325.6,208.32,5.01,78.52,66.93,0.62,0.04,7.69,63.32,421.25,0.94,6.39,56.96,56.7
P069,OK,457.8,668.04,11.97,64.44,71.91,0.99,0.15,4.45,64.98,268.16,5.81,7.94,49.27,82.91
P069,OK,868.23,613.23,27.85,60.73,37.47,4.35,0.71,4.02,81.04,223.27,5.67,7.07,48.62,69.63
P069,OK,788.48,207.47,23.8,83.0,55.68,0.33,1.62,2.47,62.77,332.32,2.48,6.56,68.79,71.48
P069,OK,1160.71,204.3,25.63,82.21,69.42,1.31,1.46,5.25,55.88,444.8,6.49,7.23,44.96,58.19
P069,OK,543.22,113.78,7.43,82.84,79.04,1.76,0.7,7.39,74.52,309.75,1.23,8.04,78.78,72.86
P069,OK,250.81,667.25,0.96,74.74,42.87,2.9,1.23,2.1,48.83,238.48,1.23,1.66,78.55,67.23
P069,OK,1334.78,263.04,13.05,60.78,43.97,0.32,0.74,6.34,62.83,190.78,8.63,8.27,43.14,64.3
P069,OK,356.85,336.81,28.46,80.25,57.6,1.09,1.29,6.22,45.13,308.7,4.25,1.95,60.03,50.9
P069,OK,300.81,396.09,6.77,61.42,79.99,0.57,1.58,3.05,67.89,369.62,5.41,2.54,71.21,53.65
P069,OK,327.53,168.48,14.92,68.24,36.82,3.0,1.69,3.42,45.28,206.79,5.32,5.85,46.8,47.65
P069,OK,1223.73,536.65,2.26,79.01,75.51,0.22,0.38,0.94,65.04,439.37,1.56,6.14,56.46,65.61
P069,OK,462.77,546.45,17.76,65.8,64.88,3.38,0.38,3.88,68.06,327.74,4.25,4.81,61.79,66.92
P069,OK,320.34,649.56,13.85,79.74,17.74,3.27,0.62,6.62,79.1,387.69,8.03,7.23,53.21,75.08
P069,OK,714.88,359.89,27.53,83.39,10.95,0.08,1.57,7.06,65.05,169.06,8.21,7.88,70.14,76.18
P069,OK,1301.82,146.67,20.15,65.56,72.2,0.59,0.89,2.02,66.86,388.4,4.95,7.15,77.38,76.99
P069,OK,1256.1,525.12,33.06,52.86,80.76,0.62,0.78,3.2,72.81,177.71,3.43,2.51,84.82,46.31
P069,OK,844.81,111.33,10.54,71.72,15.04,2.92,0.13,3.57,85.83,245.54,1.69,1.55,44.36,71.87
P069,OK,541.94,159.98,15.17,85.02,20.35,1.64,1.6,4.97,48.28,183.72,4.02,8.05,75.21,55.85
P069,OK,422.2,491.38,14.4,68.47,2.4,4.25,0.03,3.74,66.47,330.08,3.18,2.23,43.17,73.0
P069,OK,847.87,185.83,3.4,83.8,25.75,3.37,1.42,7.78,51.98,311.05,6.22,6.29,46.91,60.43
P069,OK,735.53,468.52,13.12,57.67,10.56,1.08,1.61,4.9,43.58,414.13,7.05,6.81,43.04,47.9
P069,OK,1137.34,452.11,24.38,58.09,24.6,4.01,0.1,7.89,66.65,255.65,3.03,2.75,71.68,79.94
P069,OK,870.65,378.07,12.66,64.09,73.86,3.52,0.97,0.83,78.34,237.63,1.44,3.59,57.53,88.55
P069,OK,490.54,365.75,31.92,77.06,5.46,2.15,1.44,6.33,79.99,247.0,2.39,1.58,55.62,75.04
P069,OK,494.19,273.01,10.21,57.29,62.71,1.87,1.22,1.36,48.53,374.6,1.55,8.11,83.73,59.1
P069,OK,409.9,544.72,11.14,68.8,20.87,3.34,1.65,4.78,78.67,352.23,7.21,3.6,86.35,57.92
P069,OK,570.93,200.49,24.51,80.41,23.48,4.05,0.07,5.21,48.83,442.09,5.69,4.73,79.91,78.53
P069,OK,1012.68,638.37,10.05,54.02,62.01,3.76,1.31,7.52,81.56,172.15,8.01,7.26,74.55,69.01
P070,Unacceptable,729.42,198.42,6.98,39.66,42.35,2.41,0.32,1.75,41.32,267.64,3.95,4.97,41.82,37.52
P070,Unacceptable,229.78,157.95,8.52,31.51,55.69,1.83,0.82,3.43,54.83,190.3,2.25,1.57,49.52,45.95
P070,Unacceptable,945.67,90.98,10.26,58.85,33.72,2.1,0.35,4.65,37.56,215.53,0.69,2.03,55.72,48.33
P070,Unacceptable,389.67,368.17,6.34,35.76,33.89,1.82,1.24,5.16,45.17,217.62,0.85,5.55,53.84,48.98
P070,Unacceptable,628.41,142.79,3.82,58.13,15.23,1.32,0.29,2.57,28.87,231.82,6.18,0.58,48.99,56.96
P070,Unacceptable,507.2,70.26,23.14,45.63,34.95,2.5,0.98,5.44,31.08,152.19,1.69,2.24,30.25,64.04
P070,Unacceptable,795.82,150.33,11.99,38.96,18.98,3.19,0.62,1.62,41.41,319.92,4.48,1.74,40.17,39.42
P070,Unacceptable,273.82,86.5,1.51,56.18,1.45,2.53,0.77,5.14,37.56,129.22,2.67,4.29,45.08,42.66
P070,Unacceptable,168.28,363.23,17.85,56.71,22.41,0.83,1.06,1.15,43.37,253.8,1.6,4.03,30.21,42.84
P070,Unacceptable,635.36,393.93,1.5,52.1,51.68,0.46,1.07,3.0,41.29,239.07,3.03,5.71,57.85,37.68
P070,Unacceptable,893.78,119.19,0.92,42.5,10.67,2.79,0.58,1.37,36.78,163.24,4.58,4.85,65.06,39.99
P070,Unacceptable,626.03,316.12,20.54,45.4,48.97,1.58,0.88,3.34,35.21,245.66,4.36,3.54,56.55,48.16
P070,Unacceptable,197.11,319.65,13.12,56.05,40.15,0.6,0.32,0.99,35.27,166.42,1.64,3.18,48.6,46.53
P070,Unacceptable,696.35,114.06,7.99,35.06,39.43,2.24,0.81,1.55,39.5,141.96,1.65,3.22,33.04,28.36
P070,Unacceptable,471.27,304.12,12.85,50.16,20.1,0.41,0.24,4.99,29.74,118.22,2.86,1.44,34.62,42.82
P070,Unacceptable,411.48,364.86,18.0,36.77,3.48,1.92,0.22,3.01,36.71,286.87,3.04,3.12,52.99,36.99
P070,Unacceptable,555.64,332.29,17.7,60.03,29.94,0.58,0.22,3.55,43.63,252.24,0.94,2.39,37.03,49.19
P070,Unacceptable,332.33,430.21,6.02,47.86,33.5,1.21,0.67,0.9,40.98,196.64,4.33,4.24,42.06,47.71
P070,Unacceptable,202.3,204.65,7.53,44.67,43.68,1.13,0.65,5.88,40.19,305.79,2.14,1.65,47.96,44.43
P070,Unacceptable,432.45,158.17,21.1,50.12,56.74,0.87,0.51,1.38,36.84,266.71,6.16,5.27,28.37,35.83
P070,Unacceptable,889.34,220.43,18.1,57.88,13.71,1.78,0.06,1.02,44.84,294.09,0.62,3.77,29.45,45.04
P070,Unacceptable,603.92,380.77,6.16,38.7,57.84,1.52,0.55,4.78,33.93,289.21,1.1,2.87,40.37,35.08
P070,Unacceptable,709.3,268.53,3.3,41.04,38.05,0.78,0.91,3.45,58.59,219.52,6.07,0.68,42.04,49.89
P070,Unacceptable,633.95,363.58,8.88,42.64,31.1,1.18,1.26,3.47,34.7,156.03,2.02,2.88,35.24,49.85
P070,Unacceptable,200.21,352.18,21.08,31.05,32.37,0.74,0.78,1.06,47.42,134.65,3.2,3.04,40.89,38.48
P070,Unacceptable,349.19,403.44,2.87,65.05,37.61,1.91,1.03,3.11,36.71,226.56,2.93,5.08,32.78,46.22
P070,Unacceptable,573.81,156.01,2.36,57.1,16.41,1.65,0.59,4.89,34.94,163.08,1.83,1.38,29.74,57.12
P070,Unacceptable,480.98,377.98,12.17,65.88,55.81,2.15,0.03,2.94,28.01,229.13,3.77,4.68,34.67,36.42
P070,Unacceptable,379.19,374.04,7.7,44.87,62.64,2.5,0.24,1.06,30.2,211.2,3.58,1.26,43.37,46.16
P070,Unacceptable,174.9,334.87,15.17,40.21,46.89,0.28,0.42,2.7,55.27,156.08,2.97,4.65,62.46,50.2
P070,Unacceptable,708.32,265.18,1.06,42.7,52.2,3.21,0.14,4.76,51.49,116.16,5.88,0.77,50.67,48.02
P070,Unacceptable,877.76,498.5,11.71,42.35,52.48,0.31,0.58,6.0,59.68,164.36,3.42,2.84,35.72,52.68
P070,Unacceptable,340.26,246.77,7.02,39.92,38.71,0.57,0.26,1.85,37.16,237.48,6.15,1.34,56.85,44.32
P070,Unacceptable,837.41,196.37,19.24,35.0,6.77,1.74,0.07,3.15,64.33,262.35,2.97,0.53,57.59,44.4
P070,Unacceptable,929.94,111.66,16.89,64.3,41.24,0.96,0.9,1.42,35.66,275.06,3.2,4.21,38.95,56.1
P070,Unacceptable,225.25,274.14,13.53,48.25,45.53,2.05,1.16,6.0,43.49,302.82,0.92,4.37,53.79,28.02
P070,Unacceptable,655.32,484.12,18.23,43.51,23.96,1.19,0.7,5.55,32.87,217.54,3.35,2.58,33.18,47.55
P070,Unacceptable,211.0,427.76,5.24,46.39,46.03,2.73,0.98,1.36,60.9,193.27,2.87,5.33,33.33,39.06
P070,Unacceptable,601.23,458.97,4.01,48.74,16.87,2.14,1.22,4.65,43.64,188.84,4.55,2.02,51.92,35.18
P070,Unacceptable,656.61,153.68,11.17,46.74,2.27,1.81,0.1,3.18,43.43,157.71,2.12,1.76,37.42,55.31
P070,Unacceptable,621.21,311.2,16.23,48.35,6.36,3.04,1.07,1.64,47.63,249.38,1.2,4.27,59.79,40.15
P070,Unacceptable,792.33,237.89,24.58,44.95,20.81,1.21,0.93,6.17,41.31,292.88,3.09,3.38,48.79,37.2
P070,Unacceptable,318.51,419.85,13.96,32.32,42.18,1.34,0.77,1.35,44.46,208.35,4.42,5.29,49.87,46.65
P070,Unacceptable,738.33,415.58,18.62,56.76,5.63,0.63,0.79,2.48,44.38,143.29,0.98,2.61,60.48,34.72
P070,Unacceptable,257.72,74.89,4.4,56.44,51.43,3.0,1.28,3.17,48.69,234.51,1.94,5.85,54.23,45.64
P070,Unacceptable,583.61,443.2,10.49,44.77,60.04,0.11,0.26,1.28,40.5,200.43,1.39,2.08,51.4,51.74
P070,Unacceptable,483.5,101.18,12.68,43.04,7.07,0.7,0.01,4.3,37.52,238.57,0.81,2.21,48.09,41.77
P070,Unacceptable,279.03,460.02,3.63,41.32,33.29,2.98,0.59,2.39,49.73,230.0,4.58,2.22,36.61,35.3
P070,Unacceptable,903.73,191.84,14.22,65.55,10.69,1.25,0.21,3.31,61.4,179.95,1.25,3.45,50.95,44.24
P070,Unacceptable,912.29,123.05,11.86,54.69,55.17,1.99,0.94,1.07,60.97,231.79,3.45,0.75,56.11,41.37
P070,Unacceptable,180.86,117.6,22.31,58.43,50.02,0.24,0.79,1.38,51.92,250.51,3.55,1.2,41.69,37.26
P070,Unacceptable,677.81,268.61,21.38,53.88,46.13,2.43,0.79,1.33,54.36,260.72,3.96,6.41,44.18,46.2
P070,Unacceptable,455.62,381.33,3.4,52.05,4.06,2.33,0.43,4.71,64.86,293.22,1.94,3.33,55.84,56.09
P070,Unacceptable,834.4,98.16,8.11,47.74,8.22,1.14,1.04,2.93,45.32,175.75,2.19,5.98,30.13,48.7
P070,Unacceptable,257.08,277.6,10.08,37.89,23.54,2.14,0.77,2.91,63.21,175.3,1.39,1.93,37.0,51.74
P070,Unacceptable,176.75,303.89,7.29,44.46,0.36,1.59,0.57,5.0,34.21,248.46,1.9,1.72,31.78,27.3
P070,Unacceptable,552.86,529.47,16.57,44.87,60.7,1.36,0.26,1.2,55.78,194.49,1.13,4.03,44.28,39.59
P070,Unacceptable,407.3,65.99,18.58,48.18,12.17,1.83,0.72,2.39,62.71,241.29,3.11,1.99,46.94,40.39
P070,Unacceptable,312.29,73.28,14.19,34.51,66.02,3.02,0.46,6.41,35.02,219.66,1.83,5.71,44.92,55.77
P070,Unacceptable,954.74,434.81,12.77,45.77,32.6,0.63,0.72,2.35,41.35,210.51,1.05,1.72,47.53,47.43
P070,Unacceptable,179.33,176.56,6.52,55.81,30.71,0.39,0.55,2.77,46.74,152.76,4.44,0.88,46.51,45.74
P070,Unacceptable,385.48,113.21,21.0,45.7,36.4,2.16,0.63,4.5,32.56,157.67,4.06,4.14,48.44,50.67
P070,Unacceptable,294.75,276.98,12.45,50.24,22.21,2.17,0.13,3.28,36.7,279.95,1.84,1.44,43.21,33.66
P070,Unacceptable,354.42,384.06,5.2,39.26,30.74,1.37,0.04,5.03,41.79,174.19,3.17,1.64,45.69,36.23
P070,Unacceptable,648.43,178.48,7.96,38.83,56.88,0.18,1.09,3.69,38.07,217.08,1.23,3.46,41.03,49.34
P070,Unacceptable,272.16,62.75,23.17,43.64,30.67,1.51,0.17,1.24,52.39,153.27,1.01,1.85,55.97,45.89
P070,Unacceptable,563.57,112.76,12.88,62.7,1.74,0.95,0.89,2.89,31.77,160.2,2.91,3.87,36.36,44.52
P070,Unacceptable,239.44,131.45,7.21,44.06,5.6,0.88,0.28,1.07,38.57,272.75,1.63,0.84,42.58,45.41
P070,Unacceptable,628.7,164.68,2.77,54.97,18.59,2.41,0.4,1.65,42.83,311.65,3.96,3.99,45.48,33.75
P070,Unacceptable,265.24,237.03,6.49,56.4,52.29,0.47,0.3,2.54,54.01,154.71,3.63,2.78,51.27,32.58
P070,Unacceptable,469.79,406.22,5.28,65.38,51.9,1.85,0.23,6.82,32.67,225.66,2.45,1.3,40.6,56.33
P070,Unacceptable,179.04,212.58,12.09,59.74,24.14,0.05,0.69,3.71,34.7,159.06,3.11,1.3,57.62,33.09
P070,Unacceptable,301.68,349.5,12.89,33.3,11.58,2.31,1.17,3.78,46.75,296.17,2.7,2.04,31.81,67.79
P070,Unacceptable,433.25,192.13,5.37,36.14,31.62,0.37,1.29,0.77,50.15,184.42,1.73,4.47,37.74,39.22
P070,Unacceptable,452.69,205.06,2.83,39.8,38.2,0.09,0.29,4.44,43.01,230.57,0.82,4.75,47.16,49.67
P070,Unacceptable,333.85,193.55,7.59,36.04,63.68,2.28,0.5,3.38,37.45,308.78,3.97,2.2,53.24,54.79
P070,Unacceptable,191.44,131.96,5.93,56.82,26.92,0.21,0.16,3.29,55.8,215.37,0.72,3.4,66.05,53.35
P070,Unacceptable,778.25,276.4,20.95,35.74,18.3,0.4,0.38,1.45,55.16,239.31,2.08,3.28,52.08,39.86
P070,Unacceptable,307.98,482.04,24.53,61.84,62.8,0.69,0.24,4.54,35.72,255.79,5.64,5.62,45.52,44.82
P070,Unacceptable,174.87,383.93,23.29,40.3,5.16,2.71,0.57,5.17,50.46,228.78,2.61,2.59,31.83,32.28
P070,Unacceptable,366.37,207.41,13.45,47.44,24.93,2.75,0.52,3.32,59.63,145.56,4.39,2.79,50.11,62.89
P070,Unacceptable,830.34,272.16,5.52,35.75,61.41,0.16,0.74,0.88,50.49,150.88,1.82,2.63,54.23,47.33
P070,Unacceptable,682.03,130.4,16.28,53.36,16.84,1.03,0.03,2.89,50.51,166.64,4.34,2.7,36.55,33.48
P070,Unacceptable,588.29,173.55,11.3,37.29,35.94,2.77,0.25,5.17,26.07,137.07,6.65,4.5,43.02,58.76
P070,Unacceptable,642.6,413.25,8.53,54.05,52.84,2.52,0.43,3.62,43.88,167.92,3.44,1.76,51.76,48.32
P070,Unacceptable,362.77,58.07,1.81,43.88,35.81,1.13,0.4,1.09,31.25,184.21,4.24,2.41,31.12,55.76
P070,Unacceptable,588.36,134.64,16.69,52.02,25.25,2.98,0.99,1.26,50.0,334.09,4.82,3.73,49.14,45.24
P070,Unacceptable,735.05,290.73,11.86,66.97,2.86,0.19,0.13,4.34,31.33,277.6,1.42,1.41,47.54,30.43
P070,Unacceptable,590.62,368.01,4.78,51.81,16.08,1.52,0.44,4.81,34.84,128.58,5.0,4.61,54.04,50.23
P070,Unacceptable,990.82,283.48,10.55,44.0,33.69,0.42,0.06,1.9,37.77,206.62,2.2,2.04,36.76,50.64
P070,Unacceptable,428.58,270.63,15.51,48.91,38.83,1.86,0.59,2.4,34.77,161.58,5.18,2.19,49.67,33.75
P070,Unacceptable,909.14,382.64,16.05,46.53,54.74,0.92,0.18,4.66,59.28,109.97,0.9,2.68,38.6,35.42
P070,Unacceptable,516.93,175.7,13.98,63.25,24.57,2.08,0.36,5.88,37.56,124.57,2.04,1.05,44.15,28.88
P070,Unacceptable,256.32,243.22,14.93,36.22,32.17,3.02,0.1,0.51,50.52,220.01,3.24,1.82,37.0,33.55
P070,Unacceptable,472.82,215.59,7.23,50.32,10.42,0.86,0.54,1.71,32.27,317.44,3.29,5.33,34.42,45.82
P070,Unacceptable,714.75,71.04,10.28,59.8,13.53,0.61,1.16,4.29,55.49,313.62,3.27,2.87,62.48,38.34
P070,Unacceptable,712.12,142.88,10.21,47.96,43.08,1.23,0.19,3.53,33.67,170.98,1.89,1.34,57.53,39.33
P070,Unacceptable,544.62,320.93,18.91,43.71,62.79,1.41,0.06,2.15,40.75,215.57,3.57,2.27,30.54,42.38
P070,Unacceptable,374.37,362.29,11.23,54.76,23.49,2.24,0.34,1.85,38.37,115.21,2.93,2.23,51.73,37.27
P070,Unacceptable,551.44,173.48,6.88,62.79,48.15,1.51,1.25,1.52,51.95,192.18,5.2,4.45,33.19,63.4
P071,Needs Improvement,682.94,192.32,25.42,55.47,37.25,1.03,0.96,3.01,52.24,345.23,5.45,1.7,54.79,52.26
P071,Needs Improvement,745.56,553.39,10.59,64.01,49.71,3.61,0.1,4.73,60.86,248.23,4.41,2.73,47.95,64.74
P071,Needs Improvement,1058.16,486.44,18.29,71.03,66.26,0.43,0.32,5.77,46.82,183.44,4.85,3.99,42.48,44.53
P071,Needs Improvement,789.56,74.62,6.65,66.58,43.07,3.17,1.49,6.6,60.15,326.72,1.56,4.36,44.27,54.65
P071,Needs Improvement,451.81,188.21,13.36,67.99,54.11,1.64,0.46,3.91,43.99,154.72,3.67,6.74,55.12,48.18
P071,Needs Improvement,702.57,161.87,25.11,47.48,15.42,2.0,0.28,2.57,58.29,319.78,4.59,4.14,55.57,52.98
P071,Needs Improvement,1069.08,375.33,26.17,59.73,13.9,2.35,1.23,1.3,75.51,183.8,2.54,3.86,69.95,71.27
P071,Needs Improvement,530.14,212.03,25.08,64.4,64.99,1.24,0.5,5.16,51.42,332.81,1.96,5.36,66.81,40.51
P071,Needs Improvement,303.5,287.03,6.46,51.36,22.46,2.4,1.25,6.65,39.5,280.97,1.32,3.63,55.08,39.09
P071,Needs Improvement,548.65,161.45,19.41,65.09,73.58,0.12,0.85,1.35,73.32,270.69,5.63,1.47,44.7,55.62
P071,Needs Improvement,338.33,558.43,15.85,63.94,47.63,2.15,0.4,5.28,62.97,179.79,2.54,3.43,69.12,69.48
P071,Needs Improvement,999.25,469.9,28.42,61.72,0.9,0.68,0.66,5.33,51.05,330.52,6.85,2.16,61.02,64.68
P071,Needs Improvement,650.95,393.82,1.34,64.23,27.3,0.09,0.92,3.75,35.41,220.56,6.56,3.12,49.15,76.13
P071,Needs Improvement,343.61,582.15,1.36,70.09,69.81,3.24,1.2,6.24,51.38,312.04,7.26,6.95,47.61,50.18
P071,Needs Improvement,766.39,387.99,13.45,58.6,1.47,3.16,1.05,6.48,51.81,361.33,6.93,3.42,52.46,69.42
P071,Needs Improvement,278.98,183.96,12.17,74.68,7.07,0.99,0.45,7.09,61.04,352.88,1.08,4.63,62.06,51.58
P071,Needs Improvement,364.5,424.75,20.06,54.5,70.92,2.44,1.31,3.37,78.18,172.59,6.91,0.9,56.94,69.15
P071,Needs Improvement,406.28,343.03,4.0,58.96,64.23,2.42,0.84,5.87,67.67,325.31,2.14,6.55,49.19,60.54
P071,Needs Improvement,729.87,190.86,11.73,66.06,76.03,1.81,0.23,2.46,52.93,243.39,5.95,2.26,50.99,62.24
P071,Needs Improvement,684.63,354.7,25.06,49.18,36.49,1.95,0.48,5.86,62.49,179.1,5.46,6.46,48.37,39.25
P071,Needs Improvement,464.23,124.17,3.17,72.4,50.57,2.23,0.84,3.2,48.8,156.34,3.38,4.61,57.49,61.12
P071,Needs Improvement,750.18,571.43,15.73,68.38,33.82,0.68,1.27,0.97,66.75,351.88,3.88,1.84,68.19,52.43
P071,Needs Improvement,359.02,496.95,14.01,66.42,34.79,1.41,0.07,4.46,42.37,252.22,6.39,3.86,47.63,56.52
P071,Needs Improvement,338.69,299.21,30.23,63.06,7.03,3.71,0.95,2.55,58.57,264.63,5.04,0.85,66.23,64.79
P071,Needs Improvement,293.58,415.73,13.69,47.93,11.75,1.59,0.96,1.42,43.43,275.04,5.37,0.95,71.44,65.46
P071,Needs Improvement,831.47,366.71,29.53,66.36,34.81,1.02,0.43,3.38,70.12,288.31,3.56,6.9,68.53,63.08
P071,Needs Improvement,699.62,439.38,13.64,73.58,62.78,1.73,1.35,4.44,76.84,307.75,6.11,7.87,50.82,69.19
P071,Needs Improvement,949.56,130.74,2.0,73.97,57.35,3.07,1.46,0.83,46.56,251.0,1.79,4.3,60.94,66.61
P071,Needs Improvement,1047.81,474.27,11.58,70.38,49.56,1.96,0.52,5.13,38.5,222.15,2.27,3.6,43.32,63.08
P071,Needs Improvement,945.03,373.78,8.73,53.6,62.6,3.11,1.1,1.98,66.27,329.56,4.03,2.93,67.91,61.22
P071,Needs Improvement,333.51,197.55,29.11,51.31,40.33,3.21,1.01,0.82,74.28,163.28,1.92,4.09,66.54,42.64
P071,Needs Improvement,827.29,195.25,19.03,67.12,55.84,2.32,0.66,4.5,52.78,307.62,3.55,5.13,37.89,65.54
P071,Needs Improvement,410.54,337.59,29.01,49.44,18.91,1.68,1.39,2.29,53.16,159.33,6.55,3.7,48.65,70.04
P071,Needs Improvement,1005.62,198.06,22.52,49.53,4.8,2.15,0.62,3.57,70.78,241.41,5.57,3.99,70.62,65.02
P071,Needs Improvement,1011.13,517.27,29.75,52.47,48.57,2.16,0.75,3.56,42.32,285.5,4.88,1.19,46.52,47.21
P071,Needs Improvement,640.96,125.13,4.13,55.88,65.07,2.45,1.22,6.57,70.74,322.73,5.55,1.45,57.46,54.95
P071,Needs Improvement,549.65,447.93,18.19,65.76,46.83,1.69,0.6,5.04,71.14,165.03,7.23,6.55,60.9,72.51
P071,Needs Improvement,670.84,89.39,29.05,65.5,7.57,1.59,1.4,6.21,46.99,325.49,3.41,3.78,49.32,62.01
P071,Needs Improvement,596.38,342.7,22.44,52.83,22.52,2.76,1.13,6.24,60.42,299.83,5.39,0.92,60.94,56.9
P071,Needs Improvement,425.05,388.94,19.96,42.55,15.89,2.73,0.73,0.96,41.17,317.12,5.78,1.61,50.55,42.54
P071,Needs Improvement,717.92,192.32,2.22,66.85,70.72,2.8,1.05,7.65,45.43,291.24,4.05,5.5,75.46,69.12
P071,Needs Improvement,485.82,260.53,21.44,60.49,71.81,2.08,0.14,2.68,70.32,174.23,7.05,2.08,65.9,62.31
P071,Needs Improvement,720.83,444.87,21.63,69.9,14.9,1.72,1.34,7.13,51.03,315.06,1.96,1.98,68.03,75.37
P071,Needs Improvement,421.95,339.1,26.31,63.03,9.13,2.42,1.14,4.47,66.26,326.72,6.35,3.85,67.64,52.73
P071,Needs Improvement,640.2,105.1,17.54,47.76,36.94,0.78,0.89,6.22,47.26,305.27,3.46,2.35,35.82,73.77
P071,Needs Improvement,887.29,150.22,26.82,71.94,15.53,2.84,0.98,7.26,50.24,152.53,0.86,6.32,48.73,41.83
P071,Needs Improvement,1129.07,240.51,3.57,49.32,41.59,0.37,1.34,6.15,51.71,277.37,6.81,2.92,65.35,66.36
P071,Needs Improvement,751.16,249.09,25.11,61.21,0.91,0.08,0.76,5.35,50.99,325.84,4.73,6.98,56.28,68.05
P071,Needs Improvement,445.45,487.71,16.55,67.24,61.68,0.39,0.45,3.04,41.9,190.08,7.7,6.47,38.24,63.97
P071,Needs Improvement,797.07,513.85,25.81,51.71,39.51,2.62,0.82,4.34,42.19,195.51,4.15,6.41,52.87,73.22
P071,Needs Improvement,980.39,170.96,22.04,51.75,62.85,2.1,0.98,4.07,64.09,377.94,6.47,7.52,42.56,63.25
P071,Needs Improvement,310.45,327.0,26.96,75.57,52.51,1.47,0.87,2.45,55.5,340.13,4.82,1.75,40.83,42.8
P071,Needs Improvement,547.33,472.87,10.04,53.16,6.84,0.18,0.8,2.06,52.45,200.38,4.66,7.74,42.82,50.01
P071,Needs Improvement,418.6,417.27,14.32,70.51,33.04,0.02,0.66,2.66,59.92,324.41,5.76,6.53,61.73,72.77
P071,Needs Improvement,663.52,577.64,24.56,67.18,45.22,2.16,0.69,2.25,54.75,357.62,2.9,0.98,72.45,38.95
P071,Needs Improvement,465.62,397.56,20.43,58.81,23.95,2.57,0.21,0.96,47.16,332.49,7.11,0.92,75.56,42.5
P071,Needs Improvement,1134.4,514.46,13.95,70.4,25.35,0.9,0.97,7.09,64.94,371.81,4.89,6.24,59.63,67.33
P071,Needs Improvement,798.43,209.92,27.3,56.26,59.78,0.63,0.36,4.84,54.92,146.63,2.14,2.38,68.42,62.42
P071,Needs Improvement,509.04,508.35,21.12,52.08,6.96,3.16,0.96,5.17,47.58,293.01,3.19,1.86,53.36,38.93
P071,Needs Improvement,371.04,533.74,5.95,52.97,27.24,0.76,1.31,6.68,57.21,255.55,1.04,5.97,66.65,50.43
P071,Needs Improvement,294.24,577.97,13.76,50.17,70.16,0.2,1.43,5.85,49.93,314.97,5.64,2.27,67.96,66.71
P071,Needs Improvement,703.0,463.72,19.06,65.05,35.11,0.53,0.98,2.54,48.61,360.4,1.01,1.35,57.16,61.7
P071,Needs Improvement,1059.59,358.09,6.88,48.39,72.15,0.45,0.68,7.26,57.12,235.54,7.18,4.49,43.77,59.17
P071,Needs Improvement,916.16,471.26,30.29,58.86,3.34,1.2,0.81,5.19,62.63,197.16,1.49,7.06,71.69,63.91
P071,Needs Improvement,1024.34,433.14,21.53,58.14,31.44,0.58,1.07,7.1,62.73,163.51,4.56,5.88,67.78,51.92
P071,Needs Improvement,890.9,502.14,2.78,48.58,44.19,3.19,1.5,6.67,58.3,251.16,4.5,6.0,53.12,61.92
P071,Needs Improvement,1012.96,393.38,13.07,55.98,32.69,0.59,0.5,4.29,56.16,257.62,7.54,1.49,57.29,69.82
P071,Needs Improvement,565.01,259.16,15.54,62.78,26.55,3.13,0.79,5.03,38.35,235.39,4.2,3.15,74.96,66.48
P071,Needs Improvement,238.31,549.99,25.61,61.21,66.03,0.39,0.78,2.4,52.2,246.16,3.95,4.28,67.4,66.65
P071,Needs Improvement,398.91,382.98,26.87,63.53,35.87,1.99,0.87,4.14,58.09,144.03,1.1,3.49,76.85,75.19
P071,Needs Improvement,712.8,329.38,26.62,57.56,10.43,2.23,1.15,2.55,48.82,163.52,4.35,2.08,52.28,49.03
P071,Needs Improvement,380.01,130.19,16.55,56.06,67.08,1.82,0.55,3.32,55.04,252.6,5.02,2.38,50.01,38.97
P071,Needs Improvement,394.04,322.67,2.23,44.46,34.48,1.83,0.33,7.08,41.66,206.81,0.92,2.73,70.43,61.02
P071,Needs Improvement,312.08,228.64,4.9,70.54,6.35,1.56,0.19,5.8,40.41,312.86,3.95,4.34,60.4,56.39
P071,Needs Improvement,352.5,115.33,12.15,45.2,8.49,2.32,0.64,2.0,40.21,388.7,2.48,3.26,44.62,58.22
P071,Needs Improvement,227.82,292.16,21.98,65.49,60.69,1.95,0.4,6.91,78.68,212.87,4.75,4.35,65.96,43.58
P071,Needs Improvement,752.81,264.34,17.84,66.21,56.44,0.77,0.33,5.09,37.66,323.17,2.34,3.07,60.86,64.97
P071,Needs Improvement,862.98,81.1,14.69,62.01,62.18,0.14,0.89,6.29,39.52,319.62,3.74,2.95,50.32,60.77
P071,Needs Improvement,548.84,250.35,15.76,65.4,26.84,1.75,0.54,2.21,57.06,342.24,0.89,7.22,51.7,49.32
P071,Needs Improvement,794.03,398.35,10.25,73.71,22.3,1.42,0.86,6.6,47.49,292.44,5.41,3.68,54.84,54.84
P071,Needs Improvement,477.29,325.59,8.26,50.41,11.32,0.53,1.54,6.84,45.06,224.57,2.19,5.99,58.66,75.56
P071,Needs Improvement,298.86,429.4,27.73,55.14,22.77,2.53,0.27,7.01,70.87,314.04,2.32,3.98,54.42,51.22
P071,Needs Improvement,647.42,118.75,13.02,67.52,9.31,1.47,1.24,3.86,51.86,248.86,2.43,1.68,57.21,66.57
P071,Needs Improvement,445.77,224.53,17.81,59.15,34.36,2.85,0.43,3.74,57.89,272.54,1.97,6.04,60.77,65.0
P071,Needs Improvement,1082.63,527.94,15.33,45.84,39.58,1.45,0.95,5.16,58.46,306.03,5.73,5.02,44.4,37.17
P071,Needs Improvement,517.22,399.66,17.88,62.5,38.31,2.64,0.19,7.36,71.37,362.85,3.39,3.1,44.61,51.91
P071,Needs Improvement,745.52,97.29,23.8,74.82,29.34,2.07,0.4,1.1,56.79,161.32,5.04,7.13,52.82,62.03
P071,Needs Improvement,845.78,244.93,12.3,56.65,3.94,2.5,0.78,6.16,65.39,246.54,3.51,1.63,77.14,60.16
P071,Needs Improvement,823.49,117.13,11.68,56.16,35.03,0.02,0.36,3.02,46.65,313.06,2.21,3.48,56.76,48.48
P071,Needs Improvement,580.29,402.4,5.42,50.49,51.55,1.68,0.82,4.19,60.94,384.1,6.95,2.06,55.04,49.57
P071,Needs Improvement,905.01,154.34,5.52,53.76,8.61,1.02,0.86,6.41,46.64,166.94,4.5,3.12,51.84,64.57
P071,Needs Improvement,644.25,586.42,2.81,63.63,73.66,2.29,0.36,1.61,42.22,172.16,6.58,4.62,62.93,38.05
P071,Needs Improvement,519.49,393.49,24.18,56.28,8.4,2.19,0.23,1.61,46.54,270.82,1.46,6.47,45.46,44.01
P071,Needs Improvement,840.96,201.77,14.09,56.69,25.3,1.13,0.53,5.73,68.69,330.4,6.86,1.7,71.61,47.54
P071,Needs Improvement,505.45,292.15,14.79,63.89,16.24,2.38,0.46,3.49,67.7,245.71,2.55,4.33,67.45,71.33
P071,Needs Improvement,494.38,163.83,6.34,44.59,67.63,0.28,0.64,2.75,47.47,308.48,1.62,1.31,58.1,57.52
P071,Needs Improvement,390.6,182.42,5.88,62.8,1.75,0.97,1.39,3.28,50.64,190.97,6.44,3.77,47.81,40.34
P071,Needs Improvement,642.47,113.43,12.29,61.55,56.87,3.29,0.35,4.95,74.12,252.3,3.46,6.83,68.65,40.11
P071,Needs Improvement,648.94,414.13,22.47,69.39,56.71,2.85,0.13,5.24,71.81,248.31,1.52,6.61,72.27,67.26
P071,Needs Improvement,238.28,130.28,15.0,57.59,17.82,3.52,1.43,5.09,61.26,218.8,0.84,3.56,56.74,46.92
P072,Good,896.69,689.12,20.22,74.41,49.11,4.05,0.65,1.26,79.69,433.13,4.46,2.7,53.77,64.55
P072,Good,373.71,386.33,16.62,83.69,21.96,3.65,0.22,4.84,51.58,365.91,5.08,3.08,86.56,58.82
P072,Good,1281.28,458.91,23.38,73.71,85.38,3.55,0.25,7.0,74.64,278.61,4.57,7.63,64.03,80.25
P072,Good,803.15,432.65,17.92,80.87,78.51,3.64,1.44,2.86,67.95,196.96,3.8,3.47,97.99,80.75
P072,Good,1413.64,143.81,4.8,75.48,35.83,0.87,1.26,3.1,48.1,435.16,9.13,3.17,51.54,89.6
P072,Good,1317.61,494.42,8.97,84.13,57.06,0.94,0.49,5.59,62.97,462.23,1.25,5.51,55.71,71.54
P072,Good,987.12,350.24,14.51,66.35,72.23,0.03,1.8,5.99,59.89,234.23,7.27,7.47,58.75,73.47
P072,Good,1102.43,169.51,13.88,57.03,84.0,2.24,0.85,7.34,63.4,215.98,1.23,1.25,57.13,73.75
P072,Good,1216.85,770.37,17.83,95.32,53.22,4.0,0.65,8.25,54.4,383.62,8.88,6.97,76.22,77.44
P072,Good,1336.58,741.93,28.9,64.63,51.81,1.07,0.27,3.29,90.4,358.57,8.34,3.98,89.96,69.8
P072,Good,406.56,444.05,30.89,70.09,74.6,0.22,0.98,2.13,86.66,328.24,2.33,7.62,88.54,63.9
P072,Good,1255.29,484.68,34.16,75.35,56.53,1.01,0.94,3.38,78.71,399.7,9.83,3.5,82.11,59.48
P072,Good,684.88,312.82,33.65,86.62,5.85,2.32,0.65,5.18,53.27,301.9,8.85,5.86,50.79,75.38
P072,Good,880.13,675.1,9.69,69.02,9.78,4.35,1.14,1.24,71.93,385.33,6.9,1.74,70.82,78.98
P072,Good,715.06,190.11,36.94,72.11,79.0,2.02,0.88,3.91,64.91,408.63,3.91,8.95,75.55,81.2
P072,Good,987.68,212.15,1.76,69.11,5.61,3.61,0.95,5.09,68.9,232.77,1.58,6.58,86.55,86.68
P072,Good,879.64,483.51,14.57,65.92,42.5,3.48,0.01,1.41,60.27,218.37,3.43,2.5,67.17,91.49
P072,Good,1406.9,536.87,18.0,60.94,4.83,2.64,1.01,5.43,55.13,181.45,5.16,2.18,78.93,91.8
P072,Good,537.38,742.1,16.3,80.52,18.92,3.62,0.44,3.79,66.31,383.5,3.51,9.38,79.45,79.97
P072,Good,855.38,211.83,37.07,58.43,23.3,2.88,1.03,1.73,83.09,244.21,2.01,8.78,68.58,75.72
P072,Good,1237.27,306.9,14.16,78.79,6.02,1.76,1.61,6.59,59.94,341.86,8.19,4.21,89.11,79.16
P072,Good,497.8,675.74,5.03,94.31,56.46,1.78,1.47,1.3,74.77,365.88,2.49,9.33,58.96,80.36
P072,Good,498.03,583.27,21.02,79.22,33.09,3.69,0.27,5.69,87.98,345.04,4.89,6.7,76.04,69.67
P072,Good,1366.94,595.35,1.33,92.04,40.58,1.74,0.65,7.95,79.11,201.43,3.82,1.52,61.22,66.87
P072,Good,1332.39,188.39,10.44,75.11,28.8,1.6,1.35,9.16,53.48,389.21,8.01,3.47,64.15,53.27
P072,Good,1189.7,256.86,12.44,79.83,10.12,4.54,0.35,3.68,63.74,222.87,6.96,7.47,83.4,58.08
P072,Good,412.35,126.69,28.03,87.21,62.58,2.36,0.32,3.83,89.46,408.23,4.76,8.85,61.69,47.58
P072,Good,887.36,308.19,15.46,81.58,32.8,4.0,0.23,8.95,60.91,415.57,1.97,7.08,92.1,85.81
P072,Good,358.83,566.77,3.01,89.72,12.36,4.6,0.85,2.25,55.76,444.32,5.09,8.76,80.08,94.35
P072,Good,790.96,240.01,26.25,74.19,89.64,3.33,0.71,2.98,81.27,298.09,8.61,8.97,61.06,78.92
P072,Good,518.02,511.35,28.05,85.22,90.88,2.83,1.81,5.06,97.43,438.06,9.36,4.45,79.79,59.5
P072,Good,952.07,661.67,30.18,92.16,71.51,2.78,0.76,3.14,54.13,419.52,1.11,5.73,88.03,48.24
P072,Good,810.04,189.37,5.1,77.24,20.86,0.83,0.96,2.87,69.12,331.09,8.04,6.49,55.88,67.32
P072,Good,884.73,675.88,16.16,91.14,55.4,4.53,0.39,2.26,86.93,416.88,5.92,4.13,65.07,75.91
P072,Good,1080.62,230.58,28.13,62.47,89.38,2.2,0.82,1.58,60.2,344.04,4.38,4.74,87.6,53.47
P072,Good,634.72,178.25,16.37,95.86,38.28,2.81,0.46,8.98,63.66,403.26,8.21,7.75,78.52,68.76
P072,Good,589.75,516.91,32.46,76.25,65.75,0.49,1.85,3.61,65.76,396.93,6.1,4.54,78.12,93.36
P072,Good,415.24,511.91,20.74,76.34,45.68,3.6,1.72,2.2,76.88,398.64,3.23,7.71,80.24,91.69
P072,Good,465.23,523.32,20.87,85.61,30.51,2.33,0.19,3.31,81.36,306.66,6.95,8.8,53.24,70.95
P072,Good,1322.85,291.92,15.96,67.82,31.32,3.66,1.4,1.91,91.63,425.83,6.92,8.54,92.5,62.27
P072,Good,1344.66,624.48,32.12,78.08,84.03,1.53,0.04,4.0,79.47,332.63,5.46,3.01,75.59,82.84
P072,Good,1358.66,632.07,30.63,69.11,7.77,2.28,1.87,7.75,81.87,225.85,4.62,9.13,88.05,83.87
P072,Good,845.8,401.59,12.16,61.39,0.82,4.46,1.26,2.29,84.06,311.3,9.62,1.72,54.15,89.74
P072,Good,803.44,529.63,23.54,61.32,11.76,4.33,0.88,1.3,78.49,278.74,4.32,2.58,52.62,67.87
P072,Good,485.88,571.9,9.14,65.98,82.01,1.61,1.75,3.57,55.54,454.22,6.96,5.9,78.54,83.75
P072,Good,298.16,118.23,31.82,90.55,5.88,1.11,1.38,1.48,81.47,464.91,1.6,2.64,82.21,79.61
P072,Good,1045.51,170.67,9.38,65.88,28.29,3.13,0.82,1.89,51.59,396.42,7.97,5.03,52.43,48.88
P072,Good,632.09,444.51,17.61,81.2,37.4,3.43,1.1,2.73,66.11,372.39,1.95,1.68,60.6,66.16
P072,Good,938.59,131.46,26.86,87.08,54.6,3.06,0.55,2.88,66.76,206.22,3.31,5.33,88.96,69.58
P072,Good,313.7,397.53,27.44,62.15,71.21,1.55,0.97,1.92,57.12,200.73,8.43,7.17,64.93,66.19
P072,Good,1010.64,307.83,31.26,77.86,14.55,2.04,1.14,8.03,73.58,220.17,8.94,2.99,81.34,52.77
P072,Good,369.08,530.32,16.31,81.31,0.2,2.52,0.01,4.39,75.0,368.04,9.04,2.07,54.74,91.29
P072,Good,1366.99,438.63,24.72,74.69,59.16,4.52,1.28,4.8,91.79,419.43,4.19,3.71,61.38,53.53
P072,Good,803.47,144.4,23.84,56.05,1.81,1.29,0.06,2.08,50.97,365.31,5.28,1.9,94.09,52.39
P072,Good,1317.37,637.38,30.88,79.38,93.39,1.02,1.02,7.78,78.58,365.82,2.17,4.03,77.99,70.01
P072,Good,1101.57,247.35,25.63,90.55,69.68,0.39,0.16,5.93,57.2,398.58,1.35,4.18,60.56,98.3
P072,Good,744.22,174.89,17.88,84.56,51.73,0.34,1.79,6.61,76.53,439.54,3.12,2.76,61.62,87.12
P072,Good,1116.58,642.74,38.35,65.92,72.3,2.78,0.34,4.81,50.55,228.21,5.86,5.38,84.02,51.88
P072,Good,558.99,417.82,1.46,76.38,75.23,4.25,0.03,3.78,76.28,424.91,6.57,6.38,54.45,74.83
P072,Good,764.1,695.91,12.82,71.13,73.59,0.82,0.18,8.22,90.83,200.96,7.09,6.29,68.76,79.64
P072,Good,1002.48,334.9,23.8,64.03,25.32,0.99,0.72,7.76,86.05,186.82,6.92,4.61,86.27,72.17
P072,Good,1075.55,579.73,17.35,84.91,95.32,3.36,1.05,3.56,94.66,440.0,3.12,4.8,49.51,47.16
P072,Good,1122.49,773.81,14.41,95.13,55.72,0.56,0.97,7.14,64.3,369.78,7.15,7.46,52.66,71.17
P072,Good,544.34,665.89,34.8,76.05,48.31,2.81,1.65,5.15,86.41,322.58,5.85,8.18,89.91,49.13
P072,Good,1241.66,615.38,10.59,80.97,77.02,2.38,0.67,2.97,90.84,292.62,4.82,7.14,71.62,90.46
P072,Good,395.61,451.66,1.87,71.32,39.04,3.03,0.17,4.24,78.57,306.49,1.1,4.02,85.2,65.69
P072,Good,1152.17,594.4,14.75,87.39,49.48,4.48,1.39,1.73,57.55,414.65,3.61,7.65,74.71,61.91
P072,Good,1129.68,207.14,16.38,67.17,83.63,2.29,1.17,7.34,90.67,240.35,3.11,8.14,59.13,56.71
P072,Good,1158.2,304.47,17.29,78.76,29.75,0.37,0.0,1.42,81.8,198.44,9.21,3.09,51.17,87.12
P072,Good,1299.0,676.02,34.34,66.84,19.72,3.67,0.94,5.3,57.88,314.19,6.72,7.04,75.76,87.07
P072,Good,712.78,603.89,12.89,74.67,77.59,0.25,1.35,7.83,61.17,434.42,1.22,4.13,59.72,58.27
P072,Good,684.27,248.84,29.58,71.85,83.79,4.13,1.42,4.26,52.96,383.64,3.36,5.5,88.18,61.32
P072,Good,452.19,500.61,20.47,72.93,27.53,1.17,1.88,7.45,60.91,271.88,5.66,8.81,77.85,57.82
P072,Good,1101.61,567.39,9.52,64.28,64.55,3.61,0.07,1.23,49.64,211.77,4.69,3.34,72.3,56.65
P072,Good,840.52,282.76,9.56,75.27,42.49,1.83,1.11,3.12,76.69,272.8,7.41,8.21,94.35,93.36
P072,Good,822.05,270.98,6.68,65.52,3.74,0.73,1.06,2.81,83.99,338.44,7.92,9.16,86.08,89.32
P072,Good,1061.96,727.07,35.57,90.57,33.97,3.43,1.36,7.28,71.1,453.92,8.55,2.57,82.69,87.88
P072,Good,1130.04,687.18,4.23,78.24,54.64,2.33,0.26,4.5,85.39,274.85,9.16,2.05,82.43,57.98
P072,Good,1365.98,443.73,20.27,63.65,77.5,2.9,0.55,4.67,67.91,388.81,7.95,4.48,75.47,92.87
P072,Good,1179.89,265.65,19.9,65.87,54.84,0.31,0.5,6.41,52.24,420.8,7.21,6.08,60.23,50.17
P072,Good,588.56,518.53,35.18,84.58,47.72,2.27,0.77,4.12,75.56,212.64,5.63,5.02,52.91,55.62
P072,Good,678.08,258.81,3.67,80.82,44.62,1.83,0.06,8.99,95.72,302.79,3.07,4.52,78.81,51.47
P072,Good,762.29,592.04,16.66,91.02,27.08,4.53,1.32,7.66,60.03,276.07,6.81,2.86,59.07,56.82
P072,Good,1012.39,528.7,16.6,75.96,88.69,4.02,1.13,1.01,96.44,380.25,6.14,9.18,84.22,64.64
P072,Good,1193.18,110.21,19.1,82.94,85.5,0.87,1.83,7.08,79.34,448.92,4.82,3.59,51.42,61.7
P072,Good,888.22,570.56,5.17,74.48,3.28,2.43,0.83,1.17,52.5,256.31,3.8,8.53,97.34,93.43
P072,Good,888.48,471.69,1.6,85.93,5.23,2.88,0.27,2.65,77.05,235.3,4.84,8.86,69.75,60.06
P072,Good,662.08,536.14,3.88,79.52,59.53,3.6,1.06,5.16,87.39,427.73,3.12,4.34,87.06,63.76
P072,Good,735.24,580.32,9.33,74.41,66.42,2.28,1.21,2.78,78.85,305.28,7.5,1.47,52.89,52.38
P072,Good,470.92,157.23,4.53,75.93,88.83,2.32,0.99,7.79,63.97,268.9,3.23,3.23,93.24,65.37
P072,Good,664.23,628.08,20.35,65.4,86.31,2.62,0.87,4.73,86.29,329.84,7.44,7.08,93.01,52.05
P072,Good,1287.81,391.24,21.27,91.71,65.12,1.08,0.49,6.65,76.12,215.95,7.92,4.81,62.47,46.59
P072,Good,1147.29,535.64,8.06,77.08,71.53,3.12,1.37,6.19,54.79,328.75,7.81,6.46,82.47,61.82
P072,Good,697.54,314.42,19.81,94.8,80.01,1.7,0.45,1.22,68.14,223.15,4.64,2.72,61.58,78.15
P072,Good,1321.32,400.18,30.36,85.09,21.89,1.41,1.81,4.37,78.78,344.91,1.26,2.93,77.31,94.13
P072,Good,583.3,756.42,34.01,81.88,73.24,1.67,0.16,2.0,49.61,242.57,3.67,3.33,66.25,50.47
P072,Good,1303.57,602.43,24.16,64.7,11.4,3.95,0.63,9.3,74.11,277.75,2.44,7.36,90.52,51.07
P072,Good,1234.22,659.95,30.83,72.44,56.49,2.06,0.14,8.73,78.11,190.07,8.02,2.85,69.03,86.38
P072,Good,864.95,619.35,2.47,74.55,0.21,2.38,1.6,3.89,73.56,267.84,3.55,9.1,66.42,73.79
P072,Good,333.43,550.96,25.7,74.28,72.38,1.48,0.6,7.15,86.59,351.45,3.37,8.56,53.69,90.64
P073,OK,583.63,287.68,20.52,67.82,54.64,2.61,0.62,4.14,76.72,281.53,6.72,8.22,46.77,48.56
P073,OK,531.4,408.95,23.67,74.21,13.49,4.1,0.64,3.77,81.36,237.4,8.54,1.11,74.08,64.61
P073,OK,341.94,152.59,16.79,74.56,12.13,3.51,1.64,2.55,50.89,225.53,2.88,3.0,73.55,78.85
P073,OK,1004.84,254.26,1.97,77.11,27.1,3.61,1.06,6.35,43.66,357.93,3.7,4.45,64.41,75.03
P073,OK,1150.18,432.94,1.35,52.57,32.29,3.16,1.62,2.16,77.56,426.2,7.71,5.58,86.69,53.98
P073,OK,330.37,340.54,32.13,49.63,24.78,3.15,0.31,6.65,60.71,404.92,5.54,1.01,61.6,76.8
P073,OK,949.37,254.1,3.69,81.55,74.41,4.26,0.14,7.57,68.12,185.15,6.58,8.86,50.93,58.9
P073,OK,439.67,223.45,15.49,82.83,71.21,2.91,1.35,6.03,66.64,288.83,2.2,8.22,46.09,59.84
P073,OK,613.94,681.19,22.47,76.75,16.11,1.23,0.22,8.43,46.54,190.64,1.69,7.68,79.15,77.69
P073,OK,878.56,577.18,15.41,49.83,18.86,3.34,0.05,4.12,68.93,318.42,2.47,6.81,58.85,62.78
P073,OK,530.44,390.62,24.91,61.45,2.84,3.49,0.51,4.66,59.11,188.6,6.77,6.94,74.44,65.66
P073,OK,1016.32,270.12,2.88,54.52,2.96,2.83,1.63,8.1,67.74,310.65,7.13,7.38,55.69,71.46
P073,OK,598.6,303.53,5.59,60.88,5.45,0.59,1.31,4.47,75.0,261.62,4.57,5.19,71.87,68.97
P073,OK,1096.43,184.28,21.86,61.18,15.46,0.42,1.44,5.86,62.44,211.61,2.03,4.67,58.6,77.72
P073,OK,447.23,618.98,15.51,72.07,64.72,0.15,1.48,7.65,65.09,309.79,4.44,1.79,57.83,44.28
P073,OK,500.86,226.24,5.36,64.5,0.4,0.1,0.46,2.12,56.4,400.31,1.72,4.0,52.44,80.64
P073,OK,756.4,112.15,13.04,86.65,67.59,2.64,1.53,1.91,82.04,362.97,6.62,5.67,64.81,76.47
P073,OK,1018.9,88.12,19.78,52.23,14.59,4.22,0.23,2.7,65.68,237.96,3.57,5.64,55.09,58.75
P073,OK,1152.34,276.24,4.1,74.67,11.48,0.61,1.54,7.71,78.7,348.28,3.13,5.3,44.11,49.72
P073,OK,287.42,550.41,1.02,56.83,13.36,3.65,1.57,3.35,64.43,172.36,5.78,3.82,75.99,86.32
P073,OK,848.4,642.71,6.03,67.62,44.85,2.68,1.38,4.45,54.3,384.44,5.57,8.2,81.51,69.5
P073,OK,941.87,459.61,28.27,73.48,62.23,2.71,0.46,7.39,48.29,341.13,6.57,7.95,67.33,49.38
P073,OK,979.05,155.79,17.74,64.84,78.77,2.16,1.46,3.54,60.27,183.59,5.03,1.42,74.4,50.07
P073,OK,382.45,435.12,2.17,74.32,57.5,3.82,0.71,3.53,82.83,189.94,4.59,4.11,49.11,60.56
P073,OK,324.05,435.57,12.07,54.53,68.67,2.47,0.37,3.24,78.9,397.68,1.66,5.35,45.51,59.18
P073,OK,294.32,580.16,30.38,74.32,41.81,3.9,1.27,1.5,70.5,392.76,5.33,5.22,65.64,51.3
P073,OK,339.44,266.49,33.77,82.76,59.3,3.16,0.49,2.67,51.57,192.14,7.61,6.38,77.98,78.25
P073,OK,1103.96,628.57,18.93,73.87,58.57,0.93,1.34,4.94,51.78,240.62,8.09,1.25,79.71,45.33
P073,OK,667.86,552.69,22.1,65.59,73.17,1.28,0.68,5.84,79.26,256.27,6.76,4.31,52.3,63.07
P073,OK,1048.53,125.39,12.76,53.3,39.1,2.46,0.97,6.3,47.88,416.09,0.93,7.52,69.05,66.93
P073,OK,1050.46,106.17,4.57,57.19,66.49,4.08,0.41,7.79,81.93,190.68,2.0,2.8,47.76,58.53
P073,OK,269.46,533.6,1.29,76.95,33.45,0.62,0.44,7.6,66.73,279.52,2.09,4.69,48.06,43.35
P073,OK,800.39,146.68,21.48,64.4,59.57,4.22,0.76,4.45,78.61,393.38,6.62,3.52,81.5,41.08
P073,OK,521.58,140.2,25.18,69.35,4.84,2.02,0.87,2.56,58.69,265.52,5.88,3.58,55.92,76.02
P073,OK,496.93,575.71,18.27,69.03,17.53,1.82,1.55,2.75,85.43,256.56,5.18,4.13,49.47,67.05
P073,OK,1174.95,106.22,27.43,55.64,79.77,3.82,0.65,6.0,59.95,314.45,8.13,5.99,54.31,56.58
P073,OK,511.82,684.38,28.73,72.0,0.39,4.06,0.61,4.33,45.96,304.51,2.18,6.82,79.35,54.14
P073,OK,1074.02,461.54,30.12,53.0,11.7,3.49,1.2,2.57,58.01,426.82,6.89,2.04,65.02,61.66
P073,OK,563.81,561.57,11.98,66.9,46.84,4.24,1.15,5.14,64.2,278.41,6.72,7.25,51.02,55.64
P073,OK,390.03,587.08,1.81,71.45,80.74,0.4,1.26,6.71,50.59,297.58,3.95,2.11,42.21,81.23
P073,OK,502.54,318.6,6.2,55.65,17.9,1.71,1.05,1.81,76.47,364.04,5.07,3.89,74.37,45.82
P073,OK,559.17,498.99,25.28,62.57,70.12,0.07,0.22,4.66,83.88,203.61,7.86,3.09,81.78,78.47
P073,OK,476.28,514.5,17.11,84.19,41.89,1.77,1.72,7.67,53.88,235.38,6.21,7.24,64.84,62.86
P073,OK,921.83,671.84,28.01,60.28,45.7,2.21,1.38,7.23,56.77,357.8,1.2,5.27,52.62,60.38
P073,OK,1033.17,351.41,13.8,57.74,35.15,3.18,1.58,1.42,85.4,179.14,8.87,5.88,57.85,73.85
P073,OK,634.31,181.92,27.35,65.09,40.62,0.55,1.41,4.3,49.49,250.11,7.78,1.92,43.42,43.11
P073,OK,607.91,215.97,16.13,52.9,8.19,2.13,0.41,1.81,52.1,284.09,6.39,1.37,54.09,57.05
P073,OK,761.66,227.34,15.84,55.26,31.1,0.28,1.39,2.52,80.84,276.05,3.48,5.2,81.38,78.3
P073,OK,1312.07,414.47,28.04,48.74,66.63,0.3,0.88,3.75,57.72,247.51,3.04,4.76,53.92,81.94
P073,OK,823.28,555.83,13.53,60.48,40.39,0.24,0.45,4.99,49.81,188.33,4.14,7.86,60.93,76.75
P073,OK,560.3,305.03,29.71,62.05,39.9,1.58,0.35,4.72,75.24,321.1,1.14,2.72,73.07,63.26
P073,OK,733.5,298.55,5.32,77.05,33.0,3.14,0.84,1.1,45.21,373.34,2.65,3.04,48.84,70.85
P073,OK,685.74,289.14,15.7,83.98,25.54,4.1,1.76,3.39,66.52,370.97,1.55,0.89,56.54,82.27
P073,OK,402.3,465.4,7.69,70.59,10.24,1.52,0.75,7.92,72.64,350.04,6.04,7.18,73.0,76.58
P073,OK,341.66,514.06,13.48,78.93,56.76,2.91,0.88,4.57,58.74,377.64,2.94,6.51,57.51,77.91
P073,OK,853.01,169.28,22.72,52.5,32.94,2.12,0.86,8.29,58.53,392.31,4.62,5.33,57.85,72.1
P073,OK,608.81,335.64,3.08,80.42,81.48,1.67,1.05,7.91,57.46,375.34,1.37,3.68,57.77,54.69
P073,OK,832.21,133.32,33.29,87.94,28.69,2.96,0.72,6.36,74.43,394.92,7.62,3.74,86.42,60.83
P073,OK,627.16,477.7,12.73,81.3,19.23,2.23,0.35,5.9,57.55,296.05,7.3,2.85,50.08,78.6
P073,OK,1230.11,139.27,12.28,62.95,10.68,2.82,1.05,6.82,72.99,404.18,2.52,1.62,89.68,76.38
P073,OK,1217.2,169.77,30.38,71.9,78.71,2.31,0.17,1.66,63.08,241.82,7.41,1.14,68.97,59.06
P073,OK,1068.4,111.58,25.09,56.87,41.76,0.02,1.31,3.71,45.6,263.83,6.79,1.54,59.29,46.16
P073,OK,773.82,180.9,18.45,55.41,31.74,0.32,0.13,6.9,56.21,236.41,3.55,1.76,62.7,61.63
P073,OK,604.91,113.16,1.74,64.09,67.06,1.13,1.63,7.87,44.84,281.96,2.13,5.34,81.66,59.89
P073,OK,895.88,514.75,25.15,62.52,26.08,4.21,0.87,3.17,40.72,225.81,2.56,8.0,50.96,65.42
P073,OK,744.51,370.05,5.32,80.9,61.72,3.41,0.79,8.08,68.4,237.1,7.4,2.55,67.61,44.11
P073,OK,1030.54,84.47,25.85,58.38,4.42,1.45,0.21,3.6,52.96,410.53,1.72,7.8,50.62,42.08
P073,OK,1255.07,382.65,28.08,75.44,82.03,1.92,1.67,6.67,43.43,389.41,2.35,2.8,50.04,82.28
P073,OK,863.38,94.4,9.24,59.41,64.95,2.59,0.6,5.43,54.99,205.64,6.21,6.84,60.23,61.25
P073,OK,843.81,440.17,24.67,75.38,34.82,0.41,0.07,5.87,81.24,307.4,7.46,2.25,54.16,45.55
P073,OK,778.64,306.28,3.16,83.79,65.89,3.61,1.42,2.59,41.89,247.47,4.58,6.19,65.59,74.31
P073,OK,411.69,559.84,15.03,81.32,24.1,3.0,0.15,7.89,47.88,401.37,3.85,1.37,58.7,47.15
P073,OK,1046.06,508.12,4.25,67.92,52.42,2.9,0.97,2.27,64.55,339.41,7.81,4.91,83.14,59.05
P073,OK,353.84,473.69,18.34,52.11,24.61,2.8,1.68,3.25,74.05,350.02,1.78,4.83,49.35,85.23
P073,OK,806.17,575.0,17.61,76.59,80.3,1.4,0.52,3.26,48.14,316.49,4.25,6.79,47.68,64.98
P073,OK,514.61,430.89,32.6,51.5,59.62,3.33,0.2,2.31,53.96,378.23,7.42,6.76,65.51,51.21
P073,OK,858.48,669.68,27.91,50.22,43.3,1.91,1.78,8.24,62.2,193.44,4.34,2.1,56.02,80.25
P073,OK,503.66,411.14,32.29,52.19,39.83,2.98,0.55,2.21,78.91,274.24,4.78,5.42,67.88,59.82
P073,OK,889.71,465.73,28.96,60.68,59.02,0.22,0.85,7.21,70.72,357.99,3.36,6.17,71.28,56.59
P073,OK,1264.03,242.69,32.84,51.88,2.17,3.55,0.15,7.03,47.99,198.82,1.58,3.41,81.4,78.08
P073,OK,944.2,679.81,20.11,54.64,64.15,0.52,1.31,8.35,73.65,371.24,7.55,6.54,79.96,59.76
P073,OK,273.14,169.53,28.68,71.52,47.83,0.61,0.18,8.03,76.34,384.99,2.79,5.51,43.63,71.15
P073,OK,477.84,471.39,27.6,86.08,29.96,0.29,1.02,8.0,70.27,209.26,5.3,6.15,64.35,84.47
P073,OK,1308.82,443.21,28.78,81.86,46.5,0.99,0.0,2.07,53.95,247.18,7.6,4.69,53.86,51.8
P073,OK,578.57,140.59,16.39,63.7,73.57,1.12,1.27,2.45,87.58,221.3,7.26,7.48,43.97,48.61
P073,OK,641.25,687.4,25.69,57.01,5.58,3.6,0.1,1.31,64.69,299.77,6.14,4.05,74.08,50.55
P073,OK,417.25,163.72,25.62,63.0,17.8,1.5,1.29,5.54,76.83,289.68,6.38,3.66,57.21,88.16
P073,OK,1003.69,378.67,10.92,56.16,73.52,3.04,0.54,6.73,82.34,244.25,1.69,2.94,86.8,89.28
P073,OK,1183.63,596.59,6.58,73.83,0.55,1.02,1.18,2.26,78.85,213.68,6.21,2.23,77.49,86.19
P073,OK,495.15,376.35,14.91,86.8,79.67,3.04,1.36,8.35,79.62,341.72,3.92,1.9,48.69,79.38
P073,OK,1014.29,135.46,2.57,72.0,80.85,3.59,0.12,4.36,81.88,255.77,4.36,6.6,61.48,73.48
P073,OK,304.51,90.39,2.0,73.72,75.91,1.19,1.69,5.13,79.32,396.74,1.32,1.85,72.5,63.47
P073,OK,1262.88,640.8,24.75,80.44,56.46,0.6,0.93,7.47,48.05,183.05,3.66,6.34,76.61,45.81
P073,OK,667.07,470.23,17.92,67.82,7.83,1.61,0.14,6.95,55.2,204.39,6.87,2.93,62.82,66.18
P073,OK,322.83,181.54,25.72,56.68,51.59,3.71,1.33,3.41,46.26,188.41,4.17,4.88,58.95,48.65
P073,OK,931.94,134.06,2.92,54.73,67.1,1.69,0.34,5.2,69.26,180.49,4.98,1.07,76.54,65.62
P073,OK,887.32,423.51,25.74,70.32,44.83,0.56,0.86,6.76,81.04,183.55,1.42,8.6,41.71,52.61
P073,OK,472.95,333.62,7.72,61.45,20.6,3.65,0.44,8.18,75.64,410.66,6.79,1.16,49.14,87.67
P073,OK,733.88,680.62,7.1,78.62,40.58,0.91,1.56,5.2,45.33,172.0,6.87,5.81,77.75,73.28
P073,OK,1297.16,418.76,11.71,76.96,71.76,2.91,0.23,1.29,42.04,285.07,5.39,3.36,48.81,42.58
P074,Good,892.82,647.54,26.73,82.0,14.21,0.79,1.55,1.07,98.6,365.02,7.75,2.5,90.03,49.46
P074,Good,1053.53,209.41,29.63,94.8,39.34,4.59,1.38,8.84,67.44,408.17,7.55,2.1,60.33,50.9
P074,Good,919.95,328.9,1.54,70.3,50.66,0.69,1.05,3.69,50.24,196.85,5.01,6.62,90.77,75.64
P074,Good,486.6,627.18,29.99,54.77,20.18,2.6,1.19,2.56,76.25,414.16,5.34,6.42,46.29,63.3
P074,Good,1229.54,620.34,29.79,84.92,5.82,3.81,1.65,8.32,58.53,229.74,4.0,4.66,49.87,48.88
P074,Good,888.51,621.33,31.24,83.69,9.1,0.98,1.57,2.03,57.05,218.7,2.89,5.03,64.7,65.87
P074,Good,1385.33,657.46,27.65,59.65,81.84,3.63,0.88,4.86,76.83,376.08,7.47,3.64,68.61,49.67
P074,Good,601.97,283.07,20.4,77.27,26.81,1.24,0.75,7.62,74.16,206.49,4.2,5.0,88.82,47.6
P074,Good,464.48,405.43,7.75,95.01,28.51,3.45,0.73,1.16,62.77,373.83,3.16,1.28,83.99,63.73
P074,Good,1309.37,286.61,7.32,94.07,60.89,4.05,0.49,9.78,83.99,196.29,4.32,8.35,84.55,58.05
P074,Good,540.73,546.52,35.59,88.84,49.79,1.48,1.69,7.16,71.85,395.09,1.22,5.71,78.18,87.22
P074,Good,839.24,742.16,16.07,75.02,20.64,0.25,0.53,7.96,82.92,215.11,6.35,5.96,86.48,51.55
P074,Good,1165.0,664.49,23.3,60.49,51.05,1.5,1.47,5.62,87.14,242.92,1.17,3.4,79.35,52.56
P074,Good,967.17,732.8,28.1,83.24,75.99,2.41,0.83,7.66,77.84,235.81,2.16,2.31,91.28,47.01
P074,Good,560.1,663.58,35.33,98.73,44.76,1.05,0.05,3.6,55.15,319.68,4.17,7.42,65.35,50.14
P074,Good,1316.99,318.94,12.76,67.87,49.15,1.46,1.33,2.4,78.65,395.02,7.44,7.72,72.54,82.24
P074,Good,619.45,747.21,35.78,69.02,42.39,4.71,1.58,1.87,76.16,452.19,8.79,6.45,96.73,69.21
P074,Good,727.29,121.22,2.18,78.43,85.04,4.15,0.75,8.95,58.88,397.28,6.39,4.55,75.07,56.91
P074,Good,702.68,338.26,34.5,71.83,71.33,3.45,0.04,1.49,75.9,336.79,7.15,7.59,71.92,91.0
P074,Good,1014.48,398.63,5.33,90.76,97.71,0.01,0.47,2.38,56.14,376.27,1.26,4.18,92.07,77.57
P074,Good,870.01,360.62,5.12,75.39,84.08,3.0,0.05,8.41,58.68,235.77,4.51,7.35,69.95,92.53
P074,Good,1096.81,660.91,25.77,62.33,56.73,4.43,0.8,6.99,78.85,387.78,1.82,3.7,48.73,65.84
P074,Good,978.91,673.77,37.98,96.28,3.02,1.37,1.57,2.6,77.15,206.66,3.97,7.97,57.59,49.08
P074,Good,628.1,688.24,18.12,89.65,78.67,3.25,0.62,3.07,90.34,201.29,5.11,8.37,71.53,75.05
P074,Good,497.35,401.87,17.15,88.04,13.7,0.96,1.51,7.52,77.49,206.77,6.57,3.93,56.55,48.35
P074,Good,1292.62,731.7,29.78,57.08,20.41,3.44,0.87,3.94,86.86,455.48,8.72,4.19,53.89,76.24
P074,Good,1329.66,203.2,21.26,83.75,25.86,1.14,0.2,7.79,68.14,444.11,3.77,8.52,81.05,68.56
P074,Good,297.19,720.4,34.65,71.47,54.44,2.24,1.52,6.26,81.0,349.24,1.71,9.76,67.79,76.31
P074,Good,398.05,361.73,32.26,63.03,25.32,1.82,1.38,2.52,89.0,350.5,4.94,5.19,68.83,55.51
P074,Good,450.56,641.98,35.12,91.8,68.57,2.36,0.97,1.03,53.28,207.92,7.18,4.29,47.76,62.18
P074,Good,333.87,194.07,37.94,91.19,76.21,2.33,0.48,9.58,48.07,454.93,2.38,3.94,52.92,47.9
P074,Good,726.1,421.89,18.5,94.07,41.29,3.58,0.2,5.42,83.7,264.6,3.08,6.5,57.65,58.88
P074,Good,936.94,697.98,3.78,79.07,94.45,0.09,0.35,6.55,79.77,408.78,6.45,6.33,68.95,82.98
P074,Good,538.1,409.66,15.47,80.79,63.87,0.8,0.65,1.34,58.44,298.71,4.25,9.69,46.68,64.64
P074,Good,712.34,204.1,36.78,65.86,52.29,3.04,0.68,5.81,90.29,325.5,8.39,4.61,46.71,67.57
P074,Good,1209.6,271.0,28.38,85.0,30.25,0.09,0.83,6.05,68.39,363.22,5.47,7.69,96.46,67.83
P074,Good,687.7,636.6,11.16,88.94,33.33,3.12,1.41,8.76,57.94,431.9,1.11,1.2,71.06,58.87
P074,Good,654.3,378.95,37.18,78.89,90.46,3.04,1.36,2.45,90.14,314.81,6.78,7.12,90.15,68.72
P074,Good,1171.29,393.06,33.0,88.16,72.03,1.95,0.14,3.27,84.37,457.29,3.49,6.45,84.63,57.16
P074,Good,1336.45,741.99,25.68,89.9,43.19,0.19,1.73,8.44,70.45,240.82,4.25,6.22,70.09,76.2
P074,Good,436.94,128.44,28.97,88.36,44.03,2.52,0.02,1.66,71.23,340.39,6.95,5.11,76.07,95.34
P074,Good,576.73,94.26,30.47,71.75,23.85,2.25,0.13,7.07,67.49,486.87,6.78,9.06,77.59,75.98
P074,Good,288.42,542.88,32.97,73.61,84.42,4.66,0.87,3.57,58.1,460.08,3.11,3.67,59.47,65.82
P074,Good,840.26,392.12,2.03,74.52,35.94,4.62,0.37,8.33,89.48,310.77,8.88,4.99,91.57,60.26
P074,Good,1047.96,455.77,16.87,66.53,85.42,4.6,0.51,9.41,69.3,205.87,4.86,1.48,62.57,56.99
P074,Good,604.13,152.67,10.1,62.08,5.42,0.72,0.07,4.82,80.36,324.4,5.41,3.24,83.26,47.87
P074,Good,1379.02,622.13,8.55,85.65,37.81,0.29,0.89,9.1,86.64,216.39,2.5,8.0,48.13,66.86
P074,Good,1399.71,223.92,24.89,86.36,0.56,4.18,1.63,3.89,73.67,256.83,5.01,2.03,52.72,56.59
P074,Good,503.44,299.09,17.9,81.39,37.89,3.33,1.77,2.14,49.26,395.5,1.84,6.57,74.32,71.49
P074,Good,306.97,283.96,12.6,90.5,86.01,3.35,0.59,2.31,52.7,357.0,2.3,5.76,87.09,89.32
P074,Good,1310.2,226.64,30.93,66.48,18.73,2.91,0.91,2.01,75.66,340.41,4.9,6.32,60.84,83.18
P074,Good,369.71,330.37,4.2,85.02,29.61,2.45,0.56,7.79,94.38,323.9,4.45,7.28,72.45,70.11
P074,Good,355.98,299.72,25.52,78.38,92.41,1.68,1.53,7.31,48.01,429.43,4.88,3.38,59.47,77.49
P074,Good,833.85,775.13,35.0,83.48,54.07,3.67,1.45,5.3,64.98,299.66,3.85,9.05,63.67,70.65
P074,Good,715.11,346.45,1.63,66.34,7.13,0.4,0.84,2.29,55.92,310.87,6.12,8.2,58.65,88.89
P074,Good,995.48,445.81,16.12,90.7,16.71,1.71,1.26,6.02,66.36,284.21,3.59,2.85,83.07,60.85
P074,Good,1430.77,310.41,24.47,59.04,21.64,2.18,1.2,3.69,49.86,290.53,8.7,3.24,78.36,56.55
P074,Good,1024.3,698.98,8.75,86.71,22.03,3.16,0.99,6.13,83.16,337.63,5.01,4.08,89.34,86.35
P074,Good,823.44,207.04,27.78,82.87,44.45,4.16,0.82,7.83,91.96,344.85,5.9,4.03,72.66,56.76
P074,Good,636.21,556.21,10.54,73.58,73.39,1.42,0.02,7.43,49.54,191.25,8.84,8.64,85.3,75.34
P074,Good,1006.64,665.75,17.4,77.99,80.37,4.42,1.09,7.26,64.81,379.24,3.96,9.27,50.33,50.94
P074,Good,375.8,472.56,4.32,89.61,44.22,1.29,0.61,6.39,69.26,412.85,4.95,2.18,61.35,48.7
P074,Good,401.89,749.79,29.3,75.09,27.64,1.68,0.52,2.47,65.25,222.37,4.47,4.15,81.0,58.24
P074,Good,1042.78,616.16,5.57,81.16,18.94,1.36,1.14,8.88,80.03,441.24,4.08,6.34,81.82,60.44
P074,Good,366.57,446.33,25.07,90.17,48.77,1.84,1.75,8.28,78.54,277.55,4.24,6.02,61.66,58.25
P074,Good,1181.83,669.85,13.65,91.32,10.46,3.85,0.66,1.34,64.17,362.4,6.71,7.52,98.69,54.87
P074,Good,534.09,640.47,31.64,60.17,86.06,0.25,0.51,5.67,67.2,194.86,5.33,8.39,76.99,78.85
P074,Good,1081.62,206.43,13.47,81.77,79.19,3.73,0.18,8.31,54.8,201.81,3.02,9.26,88.24,77.55
P074,Good,1087.32,213.01,18.92,73.23,49.25,1.57,0.35,5.46,85.67,183.16,5.76,2.08,85.04,48.61
P074,Good,1084.53,714.85,4.95,75.05,79.66,1.59,0.95,2.6,69.71,312.49,7.4,8.04,89.45,51.01
P074,Good,1223.27,566.24,1.06,81.28,64.23,3.1,1.75,6.62,54.13,350.57,5.17,8.18,60.04,84.07
P074,Good,1371.32,691.97,10.59,72.48,14.0,4.53,1.74,8.89,67.68,341.23,1.94,3.56,90.08,82.71
P074,Good,571.48,566.65,6.37,80.3,73.05,2.38,1.51,4.54,54.16,426.78,4.12,1.34,73.18,86.73
P074,Good,987.4,519.34,2.27,94.55,2.13,0.45,0.85,2.19,79.04,230.88,6.41,9.09,75.34,52.81
P074,Good,444.63,634.2,5.19,77.49,90.57,2.66,0.52,8.44,70.43,336.69,7.57,6.25,83.25,55.0
P074,Good,416.81,616.58,9.83,89.08,24.41,3.57,0.0,4.79,59.68,319.77,4.79,7.26,58.68,55.67
P074,Good,759.64,610.98,22.21,79.1,32.82,0.56,1.45,8.8,52.0,197.53,3.1,6.19,77.43,65.52
P074,Good,603.75,195.63,27.29,92.0,14.07,0.8,0.65,4.84,83.26,247.64,4.06,6.16,70.54,87.1
P074,Good,941.06,377.3,11.26,80.47,4.6,1.08,1.2,5.26,53.37,375.69,8.51,1.37,97.82,57.72
P074,Good,279.54,272.63,17.76,76.43,5.33,3.91,0.48,1.69,81.69,380.13,5.52,7.9,88.77,76.09
P074,Good,718.5,492.85,36.1,64.57,91.93,2.77,1.88,4.18,66.5,239.23,8.05,2.72,61.21,91.21
P074,Good,1128.36,384.85,23.65,64.86,71.91,0.47,0.72,8.76,69.96,284.56,4.97,7.63,73.23,72.94
P074,Good,407.9,155.2,5.51,84.51,67.92,2.93,1.55,1.11,66.26,257.26,1.17,3.76,63.67,85.89
P074,Good,1435.63,129.95,18.47,90.78,91.16,4.41,1.19,6.96,50.86,421.64,1.45,1.18,55.58,88.31
P074,Good,1047.69,656.49,10.62,86.69,33.18,4.31,0.42,3.48,87.24,446.45,1.95,1.88,70.65,92.57
P074,Good,643.18,372.04,23.91,83.83,56.84,1.6,0.27,5.65,82.13,272.42,2.78,1.72,83.4,52.59
P074,Good,787.92,385.66,22.35,79.74,0.84,3.95,0.41,1.97,85.87,389.8,5.02,8.46,58.38,47.78
P074,Good,557.53,274.21,9.32,85.15,17.43,3.84,0.1,3.11,83.66,384.37,8.11,5.68,73.04,71.61
P074,Good,744.22,162.52,28.96,67.34,78.13,0.32,1.23,8.28,55.58,397.12,9.34,8.01,86.61,75.68
P074,Good,392.68,228.28,3.54,69.97,15.99,2.25,1.13,4.01,82.13,196.21,6.95,2.64,80.85,56.59
P074,Good,894.35,395.54,26.22,79.12,22.48,0.93,1.7,8.66,74.21,241.78,2.27,2.69,96.0,51.71
P074,Good,467.14,578.84,31.65,61.86,24.53,1.36,1.59,2.54,65.54,406.23,8.02,7.45,92.58,54.04
P074,Good,353.78,575.1,28.0,96.83,79.17,0.39,0.59,1.59,86.74,314.61,2.32,3.79,95.89,70.68
P074,Good,937.04,420.14,25.12,87.0,35.49,3.88,1.03,3.38,71.88,275.72,7.48,4.34,84.71,78.08
P074,Good,1408.59,325.11,4.84,59.23,79.14,0.36,0.24,2.66,57.56,451.7,3.2,3.96,83.13,70.82
P074,Good,528.06,536.44,4.48,64.61,47.69,0.17,1.64,4.17,82.54,376.56,7.93,1.44,92.59,87.56
P074,Good,632.37,441.28,8.91,69.58,52.05,4.25,0.97,1.3,56.26,389.33,5.42,7.85,65.44,57.04
P074,Good,1460.95,468.39,25.62,84.42,47.92,0.63,1.53,3.66,65.52,452.19,6.94,6.07,86.14,75.88
P074,Good,553.88,274.43,31.01,81.3,45.3,2.57,0.27,3.33,73.39,266.11,2.88,8.25,89.13,81.93
P074,Good,729.38,208.35,16.31,89.24,2.64,0.24,1.75,5.66,61.28,452.64,9.07,3.57,85.8,68.77
P075,Unacceptable,469.76,329.63,10.76,55.16,39.24,0.77,0.88,5.29,38.36,127.87,4.18,3.29,44.86,31.7
P075,Unacceptable,436.08,180.52,13.1,52.76,54.69,0.07,0.86,1.02,41.91,298.61,2.77,4.52,63.79,44.91
P075,Unacceptable,970.95,120.63,9.4,53.67,20.07,1.94,0.62,3.43,55.65,121.01,4.46,1.63,57.48,43.37
P075,Unacceptable,299.15,222.95,6.77,39.68,15.82,3.0,0.56,4.78,32.84,145.98,1.32,6.14,34.73,44.74
P075,Unacceptable,184.84,288.59,10.07,39.34,65.04,0.27,0.7,4.38,49.01,136.35,4.86,5.12,36.83,38.12
P075,Unacceptable,710.23,273.69,10.34,41.63,10.88,2.44,0.19,1.89,31.55,225.76,4.12,5.1,39.61,40.69
P075,Unacceptable,323.9,311.06,10.42,44.12,39.43,2.78,0.93,2.69,45.45,255.82,2.27,3.8,63.9,29.86
P075,Unacceptable,184.17,70.76,24.06,61.83,54.63,2.97,0.47,1.32,30.41,240.72,5.58,0.83,44.25,50.08
P075,Unacceptable,353.82,400.0,2.04,62.55,8.51,1.53,0.21,6.06,58.66,130.48,1.63,0.84,26.65,48.11
P075,Unacceptable,713.13,482.51,3.83,40.06,44.11,1.44,1.15,4.04,41.56,334.02,3.57,4.48,47.9,49.16
P075,Unacceptable,910.92,291.93,23.6,53.02,53.93,1.74,0.94,1.65,34.93,117.95,3.1,0.8,49.73,41.78
P075,Unacceptable,521.94,378.69,4.18,36.78,41.21,1.93,1.11,2.11,66.86,224.24,1.12,1.63,42.38,60.59
P075,Unacceptable,319.8,271.99,15.53,38.59,12.79,1.87,1.26,4.54,38.49,126.47,2.49,4.52,45.49,45.78
P075,Unacceptable,372.39,161.03,10.66,53.02,52.78,1.85,0.26,4.23,65.41,139.99,4.07,1.15,34.53,43.48
P075,Unacceptable,344.58,143.61,15.48,47.7,6.68,2.19,1.1,5.15,46.5,239.6,4.49,3.22,39.3,40.7
P075,Unacceptable,859.69,140.0,5.56,60.69,32.05,0.15,0.34,2.71,43.91,149.06,2.79,1.94,59.27,39.75
P075,Unacceptable,913.05,436.12,20.59,45.08,32.32,3.26,0.48,4.2,50.39,184.18,2.92,0.89,47.92,47.32
P075,Unacceptable,380.48,542.28,20.11,40.39,44.73,2.75,0.76,5.45,58.8,259.29,4.85,4.06,56.71,40.04
P075,Unacceptable,261.95,428.19,23.09,39.97,18.11,2.69,0.45,0.93,44.63,173.44,3.74,2.11,37.14,33.28
P075,Unacceptable,583.47,135.93,4.52,64.66,24.04,2.71,1.01,2.63,53.88,263.2,2.17,3.84,48.46,40.1
P075,Unacceptable,790.15,295.76,13.72,66.75,51.61,1.48,0.31,2.38,34.03,267.98,2.33,6.36,52.14,46.05
P075,Unacceptable,581.3,389.79,14.24,39.46,22.09,1.95,0.36,5.17,45.09,212.9,3.02,2.09,33.4,42.02
P075,Unacceptable,405.77,483.12,12.98,41.25,48.33,0.43,0.82,1.1,36.45,212.96,4.49,2.72,47.22,59.87
P075,Unacceptable,602.48,258.01,6.91,53.46,49.66,0.7,0.33,1.35,44.07,197.89,4.12,1.34,36.75,41.38
P075,Unacceptable,821.15,182.37,21.63,60.56,33.86,2.07,0.34,5.45,55.17,261.51,3.01,0.76,32.86,44.34
P075,Unacceptable,277.25,341.19,8.62,58.21,15.92,1.53,0.62,0.98,42.84,123.63,1.63,2.0,60.76,59.36
P075,Unacceptable,504.39,350.96,7.97,62.8,4.31,0.48,0.76,2.93,53.68,221.17,6.25,1.36,30.47,51.45
P075,Unacceptable,306.12,426.58,11.24,57.21,45.62,1.46,1.07,1.22,54.29,338.32,2.11,2.77,43.38,28.31
P075,Unacceptable,720.6,65.0,22.11,34.27,53.44,2.15,0.9,3.52,40.97,186.6,4.58,4.26,27.6,47.88
P075,Unacceptable,393.87,491.82,8.97,49.96,34.24,1.87,0.84,5.71,66.57,238.19,6.06,2.15,36.28,33.18
P075,Unacceptable,833.59,510.93,20.76,55.94,17.71,1.05,0.82,1.08,37.4,291.57,3.63,0.84,35.02,35.13
P075,Unacceptable,429.4,210.8,16.79,41.13,22.46,0.95,1.12,4.62,37.52,218.84,5.35,2.6,35.7,45.21
P075,Unacceptable,335.07,67.91,18.9,59.63,26.74,0.95,0.09,2.77,39.16,243.3,2.56,3.32,46.85,66.74
P075,Unacceptable,945.21,64.79,9.19,50.63,14.86,3.35,0.4,5.97,33.64,254.15,5.09,4.25,57.56,28.7
P075,Unacceptable,764.11,310.48,1.33,35.73,63.54,2.35,0.08,4.12,44.2,152.12,1.91,0.95,35.81,44.93
P075,Unacceptable,717.97,311.81,14.23,55.29,23.25,1.15,0.17,4.53,47.47,325.99,4.13,0.84,49.81,47.06
P075,Unacceptable,486.32,177.44,14.34,57.13,9.75,2.43,1.0,3.77,55.03,259.92,3.1,1.7,36.61,43.59
P075,Unacceptable,802.56,79.94,6.57,59.58,25.26,2.36,1.14,1.53,30.52,178.34,5.13,2.48,36.92,47.65
P075,Unacceptable,722.48,332.26,10.59,46.81,7.78,1.27,1.08,3.35,33.35,253.4,3.14,6.7,55.99,55.92
P075,Unacceptable,462.96,303.8,10.33,42.12,10.88,1.65,1.0,2.48,49.46,240.81,3.47,2.09,38.06,37.72
P075,Unacceptable,813.06,75.61,12.93,49.42,68.88,2.84,0.75,4.05,39.64,231.43,2.73,0.66,30.81,51.12
P075,Unacceptable,707.14,452.79,15.06,42.61,21.57,0.11,0.59,4.51,31.22,228.26,1.43,4.87,46.91,43.96
P075,Unacceptable,374.56,147.97,10.1,48.62,25.04,2.78,0.68,5.29,51.89,241.02,2.82,3.06,55.27,41.31
P075,Unacceptable,488.14,210.2,10.43,49.0,17.2,0.55,0.49,6.1,38.01,139.88,1.63,4.24,33.78,55.65
P075,Unacceptable,499.34,550.65,9.93,56.01,50.53,1.34,0.27,3.41,40.92,205.49,3.37,3.05,29.11,33.53
P075,Unacceptable,585.47,63.1,14.43,41.87,36.87,2.41,0.7,1.54,52.25,229.06,4.35,3.35,53.56,56.57
P075,Unacceptable,284.61,266.64,7.97,46.71,34.93,1.96,0.11,3.16,29.44,245.39,4.82,1.75,32.39,45.51
P075,Unacceptable,248.46,329.25,5.87,45.6,31.69,0.35,0.64,3.01,47.87,155.91,1.77,4.99,29.72,36.16
P075,Unacceptable,216.66,154.61,19.98,52.64,25.12,2.91,0.6,5.88,34.84,150.45,4.08,6.38,59.95,59.2
P075,Unacceptable,855.81,371.75,6.57,40.08,9.47,2.02,0.95,2.24,41.21,190.18,2.0,1.81,35.83,55.49
P075,Unacceptable,676.81,390.7,21.25,39.03,22.52,0.53,0.89,4.18,34.29,157.82,2.11,1.23,35.18,37.02
P075,Unacceptable,450.85,155.17,2.92,42.15,65.15,1.68,0.07,0.56,32.77,168.29,5.8,5.77,38.75,49.72
P075,Unacceptable,315.39,353.23,14.9,48.35,27.75,0.8,0.24,1.03,45.55,211.1,3.63,4.67,43.46,30.68
P075,Unacceptable,378.11,122.05,17.29,42.66,3.52,2.15,0.72,0.77,62.9,166.92,4.85,3.06,56.1,57.56
P075,Unacceptable,458.79,155.8,8.21,57.25,9.36,0.35,1.01,5.73,54.11,161.98,4.55,1.72,41.71,31.14
P075,Unacceptable,723.82,59.3,12.38,53.61,34.7,0.77,0.75,5.11,33.31,257.78,4.95,1.15,53.33,40.67
P075,Unacceptable,260.25,81.22,0.94,40.98,41.43,0.87,0.96,4.41,42.94,213.37,5.24,2.77,54.33,45.32
P075,Unacceptable,667.42,383.13,1.99,59.51,46.88,0.08,0.89,4.33,35.51,241.6,5.36,0.68,36.32,63.01
P075,Unacceptable,531.78,162.48,10.74,52.0,1.27,2.61,0.98,1.89,51.04,216.17,4.37,4.13,53.71,65.24
P075,Unacceptable,652.69,73.88,16.22,41.57,44.7,0.69,0.15,3.77,54.69,246.31,2.13,4.14,58.1,41.83
P075,Unacceptable,823.49,309.47,4.78,42.65,7.17,1.45,0.2,3.48,55.86,260.54,1.64,1.99,53.98,46.96
P075,Unacceptable,790.21,115.9,12.0,50.17,35.12,2.11,1.26,4.01,39.95,130.13,3.26,5.2,41.32,45.56
P075,Unacceptable,256.53,149.34,15.03,44.08,18.61,0.22,0.84,5.24,44.71,251.14,4.78,2.57,51.17,33.27
P075,Unacceptable,591.1,501.16,3.71,47.64,28.64,1.39,0.97,5.5,47.78,216.32,4.51,1.6,42.03,62.04
P075,Unacceptable,283.02,288.98,4.79,53.07,32.3,2.45,0.46,3.09,64.8,322.37,3.21,1.07,47.12,51.88
P075,Unacceptable,263.67,143.23,21.0,36.92,58.42,1.16,0.4,2.12,42.61,256.51,4.71,4.89,42.79,28.72
P075,Unacceptable,283.19,231.77,4.96,57.74,22.99,1.54,0.5,2.31,61.58,212.55,2.4,4.71,32.77,55.91
P075,Unacceptable,230.65,309.06,17.23,58.88,12.33,2.11,1.22,4.37,29.54,206.04,6.38,5.62,59.39,40.96
P075,Unacceptable,187.17,151.3,4.38,54.96,56.36,0.49,0.26,3.87,64.45,216.1,2.02,2.49,32.57,60.72
P075,Unacceptable,498.97,82.75,21.84,38.18,48.73,1.96,0.04,1.41,40.08,224.1,6.43,3.77,45.05,54.88
P075,Unacceptable,620.58,270.58,17.61,57.11,26.69,2.82,0.02,6.26,35.24,211.07,1.38,1.2,45.0,48.88
P075,Unacceptable,875.85,401.73,11.87,48.28,10.18,2.82,0.82,2.72,58.6,214.65,6.01,5.0,44.41,38.91
P075,Unacceptable,583.53,422.11,10.55,45.96,66.9,1.78,0.46,4.32,43.79,189.35,5.4,1.09,49.11,39.34
P075,Unacceptable,461.93,291.03,6.79,46.07,29.83,0.78,0.4,5.89,45.81,145.28,5.28,4.54,54.15,61.41
P075,Unacceptable,480.32,398.72,12.17,48.21,40.5,1.36,0.26,2.39,30.69,280.35,3.25,0.91,43.63,51.49
P075,Unacceptable,526.47,235.92,22.42,33.71,63.26,1.11,0.92,1.98,55.44,306.63,6.0,0.73,57.26,37.15
P075,Unacceptable,260.68,353.61,1.91,39.37,16.16,1.04,0.35,5.24,60.5,132.49,4.45,5.09,35.13,48.55
P075,Unacceptable,492.92,373.76,12.59,39.99,13.44,0.39,0.76,1.74,26.4,201.41,0.89,2.66,52.78,52.08
P075,Unacceptable,972.25,214.02,4.1,34.84,47.47,1.65,0.47,4.86,67.16,246.47,4.58,4.88,51.79,46.73
P075,Unacceptable,562.62,209.15,11.46,44.54,3.31,2.26,0.05,1.58,53.93,215.24,0.72,4.37,37.31,27.92
P075,Unacceptable,391.91,356.05,6.94,65.63,18.11,1.59,0.01,1.45,60.93,115.04,3.11,5.04,62.58,53.15
P075,Unacceptable,609.08,416.11,10.45,44.54,15.68,1.32,0.31,5.66,36.14,308.37,5.87,3.48,32.93,36.37
P075,Unacceptable,369.23,335.01,4.42,62.51,0.73,2.09,0.86,3.53,41.56,232.37,1.77,3.8,47.39,40.27
P075,Unacceptable,720.68,502.13,10.9,32.29,50.75,2.39,0.73,1.89,40.94,152.9,1.03,2.12,42.57,41.67
P075,Unacceptable,189.28,275.17,1.6,43.35,14.15,0.6,0.65,3.59,60.88,148.27,4.66,4.86,57.63,52.03
P075,Unacceptable,219.12,156.14,14.14,41.8,29.65,1.82,1.01,5.05,61.97,278.31,3.32,6.36,47.4,50.64
P075,Unacceptable,472.99,63.64,18.46,39.31,34.47,2.13,0.3,5.71,53.85,160.74,1.19,3.16,58.64,28.69
P075,Unacceptable,192.63,114.7,10.86,32.99,7.77,1.63,0.02,4.94,43.83,178.61,2.52,1.74,48.19,35.58
P075,Unacceptable,742.38,393.72,9.15,35.86,10.78,1.46,1.03,6.28,51.21,275.75,3.94,3.37,54.25,32.93
P075,Unacceptable,416.64,308.87,7.11,42.83,45.47,2.49,1.3,3.73,53.99,166.56,4.25,5.44,43.53,47.71
P075,Unacceptable,608.31,112.08,6.07,61.85,1.72,1.44,0.4,1.26,28.42,207.7,0.81,4.35,44.13,55.28
P075,Unacceptable,188.0,359.4,11.32,39.71,11.63,1.17,0.3,3.34,46.21,308.56,1.85,3.93,56.48,61.92
P075,Unacceptable,772.6,466.55,17.18,42.47,50.1,1.06,0.51,5.71,67.63,210.64,6.55,4.64,28.29,62.74
P075,Unacceptable,435.72,146.37,4.04,49.4,35.23,0.31,0.19,1.96,50.02,246.02,1.14,1.62,36.02,56.22
P075,Unacceptable,916.31,116.21,18.01,45.47,61.47,1.49,1.16,2.21,50.85,222.06,4.46,0.75,64.41,43.27
P075,Unacceptable,428.1,90.69,8.65,43.92,3.67,1.04,0.94,5.3,57.89,131.17,5.95,5.63,27.04,35.7
P075,Unacceptable,286.65,217.02,2.36,45.95,42.61,3.28,0.94,1.41,35.49,196.81,2.93,2.94,40.48,67.38
P075,Unacceptable,239.7,223.46,3.87,53.68,27.18,1.85,0.92,6.03,37.61,299.22,6.12,4.16,33.89,49.66
P075,Unacceptable,507.22,250.66,6.32,49.83,6.14,1.14,0.15,5.38,41.35,251.34,4.68,1.2,54.46,31.15
P075,Unacceptable,630.16,468.85,16.24,55.12,38.24,0.37,0.93,4.33,43.42,139.52,4.16,4.58,35.58,40.65
P076,OK,727.56,602.68,12.23,64.97,45.57,3.96,0.56,1.98,41.05,254.63,2.42,7.11,84.56,69.94
P076,OK,714.71,319.41,32.05,54.65,0.7,2.86,0.18,5.5,76.1,240.71,4.81,5.62,53.87,47.06
P076,OK,251.86,611.3,27.82,54.25,55.62,0.47,0.35,2.29,87.41,351.38,6.07,6.69,55.59,56.58
P076,OK,1040.65,523.89,7.9,54.49,52.18,3.38,0.25,2.44,56.05,178.93,4.79,8.11,73.26,49.21
P076,OK,880.11,213.8,26.22,65.33,24.88,1.14,1.45,5.48,64.86,225.97,7.58,8.63,63.54,62.06
P076,OK,1196.47,217.35,4.09,67.3,31.34,2.75,1.15,7.74,52.95,169.16,3.35,1.61,77.9,49.69
P076,OK,1209.8,151.83,27.42,62.63,25.52,3.4,0.16,3.74,41.73,260.85,5.35,8.58,65.07,82.07
P076,OK,758.92,450.26,17.26,77.79,15.33,2.7,1.21,6.86,59.57,217.05,6.56,5.41,74.28,47.03
P076,OK,1196.83,245.47,27.29,83.12,69.04,2.47,0.17,6.2,44.68,322.96,5.99,5.66,73.04,62.66
P076,OK,380.53,260.81,30.76,63.91,54.7,2.98,1.54,2.11,62.99,171.23,6.9,6.72,52.98,57.19
P076,OK,849.1,555.95,5.77,59.34,82.44,3.93,1.0,6.45,61.61,407.38,6.54,5.51,66.21,53.43
P076,OK,977.64,488.58,16.59,65.21,1.85,3.03,1.04,6.3,75.63,228.56,2.82,6.0,42.85,64.86
P076,OK,727.95,125.46,5.82,79.42,53.12,3.83,0.47,1.87,80.48,419.88,1.87,8.07,85.66,59.73
P076,OK,339.09,638.32,25.63,55.36,6.13,1.36,0.96,4.15,83.52,339.88,1.1,3.91,51.66,61.78
P076,OK,803.89,577.07,13.99,50.67,58.94,0.46,0.1,5.64,62.88,221.3,6.99,5.38,74.17,53.95
P076,OK,781.59,163.82,13.96,81.19,47.55,4.19,0.43,3.65,75.21,247.01,3.14,4.46,67.87,69.86
P076,OK,1050.98,395.84,8.0,63.95,80.24,0.03,1.26,4.49,66.75,313.74,7.42,5.23,79.46,55.01
P076,OK,584.48,412.2,7.95,61.71,53.25,1.36,0.12,2.49,57.02,338.65,1.65,8.44,84.8,48.36
P076,OK,719.8,303.11,29.31,67.9,25.86,2.03,0.4,5.37,64.87,300.15,6.42,4.42,72.05,50.04
P076,OK,513.34,99.43,32.32,70.4,72.18,2.23,0.98,1.8,62.24,397.74,6.13,1.23,75.18,55.4
P076,OK,320.29,691.52,16.34,75.23,37.84,1.9,0.95,5.13,65.04,298.95,4.09,5.37,63.75,87.06
P076,OK,949.93,483.79,17.19,58.4,80.33,2.25,1.27,4.56,65.13,397.24,3.27,2.2,49.5,71.41
P076,OK,1005.83,445.08,4.94,69.29,82.33,2.16,1.37,7.99,80.16,424.65,1.4,5.71,50.24,62.69
P076,OK,1130.95,553.14,4.02,71.14,75.18,3.09,0.73,3.54,70.41,211.93,7.23,6.37,77.09,55.14
P076,OK,356.18,362.21,19.05,62.34,10.72,2.89,0.18,3.33,66.81,209.71,2.68,0.9,70.52,60.36
P076,OK,783.0,565.52,7.95,64.0,54.17,3.62,0.02,8.06,61.68,234.08,1.58,5.58,75.59,87.06
P076,OK,459.87,332.22,11.4,80.66,30.8,3.03,1.08,1.58,86.29,293.57,6.32,2.23,56.96,68.0
P076,OK,859.22,416.69,7.78,68.37,17.14,1.05,0.56,3.7,66.14,312.94,1.77,3.67,66.0,41.92
P076,OK,426.96,568.85,34.28,60.89,55.94,3.5,0.7,7.81,87.25,378.39,6.85,5.04,64.12,71.7
P076,OK,1147.3,372.41,32.51,81.05,4.36,2.52,0.87,5.7,60.98,268.3,5.77,1.58,68.44,72.23
P076,OK,782.17,387.75,31.2,64.17,27.23,3.55,0.91,4.17,45.62,234.9,6.79,1.96,52.7,72.77
P076,OK,881.92,395.73,18.97,79.88,42.65,1.05,0.29,2.85,58.02,351.73,1.87,4.13,81.04,80.18
P076,OK,748.13,294.17,5.32,70.09,57.18,2.96,0.18,6.18,71.19,294.12,3.66,2.42,59.13,61.99
P076,OK,1222.42,96.34,30.33,53.61,44.93,1.0,0.48,7.23,84.41,340.08,1.81,7.77,65.55,76.04
P076,OK,418.63,123.31,26.13,58.66,74.45,0.58,0.32,5.0,68.91,365.57,6.21,2.31,55.65,53.12
P076,OK,406.25,134.61,31.03,71.65,59.48,0.94,1.08,1.13,50.54,227.22,8.06,2.23,67.79,50.81
P076,OK,847.08,596.19,3.55,78.67,55.86,1.35,0.38,8.24,64.8,179.91,3.54,7.18,70.38,41.6
P076,OK,619.33,207.92,9.24,82.47,70.11,2.77,1.04,7.45,82.76,424.09,0.96,5.51,73.66,76.87
P076,OK,1102.63,284.45,7.31,64.18,1.54,1.75,0.09,3.02,72.03,245.26,2.02,1.88,60.92,62.95
P076,OK,372.07,533.95,20.16,71.5,2.1,3.81,1.11,7.42,79.42,192.42,2.79,5.84,50.02,45.45
P076,OK,1133.86,247.81,21.92,75.06,14.45,1.73,1.18,6.81,76.2,315.93,8.72,1.59,75.7,46.75
P076,OK,454.23,587.15,26.54,59.94,37.16,3.2,0.38,8.59,73.02,186.98,5.79,4.31,89.42,81.39
P076,OK,953.1,641.62,17.85,54.98,53.6,0.51,0.69,6.54,52.29,398.56,2.69,3.09,46.04,80.3
P076,OK,918.38,468.38,29.49,89.47,14.03,0.73,0.63,2.02,65.1,424.92,1.5,3.94,65.21,66.26
P076,OK,1137.47,380.85,19.91,81.78,65.34,0.16,0.54,6.78,77.55,276.34,2.87,6.58,71.16,57.22
P076,OK,1036.84,291.93,14.82,72.41,55.1,0.83,0.64,6.19,72.1,390.83,6.02,8.29,68.29,76.77
P076,OK,542.83,439.93,16.25,73.83,85.95,1.75,0.68,4.48,74.25,266.8,6.03,8.4,64.66,48.21
P076,OK,849.58,205.24,23.38,70.04,80.3,4.25,0.79,1.2,71.18,374.76,7.58,4.9,78.82,74.35
P076,OK,569.86,711.91,19.39,82.93,0.31,2.34,1.56,2.07,69.3,254.89,5.31,1.31,62.64,74.45
P076,OK,650.1,387.06,5.64,84.77,15.53,2.77,0.51,5.63,57.34,342.46,3.0,1.69,51.33,47.37
P076,OK,1003.79,436.04,9.95,59.18,74.08,0.29,0.21,1.89,77.6,224.22,8.41,4.44,51.48,66.18
P076,OK,306.36,116.44,6.37,54.43,50.28,1.75,1.45,1.28,55.66,214.77,2.11,1.5,55.23,70.96
P076,OK,1173.86,395.01,10.84,63.8,0.85,0.5,0.11,4.72,79.02,375.61,2.48,4.67,63.99,61.52
P076,OK,664.39,681.73,19.32,75.23,49.7,2.12,0.31,8.09,77.52,228.1,2.98,7.57,79.19,88.22
P076,OK,749.11,128.12,21.61,67.65,30.7,4.18,1.18,2.11,71.7,344.19,1.81,7.11,74.34,77.97
P076,OK,379.72,648.73,5.79,73.26,10.73,3.36,0.22,3.94,54.31,358.89,1.36,7.82,85.08,64.57
P076,OK,1026.2,292.63,17.12,72.09,31.32,0.7,0.59,8.37,43.01,251.89,2.61,3.4,56.44,57.24
P076,OK,1175.67,339.42,25.13,83.35,13.6,2.43,1.08,4.57,55.37,412.99,8.09,2.18,54.78,56.29
P076,OK,657.4,478.55,22.1,78.0,42.06,3.5,0.0,2.3,67.26,203.85,4.18,1.29,70.39,69.4
P076,OK,1027.59,404.74,23.27,75.71,31.34,0.12,0.88,2.88,78.52,320.48,2.57,4.48,50.37,74.93
P076,OK,796.99,183.62,17.27,81.84,38.31,3.31,1.55,2.52,48.92,367.35,3.15,4.36,63.12,79.97
P076,OK,1253.55,183.03,2.19,72.86,80.84,3.56,1.23,5.63,54.6,231.5,4.49,3.29,82.56,82.87
P076,OK,359.1,283.22,2.13,67.26,23.03,1.15,1.25,7.01,50.07,312.86,2.3,4.08,58.41,73.74
P076,OK,890.52,383.79,4.58,75.89,87.92,0.64,1.58,3.84,84.03,252.7,5.61,7.35,78.56,81.79
P076,OK,635.51,339.9,25.71,54.19,35.71,3.08,0.67,7.96,48.51,334.79,2.23,2.85,44.51,80.27
P076,OK,254.96,315.39,6.29,64.97,54.55,0.03,0.75,5.92,67.82,356.27,5.41,5.67,82.05,65.65
P076,OK,940.76,342.83,5.6,55.6,45.21,2.19,0.45,2.12,52.39,210.18,6.53,1.67,44.64,75.18
P076,OK,374.74,122.93,34.34,54.51,12.23,3.17,1.14,5.6,55.48,229.9,5.2,4.6,80.5,47.35
P076,OK,328.57,496.69,5.2,78.05,41.19,3.45,1.37,3.19,62.07,237.63,3.81,3.11,60.28,57.99
P076,OK,1193.28,140.98,15.21,71.15,71.69,3.38,1.31,2.84,71.69,415.21,1.89,0.98,54.0,84.48
P076,OK,1014.54,515.96,21.26,68.66,20.53,2.27,1.33,4.2,53.91,195.43,1.53,1.68,56.42,86.27
P076,OK,370.21,511.48,26.63,71.74,12.1,0.07,0.23,6.53,86.15,383.58,7.34,1.77,50.06,57.66
P076,OK,521.23,491.38,14.81,65.17,30.02,1.02,0.29,7.24,50.42,273.2,8.12,1.83,41.85,70.08
P076,OK,751.35,194.93,15.48,68.43,79.14,0.66,0.36,3.98,51.41,352.04,2.14,6.34,76.61,60.84
P076,OK,623.34,366.41,12.56,77.02,22.9,4.35,0.94,6.63,59.38,410.1,2.1,5.54,84.08,46.33
P076,OK,377.16,499.37,25.95,77.14,10.98,0.56,1.27,8.35,45.44,290.03,1.81,3.81,49.27,53.71
P076,OK,684.82,129.33,24.48,59.33,3.48,1.59,0.89,8.94,66.78,424.99,1.36,0.93,44.54,47.31
P076,OK,826.64,89.24,25.95,72.2,80.8,1.22,1.63,7.26,66.03,401.16,5.97,3.8,78.4,46.26
P076,OK,1051.04,577.76,20.77,59.86,52.39,1.07,0.91,7.22,64.52,330.72,7.59,4.81,60.82,67.09
P076,OK,512.26,289.74,10.37,64.55,86.05,2.5,0.48,2.43,57.12,196.3,7.41,1.22,73.28,44.19
P076,OK,1156.56,638.57,29.97,73.79,73.05,0.12,1.04,3.28,46.63,233.8,7.9,6.37,49.53,53.79
P076,OK,407.12,248.17,8.46,49.09,13.36,1.15,0.5,4.35,50.57,444.0,6.85,8.3,62.13,44.75
P076,OK,607.0,546.46,15.21,63.46,57.34,3.36,1.09,6.36,55.62,232.47,1.38,1.8,57.89,51.72
P076,OK,795.89,184.62,13.22,83.28,22.26,0.45,0.81,6.19,84.56,376.99,6.36,6.84,79.34,65.6
P076,OK,1135.44,528.05,29.52,83.24,22.57,3.81,0.55,5.69,49.01,363.95,7.01,4.34,43.35,68.33
P076,OK,1337.72,342.58,22.38,81.75,28.15,2.18,0.49,3.48,65.35,277.13,7.16,5.26,43.71,64.98
P076,OK,489.41,245.67,20.67,83.45,74.78,3.7,0.64,2.54,80.65,358.74,7.55,5.06,51.88,76.52
P076,OK,306.17,439.19,11.95,77.43,63.6,2.65,1.51,6.08,78.51,334.41,2.95,4.76,64.67,63.62
P076,OK,977.41,650.54,5.01,61.6,51.55,1.12,1.22,3.95,65.61,271.03,6.88,7.59,81.7,83.24
P076,OK,1094.74,628.98,12.67,80.95,43.64,3.52,1.48,2.86,57.8,308.61,7.34,2.07,55.81,57.48
P076,OK,992.63,125.51,6.11,50.82,44.64,2.55,0.17,4.35,58.69,196.92,6.02,5.21,85.58,55.47
P076,OK,302.35,683.98,2.91,86.09,38.12,0.87,1.05,1.69,43.15,234.81,3.87,6.83,63.39,49.41
P076,OK,1166.34,486.92,15.57,66.57,9.77,0.63,1.02,6.03,46.23,341.37,5.06,2.33,55.88,69.59
P076,OK,1078.56,121.2,32.59,60.95,68.3,1.3,1.52,3.49,79.75,168.81,2.86,5.03,83.55,69.64
P076,OK,322.92,350.25,2.48,82.35,74.25,3.22,0.44,7.86,76.79,318.67,4.73,7.24,72.4,55.12
P076,OK,1321.67,354.25,9.66,81.81,16.17,1.24,1.35,3.21,47.99,244.1,2.11,6.48,70.06,48.84
P076,OK,630.11,675.93,16.45,59.78,25.47,0.26,0.68,8.11,49.94,267.28,1.06,5.38,79.47,42.12
P076,OK,281.49,170.64,7.23,70.91,36.34,1.33,0.84,7.65,74.7,345.56,4.89,2.6,78.93,51.59
P076,OK,251.57,619.08,5.56,65.25,19.95,3.1,1.27,7.15,79.24,185.45,7.89,0.97,79.85,82.38
P076,OK,1175.99,493.09,14.5,73.41,12.03,1.21,0.79,7.3,69.15,197.7,1.87,2.09,86.75,68.98
P077,Needs Improvement,697.19,365.83,19.66,53.34,64.41,0.92,0.22,5.5,53.34,369.98,7.66,5.19,44.74,62.68
P077,Needs Improvement,400.27,328.66,15.7,53.45,52.63,2.76,0.6,4.39,55.36,308.75,1.01,3.54,67.32,57.94
P077,Needs Improvement,477.38,419.38,20.49,65.98,18.53,0.23,0.22,2.51,59.75,329.9,5.55,2.27,63.87,59.39
P077,Needs Improvement,528.84,532.28,13.17,66.95,33.51,0.89,1.17,6.64,65.19,182.48,7.61,2.03,49.25,47.02
P077,Needs Improvement,390.16,395.87,24.52,54.7,52.12,3.12,1.04,4.1,39.26,161.9,5.57,1.73,59.72,45.79
P077,Needs Improvement,380.3,96.78,4.13,66.88,28.54,2.9,0.77,5.25,38.23,223.76,4.16,6.96,52.89,36.47
P077,Needs Improvement,488.69,326.38,3.95,64.02,20.83,3.64,1.05,4.66,62.89,295.77,4.88,5.89,53.08,58.13
P077,Needs Improvement,241.94,156.67,18.28,59.8,65.58,3.71,1.04,6.11,50.78,219.96,5.56,4.92,56.29,44.78
P077,Needs Improvement,895.83,403.77,5.87,71.24,64.16,3.37,0.45,4.57,55.53,231.62,4.53,5.46,46.19,66.2
P077,Needs Improvement,448.31,291.96,24.85,47.88,22.4,2.43,0.5,5.35,62.06,287.63,1.93,6.43,67.52,73.3
P077,Needs Improvement,517.43,182.44,29.14,70.66,64.36,2.79,1.12,5.52,74.29,361.42,2.96,5.65,67.67,65.39
P077,Needs Improvement,722.49,354.53,20.54,65.61,33.93,2.91,0.58,3.84,47.22,187.53,3.94,1.12,61.77,45.81
P077,Needs Improvement,270.73,537.63,6.67,75.73,5.98,0.43,1.14,4.95,48.04,229.21,1.2,5.11,62.64,45.58
P077,Needs Improvement,549.37,385.92,15.87,78.34,68.0,3.36,0.69,2.43,42.59,327.33,5.73,3.98,65.43,69.38
P077,Needs Improvement,552.11,394.24,10.17,54.07,45.39,2.89,1.18,6.12,69.44,198.48,6.71,3.3,40.53,64.83
P077,Needs Improvement,800.0,212.49,19.72,59.46,57.99,3.38,0.03,1.16,39.13,174.25,6.04,1.58,49.84,70.59
P077,Needs Improvement,738.18,358.56,31.48,50.82,54.68,2.54,0.88,3.01,37.45,237.84,6.64,2.11,43.16,53.63
P077,Needs Improvement,404.48,78.38,17.77,64.13,54.13,0.84,0.25,4.45,61.64,367.79,2.48,2.06,55.96,74.95
P077,Needs Improvement,214.82,378.21,4.0,62.17,53.36,1.17,0.82,5.72,59.63,196.79,3.34,1.47,57.59,47.38
P077,Needs Improvement,372.58,85.73,6.09,77.81,1.88,3.26,0.46,5.3,66.66,155.67,7.23,2.12,62.29,70.04
P077,Needs Improvement,592.78,364.58,11.6,56.43,1.33,2.39,0.17,5.06,67.97,173.17,6.37,4.81,62.58,75.33
P077,Needs Improvement,711.11,492.83,7.33,44.97,76.16,2.11,0.94,2.08,59.44,203.42,4.55,3.81,61.09,39.15
P077,Needs Improvement,857.45,520.63,14.54,56.18,16.0,2.08,0.55,6.08,73.17,216.36,7.18,5.72,44.3,56.3
P077,Needs Improvement,391.35,401.52,26.47,51.74,47.17,2.89,0.62,1.15,39.85,303.86,1.09,3.21,56.63,65.96
P077,Needs Improvement,517.07,92.04,15.99,45.09,17.77,3.77,0.34,1.68,42.16,326.24,3.86,3.18,50.13,73.96
P077,Needs Improvement,612.7,453.03,21.34,46.5,6.81,3.5,0.48,1.48,51.19,327.3,4.17,6.28,69.91,54.04
P077,Needs Improvement,915.65,182.92,26.29,61.96,11.7,2.02,0.68,3.26,66.28,250.48,5.62,6.7,48.78,57.87
P077,Needs Improvement,587.88,427.46,31.09,52.17,53.17,1.28,1.57,1.5,72.7,295.75,0.86,2.7,55.54,70.16
P077,Needs Improvement,908.92,143.75,22.72,65.6,20.37,2.08,0.96,7.22,53.92,173.37,3.07,4.62,56.63,62.63
P077,Needs Improvement,587.8,350.4,0.98,58.7,45.92,1.77,0.82,2.04,43.94,238.23,7.42,5.56,58.25,62.44
P077,Needs Improvement,1008.12,214.38,22.03,71.12,13.08,2.71,0.84,1.97,52.46,179.24,0.95,3.61,42.15,53.65
P077,Needs Improvement,1156.05,592.21,19.6,70.26,62.22,3.43,0.8,5.15,51.71,323.4,3.24,1.78,47.47,61.17
P077,Needs Improvement,558.93,338.58,27.0,65.8,36.74,1.04,1.37,5.16,40.03,218.96,7.47,3.26,72.28,66.04
P077,Needs Improvement,619.91,174.98,28.65,59.82,22.47,3.56,0.02,1.43,43.11,245.06,4.13,5.28,73.75,40.7
P077,Needs Improvement,355.75,447.63,17.26,54.34,38.46,0.31,0.93,4.0,45.91,237.41,7.0,5.65,40.51,52.8
P077,Needs Improvement,1130.22,229.74,28.94,49.85,46.17,3.17,0.62,4.7,42.77,167.86,4.87,1.41,52.06,63.67
P077,Needs Improvement,1103.0,292.89,27.36,56.51,55.49,0.63,1.19,5.85,67.93,346.29,4.02,5.12,51.95,47.3
P077,Needs Improvement,539.1,267.38,21.59,53.72,56.86,0.73,1.17,4.94,53.06,319.51,3.6,4.33,51.23,59.66
P077,Needs Improvement,1018.91,571.3,20.12,63.01,55.21,0.55,0.27,4.59,61.98,270.51,7.21,7.32,56.78,51.0
P077,Needs Improvement,389.15,377.61,21.37,69.74,61.8,2.79,0.42,4.18,55.02,367.61,5.88,6.73,73.17,55.25
P077,Needs Improvement,976.75,210.57,11.44,64.14,43.14,2.45,1.47,3.26,68.04,176.14,2.34,2.8,43.54,72.41
P077,Needs Improvement,565.09,146.15,5.25,54.48,59.14,0.6,1.46,6.97,46.41,385.04,4.1,0.77,50.83,61.1
P077,Needs Improvement,288.7,550.71,16.98,73.69,51.91,0.18,1.24,7.27,53.13,257.77,4.99,2.57,57.68,49.08
P077,Needs Improvement,560.16,519.2,17.81,47.71,36.45,0.23,0.73,2.21,47.73,246.75,7.1,3.13,48.88,49.45
P077,Needs Improvement,622.49,209.6,7.57,57.25,35.48,2.34,0.92,3.56,66.11,292.35,5.3,5.58,48.03,48.25
P077,Needs Improvement,687.63,147.59,26.7,55.05,75.04,1.19,1.16,4.42,57.09,185.2,1.2,5.51,70.39,53.65
P077,Needs Improvement,447.93,123.52,4.45,50.06,50.82,3.88,1.09,1.96,69.06,237.12,3.45,4.6,56.6,46.61
P077,Needs Improvement,511.97,562.13,15.54,62.69,59.1,3.76,0.38,3.65,41.76,295.65,4.7,2.1,63.2,39.9
P077,Needs Improvement,931.57,549.41,27.5,72.65,17.81,0.88,1.13,3.27,54.02,166.02,2.03,6.6,50.99,48.12
P077,Needs Improvement,369.87,113.85,22.45,57.4,15.98,3.13,1.36,6.94,55.29,267.18,3.26,4.65,54.14,61.66
P077,Needs Improvement,766.15,360.52,17.03,61.47,22.27,3.23,0.34,3.37,42.2,313.22,1.02,6.9,55.65,70.26
P077,Needs Improvement,369.41,276.71,6.28,61.69,17.94,2.79,0.99,6.37,63.65,203.48,3.73,5.13,76.9,58.64
P077,Needs Improvement,294.71,251.76,6.69,67.24,63.39,0.36,0.87,2.41,49.96,195.73,4.78,6.32,75.1,66.57
P077,Needs Improvement,730.98,80.46,28.86,77.26,9.04,3.66,0.96,4.82,58.8,373.41,0.83,5.65,48.77,57.81
P077,Needs Improvement,981.32,538.31,27.96,46.64,62.0,2.83,0.75,7.18,65.38,306.2,2.3,7.71,56.97,70.33
P077,Needs Improvement,866.02,567.11,0.96,65.52,78.16,2.74,1.07,5.95,58.73,186.23,7.34,1.04,41.65,69.62
P077,Needs Improvement,949.23,80.41,7.78,46.78,41.43,2.77,1.15,5.93,41.44,234.43,3.78,2.61,43.77,72.16
P077,Needs Improvement,433.44,108.13,20.8,60.75,11.09,1.83,0.21,5.1,64.21,341.52,4.4,1.0,62.86,65.01
P077,Needs Improvement,726.64,85.67,4.44,72.54,77.83,1.49,0.92,7.25,38.86,261.14,6.55,7.47,64.32,39.25
P077,Needs Improvement,386.7,164.62,23.2,68.62,48.94,0.19,1.25,5.42,53.35,333.22,6.17,1.38,60.39,46.57
P077,Needs Improvement,355.59,296.15,2.36,49.35,68.22,3.68,1.23,2.76,46.17,307.32,7.09,6.54,50.55,60.17
P077,Needs Improvement,923.68,410.12,28.3,74.72,34.86,1.45,0.42,1.14,45.24,270.2,2.95,4.86,59.47,42.93
P077,Needs Improvement,471.26,393.87,23.24,48.81,33.72,1.64,1.01,0.96,44.6,272.58,1.56,3.38,60.02,71.74
P077,Needs Improvement,354.67,302.76,11.07,67.78,43.43,0.94,0.12,1.67,66.54,254.98,6.34,1.67,52.06,64.14
P077,Needs Improvement,1157.85,185.96,27.38,71.49,37.93,0.25,0.62,2.46,66.54,347.47,5.75,4.97,42.97,39.66
P077,Needs Improvement,783.83,315.71,3.05,46.92,55.58,0.25,1.09,3.57,40.21,244.57,6.41,3.3,62.43,67.07
P077,Needs Improvement,287.22,508.31,11.38,68.93,47.92,2.13,0.6,2.62,55.88,283.04,5.37,4.38,67.14,72.01
P077,Needs Improvement,374.31,587.88,1.39,49.49,47.1,2.44,1.06,6.77,55.6,223.14,3.32,6.07,53.93,61.52
P077,Needs Improvement,898.0,244.82,11.99,53.77,67.88,3.82,0.41,2.6,62.92,179.63,2.75,0.75,67.26,56.56
P077,Needs Improvement,480.97,438.18,8.38,50.04,16.59,0.16,0.86,5.6,57.03,236.88,7.57,5.98,67.47,39.17
P077,Needs Improvement,250.76,514.44,10.37,65.45,2.78,1.24,0.49,6.66,64.76,264.46,2.66,5.83,43.66,43.66
P077,Needs Improvement,928.68,566.73,1.68,66.46,21.75,2.39,0.41,6.18,79.19,276.86,1.39,2.22,68.39,54.66
P077,Needs Improvement,899.29,384.5,13.12,43.81,76.75,1.94,0.15,6.43,46.76,184.86,5.63,0.97,50.63,58.73
P077,Needs Improvement,812.77,547.73,7.34,49.57,34.61,2.07,0.87,2.04,59.21,310.48,5.57,3.39,63.91,70.52
P077,Needs Improvement,848.49,513.38,27.1,53.32,17.92,1.25,0.35,6.13,41.74,257.36,4.46,1.89,41.26,46.28
P077,Needs Improvement,1020.3,486.88,4.67,63.43,52.1,0.65,0.92,3.75,51.59,161.18,5.13,2.42,65.37,47.49
P077,Needs Improvement,1013.85,239.79,21.82,46.85,2.6,2.54,0.3,5.84,50.32,210.69,4.13,1.48,42.11,61.04
P077,Needs Improvement,285.72,372.02,14.13,56.59,4.59,0.15,1.43,2.05,57.56,349.24,5.63,1.53,72.3,55.05
P077,Needs Improvement,681.76,604.78,10.26,63.8,65.92,0.94,0.0,3.68,72.66,314.33,7.26,4.13,43.57,44.28
P077,Needs Improvement,315.8,107.75,1.96,57.29,1.39,2.4,0.59,1.3,36.68,323.52,6.01,1.76,56.01,56.33
P077,Needs Improvement,480.68,145.74,14.32,57.22,37.8,0.45,1.22,5.78,62.92,161.31,4.43,5.54,43.0,50.81
P077,Needs Improvement,511.12,138.62,11.47,69.13,52.03,2.64,1.06,2.54,56.31,333.23,3.11,6.83,38.47,73.53
P077,Needs Improvement,651.11,229.79,24.25,64.33,64.5,0.02,0.08,1.3,59.05,260.87,6.76,0.82,62.79,59.65
P077,Needs Improvement,264.2,478.81,23.52,51.85,68.44,1.9,1.15,4.19,65.51,351.18,2.25,1.45,52.66,47.55
P077,Needs Improvement,1001.86,322.1,3.82,47.14,2.02,0.31,0.73,6.78,37.16,243.57,3.33,3.66,62.58,59.1
P077,Needs Improvement,397.13,549.19,17.42,46.3,13.75,0.28,0.81,3.7,55.14,180.39,2.81,5.33,62.75,37.28
P077,Needs Improvement,795.71,164.31,15.05,57.79,51.1,0.12,0.5,2.49,73.0,233.26,3.88,6.56,42.38,75.4
P077,Needs Improvement,608.7,336.07,5.32,60.09,32.76,1.57,1.17,1.79,40.69,209.55,1.7,5.65,56.33,46.42
P077,Needs Improvement,1011.03,80.43,13.07,53.04,35.07,2.7,0.1,4.11,48.0,244.06,4.67,4.09,46.63,55.37
P077,Needs Improvement,720.62,385.11,20.17,70.06,9.06,0.43,0.82,1.83,53.6,268.77,6.16,2.5,69.97,46.46
P077,Needs Improvement,1169.04,535.49,9.98,57.98,75.55,0.57,1.27,5.95,40.25,204.3,5.74,1.57,59.21,61.61
P077,Needs Improvement,305.12,249.29,7.59,45.48,76.13,2.55,1.32,4.69,52.02,318.62,1.44,7.03,43.23,47.23
P077,Needs Improvement,731.57,567.87,25.55,52.7,8.49,2.7,0.59,4.96,41.86,218.46,4.8,0.97,46.43,41.32
P077,Needs Improvement,312.64,142.99,11.74,61.94,17.98,3.5,1.11,6.92,73.84,267.37,7.57,2.45,37.22,73.24
P077,Needs Improvement,1141.33,328.28,8.08,51.58,53.61,3.13,1.0,1.37,40.56,245.25,2.92,4.74,69.36,61.06
P077,Needs Improvement,442.26,274.94,23.63,61.61,28.92,3.2,0.14,3.41,46.35,219.21,1.5,3.07,43.64,56.13
P077,Needs Improvement,1044.55,471.19,18.31,50.85,71.73,3.33,0.31,1.24,54.11,214.03,3.79,2.54,49.61,49.28
P077,Needs Improvement,424.86,386.15,5.08,43.47,14.81,1.55,0.2,5.88,58.54,227.67,7.82,1.97,52.84,42.33
P077,Needs Improvement,527.07,396.65,9.56,59.35,8.46,0.66,0.27,1.51,40.81,191.03,1.73,4.26,41.42,64.54
P077,Needs Improvement,778.87,437.35,2.99,50.5,58.83,3.08,0.85,3.76,65.01,153.14,2.64,4.37,42.2,70.06
P078,Very Good,1233.94,589.99,26.93,80.71,62.7,1.63,1.47,4.4,62.53,369.3,1.14,9.0,57.96,54.25
P078,Very Good,436.61,532.32,10.85,72.55,60.64,3.38,0.25,3.33,73.5,370.53,9.34,1.29,57.49,58.09
P078,Very Good,1168.36,621.39,18.95,71.14,52.76,5.11,1.38,4.97,97.02,433.55,2.86,2.52,67.51,84.1
P078,Very Good,1417.95,254.72,19.76,67.68,69.43,3.37,1.47,6.41,62.26,530.66,10.69,9.79,57.21,66.85
P078,Very Good,1374.17,747.42,29.78,104.11,31.55,0.48,0.14,6.45,64.97,456.91,6.13,9.48,66.68,95.25
P078,Very Good,1188.02,759.67,18.85,76.4,87.59,4.77,1.61,9.14,99.61,220.01,2.9,6.54,57.84,72.78
P078,Very Good,1324.87,675.38,5.45,78.72,16.99,0.71,1.49,5.06,100.26,318.97,1.78,1.65,61.58,80.22
P078,Very Good,581.43,163.23,26.17,88.02,14.99,4.29,0.79,4.75,103.0,339.45,3.96,8.59,93.25,88.69
P078,Very Good,711.06,524.13,13.64,78.25,22.18,2.39,0.66,4.82,70.33,353.62,7.14,5.88,79.24,68.21
P078,Very Good,516.24,593.97,17.82,67.79,30.93,3.44,1.06,3.97,68.01,311.82,7.94,10.62,67.58,86.42
P078,Very Good,467.53,711.17,20.06,92.01,78.36,0.71,1.45,7.67,70.93,477.9,7.27,9.31,100.83,83.67
P078,Very Good,1195.61,567.9,11.89,62.18,79.24,1.16,1.46,10.17,89.08,418.84,9.45,4.34,86.7,85.07
P078,Very Good,582.3,127.31,2.58,104.01,75.15,1.33,0.86,10.56,77.98,455.02,1.61,1.86,56.5,73.63
P078,Very Good,1358.39,488.32,32.61,93.96,27.61,4.41,1.51,3.73,106.57,247.06,2.71,4.71,64.41,94.83
P078,Very Good,988.02,738.53,22.66,101.0,98.77,2.92,0.72,7.9,90.89,244.59,9.07,3.64,92.75,89.26
P078,Very Good,587.12,181.89,36.1,66.75,79.91,0.84,0.96,5.0,83.79,239.17,7.97,5.29,69.74,59.16
P078,Very Good,1590.79,214.66,17.27,73.46,14.0,5.1,0.21,5.98,62.8,430.95,8.18,4.96,83.14,67.33
P078,Very Good,508.01,669.07,21.66,98.55,100.37,4.81,1.76,7.85,60.3,288.96,1.25,3.06,88.01,62.39
P078,Very Good,528.71,202.29,22.29,106.99,69.18,0.88,1.81,1.08,83.91,223.08,6.6,2.61,73.77,64.38
P078,Very Good,588.78,165.82,19.04,106.55,14.87,1.25,0.88,9.74,59.1,402.91,7.1,3.01,65.23,88.89
P078,Very Good,1135.0,601.12,17.61,101.64,65.83,1.56,0.94,9.66,61.17,491.45,7.47,8.23,78.12,101.12
P078,Very Good,515.37,235.75,19.75,89.53,76.72,2.19,0.03,3.3,64.56,421.08,5.11,7.01,55.52,99.45
P078,Very Good,350.79,656.9,10.66,78.59,64.75,3.18,0.84,4.97,73.53,391.04,1.67,7.87,100.64,94.17
P078,Very Good,539.41,418.25,39.4,85.54,95.45,3.32,0.14,6.64,83.22,544.11,6.18,2.47,91.95,77.09
P078,Very Good,869.61,272.59,5.76,64.88,57.38,2.68,1.66,3.01,69.8,425.69,5.11,7.82,108.19,97.8
P078,Very Good,401.84,426.45,27.94,65.45,102.28,3.29,1.75,5.79,79.65,377.82,2.42,6.59,103.55,93.49
P078,Very Good,571.64,132.13,26.88,64.42,98.72,2.54,1.64,9.96,91.83,391.69,1.4,2.45,94.88,101.2
P078,Very Good,980.1,132.26,12.4,74.85,38.7,1.99,0.22,3.86,103.61,474.8,10.09,3.44,78.3,76.47
P078,Very Good,442.39,105.98,6.23,91.27,23.66,1.6,1.98,3.43,51.69,429.6,7.47,3.85,57.47,55.93
P078,Very Good,895.52,570.65,16.28,93.05,84.51,4.61,1.39,1.17,57.08,232.03,7.56,8.6,96.62,70.38
P078,Very Good,861.61,287.97,31.07,103.08,75.01,3.17,0.84,4.54,101.06,261.3,3.25,5.09,97.1,60.52
P078,Very Good,1335.84,695.97,25.94,90.68,25.81,1.6,0.48,5.07,57.04,310.76,7.27,8.55,58.65,94.09
P078,Very Good,619.12,458.07,13.2,88.99,76.33,3.46,0.2,7.38,86.93,482.76,1.52,1.82,74.45,70.65
P078,Very Good,1381.91,666.38,36.52,104.47,46.12,4.06,0.07,4.39,94.8,404.69,6.44,7.44,98.09,93.25
P078,Very Good,1404.04,858.32,13.58,71.71,34.35,4.33,1.68,7.16,92.64,463.44,2.44,7.6,67.42,67.61
P078,Very Good,434.93,409.04,39.39,99.22,66.15,2.99,1.36,1.1,91.51,385.14,3.33,7.2,61.49,54.16
P078,Very Good,537.97,665.28,37.37,65.61,72.04,4.82,1.68,2.36,96.52,490.1,6.67,8.51,94.68,67.61
P078,Very Good,1259.91,678.05,28.39,95.23,67.74,3.54,1.78,1.22,82.29,468.86,4.07,9.05,66.64,74.15
P078,Very Good,1268.22,483.21,11.48,67.31,2.11,1.38,0.96,6.77,102.19,489.4,3.63,6.18,72.8,65.24
P078,Very Good,1259.72,444.3,23.3,106.62,20.33,0.84,1.63,10.38,79.46,418.16,8.37,8.13,101.82,58.96
P078,Very Good,377.14,409.02,21.62,68.08,104.58,2.64,0.57,4.06,75.61,443.34,9.74,1.98,95.67,60.2
P078,Very Good,775.34,617.31,3.6,70.15,7.73,4.78,1.02,6.27,79.65,238.33,4.77,5.16,67.88,72.28
P078,Very Good,1394.17,371.7,38.67,83.05,75.06,3.6,2.04,4.33,75.22,284.1,2.59,2.18,102.43,53.89
P078,Very Good,1292.77,148.08,3.36,86.18,80.08,0.38,1.18,2.27,62.66,253.64,7.64,4.96,63.1,100.39
P078,Very Good,850.52,178.94,10.32,67.68,62.22,2.81,1.53,6.08,101.11,219.96,5.17,6.2,54.62,92.84
P078,Very Good,1484.84,185.95,5.92,98.95,40.85,4.91,1.33,6.47,84.55,474.33,7.01,4.78,69.17,56.85
P078,Very Good,1411.06,532.83,7.84,86.65,21.95,2.4,0.98,5.33,100.73,210.68,3.69,1.44,90.55,61.67
P078,Very Good,1283.88,187.11,36.11,93.24,98.93,4.75,0.86,4.9,57.73,367.33,4.18,5.98,94.29,96.32
P078,Very Good,1182.27,460.64,19.38,84.75,27.63,2.91,2.12,9.77,79.52,271.25,4.22,1.48,80.47,102.74
P078,Very Good,1394.45,540.49,8.2,72.97,26.25,3.51,0.87,4.08,83.25,395.28,7.31,4.91,69.36,104.71
P078,Very Good,1451.33,804.5,40.83,71.28,73.14,4.53,0.29,4.34,100.6,482.11,4.32,2.45,99.67,59.99
P078,Very Good,967.78,731.81,6.73,97.14,88.28,1.91,0.87,7.63,90.02,354.14,5.29,9.78,80.28,75.25
P078,Very Good,702.4,618.83,37.72,88.43,90.24,0.66,0.3,5.82,101.32,265.27,4.81,5.79,74.33,84.56
P078,Very Good,1567.33,388.47,16.98,66.69,86.65,2.29,0.92,9.61,79.75,251.46,8.33,7.67,75.36,97.56
P078,Very Good,512.16,519.43,17.72,84.01,83.11,0.59,0.12,7.23,77.44,264.85,3.49,2.45,55.82,87.15
P078,Very Good,1010.06,104.81,33.99,66.51,101.65,2.46,1.42,1.42,53.87,506.91,7.97,3.15,57.95,64.65
P078,Very Good,1430.38,473.86,39.54,103.25,5.36,3.85,1.96,2.14,81.98,496.13,5.31,2.07,54.09,66.24
P078,Very Good,672.11,411.04,33.47,70.57,77.65,5.29,1.65,4.78,68.2,296.23,2.12,8.66,56.18,81.43
P078,Very Good,750.1,343.22,5.31,100.54,88.44,2.49,1.56,5.22,87.59,237.25,4.02,5.63,69.18,92.29
P078,Very Good,1116.78,321.92,15.7,97.79,27.9,0.07,0.5,7.77,69.17,289.84,1.24,3.1,90.6,82.76
P078,Very Good,1165.3,806.01,3.72,93.68,80.33,4.52,0.1,3.25,66.68,348.87,3.02,9.05,66.85,62.04
P078,Very Good,326.84,185.63,2.96,87.3,22.06,3.9,0.36,8.5,56.93,377.44,3.7,4.06,86.32,97.85
P078,Very Good,1025.85,216.13,11.94,82.05,35.88,4.12,0.66,9.89,65.8,372.71,4.81,5.04,99.52,63.8
P078,Very Good,1520.39,862.05,27.97,74.77,61.87,1.44,1.0,7.41,59.39,373.72,6.66,9.84,69.15,84.48
P078,Very Good,843.76,160.37,39.61,89.99,74.23,3.47,0.59,3.77,81.32,386.95,9.58,7.4,93.28,86.58
P078,Very Good,1209.75,468.48,28.28,69.4,51.0,1.56,1.66,3.22,77.93,284.29,10.56,1.29,58.34,108.12
P078,Very Good,388.3,404.32,8.71,102.56,55.99,1.81,1.03,7.21,63.73,539.94,7.42,10.27,53.48,70.99
P078,Very Good,413.92,108.35,2.08,104.49,77.3,2.66,1.54,2.51,53.19,450.81,4.5,2.29,89.88,55.53
P078,Very Good,759.5,515.26,31.77,83.35,0.66,4.79,2.02,3.73,98.92,319.21,6.12,9.12,85.53,86.32
P078,Very Good,1358.9,405.51,7.41,98.53,22.3,1.25,1.44,4.51,96.64,230.5,1.38,8.96,64.45,70.59
P078,Very Good,1078.67,750.18,18.21,84.06,73.89,3.26,1.69,6.73,78.8,280.58,4.73,7.66,53.96,101.18
P078,Very Good,1328.7,278.29,11.62,78.71,8.17,3.62,0.5,1.28,100.43,487.39,3.43,10.09,61.57,86.33
P078,Very Good,638.48,459.2,33.01,75.65,30.7,5.15,1.1,6.77,58.27,463.29,5.31,8.73,73.77,64.68
P078,Very Good,406.28,343.99,22.62,95.06,99.44,5.28,1.71,2.47,77.32,297.42,6.11,9.28,75.65,93.77
P078,Very Good,345.79,601.56,29.43,78.02,14.94,4.97,0.67,8.97,66.25,438.32,9.61,9.44,64.03,87.31
P078,Very Good,985.99,482.33,11.3,93.6,30.5,2.82,1.73,3.46,90.35,505.81,2.3,6.41,93.54,53.19
P078,Very Good,1482.01,174.1,5.36,88.91,22.39,4.41,1.92,1.75,58.79,323.93,10.31,4.93,75.31,69.22
P078,Very Good,323.12,142.34,29.62,74.09,25.89,0.96,1.82,4.15,82.72,466.84,8.8,4.88,55.0,62.87
P078,Very Good,1282.76,281.25,34.48,67.18,12.35,2.54,0.95,4.13,78.52,308.03,5.63,5.62,81.93,71.09
P078,Very Good,1076.64,234.08,22.13,64.45,46.58,0.34,0.3,4.74,98.38,384.65,4.02,10.15,86.73,98.07
P078,Very Good,452.58,166.47,28.94,89.77,50.53,2.71,0.79,5.46,84.77,454.17,6.85,7.2,61.74,59.59
P078,Very Good,1559.33,494.03,24.55,85.84,3.73,3.26,1.41,6.38,74.55,456.96,3.65,8.16,64.38,53.14
P078,Very Good,727.77,407.03,41.2,83.68,55.5,3.94,1.76,2.68,50.59,492.67,5.87,3.3,87.13,89.48
P078,Very Good,1380.39,548.38,32.26,72.15,35.3,2.7,1.19,4.5,54.23,321.54,5.49,10.81,97.54,93.67
P078,Very Good,1232.23,453.67,19.12,66.9,43.23,2.71,1.05,3.28,63.84,388.45,6.59,1.82,95.18,93.85
P078,Very Good,669.4,622.62,29.24,67.9,34.9,4.49,1.74,4.12,89.73,523.26,4.68,6.72,84.3,90.79
P078,Very Good,1142.29,221.15,15.24,98.54,47.23,3.28,0.67,9.67,62.43,449.32,1.81,3.84,73.88,98.37
P078,Very Good,1077.33,844.02,31.27,66.21,52.94,3.88,1.71,2.84,99.79,214.15,8.25,7.25,63.62,62.32
P078,Very Good,811.36,814.05,20.65,97.85,66.22,4.7,0.88,5.46,64.77,271.5,6.01,9.0,53.86,51.65
P078,Very Good,1205.75,308.49,17.66,66.93,1.37,5.03,0.2,9.57,72.99,342.98,6.93,1.85,99.7,99.16
P078,Very Good,649.73,112.35,7.04,81.07,75.15,1.27,1.11,8.05,100.3,251.63,2.62,6.72,86.06,66.73
P078,Very Good,1462.36,631.1,26.1,71.58,97.63,3.17,1.84,2.63,84.34,428.05,2.86,2.86,85.28,75.74
P078,Very Good,1439.15,110.33,31.99,98.61,91.42,4.72,1.69,2.05,53.19,322.95,5.13,7.53,70.87,96.85
P078,Very Good,855.66,777.83,14.26,84.56,13.66,2.85,1.75,8.79,70.07,257.25,4.08,4.22,76.56,95.79
P078,Very Good,1641.79,145.97,24.62,89.77,56.35,5.04,0.98,6.46,80.25,265.13,4.28,9.14,91.75,100.38
P078,Very Good,1223.83,207.25,16.38,106.09,91.23,4.23,0.38,1.82,94.34,221.3,8.29,3.95,97.35,66.21
P078,Very Good,841.71,107.46,15.3,91.95,85.86,1.12,2.03,1.89,73.68,464.85,1.49,9.21,66.58,78.98
P078,Very Good,554.9,239.76,38.23,106.21,48.13,3.66,2.08,6.14,66.93,292.14,8.57,7.72,62.34,74.66
P078,Very Good,706.56,317.2,30.48,74.1,79.98,1.07,0.34,8.12,75.78,262.78,5.84,3.9,98.92,67.04
P078,Very Good,529.25,670.02,5.41,99.64,47.63,3.26,0.3,2.83,105.17,461.67,8.63,7.24,105.06,103.82
P079,Unacceptable,817.55,296.6,14.14,44.69,28.58,2.0,0.86,1.85,43.72,189.91,2.26,4.51,46.3,66.32
P079,Unacceptable,968.56,194.68,17.59,34.35,8.7,2.34,0.03,2.93,59.9,189.47,1.55,3.84,62.06,58.95
P079,Unacceptable,265.15,136.54,12.86,54.29,18.4,2.13,0.19,4.55,52.52,129.43,4.14,3.6,50.59,34.14
P079,Unacceptable,307.55,400.15,3.83,44.98,36.59,2.09,0.21,0.98,25.59,182.63,1.39,4.27,51.31,42.84
P079,Unacceptable,882.15,436.23,17.73,36.78,50.61,1.87,0.66,0.93,40.24,132.6,3.56,1.64,35.14,38.33
P079,Unacceptable,390.73,190.44,19.55,48.38,42.02,1.86,0.59,2.16,47.49,279.19,4.52,2.86,41.02,47.27
P079,Unacceptable,319.76,53.22,5.28,63.66,6.47,2.31,0.45,4.8,64.44,240.45,2.46,4.42,48.38,49.83
P079,Unacceptable,853.1,504.18,3.42,45.0,10.45,0.23,0.73,3.8,36.94,285.3,4.75,0.86,29.22,31.01
P079,Unacceptable,261.46,432.95,25.54,58.05,45.86,1.17,0.87,1.82,48.9,165.25,2.66,2.06,38.48,32.64
P079,Unacceptable,597.29,124.27,20.31,43.84,27.35,2.99,0.81,2.54,52.45,153.76,1.6,3.33,30.32,48.83
P079,Unacceptable,473.33,147.01,16.65,69.15,52.65,2.4,0.45,6.31,39.31,193.3,5.02,1.88,44.91,38.68
P079,Unacceptable,473.48,445.28,22.29,35.41,27.67,0.58,0.85,4.15,31.42,203.41,3.75,5.12,39.49,58.33
P079,Unacceptable,707.99,319.71,12.89,60.74,52.97,1.71,0.25,4.35,39.99,170.88,4.41,4.46,34.68,38.14
P079,Unacceptable,723.27,443.11,9.92,55.13,47.39,0.7,0.6,6.2,41.85,128.21,2.87,1.09,60.01,53.56
P079,Unacceptable,277.41,136.65,9.63,41.83,49.53,2.03,0.38,3.99,36.1,220.33,1.96,5.22,47.85,44.55
P079,Unacceptable,696.09,236.95,20.85,44.32,22.05,3.14,0.92,4.21,62.24,190.59,3.5,3.27,54.12,52.81
P079,Unacceptable,222.87,71.9,22.35,51.76,36.32,1.0,0.89,4.03,46.74,214.46,4.25,4.96,44.56,38.23
P079,Unacceptable,644.01,344.52,4.92,58.34,28.9,1.97,0.23,4.27,27.7,228.38,5.43,1.21,49.5,59.42
P079,Unacceptable,269.6,95.16,15.05,54.14,15.8,2.5,0.37,4.56,38.11,325.42,0.76,3.62,49.88,35.52
P079,Unacceptable,250.01,230.76,4.26,51.49,21.17,0.38,0.13,5.15,29.53,320.85,5.57,4.32,60.26,40.67
P079,Unacceptable,243.85,177.93,1.35,63.52,14.05,0.66,0.86,3.51,46.08,289.55,5.76,5.88,47.8,46.51
P079,Unacceptable,537.32,97.46,9.97,46.79,14.07,0.92,1.01,4.15,27.23,255.42,3.34,3.81,39.86,56.66
P079,Unacceptable,692.26,83.55,12.06,62.59,3.16,1.26,0.24,5.46,54.53,162.97,5.27,6.4,41.64,66.93
P079,Unacceptable,278.54,278.75,22.27,52.54,32.57,2.22,0.21,1.73,58.63,256.71,5.0,2.46,60.14,37.99
P079,Unacceptable,970.62,183.57,18.09,38.11,34.25,1.25,0.33,6.4,55.05,230.54,4.82,3.34,33.88,35.7
P079,Unacceptable,923.16,263.33,3.11,56.59,59.9,2.38,0.75,1.74,31.84,280.86,2.23,1.32,57.35,26.81
P079,Unacceptable,556.36,480.55,19.25,33.28,44.86,1.59,0.76,3.03,67.66,122.89,4.62,3.79,27.68,55.31
P079,Unacceptable,388.6,147.93,19.58,58.28,0.87,0.29,0.93,2.01,56.9,292.77,3.02,3.25,59.54,39.52
P079,Unacceptable,721.12,91.35,18.93,51.67,26.81,2.35,0.79,4.38,43.64,222.67,3.94,4.01,47.62,43.58
P079,Unacceptable,412.28,235.26,25.18,60.98,28.4,0.17,0.95,3.93,59.08,190.4,4.24,4.49,44.93,39.69
P079,Unacceptable,610.6,212.2,3.3,47.79,33.8,2.5,0.82,0.61,32.24,189.98,4.81,1.14,52.83,51.12
P079,Unacceptable,793.69,81.77,14.77,55.53,0.39,2.17,0.27,3.11,48.29,230.83,0.66,1.4,45.07,60.82
P079,Unacceptable,762.23,332.67,17.74,49.73,60.32,2.26,0.25,6.17,37.56,127.99,2.28,4.29,43.31,29.83
P079,Unacceptable,752.91,320.15,22.43,52.6,26.97,2.75,0.47,1.6,60.25,253.19,3.68,1.81,55.08,39.62
P079,Unacceptable,912.68,330.55,13.58,36.46,12.46,0.7,0.18,1.38,39.15,210.99,2.12,2.2,49.31,61.25
P079,Unacceptable,309.45,298.28,18.26,33.03,27.94,0.77,0.28,2.63,53.63,172.46,1.32,2.33,50.15,47.67
P079,Unacceptable,355.48,56.5,15.39,52.83,20.76,0.63,0.97,0.99,31.78,257.96,1.77,1.3,42.2,44.1
P079,Unacceptable,251.64,223.08,16.2,48.62,57.93,0.2,0.49,4.89,44.49,319.35,4.59,5.47,55.76,66.36
P079,Unacceptable,668.15,404.02,19.28,48.78,47.79,2.17,0.82,4.61,40.9,198.53,2.27,3.55,47.93,50.18
P079,Unacceptable,695.52,227.83,21.24,51.65,51.68,2.76,0.49,1.57,45.97,281.9,3.87,3.15,58.38,46.54
P079,Unacceptable,193.56,131.45,3.96,46.46,44.74,2.56,0.62,2.11,54.19,155.64,1.35,1.45,54.97,41.7
P079,Unacceptable,666.54,256.77,10.87,39.52,16.38,1.45,0.39,2.04,34.01,270.53,0.97,2.45,62.34,46.6
P079,Unacceptable,331.45,80.5,1.02,42.4,53.78,0.98,0.08,5.2,51.12,246.83,1.01,4.24,42.35,38.67
P079,Unacceptable,632.35,383.55,23.2,50.65,47.68,0.26,0.54,5.55,32.14,164.51,2.77,4.0,49.28,59.9
P079,Unacceptable,618.91,214.04,8.41,62.55,27.8,0.39,0.88,2.81,37.15,215.33,5.04,6.07,36.01,37.35
P079,Unacceptable,475.68,219.95,18.51,62.66,2.98,2.4,0.38,5.02,37.64,141.49,2.41,4.53,57.32,42.07
P079,Unacceptable,208.5,70.01,4.82,38.97,47.55,0.54,0.78,0.86,42.33,280.49,3.49,2.66,61.49,42.52
P079,Unacceptable,382.05,75.59,19.05,45.06,42.45,2.17,0.41,2.86,27.1,221.74,1.19,5.19,55.77,47.3
P079,Unacceptable,798.49,282.19,12.47,48.6,12.91,2.63,0.56,4.71,46.58,109.77,5.44,6.2,46.62,63.0
P079,Unacceptable,481.37,298.7,15.32,49.56,41.36,2.21,1.0,2.87,34.5,245.43,3.16,1.18,45.73,37.94
P079,Unacceptable,255.59,230.22,12.62,40.27,27.6,2.68,0.96,2.62,38.85,121.86,5.21,2.75,35.41,51.47
P079,Unacceptable,762.01,56.26,15.63,43.49,44.38,3.17,0.61,1.06,45.21,188.48,4.93,5.79,57.75,40.82
P079,Unacceptable,601.95,239.02,20.43,67.52,32.6,1.88,1.01,2.38,50.43,195.41,1.13,2.52,38.5,57.83
P079,Unacceptable,470.09,185.56,11.78,48.35,24.04,0.38,0.78,2.31,42.98,270.95,1.66,5.34,55.66,41.33
P079,Unacceptable,770.06,138.36,15.1,38.17,0.05,2.66,0.34,1.0,34.8,275.75,1.17,0.7,58.92,46.41
P079,Unacceptable,432.59,215.39,8.76,53.64,11.02,0.56,0.6,4.82,46.63,238.61,5.06,2.11,44.63,56.87
P079,Unacceptable,359.11,462.18,21.37,52.5,48.95,2.63,0.75,5.9,52.82,291.43,2.94,3.42,55.7,40.71
P079,Unacceptable,575.42,378.15,17.44,48.04,41.5,0.53,1.18,3.38,30.87,201.64,5.5,3.96,61.99,54.66
P079,Unacceptable,238.03,94.21,6.42,42.28,28.0,3.05,0.85,3.83,50.64,123.5,3.74,5.79,54.45,42.27
P079,Unacceptable,216.41,300.39,17.7,45.73,4.59,1.57,0.55,4.58,30.37,185.67,1.32,3.87,53.51,48.37
P079,Unacceptable,801.12,276.1,7.24,61.96,37.13,0.66,0.13,1.41,59.76,227.0,5.6,2.44,41.65,36.53
P079,Unacceptable,855.44,308.61,17.63,49.83,8.19,2.84,0.54,1.34,49.5,207.63,4.8,4.82,56.99,55.52
P079,Unacceptable,644.75,376.37,9.36,47.31,25.8,0.45,0.97,6.63,32.43,126.62,0.93,1.49,59.16,49.45
P079,Unacceptable,502.64,162.59,12.17,67.99,25.5,0.26,0.85,4.44,36.75,134.34,4.0,3.77,36.44,63.26
P079,Unacceptable,397.42,330.25,8.74,39.3,44.06,1.74,0.29,3.0,42.04,160.4,4.37,0.84,55.91,35.94
P079,Unacceptable,811.6,193.93,4.91,51.95,17.83,1.61,0.43,2.8,61.01,206.11,0.78,3.29,45.63,36.81
P079,Unacceptable,174.61,507.89,9.07,44.59,16.86,1.65,0.64,3.01,54.35,254.63,6.69,2.14,54.09,32.63
P079,Unacceptable,451.22,304.59,10.14,38.02,12.78,0.87,1.1,1.21,36.17,138.18,3.53,1.57,40.12,46.59
P079,Unacceptable,524.94,222.57,1.79,45.79,18.44,1.7,1.17,5.75,61.84,123.05,1.13,4.17,44.26,43.58
P079,Unacceptable,608.85,112.17,1.91,37.86,40.25,2.71,0.81,2.64,49.11,284.94,5.47,5.29,41.56,37.37
P079,Unacceptable,339.5,543.7,14.78,42.3,3.03,1.0,0.75,1.08,38.39,177.9,3.86,0.75,28.65,44.95
P079,Unacceptable,352.88,454.05,9.08,58.31,51.15,2.68,0.67,3.31,47.93,142.7,1.78,4.77,37.48,57.84
P079,Unacceptable,658.06,78.31,17.53,67.14,5.05,0.41,0.47,5.16,36.63,253.04,1.87,6.41,44.54,55.0
P079,Unacceptable,317.63,318.41,22.13,32.4,17.43,0.18,0.58,5.84,57.24,240.2,5.55,1.18,53.41,46.42
P079,Unacceptable,739.62,438.8,23.59,45.31,24.76,2.58,1.05,0.85,48.62,229.82,4.3,0.93,38.41,45.71
P079,Unacceptable,197.06,82.83,12.68,45.83,34.32,0.06,0.5,2.61,45.31,221.07,6.78,3.3,39.96,49.51
P079,Unacceptable,216.39,467.1,12.8,39.0,29.37,0.48,0.83,3.61,42.72,236.31,4.57,3.61,28.54,50.53
P079,Unacceptable,703.21,78.23,18.56,61.8,45.63,2.32,0.95,6.43,47.33,125.16,4.69,6.43,30.39,48.95
P079,Unacceptable,643.51,176.94,19.12,46.08,6.59,2.81,0.02,6.79,41.03,253.35,2.56,1.95,34.04,43.36
P079,Unacceptable,730.38,410.93,13.57,37.6,14.91,1.04,0.83,4.93,43.46,250.67,2.24,6.91,49.48,53.1
P079,Unacceptable,614.13,213.32,9.21,56.82,20.49,3.12,0.72,3.28,61.49,142.0,4.69,4.48,45.73,36.27
P079,Unacceptable,174.43,281.92,18.5,31.42,32.49,0.91,0.46,5.55,36.07,255.26,3.31,4.35,30.02,52.98
P079,Unacceptable,455.99,408.39,20.41,45.03,41.16,3.14,0.89,1.05,34.2,232.15,1.57,3.63,65.29,28.73
P079,Unacceptable,551.39,153.26,15.54,42.62,61.25,0.2,0.56,2.55,45.26,257.35,3.28,3.49,55.75,44.96
P079,Unacceptable,942.19,287.05,21.03,62.46,56.07,1.82,0.69,0.87,45.89,240.54,1.81,3.15,33.17,58.67
P079,Unacceptable,685.31,445.37,10.58,42.58,54.61,0.03,0.54,5.25,42.1,246.03,2.18,6.13,54.36,29.15
P079,Unacceptable,546.68,264.38,17.94,54.56,61.86,1.47,0.55,1.17,61.66,292.17,2.77,2.67,53.04,33.59
P079,Unacceptable,434.07,124.34,10.62,51.9,13.91,1.04,0.41,2.02,53.08,225.51,2.41,0.64,57.14,53.71
P079,Unacceptable,422.38,113.66,1.15,58.98,40.96,0.74,0.89,5.86,32.26,132.46,1.68,3.28,46.41,30.47
P079,Unacceptable,589.37,266.5,18.91,43.06,19.11,2.9,1.07,2.82,40.02,151.09,3.99,1.85,48.96,28.3
P079,Unacceptable,302.71,290.35,12.12,54.76,40.23,2.74,0.25,1.74,45.85,289.97,1.13,2.16,55.54,55.52
P079,Unacceptable,621.3,111.41,8.03,58.3,11.26,2.49,1.0,3.92,46.95,249.29,3.26,1.19,48.11,38.51
P079,Unacceptable,778.95,204.51,15.64,40.25,49.16,2.09,0.45,3.93,47.79,214.93,3.59,3.75,29.84,38.5
P079,Unacceptable,625.09,97.57,8.69,36.38,30.11,2.15,0.18,0.81,46.93,214.88,2.29,4.9,28.71,30.16
P079,Unacceptable,710.56,127.09,16.47,61.39,10.91,0.0,0.97,0.81,53.95,206.25,5.48,2.12,46.47,46.93
P079,Unacceptable,527.91,493.09,13.18,36.53,40.1,2.88,0.58,1.9,36.21,247.04,2.5,1.89,29.3,55.48
P079,Unacceptable,699.89,146.31,11.4,37.19,39.1,2.46,0.25,4.94,55.21,248.67,6.84,2.99,35.44,32.92
P079,Unacceptable,392.67,165.31,7.26,54.27,17.1,1.57,0.75,3.9,33.85,152.07,3.08,2.53,51.07,44.61
P079,Unacceptable,755.41,204.81,2.61,53.52,0.36,2.42,0.61,1.25,26.9,273.29,2.01,1.22,37.04,39.7
P079,Unacceptable,609.99,384.12,17.47,55.39,12.28,1.11,0.48,5.12,41.89,241.95,5.6,3.79,36.03,40.84
P080,OK,358.57,168.79,33.07,60.7,33.46,3.99,1.28,7.35,63.18,295.86,5.76,4.97,66.98,59.36
P080,OK,1226.95,429.06,25.68,67.52,44.87,3.71,0.84,2.59,45.45,235.04,0.9,2.46,56.32,49.14
P080,OK,1232.23,276.33,30.64,69.98,26.35,3.58,1.13,1.05,50.99,352.9,5.83,1.52,55.38,79.69
P080,OK,283.94,452.48,30.84,68.97,79.59,2.72,0.28,6.39,65.24,313.45,6.61,2.3,60.68,61.83
P080,OK,1184.53,93.29,23.15,68.01,65.51,0.67,0.31,5.25,64.88,291.09,5.94,6.12,53.38,54.38
P080,OK,789.97,264.45,15.39,68.99,70.78,2.17,0.44,2.81,69.15,300.39,1.02,1.65,73.18,45.81
P080,OK,1046.01,366.92,34.02,57.29,73.46,3.62,0.62,5.9,67.3,312.37,6.8,5.57,51.15,86.78
P080,OK,746.58,377.59,28.54,77.06,43.76,4.21,1.52,1.36,70.58,384.52,8.18,6.58,59.61,70.17
P080,OK,565.72,178.66,11.38,63.44,1.91,0.79,1.31,8.34,63.9,246.51,2.55,8.54,55.52,86.3
P080,OK,589.03,323.96,13.25,71.22,72.39,3.89,0.33,7.35,51.02,289.19,4.91,8.25,67.2,86.77
P080,OK,1142.6,342.05,19.33,53.93,72.89,3.59,1.33,6.65,77.02,313.62,5.99,1.0,52.93,73.15
P080,OK,428.99,279.82,13.08,50.56,57.95,3.93,1.61,8.68,58.68,194.45,4.26,5.03,85.32,43.51
P080,OK,914.94,489.05,13.21,57.43,5.89,2.05,0.74,7.74,43.93,321.79,6.96,2.93,41.38,82.73
P080,OK,717.18,154.42,23.35,75.56,81.65,0.92,0.92,7.42,61.1,389.55,7.34,1.13,58.8,85.8
P080,OK,1022.77,410.31,28.15,79.72,47.54,3.46,0.53,3.65,83.43,276.78,6.15,7.48,59.7,89.57
P080,OK,409.26,171.6,24.92,57.37,48.87,2.56,0.31,5.49,43.7,266.53,4.52,2.02,71.43,66.37
P080,OK,1003.16,132.25,32.21,64.69,63.05,4.49,1.46,2.33,65.49,260.28,7.06,1.81,67.27,80.45
P080,OK,777.03,142.38,22.07,56.73,45.04,0.04,0.31,4.07,46.88,224.55,5.23,0.91,63.22,79.11
P080,OK,1081.9,579.25,30.14,79.33,14.89,3.39,0.27,4.96,67.54,408.33,7.13,2.08,55.49,53.67
P080,OK,578.04,439.97,11.9,58.69,79.03,1.54,1.48,3.19,46.4,434.13,6.87,4.78,44.78,47.34
P080,OK,1165.89,419.73,20.12,59.71,13.45,1.15,0.63,3.57,49.6,355.59,5.37,3.75,73.22,82.19
P080,OK,846.97,470.88,14.37,72.7,4.32,2.76,0.56,6.32,47.35,365.27,2.82,6.05,43.3,50.79
P080,OK,810.29,324.91,17.6,63.7,14.15,3.68,0.36,2.82,73.9,243.68,0.91,2.7,62.42,68.38
P080,OK,549.84,436.4,3.43,54.14,0.76,3.67,0.01,4.0,58.09,272.36,2.67,6.32,53.82,76.7
P080,OK,424.38,306.57,18.99,63.95,18.94,0.48,0.27,7.77,43.37,321.23,1.72,7.67,65.32,48.78
P080,OK,284.62,364.08,22.7,66.84,62.87,3.93,0.55,4.06,77.35,397.37,7.55,6.59,48.27,41.12
P080,OK,899.54,154.62,25.55,66.63,36.86,2.77,1.03,7.67,49.2,378.51,1.01,2.74,54.53,51.1
P080,OK,1141.41,512.39,14.43,75.1,82.7,1.35,0.33,1.88,58.4,370.5,1.34,4.47,62.87,42.54
P080,OK,562.55,612.1,0.99,71.83,50.9,3.73,0.58,6.19,45.38,200.38,2.47,2.71,75.23,60.02
P080,OK,1059.92,390.41,3.89,72.19,45.25,0.24,1.56,1.87,75.49,344.88,4.35,4.15,61.94,53.88
P080,OK,1121.99,453.49,12.1,73.54,8.29,0.37,1.34,4.36,78.5,292.03,4.45,6.61,72.96,73.36
P080,OK,1234.58,506.08,28.74,59.64,47.48,4.08,0.39,2.6,76.55,294.4,4.51,1.25,73.7,72.07
P080,OK,531.22,362.43,26.25,61.09,15.31,1.09,0.86,0.94,47.99,202.46,7.78,1.43,47.95,45.28
P080,OK,856.39,132.35,1.23,75.86,56.74,2.88,0.07,3.04,47.09,259.99,7.09,1.42,46.42,57.98
P080,OK,494.39,630.96,3.78,72.18,76.24,0.79,1.2,3.24,63.61,209.61,3.85,7.59,78.11,51.77
P080,OK,692.26,316.74,17.87,79.46,47.41,3.25,0.74,1.49,56.15,262.43,6.08,8.22,46.12,44.13
P080,OK,249.31,133.35,4.48,60.68,21.25,1.5,0.87,4.98,71.21,344.61,6.18,6.92,49.87,74.96
P080,OK,1106.2,657.25,9.53,88.8,22.88,3.0,1.24,6.28,77.46,196.31,7.35,3.88,87.14,84.81
P080,OK,770.72,470.08,35.84,73.9,11.6,2.54,0.87,3.72,78.26,409.41,8.35,8.11,75.79,44.45
P080,OK,1166.23,540.25,12.3,48.84,30.02,1.06,0.02,5.58,69.6,252.3,4.93,6.39,41.65,54.53
P080,OK,708.05,313.74,32.2,73.11,12.16,2.37,1.61,7.23,73.72,417.38,4.42,5.79,54.48,58.17
P080,OK,289.66,384.66,12.24,60.61,55.31,2.44,0.8,1.58,56.46,287.13,1.74,2.6,63.02,76.08
P080,OK,1102.99,161.88,19.01,87.46,80.93,1.71,1.23,3.98,86.26,324.22,3.4,7.55,81.37,74.42
P080,OK,506.9,514.9,15.81,55.19,77.1,4.03,0.67,4.69,74.94,268.49,3.88,5.79,84.95,62.33
P080,OK,461.67,626.56,24.96,75.73,61.39,1.43,0.24,3.11,43.45,235.67,0.89,4.23,81.03,62.55
P080,OK,504.13,539.56,30.42,72.97,7.1,0.34,0.59,4.8,61.7,370.23,6.29,1.0,49.24,66.57
P080,OK,475.88,335.18,21.94,61.69,44.48,1.5,0.59,2.43,60.96,176.35,8.12,5.23,41.76,50.09
P080,OK,362.8,485.07,25.99,54.79,30.2,2.73,1.16,6.71,70.75,251.59,3.09,3.84,41.03,52.2
P080,OK,1269.22,193.23,13.94,63.34,0.88,4.1,0.63,7.41,45.96,209.52,5.86,1.43,80.87,59.88
P080,OK,1185.47,304.84,18.67,79.2,45.13,1.07,0.97,5.42,67.92,189.3,4.14,3.0,71.71,82.49
P080,OK,1047.98,234.66,19.24,65.88,13.06,2.77,0.95,7.73,62.14,207.61,4.5,3.89,61.84,71.64
P080,OK,370.52,234.93,12.64,56.28,66.68,3.14,0.96,2.19,54.99,411.31,2.0,3.45,64.52,61.24
P080,OK,606.78,145.83,2.92,76.06,63.6,1.98,1.61,2.03,56.22,370.34,0.86,8.01,88.59,71.37
P080,OK,997.58,635.81,7.98,70.87,31.12,1.26,1.2,2.33,77.93,356.65,1.36,5.0,67.02,76.01
P080,OK,263.59,655.93,26.05,72.6,1.26,3.72,1.48,5.46,77.72,223.35,3.36,3.92,79.45,50.27
P080,OK,374.55,186.95,7.47,55.64,50.22,3.6,0.72,4.45,44.34,351.93,3.82,7.22,44.74,66.47
P080,OK,862.69,594.6,26.07,56.08,66.15,0.37,1.05,7.57,83.28,174.58,2.52,4.53,73.93,63.74
P080,OK,911.87,287.53,1.69,51.09,55.9,0.62,0.05,6.88,77.4,319.79,1.09,2.03,66.46,42.83
P080,OK,1106.24,227.46,16.14,84.19,27.17,0.26,1.01,1.62,56.09,284.29,2.85,6.85,82.35,78.84
P080,OK,951.74,198.75,27.25,55.14,44.85,1.01,0.41,1.38,70.04,359.69,2.58,5.21,73.66,84.14
P080,OK,897.78,277.14,29.89,56.94,34.48,0.01,1.23,5.32,77.79,240.94,3.45,5.69,71.24,48.99
P080,OK,276.79,534.82,21.92,61.43,31.21,3.05,0.77,1.71,64.56,409.46,2.6,3.47,50.99,58.35
P080,OK,801.51,517.95,19.13,70.93,27.27,1.87,0.13,4.21,74.88,195.16,4.85,1.99,76.76,71.63
P080,OK,556.01,136.12,10.48,71.15,75.4,1.47,0.0,1.27,80.68,228.52,2.07,3.1,72.52,84.33
P080,OK,964.36,182.5,15.2,76.51,41.66,1.36,0.94,3.82,77.9,311.45,3.47,6.67,54.64,52.42
P080,OK,447.66,500.9,12.16,67.35,6.25,0.9,1.35,6.52,41.51,375.71,6.9,3.64,73.14,65.21
P080,OK,981.64,254.48,8.7,66.17,31.42,3.9,0.52,7.72,46.05,407.75,2.96,5.68,77.78,60.01
P080,OK,817.45,156.98,21.04,86.19,46.62,3.18,1.51,3.92,47.22,332.76,5.99,5.14,53.44,64.96
P080,OK,1002.21,587.66,18.32,51.49,57.98,3.55,0.75,2.3,42.39,392.27,3.73,1.4,51.29,48.86
P080,OK,1094.38,612.65,22.67,72.92,58.62,2.14,1.12,2.6,57.31,188.02,5.82,6.77,73.57,71.05
P080,OK,730.91,649.68,8.75,78.69,42.13,2.12,0.74,5.58,59.33,367.75,6.68,5.2,66.12,44.58
P080,OK,932.55,291.76,25.33,57.1,0.78,1.41,1.72,7.66,80.03,227.06,0.97,4.05,51.99,83.79
P080,OK,757.57,582.26,2.8,83.5,74.8,1.08,0.43,5.14,63.16,336.13,6.25,2.46,76.82,50.2
P080,OK,400.06,132.88,13.28,51.09,19.12,2.89,1.4,3.96,64.85,195.83,6.08,4.89,59.02,54.07
P080,OK,621.59,584.92,13.34,72.73,13.12,3.37,0.46,3.15,43.65,280.38,3.92,3.91,48.01,56.47
P080,OK,726.61,618.66,25.55,68.88,0.65,4.22,1.16,5.57,51.58,295.9,7.66,3.68,56.39,74.62
P080,OK,644.89,128.18,29.3,69.75,41.85,2.16,0.42,8.18,58.88,256.09,5.19,6.21,53.87,78.38
P080,OK,1313.69,180.69,22.24,60.55,70.88,3.37,0.84,7.97,70.84,252.95,1.56,3.22,79.43,83.08
P080,OK,503.6,202.08,24.43,65.57,31.23,1.91,0.07,7.07,44.71,247.39,2.86,3.65,60.75,78.98
P080,OK,1106.71,613.25,19.58,58.06,75.95,2.29,1.3,1.14,49.58,330.97,5.15,6.13,77.91,49.03
P080,OK,606.17,600.07,20.61,76.45,54.87,2.73,0.14,7.29,74.42,240.21,7.98,8.05,79.87,58.31
P080,OK,292.56,314.05,14.52,73.45,67.87,2.67,0.42,2.53,75.6,203.43,2.66,5.18,80.77,61.17
P080,OK,1062.49,202.01,10.99,74.63,6.38,1.91,1.56,3.96,61.34,315.77,5.82,6.75,50.65,85.23
P080,OK,336.19,557.55,19.39,64.99,65.31,0.83,1.6,1.26,54.03,377.06,1.19,2.83,73.26,69.14
P080,OK,1076.67,376.58,35.21,67.52,65.65,3.55,1.44,4.83,42.53,357.55,5.58,3.14,41.21,65.14
P080,OK,692.97,223.59,1.64,70.12,39.6,1.9,0.59,7.33,72.79,240.8,4.18,4.61,45.63,71.67
P080,OK,936.35,490.09,27.22,56.5,67.41,0.78,0.35,6.81,81.52,238.52,2.75,3.44,78.68,62.8
P080,OK,641.91,365.13,31.91,63.19,32.87,3.2,1.12,2.61,77.85,257.17,3.8,3.07,56.83,46.43
P080,OK,1055.32,424.93,6.54,64.14,27.03,0.33,0.11,1.71,67.18,187.13,2.29,2.13,54.98,77.17
P080,OK,875.45,300.19,8.85,53.6,21.46,2.52,1.65,7.59,69.1,335.06,7.49,5.4,58.55,40.93
P080,OK,551.7,586.03,24.85,70.73,50.72,2.18,1.52,7.51,84.88,373.68,0.88,6.37,75.86,65.54
P080,OK,763.48,516.45,3.64,81.5,48.31,2.15,0.68,6.47,61.42,270.44,5.57,0.85,75.82,56.52
P080,OK,715.53,544.69,0.91,80.33,35.39,2.24,1.25,2.08,58.08,410.31,1.07,4.64,54.92,60.63
P080,OK,484.74,709.76,14.29,72.67,38.03,2.31,0.07,5.21,77.68,236.11,7.74,5.93,75.35,44.77
P080,OK,710.28,577.42,28.1,56.86,72.76,3.83,0.68,6.99,85.84,202.51,7.91,3.98,70.22,86.99
P080,OK,1296.33,577.51,9.23,82.29,33.9,2.95,0.73,1.25,56.48,282.16,6.8,2.54,82.98,59.27
P080,OK,559.9,581.98,20.17,73.27,83.74,2.24,0.94,2.65,71.28,255.98,7.28,1.19,83.6,54.49
P080,OK,715.56,333.9,3.64,54.18,32.05,2.59,1.24,1.59,65.54,205.17,7.07,3.36,82.62,85.66
P080,OK,916.36,126.84,4.64,89.2,28.17,0.81,1.24,3.79,51.16,319.22,3.51,6.56,49.88,54.75
P080,OK,742.55,352.54,25.77,68.36,59.05,2.53,1.63,0.95,57.87,270.36,7.2,3.26,74.83,55.53
P081,OK,769.72,148.91,9.04,73.89,15.67,3.98,0.57,1.74,62.08,397.07,0.96,7.37,51.67,56.92
P081,OK,985.51,493.21,22.67,72.15,46.66,3.47,0.78,7.11,78.75,333.23,4.86,3.94,54.05,43.65
P081,OK,258.51,123.19,14.76,53.43,4.51,3.63,1.25,4.86,58.94,308.91,5.36,2.18,79.79,79.96
P081,OK,961.28,684.37,12.71,70.48,6.58,1.37,0.1,2.45,79.85,250.61,4.38,6.32,61.73,52.05
P081,OK,899.89,688.1,2.25,65.21,45.91,2.18,1.5,6.8,80.71,378.47,5.51,5.96,47.24,54.1
P081,OK,976.43,113.45,27.7,89.22,8.43,0.18,1.25,1.09,54.8,306.17,2.42,4.91,57.12,66.35
P081,OK,535.05,614.05,29.04,80.96,76.43,0.26,1.4,7.25,58.32,275.63,7.68,2.63,58.82,65.17
P081,OK,1144.74,569.81,16.09,59.95,45.74,4.06,0.42,7.34,55.1,358.11,1.15,6.45,82.06,50.75
P081,OK,1107.94,580.16,33.55,60.05,22.86,1.84,0.13,3.95,48.09,421.51,1.46,6.66,42.75,62.39
P081,OK,409.85,681.73,32.06,74.74,71.7,1.75,0.06,7.24,70.53,331.33,2.38,4.74,76.83,77.32
P081,OK,506.12,421.51,29.58,58.59,56.76,1.75,1.28,4.07,63.5,269.47,7.81,1.67,45.07,45.73
P081,OK,453.97,572.29,26.0,70.55,40.23,0.1,0.27,4.75,51.68,323.21,2.01,6.03,70.86,80.67
P081,OK,598.53,395.25,8.42,82.32,1.14,1.53,1.65,6.33,54.49,313.25,3.91,2.76,62.52,65.04
P081,OK,1065.21,481.66,18.35,59.45,74.72,2.0,0.5,4.21,87.08,245.93,4.53,2.29,59.51,70.18
P081,OK,602.28,330.67,12.13,80.04,80.35,2.92,0.22,1.61,87.56,320.96,6.21,2.98,54.1,74.62
P081,OK,596.27,208.17,20.04,52.27,14.73,2.87,0.31,1.25,43.93,370.02,4.7,5.28,52.93,77.77
P081,OK,354.23,266.54,32.26,57.68,36.01,2.06,1.34,6.88,65.62,262.03,4.45,6.48,66.27,54.38
P081,OK,399.85,133.53,29.32,72.39,68.66,2.71,1.45,3.54,56.19,210.43,3.96,1.14,70.29,80.75
P081,OK,1008.04,169.8,27.91,63.54,42.36,2.2,0.1,8.41,47.53,398.66,6.33,3.08,61.51,53.78
P081,OK,535.21,488.35,10.1,62.69,75.54,2.87,1.56,1.32,81.76,265.39,5.84,1.19,69.63,57.51
P081,OK,902.66,581.52,23.28,52.09,32.82,0.58,1.65,1.53,43.89,403.41,3.67,8.25,75.93,81.74
P081,OK,377.34,391.21,29.15,81.02,80.09,2.94,1.67,7.52,41.02,337.76,0.89,2.43,50.62,42.97
P081,OK,977.68,531.2,7.66,50.48,19.38,1.26,1.43,5.59,42.93,378.75,3.49,2.35,80.71,53.5
P081,OK,413.31,139.34,19.1,84.75,10.56,2.86,0.09,7.92,74.93,349.72,1.6,7.96,56.68,46.94
P081,OK,664.9,204.92,27.73,78.68,7.92,2.24,0.79,2.83,68.68,205.64,3.96,1.95,79.48,79.88
P081,OK,985.78,510.9,10.31,52.0,24.03,1.85,1.56,6.0,81.67,405.12,1.58,1.64,71.11,52.0
P081,OK,426.4,324.5,18.65,77.3,62.85,3.21,1.17,6.9,63.67,353.99,1.25,5.5,49.48,46.84
P081,OK,576.59,408.0,31.72,55.4,65.43,1.79,1.5,7.53,88.99,392.96,6.39,5.94,63.77,74.19
P081,OK,1043.76,628.39,7.19,75.39,7.81,4.41,0.16,1.5,61.75,339.19,1.69,7.67,43.77,65.9
P081,OK,1114.83,686.55,31.45,77.34,80.88,1.13,1.52,1.91,69.69,385.48,4.76,0.89,64.69,84.79
P081,OK,1071.01,404.52,21.47,73.0,47.9,0.97,0.67,1.46,74.46,263.84,4.19,1.03,73.34,58.86
P081,OK,1035.44,258.52,28.29,69.45,82.7,1.74,1.19,7.95,42.77,407.06,6.73,8.36,46.65,69.9
P081,OK,781.94,485.73,20.67,70.05,77.9,0.18,1.35,1.13,60.64,201.63,7.79,6.25,56.69,77.84
P081,OK,499.81,254.35,29.17,72.96,33.55,2.86,0.57,2.08,76.67,187.4,6.76,5.04,71.18,46.63
P081,OK,1159.33,565.06,16.91,65.08,74.79,1.43,0.71,6.95,79.56,348.45,6.57,7.91,78.58,42.43
P081,OK,1231.72,124.76,30.56,78.29,15.83,2.49,1.38,0.92,43.94,182.15,0.99,8.16,46.41,73.07
P081,OK,1086.86,546.95,12.8,87.31,29.91,2.37,1.68,5.07,47.5,210.91,2.71,2.05,58.82,59.97
P081,OK,883.3,93.02,29.58,78.04,50.17,3.33,0.3,0.9,65.62,360.8,1.7,3.69,73.76,78.27
P081,OK,551.98,231.47,19.46,66.87,19.92,1.6,0.64,8.05,72.52,341.27,2.19,7.98,42.23,78.14
P081,OK,658.03,163.15,3.01,60.92,49.79,1.42,1.14,5.09,66.12,364.97,4.22,2.61,71.61,51.22
P081,OK,1145.05,234.46,5.96,52.89,32.46,0.89,0.4,1.75,67.05,275.55,5.72,3.5,70.65,85.62
P081,OK,874.45,397.84,16.53,54.6,28.51,1.68,1.02,5.19,56.09,358.94,5.77,3.44,63.98,48.23
P081,OK,430.45,482.28,8.72,51.97,57.91,4.0,0.25,1.57,77.9,188.73,2.67,5.8,54.98,44.58
P081,OK,366.15,453.36,25.47,68.24,65.25,3.98,0.73,7.56,83.24,414.7,6.94,7.13,77.48,63.6
P081,OK,1197.41,507.25,16.11,84.74,62.51,0.57,1.57,0.86,54.68,274.1,8.02,5.77,76.35,69.34
P081,OK,273.91,100.89,32.2,83.34,6.3,3.26,0.7,8.94,57.81,186.41,8.19,5.24,57.0,45.33
P081,OK,660.9,231.43,23.59,70.51,82.35,0.15,1.12,5.1,63.22,398.79,5.35,4.93,62.87,48.22
P081,OK,257.72,347.93,23.05,78.62,9.1,3.65,0.22,6.1,58.26,187.66,1.0,4.08,46.73,81.94
P081,OK,929.02,502.57,24.83,65.11,29.0,3.12,0.8,5.21,81.24,266.19,5.2,4.68,82.85,85.81
P081,OK,1089.98,530.95,32.94,61.56,63.24,3.02,0.04,7.27,56.47,219.27,1.52,6.18,50.79,44.38
P081,OK,666.45,583.4,22.74,59.23,73.42,1.52,1.04,2.06,78.15,195.66,1.65,8.14,69.48,86.34
P081,OK,1152.52,530.64,9.6,57.93,36.74,0.55,1.36,3.93,85.31,348.27,2.38,7.05,50.73,54.62
P081,OK,1157.3,414.78,13.99,69.2,44.5,3.26,0.68,7.15,55.73,291.53,6.85,1.75,81.91,61.23
P081,OK,814.48,263.12,30.41,54.94,26.12,4.03,0.13,7.77,82.2,380.35,2.1,0.9,76.09,58.41
P081,OK,1088.03,532.15,6.85,72.85,1.13,0.98,1.43,5.84,81.04,268.1,6.04,2.37,69.49,66.64
P081,OK,697.36,475.73,2.87,81.46,44.36,0.57,0.09,4.22,81.02,425.11,4.72,4.45,73.19,79.55
P081,OK,330.16,365.94,2.82,54.37,49.79,3.35,0.13,6.03,61.42,200.72,4.91,3.29,81.42,71.82
P081,OK,1118.01,418.79,21.8,63.41,67.21,1.31,0.81,4.27,66.96,351.65,7.5,7.77,76.54,49.43
P081,OK,350.65,299.95,23.75,55.97,41.11,1.06,1.34,3.71,77.87,257.74,2.35,6.32,67.18,50.76
P081,OK,636.18,358.53,6.26,63.29,24.2,0.74,0.25,1.49,65.99,324.8,5.08,2.33,63.23,80.15
P081,OK,404.64,499.8,11.26,72.93,61.23,0.17,1.57,3.93,71.14,373.19,4.48,5.22,44.54,44.11
P081,OK,291.76,299.09,6.9,79.72,8.41,1.68,1.5,4.43,60.07,199.19,5.24,6.26,61.89,55.01
P081,OK,971.19,190.08,25.29,54.59,80.46,0.36,1.24,6.09,61.29,383.75,5.23,5.06,64.31,54.89
P081,OK,782.7,355.5,4.86,57.63,12.59,2.14,1.31,4.83,59.26,193.27,0.89,6.31,78.53,65.49
P081,OK,806.44,441.7,31.48,80.56,4.03,3.83,0.32,5.66,71.13,189.68,3.31,1.29,49.42,60.04
P081,OK,1126.32,576.39,14.21,65.02,61.37,3.87,1.64,6.59,47.09,377.69,5.45,3.36,52.41,83.29
P081,OK,316.16,488.47,27.63,69.74,53.5,0.89,1.36,1.44,75.2,359.39,4.55,2.64,50.84,72.15
P081,OK,445.66,558.85,33.4,53.46,74.99,3.92,1.03,1.59,53.2,269.29,3.07,5.17,55.9,57.95
P081,OK,1142.08,337.39,13.04,75.79,72.06,3.51,1.36,3.21,67.01,234.61,8.11,2.82,84.41,80.65
P081,OK,826.21,334.02,15.45,71.07,30.48,2.88,1.27,2.02,75.88,188.38,6.96,5.37,62.8,64.08
P081,OK,599.31,458.66,11.59,65.48,2.17,1.25,0.41,4.64,68.86,251.96,7.18,7.27,59.48,61.44
P081,OK,592.86,243.31,19.33,70.47,6.19,3.46,0.71,2.52,65.75,400.65,7.71,4.41,77.29,77.44
P081,OK,429.52,461.79,8.48,55.72,49.58,1.71,0.67,1.28,81.22,216.3,1.9,3.74,81.52,58.54
P081,OK,398.84,585.64,21.84,56.77,70.81,1.9,0.73,3.67,54.21,249.21,2.23,8.69,78.59,80.69
P081,OK,794.02,113.73,24.31,80.35,44.81,0.89,0.37,6.6,48.59,362.63,1.63,5.71,45.84,71.66
P081,OK,1072.29,196.13,27.46,74.04,67.04,0.31,0.55,4.34,63.66,251.57,1.12,6.79,80.33,44.34
P081,OK,579.92,262.0,23.79,66.33,29.36,0.99,0.22,3.27,61.13,329.15,3.77,6.04,66.2,81.11
P081,OK,613.58,96.78,32.55,84.35,59.76,3.67,1.18,7.62,76.47,304.97,1.5,1.31,66.33,81.34
P081,OK,891.24,344.23,12.98,58.55,20.01,1.44,0.59,8.24,83.35,247.15,3.67,6.99,53.16,67.01
P081,OK,333.28,253.86,4.75,64.01,48.71,1.62,1.4,6.7,79.47,400.84,2.42,2.58,42.49,46.48
P081,OK,1129.85,294.37,13.9,64.18,38.62,1.97,1.54,4.18,48.82,330.69,8.24,8.01,51.66,54.93
P081,OK,873.37,517.57,19.59,80.11,63.35,3.91,0.64,5.73,76.29,210.19,6.01,7.25,60.28,81.87
P081,OK,1039.67,276.11,2.86,81.43,1.04,1.56,0.08,6.72,65.53,316.55,2.11,7.17,53.75,67.59
P081,OK,724.37,521.52,15.17,64.29,29.04,4.4,1.53,5.99,50.3,265.46,7.45,6.34,65.74,44.51
P081,OK,712.57,432.12,18.26,67.87,46.38,1.67,0.89,7.78,51.22,400.65,8.29,0.82,66.93,57.54
P081,OK,582.44,417.45,6.18,78.6,12.15,0.98,1.49,1.47,50.9,398.21,5.09,5.56,70.36,68.11
P081,OK,1138.05,182.17,27.37,58.65,36.09,0.06,0.69,5.57,52.26,409.6,7.63,3.72,53.51,44.6
P081,OK,414.49,508.64,6.62,69.66,10.21,2.88,1.15,4.78,47.53,220.25,7.02,4.53,83.73,44.23
P081,OK,875.98,542.6,3.33,55.94,7.16,1.41,1.24,7.17,61.97,395.7,7.18,1.01,54.83,47.72
P081,OK,745.65,319.14,8.81,70.92,33.75,3.53,0.82,1.12,46.61,182.92,5.03,8.19,67.01,50.66
P081,OK,432.7,377.34,26.3,55.59,33.1,2.76,0.04,3.15,77.66,401.98,1.53,1.02,62.21,66.39
P081,OK,713.62,673.88,8.12,67.43,64.77,2.36,1.59,2.4,85.86,326.84,1.0,8.11,55.7,64.07
P081,OK,879.71,574.1,26.38,77.33,1.68,1.63,1.22,2.92,74.57,324.88,3.07,1.98,45.22,56.48
P081,OK,294.54,294.55,1.45,71.0,3.35,0.23,0.07,8.16,79.06,351.02,8.14,1.44,45.5,47.85
P081,OK,507.38,106.39,26.15,84.86,48.06,1.61,1.57,7.36,46.98,358.98,5.05,3.01,56.06,60.97
P081,OK,307.01,128.88,2.26,79.38,62.25,2.95,0.77,2.49,77.67,343.9,1.26,4.85,74.64,69.83
P081,OK,884.97,534.66,10.6,82.0,50.91,1.05,1.53,5.69,45.76,225.48,6.48,8.0,44.52,72.42
P081,OK,1090.96,571.62,16.8,79.0,77.49,1.07,1.5,2.44,66.05,194.9,1.15,2.06,68.29,77.71
P081,OK,311.66,268.95,31.81,62.88,40.14,0.28,0.7,3.2,81.08,252.64,4.72,2.88,49.0,77.76
P081,OK,745.34,346.5,16.53,65.51,21.68,3.48,0.16,1.36,59.36,416.62,0.97,1.02,73.67,65.78
P082,Needs Improvement,401.79,360.01,28.14,66.76,50.56,2.12,0.28,5.74,57.3,320.84,7.03,3.45,50.33,65.22
P082,Needs Improvement,461.32,506.44,5.2,55.11,50.07,0.64,0.27,6.78,41.25,235.06,6.03,4.84,70.02,51.33
P082,Needs Improvement,785.39,127.21,24.14,52.79,10.09,3.55,1.34,6.27,44.67,354.88,3.44,6.5,54.86,51.16
P082,Needs Improvement,291.59,418.58,20.02,52.43,3.48,0.19,0.83,3.9,41.86,276.45,2.68,7.1,38.54,55.17
P082,Needs Improvement,1076.79,175.66,10.17,44.8,53.69,1.94,1.51,1.17,52.08,344.99,2.14,2.47,58.12,41.44
P082,Needs Improvement,948.89,544.46,16.7,46.59,63.29,2.68,1.53,5.89,58.13,374.47,6.41,6.53,38.23,59.25
P082,Needs Improvement,716.42,238.14,4.01,46.06,6.33,0.66,1.03,0.81,63.72,177.25,6.08,3.9,75.24,64.86
P082,Needs Improvement,1003.79,499.56,21.57,70.92,53.06,0.85,0.76,4.91,76.52,215.56,2.39,2.91,40.32,43.02
P082,Needs Improvement,339.37,114.23,14.91,47.85,35.84,3.05,0.31,4.35,58.2,192.35,5.5,1.72,71.05,57.59
P082,Needs Improvement,477.89,78.55,18.03,72.55,29.56,0.74,0.28,2.45,53.71,307.79,6.25,7.49,63.86,68.64
P082,Needs Improvement,350.16,96.53,1.53,60.98,67.96,0.01,0.74,0.87,76.34,317.43,1.74,5.68,61.45,62.12
P082,Needs Improvement,799.49,573.53,6.82,73.24,34.18,1.03,0.9,6.64,37.02,366.11,6.51,3.69,59.14,53.51
P082,Needs Improvement,536.11,357.67,8.74,57.0,2.57,0.61,0.36,1.94,71.18,270.08,5.2,6.22,48.56,59.97
P082,Needs Improvement,516.55,564.82,8.46,58.26,61.62,1.91,0.37,4.94,50.82,340.4,1.35,4.77,55.22,65.92
P082,Needs Improvement,1142.56,309.06,7.09,52.09,19.78,0.11,1.15,5.1,58.75,193.12,4.66,6.0,71.12,48.56
P082,Needs Improvement,1070.12,92.01,15.06,73.99,49.77,0.17,1.12,1.36,42.84,323.41,5.68,4.42,39.02,41.57
P082,Needs Improvement,1029.94,413.64,22.19,53.91,17.04,0.4,0.66,5.32,45.05,209.95,6.72,5.41,60.38,59.61
P082,Needs Improvement,468.14,198.04,4.65,48.07,45.13,0.21,1.34,2.64,64.11,200.37,2.88,7.88,49.83,50.59
P082,Needs Improvement,251.65,431.25,2.89,49.65,25.55,0.95,0.31,4.68,42.29,348.04,6.17,5.34,70.68,66.31
P082,Needs Improvement,1068.42,192.91,10.53,61.91,38.4,1.56,1.38,3.47,37.77,379.5,2.25,0.91,68.56,46.56
P082,Needs Improvement,242.63,174.4,23.08,63.52,17.31,2.64,0.09,3.2,41.01,238.55,1.87,6.04,52.65,67.95
P082,Needs Improvement,268.41,161.74,31.95,57.0,43.04,1.5,1.08,2.6,49.44,272.73,1.53,3.97,47.92,36.97
P082,Needs Improvement,716.89,155.88,29.43,60.65,3.46,3.56,0.52,6.26,55.76,155.76,1.99,1.07,58.08,52.07
P082,Needs Improvement,457.51,306.71,22.43,53.42,3.22,1.08,0.62,7.01,61.48,281.33,7.02,1.83,78.27,42.8
P082,Needs Improvement,218.43,252.14,2.69,72.02,26.01,2.61,1.1,1.17,61.35,229.24,3.1,4.24,46.34,45.23
P082,Needs Improvement,618.34,91.25,14.46,47.08,55.59,1.03,0.72,2.8,58.52,170.82,2.3,6.9,46.25,41.46
P082,Needs Improvement,827.4,137.34,15.27,47.17,69.16,3.69,0.09,1.32,63.56,201.4,6.19,2.61,60.59,51.8
P082,Needs Improvement,332.88,515.63,16.05,62.63,69.99,3.45,1.23,5.71,62.89,309.76,1.43,3.61,55.84,54.94
P082,Needs Improvement,798.21,412.46,19.02,51.91,31.23,2.4,0.75,5.43,65.4,170.78,3.36,7.01,56.88,41.5
P082,Needs Improvement,417.65,537.31,4.39,46.45,7.63,1.58,0.66,5.51,59.2,166.45,0.9,2.82,63.21,52.28
P082,Needs Improvement,750.02,567.35,9.85,73.26,12.16,3.03,1.09,5.51,59.0,370.44,6.2,1.24,70.72,56.34
P082,Needs Improvement,269.15,268.75,16.21,53.5,54.08,2.06,1.41,2.22,68.14,299.32,7.58,3.01,62.92,70.29
P082,Needs Improvement,604.77,353.67,8.85,57.1,68.73,1.96,0.04,2.94,51.29,216.28,3.68,1.07,48.9,52.9
P082,Needs Improvement,330.81,432.48,18.82,59.42,9.71,1.43,1.07,3.77,66.98,307.63,5.61,5.36,52.75,36.3
P082,Needs Improvement,633.81,599.84,29.57,53.93,15.83,2.8,0.06,6.19,65.96,214.88,6.38,1.91,43.18,44.52
P082,Needs Improvement,498.4,200.28,8.91,50.67,74.21,1.42,0.53,7.12,67.8,265.69,3.56,3.65,71.2,73.24
P082,Needs Improvement,278.59,269.61,4.74,51.21,40.9,1.49,0.46,1.41,45.88,350.2,6.08,4.03,46.41,55.22
P082,Needs Improvement,319.56,164.16,5.77,54.97,63.26,1.63,0.72,1.08,67.48,375.43,3.17,3.53,72.74,62.16
P082,Needs Improvement,249.02,233.59,13.48,69.15,18.22,0.57,0.67,5.31,56.3,231.67,3.06,6.43,37.73,41.83
P082,Needs Improvement,1018.52,247.42,30.72,63.75,50.49,1.29,1.43,6.18,75.95,182.52,1.66,7.04,45.44,66.56
P082,Needs Improvement,521.44,243.12,19.37,64.87,15.97,2.45,0.71,1.37,68.53,247.53,3.1,6.76,73.22,53.17
P082,Needs Improvement,291.16,149.5,27.98,44.63,19.81,0.36,0.43,6.5,52.04,340.75,3.64,7.1,57.9,65.69
P082,Needs Improvement,581.38,316.51,13.02,63.99,28.88,2.31,1.18,5.66,47.85,340.44,1.67,6.8,57.94,69.39
P082,Needs Improvement,463.73,502.98,5.84,62.97,41.01,0.86,0.55,4.77,71.32,184.38,2.2,4.0,65.63,47.4
P082,Needs Improvement,1047.28,220.9,28.63,61.15,46.11,1.92,0.56,6.06,52.68,200.7,5.36,2.47,54.88,74.31
P082,Needs Improvement,287.48,362.6,2.25,65.4,49.92,0.52,0.05,3.91,51.66,161.2,3.09,6.55,50.84,68.33
P082,Needs Improvement,898.45,161.83,6.68,69.25,58.46,2.64,0.96,5.24,48.67,267.08,5.49,2.54,52.67,59.23
P082,Needs Improvement,237.94,260.03,1.26,74.62,8.98,1.93,0.97,1.52,58.17,361.11,5.19,7.38,54.09,73.26
P082,Needs Improvement,649.3,262.99,3.79,42.72,56.62,0.06,0.26,4.6,66.75,269.99,1.91,5.93,54.23,38.49
P082,Needs Improvement,969.53,317.29,2.29,48.46,33.41,0.11,1.22,4.7,54.47,349.66,0.91,6.2,41.34,45.48
P082,Needs Improvement,834.89,540.71,2.82,56.02,77.04,0.15,0.12,4.04,51.11,332.49,2.55,2.53,46.05,53.68
P082,Needs Improvement,977.46,98.03,6.86,71.1,67.41,1.28,1.0,1.52,65.92,371.39,5.38,3.93,40.9,51.03
P082,Needs Improvement,324.24,229.61,24.84,56.88,48.88,0.08,0.01,5.06,59.75,263.04,5.29,1.06,75.1,59.2
P082,Needs Improvement,957.72,262.35,26.5,65.23,24.39,0.39,0.23,7.78,62.42,186.24,4.21,6.0,53.11,38.17
P082,Needs Improvement,776.98,574.36,23.02,56.89,65.04,3.54,0.17,4.57,40.55,251.44,4.76,6.31,68.52,71.72
P082,Needs Improvement,853.83,573.73,11.06,45.87,23.56,1.17,1.41,3.43,68.2,175.19,6.66,1.32,51.6,50.22
P082,Needs Improvement,558.69,536.09,24.23,71.23,11.9,0.06,1.15,3.92,54.01,374.46,0.79,3.95,55.83,47.09
P082,Needs Improvement,360.49,266.23,13.11,72.42,42.74,0.86,0.64,7.19,63.91,333.17,6.78,4.72,54.23,52.35
P082,Needs Improvement,241.1,149.09,18.98,76.88,50.53,2.78,0.91,6.44,57.15,154.68,4.96,7.52,59.53,51.84
P082,Needs Improvement,670.86,465.62,17.3,66.5,6.34,2.12,0.73,2.31,58.91,284.95,6.29,6.53,42.12,42.25
P082,Needs Improvement,700.6,322.39,6.21,70.1,20.92,1.87,0.15,1.42,55.01,159.83,4.94,3.55,52.05,59.71
P082,Needs Improvement,1012.05,320.95,22.74,51.05,33.48,1.95,1.22,3.3,40.29,350.75,5.58,5.12,51.64,45.19
P082,Needs Improvement,482.28,254.99,28.79,49.25,24.45,0.59,1.24,5.1,45.48,219.03,1.1,2.14,58.74,56.14
P082,Needs Improvement,1006.28,190.24,26.99,45.83,51.22,3.31,0.69,4.8,44.04,282.54,6.98,4.97,69.03,51.14
P082,Needs Improvement,536.29,392.38,27.91,48.39,34.85,3.0,0.82,5.31,49.38,207.54,6.95,1.11,62.56,63.6
P082,Needs Improvement,635.15,146.41,4.96,66.61,3.95,1.82,0.28,2.79,48.29,288.67,1.3,4.25,45.57,72.3
P082,Needs Improvement,947.41,208.22,16.81,55.13,9.53,1.91,0.98,6.64,72.93,162.49,6.67,2.61,55.08,56.25
P082,Needs Improvement,1013.6,499.55,1.35,55.23,10.58,2.71,0.89,3.46,54.53,298.15,1.71,4.49,54.37,45.07
P082,Needs Improvement,593.45,436.94,11.31,55.98,20.94,1.84,0.06,6.21,49.7,368.4,6.92,4.33,58.46,50.58
P082,Needs Improvement,465.22,419.35,4.29,68.71,64.71,1.26,0.18,2.41,41.36,318.71,1.12,6.24,64.41,51.99
P082,Needs Improvement,461.84,213.38,10.82,55.94,32.57,3.15,0.76,2.39,62.56,241.54,7.14,1.23,65.76,63.63
P082,Needs Improvement,595.57,203.41,29.22,67.98,19.84,3.37,1.12,5.55,62.15,289.97,3.85,4.54,41.23,50.29
P082,Needs Improvement,1115.63,362.12,29.53,65.9,20.1,0.17,1.33,6.65,40.12,229.01,7.2,7.45,47.33,71.75
P082,Needs Improvement,254.3,544.96,25.3,55.69,31.82,1.01,0.07,3.18,43.29,219.04,1.04,2.28,69.14,38.95
P082,Needs Improvement,234.4,380.12,15.85,70.37,22.59,1.97,0.1,3.23,50.99,315.82,1.96,2.69,75.38,55.99
P082,Needs Improvement,700.33,617.23,22.79,65.25,32.1,3.19,0.42,1.85,54.44,344.35,2.0,3.12,43.63,48.31
P082,Needs Improvement,671.42,459.97,21.03,68.34,4.63,0.22,0.18,4.73,65.66,181.16,6.77,1.84,56.22,70.38
P082,Needs Improvement,870.28,396.6,4.31,46.9,73.64,2.37,0.62,1.84,57.84,236.6,5.37,1.8,59.03,52.32
P082,Needs Improvement,781.0,216.58,4.78,73.48,15.49,0.37,0.91,2.76,70.55,211.16,5.09,5.69,70.12,47.79
P082,Needs Improvement,889.03,532.43,14.3,57.27,28.91,2.54,0.07,1.3,54.03,256.42,5.93,4.73,43.82,57.81
P082,Needs Improvement,351.41,412.28,22.08,63.92,71.24,2.47,0.96,5.95,57.58,360.15,4.69,1.97,67.15,48.91
P082,Needs Improvement,374.01,263.23,16.35,49.74,12.18,3.16,1.5,5.82,72.2,280.43,3.2,4.14,61.71,58.05
P082,Needs Improvement,545.7,536.36,25.39,66.68,36.93,3.57,0.94,4.86,57.86,224.4,4.87,4.96,50.72,38.88
P082,Needs Improvement,679.89,482.65,10.38,47.78,71.91,0.52,0.8,5.11,69.91,347.26,3.56,6.41,60.88,56.77
P082,Needs Improvement,844.71,493.72,17.89,61.35,6.32,1.66,0.76,3.78,53.9,244.53,4.31,2.35,47.79,36.57
P082,Needs Improvement,847.72,373.54,21.02,55.39,12.59,3.43,1.04,2.88,38.65,219.23,4.05,6.97,63.23,70.12
P082,Needs Improvement,627.14,618.28,2.11,57.28,54.21,2.13,0.22,1.98,72.65,268.0,5.49,5.33,46.31,52.74
P082,Needs Improvement,783.2,246.15,12.82,58.71,58.86,0.93,0.03,1.32,45.51,237.24,2.36,1.79,57.58,64.69
P082,Needs Improvement,705.74,556.34,22.42,70.43,69.06,2.23,1.39,3.41,70.06,221.78,6.66,2.54,63.14,67.12
P082,Needs Improvement,722.45,170.51,16.33,72.91,69.81,1.05,1.54,1.19,45.39,280.79,6.99,4.87,53.36,72.66
P082,Needs Improvement,470.1,250.88,5.58,72.55,67.1,0.14,1.48,6.33,66.5,235.21,5.88,2.66,49.61,68.39
P082,Needs Improvement,1064.87,185.32,27.36,67.81,0.6,0.36,0.59,3.43,56.74,218.14,4.82,5.36,42.45,44.1
P082,Needs Improvement,318.53,186.18,18.84,57.81,56.39,0.65,0.16,2.44,40.72,335.5,6.03,1.62,75.18,51.43
P082,Needs Improvement,431.87,594.31,16.89,48.35,62.63,2.37,0.16,1.56,74.41,347.75,5.86,3.63,39.87,51.09
P082,Needs Improvement,1062.11,224.5,11.36,62.08,17.8,0.59,0.91,1.11,46.6,166.54,6.56,5.8,60.62,55.98
P082,Needs Improvement,472.12,343.74,11.98,56.55,22.61,1.43,1.48,6.84,60.47,176.61,4.48,6.26,50.29,43.37
P082,Needs Improvement,892.42,424.33,12.19,51.51,23.4,3.45,1.09,0.9,53.04,194.8,2.51,5.67,63.7,56.84
P082,Needs Improvement,970.17,218.17,30.48,48.63,27.83,1.24,0.89,6.38,64.34,172.86,1.62,7.65,51.32,41.55
P082,Needs Improvement,1051.3,122.48,22.76,67.35,52.77,3.59,1.19,1.32,52.05,338.32,3.52,6.65,52.31,57.18
P082,Needs Improvement,282.82,172.72,26.53,49.81,43.73,1.13,0.45,3.64,58.98,344.53,5.89,2.3,47.66,46.85
P083,Good,646.44,386.71,29.65,92.88,5.89,4.1,1.57,4.15,71.25,358.89,4.17,8.73,52.94,53.65
P083,Good,348.04,342.98,37.3,69.51,38.3,3.55,0.33,5.0,94.43,207.45,4.54,2.85,54.87,58.96
P083,Good,698.07,547.14,39.88,65.85,28.28,1.24,1.7,2.74,46.99,272.39,3.48,8.22,58.03,50.69
P083,Good,586.04,452.37,19.05,61.11,81.71,1.96,0.38,4.04,80.49,363.46,6.1,8.24,71.05,52.67
P083,Good,889.84,622.1,9.93,68.21,65.15,2.7,0.78,2.66,63.97,266.47,6.58,4.61,69.34,47.45
P083,Good,434.66,574.82,16.75,64.47,67.18,2.97,0.54,6.91,77.98,378.94,1.84,3.84,81.72,68.19
P083,Good,686.85,261.39,8.12,85.21,99.6,1.19,1.05,5.76,84.46,412.93,8.37,3.99,47.14,47.33
P083,Good,726.84,233.5,26.71,81.06,81.39,0.37,1.52,8.51,86.21,422.07,1.48,9.62,88.06,69.9
P083,Good,1203.24,324.82,5.07,80.17,23.9,2.86,0.14,1.79,65.07,262.12,2.14,5.19,50.66,70.85
P083,Good,879.54,278.29,32.64,63.94,90.58,4.01,1.14,7.7,81.03,208.39,5.26,3.22,82.27,53.68
P083,Good,1052.29,370.18,18.78,62.65,63.5,0.38,1.4,8.66,55.23,324.55,4.95,3.2,71.19,85.73
P083,Good,1138.48,322.08,25.53,84.46,72.05,2.19,0.51,1.26,73.05,245.69,5.14,7.04,59.04,77.17
P083,Good,861.73,753.13,25.33,79.82,32.12,1.67,0.71,2.88,50.11,443.5,9.24,1.74,47.93,57.09
P083,Good,537.37,376.6,4.87,71.52,46.2,0.42,0.97,8.92,84.37,380.98,4.96,7.68,77.88,88.77
P083,Good,445.57,308.23,29.4,63.68,59.13,3.89,1.24,7.39,74.1,469.21,6.57,8.36,57.07,56.02
P083,Good,1302.73,579.86,16.28,59.02,44.73,2.94,1.04,5.22,79.02,298.55,4.57,7.37,54.73,86.53
P083,Good,1118.68,355.01,22.87,68.42,60.4,2.02,0.88,5.5,66.8,302.79,2.81,2.25,96.48,50.27
P083,Good,1291.12,392.87,26.43,90.0,51.89,1.04,1.57,1.17,58.14,481.19,5.78,4.28,64.87,47.54
P083,Good,1124.74,523.93,4.2,86.85,13.0,1.55,0.06,8.71,73.91,423.2,2.82,6.14,91.95,86.67
P083,Good,917.25,107.61,17.74,67.6,13.75,2.64,0.09,5.53,48.6,219.58,8.65,2.25,84.62,59.82
P083,Good,1210.4,148.1,16.03,63.58,9.49,2.96,0.17,1.35,91.75,424.11,4.22,5.4,48.58,62.44
P083,Good,997.95,488.21,28.15,72.97,12.49,0.03,0.95,8.68,58.21,309.02,5.8,7.6,95.97,83.99
P083,Good,1061.62,405.12,38.01,59.5,29.74,2.59,1.57,3.36,88.84,278.8,6.6,7.93,55.3,78.01
P083,Good,288.86,551.37,14.96,82.66,49.13,2.75,1.56,2.25,69.0,224.08,4.58,5.78,68.87,89.81
P083,Good,676.39,640.84,29.52,95.35,54.37,3.63,0.16,6.58,65.0,230.51,4.04,3.56,53.69,49.08
P083,Good,754.98,533.27,11.46,64.16,44.82,2.12,1.28,8.65,50.12,305.43,1.39,4.23,66.87,72.66
P083,Good,472.89,586.97,18.08,61.74,21.51,1.47,0.25,7.48,51.75,259.08,7.75,3.58,65.57,60.03
P083,Good,847.8,538.78,10.49,91.0,46.22,0.44,0.13,8.82,77.0,300.39,6.59,5.57,77.65,71.0
P083,Good,1175.8,337.15,27.74,90.55,68.72,3.0,0.03,4.39,51.4,474.47,3.6,5.68,47.21,54.45
P083,Good,1344.64,594.53,26.63,77.57,11.81,1.75,0.34,8.65,88.38,190.02,8.57,9.17,52.75,60.61
P083,Good,296.45,225.51,16.1,58.27,91.61,0.81,0.28,3.81,67.69,339.03,3.68,7.03,56.62,77.8
P083,Good,1317.01,673.51,14.21,60.37,8.58,1.92,1.12,8.21,64.94,299.52,4.08,8.12,91.71,49.63
P083,Good,525.84,771.02,31.76,77.96,78.55,2.27,0.91,2.27,61.32,232.45,2.4,7.71,92.27,70.74
P083,Good,326.27,380.06,24.45,66.74,79.55,4.09,1.45,9.21,65.09,337.63,1.34,5.27,52.38,70.61
P083,Good,1177.98,332.96,39.35,63.06,81.44,4.93,1.37,3.21,52.22,331.46,9.15,3.7,88.91,84.93
P083,Good,826.08,431.52,37.3,77.83,48.09,2.45,1.23,6.38,77.09,304.27,2.4,9.02,60.88,77.14
P083,Good,705.78,466.63,19.95,89.74,63.15,1.36,0.46,4.95,68.78,427.59,1.87,4.48,71.07,49.28
P083,Good,361.87,477.93,3.41,86.75,54.38,2.7,0.33,2.6,73.88,480.96,8.31,7.62,68.28,68.47
P083,Good,425.37,456.11,1.96,89.39,23.38,0.52,1.25,4.77,73.49,284.72,9.71,8.87,59.39,85.06
P083,Good,1262.08,131.88,37.57,75.85,67.44,4.04,0.88,7.87,69.17,436.29,6.36,5.74,75.87,71.41
P083,Good,974.36,468.67,28.39,79.76,39.07,0.71,0.04,9.52,54.35,270.87,9.49,6.76,74.49,73.11
P083,Good,652.77,112.54,13.64,75.33,27.44,0.98,1.58,6.16,79.19,315.35,4.6,4.53,95.94,63.75
P083,Good,929.01,133.83,31.17,63.77,41.2,2.51,1.78,1.28,79.74,336.44,5.62,7.24,66.68,81.69
P083,Good,1399.21,250.53,1.59,90.13,88.49,1.75,0.58,1.29,92.84,252.16,4.01,1.12,59.05,70.83
P083,Good,1307.67,535.03,17.37,88.52,44.66,2.09,0.75,8.74,52.67,434.26,3.14,1.88,85.72,92.2
P083,Good,935.7,647.66,21.86,64.57,14.62,1.01,0.66,1.44,64.29,428.28,6.14,5.98,86.14,75.87
P083,Good,979.18,429.68,12.74,60.19,11.46,4.62,0.59,6.46,86.68,335.59,6.0,3.37,72.73,53.61
P083,Good,594.61,349.58,15.07,73.32,16.31,3.8,0.44,5.19,93.76,315.89,1.13,8.15,93.33,56.43
P083,Good,322.46,499.88,31.26,94.06,92.25,0.02,1.13,2.45,85.29,182.93,9.55,6.19,68.15,94.85
P083,Good,382.24,446.15,31.67,86.67,17.91,4.37,1.16,7.96,56.4,209.4,7.44,4.07,58.37,66.11
P083,Good,522.64,587.51,30.91,78.56,96.74,3.89,1.6,1.89,97.73,412.49,1.14,5.68,76.74,67.36
P083,Good,469.14,654.68,32.45,94.07,69.55,0.89,1.69,8.07,60.4,421.44,1.04,6.51,65.85,81.76
P083,Good,1277.96,565.12,11.08,56.07,11.74,1.21,0.21,9.31,85.15,352.54,6.52,4.29,78.39,71.2
P083,Good,832.17,353.92,30.95,73.58,67.54,3.25,0.77,1.92,86.67,250.08,4.58,5.81,76.74,68.18
P083,Good,620.53,120.92,36.9,80.39,83.73,1.88,0.35,9.7,89.86,264.87,4.48,2.64,82.51,70.67
P083,Good,830.29,282.16,17.62,62.65,24.47,2.78,0.92,6.76,97.04,395.01,4.13,9.34,71.1,91.94
P083,Good,486.38,135.43,29.59,65.77,4.38,2.9,0.26,6.99,59.39,229.71,7.9,9.14,46.77,86.84
P083,Good,1120.78,483.93,24.77,58.64,86.97,2.36,1.86,2.9,48.89,209.08,1.89,4.26,52.88,81.12
P083,Good,946.58,331.57,32.8,78.69,69.15,3.32,0.92,9.6,64.18,226.55,1.55,8.54,68.56,59.13
P083,Good,1409.87,503.17,25.96,84.9,75.73,2.13,1.43,1.17,67.69,401.42,5.72,6.51,81.63,98.68
P083,Good,408.48,758.71,11.26,62.99,81.46,1.48,0.88,5.4,84.02,434.62,3.52,8.0,62.51,60.56
P083,Good,938.29,286.84,31.75,92.53,35.74,3.35,0.46,4.45,49.01,345.63,8.22,5.55,84.53,67.47
P083,Good,503.92,603.3,22.03,60.63,71.83,2.85,0.99,6.88,86.29,234.76,2.35,2.13,84.05,67.88
P083,Good,1391.54,573.97,31.27,65.94,8.33,0.25,0.35,6.45,92.89,211.51,1.45,1.32,90.88,97.08
P083,Good,945.12,291.79,9.21,69.79,25.47,3.1,0.32,3.31,65.21,320.97,2.71,8.68,67.36,49.15
P083,Good,832.24,201.48,19.52,72.71,70.51,1.4,0.26,2.07,84.7,339.29,9.62,0.98,68.92,52.43
P083,Good,585.38,173.36,4.55,55.18,57.92,1.05,1.16,1.38,51.11,275.01,3.68,5.23,57.02,91.76
P083,Good,737.02,446.29,4.04,82.07,25.56,1.29,0.56,3.64,87.15,419.56,5.08,5.07,82.69,55.66
P083,Good,570.27,610.61,20.13,73.48,9.25,1.22,1.53,1.06,75.26,314.53,1.48,1.55,91.64,64.37
P083,Good,534.05,585.85,10.45,61.07,73.1,0.81,0.87,7.92,49.18,218.29,6.83,8.91,54.17,89.49
P083,Good,1113.14,501.32,22.13,70.14,30.93,4.16,1.08,6.86,71.26,330.24,4.05,1.42,66.04,95.31
P083,Good,834.93,426.88,15.34,87.61,86.94,2.54,0.55,3.17,54.78,225.26,8.51,4.57,79.91,48.84
P083,Good,673.83,178.62,30.66,75.73,70.7,3.43,1.05,4.41,85.85,450.95,3.47,2.35,93.07,73.62
P083,Good,548.78,274.32,16.83,61.49,57.99,4.59,1.81,5.43,52.09,381.3,6.51,6.16,68.74,67.27
P083,Good,1381.3,286.49,38.12,83.06,72.37,0.64,1.73,6.2,50.5,417.18,4.38,3.77,72.42,75.57
P083,Good,1226.81,707.7,33.45,83.41,12.51,1.63,0.2,3.2,91.48,232.12,5.93,1.21,69.29,71.94
P083,Good,1162.16,518.64,18.73,83.89,33.81,0.33,0.8,5.84,88.9,415.41,6.73,2.81,72.33,89.26
P083,Good,439.61,685.81,4.39,83.5,63.91,0.14,1.44,8.16,88.34,463.49,8.08,7.69,67.33,90.25
P083,Good,302.16,571.72,16.81,72.29,15.16,4.65,0.76,6.88,58.27,378.47,2.4,8.46,85.86,72.67
P083,Good,1285.28,377.08,1.61,71.3,0.98,4.14,1.66,1.62,53.87,346.48,2.25,5.64,61.05,92.64
P083,Good,293.78,643.78,31.76,83.72,52.83,1.55,0.05,5.83,56.5,443.05,5.57,5.39,55.67,61.6
P083,Good,516.85,598.34,33.14,76.97,60.82,2.77,1.24,3.42,66.18,235.62,6.01,8.31,73.79,76.03
P083,Good,1024.24,582.1,12.56,73.85,74.04,2.91,1.74,8.47,66.17,320.56,2.32,3.04,94.54,93.55
P083,Good,579.83,691.86,8.2,81.78,16.07,4.02,1.3,6.28,79.1,341.65,1.97,6.74,65.6,84.89
P083,Good,363.91,252.03,8.48,63.33,88.05,3.77,1.0,2.6,58.16,183.87,2.5,4.4,92.05,87.6
P083,Good,450.78,699.9,20.48,67.99,32.14,2.8,0.81,3.72,61.53,351.77,5.04,7.06,49.46,63.18
P083,Good,689.17,224.75,14.53,64.19,64.31,0.08,1.01,8.29,61.91,338.84,6.14,2.05,52.54,77.78
P083,Good,1071.38,349.53,30.74,80.86,91.4,4.64,1.19,5.55,88.85,207.2,9.0,6.22,95.67,51.02
P083,Good,375.11,309.16,1.22,89.11,57.36,2.36,1.24,5.01,78.55,464.99,5.52,5.08,88.19,78.77
P083,Good,575.04,401.45,10.05,61.96,50.42,0.29,0.74,6.21,53.62,348.31,5.25,4.14,78.04,58.69
P083,Good,658.84,180.63,1.09,71.6,1.69,2.2,1.83,5.22,66.38,320.21,8.04,5.94,73.51,55.73
P083,Good,595.69,440.23,38.37,85.65,50.34,3.96,1.17,2.18,82.64,194.12,9.22,7.07,70.88,57.53
P083,Good,480.44,282.45,12.34,71.24,47.65,4.46,1.87,4.87,91.24,318.11,8.3,8.56,63.12,90.42
P083,Good,1035.62,112.9,37.29,78.62,26.49,4.04,1.15,8.96,87.73,437.23,3.99,8.32,54.36,69.32
P083,Good,1014.35,706.57,13.61,83.21,34.89,2.63,1.0,5.27,77.93,189.47,4.43,4.69,60.82,77.97
P083,Good,801.97,238.55,23.44,69.41,49.71,2.15,1.38,8.44,49.29,275.82,1.52,4.2,91.47,93.71
P083,Good,355.18,181.55,26.07,85.01,88.82,1.66,0.39,5.03,87.39,344.07,8.77,5.45,84.06,71.8
P083,Good,620.37,710.32,34.54,62.73,13.67,0.37,1.82,7.66,82.27,300.87,7.36,8.27,77.52,66.45
P083,Good,509.01,289.7,20.72,73.01,80.2,1.95,0.34,3.78,68.23,457.12,8.06,8.8,85.58,87.4
P083,Good,697.0,436.29,14.11,92.31,2.87,0.77,0.01,3.15,62.33,471.69,3.37,2.76,80.42,73.26
P084,Very Good,440.53,110.99,18.43,94.03,81.45,3.06,0.36,10.12,86.86,269.21,2.33,9.55,69.05,101.18
P084,Very Good,857.68,622.77,17.06,64.76,53.18,4.62,1.1,6.6,102.15,472.56,5.23,6.95,96.45,88.32
P084,Very Good,538.58,485.03,1.63,81.49,3.66,3.54,1.94,2.25,62.75,236.36,7.54,5.6,52.66,104.79
P084,Very Good,559.36,618.98,19.52,88.73,10.17,2.1,0.5,2.9,72.11,404.11,8.91,9.5,74.01,54.59
P084,Very Good,957.97,335.86,12.47,65.49,45.27,3.11,0.42,7.87,56.66,514.91,6.15,3.4,72.47,85.98
P084,Very Good,1306.29,757.53,29.1,75.32,65.83,4.65,1.64,9.71,76.77,248.3,9.66,2.15,97.51,60.37
P084,Very Good,406.82,329.6,32.18,68.03,91.5,2.46,0.23,9.06,78.24,518.13,2.18,8.43,74.05,89.31
P084,Very Good,1272.19,310.04,41.47,80.98,57.54,1.82,0.17,1.09,58.14,475.32,3.22,3.68,79.26,75.56
P084,Very Good,1256.38,409.06,17.83,71.11,39.55,4.41,1.09,8.21,84.13,256.95,8.2,10.42,78.2,92.3
P084,Very Good,1272.52,590.54,25.42,81.61,103.62,1.68,1.44,2.0,60.48,467.56,3.08,3.99,67.84,71.63
P084,Very Good,525.72,796.17,3.28,105.65,2.73,3.73,1.64,6.41,54.18,431.48,1.77,4.02,64.98,72.88
P084,Very Good,549.24,371.22,13.96,81.88,67.14,2.62,1.39,6.68,98.65,495.01,2.41,2.0,96.13,77.33
P084,Very Good,412.28,313.26,15.49,79.68,43.1,1.96,1.3,9.7,83.84,471.33,1.66,10.74,68.62,79.32
P084,Very Good,1341.66,379.75,29.47,70.19,99.9,2.61,0.84,4.0,102.05,365.55,2.39,4.34,77.67,87.34
P084,Very Good,501.41,765.08,24.14,100.26,74.15,0.97,0.86,4.72,79.1,228.08,4.58,9.06,64.46,55.84
P084,Very Good,853.38,801.61,21.84,85.71,10.72,2.53,1.26,3.22,73.95,268.71,7.92,9.94,71.01,100.35
P084,Very Good,364.89,786.11,31.89,92.27,63.81,5.28,0.03,8.55,100.07,286.53,7.88,6.87,99.01,93.33
P084,Very Good,1146.36,373.7,31.16,100.01,18.8,4.39,1.49,4.44,108.23,486.81,6.26,7.99,52.3,90.35
P084,Very Good,460.68,296.74,38.75,95.45,19.65,1.96,1.06,5.3,85.8,340.37,3.31,7.29,100.4,72.92
P084,Very Good,387.93,387.55,15.16,77.32,99.5,0.36,1.6,5.26,53.29,504.11,4.63,1.46,90.17,102.67
P084,Very Good,1434.35,474.67,28.9,78.7,37.74,2.46,0.65,10.01,72.15,403.93,3.89,10.11,90.97,69.26
P084,Very Good,1111.07,699.44,11.48,96.71,53.75,0.51,0.28,8.22,67.63,358.66,7.05,8.63,90.11,57.12
P084,Very Good,1025.26,467.23,35.03,82.18,39.22,0.91,0.39,9.38,59.61,419.71,1.53,9.26,96.75,97.12
P084,Very Good,1162.82,132.08,22.43,78.93,97.28,3.19,0.0,1.49,55.81,225.71,6.82,7.82,60.87,69.98
P084,Very Good,1176.88,457.15,15.23,82.31,94.46,2.09,1.9,8.16,85.84,468.83,4.42,10.01,98.46,54.46
P084,Very Good,395.78,643.97,18.88,69.08,3.2,1.06,1.94,2.63,100.92,509.27,3.55,3.1,74.89,83.45
P084,Very Good,1290.74,313.0,14.92,63.66,1.75,4.12,1.71,3.63,78.63,322.62,10.09,6.32,97.65,70.74
P084,Very Good,1525.47,740.27,42.21,106.05,5.54,2.04,0.73,2.62,74.87,428.88,7.5,9.94,84.39,62.06
P084,Very Good,514.46,136.45,24.73,78.86,1.18,3.79,1.3,2.97,55.82,250.62,2.65,9.53,52.44,96.64
P084,Very Good,1140.98,179.49,2.52,81.04,9.73,1.42,1.0,2.05,59.73,398.82,6.27,9.22,94.82,63.66
P084,Very Good,519.78,139.2,6.73,83.77,45.14,4.63,0.75,7.56,58.93,367.79,8.22,8.74,94.79,95.44
P084,Very Good,1188.9,728.84,5.87,77.6,91.12,4.31,0.04,6.5,102.17,372.58,8.43,3.22,99.47,100.11
P084,Very Good,1100.45,330.9,7.4,93.15,53.46,3.3,0.06,1.63,93.13,320.3,1.61,2.63,67.92,105.97
P084,Very Good,720.84,586.97,32.16,69.54,100.09,5.22,1.49,4.42,52.08,486.91,3.71,2.76,59.68,63.06
P084,Very Good,1293.31,553.38,17.26,83.66,37.26,1.91,0.01,3.19,93.93,291.82,9.64,5.65,98.41,98.37
P084,Very Good,1292.96,464.86,4.81,70.21,23.13,2.03,2.07,2.65,101.46,256.28,9.48,8.13,91.84,53.18
P084,Very Good,827.14,403.82,23.8,95.49,100.68,2.35,1.69,4.04,63.12,203.56,5.15,1.38,102.57,103.5
P084,Very Good,1092.29,831.71,15.19,79.04,26.4,1.24,0.41,7.93,106.03,423.15,5.71,5.36,67.41,53.87
P084,Very Good,1074.49,785.12,30.46,76.79,43.88,4.64,0.17,2.31,78.34,389.59,7.54,4.39,103.17,79.87
P084,Very Good,979.86,368.19,40.13,104.2,54.48,2.09,0.69,3.9,105.13,257.71,6.84,3.54,67.08,83.11
P084,Very Good,1067.6,251.68,22.91,64.42,3.48,2.67,0.3,6.79,69.87,360.56,4.9,5.84,93.17,99.13
P084,Very Good,1315.47,534.69,2.25,77.58,19.2,1.83,0.14,4.9,51.43,243.81,1.26,2.31,98.24,62.03
P084,Very Good,1116.9,876.2,3.75,83.76,81.31,4.94,0.64,6.92,74.4,398.43,5.71,8.66,56.96,94.51
P084,Very Good,1571.71,580.73,31.91,74.27,33.81,0.7,1.01,3.11,78.1,266.85,5.59,2.42,70.63,69.89
P084,Very Good,1571.19,491.17,2.81,85.02,62.84,1.79,0.99,6.02,95.79,356.59,2.61,1.52,97.65,85.79
P084,Very Good,1369.25,137.6,18.64,102.4,80.84,3.06,0.94,7.84,90.31,424.95,8.88,8.23,69.99,82.87
P084,Very Good,611.95,455.44,14.34,87.81,60.67,2.04,0.21,5.53,70.85,491.57,7.34,1.11,83.64,89.13
P084,Very Good,1109.12,424.45,4.91,97.2,54.88,1.55,0.77,6.29,94.19,325.19,8.25,10.45,99.61,86.17
P084,Very Good,596.86,542.32,35.66,93.52,103.83,4.7,1.92,9.45,53.82,484.31,2.23,5.54,84.74,57.11
P084,Very Good,1259.04,324.65,2.96,79.76,41.84,2.35,1.93,1.2,94.06,299.07,7.93,2.03,96.77,101.56
P084,Very Good,1097.81,133.71,24.77,83.06,47.34,1.17,1.4,8.2,74.59,389.47,1.67,4.36,56.31,96.46
P084,Very Good,447.0,694.95,2.0,73.01,22.93,2.13,1.91,1.2,101.99,499.04,8.34,9.86,97.24,52.98
P084,Very Good,1044.13,375.46,5.23,92.6,88.77,2.75,1.4,6.43,92.48,247.11,6.59,8.91,56.99,60.96
P084,Very Good,490.3,514.77,30.1,90.59,80.76,4.72,1.81,3.91,99.89,449.12,2.9,1.59,100.04,104.85
P084,Very Good,621.69,314.37,36.76,97.93,65.79,4.05,0.36,1.63,66.51,305.48,6.55,5.75,105.03,55.65
P084,Very Good,448.94,397.01,6.76,73.39,1.13,1.84,0.13,4.08,78.31,278.65,6.19,4.99,89.58,102.2
P084,Very Good,1571.77,719.96,22.78,107.25,53.61,3.23,0.09,3.52,57.34,332.44,3.12,5.81,96.7,82.02
P084,Very Good,1186.2,751.03,13.95,93.4,18.04,4.96,1.83,6.01,102.67,419.31,3.74,7.48,104.34,67.15
P084,Very Good,467.96,272.05,40.8,93.56,35.37,1.73,1.51,5.88,59.41,258.47,8.08,6.69,98.89,54.88
P084,Very Good,339.3,587.62,22.08,73.53,22.35,4.99,0.95,6.95,81.49,438.98,3.78,7.27,57.92,95.47
P084,Very Good,356.43,701.78,7.44,81.12,45.54,3.05,1.12,8.52,63.99,287.68,1.35,9.73,73.3,72.38
P084,Very Good,1541.65,130.46,8.33,87.4,71.39,2.9,0.56,7.87,71.55,465.28,1.59,1.87,96.73,53.54
P084,Very Good,1311.22,340.32,2.52,94.84,34.1,1.13,0.86,5.86,78.14,424.65,5.09,1.33,64.67,104.11
P084,Very Good,851.08,689.4,17.73,69.31,34.87,3.08,1.65,5.5,80.02,394.69,5.06,6.16,84.32,92.6
P084,Very Good,494.33,123.99,23.67,92.69,67.57,4.89,0.01,7.03,51.27,243.56,5.44,5.58,93.58,77.79
P084,Very Good,587.53,274.38,31.04,86.46,10.04,2.96,1.72,5.23,107.57,402.9,1.19,1.12,68.8,61.41
P084,Very Good,965.49,585.87,23.38,73.99,38.92,4.12,0.8,5.12,78.94,330.87,3.82,3.41,89.97,52.09
P084,Very Good,1405.01,316.75,24.64,65.57,48.7,3.63,1.44,6.26,89.47,470.66,6.32,7.23,93.14,81.25
P084,Very Good,1489.75,395.29,42.45,84.44,100.43,0.19,1.84,6.04,102.24,264.4,9.47,1.66,83.34,102.47
P084,Very Good,1163.42,402.43,26.01,85.52,18.65,3.93,1.06,2.93,66.41,349.69,8.65,1.97,94.71,90.25
P084,Very Good,1227.71,468.75,30.67,69.42,96.9,2.3,0.24,3.02,104.31,262.12,7.94,6.83,91.99,51.34
P084,Very Good,383.23,672.37,39.26,94.48,19.43,0.41,1.95,3.33,95.54,452.7,6.22,1.91,85.35,99.92
P084,Very Good,1392.59,656.46,7.93,80.04,28.13,2.49,1.31,9.86,70.35,241.17,10.14,4.74,81.23,64.32
P084,Very Good,485.45,642.04,20.99,93.3,42.35,2.82,2.18,2.93,89.03,285.49,5.34,5.58,83.7,89.79
P084,Very Good,1052.31,789.48,10.22,77.71,40.87,3.31,1.7,10.3,55.35,390.99,3.6,3.25,70.92,67.41
P084,Very Good,846.78,592.17,4.11,99.97,1.72,4.65,1.16,9.01,98.41,384.97,9.77,2.77,96.73,78.67
P084,Very Good,631.4,261.31,6.45,97.93,31.46,1.2,2.0,10.11,78.71,311.02,3.02,2.94,68.3,94.04
P084,Very Good,1379.08,709.36,16.81,91.19,30.97,3.7,1.81,8.97,84.4,411.45,2.54,4.29,98.1,67.94
P084,Very Good,1558.2,318.78,33.64,79.74,48.05,5.09,0.12,4.55,65.07,411.45,9.73,4.71,68.68,55.97
P084,Very Good,1063.28,163.42,30.72,93.42,28.2,0.35,1.17,4.84,63.96,308.41,3.82,7.05,54.04,86.64
P084,Very Good,593.94,526.47,36.17,69.1,101.14,2.76,0.12,4.34,83.31,240.3,8.03,9.8,70.17,89.18
P084,Very Good,1512.42,530.53,39.38,95.21,2.73,2.69,1.56,8.05,60.54,449.34,5.25,7.33,87.25,88.96
P084,Very Good,1081.54,287.47,4.21,100.56,28.65,1.95,0.2,5.62,79.46,272.73,4.03,8.86,108.25,70.43
P084,Very Good,772.53,799.23,1.66,61.14,12.02,1.41,1.94,3.38,95.11,478.69,6.87,1.54,80.03,87.44
P084,Very Good,549.56,714.64,40.49,84.33,20.4,3.69,0.3,3.63,92.82,396.17,2.63,10.39,78.5,71.51
P084,Very Good,1044.46,597.16,7.09,103.36,72.57,0.77,1.59,8.14,60.66,408.13,6.25,2.29,74.86,99.95
P084,Very Good,985.38,658.51,20.54,67.49,88.48,2.44,0.15,9.72,73.56,262.29,4.11,10.07,83.37,78.69
P084,Very Good,1478.91,834.65,37.81,100.32,60.4,4.58,0.6,7.89,95.55,269.24,5.4,8.19,82.49,63.93
P084,Very Good,746.22,613.25,16.94,105.11,69.58,0.24,1.2,4.14,80.41,278.54,2.0,10.04,78.55,92.98
P084,Very Good,1293.37,598.47,4.07,103.18,18.7,4.96,1.05,7.19,71.44,306.92,7.53,8.72,103.1,86.21
P084,Very Good,651.32,333.6,7.58,99.91,54.29,1.72,1.26,7.17,103.11,260.39,1.3,4.64,99.88,76.61
P084,Very Good,1569.09,641.44,15.01,85.52,76.07,3.95,1.49,5.17,88.09,463.68,5.56,2.72,77.94,73.15
P084,Very Good,1477.67,702.19,19.21,64.88,100.14,0.93,1.68,9.75,56.58,433.23,9.84,5.18,58.98,74.3
P084,Very Good,1523.52,589.08,19.04,85.53,29.42,1.36,0.54,1.35,99.31,235.07,3.67,9.28,85.3,54.73
P084,Very Good,1216.26,378.63,31.28,70.5,3.0,3.59,0.41,1.35,98.83,390.87,3.21,4.0,97.87,90.03
P084,Very Good,1598.33,530.92,9.58,71.63,55.98,2.43,0.27,9.31,56.45,478.44,4.49,5.99,71.68,93.57
P084,Very Good,1025.21,623.44,31.32,90.97,88.67,4.88,1.83,5.9,74.95,396.23,5.13,2.08,107.92,87.26
P084,Very Good,679.14,544.33,41.86,71.0,88.78,4.44,1.35,6.92,86.53,390.29,4.91,9.77,81.92,82.5
P084,Very Good,575.0,122.27,4.62,78.68,17.25,4.44,2.0,3.28,65.56,463.27,3.12,5.69,64.93,58.54
P084,Very Good,460.42,414.91,10.03,99.19,46.3,1.42,0.73,4.26,69.3,395.55,5.95,1.21,100.4,94.44
P085,Excellent,845.28,682.63,5.59,93.87,27.36,4.12,0.54,2.82,69.39,526.96,5.21,3.52,75.56,109.09
P085,Excellent,1234.45,598.87,40.06,102.56,48.89,3.95,1.15,3.32,116.13,599.31,5.55,3.28,72.85,78.61
P085,Excellent,712.11,482.83,39.18,92.82,77.78,0.09,0.61,10.83,100.46,547.04,3.24,6.72,103.67,101.98
P085,Excellent,835.19,203.97,30.47,78.65,87.84,3.31,0.29,2.01,114.6,389.43,2.58,11.3,63.17,108.23
P085,Excellent,831.28,294.79,28.44,90.71,16.85,3.25,0.87,2.24,107.24,299.21,4.98,5.35,84.32,79.96
P085,Excellent,445.68,626.46,31.98,104.65,29.34,5.3,1.27,6.42,56.24,522.73,5.61,10.05,122.54,74.84
P085,Excellent,1555.26,626.17,24.45,87.86,45.34,2.0,0.44,11.54,75.67,606.0,3.75,6.78,77.44,88.01
P085,Excellent,936.73,213.04,15.31,77.68,100.51,1.5,2.29,1.69,68.15,516.89,11.44,1.3,96.87,75.39
P085,Excellent,557.75,430.04,23.65,116.68,18.4,5.04,2.21,1.32,121.46,387.1,7.19,11.33,115.77,116.48
P085,Excellent,704.62,462.49,15.11,119.91,74.99,0.65,0.46,6.48,64.15,583.09,8.8,6.98,93.25,110.07
P085,Excellent,1053.95,248.25,18.27,105.0,122.84,5.17,1.01,8.09,102.11,354.76,4.22,1.75,99.73,102.87
P085,Excellent,759.45,604.31,46.03,95.6,51.93,2.02,2.38,10.38,67.22,411.19,4.25,9.55,77.68,103.51
P085,Excellent,540.68,319.15,27.12,109.15,40.46,4.06,0.77,3.02,62.87,503.67,10.08,7.5,82.48,98.08
P085,Excellent,486.07,273.0,38.99,77.03,39.78,3.18,0.75,10.97,109.56,406.67,6.12,5.12,102.12,56.92
P085,Excellent,1040.98,925.83,14.74,76.06,122.08,1.47,0.02,4.6,125.23,346.36,1.65,10.98,99.04,93.14
P085,Excellent,1072.76,838.58,24.14,102.06,52.67,5.38,0.7,1.21,116.01,356.75,1.64,9.38,103.18,101.24
P085,Excellent,927.68,268.18,17.43,85.92,17.66,2.97,1.57,9.31,113.98,423.62,1.98,7.08,115.54,116.09
P085,Excellent,1275.55,894.42,13.39,93.9,43.05,1.85,0.75,11.98,103.05,288.18,8.47,9.88,63.4,93.21
P085,Excellent,451.58,350.59,1.88,114.94,40.27,3.14,0.76,7.66,80.84,429.88,2.33,5.05,61.37,103.15
P085,Excellent,1330.61,573.09,11.18,99.81,64.73,2.87,0.18,11.51,69.18,422.05,8.63,6.71,87.81,100.95
P085,Excellent,1476.26,170.97,19.32,106.78,69.82,0.15,2.3,9.58,112.15,532.19,3.21,3.5,75.63,78.89
P085,Excellent,1329.28,741.48,25.23,124.29,4.87,5.66,0.05,2.56,92.2,415.91,5.24,5.49,61.59,106.98
P085,Excellent,710.81,893.67,5.2,105.16,0.84,5.52,1.3,6.98,94.94,610.67,10.03,1.22,89.6,69.64
P085,Excellent,539.78,268.43,26.98,121.56,32.99,0.25,1.52,5.55,84.89,270.63,8.76,6.99,102.73,90.64
P085,Excellent,1086.42,266.09,31.74,94.01,110.44,0.97,0.69,5.08,87.9,287.07,12.04,5.26,74.62,71.09
P085,Excellent,1308.58,1021.45,24.7,73.44,84.74,4.17,1.07,10.88,87.35,558.14,4.27,1.63,59.64,107.98
P085,Excellent,1720.84,142.65,7.6,73.9,37.83,3.58,1.48,3.4,118.94,568.35,3.87,8.26,63.83,111.23
P085,Excellent,1147.95,201.54,4.79,91.38,24.16,0.74,1.85,12.42,65.38,578.35,4.84,9.65,93.08,97.84
P085,Excellent,1313.41,1028.36,10.92,107.35,108.36,1.96,2.27,4.51,99.79,265.87,6.9,6.81,61.63,122.36
P085,Excellent,1792.57,299.64,41.88,94.44,67.46,0.82,0.25,5.89,80.07,460.43,8.96,8.45,95.64,88.18
P085,Excellent,878.69,241.62,3.17,91.07,47.88,4.27,1.72,7.87,61.33,321.9,10.05,9.61,109.27,100.32
P085,Excellent,1698.91,230.72,23.87,90.33,80.97,4.75,0.39,4.55,76.48,425.17,8.91,9.7,67.85,104.33
P085,Excellent,932.86,656.94,36.89,84.5,19.19,4.46,1.17,4.43,98.31,330.04,5.11,8.13,83.59,110.1
P085,Excellent,962.62,864.79,2.39,78.1,109.73,5.26,1.12,5.86,90.76,432.64,3.47,2.18,76.19,74.0
P085,Excellent,844.03,310.24,8.31,80.56,37.57,4.6,2.1,7.73,73.44,308.53,9.87,10.87,116.97,100.61
P085,Excellent,1462.35,970.12,21.92,111.1,110.0,5.02,1.07,9.14,110.24,517.71,2.55,4.42,98.79,90.42
P085,Excellent,1385.56,462.22,16.79,79.17,95.36,4.21,1.96,4.66,109.68,489.39,2.14,2.39,66.15,89.88
P085,Excellent,1719.37,757.62,3.86,80.38,57.74,5.86,1.28,11.75,90.61,528.6,11.09,6.57,64.11,111.17
P085,Excellent,721.65,713.92,34.43,111.78,87.81,1.25,1.49,9.27,70.35,266.3,1.56,3.9,68.57,108.31
P085,Excellent,1370.04,586.22,3.19,97.95,29.63,5.67,0.41,5.35,95.11,480.84,3.34,6.79,76.1,91.45
P085,Excellent,1418.89,312.19,48.01,83.87,116.26,2.96,1.87,11.21,73.66,538.76,9.39,5.53,115.55,109.42
P085,Excellent,1301.08,150.05,42.09,102.13,39.58,1.7,2.21,8.89,103.31,237.94,3.32,2.49,115.1,121.19
P085,Excellent,1144.39,248.88,32.19,90.17,41.06,1.48,2.11,7.11,96.63,474.18,8.84,4.13,104.97,119.0
P085,Excellent,837.05,395.17,5.11,71.47,50.41,5.97,1.48,12.24,79.08,429.63,10.43,9.14,88.97,80.23
P085,Excellent,788.74,257.12,34.95,74.25,9.35,6.15,1.0,7.48,99.16,460.73,9.29,10.61,96.76,98.65
P085,Excellent,958.48,610.75,25.94,109.83,75.79,2.56,1.14,8.74,122.14,294.72,1.89,1.44,71.41,84.92
P085,Excellent,1572.4,662.95,31.98,112.65,32.11,1.09,2.13,6.54,123.5,436.92,4.01,7.84,62.14,66.11
P085,Excellent,1389.68,259.65,42.91,99.53,105.17,4.64,1.74,11.4,69.23,361.16,7.91,2.68,88.2,111.84
P085,Excellent,863.83,775.65,8.03,82.3,109.51,2.66,0.55,11.13,61.98,374.88,10.46,1.38,73.07,94.18
P085,Excellent,718.82,145.12,4.84,94.94,99.46,4.22,1.18,4.08,87.87,541.54,10.9,11.9,96.11,59.3
P085,Excellent,837.86,522.57,5.69,78.48,20.57,1.48,1.09,11.21,104.59,619.5,9.27,1.63,88.22,59.47
P085,Excellent,375.59,885.71,2.74,86.11,121.12,3.49,1.73,6.06,91.3,289.77,2.31,11.72,96.11,115.8
P085,Excellent,1392.93,201.4,25.88,121.72,37.85,2.1,2.03,10.86,97.92,419.73,3.3,6.94,114.4,111.95
P085,Excellent,1688.17,713.79,41.84,89.99,115.83,0.58,2.08,3.9,80.37,335.93,4.11,2.11,88.2,61.2
P085,Excellent,652.01,347.89,11.27,101.83,5.62,2.28,1.97,11.19,102.32,509.44,1.18,8.42,107.66,57.49
P085,Excellent,612.24,910.22,30.17,105.03,1.45,4.27,0.01,7.33,100.9,544.6,8.33,10.61,101.73,116.75
P085,Excellent,471.71,588.91,24.08,77.03,53.33,0.78,0.17,3.79,74.19,431.13,11.71,9.41,119.63,78.5
P085,Excellent,1475.38,756.36,25.19,105.31,61.67,4.79,1.05,10.1,102.15,295.46,4.99,7.11,96.32,71.34
P085,Excellent,808.71,674.2,30.62,70.54,101.64,2.43,1.16,3.58,72.88,389.82,5.55,7.77,77.32,94.07
P085,Excellent,1264.08,377.88,41.13,98.83,66.01,2.52,0.32,6.98,114.88,406.41,8.1,3.19,99.55,116.44
P085,Excellent,636.17,902.95,20.24,91.4,13.09,4.32,2.2,4.0,92.82,410.63,8.2,5.19,114.53,97.5
P085,Excellent,1573.97,413.3,47.14,91.69,123.87,3.52,0.43,4.15,101.23,383.0,3.01,8.6,98.23,72.02
P085,Excellent,1200.25,625.31,29.83,88.93,80.33,0.45,1.87,3.54,94.99,239.72,11.58,3.72,80.6,81.78
P085,Excellent,375.15,122.26,13.01,114.61,34.4,0.62,2.14,5.46,64.38,470.95,3.2,6.56,110.16,110.16
P085,Excellent,1450.4,827.47,36.48,100.78,39.03,2.77,1.12,3.9,125.2,552.16,8.56,4.07,75.27,75.16
P085,Excellent,939.93,661.56,34.02,121.43,78.51,4.77,1.84,11.06,71.34,301.91,2.91,6.43,81.87,72.42
P085,Excellent,476.78,842.46,11.08,88.6,112.42,1.54,1.58,3.45,92.48,373.88,9.98,4.98,105.79,109.29
P085,Excellent,1381.24,622.7,37.42,98.62,47.18,5.64,0.27,12.53,59.49,579.16,10.05,11.21,103.96,105.94
P085,Excellent,1178.23,890.68,14.26,110.9,85.02,4.56,1.4,2.85,109.0,240.48,8.7,12.4,83.63,105.76
P085,Excellent,1576.96,563.52,21.64,109.77,14.94,3.11,1.35,10.57,71.62,372.93,1.68,4.07,117.58,101.3
P085,Excellent,928.26,278.64,3.97,84.61,73.52,4.17,1.23,11.74,105.75,513.12,9.49,9.12,84.7,85.47
P085,Excellent,1520.15,533.06,30.97,103.88,61.81,3.9,1.08,6.19,70.65,271.95,3.47,7.41,58.21,57.87
P085,Excellent,459.06,572.31,20.09,83.94,53.84,3.08,0.08,2.6,66.33,519.93,10.75,10.73,89.26,118.04
P085,Excellent,674.31,907.57,33.53,73.65,84.53,2.15,2.4,2.16,93.95,236.2,7.65,6.32,64.9,107.81
P085,Excellent,1414.25,702.87,9.32,82.05,63.98,0.91,2.12,9.47,115.21,293.86,2.53,7.39,71.68,87.01
P085,Excellent,1790.58,455.32,31.85,88.87,41.88,0.75,0.79,6.11,80.67,229.74,11.43,4.72,103.64,93.57
P085,Excellent,1774.87,256.04,24.35,90.71,24.45,2.96,0.88,9.09,59.64,284.42,7.37,8.69,69.64,107.95
P085,Excellent,1919.68,383.98,19.21,88.68,44.83,3.41,0.62,1.55,115.79,534.62,7.47,1.61,62.83,77.63
P085,Excellent,757.62,394.14,7.4,88.44,72.46,2.4,1.24,1.31,82.13,292.74,8.26,5.11,100.43,80.92
P085,Excellent,1621.04,413.16,25.28,84.97,99.33,0.54,1.23,11.15,77.02,365.02,3.55,11.62,83.68,62.74
P085,Excellent,1231.25,636.94,35.19,102.32,24.02,2.27,2.22,8.64,102.6,347.48,1.65,7.06,66.04,81.4
P085,Excellent,930.13,553.79,37.54,71.14,73.56,1.04,0.24,11.59,102.22,466.86,2.25,9.56,83.52,84.24
P085,Excellent,1407.33,302.55,40.15,109.83,26.73,0.28,0.58,9.75,82.94,239.25,9.81,1.82,76.14,86.9
P085,Excellent,1676.57,697.79,23.04,102.01,109.79,5.54,2.29,8.66,116.54,559.51,2.12,6.07,81.03,75.47
P085,Excellent,791.9,814.92,16.26,79.54,73.26,0.64,0.94,3.83,79.24,531.78,10.96,8.68,89.44,101.83
P085,Excellent,855.86,823.21,21.46,76.45,11.08,1.77,0.11,8.0,104.07,320.2,2.22,6.96,92.43,126.23
P085,Excellent,1269.17,149.94,28.62,97.81,3.93,4.24,1.32,9.9,71.92,277.0,7.6,6.06,84.18,94.48
P085,Excellent,1408.79,902.23,6.33,81.51,82.32,0.16,2.09,7.76,84.62,278.38,4.17,2.78,68.25,71.21
P085,Excellent,920.71,404.36,3.58,87.2,5.67,5.06,1.42,5.55,95.21,622.35,4.61,7.2,91.59,92.48
P085,Excellent,1215.36,846.49,42.11,78.11,14.39,2.03,1.64,5.34,121.84,319.87,4.9,4.54,78.68,102.1
P085,Excellent,771.43,365.88,27.84,124.72,118.6,0.74,1.35,10.78,112.94,292.12,10.18,2.53,117.89,73.39
P085,Excellent,1761.67,968.68,26.41,96.37,44.37,0.0,1.91,4.4,68.12,403.43,7.03,12.24,69.78,79.21
P085,Excellent,684.22,960.34,35.68,112.36,2.72,3.86,2.36,1.44,93.75,466.17,5.2,4.09,104.68,106.88
P085,Excellent,689.91,785.88,27.25,80.6,57.31,2.89,1.02,9.33,115.07,506.91,2.08,6.73,71.3,115.01
P085,Excellent,949.52,981.61,12.11,114.11,76.63,4.92,1.36,10.96,109.01,633.59,3.98,7.6,94.6,106.92
P085,Excellent,1660.45,676.62,12.6,75.64,21.92,0.5,1.68,8.1,76.54,377.68,9.2,3.83,122.41,87.21
P085,Excellent,1619.74,775.36,43.18,86.53,23.41,4.44,1.97,9.37,115.6,452.45,5.1,9.55,121.74,60.52
P085,Excellent,547.58,645.21,16.91,123.87,105.86,5.86,0.76,2.53,88.2,552.55,1.75,2.27,89.0,102.71
P085,Excellent,390.08,588.65,21.39,91.75,50.48,5.34,1.89,8.41,113.03,238.15,1.84,1.73,70.21,82.69
P085,Excellent,1251.41,342.59,34.83,114.52,84.76,3.7,1.66,3.24,70.27,482.37,3.11,6.89,104.4,65.0
P086,Good,585.22,628.38,28.5,59.86,60.29,2.32,0.39,1.06,91.99,473.7,3.05,2.97,84.77,88.0
P086,Good,1387.12,270.97,5.66,76.65,11.89,3.82,0.51,8.84,57.93,470.03,7.07,7.88,57.85,69.95
P086,Good,764.82,649.46,5.81,60.1,29.67,1.34,1.33,1.6,53.35,336.55,3.09,2.45,74.27,70.26
P086,Good,733.19,513.03,10.98,85.95,49.75,0.98,1.75,8.72,88.16,320.74,2.68,8.51,81.66,85.78
P086,Good,883.76,446.98,30.64,88.35,62.17,1.7,1.55,4.97,77.8,466.13,1.41,1.2,65.21,89.23
P086,Good,1019.01,580.89,11.17,65.84,23.11,2.77,1.36,1.93,93.13,408.63,5.26,4.47,88.06,77.51
P086,Good,468.73,377.12,33.55,69.11,14.87,2.64,0.87,4.91,60.53,272.64,7.66,6.49,53.89,47.1
P086,Good,801.37,610.66,7.76,89.19,31.58,2.14,1.62,8.82,82.79,323.74,6.93,6.51,75.9,61.42
P086,Good,350.5,306.54,10.55,84.56,58.71,3.77,0.91,1.98,84.17,310.16,3.01,3.95,88.33,66.26
P086,Good,1353.58,487.18,9.16,93.2,48.78,1.54,0.67,8.43,48.5,367.39,5.34,2.46,88.94,79.34
P086,Good,938.24,460.74,1.51,72.04,65.3,2.11,0.58,9.8,68.98,374.43,1.21,3.92,91.46,52.93
P086,Good,785.58,124.09,20.78,95.57,92.63,3.96,0.01,4.8,83.88,194.15,1.52,5.39,76.81,64.02
P086,Good,1339.2,576.1,3.55,85.19,15.11,4.34,0.89,6.06,59.87,298.17,4.98,7.97,68.24,89.4
P086,Good,1124.83,346.64,30.73,92.54,70.97,4.3,0.52,5.7,88.7,322.98,4.02,4.22,55.62,80.11
P086,Good,675.1,654.96,32.42,62.01,58.28,3.54,1.51,3.15,93.69,352.26,3.54,8.38,64.97,72.14
P086,Good,382.76,637.59,33.65,77.84,26.2,2.88,0.53,8.19,57.83,428.78,6.55,3.19,54.92,59.42
P086,Good,781.62,510.42,38.94,88.43,83.87,4.15,1.95,6.16,52.72,268.41,6.91,5.67,50.73,86.73
P086,Good,1100.84,210.01,29.62,71.47,74.95,1.82,1.78,5.54,94.92,188.9,1.44,1.48,76.63,83.7
P086,Good,709.03,465.94,14.27,67.22,90.24,3.02,0.28,8.79,80.41,397.15,8.69,4.47,79.8,87.33
P086,Good,1238.74,196.61,16.85,70.73,65.93,1.87,1.59,1.1,52.62,342.86,4.65,7.63,81.42,69.53
P086,Good,642.41,600.28,30.64,88.44,48.04,2.41,0.11,6.69,92.75,463.53,7.88,8.06,54.23,68.52
P086,Good,381.75,343.82,1.04,70.53,84.7,3.79,1.01,1.47,83.35,269.55,7.39,6.87,75.43,67.23
P086,Good,310.86,584.15,27.62,81.71,69.49,2.21,0.94,7.85,61.92,280.2,6.23,1.06,79.37,53.5
P086,Good,1122.89,217.73,30.98,78.2,20.98,1.94,0.29,7.39,59.96,459.43,2.51,8.36,68.12,72.4
P086,Good,624.0,250.48,6.44,82.18,15.67,4.44,1.77,5.9,76.13,422.07,5.81,6.67,79.06,78.19
P086,Good,814.52,500.07,32.14,67.3,46.56,3.29,1.71,8.8,50.23,472.69,3.64,2.67,72.87,87.75
P086,Good,505.27,617.52,36.47,83.39,63.81,1.52,1.48,2.89,73.08,342.02,7.17,2.34,57.52,58.93
P086,Good,1361.76,428.69,25.79,89.99,3.68,0.92,0.76,6.34,85.01,305.2,5.46,3.77,52.69,79.79
P086,Good,1189.08,603.81,23.22,84.37,59.53,4.47,0.5,1.49,54.52,398.49,4.24,7.21,91.1,59.03
P086,Good,586.6,215.27,11.68,74.22,22.12,1.3,0.62,2.46,73.87,308.25,5.13,2.43,51.71,74.77
P086,Good,1155.91,343.41,24.53,92.87,68.79,4.57,1.85,7.35,96.36,273.48,8.12,4.62,53.02,95.85
P086,Good,1288.36,554.03,11.96,78.1,24.9,2.75,1.11,8.9,74.8,425.54,7.35,5.02,75.53,88.03
P086,Good,670.15,532.04,11.83,91.54,57.09,3.26,0.5,5.43,63.94,413.59,8.87,1.41,86.81,52.06
P086,Good,1206.64,242.93,9.82,90.82,16.38,4.41,1.75,6.74,78.84,450.12,8.62,6.07,60.45,93.76
P086,Good,834.77,550.54,7.53,71.59,38.74,3.57,1.03,1.99,50.09,393.87,1.54,6.24,72.94,91.71
P086,Good,1015.0,666.08,10.26,84.09,82.73,4.7,1.57,2.0,50.12,446.98,2.34,7.65,81.98,63.12
P086,Good,1308.01,122.61,18.98,86.68,80.58,0.48,0.95,4.4,95.3,320.29,7.08,5.16,76.32,65.79
P086,Good,707.77,642.48,27.68,95.26,19.82,2.75,0.32,1.9,50.12,343.68,4.27,9.01,83.46,87.37
P086,Good,458.18,297.49,8.2,57.83,39.3,3.98,0.31,6.16,62.66,324.32,7.39,9.51,78.45,54.72
P086,Good,1107.94,508.55,35.02,94.35,15.75,0.04,1.29,2.8,63.41,228.35,6.0,6.28,52.41,65.88
P086,Good,958.5,126.57,25.85,63.98,56.39,0.11,0.35,4.82,83.77,294.38,1.32,4.67,53.8,92.9
P086,Good,929.68,228.96,25.79,85.98,47.77,1.64,0.53,1.58,88.93,247.06,3.91,1.01,86.29,82.16
P086,Good,593.47,501.26,21.9,86.33,10.25,0.34,1.63,1.53,84.46,372.83,9.52,4.95,68.44,76.45
P086,Good,1120.58,126.18,13.08,58.75,62.5,4.29,0.68,5.17,88.2,365.52,5.26,1.47,90.31,77.9
P086,Good,705.5,584.63,26.3,74.65,83.46,3.82,1.46,1.27,52.18,411.84,2.02,1.25,88.8,77.09
P086,Good,1375.71,759.12,32.29,57.15,83.61,0.69,0.19,5.53,87.98,450.13,5.05,3.02,61.4,61.83
P086,Good,946.91,662.2,1.37,89.83,35.11,1.95,0.34,7.17,89.4,214.76,8.66,7.53,66.02,77.75
P086,Good,1236.36,364.68,4.53,63.72,40.43,1.55,1.33,5.51,87.82,330.83,2.47,1.19,73.55,91.76
P086,Good,1347.46,685.62,5.49,63.12,55.88,0.1,1.76,9.34,56.79,312.67,3.16,7.37,92.41,79.65
P086,Good,625.78,573.73,3.64,65.97,72.73,3.3,0.36,8.23,89.15,434.34,8.67,1.6,57.39,58.52
P086,Good,1155.3,477.11,24.19,97.25,71.4,0.87,0.25,6.28,83.74,342.53,7.89,4.1,86.21,66.71
P086,Good,954.81,626.26,12.4,87.7,2.86,0.6,1.2,7.71,58.46,422.9,1.15,3.57,68.89,85.39
P086,Good,648.1,482.9,13.43,58.65,94.16,0.19,0.16,1.98,46.58,363.37,3.81,1.74,80.28,51.04
P086,Good,487.44,493.7,2.2,65.34,22.39,1.49,1.26,8.44,91.05,323.19,4.06,2.81,67.28,54.91
P086,Good,939.3,344.26,24.76,66.36,30.25,1.06,0.94,2.74,64.1,326.81,3.58,6.05,58.38,52.29
P086,Good,364.37,459.78,28.26,80.09,49.2,3.64,1.11,1.25,71.8,260.46,5.38,8.25,67.32,87.0
P086,Good,1336.2,550.65,2.85,73.84,44.54,1.61,0.41,4.13,71.6,427.34,5.55,1.97,52.97,91.56
P086,Good,432.88,743.2,2.64,88.28,38.84,3.06,1.48,1.79,81.17,325.24,2.26,9.35,58.58,69.36
P086,Good,817.83,656.75,24.6,95.22,41.3,1.42,1.79,3.62,90.65,302.09,4.97,1.19,69.9,74.95
P086,Good,1150.06,382.57,20.02,88.38,73.77,4.58,1.82,2.31,53.41,309.6,8.62,4.25,94.85,52.08
P086,Good,756.56,690.01,3.84,61.22,90.99,0.24,0.04,5.49,63.03,431.42,6.33,4.84,50.18,57.7
P086,Good,748.53,586.64,9.74,91.95,45.93,1.24,0.91,7.06,69.38,210.21,7.43,2.63,65.73,87.1
P086,Good,396.44,359.87,25.07,71.78,84.5,2.84,1.47,2.08,59.31,279.53,9.34,8.76,91.61,76.54
P086,Good,354.15,449.06,34.6,80.58,48.77,2.11,0.37,8.36,86.83,376.07,5.08,7.15,76.86,55.66
P086,Good,1022.28,142.78,5.72,74.8,73.99,0.41,0.39,2.07,53.98,449.7,2.01,5.48,87.62,52.1
P086,Good,1365.96,313.64,34.84,80.68,66.55,2.41,0.14,1.28,74.68,342.46,1.55,2.54,58.68,50.08
P086,Good,1410.58,301.81,7.66,73.58,65.59,1.04,1.43,8.88,52.86,279.38,3.87,7.67,69.25,72.01
P086,Good,1403.2,622.12,18.25,86.7,26.34,0.22,0.32,3.0,65.37,372.61,4.51,7.18,95.8,53.06
P086,Good,1323.23,382.12,22.6,93.3,44.37,2.32,1.73,4.99,79.81,472.41,2.63,6.87,97.34,88.22
P086,Good,1243.13,142.85,28.8,75.4,45.1,1.78,0.71,4.02,56.57,336.27,5.12,3.68,89.81,89.96
P086,Good,547.84,303.88,26.26,62.67,62.25,4.9,0.73,5.72,93.19,204.17,8.9,1.06,56.99,80.86
P086,Good,363.72,471.34,11.21,58.14,44.42,2.73,1.89,3.22,79.93,321.46,7.76,6.9,55.89,82.02
P086,Good,566.74,430.27,9.62,79.39,78.55,4.66,1.74,7.72,75.07,273.39,7.56,4.01,55.19,81.79
P086,Good,730.35,200.35,14.69,80.24,21.79,0.58,0.38,4.54,60.7,360.45,1.93,6.46,78.2,59.52
P086,Good,1095.24,137.94,23.61,66.0,6.87,2.82,0.32,5.63,56.33,432.68,4.08,3.67,81.74,89.57
P086,Good,1307.65,510.66,5.4,61.64,40.88,1.22,1.52,1.05,83.19,256.33,7.78,5.59,83.35,75.67
P086,Good,666.85,322.38,28.32,70.0,29.29,3.82,0.69,8.21,86.78,359.84,5.63,4.48,79.47,62.19
P086,Good,1142.94,168.68,4.87,90.82,27.81,3.3,1.05,5.94,61.42,462.6,6.02,2.5,77.29,86.41
P086,Good,1347.31,411.78,28.31,85.9,87.61,3.35,1.57,7.88,84.6,437.18,7.64,3.7,96.54,71.93
P086,Good,1201.33,651.65,26.8,58.85,29.98,3.15,1.76,3.9,69.77,257.2,6.62,5.24,58.17,85.51
P086,Good,1220.64,263.66,26.69,84.37,60.8,1.3,0.43,4.18,83.41,240.25,8.89,5.58,55.14,48.66
P086,Good,1240.47,393.24,26.67,69.12,56.4,4.03,1.78,2.22,77.45,391.96,9.57,2.41,82.94,81.39
P086,Good,309.2,357.53,30.77,78.42,31.21,2.95,0.04,8.12,54.18,421.05,5.27,3.96,72.86,90.64
P086,Good,387.88,343.06,30.14,62.68,18.22,4.4,0.7,6.52,81.82,261.28,5.68,8.34,66.4,86.0
P086,Good,331.56,638.94,29.52,79.36,28.66,2.43,0.87,3.67,56.3,414.97,5.69,5.05,94.16,86.69
P086,Good,879.34,564.04,34.95,78.52,8.92,0.15,0.28,4.28,94.2,307.49,2.96,6.04,89.54,93.39
P086,Good,626.21,318.36,16.79,58.28,11.32,0.94,0.32,8.52,68.54,311.15,3.51,6.28,70.91,73.55
P086,Good,495.31,506.09,21.09,70.59,20.46,2.94,1.29,1.46,73.49,305.21,5.65,8.63,83.17,49.25
P086,Good,396.05,342.25,34.02,73.55,92.79,3.0,1.04,6.04,64.5,423.33,8.89,6.93,54.02,52.28
P086,Good,836.18,473.66,4.6,58.66,89.99,3.14,0.17,8.6,64.79,246.64,5.69,4.11,79.34,82.48
P086,Good,1133.82,553.6,5.16,61.73,18.26,1.1,0.22,2.19,52.32,468.9,3.28,3.24,67.79,90.39
P086,Good,1156.67,393.94,2.31,77.62,58.63,1.12,0.23,3.34,93.73,194.33,3.86,7.65,91.88,80.76
P086,Good,349.02,233.08,12.11,63.86,68.7,1.12,1.87,2.85,58.53,186.35,9.23,5.18,86.95,74.08
P086,Good,626.09,739.75,24.27,91.79,58.87,1.86,1.4,2.97,72.1,356.76,6.65,4.08,75.6,90.19
P086,Good,821.76,613.06,19.75,65.03,72.15,4.58,0.45,8.1,51.93,415.41,3.59,1.7,95.53,55.76
P086,Good,496.29,398.32,35.51,87.36,21.95,1.63,1.71,4.75,99.55,215.57,7.6,7.09,54.56,89.93
P086,Good,944.32,513.3,16.19,92.48,49.87,4.33,1.11,6.82,49.97,462.59,8.97,5.66,90.81,72.8
P086,Good,1134.47,550.46,18.47,86.48,50.11,1.09,1.38,4.09,89.93,278.67,3.13,8.06,72.09,88.01
P086,Good,932.62,448.32,24.71,68.5,77.17,1.94,0.28,1.29,73.58,398.45,1.24,5.32,49.73,76.98
P086,Good,1245.14,238.16,23.71,59.51,96.75,0.83,1.59,3.25,75.13,304.29,1.33,3.76,52.05,73.7
P087,Very Good,921.29,409.95,25.68,91.02,86.93,0.12,0.94,8.46,87.66,211.23,5.51,4.26,73.79,94.36
P087,Very Good,628.81,569.17,6.95,76.98,66.23,2.6,2.02,8.65,81.09,307.34,7.5,7.25,90.43,53.48
P087,Very Good,1232.41,807.39,6.45,81.13,32.12,4.84,0.68,7.27,63.63,343.88,7.89,2.21,55.88,83.39
P087,Very Good,1299.55,583.07,27.43,101.44,41.44,1.32,0.82,1.72,99.49,468.65,6.58,8.73,66.31,61.37
P087,Very Good,578.53,725.79,16.98,102.54,17.45,0.42,1.07,2.15,56.6,233.28,4.86,5.3,89.39,82.4
P087,Very Good,1299.77,467.88,17.14,95.33,93.2,1.67,1.74,7.43,74.21,421.72,5.19,6.5,72.34,90.77
P087,Very Good,1574.95,125.89,11.7,96.21,21.82,2.35,1.25,6.07,96.26,245.49,1.2,7.98,70.38,99.64
P087,Very Good,671.0,481.91,14.98,86.75,72.94,3.36,1.49,2.13,97.36,376.2,9.25,6.39,100.77,86.42
P087,Very Good,598.14,573.44,40.44,100.96,80.09,1.2,0.83,2.1,52.44,345.28,9.75,1.06,58.99,69.8
P087,Very Good,1385.23,501.09,34.32,89.45,25.7,2.8,0.94,2.9,54.46,328.96,8.42,7.14,93.44,80.71
P087,Very Good,523.76,356.51,20.31,104.07,68.09,3.62,1.74,10.41,92.12,208.37,1.28,4.38,90.39,107.89
P087,Very Good,1453.66,257.6,12.27,67.77,98.03,5.01,1.17,2.95,59.52,280.45,1.68,6.37,79.14,68.63
P087,Very Good,840.0,290.89,28.54,79.1,79.02,2.68,1.77,7.1,64.15,503.0,1.91,3.26,65.36,97.58
P087,Very Good,796.84,762.76,26.39,71.61,87.94,4.31,1.81,7.18,79.95,298.62,3.52,6.46,81.72,81.67
P087,Very Good,990.5,761.26,7.38,88.49,68.01,0.53,1.28,5.99,77.01,370.97,5.33,3.57,60.89,86.17
P087,Very Good,501.17,553.67,8.89,70.18,79.46,4.56,0.86,9.86,51.46,343.42,8.27,9.8,54.18,71.45
P087,Very Good,836.39,230.31,6.5,77.61,3.52,2.15,0.93,4.39,84.21,323.44,3.04,8.9,77.19,60.1
P087,Very Good,397.29,774.79,10.1,77.11,17.48,3.85,0.46,7.56,63.87,441.63,5.09,10.21,94.31,96.31
P087,Very Good,1171.64,358.71,40.03,75.25,81.59,1.71,1.17,7.35,106.28,341.52,8.49,6.75,94.62,95.9
P087,Very Good,866.52,783.75,28.07,71.09,42.17,3.67,1.7,8.94,83.8,408.17,3.97,7.94,86.82,79.25
P087,Very Good,865.64,337.73,26.32,83.22,43.64,4.58,1.17,2.26,90.78,378.59,7.09,1.25,73.54,59.62
P087,Very Good,1472.71,548.25,2.28,94.32,70.73,1.26,1.48,7.65,93.98,507.94,5.16,9.28,68.9,99.55
P087,Very Good,526.83,814.69,4.37,88.87,31.64,0.03,1.56,1.41,75.71,295.6,4.79,9.64,54.12,53.71
P087,Very Good,1308.07,201.63,13.0,82.66,54.43,1.17,0.06,4.91,81.07,396.79,10.26,8.45,67.09,57.17
P087,Very Good,761.79,377.57,13.63,98.96,101.34,1.37,2.08,5.16,100.42,215.37,4.43,1.43,82.52,63.64
P087,Very Good,1315.35,187.46,5.33,94.1,103.9,1.98,1.43,3.25,98.6,479.3,2.61,5.38,74.14,85.44
P087,Very Good,1018.94,169.07,22.4,80.23,91.3,2.64,0.93,1.81,78.78,537.32,7.55,10.27,76.9,86.89
P087,Very Good,504.25,304.33,10.18,104.05,65.06,0.08,0.72,9.79,72.23,404.01,5.37,1.23,73.01,62.41
P087,Very Good,1045.56,626.44,8.01,76.23,58.92,4.75,1.1,1.88,66.85,493.43,6.55,8.96,98.08,106.62
P087,Very Good,1598.35,841.63,23.02,106.76,19.76,0.08,0.06,10.65,78.12,357.45,3.27,2.88,67.87,90.78
P087,Very Good,1431.23,664.39,26.96,90.6,39.35,1.05,1.32,3.22,90.98,525.36,4.75,4.55,76.29,67.55
P087,Very Good,631.86,820.46,30.24,95.13,98.7,1.74,1.14,10.64,68.64,358.78,10.03,6.8,86.21,54.41
P087,Very Good,1396.28,787.21,34.52,80.84,84.8,4.56,1.6,1.43,71.99,250.76,9.56,3.56,79.09,82.5
P087,Very Good,854.23,200.59,39.33,72.32,107.28,0.26,1.04,6.51,61.27,240.09,7.9,7.81,90.71,87.89
P087,Very Good,641.39,123.33,22.32,103.43,6.26,2.92,1.34,3.13,60.58,514.5,5.27,6.42,74.79,85.18
P087,Very Good,839.17,150.61,4.14,87.51,9.71,2.83,1.71,2.81,93.67,333.58,7.7,1.11,101.17,75.05
P087,Very Good,946.6,165.22,17.36,86.39,72.77,2.71,1.49,6.73,75.26,437.56,1.05,7.29,91.0,87.5
P087,Very Good,1477.59,696.75,5.2,65.66,28.97,0.26,0.24,2.22,103.64,274.3,7.16,4.46,99.59,82.85
P087,Very Good,1138.25,622.55,20.37,95.05,78.28,0.9,1.6,2.29,93.44,435.3,4.98,1.51,70.32,102.79
P087,Very Good,399.55,773.67,6.71,64.07,19.4,3.61,2.13,5.84,55.93,287.54,2.17,3.68,83.18,55.38
P087,Very Good,566.21,741.11,23.09,84.19,62.03,2.46,0.56,1.39,101.08,463.69,9.52,6.03,92.93,74.09
P087,Very Good,659.97,163.19,7.02,84.73,59.32,2.13,0.76,2.0,95.28,244.44,7.85,9.28,56.08,86.84
P087,Very Good,1164.54,198.88,19.4,76.54,101.99,3.98,0.3,1.62,61.59,292.42,6.65,5.16,92.23,51.74
P087,Very Good,456.11,569.51,29.87,91.48,101.06,2.01,0.95,5.05,70.27,439.37,2.48,6.15,86.57,52.4
P087,Very Good,1264.17,678.6,26.07,84.41,5.15,2.98,1.05,6.79,83.02,303.18,5.09,6.9,102.19,100.2
P087,Very Good,600.27,697.08,1.49,83.62,53.64,3.16,0.31,6.06,100.78,253.87,6.27,6.7,99.35,98.19
P087,Very Good,838.93,163.16,39.32,90.96,75.09,4.82,1.77,9.9,59.94,326.8,7.68,4.58,104.84,60.0
P087,Very Good,590.82,771.72,9.1,94.84,99.11,3.88,1.97,4.18,72.66,431.01,1.93,4.68,69.03,63.9
P087,Very Good,457.11,740.54,8.51,101.7,27.97,0.79,1.73,5.37,66.3,263.73,1.61,2.77,103.03,64.63
P087,Very Good,1269.44,389.61,28.96,97.78,31.47,4.98,1.71,2.84,87.8,442.8,4.39,4.58,93.45,73.09
P087,Very Good,1088.35,209.82,38.64,106.59,47.89,4.46,1.03,10.45,81.0,300.06,5.81,9.92,78.51,61.2
P087,Very Good,1151.1,464.34,30.02,69.76,81.0,1.48,0.02,6.42,80.0,264.98,4.23,4.2,84.45,83.52
P087,Very Good,392.82,436.99,10.68,64.69,2.75,5.21,0.11,7.05,102.51,368.8,4.91,9.63,58.62,88.48
P087,Very Good,846.22,489.36,3.42,84.9,23.01,0.36,1.17,6.6,69.96,479.99,9.31,9.0,95.57,76.36
P087,Very Good,903.87,645.2,27.96,61.94,54.81,4.9,0.1,9.6,93.34,391.6,4.19,3.02,78.1,87.65
P087,Very Good,527.31,759.84,13.86,64.76,76.53,0.54,1.31,9.41,65.37,277.42,5.68,7.36,71.72,77.83
P087,Very Good,1314.61,195.17,7.34,102.14,93.06,1.91,1.68,3.77,59.79,259.82,2.17,8.29,68.97,64.56
P087,Very Good,1347.52,388.1,35.51,63.62,64.32,3.59,0.99,4.17,86.82,479.41,9.65,4.82,88.13,79.04
P087,Very Good,1454.12,514.44,13.98,72.53,41.64,4.01,0.31,4.51,66.02,297.9,4.84,8.54,89.18,62.81
P087,Very Good,1502.35,683.21,38.56,66.63,22.79,4.14,2.01,3.2,80.74,538.95,1.74,4.03,74.35,103.6
P087,Very Good,1195.98,239.58,7.51,92.73,105.82,1.71,0.11,3.3,81.06,511.18,8.45,5.22,56.62,94.25
P087,Very Good,430.9,203.32,3.02,71.09,70.92,0.8,1.55,6.93,51.43,495.95,8.69,6.61,89.55,99.37
P087,Very Good,461.86,467.26,41.53,75.98,88.16,0.38,1.89,6.42,55.98,477.85,5.39,5.09,95.57,69.46
P087,Very Good,654.98,267.71,24.04,98.09,93.32,3.56,1.0,7.94,74.54,403.88,3.31,9.8,76.44,71.33
P087,Very Good,543.19,496.61,21.56,83.16,11.14,1.2,0.34,2.31,65.04,238.66,4.51,3.94,98.27,63.09
P087,Very Good,586.83,865.22,41.53,65.01,33.73,3.06,0.95,6.28,87.19,458.72,5.34,6.99,84.87,68.71
P087,Very Good,1117.73,390.55,19.0,75.83,40.14,1.51,0.51,6.81,80.84,220.67,8.79,1.66,96.54,64.43
P087,Very Good,801.84,545.02,40.79,95.83,44.0,1.37,0.04,5.3,76.54,275.99,6.21,2.48,91.31,60.74
P087,Very Good,672.7,669.56,34.3,98.67,19.65,3.39,0.26,6.15,57.18,262.05,3.06,1.62,87.69,92.28
P087,Very Good,881.87,706.38,21.34,71.56,3.57,5.04,0.76,5.49,56.43,514.16,9.99,6.2,87.35,65.43
P087,Very Good,1488.75,844.34,29.68,78.87,19.17,3.72,1.96,2.27,77.63,515.78,3.79,7.92,97.84,95.86
P087,Very Good,482.02,736.0,29.03,84.64,54.29,2.03,0.6,4.37,60.74,269.99,6.5,7.84,94.95,64.41
P087,Very Good,1317.55,234.04,2.54,80.04,16.27,2.78,1.71,9.88,73.01,449.32,2.76,7.79,96.45,94.59
P087,Very Good,1476.24,624.37,21.39,77.59,28.53,1.87,1.35,2.56,77.48,288.23,8.15,4.14,89.75,90.77
P087,Very Good,912.92,624.77,41.19,104.28,91.72,1.79,0.43,2.27,58.82,513.34,1.73,1.59,61.22,52.55
P087,Very Good,519.36,386.8,16.31,97.12,76.71,4.01,0.05,8.04,54.84,297.81,7.14,7.53,92.33,57.43
P087,Very Good,889.11,411.67,27.53,66.88,28.8,0.94,0.51,6.29,71.49,395.72,4.32,2.8,54.38,61.5
P087,Very Good,1361.83,337.85,18.5,70.65,23.0,0.94,1.86,6.58,58.56,394.57,9.94,10.32,92.58,88.94
P087,Very Good,1494.72,403.97,9.58,92.05,2.75,2.02,0.95,4.36,66.34,385.7,2.06,2.91,74.07,60.32
P087,Very Good,572.35,130.98,8.26,66.92,107.04,0.76,2.0,4.62,92.85,397.03,8.65,9.24,76.27,57.17
P087,Very Good,1460.13,265.95,9.78,94.56,94.82,4.86,1.07,7.85,96.72,326.13,3.79,9.63,85.46,72.2
P087,Very Good,394.55,361.48,23.86,75.21,68.81,1.68,0.62,7.73,81.21,485.95,1.37,8.31,83.38,78.92
P087,Very Good,476.69,682.88,15.37,98.6,65.87,4.43,0.88,8.39,77.76,438.27,3.09,9.17,75.06,70.83
P087,Very Good,379.61,720.54,20.67,66.76,6.51,3.7,2.11,3.08,88.5,513.47,7.09,9.17,77.24,62.28
P087,Very Good,869.07,114.16,36.39,92.8,54.07,3.25,1.45,3.59,74.56,270.33,2.81,9.5,69.64,71.37
P087,Very Good,963.5,515.09,31.72,84.55,30.26,3.59,1.76,2.35,65.72,381.7,9.14,3.74,74.53,72.26
P087,Very Good,1601.01,472.66,38.24,61.94,85.72,2.75,1.42,8.54,81.88,285.46,7.88,1.6,108.05,72.08
P087,Very Good,1120.13,340.2,2.27,77.64,28.57,3.71,0.8,5.45,61.24,336.33,5.03,9.13,98.83,86.79
P087,Very Good,1610.68,297.25,24.05,88.65,82.66,1.12,1.95,5.89,94.53,325.94,8.41,1.38,94.75,64.35
P087,Very Good,462.25,305.54,36.85,65.01,98.75,3.91,1.32,1.19,82.87,274.65,1.26,9.11,57.28,58.73
P087,Very Good,719.9,350.98,12.01,71.88,90.28,3.2,0.12,5.1,81.3,499.79,8.18,6.59,94.17,76.9
P087,Very Good,691.3,613.18,5.62,98.85,56.08,2.15,0.33,7.38,100.62,384.71,6.62,2.98,61.13,88.89
P087,Very Good,1200.62,266.23,8.79,96.83,49.43,2.64,1.03,7.52,105.64,260.03,2.72,1.69,62.23,98.31
P087,Very Good,1393.97,465.05,28.17,76.74,67.5,1.76,1.39,3.06,65.36,290.44,7.57,10.46,89.54,63.32
P087,Very Good,1260.66,846.71,2.42,73.04,8.39,5.28,0.28,5.1,81.13,496.63,3.86,8.36,67.35,63.55
P087,Very Good,475.62,637.97,15.36,66.46,80.09,3.96,0.93,5.13,66.4,466.78,8.52,2.81,81.74,70.07
P087,Very Good,463.74,599.56,13.79,100.77,63.69,0.99,1.73,10.0,102.31,390.88,1.2,6.09,85.85,60.4
P087,Very Good,1354.34,244.27,31.01,79.35,6.6,1.17,1.28,6.61,72.06,509.47,3.39,3.15,52.41,73.19
P087,Very Good,549.79,152.37,2.84,87.53,23.63,3.18,0.73,4.28,69.65,213.78,7.97,2.96,103.55,81.37
P087,Very Good,1311.0,788.23,40.55,92.93,87.97,2.01,1.76,6.85,67.87,403.8,6.18,4.23,56.06,65.29
P088,Excellent,907.24,128.32,11.06,81.12,92.27,3.46,0.5,6.45,74.25,518.0,4.21,2.97,62.04,107.2
P088,Excellent,581.87,979.72,36.52,74.88,66.05,4.07,1.45,4.81,110.57,326.55,5.89,5.26,58.46,92.26
P088,Excellent,382.91,933.84,30.23,95.18,50.6,4.19,1.33,3.14,122.0,404.03,10.04,2.61,101.14,66.89
P088,Excellent,394.26,731.04,11.2,103.31,67.46,3.58,2.42,6.67,102.89,346.12,10.13,3.32,87.35,106.48
P088,Excellent,1099.51,235.84,30.41,84.8,4.89,3.46,1.35,4.19,67.79,553.49,4.44,1.8,114.54,88.55
P088,Excellent,788.37,212.44,13.79,98.6,107.97,4.58,0.87,4.88,111.68,555.08,3.9,7.15,75.39,75.29
P088,Excellent,1064.59,300.94,39.84,102.15,119.03,2.59,2.25,1.95,75.4,345.93,2.03,6.87,86.45,94.94
P088,Excellent,425.58,299.63,7.76,122.32,18.42,5.14,0.66,4.58,98.86,259.78,1.39,7.97,99.12,103.96
P088,Excellent,822.75,294.35,44.03,120.84,82.15,0.85,2.56,11.91,99.78,423.79,2.21,4.27,103.43,66.07
P088,Excellent,967.05,796.5,35.29,93.03,31.85,3.59,1.65,2.04,109.44,353.98,4.59,9.34,115.88,71.7
P088,Excellent,1740.97,671.42,37.17,89.51,69.12,3.07,1.74,7.2,117.84,425.65,8.92,11.07,57.7,119.12
P088,Excellent,376.27,567.53,36.5,75.81,98.1,4.95,0.12,9.2,112.02,507.38,7.12,10.45,103.59,96.92
P088,Excellent,510.2,816.58,12.02,91.51,7.69,3.49,2.14,11.14,86.82,471.15,2.87,5.45,82.43,122.16
P088,Excellent,1045.78,920.42,12.03,98.6,109.4,2.03,0.71,7.06,106.96,536.57,8.96,3.95,121.82,80.76
P088,Excellent,997.19,932.99,34.59,102.14,86.12,5.21,0.25,6.63,112.11,604.15,7.67,8.67,119.84,103.72
P088,Excellent,1798.82,297.8,14.23,80.3,52.24,4.15,2.23,2.55,73.36,616.58,8.82,3.36,111.31,106.93
P088,Excellent,582.84,292.78,46.06,85.12,109.91,3.74,0.51,2.76,88.51,236.38,11.56,5.23,83.61,92.58
P088,Excellent,1675.85,903.18,33.48,116.8,119.6,5.63,0.67,10.59,83.93,258.27,9.93,10.11,86.99,63.02
P088,Excellent,1422.45,250.16,21.18,92.09,0.68,5.76,0.35,3.4,114.02,459.5,11.52,1.76,88.42,89.66
P088,Excellent,1481.27,1032.17,42.66,115.93,83.29,3.41,0.3,6.21,57.57,306.4,4.51,8.06,99.01,82.39
P088,Excellent,1445.62,763.3,46.41,94.07,39.19,0.12,1.14,11.96,69.27,609.07,1.5,8.96,108.15,117.59
P088,Excellent,551.71,129.82,3.3,97.36,50.56,2.16,1.6,9.16,119.02,591.35,2.24,3.07,101.71,68.22
P088,Excellent,1057.41,140.3,4.43,72.44,95.19,1.38,2.03,11.08,76.48,251.24,7.87,3.86,94.11,72.26
P088,Excellent,1689.02,391.22,13.1,103.95,67.9,4.6,0.53,6.0,90.89,310.0,5.46,7.54,83.23,81.59
P088,Excellent,1598.89,647.85,1.21,116.48,38.15,0.14,0.44,1.25,60.92,285.71,5.38,10.45,122.94,85.58
P088,Excellent,1367.62,258.61,41.67,83.2,25.52,5.86,2.11,9.42,96.77,536.67,7.18,2.5,74.08,113.0
P088,Excellent,829.1,179.25,29.63,83.84,117.22,2.56,1.15,2.2,65.87,376.19,3.13,5.99,100.06,103.23
P088,Excellent,1160.64,697.2,43.57,100.26,70.56,3.85,0.42,7.66,96.97,446.11,5.03,5.31,77.6,110.42
P088,Excellent,1383.91,866.75,41.2,87.64,107.19,5.15,1.98,1.61,83.08,336.53,7.92,9.11,108.37,70.25
P088,Excellent,1523.18,298.69,15.54,73.56,40.97,3.34,1.99,10.1,85.8,567.65,10.68,3.45,85.92,90.23
P088,Excellent,761.4,768.42,37.85,113.98,30.73,0.65,1.68,12.27,88.34,505.62,4.26,5.85,62.2,63.34
P088,Excellent,595.52,1005.48,9.86,107.5,67.9,1.0,0.02,10.32,95.06,244.42,5.13,3.9,89.42,58.94
P088,Excellent,460.71,342.31,28.43,103.11,12.1,0.42,1.62,2.16,113.06,460.22,7.85,4.15,64.89,115.92
P088,Excellent,797.75,703.33,33.72,95.89,18.83,4.71,1.94,9.45,98.26,457.0,6.83,2.55,117.2,73.22
P088,Excellent,1452.93,131.68,47.49,84.65,6.59,4.32,0.47,4.06,75.77,537.96,9.11,1.88,71.91,119.32
P088,Excellent,1596.04,159.95,16.68,91.47,71.61,5.39,0.97,1.58,58.6,345.66,3.66,7.31,100.02,114.16
P088,Excellent,689.07,679.9,18.9,109.21,30.29,1.6,1.25,11.71,61.15,458.08,8.57,4.23,106.96,107.86
P088,Excellent,1293.72,541.72,20.52,82.28,47.14,3.82,1.76,1.7,87.94,480.89,9.0,4.02,93.38,108.58
P088,Excellent,871.08,449.12,6.19,101.88,12.13,5.18,2.03,10.92,67.86,288.37,9.08,5.38,112.14,77.14
P088,Excellent,853.72,362.85,3.39,108.65,64.95,4.08,1.25,6.62,102.09,319.17,10.91,6.09,98.9,80.43
P088,Excellent,1546.11,587.96,21.34,83.59,40.09,2.94,1.98,5.36,108.08,357.76,3.94,5.82,104.48,94.43
P088,Excellent,1251.09,262.9,26.44,103.86,77.0,3.85,1.55,8.17,108.96,261.24,8.34,7.35,81.54,109.15
P088,Excellent,602.69,775.16,20.25,109.94,63.47,3.96,1.66,7.73,85.65,577.73,6.47,11.1,93.67,111.02
P088,Excellent,1559.69,624.1,38.34,76.02,11.32,6.0,0.89,1.78,94.65,455.63,3.89,4.26,83.55,85.91
P088,Excellent,567.78,871.1,11.46,85.56,20.59,5.83,0.27,3.06,104.92,583.49,8.2,3.62,107.87,97.38
P088,Excellent,976.28,957.94,31.5,83.61,101.44,6.18,0.02,11.28,77.28,322.99,4.62,5.41,106.95,83.32
P088,Excellent,1711.33,720.8,8.56,93.83,46.45,0.84,1.19,5.96,59.2,548.35,11.59,4.33,93.81,112.61
P088,Excellent,1533.65,234.95,30.7,104.87,31.13,1.55,0.6,9.24,88.37,594.84,9.6,4.26,79.6,78.62
P088,Excellent,1527.98,371.61,26.72,110.98,15.59,4.3,0.71,9.28,58.85,427.5,1.47,2.74,111.7,91.13
P088,Excellent,1315.14,435.58,44.47,78.82,71.24,4.56,0.8,3.98,82.77,242.68,9.88,3.3,84.49,69.48
P088,Excellent,1194.25,460.36,16.16,105.5,54.97,0.94,0.32,2.57,101.1,280.24,7.12,3.86,107.17,62.22
P088,Excellent,1553.55,307.21,13.08,87.91,36.51,4.75,1.88,9.0,86.93,483.63,4.07,3.91,73.35,101.42
P088,Excellent,1476.83,300.73,14.39,108.58,74.2,3.07,1.46,3.02,101.93,573.92,8.96,4.71,113.27,89.95
P088,Excellent,1647.97,680.55,25.43,83.89,52.97,5.82,0.55,10.79,88.98,326.14,4.43,5.3,111.45,78.36
P088,Excellent,1492.88,354.97,26.07,82.68,113.86,1.75,1.17,3.54,80.4,422.03,10.4,5.42,71.86,105.98
P088,Excellent,1314.11,552.56,4.57,116.92,88.49,2.03,0.49,7.21,92.72,340.96,10.43,11.11,72.21,97.95
P088,Excellent,1144.35,932.33,27.99,84.43,20.68,0.14,0.8,7.6,119.63,413.67,2.76,10.35,115.5,81.4
P088,Excellent,1076.26,873.48,21.98,120.62,25.8,4.9,2.16,4.36,99.0,296.14,9.9,2.1,110.56,80.55
P088,Excellent,866.98,713.04,51.2,114.79,103.59,4.5,0.53,7.13,107.35,234.86,2.24,8.38,67.34,84.16
P088,Excellent,1807.71,920.52,34.93,81.28,76.38,5.13,1.53,2.11,73.69,354.25,12.07,4.39,76.07,104.24
P088,Excellent,497.81,465.89,16.57,94.48,109.65,1.19,0.86,5.37,70.68,462.14,1.47,9.91,87.41,109.84
P088,Excellent,761.62,627.89,7.66,112.16,120.81,1.22,1.05,5.71,61.05,534.05,8.43,7.66,96.46,126.36
P088,Excellent,344.81,559.9,8.61,77.08,94.24,5.88,0.48,8.26,110.67,481.91,10.53,10.55,87.6,99.35
P088,Excellent,1562.69,771.26,4.46,117.95,76.81,1.8,0.71,8.49,91.18,514.01,11.69,10.64,95.88,92.79
P088,Excellent,1696.48,278.1,22.37,125.22,5.09,2.84,2.13,2.81,116.25,401.04,3.6,8.26,65.5,106.67
P088,Excellent,1713.02,474.66,5.41,76.98,101.82,0.82,0.8,1.38,93.52,517.42,9.7,9.89,117.58,106.4
P088,Excellent,971.01,871.69,22.28,97.57,112.94,3.79,0.87,11.5,116.56,363.79,4.74,1.32,85.12,121.61
P088,Excellent,1051.52,123.97,21.01,98.7,44.75,0.82,0.6,2.81,115.97,248.89,4.09,3.74,90.22,72.92
P088,Excellent,1560.74,690.22,44.15,75.91,91.31,2.52,2.21,6.27,60.0,292.27,4.56,5.03,93.65,87.01
P088,Excellent,1600.41,146.7,21.53,112.67,51.26,2.98,1.43,10.95,91.2,616.89,7.9,10.68,110.71,91.86
P088,Excellent,1121.91,828.92,23.01,81.55,80.68,4.86,1.1,2.41,123.96,332.54,12.8,3.63,65.05,80.47
P088,Excellent,1344.07,792.52,23.61,94.28,59.84,0.84,1.69,10.62,107.46,241.71,3.42,11.23,97.02,111.95
P088,Excellent,1407.58,636.13,32.19,85.57,46.8,1.15,1.68,5.73,101.97,545.11,3.69,4.31,68.78,95.83
P088,Excellent,1702.3,316.52,40.57,102.09,104.23,0.5,0.82,6.1,81.62,438.23,12.33,9.07,86.0,73.04
P088,Excellent,440.24,228.96,37.76,78.67,61.5,3.77,0.97,3.76,63.59,432.06,5.03,2.13,109.8,112.76
P088,Excellent,1234.94,813.59,4.95,80.29,16.63,5.89,1.0,11.16,116.13,285.27,8.77,1.71,68.85,70.91
P088,Excellent,902.01,640.08,21.53,108.8,52.5,3.35,1.94,6.15,89.52,478.29,10.38,9.12,110.5,78.36
P088,Excellent,1825.52,461.66,20.24,100.78,29.24,1.24,1.38,6.4,100.2,367.67,10.84,11.56,62.81,114.6
P088,Excellent,824.22,589.89,37.62,89.73,35.09,3.91,2.46,1.92,80.86,343.68,7.67,9.96,106.25,78.37
P088,Excellent,604.8,250.02,40.8,105.99,105.96,1.31,0.65,8.97,78.39,431.39,9.89,5.6,110.31,76.64
P088,Excellent,1855.71,722.86,34.57,115.22,86.48,1.3,2.03,7.47,111.19,326.92,11.12,11.79,84.27,117.99
P088,Excellent,1413.64,260.01,41.15,108.95,65.37,3.35,1.08,11.33,128.71,547.65,8.8,7.31,69.71,65.5
P088,Excellent,1285.23,383.4,36.84,120.49,17.3,0.38,1.57,8.23,108.75,619.21,8.76,10.99,95.08,88.06
P088,Excellent,1510.4,681.69,12.94,92.08,94.07,1.96,1.67,12.04,66.38,521.22,1.57,5.36,75.79,120.95
P088,Excellent,951.45,232.0,6.43,69.79,7.6,4.31,0.6,10.82,106.73,410.25,3.38,1.37,78.46,103.28
P088,Excellent,606.32,371.93,10.57,73.9,14.5,0.37,1.33,9.23,83.87,375.62,1.36,9.17,87.16,122.77
P088,Excellent,983.66,699.29,4.62,98.4,31.5,3.66,1.3,11.43,68.61,300.33,8.49,1.24,83.28,67.58
P088,Excellent,1237.56,718.81,20.4,112.7,63.33,3.76,2.01,7.02,107.53,402.73,1.46,10.49,68.81,57.28
P088,Excellent,1093.22,829.66,23.43,118.0,91.93,4.71,1.15,8.46,89.21,553.65,9.3,6.32,113.62,78.69
P088,Excellent,1141.87,756.05,6.33,84.45,111.54,5.44,1.7,2.14,80.77,316.49,4.39,2.44,89.65,80.05
P088,Excellent,522.03,417.51,34.12,87.03,12.58,0.33,0.06,3.84,66.41,252.5,1.2,6.6,103.81,65.7
P088,Excellent,766.76,498.93,5.36,106.78,107.58,0.9,2.32,2.16,93.2,257.54,3.23,7.94,82.74,90.43
P088,Excellent,1874.7,148.86,10.68,76.32,2.67,2.7,2.16,7.25,85.67,409.29,3.51,1.4,124.03,73.29
P088,Excellent,1175.1,598.21,14.89,107.53,12.53,5.79,2.37,3.97,86.92,409.62,10.46,5.79,75.78,91.85
P088,Excellent,546.21,273.5,44.67,117.49,70.12,1.69,1.0,9.9,83.22,469.13,3.36,12.54,106.36,103.9
P088,Excellent,936.69,400.95,19.9,123.28,9.41,0.21,1.35,10.33,95.76,545.83,11.51,5.78,90.82,66.82
P088,Excellent,546.75,250.53,22.2,104.86,68.11,1.11,1.31,1.39,116.68,338.56,5.53,5.2,94.78,108.12
P088,Excellent,1247.55,837.37,30.58,96.57,100.52,3.27,1.27,6.99,83.06,407.14,2.62,1.48,105.51,100.48
P088,Excellent,694.5,210.22,34.11,87.06,60.15,6.28,1.4,4.75,74.43,538.34,1.95,5.27,60.32,116.86
P088,Excellent,1690.65,871.68,44.41,124.91,68.14,3.41,0.73,1.92,83.58,420.2,6.59,9.33,73.77,75.76
P089,Very Good,569.13,359.83,13.49,69.47,0.08,0.66,0.85,3.06,58.64,386.72,9.07,5.77,62.16,93.57
P089,Very Good,802.46,753.39,26.13,84.99,6.77,4.27,1.92,8.97,99.01,312.72,8.2,6.0,97.83,68.82
P089,Very Good,372.53,411.38,10.78,91.46,54.96,0.27,1.67,5.55,66.63,293.66,7.23,1.59,78.35,101.49
P089,Very Good,617.52,304.81,18.08,80.03,21.39,3.25,0.41,4.95,52.77,338.57,3.8,7.03,55.43,89.06
P089,Very Good,523.87,768.43,2.48,83.71,15.19,0.99,0.27,5.64,55.57,519.17,6.63,9.08,100.95,85.31
P089,Very Good,1256.36,757.01,23.12,61.09,95.05,0.96,1.65,7.11,69.81,457.16,8.51,2.9,87.32,57.21
P089,Very Good,762.25,716.53,21.32,75.48,5.9,0.12,0.96,3.84,98.14,400.76,3.79,6.85,86.17,65.48
P089,Very Good,1079.68,549.98,26.95,75.31,25.5,4.87,1.25,7.15,92.6,277.89,8.27,10.68,77.41,83.04
P089,Very Good,705.93,433.6,24.93,91.39,35.06,0.47,1.21,5.12,64.39,293.87,1.6,4.14,99.46,89.9
P089,Very Good,1134.57,627.15,19.39,86.28,36.16,3.74,0.82,1.3,94.49,264.69,3.71,5.01,80.83,92.96
P089,Very Good,734.19,522.3,14.92,90.05,28.75,4.19,0.95,7.39,57.44,305.34,2.66,5.55,82.93,52.94
P089,Very Good,1264.84,443.07,28.1,107.46,10.46,1.4,1.05,3.5,89.04,473.84,10.19,9.87,77.94,69.39
P089,Very Good,1214.49,580.2,28.13,93.03,4.31,3.99,0.95,7.9,84.23,367.22,9.9,8.89,79.58,94.3
P089,Very Good,1509.6,267.6,34.53,100.04,28.24,4.84,1.45,9.22,64.23,302.42,8.01,6.57,58.71,99.6
P089,Very Good,1525.68,222.66,40.81,98.79,59.96,1.8,1.58,2.62,54.98,270.54,4.65,7.07,83.66,81.3
P089,Very Good,751.29,255.52,7.21,88.29,7.71,0.65,0.25,9.63,62.26,466.63,9.36,3.42,95.92,103.64
P089,Very Good,310.8,338.0,20.09,100.61,78.55,2.73,1.06,10.03,73.15,408.53,7.53,7.29,56.7,92.84
P089,Very Good,767.28,565.55,11.8,86.39,6.25,0.12,2.12,5.56,62.81,408.61,9.66,8.91,58.65,75.17
P089,Very Good,958.07,184.9,24.29,109.08,24.58,2.98,2.07,2.49,86.89,404.47,10.13,4.47,92.57,107.19
P089,Very Good,445.67,778.61,27.39,82.85,56.9,4.43,0.39,1.19,61.1,220.69,4.52,2.43,83.37,86.31
P089,Very Good,919.01,793.58,26.9,99.97,52.34,2.25,1.52,6.06,90.26,376.17,4.89,8.59,65.47,89.59
P089,Very Good,1285.5,616.22,23.68,64.96,18.69,2.66,0.91,2.46,73.77,491.54,6.39,1.87,71.96,63.52
P089,Very Good,364.16,601.32,9.85,77.15,72.48,0.71,1.45,7.86,103.9,383.16,8.95,6.81,66.15,56.59
P089,Very Good,621.24,737.36,42.07,98.23,33.49,0.25,0.87,2.17,95.64,371.44,5.16,8.16,85.16,64.57
P089,Very Good,343.18,365.57,10.15,88.9,78.06,3.35,1.86,8.43,55.87,226.81,5.6,8.68,55.66,85.97
P089,Very Good,1589.74,594.47,6.4,101.82,2.47,2.37,0.03,9.08,95.57,416.66,6.17,2.54,84.19,65.19
P089,Very Good,1033.57,322.44,12.35,83.91,94.53,1.75,1.26,10.04,52.47,298.28,9.53,4.58,61.05,78.21
P089,Very Good,955.62,757.82,22.37,88.57,67.44,5.29,0.82,8.54,99.99,239.43,10.01,9.43,61.19,62.8
P089,Very Good,765.79,631.95,8.48,66.24,30.25,1.77,0.41,1.66,52.92,327.95,9.54,6.69,53.59,82.55
P089,Very Good,358.58,548.34,19.46,77.43,43.93,4.19,1.44,8.17,57.76,468.91,1.76,9.53,104.05,70.23
P089,Very Good,377.93,307.02,14.39,96.02,25.89,3.91,0.67,9.52,90.79,280.47,5.45,1.49,60.27,54.49
P089,Very Good,814.46,613.65,32.65,85.34,96.87,4.69,1.33,4.61,104.44,436.34,8.48,1.84,96.62,68.28
P089,Very Good,1286.54,832.78,25.42,101.82,22.03,1.5,1.23,3.17,73.06,521.53,10.35,8.8,99.62,79.73
P089,Very Good,1391.23,113.81,26.45,80.99,98.1,0.85,0.33,4.67,68.38,476.83,7.24,6.65,79.12,60.24
P089,Very Good,1350.2,149.89,11.2,89.59,29.35,2.16,1.66,4.22,72.46,437.28,1.82,4.43,59.42,64.17
P089,Very Good,1571.6,442.65,39.89,98.03,28.57,1.37,0.64,6.19,72.51,242.48,4.62,4.1,84.83,68.54
P089,Very Good,1005.96,247.67,35.85,85.52,9.75,2.41,0.71,3.06,92.02,323.12,6.72,3.0,59.88,100.39
P089,Very Good,683.09,494.32,4.75,101.22,40.37,2.63,1.97,2.56,101.49,518.16,2.66,7.26,104.55,60.84
P089,Very Good,1214.23,522.56,31.72,104.65,67.47,3.25,1.27,4.97,56.1,365.95,8.4,4.18,84.38,95.63
P089,Very Good,491.86,362.79,3.56,101.54,65.53,0.85,0.37,4.05,84.08,355.72,4.78,2.31,56.04,80.9
P089,Very Good,1277.78,329.84,27.09,96.13,44.39,4.1,0.54,7.86,99.22,319.94,1.93,4.26,69.28,72.86
P089,Very Good,888.24,169.71,32.31,79.16,99.72,5.12,1.25,7.24,74.62,256.98,7.95,2.13,79.52,87.1
P089,Very Good,455.52,127.99,37.9,72.98,62.0,5.3,1.14,4.46,79.47,526.08,9.43,9.1,103.36,81.57
P089,Very Good,1242.39,659.91,7.38,64.89,67.16,4.22,1.87,2.73,67.33,235.86,4.19,3.4,96.38,54.13
P089,Very Good,646.18,694.97,30.2,97.44,92.25,1.0,0.27,2.7,94.87,260.83,4.44,3.18,64.91,90.27
P089,Very Good,1203.15,167.61,21.78,73.38,35.23,3.38,0.38,6.83,88.79,439.32,8.36,8.24,92.45,69.47
P089,Very Good,1359.34,756.64,15.86,80.46,25.19,2.71,1.15,2.8,101.67,366.04,7.73,6.1,63.31,94.59
P089,Very Good,891.78,734.19,25.98,81.36,100.28,3.09,0.71,9.7,64.02,225.2,4.56,9.69,62.55,64.52
P089,Very Good,559.24,258.78,19.56,92.3,71.48,3.73,0.08,2.98,66.73,230.55,2.17,3.87,83.04,100.83
P089,Very Good,407.63,757.39,3.18,76.51,22.48,0.87,2.03,4.6,64.57,327.74,2.62,4.82,63.54,77.49
P089,Very Good,791.3,216.3,2.56,83.14,15.03,1.36,0.22,2.65,96.76,262.88,3.23,1.57,64.99,92.15
P089,Very Good,910.21,367.19,34.73,68.7,72.93,0.84,1.28,7.16,74.12,513.45,2.49,3.06,86.37,52.4
P089,Very Good,1160.36,314.59,30.99,98.01,76.14,2.45,1.48,4.87,78.11,343.8,7.32,9.2,65.58,86.37
P089,Very Good,543.57,574.08,15.95,91.04,76.37,3.13,0.42,4.62,55.9,279.31,9.12,5.1,61.41,55.49
P089,Very Good,1079.83,778.88,4.28,84.33,96.49,1.14,1.53,4.55,96.74,282.03,8.95,3.48,100.73,79.5
P089,Very Good,943.86,328.57,12.75,71.74,71.39,3.67,1.67,9.04,84.34,500.4,4.86,4.88,95.82,84.32
P089,Very Good,1124.21,685.3,13.22,76.13,46.41,4.03,1.54,8.1,91.59,500.36,8.96,8.27,101.1,95.94
P089,Very Good,1078.68,214.83,29.12,78.65,63.85,4.55,0.15,6.43,74.94,450.02,2.51,6.37,100.56,95.83
P089,Very Good,437.06,435.16,31.15,100.41,67.57,2.36,0.41,3.11,91.27,377.43,9.91,6.12,63.0,96.8
P089,Very Good,977.24,490.33,5.77,69.92,7.62,3.21,0.94,10.27,94.67,518.96,5.52,8.71,81.8,72.27
P089,Very Good,1459.13,515.66,43.81,87.07,48.19,2.85,0.21,8.65,88.79,460.79,9.86,4.21,73.32,84.98
P089,Very Good,1504.23,630.06,35.61,84.1,58.39,3.26,0.39,10.14,81.12,239.22,2.58,3.17,89.04,90.51
P089,Very Good,1553.07,585.81,21.29,83.04,3.4,5.04,1.18,9.28,103.12,323.54,1.8,6.89,83.15,56.87
P089,Very Good,337.1,476.41,37.55,80.08,32.75,2.06,1.58,9.64,85.58,282.64,2.88,6.49,58.71,65.39
P089,Very Good,1159.73,618.61,39.51,93.95,12.69,2.8,0.54,5.5,70.01,297.22,2.13,8.55,95.02,65.1
P089,Very Good,1465.17,611.12,36.36,77.7,39.88,1.22,1.36,5.08,96.87,410.02,4.29,2.4,58.67,86.04
P089,Very Good,1144.54,240.05,14.88,82.88,93.1,3.74,0.06,1.71,88.5,385.44,4.41,5.96,59.6,65.19
P089,Very Good,776.76,276.83,29.91,85.38,41.86,2.45,0.2,4.23,103.02,514.61,9.79,1.95,70.09,62.85
P089,Very Good,1371.81,499.02,19.03,103.77,49.73,1.18,0.85,7.42,81.97,343.56,8.22,5.93,66.47,61.74
P089,Very Good,1099.82,467.83,9.79,88.89,61.88,0.27,0.04,8.39,78.09,435.77,4.05,6.67,91.96,65.47
P089,Very Good,650.41,388.58,8.96,74.08,10.49,1.89,0.07,2.03,76.25,293.2,3.27,4.49,97.67,105.39
P089,Very Good,697.52,686.43,12.29,77.28,12.79,4.03,1.43,4.35,77.33,501.73,2.07,5.9,93.6,92.98
P089,Very Good,502.39,276.83,9.95,101.31,33.35,0.92,1.58,8.63,57.49,351.21,4.92,4.82,74.1,95.42
P089,Very Good,1028.37,156.6,21.94,79.24,78.13,4.37,1.45,6.72,51.53,319.6,4.67,1.74,94.04,76.51
P089,Very Good,621.8,530.82,2.38,76.03,89.21,2.42,0.28,5.09,71.45,243.1,7.24,9.08,89.72,58.54
P089,Very Good,891.5,445.84,14.36,61.23,85.7,4.62,1.31,2.66,89.84,436.3,2.82,3.38,107.42,103.75
P089,Very Good,778.45,797.46,41.05,75.55,73.13,4.3,0.74,3.98,76.55,203.82,10.36,7.25,59.64,61.99
P089,Very Good,1055.46,709.29,36.32,68.41,84.12,4.88,1.49,5.61,77.47,215.07,5.07,8.55,95.88,75.53
P089,Very Good,448.99,796.2,22.27,94.84,42.75,2.63,0.77,3.6,88.3,385.35,9.89,1.07,78.77,74.94
P089,Very Good,1078.19,399.95,21.78,103.07,94.7,2.6,0.0,2.73,64.59,329.62,8.72,6.32,80.43,102.96
P089,Very Good,1218.83,708.17,32.9,90.93,22.79,3.16,0.02,9.79,74.69,475.08,3.67,7.55,97.4,64.18
P089,Very Good,1230.83,725.12,10.75,106.18,78.57,2.39,0.23,9.97,56.49,495.47,5.98,4.52,76.65,61.35
P089,Very Good,843.32,189.19,36.83,81.78,58.82,1.43,0.8,10.81,58.44,201.84,1.54,8.01,81.2,70.11
P089,Very Good,1281.54,868.53,6.17,94.3,15.94,3.1,1.53,4.93,83.38,260.31,5.42,5.34,77.58,83.65
P089,Very Good,594.67,768.08,8.8,86.12,78.98,2.26,1.76,9.37,63.39,290.79,7.1,7.88,93.4,66.92
P089,Very Good,1320.94,120.53,37.41,66.89,70.06,3.39,0.5,1.17,83.6,280.13,6.31,9.63,53.68,106.02
P089,Very Good,965.17,550.74,10.78,96.21,4.71,3.8,0.1,3.79,66.42,420.51,7.8,5.18,104.43,71.93
P089,Very Good,1008.19,127.82,2.36,98.41,80.7,2.96,1.36,3.54,84.66,416.44,2.82,9.31,103.71,72.76
P089,Very Good,800.23,142.52,35.42,93.6,81.01,4.94,2.12,10.14,101.69,483.14,3.54,5.68,84.71,68.01
P089,Very Good,1029.34,661.29,19.3,98.43,54.81,2.86,0.0,5.18,59.58,459.88,4.32,9.44,80.31,96.51
P089,Very Good,1332.38,331.53,31.26,88.1,16.07,3.96,0.67,9.47,82.48,311.7,6.65,7.99,55.28,87.82
P089,Very Good,715.05,709.0,21.85,65.37,4.43,2.2,0.66,10.79,66.38,368.49,9.23,3.3,56.26,65.42
P089,Very Good,559.27,352.98,2.88,106.09,85.51,5.17,1.18,5.33,69.77,418.38,2.16,8.63,103.49,55.39
P089,Very Good,1096.75,548.34,38.62,108.97,19.49,4.95,1.36,1.56,58.88,462.26,6.25,9.58,94.55,104.76
P089,Very Good,1029.22,617.26,17.99,87.45,92.42,4.84,1.48,6.59,83.14,374.61,7.17,1.23,81.56,98.06
P089,Very Good,1378.25,279.26,23.17,63.37,36.37,3.49,0.27,3.44,73.89,467.58,4.64,6.16,74.0,84.13
P089,Very Good,413.3,793.68,7.45,69.95,17.47,2.34,1.61,1.81,104.7,439.57,6.9,2.2,87.12,65.63
P089,Very Good,1453.42,173.27,6.55,81.37,56.46,0.4,1.9,2.82,87.82,330.53,6.1,9.9,57.02,70.11
P089,Very Good,1215.4,761.3,21.77,70.01,60.97,4.78,0.02,3.36,72.7,250.16,8.11,10.37,88.09,67.0
P089,Very Good,1229.83,273.43,32.71,99.83,100.14,3.36,1.38,4.9,96.21,452.59,4.7,3.7,87.37,52.24
P090,Needs Improvement,719.18,206.3,14.35,60.91,48.32,2.79,1.32,2.89,59.98,232.1,7.22,2.33,45.97,62.26
P090,Needs Improvement,874.89,500.04,9.9,70.27,39.98,1.52,0.24,5.38,60.76,206.35,3.68,1.24,67.3,66.97
P090,Needs Improvement,775.38,507.22,9.09,64.4,23.66,3.85,0.12,6.51,46.27,242.32,1.18,3.04,71.32,42.58
P090,Needs Improvement,867.4,414.1,17.52,58.91,56.91,1.72,0.42,3.71,68.85,347.72,3.05,1.1,48.9,47.24
P090,Needs Improvement,531.04,160.13,23.56,63.41,67.74,2.6,0.19,2.97,67.02,162.24,2.13,6.67,66.03,45.48
P090,Needs Improvement,598.63,557.16,20.87,58.13,6.31,1.55,0.72,1.63,39.29,152.77,3.53,1.03,67.98,65.36
P090,Needs Improvement,985.15,366.7,11.42,50.96,48.92,3.54,1.29,3.15,57.56,296.02,2.93,1.7,76.9,71.09
P090,Needs Improvement,498.45,589.66,13.44,50.65,63.38,3.69,0.98,7.04,39.92,383.39,1.93,3.93,49.58,55.71
P090,Needs Improvement,545.47,104.94,15.64,65.06,41.59,2.1,0.22,7.35,67.37,357.35,1.88,1.66,61.96,60.55
P090,Needs Improvement,500.76,218.52,4.68,58.78,24.52,3.46,1.35,5.76,60.05,187.54,0.92,5.89,69.22,55.99
P090,Needs Improvement,569.06,436.87,23.09,61.65,21.68,3.46,1.2,5.03,55.68,162.25,3.47,3.21,59.38,72.12
P090,Needs Improvement,333.64,254.05,24.45,67.71,31.74,0.86,1.12,2.6,78.02,285.41,4.64,3.61,68.42,71.12
P090,Needs Improvement,688.93,446.86,9.24,60.96,51.62,1.68,1.13,3.86,47.76,157.37,5.38,2.48,43.97,60.18
P090,Needs Improvement,1113.19,353.31,24.25,47.13,15.85,3.58,1.11,7.03,45.52,337.77,6.91,2.09,61.69,67.35
P090,Needs Improvement,483.99,557.1,24.94,71.12,67.22,3.42,0.18,4.43,62.82,207.62,4.86,3.27,55.54,50.96
P090,Needs Improvement,663.69,174.11,9.73,49.54,19.41,2.88,0.75,4.55,39.22,304.77,4.27,3.11,50.29,48.62
P090,Needs Improvement,288.78,280.31,20.04,70.0,16.12,1.04,0.92,5.92,42.19,254.71,2.1,2.21,70.09,56.27
P090,Needs Improvement,390.7,308.83,5.18,58.35,50.65,3.39,0.48,3.41,47.65,240.91,5.6,6.54,58.76,54.15
P090,Needs Improvement,281.85,382.25,4.71,50.69,29.51,1.0,0.76,2.7,55.0,265.92,2.02,5.86,42.18,72.82
P090,Needs Improvement,967.51,555.44,8.85,47.77,71.01,2.12,0.95,1.94,41.72,273.22,6.25,4.14,51.0,76.05
P090,Needs Improvement,886.04,534.45,2.24,45.01,73.32,1.33,0.37,2.39,60.38,272.59,3.39,7.09,68.79,45.23
P090,Needs Improvement,949.73,572.24,15.64,56.35,19.5,0.46,0.41,5.25,61.21,218.73,3.76,4.24,55.18,40.69
P090,Needs Improvement,233.5,229.46,25.55,63.3,39.0,0.16,1.32,1.65,64.51,278.75,7.05,2.5,49.01,48.18
P090,Needs Improvement,530.63,111.14,14.48,51.37,12.61,0.65,0.71,5.37,42.36,212.46,1.93,1.79,43.51,62.51
P090,Needs Improvement,239.99,358.96,17.0,62.05,17.08,1.4,1.02,5.64,76.74,377.3,6.17,6.6,66.6,54.55
P090,Needs Improvement,1062.23,152.74,6.03,68.19,65.16,1.23,1.26,7.41,55.49,249.27,2.29,3.92,65.79,54.1
P090,Needs Improvement,880.08,90.73,10.55,51.72,27.5,1.84,0.37,2.29,66.11,196.33,0.95,6.78,67.77,41.36
P090,Needs Improvement,1026.92,486.66,5.59,55.11,1.59,2.73,0.19,2.45,68.83,192.74,1.13,6.02,58.53,42.61
P090,Needs Improvement,279.95,459.53,26.39,70.52,63.07,3.46,0.92,2.66,61.59,327.76,4.0,5.66,66.16,73.39
P090,Needs Improvement,572.63,102.76,28.15,61.82,15.52,1.86,1.24,3.75,62.83,317.27,4.39,5.02,47.11,69.33
P090,Needs Improvement,793.31,402.01,2.75,69.99,20.57,0.34,1.43,0.77,55.41,285.63,6.42,6.0,61.39,67.62
P090,Needs Improvement,929.28,92.28,2.32,63.26,16.54,2.23,0.58,1.29,63.37,184.72,7.06,7.39,41.77,40.76
P090,Needs Improvement,1038.92,263.26,9.98,67.98,28.68,2.41,0.33,3.75,74.48,269.3,4.7,1.18,40.95,50.87
P090,Needs Improvement,1092.14,83.48,11.56,64.7,53.77,3.29,0.4,5.29,66.06,185.29,5.53,6.0,56.28,56.85
P090,Needs Improvement,798.63,520.31,4.66,52.31,32.85,1.56,1.28,0.98,61.79,387.21,2.17,3.81,70.49,55.86
P090,Needs Improvement,634.15,223.45,27.57,57.38,59.02,1.67,0.12,2.09,41.21,171.58,6.51,7.77,65.59,39.39
P090,Needs Improvement,542.7,380.63,1.84,62.79,1.73,1.66,0.18,6.67,64.66,326.5,5.94,4.29,47.44,62.78
P090,Needs Improvement,938.17,250.51,13.34,54.76,50.29,0.69,0.14,5.12,56.42,279.37,5.24,3.26,72.26,51.1
P090,Needs Improvement,979.37,437.78,26.51,46.98,64.07,3.59,0.21,6.71,48.16,385.13,1.88,1.26,52.61,70.92
P090,Needs Improvement,782.93,150.21,5.51,72.14,25.27,3.19,0.53,6.52,79.04,363.4,6.89,5.08,73.13,64.89
P090,Needs Improvement,576.53,265.53,21.77,56.66,1.92,3.33,0.55,1.78,77.16,147.87,1.34,5.06,39.31,63.2
P090,Needs Improvement,507.62,459.77,12.42,67.69,7.92,0.63,0.33,4.73,73.6,363.96,5.79,1.46,51.47,54.7
P090,Needs Improvement,714.67,313.5,13.21,65.12,46.01,1.4,0.95,2.56,73.03,168.47,6.18,2.24,49.67,44.72
P090,Needs Improvement,436.86,463.52,23.25,61.87,33.44,2.29,1.34,1.9,61.52,373.14,2.49,4.43,64.36,63.61
P090,Needs Improvement,278.67,571.61,28.21,52.79,35.21,3.12,0.25,3.69,44.21,216.22,6.39,5.78,66.08,48.33
P090,Needs Improvement,976.66,286.45,27.28,73.84,40.02,2.51,1.35,4.43,37.91,168.86,0.76,1.92,50.85,66.47
P090,Needs Improvement,409.74,115.11,27.78,59.32,34.63,2.22,1.27,4.88,42.82,255.13,5.67,4.94,44.53,66.8
P090,Needs Improvement,281.71,427.27,31.9,49.53,20.21,3.07,0.63,6.32,49.29,157.72,3.25,4.8,71.79,75.97
P090,Needs Improvement,441.32,113.86,29.18,62.78,13.21,2.59,0.43,5.38,66.37,247.15,2.07,2.47,45.98,64.59
P090,Needs Improvement,638.71,562.11,8.27,58.77,42.47,2.68,0.21,6.02,38.65,299.89,2.16,6.11,50.04,71.93
P090,Needs Improvement,300.62,432.39,13.34,69.3,64.36,1.03,0.14,5.96,47.55,342.23,6.93,3.09,35.92,41.98
P090,Needs Improvement,518.27,511.85,24.77,65.33,14.88,2.86,0.59,6.3,49.38,321.14,0.77,5.52,49.98,67.48
P090,Needs Improvement,862.06,496.46,29.08,65.27,26.55,1.46,1.17,3.05,69.3,154.79,2.12,2.89,45.48,69.56
P090,Needs Improvement,339.19,322.55,7.18,57.71,35.16,0.63,0.08,5.61,66.53,332.63,1.32,3.73,53.45,69.75
P090,Needs Improvement,401.06,141.15,4.59,57.67,66.17,3.43,1.15,2.8,49.01,308.41,2.8,5.59,42.13,38.54
P090,Needs Improvement,795.7,545.87,4.03,60.39,62.73,2.85,1.51,1.87,43.62,294.32,7.41,4.76,68.94,46.11
P090,Needs Improvement,688.23,211.96,6.2,55.9,7.99,0.04,0.65,2.74,59.18,168.9,2.59,4.27,68.71,65.51
P090,Needs Improvement,554.5,372.54,16.3,74.19,39.58,1.72,1.11,4.57,59.49,287.28,7.63,2.2,66.23,49.31
P090,Needs Improvement,308.79,447.71,13.18,60.36,48.3,0.06,0.48,5.0,59.79,305.38,1.9,7.07,67.58,53.38
P090,Needs Improvement,921.07,335.73,12.5,56.04,40.73,1.82,1.4,4.32,65.76,285.8,2.61,7.32,43.37,69.02
P090,Needs Improvement,896.35,546.06,27.12,50.52,15.5,3.53,1.16,3.31,59.19,212.77,7.07,1.44,40.44,70.8
P090,Needs Improvement,981.21,352.43,11.03,52.58,7.39,0.92,0.2,2.29,59.78,203.7,4.12,3.61,74.01,41.91
P090,Needs Improvement,1020.94,307.38,1.1,48.5,61.61,0.48,1.41,2.51,42.42,168.83,4.38,3.76,56.7,44.64
P090,Needs Improvement,526.32,310.9,7.68,63.18,17.43,3.58,1.3,7.57,56.04,240.86,6.42,4.57,73.76,60.39
P090,Needs Improvement,502.49,109.51,18.2,57.32,37.03,2.31,0.37,0.85,57.52,374.47,2.29,1.88,40.08,42.52
P090,Needs Improvement,1015.82,177.42,22.8,58.19,46.13,0.33,0.21,7.5,70.92,359.93,3.88,1.25,66.18,50.68
P090,Needs Improvement,530.56,438.31,16.86,56.79,5.15,3.03,1.05,6.18,75.8,296.56,2.88,7.09,69.87,61.01
P090,Needs Improvement,245.77,101.11,29.42,70.0,40.21,0.48,1.2,5.68,43.84,249.54,3.16,3.05,43.88,65.5
P090,Needs Improvement,274.23,199.12,25.47,47.14,24.61,2.75,0.63,3.66,55.89,231.16,7.28,5.65,72.87,70.36
P090,Needs Improvement,1105.1,199.95,17.93,50.09,56.85,2.81,0.03,7.69,53.67,350.39,4.34,2.34,35.52,71.45
P090,Needs Improvement,789.48,299.08,20.21,69.61,61.29,2.05,0.49,6.15,46.55,311.25,5.55,1.75,39.86,57.97
P090,Needs Improvement,804.83,627.88,9.79,68.91,11.22,0.85,0.23,7.51,58.97,257.63,6.34,3.33,67.37,44.28
P090,Needs Improvement,1136.91,582.38,6.26,69.61,45.38,0.07,1.24,5.45,38.11,337.35,3.76,7.5,47.99,59.2
P090,Needs Improvement,299.15,171.8,20.51,72.63,44.58,2.25,1.06,4.93,41.58,273.73,7.85,7.13,48.21,42.38
P090,Needs Improvement,1047.47,303.21,21.08,60.4,1.72,1.46,1.08,2.76,57.54,154.75,0.81,2.85,69.82,67.61
P090,Needs Improvement,657.74,104.96,16.78,68.49,8.49,3.16,1.0,3.56,72.55,180.93,7.39,4.04,46.75,61.63
P090,Needs Improvement,943.51,244.5,2.17,76.25,40.38,0.92,0.92,3.08,51.14,165.41,1.98,4.53,67.99,58.31
P090,Needs Improvement,612.28,319.4,17.36,60.04,2.09,1.28,1.45,0.97,52.88,260.71,7.42,4.15,53.08,59.49
P090,Needs Improvement,538.88,356.99,13.75,74.29,65.73,1.21,1.36,2.57,60.91,276.31,0.83,7.22,45.3,71.04
P090,Needs Improvement,543.82,296.99,7.95,70.24,10.13,0.45,0.64,3.02,56.77,272.65,7.67,7.79,44.48,51.58
P090,Needs Improvement,268.35,288.07,7.47,46.41,6.63,1.17,1.04,1.04,61.16,272.09,1.01,6.92,67.76,56.74
P090,Needs Improvement,391.16,525.08,26.15,54.35,42.0,2.04,0.15,2.37,70.79,302.99,7.37,1.1,75.06,46.5
P090,Needs Improvement,296.91,129.08,23.7,71.83,46.35,2.54,0.93,2.8,41.93,354.01,2.59,7.1,45.02,72.03
P090,Needs Improvement,1024.95,137.21,23.79,57.76,28.19,2.72,1.33,2.85,64.69,316.41,4.86,6.75,73.54,66.79
P090,Needs Improvement,1070.66,91.38,12.65,62.96,52.8,1.1,0.0,2.57,42.99,287.98,5.74,4.78,62.42,61.63
P090,Needs Improvement,1058.23,430.36,12.7,64.27,10.86,0.09,0.36,0.96,38.1,356.86,1.54,4.16,41.73,53.0
P090,Needs Improvement,685.94,373.65,9.51,43.94,14.71,1.32,0.19,4.67,50.11,344.09,5.73,1.52,47.24,54.92
P090,Needs Improvement,1042.22,232.81,11.09,68.39,37.57,2.48,0.67,0.88,65.81,233.25,4.23,7.09,55.63,60.8
P090,Needs Improvement,560.91,80.42,14.35,67.32,50.05,0.38,1.05,1.93,65.55,198.33,4.75,5.48,39.52,58.3
P090,Needs Improvement,894.01,175.41,13.86,66.31,17.53,0.56,0.11,4.92,55.39,310.65,7.19,3.48,51.24,58.89
P090,Needs Improvement,1134.54,492.73,11.67,57.02,69.16,0.01,0.12,7.02,47.46,259.36,6.05,2.92,51.48,45.71
P090,Needs Improvement,380.51,400.21,20.64,43.08,48.95,2.02,0.53,2.51,77.26,337.24,2.76,1.34,38.25,50.56
P090,Needs Improvement,923.73,544.38,15.02,65.17,64.84,2.92,0.68,2.91,43.94,302.56,4.44,1.61,69.35,41.07
P090,Needs Improvement,241.3,82.18,10.42,62.37,40.35,0.37,0.11,2.92,52.39,290.84,1.32,3.33,67.36,62.19
P090,Needs Improvement,521.97,277.9,22.9,47.66,1.28,1.15,0.97,1.25,62.36,362.85,6.51,3.06,74.86,62.46
P090,Needs Improvement,1041.52,609.06,16.4,54.9,0.25,2.17,0.62,2.81,51.73,258.74,6.48,1.41,76.47,43.38
P090,Needs Improvement,258.23,466.55,22.78,53.12,73.36,2.62,1.41,6.78,58.07,281.47,3.2,4.1,63.01,45.34
P090,Needs Improvement,550.15,474.15,18.93,62.85,0.73,0.87,0.43,4.49,66.29,175.57,4.25,3.81,57.69,69.82
P090,Needs Improvement,310.42,112.19,2.38,49.53,38.71,0.59,0.99,3.66,46.07,238.62,3.69,1.2,60.38,72.45
P090,Needs Improvement,278.83,177.14,22.05,67.26,31.73,0.75,0.99,4.36,63.18,238.07,5.07,3.92,66.11,48.86
P091,Unacceptable,275.37,231.68,9.97,36.58,51.29,2.98,0.84,4.97,46.73,124.71,1.7,1.33,38.78,57.2
P091,Unacceptable,255.05,137.67,20.62,41.38,51.81,0.6,0.82,3.71,51.39,141.44,3.83,1.73,37.95,49.86
P091,Unacceptable,424.59,153.95,19.89,51.32,45.15,1.1,0.87,3.04,26.24,198.73,0.72,1.38,63.75,58.78
P091,Unacceptable,551.83,399.63,14.34,52.12,39.0,2.32,0.16,0.98,35.71,186.23,4.03,1.56,54.17,51.28
P091,Unacceptable,327.6,85.51,6.21,35.48,6.79,2.03,0.6,1.43,59.97,152.59,4.37,5.3,32.15,36.67
P091,Unacceptable,570.77,392.98,6.62,51.3,47.93,1.82,0.51,4.12,40.62,267.0,1.99,2.33,35.19,42.79
P091,Unacceptable,424.02,197.8,17.17,43.36,26.5,0.14,0.14,5.55,43.87,207.09,3.13,3.68,54.44,39.33
P091,Unacceptable,910.87,246.1,20.09,58.52,34.85,2.19,0.36,1.46,43.76,260.37,5.56,0.66,55.38,35.39
P091,Unacceptable,239.8,419.4,17.22,43.01,3.65,1.47,0.5,5.24,32.99,184.63,5.96,5.01,32.35,57.9
P091,Unacceptable,237.01,230.21,3.5,40.09,59.8,2.92,0.41,2.77,33.69,168.86,3.77,0.89,35.76,64.64
P091,Unacceptable,328.31,279.22,8.59,36.99,58.39,2.34,0.31,6.27,38.04,141.77,2.67,2.55,38.95,41.54
P091,Unacceptable,227.01,81.57,2.82,36.85,17.41,0.79,0.08,6.1,37.73,151.18,4.26,3.29,34.06,65.64
P091,Unacceptable,998.11,367.29,0.81,42.64,28.18,1.04,0.86,3.41,47.11,254.82,0.98,6.01,48.37,39.48
P091,Unacceptable,357.61,211.0,15.86,34.36,49.84,2.05,0.34,3.58,39.85,277.54,2.61,0.71,34.77,31.76
P091,Unacceptable,371.39,145.5,17.44,64.81,26.73,2.77,1.18,1.41,53.19,194.58,3.09,1.54,30.02,55.45
P091,Unacceptable,295.08,336.9,13.76,32.65,10.45,2.94,0.88,0.93,49.76,312.37,1.39,1.87,49.75,47.53
P091,Unacceptable,675.98,281.79,0.67,39.99,26.61,0.49,0.79,3.48,37.37,178.31,6.34,4.75,40.41,53.26
P091,Unacceptable,908.58,154.72,16.44,40.41,36.41,2.76,0.74,1.53,40.24,232.57,2.58,5.21,61.94,48.22
P091,Unacceptable,410.48,93.79,21.62,46.82,22.59,1.55,1.12,4.22,53.64,236.03,2.08,5.02,37.84,58.11
P091,Unacceptable,732.36,312.94,2.67,38.78,36.59,0.76,0.88,3.74,48.16,216.41,5.53,4.63,43.79,49.45
P091,Unacceptable,803.33,129.9,24.52,58.89,40.98,1.42,0.32,5.2,35.76,203.03,5.93,5.31,55.41,39.02
P091,Unacceptable,260.28,369.99,9.1,32.22,63.06,1.81,1.03,5.4,40.63,196.32,3.47,3.45,53.58,35.28
P091,Unacceptable,478.51,222.26,22.03,42.62,19.04,0.34,0.38,2.68,36.72,238.48,2.1,3.21,59.34,33.27
P091,Unacceptable,222.93,111.2,21.62,46.52,44.18,2.87,1.07,0.89,46.53,169.76,4.44,2.04,62.11,62.44
P091,Unacceptable,581.12,150.42,19.65,36.7,3.37,2.7,0.79,4.05,34.51,304.22,1.52,6.02,56.4,44.78
P091,Unacceptable,503.41,157.94,12.26,47.11,8.6,1.68,0.45,4.44,35.63,193.32,4.95,3.14,35.12,39.9
P091,Unacceptable,814.84,96.08,24.28,32.87,52.03,2.43,0.99,0.77,43.76,108.51,0.87,4.09,35.31,42.27
P091,Unacceptable,871.69,244.89,14.7,43.07,1.6,0.11,0.07,1.73,34.01,206.05,3.11,4.09,41.96,64.82
P091,Unacceptable,657.55,189.56,14.37,41.67,9.75,0.45,0.97,3.76,45.63,216.44,1.19,5.2,32.76,41.5
P091,Unacceptable,477.38,151.62,8.96,43.33,23.45,1.23,0.95,1.47,39.49,203.14,1.33,1.29,58.04,46.56
P091,Unacceptable,577.37,225.09,4.5,36.95,35.73,1.87,0.18,3.35,44.41,300.89,3.37,4.38,43.74,28.85
P091,Unacceptable,805.83,433.42,8.72,52.17,0.73,0.66,1.06,2.4,51.66,328.49,4.96,4.19,49.76,47.17
P091,Unacceptable,677.79,261.91,15.03,46.46,13.19,2.7,0.95,5.6,46.94,203.39,0.82,3.09,48.46,59.11
P091,Unacceptable,724.5,314.33,10.69,47.77,55.43,0.67,0.79,3.41,41.54,303.34,4.56,1.84,54.29,49.54
P091,Unacceptable,916.2,184.53,21.6,58.49,18.4,2.83,1.09,4.44,41.42,225.29,1.0,5.89,49.11,51.25
P091,Unacceptable,815.91,276.77,11.47,45.8,27.98,2.7,1.31,2.38,55.99,202.44,2.27,5.5,48.15,35.82
P091,Unacceptable,670.58,527.9,18.51,53.34,6.19,2.72,0.16,3.02,50.59,304.12,4.56,3.64,44.87,37.55
P091,Unacceptable,612.48,203.68,13.74,47.59,37.26,0.12,0.71,4.29,66.36,136.96,1.94,2.45,56.65,52.07
P091,Unacceptable,547.71,275.87,4.54,42.2,37.17,0.84,0.79,6.53,42.03,262.0,0.53,4.54,41.9,57.33
P091,Unacceptable,321.34,87.89,13.96,43.19,23.6,2.65,0.03,0.96,28.7,244.33,1.55,5.0,36.81,32.83
P091,Unacceptable,307.2,90.89,19.12,34.28,47.22,2.12,1.15,5.86,45.62,333.29,5.28,5.36,54.18,39.24
P091,Unacceptable,326.35,157.97,12.23,63.61,57.18,1.15,0.58,3.92,40.99,172.6,0.66,2.96,53.67,48.65
P091,Unacceptable,436.95,156.28,20.3,40.74,8.84,2.55,0.38,6.06,33.4,297.63,2.88,4.0,68.28,49.6
P091,Unacceptable,467.72,72.51,4.12,45.89,9.03,1.46,0.87,5.49,50.55,218.69,4.84,5.88,57.85,64.9
P091,Unacceptable,308.52,269.33,14.46,45.43,43.01,1.07,0.81,5.02,43.25,142.97,1.32,4.52,44.45,54.84
P091,Unacceptable,536.35,156.09,0.72,57.74,49.18,2.88,0.37,3.94,44.91,164.4,4.72,4.07,29.56,42.09
P091,Unacceptable,847.6,349.26,16.2,37.87,23.56,2.67,1.08,2.62,35.35,154.86,4.53,4.88,46.4,50.51
P091,Unacceptable,439.56,135.33,19.74,52.04,15.65,2.51,0.05,1.15,42.4,163.37,4.63,4.92,40.43,51.42
P091,Unacceptable,662.77,440.11,9.58,63.77,56.11,0.29,0.99,5.39,48.27,300.24,2.4,2.53,39.4,48.61
P091,Unacceptable,483.35,138.18,19.58,46.51,10.56,0.51,0.27,2.7,34.42,275.01,5.31,3.21,51.07,34.5
P091,Unacceptable,358.85,430.53,17.43,42.3,11.08,2.6,0.4,2.84,48.25,145.64,0.88,2.26,61.26,56.89
P091,Unacceptable,228.37,427.23,15.27,44.66,6.21,2.48,0.08,2.8,27.44,292.64,3.22,3.54,29.7,48.79
P091,Unacceptable,586.66,461.25,8.62,54.8,6.12,1.82,0.86,4.87,42.74,225.41,4.36,1.03,62.72,45.33
P091,Unacceptable,170.7,107.45,23.2,31.96,38.88,1.86,0.8,2.88,44.86,165.85,5.16,1.87,40.18,47.77
P091,Unacceptable,919.66,254.3,8.54,52.82,14.82,1.07,0.43,2.62,54.26,210.97,4.64,3.13,29.39,41.84
P091,Unacceptable,881.77,235.28,11.67,62.27,30.01,2.56,0.62,1.19,37.07,316.41,4.62,4.74,61.48,30.97
P091,Unacceptable,384.84,245.65,9.7,62.87,19.72,0.24,1.0,1.73,39.15,138.83,5.02,3.15,43.08,51.31
P091,Unacceptable,680.63,173.68,12.2,38.64,13.79,0.26,0.54,4.63,44.18,149.01,1.38,1.2,34.01,38.53
P091,Unacceptable,431.85,312.59,11.39,61.39,45.43,0.05,0.9,1.19,33.12,157.17,5.45,5.77,32.48,49.47
P091,Unacceptable,684.63,253.04,21.43,33.28,48.86,2.05,0.62,3.68,32.64,281.74,4.3,4.43,37.02,31.07
P091,Unacceptable,189.3,140.02,2.59,40.18,34.07,1.39,0.88,0.76,48.33,126.16,0.86,2.1,36.13,46.44
P091,Unacceptable,211.64,217.05,21.0,36.36,40.6,1.72,0.49,2.29,38.27,273.94,4.66,3.85,34.99,50.38
P091,Unacceptable,298.63,357.79,5.19,43.8,1.01,1.77,0.2,2.64,55.31,334.09,2.37,3.01,56.52,36.29
P091,Unacceptable,531.06,351.91,21.97,50.31,38.85,1.58,0.21,3.7,60.15,172.89,4.17,5.03,57.39,51.14
P091,Unacceptable,321.6,296.11,5.84,41.92,3.59,0.41,0.85,2.76,37.05,163.53,1.33,1.42,31.18,54.8
P091,Unacceptable,344.09,196.64,2.0,51.06,51.23,1.5,0.99,4.63,28.7,264.27,1.5,2.23,58.29,34.97
P091,Unacceptable,286.41,251.5,17.21,67.11,33.32,2.41,0.65,2.7,40.54,197.06,5.2,2.98,42.71,47.61
P091,Unacceptable,609.36,433.22,24.01,39.32,31.65,0.5,0.43,3.87,52.66,199.16,1.71,3.53,38.09,53.94
P091,Unacceptable,445.38,189.43,19.67,41.24,19.11,0.24,0.34,2.54,27.51,219.23,1.32,5.21,46.63,38.2
P091,Unacceptable,267.82,238.11,24.87,47.81,46.86,1.07,1.21,3.36,44.7,224.22,2.34,5.2,41.85,58.55
P091,Unacceptable,683.99,317.33,6.48,43.12,13.79,1.56,0.24,4.33,48.15,137.55,1.57,1.14,31.15,59.71
P091,Unacceptable,670.71,278.3,3.28,36.37,42.88,0.37,0.21,1.44,59.37,244.67,5.33,3.74,52.11,39.49
P091,Unacceptable,195.72,140.82,3.05,52.85,45.83,0.67,0.21,1.09,29.67,176.34,3.64,5.23,46.56,40.13
P091,Unacceptable,831.49,304.2,6.79,49.08,14.24,1.45,0.19,4.38,49.45,269.34,5.04,4.32,47.47,48.74
P091,Unacceptable,201.42,214.86,19.54,39.68,48.74,1.11,0.63,2.8,46.27,151.83,3.21,2.86,32.25,41.74
P091,Unacceptable,203.64,228.44,13.21,54.7,21.66,1.74,0.74,5.71,43.19,265.24,1.02,2.99,41.26,48.49
P091,Unacceptable,891.99,262.08,2.66,43.14,59.0,2.61,1.11,5.37,63.9,284.84,4.82,5.88,44.62,58.11
P091,Unacceptable,328.23,147.83,7.97,58.64,37.33,2.61,0.75,2.52,43.89,144.64,1.79,1.26,48.52,57.82
P091,Unacceptable,711.48,253.38,12.33,35.13,44.25,1.62,1.17,4.73,63.53,201.32,6.68,2.25,39.91,56.5
P091,Unacceptable,830.2,322.9,17.1,50.2,9.65,0.57,0.14,1.78,60.4,268.3,2.3,4.58,55.38,31.99
P091,Unacceptable,829.34,424.18,17.75,35.66,29.79,1.39,0.75,2.54,46.49,152.33,6.67,3.39,38.19,36.96
P091,Unacceptable,196.86,302.56,1.36,62.73,29.81,1.21,0.73,3.37,43.62,209.51,1.52,0.83,44.23,36.13
P091,Unacceptable,280.12,414.83,16.28,51.05,20.53,1.01,0.79,4.03,45.83,145.01,6.05,5.35,44.67,34.52
P091,Unacceptable,271.54,378.11,8.01,38.52,17.31,2.39,0.92,4.2,54.59,144.16,5.91,0.87,36.46,39.62
P091,Unacceptable,695.25,372.45,7.27,39.6,38.48,2.81,0.77,4.12,51.8,228.91,2.47,6.07,50.42,37.27
P091,Unacceptable,395.17,99.55,12.49,57.98,14.09,0.63,1.27,1.86,55.35,145.69,4.01,2.95,42.78,48.18
P091,Unacceptable,298.21,500.62,5.14,52.52,41.23,0.3,0.64,4.36,51.04,235.69,5.58,3.74,55.61,35.96
P091,Unacceptable,198.66,422.9,11.43,38.52,6.52,2.36,0.35,1.5,46.48,245.51,1.89,4.8,28.39,49.56
P091,Unacceptable,838.08,535.28,4.53,43.43,15.2,0.09,0.27,6.13,58.12,117.29,3.44,3.71,49.75,38.29
P091,Unacceptable,513.85,477.77,7.39,49.67,23.17,1.22,0.05,4.43,38.08,234.04,2.55,3.92,64.69,48.45
P091,Unacceptable,859.98,101.97,16.06,59.43,40.61,1.63,0.5,5.51,29.7,294.21,3.78,6.28,51.4,34.4
P091,Unacceptable,685.92,384.77,15.61,54.33,3.93,0.81,1.02,2.55,49.73,246.68,5.27,4.62,40.57,30.43
P091,Unacceptable,616.06,444.4,13.39,55.09,7.43,1.14,0.31,3.54,39.68,185.12,5.04,5.31,39.31,50.04
P091,Unacceptable,355.96,337.17,21.61,38.99,32.81,0.03,0.44,1.09,53.25,200.41,0.88,3.93,37.51,46.99
P091,Unacceptable,712.45,265.0,6.22,40.24,39.99,2.25,0.29,3.79,64.77,161.23,3.48,3.86,49.84,42.78
P091,Unacceptable,349.62,154.65,5.94,52.87,15.54,0.31,0.96,3.63,42.71,291.33,4.37,6.06,61.09,49.02
P091,Unacceptable,544.77,137.18,8.32,54.43,53.26,0.01,0.02,1.51,60.14,232.06,3.99,5.4,38.75,47.13
P091,Unacceptable,466.58,528.07,4.18,35.98,32.36,0.93,0.32,6.27,50.37,167.52,5.52,1.09,37.56,55.38
P091,Unacceptable,261.99,377.75,18.27,52.04,11.6,1.26,0.2,4.56,56.96,301.18,0.8,2.93,39.33,27.31
P091,Unacceptable,524.17,476.72,21.48,64.54,8.64,1.99,1.02,5.67,35.5,232.84,4.18,5.31,45.94,37.14
P092,Needs Improvement,1052.14,564.45,7.64,59.93,2.01,2.59,0.91,5.46,41.34,322.92,7.73,4.31,49.45,40.63
P092,Needs Improvement,302.97,343.65,8.92,70.27,53.04,1.84,0.99,5.6,44.62,217.34,2.26,1.7,46.61,54.73
P092,Needs Improvement,571.44,288.81,15.96,58.85,34.24,3.16,0.0,1.39,62.62,274.49,5.05,2.99,49.64,54.19
P092,Needs Improvement,544.11,320.92,4.64,46.03,24.31,3.52,0.82,1.87,37.38,381.35,6.95,2.19,63.57,42.01
P092,Needs Improvement,339.16,591.65,22.88,48.34,57.94,2.12,0.69,4.48,68.51,188.51,6.21,1.98,62.47,48.74
P092,Needs Improvement,594.06,74.77,13.12,54.64,59.47,3.33,0.19,4.94,41.01,316.5,7.81,4.07,68.02,36.26
P092,Needs Improvement,716.89,70.49,17.98,69.85,20.43,2.47,0.11,1.89,76.16,357.32,3.45,1.28,42.01,73.18
P092,Needs Improvement,298.61,245.31,15.41,68.62,20.81,2.39,0.74,6.01,60.77,324.87,6.35,6.77,42.86,59.93
P092,Needs Improvement,402.5,121.0,18.47,58.34,35.5,1.64,0.85,6.25,64.97,288.93,1.68,2.06,64.59,40.02
P092,Needs Improvement,283.07,203.03,14.66,70.61,7.69,2.96,1.3,3.01,69.0,319.94,1.3,4.2,46.99,71.63
P092,Needs Improvement,772.89,274.04,20.88,67.86,68.36,2.18,0.76,3.81,53.97,337.61,3.78,4.7,68.86,69.16
P092,Needs Improvement,323.74,317.64,9.33,69.94,40.33,2.75,1.4,3.73,70.01,305.53,6.27,4.0,73.14,69.0
P092,Needs Improvement,1040.26,341.17,15.58,54.1,34.18,3.15,0.61,1.25,63.2,228.5,2.79,6.58,48.28,49.43
P092,Needs Improvement,726.54,520.3,17.77,70.56,39.59,1.29,1.32,0.99,56.04,367.39,5.65,6.47,39.89,48.94
P092,Needs Improvement,725.28,214.5,28.03,49.09,9.3,3.12,0.51,5.57,66.48,209.69,5.77,2.67,53.35,59.92
P092,Needs Improvement,240.52,474.22,12.15,67.31,22.15,1.69,0.78,7.51,42.78,218.97,3.47,7.15,38.64,65.88
P092,Needs Improvement,522.7,103.63,26.6,51.41,25.89,1.78,0.08,5.87,71.84,362.7,4.21,2.93,63.14,51.61
P092,Needs Improvement,661.15,302.95,7.73,42.36,41.96,3.5,0.37,7.33,42.77,173.89,3.25,7.16,40.32,46.45
P092,Needs Improvement,605.48,401.52,18.88,62.82,1.93,0.37,0.81,1.45,56.47,282.35,1.43,6.61,69.81,66.24
P092,Needs Improvement,873.58,546.54,6.75,51.35,22.3,2.13,1.44,0.85,77.73,360.69,1.34,4.18,58.28,63.35
P092,Needs Improvement,931.2,347.46,30.89,49.27,30.05,0.66,1.2,5.28,48.88,391.17,5.25,3.26,69.71,37.65
P092,Needs Improvement,797.4,168.28,17.9,62.0,19.59,2.99,0.27,3.12,39.36,230.07,3.1,6.76,67.33,64.97
P092,Needs Improvement,1010.34,520.78,1.95,52.58,70.51,0.35,0.97,2.43,39.8,372.3,7.06,1.95,69.75,49.47
P092,Needs Improvement,422.12,537.7,28.74,69.8,67.38,0.74,0.65,6.88,52.95,369.19,4.1,6.45,64.91,57.36
P092,Needs Improvement,696.63,204.33,27.7,58.5,23.88,2.02,0.99,6.9,43.82,179.53,1.93,1.5,49.45,65.99
P092,Needs Improvement,986.81,488.36,1.79,76.64,32.39,0.79,1.06,5.17,51.33,331.51,0.99,3.78,71.52,59.16
P092,Needs Improvement,327.03,312.42,16.7,66.43,31.33,0.89,0.7,7.24,58.76,286.54,3.06,1.39,62.36,68.04
P092,Needs Improvement,990.04,324.54,15.16,65.52,18.61,1.22,0.15,4.21,43.85,322.93,7.15,7.17,37.79,74.4
P092,Needs Improvement,1002.79,178.45,1.32,52.09,51.15,1.12,0.85,5.58,42.51,289.27,4.51,7.43,43.43,45.57
P092,Needs Improvement,256.54,475.63,2.65,54.63,24.8,0.2,0.63,2.63,75.17,202.75,3.95,5.07,37.38,48.07
P092,Needs Improvement,255.16,441.57,2.6,50.73,64.39,0.68,1.23,6.41,61.01,245.74,2.9,7.42,46.7,45.78
P092,Needs Improvement,891.99,113.44,22.98,69.13,64.06,2.0,0.48,6.43,65.44,360.6,0.96,2.94,75.6,59.13
P092,Needs Improvement,582.24,515.21,18.36,65.02,51.97,2.39,0.7,0.82,58.22,165.37,1.25,4.17,54.01,48.61
P092,Needs Improvement,348.31,489.03,19.78,55.14,67.07,1.46,0.73,2.86,53.12,262.77,6.05,3.48,59.4,45.11
P092,Needs Improvement,965.56,587.3,21.77,71.56,49.19,1.69,0.52,6.93,65.19,250.73,7.53,1.93,63.9,58.96
P092,Needs Improvement,316.03,131.54,16.9,75.41,26.76,1.98,1.0,6.91,60.52,212.34,5.44,4.38,53.67,73.54
P092,Needs Improvement,1003.3,539.01,9.42,46.14,72.41,2.56,0.63,2.06,55.89,207.0,3.05,1.15,45.87,48.69
P092,Needs Improvement,1129.05,257.19,5.34,52.73,24.27,2.8,0.04,3.47,66.34,355.17,1.4,4.93,45.61,51.75
P092,Needs Improvement,789.39,77.85,28.58,64.15,6.59,1.57,1.29,5.35,53.91,263.62,5.57,2.82,43.91,64.74
P092,Needs Improvement,702.33,462.1,12.66,63.48,24.79,3.43,0.86,3.66,56.43,223.91,6.0,1.95,46.23,58.13
P092,Needs Improvement,236.99,183.66,24.03,45.31,68.34,2.27,1.31,3.67,46.37,263.51,1.29,3.88,38.12,42.36
P092,Needs Improvement,1176.71,254.67,21.94,57.69,41.95,2.31,0.35,7.56,59.69,239.03,2.18,3.16,64.82,44.46
P092,Needs Improvement,671.85,384.98,5.84,48.07,7.77,0.48,1.33,7.42,56.77,157.65,2.22,5.4,57.01,63.24
P092,Needs Improvement,590.48,331.72,27.4,52.08,48.78,0.07,1.4,4.15,55.71,154.47,5.42,5.77,70.24,51.12
P092,Needs Improvement,1059.07,520.86,0.96,70.86,4.89,3.47,0.21,6.01,68.07,198.05,4.34,6.6,42.06,63.52
P092,Needs Improvement,499.16,255.89,22.12,59.77,34.68,1.45,1.05,5.11,66.06,278.01,1.8,6.77,37.69,47.92
P092,Needs Improvement,779.32,332.1,1.99,68.55,46.8,0.31,1.02,3.86,64.38,321.98,4.1,4.37,57.79,46.48
P092,Needs Improvement,1012.14,131.77,21.17,58.77,30.94,1.78,0.25,4.13,70.44,273.58,4.55,4.2,75.18,56.53
P092,Needs Improvement,228.48,426.09,10.95,70.24,15.37,2.81,0.9,3.56,47.9,282.58,5.67,2.54,73.38,54.3
P092,Needs Improvement,675.34,369.54,9.62,61.79,38.82,2.17,0.81,3.76,65.2,254.38,2.28,1.33,38.83,53.85
P092,Needs Improvement,633.95,247.91,23.63,46.67,52.68,2.67,1.35,6.68,44.4,374.51,2.1,2.27,55.73,56.67
P092,Needs Improvement,350.22,163.21,19.48,53.01,35.02,0.47,0.02,5.18,71.44,185.49,0.73,5.91,64.22,59.87
P092,Needs Improvement,856.53,570.66,17.39,65.13,20.8,0.03,0.97,5.91,47.01,169.37,7.08,4.97,40.26,49.34
P092,Needs Improvement,1142.49,229.63,20.57,61.76,14.98,1.69,0.82,4.32,71.02,327.84,6.05,5.62,46.04,71.51
P092,Needs Improvement,244.2,280.24,3.96,67.47,76.17,1.35,1.01,5.67,63.61,175.49,4.2,5.34,39.99,50.36
P092,Needs Improvement,452.7,124.94,22.12,58.29,17.85,2.27,0.26,4.03,66.94,179.28,5.16,4.04,64.91,45.88
P092,Needs Improvement,330.46,637.83,24.17,67.34,76.74,0.93,0.57,1.04,72.44,255.54,3.85,4.44,64.34,57.29
P092,Needs Improvement,954.0,484.3,27.75,63.66,40.7,0.82,1.45,1.7,64.9,162.09,5.99,5.84,41.9,55.85
P092,Needs Improvement,869.88,461.23,17.43,47.39,8.04,3.13,1.14,6.28,55.74,252.53,5.27,4.59,52.26,72.3
P092,Needs Improvement,367.1,233.0,7.53,60.05,33.76,0.13,0.69,1.15,52.75,318.88,0.77,5.06,71.8,71.04
P092,Needs Improvement,819.57,312.87,2.88,65.12,15.98,3.57,0.81,5.97,67.49,287.71,6.99,5.75,71.6,43.13
P092,Needs Improvement,661.99,449.88,21.18,56.1,70.61,1.32,0.89,0.83,57.36,301.02,7.29,3.08,66.11,62.74
P092,Needs Improvement,493.5,450.94,0.74,53.41,70.79,1.89,0.87,7.44,43.92,203.94,3.94,2.56,61.1,73.11
P092,Needs Improvement,637.17,251.91,17.47,51.13,0.92,0.51,0.05,2.2,57.54,238.16,1.12,1.4,56.75,53.37
P092,Needs Improvement,254.16,323.62,16.1,64.08,3.63,2.55,0.04,1.64,76.05,151.39,5.33,3.04,48.44,54.27
P092,Needs Improvement,553.2,261.6,9.87,55.21,67.89,1.79,0.62,0.9,51.82,226.44,5.63,6.35,55.47,60.71
P092,Needs Improvement,360.82,567.24,26.24,58.45,14.7,2.46,1.2,6.08,61.25,164.2,5.93,4.98,38.06,47.27
P092,Needs Improvement,358.99,320.95,2.49,73.87,25.77,0.13,0.65,6.91,51.1,279.09,2.96,5.85,53.56,66.47
P092,Needs Improvement,457.96,409.12,17.66,71.26,72.35,3.09,1.19,1.9,79.31,372.14,3.05,2.58,48.66,71.24
P092,Needs Improvement,504.03,390.27,9.27,44.46,13.77,0.18,0.6,2.42,61.39,267.9,5.58,4.5,60.9,45.35
P092,Needs Improvement,493.63,454.35,21.75,68.24,51.55,0.47,1.27,3.57,49.44,190.89,3.51,4.37,53.83,42.1
P092,Needs Improvement,611.65,568.38,8.49,47.96,52.38,0.84,0.34,7.39,38.09,242.18,3.86,1.85,42.58,72.35
P092,Needs Improvement,846.1,312.87,3.95,63.87,18.66,3.02,1.46,5.35,42.64,287.06,1.27,7.52,61.97,62.16
P092,Needs Improvement,264.61,191.59,25.13,51.29,71.33,0.6,0.01,1.35,72.62,189.59,4.68,2.04,74.89,63.53
P092,Needs Improvement,754.89,457.4,12.06,44.82,48.07,2.43,0.44,3.94,39.68,304.06,5.7,5.43,48.42,70.53
P092,Needs Improvement,658.67,276.97,12.63,62.65,20.67,0.15,0.35,2.29,47.63,396.42,2.32,3.96,52.0,42.95
P092,Needs Improvement,1017.43,414.29,7.21,58.3,49.03,0.18,0.76,1.04,45.42,255.74,6.0,6.64,46.99,46.24
P092,Needs Improvement,1035.34,315.25,20.7,70.34,1.18,1.77,1.47,6.83,51.51,228.5,2.72,4.08,48.82,55.23
P092,Needs Improvement,610.32,492.06,26.31,55.6,8.3,0.01,0.31,4.45,39.23,354.05,6.18,6.91,52.01,75.92
P092,Needs Improvement,489.55,112.22,14.52,59.9,71.96,1.76,1.11,0.92,42.09,200.35,1.23,1.13,46.8,42.77
P092,Needs Improvement,484.47,305.64,2.34,68.44,73.48,1.06,0.97,4.06,44.65,147.14,1.36,1.27,49.47,55.64
P092,Needs Improvement,828.11,599.15,1.28,61.42,4.44,0.62,0.43,0.84,40.41,155.11,1.32,1.51,52.2,73.81
P092,Needs Improvement,231.77,459.84,18.49,71.53,16.28,0.32,1.41,5.63,56.48,291.37,4.04,2.64,46.43,63.92
P092,Needs Improvement,813.15,317.21,7.1,59.96,19.29,1.4,0.63,6.88,57.97,349.57,4.44,2.11,40.74,75.41
P092,Needs Improvement,462.75,326.67,8.26,57.34,25.1,0.35,0.91,2.62,45.5,325.29,3.02,4.6,63.78,55.05
P092,Needs Improvement,468.24,425.5,1.87,53.39,42.38,0.84,0.7,1.96,68.53,210.48,1.67,2.05,60.92,64.39
P092,Needs Improvement,606.01,373.51,17.29,50.48,43.97,1.4,0.66,5.89,51.18,186.15,1.39,5.34,69.22,50.91
P092,Needs Improvement,764.26,269.83,26.3,71.55,45.07,2.13,0.69,3.92,64.7,152.57,2.32,3.23,57.4,65.58
P092,Needs Improvement,933.26,464.19,6.3,70.61,24.66,0.45,0.24,4.44,52.54,358.49,3.29,5.51,78.01,47.52
P092,Needs Improvement,236.52,618.37,17.4,54.97,15.92,0.31,1.0,3.69,65.55,325.47,2.71,4.43,62.51,50.45
P092,Needs Improvement,385.91,441.43,14.53,63.79,28.94,1.31,0.5,4.14,75.77,197.26,6.32,7.31,66.87,46.7
P092,Needs Improvement,1045.73,557.97,16.48,51.33,60.45,2.15,0.8,2.49,75.3,176.43,1.84,1.13,61.63,77.76
P092,Needs Improvement,579.72,357.64,29.24,71.52,18.91,2.21,1.08,0.98,59.74,335.29,2.01,3.15,42.39,54.72
P092,Needs Improvement,523.19,78.5,26.87,70.8,52.13,2.69,1.35,2.68,67.45,350.83,1.25,5.58,68.75,70.63
P092,Needs Improvement,616.08,566.03,6.88,57.31,12.44,1.07,1.25,4.98,64.28,244.21,6.69,3.12,51.0,61.88
P092,Needs Improvement,410.02,93.41,19.63,76.12,34.65,3.02,0.17,1.35,68.04,207.81,4.68,7.4,64.61,60.19
P092,Needs Improvement,541.51,368.38,26.0,72.3,67.51,2.97,0.4,3.66,46.76,254.97,4.88,5.23,52.57,49.98
P092,Needs Improvement,513.06,229.12,15.0,47.72,66.21,1.29,1.01,2.42,42.92,160.81,6.1,6.9,56.8,58.57
P092,Needs Improvement,244.09,257.17,19.09,66.04,69.41,3.33,0.05,5.15,58.57,355.55,2.28,4.43,48.67,53.06
P092,Needs Improvement,794.53,126.59,7.19,59.5,43.33,0.6,0.26,1.63,46.74,360.91,6.42,3.99,50.67,48.15
P093,Needs Improvement,830.66,164.28,7.71,71.53,67.38,1.96,0.21,4.09,71.7,325.88,4.97,5.64,59.76,42.65
P093,Needs Improvement,600.0,586.0,17.54,58.09,25.96,2.03,0.27,3.59,61.13,322.61,1.11,5.94,67.47,37.95
P093,Needs Improvement,439.52,424.26,5.13,53.46,76.06,1.48,0.27,4.11,39.67,358.23,6.68,1.26,64.17,72.24
P093,Needs Improvement,773.05,469.3,14.17,60.39,57.8,2.5,1.02,2.42,77.42,206.48,6.49,4.36,63.98,58.59
P093,Needs Improvement,814.05,380.53,30.58,67.23,39.82,0.65,0.58,2.3,53.74,242.58,5.89,2.19,52.88,44.92
P093,Needs Improvement,743.86,413.03,14.63,52.74,18.12,1.97,0.02,2.37,48.65,173.35,2.97,6.98,52.23,53.81
P093,Needs Improvement,582.84,359.84,11.79,72.25,64.68,2.03,1.45,4.52,67.84,336.86,6.62,5.43,63.44,37.42
P093,Needs Improvement,452.49,159.82,10.18,46.33,57.95,2.55,0.99,4.53,69.11,152.89,7.14,6.32,58.25,43.67
P093,Needs Improvement,522.83,131.74,20.35,67.91,61.66,2.47,1.08,5.88,64.72,213.11,5.58,7.72,40.75,66.7
P093,Needs Improvement,474.83,363.13,28.28,57.34,12.44,1.02,1.18,1.38,43.43,334.21,1.31,4.76,70.14,56.62
P093,Needs Improvement,483.36,269.82,19.44,53.2,65.79,2.86,1.07,3.61,45.21,160.05,1.62,7.45,72.06,72.18
P093,Needs Improvement,910.46,603.8,5.18,61.44,67.65,2.76,0.03,1.52,65.15,195.98,1.81,6.92,60.78,68.48
P093,Needs Improvement,555.69,264.71,24.83,58.21,44.58,3.04,0.74,6.36,45.37,222.73,4.43,0.96,54.55,48.29
P093,Needs Improvement,1091.47,464.44,12.78,69.87,37.24,1.63,0.26,4.26,55.19,207.75,6.92,4.64,66.94,59.7
P093,Needs Improvement,508.74,76.28,15.25,64.49,37.29,2.4,1.12,3.95,67.1,208.0,2.4,1.56,72.28,42.43
P093,Needs Improvement,634.85,339.83,27.55,49.58,44.56,1.23,0.02,4.56,44.96,198.42,3.53,4.62,59.43,54.63
P093,Needs Improvement,853.58,428.78,13.32,53.4,33.87,1.64,0.72,4.66,66.9,211.12,5.62,4.7,59.59,42.47
P093,Needs Improvement,1029.43,456.38,8.56,43.11,15.27,3.26,0.44,6.1,65.17,213.28,2.61,6.76,75.87,65.39
P093,Needs Improvement,1066.66,422.57,28.62,50.31,41.38,1.21,0.99,4.25,40.14,340.18,6.46,3.69,48.53,48.47
P093,Needs Improvement,336.48,241.77,19.26,67.36,42.94,1.18,0.37,1.9,39.67,204.9,6.46,6.89,40.06,66.0
P093,Needs Improvement,596.01,120.85,12.22,67.9,6.77,3.43,0.62,3.67,54.82,297.46,6.5,0.91,56.58,52.82
P093,Needs Improvement,614.56,468.55,22.24,65.39,16.6,2.58,1.41,6.65,42.25,340.45,4.33,4.35,37.4,73.75
P093,Needs Improvement,533.22,456.57,15.22,63.46,6.74,0.53,0.79,1.02,39.14,371.3,2.42,3.26,72.87,66.2
P093,Needs Improvement,624.21,527.87,1.81,67.28,38.43,2.26,0.98,3.5,48.92,301.87,6.83,4.9,73.13,64.83
P093,Needs Improvement,364.19,124.84,17.7,56.77,67.48,2.71,0.18,4.57,63.88,157.07,4.11,4.65,41.9,61.69
P093,Needs Improvement,281.06,190.38,20.03,69.46,35.4,2.48,1.24,4.05,67.9,177.23,1.16,4.26,70.57,46.87
P093,Needs Improvement,899.42,191.89,16.03,73.27,58.73,2.14,1.03,4.99,54.77,269.01,4.5,5.27,41.16,37.73
P093,Needs Improvement,291.58,519.29,9.95,70.09,44.66,2.11,0.42,5.95,58.05,218.68,3.5,1.28,41.52,46.45
P093,Needs Improvement,924.13,185.59,12.27,53.14,23.91,3.68,0.9,1.93,49.17,349.87,1.17,1.79,40.73,57.95
P093,Needs Improvement,1121.1,512.1,6.52,64.45,24.69,0.58,0.04,5.61,66.69,330.56,2.48,5.19,71.71,46.9
P093,Needs Improvement,407.3,382.34,16.38,54.85,22.03,3.82,0.08,3.99,60.45,318.28,5.54,4.15,49.26,51.75
P093,Needs Improvement,627.47,117.22,4.27,75.42,53.76,0.88,0.23,6.03,72.48,248.68,3.98,1.63,36.93,59.6
P093,Needs Improvement,703.45,471.75,20.38,73.89,42.71,1.66,1.43,1.16,49.84,389.85,2.0,3.09,41.61,73.03
P093,Needs Improvement,921.42,597.57,3.05,49.28,27.81,0.09,0.24,3.4,54.6,240.93,5.34,5.23,67.61,50.51
P093,Needs Improvement,704.75,98.09,15.59,79.04,55.72,2.74,1.18,1.36,51.34,353.03,1.04,6.05,64.93,48.65
P093,Needs Improvement,308.48,232.29,0.85,52.52,76.91,3.41,0.51,5.66,56.43,274.16,7.99,2.73,53.68,50.04
P093,Needs Improvement,655.33,300.34,21.79,57.53,73.88,1.3,0.06,2.73,67.41,275.66,1.2,3.06,56.83,60.51
P093,Needs Improvement,851.84,557.1,2.43,50.35,20.66,0.15,0.57,1.29,50.84,166.04,3.82,7.18,44.23,58.46
P093,Needs Improvement,863.27,324.13,21.77,58.19,55.66,0.13,0.12,1.73,64.41,358.74,1.87,1.42,72.01,62.13
P093,Needs Improvement,592.58,83.65,10.5,60.61,68.35,0.49,0.05,6.13,68.07,325.68,5.14,5.86,58.25,44.13
P093,Needs Improvement,250.26,230.17,5.66,58.95,53.3,3.52,1.44,4.63,58.41,204.17,7.42,3.37,44.92,46.46
P093,Needs Improvement,522.69,375.6,27.4,58.3,7.54,1.55,1.1,5.67,48.14,236.44,4.25,1.65,64.32,52.27
P093,Needs Improvement,261.76,264.88,14.78,54.51,19.15,2.05,1.4,1.77,59.25,320.48,4.55,6.29,54.43,75.94
P093,Needs Improvement,1152.35,187.13,20.54,55.51,20.76,0.25,0.87,6.27,71.54,316.55,6.77,2.34,48.19,74.95
P093,Needs Improvement,1023.8,324.05,20.62,58.29,1.03,1.23,1.05,6.32,65.48,184.48,4.97,2.95,68.3,56.47
P093,Needs Improvement,960.22,347.29,19.4,51.05,5.57,0.77,0.74,3.54,51.34,336.33,2.16,1.12,45.5,50.89
P093,Needs Improvement,796.86,546.05,10.24,62.37,64.57,2.56,1.55,1.47,63.47,286.77,6.64,3.14,57.58,71.71
P093,Needs Improvement,716.76,367.87,7.37,43.84,46.35,3.09,0.63,6.27,51.17,353.68,2.49,1.92,55.27,46.11
P093,Needs Improvement,295.74,113.91,10.24,54.9,33.45,3.2,1.09,6.84,47.59,159.8,6.14,2.0,39.03,55.76
P093,Needs Improvement,785.71,240.16,5.74,62.98,71.77,2.0,0.85,1.09,53.81,294.5,2.27,2.66,39.96,44.35
P093,Needs Improvement,383.67,193.9,7.21,67.92,7.81,2.63,1.17,2.67,60.64,173.11,5.5,2.54,50.41,62.52
P093,Needs Improvement,683.31,197.64,18.04,52.2,41.7,2.39,1.07,1.36,42.17,349.64,3.15,3.8,70.83,59.71
P093,Needs Improvement,1052.39,330.01,17.93,52.55,58.98,0.33,0.17,6.18,43.01,334.05,6.38,0.91,40.27,61.53
P093,Needs Improvement,714.37,469.58,3.91,70.51,27.32,1.08,1.09,6.18,47.76,201.75,2.14,5.36,54.4,54.46
P093,Needs Improvement,438.1,94.07,15.44,55.91,6.36,0.3,0.75,5.91,56.84,325.1,3.41,2.62,44.87,67.27
P093,Needs Improvement,465.58,288.71,11.37,57.38,72.3,1.6,0.89,6.27,44.37,211.0,5.1,1.18,71.28,64.77
P093,Needs Improvement,510.94,186.24,28.96,47.48,70.44,1.87,0.21,4.03,47.54,299.7,2.25,5.42,54.89,52.22
P093,Needs Improvement,460.23,270.95,15.26,58.37,35.04,2.39,0.73,2.2,52.23,284.47,3.57,5.48,66.55,51.7
P093,Needs Improvement,650.38,214.21,28.35,52.69,23.21,1.28,0.57,2.21,48.53,194.1,4.46,2.62,64.48,61.68
P093,Needs Improvement,266.99,80.15,28.55,46.46,22.58,1.46,1.55,3.18,63.26,367.09,3.74,3.08,67.59,73.68
P093,Needs Improvement,474.84,368.98,12.21,67.38,0.18,2.99,1.19,4.06,53.84,174.04,4.61,6.58,38.45,37.5
P093,Needs Improvement,1123.48,433.78,7.4,50.01,52.01,0.51,1.2,1.82,67.59,220.98,0.96,5.02,61.82,48.34
P093,Needs Improvement,668.58,422.63,29.42,69.42,39.46,3.55,1.08,3.14,73.87,199.77,5.87,2.71,61.0,67.73
P093,Needs Improvement,532.26,160.62,23.76,49.81,39.51,0.06,0.44,3.91,48.4,353.92,2.0,7.1,44.53,37.2
P093,Needs Improvement,949.47,89.88,10.57,69.64,20.38,2.18,1.36,1.77,75.34,210.84,0.96,4.35,67.07,70.97
P093,Needs Improvement,535.69,470.79,18.81,68.35,42.76,1.71,0.14,1.79,49.82,231.06,3.18,1.53,58.28,43.81
P093,Needs Improvement,643.77,549.75,11.77,59.62,60.02,0.46,0.19,6.21,38.46,255.79,2.9,7.0,55.84,68.06
P093,Needs Improvement,879.9,498.87,16.27,47.13,7.58,3.36,0.0,2.45,54.48,209.95,7.14,4.94,68.94,75.58
P093,Needs Improvement,927.0,394.62,6.19,72.89,27.96,2.5,0.63,2.36,43.39,358.5,5.77,3.42,72.96,46.31
P093,Needs Improvement,1043.65,381.83,9.5,49.25,31.08,3.45,1.32,1.22,47.84,185.59,4.51,1.6,70.19,51.02
P093,Needs Improvement,398.21,448.06,7.22,45.78,7.81,3.48,0.58,1.65,75.91,283.44,6.54,5.25,50.95,66.35
P093,Needs Improvement,837.3,347.93,1.96,64.29,50.75,1.83,1.36,4.59,59.81,317.23,3.96,6.68,59.13,70.27
P093,Needs Improvement,632.96,402.12,6.33,46.12,78.46,3.57,0.88,1.8,40.01,192.43,6.27,5.8,51.65,45.86
P093,Needs Improvement,825.2,405.9,12.38,59.45,40.55,1.94,0.45,5.46,50.19,176.29,2.16,1.68,71.72,58.76
P093,Needs Improvement,352.15,450.75,21.7,54.16,37.26,3.66,0.63,2.45,52.86,372.39,3.13,7.45,58.31,56.79
P093,Needs Improvement,526.0,487.35,4.78,73.28,41.15,1.62,1.47,6.22,74.27,248.14,7.03,4.76,49.36,49.7
P093,Needs Improvement,858.03,330.86,7.21,60.46,5.37,1.46,0.0,5.41,62.0,379.58,2.56,4.68,41.84,37.51
P093,Needs Improvement,317.47,77.33,2.8,56.36,6.43,2.97,1.0,4.65,69.0,299.41,7.25,2.35,41.41,41.87
P093,Needs Improvement,1015.68,418.82,11.35,46.63,67.06,3.49,1.27,3.49,68.73,279.14,3.23,4.74,67.26,57.19
P093,Needs Improvement,752.88,430.3,15.44,50.17,31.9,1.85,0.86,3.8,69.89,265.33,7.95,2.28,59.88,45.96
P093,Needs Improvement,689.62,419.27,6.05,54.79,25.96,3.15,0.26,3.92,43.01,359.64,4.79,2.25,63.2,65.45
P093,Needs Improvement,876.79,552.24,14.34,57.74,39.02,1.15,0.75,2.84,51.75,275.7,1.14,1.09,55.36,66.29
P093,Needs Improvement,891.65,154.78,8.05,44.75,67.47,2.21,0.47,0.91,60.49,168.22,1.98,4.53,59.4,79.24
P093,Needs Improvement,506.74,414.84,10.91,74.53,38.96,1.35,1.19,0.85,60.4,234.82,3.64,2.61,62.01,44.52
P093,Needs Improvement,372.27,220.15,27.94,47.93,15.34,3.35,0.71,7.34,51.87,215.79,1.22,3.27,60.39,51.07
P093,Needs Improvement,243.56,354.94,10.9,68.6,30.3,0.68,0.62,4.97,60.49,263.57,4.46,4.65,54.37,51.68
P093,Needs Improvement,398.32,221.83,9.06,59.88,17.21,1.45,0.45,6.9,44.01,352.12,1.73,3.32,36.58,70.05
P093,Needs Improvement,223.56,543.7,17.18,47.7,0.58,2.27,0.58,1.88,67.74,385.45,3.79,2.84,49.39,41.55
P093,Needs Improvement,303.21,84.6,18.22,61.38,38.95,2.34,0.98,1.72,61.76,216.73,6.7,5.75,61.28,68.33
P093,Needs Improvement,243.26,562.46,21.53,49.6,56.51,0.8,0.17,6.42,40.61,242.9,5.62,5.48,56.91,69.5
P093,Needs Improvement,843.88,580.95,14.64,70.74,57.49,1.38,0.78,6.04,68.69,243.59,5.33,4.31,71.61,50.95
P093,Needs Improvement,993.82,503.25,9.09,70.64,66.29,0.62,0.63,4.44,53.77,158.46,7.13,5.83,40.89,70.87
P093,Needs Improvement,380.32,292.63,30.16,62.52,31.91,0.92,0.76,4.27,61.75,282.88,0.97,3.4,41.68,52.81
P093,Needs Improvement,397.44,97.7,14.53,59.2,69.69,3.06,0.46,3.9,61.78,339.33,3.69,6.62,54.93,70.37
P093,Needs Improvement,1125.02,467.29,27.93,52.63,8.05,3.33,1.32,4.34,45.59,175.32,3.65,2.08,44.68,67.05
P093,Needs Improvement,751.33,320.6,4.78,55.93,50.54,0.86,0.41,3.24,68.54,163.07,6.14,4.66,57.19,69.3
P093,Needs Improvement,240.0,281.35,22.65,48.36,38.84,2.33,1.41,3.99,75.5,234.79,5.76,1.35,68.25,42.2
P093,Needs Improvement,267.86,514.83,1.97,71.66,30.23,1.58,0.7,2.4,61.5,200.83,3.51,3.2,41.8,44.52
P093,Needs Improvement,409.55,246.9,31.22,48.1,11.16,0.41,1.24,5.33,48.99,145.63,6.71,4.83,62.63,47.33
P093,Needs Improvement,491.82,366.41,6.68,49.32,43.72,1.08,0.39,4.7,51.1,198.58,5.23,3.82,69.01,42.73
P094,Needs Improvement,599.17,297.38,10.66,47.22,41.91,0.68,1.34,2.25,57.58,307.73,5.93,4.84,45.83,63.57
P094,Needs Improvement,362.18,161.45,25.75,56.33,69.9,2.62,0.63,3.21,60.77,322.87,4.07,5.82,63.9,63.37
P094,Needs Improvement,355.38,453.66,23.93,54.88,50.14,1.39,0.88,6.85,62.87,356.03,7.29,4.11,53.25,56.43
P094,Needs Improvement,609.78,545.73,7.17,60.04,8.32,1.45,1.3,5.51,65.66,294.74,1.87,5.26,41.39,63.96
P094,Needs Improvement,538.31,380.15,28.43,55.58,48.04,0.3,0.81,5.15,60.01,339.6,4.11,2.49,65.58,54.13
P094,Needs Improvement,685.89,425.34,20.22,70.32,61.72,0.89,0.31,3.02,66.53,287.07,4.73,2.74,77.32,40.02
P094,Needs Improvement,1035.37,365.13,23.94,66.38,70.39,1.08,1.05,5.86,47.05,316.63,6.96,3.24,53.17,68.13
P094,Needs Improvement,565.18,428.52,7.22,55.84,61.94,1.99,0.54,6.67,66.12,337.6,5.82,4.14,57.07,59.58
P094,Needs Improvement,367.5,187.0,11.8,51.34,12.7,3.46,0.28,6.93,51.14,176.74,4.6,2.28,52.68,51.61
P094,Needs Improvement,574.7,209.97,3.58,53.09,33.73,1.81,0.91,1.67,47.9,278.81,6.28,3.04,65.39,56.54
P094,Needs Improvement,735.82,574.61,1.16,75.69,37.17,2.86,0.17,2.82,74.38,197.85,3.77,2.95,45.23,39.98
P094,Needs Improvement,1031.83,239.18,24.99,56.6,19.78,3.17,0.81,3.98,50.46,242.34,6.1,3.22,37.01,50.47
P094,Needs Improvement,763.96,529.57,22.38,59.24,0.66,0.42,1.55,2.68,49.48,217.0,1.52,4.34,77.9,63.05
P094,Needs Improvement,697.74,345.56,3.75,66.96,15.31,1.84,0.18,7.3,57.41,245.86,4.18,6.62,55.59,64.84
P094,Needs Improvement,750.67,386.94,4.54,49.76,66.18,0.96,0.8,6.36,52.71,173.27,1.53,5.72,63.6,64.08
P094,Needs Improvement,749.78,447.45,22.95,77.13,57.26,0.46,1.59,2.45,40.15,315.62,3.47,6.45,60.06,50.5
P094,Needs Improvement,547.28,324.4,26.21,76.58,77.71,3.04,0.18,2.35,54.35,340.7,7.04,5.21,45.16,46.37
P094,Needs Improvement,685.27,453.03,27.66,59.15,8.59,3.4,1.1,3.12,60.74,269.46,6.85,5.37,48.25,65.82
P094,Needs Improvement,1072.98,577.93,31.02,58.37,16.77,0.56,1.41,5.08,47.38,250.87,2.55,7.54,59.16,61.84
P094,Needs Improvement,1053.69,357.0,5.45,50.15,17.65,2.61,0.58,6.96,42.87,201.79,3.42,4.14,52.51,68.46
P094,Needs Improvement,953.18,374.86,18.32,63.38,32.01,3.64,1.09,4.3,61.85,256.57,5.16,5.39,51.71,55.51
P094,Needs Improvement,699.03,101.43,23.75,57.52,2.32,2.28,0.79,4.02,65.78,364.58,6.82,5.36,45.3,61.01
P094,Needs Improvement,655.75,587.56,26.73,70.54,46.71,2.08,0.26,1.49,46.2,149.41,4.26,4.38,67.82,69.96
P094,Needs Improvement,591.81,526.8,27.54,48.1,49.41,2.64,1.05,5.6,49.16,169.51,2.17,4.03,58.01,49.96
P094,Needs Improvement,356.84,419.25,20.56,52.61,75.04,0.47,0.81,3.7,75.04,235.69,5.53,1.91,61.4,57.43
P094,Needs Improvement,448.17,278.87,7.03,50.04,61.96,1.6,0.88,3.41,68.2,338.13,3.77,6.71,71.43,43.59
P094,Needs Improvement,1067.22,305.47,8.88,48.73,49.68,3.46,0.8,4.29,42.83,154.92,3.41,6.59,51.16,50.19
P094,Needs Improvement,498.84,419.49,24.97,45.32,11.79,3.17,1.33,2.8,69.69,208.21,6.12,7.06,43.2,43.08
P094,Needs Improvement,277.77,616.1,7.09,53.1,49.16,0.31,1.31,5.73,52.41,349.88,6.46,6.47,56.08,51.17
P094,Needs Improvement,930.32,301.83,29.05,61.6,49.23,1.25,0.49,5.74,41.65,214.17,2.5,3.02,39.82,47.08
P094,Needs Improvement,694.61,425.98,16.08,48.33,41.82,3.33,0.69,5.03,43.56,190.46,3.05,3.88,65.37,44.98
P094,Needs Improvement,300.05,288.37,10.94,74.64,65.56,0.19,0.23,6.9,47.15,251.52,4.8,5.95,62.81,63.05
P094,Needs Improvement,462.9,389.54,28.86,46.03,50.6,0.87,0.95,7.05,59.3,286.86,2.82,1.61,48.56,67.47
P094,Needs Improvement,1048.27,109.32,17.35,55.51,30.19,2.02,0.17,1.84,50.23,370.12,5.71,5.23,57.81,74.47
P094,Needs Improvement,691.54,231.97,12.63,75.78,50.07,1.12,0.78,1.44,70.46,178.81,4.45,3.95,69.47,66.87
P094,Needs Improvement,377.86,557.23,13.67,65.28,66.33,0.45,0.39,1.26,46.75,299.08,5.85,7.3,70.66,39.14
P094,Needs Improvement,476.65,276.9,14.62,60.8,63.44,0.88,1.08,1.93,70.49,156.6,5.73,6.91,54.47,50.68
P094,Needs Improvement,594.92,317.98,26.12,68.58,25.49,1.53,0.25,0.78,59.66,330.03,7.03,3.76,50.99,47.71
P094,Needs Improvement,1084.24,493.9,18.28,53.02,36.19,3.34,0.02,3.87,67.8,343.12,4.61,2.11,51.17,67.2
P094,Needs Improvement,434.39,415.79,14.93,49.76,58.81,0.77,0.96,6.4,58.1,315.9,2.17,2.71,51.45,46.68
P094,Needs Improvement,690.47,81.3,28.15,65.37,7.51,2.92,0.0,7.17,69.82,273.0,1.99,3.05,54.74,56.46
P094,Needs Improvement,480.11,125.54,5.83,55.6,73.12,1.02,0.98,6.62,41.31,361.86,6.38,3.02,35.93,60.2
P094,Needs Improvement,430.41,334.42,27.0,64.97,11.29,0.92,0.45,5.84,58.4,272.33,0.83,1.25,58.69,48.6
P094,Needs Improvement,811.6,364.49,4.48,59.44,41.84,1.5,0.9,3.41,52.86,285.22,2.0,2.76,56.36,39.35
P094,Needs Improvement,905.15,514.9,9.19,49.66,61.61,0.52,0.93,3.8,42.14,357.04,5.63,5.65,50.12,51.73
P094,Needs Improvement,962.28,99.81,18.26,44.32,59.44,1.66,1.32,6.46,55.2,321.0,6.65,1.66,38.58,61.85
P094,Needs Improvement,877.76,316.8,9.81,69.29,59.43,2.57,0.31,2.66,41.1,266.65,6.09,2.31,63.82,41.18
P094,Needs Improvement,867.18,601.29,25.65,70.19,31.34,1.46,1.36,3.29,52.58,178.43,1.47,6.89,44.38,60.48
P094,Needs Improvement,1023.17,129.12,2.98,62.24,61.89,3.31,0.53,4.05,64.6,332.49,7.16,4.1,44.18,68.58
P094,Needs Improvement,1075.58,485.39,27.07,69.05,51.13,2.92,1.17,3.18,41.73,178.18,1.48,4.66,64.31,46.41
P094,Needs Improvement,701.91,288.91,14.55,49.17,26.0,1.34,1.49,3.22,52.81,340.97,2.62,3.57,66.56,72.99
P094,Needs Improvement,1029.12,164.03,23.05,53.77,16.26,0.84,0.53,5.97,54.37,190.78,5.86,7.05,51.23,52.8
P094,Needs Improvement,754.3,341.43,1.71,66.09,11.62,1.84,0.24,6.46,70.4,303.46,4.85,5.21,38.15,64.13
P094,Needs Improvement,906.52,615.14,16.46,56.62,22.1,3.1,0.51,1.48,39.9,190.74,7.3,4.92,43.55,53.73
P094,Needs Improvement,471.54,104.26,11.09,69.83,14.13,2.79,0.47,5.7,71.1,349.27,1.18,5.41,66.61,55.31
P094,Needs Improvement,835.64,430.68,15.91,45.03,58.23,2.83,0.21,3.27,49.68,292.38,7.49,3.45,44.44,55.55
P094,Needs Improvement,867.18,393.76,14.79,60.25,41.76,2.71,0.58,7.18,61.44,166.77,5.12,1.41,68.93,62.89
P094,Needs Improvement,969.22,500.41,23.95,47.25,39.09,0.17,1.17,4.98,43.62,243.3,1.93,4.37,66.03,49.97
P094,Needs Improvement,545.7,238.68,24.62,51.97,35.17,2.49,0.69,5.49,60.47,376.24,6.63,1.75,61.11,52.92
P094,Needs Improvement,962.33,496.93,24.69,44.68,72.8,2.25,0.92,5.97,48.72,267.36,7.42,5.75,70.49,52.54
P094,Needs Improvement,709.69,276.25,25.7,70.17,65.07,3.67,0.99,4.69,69.62,267.84,6.32,4.2,63.51,40.76
P094,Needs Improvement,1085.35,228.69,10.95,51.4,30.36,2.38,1.32,5.05,59.51,232.17,5.19,4.55,36.35,65.37
P094,Needs Improvement,909.14,125.83,20.32,72.51,27.75,3.0,0.99,1.54,69.66,295.87,2.4,3.93,62.33,44.8
P094,Needs Improvement,885.53,373.41,25.04,63.02,39.7,0.42,1.26,4.8,54.35,256.97,5.99,5.93,56.89,77.67
P094,Needs Improvement,450.24,599.33,13.53,68.32,1.15,0.88,0.46,3.21,38.41,194.45,5.93,6.69,64.23,63.42
P094,Needs Improvement,432.43,450.28,13.98,71.55,57.9,2.81,0.47,6.07,54.67,182.64,4.12,7.02,75.44,38.87
P094,Needs Improvement,628.44,432.36,25.92,77.73,33.9,0.36,1.17,3.51,43.77,308.4,4.9,5.03,67.37,59.01
P094,Needs Improvement,860.75,181.03,12.11,72.24,57.55,3.14,0.91,6.91,69.24,183.3,6.38,1.76,67.9,40.5
P094,Needs Improvement,317.71,327.24,19.95,52.78,29.26,1.86,0.45,7.31,57.32,318.56,3.76,1.15,60.75,39.47
P094,Needs Improvement,494.15,259.16,4.91,63.97,13.27,1.93,1.08,0.99,66.44,202.52,2.95,2.04,60.63,71.81
P094,Needs Improvement,851.36,282.24,3.68,75.46,53.76,2.46,1.28,5.27,62.45,245.71,2.32,4.18,45.4,49.86
P094,Needs Improvement,352.54,103.19,12.4,52.08,2.44,0.46,0.1,6.65,41.73,277.86,0.77,1.46,49.42,45.31
P094,Needs Improvement,794.22,312.41,28.87,73.48,71.52,3.44,0.49,3.61,75.26,258.31,3.1,6.6,37.87,42.44
P094,Needs Improvement,829.09,570.77,10.34,47.36,74.62,3.29,1.47,2.83,74.91,174.1,3.47,6.2,49.09,69.41
P094,Needs Improvement,242.2,390.38,8.97,61.61,10.38,2.8,0.78,3.64,66.46,243.46,7.26,5.44,65.4,68.64
P094,Needs Improvement,1045.3,488.63,17.05,57.17,28.26,0.09,0.57,4.06,43.88,245.01,6.44,6.25,69.27,36.82
P094,Needs Improvement,662.25,459.48,13.78,49.93,37.48,1.75,0.12,4.28,41.23,293.7,4.74,2.23,37.77,72.01
P094,Needs Improvement,353.63,241.93,9.27,52.65,30.7,1.26,0.41,3.26,39.29,216.27,6.25,4.5,62.8,44.1
P094,Needs Improvement,989.41,309.3,23.78,67.07,8.21,1.81,0.37,3.46,71.02,352.28,1.15,3.43,62.32,61.83
P094,Needs Improvement,386.62,150.02,14.95,57.44,19.77,1.4,0.19,1.52,46.39,246.29,4.05,4.38,42.68,70.6
P094,Needs Improvement,823.6,99.76,11.57,74.83,44.24,0.56,1.2,7.57,51.37,300.47,4.94,3.27,76.39,65.23
P094,Needs Improvement,669.69,260.9,3.88,59.46,23.97,3.28,1.3,2.79,56.52,208.05,1.88,2.56,54.85,67.92
P094,Needs Improvement,908.52,217.47,15.98,73.01,23.7,0.69,1.11,1.76,77.48,353.35,1.6,5.64,40.71,48.43
P094,Needs Improvement,297.22,284.32,19.89,74.66,28.02,2.41,0.91,1.69,59.0,151.02,4.99,1.97,58.1,53.24
P094,Needs Improvement,376.75,306.34,24.4,66.9,55.36,2.71,0.4,4.04,62.22,288.67,1.82,6.08,51.21,61.25
P094,Needs Improvement,990.19,157.98,2.64,66.87,8.32,2.01,0.34,4.75,53.22,172.08,4.16,7.32,66.95,40.29
P094,Needs Improvement,1054.45,503.8,19.85,75.93,16.24,1.56,1.03,2.48,53.56,345.26,1.21,1.86,69.46,41.2
P094,Needs Improvement,303.28,563.81,11.1,52.73,22.71,1.58,0.18,5.91,69.98,385.85,4.94,6.34,44.38,74.89
P094,Needs Improvement,878.29,609.83,17.31,47.44,33.38,1.3,1.24,5.33,74.27,289.83,2.57,6.06,59.33,49.28
P094,Needs Improvement,1025.95,359.67,24.04,45.72,51.44,2.45,0.73,2.63,57.97,330.37,1.71,2.47,62.39,37.23
P094,Needs Improvement,280.94,465.56,23.33,51.22,54.45,2.85,0.74,4.17,45.4,261.76,0.98,2.19,65.97,44.71
P094,Needs Improvement,710.95,537.3,17.42,61.69,58.49,0.28,0.99,4.37,64.26,272.45,3.38,6.93,37.02,59.93
P094,Needs Improvement,924.54,119.36,31.18,47.52,36.65,2.24,1.39,0.9,55.36,287.0,6.22,2.82,45.45,51.68
P094,Needs Improvement,504.63,118.99,22.41,51.1,1.32,0.39,0.96,2.31,56.98,203.48,2.75,7.44,76.87,62.32
P094,Needs Improvement,733.7,488.54,25.43,77.58,41.85,2.06,1.4,4.64,66.87,314.25,5.27,0.93,60.21,36.75
P094,Needs Improvement,624.23,536.98,8.3,68.1,62.09,2.26,1.51,3.52,58.82,240.79,3.57,6.58,78.19,50.69
P094,Needs Improvement,732.14,592.73,9.84,55.43,26.79,2.94,0.76,2.96,79.13,359.04,1.8,1.21,74.22,42.46
P094,Needs Improvement,446.06,145.18,29.74,66.11,26.2,2.6,0.98,1.2,51.92,271.75,5.95,6.71,70.82,39.15
P094,Needs Improvement,363.89,116.21,10.53,54.72,6.82,1.17,0.48,2.47,38.17,274.8,7.53,5.23,48.88,63.19
P094,Needs Improvement,254.74,373.73,18.7,57.1,11.33,2.93,1.07,5.82,38.49,317.25,6.1,2.2,38.47,75.65
P095,Very Good,810.0,369.78,15.66,83.05,64.67,2.86,0.47,3.13,77.38,277.42,8.89,6.49,97.17,72.77
P095,Very Good,435.12,183.31,25.78,104.35,39.92,1.44,0.62,9.51,85.61,275.94,5.36,4.43,93.92,100.12
P095,Very Good,1305.4,446.1,41.68,85.28,95.46,3.43,0.81,5.81,76.03,233.8,6.18,4.81,78.38,61.03
P095,Very Good,1563.4,775.93,12.59,72.03,71.5,3.89,2.12,1.87,89.98,291.1,3.37,3.75,82.31,90.98
P095,Very Good,1533.17,705.35,12.26,89.58,4.26,3.64,1.74,4.89,98.88,253.28,3.45,3.75,99.46,64.06
P095,Very Good,1095.93,476.17,25.23,102.04,75.43,3.92,1.98,7.4,60.0,374.43,7.8,1.1,80.8,101.43
P095,Very Good,819.25,517.86,30.79,87.04,57.37,3.05,0.78,8.2,84.64,342.15,2.5,5.09,98.86,68.93
P095,Very Good,861.99,576.8,23.28,97.92,9.81,1.22,1.97,3.48,87.5,452.31,7.98,6.53,101.85,57.79
P095,Very Good,626.95,355.84,22.5,77.33,61.0,4.24,1.49,2.8,97.95,411.61,3.82,6.91,83.64,60.45
P095,Very Good,350.04,558.15,32.43,69.51,103.97,2.35,1.92,3.53,86.06,508.5,10.43,8.97,80.17,78.37
P095,Very Good,819.22,533.96,34.55,67.17,46.93,0.25,0.0,8.08,55.92,410.09,5.26,8.58,87.86,101.74
P095,Very Good,1008.68,263.03,15.98,66.75,8.72,0.87,2.02,5.04,90.2,527.54,8.4,2.01,105.62,84.54
P095,Very Good,910.01,588.59,13.44,70.3,7.66,1.45,0.44,9.67,73.49,341.78,4.13,5.74,82.11,65.08
P095,Very Good,577.86,349.76,7.81,99.89,42.0,4.37,0.87,10.72,99.25,411.14,1.58,10.28,78.33,84.14
P095,Very Good,1622.15,690.48,5.31,77.86,90.37,3.06,1.16,4.75,74.25,296.25,10.03,10.3,103.06,68.06
P095,Very Good,1085.64,726.67,25.74,86.68,100.61,2.2,2.03,3.4,94.1,364.92,7.72,3.57,94.73,75.1
P095,Very Good,692.34,592.8,1.2,66.07,68.43,2.32,0.9,9.38,85.35,408.87,1.46,6.19,69.35,95.04
P095,Very Good,634.23,520.24,10.98,83.39,28.19,2.08,1.86,2.65,102.54,444.53,6.17,7.69,63.11,99.83
P095,Very Good,1444.62,415.18,31.76,101.5,80.8,4.08,1.48,7.58,84.41,312.32,5.61,7.33,107.32,98.3
P095,Very Good,1058.46,614.37,20.96,75.36,91.78,2.58,1.7,9.06,92.65,433.34,7.92,6.9,67.95,63.71
P095,Very Good,1022.24,727.28,6.62,94.44,80.8,4.51,0.23,7.65,96.57,269.45,5.83,3.17,91.63,84.53
P095,Very Good,1394.89,456.8,5.35,82.35,64.37,5.07,0.71,1.52,54.24,366.7,8.11,6.68,80.18,64.23
P095,Very Good,305.85,810.57,5.92,76.26,87.98,4.46,0.25,8.11,56.53,334.61,2.43,7.28,59.43,56.06
P095,Very Good,1069.88,437.37,29.67,101.41,3.27,4.72,1.09,9.2,87.71,216.27,3.37,9.79,98.67,85.5
P095,Very Good,1217.62,588.84,22.04,90.86,5.37,2.82,0.98,6.26,55.37,326.94,3.71,9.33,94.18,56.89
P095,Very Good,1085.18,356.29,39.35,105.65,6.78,3.45,0.72,4.68,79.58,222.13,2.65,2.22,88.94,70.61
P095,Very Good,1395.81,838.57,21.34,87.85,88.55,1.8,0.8,6.63,56.83,344.4,1.2,1.12,97.8,90.6
P095,Very Good,1357.79,499.85,33.78,67.74,13.87,3.48,0.73,4.9,65.68,450.6,2.98,2.43,100.76,86.38
P095,Very Good,1100.1,141.04,26.1,63.44,8.6,0.32,0.02,8.36,94.9,494.06,9.12,9.94,78.97,53.44
P095,Very Good,1345.36,613.15,33.85,78.86,5.97,2.68,0.96,2.85,62.34,525.73,8.89,4.0,97.05,55.88
P095,Very Good,1539.24,604.21,41.75,67.61,5.93,4.02,1.55,8.99,86.31,399.1,6.15,8.04,68.92,90.29
P095,Very Good,908.69,789.81,42.17,90.55,23.28,1.6,2.07,8.44,68.74,289.73,1.2,9.45,68.96,87.14
P095,Very Good,1102.66,502.3,1.78,70.82,43.28,1.3,1.93,3.33,58.58,426.69,2.5,5.25,58.25,60.35
P095,Very Good,344.24,324.24,24.32,90.8,47.53,2.19,2.02,2.3,100.56,302.33,4.96,9.28,50.75,100.11
P095,Very Good,1272.32,491.12,17.13,72.1,9.31,4.0,0.3,5.26,87.13,386.76,4.98,9.48,73.0,66.94
P095,Very Good,1551.15,350.94,22.94,79.96,87.97,1.29,0.52,4.29,92.84,449.87,3.33,6.1,65.44,99.14
P095,Very Good,314.94,232.12,18.94,85.29,14.22,0.38,1.75,9.25,85.39,389.71,6.77,9.45,92.88,104.49
P095,Very Good,663.03,511.94,23.89,93.68,37.86,0.41,1.35,6.35,98.76,498.53,10.76,10.57,64.06,84.57
P095,Very Good,580.48,157.07,38.61,99.45,19.53,2.66,1.37,10.55,67.89,376.67,3.15,7.0,93.01,85.54
P095,Very Good,1404.86,532.92,3.22,91.11,65.69,2.2,1.54,4.44,79.13,524.77,6.46,7.26,85.94,62.73
P095,Very Good,924.18,174.54,35.26,78.38,26.32,1.83,0.72,3.21,100.11,261.71,2.86,2.17,76.35,83.76
P095,Very Good,824.26,561.5,24.93,77.55,27.59,3.1,1.33,2.65,83.2,230.59,5.96,1.44,56.48,89.46
P095,Very Good,858.64,471.43,8.89,69.42,28.23,1.88,1.08,6.15,61.16,358.08,5.64,10.35,63.47,103.48
P095,Very Good,807.1,473.05,35.59,71.33,58.23,1.92,1.21,2.38,90.08,452.89,4.92,1.5,65.1,109.13
P095,Very Good,1181.54,803.88,25.3,87.65,15.96,3.61,2.08,1.7,82.26,268.92,10.27,4.8,89.08,61.73
P095,Very Good,1016.18,786.65,29.08,86.18,57.94,3.5,0.67,8.39,74.31,515.38,8.01,3.95,86.4,97.36
P095,Very Good,811.04,522.24,8.05,79.51,49.69,1.19,0.38,4.65,86.75,403.61,3.81,7.86,72.76,66.57
P095,Very Good,1363.08,175.78,4.21,95.34,62.33,0.05,1.48,3.92,61.77,456.47,9.37,5.4,96.11,57.73
P095,Very Good,991.41,251.32,11.6,72.13,17.57,4.06,1.59,3.73,60.27,416.2,10.38,7.26,58.09,81.77
P095,Very Good,561.29,180.51,5.33,81.46,62.46,3.15,0.41,3.11,78.98,288.9,4.85,9.2,90.91,91.43
P095,Very Good,1099.79,166.33,40.0,95.1,71.68,5.12,1.1,10.56,96.58,329.39,5.25,2.81,97.99,50.92
P095,Very Good,906.5,287.11,3.99,82.53,66.87,3.82,0.01,7.2,51.57,386.75,8.35,9.64,88.94,76.67
P095,Very Good,463.38,801.78,27.66,95.37,55.93,1.87,1.58,5.79,103.01,338.6,5.35,2.47,60.56,57.45
P095,Very Good,510.52,759.46,24.94,66.01,86.95,3.34,0.11,5.16,99.6,443.13,4.73,1.06,72.19,60.38
P095,Very Good,1393.87,701.4,13.06,95.71,81.29,0.9,0.58,2.73,107.18,509.93,10.13,1.45,98.06,81.61
P095,Very Good,1160.4,842.77,40.63,93.27,26.59,1.47,0.19,5.61,75.31,314.35,5.9,2.11,58.51,88.8
P095,Very Good,741.2,131.08,37.31,71.58,16.24,0.9,1.21,2.72,68.13,352.28,2.23,7.77,61.63,56.18
P095,Very Good,1501.83,309.55,22.41,94.37,46.07,2.66,1.26,2.76,57.24,513.09,1.59,6.25,106.53,55.0
P095,Very Good,523.16,294.42,34.31,102.78,69.11,0.17,0.84,7.95,57.31,295.59,1.62,3.37,89.29,104.15
P095,Very Good,661.15,376.41,15.27,94.71,73.86,2.47,0.16,9.83,57.69,463.33,3.27,5.14,91.14,84.84
P095,Very Good,1181.53,120.96,37.74,83.28,52.28,3.92,1.8,5.53,67.48,444.96,3.83,1.43,86.54,59.48
P095,Very Good,1519.94,775.35,33.91,78.76,20.32,4.66,1.18,3.61,73.82,288.31,7.05,2.36,51.72,76.29
P095,Very Good,1447.12,578.28,39.69,89.4,57.11,4.74,1.9,10.42,79.53,529.92,10.18,4.34,90.52,92.15
P095,Very Good,665.83,552.19,19.83,80.31,44.0,4.9,1.24,7.77,104.83,447.82,5.19,10.34,68.43,57.31
P095,Very Good,947.49,237.13,19.09,78.42,26.46,3.23,1.11,7.6,62.84,404.25,10.98,1.94,55.88,55.04
P095,Very Good,364.22,431.94,34.36,74.65,95.34,2.74,2.01,9.59,56.93,400.34,7.93,4.62,86.01,101.25
P095,Very Good,972.21,598.67,29.01,72.9,64.44,4.34,1.74,2.35,67.16,428.14,8.0,5.91,54.95,75.54
P095,Very Good,1065.64,239.76,7.47,78.67,98.14,0.52,0.77,3.39,62.73,327.62,4.85,9.26,52.99,108.89
P095,Very Good,863.71,636.6,7.84,92.83,45.92,2.68,1.08,7.74,67.79,431.37,3.26,3.05,60.82,78.46
P095,Very Good,758.61,271.77,40.47,73.1,41.27,1.1,1.36,8.23,93.26,287.76,5.51,5.94,78.29,85.36
P095,Very Good,799.28,369.67,12.76,83.75,38.37,2.71,1.61,9.37,93.53,510.24,8.68,8.42,85.92,69.99
P095,Very Good,1344.76,643.22,6.78,83.76,95.78,0.31,1.82,2.94,79.14,424.18,7.31,7.36,91.01,100.53
P095,Very Good,473.33,433.76,38.22,64.83,50.49,1.96,1.43,6.91,93.92,422.66,3.63,8.49,76.74,82.28
P095,Very Good,751.38,320.89,12.91,86.4,73.81,1.36,2.08,10.8,71.67,269.62,4.84,9.41,84.11,67.07
P095,Very Good,520.85,725.18,40.41,80.26,73.95,3.3,0.89,1.38,52.43,250.1,2.72,9.55,88.23,97.42
P095,Very Good,654.08,501.68,2.5,91.1,21.95,5.32,0.81,10.14,91.68,233.9,7.58,6.41,65.37,56.17
P095,Very Good,1044.96,131.64,24.84,76.47,1.25,3.26,1.1,9.9,81.02,431.24,5.92,3.06,91.82,88.52
P095,Very Good,1284.61,508.67,29.73,103.23,36.37,1.64,1.93,9.25,90.2,393.0,8.69,2.76,63.04,61.7
P095,Very Good,1601.95,146.96,39.53,83.25,76.81,2.08,0.02,3.09,97.39,418.48,2.15,10.15,70.21,68.86
P095,Very Good,1093.48,284.75,25.81,75.18,40.97,3.24,1.64,9.0,74.05,312.36,4.43,5.82,87.01,82.62
P095,Very Good,802.47,594.83,30.16,78.51,8.22,0.7,1.72,9.0,56.68,361.13,2.25,4.9,69.88,76.19
P095,Very Good,1549.71,488.45,9.35,75.99,21.88,0.47,0.77,2.19,91.25,294.35,9.4,10.09,90.64,105.36
P095,Very Good,380.48,330.39,28.87,76.79,33.96,3.63,1.35,3.86,106.56,407.12,7.4,4.18,55.13,66.76
P095,Very Good,666.34,161.05,3.55,94.76,41.28,1.19,0.59,7.19,73.32,251.28,9.55,2.59,69.22,97.68
P095,Very Good,1436.95,143.31,19.24,75.06,69.79,1.5,1.17,8.54,90.3,321.13,3.52,9.34,82.66,88.62
P095,Very Good,752.37,218.0,23.88,102.63,27.7,2.07,1.73,3.15,68.16,306.53,6.09,7.03,85.69,75.98
P095,Very Good,1608.61,341.72,20.69,102.45,34.38,3.31,1.02,2.64,69.18,310.87,4.9,6.75,87.47,68.51
P095,Very Good,1091.02,313.56,11.84,76.78,53.92,2.48,1.21,4.1,52.9,469.24,2.18,3.5,102.37,81.99
P095,Very Good,959.08,195.39,34.58,76.36,57.4,1.72,0.38,5.8,87.54,467.18,5.49,5.78,89.02,75.54
P095,Very Good,578.54,237.77,5.54,93.14,30.02,4.05,1.01,2.17,57.86,345.02,4.57,2.74,75.45,97.11
P095,Very Good,1542.39,595.74,36.8,102.87,79.5,0.57,0.62,3.42,81.41,258.24,9.02,4.62,102.76,95.82
P095,Very Good,1370.88,527.19,1.57,94.58,81.38,0.33,1.01,8.55,100.06,250.32,2.67,8.14,95.95,81.26
P095,Very Good,1102.19,599.51,36.85,77.16,41.15,3.12,0.11,10.77,66.59,330.45,7.67,8.14,102.62,77.57
P095,Very Good,1327.99,156.47,8.56,94.15,45.31,2.27,1.97,3.61,99.0,218.12,4.23,8.51,84.95,88.3
P095,Very Good,640.78,488.94,34.9,90.99,100.09,2.97,0.73,5.14,56.41,225.09,6.55,9.81,94.31,58.17
P095,Very Good,421.46,124.56,38.65,73.02,106.43,2.24,0.91,9.98,97.88,322.27,4.49,5.82,86.14,72.32
P095,Very Good,1379.49,766.05,20.8,75.39,4.24,1.1,1.83,5.58,72.44,302.8,9.04,9.54,93.8,59.85
P095,Very Good,1526.26,846.84,15.26,66.87,28.93,4.27,0.15,1.98,95.62,304.2,5.54,7.63,103.74,63.58
P095,Very Good,1098.88,680.95,14.06,68.74,74.73,1.14,1.69,4.89,79.16,306.67,3.2,3.69,92.22,65.8
P095,Very Good,887.79,820.02,3.64,69.72,50.01,0.53,1.87,9.54,83.06,488.77,1.08,1.48,108.32,97.98
P096,OK,1187.92,481.18,24.39,54.64,1.03,2.16,0.45,3.87,67.33,203.18,4.38,4.27,81.95,52.71
P096,OK,534.79,120.49,21.32,76.93,26.71,3.14,0.58,1.2,66.93,397.13,7.68,1.53,70.53,81.75
P096,OK,671.67,207.45,33.27,80.29,5.81,1.57,1.1,2.91,86.4,329.12,3.31,3.67,55.26,62.69
P096,OK,314.82,694.41,29.39,61.12,55.95,2.54,0.37,1.24,46.26,218.37,6.65,7.37,72.19,80.88
P096,OK,316.86,205.21,11.62,66.5,54.64,2.82,0.32,3.82,57.54,422.05,1.11,8.13,56.58,51.72
P096,OK,1202.09,470.8,25.89,71.36,81.56,4.4,1.08,6.84,66.62,335.62,4.12,5.77,49.29,80.35
P096,OK,1108.77,642.89,31.65,68.77,33.35,2.34,0.14,1.32,73.85,387.1,6.86,6.65,46.09,57.25
P096,OK,748.41,366.99,2.66,65.87,37.62,3.05,0.0,2.53,53.24,330.45,7.65,8.13,59.71,45.96
P096,OK,279.24,391.05,26.45,63.39,50.42,3.39,1.54,4.16,72.3,192.19,2.53,4.68,42.76,46.15
P096,OK,550.19,602.16,0.9,69.21,6.17,2.28,0.57,4.48,84.42,228.23,7.07,4.65,75.63,81.52
P096,OK,489.61,232.29,30.17,84.87,80.64,1.62,0.87,3.16,59.86,215.8,3.09,1.64,69.66,79.03
P096,OK,863.69,317.48,11.39,80.65,47.2,4.0,0.75,1.93,63.17,177.53,7.86,5.26,44.69,59.21
P096,OK,324.0,263.42,3.37,71.18,72.8,1.49,0.28,7.81,58.98,311.66,3.06,7.03,78.65,53.57
P096,OK,374.26,250.03,6.39,65.89,23.47,0.52,0.85,7.3,57.12,343.8,6.9,7.97,44.62,52.74
P096,OK,694.52,315.0,11.37,70.14,51.54,2.03,1.58,3.26,47.73,328.37,6.57,5.19,63.22,42.0
P096,OK,1056.74,567.07,27.74,54.04,76.69,1.58,0.79,5.1,82.75,187.44,8.52,3.94,49.91,49.36
P096,OK,1190.47,121.87,20.73,67.36,52.67,2.79,0.06,1.81,54.31,345.74,5.92,3.34,70.92,80.42
P096,OK,887.22,675.81,30.01,62.16,5.75,4.1,1.39,7.37,50.33,308.6,4.54,2.5,51.42,67.95
P096,OK,1154.91,411.5,20.43,73.86,87.34,2.07,0.24,5.48,69.82,244.3,7.58,4.82,46.72,40.96
P096,OK,655.66,344.68,16.96,56.93,48.66,1.78,1.01,4.26,79.54,228.0,3.89,1.16,86.53,64.56
P096,OK,345.01,240.97,17.04,81.05,9.56,4.27,1.17,5.18,60.84,167.08,1.92,2.29,60.26,58.43
P096,OK,1048.47,508.94,15.38,78.91,76.43,1.15,1.33,6.18,54.73,350.26,4.85,3.33,42.0,71.99
P096,OK,493.71,510.43,18.28,53.72,62.42,3.07,0.23,5.9,43.2,281.2,2.05,2.85,63.15,48.26
P096,OK,1053.69,295.13,10.02,55.35,49.22,3.86,0.1,3.72,61.45,212.37,3.47,1.27,70.57,66.14
P096,OK,861.6,286.77,23.0,52.36,0.83,3.34,0.22,3.32,45.55,295.34,6.2,6.65,69.59,55.11
P096,OK,356.31,341.06,16.99,77.13,20.35,3.91,0.49,4.67,55.66,198.93,6.22,3.16,76.76,70.62
P096,OK,1077.57,322.06,28.86,50.17,24.37,2.89,1.58,7.49,85.72,207.22,6.79,3.11,86.09,46.33
P096,OK,561.04,429.48,11.12,55.19,18.86,1.53,0.58,1.67,48.76,330.76,2.15,3.5,74.26,83.12
P096,OK,581.53,644.5,18.59,84.74,43.46,2.62,0.12,3.16,62.9,315.32,3.19,8.26,63.28,77.53
P096,OK,1077.93,189.87,18.35,72.93,25.84,1.3,1.28,5.68,47.08,427.23,1.03,4.82,55.68,65.31
P096,OK,727.76,429.34,14.18,66.55,44.4,3.07,0.45,4.32,46.11,335.85,5.1,1.45,52.39,82.02
P096,OK,396.35,125.82,21.95,59.19,17.69,2.52,1.51,6.55,53.8,292.06,7.68,4.48,68.24,68.47
P096,OK,328.72,482.59,9.38,64.07,36.53,3.78,0.21,3.39,45.8,255.37,8.24,1.39,58.73,55.44
P096,OK,451.8,581.02,9.66,85.46,52.43,1.47,1.59,4.02,82.82,236.75,7.19,7.76,40.32,48.34
P096,OK,912.59,219.15,29.94,55.88,1.89,3.01,0.53,7.49,70.78,397.71,4.8,1.7,77.2,61.05
P096,OK,676.51,509.3,29.46,80.35,49.59,4.23,1.35,2.24,83.3,398.99,1.31,2.38,42.37,88.66
P096,OK,499.5,359.34,32.13,69.93,21.17,1.11,0.25,2.25,51.84,324.29,5.51,4.35,74.94,43.12
P096,OK,1234.46,422.93,12.63,70.78,23.72,2.49,1.61,5.82,65.27,293.97,7.95,5.5,45.62,54.3
P096,OK,406.01,212.36,32.24,64.88,39.04,1.19,0.32,7.99,71.79,366.84,5.71,1.85,48.54,63.6
P096,OK,321.82,686.86,9.56,58.49,78.97,0.36,1.62,8.13,75.04,326.19,6.46,7.42,52.64,72.98
P096,OK,1042.95,301.24,25.22,68.95,75.28,2.93,0.31,4.2,76.88,292.27,1.43,2.59,49.91,40.51
P096,OK,853.63,288.72,16.23,79.94,18.84,1.03,0.35,3.33,66.84,273.9,2.14,5.41,78.56,70.77
P096,OK,1166.19,530.43,5.4,60.62,24.42,0.93,1.57,5.11,61.76,290.34,3.29,1.01,83.57,82.49
P096,OK,737.11,164.86,32.99,57.35,54.16,1.72,0.83,4.97,65.18,182.89,1.17,3.26,46.19,50.5
P096,OK,1239.02,91.35,12.77,75.51,0.93,4.02,0.15,8.0,49.65,428.58,5.59,2.98,74.82,62.06
P096,OK,709.51,355.11,21.62,62.61,88.17,2.19,0.08,0.86,83.16,232.61,4.91,6.48,85.98,49.01
P096,OK,1132.09,603.29,6.65,51.45,42.59,1.84,0.2,4.62,57.71,178.94,4.35,5.78,77.28,62.58
P096,OK,327.86,187.84,20.26,77.35,19.04,0.94,0.81,2.55,78.04,178.62,7.59,5.29,48.19,82.8
P096,OK,430.1,420.67,16.44,59.71,40.44,1.51,1.63,4.58,82.25,403.21,6.96,5.52,58.54,70.6
P096,OK,908.35,188.38,19.73,63.6,48.72,4.01,1.03,1.79,47.14,427.78,5.78,3.67,57.06,49.05
P096,OK,1257.08,254.11,10.25,61.96,37.41,1.28,0.04,7.02,61.86,368.38,6.06,3.63,77.37,73.25
P096,OK,841.69,321.26,12.7,50.6,36.25,3.07,0.76,8.61,44.75,207.2,4.62,4.56,77.93,44.92
P096,OK,699.31,384.36,21.72,69.24,1.54,0.68,0.2,7.59,52.1,346.02,3.35,4.67,52.55,72.82
P096,OK,368.76,453.13,18.5,81.91,28.85,3.26,0.1,1.2,87.7,234.4,1.01,3.23,77.66,72.88
P096,OK,692.6,447.26,21.77,61.56,53.69,3.35,0.03,7.02,58.06,206.42,3.82,7.65,55.2,56.46
P096,OK,705.34,357.47,15.49,61.44,70.29,4.03,1.27,8.14,47.16,209.22,6.47,8.29,78.48,83.47
P096,OK,328.08,100.26,11.36,80.54,46.56,3.61,0.24,3.08,87.11,346.27,4.35,4.4,74.27,46.74
P096,OK,819.82,254.43,19.51,65.77,42.79,3.0,0.09,0.9,69.33,270.82,6.02,8.25,46.17,72.85
P096,OK,1174.93,457.16,32.38,56.85,32.57,2.06,1.25,4.66,47.71,241.83,2.02,4.41,60.42,68.2
P096,OK,869.78,434.91,19.73,66.28,21.27,4.21,1.2,1.57,61.65,298.46,2.51,1.23,82.66,85.68
P096,OK,1000.51,464.84,4.61,68.89,68.46,1.06,0.34,1.17,52.2,373.29,3.36,4.63,79.41,44.49
P096,OK,914.28,648.39,17.64,62.64,78.0,0.69,0.32,7.32,49.12,232.87,2.06,6.13,42.65,54.09
P096,OK,1287.46,285.01,11.85,77.69,39.89,1.3,0.82,2.03,47.88,203.97,6.61,3.73,67.76,71.59
P096,OK,590.11,259.29,4.16,68.93,74.91,0.65,0.21,1.49,71.21,316.29,1.16,6.41,76.8,70.08
P096,OK,360.21,213.07,20.18,82.5,77.43,1.98,1.3,7.79,74.52,249.5,5.38,4.01,79.89,50.78
P096,OK,497.65,269.72,15.69,67.28,6.27,1.93,1.29,6.03,59.38,277.56,6.08,4.65,40.66,63.14
P096,OK,471.72,356.41,2.71,88.61,39.85,2.29,0.34,7.55,66.39,293.25,4.63,6.28,61.57,80.72
P096,OK,755.4,186.21,20.67,55.71,63.05,0.2,1.28,2.97,79.08,314.93,5.37,5.81,88.65,44.14
P096,OK,402.75,352.63,19.77,62.23,55.36,1.46,0.14,6.73,51.4,267.76,2.09,3.67,61.43,84.07
P096,OK,926.62,134.26,21.43,68.4,72.25,1.67,0.84,5.05,66.7,295.01,2.07,4.56,57.16,74.02
P096,OK,1139.47,380.84,14.45,58.14,42.37,2.66,0.6,4.47,46.9,245.4,4.38,4.0,69.63,52.17
P096,OK,1260.46,253.26,18.59,61.5,59.07,3.01,1.39,3.53,42.91,396.19,2.67,8.94,57.71,49.43
P096,OK,730.94,569.38,21.32,63.16,15.09,0.93,0.44,8.03,85.0,260.13,2.07,4.33,42.31,49.56
P096,OK,802.09,601.73,6.24,75.21,70.52,2.37,0.46,1.44,48.01,332.0,2.92,1.49,83.15,43.23
P096,OK,1092.18,129.49,3.65,58.55,70.62,1.12,1.09,8.01,48.93,350.82,2.56,1.85,48.97,62.95
P096,OK,944.27,154.22,31.69,64.47,67.62,2.59,1.22,5.6,46.88,404.13,3.36,6.62,44.14,78.09
P096,OK,781.71,405.75,10.83,53.02,58.99,2.59,1.54,1.85,59.71,345.67,7.99,3.86,80.0,76.17
P096,OK,727.92,214.93,32.08,58.01,2.52,3.64,1.23,7.1,82.79,360.12,1.56,2.97,45.78,46.07
P096,OK,1067.37,197.72,34.74,62.32,51.41,2.35,1.51,6.43,80.28,357.27,3.05,5.26,57.26,70.15
P096,OK,421.92,518.53,1.02,75.6,33.21,0.82,1.34,3.74,44.24,235.11,2.31,3.02,52.13,76.47
P096,OK,602.35,445.23,29.63,85.23,29.33,2.31,0.51,1.3,47.3,220.35,6.51,1.94,73.65,59.96
P096,OK,474.47,607.36,14.23,61.91,41.84,1.86,1.4,5.75,78.99,331.79,2.21,3.93,44.49,80.94
P096,OK,611.31,291.15,27.07,66.92,75.94,3.49,0.89,2.53,44.56,341.73,3.99,3.73,80.7,44.44
P096,OK,409.27,358.41,34.04,67.35,12.71,4.19,0.95,3.65,80.29,368.28,6.81,8.51,77.4,78.87
P096,OK,848.43,193.89,13.15,73.82,56.99,2.32,1.58,2.78,67.17,205.59,1.84,7.34,66.77,61.04
P096,OK,938.89,336.8,25.66,60.89,64.44,0.8,1.09,1.5,50.69,289.65,7.85,2.02,44.08,73.49
P096,OK,365.16,159.68,10.73,82.05,68.2,0.89,1.54,0.96,82.71,281.82,1.96,3.35,64.71,79.37
P096,OK,887.24,659.74,20.56,82.77,15.1,3.44,0.07,4.32,80.66,410.35,1.97,8.36,44.86,72.22
P096,OK,983.12,213.43,21.01,76.08,70.51,4.23,0.81,3.35,45.52,333.05,4.74,7.75,58.22,82.87
P096,OK,1191.03,405.16,30.57,70.56,63.08,1.1,1.57,6.53,68.28,389.36,5.99,4.44,57.16,64.31
P096,OK,945.54,321.12,0.87,58.24,68.67,1.39,0.67,1.09,44.78,175.54,8.09,8.18,47.49,57.61
P096,OK,1147.06,269.47,33.14,69.61,82.65,1.67,0.17,3.36,77.5,252.35,3.21,2.13,74.36,48.37
P096,OK,1167.95,376.49,3.14,80.43,19.25,0.59,0.39,6.38,45.95,220.18,5.72,8.42,45.71,68.2
P096,OK,343.1,629.77,15.46,60.6,18.57,3.94,1.68,2.88,53.39,383.71,4.65,4.6,79.09,63.35
P096,OK,865.25,615.81,5.05,49.77,27.39,0.26,0.25,7.82,46.19,344.55,1.39,7.65,53.97,57.66
P096,OK,972.62,114.36,11.14,71.72,9.67,1.05,1.52,1.9,77.8,211.22,5.31,4.59,64.56,49.98
P096,OK,857.3,359.43,18.44,55.57,19.26,0.43,0.33,2.47,47.76,191.57,2.45,5.96,85.93,54.63
P096,OK,1168.86,664.26,10.5,61.36,58.61,2.64,0.32,3.64,45.4,349.08,5.11,3.36,48.39,76.88
P096,OK,969.71,393.44,26.96,80.12,84.02,0.79,0.73,1.51,81.72,307.01,5.64,8.37,61.62,82.13
P096,OK,973.62,113.03,28.2,75.26,23.68,0.67,0.07,3.55,63.75,187.68,1.01,4.46,82.59,66.01
P097,Needs Improvement,792.26,431.51,16.65,45.86,14.61,1.47,0.21,5.56,61.11,224.05,3.12,6.59,69.15,57.87
P097,Needs Improvement,998.65,547.6,17.97,69.69,55.07,0.71,0.91,5.3,70.29,158.24,0.78,4.5,73.41,56.56
P097,Needs Improvement,642.94,155.7,12.5,50.73,45.11,1.09,0.97,0.75,57.01,217.66,2.36,1.85,61.51,43.09
P097,Needs Improvement,802.76,347.61,4.84,62.76,21.11,1.3,0.23,2.24,38.6,346.77,2.92,6.1,43.4,52.66
P097,Needs Improvement,1064.01,426.52,23.86,76.17,3.56,1.03,1.46,1.68,50.79,167.7,2.19,5.74,43.54,51.64
P097,Needs Improvement,978.64,447.78,18.19,73.72,4.54,1.12,1.5,5.45,52.93,270.84,2.35,2.98,40.01,48.95
P097,Needs Improvement,622.52,570.46,18.16,61.29,1.69,0.69,0.07,3.19,72.3,180.55,5.68,5.28,39.97,58.72
P097,Needs Improvement,383.14,399.96,0.96,47.9,49.51,0.31,0.24,1.1,47.54,144.26,5.44,6.93,44.9,44.05
P097,Needs Improvement,224.72,106.4,10.99,73.25,62.35,2.43,1.55,4.59,56.06,211.37,6.86,2.53,43.9,54.26
P097,Needs Improvement,228.74,482.1,11.75,69.5,75.29,1.15,0.6,5.31,47.76,205.15,3.28,2.69,42.77,59.62
P097,Needs Improvement,458.42,442.17,1.32,51.05,24.11,2.89,1.0,1.25,66.69,235.92,7.04,3.09,69.35,48.84
P097,Needs Improvement,817.99,140.86,1.33,62.13,55.54,2.06,0.09,6.04,59.14,301.37,1.45,5.16,62.33,68.63
P097,Needs Improvement,642.07,360.57,22.88,63.18,65.09,0.85,0.36,2.94,46.56,361.3,2.25,1.37,39.65,61.88
P097,Needs Improvement,643.08,77.86,19.99,51.04,68.7,3.84,0.84,3.05,43.41,238.86,4.65,3.88,61.85,56.92
P097,Needs Improvement,848.78,226.84,12.94,66.55,60.78,3.69,0.86,4.98,39.49,345.58,2.42,5.3,74.53,65.2
P097,Needs Improvement,309.91,219.08,15.48,71.9,45.59,1.2,1.33,2.43,74.61,240.1,5.62,6.44,39.19,63.08
P097,Needs Improvement,500.73,582.13,19.59,68.32,8.96,2.61,0.12,7.0,72.7,264.77,5.2,1.12,65.41,64.51
P097,Needs Improvement,369.52,575.49,14.33,48.5,62.38,3.23,0.4,6.17,57.6,298.25,6.4,4.8,47.45,49.16
P097,Needs Improvement,786.69,427.62,18.4,49.65,66.68,3.29,0.18,7.44,60.38,379.52,6.07,6.71,72.62,67.79
P097,Needs Improvement,252.52,95.03,24.89,67.47,63.56,2.77,0.43,4.56,70.0,275.9,3.87,6.71,68.2,66.3
P097,Needs Improvement,826.43,187.31,3.12,59.51,19.33,0.48,0.33,5.23,60.34,292.44,6.18,3.24,39.16,59.36
P097,Needs Improvement,1032.18,116.07,14.39,50.08,26.88,3.32,0.18,4.87,68.68,308.94,2.16,0.78,44.19,55.01
P097,Needs Improvement,591.79,181.09,24.81,62.9,4.35,2.62,0.65,6.43,62.02,337.12,6.27,1.3,71.23,71.01
P097,Needs Improvement,250.77,427.65,14.94,48.06,15.65,3.08,0.96,1.09,59.11,156.2,3.99,3.13,70.76,72.29
P097,Needs Improvement,479.85,88.92,11.56,75.26,43.92,0.85,0.74,6.06,58.02,207.41,5.68,1.09,41.38,68.59
P097,Needs Improvement,1135.01,415.21,2.51,45.06,18.81,0.05,1.18,0.75,48.62,233.77,1.19,3.27,44.32,44.46
P097,Needs Improvement,497.9,96.8,17.65,60.41,48.46,0.45,1.48,7.26,59.97,279.34,6.45,3.15,71.31,45.6
P097,Needs Improvement,785.57,505.97,21.95,46.85,53.34,1.08,0.94,2.4,55.97,350.3,5.99,5.64,56.39,62.78
P097,Needs Improvement,844.81,469.98,3.18,61.35,56.96,2.69,0.31,2.99,63.66,291.62,5.17,1.21,36.05,61.89
P097,Needs Improvement,870.93,160.89,1.32,63.97,51.64,0.21,0.8,6.98,77.49,290.6,5.38,5.78,45.28,55.2
P097,Needs Improvement,337.9,487.57,8.62,76.77,18.47,1.74,1.34,6.67,46.44,243.38,6.64,5.42,40.9,36.77
P097,Needs Improvement,873.85,491.24,28.78,43.94,7.69,2.06,0.33,1.07,52.18,301.72,7.16,4.28,40.98,49.33
P097,Needs Improvement,682.61,333.03,19.03,47.39,20.7,0.65,0.47,3.7,55.47,248.91,5.16,6.31,53.76,55.37
P097,Needs Improvement,868.82,326.9,15.62,67.05,2.54,3.41,0.38,6.95,54.6,353.93,6.25,3.71,70.97,52.96
P097,Needs Improvement,886.22,79.8,29.67,79.56,68.56,1.81,0.14,6.32,75.6,278.25,3.31,7.04,45.93,70.01
P097,Needs Improvement,979.87,456.03,1.31,58.74,19.31,1.46,0.81,5.11,47.16,357.47,2.09,7.63,51.68,72.6
P097,Needs Improvement,1035.76,155.03,1.63,68.0,74.15,3.25,0.43,5.07,57.04,256.38,0.97,2.76,44.51,48.27
P097,Needs Improvement,507.83,168.7,7.52,46.24,74.99,3.51,0.28,3.87,72.6,255.22,6.3,6.84,39.26,52.98
P097,Needs Improvement,980.67,235.77,17.64,72.0,6.23,3.69,0.23,4.02,60.78,273.28,4.95,4.25,42.32,73.76
P097,Needs Improvement,870.47,433.89,14.62,58.46,4.85,0.31,0.14,6.97,61.26,149.55,3.12,4.05,45.19,56.72
P097,Needs Improvement,658.32,377.64,1.85,66.39,32.25,2.98,1.09,2.99,55.51,302.75,2.29,1.33,41.15,69.73
P097,Needs Improvement,541.72,441.08,24.95,53.18,67.98,2.71,0.46,3.69,43.93,248.1,5.25,5.95,68.77,65.1
P097,Needs Improvement,486.78,140.31,13.79,58.56,28.75,0.1,0.46,5.57,41.69,299.01,4.95,7.03,57.56,61.03
P097,Needs Improvement,1060.66,445.06,17.69,67.51,4.85,1.7,1.2,5.87,73.27,320.42,1.91,7.23,53.09,56.87
P097,Needs Improvement,337.06,331.67,7.54,74.26,30.57,3.2,0.06,6.46,75.34,276.26,4.37,4.0,42.63,75.94
P097,Needs Improvement,543.07,372.91,14.29,56.89,68.85,0.4,1.01,1.95,54.95,221.47,5.37,5.46,41.63,52.22
P097,Needs Improvement,962.81,385.91,2.12,60.79,53.6,0.36,0.48,5.63,38.7,210.19,6.15,1.33,57.03,53.77
P097,Needs Improvement,592.02,346.39,9.63,74.69,57.58,1.27,0.72,4.43,54.54,246.73,6.26,2.39,40.91,56.56
P097,Needs Improvement,568.21,183.23,19.52,63.84,13.1,1.76,1.3,5.36,39.96,168.34,7.12,2.57,62.68,72.91
P097,Needs Improvement,420.43,183.26,27.35,69.17,36.39,2.18,0.04,5.13,50.86,355.68,0.91,2.55,43.94,64.53
P097,Needs Improvement,982.46,132.51,15.5,63.05,61.59,2.55,1.45,1.0,71.08,180.3,2.51,4.59,53.26,50.99
P097,Needs Improvement,438.15,284.08,28.77,47.95,25.94,1.01,0.76,4.01,44.43,183.51,3.8,2.31,39.66,68.52
P097,Needs Improvement,765.11,377.26,19.28,56.23,1.15,0.59,1.1,7.6,64.16,364.04,1.97,4.65,44.68,72.23
P097,Needs Improvement,306.79,179.39,20.75,54.94,58.88,1.07,0.55,2.7,37.47,369.08,0.85,5.67,54.76,55.02
P097,Needs Improvement,333.94,329.51,27.03,62.08,64.82,1.76,1.33,7.37,54.57,283.52,4.43,5.64,59.77,65.64
P097,Needs Improvement,722.69,483.04,23.04,50.59,40.03,1.72,0.55,4.7,44.45,222.48,6.15,5.22,64.89,49.21
P097,Needs Improvement,920.56,341.98,27.83,65.24,45.88,3.73,1.01,4.56,50.14,187.95,7.44,2.51,39.42,72.56
P097,Needs Improvement,226.87,190.17,16.05,57.52,77.74,3.41,1.3,6.16,66.58,252.59,6.13,1.4,45.84,42.61
P097,Needs Improvement,560.55,619.86,26.9,52.47,27.71,2.61,1.33,4.9,62.52,268.28,1.23,4.23,41.93,43.64
P097,Needs Improvement,244.9,239.66,4.32,53.53,19.19,2.18,1.31,6.94,43.31,350.69,3.42,4.95,75.44,38.32
P097,Needs Improvement,332.83,537.11,23.61,53.84,61.13,0.49,0.32,2.43,52.6,262.17,2.46,5.05,57.44,45.17
P097,Needs Improvement,540.47,166.76,30.06,54.45,29.58,2.51,0.18,6.87,73.31,286.51,1.4,6.47,70.09,44.27
P097,Needs Improvement,654.73,259.19,11.72,69.61,29.18,0.99,0.42,5.74,51.06,154.92,5.26,6.48,59.54,68.49
P097,Needs Improvement,245.16,616.41,9.45,67.03,70.08,0.62,0.84,1.26,42.32,213.59,5.06,6.82,39.74,47.53
P097,Needs Improvement,1051.16,207.8,5.85,50.39,44.53,0.88,1.17,4.54,49.51,259.19,0.96,2.03,60.38,68.47
P097,Needs Improvement,337.0,321.41,19.38,52.24,38.17,2.25,0.64,2.07,63.16,220.1,6.02,3.67,69.18,37.26
P097,Needs Improvement,552.91,162.68,8.76,58.68,26.6,0.46,0.42,6.79,73.85,145.16,5.33,6.62,37.14,70.83
P097,Needs Improvement,399.23,302.61,3.28,60.34,62.75,0.19,1.17,5.61,45.48,307.39,5.37,1.03,43.04,41.71
P097,Needs Improvement,495.6,217.95,29.51,45.43,63.32,3.35,1.5,1.35,49.42,195.33,4.16,1.99,42.5,71.9
P097,Needs Improvement,317.88,506.42,6.13,49.77,14.56,3.01,1.04,1.77,38.91,328.38,5.59,7.53,46.74,40.28
P097,Needs Improvement,660.52,465.55,3.18,62.31,36.19,0.42,0.79,2.87,66.44,360.01,1.77,2.07,45.45,68.23
P097,Needs Improvement,651.37,351.49,3.58,63.87,14.16,3.3,1.28,4.92,52.4,317.47,1.87,3.76,58.81,58.46
P097,Needs Improvement,339.41,210.48,28.52,57.36,0.8,2.3,0.56,3.39,44.41,278.16,0.87,7.2,70.12,49.4
P097,Needs Improvement,321.66,510.39,10.04,59.72,11.73,3.03,1.35,5.57,70.12,313.12,4.76,7.22,66.73,60.17
P097,Needs Improvement,454.35,537.6,23.51,68.15,27.31,1.67,0.56,4.98,70.49,161.99,6.91,2.5,71.8,52.87
P097,Needs Improvement,331.42,205.66,28.64,59.56,44.93,1.18,0.28,1.71,55.39,176.24,4.83,3.86,46.27,41.84
P097,Needs Improvement,649.18,244.46,17.78,48.08,51.54,1.56,1.18,1.38,42.52,207.87,6.4,2.26,70.02,66.14
P097,Needs Improvement,407.45,574.68,22.99,71.6,52.5,2.7,1.27,3.29,63.35,242.58,7.34,5.93,42.99,62.96
P097,Needs Improvement,733.45,504.16,11.37,54.45,11.76,0.75,0.67,3.08,37.84,252.69,2.83,2.91,58.65,49.83
P097,Needs Improvement,297.33,538.74,23.57,71.37,65.0,3.14,0.42,5.06,56.08,352.59,3.33,2.12,50.04,38.13
P097,Needs Improvement,398.87,265.56,27.13,63.22,3.26,0.83,0.3,1.86,39.27,249.48,2.57,6.45,66.35,46.59
P097,Needs Improvement,717.8,199.96,15.21,75.01,64.4,0.31,1.42,3.43,51.39,366.4,1.5,0.91,62.54,57.44
P097,Needs Improvement,1048.68,268.29,6.87,65.89,32.84,0.99,0.5,0.99,68.45,358.05,7.77,5.99,63.35,69.83
P097,Needs Improvement,573.02,258.31,21.64,66.02,26.27,0.15,1.44,1.46,56.92,383.65,1.79,3.88,41.24,76.03
P097,Needs Improvement,459.81,298.9,12.15,63.08,42.01,2.06,0.79,2.33,38.11,329.57,3.98,3.84,77.98,69.66
P097,Needs Improvement,1001.98,87.33,20.21,66.5,2.11,3.46,0.58,5.01,48.25,202.7,7.13,4.81,63.35,43.28
P097,Needs Improvement,547.9,129.5,28.89,48.07,76.9,3.45,0.62,6.86,57.56,164.25,2.86,6.56,48.54,48.82
P097,Needs Improvement,621.93,246.45,10.38,62.12,31.7,1.05,1.45,6.3,59.1,327.28,3.48,2.38,41.94,53.27
P097,Needs Improvement,1044.49,520.54,15.22,49.77,19.7,3.54,1.31,7.0,39.19,214.5,7.42,5.3,56.77,64.83
P097,Needs Improvement,956.71,628.77,21.3,71.68,18.65,0.06,0.12,6.48,46.16,234.61,3.55,6.05,37.37,65.35
P097,Needs Improvement,1058.94,420.14,16.21,67.59,69.69,0.85,0.48,3.89,63.54,159.49,3.32,1.75,67.02,41.13
P097,Needs Improvement,386.43,201.93,25.51,61.79,7.82,3.23,0.58,4.72,57.09,196.83,5.03,7.75,65.78,57.94
P097,Needs Improvement,514.75,448.28,6.39,52.09,59.88,3.24,0.39,4.4,39.09,313.83,1.95,6.61,68.26,63.59
P097,Needs Improvement,720.97,310.37,23.21,69.32,10.55,1.59,0.37,0.91,48.23,298.67,1.5,1.83,54.37,57.27
P097,Needs Improvement,418.77,294.31,12.11,65.25,47.82,0.6,0.31,1.84,71.56,362.84,3.66,1.52,40.27,73.13
P097,Needs Improvement,476.1,150.35,15.07,44.97,10.07,3.33,0.13,1.09,79.34,234.57,6.55,6.65,52.37,50.35
P097,Needs Improvement,1134.68,92.45,8.89,63.76,68.04,1.88,1.23,2.99,43.53,294.08,1.13,7.57,44.87,64.15
P097,Needs Improvement,346.19,422.13,12.18,74.81,59.69,3.77,0.21,3.3,56.77,335.05,3.48,6.34,69.52,56.41
P097,Needs Improvement,994.5,367.33,14.22,56.56,7.71,0.15,0.08,5.9,50.15,311.61,5.06,2.86,56.5,61.3
P097,Needs Improvement,907.42,220.86,22.16,73.8,19.88,1.73,1.52,3.17,67.22,303.79,5.54,2.89,42.0,43.27
P098,Very Good,1281.98,177.18,5.5,98.96,95.84,3.21,1.94,4.59,60.15,477.45,5.89,8.48,61.96,99.28
P098,Very Good,665.35,396.08,35.07,90.68,87.7,3.45,1.91,5.98,84.35,460.24,1.54,8.82,105.11,86.49
P098,Very Good,731.52,344.83,8.5,88.93,5.61,1.44,2.12,8.83,74.7,261.89,7.2,8.63,58.26,64.24
P098,Very Good,996.42,305.01,5.51,75.57,69.01,3.24,1.67,3.52,73.33,342.21,6.22,4.47,84.59,101.51
P098,Very Good,601.44,109.87,35.04,76.71,94.54,3.82,0.65,1.11,101.61,385.46,9.34,2.67,93.76,94.56
P098,Very Good,681.36,298.64,24.1,95.13,83.86,0.73,0.21,2.18,67.46,282.42,4.43,2.0,57.44,95.58
P098,Very Good,595.24,418.3,12.81,79.94,91.22,0.11,1.23,9.65,75.78,404.35,5.87,9.49,97.14,106.0
P098,Very Good,1159.17,646.05,35.43,96.67,1.01,2.09,1.65,7.53,89.9,297.54,7.75,1.65,56.99,96.17
P098,Very Good,867.81,565.29,10.23,81.18,66.45,5.0,0.12,9.62,93.9,498.32,8.95,1.43,53.9,79.98
P098,Very Good,1175.63,320.63,30.07,79.71,80.64,4.61,1.55,7.62,55.54,368.66,5.94,3.79,60.86,69.41
P098,Very Good,1188.99,176.19,23.05,91.37,86.85,0.34,0.11,2.76,76.22,350.44,5.51,3.12,66.69,72.63
P098,Very Good,441.61,256.29,32.82,95.33,42.95,0.87,1.73,2.24,95.09,372.79,6.57,3.1,58.68,86.52
P098,Very Good,901.09,176.8,23.81,94.25,67.39,0.97,0.79,7.27,95.89,504.22,10.01,10.0,72.26,73.96
P098,Very Good,604.38,479.12,2.82,81.55,77.72,2.34,1.48,1.09,57.34,335.78,5.22,6.1,58.05,77.36
P098,Very Good,1467.35,312.72,10.85,89.11,83.76,1.5,0.21,7.72,101.95,463.98,1.63,1.92,64.16,94.81
P098,Very Good,381.46,120.79,3.02,84.32,48.49,1.86,0.8,2.28,62.92,376.13,3.75,1.94,56.01,82.91
P098,Very Good,815.67,765.77,30.17,104.46,81.15,0.32,1.44,5.92,90.59,415.07,8.86,9.66,78.06,75.56
P098,Very Good,576.99,245.45,17.95,77.16,85.94,0.1,0.49,8.23,55.6,318.87,6.55,7.14,70.03,92.04
P098,Very Good,918.66,461.66,21.24,77.44,40.51,3.55,1.12,6.13,54.4,331.02,4.55,3.33,57.75,95.73
P098,Very Good,515.1,273.63,14.64,74.51,103.86,5.08,1.58,9.52,100.54,416.31,4.77,2.48,83.61,78.76
P098,Very Good,1296.98,664.12,11.29,82.69,87.65,3.94,1.23,5.82,77.52,319.11,5.91,2.91,60.13,63.47
P098,Very Good,498.46,646.67,28.38,97.8,5.58,5.2,2.02,5.41,79.42,240.12,3.5,7.49,84.42,65.54
P098,Very Good,329.39,607.61,8.01,79.11,77.81,2.43,0.72,8.64,56.94,443.46,8.55,2.3,102.0,93.74
P098,Very Good,804.42,641.19,11.76,75.41,53.38,4.14,1.96,9.8,97.97,314.01,3.11,6.91,58.93,75.71
P098,Very Good,452.79,124.74,27.96,93.06,97.19,4.62,1.82,5.21,74.57,232.86,1.13,7.4,58.01,54.91
P098,Very Good,1337.16,340.65,5.69,86.72,62.93,3.69,1.88,4.95,95.17,335.98,3.68,8.09,56.12,107.07
P098,Very Good,792.98,226.64,13.32,63.55,1.2,4.74,1.95,6.06,91.26,450.85,7.01,2.12,85.12,63.81
P098,Very Good,417.71,812.11,21.11,87.99,15.09,2.58,0.33,6.13,66.97,284.01,1.27,6.29,59.22,100.3
P098,Very Good,1546.02,470.47,29.06,94.72,51.52,4.12,1.39,7.12,82.02,422.99,8.3,5.89,53.25,95.84
P098,Very Good,985.75,301.34,28.79,78.04,8.81,5.37,1.24,9.18,88.22,302.04,8.13,3.04,98.15,84.85
P098,Very Good,780.55,742.72,24.32,62.25,1.64,1.18,0.96,3.89,72.16,278.1,2.09,5.76,76.61,58.45
P098,Very Good,670.0,584.82,3.65,90.55,57.07,5.14,1.67,9.34,60.39,328.85,8.14,4.74,54.81,76.6
P098,Very Good,1163.37,319.48,13.56,104.44,36.35,0.89,0.9,9.15,57.08,434.03,4.38,4.1,57.26,54.27
P098,Very Good,771.22,447.74,12.11,105.37,1.44,4.81,0.19,1.79,54.05,462.03,4.31,2.15,77.52,61.48
P098,Very Good,387.32,170.79,15.15,83.29,47.96,0.42,0.16,8.32,83.56,219.76,1.86,8.04,74.53,99.22
P098,Very Good,961.16,549.03,1.06,71.43,37.86,0.21,0.17,7.36,78.14,330.99,4.51,1.85,78.04,93.64
P098,Very Good,710.71,300.71,21.65,91.1,82.64,5.35,1.46,3.9,79.45,503.38,7.26,3.18,70.44,61.58
P098,Very Good,1497.84,425.41,9.67,91.35,2.65,2.51,1.38,6.15,68.78,329.33,1.34,7.81,99.82,84.26
P098,Very Good,690.74,542.37,2.79,72.18,101.47,2.9,1.06,7.97,92.08,498.06,1.93,3.18,86.46,82.35
P098,Very Good,1464.25,313.2,10.88,66.32,61.95,4.61,0.25,2.36,100.02,333.34,2.04,5.08,102.72,82.44
P098,Very Good,341.59,132.55,33.31,93.11,25.5,4.85,1.31,5.94,63.95,257.63,1.76,1.24,81.26,89.58
P098,Very Good,396.29,243.98,7.92,100.87,36.11,3.37,1.23,2.19,72.63,382.53,1.82,1.24,71.83,85.29
P098,Very Good,989.96,417.02,19.38,70.73,39.67,3.74,0.03,6.48,75.97,499.32,5.31,3.03,66.04,99.44
P098,Very Good,1375.03,451.74,9.97,95.89,74.23,4.56,2.0,9.21,92.87,377.02,5.6,7.08,87.79,64.15
P098,Very Good,1052.92,690.2,2.87,84.04,79.71,2.64,1.03,5.22,93.98,421.59,6.33,4.42,83.86,97.46
P098,Very Good,596.61,223.08,39.6,104.28,71.23,4.68,1.07,1.76,59.04,313.27,9.06,5.18,83.54,77.81
P098,Very Good,716.65,803.86,2.68,74.69,21.78,0.15,1.27,6.11,92.7,334.63,6.45,5.01,101.08,73.68
P098,Very Good,1383.84,403.99,3.7,65.19,48.05,2.58,1.14,4.13,97.4,390.59,10.47,8.93,72.48,61.57
P098,Very Good,1073.42,492.54,5.8,76.38,57.57,2.36,0.41,1.57,83.08,449.09,8.74,7.58,86.42,62.73
P098,Very Good,794.39,205.47,2.23,65.17,68.18,3.04,0.2,8.38,102.75,320.37,2.91,4.06,90.58,100.92
P098,Very Good,1607.17,281.28,17.64,62.3,88.9,4.72,0.9,3.31,81.0,363.77,7.31,7.15,106.43,69.39
P098,Very Good,1366.09,651.69,10.64,82.89,34.97,4.09,0.36,9.69,94.04,539.69,1.51,9.75,86.92,106.79
P098,Very Good,717.4,642.89,35.58,105.97,24.84,0.05,0.23,1.44,72.49,443.25,2.85,7.27,57.85,77.19
P098,Very Good,1137.69,762.85,20.68,91.67,21.97,2.48,1.43,7.07,53.53,441.62,4.26,8.59,99.71,97.6
P098,Very Good,563.91,832.54,12.12,85.22,56.57,4.82,1.84,2.06,75.07,435.31,8.42,6.31,53.08,62.46
P098,Very Good,564.07,574.86,5.64,96.9,5.56,3.56,1.29,9.72,55.76,407.9,9.85,5.08,103.82,71.11
P098,Very Good,1463.33,795.6,11.62,71.29,11.08,2.52,0.26,6.34,61.8,300.11,9.91,5.69,99.55,71.69
P098,Very Good,636.91,285.02,41.78,62.32,100.63,1.75,0.87,9.79,96.23,445.35,4.86,2.78,66.42,89.9
P098,Very Good,1332.96,290.94,14.5,76.37,35.23,3.92,0.81,2.91,57.86,403.54,1.13,7.71,83.13,101.75
P098,Very Good,362.71,476.55,13.43,81.01,77.38,3.96,1.35,6.23,65.99,253.23,9.69,4.78,98.23,62.19
P098,Very Good,435.0,280.95,10.15,95.37,18.42,3.42,1.69,6.03,94.11,462.9,6.82,8.13,72.69,55.28
P098,Very Good,342.97,771.64,16.45,100.93,88.97,1.57,0.88,10.23,64.98,412.36,7.02,9.6,99.93,86.8
P098,Very Good,1163.55,656.74,21.78,100.62,70.24,1.15,0.09,3.54,101.51,236.29,2.18,4.59,82.01,74.33
P098,Very Good,1185.29,627.0,1.37,92.83,76.47,5.26,1.44,6.08,69.86,487.13,9.75,2.64,66.65,92.02
P098,Very Good,977.1,483.29,6.29,68.44,16.39,2.1,0.89,1.68,105.3,501.94,3.79,5.57,61.93,76.06
P098,Very Good,1546.71,416.84,22.0,84.99,58.12,1.55,0.36,3.76,91.06,234.95,7.21,4.85,85.73,95.28
P098,Very Good,483.58,491.42,11.93,95.46,16.06,5.0,1.68,9.63,93.18,431.97,9.08,8.57,87.76,81.5
P098,Very Good,1127.22,498.18,5.78,78.88,6.88,3.34,1.1,9.89,77.95,370.38,9.33,7.51,73.68,59.37
P098,Very Good,1347.9,315.69,8.74,83.54,9.22,2.87,1.91,2.9,93.23,498.62,7.16,2.99,75.21,55.85
P098,Very Good,368.88,532.93,37.12,88.07,34.73,2.03,0.39,2.59,89.84,287.23,1.34,4.17,74.37,53.89
P098,Very Good,1412.36,280.43,6.32,73.87,95.87,3.31,1.25,2.14,84.12,357.31,7.59,5.85,64.24,101.25
P098,Very Good,1155.3,338.03,37.28,101.24,54.27,2.87,0.63,2.03,87.15,502.48,5.32,4.9,91.11,64.44
P098,Very Good,1421.23,741.48,5.53,98.6,87.87,3.64,1.56,5.81,66.11,463.18,1.61,9.37,96.22,85.18
P098,Very Good,616.9,138.78,14.23,96.45,23.34,1.26,1.99,1.6,56.16,281.72,9.73,8.24,87.14,82.91
P098,Very Good,1121.85,708.09,17.85,86.14,4.51,0.17,0.44,6.32,97.33,404.21,6.89,7.3,100.93,84.65
P098,Very Good,558.7,156.6,29.42,73.91,11.46,1.36,1.42,5.24,92.9,501.17,3.89,6.44,103.96,75.08
P098,Very Good,996.05,777.27,41.3,66.27,56.81,3.92,0.17,8.08,93.42,503.45,4.77,9.61,79.69,86.3
P098,Very Good,453.4,327.91,37.63,85.81,74.46,0.0,0.62,6.34,86.96,312.06,6.2,6.36,66.21,93.93
P098,Very Good,1340.36,163.92,34.2,76.68,11.46,0.6,0.97,1.57,72.3,218.47,5.74,6.62,57.72,85.42
P098,Very Good,740.53,201.02,28.43,70.77,42.92,3.48,0.84,8.65,97.22,506.97,4.81,9.43,96.42,82.92
P098,Very Good,820.61,349.99,34.47,87.01,15.21,0.84,2.16,3.61,72.7,322.81,5.57,9.5,63.1,69.78
P098,Very Good,748.89,392.62,23.5,98.48,51.56,3.45,1.52,8.03,78.34,392.07,8.3,5.21,58.77,75.52
P098,Very Good,956.06,540.84,3.53,71.63,101.98,4.35,0.51,10.12,87.13,317.38,4.77,9.76,99.78,96.98
P098,Very Good,1076.54,226.25,18.03,66.31,42.83,2.54,1.52,6.41,76.24,502.23,3.25,2.46,82.23,74.16
P098,Very Good,1026.17,584.7,14.08,78.24,92.32,3.6,1.52,5.82,101.03,482.74,9.25,7.44,82.38,56.29
P098,Very Good,760.14,515.09,19.03,73.03,30.97,0.05,0.54,10.6,87.6,526.12,3.1,8.24,91.02,94.14
P098,Very Good,1123.61,314.64,17.54,97.79,76.14,0.75,0.67,9.55,108.51,416.27,8.85,2.89,85.24,61.56
P098,Very Good,925.27,627.49,32.85,63.69,9.21,1.16,1.35,5.76,86.72,406.27,4.12,4.94,96.64,89.14
P098,Very Good,1528.05,619.86,7.37,99.28,84.64,2.6,0.03,3.75,55.17,407.11,1.97,9.42,66.83,81.21
P098,Very Good,1090.9,696.74,27.45,75.73,93.55,2.04,1.82,4.94,69.03,483.43,4.52,1.54,62.47,102.7
P098,Very Good,1595.43,303.97,37.7,88.08,10.05,1.97,0.54,5.25,71.43,224.44,2.04,3.85,61.92,85.19
P098,Very Good,400.47,418.11,34.82,65.45,58.57,1.39,0.28,3.32,60.66,523.63,1.23,9.02,69.94,93.05
P098,Very Good,362.06,538.63,35.66,70.62,61.7,4.43,0.03,5.61,54.65,246.3,8.81,8.88,92.22,60.59
P098,Very Good,1075.25,590.03,2.76,65.12,100.11,0.68,0.79,6.0,66.85,225.9,5.4,10.0,102.37,75.0
P098,Very Good,748.54,414.8,23.09,67.35,86.95,1.71,1.77,9.3,64.97,368.69,10.54,8.64,74.22,68.01
P098,Very Good,681.05,268.35,37.2,75.76,61.27,1.01,0.13,3.1,89.43,246.51,1.95,6.98,79.13,60.9
P098,Very Good,846.3,106.87,25.59,99.35,2.52,1.5,1.53,5.49,60.82,251.38,9.43,4.05,66.76,63.02
P098,Very Good,365.27,749.87,6.76,100.27,14.5,2.48,0.19,3.66,82.97,412.35,4.26,6.97,88.88,79.41
P098,Very Good,612.23,131.94,16.26,90.7,7.5,3.91,0.6,2.73,71.28,222.57,1.06,9.35,99.59,98.56
P098,Very Good,819.35,647.26,33.45,70.46,41.36,4.74,0.58,9.54,96.45,399.62,2.59,4.07,95.26,90.34
P099,Unacceptable,637.18,407.67,12.78,45.83,46.68,1.03,0.5,4.4,46.65,194.78,1.29,2.14,48.63,47.44
P099,Unacceptable,284.71,324.25,11.58,39.32,8.08,2.31,1.16,2.61,39.81,305.14,4.54,4.93,52.0,39.24
P099,Unacceptable,979.94,230.3,2.98,53.1,5.1,0.68,0.28,2.97,50.66,238.14,6.32,4.05,43.36,42.52
P099,Unacceptable,473.84,193.58,7.49,48.99,23.31,1.1,0.75,2.79,65.43,171.15,2.72,2.85,32.11,35.69
P099,Unacceptable,579.33,164.14,11.2,55.35,41.36,2.08,0.26,3.08,56.39,181.8,4.65,6.46,33.91,49.31
P099,Unacceptable,843.89,527.51,2.86,62.46,50.3,1.38,0.02,3.08,52.34,178.46,4.73,1.13,55.34,50.97
P099,Unacceptable,253.3,288.23,3.6,67.7,11.09,0.37,0.12,1.77,34.5,221.28,3.32,0.57,33.65,49.38
P099,Unacceptable,692.88,306.3,8.32,48.58,20.88,0.13,0.65,1.47,47.64,229.77,0.92,0.97,45.79,41.95
P099,Unacceptable,527.17,462.81,2.77,44.96,45.47,2.73,0.49,6.47,58.76,271.43,4.08,1.31,40.43,54.9
P099,Unacceptable,747.44,414.93,20.27,42.04,61.76,1.4,0.59,1.18,49.38,203.46,3.95,1.86,56.13,37.35
P099,Unacceptable,194.76,360.05,5.21,44.14,44.34,0.24,0.18,3.83,35.63,266.49,0.55,4.52,44.58,50.85
P099,Unacceptable,498.68,88.5,19.47,42.09,57.83,3.03,0.5,0.68,48.75,202.89,2.25,2.59,49.27,40.84
P099,Unacceptable,295.37,150.74,11.43,55.08,52.15,0.49,0.07,1.84,45.63,277.33,3.18,4.32,55.02,48.23
P099,Unacceptable,343.71,80.58,25.94,51.23,12.69,3.0,0.67,3.63,45.63,165.02,4.83,2.04,38.29,38.37
P099,Unacceptable,627.02,133.2,4.81,67.33,3.17,1.4,0.81,1.69,51.38,138.52,4.99,4.26,64.85,68.47
P099,Unacceptable,795.4,490.53,24.76,56.77,24.99,2.31,1.02,5.07,30.4,299.83,4.6,4.35,38.87,36.66
P099,Unacceptable,276.59,131.95,9.78,57.82,29.85,2.52,0.38,2.27,46.56,271.69,5.3,6.23,40.21,53.48
P099,Unacceptable,736.33,154.71,14.42,41.33,45.37,1.65,0.79,2.0,53.37,193.68,2.86,2.92,36.07,36.65
P099,Unacceptable,560.32,375.58,3.08,41.56,10.77,2.57,0.02,3.72,32.67,143.26,1.16,2.8,37.89,60.69
P099,Unacceptable,883.61,113.79,5.15,45.26,29.56,0.52,0.08,4.0,51.19,177.53,5.35,3.74,45.33,53.67
P099,Unacceptable,489.24,232.74,14.38,59.59,50.58,0.32,0.11,1.74,34.15,344.44,0.6,5.39,55.79,63.75
P099,Unacceptable,785.27,434.46,20.82,61.18,19.84,1.19,1.1,3.58,50.71,328.41,1.25,2.36,53.27,47.9
P099,Unacceptable,447.71,451.16,18.4,47.06,29.66,0.08,0.0,2.19,35.75,250.52,4.55,3.63,43.57,38.28
P099,Unacceptable,440.87,235.59,13.26,52.45,15.04,0.82,0.36,5.33,43.29,228.42,4.3,0.94,33.05,31.72
P099,Unacceptable,315.31,100.48,8.53,47.31,11.91,0.01,0.73,5.06,31.14,162.08,3.61,4.25,44.85,48.21
P099,Unacceptable,564.53,287.95,18.97,55.09,12.54,0.31,0.4,1.42,42.97,152.67,2.6,2.76,29.86,29.76
P099,Unacceptable,643.5,194.94,1.54,57.1,63.32,1.92,0.22,2.33,57.76,187.87,2.74,4.43,45.62,43.43
P099,Unacceptable,943.0,297.64,18.05,46.88,26.94,1.72,0.58,3.56,39.49,128.31,6.7,3.36,54.39,41.19
P099,Unacceptable,332.84,377.95,21.67,41.5,18.73,1.7,0.55,5.05,50.72,296.08,4.65,3.52,46.82,31.84
P099,Unacceptable,941.99,391.59,26.11,43.56,38.0,0.09,0.31,2.36,30.95,214.06,3.37,6.19,57.42,29.37
P099,Unacceptable,682.07,366.22,19.51,36.62,6.72,2.67,0.2,4.56,38.58,212.75,1.3,1.05,32.16,47.75
P099,Unacceptable,529.89,254.48,10.68,50.44,53.61,1.6,0.7,4.73,43.07,263.85,4.88,4.42,39.04,52.02
P099,Unacceptable,782.18,418.53,10.85,52.15,34.68,2.39,0.4,4.06,32.58,171.66,0.79,4.52,44.0,38.47
P099,Unacceptable,536.68,312.79,16.37,63.76,50.58,0.94,0.11,5.21,50.54,177.64,3.81,4.6,41.63,39.61
P099,Unacceptable,678.94,281.64,1.91,42.58,41.19,1.24,0.46,4.87,30.6,268.7,3.76,0.87,50.6,29.93
P099,Unacceptable,226.12,151.54,26.19,63.69,11.59,1.44,0.06,3.27,55.18,258.93,2.64,3.17,42.34,39.96
P099,Unacceptable,765.5,342.61,20.79,56.01,36.78,0.84,1.1,6.53,34.63,193.59,2.9,1.25,49.13,48.87
P099,Unacceptable,356.45,177.25,2.29,37.54,4.42,1.97,0.66,4.16,47.48,159.25,3.94,0.61,42.57,59.52
P099,Unacceptable,726.28,293.36,5.92,50.98,37.22,0.82,0.5,1.83,55.56,132.56,3.37,4.73,31.45,44.07
P099,Unacceptable,860.65,154.69,20.07,44.09,45.76,2.9,0.76,0.98,52.57,223.46,5.53,3.29,63.15,42.29
P099,Unacceptable,402.67,63.9,2.38,42.21,5.51,0.59,0.4,4.35,37.52,134.33,0.82,2.93,41.18,55.38
P099,Unacceptable,743.86,153.97,11.42,54.52,53.1,2.48,0.94,5.69,42.13,129.31,3.57,5.73,66.14,31.9
P099,Unacceptable,340.47,81.32,10.27,58.96,14.58,2.21,0.97,6.07,30.23,180.94,2.89,6.1,60.13,37.47
P099,Unacceptable,302.33,189.66,7.1,57.15,9.84,2.87,0.82,0.81,55.7,195.03,4.75,1.54,54.28,65.0
P099,Unacceptable,270.13,256.56,22.63,35.66,6.89,2.63,0.86,1.0,35.13,143.27,1.03,0.58,47.58,56.5
P099,Unacceptable,398.95,232.33,1.43,44.74,35.17,0.14,0.36,3.04,32.49,205.9,1.82,1.1,33.61,63.26
P099,Unacceptable,323.82,504.13,2.52,63.98,40.8,0.54,0.28,4.68,34.79,152.71,4.7,4.45,40.63,36.94
P099,Unacceptable,308.88,371.79,9.05,50.41,24.16,1.37,1.24,2.79,45.97,198.13,5.43,3.84,37.31,53.54
P099,Unacceptable,762.95,135.33,18.8,59.88,0.85,0.65,0.09,4.15,42.68,141.3,3.81,5.39,34.01,49.91
P099,Unacceptable,233.43,157.58,3.56,39.18,33.82,3.18,0.26,4.39,48.3,257.11,4.15,3.19,47.93,55.88
P099,Unacceptable,448.69,92.77,11.55,44.61,34.11,1.98,0.92,2.05,50.62,172.0,4.96,4.17,42.86,33.5
P099,Unacceptable,467.33,92.51,7.97,43.45,55.85,0.89,0.92,1.74,40.27,225.65,3.14,2.34,44.84,39.87
P099,Unacceptable,748.53,308.38,3.11,41.59,30.4,2.1,0.53,5.52,47.7,236.63,1.81,2.45,58.88,34.82
P099,Unacceptable,825.74,176.19,1.11,36.84,33.41,0.33,0.17,1.98,46.16,164.32,3.02,1.64,47.84,47.61
P099,Unacceptable,222.09,120.39,18.55,44.07,45.42,0.11,0.75,3.1,29.24,180.32,3.09,2.73,40.4,58.56
P099,Unacceptable,673.6,465.37,7.32,42.28,17.94,2.07,0.45,4.7,48.75,206.42,3.84,1.24,45.33,42.53
P099,Unacceptable,504.35,450.87,16.9,51.02,34.44,0.41,0.27,1.79,42.72,237.57,3.07,0.8,50.45,35.52
P099,Unacceptable,810.32,429.02,0.56,32.29,36.37,0.94,0.14,5.14,38.57,200.74,3.37,5.59,33.71,36.97
P099,Unacceptable,1022.15,303.49,7.35,50.25,25.9,1.56,0.95,5.0,26.99,239.66,5.28,6.29,50.51,56.76
P099,Unacceptable,581.3,166.57,16.79,43.18,50.75,0.84,0.74,3.85,43.66,167.13,4.78,2.69,44.11,32.92
P099,Unacceptable,797.46,325.83,8.1,57.33,41.95,2.22,0.25,6.72,54.38,265.78,2.83,5.64,35.36,50.66
P099,Unacceptable,723.36,328.04,23.67,42.11,49.31,3.07,1.06,1.69,54.11,292.53,1.48,2.23,32.5,47.35
P099,Unacceptable,664.13,266.41,14.68,44.21,38.47,0.64,0.12,4.14,39.48,197.38,1.22,3.1,67.79,51.47
P099,Unacceptable,584.93,406.02,6.99,52.15,33.34,1.03,0.57,3.44,53.75,292.14,1.34,1.21,28.93,56.13
P099,Unacceptable,771.91,116.65,15.89,55.29,31.74,0.38,0.4,1.89,36.62,323.78,3.55,3.25,66.13,36.05
P099,Unacceptable,162.18,131.31,15.03,54.45,60.8,2.44,0.76,3.21,50.92,151.09,2.05,2.06,33.56,42.69
P099,Unacceptable,548.04,102.53,11.24,52.96,35.9,0.99,1.17,3.32,61.9,150.2,5.93,2.33,38.72,39.18
P099,Unacceptable,754.95,351.33,3.37,42.65,11.37,2.42,0.08,3.51,59.81,257.54,2.24,3.01,41.22,56.94
P099,Unacceptable,426.61,80.18,1.81,39.59,9.86,0.03,1.14,2.53,59.75,122.0,5.65,3.4,59.44,46.92
P099,Unacceptable,673.92,432.13,16.99,52.53,9.49,2.96,0.59,1.46,32.66,207.12,4.82,0.84,56.51,51.9
P099,Unacceptable,174.84,448.63,3.79,41.98,50.26,2.42,0.33,1.87,37.5,225.9,1.29,5.71,47.47,55.76
P099,Unacceptable,322.62,390.82,19.9,53.13,0.39,1.91,0.08,2.62,31.26,275.68,2.48,3.66,28.19,53.18
P099,Unacceptable,544.0,157.27,5.37,52.02,36.77,0.0,0.94,4.58,40.63,163.76,2.94,4.26,52.1,49.97
P099,Unacceptable,520.23,203.98,7.96,43.7,59.08,1.99,1.11,1.21,50.07,152.48,2.7,0.55,43.53,36.38
P099,Unacceptable,732.28,83.08,8.87,60.45,1.04,1.38,0.12,2.86,31.33,249.0,5.39,5.89,50.9,31.19
P099,Unacceptable,424.14,101.88,3.57,66.35,24.58,2.11,1.03,3.36,37.3,180.78,1.25,4.55,51.79,37.38
P099,Unacceptable,248.07,408.46,5.1,49.79,27.62,1.64,0.97,1.29,36.41,197.44,3.74,4.14,35.33,28.53
P099,Unacceptable,512.76,447.67,22.41,63.04,24.49,0.03,0.16,1.52,60.88,187.61,4.08,5.11,31.18,48.32
P099,Unacceptable,552.07,161.55,16.8,52.36,59.49,0.36,0.6,3.58,36.76,153.97,6.6,2.51,34.29,56.69
P099,Unacceptable,692.97,228.37,18.45,49.81,5.46,2.42,0.76,3.56,54.96,292.7,5.33,1.89,39.65,39.67
P099,Unacceptable,326.71,148.99,19.06,53.62,41.99,1.78,0.47,1.87,32.04,223.2,1.09,4.96,52.56,32.34
P099,Unacceptable,881.3,171.83,14.54,47.08,3.59,0.78,0.74,0.93,33.71,290.69,5.32,2.14,44.72,34.92
P099,Unacceptable,259.26,255.11,15.73,45.04,3.3,3.15,0.58,4.18,36.14,232.0,1.14,5.18,39.81,59.78
P099,Unacceptable,372.88,482.64,10.55,59.23,66.4,1.52,1.15,3.86,53.26,202.59,3.22,1.04,44.69,48.18
P099,Unacceptable,760.29,102.41,27.6,47.27,33.13,1.94,0.3,5.21,59.88,188.66,5.3,2.07,38.5,41.61
P099,Unacceptable,590.42,185.21,4.62,38.98,22.17,2.93,0.2,3.79,50.23,124.25,1.19,1.43,50.87,50.32
P099,Unacceptable,552.43,247.92,0.97,41.6,39.59,1.0,1.01,1.68,55.66,192.83,2.45,3.75,50.48,27.21
P099,Unacceptable,783.48,327.12,5.29,46.89,25.17,0.27,0.27,3.23,39.73,159.47,4.39,2.49,56.29,44.51
P099,Unacceptable,572.63,232.92,20.07,49.08,50.08,0.31,0.19,4.84,56.2,118.61,3.89,3.19,39.61,33.37
P099,Unacceptable,430.07,438.61,19.56,51.42,45.83,2.47,0.64,5.49,48.17,265.19,5.66,1.56,41.36,34.23
P099,Unacceptable,813.0,368.9,8.24,60.65,63.88,1.0,0.14,0.94,32.69,190.24,1.29,2.85,43.54,34.63
P099,Unacceptable,954.43,184.69,11.67,62.24,35.97,1.86,0.75,2.06,43.83,264.63,6.07,1.67,28.55,40.65
P099,Unacceptable,963.33,182.83,12.12,62.42,38.81,2.13,1.04,1.88,42.9,292.26,4.8,4.1,36.67,44.78
P099,Unacceptable,750.8,201.56,7.65,65.19,54.27,2.65,0.74,3.07,31.61,138.67,3.01,2.76,37.96,31.35
P099,Unacceptable,553.97,353.41,6.3,46.68,38.05,0.44,0.98,3.83,38.44,298.84,1.26,0.57,59.03,44.69
P099,Unacceptable,246.71,427.17,11.13,50.48,45.3,1.65,0.98,3.44,44.21,110.46,4.6,2.87,31.82,43.36
P099,Unacceptable,560.02,167.43,18.37,49.56,25.37,1.48,1.19,2.64,44.84,141.38,5.07,3.94,61.85,55.26
P099,Unacceptable,470.12,377.81,8.9,51.33,31.38,2.52,1.06,3.12,37.95,118.84,1.75,2.07,43.16,47.11
P099,Unacceptable,460.97,174.67,18.64,35.41,51.76,0.0,0.45,4.76,27.63,217.51,0.57,0.88,43.93,52.14
P099,Unacceptable,732.51,280.14,10.57,38.69,50.41,2.72,0.26,5.7,48.31,186.24,5.78,4.22,28.29,28.87
P100,Good,600.48,560.47,3.72,75.34,58.43,3.99,1.72,2.22,84.58,430.42,3.88,8.45,57.5,53.27
P100,Good,1240.2,656.44,30.06,79.34,45.87,2.27,0.76,7.44,64.45,350.27,4.8,2.64,75.35,94.57
P100,Good,508.9,336.6,12.45,69.08,90.52,2.98,0.18,1.71,91.1,342.03,9.15,2.56,69.87,47.43
P100,Good,562.79,643.68,5.84,65.85,5.75,3.78,0.66,1.83,50.35,381.76,5.29,7.86,77.82,84.82
P100,Good,676.22,638.13,22.31,79.99,32.96,2.27,0.27,3.26,57.1,329.32,2.45,9.02,65.35,57.75
P100,Good,570.47,699.38,20.26,80.0,38.67,2.1,0.19,9.4,57.93,257.66,7.1,6.49,56.18,70.13
P100,Good,837.52,413.22,24.5,89.7,57.58,1.44,1.05,6.0,59.15,311.4,5.94,5.73,92.74,59.55
P100,Good,1446.76,369.88,28.3,85.71,6.86,2.77,0.98,3.01,89.41,327.46,3.1,7.78,71.06,54.54
P100,Good,1262.92,396.06,14.62,83.64,26.08,2.08,0.02,2.68,70.76,188.45,4.25,6.97,50.11,65.44
P100,Good,527.67,467.53,37.31,59.85,14.58,1.14,1.1,8.46,52.92,453.07,1.45,6.18,79.48,81.51
P100,Good,1393.14,132.49,34.67,78.2,73.02,2.41,1.56,7.83,57.69,249.04,5.56,2.03,90.52,86.25
P100,Good,477.11,352.9,32.58,85.08,18.89,1.28,1.58,1.17,85.67,449.9,3.69,6.12,74.14,64.51
P100,Good,569.32,170.74,31.4,81.33,85.83,2.39,1.55,5.01,56.26,354.72,1.19,1.32,81.38,74.53
P100,Good,591.11,418.1,10.95,67.46,63.41,0.58,1.01,9.24,64.41,358.39,6.81,5.06,88.31,91.92
P100,Good,1094.82,718.03,6.21,69.79,13.5,4.11,0.11,4.58,95.79,451.53,5.68,7.87,89.43,56.07
P100,Good,561.58,262.2,1.84,90.48,30.83,0.46,0.16,2.34,71.27,412.17,2.82,4.18,90.62,66.59
P100,Good,623.17,234.16,7.82,76.8,34.25,1.45,1.45,5.98,63.38,412.67,7.16,0.94,82.69,88.62
P100,Good,648.24,291.28,1.23,81.86,87.52,4.31,1.32,1.5,58.63,327.98,7.22,6.55,65.41,51.91
P100,Good,284.71,384.7,14.51,64.76,23.46,0.94,0.17,2.73,89.15,317.64,6.0,9.46,78.7,77.94
P100,Good,1326.76,424.97,29.36,85.26,34.35,2.47,0.12,2.05,72.7,206.84,5.3,6.03,59.38,85.34
P100,Good,1315.54,331.7,35.78,65.55,66.0,4.58,1.1,6.9,89.55,253.72,1.85,3.19,61.38,55.76
P100,Good,1112.03,481.37,16.09,59.88,96.63,2.72,0.47,2.89,46.97,316.49,8.37,6.79,93.07,50.93
P100,Good,700.84,360.08,10.34,73.89,36.57,3.7,1.46,3.21,95.8,269.24,9.02,2.46,76.0,80.13
P100,Good,838.55,608.72,29.57,58.57,24.66,2.24,1.04,1.99,86.7,311.32,2.69,7.26,54.36,83.24
P100,Good,975.35,353.78,11.47,62.73,30.05,4.43,0.3,8.05,62.84,292.31,4.64,2.73,78.82,75.2
P100,Good,1345.85,661.07,28.22,83.64,64.15,1.69,0.93,5.76,53.71,310.63,6.63,1.67,78.18,75.3
P100,Good,1218.87,593.94,3.33,62.69,15.81,4.24,1.06,1.38,87.91,186.21,3.12,3.25,92.67,66.75
P100,Good,1142.54,704.53,23.46,91.22,57.52,3.03,0.32,6.75,71.83,244.81,1.72,5.6,72.34,89.38
P100,Good,1101.59,407.22,1.64,85.56,27.75,3.33,0.11,6.32,67.87,336.2,9.52,6.88,54.53,91.13
P100,Good,569.47,160.44,10.01,82.75,58.54,1.31,0.21,6.81,84.78,277.95,3.84,3.87,61.01,50.51
P100,Good,601.29,714.26,21.72,78.6,72.64,3.64,0.78,4.52,65.11,452.27,3.85,4.3,77.51,59.36
P100,Good,891.92,248.29,27.31,58.32,87.02,2.8,0.18,4.7,50.82,216.31,4.4,5.95,60.58,78.54
P100,Good,689.24,558.85,3.74,68.38,3.16,4.88,0.07,3.87,69.03,259.03,9.25,7.07,51.67,50.36
P100,Good,1018.4,673.87,37.17,78.26,0.67,0.71,1.42,9.73,86.0,268.19,5.19,4.31,72.18,66.02
P100,Good,722.33,216.68,39.4,60.37,74.95,1.71,1.42,5.31,76.52,229.93,7.31,8.92,84.38,64.69
P100,Good,347.43,675.35,18.99,70.17,10.01,0.15,0.37,8.36,61.02,329.08,1.32,7.96,51.51,57.85
P100,Good,884.51,355.57,19.8,64.7,47.14,1.64,1.6,4.01,83.24,271.16,1.76,4.12,82.98,52.89
P100,Good,689.74,135.0,24.62,73.93,69.71,3.86,1.18,8.61,59.26,199.85,2.81,4.68,73.51,86.75
P100,Good,821.04,439.67,33.75,61.29,18.65,0.16,0.51,2.43,77.9,282.04,1.41,6.55,78.99,73.65
P100,Good,461.38,242.2,36.18,69.03,50.75,3.84,1.44,7.68,85.92,393.52,1.39,1.55,65.34,91.85
P100,Good,1267.91,423.34,35.84,68.17,68.26,1.45,0.92,9.09,54.03,320.42,3.98,2.61,88.26,51.94
P100,Good,533.52,692.12,4.8,70.21,30.62,3.3,1.89,1.02,90.47,479.4,6.3,6.98,52.06,88.05
P100,Good,1171.26,678.28,18.47,85.13,89.29,1.39,1.29,3.39,91.81,307.25,3.84,8.59,49.89,53.88
P100,Good,1159.62,590.29,36.53,72.94,59.94,0.8,0.15,5.7,52.92,419.2,3.59,5.69,74.8,62.45
P100,Good,1228.66,626.32,9.79,74.55,6.8,1.78,0.4,2.2,56.16,431.61,5.7,7.01,84.9,57.33
P100,Good,791.41,386.07,14.68,72.59,20.61,4.38,0.08,6.28,55.48,241.09,6.13,7.65,84.08,72.71
P100,Good,893.24,459.84,21.52,59.85,29.47,2.61,1.18,8.7,72.8,300.92,9.22,6.83,72.61,82.55
P100,Good,730.15,135.09,34.72,74.72,84.04,2.85,0.02,7.66,70.03,334.04,1.9,2.44,90.09,87.72
P100,Good,1246.57,644.32,2.8,76.37,75.05,0.45,0.77,7.84,87.5,392.73,2.68,4.7,77.2,49.6
P100,Good,1228.02,269.76,6.81,97.7,0.71,3.28,0.74,4.83,58.14,234.21,7.7,3.18,83.87,81.56
P100,Good,471.85,320.61,10.6,80.54,33.81,1.79,0.28,2.74,89.34,358.82,1.23,4.47,53.17,64.35
P100,Good,947.76,293.83,32.07,79.17,79.36,0.79,0.71,6.78,93.05,198.84,2.76,1.87,87.56,48.72
P100,Good,877.64,384.49,23.44,85.81,63.53,2.35,1.25,1.87,48.46,366.43,1.99,3.08,50.29,68.93
P100,Good,851.66,163.2,15.26,69.72,43.07,0.99,1.79,2.7,99.12,220.69,6.95,8.45,54.07,94.42
P100,Good,1299.2,710.35,16.53,79.45,16.65,4.26,0.21,3.74,54.22,415.52,8.69,6.39,54.34,74.72
P100,Good,1009.57,522.32,25.75,66.31,44.69,0.08,0.14,4.39,90.92,208.12,1.57,4.65,63.65,72.19
P100,Good,435.91,172.32,1.61,80.61,89.87,1.09,0.63,8.35,78.08,229.3,4.73,1.6,92.42,58.21
P100,Good,443.52,359.9,3.22,81.71,9.87,3.64,0.19,3.02,51.33,293.88,8.94,3.59,85.94,90.09
P100,Good,535.91,452.91,21.92,64.79,43.84,3.65,0.11,7.24,90.2,249.81,7.89,1.49,77.49,80.74
P100,Good,515.15,196.26,29.36,62.99,53.91,3.24,0.28,8.63,64.19,477.67,4.99,3.86,62.98,55.26
P100,Good,1180.35,109.75,17.23,73.29,62.14,1.63,0.55,6.88,57.81,252.53,1.9,1.91,90.78,58.51
P100,Good,1286.91,560.18,19.69,80.28,15.53,1.41,1.21,2.96,86.4,222.08,9.22,5.05,51.01,88.72
P100,Good,448.72,598.35,29.93,75.64,54.03,0.72,1.24,3.7,96.2,397.77,3.94,4.11,77.31,83.4
P100,Good,1265.83,471.32,28.31,80.51,81.87,3.85,1.0,9.24,65.34,214.5,1.9,3.25,61.53,67.51
P100,Good,1022.23,139.43,33.67,68.91,44.27,1.05,1.47,4.99,48.9,268.37,6.83,5.93,81.93,62.78
P100,Good,316.36,133.3,37.22,68.0,14.79,1.18,1.53,8.24,69.98,386.52,4.12,1.68,58.95,69.23
P100,Good,473.14,757.04,11.67,98.67,14.82,2.82,1.53,1.85,47.69,381.45,7.99,3.71,92.22,58.43
P100,Good,588.62,372.03,27.54,67.74,17.56,2.32,0.67,4.48,93.98,208.52,7.07,4.73,67.71,93.37
P100,Good,1219.15,520.92,32.6,70.46,70.75,3.76,0.61,8.4,46.11,418.38,8.92,5.21,66.79,76.76
P100,Good,898.06,98.39,28.3,65.14,1.03,2.84,0.26,1.74,55.04,378.86,6.74,2.68,58.7,80.85
P100,Good,1009.98,778.63,9.71,67.89,98.52,4.35,0.94,6.92,59.93,214.21,3.69,9.44,52.08,60.93
P100,Good,941.58,535.94,6.13,93.5,21.1,2.62,1.27,6.7,74.32,253.58,8.11,3.7,81.26,68.26
P100,Good,1034.33,489.2,22.73,55.85,20.01,0.95,1.81,2.31,97.54,239.23,7.99,1.63,51.58,70.18
P100,Good,1147.75,717.81,15.92,95.55,54.45,3.53,0.82,5.12,51.73,242.87,1.72,3.48,76.8,87.63
P100,Good,477.5,332.55,13.38,57.87,13.63,1.29,0.95,6.27,64.2,432.73,7.57,8.02,75.1,92.48
P100,Good,605.06,589.18,28.81,95.27,73.71,0.64,1.74,3.67,81.2,303.58,8.91,6.98,72.44,76.9
P100,Good,871.1,706.94,3.58,56.42,28.69,4.41,0.11,5.08,71.08,196.52,5.44,7.97,49.56,59.79
P100,Good,971.38,511.76,19.49,69.75,0.46,4.21,1.54,8.98,51.12,202.18,4.1,6.45,55.61,81.79
P100,Good,593.05,248.08,4.75,60.88,89.03,2.46,0.17,5.46,86.27,208.26,4.99,9.2,81.22,55.77
P100,Good,747.91,148.29,4.14,71.36,50.18,4.31,0.75,2.56,59.48,492.35,7.29,5.43,93.63,82.75
P100,Good,329.43,729.03,37.61,80.85,21.21,3.9,1.54,9.93,80.46,460.73,7.2,2.09,69.2,74.24
P100,Good,741.01,176.68,5.09,67.5,75.18,2.55,0.81,8.27,57.76,329.38,3.1,4.11,90.22,53.8
P100,Good,1201.45,507.94,12.62,62.1,76.06,1.08,1.38,7.79,79.17,194.99,3.98,4.92,62.88,57.36
P100,Good,1207.11,375.82,35.89,87.42,75.93,0.4,0.54,6.04,76.36,291.2,7.57,5.34,55.27,76.65
P100,Good,573.19,143.92,20.95,77.17,60.55,0.22,0.35,2.15,80.02,440.48,1.48,7.11,90.68,55.99
P100,Good,1140.34,106.14,4.58,55.75,33.06,0.65,0.0,4.75,80.47,202.02,5.1,7.45,74.97,53.15
P100,Good,1342.47,479.16,3.81,83.34,69.21,4.56,0.09,6.42,66.22,408.04,1.71,6.77,68.45,79.88
P100,Good,1196.25,226.51,7.21,59.59,58.48,4.52,0.75,7.69,63.29,350.74,5.53,5.74,81.66,73.29
P100,Good,1172.24,638.99,15.42,92.83,85.27,3.66,1.63,6.31,66.54,433.26,3.56,9.05,81.0,79.01
P100,Good,1111.84,434.09,1.7,86.89,95.23,1.77,1.73,4.81,56.24,206.11,4.78,5.41,57.28,73.68
P100,Good,502.0,274.53,26.33,92.79,71.46,3.89,0.34,4.05,80.26,326.13,5.52,3.72,49.73,82.49
P100,Good,701.49,531.63,20.51,78.84,23.73,4.67,1.51,3.87,52.53,389.28,1.51,4.87,56.45,65.71
P100,Good,1477.03,489.78,11.39,89.61,82.96,0.31,0.51,7.67,70.79,318.49,6.29,8.72,77.99,93.32
P100,Good,719.77,694.17,22.26,62.29,48.99,2.91,0.65,9.15,83.21,462.23,3.94,2.27,69.54,79.08
P100,Good,421.69,382.98,5.63,77.52,78.75,0.93,1.63,4.24,94.06,371.14,3.68,4.79,74.9,63.39
P100,Good,1110.67,713.33,16.6,93.92,21.53,3.56,0.23,8.62,89.61,393.07,2.38,2.27,76.0,72.27
P100,Good,538.87,402.9,12.44,74.12,71.58,2.13,1.52,5.51,68.49,225.54,5.58,2.75,66.51,58.86
P100,Good,937.88,309.29,28.75,94.49,80.53,3.32,0.61,3.44,69.18,395.96,6.79,5.65,58.96,54.38
P100,Good,1159.56,535.44,9.99,62.73,41.18,2.46,0.33,6.21,46.82,252.91,4.82,7.18,77.15,62.96
P100,Good,360.97,556.89,5.06,88.87,61.47,3.37,1.2,9.05,96.51,204.25,8.29,4.66,57.35,66.8
