Aircraft_ID,Aircraft_Age,Total_Flight_Hours,Total_Cycles,Days_Since_Last_Maintenance,Last_Maintenance_Type,Unresolved_Issues,Total_Logged_Issues,Pressurization_Cycles,Wear_Tear_Score,Environmental_Exposure,Maintenance_Priority,Engine_Type,Structural_Integrity_Score,Operational_Region,Maintenance_Cost_Per_Hour,Overall_Aircraft_Usage,Aircraft_Rating
AC-0001,7,21869.762917835593,12824,173,Major Overhaul,3,29,7867,0.9355352967827126,4,Low,Turbofan,0.9926036629555468,Asia,1336,2.55,1.0
AC-0002,20,9008.765274625175,19211,237,Routine Check,1,33,9970,0.15906347936003581,2,Low,Turboprop,0.9049565601530452,Europe,2479,1.29,2.37
AC-0003,29,11314.09884458143,7979,162,Inspection,1,3,3094,0.5944706488548681,2,Low,Turbofan,0.7301033090783077,Africa,2908,2.56,1.34
AC-0004,15,30354.918099752045,10832,216,Major Overhaul,4,2,5189,0.631779640655603,2,High,Turbofan,0.9518836306995533,Africa,1430,3.97,1.6
AC-0005,11,35604.46814110468,13504,264,Routine Check,3,6,2936,0.6874553113995017,2,Medium,Turbofan,0.704923836559175,Asia,1774,3.47,1.0
AC-0006,8,40413.70996918183,7910,263,Component Replacement,6,17,6017,0.330099600998633,1,High,Turbofan,0.7624670421217338,Africa,1368,5.95,1.24
AC-0007,29,16721.06921084287,15089,292,Routine Check,10,41,9719,0.428109784767878,5,Low,Piston,0.7385648836978416,Europe,2735,1.92,1.0
AC-0008,21,21961.355645690728,3196,274,Inspection,4,6,6810,0.8593124766984799,4,Low,Turboprop,0.7238119363327624,Europe,1570,7.71,1.0
AC-0009,7,27423.336860831125,6978,3,Inspection,5,39,4039,0.27544849207314387,5,Low,Turbofan,0.8875953846469529,Europe,1124,4.81,4.39
AC-0010,26,45473.98921130238,18153,28,Inspection,9,5,3983,0.8441810624560259,1,Low,Turbofan,0.763384453634746,Oceania,2059,3.69,1.56
AC-0011,19,26148.614682138956,1780,149,Inspection,3,21,7871,0.6063898806124681,1,Medium,Turbofan,0.658358561012608,South America,1782,15.76,1.59
AC-0012,23,40512.62854732971,10908,28,Inspection,1,0,2741,0.7859687600746739,1,Medium,Piston,0.6290790838292392,Asia,2115,4.83,2.09
AC-0013,11,26699.72902907308,7303,65,Major Overhaul,9,3,6878,0.7422466296371244,1,Low,Turboprop,0.5188736584837167,Africa,1165,4.77,1.0
AC-0014,11,36532.45186428456,15686,21,Inspection,8,45,3265,0.2867603458463911,2,High,Turboprop,0.791597580941523,Europe,1462,3.34,3.3
AC-0015,24,35265.798465520784,4983,252,Major Overhaul,9,48,9865,0.6119314627904856,5,Low,Turbofan,0.6149807077005172,Asia,2236,8.2,1.0
AC-0016,21,26660.88132508151,10503,235,Component Replacement,6,49,5411,0.8809508375245831,3,High,Turbofan,0.5740669610081915,Asia,2501,3.58,1.0
AC-0017,4,14796.167527378451,17905,227,Inspection,3,42,903,0.4889046131217364,4,Low,Turbofan,0.8269149819138388,South America,1544,1.75,1.04
AC-0018,8,22309.055620710496,14070,13,Inspection,2,28,3882,0.969931693200985,1,Low,Turbofan,0.8406046289107745,Oceania,1665,2.61,2.13
AC-0019,24,39890.451738844786,13232,49,Routine Check,9,20,4663,0.5069935900915463,5,Low,Turbofan,0.876077446128833,Africa,2658,4.03,2.25
AC-0020,3,33778.25168480114,5583,118,Component Replacement,2,25,8130,0.22850707300109624,1,Low,Turbofan,0.7517884481692958,Oceania,1572,7.18,2.88
AC-0021,22,20663.49673228153,6946,54,Inspection,8,13,587,0.45049121206990594,1,Medium,Turbofan,0.9470273026019433,Africa,2555,4.17,3.4
AC-0022,21,21576.913613756005,17377,138,Inspection,4,8,9850,0.9565321657514835,1,Low,Turboprop,0.9681713766991139,Europe,2272,2.21,1.08
AC-0023,2,7691.268962344326,8128,53,Component Replacement,2,46,6316,0.3877487644058688,1,Low,Turboprop,0.9036854698962447,Europe,1416,2.05,3.99
AC-0024,24,39443.38791981811,12889,44,Major Overhaul,4,11,5970,0.8812883438803566,1,Medium,Turbofan,0.8177967410040936,Asia,2532,3.9,2.19
AC-0025,12,33860.63560246153,13275,53,Inspection,1,41,6776,0.8931256135137008,4,Medium,Turbofan,0.6518604767955943,Africa,2033,3.66,1.73
AC-0026,30,23629.221789581472,3461,74,Routine Check,10,5,6239,0.41516787189876503,5,High,Turbofan,0.9914724608101106,Africa,2850,7.78,3.45
AC-0027,6,27001.344191734228,15291,46,Inspection,3,19,4773,0.17493189224556893,1,Low,Turboprop,0.6370680835959692,Oceania,1747,2.58,3.15
AC-0028,2,5000.0,15036,13,Routine Check,9,23,7023,0.7521021182429364,1,Medium,Turboprop,0.6013284609952155,Europe,1000,1.28,1.76
AC-0029,28,20132.855039572507,12435,165,Routine Check,1,26,5503,0.3803610691125875,1,Medium,Turboprop,0.7210770568932914,North America,2067,2.66,2.73
AC-0030,21,38344.45640864136,1685,102,Inspection,1,37,8538,0.8046312528318151,1,Low,Turboprop,0.5284202853561942,Asia,2398,23.6,1.41
AC-0031,1,34815.47376730081,19544,280,Inspection,7,7,7106,0.4983893634343898,2,Low,Turbofan,0.9892472323358954,Africa,1082,2.95,1.0
AC-0032,12,28307.005570639318,13258,258,Routine Check,0,0,2564,0.5367400681083594,2,Low,Turbofan,0.7942167782082123,South America,1697,2.97,1.02
AC-0033,26,24852.817413650635,16990,138,Component Replacement,6,48,5815,0.8001184660736831,3,Low,Turbofan,0.7784760458320876,South America,1814,2.63,1.0
AC-0034,22,32964.054296963266,17422,163,Component Replacement,4,48,817,0.4441269979554652,1,Low,Turbofan,0.82789813994986,North America,1649,2.97,2.22
AC-0035,29,22186.148934489134,11736,111,Inspection,10,23,2002,0.49881461079062306,3,Low,Turboprop,0.7485118238886033,Europe,2948,2.82,1.85
AC-0036,12,8353.068038049922,5875,102,Major Overhaul,7,46,6630,0.43857142189265996,4,Medium,Turbofan,0.5160317585472708,Europe,1403,2.38,1.33
AC-0037,25,24938.008603261274,18640,17,Component Replacement,0,6,7919,0.430606463749552,3,Medium,Turbofan,0.8061556444201984,Europe,2236,2.43,4.0
AC-0038,17,29031.193270855772,12182,268,Inspection,10,18,2542,0.5733519192113135,5,High,Turbofan,0.8580869384782153,Oceania,1765,3.42,1.0
AC-0039,27,36226.77684798021,3196,182,Component Replacement,6,21,5098,0.8279195000510357,2,Medium,Piston,0.7083745303120266,South America,2154,12.4,1.0
AC-0040,27,10588.042395040015,8165,24,Major Overhaul,4,34,618,0.4255914807303093,2,Low,Turbofan,0.8786477860355965,Europe,2045,2.25,4.07
AC-0041,10,23770.886934485447,16997,29,Inspection,3,29,1209,0.571829248483963,1,High,Turboprop,0.6135006496692104,South America,1875,2.39,2.81
AC-0042,28,24246.963452448766,15215,171,Major Overhaul,6,28,4057,0.7036545928983408,1,High,Turbofan,0.610638295533092,North America,2712,2.79,1.0
AC-0043,28,13987.480951528882,1301,228,Inspection,9,21,3750,0.3424955016732895,4,Low,Turbofan,0.580708493843787,Asia,2699,11.64,1.0
AC-0044,16,29876.73274923294,18030,188,Major Overhaul,1,10,8561,0.3497705244121533,4,Medium,Turbofan,0.6859973798945809,Oceania,1687,2.62,1.76
AC-0045,15,32473.680316118014,15571,230,Component Replacement,0,19,9109,0.9400718143211093,5,High,Turboprop,0.9235060176945418,Africa,2006,3.0,1.0
AC-0046,30,22093.076919689567,10951,119,Component Replacement,0,28,3103,0.7511811159979798,1,Medium,Turbofan,0.9139560310745322,North America,2960,3.12,2.76
AC-0047,30,45550.92608621472,11773,156,Major Overhaul,10,40,1601,0.619468008600978,1,High,Turboprop,0.6914121039817519,South America,2864,4.97,1.03
AC-0048,15,21806.39992466342,17140,272,Major Overhaul,0,41,4921,0.6829480489785508,4,Low,Turbofan,0.7945593679901183,North America,1704,2.19,1.0
AC-0049,30,20533.16529309333,14057,175,Major Overhaul,4,33,8357,0.12636949879307655,4,Low,Turbofan,0.8604081582374579,Africa,2712,2.29,2.84
AC-0050,19,20243.286520313977,13500,104,Inspection,9,0,8677,0.6562926690055272,4,Low,Piston,0.6206033873140115,Oceania,2154,2.3,1.0
AC-0051,12,16845.009267115114,16921,92,Component Replacement,6,30,6582,0.5585579859017817,2,Medium,Turbofan,0.5840705429473736,Asia,1947,1.97,1.59
AC-0052,23,19409.74506766143,12870,186,Inspection,1,29,7158,0.5911747118014922,3,High,Turbofan,0.9860479966061555,Africa,2307,2.47,1.84
AC-0053,20,10659.11130767476,5082,283,Component Replacement,9,47,2761,0.42348144414773536,3,High,Turboprop,0.8087786566048092,Oceania,1809,3.29,1.0
AC-0054,25,23084.671760867073,14718,181,Routine Check,7,17,8521,0.17332650794164772,1,Low,Turbofan,0.9907078609168319,South America,1876,2.56,2.44
AC-0055,3,25574.740030242967,11517,170,Inspection,3,16,1008,0.27400531025084696,2,Low,Turboprop,0.6688779935661145,Africa,1000,3.12,2.01
AC-0056,5,5000.0,4754,187,Component Replacement,2,37,2879,0.9556702418914046,4,High,Turbofan,0.8515158499870658,North America,1000,2.21,1.0
AC-0057,19,23980.504875201437,2724,175,Component Replacement,9,13,9379,0.4678296060438406,1,Medium,Turbofan,0.6113018182706189,Europe,1515,9.8,1.25
AC-0058,7,25421.340817419292,2376,222,Inspection,10,22,5252,0.5200148402477778,2,Low,Turbofan,0.6306000856369565,North America,1242,11.74,1.0
AC-0059,21,30145.889906905395,9706,233,Inspection,7,24,9984,0.1474388108680951,5,Low,Turboprop,0.755951060634812,South America,2513,3.94,1.65
AC-0060,9,37046.35072575825,9894,162,Component Replacement,1,14,5995,0.13380960658958255,2,Medium,Turbofan,0.6598090627540356,Asia,1314,4.7,2.45
AC-0061,7,33513.542646005095,19037,134,Inspection,10,45,3709,0.7454633023420819,1,Medium,Turboprop,0.5838107819202922,Africa,1128,2.94,1.0
AC-0062,18,18796.36277464448,19450,224,Major Overhaul,10,21,7898,0.5842851977090002,3,Low,Piston,0.631440350994663,Asia,2157,2.0,1.0
AC-0063,4,17635.878277423537,17406,153,Inspection,2,2,7243,0.55783538579464,4,Low,Turbofan,0.5178741972329324,South America,1062,1.95,1.19
AC-0064,25,30795.04401549854,19844,33,Inspection,2,18,6148,0.31881207738040185,5,High,Turbofan,0.8522118107387433,Africa,2498,2.6,4.41
AC-0065,28,19527.201636624788,6926,55,Inspection,9,43,5671,0.77027565846693,2,Medium,Turbofan,0.7460583285429307,Oceania,2070,3.98,1.59
AC-0066,14,12719.459808763759,7251,7,Component Replacement,10,33,8390,0.2514129211976427,1,Low,Turbofan,0.5471215332022628,Oceania,1250,2.66,2.95
AC-0067,18,48741.41743400597,10496,244,Major Overhaul,0,34,824,0.270941269294918,1,Low,Turbofan,0.5858469965642457,North America,1727,5.65,1.55
AC-0068,26,21892.757353828063,4300,126,Routine Check,5,49,4057,0.5146409542134479,4,Medium,Turboprop,0.5512672690563221,North America,2670,6.27,1.78
AC-0069,9,18734.758173114562,9553,12,Routine Check,1,0,4087,0.3576518759007469,1,Low,Piston,0.8062964041379382,South America,1614,2.83,4.56
AC-0070,26,5000.0,4727,16,Major Overhaul,0,20,651,0.3227166831098317,1,Low,Piston,0.5471051818062469,Oceania,2391,2.15,3.53
AC-0071,21,33514.02092378829,17898,208,Major Overhaul,1,28,1454,0.6807138800979985,4,Medium,Turboprop,0.8771411665176081,Africa,2480,2.92,1.22
AC-0072,2,15120.641542034586,17832,43,Major Overhaul,5,5,4854,0.68587457069669,5,Low,Turboprop,0.5102554596601956,Oceania,1000,1.92,1.5
AC-0073,20,25286.20559567826,7019,135,Component Replacement,3,36,7660,0.8420653628199363,3,Medium,Turbofan,0.6246878939979461,North America,1773,4.54,1.0
AC-0074,28,34686.23156304421,16463,228,Routine Check,5,0,9883,0.4759377102756783,3,Low,Turboprop,0.9453333379459536,South America,2054,3.03,1.76
AC-0075,15,15277.314522759285,11047,111,Major Overhaul,8,0,1187,0.16577658192353523,2,Medium,Turboprop,0.859265659061123,Oceania,2160,2.46,3.17
AC-0076,28,25794.824518175385,12754,160,Component Replacement,9,26,9001,0.34629974642931194,5,Low,Turbofan,0.5364841664628439,South America,2407,2.91,1.0
AC-0077,7,40237.87410193808,3520,264,Routine Check,9,20,3627,0.9820049168771352,2,Low,Piston,0.9105630522425898,Oceania,1698,12.4,1.0
AC-0078,12,5000.0,4081,225,Inspection,7,15,7263,0.6366327177094319,3,Low,Turbofan,0.7465175607701025,Asia,1462,2.1,1.0
AC-0079,29,16894.941530207812,2428,217,Component Replacement,0,43,3895,0.7387633763209183,4,High,Turboprop,0.9233915135844146,Oceania,2274,7.76,1.77
AC-0080,8,15954.581162129287,4967,45,Routine Check,7,39,9505,0.10662204666287309,1,High,Turboprop,0.8003698872251968,North America,1747,4.4,4.0
AC-0081,15,23130.94877439591,7445,214,Component Replacement,8,25,1345,0.5663851589642688,3,Low,Piston,0.8409165160164294,Africa,1904,4.08,1.07
AC-0082,3,24522.09122626462,15566,59,Routine Check,5,15,1664,0.1337757917786228,5,Medium,Turbofan,0.9967507801978541,North America,1000,2.76,4.34
AC-0083,14,14387.373670534096,15042,132,Routine Check,9,27,6404,0.6123071908823031,3,Medium,Turboprop,0.6161677729620091,North America,1693,1.81,1.0
AC-0084,17,18456.266538869844,12329,104,Inspection,4,0,5860,0.9286937646724678,5,High,Turbofan,0.8119727873806941,North America,1895,2.53,1.16
AC-0085,4,17267.75029547177,3159,195,Component Replacement,5,35,854,0.9715772174503671,5,Low,Turbofan,0.7301606950286992,South America,1003,6.35,1.0
AC-0086,18,21492.10754827131,6132,157,Major Overhaul,5,9,2372,0.5864974078500318,5,Medium,Turboprop,0.5197259764613458,Europe,1866,4.62,1.0
AC-0087,8,27182.227325310963,19931,98,Inspection,8,42,2524,0.5123843247269944,2,Low,Turbofan,0.5072353207514325,Europe,1803,2.48,1.2
AC-0088,4,34105.6412237108,15933,226,Inspection,3,16,3317,0.9505153848236446,4,Low,Turboprop,0.5596142889089293,Asia,1000,2.99,1.0
AC-0089,2,35553.30996546415,11473,205,Routine Check,1,22,4332,0.7062488487970255,3,High,Turbofan,0.8245458702692741,North America,1249,4.26,1.03
AC-0090,30,31536.342613353238,11805,79,Major Overhaul,10,6,8757,0.15840935158456854,4,Medium,Turbofan,0.7835815439566961,Europe,2765,3.55,3.55
AC-0091,6,16260.258805149033,4083,124,Component Replacement,10,43,3081,0.5191530199007478,1,Low,Turboprop,0.7767147805818637,Asia,1316,5.03,1.22
AC-0092,22,24967.040796726462,18421,218,Major Overhaul,8,6,9822,0.31622051661787354,3,Low,Turbofan,0.51592838126413,South America,2483,2.55,1.0
AC-0093,10,48743.29403492388,14944,4,Major Overhaul,1,43,2986,0.5228238893038134,4,Medium,Turbofan,0.7346514981800035,North America,1175,4.41,3.51
AC-0094,4,35145.32692687298,8604,90,Major Overhaul,9,14,9526,0.5099190148057255,4,Medium,Piston,0.9623114089212643,Africa,1584,5.27,2.92
AC-0095,22,20594.95441126475,16379,104,Major Overhaul,8,33,8918,0.6239303225332679,1,Low,Turbofan,0.6987959346553233,South America,2009,2.19,1.3
AC-0096,29,40820.3818296378,4983,119,Major Overhaul,1,45,2943,0.42109344131432613,5,High,Turboprop,0.8124612348942282,Asia,2675,9.03,3.13
AC-0097,18,21119.308102025858,2778,133,Routine Check,7,44,9419,0.24784340451033526,3,Low,Turbofan,0.8899093378115718,South America,1763,8.48,3.25
AC-0098,26,18315.980316967318,6110,96,Routine Check,8,3,1536,0.5533474911309607,3,Low,Turbofan,0.8919626395709438,Africa,1822,4.0,2.07
AC-0099,12,38957.31935928564,13087,143,Inspection,9,13,9184,0.8471825959111858,1,High,Turbofan,0.7596400411976356,South America,1417,4.09,1.0
AC-0100,2,11903.507099881017,18508,288,Routine Check,8,13,7935,0.6976110052608421,5,Low,Turbofan,0.9289759727011682,Asia,1124,1.5,1.0
AC-0101,10,5862.224197316438,18081,28,Inspection,9,15,2048,0.4045310793326943,3,Low,Turbofan,0.6956890466818735,Africa,1904,1.39,3.03
AC-0102,30,34412.84578060475,3179,278,Inspection,8,6,9835,0.9419707204829715,3,Medium,Turbofan,0.9443466073923992,Africa,2752,11.75,1.0
AC-0103,4,25276.909316162128,10596,233,Component Replacement,1,31,5565,0.920986814124264,3,High,Turbofan,0.6201135831977727,South America,1000,3.32,1.0
AC-0104,14,26273.65478537156,6251,17,Major Overhaul,3,18,6996,0.2884135594456889,5,Low,Turbofan,0.6401082034952855,Africa,1803,5.27,3.76
AC-0105,16,21385.771605730228,10235,59,Routine Check,6,1,6683,0.1354758266083267,1,High,Turbofan,0.5265603120995006,South America,1919,3.08,3.05
AC-0106,15,22615.066326159416,19313,90,Component Replacement,1,9,4457,0.767177837515686,3,Medium,Turbofan,0.8977909182711414,North America,2202,2.3,2.33
AC-0107,8,20418.900971686235,15871,199,Routine Check,0,49,3907,0.8448492352142379,4,Low,Turbofan,0.7085276181163528,Africa,1128,2.15,1.0
AC-0108,14,18740.070697455998,2013,26,Inspection,2,16,1139,0.9710781093562197,5,Medium,Piston,0.6145583069556995,South America,1863,10.43,1.17
AC-0109,23,21180.897776312384,17610,25,Routine Check,3,36,672,0.9008527546794797,2,Low,Turboprop,0.6158951388082898,North America,1757,2.03,1.53
AC-0110,28,20865.487611823002,2828,267,Major Overhaul,7,11,6166,0.6404812913857734,1,Low,Turboprop,0.9506999706146166,Africa,2700,8.26,1.0
AC-0111,25,16714.162289812644,8909,181,Inspection,5,5,4854,0.5770471052911428,4,Medium,Turbofan,0.9169583002305184,North America,2665,2.94,2.11
AC-0112,30,19548.30800668156,6588,68,Inspection,10,21,4459,0.12505694613632767,3,High,Piston,0.7767654426785917,Oceania,2955,4.11,3.04
AC-0113,8,5000.0,14109,49,Component Replacement,1,31,9208,0.32199080216030007,2,Low,Turboprop,0.8080554002078606,Africa,1075,1.26,4.24
AC-0114,21,31846.422015551685,3023,175,Major Overhaul,8,40,9214,0.5136532765596338,1,Low,Turboprop,0.7371627852751454,Oceania,1869,11.47,1.26
AC-0115,16,28902.532689831423,15537,52,Inspection,1,19,3386,0.665653510075211,5,Low,Turbofan,0.6958332714394044,Asia,1585,2.88,1.99
AC-0116,13,24150.911675041676,6891,102,Major Overhaul,4,0,2664,0.6015266499865696,2,Low,Piston,0.9577384406091658,Asia,2025,4.39,2.87
AC-0117,18,27373.243847597434,2080,216,Routine Check,3,46,4445,0.7683723907135215,2,Low,Turboprop,0.562806351760151,South America,1728,14.28,1.0
AC-0118,15,27735.77403138628,6036,188,Major Overhaul,6,5,5735,0.35179023779833674,4,Low,Turboprop,0.7092233948581139,Europe,2126,5.7,2.09
AC-0119,21,17759.98203395701,16379,57,Inspection,7,18,8246,0.6084573468872259,1,Medium,Turbofan,0.6722809539939376,Oceania,2302,1.94,2.29
AC-0120,24,19674.196977795953,11822,47,Component Replacement,4,17,3090,0.17932801905171292,4,Low,Turbofan,0.7490753601255742,Oceania,2356,2.65,3.64
AC-0121,26,30283.166096303765,3563,159,Inspection,9,5,8254,0.4722989712248863,4,Low,Turbofan,0.7288159372725875,Asia,2155,9.61,1.04
AC-0122,25,27075.03485159136,4292,174,Major Overhaul,4,44,5434,0.7751447496591409,3,High,Turbofan,0.7594447658255408,Oceania,1763,7.24,1.0
AC-0123,28,45433.20489682305,4586,242,Major Overhaul,1,32,4576,0.7240607680861396,5,High,Turboprop,0.5699594886134971,Europe,2174,10.96,1.0
AC-0124,28,41196.12155437311,17087,282,Inspection,7,22,5685,0.991578463454961,2,Low,Turbofan,0.7565707507566386,North America,1970,3.23,1.0
AC-0125,28,34330.1214038835,17100,241,Major Overhaul,1,22,1593,0.3501020133889804,1,Low,Turbofan,0.6212094069436054,North America,2726,3.05,1.12
AC-0126,13,17382.650842721807,7643,5,Routine Check,9,25,4380,0.5483703692565812,5,Medium,Turbofan,0.5921656744940956,Europe,1344,3.14,2.3
AC-0127,9,19354.429967304248,4959,84,Inspection,5,12,7059,0.39657737239659707,5,Low,Turbofan,0.5324171093930956,Oceania,1814,5.04,1.73
AC-0128,29,14979.532763712657,12005,248,Component Replacement,7,6,3285,0.49654280265325723,1,Low,Turbofan,0.8813262793780705,Oceania,2761,2.19,1.32
AC-0129,15,27797.57349786709,11775,54,Inspection,5,14,6565,0.8712551168824493,5,Medium,Turboprop,0.7137209604282799,Oceania,2177,3.27,1.8
AC-0130,13,5000.0,1161,161,Routine Check,3,43,7039,0.7157881676696379,3,Low,Turbofan,0.8133218416558792,South America,2028,5.44,1.36
AC-0131,1,20413.80723057001,17029,226,Routine Check,3,26,2074,0.8941970722128235,5,Low,Turbofan,0.8637966716523717,Africa,1072,2.02,1.0
AC-0132,25,21932.83600678183,17977,15,Routine Check,5,25,6176,0.2831599974986978,3,Low,Turbofan,0.8396583326567768,Europe,1855,2.18,3.77
AC-0133,7,9757.094668300078,15226,224,Routine Check,3,32,8560,0.8860250060572942,2,Low,Turbofan,0.7352503595448412,Europe,1619,1.59,1.0
AC-0134,9,32977.363145786345,12154,61,Routine Check,7,14,4490,0.153786046760546,2,Low,Turbofan,0.6939492644758649,Europe,1935,3.63,3.43
AC-0135,24,13608.582714101174,13080,122,Component Replacement,8,35,5710,0.8997393523934372,4,High,Turboprop,0.6879799548203318,Europe,2592,2.21,1.0
AC-0136,1,27677.426657032614,4390,277,Major Overhaul,0,44,5345,0.3961664015146551,3,Low,Turboprop,0.8200243984650282,Europe,1000,7.41,1.57
AC-0137,12,50000.0,6997,46,Routine Check,3,26,9785,0.38312887007265983,2,Low,Turboprop,0.7473971774709367,Oceania,1244,7.97,3.73
AC-0138,8,8889.943900447788,13693,294,Routine Check,3,4,1689,0.5608797190287975,5,Low,Turboprop,0.9245661239942553,South America,1876,1.74,1.32
AC-0139,24,23514.485949929505,18047,62,Inspection,1,1,3189,0.9466211689509085,1,High,Turbofan,0.937350992163356,Asia,2431,2.31,2.39
AC-0140,11,20925.398623647347,10324,86,Component Replacement,5,32,4595,0.14300322821326483,1,Medium,Piston,0.5852801890032593,Oceania,1399,3.19,3.23
AC-0141,19,18980.313211036155,1541,210,Component Replacement,2,15,2375,0.41700787756367075,3,Low,Turboprop,0.5681168257728628,Oceania,1873,13.24,1.0
AC-0142,17,32602.510946353603,6093,78,Major Overhaul,6,22,8268,0.8709147898150021,4,High,Piston,0.8152004630179998,Africa,1820,6.38,1.11
AC-0143,8,36063.29104828443,14428,202,Component Replacement,10,37,3906,0.45644902969192,5,Low,Turbofan,0.6506128740311397,Asia,1585,3.5,1.0
AC-0144,3,32716.381493013363,12166,223,Inspection,10,15,4432,0.2792412078373603,3,Low,Piston,0.5092853593825495,Europe,1000,3.68,1.0
AC-0145,3,17766.60917548766,18251,222,Inspection,4,13,8740,0.4823147631982706,1,Low,Turboprop,0.9443213346814776,Asia,1000,1.96,1.71
AC-0146,1,49338.48078402416,17063,3,Major Overhaul,3,28,5908,0.44699725134250234,3,Low,Turboprop,0.6134503836219041,South America,1000,3.77,2.98
AC-0147,27,7297.568116581078,11258,6,Inspection,4,25,4361,0.9238745813200331,5,Low,Turbofan,0.9646403258429046,North America,2783,1.75,2.77
AC-0148,5,14673.709309657053,17044,93,Routine Check,7,34,7906,0.7857409381687873,2,Medium,Turboprop,0.8587172254391269,Oceania,1324,1.84,1.27
AC-0149,10,26697.29284390374,6469,8,Routine Check,2,14,3333,0.5546040001696058,5,Low,Piston,0.8813267449557421,Asia,1540,5.31,3.83
AC-0150,7,25893.939191456495,7256,235,Inspection,6,2,5785,0.9895335100494139,2,Medium,Turboprop,0.6007307478965802,Africa,1636,4.47,1.0
AC-0151,26,29880.440793787493,11720,108,Major Overhaul,5,22,8145,0.518749778148331,2,Low,Turbofan,0.6170972128084065,South America,2658,3.62,1.28
AC-0152,9,40801.34095075201,2169,161,Component Replacement,0,28,9523,0.1524140477382477,2,Low,Piston,0.7606338769120329,North America,1234,19.99,3.05
AC-0153,28,23801.490806344013,1830,209,Major Overhaul,6,33,5277,0.3360468896334864,3,Low,Turbofan,0.586049926324931,South America,2383,14.07,1.0
AC-0154,7,26137.294602129805,2651,240,Component Replacement,6,32,3235,0.4924634321973813,1,High,Turbofan,0.6527158463415161,Europe,1780,11.01,1.0
AC-0155,9,19054.839472757507,18520,50,Inspection,0,40,8773,0.24121236173150812,3,Low,Turbofan,0.6607312389739022,North America,1321,2.16,3.31
AC-0156,8,30883.285184606422,10518,11,Inspection,8,40,8778,0.9528086136916387,1,Medium,Piston,0.5798149666263821,Africa,1000,3.88,1.0
AC-0157,12,21815.214893496606,14258,156,Routine Check,5,22,6868,0.7901640080359957,5,Low,Turbofan,0.6025914166975803,North America,1478,2.57,1.0
AC-0158,2,21809.42978933657,17184,70,Component Replacement,1,6,1321,0.3414584803849954,4,Low,Turbofan,0.8942759210041282,Africa,1000,2.13,3.84
AC-0159,1,30434.831529637777,2019,169,Major Overhaul,4,2,8025,0.6317240801661242,5,Low,Turboprop,0.5835979272736342,Europe,1292,16.09,1.0
AC-0160,16,35349.20927080599,11028,272,Inspection,10,31,662,0.7493042413986148,3,Low,Turboprop,0.5142286959219613,Africa,1601,4.1,1.0
AC-0161,23,5000.0,13448,68,Major Overhaul,3,30,8277,0.9471510360161182,3,Low,Turbofan,0.8146774713144692,South America,1904,1.47,2.11
AC-0162,23,28607.784246734285,13485,252,Routine Check,6,17,2432,0.8934718142578696,1,Low,Piston,0.987991559696225,Asia,2333,3.13,1.0
AC-0163,30,22297.96681322462,2283,48,Component Replacement,7,42,4035,0.5636730035243923,3,Medium,Piston,0.6656069073115607,South America,2943,10.73,1.99
AC-0164,24,34476.16937661409,18043,184,Component Replacement,10,6,6456,0.7971873578137159,2,Low,Turbofan,0.5593278515981261,Oceania,2391,2.82,1.0
AC-0165,5,22498.773989254885,19394,187,Inspection,10,40,3946,0.6059302784448265,3,Medium,Turbofan,0.7851936626837654,South America,1013,2.36,1.0
AC-0166,3,38010.524331623,2733,90,Component Replacement,0,0,3290,0.5974335010409861,1,Low,Turbofan,0.9531771055478231,North America,1344,14.74,3.01
AC-0167,12,18235.869795159615,19509,139,Inspection,4,13,3207,0.20326776250437273,1,Medium,Turbofan,0.8920308899142394,Europe,1933,1.75,3.43
AC-0168,8,5000.0,19555,89,Routine Check,2,31,8459,0.21352389221453688,2,Medium,Turbofan,0.811257934206358,Oceania,1616,1.14,4.09
AC-0169,22,35515.93040671667,17230,274,Component Replacement,0,5,4433,0.5765802535202117,1,Low,Piston,0.6575282483037996,Oceania,2023,3.25,1.0
AC-0170,27,16564.550377545293,15472,19,Inspection,2,38,3885,0.3419753904811059,4,Low,Turboprop,0.77094008663811,Oceania,2610,2.26,4.24
AC-0171,3,9197.48063256473,13889,154,Major Overhaul,5,9,7136,0.11893321221442177,5,Medium,Turbofan,0.5456224206521276,Asia,1000,1.72,1.86
AC-0172,1,25160.53418643931,4471,260,Inspection,6,6,1422,0.7505552835101911,3,High,Turbofan,0.8394727121403349,Africa,1220,6.78,1.0
AC-0173,3,22608.21333969831,10028,108,Component Replacement,7,25,8589,0.12923793702114847,4,Low,Turbofan,0.8625480094488254,North America,1593,3.14,2.96
AC-0174,5,33231.04975745007,9329,285,Routine Check,10,33,1064,0.6357491569936491,3,Low,Turbofan,0.9825158114549595,Europe,1000,4.75,1.0
AC-0175,15,33924.10819815211,3097,59,Component Replacement,3,29,3758,0.585274414714583,4,High,Turbofan,0.6301986793725358,Asia,2078,11.81,2.66
AC-0176,14,25956.204458893924,15082,125,Component Replacement,2,35,3000,0.971933221520024,3,Low,Turboprop,0.5092282095215113,South America,1311,2.56,1.0
AC-0177,3,16151.840580820151,14930,273,Inspection,4,20,5066,0.5357918254128775,2,Medium,Piston,0.7728042322135753,Europe,1000,1.93,1.0
AC-0178,1,27869.41261224298,11077,107,Major Overhaul,8,16,9679,0.15724129274001764,1,Low,Turbofan,0.8533952521984072,Oceania,1227,3.55,3.68
AC-0179,5,26651.94380120577,7397,299,Component Replacement,5,32,7381,0.5965191710258155,1,Low,Turboprop,0.895203737941494,Europe,1224,4.72,1.0
AC-0180,26,30689.366744696417,3757,245,Major Overhaul,8,9,4136,0.8569865535544913,2,Medium,Turbofan,0.5968694665124052,Europe,2347,9.12,1.0
AC-0181,23,16251.932862552983,19284,247,Inspection,5,46,6530,0.9971643558532959,4,Medium,Turboprop,0.6308764345185118,South America,1761,2.03,1.0
AC-0182,14,20996.271268324468,19994,8,Major Overhaul,1,41,723,0.4873088563201653,5,Low,Turbofan,0.7562954626336482,Africa,1286,2.02,3.35
AC-0183,7,30093.781163361058,18833,141,Inspection,4,11,6797,0.3882688682470683,4,Low,Turbofan,0.6653004049850009,North America,1032,2.46,2.36
AC-0184,27,37473.27055231725,6017,8,Routine Check,10,15,850,0.915987967256799,1,Medium,Piston,0.9302557432937225,Oceania,2446,7.21,2.15
AC-0185,9,34659.2200795959,17370,94,Major Overhaul,8,40,7814,0.2721179161685092,5,Medium,Turbofan,0.7368800768693602,Africa,1730,3.07,3.02
AC-0186,15,25820.548711527976,8999,39,Major Overhaul,7,31,2428,0.653886023529634,3,Low,Turboprop,0.8997893220510015,Asia,1414,4.0,2.94
AC-0187,15,20126.049760788523,11195,81,Routine Check,6,14,8243,0.46514298176285296,5,Medium,Turbofan,0.7903098802411769,Oceania,2064,2.78,2.41
AC-0188,26,29038.205586793054,3096,187,Major Overhaul,0,26,9040,0.13697412845999976,4,Medium,Turbofan,0.886545070808556,North America,1889,10.42,3.65
AC-0189,10,14086.095627065295,16433,84,Routine Check,3,27,5232,0.41255962687512804,2,Medium,Turbofan,0.6663364932651619,Asia,1999,1.76,2.38
AC-0190,28,16829.98560739106,11595,88,Component Replacement,6,16,1517,0.33870567025240716,3,Medium,Turbofan,0.9157083109651556,South America,2354,2.51,3.08
AC-0191,13,40097.71312459624,16941,242,Inspection,10,45,2726,0.7174820385491382,4,Low,Turboprop,0.6372861577755108,Africa,1387,3.56,1.0
AC-0192,19,29020.34480046922,16078,93,Routine Check,6,49,7706,0.9539114479227263,3,Medium,Turbofan,0.7730494040016453,Oceania,2448,2.62,1.36
AC-0193,7,21524.73266227045,6105,86,Major Overhaul,5,1,7670,0.341242468640774,5,Medium,Turboprop,0.6070035565869372,Europe,1383,4.68,2.23
AC-0194,17,33291.386845852685,3839,44,Routine Check,7,35,6707,0.8303193452365135,1,Low,Turboprop,0.7377632608130966,North America,2028,9.7,1.6
AC-0195,20,37869.74963849594,4384,137,Major Overhaul,10,49,2919,0.14982383524456858,4,Low,Turboprop,0.6590876047543516,Oceania,2226,9.54,2.05
AC-0196,29,20553.624417543597,11851,74,Component Replacement,5,6,6740,0.5843089090358319,2,Low,Turbofan,0.6333517153186071,Europe,2007,2.92,2.37
AC-0197,4,20725.920575505246,11053,36,Routine Check,9,12,2393,0.16349505733890513,5,Medium,Piston,0.9834925090140187,Oceania,1241,2.87,4.04
AC-0198,30,19473.542266529945,14493,101,Component Replacement,2,14,5822,0.9406296920175754,4,Low,Turbofan,0.5800370527433654,Asia,2913,2.28,1.0
AC-0199,5,34638.50318715362,18069,156,Inspection,3,24,8218,0.7897161525016512,2,Medium,Turbofan,0.8936629187286976,Europe,1367,2.79,1.81
AC-0200,23,34735.57447520124,15139,255,Major Overhaul,2,22,7378,0.6921549200841332,4,High,Turbofan,0.9920824797416075,Europe,2051,3.19,1.09
AC-0201,7,38859.03321291099,8531,171,Major Overhaul,0,21,1625,0.8415067434621979,5,Medium,Turbofan,0.5099507418700389,Oceania,1691,5.69,1.0
AC-0202,13,35086.02949848836,5283,216,Component Replacement,9,25,3617,0.6827678160131468,4,High,Turbofan,0.8495137070210474,South America,1828,7.69,1.0
AC-0203,15,8677.819205714812,8736,170,Inspection,4,32,4661,0.9720499574568621,3,High,Turboprop,0.6264559027781436,South America,2111,2.16,1.0
AC-0204,11,27809.64320918199,8710,252,Routine Check,0,10,4542,0.7425621530782943,5,Low,Turbofan,0.5202439121641522,Africa,1715,4.09,1.0
AC-0205,29,14416.145971529479,2619,55,Routine Check,0,9,4933,0.9321927486240221,4,Medium,Turbofan,0.7014447894783153,Asia,2788,6.35,1.48
AC-0206,4,19870.856250285848,14975,91,Major Overhaul,1,24,9138,0.5654187028095743,1,Low,Turboprop,0.9676089050854375,South America,1218,2.13,3.58
AC-0207,13,26705.94203580863,13835,278,Component Replacement,3,36,3158,0.2053579716836764,4,High,Turbofan,0.5058825471834989,Oceania,1346,2.93,1.0
AC-0208,7,33355.65398349904,16261,101,Component Replacement,5,47,3983,0.5753599492807154,3,Low,Turbofan,0.7939428459648908,South America,1682,3.25,2.22
AC-0209,27,16091.566575489223,2431,155,Routine Check,7,42,3444,0.21418554525678396,2,High,Turbofan,0.7506982392976622,Africa,1895,7.7,2.69
AC-0210,19,5000.0,10067,141,Inspection,2,37,7710,0.6332441312587646,2,Medium,Turboprop,0.9366920821855238,North America,1979,1.42,1.99
AC-0211,22,26805.308418054316,5713,173,Inspection,0,40,8153,0.5342437544748967,2,Medium,Turbofan,0.5420008572603128,Africa,1996,5.84,1.58
AC-0212,28,50000.0,10557,10,Routine Check,2,44,9287,0.6603178580495035,1,Low,Turbofan,0.8407630149433252,Europe,2564,5.85,3.34
AC-0213,2,22971.537803298474,10435,228,Routine Check,2,23,2486,0.10904228294934844,3,Low,Turbofan,0.8400548492166386,Europe,1599,3.01,3.11
AC-0214,10,25469.154349502587,5998,265,Component Replacement,4,39,1574,0.2753564424898277,5,Medium,Turboprop,0.8345400084311416,South America,1775,5.37,1.3
AC-0215,13,42821.63618536079,1162,248,Inspection,10,45,4805,0.5421973887209178,2,Low,Turboprop,0.9711672474675185,South America,1223,37.77,1.0
AC-0216,30,30902.74619061788,2974,247,Routine Check,3,32,3507,0.9554532054302214,3,High,Turboprop,0.9115437645034402,Africa,2415,11.25,1.0
AC-0217,25,27168.61036982938,9461,155,Routine Check,3,16,1469,0.44524813631964255,4,Low,Turbofan,0.5209863631217531,Africa,2406,3.76,1.0
AC-0218,21,29421.16665313473,18015,34,Major Overhaul,8,23,9272,0.4819348234482712,1,Medium,Turbofan,0.7355414253522565,Oceania,2163,2.62,2.23
AC-0219,6,27502.439325736486,18289,129,Routine Check,6,36,3324,0.7432264801059599,3,Low,Turbofan,0.6989765281006668,Asia,1134,2.47,1.47
AC-0220,28,13602.45571843294,3014,160,Routine Check,3,1,1711,0.6434134815575062,3,Medium,Turbofan,0.655073610545401,Oceania,2746,5.43,1.0
AC-0221,28,11585.548422003025,10833,89,Inspection,2,31,729,0.3690335350884999,5,Medium,Turbofan,0.7256683625770486,Europe,2532,1.94,3.46
AC-0222,12,43868.28112124237,8896,93,Component Replacement,5,23,4784,0.46973475601068504,3,Low,Turbofan,0.6920970924629888,Oceania,1787,6.04,1.92
AC-0223,12,26838.833519051575,1204,241,Inspection,2,8,3685,0.2959298189715092,5,Low,Turbofan,0.7161669499393326,Africa,1674,23.49,1.51
AC-0224,20,26000.954425796983,17965,117,Component Replacement,5,3,1001,0.9694193132171877,1,Low,Turboprop,0.9896309328043212,Oceania,1795,2.56,1.64
AC-0225,30,24097.723359437903,10032,94,Major Overhaul,10,16,548,0.21757094340162375,1,Medium,Turbofan,0.5443164873747903,North America,2083,3.32,2.2
AC-0226,30,32810.73267616452,6347,163,Routine Check,10,16,4066,0.4346531061097775,4,Medium,Turboprop,0.9611154349193649,Asia,2014,6.07,2.03
AC-0227,11,50000.0,3643,99,Major Overhaul,8,49,3555,0.12325507499801008,5,Medium,Turbofan,0.7401183567355134,Africa,1916,14.61,3.09
AC-0228,26,30239.52667107794,9017,113,Component Replacement,5,47,9380,0.2996015427401918,5,Medium,Turbofan,0.8118711227497706,South America,1933,4.21,3.25
AC-0229,23,19119.131736854473,19681,91,Inspection,3,29,886,0.8024240245421395,2,Low,Turbofan,0.9150914833088469,Oceania,2127,1.99,1.86
AC-0230,28,23665.99142108456,18258,206,Inspection,4,39,1469,0.2810577090599915,2,Low,Turbofan,0.6802315145746278,Africa,2532,2.34,1.68
AC-0231,25,35709.96467205255,6560,17,Major Overhaul,5,10,9697,0.17205706227606904,4,Low,Turbofan,0.7152109540439835,South America,2068,6.53,3.61
AC-0232,7,19171.993985870024,16892,274,Component Replacement,10,20,6320,0.527007861860071,1,Low,Turbofan,0.704759240139357,South America,1241,2.21,1.0
AC-0233,30,33522.46489030268,15531,173,Major Overhaul,2,20,3552,0.10897231126106666,2,High,Piston,0.6873655112678799,Europe,2478,3.08,2.56
AC-0234,1,5000.0,18073,116,Major Overhaul,7,17,7897,0.17628953898369987,3,High,Turboprop,0.9627646608234475,Europe,1189,1.21,3.33
AC-0235,1,22701.204285536132,5000,181,Routine Check,3,28,2802,0.8268632826066776,1,Low,Turbofan,0.914464945596506,Africa,1000,5.61,1.12
AC-0236,25,31281.400134806696,15289,91,Major Overhaul,7,23,2783,0.7943260103736457,3,Medium,Turboprop,0.554499994931488,Africa,2116,2.99,1.0
AC-0237,27,37701.25546575715,18055,82,Routine Check,9,9,4866,0.9236249383644064,5,High,Turboprop,0.554061676238548,North America,2137,2.97,1.0
AC-0238,30,16815.257829576087,8927,114,Routine Check,9,44,622,0.8690638923196745,1,Low,Turboprop,0.7139347574264956,Asia,2812,2.83,1.0
AC-0239,25,9972.349823693965,16562,257,Inspection,2,16,7299,0.7148580069158362,4,Low,Turboprop,0.5493286883664046,Asia,2127,1.51,1.0
AC-0240,20,22392.64835108181,2171,58,Routine Check,9,17,9972,0.14709957157059655,5,Low,Turbofan,0.8095465476355599,Africa,2191,11.15,3.87
AC-0241,13,13745.80992253111,12918,154,Routine Check,6,41,4227,0.8045637561879917,5,Medium,Turbofan,0.5718458036308669,Europe,1612,2.2,1.0
AC-0242,9,23509.6333327047,10135,116,Inspection,10,47,8950,0.8609597297565044,3,High,Turbofan,0.7611866319834005,Oceania,1543,3.46,1.0
AC-0243,3,24933.465453687626,7342,266,Major Overhaul,8,19,9639,0.819173931194759,5,Medium,Turbofan,0.5036099735018589,North America,1000,4.28,1.0
AC-0244,7,11808.549547980552,18833,203,Component Replacement,3,36,5458,0.5576311317772235,2,Low,Turbofan,0.6582981742063234,Asia,1385,1.45,1.0
AC-0245,6,33044.39110110865,12929,41,Component Replacement,7,44,1024,0.3096116547845335,1,Low,Turbofan,0.8385953618363278,Africa,1000,3.65,3.76
AC-0246,8,23427.86106635549,3539,105,Component Replacement,2,17,9579,0.860796978119854,2,Medium,Piston,0.7420194701139242,Europe,1169,7.5,1.89
AC-0247,27,35804.5986900535,4959,193,Major Overhaul,6,16,8899,0.7544465287661246,3,High,Piston,0.9891347429994941,Europe,2837,8.18,1.21
AC-0248,9,6550.947597039063,14183,278,Routine Check,2,8,648,0.9826850569499664,3,Medium,Turboprop,0.9370518980331054,Europe,1920,1.29,1.0
AC-0249,30,14828.078294546094,6432,237,Component Replacement,6,13,8501,0.24012333798033964,1,Medium,Turboprop,0.6795353895215757,Oceania,2069,3.2,1.09
AC-0250,5,30166.693086481228,19745,221,Major Overhaul,10,48,937,0.30309812474684955,5,Low,Piston,0.5227432707361372,South America,1067,2.64,1.0
AC-0251,1,17008.894291747347,2753,68,Routine Check,9,28,4249,0.2906183348933524,4,High,Turbofan,0.9228131500575094,Oceania,1000,7.3,3.67
AC-0252,19,23354.643419503038,19322,197,Inspection,9,30,8686,0.813285790859203,3,Medium,Turbofan,0.9556171551573357,Europe,1538,2.09,1.0
AC-0253,10,25006.991175571748,11123,256,Component Replacement,10,3,4953,0.26821656680510636,1,Low,Turbofan,0.9103136967095184,Africa,1700,3.18,1.13
AC-0254,12,26582.559809533675,17376,139,Routine Check,10,17,5836,0.1599938468409755,4,Medium,Turboprop,0.5639749704598824,North America,1356,2.38,1.77
AC-0255,24,18224.33787266293,7588,149,Component Replacement,5,19,5051,0.9987047259270657,5,Low,Turbofan,0.9989575672061439,Oceania,1916,3.23,1.22
AC-0256,15,26492.865634724778,7304,99,Component Replacement,1,46,3323,0.12233549030063423,3,Low,Turboprop,0.6292921107763869,Africa,1699,4.82,3.31
AC-0257,27,17174.5629476552,8345,76,Component Replacement,10,42,6228,0.8517196541429791,1,Low,Turbofan,0.862102456404185,Europe,2743,3.12,1.7
AC-0258,22,31742.804687467753,16352,282,Routine Check,2,43,9177,0.4288301573955875,1,Low,Turbofan,0.9540174381678608,North America,2143,2.96,1.15
AC-0259,24,23851.559805169767,1597,109,Major Overhaul,5,8,8891,0.8574539137820337,1,Low,Turboprop,0.6178435571653547,Asia,1840,16.04,1.0
AC-0260,9,26550.366235955185,3336,188,Routine Check,3,12,2482,0.5991584420900306,3,Low,Turbofan,0.954129277338533,Asia,1110,9.09,2.09
AC-0261,20,50000.0,10879,199,Component Replacement,5,14,7496,0.911468106537724,4,Medium,Turbofan,0.6547407895974335,Africa,1531,5.72,1.0
AC-0262,17,13928.955453999784,1572,154,Routine Check,0,26,2811,0.933573687773164,1,Low,Turbofan,0.988206611192028,North America,2173,9.67,1.78
AC-0263,30,38885.82269040288,8521,40,Inspection,9,14,7725,0.1081883631526984,5,Low,Turbofan,0.6406300101902374,Africa,2151,5.44,2.96
AC-0264,17,5000.0,7171,133,Major Overhaul,0,27,1104,0.16787095839350946,1,Low,Turboprop,0.9767179123789176,North America,2208,1.76,3.65
AC-0265,26,5000.0,19474,132,Routine Check,2,36,8675,0.3253228566137699,4,Medium,Turbofan,0.5267723254463375,North America,2059,1.21,1.71
AC-0266,20,12593.599223124293,14992,279,Inspection,7,18,6285,0.7023838747271515,3,Low,Turbofan,0.8546360058349065,Africa,2227,2.03,1.0
AC-0267,12,13224.716347250636,12861,84,Major Overhaul,7,25,5097,0.8994449768603554,1,Low,Turbofan,0.7660555669185019,North America,1378,2.09,1.11
AC-0268,30,27037.017981388497,13464,242,Inspection,10,25,8259,0.5139477561645664,1,High,Turboprop,0.7389385385613654,Oceania,2284,3.19,1.0
AC-0269,7,27898.42264168468,2633,116,Major Overhaul,3,24,8032,0.6462758046468389,5,Medium,Turbofan,0.61174715712792,Europe,1459,11.48,1.27
AC-0270,2,22451.787316276354,18901,109,Routine Check,5,25,9240,0.26964986751600506,5,High,Turboprop,0.852797894888246,North America,1516,2.33,3.25
AC-0271,3,23501.220332375382,13485,221,Inspection,7,25,1338,0.8244701504935168,1,Low,Turboprop,0.5954047457231535,Oceania,1191,2.67,1.0
AC-0272,17,30277.64760931661,11849,41,Component Replacement,6,45,4315,0.9705953002181228,1,Low,Turbofan,0.7764208979923841,North America,1951,3.75,1.85
AC-0273,5,33332.23877620742,4648,147,Inspection,10,27,1347,0.34173903962313773,5,Medium,Turboprop,0.6266226815201255,Oceania,1000,8.03,1.63
AC-0274,17,11734.60983890241,16177,112,Major Overhaul,6,48,5209,0.5453433564404917,4,Low,Turboprop,0.977810689890678,Africa,2005,1.73,2.81
AC-0275,24,21381.090287669962,14140,103,Routine Check,3,17,5007,0.17750449945573643,2,Low,Turbofan,0.5143155969178264,Asia,1766,2.63,2.23
AC-0276,17,24304.101770869896,18921,46,Major Overhaul,8,31,7075,0.6032229908166715,2,Low,Turbofan,0.5998641400556183,South America,2294,2.26,1.78
AC-0277,27,29853.159965604533,15357,271,Inspection,9,2,5273,0.5525050976620125,1,High,Piston,0.6211553031937238,North America,2718,2.93,1.0
AC-0278,17,17273.32857726529,14368,195,Inspection,5,1,4968,0.22999283573956986,5,Low,Turboprop,0.7070339128839083,South America,1919,2.4,2.41
AC-0279,2,24107.788244063297,4137,280,Component Replacement,10,32,5692,0.4978595918062676,3,High,Turbofan,0.6163651209350267,North America,1599,6.8,1.0
AC-0280,2,25299.83634527158,1097,283,Routine Check,2,41,3820,0.4006941868779069,3,High,Turbofan,0.7456745451343927,Africa,1539,24.1,1.0
AC-0281,28,17955.2989654047,12407,40,Routine Check,4,18,5198,0.5696477877746704,2,Low,Turboprop,0.9362327616292695,Africa,2692,2.27,3.21
AC-0282,22,17716.84850052114,13722,189,Inspection,4,16,4811,0.6270889018859193,4,Medium,Turboprop,0.8560317107045854,Oceania,1878,2.43,1.14
AC-0283,23,25987.457776373347,13924,164,Routine Check,4,43,4173,0.10764602074648856,2,Medium,Turboprop,0.7899809902675555,North America,2397,2.93,2.64
AC-0284,5,23696.54854012792,4750,24,Component Replacement,7,32,2064,0.7849053846545998,1,High,Turbofan,0.5445015889913398,Africa,1192,5.95,1.7
AC-0285,1,30004.775194206322,9535,24,Major Overhaul,8,11,2340,0.7417128626755667,4,Low,Turboprop,0.8469960541946377,Africa,1446,3.95,2.33
AC-0286,1,14467.412793550038,5666,4,Routine Check,8,48,6558,0.42965774758587005,3,Medium,Turbofan,0.5832071421554699,North America,1414,3.59,2.98
AC-0287,19,21493.18472121213,17009,290,Inspection,5,2,7631,0.14764234201193643,5,Low,Turbofan,0.893183692980849,Oceania,1848,2.07,2.17
AC-0288,30,22707.83948446408,17994,181,Major Overhaul,5,42,1226,0.7794392858065453,5,High,Turboprop,0.6250283792550766,Oceania,2127,2.06,1.0
AC-0289,2,33138.639081236055,2727,248,Major Overhaul,8,48,9936,0.9596576444303192,1,Low,Piston,0.7085243641604504,Oceania,1000,13.2,1.0
AC-0290,21,15595.862254320977,2854,116,Component Replacement,3,25,7197,0.3161364364198128,2,Low,Turbofan,0.6752351011589639,Oceania,2031,6.34,2.2
AC-0291,12,27346.520051550862,11800,279,Inspection,5,34,9757,0.39117215236333414,1,Medium,Turbofan,0.9294069573374284,Asia,1820,3.19,1.74
AC-0292,26,27527.555075378867,6055,69,Routine Check,3,7,782,0.26543160053363346,5,High,Turboprop,0.5632722293567041,North America,2747,5.61,2.81
AC-0293,6,41463.97242679974,11271,254,Inspection,10,35,1581,0.6192425110103557,3,Medium,Turbofan,0.7828224411923943,Asia,1000,4.5,1.0
AC-0294,23,14929.10635693739,19708,181,Major Overhaul,0,6,4385,0.23935725518270945,5,Low,Turboprop,0.5710308047215311,Africa,1818,1.68,1.99
AC-0295,4,18427.666818825062,13819,169,Inspection,6,45,3381,0.4205745491152415,4,Low,Turboprop,0.8523979180660933,Asia,1383,2.19,1.97
AC-0296,23,15626.44317776679,10369,249,Routine Check,9,45,3470,0.7273117125408367,5,High,Turbofan,0.9525390638972406,Oceania,1909,2.54,1.0
AC-0297,11,8302.208279316,10283,188,Routine Check,10,35,9844,0.6041043847084135,5,Medium,Piston,0.7173038269336267,Africa,1766,1.87,1.0
AC-0298,24,42646.869342627186,14171,54,Component Replacement,5,15,7485,0.4478163078951417,4,High,Turboprop,0.7440461301324879,Asia,2663,4.1,3.15
AC-0299,27,12584.987690508775,6774,138,Routine Check,8,23,1447,0.4782246416267877,2,Low,Turboprop,0.9637114182413811,Asia,2496,2.76,2.61
AC-0300,17,16836.945909451544,7519,168,Routine Check,6,0,5260,0.6058997943609066,5,Low,Turboprop,0.7604956943246786,North America,1907,3.07,1.0
AC-0301,6,38157.66508282159,11983,103,Inspection,6,48,566,0.10527825509844518,1,Medium,Turboprop,0.7437992190247804,Asia,1306,4.02,3.25
AC-0302,24,7468.9295306178465,19133,85,Inspection,1,24,9328,0.17065888160824888,5,High,Turbofan,0.7891645513521521,Africa,2220,1.36,4.28
AC-0303,5,32563.515692873814,15939,212,Major Overhaul,10,9,9005,0.8931322609867105,1,Low,Turbofan,0.844614868181476,Oceania,1220,3.22,1.0
AC-0304,20,10869.756546582226,1781,3,Component Replacement,8,15,1064,0.17009109018216167,4,High,Turboprop,0.5534416875435157,North America,1660,6.99,3.71
AC-0305,2,37466.94736529587,17282,179,Inspection,9,15,9517,0.7361232365894547,5,Medium,Turbofan,0.910555263870758,Asia,1000,3.07,1.0
AC-0306,6,5000.0,7823,38,Routine Check,8,7,4170,0.9280343476981473,4,Low,Turbofan,0.7177525137266296,North America,1139,1.48,1.37
AC-0307,22,7465.305837493372,19489,239,Major Overhaul,5,28,9717,0.343615243871558,4,Low,Turboprop,0.5361742549487427,South America,2499,1.43,1.0
AC-0308,11,19550.777650410913,8193,169,Inspection,2,38,2751,0.4334422933535629,2,Low,Turboprop,0.8930913345991065,North America,1882,3.46,2.54
AC-0309,16,34718.22690172736,3113,30,Component Replacement,0,27,1304,0.6120292652602447,5,Medium,Turbofan,0.688474985843136,Oceania,1801,12.21,3.29
AC-0310,16,24690.417493634268,17280,190,Component Replacement,3,5,5131,0.8935380726747262,1,Low,Turboprop,0.550183747547527,South America,1405,2.57,1.0
AC-0311,1,21642.84927113429,14565,25,Major Overhaul,2,15,1735,0.9477150285343782,1,Low,Turboprop,0.8168895197716253,South America,1351,2.48,2.0
AC-0312,9,38460.44207464717,11183,112,Major Overhaul,0,19,7220,0.7656069233001412,5,High,Turbofan,0.9400656767168208,North America,1424,4.29,2.44
AC-0313,28,46552.39538433073,18961,206,Major Overhaul,2,15,7406,0.17795778476922464,2,Low,Turboprop,0.9438767547069932,Africa,2752,3.37,3.35
AC-0314,27,31722.57284413772,10203,185,Major Overhaul,3,6,6516,0.7022387399813658,2,Low,Turbofan,0.9788317374044866,Oceania,2449,4.17,1.4
AC-0315,6,18771.454968987164,19658,47,Major Overhaul,7,40,4049,0.4692733496853959,2,Low,Turbofan,0.933852729883344,Africa,1262,2.0,3.53
AC-0316,16,20818.56965990728,16795,228,Routine Check,8,13,8438,0.5236308995419554,1,Medium,Turbofan,0.5010704596727376,Oceania,1782,2.25,1.0
AC-0317,29,12115.526202426752,19810,39,Routine Check,2,42,4641,0.14423355131065935,4,Medium,Turbofan,0.6901205832066951,Oceania,2653,1.68,3.74
AC-0318,3,26008.17422254052,14489,16,Inspection,5,25,7466,0.27195592541172237,2,Low,Turbofan,0.9092712899527515,Africa,1000,2.85,4.51
AC-0319,20,8704.070140236729,6546,22,Component Replacement,9,25,5835,0.811462246780283,1,Medium,Turboprop,0.683126502999237,Europe,2322,2.48,1.09
AC-0320,28,30518.636553095006,7852,213,Routine Check,10,13,5577,0.5085629497430738,1,Medium,Turboprop,0.8007742531898531,South America,2548,4.92,1.0
AC-0321,27,45055.74045639954,3551,149,Routine Check,4,6,6111,0.37149601746803396,4,Low,Turbofan,0.803158473687266,North America,2634,13.8,1.97
AC-0322,4,32175.9157979305,7411,241,Routine Check,5,32,8589,0.4456171665684624,5,Low,Turboprop,0.6825126520194116,Africa,1000,5.24,1.0
AC-0323,19,20308.522798050653,17391,272,Inspection,3,25,3392,0.8689595619931122,5,Low,Turbofan,0.9522369636406438,Africa,1637,2.24,1.0
AC-0324,26,30269.374126317904,19939,59,Major Overhaul,9,44,6077,0.7740991156644612,2,Low,Turbofan,0.7516141726930587,North America,2452,2.68,1.5
AC-0325,3,41205.33445165877,1475,287,Inspection,5,19,4118,0.34508385746297454,2,Medium,Turboprop,0.7323921029687503,South America,1000,28.89,1.0
AC-0326,19,40704.94635261139,11403,202,Component Replacement,6,2,2059,0.205751656191136,4,Medium,Turbofan,0.9987568728309479,North America,1901,4.68,2.69
AC-0327,20,14962.421084366293,8239,32,Component Replacement,8,3,7183,0.32679839947966455,2,Low,Turbofan,0.7467501820363083,Oceania,2015,2.91,2.87
AC-0328,7,30102.96389582323,7710,162,Component Replacement,9,25,2007,0.9286808059492603,4,Low,Turboprop,0.5891991259642906,Europe,1340,4.73,1.0
AC-0329,20,23418.985099298014,9078,255,Component Replacement,6,10,2563,0.6234299540647799,1,Low,Turbofan,0.756534711431719,Oceania,1975,3.61,1.0
AC-0330,9,33065.93247913687,3285,254,Routine Check,5,1,4142,0.5801321878703046,2,Medium,Turboprop,0.907008367759965,Europe,1212,10.92,1.29
AC-0331,1,28836.139538167707,6223,9,Routine Check,0,13,2500,0.6367542397232153,1,Low,Turbofan,0.8884301634491407,North America,1087,5.82,3.31
AC-0332,8,5000.0,14521,139,Inspection,1,43,1794,0.4294254391718637,3,Medium,Turbofan,0.8942908825542355,Oceania,1358,1.47,2.43
AC-0333,7,21519.869137031612,15889,10,Major Overhaul,0,29,4565,0.8263963182875614,4,Low,Turbofan,0.8540118919989559,South America,1385,2.2,3.42
AC-0334,18,26985.58362896292,7971,214,Component Replacement,8,48,8514,0.5709576243702248,3,Medium,Turbofan,0.6271089145333442,Oceania,2177,4.23,1.0
AC-0335,8,10656.350328411543,12531,273,Inspection,9,11,2103,0.205073112491916,2,High,Turbofan,0.9310420429201157,Africa,1640,1.89,1.59
AC-0336,1,30810.220098659855,15721,48,Routine Check,9,25,1822,0.2161586123461567,1,Low,Turbofan,0.9467217326881325,Europe,1330,2.9,4.09
AC-0337,11,9759.847582729697,5943,111,Routine Check,8,43,6456,0.5831732318523565,2,Low,Turboprop,0.5970763483092745,Europe,1686,2.46,1.0
AC-0338,28,17015.609525829463,7530,153,Major Overhaul,6,32,2941,0.9429131962637552,3,High,Piston,0.5652278182756969,South America,2583,3.28,1.0
AC-0339,25,38413.119197001346,12116,123,Major Overhaul,1,12,1598,0.37751690950857886,2,Low,Turbofan,0.9878024842945561,Europe,2495,4.13,3.97
AC-0340,25,16162.222111357314,1258,102,Major Overhaul,5,13,5573,0.8825870519732965,5,Medium,Turbofan,0.934161981825184,Europe,2044,13.69,1.81
AC-0341,18,30739.669592016755,1282,241,Inspection,10,23,9818,0.7876860279209914,3,Low,Turbofan,0.9466180736049734,South America,2314,25.1,1.0
AC-0342,23,7464.262820913129,14937,191,Routine Check,3,33,8988,0.3230311986162162,2,Medium,Piston,0.9431881923121976,Oceania,2084,1.67,2.28
AC-0343,30,45813.14656765142,2898,217,Routine Check,0,43,4287,0.13270667348461823,1,Low,Piston,0.7708434120168641,North America,2274,16.91,2.45
AC-0344,10,21954.463615127424,5135,51,Major Overhaul,0,25,2596,0.19166253862814447,2,High,Turbofan,0.8232008683328998,Oceania,1587,5.4,4.65
AC-0345,3,25953.20806947719,7629,292,Component Replacement,4,20,2708,0.7556445404626961,1,Medium,Turboprop,0.7726814260668209,Africa,1000,4.29,1.0
AC-0346,7,26790.36796548965,12168,81,Major Overhaul,1,27,6488,0.279702764236582,5,Medium,Turbofan,0.5256031745951646,Africa,1575,3.11,2.35
AC-0347,28,31075.668643313584,1612,88,Inspection,3,47,675,0.43414382845485444,2,Medium,Turbofan,0.8727515426763863,Europe,2842,20.16,3.58
AC-0348,16,9808.20017013823,15203,194,Major Overhaul,0,35,7669,0.5515292494057824,5,Medium,Turbofan,0.7526660166679402,Africa,2296,1.75,1.33
AC-0349,26,24946.635291633367,18071,104,Major Overhaul,3,39,6514,0.7529213516051465,3,Low,Turbofan,0.8238545373951149,North America,2175,2.56,1.38
AC-0350,16,18412.311742186434,3307,271,Inspection,10,1,2167,0.20190810093321285,1,High,Turbofan,0.7513199024877677,Europe,1457,6.65,1.0
AC-0351,25,8104.427739217299,8133,96,Major Overhaul,5,41,9367,0.4657297647497154,3,High,Turbofan,0.745905661161228,Africa,2563,2.15,2.12
AC-0352,20,34871.222001287104,12205,198,Routine Check,9,8,2323,0.5365656182284259,1,Low,Turboprop,0.5858945547388834,Asia,1703,3.91,1.0
AC-0353,28,21478.270164004094,6906,1,Component Replacement,3,22,5647,0.5867443575743857,5,High,Turbofan,0.6393568575705745,Asia,2888,4.07,3.27
AC-0354,17,27425.204256125195,3591,167,Major Overhaul,0,14,1856,0.8365245772556951,4,Medium,Turbofan,0.579426345971978,Asia,2010,8.61,1.0
AC-0355,2,26798.45418728059,16149,126,Inspection,6,12,3572,0.2545103755388952,2,Medium,Turbofan,0.5978331478126713,Asia,1000,2.49,2.13
AC-0356,1,21651.477276238867,13150,81,Component Replacement,1,22,3759,0.8270483066439601,5,Low,Turbofan,0.9864886902101524,Oceania,1000,2.46,2.48
AC-0357,16,44750.27353630781,8183,251,Inspection,8,16,6699,0.723590584926987,1,Low,Turbofan,0.5765567228860993,Asia,2040,6.55,1.0
AC-0358,30,24527.353473709907,11102,169,Component Replacement,2,47,1046,0.6002837327790634,1,Low,Turbofan,0.6346352121526038,Europe,2303,3.18,1.0
AC-0359,12,9420.47682323332,18053,73,Component Replacement,7,1,5731,0.7295750833623147,1,Low,Turbofan,0.7952948288692925,South America,1161,1.54,1.32
AC-0360,5,20996.18639816682,2283,141,Major Overhaul,7,19,8465,0.4708159650564908,1,Medium,Turbofan,0.8050892881183209,Oceania,1319,10.22,2.33
AC-0361,5,29997.376201121104,1923,70,Routine Check,2,19,2583,0.22455782737131214,2,Low,Turbofan,0.5769870648719145,South America,1535,16.51,2.84
AC-0362,27,30325.95109370551,2125,262,Major Overhaul,3,45,2540,0.6991887162388306,3,Low,Turbofan,0.8968587128926062,Europe,1957,15.26,1.0
AC-0363,23,14122.190647382382,2529,245,Inspection,1,2,5034,0.57220507601706,4,High,Turboprop,0.8926014339564126,Europe,1836,6.57,1.38
AC-0364,9,34294.8250734477,9438,3,Inspection,3,11,2252,0.6754373204884979,2,Low,Turboprop,0.6186588521019456,North America,1936,4.59,2.49
AC-0365,9,7371.3307112896,17154,63,Component Replacement,10,39,2349,0.404198902925641,1,Low,Turbofan,0.6443331513377302,Oceania,1178,1.56,1.61
AC-0366,3,36441.35202616418,9004,49,Component Replacement,10,1,3142,0.9161799196058523,2,Low,Turbofan,0.9689939327297485,South America,1000,5.03,1.32
AC-0367,19,11806.521108625944,10752,76,Routine Check,10,35,2100,0.6286328817180192,5,Low,Turbofan,0.912835722989739,Asia,2280,2.14,1.97
AC-0368,16,22737.547809913238,11592,175,Major Overhaul,8,13,4902,0.17686223586178645,1,Medium,Turbofan,0.8488985165312619,Europe,1567,3.12,2.65
AC-0369,16,35645.686780267,4864,109,Inspection,1,15,4299,0.5048235916339858,4,Medium,Turbofan,0.5411166107553003,Asia,2026,8.47,1.65
AC-0370,3,26196.056688870696,1226,183,Component Replacement,2,18,1118,0.7807204492692709,1,Medium,Turbofan,0.7091320404512879,South America,1451,22.52,1.0
AC-0371,20,33166.9851771357,16036,192,Routine Check,10,33,1632,0.8147211055590451,4,Low,Turbofan,0.7796509360384135,Oceania,1753,2.98,1.0
AC-0372,24,31186.61959709932,12739,65,Inspection,10,43,5991,0.5451373474873829,4,Medium,Piston,0.5937056439918884,Africa,2656,3.26,1.88
AC-0373,22,37862.68613404601,17648,271,Component Replacement,3,45,6295,0.9052728137481709,3,Low,Turbofan,0.7241132910541123,Africa,2469,3.05,1.0
AC-0374,24,35622.09850913712,10587,100,Inspection,4,5,8133,0.3409015934748678,3,Low,Turbofan,0.800512938744345,Europe,1786,4.28,2.61
AC-0375,1,20462.55691463558,12749,32,Routine Check,0,12,1987,0.46953882751444,2,Low,Turbofan,0.6636883400576996,North America,1000,2.77,3.25
AC-0376,24,31329.41633793465,1645,128,Routine Check,6,35,8348,0.9087372195120731,2,Low,Piston,0.8904724094752436,Asia,1724,20.1,1.31
AC-0377,20,9734.481383022536,17299,43,Inspection,9,21,5509,0.906631044824421,4,Low,Turboprop,0.9202247908194028,Europe,2457,1.4,1.32
AC-0378,11,24420.95092662215,14675,78,Major Overhaul,6,17,2613,0.7171414919422128,1,Low,Turbofan,0.6618047347170354,North America,1437,2.52,1.38
AC-0379,17,33184.847346385395,19888,289,Inspection,8,11,1544,0.8730824924099981,5,High,Turboprop,0.9193285772462285,Asia,1571,2.53,1.0
AC-0380,8,26338.476542459997,11964,270,Component Replacement,3,29,2931,0.1798959402606094,5,Low,Turbofan,0.5517882830515075,South America,1889,3.25,1.0
AC-0381,4,29466.397315170856,17087,162,Major Overhaul,5,39,8479,0.8784954785869987,1,Low,Turboprop,0.9188645493113281,Africa,1096,2.82,1.0
AC-0382,6,22867.276240342086,14537,189,Component Replacement,10,6,2082,0.38855791589520405,1,Low,Turboprop,0.5763752158338082,North America,1737,2.72,1.0
AC-0383,8,36290.69437535143,14269,247,Inspection,1,31,1808,0.2604983611853947,3,Medium,Turbofan,0.541463576254863,Asia,1410,3.72,1.62
AC-0384,20,24195.842262910075,10346,216,Major Overhaul,3,47,5417,0.3154328527078417,5,Low,Turboprop,0.8208877022205057,Europe,2060,3.22,2.16
AC-0385,30,20345.498175959467,1587,168,Component Replacement,1,18,9293,0.47617165721249843,4,High,Turbofan,0.7359686828776472,Asia,2845,13.74,1.95
AC-0386,3,33865.174125690544,13763,193,Inspection,9,5,2120,0.3260728041440205,2,High,Turbofan,0.9539453002064164,Europe,1089,3.36,1.96
AC-0387,16,10948.4007763554,10177,283,Inspection,4,19,8003,0.3885108274148491,3,Low,Turbofan,0.6815945980454245,Africa,1474,2.02,1.0
AC-0388,30,30010.33343517345,5079,13,Major Overhaul,6,26,5266,0.22148063746447788,5,Low,Turboprop,0.6435761317188143,Africa,2903,7.07,3.08
AC-0389,25,14575.151257728614,4348,240,Inspection,0,42,5862,0.36655908900309864,1,Low,Turbofan,0.7503674530720992,Asia,2060,4.38,2.14
AC-0390,3,37779.268292381654,19099,147,Routine Check,9,36,5692,0.6150554330878011,5,Medium,Turbofan,0.7279730928843307,Asia,1633,3.07,1.47
AC-0391,25,22389.727467532044,11785,204,Component Replacement,9,47,7122,0.4976683372819576,4,Low,Turboprop,0.6722140231085941,Europe,2023,2.9,1.0
AC-0392,29,26349.847208196887,13328,80,Component Replacement,6,6,6593,0.41204688511232,3,Low,Turbofan,0.8468706493491642,Europe,1984,2.79,2.52
AC-0393,18,29125.703966441226,7450,43,Inspection,9,4,7204,0.7718069159714026,1,Low,Turbofan,0.8797809169569542,North America,1616,4.74,1.64
AC-0394,14,5703.154036858428,14230,89,Inspection,5,10,600,0.9041589742539861,4,Medium,Turbofan,0.9264919845150683,North America,1920,1.42,1.84
AC-0395,18,18494.15158443143,6433,148,Routine Check,5,14,7157,0.7811103006121574,2,Low,Turbofan,0.9864283023551714,North America,2071,3.96,1.8
AC-0396,2,35435.45909286554,2098,95,Major Overhaul,7,2,6375,0.3988006319059113,3,Low,Turbofan,0.6333280960662522,Asia,1007,17.78,2.4
AC-0397,22,33677.650241708885,8096,151,Inspection,7,4,4771,0.7699979510537983,4,Medium,Turbofan,0.8580467412449808,Oceania,2118,5.25,1.31
AC-0398,3,27830.322053952164,19710,2,Inspection,5,22,737,0.2367821642266461,4,Medium,Piston,0.6971291177478727,Oceania,1000,2.54,3.81
AC-0399,16,11505.364285744767,12439,22,Inspection,2,36,7726,0.2172861892821618,1,High,Turboprop,0.838540985975554,Oceania,1937,1.89,4.56
AC-0400,29,30855.034608585793,10087,7,Inspection,4,8,8532,0.4110643333325431,2,Low,Turbofan,0.7379908451746102,Oceania,2424,4.16,3.7
AC-0401,9,32133.995902054456,17021,206,Component Replacement,1,14,5718,0.8269321321396513,4,Medium,Turbofan,0.9968865513839658,North America,1829,2.85,1.36
AC-0402,4,25470.17213123745,7416,114,Inspection,4,2,4525,0.32171342251807167,3,Medium,Turbofan,0.864451067895375,Asia,1024,4.51,3.06
AC-0403,1,37231.70950591457,7980,272,Component Replacement,8,28,6573,0.15692806800881165,4,Low,Turboprop,0.9762456502171623,Oceania,1000,5.77,2.08
AC-0404,4,18165.68209869877,19058,83,Inspection,9,5,3042,0.2185385816857196,5,Medium,Turbofan,0.9174847747405929,Africa,1000,2.15,3.42
AC-0405,1,19901.42422500025,12101,179,Major Overhaul,0,16,2037,0.8728704716766221,3,Low,Turbofan,0.9514505055816855,South America,1000,2.58,1.59
AC-0406,14,5000.0,8950,210,Routine Check,9,25,1254,0.6704049562725588,3,High,Turboprop,0.9072095986073374,Africa,1564,1.52,1.0
AC-0407,21,34198.27510147663,10122,124,Major Overhaul,4,20,7896,0.32788104703297904,4,Low,Turbofan,0.7295795651879557,Asia,2220,4.24,2.78
AC-0408,16,28138.619634701343,13576,113,Inspection,5,7,8323,0.5997662427953632,1,Medium,Turbofan,0.6258942266734422,Asia,1501,2.95,1.59
AC-0409,20,8181.796748667708,2089,12,Inspection,10,20,6007,0.5748216601828153,3,Low,Turboprop,0.685160087725261,South America,1865,4.99,2.23
AC-0410,24,7414.010000058526,5578,126,Inspection,6,10,4735,0.6898923805965951,5,High,Turboprop,0.5101181163199753,Europe,2493,2.5,1.0
AC-0411,8,16273.693726289894,10127,53,Major Overhaul,8,37,1040,0.3098687989794547,1,Low,Turbofan,0.7619965837323336,Europe,1881,2.56,2.98
AC-0412,7,32936.57941980354,11487,283,Inspection,5,7,6010,0.877962688474958,1,High,Turboprop,0.7525289001352043,Europe,1693,3.74,1.0
AC-0413,3,21996.395119113713,1155,140,Major Overhaul,4,41,8961,0.3784317058720116,1,High,Turbofan,0.762625232415244,North America,1000,19.96,1.85
AC-0414,17,16952.13083339675,2958,97,Component Replacement,6,23,8426,0.7247184885786132,3,Low,Turboprop,0.9870156124860319,Europe,1952,6.71,2.28
AC-0415,1,14938.84106916504,11693,5,Routine Check,0,34,5631,0.1145121817349934,1,High,Turbofan,0.9557270017274196,North America,1030,2.19,5.56
AC-0416,16,14490.880421718131,7344,57,Routine Check,10,13,9197,0.4353914169047325,4,High,Turboprop,0.580856389165054,North America,1936,2.87,2.34
AC-0417,12,5663.216988924396,6779,69,Major Overhaul,4,13,1629,0.41653883616292753,1,Low,Piston,0.6844412607779446,Europe,1600,1.93,2.58
AC-0418,27,12926.041683536256,4830,118,Component Replacement,1,9,3645,0.589135985724713,5,Low,Piston,0.711978089731631,Europe,2487,3.48,1.98
AC-0419,19,14294.219203228327,10046,59,Major Overhaul,3,11,9053,0.16546263559947685,2,Medium,Piston,0.6802664589258238,South America,1501,2.44,3.36
AC-0420,22,31826.23236457146,10794,33,Component Replacement,6,37,4220,0.8111182363534974,5,Low,Turbofan,0.8992479818019565,Oceania,2515,4.07,1.9
AC-0421,23,23342.76946853385,1441,50,Inspection,4,43,4567,0.2960027215908117,3,Low,Turbofan,0.7620188349337935,South America,1752,17.11,3.77
AC-0422,22,16744.151569825393,15478,19,Component Replacement,5,45,4695,0.7093340333938092,1,Low,Turbofan,0.7860499084858126,North America,1960,2.12,2.29
AC-0423,14,48097.22755406187,5628,214,Component Replacement,1,33,9744,0.8228909109196839,1,Low,Turboprop,0.9265067794939628,South America,1623,9.61,1.18
AC-0424,30,18361.030864533343,7370,197,Component Replacement,2,40,7781,0.6056892606173618,4,Low,Turboprop,0.9029640767076793,North America,2698,3.55,1.91
AC-0425,6,36671.029143836364,10528,47,Routine Check,6,9,3009,0.766794886049787,1,Low,Turbofan,0.5661057614101499,Asia,1004,4.46,1.3
AC-0426,6,41211.08557787715,18332,167,Component Replacement,10,16,5516,0.6956742809935049,5,High,Piston,0.8569572920418171,North America,1000,3.19,1.19
AC-0427,13,9300.39662342657,12565,289,Inspection,1,16,7033,0.4199768174368068,3,Medium,Turboprop,0.7177180644510177,North America,2089,1.87,1.0
AC-0428,19,25739.629640735682,9179,141,Inspection,5,2,5227,0.8279726851302087,2,Low,Piston,0.6473244515312502,South America,2065,3.91,1.0
AC-0429,22,19824.66349091776,17013,84,Inspection,4,30,1181,0.36523123289697523,1,Medium,Turboprop,0.5250094104510932,Oceania,2228,2.09,2.64
AC-0430,8,19010.756034406644,17843,182,Component Replacement,9,0,4432,0.6140916259763655,2,Medium,Turbofan,0.7436247801727255,Asia,1369,1.91,1.03
AC-0431,27,30553.76816806908,1392,79,Major Overhaul,0,11,6060,0.7708579652273856,1,High,Turbofan,0.6777183403622657,Africa,2315,22.78,1.59
AC-0432,27,18771.29503576716,13130,215,Major Overhaul,10,38,4516,0.44106031883125685,3,Low,Turbofan,0.6257565198382005,Africa,2153,2.27,1.0
AC-0433,2,20040.309536735294,19171,14,Inspection,9,3,7839,0.37249084685568257,5,Low,Turbofan,0.8473358647984788,Oceania,1204,2.08,2.97
AC-0434,21,23318.851043747065,11449,215,Routine Check,10,41,1219,0.5134114091555405,3,High,Turboprop,0.8847426936577936,Africa,1976,2.86,1.0
AC-0435,30,21266.007316234307,18522,128,Major Overhaul,3,12,574,0.8361671449142383,2,High,Turboprop,0.6223947595147123,Asia,2655,2.08,1.25
AC-0436,1,13264.297929878749,8418,248,Component Replacement,10,33,9985,0.9369295868310983,1,Medium,Turboprop,0.5247237183396736,Europe,1000,2.68,1.0
AC-0437,28,32959.06504847474,3454,29,Major Overhaul,1,41,4657,0.5905750715739011,2,Medium,Turboprop,0.9243763502826174,Asia,2574,10.46,3.48
AC-0438,15,35485.309385076005,18761,280,Inspection,3,20,9011,0.6953195847912866,5,Low,Turbofan,0.5049798706021517,South America,1814,3.0,1.0
AC-0439,1,28436.185895352173,16223,202,Routine Check,0,21,2649,0.9129462600150228,3,Medium,Turbofan,0.9685562469607361,North America,1479,2.85,1.1
AC-0440,5,21234.47348977734,7701,57,Major Overhaul,1,3,7213,0.18869216627164814,2,Low,Turbofan,0.813809936991353,North America,1264,3.66,4.02
AC-0441,28,17947.89263670219,3597,218,Major Overhaul,7,17,4707,0.3088707200795485,2,Low,Turbofan,0.6609233176006601,South America,1967,6.08,1.62
AC-0442,29,17963.799370735538,1141,62,Inspection,5,4,7641,0.7380100056264242,5,High,Turbofan,0.6232389547883681,South America,2195,16.84,1.89
AC-0443,16,48573.763650327084,3659,157,Routine Check,1,18,9152,0.8413700157210697,1,Low,Turbofan,0.5045028321322376,North America,1688,14.23,1.0
AC-0444,19,34378.38301566644,10031,202,Routine Check,5,1,9578,0.8713261254975201,2,Low,Turbofan,0.6177357085054386,Oceania,2099,4.31,1.0
AC-0445,4,16598.899214166617,16037,17,Inspection,9,11,4436,0.4735964591694394,5,High,Turbofan,0.5688641507585706,Europe,1007,2.04,2.51
AC-0446,3,26646.978274371406,14970,6,Component Replacement,8,16,9807,0.18040591206268014,1,Low,Turboprop,0.8060831103615729,Europe,1574,2.95,3.7
AC-0447,17,21374.649749006378,6661,58,Major Overhaul,6,9,1575,0.494003329569658,1,High,Turbofan,0.5832727942969007,Europe,1701,4.26,2.16
AC-0448,17,30838.003761562904,7142,169,Component Replacement,8,33,4376,0.3076611311863484,3,High,Turbofan,0.7643149187683096,South America,2148,5.19,2.36
AC-0449,12,30434.99102789342,13109,82,Major Overhaul,4,5,5115,0.36207680949696175,5,Medium,Turbofan,0.7950582111722354,North America,1165,3.39,2.87
AC-0450,28,35836.096539054706,9787,219,Major Overhaul,6,7,7765,0.7950408011537552,1,Low,Piston,0.6490208491734573,Oceania,2359,4.63,1.0
AC-0451,30,16494.435413378043,11096,177,Component Replacement,10,10,6879,0.16797437742329818,3,Low,Turbofan,0.5175324745093594,North America,2346,2.52,1.27
AC-0452,29,26047.352986381306,9472,204,Inspection,6,11,9618,0.8448230957326319,4,Low,Turbofan,0.518626940307098,North America,2274,3.84,1.0
AC-0453,14,7514.530150424736,17807,71,Inspection,2,8,5152,0.4849021772417522,5,Low,Turboprop,0.5131736660969588,Oceania,2132,1.43,2.44
AC-0454,21,12426.596995711554,5249,266,Major Overhaul,6,1,7292,0.6364575379905356,4,Low,Turbofan,0.8695623335682732,Asia,2216,3.49,1.0
AC-0455,6,33841.0083655918,15949,98,Inspection,0,7,9747,0.1806870081121111,1,High,Piston,0.659004852407149,Oceania,1398,3.21,3.59
AC-0456,3,15493.16208594673,2750,291,Major Overhaul,8,10,7956,0.4036231705215517,5,Low,Turbofan,0.8981500929838317,Asia,1000,6.68,1.0
AC-0457,28,16590.91201952145,19351,208,Inspection,9,35,5174,0.1807308271133612,3,Medium,Turbofan,0.7158664119214246,Africa,1967,1.72,2.07
AC-0458,9,24917.219254499505,5088,2,Major Overhaul,5,9,1041,0.9653893505929986,1,Low,Turbofan,0.726499050414982,Asia,1136,6.03,1.56
AC-0459,5,31947.610308465395,16282,124,Inspection,4,20,2661,0.8265354843936253,5,Medium,Turboprop,0.7564413012547868,Europe,1000,3.14,1.0
AC-0460,24,14391.732041659037,10641,280,Routine Check,6,19,2751,0.5136694789208143,5,High,Turbofan,0.856515728187552,Europe,1912,2.21,1.0
AC-0461,29,5000.0,6075,74,Component Replacement,4,47,9744,0.301242293491304,4,Low,Turbofan,0.6367514329148536,Oceania,2549,1.82,3.31
AC-0462,17,16297.767578564883,11412,166,Routine Check,9,7,5069,0.940109594724867,1,Low,Turbofan,0.5607936747667635,Europe,1777,2.33,1.0
AC-0463,14,37056.28077952837,16686,22,Component Replacement,4,35,3244,0.4101369361542746,3,Medium,Turbofan,0.7780286675957307,Europe,1550,3.32,3.73
AC-0464,21,28431.350510168737,8230,154,Component Replacement,10,28,6541,0.2448859885186373,3,Medium,Turbofan,0.6634888116213696,Africa,1657,4.54,1.72
AC-0465,3,38238.74803787213,16432,295,Major Overhaul,9,41,5175,0.6068479496085594,1,Medium,Turboprop,0.7212456568340186,Europe,1000,3.18,1.0
AC-0466,28,13681.838578673041,12002,219,Component Replacement,10,11,2060,0.9493967083103345,1,Low,Turboprop,0.8234733541686527,South America,2115,2.29,1.0
AC-0467,1,8606.037323359436,14947,157,Routine Check,6,13,1664,0.10344726145029032,2,Low,Turbofan,0.7470628705706353,South America,1000,1.45,2.82
AC-0468,20,29625.485526475404,14686,230,Routine Check,9,47,5919,0.3143123589285989,4,High,Turbofan,0.8101394085504214,South America,2064,3.14,1.03
AC-0469,29,27400.22737685046,18915,20,Inspection,6,49,3222,0.9446028763693669,1,High,Turboprop,0.772100001056814,Asia,2279,2.43,2.16
AC-0470,21,28055.543203772584,14074,41,Routine Check,10,20,970,0.25397737017144584,1,Low,Turbofan,0.8698981859680496,Oceania,2110,2.92,3.73
AC-0471,23,34329.96642650568,5493,148,Inspection,2,21,1968,0.20191910647583788,2,High,Turbofan,0.85296830885581,Oceania,2530,7.11,3.19
AC-0472,1,29216.8492391226,18317,108,Component Replacement,2,20,8425,0.613168494219824,2,Low,Turbofan,0.7670949459043096,North America,1175,2.46,1.83
AC-0473,3,29056.175931403788,2460,84,Routine Check,9,43,1308,0.8756594409653469,5,Low,Turboprop,0.8394515104298534,Africa,1099,12.88,1.44
AC-0474,18,32150.070138011408,15140,290,Component Replacement,2,49,8863,0.5293988359245335,3,Low,Piston,0.9367798011363064,South America,2006,3.14,1.0
AC-0475,25,30024.166321870274,11704,134,Routine Check,5,29,7219,0.9951078310160723,4,Low,Turboprop,0.7161356438940842,South America,2196,3.41,1.0
AC-0476,10,33574.459317174056,17669,207,Routine Check,5,38,5573,0.7112545295841936,5,Medium,Turbofan,0.7063815363743968,Europe,1536,2.75,1.0
AC-0477,22,35085.20824778582,17648,283,Inspection,2,19,8512,0.16666741648940298,1,Low,Turbofan,0.88212281042619,South America,2243,2.82,2.17
AC-0478,26,40316.88801240915,7816,266,Component Replacement,2,23,2145,0.9935489185137778,2,Low,Turboprop,0.791276918520997,Europe,1978,6.26,1.0
AC-0479,3,18508.086750963208,12639,73,Routine Check,7,22,8749,0.46710481310217145,3,Medium,Turbofan,0.5355033901112942,Europe,1044,2.55,1.59
AC-0480,8,29805.621074107476,15424,48,Major Overhaul,7,6,1629,0.3586622804609343,5,Medium,Piston,0.9460560078455407,North America,1044,2.76,3.17
AC-0481,14,21296.766314027034,14965,233,Component Replacement,6,8,1853,0.602091265220097,3,Medium,Piston,0.5153915511188201,Asia,2075,2.45,1.0
AC-0482,24,16664.41012720733,19146,100,Component Replacement,9,0,1267,0.3738768326387779,2,High,Turbofan,0.8741981781048715,Europe,2661,1.7,2.85
AC-0483,18,18104.596789196337,12240,59,Component Replacement,3,25,4395,0.1778117564081371,5,Low,Piston,0.8793970713521564,Europe,1597,2.64,3.94
AC-0484,15,29949.555175615256,1040,258,Inspection,3,37,9374,0.10128550877125905,5,Medium,Turbofan,0.9765555426409652,Oceania,2218,29.96,2.47
AC-0485,22,29182.525547860005,6827,65,Major Overhaul,2,37,3954,0.5046250176282361,3,Medium,Turboprop,0.5270672042011604,North America,2436,5.35,2.66
AC-0486,23,29004.12029238437,9259,83,Component Replacement,4,43,7829,0.853177080003933,2,Medium,Turbofan,0.7984284303922455,Europe,1733,4.3,2.06
AC-0487,2,22742.863524306667,18371,154,Routine Check,2,21,2290,0.6150836670670689,1,Low,Turbofan,0.7139202853135265,Africa,1268,2.36,2.05
AC-0488,27,25034.147511784104,15849,266,Routine Check,7,43,1385,0.9992865690490967,5,Low,Turboprop,0.6653164774297711,Asia,1934,2.71,1.0
AC-0489,10,33177.5269587605,17232,79,Inspection,6,9,8234,0.35816198108248,1,High,Turboprop,0.5451592801495365,Africa,1456,2.95,1.86
AC-0490,2,10106.06940350694,8804,150,Routine Check,2,5,4406,0.35240955828404985,2,Low,Turbofan,0.7813270598356545,South America,1075,2.07,2.3
AC-0491,26,25246.420984285844,6374,48,Component Replacement,8,16,4992,0.2437745142105498,5,High,Turbofan,0.7395203628373068,Asia,2052,4.85,3.05
AC-0492,17,25899.561481267898,3524,248,Routine Check,4,49,2573,0.24765722943880167,5,Medium,Turbofan,0.5522772290755121,South America,2236,8.28,1.0
AC-0493,8,32533.042690776492,10277,278,Component Replacement,8,37,812,0.35666793640904304,1,Medium,Turbofan,0.8062447535485417,Oceania,1000,4.22,1.23
AC-0494,1,11497.51588057175,19863,98,Routine Check,6,23,6769,0.8135560407461744,4,High,Turbofan,0.8689765601264692,Europe,1000,1.45,1.88
AC-0495,9,39951.337455174114,10885,25,Major Overhaul,6,9,5817,0.9151811115728031,1,Medium,Turbofan,0.8836391505268242,North America,1225,4.57,2.28
AC-0496,11,27136.3042442851,1778,284,Inspection,5,7,1310,0.9775784527369131,1,Low,Turbofan,0.9526865941312137,Africa,1844,16.25,1.0
AC-0497,22,27665.805466949365,2492,68,Inspection,1,20,7341,0.30906068868680736,4,Medium,Turbofan,0.7047353709443887,South America,2375,12.0,3.82
AC-0498,16,20986.202426677737,18044,7,Major Overhaul,8,5,2532,0.8931677910526825,2,High,Turbofan,0.9765363843110685,Europe,1545,2.2,2.71
AC-0499,7,30380.22354796844,18732,137,Major Overhaul,5,20,7629,0.3954295803496034,2,Low,Turbofan,0.932714702541343,Africa,1190,2.79,2.41
AC-0500,29,25479.540502831056,14615,164,Inspection,7,38,3205,0.201556490065196,5,Low,Turbofan,0.6482507855119695,Africa,2522,2.84,2.37
AC-0501,10,37089.819441064654,13132,83,Major Overhaul,0,23,9288,0.8830224329681491,3,Low,Piston,0.5796415186747292,Oceania,1923,3.89,1.03
AC-0502,23,10585.057519363847,11178,138,Component Replacement,4,32,2647,0.6724950711792567,3,High,Turbofan,0.7176946980640067,Oceania,2120,1.98,1.0
AC-0503,26,26755.45829890508,8851,73,Routine Check,0,17,1115,0.24825780647295556,5,Low,Piston,0.7009493539779833,South America,2253,4.02,3.78
AC-0504,3,29085.123483774263,17288,237,Inspection,9,27,1447,0.4868481317617023,3,Medium,Turboprop,0.7878596526656021,Europe,1420,2.56,1.0
AC-0505,18,23136.276056369083,8156,46,Major Overhaul,10,31,6177,0.35853192538936085,1,Low,Turboprop,0.791693116163874,North America,2364,3.99,2.43
AC-0506,25,20953.341766929538,3044,106,Component Replacement,7,11,5151,0.7631151118391772,1,Low,Turboprop,0.8749934921899876,South America,2718,7.78,1.39
AC-0507,24,21370.427210312926,8368,288,Inspection,7,47,8366,0.5080746075618413,4,Medium,Turboprop,0.7549449741028051,Africa,1706,3.39,1.0
AC-0508,13,26746.39269367828,14635,262,Major Overhaul,0,41,2513,0.9903519505957464,4,Low,Turbofan,0.5524113204703828,Africa,1337,2.93,1.0
AC-0509,28,6900.4109901929405,10168,176,Inspection,8,26,4197,0.14927048403363563,5,Medium,Turbofan,0.929145667776553,Asia,1903,1.55,3.01
AC-0510,26,34650.149610632296,18111,166,Major Overhaul,1,9,990,0.41951373952262205,5,Medium,Turboprop,0.6548822915925936,Europe,2542,2.86,1.66
AC-0511,7,20198.681323041492,12328,145,Inspection,8,45,4850,0.5337101503989797,5,High,Turbofan,0.985648730153296,Asia,1494,2.45,1.68
AC-0512,25,26278.026973667827,14319,283,Component Replacement,0,41,2928,0.5528201992734878,1,Low,Turboprop,0.5589300543398851,Oceania,2656,2.69,1.0
AC-0513,4,28671.022667880672,1342,54,Component Replacement,9,31,5487,0.3843422401470731,3,High,Turbofan,0.9791255861162516,North America,1000,22.23,3.09
AC-0514,13,19741.946126870433,2447,178,Routine Check,8,41,9233,0.7563162241878112,5,Medium,Turboprop,0.5455059034412585,South America,1164,8.89,1.0
AC-0515,20,23689.61593001004,7581,244,Inspection,3,25,9979,0.8872723661400772,5,High,Turbofan,0.6155180689735298,Africa,2459,4.19,1.0
AC-0516,1,5000.0,12851,127,Routine Check,8,24,5420,0.9448473717800767,1,Low,Turbofan,0.5232899710432708,Europe,1543,1.52,1.0
AC-0517,8,32321.23607333072,7317,271,Inspection,6,10,3426,0.8245840391195736,1,Medium,Turbofan,0.8525565733194975,Africa,1424,5.37,1.0
AC-0518,14,35800.69000322165,17910,132,Major Overhaul,10,22,7782,0.8655221775759394,1,High,Turboprop,0.9251493682858959,Oceania,1829,3.15,1.18
AC-0519,16,7990.064480612466,11088,93,Major Overhaul,5,33,4876,0.5954907705579959,3,High,Turboprop,0.7170355409079903,Asia,1539,1.61,1.62
AC-0520,14,20935.071233037383,13946,73,Routine Check,4,39,9990,0.8432994037841332,5,Low,Turbofan,0.9642610375212148,Asia,1974,2.43,2.2
AC-0521,12,12701.306217591855,17789,248,Inspection,10,22,5368,0.373153518233157,2,Low,Turboprop,0.7951495358777998,South America,1459,1.57,1.0
AC-0522,19,23222.59678512594,15567,273,Routine Check,8,28,7486,0.45863088589829293,2,Low,Turbofan,0.8150035677232617,Europe,1967,2.54,1.0
AC-0523,23,31486.36334720961,15868,43,Component Replacement,1,30,7362,0.3852217124366899,5,Low,Turbofan,0.922709600850385,Oceania,2601,2.95,3.64
AC-0524,15,34873.08899256625,10765,41,Routine Check,10,6,4923,0.5206486019031329,5,Low,Turbofan,0.6484001025259194,Europe,1569,4.28,2.45
AC-0525,28,36218.53189426848,13466,170,Routine Check,1,39,7370,0.35702165461477275,5,Low,Turbofan,0.677132860663813,South America,2130,3.79,2.45
AC-0526,2,38105.43824692213,19230,212,Major Overhaul,10,32,8659,0.9654502980290022,5,High,Turbofan,0.9529759595973222,Oceania,1545,3.0,1.0
AC-0527,2,22775.872215444342,18862,168,Routine Check,8,20,2573,0.3815601652051014,3,Low,Turbofan,0.9504817480193819,Oceania,1000,2.26,1.81
AC-0528,23,13530.413712665608,11587,39,Inspection,2,1,6670,0.18824008429984584,2,Medium,Turboprop,0.9882413881004355,Asia,2183,2.34,4.9
AC-0529,22,23854.09699692031,1771,245,Major Overhaul,7,17,1201,0.5741354494453721,4,Low,Turboprop,0.9509191582208356,Asia,2520,14.39,1.24
AC-0530,19,31332.67502303576,17300,151,Routine Check,10,46,8613,0.15138917060065873,2,Low,Turbofan,0.5636860180166805,Asia,1605,2.75,1.42
AC-0531,25,12727.402190791427,9770,111,Component Replacement,8,32,7325,0.19948884967772246,2,Low,Turbofan,0.9118621430684937,Africa,2379,2.39,3.3
AC-0532,26,41601.36953448242,12093,47,Routine Check,7,36,8367,0.29745045027662165,1,Low,Turbofan,0.704919239054797,North America,2651,4.48,3.37
AC-0533,30,33978.88538760342,14803,63,Routine Check,3,33,4764,0.5179152248939275,5,Medium,Turbofan,0.9954006779729689,Asia,2934,3.17,3.77
AC-0534,29,22934.32831568671,1193,225,Routine Check,0,19,8468,0.48992583907812515,5,High,Turbofan,0.7361404821644005,North America,2912,20.17,1.79
AC-0535,22,17891.280695887588,3007,69,Major Overhaul,3,34,8646,0.819722675802512,5,Low,Turbofan,0.7769180412511103,North America,2500,6.94,2.26
AC-0536,26,18308.78918887357,18569,299,Inspection,8,49,8276,0.765527188495702,1,Low,Piston,0.7648874576283993,Europe,2504,1.95,1.0
AC-0537,26,25742.062138001555,19778,290,Component Replacement,1,17,9058,0.4836864645916312,3,Low,Turboprop,0.6608685149291389,South America,2198,2.17,1.0
AC-0538,22,22705.973972696476,12190,296,Routine Check,2,45,9219,0.400333786818067,3,High,Turbofan,0.537511044446459,Africa,1945,3.03,1.0
AC-0539,17,34505.02755282625,10984,203,Inspection,9,23,5386,0.3848219056553488,4,Medium,Turbofan,0.9478256152009592,North America,1544,4.25,2.05
AC-0540,20,21570.24171697371,10302,61,Inspection,7,7,4435,0.796595578564608,3,Medium,Turbofan,0.9013379062631435,Africa,1667,3.09,2.2
AC-0541,10,30055.018106114912,8429,161,Major Overhaul,5,29,5119,0.14686516559914278,3,Medium,Turboprop,0.5697633902798347,Europe,1376,4.64,2.65
AC-0542,6,24710.7511582513,3261,16,Component Replacement,7,43,5691,0.11153948455954525,5,High,Turbofan,0.8883841356750364,Asia,1288,8.74,3.98
AC-0543,15,27696.693573970708,7716,94,Major Overhaul,6,9,7375,0.8159899527339832,2,Low,Turbofan,0.812923333025305,Oceania,2000,4.44,1.31
AC-0544,22,22699.435644036173,9921,138,Inspection,4,22,8356,0.5294317383901443,3,Low,Turboprop,0.7045718939588111,North America,1961,3.19,1.53
AC-0545,11,32077.155412496206,5378,38,Inspection,8,48,5901,0.21779302469821837,3,High,Turbofan,0.6270105745477814,South America,1531,6.98,2.81
AC-0546,28,32225.40080290077,8815,127,Inspection,3,10,3522,0.31200934113505113,1,Medium,Turbofan,0.9298643917511162,Oceania,2143,4.78,3.01
AC-0547,5,29599.290258221445,14778,275,Major Overhaul,5,1,6238,0.9392535577876443,4,Medium,Turbofan,0.8500941296470266,Europe,1330,2.82,1.0
AC-0548,1,31075.143271495042,13728,164,Component Replacement,1,25,6484,0.8735526780624082,1,Medium,Turbofan,0.7738699547345684,Africa,1156,3.46,1.0
AC-0549,8,15556.312224569474,11332,77,Routine Check,1,35,2270,0.7388065452015753,5,Low,Turbofan,0.804784266949232,Asia,1488,2.35,2.57
AC-0550,21,28232.457629089793,10836,174,Major Overhaul,1,32,9489,0.5340027073035939,2,Medium,Turbofan,0.5455330910410905,Africa,1720,3.55,1.39
AC-0551,28,37492.01767487534,3800,91,Inspection,9,46,3715,0.5682912635722471,4,Medium,Turbofan,0.7369598804555959,South America,2412,10.78,1.45
AC-0552,12,29914.045670194973,9333,238,Major Overhaul,6,12,7194,0.9777200817555627,1,Low,Turbofan,0.596850146392851,North America,1505,4.07,1.0
AC-0553,12,14692.824971984768,6410,264,Inspection,1,39,3476,0.9691933994958584,3,Medium,Turboprop,0.6041918395044127,South America,1673,3.41,1.0
AC-0554,5,24502.334903509152,18839,179,Routine Check,1,24,4237,0.29374214120725084,3,High,Turbofan,0.8306519811434334,Africa,1000,2.48,2.98
AC-0555,7,28749.77938339709,6808,209,Routine Check,8,3,1252,0.8299941096747863,4,Low,Turbofan,0.955628075917144,Africa,1003,5.19,1.0
AC-0556,4,17426.004831016908,7796,73,Component Replacement,6,41,1892,0.2775183995503151,3,Low,Turboprop,0.7018783052391733,Oceania,1485,3.42,3.3
AC-0557,6,11417.288032766473,11288,107,Inspection,10,18,7289,0.29218373009555626,1,Low,Turboprop,0.6038746365060952,South America,1000,2.14,2.33
AC-0558,13,21839.02131563473,18709,295,Component Replacement,2,17,1177,0.7084837307481191,1,Medium,Turboprop,0.824373468618327,South America,1798,2.16,1.0
AC-0559,20,17591.675920322974,18543,284,Component Replacement,2,36,605,0.46450098872879353,3,Low,Turbofan,0.9355935231751589,South America,1500,2.02,1.78
AC-0560,30,24857.109686100313,5650,182,Routine Check,6,29,5253,0.9383899663958681,3,Medium,Turbofan,0.8741594005612454,Asia,2746,5.37,1.0
AC-0561,15,9085.953525037115,5987,37,Major Overhaul,4,18,2446,0.18010876140640797,5,High,Turboprop,0.9343786152682936,Africa,2154,2.54,4.89
AC-0562,3,30647.01062536156,16200,137,Major Overhaul,9,22,6044,0.5603730767285438,2,Low,Turboprop,0.7682773355053997,Europe,1417,2.72,1.0
AC-0563,23,18653.94964706643,5697,56,Component Replacement,5,15,1595,0.9266693773988091,4,High,Turbofan,0.8759381221845954,Asia,2056,4.35,2.25
AC-0564,8,34957.52236681356,17724,187,Routine Check,7,0,7485,0.9137022944315546,1,High,Piston,0.5700322796794682,Asia,1006,2.79,1.0
AC-0565,20,22231.01160203622,4828,258,Inspection,8,11,2282,0.2408762920741671,4,Low,Turbofan,0.6741373076815957,Asia,1672,5.73,1.22
AC-0566,16,24746.109536155127,19352,58,Major Overhaul,0,23,5041,0.42997393008681084,5,Low,Piston,0.6947745822407612,Oceania,1805,2.41,2.84
AC-0567,13,23269.651213030822,18087,123,Component Replacement,2,33,3757,0.6572092600420266,1,High,Turboprop,0.7556478731230173,Europe,1279,2.18,1.76
AC-0568,18,18118.403098997274,13605,188,Major Overhaul,10,7,6713,0.24345539629426197,5,High,Turboprop,0.9645381801284119,South America,1797,2.26,2.05
AC-0569,28,49722.7946227266,6482,230,Major Overhaul,6,17,5369,0.9712199548411649,5,Low,Piston,0.9371482801110871,Oceania,2193,8.66,1.0
AC-0570,10,20041.33821992715,19184,168,Inspection,5,47,2061,0.9232743958548943,3,Low,Turboprop,0.5672627461445923,Africa,1551,2.08,1.0
AC-0571,30,35235.215224656604,6463,114,Routine Check,6,4,4506,0.2502551611310223,4,Low,Turbofan,0.5863948259412316,North America,2446,6.37,2.57
AC-0572,19,14063.71053936605,14860,252,Inspection,7,25,9814,0.2090399151348869,4,High,Turbofan,0.6788202747944556,Oceania,2299,1.98,1.0
AC-0573,17,28721.31391093161,5912,107,Routine Check,5,29,4481,0.17686763452743876,3,Low,Turbofan,0.6453719329453369,North America,1365,5.78,2.65
AC-0574,24,29788.721639318355,5648,37,Major Overhaul,2,12,9993,0.918499297632968,4,Medium,Turbofan,0.8073854765781312,Africa,2338,6.1,1.77
AC-0575,19,24758.230229018704,1855,92,Component Replacement,1,18,6182,0.27426142881591475,3,High,Turboprop,0.9513880238822725,Europe,2334,14.15,4.1
AC-0576,28,19289.95280360427,3866,18,Inspection,6,28,6282,0.4746564356899192,1,Low,Turbofan,0.9811457708362934,North America,2248,5.83,3.49
AC-0577,26,22366.78097386036,12834,63,Routine Check,10,2,1443,0.5039662290868028,5,Medium,Turbofan,0.8268014762676132,Asia,2002,2.86,2.1
AC-0578,23,20967.104980268796,17294,150,Major Overhaul,0,25,5050,0.6391099397922108,5,Low,Turbofan,0.9190796007005433,Oceania,1783,2.4,2.33
AC-0579,26,49020.26281835456,17566,139,Routine Check,2,39,9637,0.16456180937268247,4,High,Turboprop,0.7626011001153985,North America,2570,3.76,3.36
AC-0580,5,24773.969105551805,4112,186,Routine Check,10,11,1100,0.3040827556604644,2,Low,Turbofan,0.6041634734300199,Africa,1275,7.03,1.0
AC-0581,26,30248.887786639505,5492,185,Routine Check,3,1,6876,0.9383413482270334,5,Medium,Turbofan,0.7623442060467387,Asia,2307,6.37,1.0
AC-0582,21,42816.25090425367,16114,205,Major Overhaul,0,10,2024,0.9175690965417126,3,Medium,Turbofan,0.7775413007188255,North America,1615,3.68,1.0
AC-0583,30,16236.813320258187,2517,260,Component Replacement,4,43,4266,0.8031615826651229,2,Low,Turboprop,0.8712287821067783,Africa,2479,7.31,1.0
AC-0584,23,25376.602331679376,17018,214,Component Replacement,9,27,750,0.11746112105639389,2,Low,Turbofan,0.6099414948536745,Europe,2512,2.54,1.33
AC-0585,9,22308.13868318611,18740,256,Component Replacement,2,17,578,0.3943060916464919,5,Low,Turboprop,0.6841551910433659,Africa,1408,2.36,1.21
AC-0586,12,24138.61554516636,12431,135,Routine Check,1,12,3623,0.6651628618086171,5,Low,Turbofan,0.6820137346072832,Europe,1441,2.82,1.34
AC-0587,21,23209.880328825144,9210,61,Major Overhaul,2,36,9589,0.34767119059612817,5,High,Turbofan,0.9797197978705825,Asia,2256,3.63,4.08
AC-0588,1,17681.229143697827,12595,88,Routine Check,7,21,7564,0.9186280255483996,3,High,Piston,0.7219724801633595,Africa,1175,2.21,1.0
AC-0589,26,26954.10284996633,13871,207,Component Replacement,5,11,8917,0.6705005156491977,2,Low,Turbofan,0.8775469836490732,South America,1958,2.89,1.0
AC-0590,26,14373.672225838985,13743,129,Component Replacement,6,1,1709,0.16471604558480105,4,Medium,Turbofan,0.8754056906872195,Oceania,1960,1.89,3.21
AC-0591,1,34888.827373090186,10324,3,Major Overhaul,5,36,5653,0.9181050299521327,3,Medium,Turbofan,0.6327720924016207,South America,1000,4.32,1.51
AC-0592,15,31233.098066546037,12531,242,Routine Check,5,6,5398,0.9619899923586003,1,High,Turbofan,0.785934844685866,South America,2233,3.36,1.0
AC-0593,2,20065.371836359842,7588,121,Inspection,2,25,2678,0.16994117655255295,5,Low,Turbofan,0.947151446659324,South America,1496,3.59,4.11
AC-0594,30,20550.166786261405,4311,102,Inspection,7,25,8110,0.5791242113751834,2,Low,Turbofan,0.7375988597284747,Oceania,2939,5.73,2.25
AC-0595,22,27755.10562348253,1987,38,Component Replacement,6,23,9395,0.3730278539927534,3,Low,Turbofan,0.972558753671273,South America,2126,14.89,3.71
AC-0596,16,17014.546843938177,4321,133,Major Overhaul,6,11,3044,0.4535551688332622,1,Medium,Turbofan,0.6072291146620807,Europe,1848,5.0,1.66
AC-0597,25,43119.801241348716,16812,202,Routine Check,5,15,6022,0.2616860961598077,3,Low,Turboprop,0.5370795528870154,Africa,1904,3.73,1.77
AC-0598,8,28579.257286917687,5615,21,Routine Check,4,22,2870,0.6202648918111713,3,Low,Turboprop,0.9457269365723746,Asia,1385,6.05,3.7
AC-0599,13,28932.631513836775,16512,242,Component Replacement,9,39,3781,0.9621814179240016,4,Low,Turbofan,0.9238405989811083,South America,1581,2.63,1.0
AC-0600,21,31814.450803572858,14146,109,Component Replacement,7,8,5210,0.5527653402444481,4,Medium,Turbofan,0.9962949379669224,South America,1576,3.16,2.78
AC-0601,1,19205.367259299295,14654,84,Routine Check,4,31,828,0.17462312325503304,3,Low,Turbofan,0.8396967440562131,Asia,1000,2.45,3.38
AC-0602,16,35890.09981784774,4052,83,Routine Check,8,14,6079,0.6580012001296676,1,Low,Turbofan,0.9683439633335748,Asia,1366,9.89,2.31
AC-0603,29,26145.33366215464,1726,291,Component Replacement,8,36,4728,0.4062006950061313,2,Low,Turbofan,0.9134745125420554,South America,2491,16.13,1.0
AC-0604,7,34501.45470998832,4760,69,Routine Check,0,12,7294,0.870332670632168,2,Low,Turbofan,0.9222131665600435,Europe,1000,8.11,2.13
AC-0605,5,23020.468734316695,2875,129,Inspection,5,4,620,0.49121033348482324,5,Medium,Turbofan,0.7845707852271342,Asia,1000,8.99,2.02
AC-0606,22,38172.78226731186,14969,196,Component Replacement,6,10,7249,0.27355564804802107,5,Low,Turbofan,0.6911822989583554,Africa,1793,3.46,1.32
AC-0607,29,29013.436270247897,5033,140,Routine Check,2,9,1464,0.2719950604220305,2,Low,Turbofan,0.9672790362716409,Africa,2596,6.94,3.68
AC-0608,23,46825.07024177087,6443,283,Component Replacement,6,12,4724,0.7918877626490444,3,Medium,Piston,0.7160585878079473,Europe,1939,8.42,1.0
AC-0609,3,21304.7838317777,18373,234,Major Overhaul,10,40,4175,0.3390288384766239,3,Low,Turbofan,0.7694096836248345,Oceania,1193,1.99,1.0
AC-0610,12,27045.493960907454,4744,23,Component Replacement,10,45,6194,0.7905100547433007,4,Low,Turboprop,0.7230571535625938,North America,1984,6.71,1.21
AC-0611,26,14684.23753129842,17977,153,Component Replacement,6,49,2576,0.28529857968993944,4,High,Turboprop,0.7824091569800986,Europe,1838,1.71,2.0
AC-0612,16,19707.017624537802,2774,277,Major Overhaul,10,14,7365,0.38951773183117844,5,Low,Turbofan,0.7352525394961635,South America,2163,8.07,1.0
AC-0613,19,31186.865478479056,11651,61,Inspection,1,41,6143,0.5189382751957294,2,Low,Turbofan,0.5239837792897379,North America,2388,3.83,2.79
AC-0614,5,36293.24437539501,1935,52,Routine Check,6,6,9024,0.9488762647241057,3,Low,Turbofan,0.9410240930038494,South America,1688,19.77,1.45
AC-0615,22,50000.0,14395,153,Major Overhaul,0,39,5749,0.9385582822784422,2,Low,Turbofan,0.7221969094578848,Africa,1805,4.41,1.0
AC-0616,25,24033.71093376779,4808,237,Component Replacement,4,27,1816,0.286184687880059,1,Medium,Turbofan,0.7944718242536744,Asia,2648,5.88,2.12
AC-0617,29,15667.865923544023,17715,32,Routine Check,8,31,1696,0.4223971371187656,2,Medium,Turboprop,0.5695939013789935,South America,2891,2.0,1.89
AC-0618,14,32533.257603772414,12641,55,Major Overhaul,6,34,3670,0.2344594496083951,1,Medium,Turbofan,0.5016939239913196,Africa,2127,3.62,3.03
AC-0619,28,13721.72779498694,15376,36,Routine Check,6,14,855,0.5589865713821475,4,Low,Turbofan,0.6226450468218214,Europe,2454,1.88,2.26
AC-0620,5,30642.773880267363,6889,110,Routine Check,10,47,528,0.5145242956252,4,Low,Turboprop,0.8522930160666751,South America,1233,5.34,1.82
AC-0621,15,19977.442838058763,6054,177,Major Overhaul,1,35,1513,0.9106841462056592,5,High,Turboprop,0.5495972650564394,Africa,1586,4.23,1.0
AC-0622,17,27115.949703803934,4868,295,Routine Check,7,20,9519,0.9370048400119654,2,High,Turbofan,0.9544437201932339,Asia,1845,6.75,1.0
AC-0623,30,35910.461021646675,17585,97,Inspection,2,5,2524,0.44521065190656295,2,Low,Turboprop,0.6075112846780923,South America,2770,3.05,2.12
AC-0624,14,23892.665709193043,19881,213,Major Overhaul,7,0,8990,0.5425641487170905,1,Low,Turbofan,0.6022968071458878,Oceania,1448,2.16,1.0
AC-0625,30,34328.79084328622,2842,137,Inspection,2,3,6339,0.9066126242315198,4,Low,Turbofan,0.5907539808107478,Africa,2073,13.09,1.0
AC-0626,20,33731.585486191485,11058,6,Component Replacement,9,10,6291,0.8260370269705553,1,Low,Turbofan,0.5069908564856824,South America,1872,4.16,1.25
AC-0627,5,6356.684716909054,10101,109,Routine Check,6,43,1254,0.10329068021018435,4,Low,Turbofan,0.8859027342391173,Asia,1580,1.57,3.96
AC-0628,12,15983.992539644276,13497,35,Component Replacement,1,25,9461,0.38805360776522424,1,Low,Piston,0.9375172656226293,South America,1978,2.06,3.96
AC-0629,16,9381.931386045284,5658,39,Component Replacement,3,36,4235,0.4795968177425133,4,Medium,Turbofan,0.8070813513080994,South America,2107,2.69,3.41
AC-0630,26,45017.371025301356,12381,150,Routine Check,10,22,1738,0.3067446553149086,1,Medium,Turbofan,0.5940999908399311,Oceania,2585,4.7,1.32
AC-0631,26,23946.080745626736,8544,118,Major Overhaul,5,28,2406,0.2796144543063449,4,Low,Turbofan,0.6426389984704399,Africa,2634,3.89,2.69
AC-0632,16,42808.29212966643,8718,261,Routine Check,10,20,7899,0.1340060559361117,1,Low,Turbofan,0.7379633486824817,North America,2170,6.06,1.01
AC-0633,21,8670.477194580166,14851,87,Component Replacement,8,47,8461,0.6790327525627845,2,High,Turbofan,0.9771729758116504,South America,2251,1.53,2.37
AC-0634,7,19272.31575451474,18154,76,Component Replacement,4,44,9910,0.3362592614348491,5,Low,Turbofan,0.6236756859088715,North America,1000,1.89,3.08
AC-0635,4,33004.982417659725,12777,214,Major Overhaul,8,44,5101,0.14711246058818178,1,Medium,Turboprop,0.8658229519599441,Europe,1647,3.77,2.12
AC-0636,1,26792.74604426684,2628,285,Routine Check,4,48,1960,0.3078813794752573,5,Low,Turbofan,0.7197241116464601,South America,1006,11.17,1.0
AC-0637,30,30328.598928134586,1386,239,Component Replacement,9,26,8169,0.8217225575525139,2,Medium,Turbofan,0.6489236741800108,North America,2813,22.93,1.0
AC-0638,30,12461.91766206743,7031,165,Inspection,7,38,1916,0.866340263481892,2,Low,Turbofan,0.7279579685110569,Europe,2822,2.84,1.0
AC-0639,5,38768.0349287893,7439,87,Component Replacement,0,39,8266,0.5347596206739724,4,Low,Turbofan,0.5356033587706163,Oceania,1691,6.23,2.3
AC-0640,23,32770.16095757289,14392,141,Component Replacement,6,12,1928,0.47446360336781757,5,Low,Turbofan,0.8993436854651813,Africa,2492,3.16,2.72
AC-0641,26,29016.255054914735,19850,160,Major Overhaul,3,22,4878,0.9800683241516036,3,Low,Turboprop,0.6216509639914836,South America,2243,2.56,1.0
AC-0642,10,18143.897189181924,3282,46,Inspection,4,15,8029,0.28050819362926294,4,Low,Piston,0.8627060615964852,Africa,1352,6.65,3.85
AC-0643,22,28238.00127605945,2856,112,Component Replacement,5,29,4974,0.29382335456914765,5,Medium,Turbofan,0.5341741857240974,Europe,2595,10.91,2.26
AC-0644,5,22085.1002100651,16670,45,Component Replacement,4,3,3571,0.36268045933275983,1,Low,Turbofan,0.977549278082843,Africa,1543,2.32,3.6
AC-0645,4,8495.087899622384,2998,247,Inspection,0,39,1055,0.2554815864529786,1,Low,Turboprop,0.5965074927028493,Africa,1110,3.68,1.31
AC-0646,2,24495.771482785123,6476,104,Routine Check,8,15,9047,0.4414290383837679,2,Medium,Turbofan,0.9413710381035403,Asia,1277,4.62,3.08
AC-0647,20,23432.696017774742,10428,85,Routine Check,1,30,2063,0.9197508042907784,3,Medium,Turbofan,0.9047366048077172,Europe,2289,3.18,2.17
AC-0648,10,35624.0150987512,5669,134,Component Replacement,8,41,1540,0.6538130565657169,1,High,Turbofan,0.983929962040708,Africa,1537,7.21,1.36
AC-0649,26,5000.0,13336,108,Component Replacement,9,24,3186,0.4707518937510373,5,Medium,Turboprop,0.7389453304728748,North America,2781,1.56,1.53
AC-0650,19,27351.99828854701,10342,18,Routine Check,1,43,3053,0.9409697151140933,5,Low,Turbofan,0.8636986469229757,Europe,1902,3.76,2.67
AC-0651,26,13444.319518942826,8064,94,Major Overhaul,8,11,2279,0.1436178092282401,1,Medium,Turboprop,0.685355328518892,Asia,2218,2.73,3.15
AC-0652,1,28192.233421955465,8446,150,Inspection,5,25,575,0.2892485601116752,5,High,Turboprop,0.5921841190098469,South America,1000,4.34,2.25
AC-0653,24,28742.800555773058,18815,246,Inspection,10,36,4826,0.6092997445915831,5,High,Turbofan,0.7215379664667244,Oceania,2694,2.39,1.0
AC-0654,5,24131.55222869808,6624,289,Major Overhaul,8,47,6335,0.6539973608738613,2,Low,Turboprop,0.5828745076942274,Africa,1334,4.83,1.0
AC-0655,13,33072.93124811084,8461,209,Major Overhaul,5,32,5557,0.13560175590635185,3,Low,Turboprop,0.991022311393192,North America,1264,4.86,3.03
AC-0656,4,12542.339409003009,2819,126,Major Overhaul,5,27,2849,0.462734882116419,2,Low,Turbofan,0.5481232455703582,Asia,1000,5.29,1.69
AC-0657,16,36077.204502817,11516,235,Major Overhaul,10,8,3273,0.6842385683477854,3,Medium,Turbofan,0.7946058617263102,Europe,1668,4.13,1.0
AC-0658,24,17919.211338058587,14749,122,Major Overhaul,1,11,2762,0.7282634917630615,5,Medium,Turbofan,0.8132319276270279,Oceania,2613,2.36,1.56
AC-0659,16,9441.013495101044,18514,138,Major Overhaul,7,4,3729,0.6743259122646423,3,Medium,Turbofan,0.7690397714370272,Oceania,1982,1.66,1.67
AC-0660,23,22276.04029500191,3658,115,Inspection,2,27,892,0.38850690192483206,5,Low,Turbofan,0.8310929428559168,Africa,2429,6.89,2.6
AC-0661,2,5000.0,4500,162,Major Overhaul,6,34,1608,0.18416811123811855,5,Medium,Turbofan,0.5580903875059455,Asia,1114,2.27,1.66
AC-0662,17,27541.73892246202,3120,201,Routine Check,4,4,4862,0.48440120177740076,2,High,Turbofan,0.7775092621026456,Asia,1559,9.74,1.78
AC-0663,28,22407.495574197743,5020,234,Major Overhaul,2,33,5688,0.21587899363124993,2,Low,Turboprop,0.6436062855636808,North America,2787,5.28,1.86
AC-0664,27,37336.86921376036,11213,28,Major Overhaul,0,45,9302,0.9528612926686004,4,Medium,Turbofan,0.9700880316505283,South America,2847,4.47,3.11
AC-0665,20,31489.242105069956,4259,11,Inspection,7,33,5557,0.5276537794203654,1,Low,Turbofan,0.8810358267198628,South America,2402,8.54,3.27
AC-0666,24,11080.036628119899,11081,206,Inspection,2,12,4498,0.3855332569211808,4,High,Turbofan,0.9862572410798713,South America,2692,2.04,2.42
AC-0667,12,16616.125088821147,2823,167,Major Overhaul,1,38,9364,0.7896736640070101,4,High,Turbofan,0.5187780348700948,Oceania,2001,6.92,1.0
AC-0668,18,30206.64420534209,18858,247,Inspection,0,41,7066,0.5481537333240375,3,Medium,Turbofan,0.6425665875903543,Oceania,2249,2.73,1.0
AC-0669,3,33470.79009985035,19626,47,Component Replacement,3,44,4177,0.37903062161120504,5,Medium,Turbofan,0.5977112933191745,Europe,1462,2.82,3.24
AC-0670,28,37225.009148868805,14467,246,Inspection,7,47,6296,0.8307709681517216,5,High,Turbofan,0.5055772936559153,Oceania,2794,3.73,1.0
AC-0671,1,37145.09285305348,7990,127,Inspection,2,13,6863,0.8804369359010098,5,Low,Turboprop,0.6211628651231607,Oceania,1403,5.67,1.1
AC-0672,1,24104.773897520943,4134,147,Inspection,0,10,8623,0.7057073496598093,1,Low,Turboprop,0.8393879917602145,Asia,1176,7.02,1.57
AC-0673,29,28626.55622251169,19454,118,Inspection,3,41,8722,0.14226798016690057,3,Medium,Turbofan,0.6155444610672842,Europe,2628,2.67,3.02
AC-0674,19,37987.38503943796,17743,152,Routine Check,8,37,8190,0.6096905921498789,3,Low,Turboprop,0.7545017227413091,Asia,1884,2.99,1.5
AC-0675,11,21966.915380640516,16434,72,Routine Check,0,3,1900,0.7869654207975535,5,Low,Turboprop,0.9439090574824993,North America,1826,2.48,2.72
AC-0676,5,28797.261869401238,16007,137,Routine Check,10,32,4571,0.22285271087522396,4,High,Turbofan,0.8468789601745377,North America,1000,2.8,2.75
AC-0677,12,21731.192203203485,11233,175,Major Overhaul,1,6,9308,0.305803676246143,1,Medium,Piston,0.697314534953016,Europe,1762,2.89,2.63
AC-0678,3,19490.518855345726,17378,289,Major Overhaul,8,40,3286,0.8942455945613228,4,Low,Turboprop,0.6862344694560542,Europe,1000,2.17,1.0
AC-0679,1,25483.851182858034,2141,19,Component Replacement,1,7,7669,0.11810954966776664,2,Low,Turbofan,0.7278679070042424,Oceania,1000,12.73,4.96
AC-0680,1,18124.565486604086,19019,195,Routine Check,2,36,1370,0.7774544240433784,3,Low,Turbofan,0.5885207205299532,North America,1149,1.96,1.0
AC-0681,8,23690.840272302506,11135,175,Major Overhaul,6,9,4696,0.5263959632629807,3,Low,Turbofan,0.817000383707994,Africa,1729,3.28,1.19
AC-0682,10,14650.451354678673,13966,141,Inspection,2,42,3239,0.5020949429556462,4,Low,Turbofan,0.6820764095523028,South America,1753,1.93,1.48
AC-0683,11,23100.056128176206,4361,246,Inspection,8,14,1440,0.10638687924539847,1,Medium,Turboprop,0.9261826746310218,Oceania,1409,6.27,1.95
AC-0684,12,29483.902936158614,8835,93,Routine Check,5,37,840,0.8374584078698435,3,Low,Turbofan,0.8782763300289081,South America,1428,4.51,1.34
AC-0685,29,19112.36463793204,12172,239,Component Replacement,2,14,7922,0.42384241057290983,4,Low,Turboprop,0.80525658204608,North America,2794,2.54,1.61
AC-0686,13,25092.917525309127,17390,205,Component Replacement,8,4,4633,0.5866890681704886,1,Low,Turboprop,0.682101111324758,South America,1189,2.39,1.0
AC-0687,12,26393.425936212643,4267,48,Inspection,0,28,1159,0.7095706177020935,4,High,Turboprop,0.6049659158367422,Africa,1281,7.16,1.75
AC-0688,14,29525.34891821335,7564,245,Component Replacement,9,18,3957,0.7323666187941242,1,Low,Turboprop,0.8880759320528114,Africa,1689,4.91,1.0
AC-0689,2,23664.201586947842,19990,295,Routine Check,2,9,3475,0.960382052943465,5,Low,Turbofan,0.7432045494955433,Asia,1000,2.24,1.0
AC-0690,29,35858.66341867806,12411,128,Inspection,0,11,9741,0.5782059579129482,1,Low,Turbofan,0.6123750190886788,Europe,2852,4.01,1.91
AC-0691,19,5000.0,6906,282,Major Overhaul,1,3,953,0.4597475958769849,2,Medium,Turboprop,0.5975873075200031,South America,1722,1.7,1.0
AC-0692,18,50000.0,17028,17,Major Overhaul,7,30,8684,0.9583332638425371,5,Medium,Turbofan,0.5827004522506796,Africa,1518,4.06,1.4
AC-0693,3,16288.662359624832,8611,71,Component Replacement,6,17,5942,0.677899211522969,4,Low,Turbofan,0.8885805981027974,Europe,1031,2.91,1.89
AC-0694,23,29033.900233540775,18297,269,Inspection,1,15,1318,0.36833532064890007,5,Low,Turboprop,0.6144935926501558,Europe,2595,2.52,1.43
AC-0695,17,15615.320897941514,3011,282,Inspection,1,39,5368,0.21381782086321405,5,Low,Turboprop,0.7633211317625987,Asia,1885,6.25,1.84
AC-0696,26,31442.681595093018,18826,7,Major Overhaul,8,35,512,0.8582990513186631,4,Medium,Turbofan,0.7257731804865282,Europe,2057,2.76,1.42
AC-0697,8,27765.691525949278,12246,103,Inspection,5,24,8227,0.4259634425147364,4,Medium,Turboprop,0.789805449614142,Europe,1382,3.29,2.74
AC-0698,29,18492.864626549104,14790,193,Inspection,4,22,1420,0.6944227492279881,2,Low,Turboprop,0.9385774501855971,Oceania,2458,2.07,1.67
AC-0699,26,35730.87345410313,12738,241,Inspection,9,11,5420,0.5237347774293083,4,Low,Turbofan,0.9338736950408653,North America,1891,3.67,1.0
AC-0700,10,23360.391203980787,15730,62,Component Replacement,5,33,2918,0.27903680181553453,3,Low,Turbofan,0.7255380359124298,Asia,1978,2.4,3.58
AC-0701,26,30472.15938057004,12120,17,Inspection,8,35,6975,0.6415179477584185,3,Low,Piston,0.5076831253673617,Asia,1960,3.43,1.28
AC-0702,30,15828.401948039642,19213,171,Routine Check,10,36,2517,0.15461476205561409,2,Medium,Turbofan,0.7132219028571516,South America,2148,1.89,1.74
AC-0703,2,24691.1236442842,9767,25,Component Replacement,6,2,8457,0.472008213884073,1,Low,Turbofan,0.8030967687120703,Europe,1000,3.34,2.74
AC-0704,19,45034.07267182105,14703,251,Inspection,9,8,9920,0.5919534456973039,1,Low,Turbofan,0.778882379549031,South America,1907,4.17,1.0
AC-0705,9,34629.6552911413,1929,253,Inspection,9,17,5292,0.49244227670672114,3,Low,Turboprop,0.8256680529001028,Oceania,1514,18.86,1.0
AC-0706,7,28076.207554510518,12951,207,Routine Check,8,42,7330,0.7738049577258918,4,High,Turbofan,0.5770378662365417,Africa,1663,3.09,1.0
AC-0707,4,20510.79172390204,16845,29,Component Replacement,3,34,2934,0.8451324590907812,2,High,Turbofan,0.8232675493903663,Europe,1000,2.23,1.92
AC-0708,26,25674.985358750087,18438,117,Major Overhaul,1,33,3368,0.7941187666298603,1,Low,Turbofan,0.5913258093718861,Africa,2576,2.28,1.05
AC-0709,21,26975.659901723822,16747,282,Major Overhaul,7,40,1938,0.1349316530306219,1,Low,Piston,0.8752619903483745,North America,2547,2.76,1.73
AC-0710,18,29492.284349197453,6744,144,Component Replacement,3,13,4043,0.27471589340137503,5,Low,Turbofan,0.6695438066313399,Oceania,2173,5.21,2.84
AC-0711,13,14233.394918223343,19284,25,Inspection,8,3,2281,0.582946758337397,3,Low,Turbofan,0.8549477166907268,Europe,1968,1.72,3.26
AC-0712,11,31684.07960942365,10649,156,Inspection,3,28,6843,0.9413398363994211,4,Low,Piston,0.5239327994530536,South America,1283,4.12,1.0
AC-0713,29,14104.069017053473,7980,73,Major Overhaul,7,40,2763,0.8514610975469051,2,Medium,Turbofan,0.7039300127954566,South America,2324,2.81,1.6
AC-0714,24,41311.258522818716,8069,120,Major Overhaul,8,44,711,0.8582810575166215,1,Medium,Piston,0.8525172611316664,Europe,2246,6.04,1.27
AC-0715,4,17283.716775831217,10591,93,Major Overhaul,8,49,9199,0.37288737438370745,5,High,Piston,0.6134352581657471,South America,1549,2.6,2.45
AC-0716,25,27966.283196761757,1442,86,Routine Check,9,14,6659,0.48650310737083236,3,Low,Turboprop,0.8976435223986112,Europe,2698,20.48,2.68
AC-0717,21,35051.425732780175,5652,118,Major Overhaul,3,27,7527,0.5236353525843437,3,High,Turbofan,0.8153898665524659,Asia,2464,7.39,1.98
AC-0718,29,22476.199565355502,10370,233,Routine Check,0,41,831,0.24163442501491939,2,Medium,Turboprop,0.7937808860748992,South America,2146,3.32,2.23
AC-0719,25,28406.000190998584,8597,199,Component Replacement,2,15,7360,0.1279613172200107,1,Low,Turboprop,0.6767744271021685,Europe,1774,4.24,2.6
AC-0720,4,39351.81549190052,15325,206,Inspection,8,11,8544,0.9522126095144652,2,Low,Piston,0.7412257351905588,Europe,1094,3.77,1.0
AC-0721,10,30644.029878932663,5458,147,Major Overhaul,3,4,8669,0.3166413270971561,2,Low,Turbofan,0.7986746504889266,South America,1713,6.42,2.45
AC-0722,5,28555.506296743526,7591,271,Inspection,4,33,9242,0.31595401335126816,5,Low,Turboprop,0.7362310569574453,Asia,1534,4.57,1.23
AC-0723,9,8152.146051795378,17346,139,Inspection,6,41,6220,0.1750411483918836,3,Low,Turbofan,0.8491566619702801,South America,1000,1.6,3.47
AC-0724,24,15662.777472597772,12826,181,Major Overhaul,4,0,9633,0.9356569767494007,4,Medium,Turbofan,0.7168484665534798,Europe,2173,2.1,1.0
AC-0725,3,35469.20127650012,19693,30,Major Overhaul,3,38,1227,0.6217634034457947,3,Low,Turbofan,0.6011365908710151,Asia,1000,2.63,2.61
AC-0726,17,30699.503053413824,15138,57,Component Replacement,1,31,5475,0.7003331714128185,3,High,Turboprop,0.6069668914005236,Africa,2213,2.92,2.27
AC-0727,3,32214.66273785074,18294,232,Routine Check,1,25,3743,0.9204191985367473,5,Low,Turbofan,0.5029018844214705,North America,1438,2.73,1.0
AC-0728,16,31353.969322148972,3169,146,Routine Check,3,16,1148,0.4110581520107106,4,High,Turbofan,0.6504788577793362,South America,1829,10.99,2.39
AC-0729,4,37897.56528375374,19556,48,Inspection,9,47,5595,0.6593565800242757,1,Low,Piston,0.8744588202392598,Oceania,1000,2.99,2.53
AC-0730,18,22386.000750448773,7313,194,Major Overhaul,9,26,7114,0.13491950925599872,4,Medium,Turbofan,0.8970813544188048,Europe,1801,3.96,2.47
AC-0731,17,26204.99958789301,9315,224,Component Replacement,8,23,7635,0.2680952754080164,1,Low,Turboprop,0.601233771047875,Asia,1606,3.81,1.0
AC-0732,7,14713.25666870916,9036,136,Component Replacement,7,34,1509,0.8481212245809483,4,Low,Turbofan,0.9795219984357039,Asia,1503,2.8,1.38
AC-0733,24,12219.77416563624,1785,22,Component Replacement,2,45,2050,0.7900915207045022,2,High,Turbofan,0.7512013967400634,Africa,1835,7.97,2.73
AC-0734,23,8562.592844119423,7139,6,Component Replacement,8,41,9495,0.41557842231143216,4,Low,Turboprop,0.9584893745092513,South America,2611,2.13,4.16
AC-0735,30,16148.365010001524,7344,204,Component Replacement,4,38,7992,0.43912956499679123,5,Medium,Piston,0.8533826409308156,Oceania,2818,3.39,2.09
AC-0736,5,40525.61815489642,19800,239,Routine Check,10,25,3901,0.5801989901982215,1,Medium,Turbofan,0.8612167115112066,Asia,1340,3.13,1.0
AC-0737,12,9472.729321839624,15973,185,Routine Check,2,48,7947,0.1002169042166211,3,Low,Turboprop,0.5425218106530356,Africa,1543,1.42,2.38
AC-0738,17,21964.640144228022,6619,292,Routine Check,4,37,5924,0.31711990243422505,5,Low,Turbofan,0.6099955634484653,Europe,1767,4.13,1.0
AC-0739,23,12068.546763538421,2936,220,Major Overhaul,9,22,4741,0.287408627747393,1,Medium,Turbofan,0.5044074166472363,Africa,1941,4.98,1.0
AC-0740,13,18990.26036996639,4807,116,Inspection,3,21,3661,0.3254346520747871,1,Low,Turbofan,0.8580638202383688,South America,1723,5.04,2.84
AC-0741,23,26696.937923520196,8151,49,Component Replacement,7,3,4655,0.8253152582800972,3,Medium,Turbofan,0.672219144214255,Africa,1778,4.15,1.0
AC-0742,25,17998.841267949916,10493,173,Major Overhaul,4,48,7978,0.35170647089179885,2,High,Turbofan,0.8933262580381733,Asia,2090,2.72,2.84
AC-0743,3,35896.648650164614,13355,82,Component Replacement,9,8,9219,0.27236918984513336,5,Low,Turbofan,0.6694681099685131,Asia,1459,3.53,2.23
AC-0744,9,40339.78120849567,4236,45,Routine Check,7,3,9715,0.5538371147137284,3,Low,Turbofan,0.9096668761494305,North America,1206,10.69,2.7
AC-0745,30,5000.0,16848,20,Major Overhaul,8,6,7117,0.8790805327354587,3,Medium,Turbofan,0.5653491268741565,Africa,2991,1.23,1.52
AC-0746,17,18170.076696488773,3352,221,Routine Check,3,22,6160,0.3172147334537499,2,Low,Turbofan,0.586686578378754,Europe,2073,6.58,1.18
AC-0747,17,25591.421222724224,2932,123,Component Replacement,6,1,9124,0.17068261851351885,5,Low,Turbofan,0.6704382697919682,Oceania,1915,9.91,2.18
AC-0748,30,36261.170260153805,11913,234,Component Replacement,1,48,1676,0.4207642622646982,3,Low,Piston,0.7042436944411367,Oceania,2686,3.85,1.19
AC-0749,20,20457.557248467376,9556,221,Inspection,5,23,8456,0.77288664210848,2,Medium,Turboprop,0.6743514054214892,South America,1599,3.13,1.0
AC-0750,16,24800.646047541897,6498,3,Component Replacement,7,39,9092,0.5956214902253152,5,Low,Turbofan,0.8818235162616099,North America,1338,4.63,2.73
AC-0751,25,13432.557749480513,11582,182,Routine Check,6,30,2733,0.8351140326169127,4,Low,Piston,0.5484756963133574,Africa,2675,2.32,1.0
AC-0752,22,9672.041477376544,18330,206,Component Replacement,6,46,5200,0.9636329328483105,1,Medium,Turboprop,0.675608509819244,Europe,1862,1.54,1.0
AC-0753,13,39453.84689582934,14865,40,Inspection,7,30,6406,0.8133962290764554,2,Low,Turbofan,0.9186199997577297,North America,1299,3.48,1.91
AC-0754,27,6759.301261070632,10569,59,Inspection,6,46,8360,0.643422770959378,1,Low,Turbofan,0.533398538631086,Asia,2482,1.48,1.34
AC-0755,19,48286.19008421566,18823,62,Routine Check,4,39,8026,0.5440074292471424,4,High,Turboprop,0.9711717538356788,South America,2139,3.52,3.62
AC-0756,17,32251.513993817414,5857,132,Major Overhaul,6,47,6059,0.13606217771344,3,Medium,Turbofan,0.9931584211360065,Africa,2162,6.68,3.58
AC-0757,4,31799.73075516756,1340,60,Component Replacement,9,42,7232,0.9858897809326371,3,High,Turboprop,0.54428408691254,Oceania,1029,24.81,1.0
AC-0758,12,30754.6866749443,12181,122,Inspection,2,33,3013,0.44513301031753827,5,Low,Turboprop,0.6456362611278685,Europe,1219,3.67,2.18
AC-0759,29,22473.14311999036,17766,107,Component Replacement,4,23,8330,0.23700539252518013,2,Medium,Turboprop,0.686200333017678,Asia,2533,2.21,2.78
AC-0760,9,28920.845297008695,9491,96,Component Replacement,6,48,7444,0.7000379698568111,2,Low,Piston,0.888195684326363,North America,1168,3.86,2.25
AC-0761,19,23111.033122155248,1138,235,Major Overhaul,8,25,8410,0.3558594601859134,5,Low,Turbofan,0.7979634060583669,South America,2355,21.5,1.0
AC-0762,12,30530.732764404795,1358,62,Inspection,1,15,6149,0.6272004438379428,1,Low,Turbofan,0.8221828502462837,North America,2009,23.29,2.45
AC-0763,9,24663.13473091284,10714,256,Component Replacement,3,46,1596,0.6280911170601321,3,Low,Turboprop,0.878754911409253,Oceania,1763,3.48,1.04
AC-0764,7,15496.518168982653,2627,49,Inspection,6,12,9620,0.5011568388125822,3,High,Turbofan,0.5589894997185129,North America,1000,6.85,2.07
AC-0765,28,16294.273837382438,16996,159,Routine Check,0,14,2451,0.8525067539905383,2,Low,Turboprop,0.9166047284551312,Europe,2143,1.76,1.89
AC-0766,14,15157.276247074964,6004,124,Routine Check,1,26,9686,0.3384703553998987,2,Medium,Piston,0.852809902090072,Asia,2085,3.6,3.62
AC-0767,20,34709.007319343094,14283,207,Component Replacement,8,3,8299,0.5037693324559608,5,Medium,Turboprop,0.7886708625981851,Africa,2086,3.62,1.0
AC-0768,19,18825.53387540902,7652,48,Inspection,9,15,9304,0.5839229157318744,4,Medium,Turbofan,0.9448676673915284,Europe,1967,3.65,2.8
AC-0769,26,5878.968389151396,3151,136,Component Replacement,6,29,1095,0.6972622486905696,1,Low,Turbofan,0.8501531769419035,Oceania,1820,2.73,1.5
AC-0770,15,28968.386658488052,10429,201,Inspection,9,43,8375,0.8055746654550305,4,Medium,Turbofan,0.6008499813155127,South America,1439,3.65,1.0
AC-0771,16,40145.17562589581,15072,250,Inspection,6,29,9533,0.4553265545904305,4,Low,Turbofan,0.7148726905378333,Oceania,1524,3.69,1.01
AC-0772,21,32730.83189177527,12927,295,Major Overhaul,5,35,4939,0.6814422496869365,2,Low,Turboprop,0.7470214334678666,Oceania,2464,3.59,1.0
AC-0773,5,18966.764347782875,7905,209,Major Overhaul,2,2,6472,0.23554985776166723,2,High,Turboprop,0.5276088133752028,North America,1364,3.5,1.34
AC-0774,3,9131.882844049109,13452,211,Major Overhaul,9,21,1358,0.9393832904882308,2,Low,Turboprop,0.9773187566800279,South America,1505,1.55,1.0
AC-0775,12,23657.318966424893,17212,192,Component Replacement,2,48,6019,0.44475292577890324,4,Low,Turbofan,0.5642886303984392,Europe,1565,2.56,1.0
AC-0776,25,23407.7612190329,19951,44,Major Overhaul,1,21,7885,0.7565692797787946,1,High,Turbofan,0.8487306336133634,Oceania,1848,2.23,2.45
AC-0777,20,15308.00389686234,2307,29,Major Overhaul,10,49,9136,0.11830697369395989,2,Low,Turboprop,0.7531155180454401,Europe,2329,7.77,4.06
AC-0778,27,30510.373022425374,15852,59,Routine Check,5,49,4817,0.2846684286143263,3,Medium,Turbofan,0.5128161249422113,Africa,2212,2.94,2.11
AC-0779,21,43466.26500830473,3660,71,Inspection,3,48,3954,0.5383742898912203,1,Low,Turbofan,0.9623737379321808,North America,2546,12.84,3.73
AC-0780,4,27222.82717458284,11403,92,Inspection,4,11,1530,0.8904272209591119,3,Low,Turboprop,0.9259184044094666,Europe,1000,3.58,1.44
AC-0781,21,26604.762069988457,11238,265,Major Overhaul,2,20,9987,0.5745296349556094,1,Low,Turboprop,0.7621289639519178,South America,2242,3.4,1.03
AC-0782,23,15627.719511661773,7207,220,Inspection,5,3,8406,0.9368834340644911,2,Low,Turbofan,0.6144711680697226,Oceania,2313,3.32,1.0
AC-0783,16,38974.14703060372,2140,215,Routine Check,10,30,1947,0.5354172069245168,5,Low,Turboprop,0.5608114453400471,Africa,1355,19.39,1.0
AC-0784,25,24248.558331899832,2708,277,Routine Check,2,43,3350,0.5414041870623549,2,Medium,Turbofan,0.6816962397160633,South America,2451,10.02,1.0
AC-0785,7,19210.367448058292,4630,64,Major Overhaul,7,30,8606,0.2077721096504787,4,Medium,Piston,0.6277141405230453,North America,1779,5.17,3.01
AC-0786,13,25636.88393651616,11485,292,Routine Check,8,22,7651,0.8223906197369978,4,High,Turbofan,0.7533456005031494,Africa,1171,3.03,1.0
AC-0787,21,29719.61333246609,13021,245,Inspection,3,19,7452,0.32226887122035625,1,Low,Turbofan,0.9832046480617145,Africa,2129,3.1,2.39
AC-0788,10,26392.15408644903,17859,62,Component Replacement,8,14,4555,0.9096512404350836,4,Medium,Turboprop,0.7874767466148207,Africa,1184,2.36,1.0
AC-0789,26,37061.53395670591,8684,170,Inspection,6,22,5902,0.9197417982973565,2,Medium,Turbofan,0.944965527945049,Oceania,2321,5.14,1.0
AC-0790,7,28839.715525468622,2207,269,Component Replacement,2,27,9781,0.9489791006867347,3,High,Turboprop,0.8254394187478886,Asia,1427,13.97,1.0
AC-0791,14,22160.58189117465,14331,267,Major Overhaul,6,15,2172,0.568207440192781,2,Low,Turboprop,0.7376232632936002,Africa,1463,2.47,1.0
AC-0792,26,29011.9221632689,2960,54,Component Replacement,0,36,5032,0.7093844063052799,1,Medium,Turboprop,0.9273037813666856,South America,2024,10.75,3.43
AC-0793,5,29996.371011259573,1557,16,Routine Check,2,20,5424,0.8006642920554972,4,High,Piston,0.7356840550864987,South America,1384,20.23,2.83
AC-0794,3,12036.24080736158,16883,8,Inspection,5,14,6585,0.21791315678541906,3,Low,Turbofan,0.9343140852551806,North America,1000,1.55,4.31
AC-0795,23,36494.19728263715,14893,104,Component Replacement,3,16,8234,0.6408614754977475,5,High,Turboprop,0.6457883847878827,Europe,1772,3.27,1.75
AC-0796,29,21990.95980638641,1882,59,Inspection,6,49,5364,0.1308681111729805,3,Low,Turbofan,0.5644065368814941,Europe,2779,12.75,3.38
AC-0797,11,22246.7677649457,5761,40,Major Overhaul,2,36,9816,0.5478094750498533,3,Medium,Turbofan,0.9276572321814691,Asia,1205,4.88,3.33
AC-0798,11,32513.75987075946,6867,237,Major Overhaul,0,12,1721,0.2393584134582047,2,High,Turboprop,0.7937075818963334,Oceania,1955,5.71,2.2
AC-0799,18,32471.652242595814,13869,94,Routine Check,8,18,3360,0.2646306333658762,5,Medium,Turbofan,0.9445461991244801,Oceania,1700,3.4,3.32
AC-0800,15,17991.683211339143,8166,222,Major Overhaul,5,29,8928,0.4285428100233414,1,Low,Turbofan,0.9689136034961916,Africa,2082,3.33,1.54
AC-0801,12,33029.016181456864,13982,204,Component Replacement,7,44,9836,0.4891934500448527,1,Low,Turbofan,0.5268141951857246,Asia,2093,3.33,1.0
AC-0802,9,19395.51848510476,8929,138,Major Overhaul,2,17,3753,0.6608551820789685,3,High,Turboprop,0.7504846509294342,North America,1016,3.23,1.34
AC-0803,10,43195.730466986555,6347,300,Routine Check,7,13,4282,0.16698557659466412,3,Low,Piston,0.6874822745372646,North America,1904,7.99,1.0
AC-0804,26,16718.060187342362,8269,207,Inspection,1,35,7457,0.5533225851137001,4,Low,Turbofan,0.8129291985350586,Europe,2444,3.16,1.18
AC-0805,12,27394.774617058967,14527,81,Inspection,3,35,1266,0.26436261722779103,5,Medium,Turbofan,0.8967955986011618,North America,1973,2.86,3.48
AC-0806,17,17179.823630923926,3454,218,Major Overhaul,2,19,3181,0.6165776575285677,3,Low,Turboprop,0.6402951079871845,Africa,1743,6.03,1.0
AC-0807,29,47226.956291350754,19330,2,Component Replacement,9,18,8210,0.6736641510350652,4,Low,Turbofan,0.7783991921865858,South America,2601,3.31,1.97
AC-0808,6,12621.79055912884,13991,178,Routine Check,0,44,7982,0.6010383308975684,5,Low,Turbofan,0.8543642899524497,North America,1393,1.93,1.67
AC-0809,7,30243.627472529104,3808,279,Component Replacement,6,43,5586,0.7644659594304769,1,Low,Turbofan,0.567215541417867,Asia,1419,9.13,1.0
AC-0810,14,17650.895855222007,7642,146,Routine Check,10,6,8464,0.4020483198168112,4,Medium,Turbofan,0.9070334529756334,Africa,1860,3.32,1.57
AC-0811,13,21458.92358552013,4825,224,Major Overhaul,9,43,3165,0.7885959324698177,5,Medium,Turbofan,0.8030547999264865,North America,1554,5.62,1.0
AC-0812,8,29535.37833745176,4536,62,Routine Check,1,3,4013,0.48949037353737435,4,Medium,Turboprop,0.9747687185568259,Oceania,1348,7.47,3.62
AC-0813,10,37245.84437626143,16309,294,Routine Check,3,33,995,0.5357660484903372,3,High,Turbofan,0.6697644595653467,North America,1130,3.48,1.0
AC-0814,9,41233.96562299046,4802,239,Major Overhaul,8,1,6322,0.6832919145349643,2,High,Piston,0.5540729711685993,Oceania,1018,9.62,1.0
AC-0815,18,9630.520399736795,19354,195,Component Replacement,5,4,2572,0.11652254559930157,1,Medium,Turboprop,0.7532506005184627,Africa,1744,1.31,2.18
AC-0816,27,27677.51224364462,7142,166,Major Overhaul,7,9,8295,0.6885947992782235,3,Low,Turboprop,0.5429053858547195,North America,2611,4.91,1.0
AC-0817,26,39594.93603383521,10094,222,Routine Check,1,31,9029,0.6567266341649038,3,Medium,Turbofan,0.9847632616620035,Oceania,2119,4.83,1.66
AC-0818,2,8146.890612380594,1364,61,Major Overhaul,6,41,4449,0.378862405077952,5,Low,Turbofan,0.5193424791285958,South America,1000,6.79,2.53
AC-0819,5,28143.834940548473,16688,129,Routine Check,5,40,6533,0.17721485640954054,4,Medium,Turbofan,0.8767519505536541,Europe,1333,2.81,3.21
AC-0820,29,24979.162025798163,2863,173,Major Overhaul,8,12,8828,0.18184190492173702,1,Medium,Piston,0.762551199071122,Africa,2478,9.64,2.7
AC-0821,5,29145.418143797884,17499,156,Inspection,6,38,3055,0.9309013722867057,3,Low,Turbofan,0.6843103262491443,Oceania,1590,2.78,1.0
AC-0822,6,17276.959746735247,8084,110,Inspection,0,4,6870,0.7203513891032534,5,High,Turbofan,0.5329210822543273,Asia,1000,3.05,1.8
AC-0823,19,10643.8117178656,9016,269,Major Overhaul,7,9,4915,0.21439235239366636,1,Low,Turbofan,0.8110834620868039,North America,2031,2.06,1.41
AC-0824,8,5868.9357482097475,3384,278,Component Replacement,10,9,6459,0.42105085237801576,4,Medium,Turbofan,0.7926101646954776,Oceania,1524,2.92,1.0
AC-0825,16,34763.83953462103,16072,74,Routine Check,9,37,9607,0.6332346945114368,3,Low,Turbofan,0.6404416365337999,Oceania,2043,3.11,1.64
AC-0826,13,36040.491364833535,4935,207,Inspection,2,26,6493,0.8520145345815838,3,High,Turbofan,0.955110850705156,Oceania,1682,8.34,1.42
AC-0827,1,28026.85348995986,14127,279,Component Replacement,1,20,5521,0.13929483584170768,3,Low,Turbofan,0.6520550036714184,Europe,1000,3.03,2.11
AC-0828,22,19658.516503119034,15482,204,Routine Check,2,7,3407,0.31296981832300796,1,Low,Turbofan,0.724862705296053,Asia,2374,2.29,1.82
AC-0829,20,8769.541065342546,8742,161,Inspection,10,0,3414,0.900774091265842,1,Low,Turbofan,0.7718812279593279,Asia,1610,2.17,1.0
AC-0830,17,30633.45462505024,17165,28,Inspection,5,27,4370,0.10824899516543485,1,Low,Turboprop,0.550115939088143,South America,2348,2.85,3.26
AC-0831,7,13992.20717163315,3490,257,Major Overhaul,2,48,9690,0.28125919251449866,1,Low,Turbofan,0.9660808596068162,Europe,1607,4.97,2.33
AC-0832,25,17887.01375239462,14324,165,Routine Check,9,38,5585,0.9631217583756694,5,Medium,Turbofan,0.6872680762255206,Oceania,2032,2.39,1.0
AC-0833,13,19134.359204372813,19108,63,Component Replacement,4,13,7046,0.652061661869954,2,Low,Turbofan,0.5403896069371719,Africa,1669,1.87,1.48
AC-0834,4,23024.64774303032,2137,22,Component Replacement,5,20,895,0.33550422997375584,5,Low,Turbofan,0.693645586837665,Europe,1668,11.79,3.79
AC-0835,4,17409.595527913516,4420,70,Component Replacement,7,29,1438,0.16029198495626285,3,Low,Piston,0.8001012735462903,Europe,1495,5.12,3.17
AC-0836,6,25334.587709923027,6845,96,Routine Check,6,20,3010,0.12537220640249994,5,High,Turbofan,0.7568263359106648,Asia,1518,4.75,3.47
AC-0837,28,18781.81699493609,4906,163,Component Replacement,10,48,5136,0.3202705716732346,4,Medium,Turboprop,0.847270987018637,South America,2093,4.96,2.04
AC-0838,19,32013.73064839223,13413,79,Component Replacement,7,8,2149,0.8933372376300194,1,Medium,Turboprop,0.5277419710339553,South America,2416,3.45,1.0
AC-0839,29,35310.62913988053,1276,5,Component Replacement,2,16,4190,0.4743222888677585,4,Medium,Turboprop,0.6422703051360281,Europe,1996,28.81,3.08
AC-0840,12,26085.426760284383,19383,120,Major Overhaul,3,4,3935,0.7483000322493937,4,Low,Turbofan,0.9096152884200511,Europe,2077,2.52,2.05
AC-0841,22,29626.263353811024,18611,178,Major Overhaul,5,30,3701,0.926456531841962,3,Low,Turbofan,0.5399468438956805,North America,1941,2.5,1.0
AC-0842,7,46178.559496258895,7337,176,Routine Check,10,39,4679,0.4672364154425349,1,Low,Turboprop,0.9277429773479788,Oceania,1091,7.16,1.92
AC-0843,27,13273.96743138684,12944,217,Routine Check,6,37,8905,0.2721496339336574,4,High,Turbofan,0.5459480460385531,Asia,2371,2.02,1.52
AC-0844,10,12665.318987198943,16906,56,Component Replacement,8,42,3737,0.5654061377712275,3,High,Turboprop,0.9172271074458481,Oceania,1369,1.83,2.41
AC-0845,26,31949.97900776875,18079,187,Major Overhaul,0,18,4362,0.917275318353869,1,Low,Turboprop,0.6803942005393633,Africa,2600,2.66,1.0
AC-0846,19,44465.428375147654,13306,232,Inspection,7,35,558,0.8239369727239305,2,Low,Turboprop,0.806104531628608,Africa,2352,4.14,1.0
AC-0847,7,22395.014380612774,11503,255,Inspection,7,49,5438,0.1592468590268384,3,Low,Turbofan,0.576443557823999,South America,1000,2.88,1.25
AC-0848,30,42268.338422187604,5208,104,Component Replacement,5,32,3471,0.7233155200698236,5,Low,Turboprop,0.5330843608625904,Asia,2269,9.3,1.0
AC-0849,3,25964.3371879349,12590,77,Component Replacement,3,12,8814,0.6147077702130583,1,Medium,Turboprop,0.6079691020100675,Oceania,1589,3.14,1.43
AC-0850,13,18191.127179609182,11886,230,Major Overhaul,2,13,9854,0.9167168587117829,4,Low,Turboprop,0.5639269089543477,South America,1963,2.49,1.0
AC-0851,13,15093.076113622967,13866,258,Major Overhaul,10,32,3845,0.21023327516526752,4,High,Turbofan,0.6562029488398159,Africa,1210,1.97,1.21
AC-0852,18,31294.135848867874,2088,264,Major Overhaul,2,28,2986,0.5806325018841909,5,Low,Turbofan,0.75719162325551,Europe,1563,15.93,1.0
AC-0853,28,15850.409322173033,4363,182,Routine Check,5,42,1061,0.8915164241607031,5,High,Turbofan,0.7943797317825048,Asia,2424,4.5,1.0
AC-0854,30,25812.76842767028,1024,256,Routine Check,7,48,4481,0.46902140806756876,4,Medium,Turbofan,0.8949340536898714,Asia,2271,26.05,1.49
AC-0855,26,40834.65025384094,10764,38,Component Replacement,6,35,6761,0.5337954259595804,1,Medium,Turbofan,0.8281199466241793,Oceania,2519,4.96,3.1
AC-0856,20,21932.196071286297,10959,176,Routine Check,10,43,2237,0.16341460990026246,3,Medium,Piston,0.8043791625647765,North America,2257,3.2,2.38
AC-0857,28,38140.09474643899,13935,27,Major Overhaul,0,9,9596,0.3503292764040198,5,Medium,Turbofan,0.7058910137428873,Oceania,2032,3.6,3.86
AC-0858,8,12854.565102735933,9068,276,Major Overhaul,10,30,4054,0.39205598425205257,5,Medium,Turboprop,0.7369042174800693,Europe,1143,2.24,1.0
AC-0859,29,19660.908986832,19619,140,Routine Check,5,5,9626,0.9506102038703982,5,Medium,Turbofan,0.7072604146950905,Europe,2934,1.93,1.0
AC-0860,9,10928.559737850836,8295,299,Inspection,6,0,7595,0.3544006244870431,2,Medium,Turbofan,0.9210830150306916,South America,1755,2.3,1.51
AC-0861,7,25729.967559733577,9392,287,Component Replacement,6,6,8766,0.5147818617426868,1,High,Turbofan,0.6150002262741999,Asia,1847,3.62,1.0
AC-0862,1,32800.78179716583,12390,91,Inspection,8,26,794,0.7041739812078518,1,Medium,Turbofan,0.5028604657709823,South America,1000,3.57,1.0
AC-0863,3,25751.87087606186,9448,61,Component Replacement,10,20,8712,0.24596503516708967,1,Medium,Piston,0.8256599486131196,Europe,1000,3.61,2.92
AC-0864,13,37270.50059970152,11433,163,Inspection,10,27,9730,0.537798148427687,1,High,Turbofan,0.6012310918194157,North America,2020,4.37,1.0
AC-0865,28,17508.2075937087,16038,143,Routine Check,9,15,5830,0.7646851355283169,1,Low,Turboprop,0.9450575681549047,Asia,2467,2.18,1.49
AC-0866,30,27253.427536890675,12528,253,Component Replacement,4,45,5155,0.8801696917243594,4,Low,Turbofan,0.929523164853328,Europe,2318,3.23,1.0
AC-0867,25,19725.306763861438,16743,269,Component Replacement,0,22,1609,0.663633347196184,5,Low,Piston,0.538363685964103,North America,2259,2.13,1.0
AC-0868,28,28616.76585423655,9605,291,Component Replacement,1,19,4271,0.7021481637852531,4,Medium,Turbofan,0.5531942027070387,Oceania,2275,4.14,1.0
AC-0869,17,30037.360462124256,3014,187,Major Overhaul,3,37,9063,0.21365512532611208,2,High,Turbofan,0.7475857961233332,Africa,1909,11.15,2.75
AC-0870,25,30823.959599840626,2381,291,Major Overhaul,4,24,6623,0.9511988475217125,3,Low,Turbofan,0.8046113313846773,Europe,2366,13.82,1.0
AC-0871,24,14294.05661764398,2098,86,Inspection,8,27,8147,0.21931666973603414,5,Medium,Turbofan,0.6374541687411204,Africa,2173,7.7,2.92
AC-0872,1,16102.538982134312,10101,166,Routine Check,10,4,1674,0.7972056434636184,2,Medium,Turbofan,0.8583988583496853,South America,1000,2.6,1.0
AC-0873,6,17957.122918088113,1187,114,Major Overhaul,0,20,1664,0.33833468960048696,4,Low,Turboprop,0.7974580104594358,Africa,1388,15.96,2.92
AC-0874,21,22611.192521334026,12948,183,Component Replacement,2,17,9784,0.9402338293311264,3,Medium,Turboprop,0.6624120548742773,Europe,2489,2.72,1.0
AC-0875,6,25871.864042064302,11207,207,Major Overhaul,4,46,9975,0.7479635854325316,2,High,Turboprop,0.5126857440211579,Africa,1298,3.34,1.0
AC-0876,26,32080.891218566765,3092,256,Routine Check,2,5,9537,0.7784323416805321,3,Low,Turbofan,0.8750751406492588,Asia,2017,11.38,1.0
AC-0877,12,16519.01300660768,19514,235,Major Overhaul,3,28,9212,0.297153255753895,2,Medium,Turbofan,0.6073768329125413,Europe,1994,1.78,1.13
AC-0878,13,8989.807022982477,6242,3,Component Replacement,2,18,4966,0.4987359789716448,4,Medium,Turbofan,0.9172368717313142,North America,1716,2.46,3.59
AC-0879,13,46557.4316320679,9549,208,Inspection,3,32,6038,0.6560318751303578,3,Low,Piston,0.7101451300271275,Africa,1716,6.06,1.27
AC-0880,29,13685.4697934757,6185,197,Component Replacement,0,0,7611,0.7929762563859408,2,Low,Turboprop,0.7885387213158828,Asia,2078,3.1,1.0
AC-0881,15,33363.23722995551,16271,125,Routine Check,7,44,8934,0.19356343832115064,4,High,Turboprop,0.9364743652045009,South America,2153,3.11,3.44
AC-0882,21,25312.668772486744,6776,138,Inspection,3,2,3300,0.9661287848090755,5,Low,Turboprop,0.9318115004599767,South America,1932,4.55,1.09
AC-0883,16,27513.056408063803,13449,25,Major Overhaul,6,41,5107,0.9011986034991004,4,Low,Turbofan,0.6857597876217867,Africa,1687,2.87,1.65
AC-0884,22,24984.494941640973,8823,68,Major Overhaul,1,20,7762,0.34331373144602595,4,Low,Turbofan,0.6044444463574216,South America,1684,3.85,2.86
AC-0885,21,21151.581180528745,16717,61,Major Overhaul,1,34,2041,0.8404842187290987,5,Medium,Turbofan,0.8875730388642973,North America,2059,2.11,2.61
AC-0886,11,29639.72282923459,8355,29,Inspection,5,40,3265,0.5664915307358411,4,Medium,Turbofan,0.7165401018010655,Europe,1775,4.36,2.89
AC-0887,28,20614.127937427045,7465,19,Component Replacement,1,39,4991,0.5156258334058168,5,Medium,Turbofan,0.596020996779502,Asia,2526,3.63,3.14
AC-0888,5,36663.027472367896,13737,171,Inspection,5,2,3583,0.38299069523026485,5,Low,Turbofan,0.9522126711585751,Oceania,1186,3.69,2.11
AC-0889,4,30684.410062561547,18881,74,Inspection,10,24,5856,0.6228717279684332,5,High,Turboprop,0.5990520971205437,Africa,1525,2.71,1.35
AC-0890,3,30995.941132814936,14324,61,Routine Check,1,44,2357,0.756900205933238,2,Low,Turboprop,0.5129035840956155,South America,1000,3.04,1.34
AC-0891,19,19928.7693994341,11350,153,Inspection,3,37,1269,0.4698396144664825,3,Low,Turboprop,0.51013998688371,Europe,1498,2.82,1.0
AC-0892,20,22636.45262911004,3555,276,Major Overhaul,6,44,1922,0.6662972737074628,2,Low,Piston,0.8111576782271321,Oceania,1566,7.24,1.0
AC-0893,25,13120.87191357935,3951,48,Component Replacement,7,19,9098,0.7293816290397733,5,Low,Turbofan,0.8308375303587652,North America,2536,4.37,2.06
AC-0894,18,21469.83943274438,18622,211,Component Replacement,2,43,3472,0.7400096353137573,3,High,Turbofan,0.6555208525284919,South America,1528,2.12,1.0
AC-0895,15,14634.240836437028,5727,139,Component Replacement,8,44,2372,0.14676948831806225,3,High,Turboprop,0.6600054946235316,South America,1278,3.62,2.55
AC-0896,9,38130.68515588715,6686,110,Major Overhaul,1,33,6099,0.8737730251165602,5,Low,Turbofan,0.6697469575299714,Asia,1292,6.9,1.0
AC-0897,17,25505.358155940063,4701,183,Major Overhaul,7,20,2769,0.5124279832885431,3,High,Turbofan,0.8400792733794393,North America,1894,6.6,1.27
AC-0898,14,26704.972350404307,3780,28,Major Overhaul,7,47,5775,0.336174473526593,3,Medium,Turbofan,0.5290668955134143,North America,1318,7.87,2.16
AC-0899,15,22748.534726499787,18972,197,Major Overhaul,3,22,5249,0.3175880567317134,2,High,Turbofan,0.9645581763456628,Africa,1941,2.35,2.86
AC-0900,1,26975.789220514078,3368,191,Major Overhaul,0,5,7071,0.5347127015595554,3,Low,Turbofan,0.6112605220887233,Oceania,1486,8.84,1.39
AC-0901,21,49648.77635857683,16592,51,Inspection,0,12,9873,0.8981483855220633,5,Medium,Turbofan,0.9998366026210461,Asia,2212,4.17,2.64
AC-0902,22,21998.597156075084,1436,149,Major Overhaul,1,48,5572,0.44051282351438226,1,Low,Turbofan,0.5857613468935935,Africa,1732,16.23,2.05
AC-0903,22,18495.869652900063,3828,268,Major Overhaul,8,22,5963,0.774753172105189,1,High,Turboprop,0.8857732286561888,Asia,1926,5.78,1.0
AC-0904,3,30296.931329054427,2556,50,Major Overhaul,1,8,7950,0.18713685788849677,1,Low,Turbofan,0.6117062724648126,North America,1000,12.69,3.64
AC-0905,16,5000.0,14364,246,Major Overhaul,1,16,8920,0.5284510319359557,5,Medium,Turbofan,0.540423400821627,Asia,1805,1.19,1.0
AC-0906,23,25639.56786910933,16061,113,Component Replacement,5,1,4459,0.992517526353462,1,Low,Turbofan,0.9374666621753245,Asia,2295,2.69,1.34
AC-0907,25,21282.87096707099,11576,170,Major Overhaul,6,18,1813,0.7933940225131033,2,Low,Turbofan,0.929375629595446,Asia,2438,3.02,1.27
AC-0908,11,15076.867339639057,17566,166,Inspection,6,18,8347,0.2894756395965517,5,Medium,Turboprop,0.7017851962248007,Europe,1583,1.9,1.77
AC-0909,12,30077.576703115003,8190,14,Inspection,8,6,1570,0.5512973263281197,5,High,Turboprop,0.8511980712702134,Europe,1340,4.76,2.6
AC-0910,10,25539.88418445793,6565,203,Inspection,5,41,9666,0.3102622872837099,5,Medium,Turboprop,0.7785329663419586,Oceania,1588,5.0,1.53
AC-0911,16,6975.910925057829,16369,288,Routine Check,7,41,3785,0.46860483453625834,3,High,Turbofan,0.9264780568368745,Oceania,2015,1.33,1.0
AC-0912,8,18534.70478807562,2589,189,Component Replacement,10,19,9449,0.8020756213614683,3,Low,Turbofan,0.6575279846593272,North America,1415,7.98,1.0
AC-0913,6,5000.0,1159,155,Major Overhaul,5,8,3595,0.7941023337613633,3,Medium,Turbofan,0.7618361999994926,Asia,1639,5.11,1.0
AC-0914,12,27932.69314133503,13145,55,Routine Check,1,16,820,0.3052903401121466,4,Low,Turbofan,0.7426861856022753,North America,2059,3.07,3.33
AC-0915,24,27832.99418440157,16373,182,Major Overhaul,0,26,2821,0.9300009863393741,2,Low,Turbofan,0.6769529131284293,Europe,1864,2.6,1.0
AC-0916,28,17067.181061663265,7555,210,Routine Check,4,46,1055,0.6333113644883441,5,Medium,Turbofan,0.9457275322781862,Asia,2826,3.08,1.77
AC-0917,21,30401.127116831267,17237,75,Routine Check,8,1,5439,0.4419318618658131,5,Medium,Turbofan,0.5829389623312677,Africa,2482,2.64,2.25
AC-0918,8,12175.013788784776,10203,277,Inspection,7,35,5932,0.5517420227027746,3,Medium,Turboprop,0.5747543197603481,Europe,1539,2.04,1.0
AC-0919,26,15334.82974065007,9244,133,Inspection,3,18,1886,0.6445641280939693,5,Medium,Turbofan,0.7884547676613757,Europe,2356,2.82,2.16
AC-0920,28,29171.90464382564,15743,59,Routine Check,4,16,5263,0.6039014786612069,5,Medium,Turboprop,0.828747114992471,Europe,2117,2.71,2.2
AC-0921,4,18113.332450370566,14333,182,Inspection,4,4,7354,0.5377645319825604,1,Low,Turbofan,0.5973096271622826,Asia,1446,2.28,1.0
AC-0922,26,24373.430437975556,14341,64,Routine Check,5,38,8137,0.5544395236804601,5,Low,Turbofan,0.695358721127312,Oceania,2447,2.74,1.88
AC-0923,8,19363.509725736574,19691,260,Component Replacement,2,17,5341,0.25877071938509755,4,Medium,Piston,0.9732819214893719,South America,1579,2.0,2.56
AC-0924,26,20890.68843700816,2228,193,Inspection,4,6,4367,0.8314596138742114,3,Low,Piston,0.623308711345337,Africa,2792,10.22,1.0
AC-0925,28,21327.75784045007,6590,143,Inspection,1,16,4293,0.5875842879469139,2,Low,Turbofan,0.834180351058697,Africa,2648,4.16,2.21
AC-0926,18,17932.432427818225,6585,104,Inspection,9,38,7873,0.2179718755342328,2,Low,Turbofan,0.8700746968487953,North America,2004,3.54,2.99
AC-0927,28,28024.497143601242,10227,214,Component Replacement,0,35,3013,0.7895413914245002,1,Medium,Turbofan,0.7240643497325798,Asia,1904,3.7,1.0
AC-0928,28,18720.715132460507,7046,242,Routine Check,10,39,4303,0.9391995805396157,2,Low,Turbofan,0.9687629933797914,Oceania,2567,3.53,1.0
AC-0929,5,25156.867137956022,13237,209,Major Overhaul,0,44,2827,0.9525762093132659,2,Medium,Turboprop,0.8683283676093952,Europe,1506,2.93,1.0
AC-0930,9,17712.683186255967,16649,93,Inspection,9,3,9309,0.4321159591700555,3,Medium,Piston,0.7289622899304489,South America,1821,2.14,1.91
AC-0931,4,9657.013736155415,5945,142,Routine Check,6,37,2665,0.22196518620467864,3,Low,Turboprop,0.784667600888047,Asia,1000,2.64,2.94
AC-0932,27,34124.352492591664,8927,112,Component Replacement,1,24,3808,0.5665596639697587,4,Medium,Turbofan,0.8463067217125504,Asia,2096,4.8,2.15
AC-0933,22,29995.269850954086,13641,59,Major Overhaul,3,4,6952,0.20134830641429863,1,Medium,Turboprop,0.7960950902146091,Oceania,2454,3.15,4.07
AC-0934,17,47886.820687976724,16998,43,Inspection,4,29,8567,0.9405886766613555,2,Medium,Turbofan,0.9393487919130379,South America,1842,3.95,2.48
AC-0935,9,14560.271600017419,14386,207,Component Replacement,6,11,8142,0.26522166461963137,4,Medium,Piston,0.6784443311402006,Europe,1598,1.9,2.0
AC-0936,1,22910.395126679694,8016,268,Component Replacement,1,3,6904,0.32748927395604766,1,Low,Turboprop,0.6499428700279024,Asia,1000,3.95,1.56
AC-0937,21,23714.925191441944,15027,296,Major Overhaul,5,23,1492,0.4659728741964734,2,Medium,Turbofan,0.6069194447476322,Africa,2124,2.68,1.0
AC-0938,20,34893.69438282131,16920,118,Routine Check,0,28,5924,0.44484802170321325,2,Low,Turbofan,0.5188914840322976,Africa,2491,3.03,2.13
AC-0939,13,19928.921058673917,14752,20,Inspection,6,8,4881,0.8151966031581,3,High,Turbofan,0.5215069821900277,South America,1456,2.27,1.0
AC-0940,28,13289.581458241455,19268,222,Inspection,8,3,3674,0.5106851384958662,5,High,Turbofan,0.9350275965546414,Europe,2527,1.68,1.01
AC-0941,16,37078.093084610024,19193,166,Routine Check,4,23,5282,0.2536914340030032,1,Medium,Turboprop,0.8391965732029536,South America,1924,2.77,2.29
AC-0942,29,21833.49970738772,4167,131,Routine Check,4,13,9997,0.3404889059374667,2,Low,Turbofan,0.830266207718243,Asia,2492,6.06,2.57
AC-0943,13,33786.43509726043,12989,156,Routine Check,3,4,6060,0.5582020466687698,1,Low,Turbofan,0.807321409467443,Africa,1156,3.45,2.26
AC-0944,14,32621.984007922114,15087,184,Major Overhaul,2,17,7960,0.2327085256835214,4,Low,Turbofan,0.9246095723470524,North America,2125,3.04,2.88
AC-0945,3,24701.095260977003,3437,90,Major Overhaul,8,41,3578,0.6504901080814127,4,Low,Turboprop,0.7401334628328138,South America,1603,8.19,1.63
AC-0946,29,23256.86294965252,16275,94,Inspection,4,18,3483,0.6091725758960314,5,Low,Turbofan,0.9352054142791502,North America,2464,2.57,2.57
AC-0947,6,21084.351936701954,6276,13,Major Overhaul,7,11,7759,0.7432320847440319,2,Medium,Turboprop,0.6797225130911195,North America,1618,4.25,1.94
AC-0948,18,24848.068712300108,9859,293,Component Replacement,8,17,6554,0.9439341538414309,3,Low,Turboprop,0.9633537521695452,Oceania,2154,3.69,1.0
AC-0949,19,33631.00226170631,8818,230,Inspection,4,16,3023,0.9210291049910401,2,High,Piston,0.84932849004062,Africa,2017,5.0,1.0
AC-0950,5,17035.598189404205,5728,292,Major Overhaul,9,29,5081,0.9514680562619482,1,Low,Turbofan,0.6285885680122136,South America,1000,4.16,1.0
AC-0951,15,26088.456302091203,6738,26,Routine Check,8,23,6109,0.3202440373213309,4,High,Turbofan,0.7820424608443126,North America,1259,5.01,3.25
AC-0952,25,13813.685718011924,6793,75,Component Replacement,1,10,2501,0.21840877597541916,1,High,Turbofan,0.7665152807441278,Asia,2322,2.98,3.36
AC-0953,2,15058.937669578074,5523,299,Routine Check,8,34,1887,0.3720490304468037,5,Medium,Turbofan,0.5689494108651669,Oceania,1161,3.56,1.0
AC-0954,10,24690.61002844376,6571,150,Inspection,10,22,7052,0.9055766554896831,4,Medium,Turbofan,0.7956214528753071,Europe,1121,4.79,1.0
AC-0955,24,5398.419917061681,17209,148,Routine Check,3,16,1530,0.9748481271611394,3,Low,Turboprop,0.657392811858479,Oceania,2386,1.34,1.0
AC-0956,30,45605.586166160516,16246,8,Major Overhaul,5,0,1720,0.8733924559634284,4,Medium,Turbofan,0.5261743834048012,Europe,2985,3.95,1.0
AC-0957,18,13069.400450897638,11380,29,Major Overhaul,5,14,6535,0.19901594901478925,2,Low,Turboprop,0.9743280788532824,Africa,1912,2.35,4.19
AC-0958,27,24599.114873434468,3224,296,Inspection,5,31,9955,0.9526851982538138,2,Low,Turbofan,0.8207451845321438,South America,2839,8.63,1.0
AC-0959,13,36682.17721816865,9389,209,Routine Check,1,8,7023,0.4810222246157074,4,Medium,Turboprop,0.9384594659354235,South America,1590,4.85,2.41
AC-0960,5,16370.946612495016,16927,128,Inspection,6,14,8574,0.10837926168611832,5,Low,Turboprop,0.8380280025066266,Europe,1000,1.84,3.37
AC-0961,23,5000.0,12684,116,Routine Check,5,27,9563,0.4981543666733742,2,Medium,Turboprop,0.6784918460700564,Asia,2351,1.2,1.85
AC-0962,24,20550.542398753285,11640,144,Component Replacement,10,23,1334,0.14146225270792084,2,Low,Turboprop,0.7563440361644057,Europe,2290,2.77,2.79
AC-0963,1,16251.79619923881,9662,235,Major Overhaul,0,34,9610,0.5894901290450059,3,Low,Turboprop,0.8378733801735885,Europe,1000,2.7,1.66
AC-0964,22,5000.0,7361,7,Inspection,1,21,2224,0.40469862469334617,4,Low,Piston,0.9801261626007187,South America,2565,1.81,4.87
AC-0965,1,27848.898925721987,2948,45,Component Replacement,6,26,7098,0.5260914402346439,2,Low,Turbofan,0.6268347295608483,North America,1000,10.45,2.57
AC-0966,18,27070.938622329515,13091,239,Component Replacement,0,18,2913,0.6518533246688053,5,Low,Turbofan,0.9374885293120588,Asia,2360,3.23,1.61
AC-0967,15,36423.264545383514,12992,155,Inspection,0,44,6493,0.8819209862360382,1,Low,Turbofan,0.9620389026471348,South America,1951,3.85,1.65
AC-0968,17,13791.776344796128,7318,181,Inspection,0,11,4998,0.6957114188247358,4,Low,Turbofan,0.8352077573294783,Oceania,1533,3.02,1.97
AC-0969,11,9008.635135529872,13180,215,Component Replacement,7,19,2605,0.4906439816303626,3,High,Turbofan,0.965633313700669,Europe,1116,1.54,2.0
AC-0970,21,20932.76916953416,1234,88,Routine Check,3,0,3068,0.8374850683033286,2,Low,Turbofan,0.6989392937386842,North America,1566,18.11,1.0
AC-0971,26,24116.57340990905,16372,256,Component Replacement,3,20,9830,0.915023923815819,5,Medium,Turbofan,0.9765080880202214,Asia,2182,2.54,1.0
AC-0972,25,34213.49602986496,1522,73,Inspection,1,48,709,0.2077839697889775,4,Low,Turbofan,0.8513914385829875,Africa,2117,23.35,4.56
AC-0973,22,39105.68005005159,13718,179,Component Replacement,10,44,9756,0.5787396797975123,5,High,Turbofan,0.521002883709406,Asia,2503,3.73,1.0
AC-0974,27,37144.79133907347,10821,212,Routine Check,10,0,5411,0.35606076376819973,5,Low,Piston,0.9534364159095263,Asia,2165,4.6,2.05
AC-0975,27,27765.436668926668,6832,293,Major Overhaul,10,9,2720,0.14235507808925268,3,Low,Turbofan,0.7422364045165963,Europe,2346,4.88,1.0
AC-0976,17,32994.99253504148,13820,234,Major Overhaul,0,46,733,0.7016920256025868,4,Medium,Turboprop,0.7301634923889164,Europe,2157,3.37,1.0
AC-0977,13,18595.065652308156,17211,239,Component Replacement,9,31,1292,0.876493699713303,2,Low,Turbofan,0.7832333029898171,Africa,1870,2.01,1.0
AC-0978,1,26683.951924752466,8122,223,Routine Check,8,38,3610,0.24661238902965466,3,Medium,Piston,0.5746922733856139,Africa,1000,4.35,1.0
AC-0979,2,13087.09860712194,6842,119,Major Overhaul,6,21,2666,0.8311722918615104,2,Low,Turboprop,0.7345830242836993,Africa,1557,3.05,1.0
AC-0980,9,25626.85396886873,2316,264,Component Replacement,3,17,9026,0.8680561601832475,1,High,Turboprop,0.9155636083588728,South America,1502,12.01,1.0
AC-0981,3,25886.466973980125,14200,207,Component Replacement,5,47,5693,0.9229063983998351,5,Low,Turboprop,0.5077412295687577,South America,1557,2.79,1.0
AC-0982,1,42221.2860568497,18508,95,Routine Check,1,45,1714,0.3387565801774472,1,Low,Turbofan,0.6364585801621856,Europe,1538,3.47,3.33
AC-0983,21,22710.171385097536,16206,222,Inspection,6,31,4919,0.9135577586709004,5,Medium,Piston,0.5012272932219222,Europe,2022,2.51,1.0
AC-0984,16,25900.428376532862,19971,276,Component Replacement,1,26,7814,0.38859647926278906,3,Low,Turboprop,0.7078556545749242,Africa,1414,2.46,1.12
AC-0985,23,27369.614157120428,2378,231,Inspection,9,27,8975,0.5971042121099526,2,High,Turboprop,0.8641577552468673,South America,1749,12.49,1.0
AC-0986,6,20451.79684111547,2519,119,Inspection,7,17,712,0.14545672374905394,2,Low,Turboprop,0.8993859145573142,North America,1684,9.01,3.41
AC-0987,28,16975.072667883527,8935,268,Major Overhaul,7,38,2158,0.13949297953186926,3,Medium,Turbofan,0.9725948805635033,South America,2337,2.86,2.14
AC-0988,17,37988.11324847052,7093,273,Inspection,0,48,5524,0.7483358914589826,4,Low,Turboprop,0.8042523064853933,Europe,1694,6.44,1.0
AC-0989,5,15190.825570397023,6355,64,Routine Check,7,28,6417,0.5000319801800119,1,High,Turbofan,0.6273134333264477,South America,1098,3.23,1.54
AC-0990,5,11720.819283127268,10083,298,Major Overhaul,1,17,5641,0.33066313783229584,1,Medium,Turbofan,0.9620739745683495,Europe,1000,2.07,1.41
AC-0991,6,31802.653792954803,6574,11,Major Overhaul,5,43,2294,0.2713721464224192,2,Low,Turbofan,0.887657876940188,Africa,1627,5.66,3.84
AC-0992,3,36578.1484202401,14324,98,Major Overhaul,0,7,6488,0.7029581417732963,2,Low,Piston,0.7872142415015723,Africa,1000,3.53,2.48
AC-0993,21,20485.903423993608,3257,71,Component Replacement,4,30,8796,0.10036138962280589,2,Low,Turbofan,0.847820107859468,Africa,2395,7.42,3.84
AC-0994,23,20639.465123501206,14411,58,Component Replacement,10,33,6078,0.8253020522771688,3,High,Turbofan,0.9621581775037146,North America,1951,2.24,2.23
AC-0995,5,27825.43526106793,16233,290,Inspection,6,6,6051,0.17132464551693594,4,Low,Turbofan,0.8561970142364608,North America,1043,2.78,1.98
AC-0996,21,17921.47323256817,16887,251,Major Overhaul,9,35,4345,0.2723406534173075,1,Low,Turboprop,0.684187253792367,Europe,2506,2.23,1.3
AC-0997,5,17182.874793880314,3005,276,Major Overhaul,0,17,7406,0.4476127557691807,5,Low,Turboprop,0.8565141011445483,Asia,1278,6.61,1.91
AC-0998,10,33795.92587986366,19400,50,Routine Check,1,37,878,0.5363728657444933,3,Low,Turbofan,0.5201390813676939,Oceania,1833,2.82,2.12
AC-0999,10,31071.311007836186,11860,216,Inspection,6,8,3793,0.4194956042325476,1,Medium,Turbofan,0.6932077809152906,North America,1967,3.81,1.07
AC-1000,19,38111.58886318105,11070,52,Routine Check,5,8,3829,0.3886409484858645,4,High,Turboprop,0.7031615159227896,Europe,1741,4.63,2.6
