Flight ID,Aircraft ID,Pilot IDs,Flight Date/Time,Route,Duration (min),Weather Temperature (°C),Weather Wind Speed (km/h),Weather Precipitation (mm),Aircraft Age (years),Aircraft Maintenance Score,Pilot Experience (years),Pilot Fatigue Level (1-10),Fuel Consumption Rate (kg/min),Landing Rate (ft/min),Flight Safety Rating
1,39,"41,6",2023-12-11 12:41:37.011319,Vijayawada to Hyderabad,134,25.92,32,3.65,7,5,16,8,0.61,274,Safe
2,16,"15,26",2024-06-21 12:41:37.011329,Vijayawada to Hyderabad,158,28.2,66,4.74,30,9,8,5,0.79,187,Safe
3,23,"6,31",2024-04-18 12:41:37.011331,Vijayawada to Hyderabad,178,29.99,80,1.65,6,4,10,10,0.64,183,Safe
4,18,"29,41",2024-08-09 12:41:37.011333,Vijayawada to Hyderabad,153,34.16,35,2.26,29,2,23,5,1.14,314,Safe
5,5,"25,46",2024-05-18 12:41:37.011334,Vijayawada to Hyderabad,171,37.53,55,3.17,15,6,11,3,1.18,316,Safe
6,10,"20,5",2024-08-29 12:41:37.011335,Vijayawada to Hyderabad,159,35.47,76,3.15,18,6,22,8,1.0,304,Safe
7,24,"17,1",2023-12-13 12:41:37.011336,Vijayawada to Hyderabad,175,30.02,73,0.75,22,7,9,10,1.05,200,Safe
8,36,"21,11",2024-09-21 12:41:37.011338,Vijayawada to Hyderabad,131,39.39,39,4.78,22,5,14,6,0.85,367,Safe
9,18,"15,44",2024-06-22 12:41:37.011339,Vijayawada to Hyderabad,148,27.88,63,3.35,30,3,12,1,1.13,295,Safe
10,39,"14,43",2024-10-24 12:41:37.011340,Vijayawada to Hyderabad,155,34.26,68,3.58,11,4,9,2,1.0,352,Safe
11,36,"3,34",2024-02-02 12:41:37.011341,Vijayawada to Hyderabad,136,30.38,63,2.23,27,6,8,10,1.04,326,Safe
12,30,"20,23",2024-02-11 12:41:37.011344,Vijayawada to Hyderabad,127,35.95,52,1.95,9,4,16,9,0.71,302,Safe
13,39,"20,49",2024-01-26 12:41:37.011346,Vijayawada to Hyderabad,178,27.43,72,3.84,20,10,21,10,1.04,400,Safe
14,33,"46,47",2023-12-19 12:41:37.011347,Vijayawada to Hyderabad,127,38.95,69,2.74,14,2,6,7,0.6,185,Critical
15,23,"21,33",2024-10-01 12:41:37.011349,Vijayawada to Hyderabad,139,36.45,78,3.86,10,10,16,7,1.14,363,Safe
16,6,"36,11",2024-07-23 12:41:37.011350,Vijayawada to Hyderabad,138,26.15,80,4.32,13,4,13,10,1.12,251,Safe
17,7,"42,33",2024-02-18 12:41:37.011352,Vijayawada to Hyderabad,124,36.67,58,3.05,9,5,6,6,0.74,203,Safe
18,47,"35,11",2024-11-21 12:41:37.011353,Vijayawada to Hyderabad,159,27.76,34,1.28,21,3,25,8,0.64,154,Safe
19,18,"7,9",2024-01-23 12:41:37.011355,Vijayawada to Hyderabad,134,27.26,58,3.12,23,2,12,2,1.09,394,Safe
20,44,"20,32",2024-09-07 12:41:37.011356,Vijayawada to Hyderabad,127,29.37,80,3.77,17,10,15,6,1.07,210,Safe
21,20,"27,45",2023-12-05 12:41:37.011358,Vijayawada to Hyderabad,134,27.74,57,0.42,11,8,21,9,0.86,209,Safe
22,41,"19,23",2024-02-21 12:41:37.011359,Vijayawada to Hyderabad,152,30.53,51,1.26,11,4,20,3,0.9,275,Safe
23,27,"44,44",2024-08-31 12:41:37.011361,Vijayawada to Hyderabad,157,25.5,80,1.01,29,9,23,4,0.66,220,Safe
24,9,"36,8",2024-02-16 12:41:37.011363,Vijayawada to Hyderabad,169,26.18,76,0.61,23,3,24,9,0.76,343,Safe
25,39,"12,37",2024-11-29 12:41:37.011364,Vijayawada to Hyderabad,157,27.72,66,3.98,15,2,16,4,0.74,361,Safe
26,18,"27,3",2024-05-28 12:41:37.011365,Vijayawada to Hyderabad,150,38.13,56,1.37,25,8,23,2,0.67,256,Critical
27,17,"23,30",2024-02-23 12:41:37.011367,Vijayawada to Hyderabad,120,37.53,31,1.9,12,3,17,5,0.96,347,Safe
28,38,"29,27",2023-12-29 12:41:37.011368,Vijayawada to Hyderabad,163,26.65,48,1.93,18,9,15,3,1.05,152,Critical
29,50,"45,4",2024-05-15 12:41:37.011370,Vijayawada to Hyderabad,173,32.49,43,2.17,14,3,18,7,0.93,377,Safe
30,5,"38,16",2024-07-21 12:41:37.011371,Vijayawada to Hyderabad,151,33.93,40,4.36,27,5,15,3,0.99,158,Critical
31,41,"2,36",2024-10-03 12:41:37.011372,Vijayawada to Hyderabad,180,39.74,74,3.05,20,7,24,1,0.88,242,Safe
32,45,"49,33",2024-06-24 12:41:37.011374,Vijayawada to Hyderabad,179,26.1,60,0.45,5,2,9,7,0.71,311,Critical
33,50,"49,27",2024-08-16 12:41:37.011375,Vijayawada to Hyderabad,154,26.65,42,4.89,22,5,7,2,0.65,275,Critical
34,38,"1,6",2024-04-16 12:41:37.011377,Vijayawada to Hyderabad,128,30.15,39,2.78,24,2,24,5,0.7,253,Safe
35,29,"31,1",2024-11-20 12:41:37.011380,Vijayawada to Hyderabad,174,29.83,40,2.68,25,3,6,7,0.78,195,Safe
36,30,"33,47",2024-09-16 12:41:37.011381,Vijayawada to Hyderabad,151,31.44,36,2.09,8,5,10,4,1.11,318,Safe
37,17,"13,9",2024-03-06 12:41:37.011382,Vijayawada to Hyderabad,171,39.8,48,3.13,11,5,9,4,0.85,272,Safe
38,48,"9,1",2024-01-07 12:41:37.011384,Vijayawada to Hyderabad,171,32.24,59,2.91,7,5,13,1,0.65,362,Safe
39,17,"47,4",2024-05-30 12:41:37.011385,Vijayawada to Hyderabad,138,26.22,45,3.22,23,10,10,7,0.88,219,Safe
40,37,"21,10",2024-10-11 12:41:37.011387,Vijayawada to Hyderabad,159,32.61,79,0.64,24,8,12,9,0.82,163,Safe
41,45,"21,8",2024-02-14 12:41:37.011388,Vijayawada to Hyderabad,170,36.86,32,4.41,7,5,7,7,0.99,153,Safe
42,6,"47,29",2024-06-26 12:41:37.011390,Vijayawada to Hyderabad,132,39.49,45,0.7,14,1,17,10,0.8,265,Critical
43,8,"38,5",2023-12-05 12:41:37.011392,Vijayawada to Hyderabad,155,33.11,36,2.72,26,4,18,9,0.95,327,Safe
44,9,"24,26",2024-05-20 12:41:37.011393,Vijayawada to Hyderabad,165,29.71,38,3.86,11,2,11,8,0.92,283,Safe
45,40,"9,17",2024-09-28 12:41:37.011395,Vijayawada to Hyderabad,153,29.01,52,0.32,27,8,8,5,0.68,225,Critical
46,6,"23,34",2024-09-17 12:41:37.011396,Vijayawada to Hyderabad,169,30.96,39,1.48,17,9,21,2,0.78,276,Safe
47,45,"41,48",2023-12-08 12:41:37.011397,Vijayawada to Hyderabad,137,28.36,68,2.33,5,7,14,4,0.91,238,Safe
48,10,"3,32",2024-11-13 12:41:37.011398,Vijayawada to Hyderabad,126,32.81,46,4.12,26,3,15,7,1.18,175,Safe
49,18,"30,44",2024-11-05 12:41:37.011399,Vijayawada to Hyderabad,131,26.45,69,1.4,26,7,5,9,0.89,199,Safe
50,50,"25,27",2024-01-19 12:41:37.011400,Vijayawada to Hyderabad,135,35.6,80,3.24,18,10,15,1,0.67,307,Safe
51,48,"9,17",2024-02-17 12:41:37.011402,Vijayawada to Hyderabad,125,34.44,78,0.85,20,9,24,7,1.12,236,Safe
52,37,"12,13",2024-01-12 12:41:37.011403,Vijayawada to Hyderabad,132,26.42,41,4.0,15,2,5,4,1.0,339,Critical
53,29,"43,26",2024-06-29 12:41:37.011404,Vijayawada to Hyderabad,133,39.06,39,2.6,17,3,7,3,1.18,395,Critical
54,42,"42,37",2024-01-13 12:41:37.011405,Vijayawada to Hyderabad,123,26.26,61,3.22,14,8,10,5,0.62,359,Safe
55,33,"41,18",2024-04-25 12:41:37.011407,Vijayawada to Hyderabad,174,34.05,53,0.63,15,8,20,6,1.02,356,Safe
56,49,"41,3",2024-05-17 12:41:37.011408,Vijayawada to Hyderabad,178,29.32,54,4.23,22,4,6,2,0.72,303,Safe
57,32,"22,35",2024-10-19 12:41:37.011409,Vijayawada to Hyderabad,139,38.93,69,3.43,17,10,17,9,0.98,330,Safe
58,23,"3,10",2024-08-20 12:41:37.011410,Vijayawada to Hyderabad,164,31.33,58,0.9,9,1,16,4,0.97,175,Safe
59,10,"4,35",2024-02-17 12:41:37.011411,Vijayawada to Hyderabad,164,29.82,50,2.01,19,1,10,5,0.69,365,Safe
60,44,"9,2",2024-05-04 12:41:37.011412,Vijayawada to Hyderabad,123,33.38,38,4.42,20,4,25,3,0.72,284,Safe
61,1,"17,33",2024-04-15 12:41:37.011414,Vijayawada to Hyderabad,149,26.91,52,1.25,8,10,6,7,0.65,209,Safe
62,20,"49,9",2024-09-02 12:41:37.011415,Vijayawada to Hyderabad,159,34.3,54,1.61,24,4,18,9,0.79,298,Safe
63,30,"39,31",2024-01-08 12:41:37.011416,Vijayawada to Hyderabad,135,26.31,75,0.09,30,3,11,3,1.0,158,Safe
64,3,"1,41",2024-10-17 12:41:37.011417,Vijayawada to Hyderabad,158,33.43,55,1.58,25,1,12,2,0.74,315,Safe
65,22,"38,5",2024-10-13 12:41:37.011418,Vijayawada to Hyderabad,128,37.23,42,1.03,16,1,24,2,1.06,194,Safe
66,1,"34,44",2024-10-31 12:41:37.011420,Vijayawada to Hyderabad,179,38.58,56,2.76,12,4,11,2,1.17,178,Safe
67,31,"37,4",2024-05-21 12:41:37.011421,Vijayawada to Hyderabad,152,25.83,32,3.88,6,9,14,1,1.12,300,Safe
68,22,"37,43",2024-06-06 12:41:37.011422,Vijayawada to Hyderabad,150,31.65,39,1.52,16,2,11,3,0.66,193,Safe
69,24,"5,13",2024-01-31 12:41:37.011423,Vijayawada to Hyderabad,155,30.52,69,3.59,29,2,14,6,1.06,349,Safe
70,1,"20,39",2024-06-12 12:41:37.011425,Vijayawada to Hyderabad,155,29.13,52,4.07,8,6,12,7,0.67,256,Safe
71,8,"38,35",2024-04-02 12:41:37.011426,Vijayawada to Hyderabad,129,38.19,61,4.79,12,10,12,5,0.71,189,Safe
72,45,"21,1",2024-07-11 12:41:37.011427,Vijayawada to Hyderabad,165,27.93,53,0.88,22,1,17,10,0.6,318,Safe
73,14,"46,38",2024-09-02 12:41:37.011428,Vijayawada to Hyderabad,170,38.14,63,1.01,11,5,6,9,1.15,174,Safe
74,29,"5,17",2024-03-11 12:41:37.011429,Vijayawada to Hyderabad,175,33.39,65,0.28,8,10,14,9,0.75,292,Safe
75,13,"9,15",2024-08-18 12:41:37.011431,Vijayawada to Hyderabad,135,26.83,35,3.84,21,6,14,10,0.66,331,Safe
76,22,"6,29",2024-07-30 12:41:37.011432,Vijayawada to Hyderabad,120,34.64,50,2.82,20,2,5,2,1.06,387,Safe
77,20,"35,11",2024-04-16 12:41:37.011433,Vijayawada to Hyderabad,142,39.01,69,4.83,10,4,12,9,0.93,247,Safe
78,11,"11,28",2024-05-22 12:41:37.011434,Vijayawada to Hyderabad,175,37.7,49,0.88,17,8,7,5,0.66,305,Safe
79,46,"48,1",2023-12-03 12:41:37.011436,Vijayawada to Hyderabad,128,33.14,62,1.97,8,9,21,8,0.96,159,Safe
80,43,"24,46",2024-03-03 12:41:37.011437,Vijayawada to Hyderabad,174,27.6,78,4.33,10,2,24,3,0.66,172,Safe
81,31,"19,16",2024-09-07 12:41:37.011438,Vijayawada to Hyderabad,175,30.01,72,0.88,29,10,16,4,0.7,246,Safe
82,20,"41,47",2023-12-22 12:41:37.011440,Vijayawada to Hyderabad,156,27.02,33,4.2,29,3,16,1,1.16,248,Safe
83,31,"37,35",2024-04-25 12:41:37.011441,Vijayawada to Hyderabad,176,34.97,32,2.53,23,8,7,4,1.19,359,Safe
84,3,"36,5",2024-08-24 12:41:37.011442,Vijayawada to Hyderabad,123,33.25,56,1.92,6,5,24,7,1.16,151,Critical
85,2,"5,48",2024-08-26 12:41:37.011443,Vijayawada to Hyderabad,147,30.37,40,0.55,18,8,23,3,0.76,264,Critical
86,5,"39,28",2024-03-22 12:41:37.011445,Vijayawada to Hyderabad,129,36.8,40,0.51,15,6,11,3,0.93,249,Safe
87,3,"36,18",2024-01-14 12:41:37.011446,Vijayawada to Hyderabad,166,34.93,54,2.19,6,2,10,7,0.81,178,Safe
88,19,"31,15",2024-02-22 12:41:37.011447,Vijayawada to Hyderabad,175,26.41,45,4.62,9,9,16,10,0.7,300,Critical
89,5,"14,18",2024-11-18 12:41:37.011449,Vijayawada to Hyderabad,155,38.08,48,2.81,7,5,19,10,0.84,207,Critical
90,16,"26,39",2024-07-28 12:41:37.011450,Vijayawada to Hyderabad,141,26.07,32,2.78,11,3,23,10,1.03,173,Safe
91,31,"46,1",2024-11-27 12:41:37.011452,Vijayawada to Hyderabad,162,38.32,34,5.0,28,10,14,7,1.19,386,Safe
92,8,"27,5",2024-10-17 12:41:37.011453,Vijayawada to Hyderabad,128,34.32,41,1.9,17,7,9,1,1.05,376,Critical
93,20,"42,39",2024-08-12 12:41:37.011454,Vijayawada to Hyderabad,165,30.42,52,4.89,15,2,21,5,0.86,380,Safe
94,21,"10,14",2024-10-04 12:41:37.011455,Vijayawada to Hyderabad,163,34.11,62,2.32,27,7,13,2,0.69,249,Critical
95,28,"37,30",2023-12-16 12:41:37.011457,Vijayawada to Hyderabad,176,37.71,36,4.6,17,9,16,6,0.9,201,Safe
96,36,"36,24",2024-02-28 12:41:37.011458,Vijayawada to Hyderabad,152,39.74,54,2.52,18,6,19,5,1.01,345,Safe
97,15,"25,42",2023-12-09 12:41:37.011459,Vijayawada to Hyderabad,149,28.95,67,4.95,6,1,8,9,0.8,246,Safe
98,30,"39,16",2024-11-28 12:41:37.011460,Vijayawada to Hyderabad,173,35.57,60,0.25,5,8,23,7,0.78,324,Safe
99,35,"49,8",2024-07-16 12:41:37.011462,Vijayawada to Hyderabad,152,36.09,75,2.65,21,8,19,8,0.84,334,Safe
100,27,"38,44",2024-10-25 12:41:37.011463,Vijayawada to Hyderabad,152,30.71,50,4.12,24,8,9,2,0.72,382,Safe
101,9,"37,33",2024-05-14 12:41:37.011464,Vijayawada to Hyderabad,124,39.43,72,1.29,14,7,12,9,0.89,171,Safe
102,15,"26,21",2024-10-08 12:41:37.011465,Vijayawada to Hyderabad,124,29.85,41,4.79,19,3,13,5,0.83,398,Safe
103,15,"31,19",2024-09-21 12:41:37.011467,Vijayawada to Hyderabad,180,36.25,34,3.39,29,7,7,2,0.63,157,Safe
104,23,"36,44",2024-09-15 12:41:37.011468,Vijayawada to Hyderabad,146,25.59,53,0.27,6,4,17,9,0.75,182,Safe
105,34,"18,31",2023-12-25 12:41:37.011469,Vijayawada to Hyderabad,163,35.49,32,2.36,20,4,13,4,1.07,278,Critical
106,23,"26,15",2024-08-02 12:41:37.011471,Vijayawada to Hyderabad,138,33.71,32,0.06,9,6,20,2,1.13,283,Safe
107,43,"7,49",2024-10-01 12:41:37.011472,Vijayawada to Hyderabad,180,35.21,79,0.47,22,5,21,4,1.05,197,Safe
108,34,"39,8",2024-07-26 12:41:37.011473,Vijayawada to Hyderabad,163,36.04,53,4.56,14,7,9,3,0.87,371,Safe
109,10,"36,30",2024-09-20 12:41:37.011474,Vijayawada to Hyderabad,173,26.29,62,3.99,20,3,13,4,1.1,293,Safe
110,6,"22,10",2024-02-26 12:41:37.011476,Vijayawada to Hyderabad,166,25.65,66,4.45,25,6,24,3,1.16,366,Safe
111,42,"16,15",2024-08-09 12:41:37.011477,Vijayawada to Hyderabad,144,36.81,57,1.97,15,5,11,8,0.7,303,Safe
112,40,"7,39",2024-01-28 12:41:37.011478,Vijayawada to Hyderabad,147,36.62,35,4.48,5,6,23,9,1.0,260,Safe
113,7,"20,44",2023-12-17 12:41:37.011480,Vijayawada to Hyderabad,174,37.38,65,4.53,28,2,9,10,1.16,286,Safe
114,36,"42,3",2024-10-16 12:41:37.011481,Vijayawada to Hyderabad,145,30.12,55,0.25,25,7,9,6,1.15,297,Safe
115,44,"18,16",2024-11-28 12:41:37.011482,Vijayawada to Hyderabad,158,34.64,32,3.28,16,10,17,8,0.74,391,Safe
116,26,"7,17",2024-09-05 12:41:37.011483,Vijayawada to Hyderabad,139,28.29,72,3.49,21,1,10,3,1.05,303,Safe
117,12,"38,49",2024-05-10 12:41:37.011485,Vijayawada to Hyderabad,120,37.66,55,0.81,24,2,21,1,1.19,197,Safe
118,35,"35,43",2024-11-28 12:41:37.011486,Vijayawada to Hyderabad,147,29.43,46,0.21,9,8,15,10,0.73,220,Safe
119,15,"33,45",2024-07-06 12:41:37.011487,Vijayawada to Hyderabad,169,30.81,61,1.37,25,6,17,9,1.04,202,Safe
120,24,"20,16",2024-06-14 12:41:37.011489,Vijayawada to Hyderabad,134,26.43,69,0.54,18,9,9,7,0.73,315,Safe
121,33,"35,32",2024-11-15 12:41:37.011491,Vijayawada to Hyderabad,147,25.55,46,2.85,29,3,13,9,0.98,189,Safe
122,32,"18,30",2024-03-29 12:41:37.011492,Vijayawada to Hyderabad,129,28.17,71,4.82,19,10,17,6,0.79,189,Safe
123,13,"15,14",2023-12-04 12:41:37.011494,Vijayawada to Hyderabad,160,25.57,63,3.31,12,8,24,5,0.66,394,Safe
124,45,"44,35",2024-04-27 12:41:37.011495,Vijayawada to Hyderabad,151,28.88,60,0.09,11,10,5,9,1.0,193,Safe
125,19,"13,43",2024-09-29 12:41:37.011496,Vijayawada to Hyderabad,173,32.19,71,4.35,21,7,22,3,0.78,169,Safe
126,16,"26,44",2024-09-30 12:41:37.011498,Vijayawada to Hyderabad,159,39.71,31,0.43,19,8,18,7,0.82,186,Safe
127,14,"50,40",2024-11-22 12:41:37.011499,Vijayawada to Hyderabad,145,38.99,30,2.23,29,3,17,1,1.02,384,Safe
128,12,"42,2",2024-05-25 12:41:37.011500,Vijayawada to Hyderabad,128,37.94,30,4.92,17,10,22,7,1.19,170,Safe
129,38,"41,35",2024-01-30 12:41:37.011501,Vijayawada to Hyderabad,126,31.73,69,3.02,17,10,25,5,1.03,320,Safe
130,11,"46,50",2024-05-16 12:41:37.011503,Vijayawada to Hyderabad,174,39.41,73,3.62,22,6,7,5,0.97,228,Safe
131,18,"47,30",2023-12-26 12:41:37.011504,Vijayawada to Hyderabad,141,26.01,32,4.21,11,6,7,7,0.6,165,Safe
132,26,"12,26",2024-01-26 12:41:37.011505,Vijayawada to Hyderabad,174,32.98,69,0.19,24,3,8,3,1.13,165,Safe
133,33,"42,32",2024-04-01 12:41:37.011507,Vijayawada to Hyderabad,141,30.57,75,1.08,27,2,17,10,0.61,215,Safe
134,43,"28,18",2024-08-22 12:41:37.011508,Vijayawada to Hyderabad,126,38.61,61,4.87,18,5,15,4,1.12,323,Safe
135,4,"50,11",2024-01-22 12:41:37.011509,Vijayawada to Hyderabad,153,25.23,54,0.21,13,5,20,8,0.68,353,Safe
136,34,"48,12",2024-02-10 12:41:37.011511,Vijayawada to Hyderabad,132,28.24,54,1.32,18,5,22,10,0.9,163,Safe
137,37,"40,36",2024-09-04 12:41:37.011512,Vijayawada to Hyderabad,167,34.32,77,1.27,19,5,19,10,0.91,252,Safe
138,45,"8,13",2024-01-25 12:41:37.011513,Vijayawada to Hyderabad,144,37.56,39,4.25,8,8,14,7,0.86,232,Safe
139,7,"3,2",2024-02-15 12:41:37.011514,Vijayawada to Hyderabad,134,32.72,67,2.27,27,3,24,3,1.07,248,Safe
140,33,"23,42",2024-05-07 12:41:37.011516,Vijayawada to Hyderabad,122,39.79,76,2.52,12,8,22,6,0.77,328,Safe
141,14,"35,28",2024-03-31 12:41:37.011517,Vijayawada to Hyderabad,171,33.9,69,1.13,27,9,18,2,0.84,316,Safe
142,15,"37,11",2024-05-31 12:41:37.011518,Vijayawada to Hyderabad,123,37.69,62,3.1,23,3,12,9,0.82,299,Critical
143,8,"46,42",2023-12-21 12:41:37.011520,Vijayawada to Hyderabad,126,32.41,41,3.71,26,2,21,9,0.78,157,Safe
144,22,"23,42",2024-03-29 12:41:37.011521,Vijayawada to Hyderabad,152,36.09,41,0.34,9,4,17,3,0.87,153,Critical
145,24,"27,40",2023-12-15 12:41:37.011522,Vijayawada to Hyderabad,177,33.08,51,1.5,12,3,7,6,0.78,257,Safe
146,26,"17,30",2024-10-30 12:41:37.011523,Vijayawada to Hyderabad,169,26.32,65,0.73,28,4,9,10,1.13,212,Safe
147,47,"44,10",2024-11-09 12:41:37.011525,Vijayawada to Hyderabad,135,29.33,61,1.62,10,6,14,6,0.9,400,Safe
148,29,"27,42",2023-12-30 12:41:37.011526,Vijayawada to Hyderabad,140,36.91,60,2.67,18,3,13,9,0.82,278,Safe
149,31,"37,33",2024-06-05 12:41:37.011527,Vijayawada to Hyderabad,145,34.27,80,2.34,5,8,25,7,0.9,215,Safe
150,44,"37,35",2024-04-23 12:41:37.011529,Vijayawada to Hyderabad,178,25.84,53,4.46,20,10,25,9,0.8,391,Safe
151,37,"40,31",2024-08-07 12:41:37.011530,Vijayawada to Hyderabad,165,36.37,69,3.54,7,9,17,1,1.08,289,Safe
152,11,"35,41",2024-10-25 12:41:37.011531,Vijayawada to Hyderabad,176,38.53,47,0.67,24,10,18,6,0.64,225,Critical
153,10,"23,42",2024-07-03 12:41:37.011533,Vijayawada to Hyderabad,127,28.27,35,2.42,5,4,13,2,1.05,310,Safe
154,17,"8,45",2024-10-23 12:41:37.011534,Vijayawada to Hyderabad,171,35.46,52,2.9,14,4,8,5,1.18,315,Safe
155,5,"32,30",2023-12-04 12:41:37.011535,Vijayawada to Hyderabad,155,31.56,54,0.73,5,9,23,2,0.85,173,Critical
156,47,"12,23",2024-01-12 12:41:37.011536,Vijayawada to Hyderabad,121,31.37,57,1.29,7,4,19,4,0.83,393,Safe
157,32,"50,32",2024-01-16 12:41:37.011538,Vijayawada to Hyderabad,161,32.94,58,2.04,8,8,24,5,0.76,345,Safe
158,43,"36,44",2024-04-21 12:41:37.011539,Vijayawada to Hyderabad,153,35.44,44,0.8,23,2,17,7,0.97,195,Critical
159,17,"31,12",2024-02-16 12:41:37.011540,Vijayawada to Hyderabad,123,27.32,53,4.15,14,10,6,9,0.8,250,Safe
160,18,"6,43",2024-07-18 12:41:37.011542,Vijayawada to Hyderabad,139,25.67,40,3.9,8,1,18,6,1.07,292,Safe
161,17,"12,9",2024-04-13 12:41:37.011543,Vijayawada to Hyderabad,145,33.59,30,2.69,18,2,23,9,0.81,257,Safe
162,4,"49,33",2024-10-21 12:41:37.011544,Vijayawada to Hyderabad,161,31.79,65,3.97,25,6,25,7,0.82,271,Safe
163,13,"27,9",2024-10-17 12:41:37.011545,Vijayawada to Hyderabad,151,26.51,65,0.25,20,6,11,3,0.94,277,Safe
164,21,"20,25",2024-05-08 12:41:37.011547,Vijayawada to Hyderabad,143,30.38,53,3.32,23,6,10,8,0.74,252,Safe
165,10,"50,11",2024-02-26 12:41:37.011548,Vijayawada to Hyderabad,178,26.1,51,4.95,6,7,14,7,0.98,276,Safe
166,2,"22,12",2024-07-11 12:41:37.011549,Vijayawada to Hyderabad,128,39.21,78,2.73,10,8,9,7,0.68,220,Safe
167,49,"26,15",2024-01-08 12:41:37.011550,Vijayawada to Hyderabad,143,26.34,51,2.05,22,7,20,6,1.11,192,Critical
168,41,"26,2",2024-01-16 12:41:37.011552,Vijayawada to Hyderabad,138,35.3,37,4.84,8,1,21,2,0.82,284,Safe
169,7,"18,10",2024-01-08 12:41:37.011553,Vijayawada to Hyderabad,131,35.71,73,2.43,13,5,24,1,0.85,160,Safe
170,4,"36,31",2023-12-23 12:41:37.011554,Vijayawada to Hyderabad,131,25.4,39,2.63,5,4,24,7,0.62,379,Safe
171,28,"32,27",2024-06-05 12:41:37.011556,Vijayawada to Hyderabad,161,32.02,56,2.3,11,9,17,9,0.66,313,Safe
172,42,"3,24",2024-04-23 12:41:37.011557,Vijayawada to Hyderabad,174,25.93,40,3.05,6,6,19,1,0.66,314,Safe
173,21,"27,7",2024-06-15 12:41:37.011558,Vijayawada to Hyderabad,170,31.0,79,0.74,12,1,19,4,0.64,273,Safe
174,8,"25,7",2024-02-01 12:41:37.011560,Vijayawada to Hyderabad,169,36.21,54,4.93,20,7,18,4,1.07,374,Safe
175,1,"26,2",2023-12-27 12:41:37.011561,Vijayawada to Hyderabad,127,39.29,54,0.32,9,10,18,6,1.19,380,Critical
176,38,"15,14",2024-06-28 12:41:37.011562,Vijayawada to Hyderabad,156,29.92,37,2.06,13,9,18,5,0.84,157,Safe
177,41,"35,37",2024-05-12 12:41:37.011564,Vijayawada to Hyderabad,177,36.2,31,4.15,29,2,19,6,0.67,318,Safe
178,31,"15,45",2024-02-16 12:41:37.011565,Vijayawada to Hyderabad,162,27.31,34,2.98,29,3,25,2,1.07,263,Safe
179,3,"10,1",2024-01-18 12:41:37.011566,Vijayawada to Hyderabad,162,31.07,63,2.59,23,4,22,3,0.69,357,Safe
180,10,"20,50",2024-08-31 12:41:37.011567,Vijayawada to Hyderabad,165,30.04,78,0.16,23,8,11,6,1.09,164,Critical
181,2,"23,13",2024-05-26 12:41:37.011569,Vijayawada to Hyderabad,179,36.97,56,0.34,20,7,5,8,0.99,336,Safe
182,3,"14,47",2024-04-03 12:41:37.011570,Vijayawada to Hyderabad,120,38.42,31,2.66,11,7,10,7,0.8,258,Safe
183,36,"43,18",2024-09-04 12:41:37.011571,Vijayawada to Hyderabad,170,25.52,64,4.94,29,5,16,3,1.2,321,Safe
184,25,"11,34",2024-07-19 12:41:37.011572,Vijayawada to Hyderabad,151,28.45,46,3.99,5,3,12,5,0.82,350,Safe
185,45,"11,43",2024-10-09 12:41:37.011574,Vijayawada to Hyderabad,150,29.36,55,3.49,7,1,7,4,0.89,171,Safe
186,42,"4,21",2024-05-13 12:41:37.011575,Vijayawada to Hyderabad,163,34.52,63,2.18,18,5,25,6,0.72,353,Critical
187,13,"6,28",2024-08-29 12:41:37.011576,Vijayawada to Hyderabad,131,39.87,77,1.94,29,3,16,4,0.62,253,Safe
188,47,"30,24",2024-05-26 12:41:37.011577,Vijayawada to Hyderabad,150,39.44,35,3.97,24,6,13,10,0.63,223,Safe
189,41,"43,15",2024-02-23 12:41:37.011579,Vijayawada to Hyderabad,120,26.52,71,1.64,12,9,18,9,1.05,216,Critical
190,50,"15,32",2024-04-11 12:41:37.011580,Vijayawada to Hyderabad,128,25.65,56,0.24,8,1,24,7,0.63,314,Safe
191,42,"35,41",2024-06-14 12:41:37.011581,Vijayawada to Hyderabad,141,26.36,46,2.24,17,8,22,3,0.61,194,Safe
192,38,"2,20",2024-06-02 12:41:37.011583,Vijayawada to Hyderabad,166,30.37,74,1.85,23,9,21,3,0.96,353,Critical
193,31,"22,36",2024-04-07 12:41:37.011584,Vijayawada to Hyderabad,180,34.67,32,1.27,22,1,21,5,0.91,261,Critical
194,19,"50,7",2024-01-12 12:41:37.011585,Vijayawada to Hyderabad,165,30.1,70,0.39,11,4,21,9,1.16,331,Safe
195,22,"36,1",2024-08-15 12:41:37.011586,Vijayawada to Hyderabad,157,27.01,35,4.1,13,10,15,9,1.12,333,Safe
196,2,"43,17",2024-06-26 12:41:37.011588,Vijayawada to Hyderabad,161,37.18,57,4.97,26,10,25,10,0.61,162,Safe
197,3,"7,49",2024-06-19 12:41:37.011589,Vijayawada to Hyderabad,171,35.24,44,1.46,21,2,14,1,0.91,382,Safe
198,37,"29,35",2024-07-22 12:41:37.011590,Vijayawada to Hyderabad,174,27.85,49,0.43,25,6,11,4,1.07,293,Safe
199,22,"45,21",2024-04-18 12:41:37.011591,Vijayawada to Hyderabad,157,36.6,55,3.55,10,1,14,9,0.64,376,Safe
200,37,"47,4",2024-09-10 12:41:37.011593,Vijayawada to Hyderabad,144,38.98,50,3.6,25,4,10,4,0.69,306,Safe
201,8,"31,46",2024-01-09 12:41:37.011594,Vijayawada to Hyderabad,172,35.22,70,1.01,10,3,24,4,1.02,328,Safe
202,24,"5,39",2024-11-03 12:41:37.011595,Vijayawada to Hyderabad,130,28.25,44,2.0,28,5,14,10,1.07,313,Safe
203,35,"23,4",2024-06-20 12:41:37.011597,Vijayawada to Hyderabad,158,28.89,67,1.83,18,8,23,3,0.64,166,Safe
204,14,"42,20",2023-12-24 12:41:37.011598,Vijayawada to Hyderabad,173,36.22,45,0.79,18,6,20,4,1.04,266,Safe
205,31,"36,23",2024-02-04 12:41:37.011602,Vijayawada to Hyderabad,167,39.16,44,0.97,18,1,19,7,0.76,254,Critical
206,47,"9,20",2024-10-13 12:41:37.011603,Vijayawada to Hyderabad,166,31.07,54,2.85,27,6,25,2,0.86,277,Safe
207,3,"22,29",2024-11-27 12:41:37.011605,Vijayawada to Hyderabad,164,27.41,77,4.62,8,9,20,5,0.87,150,Safe
208,26,"15,14",2024-06-23 12:41:37.011606,Vijayawada to Hyderabad,155,34.28,80,2.58,29,9,8,9,0.98,264,Safe
209,33,"47,14",2024-08-27 12:41:37.011607,Vijayawada to Hyderabad,154,28.24,35,0.67,7,3,8,3,1.19,163,Safe
210,37,"47,22",2024-04-16 12:41:37.011608,Vijayawada to Hyderabad,140,33.61,34,3.85,11,4,11,9,0.72,257,Safe
211,45,"31,22",2024-03-05 12:41:37.011610,Vijayawada to Hyderabad,123,33.62,48,0.18,17,1,22,7,0.8,167,Safe
212,50,"43,36",2024-01-14 12:41:37.011611,Vijayawada to Hyderabad,129,26.86,49,3.96,26,8,12,6,1.04,182,Critical
213,5,"10,43",2024-04-14 12:41:37.011612,Vijayawada to Hyderabad,133,30.32,58,1.95,27,1,6,5,0.79,267,Safe
214,3,"33,15",2024-01-15 12:41:37.011613,Vijayawada to Hyderabad,173,38.57,62,0.64,8,4,17,4,1.13,175,Safe
215,20,"35,18",2024-07-14 12:41:37.011615,Vijayawada to Hyderabad,152,35.7,78,3.94,15,3,17,6,0.9,279,Critical
216,27,"7,45",2024-09-19 12:41:37.011616,Vijayawada to Hyderabad,145,32.64,72,0.94,5,5,11,5,0.8,228,Safe
217,49,"8,3",2024-06-22 12:41:37.011617,Vijayawada to Hyderabad,157,25.17,46,4.17,23,1,12,2,0.94,384,Safe
218,28,"14,15",2024-09-10 12:41:37.011619,Vijayawada to Hyderabad,169,25.41,42,1.58,26,6,23,8,1.08,321,Safe
219,20,"32,12",2024-01-08 12:41:37.011620,Vijayawada to Hyderabad,148,35.93,77,2.38,26,2,7,3,1.12,400,Safe
220,30,"14,14",2024-09-07 12:41:37.011621,Vijayawada to Hyderabad,174,37.54,32,0.44,28,4,21,4,0.68,285,Safe
221,50,"35,45",2023-12-17 12:41:37.011622,Vijayawada to Hyderabad,174,35.98,30,1.74,27,10,11,2,1.07,221,Safe
222,25,"36,21",2024-04-13 12:41:37.011624,Vijayawada to Hyderabad,160,27.81,79,4.59,11,10,17,10,1.06,208,Critical
223,31,"35,28",2024-09-16 12:41:37.011625,Vijayawada to Hyderabad,171,31.98,49,1.61,14,8,13,2,0.96,157,Safe
224,47,"29,44",2024-08-26 12:41:37.011626,Vijayawada to Hyderabad,123,25.02,52,4.54,22,9,7,8,1.04,155,Safe
225,39,"24,28",2024-05-28 12:41:37.011628,Vijayawada to Hyderabad,125,38.29,46,3.9,10,1,17,5,0.9,235,Critical
226,42,"33,44",2023-12-08 12:41:37.011629,Vijayawada to Hyderabad,134,27.49,40,4.18,24,4,13,1,0.77,364,Safe
227,47,"17,10",2023-12-20 12:41:37.011630,Vijayawada to Hyderabad,134,32.84,41,3.07,10,7,22,5,0.87,187,Safe
228,39,"13,37",2024-08-26 12:41:37.011632,Vijayawada to Hyderabad,128,31.06,34,2.77,16,6,14,8,1.06,335,Safe
229,48,"26,47",2024-11-13 12:41:37.011633,Vijayawada to Hyderabad,120,27.91,51,3.8,30,8,14,9,1.17,304,Safe
230,3,"21,37",2024-06-11 12:41:37.011634,Vijayawada to Hyderabad,154,39.96,58,4.41,20,2,25,5,0.81,161,Safe
231,41,"41,1",2024-08-30 12:41:37.011635,Vijayawada to Hyderabad,144,32.0,30,2.25,9,7,23,5,0.95,205,Safe
232,32,"22,11",2024-01-09 12:41:37.011637,Vijayawada to Hyderabad,138,29.12,33,0.31,24,7,16,5,0.95,242,Safe
233,34,"34,6",2024-09-03 12:41:37.011638,Vijayawada to Hyderabad,162,27.24,35,2.29,19,9,25,8,0.71,389,Safe
234,33,"16,26",2024-02-25 12:41:37.011639,Vijayawada to Hyderabad,180,36.3,46,3.97,30,10,19,4,0.73,291,Safe
235,37,"34,11",2024-08-08 12:41:37.011641,Vijayawada to Hyderabad,136,34.42,30,1.51,13,10,7,2,0.91,195,Safe
236,29,"9,26",2024-06-05 12:41:37.011642,Vijayawada to Hyderabad,131,39.26,34,4.63,13,5,18,8,1.13,363,Critical
237,35,"18,46",2024-08-21 12:41:37.011643,Vijayawada to Hyderabad,151,38.43,34,3.49,15,1,12,3,1.15,152,Safe
238,25,"33,9",2024-04-04 12:41:37.011644,Vijayawada to Hyderabad,166,27.28,45,2.94,15,10,25,4,0.76,348,Safe
239,5,"6,7",2024-04-25 12:41:37.011646,Vijayawada to Hyderabad,151,29.68,38,0.9,9,9,18,9,1.04,372,Critical
240,21,"20,40",2024-11-11 12:41:37.011647,Vijayawada to Hyderabad,143,37.65,46,3.7,14,8,20,5,1.18,292,Safe
241,29,"13,30",2023-12-28 12:41:37.011648,Vijayawada to Hyderabad,158,33.59,67,4.47,25,5,19,1,1.01,340,Safe
242,24,"45,18",2024-03-14 12:41:37.011649,Vijayawada to Hyderabad,156,31.42,72,0.76,30,3,9,4,1.11,338,Safe
243,9,"45,18",2024-02-14 12:41:37.011651,Vijayawada to Hyderabad,149,28.89,42,0.5,9,6,24,9,0.99,268,Safe
244,24,"21,16",2024-05-01 12:41:37.011652,Vijayawada to Hyderabad,173,39.31,31,2.73,8,3,22,1,1.19,218,Safe
245,48,"20,26",2024-07-10 12:41:37.011653,Vijayawada to Hyderabad,165,26.31,80,1.22,17,10,20,10,0.86,341,Critical
246,4,"8,26",2024-06-27 12:41:37.011655,Vijayawada to Hyderabad,176,35.28,57,0.98,20,6,21,1,0.94,170,Safe
247,32,"31,50",2024-04-03 12:41:37.011656,Vijayawada to Hyderabad,122,32.09,44,4.2,30,6,12,1,0.87,194,Critical
248,17,"35,30",2024-09-20 12:41:37.011657,Vijayawada to Hyderabad,162,37.62,46,2.03,23,7,21,8,1.19,389,Safe
249,46,"7,27",2024-09-20 12:41:37.011658,Vijayawada to Hyderabad,167,26.73,66,1.31,15,6,10,8,1.0,219,Safe
250,3,"18,10",2024-06-30 12:41:37.011659,Vijayawada to Hyderabad,177,37.11,32,4.0,21,1,15,1,0.92,232,Safe
251,9,"48,24",2024-09-09 12:41:37.011662,Vijayawada to Hyderabad,158,39.63,71,3.79,21,4,5,2,0.62,326,Safe
252,1,"37,9",2024-09-18 12:41:37.011663,Vijayawada to Hyderabad,135,39.21,45,1.42,19,10,22,4,1.06,156,Safe
253,22,"31,43",2024-10-03 12:41:37.011665,Vijayawada to Hyderabad,162,35.22,70,4.49,14,8,14,7,0.65,187,Safe
254,34,"21,24",2024-08-30 12:41:37.011666,Vijayawada to Hyderabad,120,32.09,77,2.05,7,9,14,8,0.7,238,Safe
255,50,"1,36",2024-07-19 12:41:37.011667,Vijayawada to Hyderabad,165,36.88,40,4.49,12,8,7,7,1.16,235,Critical
256,33,"2,39",2024-10-07 12:41:37.011668,Vijayawada to Hyderabad,122,31.83,30,0.25,13,9,10,4,0.76,273,Safe
257,4,"32,6",2024-07-21 12:41:37.011670,Vijayawada to Hyderabad,140,28.96,68,1.91,8,4,6,6,0.98,186,Safe
258,42,"41,34",2024-03-18 12:41:37.011671,Vijayawada to Hyderabad,157,28.37,77,3.02,30,2,24,8,0.62,300,Safe
259,48,"24,43",2023-12-26 12:41:37.011672,Vijayawada to Hyderabad,121,37.13,70,3.11,29,10,8,6,0.73,229,Critical
260,5,"32,46",2024-09-08 12:41:37.011674,Vijayawada to Hyderabad,147,39.02,34,4.83,21,7,23,1,0.72,388,Safe
261,13,"31,16",2024-10-02 12:41:37.011675,Vijayawada to Hyderabad,168,35.04,77,2.23,10,3,17,10,0.82,176,Safe
262,1,"46,5",2024-11-19 12:41:37.011676,Vijayawada to Hyderabad,156,34.48,43,4.59,26,10,20,9,0.71,317,Safe
263,11,"20,28",2023-12-31 12:41:37.011678,Vijayawada to Hyderabad,175,29.07,78,3.17,8,1,13,8,0.64,333,Safe
264,20,"10,13",2024-04-17 12:41:37.011679,Vijayawada to Hyderabad,166,32.01,36,2.84,29,10,6,3,1.17,168,Safe
265,23,"18,45",2024-01-03 12:41:37.011680,Vijayawada to Hyderabad,172,28.99,61,4.11,28,2,20,5,1.17,183,Critical
266,25,"15,26",2024-06-13 12:41:37.011682,Vijayawada to Hyderabad,151,39.25,38,3.71,15,8,19,8,0.71,362,Safe
267,39,"23,3",2024-08-27 12:41:37.011683,Vijayawada to Hyderabad,137,34.42,31,3.46,8,5,22,9,1.07,338,Critical
268,37,"31,26",2024-08-09 12:41:37.011684,Vijayawada to Hyderabad,176,36.84,77,3.74,13,8,12,9,0.93,301,Safe
269,9,"21,6",2023-12-15 12:41:37.011685,Vijayawada to Hyderabad,145,39.35,46,4.18,15,6,12,4,0.64,329,Safe
270,26,"37,13",2024-04-13 12:41:37.011687,Vijayawada to Hyderabad,158,32.99,57,2.76,9,5,17,1,0.73,372,Safe
271,5,"43,41",2024-11-30 12:41:37.011688,Vijayawada to Hyderabad,157,30.66,61,3.47,20,8,25,7,0.69,210,Safe
272,13,"34,2",2024-05-22 12:41:37.011690,Vijayawada to Hyderabad,121,35.52,52,1.88,29,4,5,2,0.64,385,Safe
273,19,"20,3",2024-02-03 12:41:37.011691,Vijayawada to Hyderabad,154,27.45,49,4.14,8,5,16,5,1.04,191,Critical
274,35,"38,47",2024-05-07 12:41:37.011692,Vijayawada to Hyderabad,150,34.1,53,2.82,8,6,15,4,0.98,381,Critical
275,45,"7,46",2024-04-30 12:41:37.011694,Vijayawada to Hyderabad,141,26.54,65,4.55,14,4,24,4,0.92,344,Safe
276,23,"25,49",2024-03-21 12:41:37.011695,Vijayawada to Hyderabad,173,34.61,40,0.42,25,6,23,8,0.71,360,Safe
277,50,"45,13",2024-09-22 12:41:37.011696,Vijayawada to Hyderabad,167,30.78,55,2.78,13,8,18,10,0.91,322,Safe
278,27,"22,8",2023-12-08 12:41:37.011698,Vijayawada to Hyderabad,146,29.29,30,0.37,28,1,19,10,0.76,276,Safe
279,27,"43,33",2024-10-04 12:41:37.011699,Vijayawada to Hyderabad,150,34.4,41,1.23,19,9,12,4,0.7,269,Safe
280,30,"20,50",2024-09-23 12:41:37.011700,Vijayawada to Hyderabad,160,35.62,33,3.13,28,8,16,6,0.94,317,Safe
281,38,"16,23",2024-07-29 12:41:37.011702,Vijayawada to Hyderabad,156,28.91,31,4.45,8,1,16,3,0.79,226,Critical
282,8,"8,25",2024-07-25 12:41:37.011703,Vijayawada to Hyderabad,128,26.46,71,2.29,12,9,19,8,0.82,233,Safe
283,34,"25,5",2024-05-25 12:41:37.011704,Vijayawada to Hyderabad,154,34.0,69,2.33,18,4,23,4,0.65,384,Safe
284,16,"14,29",2023-12-12 12:41:37.011705,Vijayawada to Hyderabad,145,34.4,37,0.8,29,3,8,1,1.09,359,Safe
285,49,"21,8",2024-07-24 12:41:37.011707,Vijayawada to Hyderabad,152,30.6,66,0.31,8,4,19,8,0.89,374,Safe
286,17,"16,12",2024-11-18 12:41:37.011708,Vijayawada to Hyderabad,145,31.6,74,2.42,28,8,8,9,1.15,313,Critical
287,30,"30,43",2024-07-09 12:41:37.011709,Vijayawada to Hyderabad,120,32.21,41,4.35,11,3,11,2,0.81,233,Safe
288,23,"46,31",2024-04-17 12:41:37.011711,Vijayawada to Hyderabad,144,37.04,55,2.56,22,4,5,4,0.9,285,Critical
289,14,"23,30",2024-07-28 12:41:37.011712,Vijayawada to Hyderabad,124,29.68,47,0.79,14,8,19,9,1.04,282,Safe
290,11,"39,9",2024-07-12 12:41:37.011715,Vijayawada to Hyderabad,141,39.55,63,2.9,28,1,5,7,0.79,201,Safe
291,13,"28,35",2024-07-10 12:41:37.011717,Vijayawada to Hyderabad,138,33.95,79,2.53,23,3,20,7,0.67,220,Safe
292,47,"17,28",2024-02-18 12:41:37.011718,Vijayawada to Hyderabad,175,29.7,31,3.5,30,5,24,6,1.15,243,Safe
293,16,"40,34",2024-11-22 12:41:37.011719,Vijayawada to Hyderabad,165,32.66,55,2.84,6,5,16,3,1.16,215,Critical
294,1,"12,37",2024-09-22 12:41:37.011721,Vijayawada to Hyderabad,147,34.88,37,1.75,7,5,7,10,1.2,205,Safe
295,2,"22,44",2024-09-03 12:41:37.011722,Vijayawada to Hyderabad,122,39.63,63,2.23,13,9,17,7,0.86,311,Safe
296,41,"19,42",2024-02-22 12:41:37.011723,Vijayawada to Hyderabad,170,36.64,61,0.83,13,2,15,10,0.66,289,Safe
297,15,"5,15",2024-11-07 12:41:37.011725,Vijayawada to Hyderabad,167,37.3,52,2.6,16,4,15,3,0.93,294,Critical
298,19,"5,15",2024-03-02 12:41:37.011726,Vijayawada to Hyderabad,144,35.28,50,1.26,10,9,16,7,1.05,383,Safe
299,6,"49,16",2024-07-28 12:41:37.011727,Vijayawada to Hyderabad,155,35.72,73,2.34,10,3,24,2,0.85,175,Safe
300,32,"7,15",2024-08-11 12:41:37.011729,Vijayawada to Hyderabad,142,31.21,47,0.69,20,10,8,6,0.85,376,Safe
301,34,"31,44",2024-05-18 12:41:37.011730,Vijayawada to Hyderabad,169,27.53,34,3.34,27,3,15,6,0.7,212,Critical
302,13,"4,30",2024-05-07 12:41:37.011731,Vijayawada to Hyderabad,122,33.67,66,4.95,13,3,10,6,0.63,212,Safe
303,45,"4,32",2024-07-04 12:41:37.011732,Vijayawada to Hyderabad,135,31.71,70,2.34,26,9,16,7,0.93,334,Safe
304,48,"4,34",2024-09-03 12:41:37.011734,Vijayawada to Hyderabad,121,30.5,63,0.61,20,3,11,3,0.88,297,Critical
305,30,"11,33",2024-11-09 12:41:37.011735,Vijayawada to Hyderabad,133,31.68,59,0.57,21,6,9,4,0.78,373,Critical
306,45,"7,37",2024-09-08 12:41:37.011736,Vijayawada to Hyderabad,180,27.64,58,4.21,19,1,24,8,1.04,166,Safe
307,17,"12,13",2024-10-07 12:41:37.011738,Vijayawada to Hyderabad,144,36.38,69,1.2,19,4,12,4,1.18,217,Safe
308,37,"25,33",2024-04-12 12:41:37.011739,Vijayawada to Hyderabad,136,38.25,65,3.32,21,2,8,5,0.84,250,Safe
309,49,"21,30",2024-01-18 12:41:37.011740,Vijayawada to Hyderabad,179,39.76,76,0.93,25,2,9,10,1.14,400,Safe
310,25,"21,28",2024-01-31 12:41:37.011742,Vijayawada to Hyderabad,161,32.83,47,0.56,5,6,15,7,0.65,400,Safe
311,34,"27,22",2024-08-06 12:41:37.011743,Vijayawada to Hyderabad,152,28.23,53,2.78,14,2,18,4,0.64,189,Safe
312,20,"31,38",2024-08-30 12:41:37.011744,Vijayawada to Hyderabad,140,25.21,39,1.22,6,7,17,6,1.02,266,Safe
313,22,"4,21",2024-06-09 12:41:37.011745,Vijayawada to Hyderabad,129,33.63,50,1.04,30,9,5,9,0.8,397,Safe
314,36,"13,29",2024-08-17 12:41:37.011747,Vijayawada to Hyderabad,154,32.16,45,0.43,17,9,12,6,1.18,259,Safe
315,49,"38,40",2024-05-24 12:41:37.011748,Vijayawada to Hyderabad,122,39.73,48,3.97,25,8,18,5,1.13,254,Safe
316,49,"10,3",2024-02-23 12:41:37.011749,Vijayawada to Hyderabad,174,34.13,40,0.82,17,2,16,2,1.06,270,Safe
317,39,"35,36",2024-07-11 12:41:37.011751,Vijayawada to Hyderabad,130,33.99,57,1.03,21,1,14,1,0.78,159,Safe
318,19,"39,43",2024-08-23 12:41:37.011752,Vijayawada to Hyderabad,126,34.13,41,2.31,20,2,15,9,0.65,396,Safe
319,27,"22,50",2024-11-23 12:41:37.011753,Vijayawada to Hyderabad,145,29.49,57,1.63,15,2,25,8,1.05,282,Critical
320,30,"34,10",2024-01-29 12:41:37.011754,Vijayawada to Hyderabad,174,26.25,41,0.33,8,3,17,6,0.63,315,Safe
321,20,"30,46",2024-05-29 12:41:37.011756,Vijayawada to Hyderabad,122,36.59,60,2.57,6,4,19,4,0.64,346,Safe
322,18,"47,39",2024-07-11 12:41:37.011757,Vijayawada to Hyderabad,140,30.04,31,4.92,8,3,22,2,0.95,244,Safe
323,24,"19,3",2023-12-25 12:41:37.011758,Vijayawada to Hyderabad,163,34.1,43,0.92,9,10,12,10,1.02,197,Safe
324,30,"14,39",2024-01-20 12:41:37.011760,Vijayawada to Hyderabad,155,39.6,57,1.15,28,3,12,3,1.16,168,Safe
325,6,"34,34",2024-05-18 12:41:37.011761,Vijayawada to Hyderabad,138,35.06,73,3.82,28,5,9,3,0.64,333,Safe
326,30,"25,9",2024-11-28 12:41:37.011762,Vijayawada to Hyderabad,147,39.97,31,4.24,28,2,22,2,0.62,341,Safe
327,10,"13,30",2024-02-26 12:41:37.011764,Vijayawada to Hyderabad,157,32.58,32,4.73,12,10,25,6,1.0,200,Safe
328,33,"32,8",2024-03-26 12:41:37.011765,Vijayawada to Hyderabad,153,39.84,33,1.18,26,2,10,10,1.03,180,Safe
329,7,"50,9",2024-09-16 12:41:37.011766,Vijayawada to Hyderabad,160,36.87,36,1.06,20,10,22,7,1.08,264,Safe
330,8,"34,36",2023-12-06 12:41:37.011768,Vijayawada to Hyderabad,147,26.47,43,0.06,27,8,8,3,0.74,254,Safe
331,21,"29,27",2024-04-16 12:41:37.011769,Vijayawada to Hyderabad,121,27.5,69,3.07,13,8,25,7,1.19,189,Safe
332,23,"31,45",2024-02-04 12:41:37.011770,Vijayawada to Hyderabad,172,37.09,70,3.81,6,9,21,7,0.73,287,Safe
333,16,"21,25",2024-04-05 12:41:37.011772,Vijayawada to Hyderabad,121,35.82,30,2.62,23,6,18,5,0.84,241,Safe
334,43,"49,5",2024-10-04 12:41:37.011773,Vijayawada to Hyderabad,124,27.26,42,2.86,11,6,10,3,1.18,234,Safe
335,8,"25,5",2023-12-07 12:41:37.011774,Vijayawada to Hyderabad,144,33.43,58,1.16,5,6,13,5,1.11,169,Safe
336,43,"34,47",2024-05-29 12:41:37.011775,Vijayawada to Hyderabad,139,30.18,63,1.67,19,6,19,8,1.15,203,Safe
337,27,"21,25",2024-11-02 12:41:37.011777,Vijayawada to Hyderabad,136,35.55,79,2.18,25,10,25,2,0.95,307,Critical
338,47,"1,12",2024-10-04 12:41:37.011778,Vijayawada to Hyderabad,125,38.76,45,0.03,26,4,17,10,0.93,336,Safe
339,8,"11,9",2023-12-18 12:41:37.011779,Vijayawada to Hyderabad,139,31.03,35,0.98,14,4,20,7,0.81,213,Safe
340,49,"13,20",2024-11-18 12:41:37.011781,Vijayawada to Hyderabad,126,25.89,76,1.72,22,10,10,10,0.81,281,Critical
341,50,"10,26",2024-01-18 12:41:37.011782,Vijayawada to Hyderabad,168,35.34,56,2.92,29,6,8,3,1.04,221,Safe
342,5,"43,41",2024-08-09 12:41:37.011783,Vijayawada to Hyderabad,149,39.55,31,0.7,5,10,14,8,0.88,174,Safe
343,12,"30,10",2024-01-09 12:41:37.011784,Vijayawada to Hyderabad,134,36.17,76,4.18,11,7,19,5,0.89,196,Safe
344,14,"48,43",2024-05-21 12:41:37.011786,Vijayawada to Hyderabad,134,31.1,72,4.22,23,5,12,7,0.97,274,Safe
345,27,"44,42",2023-12-14 12:41:37.011787,Vijayawada to Hyderabad,130,33.95,46,0.49,27,2,24,5,0.79,373,Safe
346,27,"37,23",2024-01-09 12:41:37.011788,Vijayawada to Hyderabad,127,32.11,57,4.82,9,9,22,2,1.09,164,Safe
347,12,"7,30",2024-04-24 12:41:37.011790,Vijayawada to Hyderabad,134,34.57,64,0.79,15,9,7,5,0.91,288,Critical
348,17,"25,26",2024-05-02 12:41:37.011791,Vijayawada to Hyderabad,170,32.97,48,3.92,11,1,9,2,0.74,381,Safe
349,37,"10,32",2023-12-06 12:41:37.011792,Vijayawada to Hyderabad,142,26.86,64,0.92,16,9,12,6,0.97,190,Safe
350,7,"37,45",2024-09-27 12:41:37.011794,Vijayawada to Hyderabad,137,29.75,49,3.07,14,7,23,6,1.03,365,Safe
351,42,"6,46",2024-08-18 12:41:37.011795,Vijayawada to Hyderabad,134,30.8,64,1.58,26,4,10,5,1.16,362,Critical
352,44,"26,20",2024-10-01 12:41:37.011796,Vijayawada to Hyderabad,173,31.31,77,3.44,12,7,16,5,0.7,350,Safe
353,2,"1,49",2024-11-24 12:41:37.011797,Vijayawada to Hyderabad,140,28.11,65,2.51,11,7,7,4,1.15,316,Safe
354,43,"7,48",2024-06-09 12:41:37.011799,Vijayawada to Hyderabad,138,32.09,78,1.75,22,8,22,3,1.12,213,Safe
355,47,"31,49",2024-07-10 12:41:37.011800,Vijayawada to Hyderabad,173,27.23,43,4.55,10,7,11,7,0.72,373,Safe
356,10,"31,12",2024-08-05 12:41:37.011802,Vijayawada to Hyderabad,155,30.94,40,0.35,11,2,5,8,0.93,362,Critical
357,24,"43,41",2024-01-26 12:41:37.011803,Vijayawada to Hyderabad,124,29.47,57,1.42,12,8,12,1,0.81,202,Critical
358,18,"6,19",2024-07-09 12:41:37.011804,Vijayawada to Hyderabad,144,32.96,73,4.43,8,10,15,7,1.07,332,Critical
359,4,"7,20",2024-07-22 12:41:37.011805,Vijayawada to Hyderabad,138,32.23,55,0.97,25,3,20,4,1.05,287,Safe
360,31,"33,29",2024-04-03 12:41:37.011807,Vijayawada to Hyderabad,122,31.02,73,0.23,8,10,6,10,0.84,310,Safe
361,23,"5,4",2024-09-14 12:41:37.011808,Vijayawada to Hyderabad,123,35.06,41,0.51,5,5,16,10,1.11,398,Safe
362,9,"4,8",2024-10-01 12:41:37.011809,Vijayawada to Hyderabad,140,26.1,35,0.58,22,3,22,1,1.15,202,Safe
363,26,"35,42",2024-09-25 12:41:37.011811,Vijayawada to Hyderabad,166,31.44,44,3.27,21,5,13,3,1.13,335,Safe
364,1,"14,24",2024-01-30 12:41:37.011812,Vijayawada to Hyderabad,173,34.4,44,4.14,15,1,12,2,1.02,352,Safe
365,49,"31,36",2024-07-08 12:41:37.011813,Vijayawada to Hyderabad,168,26.53,36,2.89,21,2,18,1,1.07,185,Safe
366,21,"21,44",2024-08-01 12:41:37.011815,Vijayawada to Hyderabad,160,30.26,48,1.68,11,7,14,3,0.64,197,Safe
367,23,"14,15",2024-11-15 12:41:37.011816,Vijayawada to Hyderabad,161,34.59,68,2.11,20,1,17,6,1.18,216,Safe
368,15,"23,5",2024-11-05 12:41:37.011817,Vijayawada to Hyderabad,130,35.86,45,1.9,23,4,14,1,0.93,335,Safe
369,30,"9,12",2024-06-26 12:41:37.011818,Vijayawada to Hyderabad,168,33.5,30,2.47,30,4,18,4,0.75,335,Safe
370,48,"44,24",2024-02-01 12:41:37.011820,Vijayawada to Hyderabad,178,30.77,40,4.8,9,2,23,10,0.6,239,Safe
371,43,"42,18",2024-03-04 12:41:37.011821,Vijayawada to Hyderabad,143,25.18,71,0.86,28,2,19,5,1.04,379,Safe
372,24,"34,44",2024-07-25 12:41:37.011822,Vijayawada to Hyderabad,136,37.64,68,0.63,8,2,10,10,0.86,294,Safe
373,14,"25,42",2023-12-20 12:41:37.011824,Vijayawada to Hyderabad,162,31.42,65,2.01,10,1,7,1,0.99,370,Critical
374,5,"13,43",2024-08-20 12:41:37.011825,Vijayawada to Hyderabad,127,34.66,51,4.51,16,4,20,2,1.02,355,Safe
375,14,"37,6",2024-07-30 12:41:37.011830,Vijayawada to Hyderabad,140,33.22,59,0.05,13,3,20,3,0.62,300,Safe
376,2,"38,40",2024-04-13 12:41:37.011832,Vijayawada to Hyderabad,133,38.54,34,2.15,20,6,10,1,0.95,338,Safe
377,2,"10,45",2024-07-05 12:41:37.011833,Vijayawada to Hyderabad,177,25.3,73,1.73,13,9,23,4,0.67,257,Safe
378,36,"29,35",2024-03-31 12:41:37.011834,Vijayawada to Hyderabad,155,38.22,60,2.28,10,10,8,10,0.67,300,Critical
379,19,"37,6",2024-08-14 12:41:37.011835,Vijayawada to Hyderabad,127,31.22,66,3.45,17,5,5,8,1.08,217,Critical
380,40,"4,35",2024-08-04 12:41:37.011837,Vijayawada to Hyderabad,139,31.74,46,4.23,25,6,25,8,0.81,171,Safe
381,31,"10,30",2024-03-26 12:41:37.011838,Vijayawada to Hyderabad,131,39.68,65,4.64,28,10,22,2,1.19,251,Safe
382,17,"2,11",2024-01-02 12:41:37.011839,Vijayawada to Hyderabad,157,25.79,78,2.19,18,9,8,1,0.87,325,Safe
383,36,"26,43",2024-10-09 12:41:37.011840,Vijayawada to Hyderabad,179,26.66,80,2.14,18,10,21,3,1.03,297,Safe
384,47,"12,35",2024-04-05 12:41:37.011841,Vijayawada to Hyderabad,145,26.17,30,2.13,28,2,22,7,0.8,375,Critical
385,37,"19,5",2024-10-22 12:41:37.011843,Vijayawada to Hyderabad,164,37.95,31,2.92,28,3,12,4,0.83,393,Safe
386,44,"47,32",2024-07-25 12:41:37.011844,Vijayawada to Hyderabad,135,28.26,53,2.79,6,2,9,3,0.81,268,Critical
387,36,"20,35",2024-01-10 12:41:37.011845,Vijayawada to Hyderabad,160,29.63,50,2.14,10,10,10,5,0.72,274,Safe
388,14,"47,44",2024-04-10 12:41:37.011846,Vijayawada to Hyderabad,159,37.21,67,3.93,19,8,14,9,0.87,228,Safe
389,36,"22,31",2024-04-04 12:41:37.011847,Vijayawada to Hyderabad,127,39.55,51,3.54,20,3,8,5,0.81,334,Safe
390,26,"38,48",2023-12-29 12:41:37.011849,Vijayawada to Hyderabad,169,38.91,62,4.36,5,6,8,6,0.67,363,Critical
391,23,"12,20",2024-03-06 12:41:37.011850,Vijayawada to Hyderabad,170,36.24,44,2.52,13,8,7,10,1.1,201,Critical
392,7,"16,13",2024-05-23 12:41:37.011851,Vijayawada to Hyderabad,152,28.6,66,0.57,29,4,24,5,1.04,319,Safe
393,42,"48,33",2024-03-03 12:41:37.011852,Vijayawada to Hyderabad,168,33.44,78,1.73,29,10,21,6,1.11,346,Safe
394,9,"43,50",2024-06-29 12:41:37.011854,Vijayawada to Hyderabad,151,32.93,68,3.67,23,3,20,4,0.96,340,Safe
395,32,"50,21",2024-05-21 12:41:37.011855,Vijayawada to Hyderabad,162,35.9,47,1.36,24,10,14,2,0.91,281,Critical
396,20,"9,28",2024-02-11 12:41:37.011856,Vijayawada to Hyderabad,131,36.57,70,2.32,26,4,21,2,0.64,209,Critical
397,21,"20,10",2024-05-28 12:41:37.011857,Vijayawada to Hyderabad,137,28.02,59,0.03,18,10,7,1,1.02,369,Safe
398,48,"35,29",2024-07-02 12:41:37.011858,Vijayawada to Hyderabad,154,33.27,45,3.02,15,8,12,9,0.83,343,Critical
399,14,"5,29",2024-01-24 12:41:37.011860,Vijayawada to Hyderabad,125,38.5,52,3.32,26,2,23,3,1.0,378,Critical
400,41,"49,23",2024-05-06 12:41:37.011861,Vijayawada to Hyderabad,178,26.47,66,2.16,27,5,23,7,0.63,156,Safe
401,3,"42,20",2024-01-31 12:41:37.011862,Vijayawada to Hyderabad,123,37.77,78,3.4,30,6,18,5,0.89,165,Safe
402,45,"39,23",2024-03-03 12:41:37.011864,Vijayawada to Hyderabad,172,26.22,67,4.0,26,2,10,10,1.19,164,Safe
403,11,"4,3",2024-10-10 12:41:37.011865,Vijayawada to Hyderabad,140,39.56,80,1.68,23,3,22,9,1.01,176,Critical
404,14,"37,46",2024-09-18 12:41:37.011866,Vijayawada to Hyderabad,139,29.72,40,4.08,16,5,23,8,1.2,211,Safe
405,44,"9,21",2024-10-07 12:41:37.011867,Vijayawada to Hyderabad,137,30.56,72,1.19,27,7,16,9,0.66,264,Safe
406,21,"31,4",2024-08-23 12:41:37.011868,Vijayawada to Hyderabad,155,30.76,67,4.15,7,10,6,3,0.62,150,Safe
407,16,"10,37",2024-01-21 12:41:37.011870,Vijayawada to Hyderabad,170,38.09,64,0.55,14,10,12,4,0.67,230,Safe
408,44,"48,39",2024-10-21 12:41:37.011871,Vijayawada to Hyderabad,126,30.86,35,1.61,5,4,23,2,1.03,192,Safe
409,25,"36,21",2024-03-24 12:41:37.011872,Vijayawada to Hyderabad,144,39.7,48,4.94,30,2,15,8,0.88,260,Safe
410,45,"29,46",2024-10-03 12:41:37.011873,Vijayawada to Hyderabad,157,34.87,54,3.36,24,5,17,1,0.66,343,Safe
411,13,"6,20",2024-07-28 12:41:37.011874,Vijayawada to Hyderabad,123,33.45,50,4.11,22,6,23,2,0.8,326,Safe
412,47,"33,22",2024-08-30 12:41:37.011876,Vijayawada to Hyderabad,126,33.55,53,0.74,14,8,21,1,0.77,246,Safe
413,20,"43,13",2024-04-16 12:41:37.011877,Vijayawada to Hyderabad,141,36.45,77,3.84,9,4,8,1,0.86,209,Critical
414,2,"16,35",2024-02-16 12:41:37.011878,Vijayawada to Hyderabad,148,39.11,76,3.76,13,10,10,6,0.82,377,Safe
415,28,"28,19",2024-01-06 12:41:37.011879,Vijayawada to Hyderabad,153,28.55,42,0.87,20,1,15,4,0.99,297,Critical
416,36,"10,41",2024-06-08 12:41:37.011881,Vijayawada to Hyderabad,152,35.91,51,0.57,21,6,7,1,0.96,236,Safe
417,5,"1,49",2024-10-03 12:41:37.011882,Vijayawada to Hyderabad,177,27.41,58,0.47,27,4,19,4,1.09,214,Safe
418,43,"49,32",2024-04-11 12:41:37.011883,Vijayawada to Hyderabad,180,33.19,71,4.22,8,7,20,3,0.71,361,Safe
419,35,"9,47",2024-08-16 12:41:37.011884,Vijayawada to Hyderabad,164,28.23,51,1.9,29,6,18,6,0.7,160,Safe
420,12,"25,32",2023-12-20 12:41:37.011885,Vijayawada to Hyderabad,146,34.46,30,3.64,11,3,6,3,0.82,194,Safe
421,50,"26,29",2024-03-01 12:41:37.011886,Vijayawada to Hyderabad,124,36.99,59,1.82,30,4,14,5,1.18,382,Safe
422,36,"11,46",2024-03-25 12:41:37.011888,Vijayawada to Hyderabad,137,27.3,69,4.33,13,4,20,10,1.04,199,Critical
423,44,"45,21",2024-05-05 12:41:37.011889,Vijayawada to Hyderabad,147,32.07,33,2.77,26,7,12,10,0.96,263,Safe
424,48,"1,27",2024-03-27 12:41:37.011890,Vijayawada to Hyderabad,132,39.62,69,2.88,23,7,15,3,0.91,365,Critical
425,33,"22,21",2023-12-31 12:41:37.011891,Vijayawada to Hyderabad,142,37.59,74,4.81,20,4,9,4,0.65,305,Safe
426,28,"30,26",2024-09-21 12:41:37.011892,Vijayawada to Hyderabad,135,39.39,71,0.1,14,5,25,4,0.66,260,Safe
427,5,"36,45",2024-02-01 12:41:37.011894,Vijayawada to Hyderabad,157,32.09,73,4.5,15,2,14,5,1.08,295,Safe
428,49,"25,16",2024-06-17 12:41:37.011895,Vijayawada to Hyderabad,168,33.81,45,4.05,12,6,13,1,0.85,164,Critical
429,22,"49,2",2024-08-13 12:41:37.011896,Vijayawada to Hyderabad,131,37.66,38,3.0,20,5,19,9,0.73,386,Safe
430,7,"46,28",2024-07-01 12:41:37.011897,Vijayawada to Hyderabad,145,31.43,73,1.65,21,6,23,6,0.87,384,Safe
431,22,"50,19",2024-01-14 12:41:37.011898,Vijayawada to Hyderabad,180,32.91,62,0.22,18,6,19,1,1.11,339,Safe
432,45,"32,8",2024-11-06 12:41:37.011899,Vijayawada to Hyderabad,138,26.27,51,0.61,24,6,25,6,0.75,304,Safe
433,12,"12,23",2024-01-30 12:41:37.011901,Vijayawada to Hyderabad,130,33.65,37,4.71,5,9,17,10,0.91,170,Safe
434,1,"38,31",2024-10-28 12:41:37.011902,Vijayawada to Hyderabad,142,25.03,47,2.39,30,7,24,1,0.84,388,Safe
435,19,"35,15",2024-05-04 12:41:37.011903,Vijayawada to Hyderabad,144,29.1,49,1.93,21,1,19,2,1.07,210,Safe
436,36,"10,6",2024-01-05 12:41:37.011904,Vijayawada to Hyderabad,145,36.74,76,3.64,24,2,25,6,0.96,161,Safe
437,10,"14,37",2024-06-23 12:41:37.011905,Vijayawada to Hyderabad,142,30.18,76,3.98,27,7,18,5,0.69,167,Safe
438,43,"20,26",2024-09-25 12:41:37.011907,Vijayawada to Hyderabad,166,30.93,55,3.34,11,9,18,4,0.83,171,Safe
439,35,"34,3",2024-11-29 12:41:37.011908,Vijayawada to Hyderabad,140,25.91,37,0.48,7,3,14,6,0.8,377,Safe
440,42,"11,1",2024-08-07 12:41:37.011909,Vijayawada to Hyderabad,132,35.46,36,4.93,11,9,7,1,0.75,313,Safe
441,22,"10,8",2024-11-12 12:41:37.011910,Vijayawada to Hyderabad,160,37.63,35,3.12,25,3,5,6,0.63,175,Safe
442,27,"17,46",2024-04-11 12:41:37.011911,Vijayawada to Hyderabad,174,33.06,44,3.88,15,9,11,4,1.19,241,Safe
443,40,"15,3",2024-01-10 12:41:37.011912,Vijayawada to Hyderabad,122,28.18,43,1.99,28,8,11,5,1.13,293,Safe
444,26,"17,6",2024-10-07 12:41:37.011914,Vijayawada to Hyderabad,120,33.62,35,3.87,11,8,22,5,1.04,274,Safe
445,19,"24,36",2024-07-24 12:41:37.011915,Vijayawada to Hyderabad,168,29.55,65,2.71,13,9,5,3,0.71,339,Safe
446,14,"25,27",2024-02-02 12:41:37.011916,Vijayawada to Hyderabad,145,38.25,44,3.93,11,2,18,9,1.05,220,Safe
447,40,"17,27",2024-07-25 12:41:37.011917,Vijayawada to Hyderabad,160,33.69,55,3.94,16,6,15,6,1.14,239,Safe
448,25,"38,18",2024-07-10 12:41:37.011918,Vijayawada to Hyderabad,175,32.92,67,1.54,28,3,9,8,0.96,307,Critical
449,4,"23,9",2024-01-08 12:41:37.011920,Vijayawada to Hyderabad,166,31.0,68,2.92,25,8,14,8,0.95,254,Safe
450,8,"27,23",2023-12-17 12:41:37.011921,Vijayawada to Hyderabad,174,29.05,32,3.65,28,2,6,7,0.61,386,Safe
451,18,"48,49",2024-05-07 12:41:37.011922,Vijayawada to Hyderabad,120,26.26,46,2.8,19,6,7,4,0.97,287,Safe
452,4,"18,40",2024-11-17 12:41:37.011923,Vijayawada to Hyderabad,151,28.56,65,4.37,21,5,16,5,0.91,308,Safe
453,28,"30,30",2024-11-05 12:41:37.011924,Vijayawada to Hyderabad,153,37.41,59,4.59,22,9,22,7,0.94,309,Safe
454,45,"4,41",2024-06-27 12:41:37.011926,Vijayawada to Hyderabad,140,39.51,70,3.65,10,5,25,4,0.95,388,Safe
455,19,"7,32",2024-10-21 12:41:37.011927,Vijayawada to Hyderabad,120,33.48,54,3.59,11,7,23,9,1.08,270,Safe
456,34,"27,12",2024-09-26 12:41:37.011928,Vijayawada to Hyderabad,161,29.99,48,0.89,24,7,18,8,1.16,333,Safe
457,50,"37,23",2024-02-01 12:41:37.011929,Vijayawada to Hyderabad,138,37.87,32,4.2,16,6,24,3,0.87,237,Safe
458,16,"35,48",2024-03-26 12:41:37.011931,Vijayawada to Hyderabad,170,38.4,42,4.22,18,5,5,9,1.05,379,Safe
459,50,"38,44",2023-12-27 12:41:37.011932,Vijayawada to Hyderabad,138,29.79,72,0.74,13,6,11,8,1.05,350,Safe
460,8,"6,9",2024-07-22 12:41:37.011933,Vijayawada to Hyderabad,144,29.89,40,2.28,14,8,23,6,0.68,219,Safe
461,35,"36,1",2024-09-20 12:41:37.011936,Vijayawada to Hyderabad,170,28.31,51,1.31,26,9,7,8,0.65,315,Safe
462,5,"29,29",2024-11-21 12:41:37.011937,Vijayawada to Hyderabad,121,29.21,58,4.41,21,8,25,5,1.07,299,Critical
463,32,"11,1",2024-06-14 12:41:37.011938,Vijayawada to Hyderabad,129,36.17,65,1.82,21,6,12,7,1.09,294,Safe
464,26,"36,29",2023-12-04 12:41:37.011939,Vijayawada to Hyderabad,133,39.55,30,3.08,27,4,9,9,0.8,397,Safe
465,38,"12,16",2024-04-29 12:41:37.011941,Vijayawada to Hyderabad,154,38.51,44,2.44,5,8,8,10,1.08,274,Safe
466,23,"39,47",2023-12-14 12:41:37.011942,Vijayawada to Hyderabad,139,32.74,53,2.88,13,3,22,2,0.86,206,Critical
467,10,"31,19",2024-05-22 12:41:37.011943,Vijayawada to Hyderabad,139,30.63,72,0.39,11,5,18,4,0.85,396,Safe
468,47,"10,50",2024-03-16 12:41:37.011944,Vijayawada to Hyderabad,168,38.58,39,0.88,12,5,21,3,1.16,348,Safe
469,5,"18,46",2024-09-26 12:41:37.011945,Vijayawada to Hyderabad,132,37.88,43,2.91,25,6,9,10,0.97,302,Critical
470,40,"1,31",2024-11-19 12:41:37.011947,Vijayawada to Hyderabad,173,33.79,62,4.85,18,4,18,6,1.15,335,Safe
471,29,"36,3",2024-03-31 12:41:37.011948,Vijayawada to Hyderabad,141,28.72,64,2.97,27,2,14,1,1.17,250,Safe
472,41,"3,27",2024-08-11 12:41:37.011949,Vijayawada to Hyderabad,139,30.67,64,1.25,20,5,14,1,0.87,196,Safe
473,14,"26,45",2024-02-16 12:41:37.011950,Vijayawada to Hyderabad,167,29.67,66,1.58,9,2,14,1,1.19,378,Safe
474,48,"1,19",2024-09-25 12:41:37.011952,Vijayawada to Hyderabad,177,34.23,41,4.59,14,9,24,9,0.65,190,Critical
475,26,"35,24",2024-04-16 12:41:37.011953,Vijayawada to Hyderabad,156,29.92,34,4.65,6,1,17,2,1.15,218,Safe
476,9,"39,32",2024-09-10 12:41:37.011954,Vijayawada to Hyderabad,125,38.85,74,2.63,25,1,8,7,0.63,263,Safe
477,47,"6,47",2024-01-27 12:41:37.011955,Vijayawada to Hyderabad,165,31.93,50,4.32,28,10,7,2,1.02,366,Safe
478,42,"17,25",2024-09-26 12:41:37.011956,Vijayawada to Hyderabad,168,25.1,58,0.25,8,1,15,9,0.71,246,Safe
479,16,"20,15",2024-05-08 12:41:37.011958,Vijayawada to Hyderabad,148,38.83,64,4.98,19,4,25,2,1.01,299,Safe
480,26,"17,21",2024-07-25 12:41:37.011959,Vijayawada to Hyderabad,120,37.92,72,1.17,28,4,6,4,0.98,354,Safe
481,33,"5,37",2024-01-12 12:41:37.011960,Vijayawada to Hyderabad,137,38.11,71,1.92,29,2,7,9,0.82,333,Critical
482,22,"36,14",2024-10-22 12:41:37.011962,Vijayawada to Hyderabad,146,27.0,78,0.63,12,8,11,9,1.19,172,Safe
483,32,"43,49",2024-02-20 12:41:37.011963,Vijayawada to Hyderabad,153,27.54,37,2.41,16,9,19,10,0.83,391,Safe
484,16,"16,48",2024-07-16 12:41:37.011964,Vijayawada to Hyderabad,136,34.93,72,3.21,28,1,7,3,0.96,326,Safe
485,20,"15,12",2024-11-21 12:41:37.011965,Vijayawada to Hyderabad,159,38.51,67,4.81,20,9,8,7,0.87,154,Safe
486,22,"7,48",2024-10-20 12:41:37.011966,Vijayawada to Hyderabad,147,37.09,59,1.36,16,2,6,4,0.8,258,Safe
487,5,"3,48",2024-01-25 12:41:37.011968,Vijayawada to Hyderabad,157,27.5,32,1.55,9,4,14,8,1.17,345,Safe
488,25,"29,21",2024-07-08 12:41:37.011969,Vijayawada to Hyderabad,163,36.86,72,4.63,23,8,20,10,0.95,275,Safe
489,41,"47,16",2024-05-09 12:41:37.011970,Vijayawada to Hyderabad,170,34.15,63,4.14,8,1,16,2,1.19,178,Safe
490,2,"6,14",2024-04-24 12:41:37.011971,Vijayawada to Hyderabad,175,26.36,34,0.38,22,7,6,5,0.6,359,Critical
491,11,"24,33",2024-08-24 12:41:37.011972,Vijayawada to Hyderabad,126,30.25,59,3.51,14,4,22,10,0.61,157,Safe
492,29,"8,7",2024-06-07 12:41:37.011973,Vijayawada to Hyderabad,124,31.21,71,5.0,17,4,5,9,0.74,383,Safe
493,49,"19,1",2024-01-15 12:41:37.011975,Vijayawada to Hyderabad,137,28.04,62,4.34,20,3,7,5,0.85,222,Safe
494,22,"2,50",2024-02-23 12:41:37.011976,Vijayawada to Hyderabad,137,27.4,36,4.46,30,10,7,1,0.65,307,Safe
495,15,"29,5",2024-09-05 12:41:37.011977,Vijayawada to Hyderabad,173,34.58,77,3.9,17,1,17,4,1.1,318,Safe
496,4,"33,48",2024-02-12 12:41:37.011978,Vijayawada to Hyderabad,146,36.17,72,4.46,24,9,18,6,0.95,182,Critical
497,9,"6,46",2024-04-22 12:41:37.011980,Vijayawada to Hyderabad,150,37.82,48,0.23,11,7,22,10,0.6,390,Critical
498,31,"14,17",2024-01-30 12:41:37.011981,Vijayawada to Hyderabad,125,27.41,65,1.24,17,3,11,1,0.83,321,Safe
499,37,"31,11",2024-09-14 12:41:37.011982,Vijayawada to Hyderabad,156,29.26,69,1.82,17,9,24,3,0.65,204,Safe
500,2,"6,15",2023-12-21 12:41:37.011983,Vijayawada to Hyderabad,149,27.07,79,1.72,12,9,8,8,0.81,166,Safe
501,19,"30,32",2024-07-03 12:41:37.011985,Vijayawada to Hyderabad,180,26.38,77,2.15,19,10,10,6,0.67,383,Safe
502,45,"21,44",2024-06-06 12:41:37.011986,Vijayawada to Hyderabad,168,26.92,71,3.18,26,7,6,7,0.76,341,Critical
503,14,"19,31",2024-02-17 12:41:37.011987,Vijayawada to Hyderabad,154,31.87,57,4.28,24,6,8,7,0.67,212,Safe
504,46,"9,25",2024-05-22 12:41:37.011988,Vijayawada to Hyderabad,145,37.51,63,0.71,14,6,20,2,1.18,314,Safe
505,20,"30,49",2024-03-01 12:41:37.011990,Vijayawada to Hyderabad,158,29.14,78,0.6,5,4,10,10,1.08,249,Safe
506,49,"24,49",2024-04-22 12:41:37.011991,Vijayawada to Hyderabad,154,33.93,69,3.66,20,8,20,9,0.63,195,Critical
507,47,"26,25",2024-08-15 12:41:37.011992,Vijayawada to Hyderabad,128,31.06,57,4.83,30,6,18,1,1.11,230,Safe
508,27,"8,29",2024-10-13 12:41:37.011993,Vijayawada to Hyderabad,174,25.33,68,4.38,10,4,11,4,0.8,170,Critical
509,38,"38,21",2024-09-16 12:41:37.011995,Vijayawada to Hyderabad,130,26.64,43,4.55,30,5,14,2,0.66,364,Safe
510,43,"34,17",2024-10-24 12:41:37.011996,Vijayawada to Hyderabad,138,31.82,80,0.5,15,5,8,8,0.71,156,Safe
511,47,"47,46",2023-12-29 12:41:37.011997,Vijayawada to Hyderabad,160,39.53,48,1.49,29,5,24,2,1.17,195,Critical
512,14,"30,48",2024-03-22 12:41:37.011998,Vijayawada to Hyderabad,127,38.53,71,2.36,5,1,21,6,1.07,192,Safe
513,42,"13,32",2024-03-13 12:41:37.011999,Vijayawada to Hyderabad,169,36.53,48,3.32,21,8,22,5,1.06,170,Safe
514,11,"48,9",2024-07-19 12:41:37.012001,Vijayawada to Hyderabad,159,31.58,39,2.04,25,1,12,10,0.97,366,Safe
515,15,"5,10",2024-01-23 12:41:37.012002,Vijayawada to Hyderabad,162,30.9,63,0.33,15,8,21,4,0.96,176,Safe
516,49,"31,12",2024-06-30 12:41:37.012003,Vijayawada to Hyderabad,152,31.3,69,2.05,12,8,16,6,1.06,228,Safe
517,36,"26,46",2024-03-09 12:41:37.012004,Vijayawada to Hyderabad,122,36.0,38,0.4,28,2,9,4,0.63,283,Safe
518,4,"34,23",2024-06-19 12:41:37.012006,Vijayawada to Hyderabad,149,25.18,73,4.27,14,7,8,9,0.74,398,Critical
519,6,"24,16",2024-01-16 12:41:37.012007,Vijayawada to Hyderabad,166,28.85,57,2.17,10,3,25,8,0.85,181,Safe
520,42,"11,9",2024-09-08 12:41:37.012008,Vijayawada to Hyderabad,125,27.55,50,2.16,11,8,14,10,0.84,273,Safe
521,32,"27,36",2024-07-27 12:41:37.012009,Vijayawada to Hyderabad,142,30.98,72,2.44,24,8,12,8,0.64,192,Safe
522,41,"2,10",2024-03-29 12:41:37.012011,Vijayawada to Hyderabad,131,34.17,77,2.41,11,10,8,2,0.92,184,Safe
523,27,"34,34",2024-06-21 12:41:37.012012,Vijayawada to Hyderabad,155,26.35,80,0.22,23,10,16,4,0.9,267,Safe
524,2,"23,10",2024-02-16 12:41:37.012014,Vijayawada to Hyderabad,137,30.3,41,0.64,21,10,5,4,0.66,181,Safe
525,23,"18,4",2024-07-18 12:41:37.012015,Vijayawada to Hyderabad,154,25.88,35,3.22,7,3,5,5,0.8,340,Safe
526,10,"14,2",2024-07-23 12:41:37.012016,Vijayawada to Hyderabad,150,34.12,30,0.82,24,6,7,6,0.63,151,Safe
527,27,"13,31",2024-06-09 12:41:37.012017,Vijayawada to Hyderabad,147,39.43,65,2.81,19,4,9,1,1.11,305,Critical
528,11,"20,21",2024-02-15 12:41:37.012019,Vijayawada to Hyderabad,168,29.21,62,0.4,9,7,22,10,0.88,257,Safe
529,41,"18,39",2024-09-08 12:41:37.012020,Vijayawada to Hyderabad,158,34.33,62,0.45,27,9,22,4,0.84,194,Safe
530,42,"50,42",2024-01-29 12:41:37.012021,Vijayawada to Hyderabad,172,27.21,63,3.55,6,8,10,6,0.86,244,Critical
531,33,"25,3",2024-01-21 12:41:37.012022,Vijayawada to Hyderabad,143,37.91,54,0.74,30,6,24,2,0.75,319,Safe
532,41,"26,36",2024-02-04 12:41:37.012023,Vijayawada to Hyderabad,172,26.8,38,1.31,11,2,22,8,0.64,150,Safe
533,38,"1,1",2024-07-16 12:41:37.012025,Vijayawada to Hyderabad,130,39.02,32,2.53,27,9,17,5,0.8,338,Safe
534,35,"6,18",2024-09-30 12:41:37.012026,Vijayawada to Hyderabad,170,31.41,45,2.42,14,4,12,4,1.13,361,Safe
535,23,"36,27",2024-05-17 12:41:37.012027,Vijayawada to Hyderabad,137,34.34,65,4.05,26,3,8,2,0.97,285,Safe
536,6,"22,29",2024-06-20 12:41:37.012028,Vijayawada to Hyderabad,166,38.48,39,2.31,6,8,25,6,0.63,345,Safe
537,25,"11,12",2024-09-07 12:41:37.012029,Vijayawada to Hyderabad,152,34.98,54,4.17,10,2,15,1,1.09,312,Safe
538,42,"18,25",2024-10-04 12:41:37.012031,Vijayawada to Hyderabad,144,31.29,71,4.09,24,4,9,2,0.82,215,Safe
539,48,"26,38",2024-06-28 12:41:37.012032,Vijayawada to Hyderabad,159,36.99,45,1.92,12,7,20,2,0.6,387,Safe
540,15,"31,46",2024-04-28 12:41:37.012033,Vijayawada to Hyderabad,152,28.48,60,3.13,24,10,11,9,1.11,210,Safe
541,1,"40,17",2024-04-03 12:41:37.012034,Vijayawada to Hyderabad,165,30.35,70,0.61,8,6,11,7,0.78,254,Safe
542,42,"39,8",2024-07-01 12:41:37.012035,Vijayawada to Hyderabad,174,30.44,43,1.58,13,4,12,7,1.0,151,Safe
543,3,"36,42",2024-09-17 12:41:37.012037,Vijayawada to Hyderabad,140,36.44,37,1.11,17,3,10,7,0.8,398,Safe
544,37,"48,16",2024-01-16 12:41:37.012038,Vijayawada to Hyderabad,147,30.98,67,1.26,10,4,15,1,0.67,218,Safe
545,9,"32,20",2024-04-16 12:41:37.012040,Vijayawada to Hyderabad,137,34.68,68,0.29,27,7,20,4,1.04,233,Safe
546,35,"18,34",2024-04-23 12:41:37.012041,Vijayawada to Hyderabad,170,28.46,70,1.29,27,8,20,10,1.14,326,Safe
547,33,"28,33",2024-02-01 12:41:37.012043,Vijayawada to Hyderabad,120,35.18,61,2.26,27,4,20,8,0.81,348,Safe
548,20,"8,40",2023-12-05 12:41:37.012044,Vijayawada to Hyderabad,143,26.18,37,1.56,21,9,25,1,0.88,263,Safe
549,23,"37,18",2024-05-09 12:41:37.012045,Vijayawada to Hyderabad,159,37.77,48,3.3,12,5,5,7,0.92,336,Critical
550,12,"31,47",2024-01-31 12:41:37.012046,Vijayawada to Hyderabad,126,31.35,79,2.29,22,9,23,10,1.01,261,Safe
551,20,"24,35",2023-12-13 12:41:37.012048,Vijayawada to Hyderabad,140,30.28,58,4.71,19,5,19,4,0.72,201,Safe
552,21,"23,16",2024-03-28 12:41:37.012049,Vijayawada to Hyderabad,160,37.11,58,3.12,29,8,13,9,0.6,241,Safe
553,45,"40,47",2024-05-08 12:41:37.012050,Vijayawada to Hyderabad,161,33.71,61,1.18,5,7,8,5,0.64,316,Safe
554,37,"24,14",2024-08-14 12:41:37.012051,Vijayawada to Hyderabad,126,28.85,43,2.37,14,3,5,10,0.84,339,Safe
555,29,"38,27",2024-01-25 12:41:37.012052,Vijayawada to Hyderabad,130,28.28,60,0.12,30,3,11,10,1.08,335,Safe
556,49,"21,24",2024-04-09 12:41:37.012054,Vijayawada to Hyderabad,150,37.26,41,3.75,16,8,7,6,1.18,202,Safe
557,34,"46,35",2024-05-19 12:41:37.012055,Vijayawada to Hyderabad,162,37.81,51,4.26,21,5,18,7,0.9,319,Safe
558,48,"30,13",2023-12-26 12:41:37.012056,Vijayawada to Hyderabad,130,34.27,75,0.7,13,9,21,7,0.98,169,Safe
559,31,"41,1",2024-08-04 12:41:37.012057,Vijayawada to Hyderabad,169,34.17,67,4.34,29,9,24,5,1.0,239,Safe
560,40,"15,50",2024-09-01 12:41:37.012058,Vijayawada to Hyderabad,139,31.09,58,1.66,7,2,10,5,0.81,206,Safe
561,23,"5,44",2024-04-28 12:41:37.012060,Vijayawada to Hyderabad,123,34.71,73,0.68,13,4,11,9,0.69,153,Critical
562,14,"22,38",2024-02-17 12:41:37.012061,Vijayawada to Hyderabad,122,33.9,65,4.61,17,6,22,8,1.04,376,Safe
563,22,"18,35",2024-01-22 12:41:37.012062,Vijayawada to Hyderabad,144,38.22,48,4.12,15,2,23,4,0.61,256,Safe
564,32,"13,50",2024-03-25 12:41:37.012063,Vijayawada to Hyderabad,155,37.89,39,3.67,25,2,11,2,0.93,275,Safe
565,23,"27,46",2023-12-15 12:41:37.012065,Vijayawada to Hyderabad,129,30.26,50,0.78,28,5,19,2,0.83,362,Safe
566,21,"13,10",2024-01-16 12:41:37.012066,Vijayawada to Hyderabad,136,37.07,73,1.22,10,10,19,6,0.74,306,Critical
567,25,"1,10",2024-11-05 12:41:37.012067,Vijayawada to Hyderabad,158,31.58,55,2.97,24,5,5,3,0.87,305,Safe
568,40,"45,2",2024-01-27 12:41:37.012068,Vijayawada to Hyderabad,156,31.39,68,1.24,20,2,5,6,0.68,377,Critical
569,14,"50,1",2024-07-06 12:41:37.012069,Vijayawada to Hyderabad,129,27.25,43,0.62,9,4,19,7,0.64,180,Critical
570,14,"12,13",2023-12-15 12:41:37.012071,Vijayawada to Hyderabad,128,38.93,75,2.56,17,7,17,8,0.68,252,Critical
571,9,"41,24",2024-03-26 12:41:37.012072,Vijayawada to Hyderabad,178,28.51,47,2.43,18,2,21,7,0.61,325,Safe
572,18,"40,28",2024-08-12 12:41:37.012073,Vijayawada to Hyderabad,177,35.18,41,3.29,27,4,23,9,1.08,280,Safe
573,36,"14,43",2024-05-08 12:41:37.012074,Vijayawada to Hyderabad,155,25.66,69,0.74,18,10,7,2,0.63,319,Safe
574,35,"36,36",2024-07-21 12:41:37.012075,Vijayawada to Hyderabad,179,37.87,33,0.6,14,1,16,3,1.13,399,Safe
575,33,"31,50",2024-03-27 12:41:37.012077,Vijayawada to Hyderabad,166,35.28,70,0.85,13,2,13,8,1.0,214,Safe
576,34,"23,44",2024-05-07 12:41:37.012078,Vijayawada to Hyderabad,171,29.42,56,3.22,23,6,15,6,1.1,386,Safe
577,3,"43,16",2024-02-12 12:41:37.012079,Vijayawada to Hyderabad,127,38.38,78,1.14,17,8,16,2,0.71,342,Safe
578,49,"13,38",2023-12-28 12:41:37.012080,Vijayawada to Hyderabad,174,27.65,33,0.55,9,3,21,1,0.94,181,Safe
579,32,"23,11",2024-01-28 12:41:37.012082,Vijayawada to Hyderabad,155,25.34,78,3.07,27,1,14,10,1.18,168,Safe
580,41,"41,1",2024-10-05 12:41:37.012083,Vijayawada to Hyderabad,130,26.75,66,4.02,13,2,16,6,1.02,311,Safe
581,48,"6,3",2024-09-23 12:41:37.012084,Vijayawada to Hyderabad,168,28.73,42,4.65,14,9,5,8,0.66,325,Critical
582,44,"20,50",2024-07-08 12:41:37.012085,Vijayawada to Hyderabad,168,26.97,72,3.51,28,9,21,5,0.88,352,Safe
583,40,"5,4",2024-06-26 12:41:37.012086,Vijayawada to Hyderabad,162,25.66,70,2.01,16,10,20,10,0.82,329,Safe
584,33,"44,35",2024-07-02 12:41:37.012088,Vijayawada to Hyderabad,180,26.22,45,3.74,21,3,17,2,1.2,314,Safe
585,48,"17,5",2024-02-07 12:41:37.012089,Vijayawada to Hyderabad,124,36.91,45,0.58,12,9,17,2,0.64,195,Safe
586,23,"33,20",2024-01-25 12:41:37.012090,Vijayawada to Hyderabad,122,34.67,80,4.54,15,6,17,5,0.83,279,Safe
587,41,"16,44",2024-01-10 12:41:37.012091,Vijayawada to Hyderabad,126,34.27,72,3.24,14,6,17,7,1.14,217,Safe
588,46,"28,12",2024-09-11 12:41:37.012093,Vijayawada to Hyderabad,156,28.03,34,3.17,22,5,22,6,1.02,392,Safe
589,21,"20,21",2024-01-03 12:41:37.012094,Vijayawada to Hyderabad,171,29.09,49,4.12,9,4,18,8,0.65,382,Safe
590,25,"49,29",2024-07-27 12:41:37.012095,Vijayawada to Hyderabad,126,37.43,55,1.47,18,10,25,6,0.65,276,Safe
591,29,"30,22",2024-10-01 12:41:37.012096,Vijayawada to Hyderabad,149,36.06,80,3.32,5,3,19,6,0.85,188,Safe
592,10,"11,49",2024-03-17 12:41:37.012097,Vijayawada to Hyderabad,159,27.84,30,2.68,9,6,8,2,0.82,214,Safe
593,11,"46,11",2023-12-21 12:41:37.012099,Vijayawada to Hyderabad,138,37.67,62,1.7,30,7,19,2,0.74,334,Safe
594,47,"42,9",2024-11-01 12:41:37.012100,Vijayawada to Hyderabad,124,36.5,43,1.25,24,9,21,7,0.76,235,Critical
595,25,"43,12",2024-11-11 12:41:37.012101,Vijayawada to Hyderabad,142,32.66,49,1.44,17,9,19,2,0.82,151,Safe
596,21,"10,21",2024-11-24 12:41:37.012103,Vijayawada to Hyderabad,126,37.67,60,1.45,14,9,25,7,1.08,342,Safe
597,13,"25,39",2024-08-03 12:41:37.012104,Vijayawada to Hyderabad,165,33.1,62,2.52,11,2,15,10,0.72,197,Safe
598,20,"6,30",2024-12-01 12:41:37.012105,Vijayawada to Hyderabad,132,25.52,53,1.11,15,3,13,8,1.02,150,Safe
599,25,"9,6",2023-12-21 12:41:37.012106,Vijayawada to Hyderabad,176,29.81,78,2.38,17,7,22,8,0.65,282,Safe
600,35,"34,4",2024-04-05 12:41:37.012108,Vijayawada to Hyderabad,166,34.36,46,0.07,8,10,21,2,1.08,398,Critical
601,37,"31,47",2024-05-23 12:41:37.012109,Vijayawada to Hyderabad,128,25.26,67,0.77,7,3,21,9,1.16,338,Safe
602,32,"43,43",2024-02-07 12:41:37.012110,Vijayawada to Hyderabad,156,28.86,79,0.32,6,5,18,5,0.98,217,Safe
603,24,"20,5",2024-01-23 12:41:37.012111,Vijayawada to Hyderabad,164,25.84,60,2.23,20,4,15,2,0.68,152,Safe
604,20,"22,30",2024-11-17 12:41:37.012112,Vijayawada to Hyderabad,140,28.45,32,1.66,21,4,21,1,1.12,174,Safe
605,19,"5,39",2024-11-22 12:41:37.012114,Vijayawada to Hyderabad,162,29.56,37,3.1,8,7,15,7,0.69,196,Safe
606,40,"29,47",2024-08-30 12:41:37.012115,Vijayawada to Hyderabad,158,25.04,39,1.86,21,2,21,7,1.06,312,Critical
607,39,"41,6",2024-07-20 12:41:37.012116,Vijayawada to Hyderabad,148,33.68,71,3.1,12,1,9,1,0.69,339,Safe
608,33,"49,42",2024-06-17 12:41:37.012117,Vijayawada to Hyderabad,123,27.21,58,4.41,5,7,25,7,0.97,351,Safe
609,29,"16,46",2024-06-28 12:41:37.012118,Vijayawada to Hyderabad,123,28.46,77,2.69,17,2,5,2,1.18,267,Safe
610,39,"48,23",2024-02-22 12:41:37.012120,Vijayawada to Hyderabad,120,27.15,75,1.77,16,4,14,8,0.68,271,Safe
611,46,"43,8",2024-09-20 12:41:37.012121,Vijayawada to Hyderabad,140,38.79,42,2.67,6,2,25,6,0.9,269,Safe
612,9,"32,8",2024-11-14 12:41:37.012122,Vijayawada to Hyderabad,155,32.08,37,4.28,9,1,25,7,0.85,183,Critical
613,19,"20,19",2023-12-23 12:41:37.012123,Vijayawada to Hyderabad,160,28.76,41,1.59,9,8,16,5,0.81,156,Safe
614,43,"37,5",2024-01-10 12:41:37.012125,Vijayawada to Hyderabad,134,29.42,66,2.97,28,2,6,6,0.66,314,Safe
615,45,"50,13",2024-03-18 12:41:37.012126,Vijayawada to Hyderabad,171,35.53,41,3.09,16,7,9,9,0.7,273,Safe
616,46,"16,31",2024-01-07 12:41:37.012127,Vijayawada to Hyderabad,153,27.73,75,3.75,25,7,16,8,1.14,255,Safe
617,9,"47,28",2024-03-16 12:41:37.012128,Vijayawada to Hyderabad,136,39.19,40,2.14,16,9,24,2,0.97,174,Safe
618,6,"40,42",2024-03-01 12:41:37.012130,Vijayawada to Hyderabad,131,27.02,44,0.56,6,4,21,4,0.8,214,Safe
619,48,"5,19",2023-12-26 12:41:37.012131,Vijayawada to Hyderabad,144,35.03,35,2.94,17,8,5,7,0.8,291,Critical
620,41,"18,2",2024-07-21 12:41:37.012132,Vijayawada to Hyderabad,165,37.53,52,0.88,19,4,21,6,0.99,261,Safe
621,4,"43,17",2024-08-13 12:41:37.012133,Vijayawada to Hyderabad,176,33.8,59,3.49,26,10,10,3,0.98,239,Critical
622,11,"22,15",2024-03-15 12:41:37.012134,Vijayawada to Hyderabad,155,37.55,32,0.64,25,10,20,8,0.63,395,Safe
623,3,"41,41",2024-11-19 12:41:37.012136,Vijayawada to Hyderabad,123,36.54,59,4.57,5,3,6,4,0.62,205,Safe
624,40,"27,20",2024-08-28 12:41:37.012137,Vijayawada to Hyderabad,121,27.68,42,1.32,18,9,17,9,0.79,184,Safe
625,12,"4,46",2024-05-04 12:41:37.012138,Vijayawada to Hyderabad,138,35.24,39,4.57,26,3,22,8,0.85,167,Safe
626,20,"32,16",2024-05-08 12:41:37.012139,Vijayawada to Hyderabad,155,37.56,49,2.75,14,4,20,4,1.14,153,Safe
627,25,"19,30",2024-11-25 12:41:37.012140,Vijayawada to Hyderabad,149,27.67,31,3.94,15,2,10,7,0.69,306,Safe
628,24,"43,41",2024-04-11 12:41:37.012142,Vijayawada to Hyderabad,128,27.08,41,4.75,22,6,14,1,0.74,269,Safe
629,44,"24,50",2023-12-07 12:41:37.012143,Vijayawada to Hyderabad,165,25.63,56,4.5,20,4,7,9,1.03,261,Safe
630,28,"26,41",2024-05-08 12:41:37.012146,Vijayawada to Hyderabad,167,36.09,51,0.58,20,3,19,5,1.13,281,Safe
631,44,"2,25",2024-01-22 12:41:37.012148,Vijayawada to Hyderabad,178,32.6,38,0.25,10,7,23,7,0.67,171,Safe
632,8,"3,50",2024-07-13 12:41:37.012149,Vijayawada to Hyderabad,147,37.65,63,1.21,7,3,7,7,0.72,186,Critical
633,49,"7,48",2024-02-22 12:41:37.012150,Vijayawada to Hyderabad,136,33.4,66,3.94,29,10,9,10,1.09,391,Safe
634,12,"3,12",2024-10-26 12:41:37.012151,Vijayawada to Hyderabad,169,26.7,50,4.43,9,2,23,9,0.91,335,Critical
635,5,"6,17",2024-09-05 12:41:37.012153,Vijayawada to Hyderabad,158,31.81,71,0.16,10,7,18,9,0.62,269,Critical
636,3,"4,10",2024-09-20 12:41:37.012154,Vijayawada to Hyderabad,141,28.35,30,2.2,6,8,6,6,0.8,183,Safe
637,31,"37,4",2024-09-22 12:41:37.012155,Vijayawada to Hyderabad,123,28.39,57,2.38,24,5,24,5,0.88,298,Safe
638,42,"15,40",2024-02-26 12:41:37.012156,Vijayawada to Hyderabad,122,35.54,65,3.73,24,8,13,1,0.8,321,Safe
639,10,"2,5",2024-11-20 12:41:37.012157,Vijayawada to Hyderabad,155,37.47,49,2.9,29,3,22,1,0.87,281,Safe
640,33,"13,37",2024-08-15 12:41:37.012159,Vijayawada to Hyderabad,122,35.22,73,2.18,14,6,15,4,0.66,153,Safe
641,42,"17,27",2024-06-11 12:41:37.012160,Vijayawada to Hyderabad,143,25.77,43,0.1,14,10,23,10,0.69,372,Safe
642,21,"9,18",2024-11-23 12:41:37.012161,Vijayawada to Hyderabad,160,35.57,39,4.38,9,9,5,6,0.99,350,Safe
643,43,"48,33",2024-10-25 12:41:37.012162,Vijayawada to Hyderabad,154,28.03,74,0.16,23,6,13,1,0.65,253,Safe
644,44,"39,22",2023-12-14 12:41:37.012163,Vijayawada to Hyderabad,132,28.77,76,2.35,13,10,6,7,0.68,248,Safe
645,17,"22,10",2024-03-24 12:41:37.012165,Vijayawada to Hyderabad,159,38.04,73,2.49,18,3,10,3,1.17,176,Safe
646,17,"8,47",2024-04-24 12:41:37.012166,Vijayawada to Hyderabad,169,25.23,74,0.6,16,10,24,10,1.17,297,Safe
647,9,"21,44",2024-03-28 12:41:37.012167,Vijayawada to Hyderabad,174,35.62,39,1.82,6,2,24,5,0.7,301,Safe
648,47,"43,5",2024-01-14 12:41:37.012168,Vijayawada to Hyderabad,175,26.31,73,1.41,19,9,23,1,1.03,299,Safe
649,41,"34,42",2024-05-19 12:41:37.012170,Vijayawada to Hyderabad,156,38.52,78,0.5,16,5,10,8,1.15,350,Critical
650,3,"37,24",2024-02-04 12:41:37.012171,Vijayawada to Hyderabad,170,29.53,40,0.97,27,4,18,9,0.83,251,Safe
651,20,"45,40",2023-12-30 12:41:37.012172,Vijayawada to Hyderabad,139,30.87,50,1.16,12,9,7,2,0.75,155,Safe
652,15,"36,38",2024-07-25 12:41:37.012173,Vijayawada to Hyderabad,139,34.61,68,4.46,25,3,16,9,0.96,381,Safe
653,34,"12,8",2024-03-30 12:41:37.012174,Vijayawada to Hyderabad,136,26.63,67,2.24,9,2,18,5,1.01,313,Safe
654,11,"48,17",2023-12-11 12:41:37.012176,Vijayawada to Hyderabad,157,33.85,71,0.89,13,2,21,2,0.63,264,Safe
655,48,"46,27",2024-05-27 12:41:37.012177,Vijayawada to Hyderabad,125,39.92,72,1.72,12,4,12,8,0.83,350,Safe
656,47,"40,4",2024-07-29 12:41:37.012178,Vijayawada to Hyderabad,134,28.55,66,1.5,17,1,15,3,1.02,165,Safe
657,8,"10,33",2024-09-29 12:41:37.012179,Vijayawada to Hyderabad,176,30.86,54,3.61,27,8,23,1,1.17,255,Safe
658,23,"35,33",2024-08-02 12:41:37.012180,Vijayawada to Hyderabad,163,38.56,72,4.69,13,6,11,4,0.69,326,Safe
659,35,"14,31",2024-09-07 12:41:37.012182,Vijayawada to Hyderabad,144,39.86,46,3.91,19,1,19,10,0.92,268,Safe
660,22,"35,36",2024-10-05 12:41:37.012183,Vijayawada to Hyderabad,120,36.04,47,4.56,8,5,8,2,0.93,336,Safe
661,32,"30,38",2023-12-08 12:41:37.012184,Vijayawada to Hyderabad,125,32.98,53,1.5,11,3,20,6,1.14,294,Critical
662,17,"14,46",2024-09-25 12:41:37.012186,Vijayawada to Hyderabad,120,30.28,50,0.09,8,9,15,6,0.73,374,Critical
663,7,"23,43",2024-08-07 12:41:37.012187,Vijayawada to Hyderabad,151,33.95,37,2.24,15,4,23,6,1.02,167,Safe
664,22,"29,21",2024-10-17 12:41:37.012188,Vijayawada to Hyderabad,165,33.34,52,4.25,24,3,24,10,1.03,395,Safe
665,22,"49,8",2024-01-30 12:41:37.012189,Vijayawada to Hyderabad,165,38.56,61,1.51,29,1,5,10,0.94,281,Safe
666,1,"45,11",2024-01-28 12:41:37.012190,Vijayawada to Hyderabad,120,27.3,48,1.56,20,9,5,7,0.62,357,Safe
667,10,"22,19",2024-04-21 12:41:37.012191,Vijayawada to Hyderabad,178,27.87,48,0.14,28,9,10,2,0.72,331,Safe
668,16,"15,41",2024-06-25 12:41:37.012193,Vijayawada to Hyderabad,144,31.84,48,2.27,5,10,9,1,0.62,175,Safe
669,15,"32,49",2024-02-15 12:41:37.012194,Vijayawada to Hyderabad,164,33.98,39,1.08,15,3,14,2,0.96,240,Safe
670,33,"45,48",2024-01-16 12:41:37.012195,Vijayawada to Hyderabad,149,27.59,76,1.33,28,7,20,10,0.92,295,Safe
671,28,"22,20",2024-05-19 12:41:37.012196,Vijayawada to Hyderabad,127,34.25,42,4.09,5,3,17,6,0.72,371,Safe
672,42,"34,27",2024-10-06 12:41:37.012198,Vijayawada to Hyderabad,174,33.21,44,0.61,21,10,16,1,1.19,201,Safe
673,13,"21,45",2024-07-04 12:41:37.012199,Vijayawada to Hyderabad,122,32.48,61,4.3,10,3,15,10,1.02,153,Critical
674,22,"33,22",2024-08-10 12:41:37.012200,Vijayawada to Hyderabad,162,26.0,39,3.11,8,9,11,9,0.88,290,Safe
675,34,"41,30",2024-04-17 12:41:37.012202,Vijayawada to Hyderabad,158,29.32,58,0.34,22,9,8,3,0.75,313,Critical
676,18,"7,40",2024-08-03 12:41:37.012203,Vijayawada to Hyderabad,140,31.84,49,0.16,19,7,23,5,0.91,169,Safe
677,27,"28,39",2024-07-05 12:41:37.012204,Vijayawada to Hyderabad,121,38.44,48,0.57,10,3,23,2,0.61,245,Safe
678,2,"14,16",2024-03-02 12:41:37.012205,Vijayawada to Hyderabad,178,33.65,71,0.98,30,5,22,9,0.61,292,Critical
679,10,"19,36",2024-08-13 12:41:37.012207,Vijayawada to Hyderabad,138,32.02,56,1.6,10,2,18,4,0.85,394,Safe
680,17,"18,31",2024-04-01 12:41:37.012208,Vijayawada to Hyderabad,147,35.88,70,0.99,6,10,17,9,1.14,370,Critical
681,31,"28,49",2024-01-08 12:41:37.012209,Vijayawada to Hyderabad,175,30.73,67,1.87,11,9,20,7,1.01,389,Safe
682,49,"46,37",2024-07-27 12:41:37.012210,Vijayawada to Hyderabad,154,27.47,47,1.24,7,10,5,3,0.79,183,Critical
683,11,"12,1",2024-03-01 12:41:37.012212,Vijayawada to Hyderabad,156,36.21,57,1.95,17,6,8,1,1.02,275,Safe
684,34,"34,43",2023-12-06 12:41:37.012213,Vijayawada to Hyderabad,137,34.98,37,1.26,18,6,14,9,1.1,159,Safe
685,10,"47,20",2023-12-10 12:41:37.012214,Vijayawada to Hyderabad,144,31.41,57,0.56,28,1,21,10,0.73,188,Safe
686,18,"5,14",2024-02-06 12:41:37.012215,Vijayawada to Hyderabad,155,31.52,71,0.35,5,10,15,4,0.62,229,Safe
687,31,"21,13",2024-02-06 12:41:37.012217,Vijayawada to Hyderabad,141,30.06,59,1.2,21,6,10,1,0.83,283,Safe
688,43,"7,20",2024-11-16 12:41:37.012218,Vijayawada to Hyderabad,147,36.29,61,1.54,26,1,13,7,1.13,268,Critical
689,6,"3,13",2024-03-06 12:41:37.012219,Vijayawada to Hyderabad,155,29.87,32,4.27,12,6,25,10,0.81,330,Safe
690,10,"21,31",2024-08-05 12:41:37.012220,Vijayawada to Hyderabad,154,32.23,59,2.11,29,2,17,9,1.13,169,Safe
691,8,"26,6",2024-11-21 12:41:37.012222,Vijayawada to Hyderabad,138,25.78,63,1.15,22,1,21,9,0.68,347,Safe
692,45,"10,8",2024-08-30 12:41:37.012223,Vijayawada to Hyderabad,164,35.67,53,1.28,21,5,14,5,0.65,216,Safe
693,34,"34,15",2024-01-22 12:41:37.012224,Vijayawada to Hyderabad,158,31.49,49,2.68,14,2,8,9,1.14,370,Safe
694,5,"45,15",2024-04-10 12:41:37.012225,Vijayawada to Hyderabad,127,29.47,47,3.42,16,2,23,6,1.16,221,Critical
695,5,"5,50",2024-01-30 12:41:37.012226,Vijayawada to Hyderabad,129,28.7,31,1.9,21,4,21,3,1.2,386,Safe
696,42,"11,23",2024-02-19 12:41:37.012227,Vijayawada to Hyderabad,171,28.77,68,0.54,11,5,5,9,1.03,248,Safe
697,45,"29,27",2023-12-24 12:41:37.012229,Vijayawada to Hyderabad,125,26.24,47,2.43,6,1,19,1,0.68,399,Safe
698,16,"42,25",2024-03-21 12:41:37.012230,Vijayawada to Hyderabad,137,34.79,32,1.05,30,4,22,3,0.82,219,Critical
699,12,"48,34",2024-03-31 12:41:37.012231,Vijayawada to Hyderabad,126,30.89,38,1.77,15,3,8,10,1.15,239,Safe
700,41,"29,9",2024-10-24 12:41:37.012233,Vijayawada to Hyderabad,159,25.93,54,3.12,24,2,17,1,1.0,215,Safe
701,16,"46,29",2024-02-23 12:41:37.012234,Vijayawada to Hyderabad,139,30.52,72,1.81,28,7,11,9,0.65,398,Safe
702,34,"12,42",2023-12-05 12:41:37.012235,Vijayawada to Hyderabad,141,34.92,45,2.78,11,4,13,9,1.17,277,Safe
703,42,"25,30",2024-09-30 12:41:37.012236,Vijayawada to Hyderabad,132,25.67,69,4.28,12,4,6,4,0.94,349,Critical
704,10,"19,41",2024-01-12 12:41:37.012238,Vijayawada to Hyderabad,137,32.51,74,1.42,22,7,25,4,1.13,334,Safe
705,41,"9,21",2024-02-14 12:41:37.012239,Vijayawada to Hyderabad,158,34.36,73,4.37,27,5,17,3,1.09,243,Safe
706,44,"31,4",2024-06-03 12:41:37.012240,Vijayawada to Hyderabad,149,36.68,62,4.31,22,9,19,1,0.71,346,Safe
707,25,"18,8",2024-04-01 12:41:37.012241,Vijayawada to Hyderabad,154,34.05,42,1.82,17,4,24,8,0.87,174,Safe
708,39,"36,14",2024-09-04 12:41:37.012242,Vijayawada to Hyderabad,147,28.45,67,3.94,19,6,15,2,0.74,236,Safe
709,16,"43,40",2024-04-26 12:41:37.012244,Vijayawada to Hyderabad,148,30.17,55,4.48,20,8,20,7,0.6,334,Safe
710,26,"24,15",2024-05-30 12:41:37.012245,Vijayawada to Hyderabad,161,31.82,55,0.13,17,3,23,3,0.87,313,Safe
711,41,"46,15",2024-01-30 12:41:37.012246,Vijayawada to Hyderabad,148,25.03,44,1.01,30,2,5,2,0.68,221,Critical
712,9,"16,6",2024-04-07 12:41:37.012247,Vijayawada to Hyderabad,176,36.04,70,3.45,27,10,17,6,0.63,209,Safe
713,22,"1,22",2024-10-29 12:41:37.012248,Vijayawada to Hyderabad,145,29.67,63,0.6,10,10,18,6,0.97,362,Safe
714,15,"12,48",2024-01-24 12:41:37.012250,Vijayawada to Hyderabad,135,25.45,48,2.5,5,7,10,4,0.9,394,Safe
715,16,"43,20",2024-05-16 12:41:37.012254,Vijayawada to Hyderabad,146,27.9,51,3.6,18,3,20,10,1.16,179,Safe
716,31,"34,10",2024-03-29 12:41:37.012256,Vijayawada to Hyderabad,143,27.43,64,2.41,27,6,11,3,1.03,336,Critical
717,29,"41,2",2024-10-05 12:41:37.012257,Vijayawada to Hyderabad,144,26.37,66,3.26,25,10,10,10,1.0,182,Safe
718,47,"6,8",2024-05-10 12:41:37.012258,Vijayawada to Hyderabad,154,30.99,79,0.43,16,9,18,7,0.62,392,Safe
719,41,"44,27",2024-01-31 12:41:37.012259,Vijayawada to Hyderabad,170,34.19,60,1.62,20,6,9,3,0.76,344,Safe
720,1,"45,33",2024-03-23 12:41:37.012260,Vijayawada to Hyderabad,166,39.5,60,0.88,6,1,19,7,0.68,360,Critical
721,15,"10,15",2024-04-19 12:41:37.012262,Vijayawada to Hyderabad,148,27.16,45,2.3,30,6,25,4,0.67,391,Safe
722,26,"22,48",2024-04-02 12:41:37.012263,Vijayawada to Hyderabad,138,33.34,53,1.45,10,7,17,9,0.92,186,Safe
723,22,"20,3",2024-04-28 12:41:37.012264,Vijayawada to Hyderabad,156,37.51,66,0.7,15,3,11,8,0.99,280,Safe
724,50,"40,41",2024-09-27 12:41:37.012265,Vijayawada to Hyderabad,121,30.65,39,0.3,14,1,16,6,0.87,272,Safe
725,4,"27,50",2024-09-22 12:41:37.012267,Vijayawada to Hyderabad,151,37.38,49,0.12,27,4,17,8,0.95,191,Safe
726,33,"26,48",2024-01-21 12:41:37.012268,Vijayawada to Hyderabad,147,29.52,79,2.24,24,7,24,9,0.71,384,Safe
727,42,"37,25",2024-10-16 12:41:37.012269,Vijayawada to Hyderabad,172,32.75,47,1.69,29,9,19,2,0.75,201,Safe
728,42,"34,25",2024-07-01 12:41:37.012270,Vijayawada to Hyderabad,132,34.36,43,4.26,28,1,5,9,0.63,252,Critical
729,26,"46,10",2023-12-20 12:41:37.012271,Vijayawada to Hyderabad,137,26.53,51,4.93,24,3,18,5,0.92,177,Critical
730,47,"20,27",2023-12-13 12:41:37.012273,Vijayawada to Hyderabad,142,29.63,52,2.07,17,6,18,7,1.04,350,Safe
731,2,"47,2",2024-11-10 12:41:37.012274,Vijayawada to Hyderabad,137,38.08,48,3.52,16,8,17,8,1.18,210,Safe
732,24,"38,22",2024-05-06 12:41:37.012275,Vijayawada to Hyderabad,157,34.84,46,1.96,9,1,6,3,0.77,316,Critical
733,9,"38,37",2024-02-02 12:41:37.012276,Vijayawada to Hyderabad,122,29.5,55,4.31,29,10,8,7,1.02,278,Safe
734,36,"34,14",2024-06-14 12:41:37.012278,Vijayawada to Hyderabad,171,36.67,42,2.92,23,6,25,6,0.65,367,Safe
735,6,"15,27",2024-04-15 12:41:37.012279,Vijayawada to Hyderabad,157,32.08,41,0.83,13,1,24,9,0.67,316,Critical
736,21,"18,22",2024-08-10 12:41:37.012280,Vijayawada to Hyderabad,132,35.66,78,3.65,12,9,11,8,1.0,254,Critical
737,28,"42,4",2024-11-09 12:41:37.012281,Vijayawada to Hyderabad,160,32.83,37,1.6,24,9,18,2,0.88,253,Safe
738,26,"48,19",2024-07-18 12:41:37.012282,Vijayawada to Hyderabad,132,31.41,40,2.29,14,5,15,7,0.84,307,Safe
739,19,"8,32",2024-08-29 12:41:37.012284,Vijayawada to Hyderabad,120,29.5,61,0.97,20,7,22,7,0.77,356,Safe
740,38,"34,7",2023-12-14 12:41:37.012285,Vijayawada to Hyderabad,125,28.54,37,4.28,9,4,11,3,1.13,370,Safe
741,30,"11,36",2024-06-11 12:41:37.012286,Vijayawada to Hyderabad,136,32.15,72,1.6,12,3,21,1,0.89,262,Safe
742,45,"19,48",2024-11-16 12:41:37.012288,Vijayawada to Hyderabad,168,36.31,73,1.12,19,5,20,8,1.13,341,Safe
743,37,"42,2",2024-08-02 12:41:37.012289,Vijayawada to Hyderabad,129,33.05,56,0.44,18,9,24,10,0.89,332,Safe
744,29,"22,35",2024-08-22 12:41:37.012290,Vijayawada to Hyderabad,144,39.41,61,0.8,6,7,18,5,0.74,157,Safe
745,23,"1,15",2024-08-14 12:41:37.012291,Vijayawada to Hyderabad,127,36.11,57,2.25,25,6,19,4,1.05,379,Safe
746,11,"23,7",2023-12-18 12:41:37.012292,Vijayawada to Hyderabad,136,31.83,78,2.7,21,2,22,1,0.84,277,Safe
747,19,"43,28",2024-04-28 12:41:37.012294,Vijayawada to Hyderabad,148,39.24,57,0.76,11,4,11,5,0.89,316,Safe
748,13,"17,17",2024-10-01 12:41:37.012295,Vijayawada to Hyderabad,161,39.7,57,0.58,25,7,18,4,0.75,293,Safe
749,23,"12,43",2024-04-03 12:41:37.012296,Vijayawada to Hyderabad,172,33.92,38,0.57,24,9,10,10,0.75,338,Safe
750,19,"18,27",2024-06-20 12:41:37.012297,Vijayawada to Hyderabad,158,36.0,30,3.49,23,5,17,1,1.11,294,Critical
751,38,"12,35",2024-09-22 12:41:37.012298,Vijayawada to Hyderabad,134,29.44,52,2.85,21,1,20,4,1.17,329,Critical
752,30,"10,43",2024-09-19 12:41:37.012299,Vijayawada to Hyderabad,158,34.89,48,1.58,25,10,13,4,0.89,199,Safe
753,1,"29,10",2024-09-20 12:41:37.012301,Vijayawada to Hyderabad,156,32.97,59,0.55,9,1,25,4,1.1,194,Safe
754,27,"36,47",2024-03-18 12:41:37.012302,Vijayawada to Hyderabad,166,34.49,77,4.7,6,3,22,8,0.76,202,Safe
755,48,"1,6",2024-06-19 12:41:37.012303,Vijayawada to Hyderabad,134,33.44,38,4.6,12,5,12,6,0.73,326,Safe
756,31,"31,10",2024-01-14 12:41:37.012304,Vijayawada to Hyderabad,173,27.38,76,3.84,6,2,12,8,0.8,360,Safe
757,15,"4,25",2024-10-16 12:41:37.012305,Vijayawada to Hyderabad,178,25.64,49,2.92,20,1,18,5,1.14,283,Safe
758,42,"27,49",2024-05-13 12:41:37.012307,Vijayawada to Hyderabad,147,29.38,33,3.61,24,2,5,10,1.03,341,Safe
759,1,"49,40",2024-10-08 12:41:37.012308,Vijayawada to Hyderabad,144,28.25,64,0.51,30,9,9,7,0.72,205,Safe
760,16,"14,46",2024-05-11 12:41:37.012309,Vijayawada to Hyderabad,135,33.19,58,1.44,28,7,15,10,1.16,279,Safe
761,43,"32,22",2024-07-11 12:41:37.012310,Vijayawada to Hyderabad,169,26.65,61,3.7,24,4,18,8,0.93,172,Safe
762,43,"43,16",2024-03-08 12:41:37.012312,Vijayawada to Hyderabad,168,32.77,53,4.74,6,7,14,1,1.17,185,Safe
763,18,"12,24",2024-11-05 12:41:37.012313,Vijayawada to Hyderabad,127,37.63,71,2.11,18,7,17,10,1.03,359,Critical
764,6,"23,5",2024-01-03 12:41:37.012314,Vijayawada to Hyderabad,169,26.62,38,0.76,9,7,17,8,0.76,247,Critical
765,43,"20,22",2024-03-05 12:41:37.012315,Vijayawada to Hyderabad,134,35.86,79,4.79,27,2,23,3,0.97,337,Safe
766,46,"26,22",2023-12-05 12:41:37.012317,Vijayawada to Hyderabad,176,37.52,49,3.21,8,4,20,6,0.65,360,Safe
767,39,"13,37",2023-12-09 12:41:37.012318,Vijayawada to Hyderabad,158,25.36,32,4.46,13,6,14,5,0.9,179,Safe
768,11,"42,21",2024-04-30 12:41:37.012319,Vijayawada to Hyderabad,160,29.19,48,0.36,5,3,20,8,0.75,323,Safe
769,47,"22,18",2024-08-11 12:41:37.012320,Vijayawada to Hyderabad,166,36.73,77,2.93,16,6,21,6,1.14,167,Safe
770,44,"43,8",2024-07-17 12:41:37.012322,Vijayawada to Hyderabad,135,28.19,73,0.63,23,1,6,5,0.9,359,Safe
771,48,"42,14",2024-05-29 12:41:37.012323,Vijayawada to Hyderabad,134,25.03,55,0.24,14,2,22,6,1.15,355,Safe
772,24,"29,1",2024-10-30 12:41:37.012324,Vijayawada to Hyderabad,172,37.43,72,2.82,8,7,16,3,0.9,307,Safe
773,28,"40,4",2024-09-28 12:41:37.012325,Vijayawada to Hyderabad,146,30.35,39,1.34,10,4,7,6,0.86,308,Critical
774,20,"44,15",2024-03-28 12:41:37.012326,Vijayawada to Hyderabad,126,38.52,63,1.74,29,10,24,7,1.16,178,Safe
775,46,"21,38",2024-04-15 12:41:37.012328,Vijayawada to Hyderabad,149,30.04,35,4.89,12,3,18,4,0.71,314,Critical
776,41,"11,1",2024-03-25 12:41:37.012329,Vijayawada to Hyderabad,123,29.1,59,4.56,15,7,5,3,1.13,344,Safe
777,29,"18,21",2024-08-13 12:41:37.012330,Vijayawada to Hyderabad,169,25.94,49,1.64,19,5,6,4,0.99,377,Safe
778,40,"5,33",2024-07-28 12:41:37.012331,Vijayawada to Hyderabad,128,35.28,40,3.94,25,8,18,1,0.66,299,Safe
779,20,"20,14",2024-09-14 12:41:37.012333,Vijayawada to Hyderabad,141,29.95,69,1.22,18,4,18,6,0.75,297,Safe
780,5,"15,49",2024-06-20 12:41:37.012334,Vijayawada to Hyderabad,164,35.45,60,2.22,22,1,6,2,0.92,391,Safe
781,26,"33,7",2024-07-01 12:41:37.012335,Vijayawada to Hyderabad,174,34.82,37,2.61,19,5,7,6,1.09,351,Safe
782,39,"33,14",2024-09-20 12:41:37.012336,Vijayawada to Hyderabad,121,38.32,62,1.07,23,8,25,4,1.0,251,Safe
783,4,"43,6",2024-02-21 12:41:37.012337,Vijayawada to Hyderabad,151,37.57,67,3.81,7,7,18,3,0.83,285,Critical
784,23,"42,36",2024-06-28 12:41:37.012339,Vijayawada to Hyderabad,156,25.97,68,0.27,10,6,8,8,0.72,364,Safe
785,33,"9,29",2024-09-17 12:41:37.012340,Vijayawada to Hyderabad,167,39.36,70,1.75,27,9,16,1,1.17,297,Safe
786,4,"8,9",2024-01-08 12:41:37.012341,Vijayawada to Hyderabad,146,30.83,42,4.97,11,7,24,7,0.77,385,Critical
787,25,"1,32",2024-01-13 12:41:37.012342,Vijayawada to Hyderabad,135,30.27,36,1.59,18,8,14,4,0.76,374,Safe
788,40,"33,45",2024-10-07 12:41:37.012344,Vijayawada to Hyderabad,154,35.34,72,1.06,16,10,15,4,0.9,303,Critical
789,49,"5,25",2024-10-22 12:41:37.012345,Vijayawada to Hyderabad,124,26.97,44,3.87,15,8,15,2,0.85,150,Critical
790,28,"29,9",2023-12-24 12:41:37.012346,Vijayawada to Hyderabad,128,30.67,77,0.15,29,2,12,6,0.67,184,Safe
791,49,"7,3",2024-09-29 12:41:37.012347,Vijayawada to Hyderabad,142,26.19,47,3.35,12,8,20,3,0.6,301,Safe
792,15,"32,33",2024-08-08 12:41:37.012349,Vijayawada to Hyderabad,155,37.56,79,3.82,27,9,16,7,0.87,394,Safe
793,5,"38,10",2024-11-01 12:41:37.012350,Vijayawada to Hyderabad,179,33.77,66,4.09,23,3,19,5,1.09,203,Safe
794,40,"4,39",2024-09-14 12:41:37.012351,Vijayawada to Hyderabad,155,34.43,43,0.69,9,7,25,4,0.8,265,Safe
795,47,"2,25",2024-04-19 12:41:37.012352,Vijayawada to Hyderabad,131,39.3,37,0.63,8,3,13,4,1.11,303,Safe
796,50,"9,28",2024-11-04 12:41:37.012353,Vijayawada to Hyderabad,134,34.46,60,4.38,8,5,5,9,0.89,295,Safe
797,48,"9,25",2024-11-21 12:41:37.012355,Vijayawada to Hyderabad,158,34.02,56,3.06,15,6,19,5,1.11,228,Safe
798,10,"33,14",2024-11-26 12:41:37.012356,Vijayawada to Hyderabad,160,26.39,51,3.51,21,1,14,5,1.1,319,Safe
799,23,"41,28",2024-01-30 12:41:37.012357,Vijayawada to Hyderabad,140,29.61,70,4.84,15,10,18,10,0.91,329,Critical
800,13,"5,41",2024-08-12 12:41:37.012358,Vijayawada to Hyderabad,126,33.49,57,1.38,20,6,12,2,1.04,286,Safe
801,33,"35,48",2024-02-25 12:41:37.012479,Vijayawada to Hyderabad,139,27.09,35,3.66,6,7,5,7,0.76,310,Safe
802,50,"29,17",2024-07-04 12:41:37.012481,Vijayawada to Hyderabad,147,35.74,39,3.85,26,8,24,1,1.17,326,Safe
803,21,"6,50",2024-08-10 12:41:37.012483,Vijayawada to Hyderabad,129,31.93,48,2.73,27,7,5,4,0.91,263,Critical
804,2,"30,5",2024-07-10 12:41:37.012484,Vijayawada to Hyderabad,147,34.47,40,2.23,29,7,10,3,1.14,304,Safe
805,44,"37,49",2024-01-16 12:41:37.012485,Vijayawada to Hyderabad,139,38.93,33,0.29,17,4,8,4,0.84,223,Safe
806,32,"37,37",2024-07-08 12:41:37.012486,Vijayawada to Hyderabad,156,36.58,45,1.34,20,10,12,10,0.87,371,Critical
807,50,"7,22",2024-03-08 12:41:37.012487,Vijayawada to Hyderabad,171,25.75,30,3.36,13,8,12,5,0.85,243,Critical
808,20,"17,35",2024-11-05 12:41:37.012489,Vijayawada to Hyderabad,161,37.52,37,3.58,18,2,21,1,0.9,382,Safe
809,38,"44,31",2024-02-07 12:41:37.012490,Vijayawada to Hyderabad,174,26.07,74,0.47,26,10,14,8,0.77,150,Safe
810,20,"40,22",2024-02-27 12:41:37.012491,Vijayawada to Hyderabad,165,26.29,43,2.03,16,6,20,8,0.95,245,Critical
811,36,"26,35",2024-07-26 12:41:37.012493,Vijayawada to Hyderabad,146,38.23,58,2.24,9,6,20,1,0.63,290,Safe
812,36,"19,41",2024-03-01 12:41:37.012494,Vijayawada to Hyderabad,156,34.49,73,0.4,28,2,16,6,0.65,157,Safe
813,28,"2,47",2024-04-20 12:41:37.012495,Vijayawada to Hyderabad,162,30.11,37,3.83,25,3,14,6,1.19,269,Safe
814,25,"11,3",2024-07-09 12:41:37.012496,Vijayawada to Hyderabad,155,34.09,36,0.05,5,9,5,9,0.99,390,Safe
815,3,"50,23",2024-01-08 12:41:37.012498,Vijayawada to Hyderabad,158,26.51,72,2.13,10,4,7,1,1.03,204,Safe
816,34,"47,34",2024-02-07 12:41:37.012499,Vijayawada to Hyderabad,123,33.31,71,2.03,25,5,18,1,0.79,384,Critical
817,21,"43,11",2024-01-22 12:41:37.012500,Vijayawada to Hyderabad,173,27.12,55,2.79,7,7,12,2,0.79,238,Safe
818,7,"40,42",2024-08-08 12:41:37.012501,Vijayawada to Hyderabad,158,36.18,32,0.78,14,2,5,10,0.99,183,Safe
819,3,"1,17",2024-08-08 12:41:37.012502,Vijayawada to Hyderabad,168,28.51,58,2.02,24,8,23,8,0.97,349,Safe
820,22,"43,2",2024-07-15 12:41:37.012504,Vijayawada to Hyderabad,156,28.46,32,1.16,7,10,17,9,0.88,233,Safe
821,5,"1,20",2024-06-04 12:41:37.012505,Vijayawada to Hyderabad,165,29.02,54,0.61,9,3,10,2,1.19,279,Safe
822,11,"37,45",2024-03-24 12:41:37.012506,Vijayawada to Hyderabad,143,32.99,62,1.42,9,5,18,3,0.78,151,Critical
823,10,"27,16",2024-04-04 12:41:37.012508,Vijayawada to Hyderabad,178,39.28,67,3.31,22,4,8,5,1.16,371,Safe
824,40,"12,31",2024-06-07 12:41:37.012509,Vijayawada to Hyderabad,138,26.79,47,3.03,23,5,19,3,1.17,367,Critical
825,16,"23,26",2024-09-17 12:41:37.012510,Vijayawada to Hyderabad,177,35.44,77,4.29,29,9,23,5,0.76,290,Safe
826,29,"45,45",2024-03-13 12:41:37.012512,Vijayawada to Hyderabad,137,26.35,43,1.32,30,8,17,5,1.05,248,Safe
827,2,"16,49",2024-11-24 12:41:37.012513,Vijayawada to Hyderabad,161,27.92,48,1.19,9,9,7,5,0.63,321,Critical
828,40,"41,9",2024-10-08 12:41:37.012514,Vijayawada to Hyderabad,176,25.93,34,4.64,24,4,21,9,0.65,395,Safe
829,21,"7,30",2024-07-21 12:41:37.012515,Vijayawada to Hyderabad,133,38.27,66,1.02,9,4,20,6,1.15,326,Safe
830,49,"4,31",2024-02-15 12:41:37.012517,Vijayawada to Hyderabad,169,25.28,34,4.83,7,9,8,2,1.11,233,Safe
831,50,"44,1",2024-03-29 12:41:37.012518,Vijayawada to Hyderabad,132,39.02,67,1.04,15,1,10,6,0.79,152,Safe
832,23,"19,49",2024-05-18 12:41:37.012519,Vijayawada to Hyderabad,148,31.87,75,1.62,14,9,11,8,0.8,298,Safe
833,14,"34,7",2024-05-30 12:41:37.012520,Vijayawada to Hyderabad,130,26.57,78,1.28,24,10,19,1,1.06,311,Safe
834,2,"18,1",2024-05-24 12:41:37.012522,Vijayawada to Hyderabad,141,30.07,34,0.79,16,2,13,9,0.93,363,Critical
835,21,"25,30",2024-03-05 12:41:37.012523,Vijayawada to Hyderabad,171,36.91,36,3.05,17,6,20,8,1.07,279,Safe
836,41,"50,24",2024-06-25 12:41:37.012524,Vijayawada to Hyderabad,120,38.62,33,3.28,20,3,10,5,1.04,290,Safe
837,18,"26,14",2024-05-17 12:41:37.012525,Vijayawada to Hyderabad,166,29.25,34,3.08,8,10,13,1,0.71,192,Safe
838,20,"33,23",2024-10-31 12:41:37.012527,Vijayawada to Hyderabad,178,37.29,37,2.96,15,6,15,8,0.61,388,Safe
839,7,"48,8",2024-07-04 12:41:37.012528,Vijayawada to Hyderabad,140,31.72,32,4.67,29,5,22,3,0.68,257,Critical
840,18,"5,49",2024-04-05 12:41:37.012529,Vijayawada to Hyderabad,134,34.84,39,3.16,19,10,14,8,1.17,166,Safe
841,16,"21,29",2024-10-04 12:41:37.012530,Vijayawada to Hyderabad,125,36.99,77,2.66,21,8,20,10,0.71,193,Safe
842,38,"27,24",2024-06-25 12:41:37.012531,Vijayawada to Hyderabad,124,31.94,45,2.91,9,9,12,7,0.7,375,Safe
843,39,"41,40",2024-03-27 12:41:37.012533,Vijayawada to Hyderabad,132,36.48,75,1.99,16,1,22,8,1.09,188,Safe
844,35,"25,14",2024-04-24 12:41:37.012534,Vijayawada to Hyderabad,135,29.11,42,0.68,25,8,10,3,0.94,231,Safe
845,29,"35,9",2024-07-16 12:41:37.012535,Vijayawada to Hyderabad,169,28.79,58,3.99,6,4,20,2,0.89,190,Safe
846,45,"50,25",2023-12-14 12:41:37.012536,Vijayawada to Hyderabad,166,33.68,61,3.99,12,3,19,10,1.16,229,Safe
847,38,"36,44",2023-12-12 12:41:37.012537,Vijayawada to Hyderabad,172,31.04,51,4.92,8,1,22,3,0.73,174,Safe
848,50,"18,34",2024-06-03 12:41:37.012539,Vijayawada to Hyderabad,166,34.38,54,4.72,29,6,18,2,1.2,232,Safe
849,37,"2,46",2024-07-05 12:41:37.012540,Vijayawada to Hyderabad,167,38.89,43,1.61,25,4,18,8,1.09,308,Critical
850,35,"28,7",2024-07-11 12:41:37.012541,Vijayawada to Hyderabad,157,38.78,41,2.08,24,9,20,5,0.89,237,Critical
851,39,"11,30",2024-08-11 12:41:37.012542,Vijayawada to Hyderabad,150,35.39,60,1.63,9,10,7,3,0.83,333,Safe
852,33,"8,31",2024-02-25 12:41:37.012544,Vijayawada to Hyderabad,157,27.62,32,2.53,14,10,20,9,1.12,163,Safe
853,41,"48,7",2024-07-14 12:41:37.012545,Vijayawada to Hyderabad,174,35.61,34,4.16,10,2,17,2,0.96,329,Safe
854,3,"3,26",2024-04-28 12:41:37.012546,Vijayawada to Hyderabad,161,38.95,41,0.94,15,4,11,3,1.19,318,Safe
855,20,"44,45",2023-12-10 12:41:37.012547,Vijayawada to Hyderabad,122,26.1,79,4.99,8,4,13,1,0.65,264,Critical
856,46,"41,13",2024-04-30 12:41:37.012549,Vijayawada to Hyderabad,169,34.71,69,0.3,18,2,7,6,0.63,180,Safe
857,24,"11,38",2024-06-04 12:41:37.012550,Vijayawada to Hyderabad,128,26.63,41,2.8,28,3,5,3,0.73,285,Safe
858,6,"33,5",2024-10-29 12:41:37.012551,Vijayawada to Hyderabad,140,35.01,74,3.43,26,5,10,10,1.18,341,Safe
859,47,"1,11",2024-02-09 12:41:37.012552,Vijayawada to Hyderabad,140,29.93,33,2.75,11,4,13,6,0.9,334,Safe
860,1,"30,44",2024-03-05 12:41:37.012554,Vijayawada to Hyderabad,155,26.73,49,0.8,20,9,20,1,0.93,249,Safe
861,23,"25,21",2023-12-03 12:41:37.012555,Vijayawada to Hyderabad,154,33.99,57,2.49,7,1,12,6,0.82,399,Safe
862,37,"23,43",2024-02-17 12:41:37.012557,Vijayawada to Hyderabad,155,26.95,43,0.73,12,5,18,3,0.87,346,Critical
863,28,"1,23",2024-08-09 12:41:37.012558,Vijayawada to Hyderabad,176,26.87,54,0.19,8,5,16,10,0.77,210,Safe
864,48,"20,21",2024-05-17 12:41:37.012559,Vijayawada to Hyderabad,124,38.41,59,4.49,10,4,8,6,1.04,299,Safe
865,48,"6,19",2024-09-14 12:41:37.012560,Vijayawada to Hyderabad,129,30.78,46,1.74,14,10,7,8,0.92,356,Safe
866,8,"27,21",2024-03-30 12:41:37.012562,Vijayawada to Hyderabad,124,37.14,43,1.13,30,3,12,10,0.72,196,Safe
867,16,"49,50",2024-05-13 12:41:37.012563,Vijayawada to Hyderabad,145,39.43,41,4.52,17,9,20,6,0.93,301,Critical
868,15,"24,1",2023-12-09 12:41:37.012564,Vijayawada to Hyderabad,149,32.26,46,3.19,26,4,7,5,0.61,270,Safe
869,50,"42,16",2024-08-23 12:41:37.012565,Vijayawada to Hyderabad,120,39.39,45,0.73,10,7,5,5,0.87,317,Safe
870,13,"2,11",2024-01-22 12:41:37.012566,Vijayawada to Hyderabad,176,37.43,75,3.84,5,6,15,9,0.99,178,Safe
871,24,"27,11",2024-11-29 12:41:37.012568,Vijayawada to Hyderabad,176,26.48,38,2.78,21,8,13,8,0.74,389,Safe
872,36,"35,7",2023-12-06 12:41:37.012569,Vijayawada to Hyderabad,151,36.22,46,4.35,30,2,14,3,0.65,295,Safe
873,44,"21,32",2024-02-09 12:41:37.012570,Vijayawada to Hyderabad,167,35.86,54,4.66,10,9,5,9,0.99,376,Critical
874,31,"15,34",2024-10-10 12:41:37.012571,Vijayawada to Hyderabad,163,34.23,44,3.18,21,1,15,2,1.0,393,Safe
875,5,"2,12",2024-05-02 12:41:37.012572,Vijayawada to Hyderabad,153,26.24,34,2.21,5,4,18,1,1.11,326,Critical
876,15,"17,25",2024-03-29 12:41:37.012574,Vijayawada to Hyderabad,165,39.36,47,2.34,30,1,14,8,0.71,253,Safe
877,24,"18,2",2024-10-30 12:41:37.012575,Vijayawada to Hyderabad,168,32.63,42,2.76,9,8,23,8,0.75,377,Safe
878,3,"3,12",2024-08-23 12:41:37.012576,Vijayawada to Hyderabad,149,39.09,69,1.73,11,9,23,1,1.18,290,Safe
879,48,"22,8",2024-03-01 12:41:37.012577,Vijayawada to Hyderabad,124,27.45,44,4.16,8,5,23,8,1.16,164,Safe
880,46,"32,35",2023-12-25 12:41:37.012578,Vijayawada to Hyderabad,120,38.14,72,2.73,16,3,16,4,0.93,317,Safe
881,9,"23,5",2024-02-16 12:41:37.012580,Vijayawada to Hyderabad,149,26.23,73,1.13,25,1,24,1,1.08,396,Safe
882,42,"35,25",2024-10-19 12:41:37.012581,Vijayawada to Hyderabad,177,29.65,71,3.85,6,7,8,5,1.06,256,Safe
883,50,"49,49",2024-08-30 12:41:37.012582,Vijayawada to Hyderabad,168,37.41,46,1.61,18,1,12,7,0.64,260,Safe
884,35,"47,35",2024-08-15 12:41:37.012583,Vijayawada to Hyderabad,166,39.27,52,2.1,12,2,18,9,0.67,174,Critical
885,40,"37,11",2024-01-27 12:41:37.012585,Vijayawada to Hyderabad,126,27.93,42,1.75,8,7,8,5,1.14,194,Safe
886,48,"44,29",2024-07-09 12:41:37.012586,Vijayawada to Hyderabad,134,35.83,47,1.92,17,3,8,4,1.18,236,Safe
887,29,"24,30",2024-04-22 12:41:37.012587,Vijayawada to Hyderabad,139,27.18,52,4.5,6,3,14,8,1.12,169,Safe
888,6,"15,11",2024-04-03 12:41:37.012588,Vijayawada to Hyderabad,174,39.03,77,1.85,12,6,18,1,0.62,252,Safe
889,22,"31,21",2023-12-03 12:41:37.012590,Vijayawada to Hyderabad,120,36.13,76,2.62,29,6,7,9,1.03,390,Safe
890,19,"8,25",2024-01-23 12:41:37.012591,Vijayawada to Hyderabad,174,25.11,52,4.13,28,8,16,2,1.19,370,Safe
891,20,"25,25",2024-05-11 12:41:37.012592,Vijayawada to Hyderabad,178,39.09,57,2.06,24,8,19,9,0.67,364,Safe
892,24,"45,16",2024-10-28 12:41:37.012593,Vijayawada to Hyderabad,123,37.85,63,4.33,27,5,10,1,0.89,396,Safe
893,33,"49,26",2024-11-25 12:41:37.012595,Vijayawada to Hyderabad,126,34.07,68,1.06,6,4,14,2,0.69,247,Safe
894,43,"17,11",2024-03-12 12:41:37.012596,Vijayawada to Hyderabad,155,37.66,63,3.61,26,1,19,7,1.06,248,Safe
895,19,"22,12",2023-12-11 12:41:37.012597,Vijayawada to Hyderabad,180,39.14,31,0.36,22,3,22,6,0.88,219,Critical
896,12,"18,38",2024-02-27 12:41:37.012598,Vijayawada to Hyderabad,167,29.55,50,3.12,25,6,18,7,0.91,170,Safe
897,25,"5,10",2024-03-07 12:41:37.012600,Vijayawada to Hyderabad,132,27.66,43,1.13,28,8,14,9,0.62,186,Safe
898,31,"46,39",2024-10-06 12:41:37.012601,Vijayawada to Hyderabad,173,39.39,60,2.07,18,9,15,5,0.87,202,Safe
899,47,"1,3",2024-09-20 12:41:37.012602,Vijayawada to Hyderabad,120,28.98,49,4.85,17,8,23,1,1.07,304,Safe
900,25,"26,11",2024-01-28 12:41:37.012603,Vijayawada to Hyderabad,120,27.76,74,0.87,16,9,18,7,0.71,317,Safe
901,41,"30,41",2024-03-20 12:41:37.012605,Vijayawada to Hyderabad,179,30.81,71,0.59,10,2,5,10,0.74,197,Safe
902,45,"21,24",2024-06-06 12:41:37.012606,Vijayawada to Hyderabad,157,29.06,48,3.02,21,7,8,3,1.17,158,Safe
903,15,"34,30",2024-06-06 12:41:37.012607,Vijayawada to Hyderabad,167,39.4,53,1.48,24,8,19,9,0.9,357,Safe
904,15,"28,29",2024-02-11 12:41:37.012608,Vijayawada to Hyderabad,179,37.51,56,1.32,23,2,22,4,1.15,158,Safe
905,45,"1,26",2024-09-05 12:41:37.012610,Vijayawada to Hyderabad,123,29.87,39,4.0,7,9,14,6,0.85,284,Safe
906,33,"9,47",2023-12-28 12:41:37.012611,Vijayawada to Hyderabad,143,37.44,62,4.32,18,10,17,10,0.82,267,Safe
907,9,"38,46",2024-04-27 12:41:37.012612,Vijayawada to Hyderabad,151,28.7,37,1.13,12,7,23,5,0.73,391,Safe
908,46,"36,26",2024-02-19 12:41:37.012613,Vijayawada to Hyderabad,152,36.78,52,4.42,20,9,20,7,0.75,191,Critical
909,39,"32,22",2024-10-03 12:41:37.012615,Vijayawada to Hyderabad,170,27.66,52,2.26,30,8,18,10,0.61,377,Safe
910,47,"12,12",2024-04-14 12:41:37.012616,Vijayawada to Hyderabad,142,36.81,67,2.01,20,7,24,7,0.85,259,Safe
911,40,"29,13",2024-02-24 12:41:37.012617,Vijayawada to Hyderabad,165,30.65,58,4.57,14,9,18,2,1.08,300,Safe
912,17,"21,31",2024-01-18 12:41:37.012618,Vijayawada to Hyderabad,161,31.04,60,1.44,26,7,5,3,0.76,307,Safe
913,8,"40,33",2024-02-21 12:41:37.012619,Vijayawada to Hyderabad,170,30.17,35,0.86,10,9,17,5,0.7,150,Critical
914,13,"20,19",2024-01-31 12:41:37.012621,Vijayawada to Hyderabad,163,34.18,79,3.61,20,9,14,3,0.62,357,Safe
915,37,"47,6",2024-01-26 12:41:37.012622,Vijayawada to Hyderabad,123,30.11,54,2.27,19,1,11,3,0.86,202,Safe
916,22,"33,40",2024-09-01 12:41:37.012623,Vijayawada to Hyderabad,148,35.41,39,1.65,6,7,11,4,0.67,332,Safe
917,5,"34,14",2023-12-13 12:41:37.012625,Vijayawada to Hyderabad,120,34.63,68,0.01,21,3,24,3,0.66,313,Safe
918,12,"40,17",2024-06-06 12:41:37.012626,Vijayawada to Hyderabad,128,39.34,32,2.8,12,3,21,9,1.16,381,Safe
919,4,"42,39",2024-05-05 12:41:37.012627,Vijayawada to Hyderabad,132,33.88,57,3.47,16,4,7,9,0.89,354,Safe
920,8,"8,47",2023-12-05 12:41:37.012628,Vijayawada to Hyderabad,125,37.84,41,0.2,30,10,8,8,0.8,232,Safe
921,28,"29,31",2024-01-06 12:41:37.012629,Vijayawada to Hyderabad,156,29.21,74,0.69,19,2,12,3,0.63,301,Safe
922,9,"50,7",2024-03-17 12:41:37.012631,Vijayawada to Hyderabad,180,31.41,40,3.39,7,2,5,4,1.19,362,Safe
923,35,"14,43",2024-10-20 12:41:37.012632,Vijayawada to Hyderabad,157,39.72,44,3.94,5,10,7,5,0.79,194,Safe
924,41,"10,42",2023-12-27 12:41:37.012633,Vijayawada to Hyderabad,124,36.95,44,1.76,25,2,12,5,0.75,287,Critical
925,42,"18,16",2024-04-02 12:41:37.012634,Vijayawada to Hyderabad,148,38.55,56,3.04,25,6,20,1,0.69,301,Safe
926,50,"22,29",2024-08-17 12:41:37.012636,Vijayawada to Hyderabad,177,36.89,41,1.22,17,8,5,9,0.78,365,Safe
927,28,"24,10",2024-06-22 12:41:37.012637,Vijayawada to Hyderabad,124,33.81,36,1.83,16,4,24,9,0.93,258,Safe
928,22,"49,48",2024-06-23 12:41:37.012638,Vijayawada to Hyderabad,174,27.95,35,4.24,8,2,12,1,0.99,159,Critical
929,42,"23,33",2024-02-25 12:41:37.012639,Vijayawada to Hyderabad,136,34.83,43,3.26,10,7,14,10,0.93,351,Safe
930,35,"27,7",2024-09-04 12:41:37.012640,Vijayawada to Hyderabad,179,39.66,53,0.58,24,4,20,7,1.15,161,Safe
931,35,"49,28",2024-02-21 12:41:37.012642,Vijayawada to Hyderabad,175,38.67,42,0.76,19,6,25,1,1.18,279,Safe
932,29,"31,17",2024-01-08 12:41:37.012643,Vijayawada to Hyderabad,131,25.05,43,0.43,19,8,24,2,0.9,386,Critical
933,14,"18,34",2024-09-17 12:41:37.012644,Vijayawada to Hyderabad,156,31.12,62,0.44,23,7,20,8,0.96,187,Safe
934,20,"9,44",2024-07-22 12:41:37.012645,Vijayawada to Hyderabad,128,36.27,65,3.13,26,1,8,7,1.16,167,Safe
935,6,"6,27",2024-07-05 12:41:37.012646,Vijayawada to Hyderabad,152,31.49,77,3.94,24,6,25,4,0.72,253,Safe
936,7,"23,13",2024-10-25 12:41:37.012648,Vijayawada to Hyderabad,171,29.28,68,4.84,19,1,18,3,0.81,162,Safe
937,48,"3,45",2024-05-29 12:41:37.012649,Vijayawada to Hyderabad,128,31.65,57,3.72,20,5,12,1,0.78,359,Safe
938,33,"43,1",2024-10-06 12:41:37.012650,Vijayawada to Hyderabad,162,29.1,71,4.75,20,10,10,9,0.63,249,Safe
939,41,"6,26",2024-04-20 12:41:37.012651,Vijayawada to Hyderabad,130,28.31,78,3.03,25,1,9,3,0.79,160,Safe
940,24,"11,13",2024-09-11 12:41:37.012653,Vijayawada to Hyderabad,152,27.34,72,2.18,7,1,11,5,0.77,163,Safe
941,36,"49,37",2024-05-04 12:41:37.012654,Vijayawada to Hyderabad,144,30.57,71,2.51,22,10,14,5,0.72,255,Safe
942,15,"4,11",2024-04-12 12:41:37.012655,Vijayawada to Hyderabad,129,29.9,62,1.46,20,1,25,5,0.66,243,Critical
943,47,"38,28",2024-05-04 12:41:37.012657,Vijayawada to Hyderabad,156,38.67,60,0.5,5,2,19,6,0.67,241,Safe
944,23,"4,11",2024-06-28 12:41:37.012659,Vijayawada to Hyderabad,154,34.08,66,3.41,5,5,6,10,0.66,386,Safe
945,18,"36,6",2024-11-26 12:41:37.012660,Vijayawada to Hyderabad,136,25.22,46,3.33,9,1,19,2,0.74,271,Critical
946,8,"35,34",2024-08-20 12:41:37.012661,Vijayawada to Hyderabad,147,37.78,34,2.92,7,8,9,8,1.16,287,Safe
947,19,"4,24",2024-02-20 12:41:37.012662,Vijayawada to Hyderabad,179,33.96,69,1.46,28,6,10,5,0.61,287,Safe
948,13,"3,34",2024-09-25 12:41:37.012664,Vijayawada to Hyderabad,130,28.31,55,4.18,25,8,13,9,0.98,282,Safe
949,4,"27,20",2024-08-28 12:41:37.012665,Vijayawada to Hyderabad,167,31.45,69,4.82,10,5,12,4,1.15,383,Critical
950,26,"41,31",2024-08-20 12:41:37.012666,Vijayawada to Hyderabad,121,34.82,70,4.5,19,3,12,7,0.63,294,Safe
951,2,"20,16",2024-09-28 12:41:37.012667,Vijayawada to Hyderabad,138,30.01,75,3.52,19,3,19,3,1.15,214,Safe
952,46,"32,14",2024-07-13 12:41:37.012668,Vijayawada to Hyderabad,168,28.57,77,3.8,13,10,14,5,1.09,198,Safe
953,45,"26,46",2024-08-10 12:41:37.012670,Vijayawada to Hyderabad,159,29.3,32,0.39,27,5,18,2,1.01,284,Safe
954,40,"19,8",2024-11-07 12:41:37.012671,Vijayawada to Hyderabad,162,33.8,53,0.41,5,2,14,7,1.05,350,Safe
955,11,"22,4",2024-04-19 12:41:37.012672,Vijayawada to Hyderabad,173,28.79,66,1.16,26,9,15,6,0.87,357,Critical
956,39,"22,22",2024-08-09 12:41:37.012673,Vijayawada to Hyderabad,178,29.7,35,4.59,19,8,7,8,1.11,213,Safe
957,46,"27,30",2024-06-10 12:41:37.012675,Vijayawada to Hyderabad,142,39.35,56,3.58,26,7,9,2,0.94,207,Critical
958,30,"1,12",2024-02-21 12:41:37.012676,Vijayawada to Hyderabad,146,36.93,60,2.27,11,1,21,7,1.0,333,Safe
959,12,"44,29",2024-08-21 12:41:37.012677,Vijayawada to Hyderabad,145,32.93,66,4.29,20,6,11,8,0.86,367,Safe
960,9,"2,47",2024-11-17 12:41:37.012678,Vijayawada to Hyderabad,132,36.52,51,0.62,27,5,13,9,0.94,355,Critical
961,46,"20,21",2024-01-21 12:41:37.012680,Vijayawada to Hyderabad,127,38.26,79,3.2,5,5,7,4,0.89,276,Safe
962,41,"15,19",2024-08-03 12:41:37.012681,Vijayawada to Hyderabad,170,26.55,60,1.93,25,10,23,7,1.12,365,Safe
963,16,"22,25",2024-11-12 12:41:37.012682,Vijayawada to Hyderabad,132,35.1,52,3.36,12,3,8,10,0.9,358,Safe
964,42,"25,45",2023-12-03 12:41:37.012683,Vijayawada to Hyderabad,175,25.96,54,4.67,18,6,18,3,0.76,189,Safe
965,37,"16,41",2024-11-22 12:41:37.012684,Vijayawada to Hyderabad,138,38.6,55,4.3,6,6,17,3,1.15,293,Safe
966,7,"45,50",2024-05-15 12:41:37.012686,Vijayawada to Hyderabad,171,39.76,63,0.74,18,10,25,5,1.03,256,Critical
967,7,"23,4",2024-09-17 12:41:37.012687,Vijayawada to Hyderabad,163,35.83,66,4.55,22,8,6,10,1.09,222,Safe
968,49,"28,35",2024-03-13 12:41:37.012688,Vijayawada to Hyderabad,155,32.53,76,0.47,8,6,16,5,0.65,303,Safe
969,34,"23,22",2024-10-21 12:41:37.012689,Vijayawada to Hyderabad,151,32.23,67,2.35,10,1,12,9,0.78,340,Safe
970,16,"14,18",2024-01-06 12:41:37.012691,Vijayawada to Hyderabad,156,25.31,61,0.59,6,4,23,5,1.13,293,Critical
971,21,"45,19",2024-08-25 12:41:37.012692,Vijayawada to Hyderabad,137,34.43,78,4.55,12,8,18,8,0.85,224,Safe
972,5,"4,28",2024-07-18 12:41:37.012693,Vijayawada to Hyderabad,155,27.46,53,3.65,29,7,9,10,1.0,317,Safe
973,14,"24,16",2024-07-01 12:41:37.012694,Vijayawada to Hyderabad,139,27.93,79,0.07,30,2,14,9,0.97,320,Safe
974,27,"27,46",2023-12-27 12:41:37.012696,Vijayawada to Hyderabad,177,31.99,39,3.85,13,4,13,2,0.86,258,Safe
975,13,"21,34",2024-01-30 12:41:37.012697,Vijayawada to Hyderabad,146,28.34,49,2.53,29,7,13,10,0.87,199,Safe
976,28,"12,4",2024-02-19 12:41:37.012699,Vijayawada to Hyderabad,164,34.51,44,4.77,25,1,11,10,0.68,304,Safe
977,13,"45,50",2024-01-02 12:41:37.012700,Vijayawada to Hyderabad,173,37.48,66,0.97,12,8,12,1,0.87,297,Safe
978,31,"9,48",2023-12-09 12:41:37.012701,Vijayawada to Hyderabad,142,32.02,77,4.17,14,10,12,4,0.81,269,Safe
979,50,"35,33",2024-07-01 12:41:37.012703,Vijayawada to Hyderabad,166,27.99,79,3.8,12,8,23,8,0.79,359,Safe
980,15,"38,26",2024-03-07 12:41:37.012704,Vijayawada to Hyderabad,145,28.05,56,1.65,5,4,17,7,0.92,355,Safe
981,41,"45,33",2024-04-10 12:41:37.012705,Vijayawada to Hyderabad,123,32.49,56,4.68,7,1,15,10,0.73,315,Safe
982,46,"10,41",2024-11-29 12:41:37.012706,Vijayawada to Hyderabad,153,31.93,54,1.32,6,1,23,4,1.06,382,Safe
983,27,"31,35",2024-08-27 12:41:37.012707,Vijayawada to Hyderabad,158,29.67,58,3.16,10,10,23,9,0.91,339,Safe
984,36,"39,12",2024-07-03 12:41:37.012709,Vijayawada to Hyderabad,146,39.05,78,1.71,19,8,10,10,1.15,244,Safe
985,15,"29,43",2024-07-26 12:41:37.012710,Vijayawada to Hyderabad,144,39.0,32,0.42,9,10,9,7,1.0,226,Safe
986,48,"24,13",2024-03-10 12:41:37.012711,Vijayawada to Hyderabad,159,28.32,80,4.09,12,10,19,8,0.87,375,Critical
987,47,"50,32",2023-12-12 12:41:37.012712,Vijayawada to Hyderabad,171,28.15,72,3.32,17,4,18,4,0.87,258,Safe
988,30,"1,12",2024-03-29 12:41:37.012713,Vijayawada to Hyderabad,178,39.37,71,2.26,19,5,5,6,0.91,336,Safe
989,15,"24,9",2024-04-30 12:41:37.012715,Vijayawada to Hyderabad,163,37.48,47,4.42,18,5,11,6,0.92,276,Safe
990,8,"43,18",2024-03-18 12:41:37.012716,Vijayawada to Hyderabad,162,27.88,64,2.92,30,1,22,9,1.01,363,Safe
991,44,"33,49",2024-09-04 12:41:37.012717,Vijayawada to Hyderabad,123,30.1,65,4.04,28,9,10,10,1.19,261,Safe
992,41,"49,5",2024-11-05 12:41:37.012718,Vijayawada to Hyderabad,134,39.64,44,0.22,13,10,12,2,1.16,354,Safe
993,41,"29,35",2024-11-11 12:41:37.012719,Vijayawada to Hyderabad,133,38.05,39,3.91,9,8,12,3,0.87,201,Safe
994,35,"9,2",2024-04-06 12:41:37.012721,Vijayawada to Hyderabad,171,32.53,75,2.83,5,7,21,3,0.67,220,Safe
995,34,"36,45",2024-06-30 12:41:37.012722,Vijayawada to Hyderabad,141,32.39,38,3.25,5,10,13,6,0.85,205,Safe
996,34,"50,14",2024-08-28 12:41:37.012723,Vijayawada to Hyderabad,176,38.34,58,0.29,12,7,14,4,0.7,199,Safe
997,46,"23,22",2024-09-12 12:41:37.012724,Vijayawada to Hyderabad,158,39.79,46,2.36,18,1,8,7,0.96,397,Safe
998,43,"30,41",2024-04-22 12:41:37.012725,Vijayawada to Hyderabad,124,29.14,41,4.67,17,5,19,6,0.7,294,Safe
999,29,"2,6",2024-11-02 12:41:37.012727,Vijayawada to Hyderabad,134,27.35,52,3.18,9,7,6,1,0.73,159,Critical
1000,31,"12,14",2024-09-07 12:41:37.012728,Vijayawada to Hyderabad,120,27.68,49,4.81,16,8,25,3,0.84,361,Safe
