PilotID,PredictedScore
1,7.633409728317312
1,7.569123895336715
1,7.36062499823216
1,7.490998966814866
1,8.086601915375958
1,7.579171281560085
1,7.89784974191085
1,8.310794936927955
1,7.746889089368234
1,7.697294533782839
1,7.470480926729413
1,7.504398019017973
1,7.833622745146271
1,7.631197771959848
1,7.173796144191602
1,7.996949916675696
1,7.224365189703037
1,7.998316883221296
1,7.014404231781303
1,8.382021746269535
1,8.054500351111274
1,7.924093854089006
1,7.064198271068498
1,7.176931562492087
1,7.274915999201991
1,7.359186786175425
1,8.441314796800858
1,7.805324448333018
1,7.550737130281226
1,7.317792899988847
1,7.657292663653618
1,8.064513206504442
1,8.435203258532606
1,7.13319471290967
1,8.193115476046524
1,8.028416849889489
1,7.492814813095026
1,8.237782242396575
1,7.6750547035963415
1,7.386952424827412
1,7.477910019337537
1,7.807320196343013
1,7.214992494685442
1,7.8325541891473085
1,7.9330302906334005
1,7.42525051087893
1,7.272089065392695
1,7.728952152912029
1,7.9594127883335855
1,7.967230505030308
1,7.914166230575334
1,7.934311650281313
1,6.8911782746566965
1,8.022680807700471
1,8.046709604837012
1,8.050818756104082
1,7.525621628183942
1,7.4412504838952485
1,7.704320365377548
1,7.778447278828144
1,7.261448117269269
1,7.854990314471352
1,7.949280619331692
1,7.194505563026434
1,8.064922007138195
1,7.881536735630808
1,7.877525347078875
1,8.426366297686183
1,7.479815136981397
1,8.178277284470937
1,7.974507767377875
1,7.895589987260373
1,6.68481956075745
1,7.457336821358121
1,7.812299778518284
1,7.482609546863175
1,8.079718097111233
1,7.718385087051176
1,7.929593466813129
1,8.513586996221603
1,7.326113208334414
1,7.706234128311198
1,7.5710499548342955
1,6.968288756058403
1,7.5581791641559
1,8.031255789760529
1,7.315530432137544
1,8.018782784116125
1,6.801352289049863
1,7.058731685592214
1,7.832695433153001
1,7.881939815331211
1,7.9173488710163715
1,7.82880362080927
1,7.950517508823349
1,8.030157277040837
1,7.829651070741967
1,7.676700970584247
1,8.300095973431599
1,8.136909747948451
2,7.783431571398247
2,7.905051243781785
2,8.136116640279871
2,7.804263912302884
2,8.343722836963707
2,7.5330051157928395
2,8.263656899314281
2,8.261305566220734
2,7.771032023044143
2,7.52510771732947
2,7.800725784166457
2,7.742050346457495
2,8.498643702628922
2,8.298324995394932
2,7.396473712513337
2,7.232186242389457
2,8.115102173472819
2,7.49102935116617
2,7.877010280618061
2,8.424824272199107
2,7.074731744696403
2,7.786285252479564
2,7.847325344593474
2,8.008277542003174
2,7.696899219510227
2,7.328486488988228
2,8.092985777241601
2,7.445156136361834
2,7.187035271150486
2,7.648544695306891
2,7.833579196803006
2,8.221419702320302
2,7.388562309908399
2,7.1991085457393424
2,6.911966127891812
2,7.671309919853058
2,8.22811555910124
2,7.494090240047568
2,7.644867695826073
2,8.555823767109867
2,7.402113910261372
2,7.4411215455186435
2,7.616278241066249
2,8.356616218695525
2,7.577300040169605
2,7.784118216634963
2,7.437331670312083
2,8.407910916151291
2,8.269233075375604
2,6.96670624889623
2,7.372067701575949
2,7.6416948139783685
2,7.846401004932717
2,7.346595003504258
2,7.848273773479617
2,7.829073600325286
2,6.941454093964644
2,7.495793658699467
2,7.699283130742413
2,8.39578337455819
2,7.36792671502003
2,8.048265341130355
2,7.5069836713720095
2,8.09431765614145
2,7.025306504323513
2,6.845415005405581
2,7.1773558975480505
2,7.32592816949548
2,7.724304772370948
2,7.257933414218274
2,8.155772152010991
2,7.780958663990986
2,7.368467295332616
2,8.08708931356991
2,7.606601681908075
2,8.392563701963217
2,7.270040116921561
2,8.824105025823552
2,7.979110701110367
2,7.064471535011255
2,8.10224695644598
2,7.724877364311944
2,7.886990679098051
2,7.6750422787981005
2,8.321147298314099
2,7.7565480713917125
2,7.447793289690847
2,8.160983312988916
2,8.406041822130883
2,8.120070571393246
2,7.522040904626835
2,7.1512384606361215
2,7.060847323407252
2,7.9918413952324245
2,7.649528203341777
2,7.757230439692948
2,7.999568466534247
2,7.576245709318374
2,7.572272110104335
2,7.589472345944522
3,7.390408652143829
3,7.2783176512312036
3,7.3511076221430764
3,7.440679314034842
3,7.999668869111373
3,7.4449151678979
3,7.743120190846558
3,7.838766204441266
3,7.720611272943695
3,7.779445346172661
3,8.026030986669504
3,7.661871887537226
3,7.919490781545727
3,8.652223491211801
3,7.792948893131467
3,8.083187545145144
3,8.02478797607285
3,7.815032045377682
3,8.17433082873117
3,8.257818941236234
3,7.292052548331693
3,7.746619081956479
3,7.472646199075871
3,8.091586551670952
3,7.054136092061383
3,7.615437321198437
3,8.158526157184964
3,8.217070703851073
3,8.203436425723659
3,7.555001652306812
3,8.040238395363488
3,7.248739023551983
3,6.9451559304568855
3,7.754566182809698
3,7.67560595418906
3,7.84912296540436
3,7.892590662066124
3,7.89132885943693
3,7.291916271730896
3,7.489600030544153
3,7.540729221825271
3,8.134194067564495
3,7.606698314955263
3,7.750575464545785
3,7.626852363110573
3,7.787123489006361
3,8.153083489984219
3,7.918876107969781
3,8.284156873541058
3,7.547284864454579
3,8.430498491911608
3,7.644586833580181
3,8.448408313922908
3,7.664107423253902
3,7.347439822782622
3,7.297825968727999
3,7.8919522640025805
3,7.986696910618985
3,8.104625965929655
3,7.7961075627016045
3,7.876566584354083
3,7.404542817103771
3,8.077836811717802
3,7.0352905935292105
3,7.455777916808607
3,7.086862074445419
3,6.877468867583197
3,7.376484901815982
3,8.026814547409009
3,8.032060467424689
3,7.5910320028590546
3,7.591848794904624
3,7.559450464239091
3,7.894746846824388
3,7.317943479269552
3,7.568913931671172
3,7.458894226147325
3,7.9522429246699
3,7.356918192711734
3,7.596386982610202
3,7.343582798096078
3,7.856516500921768
3,8.069209686424678
3,6.837250352350072
3,8.174965376459209
3,6.911878344629786
3,7.2251215099416495
3,7.812571195797508
3,7.756896162538024
3,8.01208648154554
3,7.333101639071626
3,7.959564239448246
3,7.898531700526884
3,7.1253386144290145
3,7.505003035785274
3,7.429047638870868
3,7.077621924004882
3,7.82560503477948
3,8.445597758019929
3,6.991212164963806
4,8.147736268975287
4,7.752823368310025
4,8.107438375155962
4,7.749595405661499
4,7.407548908812886
4,7.688070324388992
4,8.023816749827008
4,7.555197866204924
4,7.178096522605516
4,8.26565730130905
4,7.554308697691669
4,7.653824585582015
4,7.323215639725272
4,7.235894732671411
4,7.28762764186802
4,7.794993016557778
4,8.312678395635455
4,7.268980113149188
4,7.649340761013045
4,7.430147759889709
4,8.392586139452698
4,7.284671360580379
4,7.259487592809303
4,7.502305029681496
4,8.14624305204926
4,7.96109400246365
4,7.3465266981945785
4,7.806721925689207
4,8.453046485388631
4,8.000109109387363
4,8.144268603548587
4,8.022671260296956
4,7.904885370200533
4,7.298952733165304
4,7.473007348086833
4,8.040167738489997
4,7.0243582955285
4,7.544273257874916
4,8.158681064137191
4,7.577895224806952
4,8.404320233497351
4,7.430775743310103
4,7.7824773649751595
4,7.766074480182394
4,7.4960655259611215
4,7.958335620675114
4,7.17525996860495
4,6.7680065107148515
4,7.347658264630818
4,8.070879063718083
4,7.748873923802144
4,8.05905050504916
4,8.174693418643095
4,7.471060202018289
4,6.713861630033617
4,8.010703906168567
4,7.8073838372340845
4,8.461686904866529
4,8.531732072468166
4,7.176167800385222
4,8.190330585761085
4,8.051273025312106
4,7.894848879816078
4,8.439578316232518
4,7.0558942150306185
4,7.366930019527376
4,8.472324577518949
4,7.905321980312691
4,8.108073351981325
4,6.9796134352844765
4,7.60937900930265
4,7.7195068395132935
4,7.85731760255581
4,8.481199062539236
4,7.483454715040268
4,7.718428870858536
4,7.889952018621304
4,8.426112628546411
4,8.274490475971852
4,7.941427119642961
4,8.44714096833944
4,7.756421766368112
4,7.329556839350643
4,7.603376597284632
4,8.423657136608552
4,7.791693955791564
4,7.641695152563824
4,6.993215128263687
4,7.604553458639546
4,7.7108683234250215
4,7.9674783875161825
4,7.740847897932616
4,7.60350348098763
4,7.812585493066137
4,7.435675433458559
4,7.685657515151887
4,8.097009875984087
4,7.4417000396418755
4,7.649331376792101
4,7.817819786272434
5,7.928135123644434
5,8.2484815170462
5,7.845045298014855
5,7.5975576474751385
5,7.894454375990474
5,7.730857164242668
5,7.7571974292306
5,7.9382553188534235
5,8.463327481744521
5,7.613465654586604
5,7.716398212056545
5,7.914843787908023
5,8.046055142883178
5,7.420393970612822
5,7.708799542528192
5,7.523175838995265
5,7.816309768292111
5,7.7820106199240024
5,8.169936085411427
5,7.040540439426572
5,8.020110861243124
5,7.712014432373263
5,7.255255863549885
5,7.250227191157209
5,7.996518947521229
5,7.794183079372841
5,7.825927747012742
5,7.520774823568117
5,7.816172049663879
5,7.818145563290521
5,7.28637044334628
5,8.082228061968886
5,7.085660008502804
5,7.985435994541826
5,7.85732855961208
5,7.892486282647966
5,8.44876579355292
5,7.246316806078182
5,7.287139322748662
5,7.655284986659352
5,7.534505295415508
5,8.074758003367158
5,7.241252498322182
5,8.221060104198266
5,7.745571724895927
5,8.063407402184055
5,7.5841363520809475
5,7.5698047455819575
5,7.901363089514742
5,8.21058818453018
5,7.82452727609113
5,7.551948952592417
5,7.595709280735261
5,7.677992171248573
5,8.742812621241377
5,7.752876288899703
5,8.024720800113316
5,7.379505238136465
5,7.865229964389321
5,8.07520382549973
5,7.932458385873721
5,7.948291967199747
5,8.495037700781673
5,8.257115264452692
5,7.582630358282473
5,7.766287384655563
5,7.636258380267365
5,7.538149482178174
5,7.685854950744378
5,7.557829787816035
5,7.747891369558471
5,8.438499816200693
5,7.177960489689899
5,7.390418739664198
5,7.47809657815843
5,7.602681060396857
5,6.917609498174686
5,8.15213017098867
5,7.885988703379041
5,7.529674308508824
5,7.312561102410177
5,7.579921495381391
5,7.4754886901318285
5,7.837189280545467
5,8.262487573575696
5,7.339805948393071
5,8.088138524485899
5,7.541968316070593
5,7.845273987185047
5,7.196725507855968
5,7.497965562323569
5,7.948543891092258
5,7.92271723445989
5,7.898822181850795
5,7.177213164065107
5,8.334086110762222
5,7.161345982951264
5,7.297012679578645
5,8.474338666866691
5,7.051333205409123
6,7.740793491646105
6,7.401456406235842
6,8.168938403980171
6,7.593393409109537
6,7.490373268964751
6,7.447519877788028
6,7.733757703438008
6,7.570577137497583
6,7.841258523630932
6,7.254631994758004
6,7.4594954785804966
6,7.030660415278976
6,7.732719476598634
6,8.268974555383982
6,7.531801921164177
6,8.092987410942401
6,8.030437058757139
6,8.13234515125199
6,7.17534112378635
6,8.131443339185099
6,7.78314489769382
6,7.753876060258237
6,7.609552579180888
6,8.23833616679214
6,7.70739850546713
6,8.168349864900522
6,7.826970072352518
6,8.034387413743197
6,7.794549568576659
6,7.76879837320399
6,7.696953502238374
6,6.9516221564074385
6,7.31121423702085
6,7.528228670593204
6,7.4952766945204985
6,7.842692235112487
6,8.374472967069208
6,8.120503909701158
6,7.440174561684729
6,7.466566069097171
6,8.003992970582184
6,7.436993606406028
6,7.31717287120178
6,7.624597037934035
6,7.762838098021076
6,7.381000246883747
6,7.4525629261284765
6,7.078522273996708
6,7.760325688621067
6,7.96416062057368
6,7.835334683461258
6,7.6364927648372865
6,7.15230278597868
6,7.547348568957662
6,8.00886744653215
6,6.873969362600597
6,6.94463126657645
6,7.630033409439404
6,7.175656170498248
6,7.505677719023383
6,8.29201238088543
6,7.327530113328513
6,7.279250680532085
6,7.4110023503981015
6,7.258528137550281
6,7.642120139608144
6,8.10975533268927
6,8.165523531520254
6,7.742773178964695
6,7.949427834055398
6,7.661082331074089
6,7.1540246325735755
6,7.543830388083876
6,7.6457727868278935
6,7.036619214480721
6,8.210876034714746
6,7.279742982112943
6,8.510493495988369
6,8.038543909184032
6,7.723592937637451
6,8.230662110523184
6,7.905541875077213
6,8.26671702079066
6,7.712927735320815
6,7.657049964350757
6,7.563253804860034
6,8.041761135841405
6,7.719973709726622
6,8.511640665041089
6,7.3569490180019645
6,7.485077124129857
6,7.684110823957691
6,7.955192972391486
6,8.547999315128893
6,7.810147018005841
6,8.214618163017372
6,8.311662852988668
6,8.13719431716254
6,7.964021148650081
6,7.540548228749666
7,7.385080211285428
7,7.838957938344518
7,7.754209967133839
7,6.949583526632469
7,8.00069177133982
7,7.03095620252919
7,7.577135541850432
7,7.719482632467606
7,7.937539226573238
7,8.1218160141885
7,8.069835210740397
7,7.683187484531216
7,8.10342221396279
7,7.143174557293365
7,7.67201458170633
7,7.000915773746113
7,7.754310921558133
7,7.978577164937909
7,7.6844832894354695
7,7.963073929160467
7,7.563459335872438
7,7.545924000556812
7,7.9420465066486114
7,7.455046507060582
7,7.559087922614439
7,7.320016027102708
7,7.909614323933402
7,8.402790728041744
7,6.923783517555892
7,7.112180720769492
7,7.2442762838912245
7,7.996510570799415
7,7.461041518245792
7,7.545650367061211
7,7.48556587276367
7,8.02550689668093
7,6.969362406867158
7,7.678143153073677
7,7.121475378108797
7,7.790572739331966
7,8.266046133482886
7,7.85187631182201
7,7.615687076633562
7,7.62550719975588
7,7.118668446433825
7,7.9211144370203534
7,7.274585277864366
7,7.350662226610893
7,7.583242443321598
7,7.867512743038277
7,7.0659842020959704
7,7.945612072651576
7,7.6110817657857925
7,7.958683309934261
7,8.404115754117017
7,7.712040421140357
7,7.361685406762664
7,8.448374522876344
7,8.012446934369724
7,8.136296863950854
7,7.705467840098291
7,6.966567991399412
7,8.06360891591969
7,7.215103098074747
7,7.369255188433153
7,7.819384655116988
7,7.888613956450359
7,7.496806689769958
7,7.178275996882117
7,7.425277885479391
7,7.006458659466695
7,7.499050646281388
7,7.78010726227198
7,8.147199399555985
7,8.48563352443532
7,8.066664448412912
7,7.616389453776663
7,7.529890332087563
7,7.127378868470505
7,7.533161834447375
7,7.173560595396521
7,7.304684670561823
7,6.632333266706552
7,7.7240443606084135
7,8.102647224235247
7,7.268003359215745
7,7.913936411518664
7,7.632015655394551
7,8.188892575818306
7,7.585590184611403
7,8.23950000982358
7,7.851308460207287
7,7.323298309352035
7,7.94165916330198
7,8.436846095400204
7,7.45236122350856
7,7.061082733014598
7,7.44460125213231
7,8.106824502136663
7,8.313703546365646
8,8.026710015819264
8,7.561988176566022
8,8.147920170808892
8,7.27136014408351
8,7.519579615131715
8,7.84375203111329
8,6.997269898398109
8,7.535709863263397
8,7.961032125988043
8,6.96281476107897
8,7.325127689166119
8,7.124425665229134
8,8.058849276823631
8,6.987176003483844
8,7.705908343048975
8,8.09017934072715
8,7.397851282869988
8,8.195441307816223
8,8.324578806324542
8,8.139514622452138
8,7.8144796373275085
8,8.6489475890016
8,7.7524380075563215
8,7.595969436730773
8,7.54338028199368
8,7.572767386762752
8,8.248938617906255
8,8.338076337111112
8,8.095337367897432
8,7.175064275618322
8,7.110692218468035
8,7.676049708406139
8,8.25962834737925
8,7.415768726538
8,7.659493706119272
8,7.1620168531448165
8,7.929201754018137
8,7.936302011766085
8,8.30257129460866
8,8.914451298152839
8,8.192629824612032
8,7.5476844868505335
8,8.168840843312589
8,8.14693918376732
8,7.783205661976447
8,7.696647493160952
8,7.683368722925635
8,8.19689707280525
8,8.02431394553947
8,7.830085024067601
8,7.849864105850371
8,7.786660401277691
8,7.2636560132236765
8,7.7575090745426
8,7.280719799742952
8,6.946960640284939
8,7.261669356860469
8,7.69154928908352
8,8.009689719581006
8,7.831575136478758
8,7.897689257265013
8,7.635756705962276
8,8.422076566089357
8,7.611070719013149
8,7.773266785017044
8,7.9175928188488385
8,7.000284595179391
8,7.4492854185688415
8,8.284976797677395
8,7.702722850582233
8,7.636781876934538
8,7.902784690861797
8,7.567545632000247
8,7.532017988019843
8,7.9831815575449845
8,7.255101891477571
8,7.99881939924292
8,7.761181982093381
8,7.922215186031101
8,7.192324288743457
8,7.6681079722444
8,7.763807005629331
8,7.336849442302599
8,7.737543528810801
8,8.204619669352805
8,7.08930099880146
8,7.804115670259051
8,7.685771396923375
8,7.896712575669049
8,8.043502514787443
8,7.914831523616414
8,7.4055435763110005
8,8.439977984558011
8,7.201083122782219
8,8.448795078905363
8,8.464940816803647
8,8.038048808397448
8,7.8259611747999465
8,7.232177941207637
8,7.552359854522799
9,7.320978696438337
9,8.510079335372318
9,7.801211476283048
9,7.257367406008608
9,8.351832460191908
9,7.516091765467208
9,8.202665398230572
9,8.276952399728254
9,6.904139610340758
9,6.924390136648913
9,7.070456730677166
9,8.177710775820518
9,7.65785093635279
9,8.011289275934978
9,8.325380441170564
9,7.597005543957653
9,7.8680552161039365
9,7.60062392435801
9,8.278764142374495
9,7.902773707898042
9,7.962403880365827
9,8.092349899462256
9,8.585020579660467
9,7.517205374919659
9,7.47965454290701
9,7.852381806177973
9,7.966592083175309
9,7.696431786233643
9,7.77660866082837
9,7.486028132134273
9,7.894250307834675
9,7.634786961258007
9,7.515637271948834
9,7.904317177413852
9,7.592629683948946
9,8.2105651498375
9,7.994554549489382
9,7.000401820710845
9,6.840041516355192
9,7.51759344815942
9,8.194601754152545
9,7.658439524538176
9,7.702313793160165
9,7.8065486476503905
9,8.418415816033551
9,8.09674164607332
9,7.861111645119077
9,7.116519356681002
9,7.885981099930557
9,7.341990737492295
9,6.705373840323001
9,7.5332039976260265
9,7.0107028467610215
9,7.433244276096243
9,7.905973702388411
9,7.151142524001224
9,7.490788970657942
9,8.002410719766555
9,8.189449368567667
9,7.454669295516897
9,8.119126393753184
9,6.8713134565867
9,7.773718097631793
9,7.1550961896084155
9,8.04365970804571
9,8.058466459928777
9,7.289746779694251
9,7.7756314607773005
9,7.734988816134705
9,8.193549574997807
9,7.645793236863634
9,7.442595171322186
9,7.966984157030132
9,8.201076254881098
9,7.619297477915916
9,7.953069914251785
9,7.702869046677072
9,7.254379489092567
9,8.182042235834802
9,7.348211607651973
9,7.760714565386155
9,7.989745712361171
9,7.906562249292219
9,6.9581223789015345
9,7.0445514854409055
9,7.912558041909844
9,8.193263346234925
9,7.845164631668656
9,7.481151111948197
9,7.7526336487152685
9,6.787070897920975
9,7.063362518754846
9,8.178115343649985
9,7.394981684510831
9,7.775021138382189
9,7.867847652510935
9,7.442211842929728
9,8.468774217015943
9,7.735482042812761
9,7.789499988175985
10,7.908993329647541
10,7.536193467649599
10,8.062694394509409
10,7.447401670668312
10,8.159273911128272
10,7.786108128889038
10,7.728302121006322
10,7.711122166881
10,7.541520625955299
10,6.760318987802854
10,7.567300383776341
10,7.449363085822132
10,8.206199704798006
10,8.119120951442053
10,7.896540485430643
10,7.725358805697519
10,7.3978784515379665
10,7.702842117040636
10,7.688723207001209
10,7.700247835175613
10,7.68463716199957
10,6.852541219028693
10,7.652512713527054
10,7.508682362617267
10,7.60221026085002
10,6.889675780607662
10,8.045381555812094
10,7.6734145389915565
10,7.586741000368737
10,7.956493369761663
10,8.069642206516768
10,7.294248107331522
10,7.5936237686871895
10,8.376971185803477
10,8.054513061394573
10,7.4595555052714975
10,7.386649535726114
10,7.405838456892651
10,7.710616126325817
10,7.835850489516551
10,7.060783235226057
10,7.787830663048205
10,8.270325172319893
10,7.709836405655056
10,6.9319065891478555
10,7.7092875144071265
10,7.993822067546301
10,8.425931161426595
10,7.757419315305266
10,7.3723937773446515
10,7.3606554896156915
10,7.121164204916913
10,7.265834022002987
10,8.497096951430727
10,7.097724388257543
10,7.234421212174675
10,8.085502796175058
10,7.044619375543152
10,7.65260762010901
10,7.23009615717269
10,7.810820011744739
10,8.431911785222088
10,7.832503264891633
10,7.7449951604925555
10,7.862077079581228
10,8.323623684507412
10,7.979457207650306
10,7.697504900191235
10,7.6414479100795765
10,7.698576541641591
10,8.261535340653557
10,7.72999856149
10,7.586693737748489
10,7.762715503210041
10,8.231926169678855
10,7.589000019945128
10,7.900455382194126
10,7.2015187285396935
10,7.6974071487214815
10,8.470221691319788
10,8.026550474813392
10,7.321504208436986
10,7.573182574674891
10,7.79206217507559
10,7.690564703202457
10,7.1730218831033765
10,7.52365172400377
10,6.860466290804986
10,7.676937218716497
10,7.9492548668492145
10,8.208253477807874
10,7.958693775122003
10,8.17094642511381
10,7.8284859997376
10,8.295324991174384
10,7.798781150022218
10,8.199452247258392
10,8.840240552763426
10,8.326219394512174
10,7.6213372092524745
11,8.029843149068427
11,7.858667757808331
11,7.185680094911094
11,7.748720599238079
11,8.029729581007146
11,7.87219099328905
11,7.253515451205399
11,6.78765547135507
11,8.06812270509366
11,8.05095582036752
11,7.314602935322113
11,8.437911552529025
11,7.780880629213359
11,8.158044840918516
11,7.882423138410308
11,7.211754921700069
11,7.529645061619229
11,7.54186530236666
11,7.9126624615319034
11,7.605224752530364
11,7.535742432237651
11,7.496449783789076
11,7.13765098625137
11,7.783575117666336
11,7.5861582683589734
11,8.223486749875478
11,7.516559068551951
11,7.292847772530495
11,7.843879582144868
11,8.229474210234077
11,7.089917527089671
11,8.132693351918519
11,7.514615240749859
11,7.6399866183613225
11,7.915623326352954
11,7.594058260039507
11,8.575211949296307
11,7.469151338403049
11,6.790902169131255
11,7.352672150758645
11,7.688396657742971
11,7.370641473835178
11,7.9926161917978105
11,6.8816493955458755
11,7.779201490773167
11,7.955426481882988
11,7.600964623462988
11,8.172912142005805
11,7.634436106703921
11,8.15483637385432
11,8.059828499190333
11,7.679493219241834
11,7.607743114307775
11,7.737768765701617
11,7.691238577540025
11,7.394443131360645
11,7.92667599028787
11,7.349355300967584
11,8.271088332552788
11,7.057397677885738
11,7.607235932958835
11,8.056637599452337
11,7.271175886087406
11,7.718032936032739
11,7.141990585213897
11,7.402792005325698
11,8.397494715662607
11,7.77197560250086
11,8.17325160045683
11,7.694363667073089
11,7.486447061095925
11,7.718980803278193
11,8.000357633377131
11,8.228420540444885
11,6.870954816397086
11,7.672568656993178
11,8.500862748577726
11,7.376543988417991
11,7.624925347431763
11,8.299367074377193
11,7.845061943066921
11,7.021571878760721
11,7.845511609780276
11,7.446079571038622
11,7.6286229009134505
11,7.8157167754352335
11,7.59173129909473
11,7.665640763918368
11,8.013615907708939
11,7.061515044295699
11,7.415162804559833
11,6.878049212483466
11,8.126772641178237
11,7.474220940500053
11,7.22678701338517
11,8.077166720816521
11,7.757509604866202
11,7.64127415987544
11,7.340025728697338
11,7.578899693806803
12,7.522388636125469
12,7.966901196761625
12,7.47942052037039
12,7.503391193836843
12,7.556661889820097
12,7.848394087091261
12,8.242225165794418
12,7.73271914993476
12,7.874667738662015
12,7.103565524837157
12,7.742923156443534
12,8.192274134177921
12,7.250458553178451
12,7.570255625516673
12,7.161455420841629
12,7.261532996033403
12,7.215871017769266
12,8.305718360379348
12,8.02420185574181
12,7.975237486463378
12,7.989901258032973
12,7.4100349128827325
12,7.280363608878199
12,7.536611939811081
12,7.269661675270702
12,8.052473331620073
12,7.881718907520943
12,7.363643452912409
12,7.637437260678298
12,7.927902049199301
12,7.477476477921491
12,7.59048875502972
12,7.421485795582047
12,7.9444468899481455
12,8.18118095424967
12,8.244541288551828
12,7.829289413723961
12,7.432800552535916
12,8.112458135656658
12,7.585153695652231
12,7.663726511000607
12,7.5654344626790335
12,7.8879624332496725
12,7.576869407402174
12,7.529081178841347
12,7.843051190476407
12,7.667761444842724
12,7.090500731042535
12,8.094540922767996
12,7.782848317828416
12,7.69942366764174
12,7.5516909793068
12,7.379580924695474
12,7.973275153596187
12,7.652999400911466
12,8.172725859505428
12,8.343987119101635
12,8.031415018924585
12,8.056097554300528
12,7.997404578391063
12,8.375261824203195
12,7.895361136101209
12,7.718629215778163
12,7.40480654596962
12,7.7080316920559815
12,7.58926310890145
12,7.632657955300471
12,7.810632054891673
12,8.489514466272393
12,7.506614484839548
12,8.30880853878039
12,7.614602029737082
12,6.625552568352728
12,6.87409678258889
12,6.9151462718705865
12,7.974183142195245
12,8.487886156530791
12,7.494816520713898
12,7.605710069644894
12,7.512684820922167
12,7.957175813326843
12,7.247255901961879
12,7.120354282309
12,8.062695420248302
12,7.281115261829376
12,8.173309155456286
12,8.105130431483817
12,7.470761616997334
12,8.30425707191473
12,7.625393037530603
12,7.745849584020394
12,8.548058591549722
12,6.789141779386251
12,7.2648044433110615
12,7.902576655287891
12,7.933295295107696
12,7.584710025519853
12,7.773068281577888
12,7.711988710231638
12,7.778000625472669
13,8.247776430610282
13,7.723657322010613
13,7.945852114271056
13,6.817674176243589
13,7.566492856427109
13,7.176011312930667
13,8.102236861754784
13,7.977784829519241
13,8.175425610269391
13,8.2709895465523
13,7.471083338315465
13,7.853064934615808
13,7.621162012926359
13,8.217215687123774
13,8.661630475375471
13,7.116466412581566
13,7.773533726438254
13,7.426757614622723
13,7.7021578523660885
13,7.409949294198957
13,7.5071289138887325
13,7.0237166625758265
13,7.41963534226321
13,8.067410336816744
13,7.717874290459029
13,7.7068529663513585
13,7.896284006895107
13,7.711479643662426
13,7.780183812455489
13,7.1689818032079735
13,7.361241214182934
13,7.077679012416557
13,8.008150777006948
13,7.198267583303981
13,7.565159592733502
13,7.667720614800649
13,6.881240895191
13,7.695147608138481
13,8.162480579201924
13,7.5924550099189005
13,8.714818079114572
13,7.237198717595944
13,7.32166841904667
13,8.25271498614385
13,8.100780842345973
13,7.737289973850043
13,7.834682307573197
13,7.604887428554758
13,7.594733724005005
13,7.731945993533791
13,7.821876488447544
13,7.471219756265083
13,7.29648901565145
13,8.427230861055511
13,7.525254490326993
13,7.2343112219757675
13,7.833947985773571
13,7.821511262664822
13,7.699332299790028
13,7.587819131923484
13,8.094884164807626
13,7.651029697474606
13,7.814155444365938
13,7.373469795741324
13,7.318189610200769
13,7.773861194671651
13,7.483127645805666
13,8.417439115916316
13,7.6127947122164485
13,7.839000693290489
13,8.033108185237847
13,7.78715008110406
13,8.40429900949286
13,7.535953553727454
13,7.938418841228615
13,8.337053895881377
13,7.963330117195721
13,7.903488781873831
13,7.926832643212083
13,7.8624539183139595
13,7.674171902717108
13,7.620178093577959
13,8.054936684384241
13,8.20342835450511
13,8.172473772134127
13,7.659823474084602
13,8.055831472281008
13,8.031728299512544
13,8.019882498817552
13,8.957370839248734
13,8.25449933542613
13,7.905217552012556
13,7.357664979230533
13,8.179691562714597
13,7.688662627659588
13,8.081444599606092
13,7.80343888836793
13,8.14396560915987
13,7.53195068700355
13,7.581607761257167
14,7.285467261795758
14,8.251449785981666
14,7.995797496613553
14,7.844038453851125
14,7.11460108362962
14,7.981811727924477
14,7.881898270136666
14,7.424313668526223
14,7.363247122862665
14,8.11823889123116
14,8.169300533291867
14,7.104052460304809
14,8.311119590785209
14,7.483745841030764
14,7.6984803536590025
14,7.652198763609484
14,7.639321339684857
14,7.315613813929298
14,7.715727015011725
14,7.7687754156267665
14,6.872811184282492
14,8.06667801087747
14,7.700248131304233
14,7.650617511930896
14,7.278196262735033
14,7.874163889102459
14,7.899354810788977
14,7.684305168127415
14,8.472807188202212
14,8.323030163229761
14,7.839119534705833
14,7.403394461325731
14,8.072321111541552
14,8.038157600728578
14,7.4337968408666395
14,8.22465931519479
14,7.39025808106374
14,8.123865630478145
14,7.654862172160881
14,7.466248725365387
14,7.086750520599419
14,8.113919698222652
14,7.306838725367575
14,7.588188194338435
14,7.8062326039172625
14,7.810770510794568
14,7.498086945575413
14,8.141835883391229
14,7.262932575818592
14,7.7114449448233575
14,7.542299144230141
14,7.621169378375668
14,7.61664748318702
14,8.00234961089953
14,7.5688040366665215
14,7.541261507579202
14,8.349433324482636
14,7.396764842086988
14,8.105288211664172
14,8.121273579425706
14,7.3606865698597606
14,8.231100708241192
14,7.870459947549011
14,7.579393385328902
14,8.288840789491832
14,7.726767523221602
14,7.566395307458092
14,8.160710529165067
14,8.161234473297803
14,7.985273760579074
14,7.226158721277357
14,8.199855303855633
14,7.92297178793052
14,7.765558838897906
14,6.977794813599592
14,7.833611608059231
14,8.514471321103317
14,8.682884803546079
14,8.350471710429343
14,7.742469855853002
14,8.0656718787905
14,8.221525359274366
14,7.634124267908835
14,7.513858751563451
14,7.754291674131666
14,8.272787662262093
14,7.605863499597644
14,7.382608063019725
14,8.641425471831672
14,7.055002581638498
14,8.474687951267923
14,7.34458644417003
14,7.460634863674732
14,7.894127646813344
14,7.999960863430091
14,7.668034374391361
14,7.261587439955755
14,7.648044333007719
14,7.80505894966669
14,7.72319426400281
15,7.447854812701799
15,7.855957674555486
15,7.317030412783059
15,7.91643479883373
15,8.374841256461307
15,7.891457805890939
15,7.871293891459816
15,7.5717695539529215
15,7.483367073584998
15,6.738825128855472
15,8.337928929406337
15,8.084915875072324
15,7.2351385962507235
15,8.065371282151103
15,8.072990468080516
15,7.809114365417583
15,7.91926082213902
15,7.990300536908868
15,7.274676653424737
15,7.503425413245639
15,8.337364108629671
15,7.41484246809711
15,8.186205237280694
15,7.502677469070228
15,7.31348431631155
15,7.750839364642499
15,8.033315483778168
15,7.790659868698989
15,8.2244973886785
15,7.851628099305135
15,8.138139055147231
15,7.282725119542071
15,7.501956558985594
15,6.942221413212487
15,7.959442050669292
15,7.794652165036127
15,7.999977166211083
15,8.015128061991701
15,8.12284794542727
15,7.691180805997216
15,7.501485728760241
15,7.907174255529523
15,7.1516785038884425
15,7.525123904151851
15,8.023390198904076
15,7.122210184035796
15,7.603579022369561
15,7.641005325722261
15,8.098555255128037
15,7.616806854966489
15,8.187253319624357
15,7.905498099855968
15,7.064340965238448
15,7.661173877387879
15,7.820178304860937
15,8.077174637668394
15,7.97119802410534
15,7.3766886957417865
15,7.683976214198171
15,7.796602988220332
15,7.040373030358557
15,8.389661461656486
15,7.540380849467105
15,7.186784016770182
15,8.12188806164298
15,7.670338863632587
15,7.2765020477819204
15,7.9604240589853825
15,7.31916938488244
15,6.962095145795128
15,7.815508945601388
15,7.473640807855063
15,7.170085867978923
15,8.130148407951683
15,7.725084757423089
15,8.1583317775837
15,8.276872554326395
15,7.6799611628989615
15,7.722263706627301
15,7.835600750014198
15,7.321944143039533
15,7.345030109972113
15,7.108616306479531
15,7.4165046426077845
15,7.595087473709765
15,8.512918489775432
15,7.520559757897752
15,8.021853413481995
15,8.169998536925862
15,6.681813004988039
15,7.958692187232585
15,7.6133741792961045
15,7.969410484814251
15,8.148431481802032
15,7.084329855021515
15,7.794415946224794
15,7.661535606371721
15,7.985166993566893
15,8.129263164726613
15,8.898136472565325
16,8.080372093148808
16,7.557016577937277
16,7.460094082246681
16,7.428940900190661
16,7.858990841866655
16,8.228104553828762
16,8.603811506045911
16,8.026885674520205
16,7.097522123244557
16,7.872979065337566
16,8.430425526599013
16,7.340797132265973
16,8.142446157457046
16,7.271208089673379
16,7.155134215902424
16,7.6161283001227
16,7.5808077051229885
16,7.51174270696412
16,8.429251030834628
16,7.846793173729619
16,7.383386485688342
16,7.438365654300559
16,7.908000359809437
16,7.41685404491504
16,7.573422382405412
16,8.221548410057375
16,7.963996345844679
16,8.102149793031696
16,7.572848724637931
16,8.156392511005892
16,7.8765254291591535
16,7.129905728062925
16,7.603959878361704
16,7.308623308982805
16,8.009691425723709
16,7.929325873380213
16,6.9515096756606765
16,7.491040372876913
16,7.000667309454501
16,7.914728484289338
16,8.086835208396595
16,7.939551260239243
16,8.330867336836171
16,6.947484670877975
16,7.8835210519252925
16,8.414921430584116
16,7.758602320351659
16,8.31652448583646
16,7.704033632155449
16,7.13115806135654
16,8.356787390343976
16,7.427034103822226
16,8.703302270625322
16,8.28957366716353
16,7.277064091543291
16,7.897648195866299
16,7.469034400834917
16,8.713120193876088
16,7.787377175900584
16,7.9319635709224405
16,7.788561897540097
16,7.430234323633762
16,6.778556864826925
16,7.571716305676598
16,8.266731077217042
16,7.776744185511498
16,8.040532807975746
16,8.150908302371825
16,7.512032697379466
16,6.804653457812925
16,7.281088807272745
16,7.042329487929456
16,8.30194701318689
16,7.3347637308666105
16,6.807271466365771
16,7.78916898097257
16,6.899504449653222
16,7.3002165426719445
16,7.554406474918768
16,7.6628141369420755
16,8.405748822669313
16,8.141717990382404
16,8.055831604636273
16,7.406515208104755
16,7.412318302835737
16,7.414318966030506
16,7.103169696407674
16,8.168173611966143
16,7.458242702951004
16,8.386992326284345
16,8.037389583738992
16,8.247023177475691
16,7.531170176495956
16,7.397253017739851
16,7.393689476599286
16,7.58480715422125
16,7.889061266524019
16,7.704741534578305
16,7.407112153710316
16,7.772709232542428
17,7.63207113469137
17,7.836667123341714
17,7.002522462557186
17,7.82449586623259
17,8.608486448584692
17,7.112664880123049
17,7.8013002526435
17,6.906021920488005
17,8.252585550221227
17,7.408564032220982
17,7.219268423137508
17,8.075282999538125
17,7.166449141204245
17,8.11116211383463
17,7.038921908636255
17,8.535163153695082
17,7.403171545348854
17,7.801871284015108
17,7.546975546453188
17,6.580873767137685
17,7.601434423531012
17,8.283128634839047
17,7.515333866471978
17,8.382100373015117
17,7.4342416983126896
17,7.7143771418289075
17,8.039858708625943
17,7.809892722250363
17,8.017152792134386
17,6.320588028400075
17,8.09993175328221
17,8.12432003276931
17,7.261610129645876
17,6.97282359715835
17,7.589139902728932
17,8.227530880917667
17,7.967138647171796
17,7.163571255476615
17,8.003990153035952
17,7.592660378719209
17,7.127965186430464
17,7.686633365947704
17,8.076934226129891
17,6.731071414910854
17,7.278150056758742
17,7.483014208259581
17,8.154529298056277
17,7.925413000761084
17,7.816350810977152
17,7.655628063295937
17,7.812835576809749
17,6.61156466028597
17,8.453297741280243
17,7.703191909219733
17,7.248342547586206
17,7.783566548011131
17,8.03710117765117
17,8.237380165595638
17,7.953443620976044
17,8.02806535969424
17,7.739928158400107
17,7.463409101061379
17,7.434315644918969
17,7.10997373044408
17,7.819149514663337
17,8.445226129166779
17,7.859142044696608
17,7.444881889906754
17,7.447821629798861
17,7.078257293902177
17,7.444671529341277
17,7.615903955489406
17,8.086470466686581
17,8.073113456508494
17,7.363908570489917
17,7.768536597855715
17,7.729644686421603
17,8.220561814160133
17,7.172985719513868
17,7.642195578313897
17,7.520565476750137
17,7.226742416544696
17,7.772270957623134
17,7.454892400467517
17,6.658778020077005
17,7.601759909914488
17,7.722638556104174
17,8.084444363040422
17,8.764548091142828
17,7.514214848630177
17,8.569736057165608
17,7.629049844966598
17,7.792460141567643
17,7.895872389135411
17,7.357533294263998
17,7.977324192048176
17,7.550657862708225
17,7.922453363028624
17,7.674947148021452
17,8.112182831873584
18,8.10383916213884
18,7.536399190819931
18,7.286685104295113
18,7.659228738799624
18,7.579433262054984
18,8.03930979811757
18,8.693520905736568
18,7.8246043001028545
18,7.087200507452394
18,7.736317490996234
18,7.54644164877692
18,7.717073368758605
18,8.084148846698971
18,7.963568300886847
18,8.035637058902257
18,7.497999008331756
18,8.666029702093516
18,7.309622782179386
18,7.668486833426767
18,7.582642555813211
18,8.219078563869468
18,7.882164087148781
18,7.015761234424968
18,8.062512721277743
18,7.932627730109162
18,7.958418986017373
18,7.432797972571194
18,7.542075684750021
18,8.325878647993177
18,8.8089610286569
18,8.070515912945242
18,7.849651940002911
18,7.479393943439918
18,8.125478684322252
18,8.05863916521816
18,7.336990857805959
18,7.935768777428406
18,7.716794919535956
18,7.317985516554173
18,7.390316656352849
18,8.144598186048807
18,7.397805612569391
18,8.246112185307817
18,7.791766588047831
18,8.274081977761107
18,8.036463390218191
18,7.244114591793155
18,8.289733329011854
18,7.22364358896968
18,7.983123061758201
18,7.0691231611228815
18,7.46080035002816
18,7.478259203313496
18,7.818327864766636
18,7.74333944732535
18,7.463323995501635
18,8.021463421164105
18,7.9585223881984914
18,6.9899130471493125
18,7.643397831972575
18,7.935874130537184
18,7.5803025219341365
18,8.306668387770983
18,7.8128356164218715
18,7.2623059369384
18,7.335145740967355
18,7.802420155027512
18,7.217647399695097
18,7.8464814501884845
18,7.098395747311663
18,7.6643204156206455
18,8.214219290417104
18,7.456090090227711
18,8.152078458993593
18,7.853628888845026
18,8.368829283918087
18,7.919518153236929
18,7.307316308159292
18,8.125756645218333
18,7.99142546752719
18,7.740484492493019
18,8.284643162322443
18,7.704662777143007
18,7.274989194414595
18,7.961256103828962
18,8.012387974693361
18,7.883362338897509
18,8.156340876647619
18,7.877094340107459
18,7.431960145264744
18,8.5506916924019
18,7.572814642651105
18,7.892735617742366
18,7.309328959113213
18,7.559059942723241
18,7.132786179891911
18,7.365020358720276
18,7.575751859698836
18,8.024281018726702
18,8.09918851819552
19,7.816433095177068
19,8.503139365760077
19,7.373238842023216
19,7.764559919032189
19,7.880977686488021
19,8.134018048755769
19,7.390873205352539
19,8.509833888514418
19,8.679073922225312
19,7.592603450809297
19,7.570729948345097
19,7.589638445892393
19,7.3103956940167505
19,8.0318739008513
19,8.026171115081185
19,7.565677446969127
19,7.697589369417828
19,7.512803005224227
19,7.501168546873218
19,7.3542036172274035
19,7.997193938796429
19,7.843562181439559
19,7.638831141881107
19,7.476105348365829
19,7.795652730104747
19,8.23111711406069
19,7.767980263367511
19,7.56083128489322
19,7.9078825232544
19,7.3947067125419235
19,7.578150498511585
19,8.271376652292703
19,6.937352433622281
19,7.791040308660347
19,7.461147328290415
19,7.793550545406241
19,7.674107310223673
19,7.414500996296789
19,8.10074240656121
19,8.176286155153067
19,7.798433324362758
19,7.793723601440869
19,7.687184384683763
19,7.830281962840535
19,8.169771819700777
19,8.473959504327315
19,7.995073760596574
19,8.021947317249422
19,8.073575640948683
19,8.42056454936975
19,7.096025417356255
19,7.878155643004373
19,7.738204287191588
19,7.9278655527074395
19,8.189606669846404
19,7.545451571962747
19,7.4238434915832645
19,7.575559408678479
19,7.123094572075269
19,8.350112775630494
19,7.4261386223807
19,8.356016248434711
19,7.785362073171268
19,7.6375239262979
19,8.007853198978252
19,8.351060051554736
19,8.332720687281132
19,8.283017237079392
19,7.703606210793671
19,7.409020806673399
19,7.7149055595813945
19,7.457199013275832
19,7.966484436738618
19,7.6169962679598715
19,7.8240920085406405
19,8.21395668838472
19,7.452637961620959
19,7.962770463794479
19,7.726493376676298
19,7.591575112363493
19,8.09577709076222
19,7.3713709424324385
19,7.572446722457512
19,7.3291155532226835
19,8.347101523819164
19,7.405362460674109
19,7.465975594375155
19,8.048242180319619
19,7.326115059002955
19,6.738661743721539
19,7.550237588552914
19,7.658491277740874
19,7.237005851065111
19,7.490552127866936
19,8.006097473594002
19,7.701213049205823
19,7.225596866504264
19,7.858719596640562
19,7.580952368257535
19,7.941182917675301
20,8.142563275648477
20,8.17073729417755
20,7.502029085992726
20,7.201373908204074
20,7.260351632285279
20,7.568361288504827
20,7.548508380165999
20,7.337662098694491
20,7.2999827258067125
20,7.481919805442053
20,8.307156360868822
20,7.883859675466187
20,7.976526134417465
20,8.209723488797508
20,8.078410211883037
20,7.8101161608202165
20,7.29519335282362
20,7.289860135684672
20,7.500169083110661
20,8.596819088836265
20,8.285160584182647
20,7.558299503146574
20,8.328136162505764
20,7.524438001709898
20,8.13810694536683
20,7.806025070944925
20,8.4650355898873
20,7.953901702359385
20,8.164728966708113
20,7.440787637611183
20,7.822181549538086
20,7.551496544431578
20,7.35404586742595
20,7.726938263097095
20,7.97936117510942
20,7.40215731831295
20,8.104185184692522
20,7.551909781774288
20,8.052564495922343
20,7.252145855803153
20,7.501121295671239
20,8.12194102876227
20,7.405260079502948
20,8.328554630071022
20,8.769931324662647
20,8.378138978113649
20,7.27968816997983
20,7.401035840438631
20,8.015287847869846
20,7.209546041717273
20,8.208083731129731
20,8.179134243124944
20,8.689888458043535
20,7.701107077519622
20,7.437723037254083
20,7.206483439201322
20,7.511940688163633
20,7.321792336037222
20,6.92785704273455
20,8.148645466859792
20,7.938044097297223
20,7.538105094855026
20,8.21911879822357
20,7.650707551872575
20,7.440257699342094
20,7.8754436589927534
20,7.517903060207224
20,7.5366335255281225
20,7.452772368566173
20,6.9547202423839805
20,7.517341515628584
20,7.875826250365354
20,7.224082331707396
20,7.87717805262147
20,7.732567994275301
20,8.106925361255913
20,7.907996614511226
20,7.76547439899751
20,8.10160537448997
20,6.905521571712289
20,8.250928408995566
20,7.84532205045168
20,7.702610195065043
20,7.804974685490642
20,7.020953653764302
20,7.613818222042457
20,8.247529695665065
20,7.479332743432422
20,6.446436502902672
20,7.655732988725532
20,7.477201870685429
20,7.561431351113908
20,7.445762580347507
20,8.289321530832845
20,7.155288893012562
20,8.063830646926593
20,8.237182087274478
20,6.602944173162218
20,7.282210987963286
20,7.71339748317338
21,7.910301794653716
21,7.71885749090595
21,8.160488001013166
21,7.279627499722008
21,7.687950203317619
21,7.883339160545009
21,7.116582172881421
21,8.188567446358697
21,8.325497349918734
21,8.713011498010573
21,7.9455435469954105
21,7.831356859582242
21,7.393018105039956
21,7.646641695661374
21,7.937243105721948
21,7.905994739621528
21,8.199250965049908
21,7.774049609748598
21,8.36673688963062
21,7.386664755164793
21,8.523595148644393
21,8.1289615677347
21,7.922738324414741
21,8.108203558975443
21,7.570368324125287
21,7.71044672715245
21,7.9380469796492275
21,7.381964875937384
21,7.849822117105377
21,7.234388430732032
21,7.184450839495991
21,7.560207733796402
21,7.096266181361074
21,7.335407260601816
21,8.216910314480547
21,7.900103250626821
21,7.823576440846772
21,7.560637507174586
21,7.418608533192513
21,7.441376912711963
21,7.020647035807274
21,7.553495191500288
21,7.460250843905182
21,6.704451716840347
21,7.780851157491961
21,8.378510902560915
21,7.94574923948611
21,7.039238901647605
21,7.642410122696192
21,7.688730120889366
21,7.658816094764552
21,7.49048764694601
21,6.986662330056647
21,8.050834054539658
21,7.060087231431894
21,7.784070857232305
21,7.835377315971912
21,7.536345899898388
21,7.02310962193454
21,7.577853917894503
21,7.329678377946267
21,7.447563162485688
21,8.064063443315174
21,7.931466702592981
21,8.14438224707176
21,8.424119873494032
21,7.758414278453181
21,8.214529199389924
21,7.839391944903436
21,7.955076710369196
21,7.539709002090088
21,7.049746953538643
21,7.666497685499027
21,7.835093632707143
21,7.7097593544996315
21,7.75781121786523
21,7.08977062261063
21,7.892256537866449
21,7.979874817622785
21,7.571316296985162
21,7.2655400194226605
21,7.586321745315241
21,7.692255930388357
21,8.47243689792443
21,6.814780578919939
21,7.970002252927583
21,7.85629434347354
21,7.9939611127313155
21,7.814634354008396
21,8.02892386811089
21,7.826906145152013
21,7.234000748018994
21,7.645158462383858
21,8.04651879499982
21,7.595177891431663
21,7.625995900924328
21,8.074342029630385
21,7.421689727174941
21,7.974219293985067
21,7.309625107772862
22,8.513641994905674
22,7.5150123678181515
22,8.288954042646024
22,8.002285209895641
22,7.512684245210299
22,7.915095100956352
22,7.9986939345318975
22,7.322691246188786
22,7.792938305234127
22,7.632619401727187
22,7.735592264241913
22,7.897126936518353
22,7.32228322137973
22,6.695381032344768
22,8.004468537397827
22,7.474483359841256
22,7.85992147514192
22,7.274188934906181
22,7.393516732967899
22,7.2396182853368405
22,7.53748643214068
22,7.14832789185207
22,7.84184980790721
22,7.895978158602055
22,7.833867200356878
22,7.458059947270162
22,7.963179937311598
22,6.9114869442306475
22,8.295167974076678
22,7.274308412637423
22,7.580545967442727
22,8.259709000190059
22,8.226838824715566
22,7.452489375615992
22,8.480598563575056
22,7.694138997860391
22,7.06730345909814
22,7.897177563548694
22,7.970778292878448
22,7.714236450624803
22,7.105067930318525
22,8.37315630364089
22,7.6123898235145955
22,8.159768093295353
22,8.17037964091893
22,8.322738341386973
22,7.882076028023332
22,8.141288819593765
22,7.428824558446047
22,7.967437271635995
22,8.661423948690064
22,7.413797867088191
22,7.80317247182655
22,7.396097872815525
22,7.375858188172847
22,7.8523567253806235
22,8.266291775973157
22,7.228524709514606
22,8.097059252754393
22,7.783653225973699
22,7.326368116626186
22,7.938284208715521
22,7.237679628431346
22,7.617034530829582
22,7.269649384586041
22,7.512856115124448
22,7.979461010711438
22,7.59254962946216
22,7.645420172498081
22,8.38324290694604
22,7.163128356810209
22,7.904823773226078
22,8.197007118234676
22,8.093032727146296
22,7.423861961179321
22,7.4056185115743
22,7.770565850603596
22,7.225348306315053
22,7.9551016962956895
22,8.191542640392017
22,7.736211707340823
22,7.999432442000547
22,7.542135863910412
22,7.8241201763534605
22,8.155099185390357
22,7.559419583167665
22,7.557825110672418
22,7.328009727375797
22,7.563318178937842
22,8.065503343909828
22,7.667874291265856
22,8.45425513785851
22,8.550638235252727
22,8.696114886660334
22,7.474980294243426
22,8.029111692724667
22,8.044303961716587
22,6.704085206099503
22,7.784025401889501
22,7.526667844052244
23,7.515856241558209
23,7.518772046274181
23,7.262478774121812
23,7.674127502107478
23,7.83064229776763
23,7.0123006470590825
23,7.897784528959001
23,7.901973422298759
23,7.621794815693216
23,8.041402543813287
23,8.210051971822002
23,8.074942260576934
23,7.640559950454034
23,7.751363740121507
23,7.949533409634946
23,8.278076974125472
23,7.2241010776925805
23,7.9430631181368
23,7.13309148750744
23,7.678487947273288
23,7.532236334132502
23,7.683654749911869
23,7.585388786106832
23,7.29446859536427
23,6.943166095700362
23,8.01424005252101
23,7.469682434149572
23,7.674176019286843
23,7.149872146253971
23,7.544748789767292
23,7.520562582767258
23,7.371254752748806
23,7.703067356256204
23,7.702323629326766
23,7.087999832720324
23,7.64200087743686
23,7.30098150927525
23,7.541627431550816
23,7.815783679055407
23,8.09144443195699
23,7.693192816814392
23,7.537591655692526
23,8.094322935379333
23,7.829195016447003
23,7.889193994826547
23,6.917508449811634
23,7.955468794040691
23,7.897616244229173
23,7.6082916161481435
23,7.599688263301432
23,7.713053161361242
23,7.692432069254016
23,8.177506207533636
23,6.751490565654816
23,7.562762225004121
23,7.846655542801629
23,8.071670020200687
23,8.03227851252321
23,7.5416629372725374
23,7.6910544436774115
23,7.86426028628219
23,7.299855558312494
23,8.374845390737377
23,6.9454261347087645
23,7.650609233657697
23,7.674820341812372
23,8.444507155565427
23,7.699876110179153
23,7.36449219758951
23,7.268486124074364
23,8.051465739467181
23,7.967633297254239
23,7.010883886884054
23,7.379568959165118
23,7.690735537312805
23,7.956608484166716
23,8.093291395460602
23,7.428053233808202
23,7.88977562728173
23,8.259447880323307
23,7.754769184317631
23,7.4540984364158716
23,8.120203375825467
23,8.434219070662577
23,7.988533449124894
23,7.973421069249114
23,7.587184233287125
23,8.220393365990105
23,7.651239008407248
23,7.804104098947157
23,8.540014207653776
23,8.252328936546405
23,7.832066358879717
23,7.535834451457222
23,7.533393074739892
23,8.234110544054516
23,8.216447322700068
23,7.197332370806092
23,7.760016030809393
23,7.843818243186248
24,8.067702311241703
24,8.064172128945998
24,7.867329286472536
24,7.371035843829239
24,7.784982605057439
24,8.32538891689344
24,7.897473595962647
24,8.194233327470442
24,7.375751820886202
24,8.024008005156787
24,7.6179425173482525
24,7.123090842765047
24,7.566634547628496
24,7.870005765788096
24,6.864780940565856
24,7.616050629154335
24,7.976248370402174
24,7.191955224401592
24,7.047920062847012
24,7.682157735869131
24,7.527014555156727
24,7.705546086092878
24,8.208066519529975
24,8.013034692865311
24,7.235252786174352
24,7.63957200769612
24,7.648307271090457
24,7.220381940968236
24,7.879479064688669
24,8.600158123403375
24,7.4688711398622925
24,7.189605761355875
24,7.824644143277445
24,8.315130911357791
24,7.496320049383444
24,7.577497492037983
24,7.443002548545616
24,7.624837699549414
24,7.525764706341406
24,8.582033120075081
24,7.9489749678245225
24,7.991286934084559
24,7.506501746396655
24,7.543446173115251
24,8.072363409384122
24,7.344995312779941
24,7.838485477076452
24,8.011113446169553
24,7.562466715588039
24,7.807082006881236
24,7.5115745133040965
24,7.759322546429355
24,7.340761432863466
24,7.091828717492551
24,7.509975130302789
24,7.4401998969721355
24,7.582155841617092
24,7.7206879075636365
24,7.770220957759275
24,8.051819176535993
24,7.200450145433567
24,7.071947745404708
24,6.434146527902351
24,8.130044037402838
24,7.216101699638714
24,8.031500356350119
24,7.26538839612115
24,6.824188282670654
24,7.26305805622971
24,7.146558352445144
24,7.509505834632812
24,8.168623871787894
24,7.221144034146517
24,8.362629253940463
24,8.905708625733913
24,8.477660873211853
24,8.206682012078689
24,7.882762631649473
24,7.42424912997436
24,6.749783790031364
24,7.874642066527563
24,8.026699807208988
24,6.7703187660773185
24,7.772290746243414
24,7.602665504024847
24,7.774317546003986
24,7.336451146054836
24,7.507628680084631
24,6.9804335504641255
24,7.458004136301904
24,7.340706505408284
24,8.638431440489548
24,7.980392020556322
24,7.436749106632342
24,7.48387637111333
24,7.923497194870058
24,7.034207667097346
24,8.071891424046939
24,8.120981490401894
24,7.612355035224353
25,6.827537009356458
25,7.781022533720548
25,7.801037954437419
25,7.044035688742465
25,7.2149284454872475
25,7.409779306593901
25,7.236704255066022
25,7.06736733731071
25,7.46554514455168
25,7.868083291100248
25,7.589835023998671
25,7.787878012440783
25,7.818747298101567
25,7.587214218706599
25,7.272204608864118
25,7.602793897040459
25,7.751565991133403
25,7.339808818673734
25,7.568740853917874
25,7.780439934571055
25,8.125077143127433
25,8.066007661791762
25,7.793891267594672
25,7.1295381480109326
25,7.97606923526261
25,7.721861353634061
25,8.086009880400393
25,7.580205443584566
25,7.183236778248198
25,7.361871004522182
25,7.21308467177002
25,7.921985959653893
25,7.8278417158038005
25,8.094756369489385
25,7.6315909051022786
25,7.6895749975312615
25,7.363738046244798
25,7.749234219264329
25,7.460651714465015
25,7.657836119759696
25,7.253875536403891
25,8.677387271560999
25,8.197881014668019
25,7.122003084712883
25,7.410518723102663
25,7.788290205066296
25,7.670765747924605
25,7.3254896645068985
25,8.002986424854866
25,7.969790527355636
25,7.500736226559535
25,7.474760811968528
25,7.617980899277241
25,8.312838121343198
25,7.429261680455855
25,7.345401687568492
25,7.190984774401497
25,7.839282874157939
25,7.199828218526309
25,7.9550543141501135
25,6.620768122866702
25,7.392017029341854
25,7.115790497151798
25,7.1794404335021955
25,7.3514766822807145
25,7.99235676879538
25,7.218098433120347
25,7.295192039898237
25,7.611963298546166
25,7.748507964385266
25,8.290574048561394
25,7.366657201632586
25,7.505269117376886
25,7.231743285638372
25,7.410603921347484
25,8.15982384615388
25,8.079888870233104
25,8.13956935336016
25,7.2990813886789105
25,7.669233578705005
25,7.694586849670052
25,7.767716494959612
25,8.069542332364849
25,8.174388597376693
25,7.519764135377365
25,7.434724899220908
25,8.121615146091825
25,7.374701879039066
25,7.414424769410322
25,7.764666055242217
25,7.018629199930485
25,7.715968776743487
25,7.530288209458973
25,7.653462863846
25,7.676409786451525
25,7.884709926324316
25,7.623749538021291
25,7.931159497342702
25,7.532298821358256
25,7.743494221197118
26,8.03608534286954
26,7.455614352498081
26,7.996867702449927
26,8.174373011595286
26,7.519950885491678
26,7.534042133715453
26,8.115955429555017
26,7.624412138296415
26,7.233314544852
26,7.544891421071128
26,7.238093289319749
26,7.374290407161357
26,7.747065218486107
26,8.214524912611923
26,7.345519215154073
26,7.559824845764103
26,7.366722164239171
26,7.557197616901858
26,7.934787206262069
26,8.060345996838942
26,7.683426533307904
26,8.452000805871943
26,7.336919085507731
26,7.549489498816946
26,8.160301247103103
26,7.422248562037055
26,8.144692894573787
26,7.772654222526346
26,7.390172545000667
26,7.723037440909947
26,7.031906587724959
26,7.867100356871796
26,7.678233781234298
26,7.222917226845945
26,7.259617629688965
26,7.316001139515231
26,7.884730905898511
26,7.607052790860108
26,7.198504344027015
26,7.874817363207137
26,8.019184402125004
26,7.154966680331612
26,7.705276931798016
26,6.969548445278336
26,8.322020890490082
26,7.600443397032928
26,8.254693244453755
26,7.808188302484091
26,7.527851750943832
26,7.259406336257757
26,7.6005740537037365
26,7.587977751929413
26,7.431142960681402
26,7.7207734201611125
26,7.482721707463411
26,7.242808776112843
26,7.84745687458656
26,7.472569942755448
26,7.025856606419052
26,7.470493178300178
26,7.859678328975378
26,7.300164366704388
26,8.170705071795815
26,7.328820524616583
26,7.717176432108449
26,7.162448160319584
26,7.243943672936979
26,8.260043805027411
26,8.08614169760389
26,8.298755142653416
26,7.870362703735197
26,7.956002632319549
26,8.37697903641842
26,7.89049917449173
26,7.499387628500342
26,7.431228243682548
26,7.810853062242797
26,7.0285846183339
26,8.765546952247709
26,8.371614790839011
26,7.594948651632833
26,7.422734257056477
26,8.499856817358822
26,8.15853330309443
26,7.90680688164241
26,7.431907791632784
26,7.88095160974335
26,7.274745196150743
26,7.265674469471694
26,7.264104507058629
26,8.209023165052656
26,7.260938857377846
26,7.3716938171023525
26,8.407795210969427
26,7.1416838697716
26,7.827265440593153
26,8.010153855628822
26,7.636204767797164
26,8.670399906962125
26,7.7678034641472316
27,7.625050451768967
27,8.385016968120015
27,7.235286287542491
27,7.275368463516023
27,7.647116012434039
27,7.888406496472976
27,6.7102438915278
27,7.631627746269996
27,8.171057818601673
27,8.152617409679433
27,7.911111801937087
27,8.033070737315526
27,7.655370409491887
27,8.664869367007384
27,7.861277993518603
27,7.935101954902364
27,7.884518184100852
27,7.94715849344922
27,8.529797889367668
27,8.211831250400326
27,8.082960070504866
27,7.5510482718467635
27,7.222299489782212
27,7.424788098080388
27,8.227675364791402
27,7.957269980187106
27,7.839211340021085
27,7.5036481725259145
27,7.738142776567976
27,8.222961490130857
27,7.440026987947013
27,7.7618236272051835
27,7.433218081336521
27,7.63259575283236
27,6.979184326846262
27,7.283752714970636
27,7.752124910423411
27,8.179555149433458
27,7.587866920467672
27,7.469084299591069
27,7.2855195607801475
27,8.175125732313896
27,7.358954488048795
27,8.289729444969414
27,7.49091635157559
27,7.9801723207835655
27,7.563692433349359
27,7.282933061267414
27,7.905345408447131
27,8.062364181636731
27,7.431547914842681
27,7.430842231342853
27,8.740647921111487
27,7.838935818299002
27,7.448962341420106
27,7.311365907801571
27,8.16685493973317
27,7.395254759015528
27,7.6213882988755834
27,7.512526279536205
27,7.799438124786264
27,7.590601513577649
27,7.8318855715707665
27,7.352338821586776
27,7.574271461105404
27,7.50558469989752
27,8.301819482423118
27,8.377334387315912
27,7.86256060965834
27,7.835762347399189
27,7.6482375231729165
27,7.546497177359012
27,7.422871835927126
27,8.022801767536297
27,8.033278337637192
27,7.81278930692276
27,7.832757837027763
27,7.647425581410824
27,7.644269386380184
27,7.301624522675784
27,7.411496697834394
27,7.112184036885933
27,7.986864620256249
27,7.26626187892748
27,7.043218684028939
27,8.103909724634407
27,7.560158452709629
27,7.744949724530219
27,7.4017327395457615
27,8.219040899870652
27,8.12198559247158
27,7.87975707171931
27,7.912432454206637
27,7.287515398506672
27,8.105276018518802
27,7.769751456484796
27,8.008261035877304
27,8.342008351150957
27,7.924069010303128
27,8.03897543177291
28,7.895615126470341
28,8.02180561339249
28,7.440377994047437
28,8.538098860464792
28,7.563571792358391
28,7.324267240651298
28,7.771813256514678
28,7.692577321426732
28,7.346271757667791
28,7.782743096576025
28,7.855728625580417
28,7.974911404312562
28,8.297962366502427
28,7.892545157386053
28,7.098618742590344
28,7.3066401872204185
28,7.418791330309421
28,7.649707541896089
28,7.727737517342324
28,7.918223354775388
28,7.706219778205988
28,7.618313128335651
28,7.924113683357834
28,7.950983506502484
28,7.8726200357707175
28,7.784827153656339
28,7.444339797588785
28,7.219414100929449
28,7.551456707455327
28,7.689840276320167
28,7.665588868253589
28,8.151990976633412
28,7.802908253705836
28,8.362053986779673
28,8.343196844942636
28,8.414018113994512
28,8.29131306988579
28,8.064601706597612
28,7.994217519825297
28,8.370743004539943
28,8.043477003518438
28,8.114473559472422
28,7.885800729557243
28,7.955095773956316
28,7.023149393458381
28,8.04247864291823
28,7.431248765637929
28,8.680559778180493
28,7.31453384198657
28,7.401182316099998
28,6.923326769175064
28,8.030927059844965
28,7.5200074695789105
28,7.671829684096706
28,7.909785944530772
28,8.254769978854286
28,7.697564344994821
28,7.439576090707265
28,8.598226211002384
28,7.523559022759215
28,8.411920713091737
28,7.948468297017245
28,7.410847353585263
28,8.114507007799547
28,7.331532049602279
28,7.981690151757447
28,7.455840904915926
28,8.32549398290813
28,7.669178500923525
28,7.736517256042773
28,8.2639181032762
28,7.94955925568411
28,6.997015971625884
28,7.56184135387176
28,8.507115528039913
28,6.843014634121909
28,7.11564446531835
28,7.700361864476042
28,8.037352247510286
28,7.465229314345122
28,6.964088388463887
28,6.955651160052521
28,8.32009916248448
28,8.286444322867919
28,7.35408091735064
28,7.78754894299218
28,7.062978875175991
28,7.487696789169199
28,7.877538255285845
28,8.000701938451519
28,7.5299525265462535
28,7.812107734492697
28,7.3693608965558965
28,7.21452639927453
28,7.224838528548206
28,7.4688731275989015
28,7.926719751291353
28,8.598019146081711
28,8.48324510772905
28,7.720828360294662
29,8.13461255592834
29,8.01922256021586
29,7.323129100141308
29,7.793720586119817
29,7.866473272446758
29,7.837582976523867
29,8.084156488906588
29,8.39676828735225
29,7.397916280700496
29,7.379729414531361
29,7.710061756967457
29,7.152025612121722
29,7.512405306725864
29,7.987863428177143
29,7.701961500725009
29,8.063955957742131
29,7.518479075328075
29,7.518148912228757
29,7.8843911094438734
29,7.408369240189098
29,8.617695888075142
29,7.912318429710294
29,7.468968981452517
29,7.268447041908891
29,8.583400840277005
29,7.177719126580872
29,8.3657844320247
29,7.613404392714006
29,7.496372203765046
29,7.159342066236611
29,8.326240218153494
29,7.751176732307778
29,8.087479966694094
29,7.70898872087227
29,8.573479630858156
29,7.240329270162847
29,7.573766824442017
29,6.815918712611649
29,6.876073822231501
29,7.858655453146841
29,7.335397689841821
29,8.45197316124166
29,7.641905296819256
29,7.770581767935523
29,7.332539268920765
29,7.657975796297451
29,7.290008165019811
29,7.597655220670686
29,7.937810114646194
29,7.407242107475083
29,8.290071548180801
29,7.878230488964662
29,8.080714538502882
29,8.15707253373166
29,7.901790104995895
29,8.348791791653717
29,7.788351162898298
29,7.594210160586141
29,8.076926969164242
29,7.540229756862041
29,7.985742318378957
29,7.717103295533571
29,8.094835455483866
29,8.40104150520642
29,6.9285122674030255
29,7.798713532782834
29,8.467400349406592
29,7.717109749400131
29,8.293289644899687
29,8.170820718496383
29,7.999353258635727
29,7.380066243858746
29,7.780890031922189
29,7.568560709689067
29,7.780083934676423
29,8.084322712470948
29,8.162461258790225
29,7.642756429753583
29,8.152925947931003
29,8.339016571202016
29,8.003301143936518
29,7.258937985793691
29,7.770285592662556
29,7.267582319169724
29,7.486633366549191
29,7.094112103713148
29,7.972035453821855
29,7.633986679907402
29,7.995381021534962
29,8.141006434559971
29,7.380726550700233
29,7.51737067737112
29,7.982233519263113
29,7.343439964490895
29,7.709156165539482
29,7.938337433634589
29,7.630493809621766
29,7.737868764911516
29,7.362095987984247
29,8.397059194946932
30,7.9343965847476365
30,7.72727571340237
30,7.386250720756429
30,8.633739946538869
30,7.213867031374681
30,7.704909429780468
30,8.340651170680465
30,7.632946491141253
30,7.751988154455894
30,7.106285226687772
30,7.369131623545761
30,7.879038300791481
30,7.948836003206956
30,7.619428943987851
30,7.690012451708383
30,7.56395568931651
30,6.942463328066965
30,8.29885875489898
30,7.7643709872253
30,7.55385085404909
30,6.797138241780674
30,7.707241196939143
30,7.273081435087811
30,7.7937716890655135
30,8.094162482927644
30,7.0891296750871895
30,7.3976185009438105
30,8.223525057994795
30,7.4478095674813805
30,7.030331543496854
30,7.495344340260733
30,7.761691075974365
30,6.843249466539099
30,8.071798610590786
30,7.813433348721624
30,7.908699377120999
30,7.4143054166706746
30,7.953490497156547
30,7.612490748706936
30,7.699592478121252
30,8.467669468280668
30,8.37997913457539
30,7.279556645009044
30,7.714736552760695
30,8.162900625313764
30,7.768693591583139
30,6.844157004889562
30,8.185386158464192
30,7.120384404229013
30,7.557668821577895
30,7.883984039642862
30,7.329113099103458
30,7.751283851062745
30,7.870728995608601
30,8.315533136611666
30,7.406343656074474
30,7.466873226338597
30,7.802587239974083
30,6.99313544744846
30,6.855774745623948
30,7.803410521026437
30,7.394832914287679
30,8.074600126827317
30,7.300482659675019
30,7.03850194959406
30,7.443549930998426
30,7.507332509569219
30,7.225993574801112
30,7.660811166473756
30,7.596400013598615
30,7.166681709463441
30,7.395531439682986
30,8.11883626689913
30,7.902967691345041
30,8.83094991045459
30,7.371857321112222
30,8.53471221850413
30,7.408154563745399
30,7.855778468252799
30,7.595997133135706
30,8.492663918506112
30,7.01921169193649
30,7.7463426565527875
30,7.060607956414283
30,7.846430716574057
30,7.85453047013463
30,7.027641999248704
30,7.508168303893212
30,7.133823974443704
30,7.174039518470625
30,7.746968511451143
30,7.912072231603226
30,7.200308290175026
30,7.914411148221178
30,8.815135370682777
30,7.739915772299903
30,7.682406806077186
30,7.362569636017675
30,8.117968827767834
30,6.823825048401897
31,7.91280055656012
31,7.8161469151668825
31,7.768067280901417
31,7.389223547222706
31,7.7366896100024825
31,7.071011853801113
31,7.532290833621667
31,7.433842017258282
31,7.944231169775505
31,7.845433982094517
31,7.029245478115651
31,8.33834126899742
31,7.318413183558059
31,7.4765216275479744
31,7.584269518144031
31,7.981157904846274
31,7.6206227988702
31,7.856325826964613
31,7.532884195923162
31,7.884049604541966
31,6.7352267336022065
31,7.321025077054465
31,7.1732692333448655
31,8.352856729787657
31,8.216690703142014
31,7.937036813020063
31,7.850156033360106
31,7.534815189348589
31,7.558875144599387
31,7.69381515816552
31,7.402350950134913
31,7.400960266198168
31,8.136696635535463
31,8.129756010509398
31,7.898113671875134
31,7.630893788569556
31,7.959008059987422
31,8.146122312211581
31,8.467190239407216
31,7.147008090107618
31,7.539279893713138
31,7.2186733314987235
31,7.1057869602376975
31,7.3988037744985835
31,8.018082734994614
31,8.071819618892441
31,7.409316072817734
31,7.177578184055996
31,7.79319572383528
31,8.067575390296007
31,7.923433940193414
31,7.711782188183045
31,8.678428754537103
31,7.83248342043041
31,7.669759292562154
31,8.709458328926535
31,7.970408685862285
31,7.536964992885707
31,8.578782951440001
31,6.5784953024480055
31,7.729351736918948
31,8.324242037075145
31,8.166475480205762
31,7.161220816827888
31,7.667370392954129
31,7.8734855547145965
31,7.634131656755095
31,7.518026941976677
31,7.872689392544088
31,7.192291664216275
31,7.718575606945305
31,7.8994417974692555
31,7.5546694867005115
31,8.152561309783664
31,7.313899007022506
31,7.580470493276638
31,7.851074599821342
31,6.820271537017024
31,8.26492414123649
31,7.609037427107965
31,7.6764706523131325
31,7.450096112340031
31,8.144147696289256
31,7.639116576288191
31,7.9055455131747445
31,7.78549501879088
31,7.6796140928739645
31,8.074559400296922
31,7.552768029919961
31,7.731748226878454
31,7.535185280983098
31,7.407395053084205
31,8.416383253176269
31,7.469698191557625
31,7.343064846417106
31,7.530146002598192
31,7.058151696424179
31,7.686100435586298
31,7.671865239353784
31,7.698652467094819
32,7.934649006273144
32,8.278350666783869
32,7.20149432667321
32,7.9226609902963245
32,7.668726680350444
32,8.119201679947858
32,7.460410863401497
32,7.6201777420120775
32,7.899214779977936
32,7.813265412370082
32,8.010238251845038
32,7.598641416964933
32,6.8794169285151145
32,8.106542473422794
32,7.997241995055873
32,7.788900762335237
32,8.130227115076758
32,7.181551240555596
32,8.005349670742117
32,7.030005020962635
32,7.688208339808466
32,7.851451728619346
32,8.24399369798076
32,7.682141674239784
32,7.616917554694048
32,8.454782394244381
32,7.143274184669649
32,8.261348338348158
32,7.774743468381689
32,7.3373032636043884
32,8.00389864314912
32,8.08151369653647
32,7.564851403904028
32,8.390486522176236
32,7.568726979424258
32,7.34131724025878
32,8.223336899200746
32,6.588699197973007
32,7.081788925099333
32,7.675933916644887
32,7.293053505099596
32,7.553829787122221
32,7.663748547111885
32,8.208211805144302
32,8.15463187956186
32,7.899619889940486
32,8.500826121944469
32,8.067549832989629
32,8.451607603908796
32,7.8971538761549755
32,7.452336867809822
32,8.26963427506471
32,7.176766314631904
32,7.620137865885246
32,7.89525375137566
32,8.645856230159392
32,8.653673859807547
32,8.162521877126098
32,8.349679160958761
32,7.368086838445457
32,7.570798212973338
32,7.140029871690863
32,7.574393726666944
32,7.829734552885738
32,7.794976981269895
32,8.06570842596911
32,7.922472684164876
32,7.454192415375096
32,7.348814517246665
32,8.165149615031018
32,7.808331634484249
32,7.554687825817483
32,7.800026311470199
32,8.173222824641623
32,8.374280673077193
32,7.717850140125572
32,7.892699885250644
32,7.669341993078112
32,8.153203900197527
32,7.616981241454622
32,7.087055365352574
32,8.175094282851646
32,8.108908052275936
32,7.881675788442228
32,8.29541197566874
32,7.175192161329001
32,7.496450102565274
32,8.117284063192347
32,7.969360299626444
32,7.467624180699511
32,7.39558439873225
32,8.128892986450579
32,7.785508923045726
32,7.46536990840398
32,8.586518381833102
32,7.913470357069425
32,7.745097884744149
32,7.828373500860664
32,8.047578890677801
32,7.948547145105131
33,7.869959395560153
33,7.774649172246975
33,7.9522228120071246
33,8.180441264749076
33,7.885492867541274
33,7.86491490711005
33,8.432002891389017
33,7.341481252241209
33,7.195601875554889
33,7.183463868772727
33,7.726992345038739
33,7.815755555630197
33,8.045991780563622
33,7.836585771816318
33,7.39192170630998
33,7.409190945468023
33,7.4866945171746515
33,7.578785644211004
33,7.531387077423002
33,7.379603720252757
33,8.094378054687388
33,7.129368402365068
33,8.170157129617854
33,6.95285394506119
33,7.779097647248567
33,7.250061053949238
33,7.801464384297707
33,7.431749239385555
33,7.226204573053093
33,7.308484355875865
33,7.300478285336663
33,7.302865888833473
33,7.640912743886251
33,7.436836648141392
33,7.559141671696166
33,8.37712416082296
33,7.680285983067498
33,7.896432501755317
33,7.8220043823607375
33,7.1134581531735925
33,7.418012549291424
33,8.439444104910235
33,7.200562258268239
33,7.8100710871137915
33,7.94656690004271
33,7.274910472316176
33,7.4903630224067275
33,8.083123472087074
33,8.007192197071998
33,8.018624018758223
33,7.991590531737323
33,8.446492122775231
33,7.152860511146636
33,7.887617149443404
33,8.379206374625294
33,8.099702458063533
33,7.402679529252253
33,7.846743936741939
33,7.4056559385420515
33,7.837101629468224
33,8.120200824751324
33,7.4510461584147345
33,7.625869634098765
33,7.8663738785128325
33,7.8668087088153165
33,7.988810186556319
33,8.156404794779395
33,6.583269451770757
33,7.311231285155453
33,7.564566301546704
33,7.460077247161563
33,7.300284434797988
33,8.154744246628624
33,8.02540123462263
33,8.255524209549314
33,7.861421820924923
33,8.295062124137974
33,7.451875163588904
33,7.6125446517530335
33,8.092971709039078
33,7.516379966958407
33,7.937959885771852
33,7.4447800365376295
33,7.800163143056105
33,7.891455859709624
33,7.52253483012732
33,8.047399255580503
33,7.906669917282957
33,7.3716050204926695
33,7.761386986028997
33,7.3753160334884615
33,7.568590137438807
33,7.704796863348898
33,7.557667164076803
33,8.059927520929314
33,7.448855198238051
33,8.191282314047639
33,8.06932259731949
33,8.03428163442183
33,7.576002492802876
34,8.346414336441727
34,7.743145974061604
34,8.105450083251105
34,8.28330592670718
34,7.913418651056438
34,8.269101958045171
34,7.081261454383387
34,8.323776465912701
34,7.81176009792443
34,7.751653978615011
34,8.027951809559154
34,7.55858366117932
34,7.863712525531043
34,7.838006176124305
34,8.502230816828488
34,7.41894233951582
34,7.4345203222560805
34,7.665736640256068
34,7.92144286772142
34,7.661250084606706
34,7.924060320736346
34,7.861635652574543
34,7.777416334892709
34,7.240366063885757
34,7.7579055410506585
34,7.787585386850264
34,7.713221450367079
34,7.4978066493913795
34,8.124170621079518
34,7.648081950538743
34,7.259706141199541
34,7.228694813893133
34,7.218185000803444
34,7.459315416205595
34,7.417392549067379
34,6.89817210033654
34,8.449191438389743
34,8.004801504175507
34,7.5760969438257
34,8.18332896626759
34,7.315854091901961
34,8.349713561814207
34,7.71981840019448
34,7.602885811711271
34,7.8605887635203135
34,7.214503901429734
34,7.972283416821203
34,8.67998021949973
34,7.9780594287854445
34,7.3059875570863975
34,7.171325822179061
34,7.281572393019039
34,7.81254850654717
34,8.160309703516168
34,8.404166069822283
34,7.347328861451973
34,7.394668742818691
34,7.64841819735046
34,8.020239188512862
34,8.243592867482505
34,7.20535071611721
34,7.948342269539346
34,8.047840541904787
34,7.255990114871692
34,8.033697447432429
34,7.739260456155104
34,7.622900433769951
34,8.554332728183343
34,7.571800229466489
34,7.775702573417139
34,7.4991319151252345
34,7.701889467158778
34,7.906798456263869
34,7.674109287722961
34,7.421447230943386
34,7.786976657989856
34,7.288386051243622
34,7.287243880875683
34,6.880410407884941
34,8.335375473251071
34,6.629335471825269
34,7.581378879514084
34,7.362771709019593
34,7.9739684213382205
34,7.938784107972001
34,7.833264209650894
34,6.888660130208844
34,8.14239150311977
34,7.2047478124941655
34,7.167701315025366
34,7.457432352750155
34,7.800952670987376
34,7.5171012543706786
34,7.508760367293644
34,7.647171216796188
34,7.614641721422496
34,7.847807509994562
34,7.7378326920104294
34,7.326527797934835
34,7.679396306329529
35,7.590087532296407
35,7.451420171287156
35,8.55270425231833
35,8.350977338480247
35,8.53928185125255
35,7.656525283379942
35,7.973519381262028
35,7.234944362205038
35,7.89942452538185
35,8.171759869117661
35,7.7362369762951255
35,7.740178775759461
35,7.908688126084983
35,7.755815839041599
35,7.52379036779432
35,7.74578129200596
35,7.619233947833845
35,7.735647924428353
35,8.028459861929
35,7.700975631474725
35,7.4336275757191235
35,8.38467365327465
35,7.491817632726288
35,7.403335205836232
35,7.435953260018513
35,7.908754952783011
35,8.482110029261323
35,8.140975634478695
35,8.026902230803413
35,8.040458808404008
35,8.0882699680055
35,7.947239469001505
35,7.95533134557354
35,7.231951013654939
35,8.125037230119307
35,8.109376437229223
35,7.374434473391437
35,7.980405903505638
35,7.914046192312993
35,7.102088608123336
35,8.127306134350732
35,7.934558202211173
35,8.157491909457649
35,8.135627969977543
35,7.590863351809608
35,8.51798273024114
35,8.449486198686207
35,7.375462145966947
35,8.252375713384486
35,7.837624849164556
35,7.505350256625788
35,7.883359740278179
35,7.1460285966897406
35,7.251332764430321
35,7.3950497229536
35,7.901527080250195
35,7.35395387689042
35,7.47026288662198
35,8.226919526025666
35,8.32729966232125
35,7.413505578789755
35,7.8996489551892815
35,7.341844945397332
35,8.15358142192371
35,7.620400949364632
35,7.068757744405121
35,7.7055740863034705
35,8.406430291064549
35,8.390104612348424
35,7.267799801904948
35,7.75244009591442
35,8.0038558870919
35,7.822200224455559
35,7.702330935244129
35,7.605588315450961
35,7.6792619643114195
35,7.879384663793095
35,7.6301980788618895
35,7.497136099630524
35,7.565367962714898
35,8.163396354229933
35,7.110683207099313
35,7.522494944580054
35,7.871676552948558
35,7.93296659708221
35,7.76096878670303
35,7.331488249981175
35,7.30207293686282
35,7.029545952838212
35,6.864265699311395
35,7.518073199093619
35,7.138029154246732
35,7.747116229745968
35,8.185777494286626
35,7.498839952829397
35,8.78155608418729
35,7.729975825045464
35,7.767749725614757
35,7.743872282750941
35,7.4395400491401835
36,7.624776776139685
36,8.448478481792208
36,7.819984422416053
36,7.393818929450415
36,7.563647506963897
36,7.366000290283129
36,8.39872207229403
36,8.207390943723839
36,7.11615853605748
36,7.927809139207319
36,7.843377770572546
36,7.399030940036891
36,7.600004105710152
36,8.301216920171733
36,8.39735084551594
36,7.589522312551832
36,7.910545673045164
36,7.638530172108683
36,7.864389727765752
36,7.866588855279319
36,7.842809846228777
36,8.12110567056982
36,7.086609686670707
36,7.840408043966643
36,7.389455051818487
36,8.632310300592632
36,8.007506258857186
36,7.506886250286951
36,7.570286023110077
36,7.618566397747864
36,7.12158141828447
36,7.778009529351279
36,7.392718122342797
36,7.2468588153839555
36,7.95463589892624
36,7.608227759553191
36,7.528846272894885
36,8.101761549250012
36,7.134679303533001
36,8.368098832569455
36,7.312909465690228
36,7.930162951681616
36,7.494351520473417
36,7.495870516236586
36,7.249545750528819
36,7.91280113162597
36,7.967752830723203
36,7.227658016557368
36,6.700027554751832
36,8.169902284525449
36,7.5510183290793895
36,7.91575629194887
36,6.9016558583448075
36,8.047253687950864
36,8.405791795693485
36,8.399890852861434
36,7.7334441216091045
36,7.446859302251642
36,8.254127569350295
36,7.490805290158624
36,8.359601724775375
36,7.7810519001585865
36,8.181389923476239
36,6.980195637786242
36,7.522246224420192
36,7.748806606461876
36,8.04646189158044
36,8.227686318899472
36,7.531290663848759
36,7.763957016956974
36,7.478319051633324
36,7.83746536772931
36,7.2282930052026355
36,7.898999193167258
36,7.962551088891121
36,8.262578989969677
36,7.618190111015718
36,7.722377934708718
36,7.9875298216908766
36,7.630034650889075
36,7.68412625451794
36,8.106723304095146
36,8.554415486404231
36,7.673813348916824
36,7.8579407508360255
36,7.874962909740385
36,8.285862062772836
36,7.620058472759584
36,7.481765469911012
36,7.731285419868938
36,7.280683577727359
36,7.6175366037061885
36,7.940472853831981
36,7.242552587672008
36,7.909069302712789
36,8.155168572756788
36,8.193184870854852
36,7.8466026189105955
36,8.119965469793291
36,7.771941839387467
37,7.637889859276413
37,7.598844607125425
37,7.439161715091311
37,7.179992493625731
37,7.832044408498507
37,7.948140566105443
37,7.952296475372433
37,7.295824278131859
37,7.538931790278475
37,7.457155588277405
37,7.676131792347436
37,8.004731395327587
37,7.531962059928835
37,7.302727932509522
37,7.896131507213885
37,7.514875204102985
37,7.3673658477113815
37,8.297726290921489
37,7.39087565818558
37,8.288463845393668
37,7.496471324917107
37,7.355489408182758
37,6.997598084554327
37,7.170429373348174
37,8.286881310049296
37,7.505863918038435
37,7.28841602729308
37,8.006768960921415
37,8.14531684637268
37,7.365824469085819
37,7.9658807740789435
37,7.064591414886041
37,7.488582920748487
37,7.76767292605621
37,6.986023884444122
37,7.675414342348863
37,7.90710070066512
37,7.930803927416926
37,7.797513539456506
37,7.726866571271549
37,7.988275085727335
37,7.348518588978748
37,7.251525715719055
37,7.542790484986117
37,7.707892507848566
37,8.16238847185538
37,7.502475939261524
37,7.4280597806066195
37,7.259957988229448
37,8.144194522826353
37,7.138059702144931
37,7.854564933667084
37,7.780347198023483
37,7.647490295035494
37,7.603664277235257
37,8.548361813298364
37,8.227573157926429
37,7.46875884670951
37,8.106010966299046
37,6.72046772963567
37,8.041102925758748
37,7.552577572325374
37,7.584383830130545
37,7.789971788421463
37,7.939944019146839
37,7.649864252408726
37,7.975563275068423
37,7.693887770434112
37,8.308467204029258
37,6.985146577138943
37,7.52668162278345
37,8.190777307578205
37,7.372523320981486
37,8.232234006790579
37,8.161390597640489
37,7.877633453965647
37,8.204867445558214
37,6.959956842231779
37,7.876600404242761
37,7.217827616427566
37,7.400458319291514
37,8.212652799541498
37,7.163513591228472
37,8.05819242095415
37,8.24738637474611
37,7.339771471755739
37,7.614581660856898
37,7.978212108087993
37,8.131208956616744
37,6.766402161974384
37,7.2379288184626205
37,7.9179173984017375
37,7.673062222431039
37,6.738086885274406
37,7.0550441689328975
37,7.8284436759088365
37,8.043685427687123
37,7.970269748034897
37,7.873503885998036
37,8.181872964679034
38,7.8937632322407
38,8.988618960172897
38,7.4581221108767615
38,7.930879102284859
38,7.122715930379014
38,7.110171857219595
38,7.062593524948601
38,7.420305824666985
38,7.304906190267112
38,7.787815499765523
38,7.582479920657563
38,7.442639845502863
38,6.934506514813615
38,7.700852338879844
38,7.924662922153188
38,6.993710171291676
38,6.990888458125216
38,8.011567431464336
38,7.171260966387629
38,7.990630803391713
38,7.510509664081209
38,8.125750604015433
38,7.83344194730777
38,8.390224428755474
38,8.285132746784681
38,7.401052832599276
38,7.924889895897114
38,7.8656012618040725
38,7.4892416514803815
38,8.48516095782984
38,7.081395620346809
38,7.585831797731993
38,8.011820034105924
38,7.124528221577258
38,8.140801407756705
38,7.3826718592350735
38,7.109503396916856
38,7.400897844242058
38,8.014189426534411
38,7.3996839063007425
38,7.567363526127781
38,8.024839871282897
38,7.669274485452849
38,8.191723833470274
38,7.755353576272942
38,7.796447384317772
38,8.16234087851863
38,7.894876796669535
38,7.306489223647446
38,7.658345040075317
38,7.892295250560738
38,8.283187862036783
38,7.517217959403768
38,7.7336678382019794
38,7.402140910029907
38,7.4156109392753455
38,7.7806401118704835
38,7.379978853763926
38,8.111834226736637
38,7.808388955004881
38,6.791097381636089
38,7.882217171181165
38,7.961289139794543
38,7.401969557095396
38,8.077459368660456
38,7.834679619584868
38,7.643486237099603
38,8.103370689971273
38,7.78172728191061
38,7.037480268366696
38,7.853426332919229
38,7.649098313458689
38,7.205376968122625
38,7.973747220505666
38,6.952777685714704
38,7.6792055243644475
38,7.395476712913987
38,6.940526153653081
38,7.452015857807326
38,7.081952474364718
38,7.710035612032503
38,7.804309937731627
38,7.272126987736863
38,7.41482881712772
38,7.813437832977286
38,8.209422151507454
38,7.590882482793446
38,8.084277727319447
38,7.649794867637588
38,7.5242488138138865
38,8.228342464876842
38,7.7109328147261955
38,7.574968952489867
38,7.663737511008744
38,6.913626335644515
38,8.039521999090013
38,7.392444097111888
38,7.9794054599642585
38,7.527957506349264
38,7.062132306458714
39,7.723998676054768
39,7.415440251450403
39,7.068539036308647
39,7.719624806556607
39,8.71141671248895
39,7.470224604934786
39,8.171849519825107
39,7.584328665523595
39,7.658951615432082
39,7.639738090191796
39,7.227667553252911
39,7.629400090856815
39,7.7715266359716555
39,7.063429058536692
39,7.767270906953838
39,7.884290164357587
39,7.807609229675538
39,7.5652334099559315
39,8.091620477794198
39,7.488272812010739
39,8.163564260937298
39,7.100219086356718
39,7.318842274946036
39,7.679339978034558
39,6.972984820041251
39,7.189732794720853
39,8.231021950903575
39,8.020766139651181
39,7.800869360959137
39,8.01173651730432
39,8.311572116708968
39,7.708237553306575
39,7.8200036031515845
39,7.182324930425931
39,8.296736400953272
39,7.348855216761274
39,7.202562978419386
39,8.266626448961517
39,7.22386041096167
39,7.702674852951228
39,7.104680723469841
39,8.892742875215182
39,7.145184990165006
39,7.609738575648663
39,8.125266771649878
39,7.359978683487823
39,7.755815654614793
39,7.89881986698819
39,8.056418101667015
39,7.85055524841036
39,7.588013460333152
39,7.877353991992363
39,7.775655042040436
39,8.22854125166365
39,7.372652708428089
39,6.66995692301516
39,8.167291698268498
39,7.401495310654062
39,8.236733772065469
39,7.951623200615587
39,7.298536204613298
39,8.228277998283414
39,7.761367996932785
39,7.783148906572884
39,8.044083730048193
39,7.6865226206649115
39,6.727841584335371
39,8.122449420038912
39,7.962734098396553
39,7.99362363264617
39,7.531028097414711
39,7.979507733793618
39,7.824401022300731
39,7.985844827076167
39,8.008993369908914
39,7.162677600907171
39,7.5593945829232405
39,7.375577475824935
39,8.17998893875082
39,8.415851093987733
39,7.910680125605914
39,7.630625386788803
39,8.112306959926435
39,6.979749797752711
39,7.446988860297576
39,7.783103920734905
39,7.676384147817632
39,8.08969941192475
39,7.844221915297583
39,7.140612715833995
39,7.541093816800247
39,7.8990583430915615
39,7.1467585898093775
39,7.9520431739332595
39,8.429986090413335
39,7.682335958540477
39,8.104363846711882
39,8.472020311553806
39,8.252570994988224
39,7.2278692136033875
40,7.479041775360674
40,7.908479256336839
40,8.218665844083205
40,7.645060584965943
40,7.885233654087553
40,7.227585378375348
40,7.440967645787212
40,7.530892511841774
40,7.340471927362972
40,7.9755436555109815
40,7.534237987249833
40,7.0748105571580036
40,8.269470158492885
40,7.7801369241417975
40,7.430931571289385
40,6.986087818064549
40,7.577611179543205
40,7.882827545129902
40,7.759769171664647
40,7.764404716091471
40,7.88830798894439
40,7.7334298807006405
40,8.188707660250463
40,8.37680891182216
40,8.3379763173918
40,7.425392788765084
40,7.4377698076342185
40,7.510279982124799
40,7.626122927442349
40,7.449796950223595
40,8.0594481920852
40,7.805470031938052
40,7.713323332408778
40,7.359010600738206
40,7.988183063504048
40,7.736230377477037
40,7.923217621816499
40,7.563476815641325
40,7.2047178790432636
40,7.995891273096849
40,7.712445761695625
40,8.048602491645665
40,7.115184908393181
40,7.520053464757699
40,7.646717241940475
40,7.571844454791335
40,8.089255678882813
40,7.633942407400849
40,7.8219736586359145
40,8.412728385022293
40,7.582637714441979
40,7.591241762853813
40,7.744510081445234
40,7.337518060919953
40,7.572429303134494
40,7.589356576650091
40,8.2850333865806
40,8.263288522354433
40,7.727992537315889
40,7.0394081308674235
40,7.296731682570115
40,7.321980778800684
40,7.188669565675284
40,7.736724041741155
40,7.339995997390539
40,8.299434940139056
40,7.406810116352242
40,7.3411620613184825
40,7.4145996713579745
40,7.290082686974457
40,7.903690700835127
40,6.798727781617715
40,8.343555314758397
40,7.229462061610244
40,7.915157484183552
40,7.153336555902729
40,6.781934424220518
40,7.668734744213687
40,7.6612514630017445
40,7.634620836967647
40,7.936315941705782
40,7.934416807187293
40,8.296365214589711
40,7.244089790355301
40,8.19235399654326
40,7.836743769999014
40,7.190433635397626
40,6.73487150577062
40,7.0769907216637975
40,8.040599687127559
40,7.728353620202513
40,8.202193738781828
40,7.2589086878003855
40,7.679735597816224
40,6.840069906898396
40,7.408964267443014
40,7.977589154686201
40,7.431090494590429
40,8.36896175870865
40,7.030640618303696
41,7.752249067211237
41,7.585640020586266
41,7.882381381756328
41,7.946027092605216
41,8.224446503349556
41,6.920654152396091
41,7.810601180693875
41,8.089649374609309
41,6.934156996659225
41,7.309466388211104
41,7.955986653330965
41,7.8481334086677235
41,8.184615098707718
41,7.495142184900391
41,8.227322628066501
41,7.853900057421258
41,8.04079191455422
41,7.808732184296921
41,8.012737369856758
41,8.35204096666419
41,7.378756221162865
41,8.359791338632844
41,7.352684561169106
41,7.559092854169024
41,6.960574145504186
41,7.284419496825494
41,8.072879693248634
41,7.700195249670853
41,7.3899694926986195
41,7.308762976391592
41,7.179231316643833
41,7.5309767341770275
41,7.460937992305896
41,7.828529815493546
41,7.508099624108146
41,7.635417874787431
41,8.301112312762598
41,7.23660192470246
41,7.934237619604402
41,7.1159317206854436
41,7.624871318928757
41,7.953117288053395
41,7.123773121137154
41,7.827370244662151
41,7.397660935870289
41,7.4114626269819315
41,7.3439029884532765
41,7.880384231406158
41,7.60962929018041
41,7.455564913598564
41,8.095605905409029
41,8.068294789664447
41,8.44480152325354
41,7.350028686527512
41,7.379843731413344
41,7.553993131910272
41,7.988983301792025
41,7.4257168649718075
41,8.229927162704971
41,7.383436310625262
41,7.86058911341099
41,7.688160264595326
41,7.623337459141566
41,7.982557408746066
41,7.915923507266603
41,7.831072181816016
41,7.429639053160316
41,7.387762845305486
41,7.645543627014101
41,7.396189185316976
41,7.276844877187107
41,8.394365078915387
41,7.748093383784898
41,8.101425800241756
41,7.835445542751319
41,7.243951502599259
41,8.016078599291514
41,7.513542386677848
41,8.17504086264415
41,7.555377304115308
41,7.881248396812744
41,6.8209232439942715
41,8.098914268329107
41,7.731321440258156
41,7.396102521688813
41,8.060957583551598
41,7.418234771269164
41,7.877480552805764
41,7.3159815727858835
41,7.380942534349243
41,7.186218248333318
41,7.799788589287487
41,7.581624470344327
41,7.806696550664274
41,7.394545619253375
41,7.50537200739966
41,7.23674269795068
41,8.16510966717792
41,7.60849758552567
41,7.873268166103535
42,8.51343662148036
42,7.200105997235284
42,7.891633666054727
42,7.033272176697648
42,8.121851097902333
42,8.27144370360189
42,8.28620893486937
42,7.7713127155308435
42,7.930720841458537
42,7.357733237456197
42,7.7189989970032045
42,7.519718887010304
42,7.029127436184436
42,7.857477126537596
42,8.26345940867026
42,8.007019856868371
42,7.90783498701492
42,8.594219976969535
42,7.637030278312032
42,7.339436305111365
42,7.718372908250546
42,6.904241237431454
42,7.838227248352765
42,7.152415935010381
42,6.938299758631413
42,8.227998088944426
42,7.929812525897513
42,8.272319156915756
42,7.411929762888005
42,8.217167674495673
42,7.476506278344381
42,7.4012355662558775
42,7.302566102530911
42,7.268960088442601
42,7.249882875032305
42,7.51109159035007
42,8.3311215226968
42,7.8529413736850096
42,7.599170022490434
42,8.083448533423018
42,8.033007804804278
42,7.936390803892063
42,8.03020500964588
42,7.1352373930121145
42,7.684847278084987
42,7.6622195923484915
42,7.942264257042399
42,7.332500273315242
42,8.345058864222667
42,7.783418206414401
42,8.041640897709495
42,8.25913501635697
42,7.873649348939619
42,8.4012936886152
42,8.128424769729778
42,7.117544889344798
42,7.887894604302354
42,8.221264484184362
42,8.442958812059414
42,7.364644007822753
42,7.862958373920701
42,7.70790897289464
42,7.390027643755006
42,7.9429610185577335
42,8.516012145172008
42,7.825047660687311
42,7.201381171188947
42,7.5633552409637534
42,8.349991467135425
42,7.38520180237578
42,7.317354576261431
42,7.304329982353356
42,8.73122998309304
42,8.21146528736169
42,7.5904285076242
42,7.565769749841654
42,8.355535333385781
42,7.62362350113342
42,7.2408160065390685
42,7.147419930346853
42,7.616715566243372
42,7.4088627007938985
42,7.722595553458927
42,7.281928146323302
42,8.023959597352311
42,7.704389487297998
42,7.922781418952817
42,7.74790617065476
42,7.756471649322378
42,7.937851766359725
42,7.4003806053622725
42,7.705166907466772
42,7.816392403635483
42,7.213340438581727
42,7.884079515621951
42,7.263415833050509
42,7.673159654799476
42,8.242746211484015
42,7.156639132582613
42,6.983191524154851
43,7.740994314325973
43,7.631549863339167
43,7.577442251986132
43,7.662194188964486
43,7.256844535925727
43,7.629308619368033
43,7.499617265873927
43,8.327032715433745
43,6.967462086640004
43,7.012812693876728
43,7.919999758273589
43,8.477928355808832
43,7.662069607778175
43,7.858458347588771
43,8.13373152858561
43,7.510245033643343
43,7.92510396564381
43,7.686006206154742
43,7.343289186012477
43,8.098439843242097
43,7.354618838968367
43,7.336296937961722
43,8.088935591722825
43,8.291128334319001
43,7.75551567920413
43,7.807791797886288
43,7.5409632812136715
43,7.100414599306983
43,7.858970488073173
43,7.809775486918354
43,7.292403342055645
43,7.488145103412461
43,8.77314500652695
43,7.281420567489697
43,8.23771401674349
43,8.160912674529362
43,7.312172612774037
43,7.743926065549927
43,7.1284913867159005
43,8.279236030825759
43,7.482059807344484
43,7.521267146440098
43,7.680657905527619
43,7.631292163119784
43,8.10752907710286
43,8.402224068312629
43,8.194015383692015
43,7.806479679461182
43,7.384840689725841
43,7.544090972137536
43,7.44216269039679
43,7.735842079445774
43,6.618009890027647
43,7.557735090789581
43,7.682226446002481
43,8.053027097177257
43,7.12958628868904
43,7.92581848460176
43,7.149249882003408
43,8.018567194579155
43,7.705657166658463
43,8.037862563631139
43,8.473052342541424
43,7.5183094871315514
43,7.728601479564079
43,7.401786989523093
43,7.686527495679761
43,8.406000766199194
43,8.071979589425531
43,7.841979010298179
43,6.975709875386537
43,7.3313325142991665
43,7.535497668737161
43,7.372765794187208
43,7.433271701730539
43,7.590963048110691
43,6.496023571446308
43,7.854777608147037
43,7.711064703962875
43,7.945377153735086
43,7.639601907197481
43,7.892692372216812
43,7.84305933684345
43,7.2008755860931135
43,7.512069147901494
43,8.121116009819042
43,7.8854480403168115
43,7.473987467121877
43,7.200757116916676
43,7.258777549003086
43,8.435025459590964
43,7.247892902235684
43,6.8607160849190745
43,8.060796123051505
43,8.088980284420694
43,7.697237596737682
43,7.50915619445098
43,7.614315500175513
43,7.623416375748374
43,7.465877459376336
44,8.174125841096442
44,8.237466907017227
44,7.360460230756927
44,7.618370525981292
44,7.2547344498881206
44,7.488582466739793
44,8.014424183573192
44,7.729726795132296
44,7.8809061890133485
44,8.189363803032792
44,8.118086637242767
44,8.067701967752607
44,8.233040103063422
44,7.227882702034034
44,7.134659114086153
44,7.174393119809111
44,7.549681329974447
44,8.529741308899526
44,7.811539921695524
44,7.8682378640796635
44,7.915391310941505
44,7.555384587789976
44,8.049912033169779
44,7.13317986780357
44,7.691570915259141
44,8.200710291011658
44,7.74694821293064
44,7.4393789473143475
44,7.439331253770721
44,7.446626092981015
44,7.9441054914382345
44,7.6878589033784
44,7.824982004336047
44,7.490520894223554
44,7.761217940185674
44,7.775599067311091
44,7.639255205442298
44,7.456685483607973
44,6.786426166200943
44,7.2193535404392595
44,7.883393589781223
44,8.186334200512428
44,7.948982053814085
44,7.440873511320799
44,7.747553887056217
44,7.6475297144307115
44,7.592204828019464
44,8.578020685960238
44,7.510970997270541
44,7.61199655542615
44,7.61905708536207
44,7.75544988744662
44,6.8229877023299075
44,7.375814752283073
44,7.398283128003421
44,7.105970180921543
44,7.179202596605064
44,8.367685536331551
44,7.66876658268121
44,8.263183542805496
44,7.205768902670314
44,7.747469304195766
44,7.898974480122439
44,7.889683751565943
44,8.325790846164898
44,7.359338882984024
44,6.8645029440110985
44,7.293312287765368
44,8.207775457858355
44,7.29009770587715
44,7.076894181639447
44,7.625347860744511
44,7.512656467918688
44,7.27711150197166
44,7.243307083635243
44,8.10211286836325
44,6.970059061711051
44,8.054927216953809
44,7.433128070790678
44,7.5990043695335165
44,7.185139304732048
44,8.333108103363465
44,7.8010777907956275
44,8.275246838748712
44,6.824610419488491
44,7.210146942821626
44,7.278158709203796
44,8.164198466558856
44,7.737907780165858
44,8.033464436791965
44,7.587905957143882
44,8.085971305158932
44,7.60098736209099
44,7.696512700916942
44,7.4425423213959725
44,7.937363315826118
44,7.629396761048683
44,7.5927760150795045
44,7.188560380992376
44,7.825659775395068
45,7.431582952713468
45,7.326037742080923
45,8.478598602851077
45,7.585357919168635
45,7.200744395012546
45,7.119183416715433
45,7.746758261099344
45,7.830726187244337
45,7.651044267907468
45,7.767234545455255
45,7.302146109724274
45,7.556290781205051
45,7.783410526623304
45,7.451955960497026
45,7.86570595147945
45,8.236444944673629
45,7.826676127351303
45,6.969744633744994
45,7.610246623146301
45,7.711729548399758
45,7.950231347437641
45,7.7724436017115295
45,8.15032758359619
45,7.468284143079485
45,7.355517368560038
45,7.638739490213293
45,8.208544444997948
45,8.108096577091132
45,7.596746071735457
45,7.842542445711465
45,7.487793224792154
45,8.590946356446437
45,7.943549931803749
45,8.033853669101184
45,8.25658771175988
45,8.007585951481232
45,7.680437013006608
45,7.593294651838261
45,7.737258485338321
45,8.342211389297162
45,8.394409541059943
45,7.313990606373502
45,8.033877039527992
45,7.5554887429196
45,7.680865271482477
45,7.640348115567922
45,6.947858024931428
45,7.329316566190224
45,7.7739258137950635
45,7.421866365303312
45,7.116637577541571
45,8.501037237989244
45,7.836543264317414
45,7.320672246962561
45,6.93747870748423
45,7.889162297314993
45,8.353486378114665
45,7.672456266127147
45,7.589392382616556
45,7.792516577045728
45,7.050420516492014
45,7.067907304272267
45,8.142840389088258
45,7.904371429112468
45,8.137839606070909
45,7.412696992396267
45,7.758047165422438
45,8.077982512207166
45,8.071438011383751
45,7.229069656103932
45,7.492047078857501
45,7.614941389379083
45,7.709272405944285
45,7.983819584434635
45,7.799385225177769
45,7.56414167316096
45,7.556030582925145
45,8.201729719263508
45,7.863711511488289
45,7.770774547459129
45,8.094179249596767
45,7.50644893397308
45,7.386898036923831
45,7.6231949269880275
45,7.445372203465102
45,7.720279889643329
45,7.35926708936708
45,7.77029007791632
45,7.728576421190769
45,8.048518974769246
45,7.674170245048768
45,8.354572558958072
45,7.910404726515325
45,7.5708052248231885
45,8.512863063282426
45,7.830964832332416
45,8.252291582467555
45,7.161902478683442
45,8.439703796297051
45,7.824931512313644
46,7.877296619514953
46,7.3982663737486405
46,8.131731540762093
46,8.473466391908786
46,7.566214510178838
46,7.773379095006472
46,7.482337284012869
46,7.547367365033296
46,8.588691069515239
46,8.039380802983947
46,7.812060848531705
46,7.642590017226903
46,7.332677649354686
46,8.223306799417902
46,7.502119587112977
46,7.638569207194498
46,7.2462350453717015
46,8.379762229916933
46,6.704405231940881
46,7.5348906438946175
46,7.041093492695098
46,7.454849643851641
46,7.015482383118178
46,7.565618027444641
46,7.870192270162749
46,8.579744323642181
46,8.087362943697844
46,8.396013257458705
46,7.083818459693154
46,8.05486210761078
46,7.076037319610212
46,7.488698655861416
46,7.548396457031564
46,7.607419284837246
46,8.067204015367915
46,7.271838305799373
46,7.367241391714592
46,8.223967981583517
46,8.076694417283932
46,8.367035700039557
46,7.388764484339658
46,7.510166143457758
46,7.998065885209894
46,7.862775390322691
46,7.7865368619665665
46,7.751513067435546
46,8.50816451469284
46,7.77212211415666
46,7.6924629648882386
46,7.616530739900043
46,8.354652129874813
46,7.364466184452004
46,7.962851258982684
46,7.772019056502715
46,7.697768294903106
46,6.796657786703273
46,7.533797954581468
46,7.349510677301949
46,7.7332694954191075
46,6.756506712061942
46,7.4549770006457745
46,7.5469854006045445
46,7.734390110679518
46,7.555059599880459
46,7.645032640930657
46,6.886530812313401
46,7.53617391023263
46,7.429660332576279
46,7.134287970886634
46,7.182437758628411
46,7.657043944464472
46,8.140653227711178
46,7.704187752506606
46,7.7973088049883525
46,7.708683444118577
46,7.32965413396474
46,6.752829768811706
46,8.514848743499932
46,7.123114604412827
46,7.86736324181818
46,7.845095496672851
46,7.121920304015364
46,8.095802542389134
46,7.32184396110845
46,8.263777308777291
46,7.3073272497585915
46,7.9413067981865675
46,7.823354134515475
46,8.126289389275751
46,6.67201280674881
46,7.636750281902207
46,7.934751634279614
46,7.7243904419580405
46,7.878575789789209
46,7.961148008521171
46,8.192702089344973
46,7.639141607375713
46,7.355525767173484
46,7.800870069867526
46,7.7694256006721005
47,7.6184129820974045
47,7.846176736502341
47,6.9661941269529875
47,7.609703410468692
47,7.84266886278663
47,7.472254756308205
47,7.263971087868629
47,7.545970528639597
47,7.919176236874897
47,7.837714126571277
47,8.024170617554294
47,7.854202554735775
47,6.9560839847067495
47,7.243564299447392
47,7.572236445474313
47,7.170284385846122
47,7.567296527928834
47,7.619319955937725
47,7.656055305706485
47,7.679100258364732
47,7.204081992426567
47,7.9044318556524535
47,7.440775391537129
47,7.350428480176923
47,7.4967100696705256
47,7.696941523676348
47,7.8258349026863945
47,7.223226721254693
47,8.237358267482042
47,7.794092693598278
47,7.297942160119403
47,7.554371404957917
47,7.894396910266935
47,7.920157370538541
47,6.954712222434469
47,7.8102199071949485
47,7.255857242270549
47,7.139125398321048
47,7.630657659745407
47,7.9249367176558385
47,7.206480794351171
47,7.665996302327042
47,7.792523403472177
47,7.2238846326463815
47,7.024913212999718
47,8.315061413942543
47,8.196930462558367
47,7.833754900063663
47,7.271254133232193
47,7.896804598567135
47,7.806609775464681
47,7.9893562237740365
47,8.874126476462486
47,8.600647441535036
47,6.853355054369533
47,7.352932909156833
47,8.209292133475977
47,8.054611517149773
47,8.313496460581089
47,8.266417973939953
47,7.574423441721583
47,8.133718541305905
47,8.52608540190314
47,7.539234329320568
47,7.4076090686979805
47,8.175896479529662
47,7.771274375471504
47,7.762183279450868
47,8.20181739884574
47,8.190384380027046
47,7.660553027844816
47,7.214854120229193
47,7.93904247673084
47,7.662177441344641
47,7.563515482067665
47,8.062830294862776
47,7.330548900906357
47,8.661246082230976
47,8.40520899705335
47,7.9918106194737835
47,7.368933277277041
47,7.654605686680107
47,8.08865628631371
47,7.344895548474443
47,6.877617585080195
47,7.431345824074996
47,6.828894555243746
47,7.6210648875638745
47,8.532535202674643
47,8.274256088637491
47,7.595817261520336
47,7.253256197986855
47,7.382569579731831
47,8.515922402866629
47,7.51336179424782
47,7.531988974505059
47,7.691879862288265
47,7.736354046023479
47,8.195748326048578
47,8.281761685442818
48,7.5612366183546245
48,7.641336131966539
48,7.96205279198723
48,7.89066054137494
48,7.8076844790912325
48,7.493954713489004
48,6.8783769746091865
48,7.9039915360842
48,7.767425445746635
48,7.555765355740443
48,8.102805697097983
48,6.970108361993296
48,7.65416495527228
48,7.489736169987551
48,7.597235573947443
48,7.687336857819678
48,8.270772571847573
48,7.932334891086123
48,7.842581552278643
48,7.637605167557188
48,7.565660266889441
48,7.443085758404826
48,7.950018639221604
48,7.5181966255941965
48,7.555595911148158
48,7.671770971511864
48,7.7163643104741375
48,7.73842264421111
48,8.621146589085097
48,7.682404701973736
48,7.597668778631429
48,7.72291735748518
48,7.69085183103545
48,8.606322226984572
48,7.318969188299658
48,7.275476727706883
48,7.447666773186958
48,7.214495246138122
48,7.068596823163003
48,7.547396080654455
48,7.815510098507619
48,8.296923655137242
48,8.090909269528549
48,7.627231090949194
48,7.529002564271998
48,7.837167756637537
48,7.851320474345105
48,7.625220612353917
48,8.239307384725238
48,7.348153592052622
48,8.53826541785913
48,7.681212179336148
48,7.22249925256124
48,8.480174541007798
48,7.335824167978603
48,7.401593944089191
48,7.510569740526868
48,7.983979326903792
48,8.133889315437479
48,7.964682631511631
48,7.8286880662371745
48,7.5127187891807035
48,7.838347091569827
48,7.7059662244096065
48,7.355411359180322
48,7.9342514022695365
48,8.245386252619063
48,7.721838203985471
48,7.606274883454553
48,7.688605420546517
48,7.584370155181507
48,7.739236555215638
48,6.817053750223952
48,7.261896532832262
48,8.002250788708809
48,7.749462225580096
48,8.35229761471982
48,8.481626944836016
48,7.888018754153246
48,7.6161482037011545
48,7.942011029308208
48,7.94892882436603
48,7.265759759493396
48,7.918632401935678
48,7.567039760510215
48,7.943786622435157
48,7.7782095762400285
48,7.324003451784132
48,7.861087922691087
48,7.267238924731554
48,7.711718574932703
48,7.73790371102799
48,7.633426154385424
48,7.72420989717165
48,7.263865355023009
48,7.902638327386584
48,7.487401478711296
48,7.18979549651408
48,8.188847542206002
48,8.011270230342046
49,7.396306095934391
49,7.801163171785371
49,8.236142928150759
49,8.187979770821329
49,7.844864709663965
49,7.546602522311303
49,7.092528268283146
49,8.017149738125337
49,8.137090724422219
49,7.336606305734963
49,7.662907028873666
49,7.391258056067702
49,7.252441412383568
49,7.9216791856579025
49,7.101264625068835
49,7.364890305247485
49,7.572656885181131
49,7.574772914894927
49,7.772095606538562
49,7.283987702349702
49,7.421926782314599
49,8.368983120931848
49,7.075298406686003
49,8.48825493650649
49,7.811013065207776
49,6.748760671596493
49,7.639206030088176
49,7.762831795554035
49,7.760896711790452
49,8.235804706873182
49,7.7752515798164605
49,7.519499145728047
49,6.911865409490156
49,7.380973547001007
49,7.993406373643819
49,8.305592887410647
49,7.856346038750967
49,7.38753605677646
49,8.12007540447652
49,7.7530894488378825
49,7.4021146680796575
49,7.6788238518780485
49,7.534954832959147
49,7.708232414323942
49,7.712519226491703
49,6.698281023134561
49,7.667059437504178
49,7.1481342579949
49,7.611333040788832
49,7.299110214370437
49,7.88682157962404
49,7.165509186225831
49,7.468636380724481
49,8.104394412659033
49,7.747096327813219
49,8.660524461696957
49,7.506418784089042
49,7.365938921274896
49,7.218102776249104
49,7.483041614770044
49,7.578640735050741
49,7.409759511280568
49,7.084201301252002
49,7.992101537381252
49,7.850368349850146
49,7.670488540717286
49,7.300564795296924
49,8.167160693044801
49,7.779575988887228
49,7.094713477875756
49,7.137982781860193
49,7.789501260205092
49,8.227436234633537
49,8.03023499252126
49,7.618255765910314
49,7.105114673447376
49,8.168478310537836
49,7.916628258769307
49,8.075981441818708
49,7.19605287540265
49,7.939609497916848
49,8.22021586576546
49,7.925515008913338
49,7.855968354679473
49,8.451318952072855
49,7.637544422800922
49,8.309726513829167
49,7.2829064200672144
49,8.108250908347838
49,7.717250391334406
49,7.487389585414669
49,7.8317473886933495
49,8.039171872958102
49,7.878846167164008
49,8.166017825935063
49,6.695744111499916
49,8.322959944010176
49,7.978145434755704
49,8.536683392300496
49,7.588691655098217
50,7.750229088336219
50,8.27637873705309
50,7.806217983636743
50,7.83752678101054
50,7.599254122275771
50,7.181825759845918
50,7.329004193135886
50,7.44003728749305
50,7.779363571074213
50,7.1710502744701765
50,7.353630102370607
50,7.955790847834818
50,8.120177055851299
50,7.771706870116641
50,8.063171269555992
50,7.818349170251896
50,7.620982604085708
50,8.172443779209454
50,7.529487874177614
50,7.883601785439457
50,8.785217190658086
50,6.314817711482574
50,7.213160849044547
50,7.699612616223814
50,7.452671019038834
50,8.051534946581945
50,7.473172665301488
50,7.609975476159839
50,7.278207082684477
50,7.740155402235117
50,7.943970238708514
50,8.194158513766421
50,7.514177656018936
50,8.163392677402767
50,7.148893385650585
50,8.396828077153941
50,7.841003943495769
50,8.010294235084427
50,7.58927921863188
50,7.588063496301013
50,7.5126744472451445
50,7.55232708922972
50,7.536973709091672
50,8.230721892776302
50,8.811543433987874
50,7.751641426082439
50,7.318466920724507
50,7.999339752990685
50,7.531274630162712
50,8.099603426242401
50,8.259017689269685
50,7.526319113141287
50,7.452991043909302
50,8.041031403608853
50,7.974328955144544
50,7.594533489814788
50,8.07901483492791
50,7.76085917150023
50,8.211540057815062
50,7.241834054057225
50,7.055256816710552
50,8.03280896550972
50,7.823730491964643
50,7.49895435839769
50,7.097801228607271
50,7.956190581661847
50,7.61318132741824
50,7.950579351953374
50,7.203912174047012
50,8.097048249490726
50,7.765042258861353
50,7.565091158505584
50,6.995670825813363
50,7.255854515330635
50,7.348308711120866
50,8.527145415063222
50,7.004752676922924
50,7.724778158678713
50,7.987231780237052
50,7.6233418207928345
50,7.868783068809428
50,7.943261536079777
50,7.502490923049072
50,7.4315890855203826
50,8.720460673199181
50,7.4295845635539095
50,7.910299504096884
50,7.958742873423161
50,8.00880003843444
50,7.820678938321053
50,7.520520345056269
50,7.691400475537794
50,7.901266528172491
50,7.873750847706533
50,8.045270369223454
50,7.533757130411983
50,7.44348922830287
50,8.346222760882734
50,7.526715608501215
50,7.7958059964414135
51,7.431244863095616
51,7.901286064448613
51,7.4153981181214474
51,7.465270977866204
51,8.256996203362531
51,7.427635066177403
51,7.214361997621728
51,8.063395376180749
51,7.9856995591691575
51,6.971197110800575
51,7.8743367456403055
51,8.325799329966715
51,8.484262148258402
51,7.333728031113927
51,7.922844953325738
51,8.137697108623353
51,8.84885330896144
51,7.105544857906201
51,8.31196914296724
51,7.8533490223893265
51,7.808833699195194
51,7.858066430118537
51,7.5806287375109775
51,8.336942300116434
51,8.327668976518094
51,7.590541141952478
51,7.743638888131872
51,7.725837516206308
51,7.506250064021057
51,8.011497873370017
51,7.31753347009987
51,7.3903555304293
51,8.049147398195295
51,7.480315611559006
51,8.439636445383476
51,7.490160853506665
51,7.08196209491299
51,8.198414389414772
51,8.13465828548495
51,7.60844669132189
51,7.357493539337103
51,8.270175040084169
51,7.781873128487762
51,7.8161059149162995
51,8.291667545659145
51,7.302725428020571
51,7.490523587312527
51,7.922231449641249
51,7.7176773149225415
51,8.01977979517106
51,7.2321404411594905
51,7.063885921431602
51,7.960622298007579
51,8.269998711095266
51,7.709845166162808
51,6.997589813978725
51,8.3795907394903
51,7.636947185357036
51,8.181928091722517
51,7.621312220538579
51,7.845841749435604
51,7.1038530873261
51,7.7431296208283324
51,7.042125182535764
51,7.672872841441356
51,7.598828785586942
51,7.627175389341254
51,7.704818044481999
51,7.947739134840868
51,7.251186418176055
51,8.169207658513576
51,8.22397708824518
51,8.013464163788537
51,7.614991166156738
51,7.759583179876728
51,7.462374402058015
51,7.628579965006991
51,7.779045459113219
51,7.6723152694379735
51,7.467563250512294
51,6.966100815275101
51,7.559600540518284
51,7.3671993390674935
51,8.047902545583144
51,7.091616413954251
51,7.72668983188243
51,7.285585588917457
51,8.101106992231635
51,8.211190089389104
51,8.050126900618666
51,7.718970901583921
51,7.309415943476722
51,7.819679992136255
51,7.737794567921002
51,7.875839789022816
51,7.875436734038722
51,7.404627490489495
51,7.780442860002477
51,7.4456051738539575
51,7.248877040117964
52,7.636223942545883
52,8.426043841146337
52,7.497716139128279
52,7.81282665438571
52,7.989942071771894
52,8.240761970793846
52,7.454049492576669
52,8.305647630011709
52,7.848579710846106
52,7.10552690305963
52,7.636950206223397
52,7.328022888500844
52,8.02803066788601
52,7.883485022635819
52,7.511901784252674
52,7.437619715235803
52,7.492375179247429
52,8.218365010695157
52,7.236522567647387
52,7.251418910599677
52,7.495225611578499
52,7.416129167492718
52,8.252315929134484
52,7.639125550179817
52,8.479622141668063
52,7.78040174319639
52,7.5945615787011915
52,7.654269637056002
52,7.935637375698814
52,6.9798438743183615
52,7.817119475355058
52,8.54568695112306
52,6.488900415331195
52,7.408155992025289
52,8.30625431910528
52,7.256618877250454
52,7.309556935937569
52,7.158640930128123
52,7.214041166788417
52,7.828519710044065
52,6.882386635765772
52,8.232201106720058
52,7.224758994078486
52,7.219629275124902
52,7.389288573645147
52,7.40628734875129
52,7.4630315077522535
52,7.71617916152103
52,7.6898561704045525
52,7.723921891832951
52,7.897120626051442
52,7.903669466733162
52,7.869469628922156
52,7.397870473183214
52,8.076905126640638
52,7.104703764223805
52,7.220962677651958
52,7.636935946704484
52,7.599948200559135
52,6.54095287344756
52,7.484361339690723
52,7.156515288847128
52,8.078791612555257
52,7.701929021012125
52,7.749923809646516
52,7.025800929829091
52,8.399256046929064
52,7.0926341888606155
52,7.718112919963641
52,7.574279217233164
52,7.702513450773433
52,7.6777287096801725
52,7.891972551739293
52,8.007355264551105
52,8.06328065627443
52,6.8641394998043985
52,7.494579128394019
52,7.905441217317251
52,7.390547469221929
52,8.372062433443503
52,7.694948209428268
52,7.329533744445809
52,7.753900870275924
52,7.591154957403923
52,7.332604257483163
52,7.521617298077374
52,7.228552570806215
52,7.668605930364183
52,7.381028335663968
52,7.799127295150267
52,7.285584419985513
52,7.588503240799839
52,7.897047731977437
52,8.042793499955673
52,7.711396783384068
52,7.818501615525779
52,7.221167800115892
52,7.9062275717882615
52,8.164807083874498
52,7.817854981080335
53,7.691070775030603
53,7.758696835468677
53,8.42627814621307
53,8.291160674180167
53,8.19258816977626
53,7.825299242233719
53,8.592054645130114
53,7.2729782234662705
53,6.973998102812443
53,7.703673488477038
53,7.587107309122936
53,7.53227659361434
53,8.478185206417518
53,7.719115608868516
53,7.939482528754114
53,7.757508638146046
53,7.94289291024817
53,8.00473351887605
53,8.865653085673905
53,7.715795664376876
53,8.118716171975862
53,7.650584671704996
53,7.372484031740597
53,7.562666645975245
53,7.963641607728777
53,8.26182811996456
53,8.790118585355103
53,8.283516318786436
53,6.885595420133809
53,7.605401133630018
53,7.387227236503548
53,7.791140611152357
53,7.654046401288138
53,8.586099671959554
53,7.783280999884628
53,7.815623567774453
53,7.4208212470925
53,8.1966338876314
53,8.242450226892323
53,7.929115686573215
53,7.177248333338423
53,7.971866712886283
53,7.236775376467779
53,8.573891563082931
53,7.139228049883814
53,7.605075860590932
53,7.610152353116989
53,7.749597207550105
53,7.114217456713585
53,8.332428577608306
53,7.822814470354171
53,7.076992848497675
53,7.47165134899293
53,7.055244641290063
53,7.927644687312578
53,8.326855628032297
53,7.304443610992463
53,7.3027679187432035
53,6.9835160463233965
53,8.101021021211901
53,7.690160041048865
53,7.495579222029091
53,7.969553724921293
53,7.729143958064828
53,7.6102253682851195
53,7.9089513564162885
53,7.901631410319978
53,7.844338894091777
53,7.587070981838002
53,7.521789609595248
53,7.583425972130713
53,7.778305899748108
53,7.3807638591000195
53,8.661960761676166
53,7.87606678029117
53,6.962803656964521
53,6.929631121803409
53,7.965293413132499
53,7.4750378762507514
53,7.9264395055017145
53,6.8085251267098705
53,7.439925101911561
53,8.277887446589315
53,8.083371681102747
53,8.078631081564675
53,7.9905540870864185
53,7.842017291805259
53,8.304519275334263
53,7.7803035208494125
53,7.28940510225932
53,7.456912435282858
53,7.6761905992047135
53,7.67393354454583
53,7.290095098164155
53,8.184594071192386
53,8.186220365683855
53,7.743151856467453
53,8.155012499054125
53,7.360863557026327
53,7.675759569436409
54,7.40028107270931
54,7.0612945723129465
54,7.894071671546097
54,7.664469704458785
54,7.54425953391363
54,7.562118980556902
54,7.567719153533892
54,7.832630225987668
54,8.232362140495393
54,8.319119862810016
54,7.806338033018484
54,7.537787313020962
54,7.017802319387577
54,7.843396338726702
54,7.820209154706706
54,7.03012399092898
54,7.607758276820016
54,7.3658144873533695
54,7.431422293614494
54,7.630386523777503
54,7.697992350277469
54,7.701836222388931
54,7.193813755469851
54,7.0981836396658755
54,8.042100378728234
54,8.14274125058783
54,7.887360848917675
54,7.710521543405011
54,7.537064042903352
54,7.638284608762405
54,7.888685943156938
54,8.358278129052023
54,7.973268935053585
54,7.670984341626729
54,7.28847457926188
54,7.128312909290294
54,7.418563775191464
54,8.366458889967262
54,7.650988648028366
54,7.692394884132223
54,7.951361264031636
54,7.330104473760092
54,7.724643529903731
54,7.269116826622184
54,7.907228148544445
54,8.00820028469207
54,7.486431534472961
54,8.744074920088519
54,7.324546891890361
54,7.261711728966865
54,7.715140563834495
54,8.195073871060492
54,8.083140579284992
54,7.817243030813679
54,7.778597259994672
54,7.36951173591204
54,7.645364212472345
54,7.392208560411014
54,7.568484135343596
54,7.579428797460127
54,7.497932949751113
54,7.984440434665575
54,8.493751772666231
54,8.360161441087964
54,7.685251227565653
54,7.736387217790691
54,8.162178253102967
54,7.828026893330233
54,7.5900544691238165
54,7.495845411671061
54,8.113825605335343
54,8.344230426677782
54,7.940703204159061
54,7.779417623329205
54,7.725316835267713
54,7.359289265900351
54,7.841341071192969
54,7.139426129219387
54,7.79767120705844
54,7.844996243456264
54,7.97086761735407
54,7.307570575221121
54,7.417282644530351
54,7.3525931628421235
54,7.870646157920764
54,7.599653027225369
54,7.91437870186853
54,7.57146453606023
54,7.943560142071528
54,7.628705458248649
54,6.808641040043279
54,8.096141942304794
54,6.962919522001993
54,7.400373268365993
54,7.535074028383744
54,7.814160763749113
54,7.754871226891385
54,7.189266136918438
54,7.744701037084962
54,7.756989669931148
55,7.745142870688272
55,7.981434462211656
55,7.347110468102796
55,7.396126323046791
55,7.8838163642787
55,7.774411459477058
55,8.13897494987413
55,7.4738162786316105
55,7.5631964646727825
55,8.004610531506252
55,8.302662278304858
55,7.8913006411825855
55,7.122917755800833
55,8.165222717372957
55,7.56905556992138
55,7.637808799624061
55,8.02377069282046
55,7.649576342014122
55,7.110917264777851
55,8.639048740142318
55,8.048479278460498
55,8.156844407700083
55,7.8403910244672685
55,8.471711555748499
55,8.184534084148435
55,7.966085887434581
55,6.7888208417646725
55,7.470904626263542
55,8.001113447515007
55,7.605640220143263
55,7.5272589519428355
55,7.038688314599399
55,7.765428057140796
55,7.842140038890805
55,7.542465396708397
55,7.542550116942243
55,7.217548702473318
55,8.181641600835043
55,7.433661559979162
55,8.208237837239812
55,8.12007231168242
55,7.476271868744005
55,7.9130566405845695
55,8.04344363062727
55,7.278774457088191
55,7.275376129437424
55,8.4836726408429
55,7.753397593237781
55,7.546227469479137
55,8.172268097943125
55,8.080467432737848
55,8.099924091001638
55,7.535797413027764
55,7.675261248283512
55,7.98927515721106
55,7.7808334553378815
55,7.745037618087544
55,8.206177246649217
55,7.415623619950778
55,7.9539974077589966
55,7.800934676726812
55,6.917014091260819
55,7.418105032164319
55,7.017803995927848
55,7.736136909942318
55,7.716942129546752
55,8.075731708275816
55,7.8011417063798545
55,7.670951197553907
55,7.667850863282443
55,8.094102135823478
55,7.772980100503857
55,8.246852759374537
55,7.915231835867815
55,7.690169972724473
55,8.00538855542197
55,7.845429081121426
55,7.962260260551618
55,8.057373354626238
55,7.240143460324203
55,7.625561015555015
55,7.2707080782811495
55,7.878999779568849
55,6.928035220859794
55,7.807426670883286
55,7.603650444315849
55,7.181174812913063
55,7.511481541099295
55,7.953681386207446
55,8.14651302799875
55,7.752059513577492
55,7.231359844290454
55,6.823718803126265
55,7.880698125344366
55,7.2426506960534764
55,7.42527864483911
55,7.312626158642347
55,7.801881841623395
55,7.83127059011921
55,8.083085187774714
56,7.7869976808074535
56,7.994031964060969
56,7.480020033263313
56,7.70240138343058
56,8.313837298295917
56,7.935980340692423
56,7.842044676410946
56,7.642363027310818
56,7.69339749849005
56,8.010107980322312
56,8.183169664207742
56,7.780437083398034
56,8.317559180412003
56,7.349693901714768
56,8.435501791952293
56,7.241011192732656
56,6.994664723757543
56,7.4232110092869945
56,8.425649977716105
56,7.964681216201358
56,7.320939257742425
56,7.193130440131881
56,8.207531641323463
56,7.425891816164901
56,8.13236612688573
56,7.283505688489663
56,8.014525672613589
56,7.5263026995958615
56,7.773284796924903
56,8.151732811277752
56,7.371171285008835
56,7.024537491856994
56,7.6527019540878145
56,8.384507384686517
56,7.11025338643159
56,8.621430848389465
56,7.4608202286019525
56,8.14476088906151
56,8.258407089578261
56,7.805514076289166
56,7.279739473810869
56,7.895817287798837
56,8.182781826301424
56,8.0729191724584
56,8.183764515137662
56,7.3598504378447505
56,8.128356920987644
56,7.47014829172852
56,7.791977989784915
56,7.952631149184915
56,7.9412406049076365
56,7.633643769828889
56,6.878671548892219
56,7.793782136540646
56,7.9644066376034095
56,8.319168458250482
56,7.861252857536321
56,7.821245438626339
56,7.563367420752904
56,8.17662975985019
56,8.020277169470296
56,8.39928282836096
56,7.3102299326746705
56,7.294720113290039
56,7.347768707950433
56,7.754818652521794
56,7.210126120283527
56,7.099870140301699
56,7.875834754875508
56,7.252556409669592
56,7.660257675805871
56,7.421259857612556
56,7.220515814568522
56,7.523565373499123
56,6.9645361187985655
56,7.333565561605615
56,7.587527633274866
56,7.272376756284143
56,8.043634577060185
56,7.540820098291561
56,7.682103897856717
56,7.699864630098245
56,7.51654867078783
56,7.261239908473064
56,7.748726548387279
56,7.965873601929911
56,7.702963610106059
56,7.736953380086416
56,7.781941555719154
56,7.790673281761051
56,7.652776108803399
56,7.395519088682354
56,8.280933239184018
56,6.773206495198907
56,8.453005650670265
56,7.455080951733395
56,7.565434145889243
56,7.218963109443715
56,7.98698214894698
56,7.913918757854488
57,7.415588992673215
57,7.744172346085785
57,8.19153133557609
57,7.33440574309883
57,8.02878881822414
57,7.917490367538466
57,7.44244276717863
57,7.182740133780211
57,7.78556719239666
57,7.933074923478959
57,7.153518810574626
57,7.93128275065005
57,7.531564911108673
57,7.1045684307142105
57,7.329543045612055
57,7.478264810507771
57,7.552908671903171
57,7.592036517389783
57,7.642019541961167
57,8.033782239622068
57,8.345849033583063
57,8.087831455501755
57,7.975718848029683
57,7.253742924158509
57,7.013948082105501
57,8.1867180077224
57,7.529368586741052
57,7.340307571050577
57,7.103516601024327
57,7.640433983026095
57,8.517509539038183
57,7.010942285038667
57,7.1760374618096545
57,8.052059812220374
57,8.15361741393602
57,7.99729629459203
57,7.980281869930459
57,6.962073861953262
57,7.320036442459497
57,7.927556902037384
57,8.124612370395269
57,7.858239568844181
57,7.5225465452180345
57,7.858923522192747
57,7.20809834670344
57,7.620643602793904
57,8.082365239073587
57,7.306253074099332
57,8.128546128805374
57,7.229602831502012
57,7.2811980581552795
57,8.285545732701761
57,7.836274407928025
57,7.085998640646965
57,7.783384023380282
57,8.606590073147196
57,7.366787369559683
57,7.2708594901874655
57,7.217825865801688
57,7.015209961775878
57,7.630218341993676
57,7.793850008373032
57,8.226230049960748
57,8.016693039642435
57,6.62971392243054
57,7.720907053080748
57,7.71263370709451
57,8.15674006729408
57,7.8067563920309055
57,8.007675971147657
57,7.3497888504159725
57,7.573850227548385
57,7.316572461571521
57,8.13851082089645
57,7.721037066978019
57,8.173069311128467
57,7.900834715916639
57,7.9343050882158765
57,7.407482743040685
57,7.783799840922046
57,7.849057489073143
57,8.031108295921577
57,7.859831712237513
57,8.123705250492197
57,7.648692177538169
57,7.6020166603762345
57,7.259650726506441
57,7.915722382530797
57,7.499237759376297
57,8.10911430952168
57,8.21135454703548
57,7.259029588941688
57,7.759974914005912
57,8.432336376482752
57,7.634876243298437
57,7.616350958735015
57,7.681251392764175
57,8.200844341509478
57,8.21117391069716
57,7.8463977446284545
58,7.703760579394385
58,7.218762818552551
58,7.175629309380338
58,8.282615708287207
58,7.954383917297848
58,6.8761390004334295
58,7.230350439479074
58,7.766484818966216
58,7.804851124079027
58,7.281798868281023
58,7.8226856791795445
58,7.548160102578296
58,7.936033705478646
58,8.009176715153705
58,8.281239890771309
58,7.919842978392503
58,7.695369518906581
58,8.51045635682534
58,7.507960819631051
58,7.809583847997101
58,7.905916030279965
58,7.658352705957052
58,7.289190840166693
58,8.127703918905663
58,7.351421886272374
58,8.850491575403288
58,7.149198356777207
58,7.393391195661926
58,7.737733953064137
58,7.385433497054932
58,7.9259100825572695
58,7.115961971964029
58,7.279350155540254
58,6.73978086108431
58,7.707841669117173
58,7.6702164476861405
58,7.979493196701533
58,7.80385645908148
58,8.311506313875297
58,7.8512673608221455
58,8.533316214581031
58,8.110575499656887
58,7.515575288668991
58,7.210938893745662
58,7.895937146722102
58,7.8561718033886825
58,8.423531640661894
58,7.989580807541026
58,8.308986520811656
58,8.171832018417968
58,7.850580221226172
58,7.081402820624077
58,7.482014330482729
58,7.626037493759578
58,7.834632655475609
58,7.825704190274776
58,7.692287584437829
58,7.220622461341186
58,7.520552513950014
58,7.486579084380168
58,7.376740428877197
58,7.927172140491352
58,6.800509736610727
58,7.872047136210264
58,7.101190666468602
58,7.258846076114245
58,7.3276239354795685
58,7.8207491986123285
58,7.867811540725519
58,8.033522875440584
58,7.920104935766781
58,7.613670851698222
58,7.909983291221587
58,6.966629293726412
58,7.845645358689038
58,7.593567862666208
58,7.7267104298043305
58,7.225661129511908
58,7.349665239827809
58,8.190265788870208
58,7.831603451950701
58,6.94097274013849
58,7.64367078025951
58,7.926956785287226
58,7.2637124625926415
58,7.982869968679828
58,8.414896593609598
58,7.303669466267305
58,7.923236652227474
58,8.787536503202649
58,7.650209788296275
58,7.2938529213592584
58,7.666858248958603
58,7.57731469410846
58,8.050876768958398
58,6.789353215934281
58,8.282897797064345
58,8.041683239935978
58,7.434996099307415
58,7.734923083486893
59,7.568711378399192
59,7.512866777003058
59,7.692085200923599
59,7.649302571644856
59,7.887394744420424
59,7.46307343617234
59,8.182719727432602
59,7.60432853285406
59,8.049138967547512
59,7.972526985858838
59,8.165639858626022
59,7.849138806182135
59,7.678663604327279
59,7.141633384147963
59,7.788157162694477
59,8.270939964222677
59,7.158859419072167
59,7.790057927836997
59,7.825201160189572
59,7.305647262278138
59,7.915567789563795
59,8.601742063457028
59,7.595157235550471
59,8.15568687918445
59,8.383663667205758
59,7.248438448409584
59,7.871808793198865
59,8.203491780920368
59,7.50857493594566
59,7.434241502828421
59,7.45794726078106
59,8.091457595220056
59,8.190688792215983
59,7.450374397187054
59,7.8236832559424245
59,7.238751686792417
59,7.829696032552502
59,8.088707543858618
59,8.449824409561192
59,8.266159193965477
59,6.8855997001680125
59,7.952994527616496
59,6.930117198499456
59,6.9862584088451944
59,8.192521029581625
59,7.774031944349333
59,6.928197672003524
59,8.615634688951152
59,8.20317415635751
59,8.73920487639009
59,7.362493526500807
59,8.096687736974108
59,7.667110608932952
59,6.792466413953123
59,8.036668123056081
59,8.345363958377328
59,7.535726876494425
59,7.916511640129241
59,7.149798775625214
59,7.8663375970351135
59,7.27562128668164
59,8.019101831242555
59,7.348066219198618
59,7.435352001953631
59,8.475559137570228
59,7.503213975404849
59,7.183242054026624
59,7.559376714771649
59,7.647154517994406
59,7.181560101811341
59,7.978146120716295
59,7.624588596323293
59,8.065067647867426
59,7.90352662736267
59,7.8568850580627805
59,8.578502777005577
59,7.900876651266961
59,7.8701822530841765
59,7.803561458126799
59,7.023418171615864
59,7.928000470663849
59,7.31373113336127
59,7.397570996384825
59,7.432760378350723
59,7.67567238387495
59,7.452975205261392
59,7.295700682361961
59,7.527255776127588
59,8.166580032499564
59,7.648763639383867
59,7.6252362506391655
59,7.163761352914503
59,8.299448439686842
59,7.898387286520188
59,7.412368993504486
59,7.7834732455488504
59,8.347167281929577
59,7.909643831653259
59,7.49738864321419
59,7.752000591795712
60,7.68852805159254
60,7.6583798111165144
60,7.487671231931297
60,7.936015533533659
60,7.912865680356487
60,7.871818107316172
60,8.22081647648535
60,7.628722246334117
60,8.44605791965145
60,6.893018437141031
60,7.738411309086612
60,8.084813284016256
60,7.5536044877798245
60,8.29567538372394
60,7.354853601703184
60,7.762699326331402
60,8.122063099657
60,8.119751864412123
60,8.175377417098055
60,8.080872046610388
60,8.138091427331355
60,7.774504672973536
60,8.214822387822434
60,6.97556232891709
60,8.060538338354716
60,8.190502498576238
60,7.830778513645795
60,7.821426199708509
60,6.9600465180160995
60,8.456103447237389
60,7.357645831555048
60,7.2938602613746255
60,8.02007976660851
60,8.13965301641892
60,8.279818722706757
60,7.588576865067072
60,7.5536875500631675
60,7.840688603308945
60,7.347569326122762
60,7.352457296571518
60,8.194305083341174
60,8.097700716264193
60,7.27221198611392
60,7.735328065649388
60,8.24856080861337
60,7.100499179846217
60,7.668691228210304
60,8.282446450959291
60,7.588538523044701
60,7.591755929013038
60,8.310769602035377
60,7.581113020152576
60,8.451599538193994
60,7.4622498741514915
60,7.855343588225708
60,7.825622506564234
60,7.814985093734224
60,7.457380690610278
60,6.927820393130575
60,7.751475149308314
60,8.34423471785997
60,7.728871185893953
60,8.137350287860432
60,6.759619899567748
60,7.501312499026785
60,7.700137920567714
60,7.705319321764458
60,7.826438131897617
60,7.984293114024274
60,8.162937083397535
60,7.773575571438127
60,7.372567388996117
60,6.773690841658687
60,7.492655421215274
60,7.647319894740574
60,7.909650283322036
60,7.690157369132512
60,7.513307188571234
60,6.973271688128338
60,7.86053835046504
60,7.192528212922042
60,7.769982334398764
60,8.31270611810514
60,8.472747725515479
60,7.329184556029767
60,8.34306765549422
60,7.122395175977362
60,7.3764892279551635
60,7.611719164386942
60,8.05994716201104
60,7.2056039909343985
60,7.984615591299675
60,7.866661672961153
60,7.513087157034757
60,7.319999772646034
60,7.413202181687735
60,7.550318547380714
60,7.562763110581824
60,6.966503090248811
60,7.404942044977477
61,6.558428630866551
61,7.731865438260164
61,7.92465037234462
61,7.5313608903682585
61,8.08875232257493
61,7.42518805532727
61,6.879611105115503
61,7.495396375735267
61,7.295845813410536
61,7.33455503032204
61,7.363314385269092
61,7.310112477802481
61,7.6558331459584545
61,7.0849721196550135
61,8.397242080182222
61,7.94562977829936
61,7.13652234793104
61,8.017876461177499
61,7.618368996465491
61,7.241471990691866
61,7.720470465400829
61,7.164267695100273
61,6.820295663388705
61,7.7892643884960115
61,8.08884974105078
61,8.01602612012783
61,8.05877986560317
61,7.049436407462728
61,8.167359354929916
61,7.625599081010278
61,7.845170212470444
61,7.368735246192012
61,7.9815199980563465
61,7.809344780833424
61,7.579822825201113
61,7.327398849847635
61,8.21063392549922
61,7.241903930937826
61,8.324771093474371
61,8.232629147560143
61,7.383096739951535
61,7.693154359545087
61,7.555844302115199
61,8.129079942045255
61,6.826548151553925
61,7.316234398742743
61,7.405114673338399
61,7.6835707292470445
61,7.534192970032581
61,6.945439455926024
61,6.8650525853273
61,7.185765665846384
61,7.896324600586715
61,7.354597364683693
61,7.26976633550558
61,7.479901838131869
61,8.2900133786668
61,7.606120040737768
61,7.223296178320073
61,7.743801676361938
61,8.171722598987378
61,7.41103067846968
61,7.9261760908660355
61,7.328211939628459
61,7.641133185229495
61,7.788054700489312
61,7.729774235097568
61,7.813235405049989
61,7.630201255695158
61,7.810332572953721
61,7.297686819992484
61,7.392999688132928
61,8.094508747755972
61,7.953632139843368
61,8.247055758739748
61,7.272705690663798
61,7.571731995592126
61,8.185334307565155
61,7.3235674865216005
61,6.9206322182732025
61,7.205310229780676
61,7.215484443509062
61,8.085991162502463
61,7.622224985298943
61,7.77121620188243
61,7.349541995915608
61,7.6718727758191365
61,7.306689343717054
61,7.377587017437011
61,7.5273652818470165
61,8.105772867202704
61,7.865750611969588
61,8.194740604585412
61,7.782352037693474
61,8.282843605012113
61,7.958572291841879
61,8.031806255683723
61,7.429547031194078
61,8.5135438325141
61,8.033787479135453
62,6.938463603749276
62,7.839233367609256
62,7.855927290043882
62,7.890551599464946
62,7.815874823315321
62,7.728236357302258
62,7.557932530522562
62,7.481229411707303
62,7.138174462538632
62,7.936479118367185
62,8.11716127770983
62,8.263167001651874
62,7.797866680185069
62,7.483802401171958
62,7.800046540580176
62,8.222270334125529
62,8.371638645919674
62,7.672384611945379
62,7.831774733877158
62,7.742458798111612
62,7.484055822825702
62,7.822117030219316
62,7.680212549293032
62,7.538452873688112
62,8.55023685321621
62,7.231575011695334
62,7.982723924725678
62,8.147750644647736
62,6.861473115165185
62,7.812752906824835
62,7.505598914546997
62,6.9458711140361
62,8.118296116874781
62,7.684080539592681
62,8.23781363115433
62,8.729147206535028
62,8.030836732151265
62,7.0665213858319955
62,7.8235663142734815
62,7.481252823320919
62,7.39685448723533
62,7.053029119056838
62,7.924595832732195
62,7.892116414968037
62,7.839765949805161
62,7.6319658639258
62,7.697352894588095
62,7.398749260189862
62,7.3847971290256655
62,7.292983970760644
62,8.512339848972735
62,7.742406235107994
62,6.934889886666237
62,7.4159254302842035
62,7.269822048891641
62,8.19687636342722
62,8.125688488837392
62,7.796379459272942
62,7.417441811177267
62,7.926287239899293
62,8.419051575445422
62,8.435439338206386
62,7.930624709678671
62,7.991339786856103
62,7.482845729010343
62,7.616863058893102
62,7.587409666257754
62,7.965217312089679
62,6.62354063910788
62,7.5647266794888965
62,7.038676878016139
62,7.47921230291391
62,8.04652193536564
62,7.42139280835436
62,7.477871135407795
62,7.944518719226321
62,7.844623675727701
62,8.188924900838918
62,8.149280390970086
62,7.587606644875039
62,7.72907854619567
62,7.857414114347692
62,7.771330706389957
62,7.852955205439831
62,7.459340175625642
62,8.070905392062159
62,8.382194276769873
62,7.733667602778744
62,7.326700089030765
62,8.232562534492118
62,7.501799772062748
62,8.561140676324028
62,7.444860895443279
62,7.9129766722951755
62,7.420625047051576
62,8.313464941949391
62,7.207730072501324
62,7.798873306460663
62,7.239485161414015
62,8.079251248881862
63,7.623908580478423
63,7.5191166957805935
63,7.60594420218423
63,8.566811419313186
63,8.370982134711701
63,7.954875785865876
63,7.8993488363947115
63,6.6757626311157585
63,7.585333341419531
63,8.21891193081304
63,7.724770957999464
63,8.063953654411021
63,7.048386247934445
63,7.658437460869663
63,8.637269450639815
63,7.96836092332612
63,7.528825290201816
63,6.834846664165639
63,7.846522820582396
63,7.424894605340317
63,7.515933840458093
63,7.80979710509108
63,8.357424684336767
63,7.978458133077733
63,7.687379026190477
63,7.0367028982564825
63,6.879262510646156
63,7.349342829810979
63,7.81786496610511
63,7.711799819319248
63,8.031752347569316
63,7.765195783059227
63,7.918718389131924
63,8.040841677442762
63,7.685012953484343
63,7.930140866495716
63,7.340998259706108
63,8.074874811679942
63,7.946135928837508
63,7.996338902015841
63,7.435246534439109
63,7.657929408022808
63,7.107534371650872
63,7.278755247783161
63,7.428298337001271
63,7.897278420576104
63,7.4298373966324105
63,7.892122704623062
63,6.810454717793736
63,7.369819771875082
63,7.59476308313033
63,8.121907530098298
63,7.735234596045769
63,8.159737529147012
63,7.559510451332032
63,8.005131926715363
63,7.482057795098682
63,7.9135827383977535
63,7.328123630018284
63,8.13383462541358
63,6.787984614671252
63,8.016167676910841
63,7.782290280227635
63,7.389492850415986
63,7.477267485309518
63,8.18899452879563
63,7.935702008447234
63,7.893072072433194
63,8.46613140302808
63,7.806132805413765
63,8.023484474066022
63,7.510105675553028
63,7.569450813340021
63,7.833516607309517
63,7.72833200674625
63,8.038533239222645
63,7.5603268840421265
63,8.209000403667494
63,7.879717619400245
63,7.207557001898566
63,7.6958447958730565
63,7.7571108401452635
63,7.426237908401402
63,8.141548999159998
63,8.171759346868386
63,7.78368996972005
63,7.953129526555599
63,7.469122614382798
63,8.263626796496078
63,7.0826722551595775
63,7.775978762890278
63,7.2359669461148135
63,7.49791183196655
63,7.536402215183573
63,7.91782003797859
63,8.14312179558194
63,7.551124925007165
63,7.934140551709257
63,7.556762348128672
63,7.826026232526059
64,7.366668570095889
64,8.527950789781672
64,7.698183196822125
64,7.20388576756142
64,7.549918407840468
64,7.372997901508029
64,8.290897549903294
64,7.238508006636294
64,8.118917471410782
64,7.962581346955845
64,8.243208497216946
64,7.842356210617311
64,7.454833332182003
64,7.178541946226138
64,7.755521528536868
64,7.512950103476894
64,7.809324352473663
64,7.732801946687247
64,7.296713549583522
64,7.486254420376033
64,7.7517746818630755
64,7.311277046521257
64,7.9282464977765175
64,7.799232109153169
64,8.294741664778986
64,8.021269743211267
64,7.543121778656517
64,7.691741275235939
64,8.022835488180569
64,7.342341393778022
64,7.739188850001373
64,7.599741694887895
64,7.95262044691642
64,7.2421163218869955
64,7.812409084983564
64,7.146540168867041
64,7.25254705594246
64,8.445947492658942
64,7.952707775550275
64,7.388123582339367
64,6.7462135190555905
64,8.232064859646623
64,8.083411147424535
64,8.127973447796593
64,7.711766940586607
64,7.3651962346511475
64,8.035789054731074
64,7.66783616492523
64,7.641579698580782
64,6.8701484415135905
64,7.249356635705848
64,8.27222895329369
64,7.461129379782052
64,7.949309658696324
64,7.9207280300730964
64,7.278788371186892
64,6.649581210377484
64,7.546799089282224
64,7.176581351955645
64,7.16445328570111
64,7.346335317313248
64,7.816309181852371
64,7.944609470588254
64,7.229467793587997
64,6.732441544530913
64,7.830107267989579
64,7.214587290643289
64,7.222296702836848
64,7.947415010120505
64,7.785813359487937
64,6.961030250819891
64,7.746888320622079
64,7.566661624986617
64,7.316310638281931
64,7.912174308937417
64,7.252269247752625
64,6.864619949628264
64,7.752182934202543
64,8.034225863824123
64,8.148499338692147
64,7.693477214483168
64,7.544029766370696
64,7.301938333051535
64,7.432619618293684
64,7.904944883321587
64,8.626014824819716
64,7.9104701895728375
64,7.9562021482274385
64,7.973972841759012
64,6.93787013182928
64,7.341444652499575
64,7.800685438117157
64,7.632387254949055
64,7.998570899958493
64,8.392134448365654
64,7.324536320505005
64,8.388625575724685
64,6.6357670656924475
64,7.931511591002513
64,8.329822895919321
65,6.804329423890229
65,8.128946751901978
65,8.151578869004876
65,7.925249094027779
65,8.181858048496231
65,7.320833781927396
65,7.99674547202961
65,7.972728957711625
65,7.610670829709293
65,6.888907221046987
65,7.697746944527092
65,7.639627289911561
65,7.565060379829906
65,8.532693708256472
65,7.318360401785054
65,8.383434156899462
65,6.979740769654995
65,7.956994038115368
65,7.770767614415864
65,6.845100292296369
65,7.777139462067537
65,6.90334412197576
65,8.061615132512674
65,7.656485754317304
65,7.461730015803084
65,7.507389919415875
65,8.040165958164081
65,8.37747719298869
65,7.690943945474743
65,7.462518429256047
65,7.569488997945208
65,7.642434269054842
65,8.12358125381824
65,7.879632837451226
65,7.432584665624383
65,7.476505856664203
65,7.90469204248077
65,7.59259675620599
65,7.8690357520069405
65,7.177490278181009
65,8.081116867146836
65,8.079465079827525
65,7.7183641305600394
65,7.872622956710493
65,8.01848187484894
65,8.263600225894512
65,7.8446583115970405
65,8.310224614651249
65,7.348788709912591
65,7.598541817999113
65,7.869977827646528
65,7.829882036715506
65,8.297453766129484
65,7.934704456293229
65,7.80466583132269
65,8.690719085212757
65,7.648344355552976
65,7.671304196318763
65,7.8024312739160555
65,7.669405789373482
65,7.935577075672252
65,6.800183854973593
65,7.282172439350923
65,7.5483421480579285
65,7.859808647258905
65,7.5576731288302845
65,7.725407203718541
65,8.685719278757642
65,7.412015720089781
65,7.860120706964194
65,7.40081873729429
65,7.917967122494335
65,7.444173041702061
65,8.044845014375648
65,7.205641983815614
65,7.405059554375372
65,7.312929987499358
65,8.017647304576501
65,7.515384280691352
65,7.874506578300234
65,7.993606058737112
65,7.375316794242878
65,7.536748927686765
65,7.23874539680565
65,7.66920082628676
65,8.077224640891165
65,7.4305487863721025
65,7.673388579236859
65,7.378438720924978
65,7.5262330570797795
65,7.255188037750008
65,8.313234574398507
65,7.9572319450505855
65,7.402708274610807
65,6.757801409414266
65,7.096218805938137
65,8.001041469468474
65,7.4482424028024345
65,7.8904166817185635
65,8.588862821450482
66,7.42366701348677
66,7.453981610658103
66,8.064158549270472
66,8.484761333112884
66,7.7598753263141536
66,7.837895290018714
66,7.733351265429253
66,7.482277094159054
66,7.751265487858743
66,7.727972839249595
66,7.752730683340027
66,7.876167053352059
66,7.6828860707151065
66,7.816918708054828
66,7.609079892624632
66,7.714852155250781
66,7.354056164275497
66,7.655500113228881
66,7.261455618901723
66,7.6534891951191035
66,7.88206355106962
66,7.568732427240376
66,7.038554289524177
66,8.312162383726303
66,7.672848180112127
66,7.887238818285169
66,8.16785781349235
66,7.21042259368184
66,8.522975050476091
66,7.579940892758031
66,8.260488289479431
66,8.11253632405117
66,7.388846978524656
66,8.095657531987815
66,7.751422583149312
66,7.443195615034057
66,7.368499894020578
66,8.004412234593612
66,7.4772043878972605
66,7.944535883128216
66,7.173650023356047
66,7.769473795628104
66,7.7648059992060965
66,8.318426136511357
66,8.158007512768284
66,6.958401921505908
66,7.953902967521161
66,8.057710406398888
66,8.124447081159525
66,7.595912919884574
66,7.600169167241696
66,7.313422857659695
66,7.503654690583447
66,7.852162974226897
66,7.72703467137521
66,7.557454285769296
66,7.6429492014909375
66,7.973784936403161
66,7.818347593036736
66,7.950502791003657
66,8.386805978370134
66,8.30297153412516
66,7.220644550413941
66,7.905725738537791
66,8.770662047138224
66,7.457584584015317
66,8.361661784066468
66,7.084039014732006
66,7.42394151369526
66,8.252353363549739
66,8.00736682193085
66,8.02623173231902
66,7.535703063457953
66,7.849959887272558
66,7.1621912111304304
66,7.873113631390919
66,7.920936179767743
66,7.006967309334649
66,7.950996845265487
66,7.738162523881685
66,7.978332417947845
66,7.6069548205899995
66,7.844715444015235
66,7.689680865760752
66,8.423539713121123
66,7.502540715040842
66,7.71913013338259
66,8.406272143876775
66,7.603004639914714
66,8.427937812575873
66,7.96000216357798
66,6.933001545495751
66,7.270823469639665
66,7.730902342052132
66,7.4635456092540275
66,8.033890638550018
66,7.214236744442304
66,7.300259765390504
66,8.209754378133209
66,8.109367655299804
67,7.794884460839605
67,7.045112091184301
67,7.639002060988271
67,8.021250059523094
67,8.686404877971329
67,7.71635606998931
67,8.208047261275373
67,7.080038407005577
67,7.3581721933374045
67,8.265431930088385
67,8.044957078150482
67,7.610529810436691
67,8.421951630491417
67,8.487899317935272
67,7.900088887136494
67,7.419944207887506
67,7.456700057220237
67,8.130667366603307
67,7.507282212136176
67,7.818891868689937
67,7.414454854495805
67,7.513507937295243
67,8.188845738479353
67,8.167216696243095
67,7.8963707429270835
67,7.0461584076292425
67,7.393985129974742
67,7.4940356806516695
67,7.594964167921656
67,8.085114257826866
67,7.427869780671722
67,8.086955961544215
67,8.297299852530507
67,7.20960210438187
67,8.017184411081121
67,7.584167651808293
67,8.052299491410217
67,7.46698954537829
67,6.891735259630149
67,6.922405411290259
67,7.433949392563328
67,7.8003029623607105
67,7.367637388577286
67,6.887930617495937
67,7.440346269352847
67,7.858556848503108
67,7.9096159752588395
67,7.031368325639985
67,7.352576844274404
67,7.467594634345131
67,7.720709202102325
67,7.678099688508604
67,7.74270583051497
67,7.948698811341884
67,7.267728182232769
67,7.9241529803478725
67,7.511659325981416
67,7.345875442544195
67,7.56165056832519
67,7.38789218657834
67,7.741430402088314
67,7.09207315972434
67,7.260151237009429
67,7.854244217205616
67,8.733308618459954
67,7.841955784261816
67,8.240767593372276
67,8.531314493251047
67,7.910202747644755
67,8.17439689656339
67,7.56717835490783
67,8.641845015804975
67,7.797556022403292
67,7.605366126135712
67,7.268540022911843
67,7.332174114940823
67,7.978438363327502
67,8.14630626979088
67,7.9201597952870895
67,7.146552093980898
67,7.254827255179461
67,8.220708857462924
67,7.6155073401396916
67,7.702156135765786
67,7.699735182530425
67,7.74441663531136
67,7.806195163510072
67,7.72706340181205
67,8.400078175580232
67,7.591637312105978
67,7.955980857397
67,7.917259573085776
67,7.1900226367395454
67,7.055206713524106
67,8.472422702121955
67,8.22726174723935
67,7.677995372862005
67,8.531986479012176
67,8.107624852941129
67,7.358691440265266
68,7.312481388125395
68,7.853307213823797
68,7.463801012174433
68,7.6633538542314605
68,7.686123885384701
68,8.103182989874602
68,7.097819414593237
68,8.299265796719391
68,7.572050416144262
68,8.018145448298107
68,8.300306844958142
68,7.835986167349371
68,7.7205552239974375
68,7.812179921512475
68,8.012814546597202
68,7.608214979053507
68,7.5869121135583715
68,7.271499076054132
68,7.385955742599546
68,8.228972570018774
68,8.04096220727552
68,8.183471126416583
68,7.891011193591249
68,7.88238814267725
68,7.393461556541838
68,8.372563185548428
68,7.177213568498498
68,7.6210194028404725
68,7.1100949732613365
68,8.501706779255667
68,7.8636980342200085
68,8.26431262321844
68,8.198598277931815
68,8.359933333148273
68,6.831310040047912
68,8.585649123678952
68,8.043528978358351
68,7.960314751598694
68,8.079315782668418
68,7.890949269901945
68,8.142062666234015
68,7.4415851317265345
68,7.872069003995598
68,8.025529858853485
68,7.136644652475727
68,7.279772174291903
68,7.519501367658498
68,8.151446346611394
68,7.415122745425732
68,7.766900679705214
68,7.1634428223762985
68,6.784960495074193
68,7.460342119908476
68,7.849046055932552
68,7.835587008295575
68,7.711348328174228
68,7.1036107915522235
68,7.451936403629934
68,8.224723138613342
68,7.913733882477943
68,7.056028245400827
68,7.580811114397201
68,8.092751153736522
68,7.648085587378457
68,7.463297049807162
68,7.478148815341971
68,8.174035233687777
68,7.6352220755966576
68,7.478160129566393
68,7.550660824026109
68,7.626355827758866
68,7.077656535745066
68,7.799586443360352
68,6.853636656347388
68,7.475401098032827
68,7.629194155057895
68,7.58326859232826
68,7.97181054317487
68,7.697071461920261
68,7.046558497936055
68,8.22057466663315
68,7.912938728845384
68,7.488284707868139
68,7.757132833022686
68,8.019255480051758
68,7.102416604205256
68,7.849020545466038
68,8.181060378035266
68,7.111063068754213
68,8.627156349111722
68,7.770389329157109
68,8.060155483572277
68,8.13826581454439
68,8.02879883288616
68,7.545170475859437
68,6.954688661606514
68,8.294429179136364
68,7.589889332326742
68,7.5404779266220645
68,8.341801199210845
69,7.4841965909259365
69,7.527040997557459
69,7.7603863111712625
69,7.9797411191616
69,7.84969981383561
69,7.3620622360652055
69,7.14588845761263
69,7.160518465794147
69,7.3933353364877314
69,7.18104367792397
69,7.582034681423559
69,7.8804336034667255
69,8.562256717640194
69,7.519899835152104
69,8.40686890764433
69,7.214437698858487
69,7.789018335405253
69,7.840146309683214
69,7.736871886972857
69,7.796108866896433
69,7.908906352502373
69,7.527405406244117
69,8.227864743958479
69,7.278199660560066
69,7.296856859007455
69,7.541410350157835
69,7.980929487422408
69,7.840630014528228
69,7.4962810169819045
69,7.982869863658589
69,7.289040491020927
69,7.377532356146435
69,7.329144376853776
69,8.035863025357749
69,8.275561730895472
69,8.448274375739862
69,7.983933809560353
69,7.837411273167519
69,7.457980972264607
69,7.452386371417754
69,8.248374729723164
69,8.376854737773236
69,7.433558354414289
69,7.7958744844771095
69,7.919450001640415
69,7.3994282113360725
69,8.245095803531186
69,8.272424762489877
69,7.268341574837503
69,7.553746321805653
69,7.792403292001567
69,7.700098001535298
69,8.181549353346076
69,6.940213453043576
69,7.792541056380063
69,7.611346392969353
69,8.030223233971316
69,7.644463225082839
69,7.961053918437681
69,7.45087717718358
69,8.521035964101351
69,7.603340884170169
69,8.12115666440476
69,7.345542459092431
69,7.186432827407476
69,7.96935883756799
69,8.405109671998867
69,7.680102144617783
69,7.78934557139213
69,7.384941157470346
69,8.075555490790027
69,7.466710805077435
69,8.093510671713759
69,7.956033213128974
69,7.064820005115492
69,7.639937734640045
69,7.733124050822372
69,7.306195822479603
69,8.360479816282798
69,7.6443327609074565
69,7.4743533698320626
69,7.050438982404581
69,8.022726241747455
69,7.457139594302679
69,8.170303008267997
69,7.327072515572557
69,8.007008786709466
69,7.537886697858987
69,7.8504528191315845
69,7.472690744123149
69,7.9761281702604165
69,7.777680657630335
69,7.727950656241485
69,7.588305428715497
69,7.423847271431133
69,8.266585745439581
69,8.093346380886844
69,7.9637404330648485
69,6.872475617709941
69,7.3842568187103605
70,8.05401121576965
70,8.568258207820366
70,7.471596723121852
70,7.869980415023218
70,6.933065870339856
70,7.896330002934934
70,7.111264901800134
70,8.095866311697302
70,8.198910082689121
70,7.767015918152736
70,7.834603921792129
70,7.8440478460828675
70,7.77960420556801
70,7.721528389697426
70,8.144636924972824
70,7.386671535562042
70,7.295870671092789
70,8.064718539125742
70,8.134942428004758
70,7.7628225006769425
70,6.76967507533705
70,7.769258284690057
70,8.217534038436751
70,6.848381301467777
70,7.45378087832863
70,7.229174468513628
70,7.664422946667834
70,7.932794907356705
70,8.003352496766754
70,7.932188908085959
70,7.828458166711786
70,7.207214236285273
70,7.947145863729308
70,7.642718335901286
70,7.426050115484231
70,7.172799881800764
70,8.547335642288855
70,7.858586062772681
70,7.791532148601551
70,8.338666993219405
70,7.931727215043552
70,7.78430118304119
70,7.951442403340797
70,7.120686241033983
70,6.994170244302764
70,8.27595188620363
70,7.636166699554001
70,7.062502807817911
70,7.81905518183295
70,7.335798480353955
70,7.443653428636908
70,7.197391116659703
70,8.06253776011728
70,7.803449352967175
70,7.8136217041160965
70,6.992500677324273
70,7.132767999728182
70,7.664107990958566
70,8.097835277402668
70,7.409949728941887
70,7.598771436817832
70,7.282006717425288
70,7.779902689697109
70,7.836709450349413
70,7.773976125629063
70,8.15085565347906
70,6.84853855294681
70,7.8003421707922245
70,7.821859311783829
70,7.765069640822986
70,7.8131978966306574
70,7.732862896934723
70,7.1437883184919455
70,7.484184518232137
70,7.832601677448645
70,7.972331954757477
70,7.750422704354339
70,7.750920419070509
70,7.8702740918595255
70,7.757972332847057
70,8.007095840637826
70,7.269239961804423
70,7.37932975272655
70,6.951852659962898
70,6.883710022229651
70,7.931389126667633
70,7.7218850849390614
70,7.7202536320586965
70,8.68155125947347
70,7.814819377632721
70,7.802148776710143
70,7.802218665711409
70,7.294236002442721
70,7.175311671529795
70,7.0730459482499475
70,7.803176179708052
70,7.980676790218472
70,7.675238234760588
70,8.078133509944909
70,7.435276208209241
71,7.871718434919281
71,7.5903444776056235
71,7.488928190896372
71,7.561969375593907
71,8.100980356157269
71,7.141156731973364
71,7.339184746351534
71,7.625575396743345
71,8.284109513873808
71,7.978311933028823
71,8.084212007617467
71,7.593592452078175
71,7.18096052863806
71,7.9398963967585
71,7.644186195103124
71,8.069504939121225
71,7.412827240492529
71,7.873976779090851
71,8.181069611120506
71,8.10670287123114
71,7.547780129686137
71,7.449007677469214
71,7.571348034151226
71,8.427743133830614
71,7.611812478463804
71,7.842609681153029
71,7.488041962853797
71,7.6884886272294475
71,8.306377634373542
71,7.887804148751688
71,7.114529137159471
71,7.971832053283714
71,7.614448225167044
71,7.881025141057727
71,8.204610266590548
71,7.900863225617741
71,7.0900075281446595
71,7.645030307512964
71,6.969350361965854
71,8.164880821484841
71,7.879759654637586
71,7.017921744909525
71,7.816542014602791
71,7.669665387742998
71,7.855833290908782
71,8.133832317582058
71,7.808511359135943
71,7.835132549624839
71,7.562561163848957
71,7.388610171828825
71,7.614289773188616
71,6.867302050102345
71,7.7920750758410176
71,8.004698179466764
71,8.015736388889104
71,7.898667581000941
71,7.9996609789989614
71,8.23954682954285
71,7.497820440360382
71,8.068231572033813
71,7.628722562611691
71,7.661475003401848
71,8.260263104275682
71,7.486754137090447
71,7.283934203333793
71,7.393906031010983
71,7.512875340911098
71,7.779341720238316
71,7.502687595605239
71,7.152293273589359
71,8.069206981753274
71,6.854893647112728
71,7.63759513958475
71,7.533457814264692
71,7.7436579035677
71,7.898842260600934
71,7.86937399705474
71,6.96521462316675
71,7.381614080987817
71,7.975444260388851
71,7.313055198707076
71,7.695722026857344
71,7.1308560326308
71,7.530894884136311
71,7.695377990088397
71,8.02971368047968
71,7.640452105340995
71,7.680405218214232
71,8.157313867600998
71,7.062968794947171
71,8.013535359486024
71,7.59357583884777
71,7.430155077065714
71,7.404362175152249
71,7.109356926255624
71,7.576834922057495
71,7.687054872805886
71,7.796104788851219
71,8.073078265765986
71,8.093620046862423
72,7.937224787468391
72,7.397606693702923
72,8.094820678053983
72,6.83414826982185
72,7.38136181071137
72,6.947853329637295
72,6.975273132189764
72,8.038395255487355
72,7.2168025474267425
72,7.9791115385499
72,8.744594211085442
72,8.378107804476159
72,7.336832879898467
72,8.14845059357973
72,7.485706779319525
72,7.663599782384823
72,7.658228941210765
72,7.43301728293843
72,7.9197150473397775
72,7.9780184391377285
72,8.12741187733732
72,7.680774941490596
72,7.339166892312239
72,7.085899149342663
72,8.294555606292539
72,7.729900425530933
72,8.221373430047517
72,7.259684089017453
72,7.753056590540117
72,7.421741758934485
72,8.352533183086079
72,8.086579153034993
72,8.605616944369665
72,7.702939230170134
72,7.278865489954241
72,7.895755215691274
72,7.930667995455313
72,7.6507956353648465
72,7.381685279371921
72,7.2422861491654995
72,8.220613706055333
72,6.856000528186119
72,7.538849037839541
72,7.287187639056359
72,7.285616267838395
72,7.701820948643157
72,8.560418798846621
72,7.9861418680598275
72,7.7765452598269205
72,7.7626198619050175
72,7.462260708967899
72,7.6083686151650225
72,8.00420425176682
72,7.4862239736894916
72,6.919580927763161
72,7.696338993561101
72,7.522761514002696
72,7.927374743703629
72,8.257594037773778
72,7.544148085555153
72,7.513426551061708
72,6.775558846136187
72,7.499313861551481
72,7.124935061122175
72,8.28910998325766
72,6.8465435138490145
72,8.189399929431803
72,8.309221652202657
72,7.608681300801594
72,7.405096922228131
72,7.118306266184715
72,7.535626658741119
72,8.078865179882667
72,8.046376333091393
72,7.48093070367399
72,7.822521628564692
72,8.379264813079411
72,8.331503316519036
72,7.601080745292207
72,7.090634842781293
72,7.969078739725037
72,8.229198156838454
72,7.83265761954823
72,7.136205005174585
72,7.689400843532511
72,7.451780524442194
72,7.24432362139528
72,7.488103036361292
72,7.992626941942052
72,7.748832606176282
72,8.653882912924187
72,7.868188233056923
72,6.978966372259954
72,8.18572869336866
72,8.18123837491716
72,7.739587728178273
72,7.992151787346246
72,6.920381593041266
72,7.250795911465314
72,7.855427972429424
73,7.438187099683638
73,8.013887878388852
73,7.413972595480138
73,7.552676508445724
73,7.72123851404492
73,8.228903388814459
73,7.29742177707262
73,7.57144399625242
73,8.198823871424175
73,7.758956540156181
73,7.4021629602505685
73,7.5970136897701686
73,7.264228174001698
73,7.839585563441546
73,7.899128398959307
73,8.086468600635506
73,7.335413634903392
73,7.565436225856809
73,7.393543666750411
73,7.8667438369845915
73,7.915754795822424
73,8.185545421195467
73,8.652903039894726
73,7.667144970626136
73,7.321938122405093
73,7.428935520113753
73,6.828100613173081
73,7.358277416873315
73,7.784417580769432
73,8.105906349596795
73,7.160060325141934
73,7.926173823608686
73,7.474040222949943
73,6.962884812717335
73,7.687359735631235
73,8.20821294157673
73,8.085402845980665
73,7.381681731857314
73,7.2096735535358984
73,7.723930279808165
73,7.148462773825981
73,7.047651917661724
73,7.40131758207614
73,7.844757247912397
73,7.322523125333557
73,7.654418875128029
73,8.071892067395394
73,7.287710726685793
73,7.9224926674515395
73,8.105878063230552
73,8.409458793419075
73,7.589298265750249
73,7.8963459552403625
73,6.967559888736009
73,7.07246047938803
73,8.25791142584426
73,8.053593545754177
73,8.245912058474552
73,7.505679229579042
73,7.055675050414467
73,8.0967314899182
73,7.949795279159884
73,7.4640728419446
73,7.503111892152678
73,8.847449848384114
73,7.862779945138531
73,7.321378998108217
73,7.228385153405055
73,7.641084498441598
73,7.839896625578352
73,6.975300116243287
73,7.180141676365345
73,8.46719965012249
73,8.280748937590754
73,7.930250264604938
73,7.840313639816023
73,7.4664205519339975
73,8.324184378329642
73,8.004282579673855
73,7.84968684566604
73,7.984047671679284
73,7.730032063158324
73,7.80339393941534
73,8.181558251076222
73,7.286642651876921
73,7.303385344201823
73,7.232273901547126
73,7.402134297988904
73,7.774466915714235
73,7.81762392297168
73,8.306069252071774
73,8.037355595726424
73,8.144728230139673
73,7.682464483997181
73,7.579346296900889
73,6.864622295441373
73,8.38090497176851
73,8.223534814471948
73,7.285428242861663
73,7.5139500025576815
74,7.63644778764905
74,7.975465517048956
74,8.19357892992442
74,8.211306971837363
74,7.653491399230994
74,7.452213915028706
74,8.130270952388894
74,7.1621467688738445
74,7.737733843977374
74,7.705948461744909
74,7.826495716351026
74,7.7385186563127295
74,7.860095422532598
74,7.624971276086686
74,7.644272759022459
74,7.807545978309679
74,7.847268955432184
74,8.482309018942951
74,7.587280392812439
74,8.026690488846734
74,7.136053087995875
74,8.321676277522977
74,7.506701970886375
74,7.852500245459645
74,8.233143083140629
74,8.478987426237541
74,7.730821656404768
74,8.152037455301127
74,7.607220623089383
74,7.318379899973828
74,8.080011712688552
74,7.263947702861631
74,7.707005355731273
74,8.074913825327227
74,8.034562098562732
74,8.117728873346046
74,7.822181507984811
74,7.989936458984278
74,7.79431474065825
74,7.795588309879214
74,8.485081021349195
74,7.392240619282531
74,6.957699272417556
74,7.141432088925488
74,7.576804193403835
74,7.727275251848311
74,7.345504976892041
74,8.06912849841213
74,7.647352732460958
74,8.587650961026581
74,8.152436576104042
74,6.869406948360308
74,7.7563970987076365
74,8.13705539015082
74,7.918324141981717
74,7.6571712538212715
74,7.581535801798664
74,7.892664735159895
74,7.98873511218159
74,8.3090901427927
74,8.296382314758747
74,7.487891511157921
74,7.734777408141307
74,7.403208034323722
74,8.302678864470304
74,9.010738049649191
74,7.6862385580313335
74,7.761244796895247
74,7.125394389230557
74,7.466600638249841
74,7.316035089157785
74,7.062994257182283
74,8.130162002719388
74,8.381946790233155
74,7.776461072948064
74,7.652300585177256
74,7.837134648866713
74,7.996899297555261
74,8.08130736095989
74,8.509975729681338
74,7.723715738723408
74,7.777986313325755
74,7.828903467143322
74,8.185410212620424
74,7.538927767583616
74,7.793919596237705
74,7.610667790034827
74,7.934315121078629
74,7.2558255899546795
74,7.596876830196363
74,7.368425402088226
74,6.7313957488915435
74,7.768783547266578
74,7.671692525092113
74,7.558973934492772
74,7.812031324745791
74,7.3969351017817475
74,8.410749602898397
74,7.522518170301583
74,7.329469842943208
75,7.69349346626415
75,7.170101234692029
75,7.648137314889004
75,7.198480648412211
75,7.625124948453732
75,7.201517849972081
75,7.3508358530717075
75,8.105655116470222
75,7.703288908187884
75,7.678939764229853
75,7.428937468684983
75,7.5936558897301
75,7.807658745211946
75,7.718349603725841
75,7.349929818833338
75,7.232708874255434
75,7.709485543187487
75,8.101216952249834
75,6.3741570242977925
75,7.152126857470441
75,7.41512519983939
75,7.315220382066571
75,7.267356164651026
75,7.878725208744054
75,7.609141801816187
75,7.287288501628419
75,7.303179176875993
75,8.045788847445188
75,7.753656766036246
75,7.506576274170657
75,7.7979141114251425
75,7.848640700044864
75,7.642145251044602
75,7.322755285987582
75,7.4647288660649735
75,8.060184481722775
75,7.4060814049318715
75,7.762865726227093
75,7.48112460617242
75,7.441754167928126
75,7.456453078710878
75,6.72828725261277
75,7.550767587764176
75,6.913560226311501
75,7.773643732176164
75,7.2610262857805745
75,7.538822557416094
75,7.49878652155705
75,8.42662359544385
75,7.985200755321245
75,8.203962867545274
75,7.932109602047229
75,7.521892342707121
75,7.614502241833768
75,7.316518488307414
75,7.370257690912398
75,7.631694961802421
75,8.174080963706569
75,7.800074029369547
75,7.2464271127813324
75,7.091028545810272
75,8.077122193243806
75,7.509351222594919
75,7.967061811140047
75,7.879122707762454
75,7.46067702137566
75,7.430163811406117
75,8.222296141961634
75,7.1606698596015015
75,7.816253200314186
75,7.476512035719662
75,7.655999591470519
75,7.4147632135717325
75,6.787321418905948
75,7.641639082503898
75,7.46148598099014
75,8.143935604370915
75,7.146258399851783
75,7.36604382751425
75,6.895912613017077
75,7.5317480355271496
75,7.745978316484623
75,6.4346844306302025
75,6.766240538256002
75,7.7006024679811915
75,8.248396325109994
75,7.700291835162623
75,8.216313414625029
75,7.38912107136237
75,7.5641412018363905
75,7.968064938672804
75,7.649961951334495
75,7.759391997825902
75,7.476060424835998
75,7.885526316203891
75,7.80764741532442
75,8.305226998434817
75,7.0764794332856775
75,8.182854156928261
75,7.797756323714305
76,7.770620991831157
76,7.311319800830327
76,7.680449828297974
76,7.751889552472688
76,8.195536444435511
76,7.723033881787792
76,7.811343233439529
76,7.7057836812794855
76,7.57362496355031
76,7.3452855207347065
76,7.915501124601738
76,7.560160489154263
76,7.365170965764211
76,8.280787138585072
76,7.7538782271845275
76,7.75618131003917
76,7.194213912082151
76,8.314345005735237
76,8.183012745897715
76,7.480358891005057
76,7.589077606064344
76,7.843440840196104
76,8.178538452762393
76,7.621060697110888
76,8.098247251092882
76,7.325877282568018
76,7.757883053183496
76,7.308008294462959
76,7.928797000062889
76,7.719441819615754
76,7.8568138625290045
76,7.28811986764055
76,8.09283212986482
76,7.457396719745291
76,8.02274504459422
76,8.286320350638864
76,7.944696202053179
76,7.99172371686344
76,7.457632766334507
76,7.68938919186322
76,7.410822779780275
76,7.2928191919040195
76,7.91707799244153
76,7.441541459738309
76,8.154215096951852
76,8.631438631034884
76,8.248778846134233
76,7.18561611182376
76,7.545625697088867
76,7.783386622517204
76,7.925553979381536
76,7.408862830658706
76,7.819631082310459
76,7.353131334788968
76,7.924004655996956
76,7.425874283349011
76,7.424291238518666
76,8.001220180850815
76,7.675216885190033
76,7.959929409235111
76,7.270492242433039
76,6.978430053588201
76,8.034924261104694
76,7.195815150526915
76,8.183410049485811
76,7.381200793226299
76,7.490300139530531
76,7.61213347600188
76,8.115165499440382
76,6.838675833033579
76,7.66817186404148
76,7.580735892100796
76,8.09282680320281
76,7.314773299567406
76,7.360663556403994
76,8.367058465385602
76,7.679358065523412
76,8.27396841575047
76,7.362477455993604
76,7.542373923039882
76,7.692780033511084
76,8.115351574490163
76,7.473490191734576
76,7.438941244698509
76,7.84472098381838
76,7.62749555866813
76,7.848319513214302
76,8.16935329775898
76,7.747722971856132
76,7.71537351210915
76,8.079721714420078
76,8.120287242400556
76,7.405393802233729
76,7.117588596651221
76,8.437186597130882
76,7.159419912138559
76,8.038105423306789
76,7.768800939555461
76,7.347859855029643
76,8.003959697347758
77,7.0610065197085445
77,8.60987572943524
77,7.649915779130982
77,8.406449182907204
77,7.256164610301088
77,8.018162591251981
77,7.79828123350141
77,8.133767663116496
77,7.603874784847802
77,7.186798189637082
77,7.845437237548634
77,8.535032623410887
77,7.510954157043268
77,8.071514621293742
77,8.105480512729939
77,8.00517645617763
77,8.35913123893374
77,8.13758012281
77,8.242996082077102
77,7.845412647960181
77,7.774984425025604
77,6.90352441940412
77,7.258327952625036
77,8.34578763925255
77,7.623932630045704
77,7.720900279694539
77,7.394901520717347
77,7.884657432571012
77,8.148203502266892
77,7.433430193456001
77,8.233190803565304
77,6.876664529985442
77,8.25283802119343
77,7.444640785529414
77,8.354977092917949
77,7.0163536739308
77,7.540566040263581
77,7.904067530957409
77,7.708336465751009
77,7.979656893696816
77,7.896055868061714
77,7.5556339296667545
77,8.294286765554968
77,7.997979280125109
77,8.514757897634501
77,7.591890735660684
77,8.368744780604594
77,7.782584337606746
77,7.510661446544555
77,7.832277200805479
77,8.38046598982764
77,7.667022702074461
77,7.357212970658337
77,8.19789588855752
77,8.129259055409669
77,8.33976492780456
77,8.273312363267554
77,7.867836203007519
77,8.088392425478043
77,7.511227843184336
77,7.607873175178969
77,7.46844366307512
77,7.188454145373065
77,7.582677870824981
77,7.796707923292023
77,8.638802368928998
77,8.163070827575043
77,7.744785393666237
77,7.153172781969203
77,8.002069117935314
77,7.205920726295311
77,7.410434810305829
77,7.644921992258179
77,7.03556607951052
77,7.572323998210294
77,7.912395162039391
77,7.6151327463141545
77,6.967986140728511
77,8.366320613057665
77,7.779804854848601
77,7.854334527045401
77,7.448518420137462
77,7.293884954161841
77,7.938144354342854
77,7.905896218894295
77,7.651235686955312
77,7.9074972468792115
77,7.503611865274677
77,8.264116479962555
77,7.448402137557485
77,7.642820051586821
77,7.766379483087376
77,7.737785655653076
77,7.547589225294093
77,8.023839873656414
77,7.411845462161276
77,7.71085706346249
77,7.575970030962969
77,7.956815400298058
77,7.612622811100388
78,8.520159955378425
78,7.882766469063809
78,8.314236093229074
78,7.572982173301244
78,7.928604130978099
78,7.467843989405457
78,7.434923636646938
78,6.887260071608906
78,7.926964514962219
78,6.996156961633797
78,8.214857414079951
78,7.793736859357086
78,7.90869217649807
78,7.676142231067774
78,7.8297455444793105
78,7.051765198181386
78,7.630863616576822
78,6.968417259967774
78,7.188940025248293
78,7.829828723457673
78,7.357085831254024
78,7.704251534163984
78,7.8770311694466875
78,8.251563005109317
78,7.817992358609351
78,7.855523310234273
78,7.856686312181365
78,7.866659358485131
78,8.222267298042102
78,7.630685878142163
78,7.6875832476767005
78,7.428518014848105
78,8.200143547726153
78,7.90508709980788
78,7.255623531655111
78,7.430815707564606
78,7.834194247839309
78,7.366756017913327
78,7.518403099914114
78,8.162807631821215
78,8.131307435232024
78,7.818758708470511
78,7.934372808371589
78,7.752755256665547
78,7.554151962276161
78,8.002619787570335
78,7.936158796126388
78,7.149383738347293
78,7.660611383766415
78,8.170598599306384
78,7.216914296941341
78,7.092705619930861
78,7.53871357304802
78,7.616916080571724
78,8.469807019717742
78,8.405221433855722
78,7.542542666516324
78,7.6598331598866345
78,7.004499597734168
78,7.549975036751716
78,7.67224783680107
78,7.572409084204456
78,7.605057855873014
78,7.822377844458966
78,6.632571621939302
78,7.269686799622053
78,6.932678375508398
78,8.008666231929238
78,7.835178603859727
78,7.55292484153948
78,7.556862225629493
78,8.289621535716906
78,7.396207807381359
78,7.31395935831299
78,7.31650797400623
78,7.921138356502168
78,7.100287409622667
78,7.048969133733547
78,7.540352159878412
78,7.991365659148479
78,7.850709134190108
78,8.008294235878578
78,7.811587705375119
78,7.511432215526436
78,7.873745760128471
78,7.94103756029732
78,7.761404723943682
78,7.634819622256581
78,7.262717831144792
78,7.943695394242256
78,7.574937915652279
78,7.612185602362221
78,7.294020605385186
78,7.626207727178302
78,7.953769628358516
78,7.50637345066854
78,7.112168498306948
78,7.682532949082462
78,7.651449158879859
78,7.022757298426447
79,6.804056312018516
79,8.300798943657744
79,7.061232830578393
79,8.308704280561596
79,8.164924298055073
79,7.377555564916072
79,7.7520961553772585
79,7.889770259315655
79,7.292538935506261
79,7.522198678220385
79,7.319298205561894
79,7.998765443416467
79,8.182302827434937
79,7.6804644459601725
79,8.332785787734998
79,7.533321858443731
79,7.6850528778338605
79,8.145455577310265
79,7.179229427534032
79,7.6866606727145275
79,7.873205602671289
79,7.920075213372421
79,7.967992419209329
79,8.219367414649117
79,7.636766445147675
79,7.6662326950197
79,7.256567380684166
79,8.31429848188481
79,7.7082299954337
79,7.583233726985602
79,7.459743549663593
79,8.282438862824211
79,7.848448553075449
79,8.114890176711395
79,7.102155402458936
79,7.609507060663413
79,7.9994471657131525
79,7.570577390062353
79,7.704504805701407
79,7.447503512888079
79,7.601978861808001
79,7.819512249477042
79,7.224989955678995
79,7.237733746180805
79,7.810310669309963
79,7.17695261541597
79,8.102155873343262
79,7.9347475513030075
79,7.051847722111639
79,7.700420930423936
79,7.220114086790369
79,7.656433085181249
79,7.354821352611813
79,7.295252705395091
79,7.349224625971424
79,7.862404673241051
79,7.40188539790474
79,8.05905007827078
79,8.059862515926152
79,6.580066807733454
79,7.300921681080731
79,7.772966299941418
79,8.09541552620624
79,7.901301292587749
79,7.435559392224526
79,7.6258964893762995
79,7.511934625642449
79,8.253029129457188
79,7.513585822880349
79,7.0872909306840315
79,7.501347197170849
79,7.555249001905343
79,7.48516681555882
79,7.574917976920346
79,7.251868138885644
79,8.095047356707983
79,8.12621785476037
79,7.226230608814949
79,7.497657716228315
79,7.569494746935025
79,8.18520797235977
79,8.129081309110543
79,7.858550164296169
79,6.682598562591901
79,7.583633830846811
79,7.963985384859568
79,7.687943784296063
79,7.672248366710571
79,7.999898944279064
79,6.974845042568233
79,7.853594187827175
79,7.914559282355515
79,8.134084834121042
79,7.749649967745284
79,7.505869813186484
79,8.060117514656113
79,7.763678283388442
79,7.5316859823185345
79,8.11450345916469
79,8.147571323938047
80,7.421792257734451
80,8.055565499970973
80,8.224928427079178
80,7.618352141773796
80,8.559355745531544
80,7.739134448145457
80,7.871062682309066
80,7.977388327289535
80,7.277718378072631
80,7.8050555038033655
80,8.004072921771453
80,7.189196894986762
80,7.887226156769518
80,7.695553474176291
80,7.530771154519471
80,8.324759441759271
80,8.272147276157108
80,8.173912093415355
80,7.692794095463906
80,7.577500747661843
80,8.125317376875078
80,7.623681713698904
80,7.594436530331907
80,7.448852979080214
80,7.967055759848998
80,7.4410440002884295
80,7.666549807669858
80,7.416329567332842
80,7.75013601911991
80,7.725054569989913
80,7.528019321285061
80,8.130656713003386
80,7.0501663326322195
80,6.97625516627415
80,7.490045851249916
80,7.155788823196672
80,7.920868233354979
80,7.4950173402678795
80,7.506419486094813
80,8.166981059434816
80,7.533465631874188
80,7.347355142420002
80,7.5288174205205936
80,7.369123411898933
80,7.845608513050667
80,7.299241936794322
80,8.457414020038135
80,7.6900344970926975
80,7.994611619387888
80,8.017813320615009
80,7.86942164787499
80,7.776979667206754
80,7.81437572966161
80,8.069739605077945
80,7.992931629207326
80,7.805518751279278
80,8.150305765491698
80,7.353136850786956
80,7.625267272054341
80,7.464479641361683
80,7.981636253760567
80,7.708258856159256
80,7.590851209793458
80,7.894046248722916
80,7.513028608339422
80,7.727121611774847
80,7.529480696300275
80,7.420385136781517
80,7.857413585975945
80,8.542203432273752
80,8.008960011127204
80,7.489909918176645
80,8.0273009899582
80,8.065680437073558
80,7.7473243216778265
80,7.8505123996765125
80,8.042025322370643
80,7.176258426854157
80,7.8116912473468485
80,8.319254471313796
80,7.215165186634651
80,8.330715547598032
80,7.915718152400383
80,7.821737568225514
80,7.957184894472502
80,8.047860475332563
80,7.673427418463648
80,7.978790512395751
80,8.2637153228291
80,7.9489916596080255
80,7.038076433320412
80,7.998349035081215
80,7.600705235388916
80,7.689501267543614
80,7.623967913042589
80,7.450820867700156
80,8.286816406244567
80,7.960703066707769
80,7.517938118084153
80,7.962188611296458
81,7.423505338588244
81,7.843899491880889
81,7.92125112922364
81,7.860023051058197
81,7.610993230521348
81,7.320460992758125
81,7.820861142156184
81,7.773909837461133
81,7.913487674212644
81,8.296371569300131
81,7.85644160166589
81,7.758078489457141
81,7.577917972518623
81,7.094986204864856
81,7.638573375535909
81,7.862014113445213
81,7.331675288718924
81,7.678514392927437
81,7.448466350918567
81,7.272740948184969
81,7.556208358168842
81,7.889471139345187
81,7.228031844632826
81,8.678767593774772
81,7.48705083965065
81,8.305436128384923
81,7.69209560215802
81,7.3355502368064025
81,7.258298746522255
81,7.156601572644641
81,7.72674986982965
81,8.342563354516978
81,7.261843022463568
81,7.630003019850759
81,7.496975253727041
81,7.671618884871245
81,8.148523688664138
81,7.585915096874004
81,8.059704860337545
81,7.8770650956553485
81,7.1828046853711385
81,8.534291948815655
81,7.410415566961234
81,8.519800833660598
81,7.74722514597357
81,6.977379438508376
81,8.021443168061502
81,8.240120756256614
81,7.8349044984144545
81,7.327484926376347
81,7.276950837908742
81,7.393863842232366
81,7.169714523911114
81,7.6433765926875505
81,7.813550299425711
81,7.686265092712474
81,7.120262411049586
81,7.956083659695626
81,7.90855675749551
81,7.191352428929476
81,8.025064652906163
81,7.375516893026091
81,7.736301175781038
81,8.697758419860527
81,7.90957502127906
81,7.580390380669741
81,7.66261051261917
81,7.472588463099625
81,7.593480553806642
81,7.578217592481001
81,7.346850465543944
81,7.428663973935345
81,7.068633160068178
81,7.403024586675001
81,7.742657492889777
81,6.862525023129297
81,7.920974986753143
81,7.544768246781075
81,7.82755991363807
81,8.202058535261799
81,7.307177968547199
81,7.687611378637701
81,7.7808330164730455
81,8.081984610994958
81,8.04250194354665
81,7.352460691321601
81,6.6369495030081165
81,8.047535713748454
81,7.37181348526873
81,8.44885273506328
81,7.892608300786423
81,8.41109768952046
81,7.614539608417771
81,7.785215755890952
81,7.480198640383487
81,7.464711650955873
81,7.733341689714944
81,8.155323110730164
81,8.292402345801774
81,7.142124213850694
82,7.397984344319918
82,7.642311662587203
82,7.742059141960331
82,7.494940177496429
82,8.146102302060426
82,8.376675613435701
82,7.815048466747974
82,7.86478837374478
82,7.200342220849093
82,8.071926256925494
82,7.583063977879674
82,7.971679594939596
82,8.582057425978732
82,7.71320598574804
82,7.330476783815629
82,8.203383845164351
82,7.664356222329474
82,7.724298700263651
82,6.973763656445969
82,7.799761050163139
82,8.013629198786884
82,6.9182845580708765
82,7.65059337254626
82,7.85778881043649
82,7.77370270649798
82,7.280068077010186
82,7.912967802383729
82,7.602174812996961
82,7.62047337489014
82,7.696179846748431
82,8.04271110755852
82,7.488969292970191
82,7.171315726210821
82,7.164291567214316
82,7.891883087724708
82,8.204817139003554
82,8.010955558067943
82,7.787663368302013
82,6.815526486948626
82,7.972452647882113
82,8.523992694887314
82,7.874788525899075
82,7.557113890052503
82,7.588176175764525
82,7.620503927455414
82,6.931169078807807
82,7.235623767877439
82,7.815809427388186
82,8.01592770514647
82,7.204429048683582
82,8.374261797322657
82,7.954857411532621
82,7.370416956645106
82,7.509469840911464
82,7.973985413139296
82,8.320033780499829
82,7.5217808353724855
82,8.651490362295654
82,8.160890013957353
82,7.765315991286435
82,7.495022844818651
82,7.679244926295266
82,7.890808470875984
82,7.894057605497213
82,7.872864603579209
82,7.370027982504066
82,8.341140851126234
82,8.25460284843105
82,7.900755970389444
82,7.847064388158191
82,7.76585674445378
82,7.9596467089489735
82,7.7601312939509235
82,8.114997696008713
82,7.961072184009132
82,7.133979941383055
82,7.710952093057384
82,8.15225199057097
82,7.268321031240025
82,7.372554554016281
82,7.758498691275458
82,7.510022164305958
82,7.437572801213263
82,7.29677563511728
82,7.314340124845091
82,7.425705324612909
82,7.743662686357556
82,8.161971986974807
82,7.779414289041268
82,8.174183621294596
82,7.409461525898737
82,7.5497030351542636
82,7.80488305438072
82,8.27702972162629
82,8.21577371641184
82,7.685217838121106
82,7.714300774616894
82,7.651900570386755
82,8.537666133555492
82,8.204653484222483
83,7.4905918718719
83,7.477996339304376
83,7.865998634365298
83,8.141748395650417
83,7.66816933354875
83,7.748581876433845
83,6.798645072049045
83,7.256820001235745
83,7.527865616379644
83,7.800288484675486
83,8.483879116288126
83,8.458025022785264
83,6.706790389044681
83,7.326166179581159
83,7.392649422651642
83,7.670855425397037
83,8.078065097793415
83,7.899751144877249
83,7.080647158891286
83,7.671674388804796
83,7.535483701246701
83,7.040563105156411
83,7.789901131908108
83,8.092177235482694
83,7.165918767488075
83,8.13885544013619
83,7.75597314188742
83,7.541221114916939
83,7.791377120630432
83,8.134046671552001
83,7.714348127525666
83,7.40655678081563
83,8.142994997555158
83,8.103031718056824
83,7.587658856266438
83,8.067471785306548
83,6.996023322362607
83,8.177971246111312
83,7.570031901773984
83,8.745512838877206
83,7.519114191510467
83,7.752500285306308
83,7.2969264795614155
83,7.598325517793919
83,7.405666103471226
83,8.353604948421738
83,7.8804661654583175
83,8.129564931964694
83,7.672570994337255
83,7.741428913900482
83,6.847048958188781
83,7.380427089021878
83,7.155774771177523
83,7.938871399473041
83,7.28247896870576
83,7.046269043678677
83,8.073221888854903
83,7.919660090949105
83,8.028213356463525
83,7.750847166460765
83,8.034449697975042
83,7.674240224563051
83,7.933744169134413
83,7.695979864046021
83,7.77393583096494
83,7.856414117888465
83,7.955048874081228
83,7.888757835577469
83,8.499867752012179
83,6.887277839145128
83,7.553730729160218
83,7.838681052864458
83,8.468550180021081
83,7.78964571637876
83,7.734502657975538
83,8.239462342086965
83,7.507246825049901
83,7.511116140988
83,6.712406387305965
83,6.736139193719339
83,7.430559325811783
83,7.71074743267628
83,7.449268050488899
83,7.702230609349971
83,7.135580397647784
83,8.40148506756307
83,6.987989820212299
83,7.617688837643831
83,8.560462815095564
83,7.3633329573341
83,7.694433256787867
83,7.8453945345623515
83,7.682505088151734
83,7.16012043578235
83,7.586059619360996
83,7.89460178042318
83,7.607370828285212
83,7.074735204572339
83,8.275758511037441
83,7.917139066704432
84,8.423171386702688
84,7.9527410646251075
84,7.867422164615862
84,7.565513243150013
84,6.842571655570298
84,7.467720719198121
84,8.475048174906522
84,7.990028088336536
84,7.437305994337387
84,8.355835968200124
84,7.670412587734225
84,8.38647148593477
84,7.727221936544787
84,7.601708181559676
84,7.017207385264163
84,7.990144535158353
84,8.004131613159437
84,7.753682692569782
84,7.383796508711954
84,7.743109293992854
84,8.024540926598453
84,7.079670612729626
84,7.225391749367401
84,7.255963983801675
84,7.476761278426364
84,7.738552640813616
84,7.899931240172848
84,8.371662085906888
84,7.30362222240571
84,7.2067673267338765
84,7.410443073963847
84,7.3862718666065685
84,7.860804937728928
84,7.568488831160661
84,8.045891159431868
84,8.32278378812688
84,6.921708666669345
84,7.699954412923476
84,8.119649914590696
84,7.974651456573144
84,7.530190608911991
84,7.912504981941923
84,8.481844948620868
84,7.740431924162764
84,8.016399094980773
84,8.510860847108262
84,7.387669018507478
84,7.232360071751489
84,7.696903938389015
84,6.986137820780323
84,8.207332827941615
84,8.099788611940342
84,8.006400433651374
84,7.3263315275314005
84,8.383787853293684
84,7.654104022592906
84,7.945333263094798
84,7.998642083464845
84,7.863977227267642
84,7.809308204041006
84,7.666520070251915
84,7.99600563094034
84,8.165322307797531
84,7.775867984901706
84,7.732999017474897
84,7.6312776058462255
84,7.6322353831818806
84,7.680930836665532
84,7.844668188087975
84,8.365600171634211
84,7.691425988079053
84,7.161202579511669
84,7.543825763429258
84,6.847397026745457
84,8.166485902054646
84,7.288394180594639
84,7.712679619200807
84,7.47370947798487
84,7.656273780888995
84,7.556634305533731
84,7.793307396184788
84,7.161202941335542
84,7.395477347507454
84,6.973816318367328
84,7.397162784091823
84,7.964117886850617
84,7.156730749532637
84,7.697644562163261
84,7.528451231888968
84,6.56940989267483
84,7.444178048913902
84,7.803707222712749
84,7.058515837787219
84,7.6564112154028585
84,7.368797476617183
84,7.536848142987059
84,7.641738308281146
84,7.8724903586891175
84,8.038156000771457
84,7.200920709912208
85,7.527860429197042
85,8.154969861940947
85,6.837902427189897
85,7.499836187986534
85,8.023100085215956
85,8.109138786025694
85,7.880083835878642
85,7.737244445931634
85,8.289829892735606
85,7.948432918678484
85,8.462098191253013
85,7.107092117533057
85,7.072166009894131
85,8.716850479589048
85,8.36427076942038
85,7.4029783083581595
85,7.284490645080117
85,7.902798407580134
85,7.579428551121383
85,7.7807978366784685
85,8.293523653864352
85,7.438939374884197
85,7.7788055627199135
85,7.58012573013849
85,8.057893161682145
85,7.305817081691944
85,7.824482164987995
85,7.312963395217886
85,7.230657777349165
85,7.4313719184507105
85,7.02790081340136
85,7.637464243098424
85,8.126447711889744
85,7.672391606973765
85,7.826195043277921
85,7.8815742671023346
85,7.86636859850775
85,8.060928286596372
85,7.75191789182873
85,7.142800986987188
85,7.236678725103182
85,7.30029057833206
85,7.2853021370929465
85,8.636082884382992
85,8.708938116720285
85,8.011812870907548
85,7.73343193685528
85,7.5167328542775405
85,7.975521984840161
85,7.77167350352442
85,7.992503515579058
85,8.30318578443832
85,7.65237874017812
85,8.389728011116668
85,8.311769058083987
85,6.925654575684079
85,7.088221526404579
85,7.415220837257718
85,8.182132209861168
85,8.071111182844653
85,7.7288870847211255
85,8.02053230695648
85,6.747413145691179
85,7.312108357082435
85,7.940112418548484
85,7.112691793367764
85,7.236805128146836
85,7.543935764056149
85,8.236619229538388
85,7.671643434837589
85,8.473103807714983
85,7.942221203388816
85,7.541464743240593
85,7.516733893034759
85,8.460826774422026
85,7.325348085812813
85,7.829001845470754
85,7.809063018620552
85,7.462786993677748
85,7.749206095739129
85,7.724692677421341
85,6.931544759335904
85,8.400841444050348
85,8.050662589796847
85,8.303843257449774
85,7.791097848552928
85,7.512468210912062
85,7.942885590211622
85,7.378044081675694
85,7.426441586797228
85,7.421098745070153
85,7.326921403875157
85,7.621190792959161
85,7.569873809071129
85,7.563111579577285
85,8.045924850117418
85,7.556330355375048
85,7.780267912578414
85,7.693298999430737
85,7.605429774257836
86,8.129579175847947
86,7.311533184463172
86,8.597625510389145
86,7.464597727100678
86,7.62673288262155
86,7.600719414243084
86,7.876601217123624
86,8.038326168546412
86,7.822767285156787
86,7.0265397290111515
86,7.64345590597566
86,7.794570912400552
86,7.766987989788813
86,7.563802869276865
86,7.949071642297195
86,7.962162651157751
86,7.478856058330711
86,7.468588492124252
86,7.7462251498854435
86,7.4435886374245674
86,7.403826923649526
86,8.181935008312308
86,6.928952231119241
86,8.222356301167945
86,7.819502733951242
86,7.661717326753993
86,7.496789604937849
86,7.590697776401491
86,7.422112269535762
86,7.633009327802633
86,7.627359753332065
86,8.026546492047325
86,8.108375387050588
86,7.663941727107035
86,7.962433103806245
86,7.936767513751066
86,7.523574403342657
86,7.8472609096484165
86,7.508972077499235
86,7.6100129359742406
86,7.878552378915776
86,7.462995713847659
86,8.167873975237566
86,7.387153549826661
86,7.632996735937309
86,8.002855537977487
86,7.525062389301524
86,8.222857942527787
86,7.773887918061049
86,8.136549555597353
86,8.047030977800723
86,7.8482129035215715
86,7.218223971318337
86,7.496057016371043
86,8.10354903266503
86,7.840922817973045
86,7.382682654804674
86,7.869563707594378
86,7.202745471555403
86,7.378579331886417
86,7.568189247829488
86,7.4442958941620505
86,7.4542991599451485
86,7.469256957398979
86,7.28404652265656
86,7.725921255225944
86,7.590888319098326
86,7.09844941932509
86,8.184202883925883
86,8.106144458756864
86,7.801195729634083
86,7.332344044785207
86,7.4119407780841415
86,8.041988340885618
86,7.582019481874974
86,8.13124715556762
86,7.618388391749245
86,8.38595607541165
86,7.620671484634759
86,7.993986084440109
86,8.297265187781598
86,7.504330654980593
86,7.3099223077937605
86,8.008030178160837
86,8.64149745841002
86,8.076454237819465
86,6.977097004209432
86,7.734728266648541
86,7.309373830778324
86,8.198249086766154
86,8.050569392332491
86,7.091260748127005
86,7.046950989747983
86,7.988640929982888
86,7.601884276059641
86,7.140389627636641
86,7.3272620224604195
86,8.301658340931342
86,8.521111339149012
86,7.57308511581111
87,8.27134233225213
87,8.388523349090722
87,7.840144282763508
87,8.007497650039992
87,8.457172519636739
87,7.167846259766775
87,7.887590406533421
87,7.367672014627049
87,7.7475670946134265
87,8.061700177323866
87,7.246771987524183
87,7.674462010255586
87,7.545259908509251
87,8.50950660582392
87,7.7910762632009725
87,7.034993152255168
87,7.987889583873514
87,7.655084222508631
87,7.022383639139629
87,8.504566098250292
87,7.303023411970501
87,6.83132812965846
87,7.875087904380214
87,7.109976869893286
87,7.163657346329444
87,7.878910485958142
87,7.732775457229817
87,7.1807385196560025
87,7.361959123244173
87,8.204797992674198
87,7.29894373775423
87,7.107007485232748
87,7.298499388701681
87,7.798011608639546
87,7.550875856537397
87,7.705067098318378
87,8.168640485254414
87,8.117971235581386
87,7.76816194701772
87,7.41053900842341
87,8.4766599216948
87,6.8107785246513615
87,6.914015908564368
87,7.769236998703316
87,7.979826798305445
87,7.868243420805312
87,7.366246175445907
87,7.554938506134198
87,7.806438604005406
87,8.517689159309263
87,7.759019328121411
87,7.539844758876856
87,7.898303556817157
87,7.142106236648278
87,7.199020396081089
87,7.589744161011283
87,7.689797716802467
87,8.04512596502354
87,7.2626815217737155
87,7.968883609350177
87,8.223328519677537
87,8.068551953775735
87,7.3996865929548115
87,7.914277596160987
87,8.171828006229802
87,7.7816895113556965
87,7.508639637245377
87,7.7350334431437275
87,7.447659350635084
87,8.22845508591264
87,7.84480961070664
87,8.370846743240348
87,7.794593246038994
87,7.637471696091423
87,7.159194336231042
87,8.348775605945125
87,8.067198360808511
87,8.160040738889283
87,7.53564726794139
87,7.941985282017137
87,7.393581821046821
87,7.409720723889439
87,7.726804067583463
87,8.360471146145072
87,7.994193232652627
87,7.692441172355087
87,7.883089458306179
87,7.907822083551002
87,7.791968855027375
87,7.69768364771815
87,7.633975855190815
87,7.306746744451267
87,7.92628795469729
87,7.854106409622047
87,8.321363376321852
87,7.5060505341037125
87,7.303092802268083
87,8.214354715613194
87,7.802113280833908
87,8.022880570426652
88,8.423388886249402
88,8.160153010289907
88,7.677235916354203
88,8.24379691076747
88,8.255244035922086
88,7.6508171996518435
88,7.857805581426679
88,8.126701400510694
88,8.057658977243658
88,7.42057707862796
88,8.368085293172152
88,7.617757319348942
88,7.425137585156124
88,7.49130380195547
88,7.242686785156744
88,7.78261904307608
88,7.229694419923269
88,7.232710249217446
88,7.415093141864319
88,7.692930579302767
88,7.565745653316089
88,7.686719134634601
88,7.312631050048501
88,7.8137303875832576
88,7.90836959959492
88,8.080890545636466
88,8.316097914779258
88,7.356757471920407
88,7.261339317071
88,7.456270644580849
88,7.199660184126616
88,8.471522405491266
88,7.717504699230426
88,8.288335268582477
88,8.512222285324
88,6.917988856192869
88,8.09365292319045
88,7.706867524919471
88,7.630467342094187
88,7.528941511143797
88,8.43916100082617
88,7.077158898845685
88,7.946784548705004
88,8.195761073990642
88,7.527216218313331
88,8.67325074300112
88,6.8945067675872655
88,7.638466787587399
88,7.576898221027111
88,7.17594469731657
88,7.853510226522446
88,7.878355897587412
88,7.691145654276205
88,8.212455256566278
88,8.125861355904197
88,7.930258839200741
88,7.4127393181132195
88,7.682656372000489
88,7.55529342119463
88,8.295873196084722
88,7.933736932153246
88,7.7181215724998005
88,7.945881642550168
88,7.716388353576947
88,7.756485907385301
88,7.074035543398469
88,7.6155646984008225
88,7.425405638052757
88,7.687962345434505
88,8.336606390195794
88,7.262111743790622
88,7.526393400824167
88,7.85707728963649
88,7.911668341838141
88,7.512990379314125
88,8.701741478130788
88,7.7051442574646964
88,8.031408307402856
88,7.812339263120883
88,7.896968589927891
88,7.853949711476998
88,7.551441533475244
88,8.122876677531348
88,7.099961344929749
88,7.421733430207821
88,8.044885738567906
88,7.899212795632438
88,7.920427151707114
88,7.031414757519304
88,7.541676104915724
88,7.378336422250907
88,7.994165482303556
88,7.91508459066905
88,7.909008566688746
88,7.215684565347621
88,7.828428396495102
88,7.803800584379872
88,7.734683867774837
88,7.391946762955018
88,8.025266338803538
89,7.451449925210817
89,8.12264751783827
89,7.681746190003231
89,7.727987286987096
89,7.4927986036262215
89,8.619986837313217
89,7.509300441907961
89,7.4415544228244865
89,7.903646371798843
89,7.631589364701626
89,7.436522778454459
89,7.3488506251553805
89,8.081769378762376
89,7.88534503647386
89,7.207853833684611
89,8.584457964318155
89,7.32326713544119
89,8.270082821551414
89,8.716723523852025
89,7.623549236802135
89,7.885795472813917
89,7.7210206756411655
89,8.147140452430692
89,7.5881410310809265
89,7.857630675082939
89,8.082292905553157
89,7.405006424084738
89,8.553070100901026
89,7.123462348623227
89,7.93637480458685
89,7.375203800512298
89,7.923456854567676
89,7.946445784495284
89,7.33660234048661
89,7.213879560066662
89,6.996566010784743
89,7.11751009879777
89,7.011602368318832
89,7.9434672990322746
89,7.859936625412391
89,7.8116851354058205
89,7.865881262544543
89,7.169319122851865
89,7.411330704613732
89,8.246200023847784
89,7.673907849449749
89,7.769658561826322
89,7.884334666111223
89,7.488401437086309
89,8.266956274280162
89,8.10118751358217
89,8.031692079984294
89,7.460566016898778
89,8.22231672278615
89,7.60825399552115
89,6.938435446373983
89,7.6616515049121325
89,7.454695550583167
89,7.563549441518486
89,7.300149435550772
89,7.83093083359592
89,7.713247405263381
89,7.810204362281152
89,7.812010705514438
89,7.834288679633017
89,8.465391793868392
89,7.838993913227356
89,7.786087677571853
89,7.500967877469616
89,8.62425922227864
89,6.940787696521458
89,8.281876215388468
89,7.32935890182151
89,8.016862732217543
89,7.502543352768052
89,6.913369648290702
89,7.435420003430457
89,7.247836452998071
89,7.194919929853143
89,7.042490779753568
89,7.046316107448165
89,7.5444362280430655
89,8.441088970784024
89,7.579240989912463
89,8.139129788040023
89,8.04963757953984
89,7.613568428849231
89,8.25571666753204
89,7.565431673948962
89,8.130645949099325
89,7.793120282265944
89,8.165211756917877
89,8.022238552140601
89,7.3499137830166195
89,7.247890935681179
89,7.623955507207635
89,7.3291288013566955
89,7.667820997156025
89,7.894556213492303
89,8.112446407801883
90,7.645176000037431
90,7.641005755662815
90,8.00743854710274
90,8.14121729481778
90,7.751278049400856
90,8.508381336437598
90,7.998895864530466
90,7.529225296424156
90,7.296322772820741
90,8.12730629092514
90,7.92417755070247
90,7.692759746011237
90,7.509513133691513
90,8.125150485742196
90,7.516132198271774
90,7.504228235648243
90,8.085543113094207
90,7.592368180045645
90,6.7811140591717445
90,7.619555582064453
90,7.250244005459587
90,8.118059629562914
90,8.13565920321111
90,7.395350490847992
90,7.970687898972399
90,8.036848894931204
90,7.962165676057838
90,8.311415386776542
90,7.65588460397729
90,8.105959285497057
90,8.255234919628528
90,7.271999856831852
90,7.628058435076191
90,7.481291345579247
90,7.146758234480194
90,7.51766778508265
90,7.3661611492454355
90,7.98275664509434
90,7.205508446256885
90,7.370308557162698
90,7.676532989274957
90,8.098097304944725
90,7.476510252240441
90,7.588911605827417
90,8.211118555474544
90,7.717851672722364
90,7.518201017364978
90,7.5974754729450895
90,7.71762997689998
90,7.171945383719146
90,7.310054399529515
90,7.5802763404440805
90,7.729672485870172
90,7.228915815504235
90,7.262471906000576
90,6.998421655357532
90,8.218724906320976
90,7.550776629172002
90,8.159571218966319
90,7.480547330694594
90,7.458807449212881
90,7.753993211224193
90,7.60268476747074
90,7.81409258501659
90,7.038934159071391
90,7.320526075578388
90,8.02948208639035
90,7.25833453634747
90,7.0312448997446495
90,7.941271816795173
90,7.627034298525018
90,8.056741879782056
90,7.430650301633096
90,7.6108670374058205
90,7.5410229500531525
90,7.389932355986665
90,7.348890407874499
90,7.959322726863548
90,7.723761400584887
90,6.86670664359746
90,8.23571865337896
90,7.670695138230656
90,7.944422783091174
90,7.751544648950053
90,7.305446994977022
90,7.791644493088606
90,7.160181576033823
90,7.7507163121390015
90,8.2214885523987
90,8.018937026917246
90,7.824890053405321
90,7.6537960659831095
90,7.136907231813788
90,7.952160996675531
90,7.463558966818715
90,7.958592067378968
90,7.780692848605327
90,7.3780788467183935
90,7.6236576175498145
90,8.17233039090118
91,7.510200268490572
91,7.426880322519751
91,7.194248809057239
91,7.819728851051226
91,6.814920537581198
91,8.114228725158583
91,8.267010109158138
91,7.451871925353723
91,7.92624695513751
91,7.026633107448801
91,7.466452568316765
91,7.7324777120748385
91,8.881391476251771
91,7.949238627923109
91,8.150646699409755
91,7.9401847318488175
91,8.685147554664903
91,7.806888749990716
91,7.610679007832812
91,7.772003134296657
91,7.286152589094738
91,7.283004599895138
91,7.938196642224599
91,7.975443284755397
91,6.89903962710283
91,8.269699644791707
91,7.614217697934256
91,7.927318566712691
91,6.792844004330751
91,7.996208161720163
91,7.989438230465003
91,6.99237005229327
91,7.6648765510614325
91,7.687144847057964
91,8.4253974733542
91,7.183595702597731
91,7.822435795448017
91,8.016156592427334
91,7.26508897514512
91,7.145943669997568
91,7.742869595607655
91,7.652459235242319
91,7.35419754264882
91,8.101094620491638
91,8.068864797876316
91,7.5733604972031685
91,7.392909316575949
91,7.6875400648738506
91,8.109278351167056
91,7.962151742406032
91,7.891381901804226
91,7.571397843949138
91,7.806752023103315
91,7.6217491486800775
91,7.794567840580656
91,7.0458234861339095
91,8.075134037968645
91,7.940547873300687
91,7.481066625218701
91,7.804239327000763
91,7.245607532050068
91,7.14771272838032
91,7.789170150925438
91,7.3130435308508845
91,7.142573278143788
91,7.528397356552741
91,7.212011832531117
91,7.771116485837894
91,7.02955047814572
91,8.016575119021509
91,6.950543723307288
91,7.182394044216161
91,7.90765570522868
91,7.220039153653678
91,7.961424632335751
91,8.055236319583516
91,7.4135573531232195
91,8.028697076725733
91,8.021890526432548
91,7.534244967743389
91,7.959358366542769
91,7.62352257607051
91,7.458659112592095
91,7.841040696808012
91,7.601582089683193
91,8.097569409661004
91,8.029796385087316
91,7.464655757563699
91,7.991388098024445
91,7.928670691135512
91,7.348785007803124
91,7.65907535625777
91,7.903843052235768
91,7.577390065172512
91,8.079009764092087
91,7.543645149722024
91,7.884830289608987
91,7.219444549434217
91,8.09839594051396
91,8.090783284550316
92,7.723076397009751
92,7.6618105216244725
92,7.611434355899872
92,7.397454606609162
92,7.927032504177227
92,7.633040655033381
92,7.2173612076770235
92,7.412375284296683
92,8.364108322361762
92,7.117756843596778
92,8.746555858275528
92,7.177221523243464
92,8.378734612589144
92,7.631852976287418
92,7.90728543723128
92,7.53902028008481
92,7.567316497801919
92,7.607672087711064
92,8.066378489276081
92,7.5561354899805
92,7.8646398206978825
92,7.203482786811687
92,7.995535475975961
92,7.913890956876327
92,7.794700941285073
92,7.950913430529479
92,7.673990558817158
92,7.440601030411964
92,7.5055109839459195
92,7.549535803653441
92,8.052280129265828
92,7.820538386095223
92,7.808619953179243
92,7.6348179625377215
92,7.457856571478922
92,7.659468494673979
92,7.943705686204952
92,7.3696177704556804
92,7.872596653019644
92,7.1756476336235275
92,7.691659612556236
92,8.088122859548871
92,7.311222019219696
92,8.247803739430783
92,7.4815486698995946
92,8.036597358654223
92,6.924177618393352
92,8.214908535613931
92,7.7912027157209875
92,7.488807865895114
92,6.669101331148164
92,7.6142727273258695
92,7.915994567379443
92,6.367453536519458
92,7.467242109607051
92,7.5100852471856
92,8.839488493597184
92,6.855055877047433
92,8.422157676255852
92,7.836124175637076
92,8.083455579769524
92,7.873454262032579
92,7.740678467711519
92,8.108972996032973
92,7.701410923232357
92,7.4608361824313905
92,7.856967950397805
92,7.696731496022544
92,7.657607267823881
92,7.0080833005216725
92,7.232092060856487
92,7.610933726764233
92,7.322785925950938
92,7.755214601600281
92,8.052152268527138
92,7.856065600273573
92,7.9574124453015305
92,8.132402125297942
92,8.583973260580716
92,7.839120794054648
92,7.1565290339884555
92,7.906376367089232
92,8.025833315853747
92,6.975444413737587
92,7.126968390584778
92,7.122709851209888
92,8.268487370367477
92,7.874621521809279
92,7.634656580436176
92,7.9138571884627105
92,7.926596408244893
92,7.510403770781495
92,7.504050364299075
92,8.598028029132061
92,7.359602321883845
92,7.5949762148658735
92,7.69311807710931
92,7.611679819505011
92,7.769889637839571
92,7.591118657515881
93,7.597783665229433
93,7.587809349852755
93,7.684453749356906
93,7.6726439454493995
93,8.019685547410427
93,6.9594421442139796
93,7.539101434781422
93,6.9832084558558485
93,8.535272970977783
93,7.691818732723776
93,7.540768599824357
93,7.4354297543466785
93,8.288921845409506
93,7.9221951125501455
93,7.955929105277229
93,7.746690833888907
93,7.5019015335725525
93,7.7582634470531175
93,7.773894854131981
93,7.490396622041552
93,7.994675551268321
93,6.971000363830812
93,8.724890645497638
93,6.9634966845339985
93,7.904286859227308
93,8.469277986785555
93,7.884826232700057
93,7.660949110473106
93,8.127309541273927
93,8.392530658435243
93,7.118973004271994
93,8.06839623779006
93,7.70396599765051
93,8.03812598051095
93,7.791237847400024
93,7.447477982580782
93,8.34097192030393
93,7.544288289467396
93,7.800206079315881
93,7.921001228482253
93,7.824960433718166
93,7.502548822866904
93,7.146805005929283
93,8.099388676814243
93,7.751758841216032
93,6.972876979016117
93,8.374194250677625
93,8.147589130863734
93,7.289190198411402
93,7.287324370381889
93,7.595732337417401
93,8.597143009472703
93,8.039660670052877
93,7.829629224708567
93,7.714424431809548
93,7.355727564894652
93,8.053039485783385
93,7.2781345582904695
93,8.30487389976805
93,8.006604221009281
93,7.685777870291531
93,7.216309196167798
93,7.718287765165014
93,7.6665663952738825
93,7.557212124847678
93,7.34075938836286
93,7.874609821026926
93,8.191753493680624
93,7.421880222609206
93,8.133594140912871
93,8.347385404786273
93,8.089369984849666
93,7.760278854321701
93,7.839050217274466
93,7.690404445691213
93,7.257368110521543
93,7.452893250794366
93,7.57557377930712
93,7.856217183111545
93,8.178046103522089
93,7.930247074380013
93,7.865252182560328
93,7.91424140951091
93,7.672800804619752
93,7.828877348136398
93,7.773378944771499
93,7.1708543256423605
93,7.816251959988955
93,7.495506740182248
93,7.626879190963016
93,7.992892690554222
93,7.543718617649278
93,7.68722865595625
93,7.26800811365426
93,7.752605243554739
93,7.185554674119279
93,8.111811926753582
93,8.385875566281227
93,7.981474625508466
93,8.189688818924495
94,8.564515830120893
94,7.532331949867318
94,7.563082877994767
94,7.879214603442367
94,8.184407653143522
94,8.20026444956068
94,7.445966597962558
94,6.950656270290412
94,7.554170645399393
94,7.6340121525129145
94,7.511887188759647
94,7.86073726401934
94,7.821157546270557
94,7.654786037420074
94,8.629857189511302
94,7.8255265870300015
94,8.718740750450282
94,8.035730434166476
94,7.5858116272263025
94,7.558953148809709
94,7.629979289965816
94,8.091410488886288
94,7.421770755203547
94,7.76380458213636
94,8.080136701116094
94,8.2904241689383
94,8.149682147930635
94,8.167033376581378
94,7.9271974551403925
94,7.503996717624541
94,7.82665975376614
94,7.726123674124306
94,7.3967612502119895
94,7.5169334440685915
94,7.817867559721034
94,8.331361058271145
94,7.535526698432363
94,8.350867853841256
94,7.752745482419806
94,7.990573238057102
94,7.5843941517817965
94,8.828731728182886
94,7.862016216327312
94,7.297089539588753
94,7.865667027689486
94,7.56872955699332
94,7.302728251572829
94,7.2103589337978455
94,7.872217550614368
94,8.091315229972373
94,8.112252627695895
94,7.181251773765844
94,6.98360558880491
94,7.816229262318063
94,7.872408015698079
94,6.826906477350718
94,6.896678508643996
94,7.745683753840768
94,7.675868853796027
94,8.239057120735941
94,7.428652077430233
94,8.086230169851158
94,8.127668850998614
94,7.211332621105896
94,8.348547475770667
94,7.846567415582908
94,7.712880648909627
94,7.320982493450717
94,8.55002274057377
94,7.722947876714122
94,6.886705849700139
94,7.450937719089653
94,7.473737911427387
94,7.209948026549089
94,8.175044571822703
94,7.269996355529341
94,7.833124028675399
94,8.495870329370403
94,7.128664663137243
94,8.132702796740489
94,7.719018946126329
94,8.050052229894593
94,8.013597336741306
94,8.04210489657245
94,8.00297338675918
94,6.968151614308619
94,7.952144392239251
94,7.684173958167592
94,7.834907937705026
94,8.345996767331512
94,8.09989583080051
94,7.722779023257547
94,7.432869643713361
94,6.893459641324219
94,8.486508211990921
94,7.763950416616374
94,7.537458585023362
94,6.67735980250162
94,7.753156295619455
94,7.731245618358363
95,8.420762082511288
95,7.972378619494606
95,7.964945174337309
95,7.490036188774086
95,8.013295435219442
95,6.875041747428835
95,7.7336282516708055
95,6.819455905382904
95,8.190904030487184
95,7.719432795026169
95,8.467384143407687
95,8.080969996853435
95,7.659189732727515
95,7.574571130946202
95,7.9796641028738895
95,8.086305377371497
95,7.947454463918472
95,7.335555030352632
95,7.833950786407059
95,7.783255937703306
95,7.6573891027210035
95,8.030321682831504
95,7.409027534194958
95,7.765190883847776
95,7.818658913930247
95,8.165986083969905
95,8.365908334272268
95,7.575963271983155
95,7.77446075821095
95,7.6483227911054765
95,7.779084885218299
95,7.649384932110066
95,7.2084374203861135
95,7.737982938753698
95,8.00133613227502
95,8.433588824172169
95,6.976411437363837
95,7.637211390628426
95,7.371360090534961
95,7.806616148257051
95,7.985877571501909
95,8.156617092657283
95,7.589536722724424
95,8.081761104697641
95,7.565040528704717
95,7.362099358986707
95,8.51396855893424
95,7.390605666424576
95,7.488001184306552
95,7.706326338916848
95,7.653207418980965
95,7.722501823942787
95,7.677418622805816
95,8.058262402775174
95,8.194540304466425
95,7.7418537252474415
95,7.378979958739827
95,7.5611994724799585
95,7.620242901995209
95,8.131271153447486
95,8.165290520608233
95,7.399944410349564
95,7.425760749343345
95,7.948255101583053
95,8.35132793320086
95,8.140730508359747
95,7.169454399925765
95,7.617383455116781
95,7.458657495357873
95,7.765168325902988
95,8.095625502617203
95,8.43566119757774
95,8.038664002242449
95,7.624530086823447
95,7.444053772239199
95,8.100366381775647
95,8.46644015391031
95,7.219654194424027
95,8.060032382654121
95,7.161992490570174
95,7.9257124242872985
95,7.522860508551975
95,8.133320966472633
95,7.22424677756835
95,7.68150961056622
95,8.165125561147804
95,7.559986507256168
95,7.5218084967103644
95,8.123027244159472
95,7.351623555540674
95,7.023085376650089
95,7.598454341932255
95,8.09900483658798
95,7.530731773776283
95,7.169857200438215
95,7.0132290214903215
95,7.777672282055256
95,7.273684822323324
95,8.079509115227758
95,7.950293728615099
96,7.725696301722609
96,7.732902602911903
96,7.825644112208896
96,8.22394104228028
96,7.08857578980377
96,7.779567690540065
96,7.8258285362703495
96,7.269201243578734
96,8.149666380866675
96,7.973771913661526
96,8.569674521514573
96,7.301613970773866
96,8.0706916573833
96,7.760893505608468
96,6.819813166132475
96,7.741428924770547
96,7.920688150427227
96,7.35611911923503
96,8.012286324477447
96,6.910008077747257
96,7.26950418013152
96,7.8322278684017475
96,7.913349041963532
96,6.9867649138554135
96,7.366661810494103
96,7.879272389227161
96,7.073125649738691
96,7.863509660293541
96,7.89220618391402
96,7.884821452461839
96,7.8876826015795665
96,7.886919858577394
96,7.4526429292807155
96,7.102079523151071
96,7.892416115678642
96,7.366925623412585
96,8.42940688355859
96,8.434013728651644
96,7.735448155105434
96,7.675573743605707
96,7.789101247051697
96,7.310368773948619
96,8.3185994362762
96,7.647081648251512
96,6.695261957517834
96,7.474275468272573
96,7.983602254009445
96,7.794013179951334
96,7.277160212356494
96,7.783315747370918
96,7.980918301923591
96,7.703936777567704
96,7.969827409872021
96,7.230784345078161
96,7.556763535370967
96,8.3624208984824
96,7.559619308616954
96,7.535912916562747
96,7.302298486378633
96,7.871574092646938
96,7.373203065710519
96,8.08931532767506
96,8.198886584741137
96,8.013071555239293
96,7.5192675575582975
96,8.21258492528034
96,7.476200148313202
96,6.9281128937262055
96,7.346529356663891
96,7.491068070118755
96,7.121742174394736
96,7.383229254797831
96,8.582942126112902
96,8.160814547576598
96,7.54425056560066
96,7.209891573929666
96,7.280588179788553
96,7.038375095467513
96,7.048538750352742
96,7.6446297736688
96,8.083462670129219
96,8.27796474167815
96,7.753045217360076
96,7.401223843115244
96,7.3044764906448165
96,8.222206756575671
96,8.19784058240051
96,8.213877583681997
96,7.215588021443811
96,7.837946130653145
96,7.455999848268699
96,6.804842785892991
96,8.087736003288096
96,7.530621513436337
96,7.8927025493905
96,8.167832874861622
96,7.390927043448654
96,7.746001505870094
96,7.075136592074458
96,7.339420136718127
97,7.856800802539924
97,7.723166406831821
97,7.002163553716055
97,8.562053358130845
97,7.44137568265938
97,7.45084258446882
97,8.05528609316518
97,8.354727119042506
97,7.584387711849008
97,7.445750880514336
97,7.738475415222465
97,6.870570256156653
97,7.121862182214057
97,7.023533469585531
97,8.1041142722829
97,7.358873898440793
97,8.421310265326985
97,7.132982757164594
97,7.823613405527154
97,7.569511212671118
97,7.177523219260936
97,7.6875263891028025
97,7.821154253304664
97,8.257486562620532
97,8.472206379019214
97,7.299357748517308
97,7.768906717179611
97,7.821054287050683
97,7.930214271980294
97,7.733592604230926
97,7.803886548309469
97,7.518015501236444
97,6.803901460493035
97,8.21972598661876
97,7.899290861524306
97,7.711454921868664
97,7.046771044861879
97,7.2611588255809245
97,7.073130037326311
97,8.291577267198823
97,7.181920087576909
97,7.909556719543035
97,7.127924713519338
97,7.227158944178127
97,8.285618148631363
97,7.345557331161793
97,7.449910372109798
97,8.033046744391562
97,7.510702905090963
97,7.338103122285673
97,7.648735526461232
97,7.265800098634042
97,6.860878203287748
97,8.091773057763742
97,8.579182379811494
97,8.388052558055646
97,7.623750523002558
97,7.031562829999363
97,7.612770395950536
97,8.265763558903194
97,8.088799581434053
97,7.492487227771983
97,7.862944174711885
97,7.5555150189266875
97,7.971366653343282
97,7.82933932954761
97,7.397653561126126
97,7.71462002757162
97,7.489065235969473
97,7.954038609319165
97,7.869469025846212
97,7.389807301735584
97,7.740393835764712
97,7.630616874192799
97,7.863919722609926
97,8.384904595991026
97,7.317539949414234
97,7.222310675761029
97,7.383279494785016
97,7.5054776556069545
97,7.83755581637805
97,7.892467649215707
97,8.027987334909257
97,7.728971515332513
97,7.878123178964619
97,7.745745695258381
97,7.683244019698126
97,8.151039262612022
97,8.501972115912668
97,7.74962543117296
97,7.386530635465249
97,7.702597825119206
97,8.08215209038797
97,7.765835360878444
97,8.138450417002469
97,7.720235217204323
97,7.41153562779332
97,8.48245967148321
97,7.5920008186749905
97,7.8824782439977
98,7.230341140413072
98,7.408042281512696
98,7.880100675401634
98,7.109596522160636
98,7.147974675504625
98,7.2310620330704225
98,7.435642307141774
98,7.966811259116387
98,7.132277324369108
98,8.04526571549905
98,7.9930011538906305
98,7.197832483274978
98,8.312437031068377
98,7.301272665539674
98,7.302830712296939
98,7.92427846705793
98,7.654971774009129
98,8.329716042144094
98,7.484448211981583
98,8.286720742132248
98,8.333160047513637
98,8.514308835425346
98,7.864575663225057
98,8.180291159458191
98,8.233340818149168
98,8.475552774405369
98,7.42785287877429
98,7.655163506816319
98,7.410378872586296
98,7.6842688466175
98,7.860344442128536
98,7.588903940375724
98,8.400712655216843
98,8.041413823736711
98,7.3954335212777575
98,8.14588551694697
98,8.240789308289836
98,8.424370138624273
98,8.029514868290772
98,8.043394209060482
98,7.420229697604391
98,7.352618445513041
98,7.888936582094291
98,7.828884908809555
98,7.521993370215494
98,7.549775758378747
98,7.9306770436576075
98,7.425671648624565
98,8.341498662126506
98,7.824944396592262
98,6.813625587668748
98,7.850876469239823
98,7.728683347351607
98,7.927527643006896
98,7.390168528177629
98,7.632758266482483
98,8.0463687555928
98,7.815247962242385
98,7.755283378886818
98,7.515213256419093
98,7.640447583204817
98,8.356573662045742
98,8.133781806581219
98,6.475367688065811
98,8.182214097167813
98,7.278930547906381
98,7.373805295026808
98,7.268634065510646
98,7.810743003041606
98,7.979124846956446
98,7.829176935801808
98,8.273426040040476
98,8.549141387239624
98,8.07595526215559
98,7.594185499456873
98,7.967014013334969
98,7.634654570629202
98,7.054198694333931
98,7.518174569347358
98,7.096211106135303
98,7.625767470719971
98,8.147758111926708
98,7.5112384187288725
98,7.3928374357116935
98,7.6930259413092505
98,7.840534497337958
98,8.11791633279124
98,7.309705214040421
98,8.506095048946202
98,7.620946777608813
98,7.770489797884302
98,7.510998680911692
98,7.460437747478899
98,7.814849461946352
98,7.491160327550437
98,7.323838022845207
98,7.726235701926444
98,8.188263251572403
98,7.340359414623394
98,7.840177311706109
99,8.243103980592778
99,7.4137406249938955
99,7.949059345098679
99,7.394475970356041
99,8.342741415112206
99,7.902953989155187
99,7.452287830005491
99,7.600803612097425
99,7.890011065597066
99,7.835433305029713
99,7.840181033145058
99,8.27179978815755
99,7.278490541871657
99,7.843278420300411
99,8.514068486454535
99,7.674807947362632
99,7.3641167983493
99,8.102264675085536
99,8.069375589164743
99,8.105339970825565
99,7.644801489422605
99,7.487941627350424
99,7.148093658616557
99,7.227290006848603
99,7.828928968934614
99,7.211135293327919
99,7.0558134435391375
99,7.475297388376578
99,7.571848381857365
99,7.086715495270339
99,7.355169430263769
99,8.165636864628123
99,7.7152049211935445
99,8.181093505867585
99,7.700597279103605
99,7.835565837281368
99,7.728532061459807
99,7.489664829430129
99,7.7445300327780355
99,7.896181871085681
99,7.500026536347844
99,8.499948813376577
99,8.37475697854522
99,7.57598693151867
99,7.563295055169055
99,7.674177852434228
99,7.690746585782015
99,8.179506302054637
99,7.692927337690451
99,7.525800208267603
99,8.065628070393158
99,7.779930119407945
99,8.261210089965429
99,7.469107038017939
99,7.457956366811755
99,7.950750859378207
99,7.28130233545787
99,7.5731755999216945
99,7.803745386668164
99,8.242465284835093
99,7.247414580995252
99,6.995014138119811
99,7.934242566445182
99,7.949757693130773
99,7.402771129623798
99,7.949810302041771
99,7.931951145034369
99,7.107287805318042
99,8.091051821869812
99,7.921647111791185
99,8.296226900132213
99,8.267200608346137
99,7.312144846397416
99,7.911224455764333
99,7.957783752233439
99,7.795425441228901
99,7.6694925879089935
99,7.716481702253386
99,7.370202980350562
99,7.772161860371467
99,7.922824744245884
99,8.057611318528442
99,6.397845113833505
99,7.3976408210616285
99,7.923846650035496
99,7.522050120468103
99,8.069960529923996
99,8.176837062016787
99,7.845112932426908
99,7.911986475469047
99,7.383024665391445
99,7.712782675086492
99,7.241628582728692
99,7.893911040427321
99,7.848946941591837
99,7.228487499048887
99,8.307866953113297
99,8.132882975547023
99,7.684430404052949
99,7.788522560710213
100,7.266443243431952
100,8.063265323157909
100,7.69353478628077
100,7.941986175851642
100,8.124951998346086
100,7.458291653653339
100,7.583510292364897
100,7.968640524210811
100,7.151460207407473
100,7.144568270108389
100,7.809913109479519
100,7.9167995736502075
100,7.829989199833071
100,7.26117716178506
100,7.43888567696317
100,7.409416565677235
100,8.212099168194683
100,7.7395785634561625
100,7.735713576540072
100,7.792286789886909
100,7.74575723544966
100,8.006651820796845
100,7.443426896708956
100,7.76449615485285
100,7.972050464622165
100,7.620187859931885
100,8.116050228590224
100,7.763340703309539
100,8.166014189735115
100,8.411016472236767
100,7.209101291215549
100,7.687581719502998
100,7.644864522893713
100,7.516486280563035
100,7.94349471283018
100,7.737851751886288
100,8.018299114913841
100,7.876292404815614
100,8.056913812744698
100,7.573529119775815
100,8.400129491052532
100,6.825434187366103
100,7.558734637358206
100,8.085312235723428
100,7.220245344158331
100,7.974861886482895
100,7.3531199647991174
100,7.816443659042201
100,7.879150976657675
100,7.3108812496932964
100,7.868912254403131
100,7.190090822293415
100,7.78994296042457
100,8.095797269295241
100,8.498010268894223
100,7.708414014264443
100,7.893684377341416
100,7.454732308223084
100,7.595251767643398
100,8.177691329323805
100,8.400474950123154
100,6.910137307735408
100,7.524932666268045
100,8.159707080893543
100,7.586490657577298
100,7.4468221549849885
100,7.892328872557695
100,8.068585521347114
100,7.798636703696499
100,8.299256134124581
100,7.448345518730909
100,8.378192270467297
100,6.981707787923392
100,8.144953357154458
100,7.584986255824927
100,7.206654826514307
100,7.319423319073777
100,7.2095083818328245
100,7.523172274615538
100,8.103513451480378
100,7.394640899054917
100,7.277511738637422
100,8.008496883250151
100,7.5575913516864235
100,7.776259867025278
100,8.41341824174461
100,7.476850428085546
100,7.2361885436675095
100,7.993994104068388
100,7.565171694663974
100,7.615762627530091
100,7.29123357657252
100,7.391438180262046
100,7.422709654512411
100,8.256722741585456
100,7.070562865956389
100,7.7785609116936625
100,8.328274451810966
100,7.966817874418735
100,7.6363486837321455
